sample_id,iou,dice,precision,recall,cldice,crack_fraction_true,crack_fraction_pred,components_pred,components_true,skeleton_covered,iou_dilate_both_tol0,precision_tol0,recall_tol0,f1_tol0,iou_buffered_tol0,iou_dilate_both_tol1,precision_tol1,recall_tol1,f1_tol1,iou_buffered_tol1,iou_dilate_both_tol2,precision_tol2,recall_tol2,f1_tol2,iou_buffered_tol2,iou_dilate_both_tol3,precision_tol3,recall_tol3,f1_tol3,iou_buffered_tol3,iou_dilate_both_tol5,precision_tol5,recall_tol5,f1_tol5,iou_buffered_tol5,iou_dilate_both_tol8,precision_tol8,recall_tol8,f1_tol8,iou_buffered_tol8,baseline_iou,baseline_dice,baseline_precision,baseline_recall,baseline_cldice,baseline_crack_fraction_true,baseline_crack_fraction_pred,baseline_components_pred,baseline_components_true,baseline_skeleton_covered,baseline_iou_dilate_both_tol0,baseline_precision_tol0,baseline_recall_tol0,baseline_f1_tol0,baseline_iou_buffered_tol0,baseline_iou_dilate_both_tol1,baseline_precision_tol1,baseline_recall_tol1,baseline_f1_tol1,baseline_iou_buffered_tol1,baseline_iou_dilate_both_tol2,baseline_precision_tol2,baseline_recall_tol2,baseline_f1_tol2,baseline_iou_buffered_tol2,baseline_iou_dilate_both_tol3,baseline_precision_tol3,baseline_recall_tol3,baseline_f1_tol3,baseline_iou_buffered_tol3,baseline_iou_dilate_both_tol5,baseline_precision_tol5,baseline_recall_tol5,baseline_f1_tol5,baseline_iou_buffered_tol5,baseline_iou_dilate_both_tol8,baseline_precision_tol8,baseline_recall_tol8,baseline_f1_tol8,baseline_iou_buffered_tol8,fraction_reinforce,fraction_suppress,fraction_abstain,residual_abs_mean,residual_abs_max,residual_abs_p50,residual_abs_p90,residual_abs_p99,residual_nonzero_fraction,active_probability_mean,evidence_source_id,improves_baseline,recovered_false_negatives,removed_false_positives,introduced_false_positives,lost_true_positives
LAB00202,0.6733057077930757,0.804761143952708,0.7862940992819232,0.8241164921465969,0.8836225160526288,0.03979166666666667,0.041705729166666664,33.0,7.0,0.9236111111111112,0.6733057077930757,0.7862940992819232,0.8241164921465969,0.804761143952708,0.6733057077930757,0.7079858973641502,0.8732438339057134,0.8932428010471204,0.8831301100853137,0.790718881456078,0.732125650414338,0.9134405245082735,0.9298920157068062,0.9215928564513627,0.8545871213526488,0.7522677380607216,0.931158289103965,0.9513252617801047,0.9411337514471562,0.8888126831253778,0.7828863346104725,0.9441148922884796,0.9667048429319371,0.9552763369948741,0.9143818320789651,0.8151143622501545,0.9582422728691852,0.975130890052356,0.9666128177932517,0.9353830146500336,0.6124109135411417,0.7596213947673899,0.8361509730686062,0.6959260471204188,0.8930174647302778,0.03979166666666667,0.033118489583333334,7.0,7.0,0.845679012345679,0.6124109135411417,0.8361509730686062,0.6959260471204188,0.7596213947673899,0.6124109135411417,0.6549282991468506,0.9249066247297032,0.7702879581151832,0.8405459085583206,0.7249497110430441,0.6874771241830065,0.9609789659917437,0.8186354712041884,0.884114505028992,0.792298590682875,0.7167110669616652,0.975230980931787,0.8538121727748691,0.9104914568027513,0.8356900572168461,0.7602862254025045,0.9815215254570474,0.8952061518324608,0.9363789092876317,0.8803688808582056,0.799116874406126,0.9880086494987222,0.9253108638743456,0.9556324812380987,0.9150346636316323,0.0009375,0.0,0.9990625,0.38336265959028726,9.123422622680664,0.14741957932710648,1.0217491507530219,3.1883942055702232,1.0,0.06932312995195389,LAB00365,1.0,0.4430992736077482,0.10497900419916016,0.004248079670245372,0.00940402021864347
LAB00234,0.7369354838709677,0.8485467545733123,0.951082431307244,0.7659681475272423,0.9428423039631827,0.019417317708333333,0.015638020833333332,1.0,1.0,0.899236641221374,0.7369354838709677,0.951082431307244,0.7659681475272423,0.8485467545733123,0.7369354838709677,0.7669468546637744,0.9937552039966694,0.8543168482816429,0.9187756643960789,0.849754888177664,0.7879356882994953,0.9987510407993339,0.8990779547359598,0.9462971059718716,0.898068242324302,0.8061234869291019,1.0,0.9275775356244761,0.9624282483910245,0.927577535624476,0.8337941128638803,1.0,0.9607711651299246,0.9799931600547195,0.9607711651299246,0.857562783564445,1.0,0.9837384744341995,0.9918025859883377,0.9837384744341995,0.7440570522979398,0.8532485233984552,0.9315476190476191,0.7870913663034367,0.9359350240750807,0.019417317708333333,0.01640625,2.0,1.0,0.8854961832061069,0.7440570522979397,0.9315476190476191,0.7870913663034367,0.8532485233984552,0.7440570522979398,0.7709974629456536,0.9924603174603175,0.8625314333612741,0.9229455816114445,0.8569163877460506,0.7913577386468953,0.9996031746031746,0.901089689857502,0.9477934404087244,0.900767469817799,0.8096966031650036,1.0,0.9274098910310142,0.962338001217709,0.9274098910310142,0.8362284883251192,1.0,0.9609388097233864,0.9800803624861075,0.9609388097233863,0.8598255776943153,1.0,0.9844090528080469,0.9921432795471825,0.9844090528080468,0.0,0.0,1.0,0.21860626306891692,5.187505722045898,0.11359216645359993,0.4367014586925508,1.9878606104850776,1.0,0.05503857135772705,LAB02454,0.0,0.05275590551181102,0.37971014492753624,6.979294758881983e-05,0.04110756123535676
LAB00259,0.7705277132426153,0.870393281595621,0.946278633732779,0.805775371373039,0.8372558720350975,0.14068359375,0.119794921875,16.0,5.0,0.7445811364967779,0.7705277132426154,0.946278633732779,0.805775371373039,0.870393281595621,0.7705277132426153,0.7697386290036144,0.9705171055134372,0.8242861770558564,0.8914445860894514,0.8041497744752197,0.7674797070672991,0.9823102633080623,0.8381924198250729,0.9045468861426289,0.8257285270361664,0.7643827912644109,0.9881253226814489,0.8493220417418668,0.913480987598297,0.8407409140306592,0.7568609546999442,0.9925273769734518,0.8610764033504559,0.922140872891204,0.8555300499840975,0.7482409883330097,0.9950816553897992,0.8665139525197835,0.9263581570865238,0.8628186049201682,0.7394170403587444,0.8501894867101498,0.959778812572759,0.763061687259938,0.8035674621224481,0.14068359375,0.11184895833333333,1.0,5.0,0.6842413591095489,0.7394170403587444,0.959778812572759,0.763061687259938,0.8501894867101498,0.7394170403587444,0.7336169672339344,0.9789289871944121,0.7815956314498589,0.869202977098939,0.7686640126350863,0.7270900321543409,0.9867287543655413,0.7965662455458374,0.8815084652580087,0.7881226078848699,0.7193661637726539,0.9906868451688009,0.8089916238604286,0.8906672757413051,0.8028856052511101,0.7054243668720055,0.9940337601862631,0.8254893794252395,0.9019553463871851,0.82141955103515,0.689897466827503,0.9961583236321304,0.8381230043037623,0.9103327763841689,0.8354227388462886,3.2552083333333335e-06,0.0,0.9999967447916667,0.46325487327798326,6.321749210357666,0.1669856458902359,1.467624902725222,2.6557585644721993,1.0,0.07294275611639023,LAB00295,1.0,0.18154296875,0.01447178002894356,0.002341964965727342,0.00039420219540299594
LAB00264,0.8579107137883978,0.9235220050365751,0.911309647072745,0.936066121729618,0.9508116562774619,0.10712565104166667,0.11003580729166666,7.0,1.0,0.9809456598447425,0.8579107137883978,0.911309647072745,0.936066121729618,0.9235220050365751,0.8579107137883978,0.866007312518084,0.9423128124722657,0.9597070710140083,0.9509304051849643,0.9064512115162631,0.873113289923409,0.9616010413276929,0.9755082196359658,0.9685047082568946,0.938932747448838,0.8796463922131051,0.9743218057568854,0.9868121182655201,0.9805271870869479,0.9617982693282221,0.8908111775431455,0.984971748069698,0.9962928074386945,0.9905999331627383,0.9813749431051361,0.9036024704800165,0.9912137975919297,0.9996657449329971,0.9954218305954541,0.9908853894221898,0.8585691935713272,0.9239033946554839,0.9307410034228623,0.917165517031815,0.986046511627907,0.10712565104166667,0.10556315104166666,1.0,1.0,0.9724770642201835,0.858569193571327,0.9307410034228623,0.917165517031815,0.9239033946554839,0.8585691935713272,0.8674163953832494,0.9586481235930803,0.9436628277978668,0.9510964529868291,0.9067530143216175,0.8754279290787389,0.9762558204076598,0.9636877449937707,0.9699310710732159,0.9416176372621732,0.8829784668804707,0.9876345246538591,0.9790027044273603,0.983299671463737,0.9671479824142353,0.8946921720963635,0.9960837521971075,0.9931629645385761,0.9946212140886846,0.989299981287272,0.9054771337359129,0.9995682876437756,0.9993011030417212,0.9994346774857508,0.9988699937894536,0.0,0.0,1.0,0.415349211962069,4.336563587188721,0.15907293558120728,1.2948773860931397,2.4769200897216805,1.0,0.06968560814857483,LAB02367,0.0,0.23771093176815847,0.035173642030276044,0.0030546416953077618,0.0008614120531424974
LAB00268,0.9111028664526641,0.9534838573538722,0.9364503025781314,0.9711485557083906,0.9194588642441404,0.18932291666666667,0.196337890625,14.0,1.0,0.968677494199536,0.911102866452664,0.9364503025781314,0.9711485557083906,0.9534838573538722,0.9111028664526641,0.9146877058694356,0.9520848876730498,0.982152682255846,0.9668850824748653,0.9358930609491869,0.9181770944768775,0.9634916687391196,0.9892365887207702,0.9761944172244322,0.9534958918449535,0.9214245420266619,0.9731575893227223,0.9940165061898212,0.9834764590661651,0.9674900968478203,0.9253397484595256,0.9838017077012352,0.9985900962861073,0.9911407422526711,0.9824370789497225,0.930679532517386,0.991179640222167,0.9998452544704264,0.9954935895031578,0.9910276122685703,0.9073817076394395,0.9514421827631009,0.9586664339326235,0.9443259972489684,0.9668891814767947,0.18932291666666667,0.18649088541666667,1.0,1.0,0.9396751740139211,0.9073817076394396,0.9586664339326235,0.9443259972489684,0.9514421827631009,0.9073817076394395,0.9120928659979713,0.9716529935416303,0.9583734525447043,0.9649675381227749,0.9323065446397939,0.9164008861097582,0.9810089020771513,0.9691368638239339,0.9750367458333203,0.9512894651292149,0.920550960818186,0.9882352941176471,0.9782152682255846,0.983199752709116,0.9669546750492127,0.9260539849492984,0.9946762087624367,0.9897352132049518,0.9921995596793758,0.9845198711797694,0.9312984364377974,0.9985337755280154,0.996595598349381,0.9975637455133387,0.9951393328488325,0.0,0.0,1.0,0.47831326369218,3.6504857540130615,0.18047934025526047,1.4895591139793396,1.9721639919281009,1.0,0.07229866832494736,LAB00259,1.0,0.4823965410747375,0.001266891891891892,0.0059512226762664594,3.641527985142566e-05
LAB00271,0.9033282325937259,0.9492090929190199,0.9613239425151651,0.9373957919809448,0.9901400836669461,0.08199869791666667,0.07995768229166667,8.0,1.0,0.992090395480226,0.9033282325937261,0.9613239425151651,0.9373957919809448,0.9492090929190199,0.9033282325937259,0.9113228821881934,0.9795220453527663,0.9664549424374752,0.9729446215421407,0.9473146647681581,0.9169353440804299,0.9891707039042462,0.9824136562127829,0.9857806011237177,0.9719599153949591,0.9221489782465392,0.9951553149045312,0.9913854704247718,0.9932668156609709,0.9866236964395889,0.9301514787208464,0.9986565158978952,0.9988090512107979,0.9987327777302107,0.9974687631001912,0.9373980914704232,0.9999592883605423,1.0,0.9999796437659033,0.9999592883605424,0.8463495489939094,0.9167814940081005,0.9668839175620927,0.8716157205240175,0.9594356261022927,0.08199869791666667,0.07391927083333333,2.0,1.0,0.9220338983050848,0.8463495489939095,0.9668839175620927,0.8716157205240175,0.9167814940081005,0.8463495489939094,0.8528538436159683,0.9832658094063766,0.9010321556173084,0.9403545811111556,0.8874238158809967,0.8590604026845637,0.9921613528271974,0.9215958713775307,0.9555776406130748,0.914934108815899,0.8644298872742993,0.9965650871939404,0.9364430329495832,0.9655690765688749,0.9334302123975172,0.8749241044323012,0.9995155892196582,0.9560539896784438,0.9773018328068881,0.9556112097953415,0.887073249783924,1.0,0.9712187375942835,0.9853992548585239,0.9712187375942835,0.00019856770833333334,0.0,0.9998014322916666,0.46981205022486394,6.934427261352539,0.23100746423006058,1.2105587244033822,3.1246945834159856,1.0,0.0741802304983139,LAB01374,1.0,0.518243661100804,0.0625,0.0008710863335442903,0.0008653670978320277
LAB00272,0.9226859474550791,0.959788517387743,0.9600387322632304,0.9595384329052671,0.9390940552499968,0.087451171875,0.08740559895833333,12.0,1.0,0.9928131416837782,0.9226859474550791,0.9600387322632304,0.9595384329052671,0.959788517387743,0.9226859474550791,0.9220519427680206,0.9795910766824327,0.9804206216266518,0.9800056736084435,0.9607952203767827,0.9220720575428184,0.9880078954228892,0.9900614182021217,0.9890335908852966,0.9783050969531094,0.9227260202675811,0.991545938698745,0.9946398659966499,0.9930904926068509,0.9862758125880894,0.9255891786361735,0.9932590964954751,0.9979527265959427,0.9956003796973981,0.9912393031345901,0.9297735351878091,0.9944136158802279,0.9996277684719895,0.9970138750188864,0.9940455308269198,0.906570507012648,0.9509960462287104,0.9717204676999572,0.9311371673180718,0.9859448204060385,0.087451171875,0.083798828125,1.0,1.0,0.9722792607802875,0.9065705070126482,0.9717204676999572,0.9311371673180718,0.9509960462287104,0.906570507012648,0.908771203971866,0.9879578914656412,0.9555555555555556,0.971486616973893,0.9445541817993374,0.9113224309828568,0.9956493027230704,0.9707426018983808,0.9830382157617414,0.9666422386737697,0.9137612379788866,0.9989511711921687,0.9810161920714685,0.9899024521423765,0.9800067867127487,0.9181318366645668,0.9999223089771977,0.9921459147589801,0.9960189335960005,0.9920694392808447,0.9231378763866878,1.0,0.9980643960543458,0.9990312604791535,0.9980643960543457,5.208333333333334e-05,0.0,0.9999479166666667,0.4675578732817667,6.825971603393555,0.22142253816127777,1.1901624798774728,3.0565363097190867,1.0,0.0738515630364418,LAB00315,1.0,0.4275675675675676,0.08791208791208792,0.001462767384221425,0.0011193284029582251
LAB00284,0.7116296821329261,0.8315229509763322,0.9233163554046406,0.7563307643275192,0.9016243856812564,0.05617513020833333,0.046015625,24.0,1.0,0.8573466476462197,0.7116296821329262,0.9233163554046406,0.7563307643275192,0.8315229509763322,0.7116296821329261,0.738645704891081,0.9451046972269384,0.8092368314307238,0.8719095091357949,0.7729074185066876,0.7591421902353628,0.9604555744199208,0.8517123486121574,0.9028212701813164,0.8228570657129981,0.7774212769858367,0.9729767968307866,0.8906530683201019,0.929996654063538,0.8691530335819738,0.8038585209003215,0.9887521222410866,0.9486585153850612,0.9682904616631474,0.9385301053085747,0.8267348270611268,0.9973118279569892,0.9837167526221243,0.9904676412721796,0.9811152982954745,0.6094207300237451,0.7573168639560817,0.9283310901749664,0.6395086052036855,0.8437440497415641,0.05617513020833333,0.038697916666666665,1.0,1.0,0.746077032810271,0.6094207300237451,0.9283310901749664,0.6395086052036855,0.7573168639560817,0.6094207300237451,0.6275010421008753,0.9496971736204576,0.6797241699020687,0.7923452403071853,0.6561024447986529,0.6437598736176935,0.9658479138627187,0.714782407139132,0.8215621105652334,0.6971619954949791,0.6587434750186428,0.9782133243606999,0.7481601668887987,0.8478585285468544,0.7358979340249661,0.6861384473042308,0.9927658142664872,0.8051805064611463,0.889187482310263,0.8004838513699785,0.7167968027236058,0.9984017496635262,0.8724575534565684,0.9311904389875778,0.8712407457372615,6.510416666666667e-06,0.0,0.9999934895833333,0.35418124657843386,6.287432670593262,0.19000354409217834,0.7946613788604745,2.7082079625129705,1.0,0.06642854958772659,LAB00360,1.0,0.3266355891335798,0.03873239436619718,0.0009166663784067993,0.0014498006524102935
LAB00295,0.7735874082589088,0.8723420167019819,0.8031857513369598,0.9545293363519817,0.7488409126058988,0.11933919270833333,0.141826171875,65.0,1.0,0.9458987783595113,0.7735874082589088,0.8031857513369598,0.9545293363519817,0.8723420167019819,0.7735874082589088,0.7704983083413391,0.8276526888383943,0.9728867188565505,0.8944123137272756,0.8089926514491259,0.7736548793200224,0.8479882485253276,0.9822972641226372,0.9102148607726974,0.8352241446585269,0.779522552551974,0.8677500057380247,0.9885709609666948,0.9242285924013348,0.8591310253024814,0.7932061978545888,0.8980008721797609,0.9950355964103543,0.944031293905177,0.8939955213222064,0.8107127328673199,0.9308682779040143,0.9980087831755817,0.963270014531422,0.9291426196147362,0.6664494774427272,0.7998436033781671,0.9373877341544778,0.697498704345217,0.8482412060301506,0.11933919270833333,0.088798828125,2.0,1.0,0.7364746945898778,0.6664494774427272,0.9373877341544778,0.697498704345217,0.7998436033781671,0.6664494774427272,0.6728286532375546,0.9535906741449467,0.7151468863369793,0.8173333154409165,0.6910935482600755,0.6787471818864997,0.9660178159023425,0.7289762963367066,0.8309221660971156,0.7107500818171705,0.6848746355685131,0.9764287547197478,0.7416055208532227,0.8429691601798852,0.7285623953730938,0.6955322430008036,0.9910187323582242,0.7603993344425957,0.8605255350389602,0.7551951022161631,0.7073103010590616,0.9997067341178195,0.778593055290363,0.8754032645645009,0.7784152638727888,0.0016015625,0.0,0.9983984375,0.6726827785764665,7.428336143493652,0.20406413078308105,2.1189866542816165,5.079935150146486,1.0,0.08972248435020447,LAB00384,1.0,0.8524797114517584,0.002927400468384075,0.025562528131056313,0.001212310820851746
LAB00298,0.5256007538872309,0.6890410253770525,0.9410854893138357,0.543483556638246,0.7952522255192879,0.040087890625,0.023151041666666667,5.0,2.0,0.6600985221674877,0.525600753887231,0.9410854893138357,0.543483556638246,0.6890410253770525,0.5256007538872309,0.5516209476309227,0.9815804274465691,0.5908241981323589,0.7376491515153288,0.5843455901351076,0.5738892151105891,0.9955005624296963,0.6293138449045879,0.771143194840494,0.6275289290035704,0.5947393477743395,0.999578177727784,0.6660170523751523,0.7993972359150444,0.665829914629847,0.6289952592139471,1.0,0.730004060089322,0.8439333489791129,0.7300040600893221,0.6654547010009411,1.0,0.7995939910678035,0.8886382095478746,0.7995939910678034,0.517094678217822,0.6816907153418652,0.9160043847629488,0.5428339423467317,0.7880597014925372,0.040087890625,0.023756510416666668,1.0,2.0,0.6502463054187192,0.5170946782178217,0.9160043847629488,0.5428339423467317,0.6816907153418652,0.517094678217822,0.5405823603882403,0.9639627295149356,0.5833536337799432,0.7268470423120631,0.5709031565476839,0.5602942125298407,0.989997259523157,0.6160779537149818,0.7595104896747221,0.6122667570768618,0.5773584905660377,0.9983557138942176,0.646285018270402,0.7846362165009317,0.6455978260615443,0.6074756888168558,1.0,0.7019894437677628,0.8249045801526718,0.701989443767763,0.6427567406397751,1.0,0.76743808363784,0.8684186345676743,0.7674380836378399,0.0,0.0,1.0,0.28477820678681987,5.370473861694336,0.10855886712670326,0.7952316045761131,2.2867446923255947,1.0,0.06029621884226799,LAB02075,1.0,0.0330373001776199,0.33442088091353994,3.7380382775119616e-05,0.02662677636499626
LAB00303,0.7242578229473122,0.8400806576702343,0.7477122120542758,0.958487131516408,0.8443490500505746,0.06437825520833333,0.08252604166666666,14.0,1.0,0.979002624671916,0.7242578229473121,0.7477122120542758,0.958487131516408,0.8400806576702343,0.7242578229473122,0.737662814162539,0.779622909435153,0.9705718764221065,0.8646809786277708,0.7616193883395475,0.748480994771796,0.8056563584727043,0.9778530616372554,0.8834419688251319,0.7912190357858553,0.759881925830421,0.8306642473966551,0.9832128229761845,0.9005238039206013,0.819048022259838,0.7771484313540389,0.8651388450615336,0.9908985184810639,0.923758127601096,0.8583183309362167,0.7983723062815222,0.8982328810350269,0.9979268847651313,0.9454590872901838,0.8965598924565868,0.7518450184501845,0.8583464981569248,0.8149629562292623,0.906608686858472,0.9500104799832321,0.06437825520833333,0.07161783854166667,1.0,1.0,0.9711286089238845,0.7518450184501845,0.8149629562292623,0.906608686858472,0.8583464981569248,0.7518450184501845,0.7652855993563958,0.8427798736421072,0.9263791272690499,0.8826043147307843,0.7898762509702525,0.7765747650902904,0.8645516112903959,0.941801082065025,0.9015245428088117,0.8207052209559766,0.7880676758682101,0.885141584473433,0.9543409010466704,0.9184396415075534,0.849180199973063,0.804862971357923,0.9123221671742193,0.9712797694291349,0.9408782683415366,0.8883570605885208,0.8242751934371213,0.940184537066497,0.9867522880113263,0.9629057175403425,0.9284649754857741,0.0,0.0,1.0,0.436338204504306,5.38687801361084,0.181454136967659,1.3064288139343265,2.768633499145509,1.0,0.07143016159534454,LAB00264,0.0,0.5554953979426096,0.0004912797838368951,0.00821240012422711,0.0
LAB00307,0.6527390006739193,0.7898875749985438,0.8663429593662152,0.7258323519965743,0.8613602790960807,0.030406901041666667,0.025475260416666666,36.0,2.0,0.8582474226804123,0.6527390006739193,0.8663429593662152,0.7258323519965743,0.7898875749985438,0.6527390006739193,0.6909271358861964,0.9192435471505239,0.8140456053955679,0.8634522044367533,0.7597148204478691,0.7189200957979535,0.9393048811653463,0.8748527994861364,0.9059339368597726,0.8280431752535388,0.7398167006109979,0.9458216202402249,0.9232416229525747,0.9343952280636055,0.8768684719435352,0.762952302631579,0.9525939177101967,0.9721657210148806,0.9622803120066875,0.9273027419066263,0.7947429615480441,0.9594939943777153,0.9944331442029761,0.9766511870713754,0.9543678311175154,0.5613566696331452,0.7190626979100695,0.8802915180648162,0.607750776148164,0.8579320370706887,0.030406901041666667,0.020992838541666666,1.0,2.0,0.7628865979381443,0.5613566696331455,0.8802915180648162,0.607750776148164,0.7190626979100695,0.5613566696331452,0.6033689328818269,0.9440223290432626,0.6769082539342682,0.7884563511088916,0.6507865827455275,0.6374409418325458,0.9773608311366103,0.7317203725511188,0.8368880658602333,0.7195249582570853,0.6661596958174905,0.9908512947743836,0.7761481640081361,0.8704557428377524,0.7706256194198154,0.709209323583181,0.9967436811908823,0.8427363237340756,0.9132929994813848,0.8404224865078893,0.7554726024240749,1.0,0.9141419548228241,0.955145413870246,0.9141419548228239,0.00212890625,0.0,0.99787109375,0.3501589387297281,11.232877731323242,0.18183723837137222,0.6443310260772711,3.566396331787112,1.0,0.06605055183172226,LAB01373,1.0,0.3351528384279476,0.3018134715025907,0.0017065708024921993,0.02201867183371499
LAB00310,0.7309527674078883,0.8445669704812272,0.8520452567449956,0.8372188139059304,0.7872674303723646,0.087548828125,0.086025390625,56.0,1.0,0.8233164373642288,0.7309527674078883,0.8520452567449956,0.8372188139059304,0.8445669704812272,0.7309527674078883,0.7533245080931464,0.8815226851326295,0.8938092582264361,0.8876234557210514,0.7979523303382993,0.7708999349308286,0.9049078593862337,0.9292805354155047,0.9169322654699641,0.8466065752275769,0.7882697947214077,0.9248874257388278,0.9543781372002231,0.9394013873335261,0.8857275279398648,0.8153090741145871,0.948802361221478,0.978992377765384,0.9636609757839534,0.9298703930530151,0.8402425144458063,0.9729443372308624,0.9923777653839003,0.9825649708406535,0.9657274839971804,0.5041554236373448,0.6703501722158438,0.9396499698249849,0.5210262130507529,0.7173489278752437,0.087548828125,0.048544921875,2.0,1.0,0.5662563359884142,0.5041554236373449,0.9396499698249849,0.5210262130507529,0.6703501722158438,0.5041554236373448,0.52205458552297,0.9575538121102394,0.5598810187767242,0.7066085382321806,0.5463222536403493,0.5386219285301854,0.9715684302286596,0.5968767428890128,0.7394668427917895,0.5866302195727541,0.5534212596043318,0.9831019915509958,0.6346160996467745,0.7713239467713867,0.627768356634416,0.5814239623776454,0.9951719975859988,0.7052983825989961,0.8255282873305417,0.7028932910220523,0.6175550869027707,0.9995306108764166,0.7914482245770589,0.8834015363316815,0.7911541750017065,0.008079427083333333,0.0,0.9919205729166667,0.6255107344413773,9.563407897949219,0.21458042412996292,1.7578801989555424,5.563041548728943,1.0,0.08750791102647781,LAB00268,1.0,0.6690731252911039,0.013333333333333334,0.010815840804566847,0.008206665239420537
LAB00315,0.7595152756443079,0.8633233097293627,0.8453968615828868,0.8820264806152383,0.7944365846012406,0.08211588541666667,0.085673828125,65.0,1.0,0.8980848153214774,0.7595152756443079,0.8453968615828868,0.8820264806152383,0.8633233097293627,0.7595152756443079,0.764304660856385,0.8790607545879403,0.9156425909775628,0.8969788449399374,0.8132018509573322,0.7760396568612901,0.9045936395759717,0.9403393324347895,0.9221201984769604,0.8554944597477459,0.789769392033543,0.9251871271704852,0.9595655276302227,0.9420627917183217,0.8904713666782152,0.8140301079628972,0.9502640677837304,0.9822405454689606,0.9659877548322275,0.9342130708282785,0.8386314716211624,0.9699836619932368,0.9934591294695949,0.9815810561259968,0.963828355737495,0.5247287749507742,0.688291299503697,0.952684704892752,0.5387695235074923,0.7849092334928127,0.08211588541666667,0.046438802083333335,2.0,1.0,0.6504787961696307,0.5247287749507741,0.952684704892752,0.5387695235074923,0.688291299503697,0.5247287749507742,0.5361212603552437,0.9723818870040656,0.5720288591136129,0.7203142076600068,0.5628836484484702,0.5468074238038482,0.985630169634095,0.6015618805993815,0.7471276564589083,0.5963318292646183,0.5561097256857855,0.9939716809196691,0.6307777689685246,0.7717808297784596,0.6283738672139838,0.5751570252674448,0.9992990326650778,0.6834615079679696,0.8117404791525148,0.6831339996952592,0.6010952404986625,1.0,0.7456195988266074,0.8542750085159532,0.7456195988266074,0.013453776041666667,0.0,0.9865462239583334,0.6255204375667017,10.078897476196289,0.20500458031892776,1.7070194721221958,6.292479414939882,1.0,0.08737052232027054,LAB00551,1.0,0.7478298238074774,0.06074074074074074,0.012211205869910664,0.0030902803325730263
LAB00316,0.7496084422420212,0.8568870887264829,0.8426658200080818,0.8715966085502747,0.7695145344547735,0.10903645833333334,0.11277994791666666,86.0,3.0,0.8543577981651376,0.7496084422420212,0.8426658200080818,0.8715966085502747,0.8568870887264829,0.7496084422420212,0.7597371678887725,0.87473301391214,0.9122283257702413,0.8930872930008205,0.8068272117156954,0.7718154123885818,0.9005079951509554,0.935723668497731,0.9177781446812071,0.8480499078544804,0.7846384895945077,0.9225596028401547,0.9528898973011702,0.9374794950632569,0.8823166147923606,0.8051268895291471,0.9536165791144721,0.9687723907332219,0.9611347419089249,0.9251774803548819,0.8296722953634803,0.9799111008485828,0.9808036780511106,0.9803571862856559,0.9614711868702542,0.46000704721634955,0.6301435984071437,0.9654874892148404,0.46769763553857174,0.7148120854826824,0.10903645833333334,0.052819010416666666,3.0,3.0,0.5561926605504587,0.46000704721634955,0.9654874892148404,0.46769763553857174,0.6301435984071437,0.46000704721634955,0.4711807188909488,0.9785529397263651,0.5003283974205875,0.662119146177104,0.49490142884184884,0.48171434559362886,0.9882903981264637,0.5314664437544782,0.6912200278551096,0.5281407437205091,0.49069842132569114,0.994823123382226,0.5638882254597564,0.7197856692415795,0.5622384095756577,0.5069186033556897,0.9997534820658203,0.6245820396465249,0.7688412407728726,0.6244858634279795,0.5281472286260369,1.0,0.7036959636971579,0.8260816233550039,0.703695963697158,0.014671223958333333,0.0,0.9853287760416667,0.7161160435939503,9.852776527404785,0.1947958543896675,2.3906832695007387,6.1231931734085085,1.0,0.09441658854484558,LAB02453,1.0,0.7615255187885586,0.010714285714285714,0.017928272266643237,0.003127792672028597
LAB00320,0.591612449446105,0.743412694028614,0.9003211131924003,0.633079311318092,0.7871731260121934,0.034599609375,0.024329427083333334,6.0,3.0,0.6649537512846866,0.5916124494461051,0.9003211131924003,0.633079311318092,0.743412694028614,0.591612449446105,0.6122153682126266,0.9611988225849611,0.6835073854548875,0.7989104569749947,0.6651547851818758,0.6280069883080232,0.9860850949959861,0.7159657540690564,0.8295911476474095,0.7088045737007906,0.6393248445365709,0.9954508964409955,0.742873271239063,0.8508123830365858,0.7403598598501715,0.6543823259852395,0.997993042547498,0.7779659422335121,0.8743496942680696,0.7767507278377562,0.6693037974683544,0.9985282312014985,0.8055320349985887,0.8917068826946548,0.8045767575122288,0.5455020920502092,0.7059221658206429,0.8812843261512463,0.5887665819926616,0.7727027651544326,0.034599609375,0.023115234375,1.0,3.0,0.6330935251798561,0.5455020920502092,0.8812843261512463,0.5887665819926616,0.7059221658206429,0.5455020920502092,0.5663454973067293,0.9476130122517955,0.6339260513688965,0.7596607493302348,0.6124620735174098,0.582834867934673,0.9839459231094212,0.6663844199830652,0.7946121041891647,0.6592169267260216,0.5962225929456625,0.9973243205182368,0.6957380750776179,0.8196703261385108,0.6944418532298108,0.6167278063096111,1.0,0.7413679555931885,0.8514776595169917,0.7413679555931885,0.6388517499016909,1.0,0.786339260513689,0.8803918470532469,0.786339260513689,0.0007552083333333333,0.0,0.9992447916666667,0.3556867275048838,9.575935363769531,0.165812648832798,0.7881504416465768,3.2867694783210797,1.0,0.06641051918268204,LAB00385,1.0,0.13841226264012813,0.32147093712930014,0.0005849970242925932,0.02141259188239054
LAB00322,0.5318644327136409,0.6944014383459023,0.7468041680094533,0.648870636550308,0.7227477270640096,0.03487630208333333,0.030302734375,62.0,2.0,0.7314126394052045,0.5318644327136409,0.7468041680094533,0.648870636550308,0.6944014383459023,0.5318644327136409,0.5606651078202131,0.8186701042002363,0.7172857942878477,0.7646318966957465,0.6189506549914772,0.5825948648034538,0.8620689655172413,0.7633936904984133,0.8097362392360224,0.680299834312597,0.606962183821688,0.8891395423783436,0.8031547507933545,0.8439627202677596,0.7300480140772251,0.6502514233470473,0.9198624986572135,0.8539294381183499,0.8856705798904352,0.7948013970620581,0.6950226871254892,0.9401654313030401,0.9056374836662311,0.922578514239086,0.8562837537878946,0.4380461013564118,0.6092240032405533,0.8015836759555353,0.49131976852716075,0.6694916079760757,0.03487630208333333,0.021376953125,3.0,2.0,0.5278810408921933,0.43804610135641175,0.8015836759555353,0.49131976852716075,0.6092240032405533,0.4380461013564118,0.45463042853034225,0.8763514542409014,0.5315475079335449,0.6617270757217466,0.49446347132713897,0.4709243270695785,0.9209684787574235,0.5648683964905731,0.7002464355008539,0.5387532334028955,0.48505488319729806,0.946246383432313,0.5939891730446145,0.7298365557500183,0.574600504410658,0.5144004107734678,0.9677173747525506,0.6371103229419451,0.7683600302149041,0.6238511651655575,0.5514618310346152,0.9835541343079032,0.6788314355049468,0.803264269148131,0.6712127401563799,0.0054329427083333335,0.0,0.9945670572916666,0.40146935296511704,10.90725040435791,0.15601660311222076,0.7899167776107803,4.762799210548401,1.0,0.07022786885499954,LAB00424,1.0,0.33064220183486237,0.13891020721412126,0.004183845275642567,0.021656534954407294
LAB00327,0.6925458715596329,0.8183481265668405,0.8065981033791906,0.8304455445544554,0.9258724444125008,0.023671875,0.024371744791666667,1.0,2.0,0.8708333333333333,0.692545871559633,0.8065981033791906,0.8304455445544554,0.8183481265668405,0.6925458715596329,0.7251525290297186,0.9143849338854013,0.8628987898789879,0.8878961106582329,0.798393135000869,0.7500431257547007,0.9738212902364097,0.8811881188118812,0.9251918040056062,0.8607971240390802,0.7736710015970796,0.9947909710164284,0.8948019801980198,0.9421509856675897,0.8906289772006493,0.8048630347799323,0.9998664351542674,0.9104785478547854,0.9530811953075224,0.910367825122294,0.8326840670042852,1.0,0.9275302530253026,0.9624027966041236,0.9275302530253026,0.6680690876882197,0.8010088941988583,0.7741852707210675,0.8297579757975797,0.9310080591887965,0.023671875,0.02537109375,1.0,2.0,0.8777777777777778,0.6680690876882197,0.7741852707210675,0.8297579757975797,0.8010088941988583,0.6680690876882197,0.7015866947046454,0.8869643315370798,0.8564356435643564,0.871432693526786,0.7721583715286094,0.7273033235170383,0.9585578650243777,0.8729372937293729,0.9137462412368741,0.8411904068137088,0.75290784372204,0.991660251475494,0.886963696369637,0.9363945809382997,0.8803965870767898,0.7900881726968684,0.9997433923530922,0.9051155115511551,0.9500790322421093,0.9049052847006246,0.820943824566488,1.0,0.9234048404840484,0.9601773074998213,0.9234048404840486,3.255208333333333e-05,0.0,0.9999674479166667,0.3166446394933276,7.584793567657471,0.15494590252637863,0.6868855953216554,2.9151961779594426,1.0,0.06308098882436752,LAB00382,1.0,0.07673667205169628,0.21306818181818182,0.00021129027930562636,0.014915478952601922
LAB00332,0.6436100131752306,0.7831663326653306,0.8179839249832552,0.7511917576503152,0.8829222669687836,0.04233723958333333,0.03888020833333333,21.0,2.0,0.8748577929465301,0.6436100131752306,0.8179839249832552,0.7511917576503152,0.7831663326653306,0.6436100131752306,0.6741253773752441,0.8782652377762894,0.8029371059510995,0.8389135917025543,0.7225246852494741,0.6959918112272384,0.9183690555927663,0.8367676457019837,0.8756714072095073,0.77883940053162,0.7164485251025591,0.9427327528466175,0.8664462555743503,0.9029811421747252,0.8231227163813675,0.7497409970577266,0.9602310783657066,0.9122712594187298,0.9356369789424881,0.8790581412842337,0.7827991858419291,0.9701942397856664,0.9562509610948793,0.9631721409149876,0.9289605140095049,0.5224575128135959,0.6863344407530454,0.8095934789424182,0.5956481623865908,0.8094491597914928,0.04233723958333333,0.031149088541666668,2.0,2.0,0.7064846416382252,0.5224575128135959,0.8095934789424182,0.5956481623865908,0.6863344407530454,0.5224575128135959,0.5461295034079844,0.8796112446441634,0.6294018145471321,0.7337629188865954,0.5794830445507063,0.5667573419197246,0.9292507054028634,0.6569275718898969,0.7697122301021229,0.625635927573282,0.5903602283635628,0.9607064479046923,0.6849915423650623,0.799752804464964,0.666323410244218,0.6245115300382188,0.9816072734873027,0.7311240965708135,0.838049379560779,0.7212435406626778,0.6590026022172316,0.988191033545825,0.7770259880055359,0.8699781441086846,0.7698772723492867,0.0036002604166666665,0.0,0.9963997395833334,0.4100143003990767,9.678396224975586,0.18837891519069672,0.8536085307598119,3.8299121904373226,1.0,0.07095518708229065,LAB02123,1.0,0.3945617037459593,0.13776070252469813,0.0020624409998221444,0.006712275719633407
LAB00339,0.47795000127678045,0.6467742492829746,0.6731765213638325,0.6223648334109197,0.7729795645576488,0.09789713541666667,0.0905078125,73.0,17.0,0.6818286769799122,0.47795000127678045,0.6731765213638325,0.6223648334109197,0.6467742492829746,0.47795000127678045,0.5319198508853681,0.8249172780894836,0.6711445102081532,0.7401281242475859,0.5874630099235848,0.5651312080597938,0.9170622931952237,0.7009044357252111,0.794544186413212,0.6591234431472656,0.5920629414732593,0.9538915263990793,0.724845381392565,0.8237429749125315,0.7003086547783011,0.6263510101010101,0.9684218098115379,0.7533085056859746,0.8474270097428517,0.7352480206514156,0.6588148730509107,0.9743921737879442,0.7789452683380994,0.8657753550936049,0.7633191175854368,0.3016262224852738,0.4634605807331702,0.6643491216090385,0.35585555629447363,0.6514193681038299,0.09789713541666667,0.052438151041666665,5.0,17.0,0.4906488108981759,0.3016262224852738,0.6643491216090385,0.35585555629447363,0.4634605807331702,0.3016262224852738,0.34724870924229034,0.8500217269849153,0.37354525503757396,0.5190097272308107,0.3504477624018114,0.3797103752408574,0.9546216400769756,0.3829553767373811,0.5466264524909576,0.37610871164390497,0.4079145814766573,0.991309206033894,0.3914012103478087,0.5612160268321614,0.390062745553459,0.4472497377134059,0.9998758458004842,0.4062312961361974,0.577738137728765,0.4062108062197244,0.48403844503561316,1.0,0.430804016758662,0.6021845224262142,0.43080401675866187,0.0026692708333333334,0.0,0.9973307291666667,0.4919302914345826,8.403907775878906,0.10558613017201424,1.4441794872283964,4.603973588943481,1.0,0.07782472670078278,LAB00322,1.0,0.41523848854016104,0.06787497688181986,0.014894063352213133,0.0027097738740422352
LAB00359,0.7325984251968505,0.8456644246500636,0.7616240995415848,0.9505516959542296,0.9144786257428851,0.031861979166666665,0.039765625,12.0,3.0,0.9974193548387097,0.7325984251968504,0.7616240995415848,0.9505516959542296,0.8456644246500636,0.7325984251968505,0.7579953609334364,0.8408644400785854,0.9806906416019616,0.9054108717702343,0.827169618644503,0.7768311291963378,0.8971021611001965,0.9940743767879036,0.9431020889320337,0.8923303557096212,0.7962434345741036,0.9402423051735429,0.9985696771557009,0.9685286285442769,0.9389777121757489,0.8214183449460724,0.970939751146038,1.0,0.9852556381609004,0.9709397511460381,0.8451068837026868,0.9793713163064833,1.0,0.9895781637717123,0.9793713163064836,0.7416898056326854,0.8516898970574838,0.7684530659214204,0.9551491622394769,0.9805283593389613,0.031861979166666665,0.039602864583333335,1.0,3.0,0.9961290322580645,0.7416898056326855,0.7684530659214204,0.9551491622394769,0.8516898970574838,0.7416898056326854,0.7761665470208183,0.8491698175242479,0.9809971393543114,0.9103357031842486,0.835427668727385,0.8030730842471601,0.9095018905145488,0.9931548835308541,0.9494894260140622,0.9038361436110323,0.8306043465317059,0.9594772316291303,0.9985696771557009,0.9786332136657018,0.9581604050177039,0.8648553459119497,0.9950682229163241,1.0,0.9975280158206987,0.9950682229163241,0.8946645008121954,0.9998356074305441,1.0,0.9999177969584875,0.9998356074305443,0.0001171875,0.0,0.9998828125,0.3324502422903121,8.04682445526123,0.14140070974826813,0.7828454732894907,2.9065827226638845,1.0,0.06464932858943939,LAB00780,0.0,0.11161731207289294,0.11253106141285055,0.001398530185508919,0.010054551288907905
LAB00360,0.7002422285022204,0.8236970200641102,0.918697033898305,0.746503120292662,0.908297685486841,0.03025390625,0.024583333333333332,12.0,2.0,0.8650442477876106,0.7002422285022204,0.918697033898305,0.746503120292662,0.8236970200641102,0.7002422285022204,0.7258050591383924,0.9745762711864406,0.8235420701527868,0.8927160592743747,0.8062214455032737,0.7463691376701966,0.9902012711864406,0.8763718528082634,0.9298157265069683,0.8688370307219084,0.7612847795915669,0.9932468220338984,0.9187647944910695,0.9545550920694063,0.913061113816988,0.7862017487737257,0.9937764830508474,0.9626640843554982,0.9779729004274668,0.9568952729692858,0.8173853583486473,0.994041313559322,0.9848289218850872,0.9894136741331204,0.9790491408879916,0.6828634273145372,0.8115494296577948,0.9060758821968692,0.7348827200344308,0.9180758811931973,0.03025390625,0.024537760416666665,1.0,2.0,0.8561946902654868,0.6828634273145371,0.9060758821968692,0.7348827200344308,0.8115494296577948,0.6828634273145372,0.7131997235659986,0.9721411514990713,0.8018076178179471,0.8787967210195899,0.7837978513751247,0.73752098916196,0.9962854868665428,0.8475360447600603,0.9159106198806662,0.8448663336041952,0.7583209809998652,0.9997346776333245,0.8847643641058748,0.938742442144741,0.8845566612895421,0.7887914391306746,1.0,0.9297396169571767,0.9635907443546139,0.9297396169571767,0.8180412598842602,1.0,0.96621476221218,0.9828171172157163,0.9662147622121798,3.255208333333333e-05,0.0,0.9999674479166667,0.3203389178687939,7.494596481323242,0.17510032653808594,0.6483883082866673,2.8984317493438736,1.0,0.06365808099508286,LAB02364,1.0,0.11931818181818182,0.3050847457627119,0.00041050074361200276,0.027232796486090775
LAB00361,0.5946680606377418,0.7458204943289845,0.8809044447886015,0.6466575716234653,0.8096306207816437,0.0286328125,0.021018880208333333,20.0,1.0,0.7216386554621849,0.5946680606377418,0.8809044447886015,0.6466575716234653,0.7458204943289845,0.5946680606377418,0.6222835767723548,0.949976769397553,0.7154388358344702,0.8161929933073834,0.6894645737802373,0.641333125681358,0.9821898714573332,0.7628467485220555,0.8587330962502919,0.7524384466323061,0.6581657006478009,0.9933405606318724,0.8046839472487495,0.8891149144943815,0.8003662359817366,0.689379203023398,0.9982964224872232,0.8620964074579355,0.9252107894113034,0.8608299937292222,0.7233564169439698,0.9995353879510609,0.909731696225557,0.9525215528558,0.9093471617031488,0.5615907901622188,0.7192547416393004,0.8760816326530613,0.610050022737608,0.7898701064405557,0.0286328125,0.019938151041666668,2.0,1.0,0.6649159663865546,0.5615907901622187,0.8760816326530613,0.610050022737608,0.7192547416393004,0.5615907901622188,0.5813640039536346,0.9459591836734694,0.6617780809458845,0.7787529305950107,0.6376702553517131,0.5976139685549499,0.9815510204081632,0.7016825829922693,0.8183501730803441,0.692548802900122,0.612088752869166,0.9960816326530613,0.7382901318781264,0.848027228039648,0.7361521458502277,0.6354634951345814,1.0,0.7932014552069122,0.8846763456539656,0.7932014552069122,0.6631414382931764,1.0,0.8422010004547522,0.914342137743767,0.8422010004547523,0.00013346354166666666,0.0,0.9998665364583333,0.2806242580422501,8.12926197052002,0.12969780713319778,0.6144369184970857,2.665450706481934,1.0,0.06088346987962723,LAB01435,1.0,0.1402332361516035,0.23583662714097497,0.0006349846293403215,0.02963101006336191
LAB00365,0.6560230024213073,0.7922873069542172,0.9254910333048676,0.6926026521808596,0.9213486872315023,0.020374348958333333,0.015247395833333333,19.0,3.0,0.8801775147928994,0.6560230024213075,0.9254910333048676,0.6926026521808596,0.7922873069542172,0.6560230024213073,0.7084331274423296,0.976729291204099,0.8039622942962135,0.8819646571667635,0.7888522154691092,0.7460747157552788,0.9859094790777113,0.8728231346860521,0.92592618827817,0.8620694203444296,0.782339343504392,0.9908198121263877,0.9249081322895031,0.9567301083021692,0.9170494767611614,0.826036616252985,0.9963706233988044,0.9717207221600894,0.9838913055463281,0.9682933636104097,0.8563594650551172,0.9997865072587532,0.9894551845342706,0.9945940175252592,0.9892461700666744,0.5957256015543266,0.746651681183853,0.9022181982797646,0.6368429461575331,0.8799608128783132,0.020374348958333333,0.014381510416666667,2.0,3.0,0.8136094674556213,0.5957256015543267,0.9022181982797646,0.6368429461575331,0.746651681183853,0.5957256015543266,0.6328876671248281,0.9735174287007696,0.7090589551046493,0.8205050985079795,0.695641072691428,0.660316435259929,0.988909008601177,0.7478830484102892,0.8516716563359576,0.74166213960937,0.6891530734494516,0.9938886373924853,0.7804761143952708,0.8743482320330546,0.7767484198174596,0.7264846120502817,0.9988682661837935,0.8208979070139,0.9011804716119431,0.8201351071125886,0.7572706935123042,1.0,0.8531714331362837,0.9207690318130872,0.8531714331362835,0.000263671875,0.0,0.999736328125,0.2503821346832895,9.172266006469727,0.10053674876689911,0.5951944053173076,2.358837745189667,1.0,0.05780230090022087,LAB00303,1.0,0.19973603167619886,0.2638888888888889,0.00010315830807064014,0.026342197691921726
LAB00372,0.8215962441314554,0.9020618556701031,0.9430008382229673,0.864529586123614,0.9679660629883117,0.029651692708333333,0.027184244791666666,2.0,1.0,0.9391424619640387,0.8215962441314554,0.9430008382229673,0.864529586123614,0.9020618556701031,0.8215962441314554,0.8451677425220474,0.9881451323194826,0.9255681194423098,0.955833514780781,0.9154033655658917,0.8633685739649746,0.9977248233744461,0.9560873861016577,0.9764624397393799,0.9540074323122506,0.8784886217260627,0.9997605077236259,0.9749698100779449,0.9872095481107399,0.974742155466808,0.8993972025516475,0.999880253861813,0.9940717971237238,0.9969675653671446,0.9939534664520288,0.9130089652596189,0.999880253861813,1.0,0.9999401233459074,0.9998802538618128,0.8189585028478439,0.9004696935808545,0.9176068376068376,0.8839609177736305,0.9671428571428572,0.029651692708333333,0.028564453125,1.0,1.0,0.9363762102351314,0.8189585028478438,0.9176068376068376,0.8839609177736305,0.9004696935808545,0.8189585028478439,0.842508462497773,0.9778917378917379,0.9332528268745197,0.9550509632706088,0.9139689398248968,0.8600222186954452,0.996011396011396,0.958173235261829,0.9767259924177114,0.9545107030769234,0.8774225491582968,0.9997720797720798,0.9761774069601493,0.9878338722080106,0.9759602155062637,0.9013526119402985,1.0,0.994730486332199,0.9973582828838745,0.994730486332199,0.9179191834059091,1.0,1.0,1.0,1.0,2.9296875e-05,0.0,0.999970703125,0.37792970887638755,7.061918258666992,0.11999877914786339,1.0506696939468387,3.5386972570419313,1.0,0.06751792877912521,LAB00361,1.0,0.04541154210028382,0.3748271092669433,8.070807887869576e-05,0.027943368107302535
LAB00373,0.7013966765215616,0.8244951764635388,0.8715480111477071,0.7822626492325184,0.9244814150914454,0.028629557291666666,0.025696614583333333,17.0,2.0,0.9148148148148149,0.7013966765215618,0.8715480111477071,0.7822626492325184,0.8244951764635388,0.7013966765215616,0.7327871709952937,0.944768178363314,0.8562819783968164,0.8983513999971723,0.815460937357762,0.7520170497792662,0.9735241955915885,0.8968732234223991,0.9336280883452145,0.8755182672585772,0.7662138766813158,0.9823916898910565,0.9229107447413303,0.9517227602976132,0.9078922295096417,0.7923520845693328,0.9884722574106917,0.9566799317794201,0.972316281513421,0.9461240496690022,0.8247685785967644,0.996199645300228,0.9815804434337692,0.9888360138242629,0.9779185447101222,0.5985981797259128,0.7489038675479354,0.8822078322540857,0.6505969300739056,0.8870373555155279,0.028629557291666666,0.02111328125,2.0,2.0,0.8012345679012346,0.5985981797259128,0.8822078322540857,0.6505969300739056,0.7489038675479354,0.5985981797259128,0.6287953869717993,0.9555966697502313,0.7105173393973849,0.8150318640862948,0.6878090974639078,0.6513783269961977,0.9892075238976257,0.7476975554292211,0.8516620237153052,0.7416475299987484,0.6700167504187605,0.9976873265494912,0.7745309835133599,0.8720593189715856,0.7731428909687648,0.7007614501647914,1.0,0.8144400227401933,0.8977315453064294,0.8144400227401933,0.7418153748353994,1.0,0.8591245025582718,0.9242248180539416,0.8591245025582717,0.00197265625,0.0,0.99802734375,0.36691691056335307,10.095966339111328,0.17981961369514465,0.7617182850837715,3.4271505904197763,1.0,0.06731528043746948,LAB00332,1.0,0.4233647901073869,0.24607329842931938,0.0014715714568893398,0.024991261796574623
LAB00374,0.8022225348150236,0.8902591320636905,0.9620445344129555,0.8284427658338176,0.9285680449768758,0.04481770833333333,0.03859375,8.0,1.0,0.9288343558282208,0.8022225348150233,0.9620445344129555,0.8284427658338176,0.8902591320636905,0.8022225348150236,0.8123211901583063,0.9829622132253711,0.8841516560139454,0.9309423307710964,0.8708064658874504,0.8215593929879644,0.9876855600539811,0.9172719349215572,0.9511773854843212,0.9069001491005724,0.8273240774956448,0.9896255060728745,0.9400058105752469,0.9641776830383066,0.930833085221086,0.8401904419690981,0.9930836707152496,0.9683323649041256,0.980551848203589,0.961845726509699,0.8601593026750827,0.9969635627530364,0.9886693782684486,0.9927991476977384,0.9857012585209753,0.7980458315759875,0.8876813010672817,0.9612225891118449,0.8245932597327136,0.9571337172104927,0.04481770833333333,0.038447265625,1.0,1.0,0.9177914110429448,0.7980458315759876,0.9612225891118449,0.8245932597327136,0.8876813010672817,0.7980458315759875,0.8109144354271839,0.9900093133519601,0.8748547356188263,0.9288766508965746,0.8671985833135678,0.8225768598920441,0.9978833290999916,0.9070307960488089,0.9502905127407768,0.9052890578534943,0.8328422180551835,0.9997459994919989,0.9299099360836722,0.9635642513753767,0.9296902896817784,0.848899710571048,1.0,0.9598343986054619,0.9795056146462588,0.9598343986054622,0.8659631619339985,1.0,0.9816240557815223,0.9907268262287872,0.9816240557815223,5.208333333333334e-05,0.0,0.9999479166666667,0.3634199452820758,6.927170276641846,0.21597124636173248,0.7505876779556292,2.8121080160141,1.0,0.06649123132228851,LAB00284,1.0,0.10351966873706005,0.36899563318777295,0.0005495368189668708,0.017352241698229545
LAB00377,0.7763191985490975,0.8740762349280435,0.927561655143948,0.8264227268548313,0.9353461951793665,0.03540690104166667,0.031546223958333335,12.0,1.0,0.8911729141475212,0.7763191985490975,0.927561655143948,0.8264227268548313,0.8740762349280435,0.7763191985490975,0.8013620016833729,0.9761634506242906,0.8843431093132298,0.927987505888726,0.8656498977262868,0.8197610546553145,0.9929831802703539,0.9225889491587754,0.9564926266608207,0.9166131942125956,0.834671734199718,0.9982457950675885,0.9538475682633079,0.9755417871300759,0.9522514192132705,0.8501846138283344,0.9987617376947684,0.9876804265882136,0.9931901737520981,0.9864724676490688,0.8657825587124323,0.9988649262202043,0.9988967546198401,0.9988808401664766,0.997764182570016,0.7479911095913829,0.8558294209702659,0.9142200397032703,0.8044497563666452,0.9349645846748229,0.03540690104166667,0.031155598958333332,1.0,1.0,0.8778718258766627,0.7479911095913832,0.9142200397032703,0.8044497563666452,0.8558294209702659,0.7479911095913829,0.775087559007157,0.9687597952147111,0.862462075940057,0.9125257809871683,0.8391240592494459,0.7968653330583626,0.991536934489604,0.9026385952008826,0.9450016554524184,0.8957375718515148,0.8183620369223145,0.999477588548741,0.9358278937206951,0.966606063054999,0.9353703640961496,0.8495115360631885,1.0,0.9778431552817872,0.9887974712964254,0.9778431552817871,0.8740875912408759,1.0,0.9985290061597867,0.9992639617260097,0.9985290061597867,0.00043294270833333336,0.0,0.9995670572916666,0.36282410920433905,9.978643417358398,0.2005486935377121,0.7853558599948889,3.0374386596679694,1.0,0.06667404621839523,LAB01433,1.0,0.17959567465914433,0.2862362971985384,0.00039255233467116974,0.01634285714285714
LAB00380,0.7495991448423304,0.8568810142049794,0.8707574503311258,0.8434399117971334,0.9525834337783529,0.03247721354166667,0.03145833333333333,6.0,1.0,0.9335759781619655,0.7495991448423303,0.8707574503311258,0.8434399117971334,0.8568810142049794,0.7495991448423304,0.7840960240060015,0.9559188741721855,0.90688583742608,0.9307570281709666,0.8704822502399296,0.8090471857532822,0.9857201986754967,0.9406635261100531,0.9626649414796282,0.9280173590707991,0.8338575600988541,0.9943087748344371,0.9646186228325148,0.9792387019482042,0.9593219333620495,0.8644724535696788,0.9966887417218543,0.9865691089505864,0.9916031074710874,0.9833460563174596,0.8883690072977408,0.9966887417218543,0.9930840934148542,0.9948831524998027,0.9898184026803983,0.6809511134770652,0.8101974031457828,0.8557252759504962,0.7692693194346998,0.9293716512420849,0.03247721354166667,0.029195963541666668,2.0,1.0,0.8680618744313012,0.680951113477065,0.8557252759504962,0.7692693194346998,0.8101974031457828,0.6809511134770652,0.7121621621621622,0.9479317649682238,0.8233938057532324,0.8812847919692823,0.7877650948543143,0.7345248189941948,0.9874010480544096,0.8527613511075474,0.9151555886669095,0.8435823414920282,0.7561140920643886,0.9986620582004683,0.8721058434399118,0.9311032285882991,0.8710880727599012,0.7851035103510351,1.0,0.8896461862283251,0.941600806237734,0.8896461862283251,0.8111405835543767,1.0,0.9077879121980555,0.9516654407901649,0.9077879121980555,0.00031901041666666666,0.0,0.9996809895833333,0.32364642687856154,8.578340530395508,0.14517348259687424,0.8033703982830048,2.8031785511970537,1.0,0.06370647996664047,LAB00298,1.0,0.3814074717636838,0.23802163833075735,0.0008887266878203894,0.017980456026058633
LAB00382,0.7459431163845751,0.8544873076154308,0.8579169175195666,0.8510850089587896,0.9836471716203259,0.016350911458333332,0.016220703125,2.0,1.0,0.9734848484848485,0.7459431163845751,0.8579169175195666,0.8510850089587896,0.8544873076154308,0.7459431163845751,0.7827626918536009,0.9570539835440498,0.9054349990045789,0.9305291797772123,0.870083748131967,0.808085977482088,0.9941802127232591,0.934501294047382,0.9634174352216375,0.9294169784030963,0.8354444444444444,0.9993979530403372,0.9579932311367708,0.9782576747703986,0.9574406879450441,0.864349973540307,0.9997993176801124,0.9830778419271352,0.991368074238011,0.9828838934372062,0.8886443359240663,0.9997993176801124,0.9950228946844515,0.997405387823901,0.9948242048289738,0.7215021601861084,0.8382239382239383,0.8135656735994005,0.8644236512044595,0.9736081557468161,0.016350911458333332,0.017373046875,1.0,1.0,0.9696969696969697,0.7215021601861084,0.8135656735994005,0.8644236512044595,0.8382239382239383,0.7215021601861084,0.7621752094278007,0.9289863219036912,0.9068285884929325,0.9177737366117806,0.8480423804708148,0.7915632754342432,0.9825744800449691,0.9325104519211627,0.9568880806683091,0.9173398011609105,0.8202930005425936,0.9981262881768784,0.9540115468843321,0.9755704613344405,0.9523060635338925,0.8564330543933054,1.0,0.9767071471232331,0.9882163359854971,0.9767071471232334,0.8842602093166427,1.0,0.9918375472825005,0.9959020489755123,0.9918375472825004,3.2552083333333335e-06,0.0,0.9999967447916667,0.20422022511115454,6.375550270080566,0.11312846839427948,0.40040742158889786,1.760954245328905,1.0,0.054413165897130966,LAB00423,1.0,0.07195301027900147,0.3075376884422111,6.308477930287998e-05,0.026715799170888992
LAB00384,0.7144808743169399,0.8334661354581673,0.8488537228646784,0.8186264918802583,0.943099158280591,0.016637369791666665,0.016044921875,1.0,2.0,0.9152854511970534,0.7144808743169399,0.8488537228646784,0.8186264918802583,0.8334661354581673,0.7144808743169399,0.7558849171752398,0.9515114627713532,0.873214635100763,0.9106832370370485,0.836013240593105,0.7865197010008869,0.9868127409210793,0.9015848170612405,0.9422755083920336,0.89085155526613,0.8144500995795529,0.9955366200040576,0.9248679319115632,0.9589020125649402,0.9210487621125609,0.8516088999202198,0.9997971190910935,0.960673058109959,0.979844699558791,0.9604858193012535,0.8825531323794972,1.0,0.9888475836431226,0.994392523364486,0.9888475836431226,0.70262246412667,0.8253414705027609,0.8173445894090561,0.8334963803560947,0.952217143395693,0.016637369791666665,0.016966145833333335,1.0,2.0,0.9226519337016574,0.70262246412667,0.8173445894090561,0.8334963803560947,0.8253414705027609,0.70262246412667,0.7461505862409945,0.9330391404451266,0.8796712972021131,0.9055696199123817,0.8274346512931077,0.7778052703204256,0.9842670759785112,0.9072588534533359,0.9441953768113083,0.8942898677216373,0.8079765268419908,0.9969301611665388,0.9278027783212679,0.9611251040040131,0.925159619996945,0.8474546569701218,1.0,0.9616513402465271,0.9804508278475962,0.9616513402465269,0.8797655980696312,1.0,0.9888475836431226,0.994392523364486,0.9888475836431226,0.0,0.0,1.0,0.20446095038223575,4.974727153778076,0.10914941132068634,0.44616978168487575,1.763767971992496,1.0,0.05404584854841232,LAB02205,1.0,0.022326674500587545,0.2415966386554622,7.637719708969671e-05,0.022300469483568074
LAB00385,0.805859447431856,0.89249409590307,0.9184277261200338,0.8679848212502497,0.9751004213396882,0.016298828125,0.015403645833333333,1.0,2.0,0.95703125,0.8058594474318561,0.9184277261200338,0.8679848212502497,0.89249409590307,0.805859447431856,0.8330738087823109,0.98541842772612,0.9298981426003595,0.9568535873633558,0.9172764012530363,0.8533602150537635,0.9976754015215553,0.9532654284002396,0.974964954804857,0.9511528014334828,0.872973288230491,0.9995773457311918,0.9674455761933294,0.9832490210582497,0.9670499870889036,0.8948587308939324,1.0,0.9852206910325544,0.9925553319919518,0.9852206910325546,0.9147409214870101,1.0,0.9964050329538646,0.9981992797118847,0.9964050329538646,0.788060755916637,0.881469774792572,0.8719953097518077,0.8911523866586778,0.9721271493861824,0.016298828125,0.01665690104166667,1.0,2.0,0.955078125,0.7880607559166373,0.8719953097518077,0.8911523866586778,0.881469774792572,0.788060755916637,0.818399401645475,0.9683408247019738,0.9358897543439185,0.9518387810005615,0.9081034136229299,0.8413873733437256,0.9958960328317373,0.9546634711404034,0.9748439477616497,0.9509224918812624,0.862687244666364,0.99921829196795,0.9668464150189734,0.9827658468994834,0.9661156616733974,0.8876781984926905,1.0,0.9846215298581985,0.9922511824494314,0.9846215298581987,0.9113377239572268,1.0,0.9964050329538646,0.9981992797118847,0.9964050329538646,0.0,0.0,1.0,0.20505326710578325,3.608163833618164,0.10457949712872505,0.4348378062248236,1.7788853466510777,1.0,0.053657881915569305,LAB02415,1.0,0.01651376146788991,0.41374045801526715,6.63266321326002e-06,0.028014343343792023
LAB00394,0.7454978419407648,0.8541950886766712,0.8840451817860925,0.826294952161003,0.9582282401876189,0.019733072916666667,0.018444010416666667,1.0,3.0,0.9442724458204335,0.745497841940765,0.8840451817860925,0.826294952161003,0.8541950886766712,0.7454978419407648,0.7800450676014021,0.96099541122485,0.896238865061036,0.9274881986427922,0.8647813455004452,0.8058504875406284,0.9858806918460995,0.9346750247443089,0.9595952380721381,0.9223287639456933,0.830955710955711,0.9947052594422874,0.964203233256351,0.9792167738984836,0.959279844005882,0.8616213026480785,0.9991175432403813,0.9925767073573079,0.9958363850624763,0.9917072977439384,0.8882034132841329,1.0,0.9998350379412735,0.9999175121669553,0.9998350379412736,0.7341247139588103,0.8466804123711341,0.8466105888174171,0.8467502474430881,0.9594679261651162,0.019733072916666667,0.019736328125,1.0,3.0,0.9473684210526315,0.7341247139588101,0.8466105888174171,0.8467502474430881,0.8466804123711341,0.7341247139588103,0.7730806608357629,0.9449117598548573,0.9033322335862751,0.9236542941307417,0.8581390617290541,0.8008039775732572,0.9844961240310077,0.9384691520950181,0.9609318007255171,0.9248014725082302,0.8270374096771244,0.9962064984331189,0.965852853843616,0.9807948861615003,0.9623135449817948,0.8595047341587764,0.9993402605970642,0.9927416694160344,0.9960300363883738,0.9920914693556273,0.8868237447100538,1.0,0.999670075882547,0.9998350107243029,0.9996700758825469,0.0,0.0,1.0,0.22640524948032786,4.06019401550293,0.11674132570624352,0.49060133993625643,1.980979313850403,1.0,0.05585222318768501,LAB02406,1.0,0.0527448869752422,0.33225806451612905,0.00011991685764536588,0.03370348723943113
LAB00423,0.6933144290544224,0.818884451887157,0.7622302158273381,0.8846367937656554,0.9136892552120239,0.023391927083333333,0.0271484375,12.0,4.0,0.9350132625994695,0.6933144290544225,0.7622302158273381,0.8846367937656554,0.818884451887157,0.6933144290544224,0.7297499765895683,0.8688249400479616,0.9233231283050376,0.895245404953348,0.810356805907237,0.7579717291255753,0.9334532374100719,0.943918730865572,0.9386568139586785,0.8844046170021143,0.7822697083453652,0.9705035971223022,0.9581129974951295,0.9642684949551663,0.9310023787616908,0.8137066200058326,0.9936450839328537,0.978430281102143,0.9859789904844043,0.9723457218656769,0.8485469448584203,0.9991606714628297,0.9929028666852212,0.9960219400399899,0.9920754045956571,0.6595720720720721,0.7948700549636969,0.7756588531320355,0.8150570553854718,0.8968253584116628,0.023391927083333333,0.024580078125,2.0,4.0,0.8607427055702918,0.659572072072072,0.7756588531320355,0.8150570553854718,0.7948700549636969,0.6595720720720721,0.6988150738150738,0.8830618461130976,0.8533259114945728,0.8679392623439565,0.7666896602571376,0.7301804498417857,0.9482187789696729,0.8765655441135541,0.9109853689688148,0.8365226168781635,0.7586467301011932,0.982651304462985,0.895073754522683,0.936820210459799,0.8811493781921406,0.7944751381215469,0.9986756720964111,0.922349011967715,0.9589960265222393,0.9212222536658037,0.8289775780372234,1.0,0.945866963540217,0.9721805048988057,0.945866963540217,0.001435546875,0.0,0.998564453125,0.3498588820791459,10.230413436889648,0.17432761192321777,0.6757283627986916,3.307792675495152,1.0,0.06603069603443146,LAB00619,1.0,0.43792325056433407,0.1617473435655254,0.0018872351836953607,0.014000341471743213
LAB00424,0.6044174604836178,0.7534416389378221,0.7863271142584775,0.7231963927855711,0.8198139149145152,0.025989583333333333,0.023902994791666667,31.0,5.0,0.8113440197287299,0.6044174604836177,0.7863271142584775,0.7231963927855711,0.7534416389378221,0.6044174604836178,0.6315696022727273,0.8719869263243906,0.7834418837675351,0.8253463706993334,0.7026295668031994,0.6498726950081012,0.9192428162876208,0.8223947895791583,0.868126067014698,0.7669812350259073,0.6704583697920172,0.9414408279994553,0.8508266533066132,0.8938430868469177,0.8080617462300466,0.7061788617886179,0.9600980525670707,0.8939128256513026,0.9258240856680188,0.8618924268505678,0.7582570806100218,0.983385537246357,0.9259769539078156,0.9538181969270246,0.9117136181544652,0.5534729878721059,0.7125621007806956,0.8221421552571241,0.6287575150300602,0.8020502758627512,0.025989583333333333,0.019876302083333332,2.0,5.0,0.6954377311960542,0.5534729878721059,0.8221421552571241,0.6287575150300602,0.7125621007806956,0.5534729878721059,0.58004158004158,0.9128725843432689,0.6791082164328658,0.7788275741536338,0.6377703571335116,0.600795426298782,0.9646249590566656,0.7179358717434869,0.82319622352855,0.6995186793135868,0.6178867704846456,0.9885358663609565,0.749749498997996,0.8527417710758097,0.7432866895846499,0.6453837990802971,0.996560759908287,0.7974699398797596,0.8859683943920037,0.7952812020162351,0.6729565623540402,0.9981984932852932,0.8379258517034068,0.9110671888186137,0.8366606088673132,0.003046875,0.0,0.996953125,0.3510986808706002,11.281128883361816,0.17472614347934723,0.6227197647094728,3.7613653755188037,1.0,0.06630679219961166,LAB01437,1.0,0.29116059379217274,0.21915285451197053,0.0024184080770133834,0.021713147410358565
LAB00442,0.3987272059723412,0.5701286201767434,0.9450783214078515,0.40818542493213616,0.7032401190755306,0.07794596354166666,0.033665364583333336,21.0,4.0,0.552547770700637,0.3987272059723412,0.9450783214078515,0.40818542493213616,0.5701286201767434,0.3987272059723412,0.4480240873165224,0.9781473602784762,0.4667362706201712,0.6319358061650919,0.4619197030467352,0.4894219673392314,0.9879133629858828,0.5149300480267279,0.6769917234501529,0.5117063403530763,0.5274323098847001,0.9931347901759814,0.5604927959908123,0.7165744227223375,0.5583295482097989,0.5908666496901791,0.9986462966544188,0.6452286489872625,0.7839467381807949,0.6446648044083344,0.6525290984890474,0.9999033069038871,0.7414491543119649,0.8514961534897737,0.7413959962581562,0.3585476550680787,0.5278396436525613,0.9448335308695184,0.36621424096888705,0.669864418997976,0.07794596354166666,0.030211588541666667,3.0,4.0,0.5095541401273885,0.3585476550680787,0.9448335308695184,0.36621424096888705,0.5278396436525613,0.3585476550680787,0.3963851784770961,0.9813597672664583,0.4110670286072249,0.579426717038698,0.4078823134212656,0.4290724180256006,0.9922422152785261,0.4470244309876801,0.6163646087923005,0.44546750734260243,0.4590286587944439,0.9964443486693244,0.47959908122781375,0.647533513495275,0.4787797109625553,0.5088603988603989,0.9994612649498976,0.5384005011484653,0.6998164045559423,0.5382442964271755,0.5622573757763976,1.0,0.6125704740029234,0.7597441276254112,0.6125704740029234,0.001103515625,0.0,0.998896484375,0.3323436358414619,10.082416534423828,0.12299849465489388,0.8520810604095463,3.1271195268630994,1.0,0.06472524255514145,LAB00774,1.0,0.0823668950975224,0.248046875,0.0006472308775106722,0.02793933173680009
LAB00485,0.7088202337121821,0.8296018735362999,0.9045965270684372,0.7660899653979238,0.9166814550250219,0.018815104166666666,0.015934244791666666,4.0,3.0,0.8865619546247818,0.7088202337121818,0.9045965270684372,0.7660899653979238,0.8296018735362999,0.7088202337121821,0.7340195016251354,0.946067415730337,0.8562283737024221,0.898908791257387,0.8163799548303473,0.7530283429377866,0.9587334014300306,0.9048442906574394,0.931009689834635,0.8709243488751685,0.7669326785348884,0.9617977528089887,0.9337370242214533,0.9475596886886589,0.9003453008256584,0.7952904496225796,0.963432073544433,0.9655709342560553,0.9645003181257468,0.931434683185998,0.8257751937984497,0.9697650663942798,0.9840830449826989,0.9768715939567753,0.9547888497541186,0.7268458549222797,0.8418190342240974,0.918935516888434,0.7766435986159169,0.9321147725426727,0.018815104166666666,0.015901692708333335,2.0,3.0,0.8778359511343804,0.7268458549222798,0.918935516888434,0.7766435986159169,0.8418190342240974,0.7268458549222797,0.7542770419426048,0.9740020470829068,0.8531141868512111,0.9095589530167908,0.8341202447699095,0.7745664739884393,0.9938587512794268,0.898961937716263,0.9440315123990632,0.8939959132150013,0.7899947340705634,0.9997952917093142,0.9266435986159169,0.9618305689752357,0.926467819444293,0.8140677966101695,1.0,0.9558823529411765,0.9774436090225563,0.9558823529411765,0.8404049823486311,1.0,0.9759515570934256,0.9878294370020139,0.9759515570934255,0.0,0.0,1.0,0.2123972932849574,5.469930648803711,0.11980121955275536,0.4107712805271154,1.9515168285369928,1.0,0.054629046469926834,LAB02071,0.0,0.06584043377226956,0.3686868686868687,0.0007208727543318805,0.032523947427043884
LAB00486,0.6714606741573033,0.8034417854261898,0.9005424954792043,0.7252427184466019,0.8951295681845319,0.0201171875,0.016201171875,3.0,2.0,0.8917089678510999,0.6714606741573034,0.9005424954792043,0.7252427184466019,0.8034417854261898,0.6714606741573033,0.7006532598949661,0.9467550733373519,0.8105177993527508,0.8733553570342605,0.7751826296668581,0.7244519392917369,0.9580068314245529,0.8621359223300971,0.9075465113986043,0.8307415563846869,0.7455175829618623,0.9634317862165963,0.8980582524271845,0.9295970951236956,0.868455317982456,0.7788337628865979,0.9704641350210971,0.9466019417475728,0.9583845290880924,0.9200943686531953,0.8148338582171091,0.9787020293349408,0.9878640776699029,0.9832617109374826,0.967074537779135,0.6846200793408604,0.8127886966760257,0.9230610985393952,0.726051779935275,0.9363311201897295,0.0201171875,0.015823567708333333,3.0,2.0,0.8900169204737732,0.6846200793408606,0.9230610985393952,0.726051779935275,0.8127886966760257,0.6846200793408604,0.7204216073781291,0.980456696153055,0.8053398058252427,0.8843121872231734,0.7926161575810493,0.7465181058495822,0.997531372145649,0.856957928802589,0.9219167974195827,0.8551443851577998,0.7652227217000409,0.9995885620242748,0.8923948220064725,0.9429550644223436,0.892067151248433,0.791604693439101,0.9995885620242748,0.9420711974110032,0.9699779675286008,0.9417060382691711,0.8221829834543195,0.9995885620242748,0.9862459546925566,0.9928724345906471,0.9858457544919729,1.3020833333333334e-05,0.0,0.9999869791666667,0.20814975650469325,6.024579048156738,0.12027870118618011,0.37403258979320564,1.9042679524421695,1.0,0.05461377277970314,LAB00380,0.0,0.08564678086237448,0.35561497326203206,0.0008448474285372165,0.033429908624916425
LAB00551,0.8773674549184753,0.9346784537250594,0.9698376700883266,0.90197928576979,0.9600279386687948,0.29323893229166664,0.27272135416666665,54.0,1.0,0.9568302779420461,0.8773674549184753,0.9698376700883266,0.90197928576979,0.9346784537250594,0.8773674549184753,0.8964735888031702,0.9812604440200525,0.9309969694614966,0.955468121806736,0.9147333286365732,0.9093609778740523,0.9873597517307233,0.9515113839459165,0.9691041622463783,0.9400602143841313,0.9189586733563038,0.9917522081642397,0.9680516856676621,0.9797586379939769,0.9603204442403236,0.9273629444069756,0.9960969205060873,0.9850471232085966,0.9905412068288479,0.9812596745203678,0.9324968176032006,0.9984602530436858,0.9942941509496798,0.9963728471181732,0.9927719116179514,0.8117383356545961,0.8960878286668349,0.9761720947882182,0.8281473751984281,0.9525565137100365,0.29323893229166664,0.24877278645833334,11.0,1.0,0.9183914843287996,0.8117383356545961,0.9761720947882182,0.8281473751984281,0.8960878286668349,0.8117383356545961,0.818416550668891,0.9862999358831765,0.8440216245018483,0.9096308453636663,0.8342411755650331,0.8242820142088894,0.9919526844012928,0.8573426728683547,0.9197485544539113,0.8514208041526482,0.8297204502051928,0.9957866087434412,0.8700642740583684,0.9286898120737287,0.8668729398265015,0.8397264000621818,0.9988615992567682,0.8914223549393337,0.9420886815352659,0.890517631385632,0.8517676397242189,0.99984297920783,0.9133465803758756,0.9546395038565909,0.9132155915385074,0.0,0.0,1.0,0.435598646940125,3.054574728012085,0.19428913295269012,1.2262536406517033,1.6973366546630861,1.0,0.06864763796329498,LAB02277,1.0,0.43001098120276465,0.007138934651290499,0.0033395882877526755,8.04267982091633e-05
LAB00619,0.6867150593386335,0.8142632693489993,0.8044270481846403,0.8243430152143845,0.8818223737064028,0.02353515625,0.024117838541666665,19.0,4.0,0.9840579710144928,0.6867150593386335,0.8044270481846403,0.8243430152143845,0.8142632693489993,0.6867150593386335,0.7079543255273854,0.8585504116614928,0.9089903181189488,0.8830506688400616,0.7905915194228408,0.7229357798165138,0.8774463490349574,0.9546334716459198,0.9144139299028763,0.8423228291986712,0.7338041363407076,0.8866243757592118,0.9786998616874135,0.930389619674965,0.8698397442555079,0.7536796288872344,0.895937373464705,0.9933609958506224,0.9421373097857679,0.8906045354477639,0.7925939438161255,0.9119989202321501,1.0,0.9539743046731611,0.9119989202321501,0.7260584677419355,0.8412906993721712,0.8908472479901052,0.796957123098202,0.9590025807515997,0.02353515625,0.0210546875,5.0,4.0,0.9420289855072463,0.7260584677419355,0.8908472479901052,0.796957123098202,0.8412906993721712,0.7260584677419355,0.7591397849462366,0.9628942486085343,0.8784232365145228,0.9187211755906404,0.8496616736136351,0.7864323968805788,0.9902597402597403,0.9283540802213002,0.9583081916073369,0.9199536598891109,0.8093667546174143,0.9978354978354979,0.9591977869986169,0.9781352302279333,0.9572061383876775,0.8395679135827165,1.0,0.9814661134163208,0.9906463772162502,0.9814661134163208,0.8667470764067334,1.0,0.9929460580912863,0.9964605454924006,0.9929460580912862,0.0018359375,0.0,0.9981640625,0.3593584640376139,10.068981170654297,0.1869165077805519,0.72447854280472,3.7100642752647457,1.0,0.06650905311107635,LAB02102,0.0,0.26634877384196187,0.3611898016997167,0.003334848160821215,0.033495314127039225
LAB00722,0.6542251072215138,0.7909747039450634,0.8220215554908243,0.762187711006077,0.9270550340473488,0.024104817708333334,0.022350260416666667,15.0,1.0,0.9211267605633803,0.6542251072215138,0.8220215554908243,0.762187711006077,0.7909747039450634,0.6542251072215138,0.6984379663715053,0.9105738421205942,0.8399729912221472,0.8738497243563051,0.7759619149023627,0.7281747758725737,0.9637343431401106,0.8925050641458474,0.9267530668379075,0.8635040438526367,0.7531033432335694,0.9879114477133702,0.9326130992572587,0.9594661609475194,0.9220903010912338,0.7931604062155879,0.9962132245849111,0.9758271438217421,0.9859148130619594,0.9722208999412172,0.832903633798706,0.9988348383338188,0.9948683322079676,0.9968476395554328,0.9937150914081084,0.6272716749623799,0.7709489258785033,0.8145197655193146,0.7318028359216745,0.9200966111401608,0.024104817708333334,0.021656901041666666,1.0,1.0,0.8732394366197183,0.6272716749623799,0.8145197655193146,0.7318028359216745,0.7709489258785033,0.6272716749623799,0.6705705705705706,0.9063580339696378,0.798919648885888,0.8492543467189378,0.7380035234523826,0.704525366802192,0.9636254321358786,0.8503713706954761,0.9034629810630267,0.823923830623502,0.7337769080234834,0.9911318202314745,0.8898041863605672,0.9377387000794591,0.8827759235412265,0.7756806733405598,0.9998496918683301,0.9393652937204592,0.9686642341958129,0.9392326595407987,0.8159683473673531,1.0,0.9662390276839973,0.9828296703296704,0.9662390276839974,0.0008951822916666666,0.0,0.9991048177083334,0.3325320690901087,11.376126289367676,0.17428050190210342,0.6708248972892771,3.0699416065216063,1.0,0.06479495018720627,LAB02190,1.0,0.2255790533736153,0.17179902755267423,0.0006698798570476385,0.04115150396752168
LAB00774,0.5979307884409563,0.7483813351194464,0.6316186169210477,0.9181046288688031,0.9614192885851379,0.011884765625,0.017275390625,1.0,1.0,0.98014440433213,0.5979307884409562,0.6316186169210477,0.9181046288688031,0.7483813351194464,0.5979307884409563,0.6648849294729028,0.7840587902769927,0.9690495754587785,0.8667939218164215,0.7649040527613561,0.7111196025983951,0.9010740531373658,0.9904135853190906,0.9436339582256571,0.8932831243237114,0.7534231569722861,0.9732428867533447,0.9975349219391948,0.9852391911287605,0.9709078065644678,0.8030732251695425,0.9875635952515546,1.0,0.9937428896473266,0.9875635952515547,0.8460927152317881,0.9903900508762012,1.0,0.9951718261857427,0.9903900508762014,0.5956566701137538,0.7465975372650681,0.6163723916532905,0.9465899753492194,0.9816979331377638,0.011884765625,0.018251953125,1.0,1.0,0.9963898916967509,0.5956566701137539,0.6163723916532905,0.9465899753492194,0.7465975372650681,0.5956566701137538,0.6625562164514726,0.7711788835384341,0.9813749657628047,0.863671779022686,0.7600548530598613,0.7099523690147906,0.8920991617620831,0.9934264585045193,0.9400401685115772,0.8868639552043673,0.7523015271309433,0.9807383627608347,0.9983566146261298,0.9894690683037749,0.979157626222191,0.8056766692314269,1.0,1.0,1.0,1.0,0.8502549837737599,1.0,1.0,1.0,1.0,3.580729166666667e-05,0.0,0.9999641927083334,0.20189654983563135,7.6701154708862305,0.1081005334854126,0.4017910748720175,1.7980150341987615,1.0,0.05403510481119156,LAB02179,1.0,0.0,0.1399349139934914,0.0003483765652061394,0.03009259259259259
LAB00780,0.6136552872606164,0.7605779153766771,0.6506002824858758,0.9153005464480874,0.9686796126571924,0.01310546875,0.0184375,1.0,1.0,0.9829545454545454,0.6136552872606161,0.6506002824858758,0.9153005464480874,0.7605779153766771,0.6136552872606164,0.6737548166119595,0.782132768361582,0.9582712369597616,0.8612889112102806,0.7563717607472346,0.7161435538326872,0.8799435028248588,0.9823646299056135,0.9283376454174546,0.8662594533136125,0.7554258014762587,0.9555084745762712,0.9950322901142573,0.9748699467268556,0.9509719704482246,0.8061877667140825,0.9966454802259888,0.9997516145057128,0.9981961309953329,0.9963987581592006,0.8486289871292669,1.0,1.0,1.0,1.0,0.5898911353032659,0.7420522351560207,0.612070356624173,0.9421261798310978,0.9736011477761836,0.01310546875,0.020172526041666666,1.0,1.0,0.9886363636363636,0.589891135303266,0.612070356624173,0.9421261798310978,0.7420522351560207,0.5898911353032659,0.6517339090541088,0.7450379215749556,0.9719324391455539,0.8434933309721293,0.7293458425805255,0.6955537012754798,0.8467000161368404,0.9875807252856433,0.9117302462515373,0.8377796434304561,0.737583395107487,0.9294820074229466,0.9957774465971188,0.9614883002672321,0.9258329015596496,0.7934256055363322,0.9954816846861384,0.9995032290114257,0.9974884034800952,0.9949893915868435,0.8405110241087986,1.0,1.0,1.0,1.0,0.0,0.0,1.0,0.21100362451246232,4.263490676879883,0.11073475331068039,0.4902166396379478,1.6694522082805638,1.0,0.05495261400938034,LAB00320,1.0,0.017167381974248927,0.18760399334442596,8.644479170129999e-05,0.02952807803849196
LAB00791,0.8145933014354068,0.8978246539222149,0.8615406241214507,0.937299281235663,0.9805784556316219,0.021285807291666667,0.023157552083333335,1.0,1.0,0.9888682745825603,0.8145933014354066,0.8615406241214507,0.937299281235663,0.8978246539222149,0.8145933014354068,0.8384264137688795,0.9433511385999438,0.9695672121119437,0.9562795329498446,0.9162218842489088,0.8542692509167104,0.9796176553275232,0.9866952133353724,0.9831436968296613,0.9668462434312804,0.8698136180575068,0.9936744447568175,0.9966355711882551,0.9951528052328443,0.99035237438608,0.891235398777752,0.9984537531627776,0.9996941428352959,0.9990735630008735,0.9981488409839507,0.9112026976395654,1.0,1.0,1.0,1.0,0.810205675605311,0.895153171292967,0.8448486493823809,0.9518274965591069,0.9887089207762304,0.021285807291666667,0.02398111979166667,1.0,1.0,0.9888682745825603,0.8102056756053111,0.8448486493823809,0.9518274965591069,0.895153171292967,0.810205675605311,0.8361184741270025,0.9349803176326863,0.9785899984707142,0.9562882324235197,0.9162378562081754,0.8529898613697496,0.9790959685082123,0.9922006423000459,0.9856047471505794,0.9716180595108574,0.8709557456303458,0.9967422288584227,0.9980119284294234,0.9973766745497656,0.9947670767602452,0.8941239975323874,1.0,0.9996941428352959,0.9998470480269195,0.9996941428352958,0.9154331397164449,1.0,1.0,1.0,1.0,0.0,0.0,1.0,0.2265671879678727,4.157849311828613,0.13015837222337723,0.4816452771425261,1.8004051136970536,1.0,0.05568309873342514,LAB02430,1.0,0.0380952380952381,0.1942257217847769,0.00021367664046902023,0.017191516709511568
LAB00831,0.731566994700984,0.8449768295881787,0.74856700232378,0.9698916097952629,0.9704142011834319,0.016217447916666666,0.021012369791666666,2.0,1.0,1.0,0.7315669947009841,0.74856700232378,0.9698916097952629,0.8449768295881787,0.731566994700984,0.7659212763175102,0.8627420604182804,0.990766760337214,0.9223329790886714,0.8558608189649349,0.7906253598986526,0.934004647560031,0.997792051384986,0.9648452280728939,0.9320782304627551,0.8150071268580737,0.9710302091402014,1.0,0.985302208598601,0.9710302091402014,0.8429172510518934,0.9815646785437645,1.0,0.9906965835352983,0.9815646785437646,0.870555882930662,0.987141750580945,1.0,0.9935292741872612,0.987141750580945,0.7218033998521803,0.8384271978021978,0.7325232523252325,0.9801284624648735,0.984646878198567,0.016217447916666666,0.02169921875,1.0,1.0,1.0,0.7218033998521803,0.7325232523252325,0.9801284624648735,0.8384271978021978,0.7218033998521803,0.7614075792730085,0.8526852685268527,0.9947812123645122,0.9182686603128475,0.8488879138681698,0.7906232132647227,0.9344434443444345,0.9991971095945403,0.9657360430991383,0.9337423359438483,0.8194953194953195,0.9795979597959796,1.0,0.989693846620188,0.9795979597959799,0.856677796327212,0.9941494149414941,1.0,0.9970661250282102,0.994149414941494,0.8885558220090595,0.9987998799879988,1.0,0.999399579705794,0.9987998799879986,0.0,0.0,1.0,0.22240062964550208,5.234766006469727,0.1335466429591179,0.43164607584476516,1.7979489541053781,1.0,0.055317897349596024,LAB02080,1.0,0.020202020202020204,0.16657319125070105,0.000456005458751477,0.01085398320704485
LAB00846,0.6528147389969297,0.7899430270002479,0.6785106382978724,0.9451689389448725,0.965693856438169,0.010983072916666666,0.015299479166666666,1.0,1.0,0.9979919678714859,0.6528147389969293,0.6785106382978724,0.9451689389448725,0.7899430270002479,0.6528147389969297,0.7131940906775344,0.8308510638297872,0.9851807943094251,0.9014583167669448,0.8205954589851469,0.7540674026728647,0.9274468085106383,0.9967397747480735,0.9608456176221267,0.924641837552035,0.7913524384112619,0.975531914893617,1.0,0.9876144318793754,0.9755319148936171,0.8363204277651253,0.9912765957446809,1.0,0.9956191900844108,0.9912765957446811,0.8730775087559007,0.9970212765957447,1.0,0.9985084167909652,0.9970212765957447,0.6339372686538087,0.7759627995707643,0.649112307999202,0.96443390634262,0.9745537783721475,0.010983072916666666,0.016318359375,1.0,1.0,0.9979919678714859,0.6339372686538087,0.649112307999202,0.96443390634262,0.7759627995707643,0.6339372686538087,0.6966824644549763,0.8047077598244564,0.9925903971547125,0.8888288143132991,0.7999026844491159,0.7395466704209489,0.9158188709355676,0.9991108476585655,0.9556534211750666,0.9150730615217205,0.7795092024539877,0.9784560143626571,1.0,0.9891107078039927,0.978456014362657,0.8289088424751122,0.9972072611210852,1.0,0.9986016779864163,0.997207261121085,0.8694010121610394,1.0,1.0,1.0,1.0,0.0,0.0,1.0,0.1911431555944364,3.895186424255371,0.09861339256167412,0.40443498194217703,1.606178973913195,1.0,0.05301951244473457,LAB00791,1.0,0.016666666666666666,0.17225696418419556,0.00018207881033015854,0.020590043023970498
LAB00862,0.5713913302547299,0.727242564284868,0.5713913302547297,1.0,0.69472710453284,0.04994466145833333,0.08740885416666666,20.0,1.0,1.0,0.5713913302547297,0.5713913302547297,1.0,0.727242564284868,0.5713913302547299,0.5811905100156273,0.6093773275733652,1.0,0.7572833506884185,0.6093773275733653,0.5920612147297943,0.6442723074631312,1.0,0.7836564595035332,0.6442723074631311,0.6039594208608293,0.678496946223745,1.0,0.808457766634865,0.6784969462237451,0.6249847356209549,0.736258006852376,1.0,0.8480974647162284,0.7362580068523759,0.6531107146839112,0.806830031282586,1.0,0.8930890203433848,0.806830031282586,0.6600569014570222,0.7952220202544794,0.6609401303578366,0.9979795346412045,0.9124343257443082,0.04994466145833333,0.07541341145833333,1.0,1.0,1.0,0.6600569014570221,0.6609401303578366,0.9979795346412045,0.7952220202544794,0.6600569014570222,0.6757416525301005,0.7023783830448482,0.9993482369810337,0.8249510709055988,0.7020567828961646,0.6883380416185891,0.7372987439029655,0.9998696473962068,0.8487405582375283,0.7372278805706775,0.7020153734368427,0.7703630163594768,1.0,0.8702881942751255,0.7703630163594767,0.7251650926649151,0.8241464151594942,1.0,0.9035967818267866,0.8241464151594943,0.7518893712815565,0.8861311348038158,1.0,0.9396283412669352,0.8861311348038157,0.0,0.0,1.0,0.41555257320235495,5.325473785400391,0.21060048043727875,1.1333355545997637,2.6490289855003373,1.0,0.06967616081237793,LAB02394,0.0,1.0,0.0002546148949713558,0.01287314878064239,0.0
LAB00973,0.5701754385964912,0.7262569832402235,0.618229854689564,0.8800300864986838,0.8845040495456936,0.017311197916666667,0.024641927083333334,6.0,1.0,0.9702048417132216,0.5701754385964912,0.618229854689564,0.8800300864986838,0.7262569832402235,0.5701754385964912,0.6242780748663102,0.7199471598414795,0.9313651748777736,0.812122211322931,0.683674885635656,0.6637015781922525,0.8007926023778071,0.9642722828130876,0.8749617277340695,0.7777173002050999,0.7017367228794362,0.8767503302509908,0.9870251974426476,0.9286254218551347,0.8667607397060817,0.7505271033122493,0.9564068692206077,0.9988717562993606,0.9771781849669742,0.9553747980389156,0.7935550483643082,0.9902245706737121,1.0,0.9950882782424001,0.9902245706737121,0.5751585229392019,0.7302865261662326,0.6293021357638416,0.8698758931929297,0.9208070844523427,0.017311197916666667,0.023929036458333334,1.0,1.0,0.9478584729981379,0.5751585229392018,0.6293021357638416,0.8698758931929297,0.7302865261662326,0.5751585229392019,0.6305732484076433,0.7321452863555978,0.9180142910868747,0.8146119262817325,0.6872111710441775,0.6716300167636328,0.812678547136444,0.9499811959383226,0.87598226618074,0.7793313573481364,0.712778940027894,0.8918514487824786,0.970477623166604,0.9295047661219952,0.8682941658271063,0.7654250781916406,0.9706162426880697,0.9887175629936066,0.9795832882479971,0.95998358020431,0.8130104517676623,0.9979594612977826,0.9941707408800301,0.9960614983117414,0.9921538985074573,8.138020833333333e-05,0.0,0.9999186197916666,0.3145214633059004,6.399786949157715,0.1337682455778122,0.7293965935707095,2.8552181792259224,1.0,0.0634290799498558,LAB02251,0.0,0.29624277456647397,0.08073394495412844,0.0012869496618832252,0.032641591007349764
LAB01009,0.6185760628308009,0.7643459915611815,0.6399929341105812,0.9486776643100288,0.9277603141064302,0.012431640625,0.018427734375,7.0,1.0,0.9979591836734694,0.6185760628308008,0.6399929341105812,0.9486776643100288,0.7643459915611815,0.6185760628308009,0.6598513011152416,0.768592121533298,0.9808850484420005,0.8618580834329763,0.7572501028980622,0.6883308714918759,0.8546193252075605,0.9939774810159727,0.9190455822897952,0.8502167780919175,0.7143468492564459,0.9058470234940823,0.9979052107881644,0.9496503259653436,0.9041277866231907,0.7454005934718101,0.9229818053347465,1.0,0.9599485577806357,0.9229818053347466,0.7713180835026545,0.9229818053347465,1.0,0.9599485577806357,0.9229818053347466,0.6341210971191996,0.776100496146944,0.6501591793420587,0.9625556428384394,0.9926623179317434,0.012431640625,0.018404947916666668,1.0,1.0,0.9979591836734694,0.6341210971191996,0.6501591793420587,0.9625556428384394,0.776100496146944,0.6341210971191996,0.6909306110371357,0.7911213300318358,0.9866457187745483,0.8781313320338714,0.7827398670700587,0.7313471502590674,0.8947647683056243,0.99528672427337,0.9423526276810212,0.8909894283714199,0.7740489598896678,0.9656880084895649,0.9979052107881644,0.9815323114854186,0.9637343654141524,0.8288068926765312,0.9998231340643792,1.0,0.9999115592111081,0.9998231340643791,0.8712054229295608,1.0,1.0,1.0,1.0,3.580729166666667e-05,0.0,0.9999641927083334,0.22127373900867192,6.290387153625488,0.09934288635849953,0.5108193039894108,2.026842863559726,1.0,0.05574237182736397,LAB00394,0.0,0.06993006993006994,0.20171890798786654,0.0015228780071863915,0.017138193688792165
LAB01360,0.6982269503546099,0.8223011067028607,0.836211778029445,0.8088456798575928,0.8981353562932746,0.023772786458333334,0.022994791666666667,20.0,1.0,0.9086357947434293,0.6982269503546099,0.836211778029445,0.8088456798575928,0.8223011067028607,0.6982269503546099,0.730012975346841,0.914920724801812,0.883198685471724,0.8987798884089384,0.8161673392527911,0.7516176343714951,0.9532842582106456,0.9292071751335068,0.9410917436129601,0.8887377522429887,0.7662230861244019,0.9722536806342016,0.9553608106257703,0.9637332243310136,0.9300049436679595,0.7791266427013966,0.9820215175537939,0.9830206764343421,0.9825208429744668,0.9656422307919678,0.7911234270658247,0.9868346545866364,0.9987676297412023,0.992765285059714,0.9856345004139081,0.6680871212121212,0.8010218563724099,0.8313448225069966,0.7728330822949473,0.9293522533716232,0.023772786458333334,0.022099609375,1.0,1.0,0.8848560700876095,0.6680871212121212,0.8313448225069966,0.7728330822949473,0.8010218563724099,0.6680871212121212,0.713849908480781,0.9173663278833407,0.844310557305217,0.8793236513009277,0.7846365744415711,0.7485494956708024,0.9627338341434674,0.8910036971107764,0.9254809713811782,0.8612978893177761,0.779250493096647,0.9876270437472382,0.9219498836094756,0.9536590278064718,0.9114228087687709,0.8185032788993185,0.9976432464280454,0.9605641517184719,0.9787526486008258,0.9583894119870882,0.8548723957006775,1.0,0.9902779679583733,0.9951152390780874,0.9902779679583732,0.0007063802083333334,0.0,0.9992936197916666,0.39784268101319564,10.597474098205566,0.13899457454681396,1.0804447650909426,3.456860899925234,1.0,0.0699552595615387,LAB01661,1.0,0.2314647377938517,0.23842794759825328,0.0009539685089974293,0.021438695960311834
LAB01373,0.6612786489746683,0.7961080453093232,0.8129510627780524,0.7799487811818268,0.8073082277719531,0.03431966145833333,0.03292643229166667,64.0,2.0,0.8816793893129771,0.6612786489746683,0.8129510627780524,0.7799487811818268,0.7961080453093232,0.6612786489746683,0.6715424610051993,0.8728620860108749,0.8362894811723418,0.8541844913708488,0.7454816983519377,0.6791702362011993,0.910430054374691,0.873280849852983,0.8914686003562666,0.8041888580177091,0.6869209222150399,0.9363321799307959,0.9037275917670492,0.9197410204583307,0.8514078918821458,0.7047057258171819,0.9567968363816115,0.9453665939485915,0.951047372573925,0.906663797494468,0.7385018753869124,0.9741967375185369,0.9767618324954946,0.9754775987302434,0.9521291067147689,0.5437044745057231,0.7044152342433434,0.8637553382008542,0.5947073887887698,0.8200240714676312,0.03431966145833333,0.023629557291666665,3.0,2.0,0.7010178117048346,0.5437044745057232,0.8637553382008542,0.5947073887887698,0.7044152342433434,0.5437044745057231,0.5742879137798307,0.9261606281857006,0.6500047424831642,0.763890403665476,0.6179795108222322,0.6004580470539246,0.9643201542912246,0.6937304372569477,0.8069455126426427,0.6763693705473967,0.6260831618976374,0.9866372778619644,0.733472446172816,0.8414245295715459,0.7262578494436601,0.666144036793143,0.9980713596914176,0.7918049890922887,0.8830530473357163,0.7905953324187385,0.7049878604591728,1.0,0.8473868917765341,0.9173897417466755,0.8473868917765343,0.0042545572916666665,0.0,0.9957454427083333,0.47386866483047924,10.900785446166992,0.1554824709892273,1.3199793815612804,4.380066657066346,1.0,0.07596254348754883,LAB00373,1.0,0.4907559091972853,0.24570273003033366,0.003875968992248062,0.022966507177033493
LAB01374,0.6307747489239598,0.7735890555579994,0.8345671981776766,0.7209149790932197,0.8490759666875011,0.039703776041666666,0.034296875,50.0,2.0,0.8766006984866124,0.6307747489239598,0.8345671981776766,0.7209149790932197,0.7735890555579994,0.6307747489239598,0.6554382860393099,0.8942672741078208,0.781995572681807,0.8343715909302237,0.7158126761821889,0.6715996384997741,0.9336560364464692,0.8273345904730671,0.8772856853955776,0.7813970784764429,0.6852139882594953,0.961085801063022,0.8652127572353857,0.9106328120329674,0.8359282545790482,0.7022762010988557,0.9810174639331815,0.9130933836189227,0.9458375223283886,0.8972407407418955,0.7260043138312213,0.9905087319665907,0.9511355251291301,0.97042291808204,0.9425451820219967,0.5838886420849991,0.7372849663425579,0.8576400217509516,0.6465524309256374,0.8738411507848047,0.039703776041666666,0.029931640625,1.0,2.0,0.7916181606519208,0.5838886420849992,0.8576400217509516,0.6465524309256374,0.7372849663425579,0.5838886420849991,0.612049474664184,0.9156063077759652,0.6964827416577847,0.7911523147470801,0.6544681554165794,0.6363966581910643,0.9549755301794454,0.7367385422644913,0.8317803717105161,0.7120068449187207,0.6601360992207223,0.9830342577487765,0.773058948921866,0.8654932746881062,0.7628806911216578,0.6936324706758518,0.998694942903752,0.8247929818807903,0.9034516420438365,0.8239049700715102,0.7272762271414822,1.0,0.8722636713946053,0.9317743913119636,0.8722636713946053,0.00171875,0.0,0.99828125,0.45221727682671675,10.827184677124023,0.1613074317574501,1.2108010053634686,3.887539050579093,1.0,0.07447381317615509,LAB00372,1.0,0.23428438877290653,0.1573720397249809,0.0021791388315729977,0.013061120973877759
LAB01433,0.6801389022861002,0.8096222298771386,0.7761144744083655,0.8461538461538461,0.8556461001164145,0.027125651041666667,0.029573567708333335,34.0,3.0,0.95703125,0.6801389022861001,0.7761144744083655,0.8461538461538461,0.8096222298771386,0.6801389022861002,0.7044594372223136,0.8413869014859658,0.920196807872315,0.8790289519820872,0.7841673998060659,0.7201006832074793,0.8805723720418271,0.9571582863314533,0.9172695016803478,0.8471817346088503,0.7340505379034276,0.9106219042377546,0.9818792751710068,0.9449090811844479,0.8955712387755224,0.7500125068787833,0.9457347275729224,0.9965198607944318,0.9704633416380702,0.9426214537927678,0.7786957215836526,0.972041827187672,1.0,0.9858227282875641,0.972041827187672,0.5966236762084511,0.7473566690746699,0.8253553814911517,0.6828273130925236,0.8763425417697879,0.027125651041666667,0.02244140625,3.0,3.0,0.7981770833333334,0.5966236762084512,0.8253553814911517,0.6828273130925236,0.7473566690746699,0.5966236762084511,0.6267676306906305,0.9009283434870903,0.7367094683787352,0.8105851442468877,0.6814990920334876,0.6511928831378893,0.9469103568320278,0.7719908796351854,0.8505505072633858,0.7399633586669314,0.6776198299878563,0.9746156077748767,0.8036721468858754,0.8809276404631644,0.7871945303231017,0.7136098130841122,0.9924572091673919,0.8390735629425177,0.9093427413231562,0.8337566491111483,0.7501399253731343,0.9998549463301422,0.8630745229809192,0.9264433732675144,0.8629664706996124,0.00302734375,0.0,0.99697265625,0.4402490855813206,9.900520324707031,0.13630984723567963,1.238741993904116,4.182302188873298,1.0,0.07331070303916931,LAB00486,1.0,0.5648883844116535,0.21677740863787376,0.003665218720499357,0.023198594024604568
LAB01435,0.7045099061522416,0.826642196222375,0.8124154516759357,0.8413760896637609,0.9152518908354287,0.020911458333333334,0.021656901041666666,11.0,5.0,0.9361111111111111,0.704509906152242,0.8124154516759357,0.8413760896637609,0.826642196222375,0.7045099061522416,0.741528676389955,0.888321058169247,0.9232565379825654,0.905451940369016,0.8272381759776543,0.7652848760174144,0.9264993236134075,0.9643524283935243,0.9450469839142331,0.8958190265389048,0.7867267513314216,0.9479933864422065,0.9841220423412205,0.9657199292476107,0.9337122086719662,0.8131718689288953,0.9679843679543063,0.9957970112079702,0.9816937371268162,0.9640456637838363,0.8349718049802884,0.9873741169397264,0.9992216687422167,0.9932625649487239,0.9866153083878659,0.6634565330557001,0.797684243467376,0.8018244731047499,0.7935865504358655,0.9047500974106478,0.020911458333333334,0.02069661458333333,4.0,5.0,0.8958333333333334,0.6634565330557002,0.8018244731047499,0.7935865504358655,0.797684243467376,0.6634565330557001,0.7025657967184231,0.8921044353570305,0.8609900373599004,0.876271122955055,0.7797887380623106,0.7322623828647925,0.9389745202893992,0.9045765877957659,0.9214546468123335,0.8543494662407587,0.7642085879300242,0.9666561811890532,0.9335305105853051,0.9498046084547735,0.904407518925844,0.8107871523803111,0.9844290657439446,0.9685554171855542,0.9764277318076687,0.9539411746002835,0.8541325587536308,0.9955960994023277,0.9919053549190535,0.993747300346886,0.9875723073234596,0.000673828125,0.0,0.999326171875,0.4157852198353309,9.296915054321289,0.10770424827933311,1.2396083354949972,3.472587192058567,1.0,0.07086208462715149,LAB02072,1.0,0.33559577677224733,0.24682539682539684,0.0009982772205825398,0.02706943899568458
LAB01437,0.7927501970055163,0.8843956043956045,0.8712471131639723,0.8979470395715561,0.9752384863495975,0.021881510416666666,0.022552083333333334,2.0,4.0,0.9934980494148244,0.7927501970055162,0.8712471131639723,0.8979470395715561,0.8843956043956045,0.7927501970055163,0.827574931880109,0.9473152424942263,0.9650401666170783,0.9560955616303194,0.9158841810496593,0.8532264080566953,0.973296766743649,0.9875037191312109,0.9803487748004124,0.9614550059590405,0.8768358876117497,0.9875866050808314,0.9952395120499852,0.9913982900023526,0.9829432968189842,0.9036114414470802,0.9974018475750578,0.999851234751562,0.9986250392260757,0.9972538542947756,0.9253580211196297,0.9998556581986143,1.0,0.9999278238902922,0.9998556581986141,0.7791333079171433,0.8758571428571429,0.8424017587249244,0.9120797381731628,0.9828210314325645,0.021881510416666666,0.02369140625,1.0,4.0,0.9947984395318595,0.7791333079171432,0.8424017587249244,0.9120797381731628,0.8758571428571429,0.7791333079171433,0.8165303303941358,0.9355592195658148,0.970395715560845,0.9526591018373504,0.9095979193676103,0.8445865692096848,0.9721077219016213,0.9891401368640286,0.9805499705616195,0.9618421131458584,0.8721845959993699,0.9901071723000825,0.995983338292175,0.9930365625083171,0.9861694333033012,0.9022097727980081,0.9990381973069524,0.999702469503124,0.9993702230211455,0.9987412387811285,0.9276074802390591,1.0,1.0,1.0,1.0,6.510416666666667e-06,0.0,0.9999934895833333,0.2984316158575287,6.292525291442871,0.11726753041148186,0.8380951523780826,2.3780692100524945,1.0,0.061678696423769,LAB02177,1.0,0.09137055837563451,0.27550130775937226,0.00020378778008291824,0.024302723862338935
LAB01661,0.5960851063829787,0.7469339874160179,0.6638862559241706,0.8537298878595807,0.8562129485128129,0.026705729166666668,0.034342447916666664,75.0,1.0,0.9536817102137767,0.5960851063829787,0.6638862559241706,0.8537298878595807,0.7469339874160179,0.5960851063829787,0.6374355195283714,0.7675829383886256,0.9018771331058021,0.829328609548805,0.7084213523225924,0.66601600624634,0.8444549763033176,0.9375914188200878,0.8885893672898261,0.7995149057760962,0.6919860227988772,0.9045497630331754,0.9668454412481716,0.9346607416433856,0.8773362422456743,0.7258011848672855,0.9545971563981043,0.9965870307167235,0.9751402783067223,0.9514865865697124,0.7631219660194175,0.978957345971564,1.0,0.9893667975859757,0.978957345971564,0.5522785822155104,0.7115714776238984,0.6706580366774542,0.7578010726474891,0.913712534593763,0.026705729166666668,0.03017578125,1.0,1.0,0.8741092636579573,0.5522785822155103,0.6706580366774542,0.7578010726474891,0.7115714776238984,0.5522785822155104,0.6021768278255383,0.7782092772384035,0.7918088737201365,0.7849501751970175,0.646023034754394,0.6407360045467463,0.8576051779935275,0.8194783032666991,0.838108351775987,0.7213309029779682,0.6785645871911117,0.9245954692556634,0.8437347635299853,0.8823163514932516,0.7894151020926602,0.7300894378194208,0.9803667745415319,0.8816431009263774,0.9283877755318417,0.8663467570954606,0.7769360633738799,0.9939590075512406,0.9174792784007801,0.9541891043098615,0.912391626671842,0.0016178385416666667,0.0,0.9983821614583334,0.4320784692452677,10.397639274597168,0.1637474223971367,1.137261414527894,3.620542738437653,1.0,0.07293375581502914,LAB00377,1.0,0.41066935078007044,0.10547002947920078,0.002753908691876476,0.004664629242399871
LAB02036,0.7469212921649118,0.855128729055987,0.809477756286267,0.9062364660025986,0.9069260063152345,0.015032552083333333,0.016829427083333334,4.0,5.0,0.9840319361277445,0.7469212921649117,0.809477756286267,0.9062364660025986,0.855128729055987,0.7469212921649118,0.7713270142180095,0.8885880077369439,0.963620614984842,0.9245845332750572,0.8597463602516112,0.7925079365079365,0.9150870406189555,0.9848419229103508,0.9486839750465368,0.9023775463600782,0.8113414500383899,0.927852998065764,0.9952360329146817,0.9603639998426619,0.9237502353682642,0.8384056717966454,0.9454545454545454,1.0,0.9719626168224299,0.9454545454545455,0.864209052729818,0.9620889748549323,1.0,0.9806782334384857,0.962088974854932,0.7441416420760284,0.8533041401273885,0.7895027624309392,0.9283239497618017,0.9397268924145552,0.015032552083333333,0.01767578125,1.0,5.0,0.9860279441117764,0.7441416420760285,0.7895027624309392,0.9283239497618017,0.8533041401273885,0.7441416420760284,0.7778103473545361,0.8893186003683241,0.9692507579038545,0.9275658436834741,0.864916357074425,0.8051568652356154,0.9302025782688766,0.9852750108271979,0.9569470930827848,0.9174482777782389,0.8272546419098143,0.9462246777163904,0.992637505413599,0.9688755723038543,0.939630122495134,0.861297144871343,0.9639042357274401,0.9974014724989173,0.9803668036350156,0.9614896877916936,0.8947007138934652,0.9802946593001841,1.0,0.9900492885706315,0.9802946593001841,0.0,0.0,1.0,0.21710871473883647,5.564850807189941,0.10596378520131111,0.47254368364811,1.9468323791027078,1.0,0.05494341999292374,LAB00374,1.0,0.06042296072507553,0.23184601924759404,0.00035496402257173093,0.028458129227898296
LAB02071,0.9227611659260375,0.9598292104902364,0.9775392962578792,0.9427494132584356,0.9796386593224126,0.08460611979166667,0.08159505208333333,4.0,1.0,0.9707259953161592,0.9227611659260375,0.9775392962578792,0.9427494132584356,0.9598292104902364,0.9227611659260375,0.926352378883337,0.9902258038777627,0.9642568581432034,0.977068808082634,0.9551657196523958,0.9290248325892857,0.9958110588047554,0.9794544265322611,0.9875650202733964,0.9754354996111226,0.9301530936987036,0.9987632649804516,0.988842291562464,0.9937780184006584,0.9876329841463967,0.933586574088489,0.99996010532195,0.9978838828825363,0.998920915264345,0.9978441568661083,0.9379337695815982,0.99996010532195,0.9999615251433188,0.9999608152321304,0.9999216335350326,0.853943265647578,0.9212183365808636,0.9865137937093656,0.8640298564887846,0.9364881693648817,0.08460611979166667,0.0741015625,1.0,1.0,0.8805620608899297,0.8539432656475777,0.9865137937093656,0.8640298564887846,0.9212183365808636,0.853943265647578,0.8579940054097521,0.9947724477244773,0.889307837328306,0.9390883617200592,0.8851711375724051,0.8616635573233834,0.997803549464066,0.9113154553499289,0.9526004337463655,0.9094909568787115,0.8630725029575799,0.9995167808820945,0.9305528836905083,0.9638027474545591,0.9301344363604098,0.8676701652944504,1.0,0.9594475010580585,0.9793041156142004,0.9594475010580584,0.8745428571428572,1.0,0.9828402139202032,0.9913458553244333,0.982840213920203,9.765625e-06,0.0,0.999990234375,0.39968202946718523,6.1941728591918945,0.2069816142320633,1.0177410244941778,2.490268483161927,1.0,0.06844735145568848,LAB02087,1.0,0.5789473684210527,0.016286644951140065,0.0009291496678556935,0.0
LAB02072,0.8994852984677274,0.947083190581493,0.971905264167226,0.9234974337170103,0.9530500968724052,0.10718424479166666,0.101845703125,24.0,1.0,0.9942396313364056,0.8994852984677276,0.971905264167226,0.9234974337170103,0.947083190581493,0.8994852984677274,0.9046567586694976,0.9812382139546777,0.9541106083153643,0.9674842885640265,0.9370165294806948,0.9083745448616923,0.9866398184549493,0.9733045828651259,0.9799268349577972,0.9606436759046155,0.9095540076931073,0.9900917313900341,0.9851793361071461,0.9876294253142055,0.9755611729634992,0.912177423230333,0.9935436443251191,0.9949281744465028,0.9942354273765517,0.9885369344270858,0.9194857916102842,0.9966759356921405,0.9995444468065721,0.9981081302654875,0.9962234053560813,0.8210345967717697,0.9017232272547208,0.987634233647901,0.8295623652321803,0.9788235294117648,0.10718424479166666,0.090029296875,2.0,1.0,0.9585253456221198,0.8210345967717695,0.987634233647901,0.8295623652321803,0.9017232272547208,0.8210345967717697,0.8266697480933672,0.9942510033626206,0.8583836972697179,0.9213352767161656,0.8541442552337275,0.8319428221814339,0.9972882091333116,0.8813739484313785,0.9357550989873689,0.8792666970703792,0.8357261034317126,0.9990237552879921,0.9011753272390439,0.9475802486905216,0.9003824258443366,0.8437236731255265,1.0,0.9311810975794941,0.9643643454739889,0.9311810975794941,0.8553181920395773,1.0,0.9587572508883287,0.9789444306623667,0.9587572508883287,0.00010091145833333333,0.0,0.9998990885416666,0.5011209693950028,6.734219551086426,0.21878734230995178,1.5379420518875124,3.225839323997501,1.0,0.07606086134910583,LAB00846,1.0,0.5543478260869565,0.09649122807017543,0.0020808159719053337,0.0006589785831960461
LAB02075,0.9189490643202377,0.9577628519762335,0.9388452772853887,0.9774584761402584,0.9542974969331559,0.07408203125,0.07712890625,6.0,1.0,0.9836956521739131,0.9189490643202379,0.9388452772853887,0.9774584761402584,0.9577628519762335,0.9189490643202377,0.9216058914360375,0.9651388537182409,0.9863784163810528,0.9756430534380928,0.9524444157016606,0.9245814307458143,0.9813454883092766,0.9905527726513753,0.9859276349278843,0.9722458365757458,0.9279167427423772,0.9908415632649616,0.9933649705598031,0.9921016623454517,0.9843271144331317,0.9345344938530836,0.9979741706761205,0.9968802179453379,0.9974268943558594,0.994866996472068,0.9411078359125522,0.9989870853380602,0.9994287722998506,0.9992078800084508,0.9984170139318125,0.9169445156877832,0.9566729847251645,0.9712047810929506,0.9425696458388259,0.9855272226051,0.07408203125,0.07189778645833333,1.0,1.0,0.9714673913043478,0.9169445156877832,0.9712047810929506,0.9425696458388259,0.9566729847251645,0.9169445156877832,0.9198656233356549,0.9864173495721466,0.9634853677827577,0.9748165120043059,0.9508702816801513,0.9229739835478411,0.9940236338117444,0.9766236048861938,0.9852468016921443,0.9709225882067535,0.9247640619101548,0.9979173269343958,0.9841813867650936,0.9910017618306292,0.9821640160924434,0.9285539601020159,0.9998188979942952,0.990464891466737,0.9951199135842642,0.9902872263433095,0.9332343745065218,1.0,0.9943316635908253,0.9971577764558134,0.9943316635908254,0.0,0.0,1.0,0.38745656427803626,4.911789894104004,0.1843293085694313,1.0724416017532352,2.356772556304932,1.0,0.06750871986150742,LAB00310,1.0,0.6082631981637338,0.0015723270440251573,0.002868156416707187,4.661787329262039e-05
LAB02080,0.8917658730158728,0.942786721904662,0.9336957274426979,0.9520564872021182,0.896021511041385,0.09220377604166667,0.09401692708333333,17.0,1.0,0.9954648526077098,0.8917658730158731,0.9336957274426979,0.9520564872021182,0.942786721904662,0.8917658730158728,0.8900185132887759,0.9530503427740461,0.9715798764342454,0.9622259123094556,0.9272017134777251,0.8886927909063715,0.963402811439651,0.9822418358340689,0.9727311176603136,0.946909941869203,0.8872854581163009,0.9711931306696212,0.9881376875551633,0.9795921397069972,0.9600005819493731,0.8921868865331762,0.9792950626687903,0.9944218887908208,0.986800508738045,0.9739449311299698,0.900250082574435,0.9859428017450315,0.999117387466902,0.9924863756019068,0.9850848182771088,0.8659991770676176,0.9281881661153988,0.9678482467905729,0.8916504854368932,0.9586776859504132,0.09220377604166667,0.08494466145833333,1.0,1.0,0.9206349206349206,0.8659991770676176,0.9678482467905729,0.8916504854368932,0.9281881661153988,0.8659991770676176,0.8705762734100824,0.9824870664878329,0.9150573698146514,0.9475741529290392,0.9003714186289347,0.875062893081761,0.9903429775819123,0.9309443954104148,0.9597255022584539,0.922569479826752,0.8791136000963479,0.9957463115539376,0.943477493380406,0.9689074893544856,0.9396901629591917,0.886500597072954,0.9995018202720828,0.9579170344218888,0.9782676990960139,0.9574598926063933,0.8959812056383085,1.0,0.9706972639011474,0.9851307774991043,0.9706972639011474,0.0002897135416666667,0.0,0.9997102864583334,0.5116775926466289,8.344507217407227,0.20641104131937027,1.5807406067848215,3.6143806791305546,1.0,0.0771777331829071,LAB00862,1.0,0.5597914630172695,0.0166865315852205,0.003920355637399474,0.0002771618625277162
LAB02087,0.9021763417795056,0.9485727710560319,0.9562334217506632,0.9410338880343075,0.9901085018949134,0.069833984375,0.06872395833333333,2.0,1.0,0.994413407821229,0.9021763417795058,0.9562334217506632,0.9410338880343075,0.9485727710560319,0.9021763417795056,0.9061791746846269,0.9786851079954528,0.9584673472241645,0.9684707227876395,0.938868866044081,0.9100045120800689,0.9911424782114437,0.9708665454714959,0.9808997433507256,0.9625154512038401,0.9135045958048551,0.996684350132626,0.9802358644478628,0.9883916794702124,0.9770497725370465,0.9200710479573713,0.9997158014399393,0.9911434298233347,0.9954111598930345,0.990864242317331,0.9276219093967404,1.0,0.9974362560014917,0.9987164826958531,0.9974362560014916,0.8685659234792182,0.929660455181557,0.982103952692188,0.8825339113410712,0.9894142554693014,0.069833984375,0.06275390625,1.0,1.0,0.979050279329609,0.8685659234792182,0.982103952692188,0.8825339113410712,0.929660455181557,0.8685659234792182,0.8731585408628552,0.9917003838572466,0.9104554141611896,0.9493428294876285,0.9035705043774315,0.8774096006047625,0.9966282809420064,0.9311052067309933,0.9627531891668539,0.928181392424377,0.8801204819277109,0.998755057578587,0.9474665547942013,0.9724350068578026,0.9463489057603915,0.8854798166494159,1.0,0.9706800913625134,0.9851219339120563,0.9706800913625135,0.893504682207611,1.0,0.988626299352072,0.9942806244432986,0.9886262993520722,0.0,0.0,1.0,0.35284329988382523,4.026711940765381,0.20611830055713654,0.7402542352676406,2.357881746292116,1.0,0.06517644971609116,LAB00202,1.0,0.4984126984126984,0.008695652173913044,0.002039228877162739,5.281783129984683e-05
LAB02102,0.9322274699535382,0.964925180342203,0.9541363725682845,0.975960765396366,0.9728900953616368,0.0809765625,0.08282877604166666,1.0,1.0,0.9829619921363041,0.9322274699535383,0.9541363725682845,0.975960765396366,0.964925180342203,0.9322274699535382,0.935182103900906,0.9767734328944783,0.9857694163048721,0.9812508065230933,0.9631917382669679,0.9380685669437409,0.9888386716447239,0.9913169319826338,0.9900762509824484,0.9803475281629819,0.9414820421081602,0.9955590489290627,0.9939298922656375,0.9947438035538249,0.9895425733962009,0.9467630522088354,0.9995283945765376,0.9960604598810098,0.9977914139399828,0.9955925620859031,0.9522496626972488,1.0,0.9975880366618427,0.9987925621830475,0.9975880366618426,0.9194667928695376,0.9580439695911238,0.979826847104312,0.9372085544299726,0.985372340425532,0.0809765625,0.07745442708333333,1.0,1.0,0.9711664482306684,0.9194667928695378,0.979826847104312,0.9372085544299726,0.9580439695911238,0.9194667928695376,0.9216942853892534,0.9913003278137346,0.9579514391381251,0.9743406077627681,0.94996508113427,0.9238383985973115,0.9966798352525846,0.9729860106126387,0.9846904121287495,0.9698425228045972,0.9252566446350724,0.9992014793645457,0.9831162566328991,0.9910936074237832,0.9823444620001373,0.9280102141033196,1.0,0.9932465026531597,0.9966118102613747,0.9932465026531596,0.9325109502100652,1.0,0.9964222543817334,0.9982079213901698,0.9964222543817335,0.0,0.0,1.0,0.3787731512079093,3.470548152923584,0.2072373405098915,0.9126667499542251,2.335818195343019,1.0,0.06655226647853851,LAB02153,1.0,0.617157490396927,0.0,0.0024375186273257548,0.0
LAB02105,0.9195042400521852,0.9580642968803099,0.9616591622322281,0.9544962080173348,0.9568861371186952,0.09614583333333333,0.0954296875,9.0,1.0,0.9943117178612059,0.9195042400521852,0.9616591622322281,0.9544962080173348,0.9580642968803099,0.9195042400521852,0.9233981550735477,0.9782030290626279,0.9745395449620802,0.9763678505338511,0.9538268713453878,0.9263686349509921,0.9859803520261973,0.9851029252437703,0.9855414433419265,0.9714950274445824,0.928418161531199,0.9899713467048711,0.9923821776814734,0.9911752962321501,0.9825049808259242,0.9319160174303447,0.9923932323645791,0.9990520043336945,0.9957114859204564,0.991459597477376,0.9362366514111365,0.9936553417928776,1.0,0.9968175751976184,0.9936553417928778,0.7971469141102265,0.8871249287984858,0.9699843291678386,0.8173076923076923,0.9479353680430879,0.09614583333333333,0.08101236979166666,1.0,1.0,0.9010238907849829,0.7971469141102269,0.9699843291678386,0.8173076923076923,0.8871249287984858,0.7971469141102265,0.8022457694132532,0.9868606099570056,0.8373848862405201,0.9059988486490619,0.828151640910323,0.8070500364342968,0.9948165709004702,0.8525866738894908,0.9182265471343938,0.8488159371095876,0.8104175760221155,0.9986740065094226,0.8644027627302275,0.9266999455378516,0.8634118126475259,0.8183310459890746,1.0,0.8826516793066089,0.9376685969140022,0.882651679306609,0.8283466096755392,1.0,0.9003927410617552,0.9475859611615892,0.9003927410617552,0.0007161458333333333,0.0,0.9992838541666667,0.5251906760506972,8.335925102233887,0.19970689713954926,1.6722873210906992,3.8765239691734403,1.0,0.07806704938411713,LAB02373,1.0,0.7529651593773166,0.10174029451137885,0.001635869231574804,0.0004556752278376139
LAB02108,0.9369143501833338,0.967429819593884,0.9648539615943198,0.9700194678780013,0.9660892606339079,0.10032552083333333,0.10086263020833333,10.0,1.0,0.9951278928136419,0.9369143501833339,0.9648539615943198,0.9700194678780013,0.967429819593884,0.9369143501833338,0.9392293379749115,0.9804098757463289,0.9863075924724205,0.9833498911862951,0.9672451541206574,0.9408088023503658,0.9871873487171212,0.9935756002595717,0.9903711729634238,0.9809260061148641,0.9421594895450653,0.9900274326286913,0.9974042829331603,0.9937021672676899,0.987483163478132,0.94125003190159,0.9924156850088752,0.9994808565866321,0.9959357408675137,0.9919043844146035,0.9407160124323702,0.9938357269646603,1.0,0.9969083345473381,0.9938357269646604,0.861056627649478,0.9253416740327735,0.9717937732076549,0.8831278390655418,0.9769470404984424,0.10032552083333333,0.091171875,1.0,1.0,0.9549330085261876,0.861056627649478,0.9717937732076549,0.8831278390655418,0.9253416740327735,0.861056627649478,0.8669198055893074,0.9868966009711511,0.9013951979234264,0.9422101578613196,0.8907347379667805,0.8720196353436185,0.9934304484433019,0.9123621025308242,0.9511720383171711,0.9068904272832597,0.8771141203573636,0.9961082547843473,0.9201817001946788,0.9566408101068893,0.9168854018575276,0.8862295766560526,0.9985361325335619,0.9316677482154445,0.9639436739172883,0.9303969771237451,0.89690014197823,0.9999285918309054,0.9438027255029202,0.9710553324549064,0.9437391174509876,0.00010416666666666667,0.0,0.9998958333333333,0.4998318999240049,7.120861530303955,0.20922601968050003,1.6168069839477568,3.288908977508545,1.0,0.07594142109155655,LAB02476,1.0,0.747917823431427,0.0670886075949367,0.0012772596973765376,0.0005878462781982512
LAB02123,0.9404489418945509,0.9693106802143906,0.9561134925494998,0.9828772872251134,0.9971883786316776,0.07756510416666666,0.079736328125,1.0,1.0,1.0,0.9404489418945509,0.9561134925494998,0.9828772872251134,0.9693106802143906,0.9404489418945509,0.943776807450056,0.9784854051847316,0.9934111129763303,0.985891771138332,0.9721760883894919,0.9466999404052443,0.9902837313737497,0.9981954003693134,0.9942238265798046,0.9885139982973482,0.9499820595622533,0.9969789753010818,0.9997062279670975,0.9983407390703033,0.996686975313029,0.9559005587713721,0.9999591753419065,1.0,0.9999795872542816,0.9999591753419066,0.9612537695330348,1.0,1.0,1.0,1.0,0.9292621702810583,0.9633342576200328,0.9794838429841682,0.9477085781433607,0.9977989728539985,0.07756510416666666,0.075048828125,1.0,1.0,0.9956076134699854,0.9292621702810584,0.9794838429841682,0.9477085781433607,0.9633342576200328,0.9292621702810583,0.9318703044681692,0.9922793320320972,0.9683985227463489,0.9801934947647987,0.9611563465549119,0.9343026796589525,0.9976144003469963,0.9820379385596777,0.9897648894606222,0.9797371712137125,0.9357270963727535,0.9993493819128172,0.9909770018465671,0.9951455825196028,0.9903380680903621,0.9389060957761819,1.0,0.9987409770018466,0.9993700919665729,0.9987409770018466,0.942992213570634,1.0,1.0,1.0,1.0,0.0,0.0,1.0,0.3874885682860501,3.544759750366211,0.18365053832530975,1.0600970387458832,2.401542603969574,1.0,0.06738552451133728,LAB02036,1.0,0.6725521669341894,0.004228329809725159,0.0021350375929218555,0.0
LAB02153,0.7215326497571506,0.8382445141065831,0.7750724637681159,0.9126279863481229,0.9503314337331793,0.014306640625,0.016845703125,3.0,2.0,0.9641509433962264,0.7215326497571506,0.7750724637681159,0.9126279863481229,0.8382445141065831,0.7215326497571506,0.7640296475571018,0.901256038647343,0.9476678043230944,0.923879406418054,0.8585277634571177,0.7956032452237635,0.961352657004831,0.9629124004550625,0.9621318965925962,0.9270271371032991,0.8222678530686744,0.9818357487922705,0.9736063708759954,0.9777037433765893,0.9563800483882156,0.8591754834002189,0.9930434782608696,0.9879408418657566,0.990485588356027,0.9811505184389018,0.8912393162393163,0.9980676328502416,0.9981797497155859,0.9981236881344584,0.9962544041748072,0.6933809766887868,0.8189308681672026,0.7333093395717114,0.9271899886234357,0.9666397440770302,0.014306640625,0.018089192708333333,1.0,2.0,0.969811320754717,0.6933809766887868,0.7333093395717114,0.9271899886234357,0.8189308681672026,0.6933809766887868,0.7439360929557008,0.8738527982724492,0.9510807736063709,0.9108327099746515,0.8362652076647046,0.7806672586578713,0.9560914162317797,0.9651877133105802,0.9606180315594584,0.924220412444466,0.8145954403218596,0.9883030412092856,0.9758816837315131,0.9820530866019864,0.9647389993293366,0.8558818230949379,0.9998200467878352,0.9902161547212742,0.994994926617633,0.9900397052414426,0.8915782024062279,1.0,0.9988623435722411,0.9994308480364257,0.9988623435722412,3.2552083333333335e-06,0.0,0.9999967447916667,0.22031231353618447,5.8629231452941895,0.12678298354148865,0.4338078379631043,1.8237102150917115,1.0,0.05572771653532982,LAB02481,1.0,0.034375,0.2631578947368421,0.00023894624705050727,0.018404907975460124
LAB02177,0.663994013256361,0.7980725987793126,0.69575445278369,0.9356733956010846,0.8858819362602448,0.021608072916666665,0.029059244791666668,16.0,3.0,0.9853479853479854,0.6639940132563609,0.69575445278369,0.9356733956010846,0.7980725987793126,0.663994013256361,0.6934957197069985,0.8012770247563571,0.9731846941849955,0.8789037576535639,0.7839681594276265,0.7146839448504483,0.8504536798476532,0.9834287435974691,0.9121201917506129,0.838438387066301,0.7314142517509478,0.8689369329001905,0.9900572461584815,0.9255513724181573,0.8614198470346656,0.7561768530559168,0.8829393973339308,0.9950286230792408,0.9356389067778759,0.8790615447483433,0.7925088947100911,0.8916769351405848,0.9983428743597469,0.9419999832317998,0.8903591382817386,0.6767149299786377,0.8071913929784825,0.7612817089452604,0.85899367279301,0.9273947528981086,0.021608072916666665,0.024381510416666665,5.0,3.0,0.927960927960928,0.6767149299786376,0.7612817089452604,0.85899367279301,0.8071913929784825,0.6767149299786377,0.7122627593667027,0.8862483311081442,0.8954504368785778,0.8908256205064766,0.8031429836246756,0.736705032344787,0.9412550066755674,0.914281410063272,0.9275721532266483,0.8649273291601525,0.7599079335395238,0.9579439252336449,0.9284423018981621,0.9429624222666059,0.8920803215800523,0.7876532154250854,0.962082777036048,0.9451642060861706,0.9535484519764308,0.9112208336615256,0.8104082855430969,0.9636849132176235,0.9576679722808075,0.9606670213726141,0.9243111121532355,0.001572265625,0.0,0.998427734375,0.351547569380964,9.586874008178711,0.13784720748662949,0.8799221456050922,3.26776889801026,1.0,0.0665174126625061,LAB00234,0.0,0.6239316239316239,0.17058165548098433,0.004126865122132448,0.013153279551034725
LAB02179,0.7959866220735785,0.8864059590316573,0.8721143275925247,0.9011737978038622,0.9629319758566174,0.017194010416666666,0.01776692708333333,3.0,3.0,0.9983552631578947,0.7959866220735786,0.8721143275925247,0.9011737978038622,0.8864059590316573,0.7959866220735785,0.8235050978230918,0.9439355075119091,0.9685725104127224,0.956095321546042,0.9158837404216225,0.8432223264540337,0.9622572370831807,0.9920484664899659,0.9769257846117846,0.9548923918887747,0.8591832629249648,0.9699523635031146,0.9990533888678531,0.9842878261084946,0.9690617592357741,0.8815128688010044,0.978746793697325,1.0,0.9892592592592593,0.9787467936973251,0.901544170457266,0.9866251374129718,1.0,0.993267545882136,0.9866251374129716,0.7948343079922028,0.8856910127613359,0.8484480665857465,0.9263536539189701,0.9685721065853466,0.017194010416666666,0.018772786458333333,1.0,3.0,0.9983552631578947,0.7948343079922028,0.8484480665857465,0.9263536539189701,0.8856910127613359,0.7948343079922028,0.8247200107947645,0.938442864574302,0.9769026883756153,0.957286643005583,0.9180726770058134,0.8464471403812825,0.9641061210334663,0.9929950776221128,0.9783373830124161,0.9575934038744474,0.8643611720151485,0.9729495404889891,0.9990533888678531,0.985828693408652,0.9720534262816445,0.8916967509025271,0.9819663603259927,1.0,0.9909011373578303,0.9819663603259927,0.9182131415100042,0.9887289752037455,1.0,0.9943325486092947,0.9887289752037455,0.0,0.0,1.0,0.20194778124555646,5.0375823974609375,0.07836194336414337,0.50547571182251,1.9638360738754286,1.0,0.05376129969954491,LAB02195,1.0,0.02313624678663239,0.22768878718535468,7.640079191081702e-05,0.02902105048027795
LAB02190,0.7325346614618389,0.8456219407971409,0.9012918184829414,0.7964290941021513,0.9543156104429428,0.022242838541666667,0.019654947916666665,4.0,1.0,0.940952380952381,0.7325346614618388,0.9012918184829414,0.7964290941021513,0.8456219407971409,0.7325346614618389,0.7617192112409966,0.9630672408082146,0.8589199473145032,0.9080169927952321,0.8315303322526533,0.7848034566339973,0.985591255382577,0.9028245280257573,0.9423941144583018,0.8910636063410465,0.8051262721447418,0.9961907916528652,0.9398507244255817,0.9672009917406152,0.9364852057426698,0.8338271990018715,0.9998343822457767,0.9792184984633396,0.9894190620555057,0.979059692208294,0.8618999748680573,1.0,0.9986828625786623,0.9993409972907666,0.9986828625786622,0.7135156455429924,0.8328090232486764,0.8753225806451613,0.7942338650665887,0.9458079737756946,0.022242838541666667,0.020182291666666668,1.0,1.0,0.9238095238095239,0.7135156455429924,0.8753225806451613,0.7942338650665887,0.8328090232486764,0.7135156455429924,0.7450457758720593,0.9474193548387096,0.8492609395580272,0.8956587924463673,0.811034475866798,0.7702842913467525,0.9808064516129033,0.8911166398360896,0.9338128831076115,0.8758433377336169,0.7921013412816692,0.9958064516129033,0.925215864188497,0.9592141841508549,0.9216249583188848,0.8223047751722002,1.0,0.9701448851163471,0.984846233843411,0.9701448851163469,0.8527388694347173,1.0,0.9944387531099078,0.9972116231288524,0.9944387531099078,0.0,0.0,1.0,0.216575438708763,4.617955684661865,0.12286392599344254,0.4627208679914475,1.6597286534309414,1.0,0.05548899248242378,LAB00973,1.0,0.09815078236130868,0.25614489003880986,7.00948617128514e-05,0.022664455500276397
LAB02195,0.7853373750982374,0.8797635517544963,0.9628355127322781,0.8098876924858168,0.9658465640528422,0.028115234375,0.023649088541666665,9.0,1.0,0.9560439560439561,0.7853373750982373,0.9628355127322781,0.8098876924858168,0.8797635517544963,0.7853373750982374,0.8093167101575336,0.9922918100481762,0.8962602755586431,0.94183447508423,0.8900634663553229,0.8271059782608695,0.9975223675154852,0.9374782910732893,0.966568729839939,0.9353004478858414,0.8388010736653743,0.9983482450103235,0.9629500984138011,0.9803297331150049,0.961418377050287,0.858221121912928,0.9983482450103235,0.9858747250202616,0.9920722785593417,0.9842692659959247,0.8854025873720796,0.9986235375086029,0.9960634479564664,0.9973418498535861,0.9946977937674457,0.7603012848914487,0.8638308582934809,0.9461061337008959,0.7947203890239667,0.9746425463003355,0.028115234375,0.023616536458333334,1.0,1.0,0.9546703296703297,0.7603012848914489,0.9461061337008959,0.7947203890239667,0.8638308582934809,0.7603012848914487,0.7887364482394704,0.988973121984838,0.8711358110455019,0.9263219883783135,0.8627558526407689,0.811980315628712,0.9990351481736733,0.9128169503299757,0.9539819716620275,0.9120129345933148,0.830477908025248,1.0,0.9438462429084172,0.9711120376436954,0.9438462429084176,0.8597009414805242,1.0,0.9803172397823319,0.9900608044901777,0.9803172397823319,0.8846134969325153,1.0,0.9962950098413801,0.9981440668135947,0.99629500984138,0.00030924479166666665,0.0,0.9996907552083333,0.3387524419085336,8.956104278564453,0.16414179652929306,0.7584450244903582,3.1246887063980138,1.0,0.06510984152555466,LAB02360,1.0,0.19740552735476594,0.4859335038363171,0.00023141005862388153,0.03190559440559441
LAB02205,0.8305020762551907,0.9074035883687358,0.9251471825063078,0.8903278025091056,0.9779309984590875,0.016087239583333333,0.015481770833333333,1.0,1.0,0.9866666666666667,0.8305020762551907,0.9251471825063078,0.8903278025091056,0.9074035883687358,0.8305020762551907,0.8522816371334483,0.9798149705634988,0.962970457304735,0.9713196905258561,0.944238634277339,0.8688811188811189,0.9901177460050462,0.9842169162282477,0.9871585130087748,0.9746426520711103,0.8840562856146064,0.9920100925147183,0.9927154997976527,0.992362670798948,0.9848411149930152,0.9046040515653775,0.9936921783010934,0.9965600971266694,0.995124071403371,0.9902954614438051,0.9257322924872878,0.9953742640874684,0.9995953055443141,0.9974803192863786,0.9949733042411141,0.8323561744228654,0.9085091490850914,0.8980035580154181,0.9192634560906515,0.9835732571337616,0.016087239583333333,0.016468098958333333,1.0,1.0,0.9847619047619047,0.8323561744228655,0.8980035580154181,0.9192634560906515,0.9085091490850914,0.8323561744228654,0.8581527585676963,0.9737102194109508,0.9710643464184541,0.9723854830547045,0.9462551054117396,0.8768394537982235,0.9950583119193517,0.9868474301902064,0.9909358625317858,0.9820345662249845,0.8906807971431863,0.9990116623838703,0.9929178470254958,0.995955433444707,0.9919434521334664,0.9110561509572227,0.9996046649535482,0.9957507082152974,0.9976739646953948,0.9953587251599262,0.9284747453159508,1.0,0.9989882638607851,0.9994938758983704,0.9989882638607853,0.0,0.0,1.0,0.2110080803002711,4.778029441833496,0.11737266182899475,0.4241104543209081,1.8756068205833438,1.0,0.05445476993918419,LAB00359,0.0,0.06265664160401002,0.40310077519379844,0.00015907629696893373,0.03697996918335902
LAB02251,0.8940898884956424,0.9440839042816097,0.9403618315722062,0.9478355589623593,0.9569416498993963,0.08068684895833333,0.081328125,3.0,1.0,0.9902439024390244,0.8940898884956425,0.9403618315722062,0.9478355589623593,0.9440839042816097,0.8940898884956424,0.8981118240146655,0.9556916426512968,0.9657481744462824,0.9606935913488326,0.9243603073665637,0.9022370097692198,0.9666986871597822,0.9789405736878203,0.9727811176869385,0.9470047079902372,0.9058767319636885,0.9760646813960935,0.9871303505870013,0.9815663298300484,0.9637999592710336,0.9124048051492847,0.9879923150816523,0.996933876628878,0.9924429561837659,0.9849992735148555,0.9205461903514135,0.9967579250720461,1.0,0.9983763305069456,0.9967579250720461,0.8663516440244142,0.9283905814836695,0.9731080543146534,0.8876023722112397,0.9909762100082035,0.08068684895833333,0.07359700520833333,1.0,1.0,0.9821138211382113,0.8663516440244142,0.9731080543146534,0.8876023722112397,0.9283905814836695,0.8663516440244142,0.8709921928295308,0.9837232960325534,0.9145923266228265,0.9478990399004066,0.9009582500625007,0.875598435844023,0.9907116634968376,0.9370234397062976,0.9631199319288768,0.9288633869879859,0.8787217568804111,0.9951346808792959,0.9535240246903619,0.9738850865047654,0.9490994368139919,0.8849609759296911,0.998717324959087,0.9784564489450115,0.9884830763759946,0.9772284113987076,0.8940417139783661,0.9999557698261754,0.9970952515431476,0.9985234620227195,0.9970512779455368,0.0,0.0,1.0,0.4101000006520917,4.753484725952148,0.1981581449508667,1.1588914394378664,2.4511779332160963,1.0,0.06914053112268448,LAB00327,1.0,0.5358937544867193,0.0,0.003129823814339703,0.0
LAB02277,0.8688623887942454,0.9298302475387917,0.9480750165234633,0.9122744256300183,0.9582282251743002,0.08189453125,0.07880208333333333,5.0,1.0,0.931930693069307,0.8688623887942457,0.9480750165234633,0.9122744256300183,0.9298302475387917,0.8688623887942454,0.8737888832228455,0.9633179114342366,0.9344145003577391,0.9486460992132264,0.902309011745059,0.8782929399367756,0.9749256444150693,0.9516654742030368,0.9631551466617964,0.9289288976656851,0.8824523455454915,0.9840961665565102,0.9651800620081088,0.9745463317514289,0.9503562783249977,0.8893048128342246,0.9923578982154659,0.9819937991891248,0.9871486462163429,0.9746234158928674,0.8981616909002266,0.9971497025776602,0.9927259718578584,0.9949329199775184,0.9899169316691415,0.8346746111583998,0.9098884413420781,0.9690939310902476,0.857500596231815,0.9472312703583062,0.08189453125,0.07246419270833333,1.0,1.0,0.8997524752475248,0.8346746111583998,0.9690939310902476,0.857500596231815,0.9098884413420781,0.8346746111583998,0.8387996430165104,0.9799200395310184,0.8834168057874234,0.9291694450464589,0.867709126106111,0.8430213817556678,0.9865684380755582,0.9055966293028063,0.9443500120585469,0.8945673498278115,0.8455765920826162,0.9909707560307264,0.9251927816201606,0.9569527571746788,0.9174586901572773,0.8509549249816053,0.9955527604330443,0.9559185944828683,0.9753331947090784,0.9518539974876649,0.8604224860335196,0.9987871164817393,0.9803640988949837,0.9894898619468626,0.9791983520850441,0.0,0.0,1.0,0.3998518981801074,4.903170585632324,0.19212884455919266,1.1061886787414565,2.560146970748903,1.0,0.06853916496038437,LAB00339,1.0,0.38437935843793586,0.0,0.0020223632861093143,0.0
LAB02359,0.6264424662050775,0.7703223190756132,0.6763170384432843,0.894679014283472,0.8455897946615045,0.020738932291666668,0.027434895833333334,42.0,6.0,0.9539052496798975,0.6264424662050775,0.6763170384432843,0.894679014283472,0.7703223190756132,0.6264424662050775,0.6553832116788321,0.7969862363550071,0.933919321927484,0.8600363455771275,0.7544419001784198,0.6748829953198128,0.8766018035121025,0.9546382043635222,0.9139572836412773,0.8415481913138625,0.6886043875441755,0.92406264831514,0.9717469784963114,0.9473051236181357,0.8998857550005795,0.698968540484786,0.9488609397247271,0.9888557526291006,0.9684455961950492,0.9388216390942438,0.7189644167863412,0.957641196013289,0.9981164652330874,0.9774600038301561,0.955913712413651,0.6296254891000558,0.7727241544899498,0.6863270777479893,0.8840056506043007,0.9384213611895752,0.020738932291666668,0.026712239583333332,1.0,6.0,0.9436619718309859,0.6296254891000559,0.6863270777479893,0.8840056506043007,0.7727241544899498,0.6296254891000558,0.6825823806321453,0.8123324396782842,0.9235598807094647,0.864382706547285,0.7611566955970069,0.7223956136651202,0.8998293931269803,0.9458483754512635,0.9222651799377404,0.8557440687352591,0.7613484149426998,0.9594199366317329,0.964055878198085,0.9617323206656395,0.9262855232883794,0.8110117248881905,0.9903728978796003,0.9824203421754827,0.9863805911956945,0.9731271743891107,0.8549848942598187,0.9990251035827443,0.9954481243132947,0.9972334063891224,0.9944820786242682,0.0007096354166666667,0.0,0.9992903645833333,0.3953229255716239,8.078692436218262,0.12814560532569885,1.0095849633216871,3.9643238663673426,1.0,0.06959246844053268,LAB00316,0.0,0.15832205683355885,0.13286713286713286,0.0016630064877370036,0.00870028409090909
LAB02360,0.510831234256927,0.6762254084694899,0.5469993256911666,0.885396201702685,0.8244638960026409,0.014912109375,0.024137369791666665,47.0,2.0,0.9060205580029369,0.510831234256927,0.5469993256911666,0.885396201702685,0.6762254084694899,0.510831234256927,0.5554974369703944,0.6949426837491571,0.8960925562104344,0.7828022287128444,0.643118355273565,0.581989845907188,0.8068779501011464,0.9002401222440515,0.8510060507264117,0.7406532047139419,0.6039799483518152,0.8935940660822657,0.9030779305828421,0.8983109676964578,0.8153943094251946,0.6260747499561327,0.9588671611598112,0.9070072036673216,0.9322164867328119,0.8730388464984158,0.6477642548259106,0.9823331085637221,0.9126828203449029,0.946227985068662,0.8979437408292882,0.4928286852589642,0.6602615425673873,0.5572072072072072,0.8100851342501637,0.902565923821362,0.014912109375,0.0216796875,1.0,2.0,0.8546255506607929,0.4928286852589641,0.5572072072072072,0.8100851342501637,0.6602615425673873,0.4928286852589642,0.5521340427940677,0.7031531531531532,0.8288583278760097,0.7608485366855706,0.614007697372592,0.5937407443972752,0.8187687687687688,0.8354071163501419,0.8270042650579487,0.7050360375767304,0.6339857959466482,0.9147147147147147,0.8380266317397949,0.8746929978297228,0.7772927708996585,0.6856884687565163,0.986936936936937,0.8399912682820345,0.9075544479567326,0.8307548566235436,0.7303211758301579,0.9986486486486487,0.8432656625191006,0.9144031394083805,0.8423045170838618,0.001171875,0.0,0.998828125,0.4132920640867572,10.582708358764648,0.1381060555577278,1.1127154350280766,3.7436912584304824,1.0,0.07130581885576248,LAB00831,1.0,0.4103448275862069,0.1356391997287216,0.0027029732705976576,0.0032336297493936943
LAB02364,0.47224813432835827,0.641533343893553,0.47781972628598396,0.9759036144578314,0.6787460147893054,0.013509114583333334,0.027591145833333334,77.0,2.0,0.99568345323741,0.4722481343283582,0.47781972628598396,0.9759036144578314,0.641533343893553,0.47224813432835827,0.5037085719650737,0.6192779613025012,0.9881927710843373,0.7614023600197131,0.6147293805854751,0.5276102824500158,0.7373761208117037,0.9939759036144579,0.846660974368237,0.7340954875817738,0.5493831322052181,0.831406323737612,0.9966265060240964,0.906549998471271,0.8290731146406721,0.5779517629131418,0.89818310523832,1.0,0.9463608676735659,0.89818310523832,0.6165809504217239,0.9256724870221803,1.0,0.9614017889964465,0.9256724870221801,0.4497347815104823,0.62043732032407,0.4858780188293082,0.8580722891566265,0.896473593442197,0.013509114583333334,0.023857421875,1.0,2.0,0.9064748201438849,0.44973478151048246,0.4858780188293082,0.8580722891566265,0.62043732032407,0.4497347815104823,0.5201617309583652,0.6365124846500204,0.8713253012048193,0.7356354080142404,0.5818222154251262,0.5713735311115392,0.7670896438804748,0.8816867469879518,0.8204056978337628,0.6954981863909895,0.6204460333673817,0.8806112702960841,0.8898795180722892,0.8852211352562651,0.7940777882075828,0.6835329134076279,0.969709373720835,0.9016867469879518,0.9344617967711686,0.8769857279068264,0.7385431477633162,0.9934506753990995,0.9106024096385542,0.9502241150567285,0.9051685494833761,0.002216796875,0.0,0.997783203125,0.4442634343755344,9.85001277923584,0.10468172281980515,1.39837775230408,3.9175726079940825,1.0,0.07338283210992813,LAB01009,1.0,0.8438030560271647,0.11995753715498939,0.003708876577943211,0.002246559955068801
LAB02367,0.5550483351235233,0.7138663443274047,0.592433361994841,0.8979148566463945,0.9300994527840978,0.014986979166666666,0.02271484375,1.0,4.0,0.9547325102880658,0.5550483351235231,0.592433361994841,0.8979148566463945,0.7138663443274047,0.5550483351235233,0.6258240509206637,0.7522212668386357,0.9274543874891399,0.8306971795353421,0.7104209149219697,0.6755182625863771,0.8638578389223273,0.944396177237185,0.9023334481372501,0.8220469564331556,0.7216459197786999,0.9340785325308111,0.9574283231972198,0.9456093065983394,0.8968300958230462,0.7773083050495255,0.968615649183147,0.9752389226759339,0.9719160022274582,0.9453663361488188,0.8275469858636191,0.9899684723416452,0.9906602953953084,0.9903142630434273,0.9808143532149561,0.5147673810768426,0.6796652575273919,0.5637612709317303,0.8555603822762815,0.900170769968637,0.014986979166666666,0.022744140625,1.0,4.0,0.9327846364883402,0.5147673810768426,0.5637612709317303,0.8555603822762815,0.6796652575273919,0.5147673810768426,0.591106653293213,0.7153284671532847,0.8935708079930496,0.7945763246321972,0.6591676776132288,0.6445308701993194,0.833977386575068,0.9161598609904431,0.8731390725117256,0.7748419092477684,0.6947818648417451,0.9174180621153571,0.9331016507384883,0.925193395380766,0.86079987916387,0.7579397956365644,0.9716616573636754,0.9565595134665508,0.9640514441833551,0.930597797323427,0.8137949688936976,0.9919851152139688,0.9811033883579496,0.9865142450277334,0.9733873813102866,0.0004654947916666667,0.0,0.9995345052083333,0.4076704018215969,9.994372367858887,0.10804110020399094,1.2737915158271826,3.514778754711155,1.0,0.07023867964744568,LAB00307,1.0,0.3218045112781955,0.14534120734908137,0.0007978687889753895,0.004823559279004823
LAB02373,0.5453170573619964,0.7057672142607481,0.5630158376087442,0.9454954111256789,0.9345987354989576,0.017379557291666667,0.029186197916666667,4.0,4.0,0.9927385892116183,0.5453170573619963,0.5630158376087442,0.9454954111256789,0.7057672142607481,0.5453170573619964,0.623941527765398,0.7378987285300023,0.9780857838546544,0.8411827159170034,0.7258976263739921,0.6769417660010629,0.8686147668971671,0.9923206592994943,0.9263560315215195,0.8628149169731835,0.7223299715541763,0.9434530448360473,0.9985015920584379,0.9701970884424517,0.9421191934435839,0.7768714971977582,0.9756859246040598,1.0,0.9876933498927402,0.9756859246040598,0.8248888548214012,0.9865045728306937,1.0,0.9932064454550559,0.9865045728306936,0.528482678740655,0.6915128134472307,0.5469107551487414,0.9400636823375164,0.9510748306900787,0.017379557291666667,0.029873046875,2.0,4.0,0.991701244813278,0.5284826787406549,0.5469107551487414,0.9400636823375164,0.6915128134472307,0.528482678740655,0.6113157894736843,0.7226762558570339,0.9711556471249297,0.8286904098135082,0.707490501876252,0.6679954870251974,0.8581235697940504,0.986327027533246,0.9177697370454345,0.848035550715296,0.7182462927143778,0.947695325269696,0.9951301741899232,0.9708336794806517,0.943320491668188,0.7784202322892051,0.9873597036068432,1.0,0.9936396534707753,0.9873597036068431,0.8301303120528982,0.9979296066252588,1.0,0.9989637305699481,0.9979296066252588,0.0,0.0,1.0,0.28657395195012214,5.363779544830322,0.09076491370797157,0.8676063656806947,2.2089854192733767,1.0,0.06070205569267273,LAB02397,1.0,0.215625,0.10365560365560365,0.0006415790233890824,0.007969715082685794
LAB02392,0.803663536569237,0.8911457378551788,0.9701057673119138,0.8240718765892524,0.9172903183288657,0.09601236979166666,0.08155924479166667,50.0,1.0,0.9242105263157895,0.8036635365692368,0.9701057673119138,0.8240718765892524,0.8911457378551788,0.803663536569237,0.8196050020474376,0.9815206545599681,0.8635022885234785,0.9187369020237298,0.8496885760212015,0.8343724586608837,0.9875873079225703,0.894219359213426,0.9385870558125843,0.8842807702247658,0.8495216754287684,0.9903412492516463,0.9223936260383115,0.9551605585421861,0.9141696998052607,0.8768625171721441,0.9918579125922969,0.9627055433124259,0.9770643237457949,0.9551571486133105,0.8950173701994004,0.9930552783875474,0.9852517375826412,0.9891381172371967,0.9785096600277052,0.6883086253369274,0.8153824662236325,0.9910255166391773,0.6926258687913206,0.9149057681324957,0.09601236979166666,0.06710286458333334,2.0,1.0,0.8431578947368421,0.6883086253369273,0.9910255166391773,0.6926258687913206,0.8153824662236325,0.6883086253369274,0.6977163655103553,0.9971863781895799,0.7268350567892863,0.84081323249883,0.725347507469698,0.7066395036577461,0.9996604249539148,0.7557552127479233,0.8607631844111996,0.7555612429592392,0.7130678466076696,1.0,0.7800305136463808,0.876423755285513,0.7800305136463808,0.7261226041157626,1.0,0.8181047635192406,0.8999533799533799,0.8181047635192404,0.7443511785661998,1.0,0.8595016104424479,0.9244429858148269,0.8595016104424477,0.002262369791666667,0.0,0.9977376302083333,0.5552125150314775,9.036447525024414,0.20953767746686935,1.627126264572144,4.24006891727448,1.0,0.08114305883646011,LAB00485,1.0,0.43205382748731525,0.032432432432432434,0.002053906024791006,0.0019580008811003963
LAB02394,0.8768207611956481,0.9343681392751222,0.938307418581264,0.9304617980975759,0.968689630172741,0.08486979166666667,0.08416015625,28.0,1.0,0.9788029925187033,0.8768207611956482,0.938307418581264,0.9304617980975759,0.9343681392751222,0.8768207611956481,0.8847384170880198,0.9562543513576236,0.9597269100951212,0.9579874838625623,0.9193627418350578,0.8896655836697187,0.9682447590314844,0.9768717397974839,0.9725391182217813,0.9465461269324582,0.8964911730582296,0.9773729403573915,0.9882249156182878,0.9827689713599604,0.9661217006660207,0.9107974430914297,0.9885897733426162,0.9969315741024855,0.9927431504559269,0.9855908658305814,0.9211928967005538,0.996132126556819,0.9992712488493403,0.9976992185059015,0.9954089998998727,0.7902716593245227,0.8828511083314536,0.9485349195858118,0.8256750536974532,0.9162162162162162,0.08486979166666667,0.073876953125,1.0,1.0,0.8453865336658354,0.7902716593245228,0.9485349195858118,0.8256750536974532,0.8828511083314536,0.7902716593245227,0.7966083879331488,0.9642211940956158,0.8491485118134398,0.903033716022973,0.8232100924278587,0.8026752489188373,0.9757215245648821,0.8656796563362995,0.9174125473862026,0.8474258085766682,0.808408215661104,0.984313725490196,0.8775314513654495,0.9278604503378798,0.8654288060078473,0.8187141420713314,0.9931262392597489,0.8913393679042652,0.9394838632084201,0.8858741801427715,0.8315744816248608,0.9980612469706984,0.9029226756673826,0.9481112605561757,0.9013417721892146,0.0027799479166666667,0.0,0.9972200520833333,0.5201788848083378,8.406570434570312,0.18088269233703613,1.5388048887252814,4.236486029624945,1.0,0.07805199921131134,LAB02105,1.0,0.6059405940594059,0.009417808219178082,0.001564509215602229,0.001021972406745018
LAB02397,0.8434747798238592,0.9150922909880566,0.9420970266040689,0.8895925691365844,0.9350437921866493,0.107939453125,0.101923828125,12.0,1.0,0.9330759330759331,0.8434747798238591,0.9420970266040689,0.8895925691365844,0.9150922909880566,0.8434747798238592,0.8539298004129388,0.9601098655424611,0.9120600741880033,0.9354683638616288,0.878760510354653,0.8603823685608072,0.9722142378077991,0.9229470128773485,0.9469402419843055,0.8992274510315041,0.866281300355526,0.9815400338539172,0.9297023432552248,0.954918204412217,0.9137258044717396,0.876466940177464,0.9922072115231069,0.9377544558038542,0.9642126571096096,0.9308982811268481,0.8894189922227306,0.998275366484622,0.9462589342260019,0.971571428705165,0.9447145439395132,0.7480002335493666,0.8558353931458348,0.9590148594527829,0.7727012274194035,0.9334248455730955,0.107939453125,0.08696940104166667,1.0,1.0,0.8751608751608752,0.7480002335493665,0.9590148594527829,0.7727012274194035,0.8558353931458348,0.7480002335493666,0.7544155698053774,0.9746977579818094,0.7913990168581683,0.8735363298203831,0.7754678228380822,0.7605232447689093,0.9838305198937006,0.804427154015501,0.885129695455583,0.7939306409432837,0.7669283097854527,0.9906052326234233,0.8130522633372539,0.8930895452844452,0.8068308881534092,0.7785590468517298,0.9972676572968522,0.8226122621309448,0.9015590476726935,0.8207624140037094,0.7925919326458338,1.0,0.8316897373262161,0.9081120239722081,0.8316897373262163,0.000244140625,0.0,0.999755859375,0.5302883479450248,6.930041313171387,0.20103177428245544,1.6020521521568316,4.099806337356569,1.0,0.0784657672047615,LAB02359,1.0,0.5155897571978241,0.011872146118721462,0.0026781854286195804,0.0003902895948794005
LAB02406,0.24613929289346098,0.39504298483669553,0.3315916910921371,0.48852382069936634,0.5981059360769334,0.06935221354166667,0.10217447916666667,43.0,1.0,0.6316568047337278,0.24613929289346104,0.3315916910921371,0.48852382069936634,0.39504298483669553,0.24613929289346098,0.2695994863506542,0.3501019497897286,0.5410936399906126,0.4251321271152765,0.2699478060572483,0.28297311985284895,0.367879444373646,0.5718845341469139,0.44773915467381437,0.28844324458865567,0.29317166309076237,0.38524276793679113,0.5963388875850739,0.4680919664487421,0.3055614019880912,0.3089827988957316,0.4119727284312476,0.6339356958460455,0.4994016917840917,0.3328017158554847,0.32439126980417815,0.4371734420797757,0.6644449659704295,0.5273653575923795,0.3581101125871833,0.052227681775520333,0.09927068576525525,0.11253196930946291,0.08880544473128374,0.13626340096805958,0.06935221354166667,0.054729817708333336,3.0,1.0,0.11094674556213018,0.05222768177552035,0.11253196930946291,0.08880544473128374,0.09927068576525525,0.052227681775520333,0.05933650760790808,0.12317849283292691,0.09899084721896269,0.10976801175030226,0.058071185141642,0.06583308959734815,0.1334086718610599,0.10941093639990612,0.12022396227984344,0.06395653517620872,0.07234781813610076,0.14411467316957116,0.12076977235390754,0.13141350174149194,0.07032775943953741,0.08439506676179798,0.1584488193659668,0.14475475240553862,0.15129254238175796,0.08183692977399123,0.0986365006471746,0.16963064295485636,0.17812720018774936,0.17377512594708422,0.09515538224020982,0.005559895833333333,0.0,0.9944401041666666,0.6404558890149443,8.642765045166016,0.1344209834933281,1.999294495582581,5.426025609970095,1.0,0.0890631228685379,LAB00442,1.0,0.43872662648740535,0.004758394209503384,0.022622096584912207,0.0005285412262156448
LAB02415,0.6138226719259134,0.7607064674502138,0.693482135937379,0.8423629089197459,0.6968772586199566,0.06915690104166666,0.08400390625,117.0,1.0,0.8608058608058609,0.6138226719259132,0.693482135937379,0.8423629089197459,0.7607064674502138,0.6138226719259134,0.6214226791040041,0.7300240254204449,0.8728171334431631,0.7950600390919105,0.6598337385148405,0.6239897789398622,0.7623808416647291,0.8880677806542716,0.8204385800501113,0.695545451194026,0.6229945039693555,0.7926063706114858,0.8965874323370204,0.8413965401010651,0.7262161466136656,0.6243942241123529,0.8335658374021545,0.9096728642033419,0.8699579949817748,0.7698457146889369,0.6409890423592964,0.8613113229481516,0.9243116027300541,0.8917000761080296,0.8045656747648992,0.6465011286681714,0.7853029887578831,0.8346757100466299,0.7414450458931513,0.8538192249720425,0.06915690104166666,0.061432291666666666,1.0,1.0,0.7582417582417582,0.6465011286681716,0.8346757100466299,0.7414450458931513,0.7853029887578831,0.6465011286681714,0.6567187439124167,0.8743641373463332,0.7552835961402683,0.8104731794743439,0.6813408201390473,0.6657641953788525,0.9093895718524798,0.7678041892209931,0.8326207014451585,0.7132392209420728,0.6763636363636364,0.9406528189910979,0.7801835726053189,0.8529362587699789,0.7435822684582089,0.6938184159690921,0.9768440016956338,0.8007060484819958,0.88004824449572,0.7857912094610372,0.7128681727194738,0.993217465027554,0.8208990350670746,0.8988741997665038,0.8163228938745197,0.006383463541666667,0.0,0.9936165364583334,0.6149982309220771,8.977728843688965,0.1791616752743721,1.8843621253967295,5.19545266628266,1.0,0.08618689328432083,LAB00272,0.0,0.3908610959402876,0.014743589743589743,0.017098308200894516,0.0001904520060944642
LAB02430,0.4186076772934287,0.5901669418455329,0.4280202235231506,0.9500886001181335,0.8150100929849707,0.011022135416666667,0.024466145833333335,28.0,9.0,0.9744360902255639,0.41860767729342874,0.4280202235231506,0.9500886001181335,0.5901669418455329,0.4186076772934287,0.4960534970401228,0.5826237360298031,0.9672179562906084,0.7272021936710721,0.5713414888484982,0.5479683972911964,0.7148749334752528,0.9790313053750739,0.8263561739700723,0.7040945094606584,0.5903808908973531,0.8265034592868548,0.9893679858239811,0.9006321069620401,0.8192272238124588,0.6329019412643107,0.9262905800957957,0.9997046662728883,0.9615984431865254,0.926037174036378,0.6581485947500232,0.9785790313996807,1.0,0.9891735592764441,0.9785790313996807,0.3437670114316821,0.5116467490378772,0.38933415536374844,0.746012994683993,0.7857750647428784,0.011022135416666667,0.021119791666666665,2.0,9.0,0.8045112781954887,0.3437670114316821,0.38933415536374844,0.746012994683993,0.5116467490378772,0.3437670114316821,0.41618430192174116,0.5456226880394575,0.7566450088600118,0.6340365880360294,0.46416806078606226,0.47125857200484067,0.6851109741060419,0.7649143532191376,0.7228166401870494,0.5659458641027936,0.5259193619849357,0.813810110974106,0.7728883638511518,0.7928215412516493,0.656755871931046,0.5975322730190429,0.9414303329223181,0.7900177200236267,0.859103620129911,0.7530075783286604,0.6600167177486765,0.9905980271270037,0.8092144122858831,0.8907663740724272,0.8030466740742221,0.001979166666666667,0.0,0.9980208333333334,0.5015153452145387,9.616280555725098,0.09432574734091759,1.5330302715301545,4.052950000762941,1.0,0.07757331430912018,LAB02108,1.0,0.8104651162790698,0.12014134275618374,0.0027113375932126516,0.0023752969121140144
LAB02453,0.8348305954825462,0.9099811149192139,0.9271224286189368,0.8934621371669261,0.9079100779506873,0.07110026041666667,0.06851888020833333,36.0,1.0,0.9537275064267352,0.8348305954825462,0.9271224286189368,0.8934621371669261,0.9099811149192139,0.8348305954825462,0.8450501002004008,0.9520167228846976,0.9304093031773647,0.9410890026901345,0.8887328633671249,0.8508821640409535,0.967741935483871,0.9550407471843237,0.9613493916676908,0.9255753416553276,0.8548157632664675,0.9768635089552948,0.9725757714495009,0.9747149248226721,0.9506769857681684,0.8645260330049891,0.9845123283766449,0.9907059793059244,0.9875994431901418,0.9755026669504545,0.8817416840797425,0.9897857380398118,0.9992216829960626,0.9944813282341217,0.9890232336388413,0.7425620742693912,0.8522647029153636,0.9487366647950589,0.7736013185605713,0.9371584699453552,0.07110026041666667,0.05797526041666667,1.0,1.0,0.8817480719794345,0.7425620742693914,0.9487366647950589,0.7736013185605713,0.8522647029153636,0.7425620742693912,0.7508828783912918,0.970466030320045,0.8040014650673015,0.8794256442607231,0.7847990093263729,0.7586927383111252,0.9835485682201011,0.8292738760186796,0.8998466849443674,0.8179284401818704,0.765990056446488,0.9908478382930938,0.8520739858987272,0.9162360073127629,0.8454202330905258,0.7792088940107785,0.9971364402021337,0.8847175167109239,0.9375691157721009,0.8824753964616352,0.7944201901800132,1.0,0.9070597930592437,0.9512651846161233,0.9070597930592437,0.0026139322916666667,0.0,0.9973860677083334,0.5466559810901405,9.329720497131348,0.20056745409965515,1.4861605644226095,4.435914235115052,1.0,0.0806526467204094,LAB01360,1.0,0.5391304347826087,0.04600219058050383,0.002330854822549175,0.002840740959933716
LAB02454,0.5677657305367937,0.7242991978685412,0.6269381746810598,0.857459230924099,0.749791312413047,0.048505859375,0.06634114583333334,74.0,1.0,0.8952380952380953,0.5677657305367935,0.6269381746810598,0.857459230924099,0.7242991978685412,0.5677657305367937,0.5818339029110223,0.6745338567222767,0.8792027380712704,0.763388100324433,0.6173222985519652,0.5934959349593496,0.7161432777232581,0.8959801355613717,0.7960310553998049,0.6611724155926172,0.6057884231536926,0.7557409224730127,0.9147037111603248,0.827658711391362,0.7059878547599793,0.6276317859952794,0.8153581943081453,0.9437621636131803,0.874873865355387,0.7775784762405579,0.6621576855123675,0.8741903827281648,0.9693980269780552,0.9193358211173774,0.8507136991141372,0.5732704096526224,0.7287627176299595,0.6757857306721725,0.7907522985034562,0.8810352156378345,0.048505859375,0.0567578125,1.0,1.0,0.8258503401360544,0.5732704096526223,0.6757857306721725,0.7907522985034562,0.7287627176299595,0.5732704096526224,0.5910484646011624,0.723847212663455,0.8055164082947454,0.762501211495425,0.6161631983630876,0.6063080578958738,0.7657719660472585,0.8146433125293604,0.789452012416262,0.6521443350560713,0.6236475727758951,0.8048290892406516,0.8229649016844507,0.8137959668020356,0.6860505815412465,0.6516333137139494,0.8612066987841248,0.8372592443460171,0.8490641484643239,0.7377163091508797,0.6803550181689552,0.9209107593484744,0.8522246829071874,0.8852373723613272,0.7941039198959031,0.0027473958333333335,0.0,0.9972526041666666,0.5823957803608695,10.190587997436523,0.173842653632164,1.8231941342353828,4.681184759140016,1.0,0.08344496041536331,LAB02464,0.0,0.3290570878768441,0.007429683353971343,0.006949338208103375,0.0027157769668166003
LAB02464,0.5538906592537346,0.7129081521343902,0.5655474789431175,0.9641227380015736,0.6387303851640513,0.08274739583333333,0.141064453125,66.0,1.0,1.0,0.5538906592537347,0.5655474789431175,0.9641227380015736,0.7129081521343902,0.5538906592537346,0.5600504607752999,0.5929848851967232,0.9813139260424862,0.7392552438227447,0.5863639251328431,0.568129520052597,0.6200530748817353,0.9887490165224233,0.7621532458923251,0.6157088859046512,0.5762231946617032,0.6466597438560056,0.9919748229740362,0.7829325682747295,0.6432943219628124,0.5956391173782478,0.6949578862351448,0.9954760031471283,0.8185045310440916,0.6927699280704029,0.6221017817873283,0.7569631937233183,0.998426435877262,0.8610875339071131,0.7560612071102618,0.6521619472815119,0.7894649169890244,0.7454647139012199,0.838985051140834,0.9681923238341815,0.08274739583333333,0.09312825520833333,1.0,1.0,0.9626556016597511,0.6521619472815119,0.7454647139012199,0.838985051140834,0.7894649169890244,0.6521619472815119,0.6648424397563775,0.7761194029850746,0.8524390243902439,0.8124909190482045,0.6841976470588236,0.6765431398678726,0.8049914362613164,0.8640440597954366,0.8334730691241526,0.7144910649412677,0.6902132312739202,0.8345275962109826,0.8750196695515342,0.8542940883736998,0.745648669265441,0.7135827022616589,0.88664406305708,0.8915420928402833,0.8890863321151036,0.8003199148749904,0.7380123473982269,0.9440735432905729,0.9080645161290323,0.9257189882994104,0.8617102771219932,0.0004557291666666667,0.0,0.9995442708333333,0.6414959790004529,7.806723117828369,0.19193866848945618,2.202194404602052,4.34121065616608,1.0,0.08707484602928162,LAB00271,0.0,0.7788907891522111,0.0024718483932985444,0.042124168482101876,0.00032822244103718293
LAB02476,0.565978922369007,0.7228436018957346,0.5997168921044354,0.9095896946564885,0.859240499882518,0.013645833333333333,0.02069661458333333,14.0,2.0,0.9472182596291013,0.5659789223690069,0.5997168921044354,0.9095896946564885,0.7228436018957346,0.565978922369007,0.6316174676750427,0.7458320226486317,0.9601622137404581,0.8395335818491085,0.7234449603348598,0.6775098732072334,0.8512110726643599,0.9840171755725191,0.9128088741484163,0.8396029478564996,0.7169541513986951,0.9221453287197232,0.9935591603053435,0.9565211583844389,0.9166655999497887,0.7668462668812539,0.973419314249764,0.9988072519083969,0.9859498770613292,0.9722890957343326,0.8153737963864546,0.9878892733564014,1.0,0.9939077458659704,0.9878892733564014,0.49338879809835084,0.6607640270592916,0.5667235494880546,0.7922232824427481,0.8369871152426619,0.013645833333333333,0.019075520833333335,1.0,2.0,0.8359486447931527,0.4933887980983509,0.5667235494880546,0.7922232824427481,0.6607640270592916,0.49338879809835084,0.5626084800396727,0.7230375426621161,0.8327767175572519,0.7740369102464956,0.631370484736311,0.6139976528326043,0.845221843003413,0.860925572519084,0.8530014375932496,0.7436813484782354,0.6597164303586321,0.9315699658703072,0.8828721374045801,0.9065675509021495,0.8291024760149782,0.717978848413631,0.990443686006826,0.90625,0.9464781762767525,0.8983944660318545,0.7665245808468315,0.9998293515358362,0.9153148854961832,0.9557073255589432,0.915171913918167,0.0016666666666666668,0.0,0.9983333333333333,0.37075086628574355,11.319994926452637,0.11492108926177025,1.071189641952515,3.2029708456993107,1.0,0.06761771440505981,LAB00722,1.0,0.6383467278989667,0.16384403308389128,0.0014044710103205322,0.019271303824149353
LAB02481,0.2717790950701583,0.42739984659861935,0.2723410654535885,0.9924647211946842,0.4542320949827652,0.023759765625,0.08658528645833333,41.0,3.0,1.0,0.27177909507015835,0.2723410654535885,0.9924647211946842,0.42739984659861935,0.2717790950701583,0.30743919400251024,0.3376442723410655,0.9976709138238115,0.5045368662381009,0.3373783377520766,0.33968045524184726,0.39862400842136925,0.9998629949308124,0.5700008565773474,0.39860223637132436,0.37556443958698843,0.4636264521222602,1.0,0.6335311191595386,0.4636264521222602,0.4253627509441463,0.5573893755404339,1.0,0.7157996378998189,0.5573893755404338,0.47949533458306126,0.6599496221662469,1.0,0.795144157814871,0.6599496221662469,0.3519121434472035,0.5206139247331153,0.35288958191209435,0.9921907110563091,0.7737321196358908,0.023759765625,0.06680338541666667,2.0,3.0,1.0,0.35191214344720345,0.35288958191209435,0.9921907110563091,0.5206139247331153,0.3519121434472035,0.40582306830907056,0.43684826040346947,0.9980819290313742,0.6077095006401954,0.4364818268311311,0.4516008316008316,0.5147159146282039,0.9998629949308124,0.679588752610522,0.514679615123019,0.5012865317408502,0.5964330961894552,1.0,0.7472071302118307,0.5964330961894551,0.570837780149413,0.7155735308449469,1.0,0.8342091061436646,0.7155735308449468,0.6432895779110558,0.8317902738524511,1.0,0.9081719514790381,0.831790273852451,0.00020833333333333335,0.0,0.9997916666666666,0.5374651757109556,7.004182815551758,0.16694840043783188,1.7336667060852056,3.8733167314529444,1.0,0.08042918145656586,LAB02392,0.0,0.24561403508771928,0.016566265060240965,0.02196280105086508,0.0016570008285004142
