sample_id,iou,dice,precision,recall,cldice,crack_fraction_true,crack_fraction_pred,components_pred,components_true,skeleton_covered,iou_dilate_both_tol0,precision_tol0,recall_tol0,f1_tol0,iou_buffered_tol0,iou_dilate_both_tol1,precision_tol1,recall_tol1,f1_tol1,iou_buffered_tol1,iou_dilate_both_tol2,precision_tol2,recall_tol2,f1_tol2,iou_buffered_tol2,iou_dilate_both_tol3,precision_tol3,recall_tol3,f1_tol3,iou_buffered_tol3,iou_dilate_both_tol5,precision_tol5,recall_tol5,f1_tol5,iou_buffered_tol5,iou_dilate_both_tol8,precision_tol8,recall_tol8,f1_tol8,iou_buffered_tol8,baseline_iou,baseline_dice,baseline_precision,baseline_recall,baseline_cldice,baseline_crack_fraction_true,baseline_crack_fraction_pred,baseline_components_pred,baseline_components_true,baseline_skeleton_covered,baseline_iou_dilate_both_tol0,baseline_precision_tol0,baseline_recall_tol0,baseline_f1_tol0,baseline_iou_buffered_tol0,baseline_iou_dilate_both_tol1,baseline_precision_tol1,baseline_recall_tol1,baseline_f1_tol1,baseline_iou_buffered_tol1,baseline_iou_dilate_both_tol2,baseline_precision_tol2,baseline_recall_tol2,baseline_f1_tol2,baseline_iou_buffered_tol2,baseline_iou_dilate_both_tol3,baseline_precision_tol3,baseline_recall_tol3,baseline_f1_tol3,baseline_iou_buffered_tol3,baseline_iou_dilate_both_tol5,baseline_precision_tol5,baseline_recall_tol5,baseline_f1_tol5,baseline_iou_buffered_tol5,baseline_iou_dilate_both_tol8,baseline_precision_tol8,baseline_recall_tol8,baseline_f1_tol8,baseline_iou_buffered_tol8,fraction_reinforce,fraction_suppress,fraction_abstain,residual_abs_mean,residual_abs_max,residual_abs_p50,residual_abs_p90,residual_abs_p99,residual_nonzero_fraction,active_probability_mean,evidence_source_id,improves_baseline,recovered_false_negatives,removed_false_positives,introduced_false_positives,lost_true_positives
LAB00202,0.681109302956333,0.8103093615133303,0.7991884795926486,0.821744109947644,0.8761699542154626,0.03979166666666667,0.04091471354166667,21.0,7.0,0.9251543209876543,0.6811093029563331,0.7991884795926486,0.821744109947644,0.8103093615133303,0.681109302956333,0.7115982147901249,0.8819317368127934,0.8917702879581152,0.8868237256463946,0.7966606422341797,0.7339449541284404,0.9194048850346089,0.9285831151832461,0.9239712077778487,0.8586863236900173,0.7543090855974292,0.938897286975893,0.949934554973822,0.9443836731902341,0.8946277631422261,0.7813557651233858,0.953138674516668,0.9654777486910995,0.9592685338575555,0.9217253105771482,0.8131038569551439,0.9671413795846925,0.9754581151832461,0.9712819444114054,0.9441672955333457,0.6124109135411417,0.7596213947673899,0.8361509730686062,0.6959260471204188,0.8930174647302778,0.03979166666666667,0.033118489583333334,7.0,7.0,0.845679012345679,0.6124109135411417,0.8361509730686062,0.6959260471204188,0.7596213947673899,0.6124109135411417,0.6549282991468506,0.9249066247297032,0.7702879581151832,0.8405459085583206,0.7249497110430441,0.6874771241830065,0.9609789659917437,0.8186354712041884,0.884114505028992,0.792298590682875,0.7167110669616652,0.975230980931787,0.8538121727748691,0.9104914568027513,0.8356900572168461,0.7602862254025045,0.9815215254570474,0.8952061518324608,0.9363789092876317,0.8803688808582056,0.799116874406126,0.9880086494987222,0.9253108638743456,0.9556324812380987,0.9150346636316323,0.9246484375,0.0753515625,0.0,1.0337348401414541,6.795394420623779,0.6917175650596619,2.3620038032531743,4.097357130050664,1.0,1.0,LAB00202,1.0,0.46058649448479955,0.23455308938212358,0.004254898417709651,0.020453743975549547
LAB00234,0.7388011601675798,0.849782225929015,0.9500621632822213,0.768650461022632,0.9436732770237929,0.019417317708333333,0.015709635416666666,1.0,1.0,0.9007633587786259,0.7388011601675798,0.9500621632822213,0.768650461022632,0.849782225929015,0.7388011601675798,0.7677628907835973,0.9933692498963945,0.8576697401508802,0.920545435307936,0.8527875701470956,0.7886845496075905,0.9985495234148363,0.9007544006705783,0.9471342275423772,0.899577374741279,0.807375800060957,1.0,0.9297569153394803,0.9636000347493702,0.9297569153394802,0.8347282034614447,1.0,0.9616093880972338,0.9804290231604136,0.9616093880972337,0.859342063238582,1.0,0.9845766974015088,0.9922284169623248,0.9845766974015089,0.7440570522979398,0.8532485233984552,0.9315476190476191,0.7870913663034367,0.9359350240750807,0.019417317708333333,0.01640625,2.0,1.0,0.8854961832061069,0.7440570522979397,0.9315476190476191,0.7870913663034367,0.8532485233984552,0.7440570522979398,0.7709974629456536,0.9924603174603175,0.8625314333612741,0.9229455816114445,0.8569163877460506,0.7913577386468953,0.9996031746031746,0.901089689857502,0.9477934404087244,0.900767469817799,0.8096966031650036,1.0,0.9274098910310142,0.962338001217709,0.9274098910310142,0.8362284883251192,1.0,0.9609388097233864,0.9800803624861075,0.9609388097233863,0.8598255776943153,1.0,0.9844090528080469,0.9921432795471825,0.9844090528080468,0.634755859375,0.365244140625,0.0,0.2582115046858477,6.444787502288818,0.12665891647338867,0.618264877796174,1.9738239920139327,1.0,1.0,LAB00234,0.0,0.06614173228346457,0.3826086956521739,9.305726345175978e-05,0.04132055378061768
LAB00259,0.7668231268643623,0.8680247787171179,0.9364135529663854,0.8089453468462214,0.8115569911749905,0.14068359375,0.121533203125,45.0,5.0,0.7709431751611013,0.7668231268643622,0.9364135529663854,0.8089453468462214,0.8680247787171179,0.7668231268643623,0.7677492525002577,0.9606803267711262,0.8334258873617474,0.8925400820788884,0.8059344339561617,0.7662312303516685,0.972170885228338,0.8498310888981443,0.9068936847719555,0.8296481981103172,0.7631743463391314,0.9788134458283112,0.8627192373548058,0.9171069264304348,0.8469044163403449,0.7576728666292246,0.9849738850944154,0.8786153917349253,0.9287596002626622,0.8669945611558235,0.7549592619044149,0.9896611758403643,0.8909944930353093,0.9377396109642722,0.8827775380154295,0.7394170403587444,0.8501894867101498,0.959778812572759,0.763061687259938,0.8035674621224481,0.14068359375,0.11184895833333333,1.0,5.0,0.6842413591095489,0.7394170403587444,0.959778812572759,0.763061687259938,0.8501894867101498,0.7394170403587444,0.7336169672339344,0.9789289871944121,0.7815956314498589,0.869202977098939,0.7686640126350863,0.7270900321543409,0.9867287543655413,0.7965662455458374,0.8815084652580087,0.7881226078848699,0.7193661637726539,0.9906868451688009,0.8089916238604286,0.8906672757413051,0.8028856052511101,0.7054243668720055,0.9940337601862631,0.8254893794252395,0.9019553463871851,0.82141955103515,0.689897466827503,0.9961583236321304,0.8381230043037623,0.9103327763841689,0.8354227388462886,0.789736328125,0.210263671875,0.0,0.7769064669066574,5.8607587814331055,0.43001818656921387,2.0916153907775903,3.861820244789124,0.9999967447916667,1.0,LAB00259,1.0,0.20537109375,0.0694645441389291,0.004143183549124143,0.0036387894960276546
LAB00264,0.8560899922420482,0.922466039707419,0.9066048531439805,0.9388920963870065,0.8914567534631188,0.10712565104166667,0.11094075520833334,21.0,1.0,0.9809456598447425,0.8560899922420481,0.9066048531439805,0.9388920963870065,0.922466039707419,0.8560899922420482,0.8593721553226352,0.9359467151785452,0.9639308395879547,0.9497326822017482,0.9042770979418256,0.8632476532166904,0.9536398579853878,0.9796104409128202,0.9664507097560194,0.9350794576307804,0.8677584773168253,0.9660514656260086,0.9897900270442737,0.977776685760621,0.9565196490242155,0.8764947683109118,0.9782870220944221,0.9974171199367954,0.9877594557713337,0.9758149497202887,0.8909820081680709,0.9861506411196854,0.9997569054058161,0.9929071622238462,0.9859142325114413,0.8585691935713272,0.9239033946554839,0.9307410034228623,0.917165517031815,0.986046511627907,0.10712565104166667,0.10556315104166666,1.0,1.0,0.9724770642201835,0.858569193571327,0.9307410034228623,0.917165517031815,0.9239033946554839,0.8585691935713272,0.8674163953832494,0.9586481235930803,0.9436628277978668,0.9510964529868291,0.9067530143216175,0.8754279290787389,0.9762558204076598,0.9636877449937707,0.9699310710732159,0.9416176372621732,0.8829784668804707,0.9876345246538591,0.9790027044273603,0.983299671463737,0.9671479824142353,0.8946921720963635,0.9960837521971075,0.9931629645385761,0.9946212140886846,0.989299981287272,0.9054771337359129,0.9995682876437756,0.9993011030417212,0.9994346774857508,0.9988699937894536,0.7563151041666667,0.24368489583333333,0.0,0.6121814460400492,5.21656608581543,0.28730303049087524,1.7202812433242822,3.65384103536606,1.0,1.0,LAB00264,0.0,0.2909024211298606,0.08771148708815672,0.004168428017423588,0.002584236159427492
LAB00268,0.8948656414790488,0.9445161935392485,0.9162907997478055,0.9745357634112792,0.8841901142446047,0.18932291666666667,0.201357421875,11.0,1.0,0.978538283062645,0.8948656414790489,0.9162907997478055,0.9745357634112792,0.9445161935392485,0.8948656414790488,0.8951345233178849,0.9310021501204391,0.9854883081155433,0.9574707036304497,0.9184113165593484,0.8959091787152473,0.9422862408458218,0.9922627235213205,0.9666289444208628,0.935413217935672,0.8965685992285105,0.9519052007048515,0.9967331499312242,0.9738035473075386,0.9489445658797027,0.8975498993854354,0.9634317862165963,0.9996217331499312,0.9811931691198591,0.9630806737644393,0.899473244358903,0.9742955526456181,1.0,0.9869804461039599,0.9742955526456181,0.9073817076394395,0.9514421827631009,0.9586664339326235,0.9443259972489684,0.9668891814767947,0.18932291666666667,0.18649088541666667,1.0,1.0,0.9396751740139211,0.9073817076394396,0.9586664339326235,0.9443259972489684,0.9514421827631009,0.9073817076394395,0.9120928659979713,0.9716529935416303,0.9583734525447043,0.9649675381227749,0.9323065446397939,0.9164008861097582,0.9810089020771513,0.9691368638239339,0.9750367458333203,0.9512894651292149,0.920550960818186,0.9882352941176471,0.9782152682255846,0.983199752709116,0.9669546750492127,0.9260539849492984,0.9946762087624367,0.9897352132049518,0.9921995596793758,0.9845198711797694,0.9312984364377974,0.9985337755280154,0.996595598349381,0.9975637455133387,0.9951393328488325,0.7589029947916667,0.24109700520833333,0.0,0.8801194086294466,4.948966026306152,0.5962597131729126,2.196874022483826,3.4369026756286623,1.0,1.0,LAB00268,0.0,0.5806053119209389,0.09121621621621621,0.0122673023285983,0.0022395397108626778
LAB00271,0.886357605852697,0.9397556466521984,0.9515341417758607,0.9282651845970623,0.9887919330669881,0.08199869791666667,0.07999348958333333,5.0,1.0,0.9853107344632769,0.886357605852697,0.9515341417758607,0.9282651845970623,0.9397556466521984,0.886357605852697,0.8938994913236408,0.9719622365101327,0.9535529972211195,0.9626696144221077,0.9280260443598293,0.8999724631694892,0.9834784731830389,0.9688765383088527,0.976122900794281,0.9533594427998403,0.9068135615450194,0.9923496378285993,0.9801508535132989,0.9862125244284388,0.9728000672650093,0.9171665067178503,0.9984129567835924,0.992497022628027,0.995446200188128,0.9909336865527267,0.9270418393262932,0.9999186131683894,0.9966653433902343,0.9982893278111924,0.9965844984259383,0.8463495489939094,0.9167814940081005,0.9668839175620927,0.8716157205240175,0.9594356261022927,0.08199869791666667,0.07391927083333333,2.0,1.0,0.9220338983050848,0.8463495489939095,0.9668839175620927,0.8716157205240175,0.9167814940081005,0.8463495489939094,0.8528538436159683,0.9832658094063766,0.9010321556173084,0.9403545811111556,0.8874238158809967,0.8590604026845637,0.9921613528271974,0.9215958713775307,0.9555776406130748,0.914934108815899,0.8644298872742993,0.9965650871939404,0.9364430329495832,0.9655690765688749,0.9334302123975172,0.8749241044323012,0.9995155892196582,0.9560539896784438,0.9773018328068881,0.9556112097953415,0.887073249783924,1.0,0.9712187375942835,0.9853992548585239,0.9712187375942835,0.879169921875,0.120830078125,0.0,0.5976427942828741,5.589394569396973,0.27239763736724854,1.6274776697158828,3.94181182384491,1.0,1.0,LAB00271,1.0,0.4681508967223253,0.08909574468085106,0.0017990599378506567,0.003962470395336127
LAB00272,0.9106186846303848,0.9532186531574162,0.9504144464179988,0.9560394565419691,0.9845091883754659,0.087451171875,0.08796875,4.0,1.0,0.9938398357289527,0.9106186846303846,0.9504144464179988,0.9560394565419691,0.9532186531574162,0.9106186846303848,0.9136064744562469,0.9715808170515098,0.9778522240833799,0.9747064328790428,0.9506608293818091,0.9157072103942883,0.9831631142687981,0.9898380792853154,0.9864893055629111,0.9733388221530453,0.9181350954478708,0.9904159265837774,0.9957565605806812,0.9930790633469594,0.986253266962458,0.9223292836196062,0.9949304322084074,0.9997766610831937,0.9973476595823851,0.9947093517649196,0.9268377772240219,0.9974097098875074,1.0,0.9987031753677424,0.9974097098875074,0.906570507012648,0.9509960462287104,0.9717204676999572,0.9311371673180718,0.9859448204060385,0.087451171875,0.083798828125,1.0,1.0,0.9722792607802875,0.9065705070126482,0.9717204676999572,0.9311371673180718,0.9509960462287104,0.906570507012648,0.908771203971866,0.9879578914656412,0.9555555555555556,0.971486616973893,0.9445541817993374,0.9113224309828568,0.9956493027230704,0.9707426018983808,0.9830382157617414,0.9666422386737697,0.9137612379788866,0.9989511711921687,0.9810161920714685,0.9899024521423765,0.9800067867127487,0.9181318366645668,0.9999223089771977,0.9921459147589801,0.9960189335960005,0.9920694392808447,0.9231378763866878,1.0,0.9980643960543458,0.9990312604791535,0.9980643960543457,0.8952213541666667,0.10477864583333334,0.0,0.5834133544230523,5.145344257354736,0.2705022096633911,1.6035158157348652,3.3398281955719,1.0,1.0,LAB00272,1.0,0.4221621621621622,0.12087912087912088,0.0025035138605256665,0.0044773136118329004
LAB00284,0.719784946236559,0.8370638989621108,0.9088317154300455,0.7758011241814916,0.8999015578176877,0.05617513020833333,0.04795247395833333,41.0,1.0,0.8716119828815977,0.7197849462365591,0.9088317154300455,0.7758011241814916,0.8370638989621108,0.719784946236559,0.7578814627994955,0.9303509605593646,0.8457437561569219,0.8860321564183414,0.7953839615060591,0.7768064991210983,0.9465073654198629,0.8902474358231443,0.9175157778082447,0.8476019871684676,0.789333451751854,0.9604914805512185,0.9270440980471693,0.9434714432570168,0.8929918999686165,0.8088194690963594,0.9778019143303238,0.9716057252129571,0.9746939724829566,0.9506371232824481,0.8342279322644319,0.9901568121648224,0.9935098800486759,0.9918305121971317,0.9837934238206865,0.6094207300237451,0.7573168639560817,0.9283310901749664,0.6395086052036855,0.8437440497415641,0.05617513020833333,0.038697916666666665,1.0,1.0,0.746077032810271,0.6094207300237451,0.9283310901749664,0.6395086052036855,0.7573168639560817,0.6094207300237451,0.6275010421008753,0.9496971736204576,0.6797241699020687,0.7923452403071853,0.6561024447986529,0.6437598736176935,0.9658479138627187,0.714782407139132,0.8215621105652334,0.6971619954949791,0.6587434750186428,0.9782133243606999,0.7481601668887987,0.8478585285468544,0.7358979340249661,0.6861384473042308,0.9927658142664872,0.8051805064611463,0.889187482310263,0.8004838513699785,0.7167968027236058,0.9984017496635262,0.8724575534565684,0.9311904389875778,0.8712407457372615,0.9436165364583333,0.056383463541666665,0.0,0.8678333051840309,6.362235069274902,0.5518723726272583,1.9835395574569707,4.391608386039734,1.0,1.0,LAB00284,1.0,0.3848255907410384,0.05985915492957746,0.0018748421777225856,0.0038057267125770206
LAB00295,0.7347165300546449,0.8470738790175715,0.7716277714260094,0.9388723711846376,0.6855454286528055,0.11933919270833333,0.145205078125,78.0,1.0,0.9232111692844677,0.7347165300546448,0.7716277714260094,0.9388723711846376,0.8470738790175715,0.7347165300546449,0.7278113615436967,0.7927231152061336,0.9600665557404326,0.8684064762439828,0.7674190935288702,0.7269085498454847,0.8101419059788822,0.9717683642017403,0.8836250488242342,0.7915127868944037,0.731233452022277,0.8274934427332034,0.980224216469818,0.897406857102534,0.8139057120782285,0.7461598987376415,0.8537000919138252,0.9900439158779084,0.9168307296586115,0.8464334751387922,0.76754539383725,0.8843006702983837,0.9960721202367638,0.9368644856217284,0.8812277202211731,0.6664494774427272,0.7998436033781671,0.9373877341544778,0.697498704345217,0.8482412060301506,0.11933919270833333,0.088798828125,2.0,1.0,0.7364746945898778,0.6664494774427272,0.9373877341544778,0.697498704345217,0.7998436033781671,0.6664494774427272,0.6728286532375546,0.9535906741449467,0.7151468863369793,0.8173333154409165,0.6910935482600755,0.6787471818864997,0.9660178159023425,0.7289762963367066,0.8309221660971156,0.7107500818171705,0.6848746355685131,0.9764287547197478,0.7416055208532227,0.8429691601798852,0.7285623953730938,0.6955322430008036,0.9910187323582242,0.7603993344425957,0.8605255350389602,0.7551951022161631,0.7073103010590616,0.9997067341178195,0.778593055290363,0.8754032645645009,0.7784152638727888,0.91962890625,0.08037109375,0.0,1.2280129119606378,6.674131393432617,0.7348415851593018,3.243652176856998,5.372779278755189,1.0,1.0,LAB00295,1.0,0.7990081154192966,0.00234192037470726,0.03155514059018491,0.00046928160807164365
LAB00298,0.5174951076320939,0.6820385845455483,0.9349455522556923,0.5368250101502233,0.7853403141361257,0.040087890625,0.023017578125,7.0,2.0,0.646551724137931,0.5174951076320939,0.9349455522556923,0.5368250101502233,0.6820385845455483,0.5174951076320939,0.5443631455565816,0.9763824070145666,0.5837596427121396,0.7306676275651768,0.5756314448702005,0.5669573138990109,0.9949087823504454,0.6217620787657329,0.7652721003079216,0.6197900772297834,0.5875645822198468,0.9997171545750247,0.6583840844498579,0.7939175823917436,0.6582614677080993,0.6213933133173885,1.0,0.722208688591149,0.8387005516526003,0.722208688591149,0.658392788482078,1.0,0.7937474624441738,0.8850158442734269,0.7937474624441738,0.517094678217822,0.6816907153418652,0.9160043847629488,0.5428339423467317,0.7880597014925372,0.040087890625,0.023756510416666668,1.0,2.0,0.6502463054187192,0.5170946782178217,0.9160043847629488,0.5428339423467317,0.6816907153418652,0.517094678217822,0.5405823603882403,0.9639627295149356,0.5833536337799432,0.7268470423120631,0.5709031565476839,0.5602942125298407,0.989997259523157,0.6160779537149818,0.7595104896747221,0.6122667570768618,0.5773584905660377,0.9983557138942176,0.646285018270402,0.7846362165009317,0.6455978260615443,0.6074756888168558,1.0,0.7019894437677628,0.8249045801526718,0.701989443767763,0.6427567406397751,1.0,0.76743808363784,0.8684186345676743,0.7674380836378399,0.80107421875,0.19892578125,0.0,0.33618040999126,4.822880744934082,0.14495623111724854,0.8412858009338381,2.677635407447816,1.0,1.0,LAB00298,1.0,0.02149200710479574,0.2707993474714519,4.4176816006959545e-05,0.02916978309648467
LAB00303,0.7002624089884317,0.8237109816537692,0.7224234567430511,0.9580320574404612,0.7355002181379967,0.06437825520833333,0.08537434895833333,10.0,1.0,0.9829396325459318,0.7002624089884318,0.7224234567430511,0.9580320574404612,0.8237109816537692,0.7002624089884317,0.7077926657263752,0.7523925725397491,0.9696617282702129,0.8473208793513837,0.7350882515114816,0.7151070377760492,0.7761085903839555,0.9778024978510391,0.8653584818199215,0.7626712648484106,0.7249042891441179,0.7987188774926602,0.9840218435556455,0.8817399109511077,0.7884926946655578,0.7434309876170341,0.831318869866931,0.9927188147848511,0.9048781065728135,0.8262807199854214,0.7667237474451748,0.8682273992450528,0.9995449259240532,0.9292698898781008,0.8678843352712909,0.7518450184501845,0.8583464981569248,0.8149629562292623,0.906608686858472,0.9500104799832321,0.06437825520833333,0.07161783854166667,1.0,1.0,0.9711286089238845,0.7518450184501845,0.8149629562292623,0.906608686858472,0.8583464981569248,0.7518450184501845,0.7652855993563958,0.8427798736421072,0.9263791272690499,0.8826043147307843,0.7898762509702525,0.7765747650902904,0.8645516112903959,0.941801082065025,0.9015245428088117,0.8207052209559766,0.7880676758682101,0.885141584473433,0.9543409010466704,0.9184396415075534,0.849180199973063,0.804862971357923,0.9123221671742193,0.9712797694291349,0.9408782683415366,0.8883570605885208,0.8242751934371213,0.940184537066497,0.9867522880113263,0.9629057175403425,0.9284649754857741,0.9199381510416667,0.08006184895833333,0.0,0.640828616960595,5.306462287902832,0.28998881578445435,1.7281957268714916,4.106830372810366,1.0,1.0,LAB00303,0.0,0.5538711423930699,0.005649717514124294,0.011406307349162878,0.00033463469046291134
LAB00307,0.6242156862745099,0.7686364459467617,0.8811237199003598,0.6816186703779039,0.8780039197104237,0.030406901041666667,0.023522135416666666,13.0,2.0,0.8337628865979382,0.6242156862745099,0.8811237199003598,0.6816186703779039,0.7686364459467617,0.6242156862745099,0.6667236515941534,0.9388319955715472,0.7600899261321058,0.8400583135084289,0.724224608263989,0.7023439277857847,0.9631884860226958,0.8192912964350711,0.8854315781767528,0.7944165300577375,0.7335307179866766,0.9719070024910047,0.8713199871534097,0.9188689203038846,0.8499144438268857,0.7756269247690277,0.9777193468032106,0.943475002676373,0.9602919804462018,0.92361697936919,0.8130350366251875,0.9817326321616385,0.9892945080826464,0.9854990644955386,0.9714126719907837,0.5613566696331452,0.7190626979100695,0.8802915180648162,0.607750776148164,0.8579320370706887,0.030406901041666667,0.020992838541666666,1.0,2.0,0.7628865979381443,0.5613566696331455,0.8802915180648162,0.607750776148164,0.7190626979100695,0.5613566696331452,0.6033689328818269,0.9440223290432626,0.6769082539342682,0.7884563511088916,0.6507865827455275,0.6374409418325458,0.9773608311366103,0.7317203725511188,0.8368880658602333,0.7195249582570853,0.6661596958174905,0.9908512947743836,0.7761481640081361,0.8704557428377524,0.7706256194198154,0.709209323583181,0.9967436811908823,0.8427363237340756,0.9132929994813848,0.8404224865078893,0.7554726024240749,1.0,0.9141419548228241,0.955145413870246,0.9141419548228239,0.8465397135416667,0.15346028645833334,0.0,0.6178097383421846,6.881784439086914,0.26326096057891846,1.7120359539985657,3.7444619607925422,1.0,1.0,LAB00307,1.0,0.21315502183406113,0.17098445595854922,0.000737157802259944,0.016029593094944512
LAB00310,0.6425078281673294,0.7823497911534755,0.922789287518949,0.6790109685815208,0.7853604151123703,0.087548828125,0.06442057291666667,45.0,1.0,0.6922519913106444,0.6425078281673293,0.922789287518949,0.6790109685815208,0.7823497911534755,0.6425078281673294,0.6840664776099716,0.9426478019201617,0.7509946086633204,0.8359774326464606,0.7181797467613493,0.7149345195508134,0.9566953006568975,0.8074363264547314,0.8757515904452753,0.7789662702677336,0.7420562935221487,0.968266801414856,0.8580405279791783,0.909827326582953,0.8345717598398262,0.7805225653206651,0.9814047498736735,0.9262688232013385,0.9530400122746229,0.9102926792314149,0.8123400558777264,0.9899949469429005,0.9717047778397472,0.9807645969754206,0.9622552298173742,0.5041554236373448,0.6703501722158438,0.9396499698249849,0.5210262130507529,0.7173489278752437,0.087548828125,0.048544921875,2.0,1.0,0.5662563359884142,0.5041554236373449,0.9396499698249849,0.5210262130507529,0.6703501722158438,0.5041554236373448,0.52205458552297,0.9575538121102394,0.5598810187767242,0.7066085382321806,0.5463222536403493,0.5386219285301854,0.9715684302286596,0.5968767428890128,0.7394668427917895,0.5866302195727541,0.5534212596043318,0.9831019915509958,0.6346160996467745,0.7713239467713867,0.627768356634416,0.5814239623776454,0.9951719975859988,0.7052983825989961,0.8255282873305417,0.7028932910220523,0.6175550869027707,0.9995306108764166,0.7914482245770589,0.8834015363316815,0.7911541750017065,0.8686490885416667,0.13135091145833333,0.0,0.7981470654493509,5.813880443572998,0.4211618900299072,2.1569966554641726,4.084640517234802,0.9999967447916667,1.0,LAB00310,1.0,0.3544480670703307,0.058888888888888886,0.002437322166747195,0.022621851138228788
LAB00315,0.7517369320868647,0.8582760554021222,0.9012254153765645,0.8192341235233489,0.8624013821072422,0.08211588541666667,0.07464518229166667,20.0,1.0,0.8611491108071135,0.7517369320868648,0.9012254153765645,0.8192341235233489,0.8582760554021222,0.7517369320868647,0.7734528904286394,0.928306659107758,0.8691825893918973,0.8977722524755087,0.8145070331352373,0.7884652293519289,0.9476690942392395,0.9023626417188615,0.9244611005661233,0.8595329290765076,0.8021472392638037,0.9616676115302429,0.9309046222151748,0.9460360969541227,0.897598194985757,0.8208333333333333,0.9764510924076577,0.9648378656941251,0.9706097425851691,0.9428977354251623,0.8400984891948747,0.9859578736208626,0.987156108776659,0.9865566273658801,0.9734699086359839,0.5247287749507742,0.688291299503697,0.952684704892752,0.5387695235074923,0.7849092334928127,0.08211588541666667,0.046438802083333335,2.0,1.0,0.6504787961696307,0.5247287749507741,0.952684704892752,0.5387695235074923,0.688291299503697,0.5247287749507742,0.5361212603552437,0.9723818870040656,0.5720288591136129,0.7203142076600068,0.5628836484484702,0.5468074238038482,0.985630169634095,0.6015618805993815,0.7471276564589083,0.5963318292646183,0.5561097256857855,0.9939716809196691,0.6307777689685246,0.7717808297784596,0.6283738672139838,0.5751570252674448,0.9992990326650778,0.6834615079679696,0.8117404791525148,0.6831339996952592,0.6010952404986625,1.0,0.7456195988266074,0.8542750085159532,0.7456195988266074,0.908583984375,0.091416015625,0.0,0.904633070655788,6.039393424987793,0.46209704875946045,2.4215545177459736,4.39065182685852,1.0,1.0,LAB00315,1.0,0.6214868929952729,0.13777777777777778,0.0059829576358252255,0.011478184092414098
LAB00316,0.7180389657179281,0.8358820492966835,0.9092153284671532,0.7734953427274899,0.8208999728399811,0.10903645833333334,0.09276041666666666,58.0,3.0,0.783256880733945,0.7180389657179281,0.9092153284671532,0.7734953427274899,0.8358820492966835,0.7180389657179281,0.7467444876783398,0.9327624929814711,0.8322187723907333,0.8796268516509826,0.7851195407058812,0.765184368491976,0.9511159460976979,0.8707905421542871,0.9091825246735187,0.8334873113408828,0.7807633658333718,0.9651880965749579,0.9024361117745402,0.9327578739985746,0.8739889958179262,0.7985945538963484,0.9825238629983155,0.9372163840458563,0.9593354762821303,0.9218489286584078,0.8151177338337722,0.9947711959573273,0.9602042034869835,0.9771821007440853,0.9553822840360646,0.46000704721634955,0.6301435984071437,0.9654874892148404,0.46769763553857174,0.7148120854826824,0.10903645833333334,0.052819010416666666,3.0,3.0,0.5561926605504587,0.46000704721634955,0.9654874892148404,0.46769763553857174,0.6301435984071437,0.46000704721634955,0.4711807188909488,0.9785529397263651,0.5003283974205875,0.662119146177104,0.49490142884184884,0.48171434559362886,0.9882903981264637,0.5314664437544782,0.6912200278551096,0.5281407437205091,0.49069842132569114,0.994823123382226,0.5638882254597564,0.7197856692415795,0.5622384095756577,0.5069186033556897,0.9997534820658203,0.6245820396465249,0.7688412407728726,0.6244858634279795,0.5281472286260369,1.0,0.7036959636971579,0.8260816233550039,0.703695963697158,0.9362858072916667,0.06371419270833334,0.0,1.1595655456119371,6.685941696166992,0.725730836391449,2.8990127086639434,4.667037553787232,1.0,1.0,LAB00316,1.0,0.5789680314077398,0.044642857142857144,0.007512520868113523,0.005106600280863015
LAB00320,0.5818277035873265,0.7356397947359709,0.8895116092874299,0.6271521309624611,0.7780198623669505,0.034599609375,0.02439453125,1.0,3.0,0.6515930113052415,0.5818277035873265,0.8895116092874299,0.6271521309624611,0.7356397947359709,0.5818277035873265,0.6038251366120219,0.9535628502802241,0.6740991626681719,0.7898395536810429,0.6526734170527236,0.6210349462365592,0.9843875100080064,0.7068397779659422,0.8228394302223723,0.6990035610671289,0.6352429728442115,0.9961302375233521,0.7375105842506351,0.847530335278812,0.7354035956198912,0.653483255927646,0.9998665599145984,0.7741085708909587,0.8726224627801578,0.7740286052994096,0.6710288453980979,1.0,0.8039326371248471,0.8913111505163241,0.8039326371248471,0.5455020920502092,0.7059221658206429,0.8812843261512463,0.5887665819926616,0.7727027651544326,0.034599609375,0.023115234375,1.0,3.0,0.6330935251798561,0.5455020920502092,0.8812843261512463,0.5887665819926616,0.7059221658206429,0.5455020920502092,0.5663454973067293,0.9476130122517955,0.6339260513688965,0.7596607493302348,0.6124620735174098,0.582834867934673,0.9839459231094212,0.6663844199830652,0.7946121041891647,0.6592169267260216,0.5962225929456625,0.9973243205182368,0.6957380750776179,0.8196703261385108,0.6944418532298108,0.6167278063096111,1.0,0.7413679555931885,0.8514776595169917,0.7413679555931885,0.6388517499016909,1.0,0.786339260513689,0.8803918470532469,0.786339260513689,0.7925846354166667,0.20741536458333334,0.0,0.4893033780801731,5.75456428527832,0.17788714170455933,1.3534566521644615,3.8789403581619273,1.0,1.0,LAB00320,1.0,0.11004346831388698,0.16725978647686832,0.00042606719688362277,0.011665068712048577
LAB00322,0.5359357060849597,0.6978621617581102,0.7486368010264086,0.6535374276647378,0.7714791281267596,0.03487630208333333,0.030445963541666666,11.0,2.0,0.7397769516728625,0.5359357060849598,0.7486368010264086,0.6535374276647378,0.6978621617581102,0.5359357060849597,0.5633606991525424,0.8260451192130868,0.705245473212619,0.760880506777713,0.6140493398252252,0.5885801383515066,0.8734096011974768,0.7453798767967146,0.8043318168095714,0.6727048759157868,0.6119947848761408,0.9021704266010906,0.7775807354862796,0.8352550778755865,0.7171141612295158,0.6518473229102978,0.9332834384689405,0.8200485346275901,0.8730094789260051,0.7746378186872842,0.6917489831493318,0.9510317545172672,0.8653164084375583,0.9061515836151053,0.8284069072476088,0.4380461013564118,0.6092240032405533,0.8015836759555353,0.49131976852716075,0.6694916079760757,0.03487630208333333,0.021376953125,3.0,2.0,0.5278810408921933,0.43804610135641175,0.8015836759555353,0.49131976852716075,0.6092240032405533,0.4380461013564118,0.45463042853034225,0.8763514542409014,0.5315475079335449,0.6617270757217466,0.49446347132713897,0.4709243270695785,0.9209684787574235,0.5648683964905731,0.7002464355008539,0.5387532334028955,0.48505488319729806,0.946246383432313,0.5939891730446145,0.7298365557500183,0.574600504410658,0.5144004107734678,0.9677173747525506,0.6371103229419451,0.7683600302149041,0.6238511651655575,0.5514618310346152,0.9835541343079032,0.6788314355049468,0.803264269148131,0.6712127401563799,0.8396744791666667,0.16032552083333335,0.0,0.5732154563946339,7.959676265716553,0.1743730902671814,1.5671330809593227,4.881829466819766,0.9999967447916667,1.0,LAB00322,1.0,0.3271559633027523,0.06830391404451266,0.0038518478367656674,0.008548632218844984
LAB00327,0.6873156342182892,0.8146853146853148,0.7971052631578948,0.833058305830583,0.9328215995772325,0.023671875,0.024739583333333332,1.0,2.0,0.8819444444444444,0.6873156342182891,0.7971052631578948,0.833058305830583,0.8146853146853148,0.6873156342182892,0.7198595396020289,0.9073684210526316,0.8634488448844885,0.8848639892021215,0.7935031965912412,0.7440506762540661,0.9703947368421053,0.8796754675467546,0.9228108661081564,0.8566841579380546,0.7680205733303078,0.9938157894736842,0.8924642464246425,0.9404171626246809,0.8875352916758994,0.8020257826887661,0.9997368421052631,0.9084158415841584,0.9518911065625815,0.9081986733656295,0.8309749574519816,1.0,0.9256050605060506,0.961365421695351,0.9256050605060505,0.6680690876882197,0.8010088941988583,0.7741852707210675,0.8297579757975797,0.9310080591887965,0.023671875,0.02537109375,1.0,2.0,0.8777777777777778,0.6680690876882197,0.7741852707210675,0.8297579757975797,0.8010088941988583,0.6680690876882197,0.7015866947046454,0.8869643315370798,0.8564356435643564,0.871432693526786,0.7721583715286094,0.7273033235170383,0.9585578650243777,0.8729372937293729,0.9137462412368741,0.8411904068137088,0.75290784372204,0.991660251475494,0.886963696369637,0.9363945809382997,0.8803965870767898,0.7900881726968684,0.9997433923530922,0.9051155115511551,0.9500790322421093,0.9049052847006246,0.820943824566488,1.0,0.9234048404840484,0.9601773074998213,0.9234048404840486,0.739990234375,0.260009765625,0.0,0.3341500988889796,5.87407922744751,0.125410795211792,0.8833726286888127,2.8745208764076233,1.0,1.0,LAB00327,1.0,0.05896607431340872,0.1494318181818182,0.0001509216280754474,0.008120649651972157
LAB00332,0.6478318879252835,0.786283956115137,0.8303548525010689,0.7466553898200831,0.8950612945583292,0.04233723958333333,0.038069661458333334,6.0,2.0,0.8794084186575654,0.6478318879252836,0.8303548525010689,0.7466553898200831,0.786283956115137,0.6478318879252835,0.6743320324226959,0.8892689183411714,0.7949407965554359,0.8394633234157766,0.7233406236557267,0.695552273100279,0.9269773407439077,0.8286175611256343,0.8750420754673859,0.7778442698920844,0.717966573816156,0.9484395040615647,0.8586806089497155,0.901330913242364,0.8203843396580391,0.7528755074424899,0.9628046173578453,0.9056589266492389,0.9333578909002587,0.8750431685919693,0.7856515784668329,0.9713552800342027,0.9497155159157312,0.9604135181899819,0.9238418688532881,0.5224575128135959,0.6863344407530454,0.8095934789424182,0.5956481623865908,0.8094491597914928,0.04233723958333333,0.031149088541666668,2.0,2.0,0.7064846416382252,0.5224575128135959,0.8095934789424182,0.5956481623865908,0.6863344407530454,0.5224575128135959,0.5461295034079844,0.8796112446441634,0.6294018145471321,0.7337629188865954,0.5794830445507063,0.5667573419197246,0.9292507054028634,0.6569275718898969,0.7697122301021229,0.625635927573282,0.5903602283635628,0.9607064479046923,0.6849915423650623,0.799752804464964,0.666323410244218,0.6245115300382188,0.9816072734873027,0.7311240965708135,0.838049379560779,0.7212435406626778,0.6590026022172316,0.988191033545825,0.7770259880055359,0.8699781441086846,0.7698772723492867,0.8250423177083334,0.17495768229166667,0.0,0.5956440447682204,6.4257097244262695,0.2419847846031189,1.6425877332687382,4.334182100296021,0.9999967447916667,1.0,LAB00332,1.0,0.3947518539646321,0.16575192096597147,0.001587019276811733,0.014457209242287336
LAB00339,0.5275953507967585,0.6907527579493835,0.6744281822213775,0.707887211544856,0.7905214697866995,0.09789713541666667,0.10275390625,47.0,17.0,0.7310090048487647,0.5275953507967585,0.6744281822213775,0.707887211544856,0.6907527579493835,0.5275953507967585,0.5691269367682462,0.8167015142875246,0.747888541597393,0.7807817800496188,0.6403954331336965,0.5976976941575894,0.906513337134892,0.7747556028463124,0.8354716729710326,0.7174335338862483,0.6204372842347526,0.9462713045682063,0.7947063909024407,0.8638914274713319,0.7603951315573166,0.6508674787744555,0.9635683963758475,0.8181818181818182,0.8849435078474793,0.793631097684721,0.6819961438577162,0.9707913577900272,0.8402606902972667,0.9008220578671641,0.8195416077211451,0.3016262224852738,0.4634605807331702,0.6643491216090385,0.35585555629447363,0.6514193681038299,0.09789713541666667,0.052438151041666665,5.0,17.0,0.4906488108981759,0.3016262224852738,0.6643491216090385,0.35585555629447363,0.4634605807331702,0.3016262224852738,0.34724870924229034,0.8500217269849153,0.37354525503757396,0.5190097272308107,0.3504477624018114,0.3797103752408574,0.9546216400769756,0.3829553767373811,0.5466264524909576,0.37610871164390497,0.4079145814766573,0.991309206033894,0.3914012103478087,0.5612160268321614,0.390062745553459,0.4472497377134059,0.9998758458004842,0.4062312961361974,0.577738137728765,0.4062108062197244,0.48403844503561316,1.0,0.430804016758662,0.6021845224262142,0.43080401675866187,0.6736393229166666,0.32636067708333333,0.0,1.0534303312577928,7.786744117736816,0.46869421005249023,2.98678185939789,5.674621920585633,1.0,1.0,LAB00339,1.0,0.548007433409044,0.12650268170889586,0.020440234212550465,0.0027097738740422352
LAB00359,0.7464406221710147,0.8548136280099901,0.7933175894340943,0.926644871270944,0.9596754302512295,0.031861979166666665,0.037216796875,3.0,3.0,0.9935483870967742,0.7464406221710147,0.7933175894340943,0.926644871270944,0.8548136280099901,0.7464406221710147,0.7742838206053465,0.8683635091402082,0.9644462607274213,0.9138863761108187,0.8414279648185913,0.7955941255006675,0.9211055715910085,0.9850837760523089,0.9520210106383153,0.908435207482722,0.8171507441190591,0.9593282602991341,0.9960155292194524,0.9773277210881346,0.9556607148166978,0.8437531309488028,0.9826817108370507,0.9997956681651001,0.9911648204273275,0.9824843943756699,0.8644088619517589,0.9873174145018805,1.0,0.993618238633863,0.9873174145018806,0.7416898056326854,0.8516898970574838,0.7684530659214204,0.9551491622394769,0.9805283593389613,0.031861979166666665,0.039602864583333335,1.0,3.0,0.9961290322580645,0.7416898056326855,0.7684530659214204,0.9551491622394769,0.8516898970574838,0.7416898056326854,0.7761665470208183,0.8491698175242479,0.9809971393543114,0.9103357031842486,0.835427668727385,0.8030730842471601,0.9095018905145488,0.9931548835308541,0.9494894260140622,0.9038361436110323,0.8306043465317059,0.9594772316291303,0.9985696771557009,0.9786332136657018,0.9581604050177039,0.8648553459119497,0.9950682229163241,1.0,0.9975280158206987,0.9950682229163241,0.8946645008121954,0.9998356074305441,1.0,0.9999177969584875,0.9998356074305443,0.37648111979166665,0.6235188802083333,0.0,0.3340474586270284,4.981532096862793,0.09623587131500244,0.9924772739410402,2.4960526013374347,1.0,1.0,LAB00359,1.0,0.00683371298405467,0.2222222222222222,0.0005838524075425584,0.030163653866723712
LAB00360,0.680057096247961,0.8095642675081928,0.9284521158129176,0.7176673122444588,0.9220121828175074,0.03025390625,0.023385416666666665,4.0,2.0,0.8606194690265486,0.6800570962479608,0.9284521158129176,0.7176673122444588,0.8095642675081928,0.680057096247961,0.7119312702726396,0.9826002227171492,0.7968581880783301,0.8800352155796956,0.7857704347688067,0.7383451682618092,0.9976336302895323,0.8525930707983645,0.9194284353156844,0.8508723210612075,0.7620342670655426,0.9997216035634744,0.8979987088444158,0.9461338463145559,0.8977742031147496,0.7981569890085489,1.0,0.952012050785453,0.9754161613934517,0.9520120507854529,0.8271916988160171,1.0,0.9835377663008392,0.991700569568755,0.9835377663008391,0.6828634273145372,0.8115494296577948,0.9060758821968692,0.7348827200344308,0.9180758811931973,0.03025390625,0.024537760416666665,1.0,2.0,0.8561946902654868,0.6828634273145371,0.9060758821968692,0.7348827200344308,0.8115494296577948,0.6828634273145372,0.7131997235659986,0.9721411514990713,0.8018076178179471,0.8787967210195899,0.7837978513751247,0.73752098916196,0.9962854868665428,0.8475360447600603,0.9159106198806662,0.8448663336041952,0.7583209809998652,0.9997346776333245,0.8847643641058748,0.938742442144741,0.8845566612895421,0.7887914391306746,1.0,0.9297396169571767,0.9635907443546139,0.9297396169571767,0.8180412598842602,1.0,0.96621476221218,0.9828171172157163,0.9662147622121798,0.7770247395833333,0.22297526041666665,0.0,0.456597950119758,5.4034743309021,0.23157459497451782,1.1720919013023379,2.8171048736572293,0.9999967447916667,1.0,LAB00360,0.0,0.040584415584415584,0.2980225988700565,5.7200923290197106e-05,0.03806734992679356
LAB00361,0.5795681937862033,0.733831177490332,0.8872944211544663,0.6256252842201,0.8164054768113324,0.0286328125,0.020188802083333332,3.0,1.0,0.707983193277311,0.5795681937862033,0.8872944211544663,0.6256252842201,0.733831177490332,0.5795681937862033,0.6054078413699865,0.9561431796194776,0.6903137789904502,0.8017686804717016,0.6691267933034247,0.6254051063157062,0.9858110287004193,0.7377216916780355,0.8439110800380356,0.7299707362179377,0.6438831448199293,0.9962915188648823,0.7810368349249659,0.8756292813284203,0.7787727542059775,0.6730322434408115,1.0,0.8374261027739882,0.9115208513797798,0.8374261027739883,0.7041763871735053,1.0,0.8863119599818099,0.9397299903567985,0.8863119599818101,0.5615907901622188,0.7192547416393004,0.8760816326530613,0.610050022737608,0.7898701064405557,0.0286328125,0.019938151041666668,2.0,1.0,0.6649159663865546,0.5615907901622187,0.8760816326530613,0.610050022737608,0.7192547416393004,0.5615907901622188,0.5813640039536346,0.9459591836734694,0.6617780809458845,0.7787529305950107,0.6376702553517131,0.5976139685549499,0.9815510204081632,0.7016825829922693,0.8183501730803441,0.692548802900122,0.612088752869166,0.9960816326530613,0.7382901318781264,0.848027228039648,0.7361521458502277,0.6354634951345814,1.0,0.7932014552069122,0.8846763456539656,0.7932014552069122,0.6631414382931764,1.0,0.8422010004547522,0.914342137743767,0.8422010004547523,0.6723763020833333,0.3276236979166667,0.0,0.3823333073663525,4.9944748878479,0.16528308391571045,1.041407239437105,2.7616535091400163,0.9999934895833333,1.0,LAB00361,1.0,0.1,0.22529644268774704,0.0003729274807236809,0.038389862094670144
LAB00365,0.6749282152032643,0.8059189750067671,0.925787728026534,0.7135325131810193,0.9256710145919674,0.020374348958333333,0.015703125,5.0,3.0,0.8905325443786982,0.6749282152032643,0.925787728026534,0.7135325131810193,0.8059189750067671,0.6749282152032643,0.7201309328968903,0.9771973466003316,0.8169036587314268,0.8898897947976333,0.801622929531948,0.7527044569450454,0.9877694859038143,0.8785748522128135,0.9299778313941977,0.8691201534692714,0.7875369822485208,0.9931592039800995,0.9265058316024924,0.9586753700683965,0.9206306491870498,0.8285797017518459,0.9987562189054726,0.9718804920913884,0.9851350886670164,0.9707056354653959,0.8571908226077224,1.0,0.9907333439846621,0.9953451043338684,0.9907333439846621,0.5957256015543266,0.746651681183853,0.9022181982797646,0.6368429461575331,0.8799608128783132,0.020374348958333333,0.014381510416666667,2.0,3.0,0.8136094674556213,0.5957256015543267,0.9022181982797646,0.6368429461575331,0.746651681183853,0.5957256015543266,0.6328876671248281,0.9735174287007696,0.7090589551046493,0.8205050985079795,0.695641072691428,0.660316435259929,0.988909008601177,0.7478830484102892,0.8516716563359576,0.74166213960937,0.6891530734494516,0.9938886373924853,0.7804761143952708,0.8743482320330546,0.7767484198174596,0.7264846120502817,0.9988682661837935,0.8208979070139,0.9011804716119431,0.8201351071125886,0.7572706935123042,1.0,0.8531714331362837,0.9207690318130872,0.8531714331362835,0.6298502604166667,0.37014973958333336,0.0,0.2889535338385031,6.397346019744873,0.12651515007019043,0.7107097864151002,2.3042325496673604,0.9999967447916667,1.0,LAB00365,1.0,0.2578090629124505,0.23842592592592593,9.65029333564053e-05,0.026593075765178123
LAB00372,0.8221462606173606,0.9023932692854301,0.9357462862532422,0.871336041277857,0.9678800856531049,0.029651692708333333,0.027610677083333333,1.0,1.0,0.9377593360995851,0.8221462606173606,0.9357462862532422,0.871336041277857,0.9023932692854301,0.8221462606173606,0.8456739896935178,0.9838481490214572,0.9300691623668899,0.9562030902921619,0.9160815493885741,0.8641806638270514,0.9971704786606932,0.9579536721923373,0.9771687607848579,0.9553567815690469,0.8801886118453954,0.9997642065550578,0.9760676254254035,0.9877738168631325,0.9758429818541566,0.9040798356325213,1.0,0.9938522340542321,0.996916639136659,0.993852234054232,0.9211479651846625,1.0,1.0,1.0,1.0,0.8189585028478439,0.9004696935808545,0.9176068376068376,0.8839609177736305,0.9671428571428572,0.029651692708333333,0.028564453125,1.0,1.0,0.9363762102351314,0.8189585028478438,0.9176068376068376,0.8839609177736305,0.9004696935808545,0.8189585028478439,0.842508462497773,0.9778917378917379,0.9332528268745197,0.9550509632706088,0.9139689398248968,0.8600222186954452,0.996011396011396,0.958173235261829,0.9767259924177114,0.9545107030769234,0.8774225491582968,0.9997720797720798,0.9761774069601493,0.9878338722080106,0.9759602155062637,0.9013526119402985,1.0,0.994730486332199,0.9973582828838745,0.994730486332199,0.9179191834059091,1.0,1.0,1.0,1.0,0.7315006510416666,0.26849934895833333,0.0,0.32672207029691586,4.737926959991455,0.12220966815948486,0.8925241827964784,2.684371008872986,0.9999967447916667,1.0,LAB00372,1.0,0.05581835383159887,0.27247579529737204,6.389389577896747e-05,0.021609538002980627
LAB00373,0.6845796802475503,0.8127602253245163,0.8805890938039007,0.7546333143831723,0.9321000119927734,0.028629557291666666,0.024534505208333335,8.0,2.0,0.9024691358024691,0.6845796802475503,0.8805890938039007,0.7546333143831723,0.8127602253245163,0.6845796802475503,0.7218976810054877,0.9522356375215603,0.8319499715747584,0.8880381138930783,0.7986227990261244,0.7472638360630288,0.9781080005307151,0.8789084707220012,0.9258586773519419,0.8619523872980158,0.7708874606864488,0.9854053336871434,0.9130187606594656,0.9478320035965571,0.9008371351689741,0.8086699067091224,0.9899164123656627,0.9509948834565094,0.9700653968429701,0.9418708662369975,0.8449142651943622,0.997213745522091,0.9779420125071063,0.9874838611904623,0.9752771569167212,0.5985981797259128,0.7489038675479354,0.8822078322540857,0.6505969300739056,0.8870373555155279,0.028629557291666666,0.02111328125,2.0,2.0,0.8012345679012346,0.5985981797259128,0.8822078322540857,0.6505969300739056,0.7489038675479354,0.5985981797259128,0.6287953869717993,0.9555966697502313,0.7105173393973849,0.8150318640862948,0.6878090974639078,0.6513783269961977,0.9892075238976257,0.7476975554292211,0.8516620237153052,0.7416475299987484,0.6700167504187605,0.9976873265494912,0.7745309835133599,0.8720593189715856,0.7731428909687648,0.7007614501647914,1.0,0.8144400227401933,0.8977315453064294,0.8144400227401933,0.7418153748353994,1.0,0.8591245025582718,0.9242248180539416,0.8591245025582717,0.7729069010416667,0.22709309895833332,0.0,0.503607160160318,6.637138366699219,0.14474594593048096,1.5249199390411383,3.752554368972784,0.9999869791666667,1.0,LAB00373,1.0,0.333875691506671,0.2198952879581152,0.001021364664142373,0.01939881160433415
LAB00374,0.8004296306562262,0.8891540297128782,0.9457180284918946,0.8389744334689134,0.9314046526548936,0.04481770833333333,0.03975911458333333,5.0,1.0,0.9276073619631902,0.8004296306562262,0.9457180284918946,0.8389744334689134,0.8891540297128782,0.8004296306562262,0.8120211028765231,0.971835598493532,0.8906159209761766,0.9294548046396307,0.868206974042563,0.8222938366806698,0.9811691501555592,0.9238088320743754,0.9516254099814669,0.9077150658188351,0.8294638645773282,0.9847715736040609,0.9452353282975015,0.964598500405941,0.9316178321009992,0.8426679788852107,0.9896839692156542,0.9702934340499709,0.9798927839825923,0.9605782300101587,0.8620961091536097,0.9941869985262813,0.990122022080186,0.9921503466287919,0.9844229675627681,0.7980458315759875,0.8876813010672817,0.9612225891118449,0.8245932597327136,0.9571337172104927,0.04481770833333333,0.038447265625,1.0,1.0,0.9177914110429448,0.7980458315759876,0.9612225891118449,0.8245932597327136,0.8876813010672817,0.7980458315759875,0.8109144354271839,0.9900093133519601,0.8748547356188263,0.9288766508965746,0.8671985833135678,0.8225768598920441,0.9978833290999916,0.9070307960488089,0.9502905127407768,0.9052890578534943,0.8328422180551835,0.9997459994919989,0.9299099360836722,0.9635642513753767,0.9296902896817784,0.848899710571048,1.0,0.9598343986054619,0.9795056146462588,0.9598343986054622,0.8659631619339985,1.0,0.9816240557815223,0.9907268262287872,0.9816240557815223,0.8814876302083333,0.11851236979166667,0.0,0.6256124975547815,5.916403770446777,0.22986245155334473,1.7559529423713691,4.794243707656861,1.0,1.0,LAB00374,1.0,0.14409937888198757,0.24890829694323144,0.0010888338214312533,0.013212366775301682
LAB00377,0.7662101248266296,0.8676319018404908,0.930616971994104,0.8126321596028316,0.9397435897435898,0.03540690104166667,0.03091796875,2.0,1.0,0.8863361547762999,0.7662101248266296,0.930616971994104,0.8126321596028316,0.8676319018404908,0.7662101248266296,0.7942241047362342,0.9757843756580332,0.8736784039716834,0.9219128336457796,0.8551375643988256,0.8171027972513362,0.9929458833438619,0.9154178541877356,0.9526070653919388,0.909503046961462,0.8392834852078392,0.9992630027374184,0.9509975176978946,0.9745330176898787,0.9503309560435566,0.8658377305260958,1.0,0.986117495632987,0.9930102300606397,0.9861174956329871,0.884749659400545,1.0,0.9984370690447734,0.9992179233564888,0.9984370690447733,0.7479911095913829,0.8558294209702659,0.9142200397032703,0.8044497563666452,0.9349645846748229,0.03540690104166667,0.031155598958333332,1.0,1.0,0.8778718258766627,0.7479911095913832,0.9142200397032703,0.8044497563666452,0.8558294209702659,0.7479911095913829,0.775087559007157,0.9687597952147111,0.862462075940057,0.9125257809871683,0.8391240592494459,0.7968653330583626,0.991536934489604,0.9026385952008826,0.9450016554524184,0.8957375718515148,0.8183620369223145,0.999477588548741,0.9358278937206951,0.966606063054999,0.9353703640961496,0.8495115360631885,1.0,0.9778431552817872,0.9887974712964254,0.9778431552817871,0.8740875912408759,1.0,0.9985290061597867,0.9992639617260097,0.9985290061597867,0.7809407552083333,0.21905924479166666,0.0,0.42430389270186425,4.946949005126953,0.1692700982093811,1.1449079990386966,3.121185674667359,0.9999967447916667,1.0,LAB00377,1.0,0.1147155618241655,0.24847746650426308,0.00014213101772576835,0.017714285714285714
LAB00380,0.7350442797758899,0.8472916666666666,0.8819256207307817,0.8152751328054525,0.9543368858669826,0.03247721354166667,0.030022786458333332,10.0,1.0,0.9208371246587808,0.7350442797758902,0.8819256207307817,0.8152751328054525,0.8472916666666666,0.7350442797758899,0.7722817415090039,0.9629187899815678,0.8887441114563496,0.9243457907400157,0.8593335876739943,0.7967303525704156,0.9878564458419169,0.9257291771073469,0.9557842865687882,0.9153130663281778,0.8202094537220492,0.995554591781416,0.9501854264809061,0.9723410686918563,0.9461709902663219,0.8489340738086707,0.9977230835953594,0.9722361431291972,0.9848147408802711,0.9700837675028967,0.8767795778105056,0.9977230835953594,0.9842638067555377,0.9909477455459675,0.982057907478874,0.6809511134770652,0.8101974031457828,0.8557252759504962,0.7692693194346998,0.9293716512420849,0.03247721354166667,0.029195963541666668,2.0,1.0,0.8680618744313012,0.680951113477065,0.8557252759504962,0.7692693194346998,0.8101974031457828,0.6809511134770652,0.7121621621621622,0.9479317649682238,0.8233938057532324,0.8812847919692823,0.7877650948543143,0.7345248189941948,0.9874010480544096,0.8527613511075474,0.9151555886669095,0.8435823414920282,0.7561140920643886,0.9986620582004683,0.8721058434399118,0.9311032285882991,0.8710880727599012,0.7851035103510351,1.0,0.8896461862283251,0.941600806237734,0.8896461862283251,0.8111405835543767,1.0,0.9077879121980555,0.9516654407901649,0.9077879121980555,0.7464615885416667,0.25353841145833333,0.0,0.4574513654573821,6.091636657714844,0.21702271699905396,1.2481525182724014,2.7571510195732154,0.9999967447916667,1.0,LAB00380,1.0,0.3014769765421373,0.29675425038639874,0.0006048748179461966,0.03061889250814332
LAB00382,0.7264868603042874,0.8415782094932904,0.846665323393109,0.836551861437388,0.9738505498311542,0.016350911458333332,0.016155598958333333,1.0,1.0,0.9583333333333334,0.7264868603042877,0.846665323393109,0.836551861437388,0.8415782094932904,0.7264868603042874,0.7666128795657914,0.9488212774531534,0.8936890304598846,0.9204303106312272,0.8525899899703603,0.7957908163265306,0.9901269393511989,0.9239498307784193,0.9558943845295649,0.915515030631144,0.823366248751803,0.999395526899053,0.9474417678678081,0.9727254222524111,0.9468991478259077,0.858281665190434,1.0,0.9745172207843918,0.9870941722121396,0.9745172207843918,0.8849000484194508,1.0,0.9910412104320128,0.9955004499550045,0.9910412104320129,0.7215021601861084,0.8382239382239383,0.8135656735994005,0.8644236512044595,0.9736081557468161,0.016350911458333332,0.017373046875,1.0,1.0,0.9696969696969697,0.7215021601861084,0.8135656735994005,0.8644236512044595,0.8382239382239383,0.7215021601861084,0.7621752094278007,0.9289863219036912,0.9068285884929325,0.9177737366117806,0.8480423804708148,0.7915632754342432,0.9825744800449691,0.9325104519211627,0.9568880806683091,0.9173398011609105,0.8202930005425936,0.9981262881768784,0.9540115468843321,0.9755704613344405,0.9523060635338925,0.8564330543933054,1.0,0.9767071471232331,0.9882163359854971,0.9767071471232334,0.8842602093166427,1.0,0.9918375472825005,0.9959020489755123,0.9918375472825004,0.6574283854166667,0.34257161458333335,0.0,0.2397446797012041,3.5309579372406006,0.11147439479827881,0.5859769821167009,1.9093130707740789,0.9999967447916667,1.0,LAB00382,1.0,0.010279001468428781,0.24522613065326634,3.3202515422568414e-05,0.033855366190695534
LAB00384,0.7068000678311007,0.8282165921510185,0.8413403310456197,0.81549598904324,0.9465154221768911,0.016637369791666665,0.016126302083333332,1.0,2.0,0.9134438305709024,0.7068000678311006,0.8413403310456197,0.81549598904324,0.8282165921510185,0.7068000678311007,0.7500361428364898,0.9507468712151796,0.8681275679906085,0.9075607983617736,0.8307654988953085,0.7813525107241989,0.988897860314897,0.8992369399334769,0.9419385583056404,0.890249394966362,0.8098179812465527,0.9977795720629794,0.9213461162199178,0.9580407778151571,0.9194609130732386,0.8477395381757056,1.0,0.9577382117002543,0.9784129522286629,0.9577382117002545,0.879397682326001,1.0,0.9874779886519273,0.9936995471549518,0.9874779886519274,0.70262246412667,0.8253414705027609,0.8173445894090561,0.8334963803560947,0.952217143395693,0.016637369791666665,0.016966145833333335,1.0,2.0,0.9226519337016574,0.70262246412667,0.8173445894090561,0.8334963803560947,0.8253414705027609,0.70262246412667,0.7461505862409945,0.9330391404451266,0.8796712972021131,0.9055696199123817,0.8274346512931077,0.7778052703204256,0.9842670759785112,0.9072588534533359,0.9441953768113083,0.8942898677216373,0.8079765268419908,0.9969301611665388,0.9278027783212679,0.9611251040040131,0.925159619996945,0.8474546569701218,1.0,0.9616513402465271,0.9804508278475962,0.9616513402465269,0.8797655980696312,1.0,0.9888475836431226,0.994392523364486,0.9888475836431226,0.6127994791666667,0.38720052083333334,0.0,0.224755544901127,3.825479030609131,0.07935351133346558,0.5907601118087775,2.036919009685518,1.0,1.0,LAB00384,1.0,0.008225616921269096,0.18067226890756302,1.9924486197312185e-05,0.02323943661971831
LAB00385,0.796579330422125,0.886773344136115,0.8995274296281076,0.8743758737767126,0.9721194740015318,0.016298828125,0.015843098958333333,1.0,2.0,0.953125,0.7965793304221251,0.8995274296281076,0.8743758737767126,0.886773344136115,0.796579330422125,0.8248275862068966,0.9810971851243065,0.9290992610345516,0.9543904989824963,0.9127599721059914,0.8467046810767803,0.9973289500719129,0.9518673856600759,0.9740680124883947,0.9494469656326766,0.8666666666666667,0.9995890692418328,0.9640503295386459,0.9814981021508289,0.9636684077108887,0.8897565457050988,1.0,0.9826243259436789,0.991236022967664,0.982624325943679,0.9111079403581366,1.0,0.9946075494307969,0.9972964854310604,0.994607549430797,0.788060755916637,0.881469774792572,0.8719953097518077,0.8911523866586778,0.9721271493861824,0.016298828125,0.01665690104166667,1.0,2.0,0.955078125,0.7880607559166373,0.8719953097518077,0.8911523866586778,0.881469774792572,0.788060755916637,0.818399401645475,0.9683408247019738,0.9358897543439185,0.9518387810005615,0.9081034136229299,0.8413873733437256,0.9958960328317373,0.9546634711404034,0.9748439477616497,0.9509224918812624,0.862687244666364,0.99921829196795,0.9668464150189734,0.9827658468994834,0.9661156616733974,0.8876781984926905,1.0,0.9846215298581985,0.9922511824494314,0.9846215298581987,0.9113377239572268,1.0,0.9964050329538646,0.9981992797118847,0.9964050329538646,0.6646451822916667,0.3353548177083333,0.0,0.23262055579262475,3.700535774230957,0.11892735958099365,0.5218316674232486,1.91018013238907,1.0,1.0,LAB00385,1.0,0.005504587155963303,0.2687022900763359,3.31633160663001e-05,0.019497982967279247
LAB00394,0.7272457752742365,0.8420871953312735,0.8776386404293381,0.8093038601121741,0.9547766784057242,0.019733072916666667,0.018196614583333333,1.0,3.0,0.9442724458204335,0.7272457752742366,0.8776386404293381,0.8093038601121741,0.8420871953312735,0.7272457752742365,0.763069245165315,0.9588550983899821,0.8823820521280106,0.919030478146427,0.8501909254301048,0.7911351351351351,0.9858676207513417,0.9232926426921808,0.953554647388654,0.9112321489212137,0.8183257286525747,0.9948121645796064,0.9559551303200264,0.9749966537998312,0.9512131422929306,0.851256725878971,0.9985688729874777,0.9887825800065985,0.9936516312293985,0.9873833575576676,0.8794743212865295,1.0,0.9998350379412735,0.9999175121669553,0.9998350379412736,0.7341247139588103,0.8466804123711341,0.8466105888174171,0.8467502474430881,0.9594679261651162,0.019733072916666667,0.019736328125,1.0,3.0,0.9473684210526315,0.7341247139588101,0.8466105888174171,0.8467502474430881,0.8466804123711341,0.7341247139588103,0.7730806608357629,0.9449117598548573,0.9033322335862751,0.9236542941307417,0.8581390617290541,0.8008039775732572,0.9844961240310077,0.9384691520950181,0.9609318007255171,0.9248014725082302,0.8270374096771244,0.9962064984331189,0.965852853843616,0.9807948861615003,0.9623135449817948,0.8595047341587764,0.9993402605970642,0.9927416694160344,0.9960300363883738,0.9920914693556273,0.8868237447100538,1.0,0.999670075882547,0.9998350107243029,0.9996700758825469,0.7328092447916666,0.26719075520833335,0.0,0.27592205924525237,3.7659237384796143,0.12414872646331787,0.6902332663536078,2.1137917852401764,1.0,1.0,LAB00394,0.0,0.0193756727664155,0.2967741935483871,9.993071470447156e-05,0.04773037210208455
LAB00423,0.6945005611672277,0.8197112200291429,0.782103134479272,0.8611188421931534,0.9324684826886003,0.023391927083333333,0.025755208333333335,5.0,4.0,0.9257294429708223,0.6945005611672278,0.782103134479272,0.8611188421931534,0.8197112200291429,0.6945005611672277,0.7346899411707976,0.8857431749241659,0.9077372669078764,0.8966053602086209,0.8125881057190415,0.7662007623888183,0.9457785642062689,0.9313943779571389,0.9385313603326082,0.8841819016214123,0.7942712218409668,0.9777553083923155,0.9479543556916226,0.9626242425615212,0.9279417179927779,0.8295530151817577,0.9946916076845298,0.9723072641246869,0.9833720695792418,0.967288070840477,0.8640412113042222,0.9996208291203236,0.9912329529640969,0.9954092211191237,0.9908604001203545,0.6595720720720721,0.7948700549636969,0.7756588531320355,0.8150570553854718,0.8968253584116628,0.023391927083333333,0.024580078125,2.0,4.0,0.8607427055702918,0.659572072072072,0.7756588531320355,0.8150570553854718,0.7948700549636969,0.6595720720720721,0.6988150738150738,0.8830618461130976,0.8533259114945728,0.8679392623439565,0.7666896602571376,0.7301804498417857,0.9482187789696729,0.8765655441135541,0.9109853689688148,0.8365226168781635,0.7586467301011932,0.982651304462985,0.895073754522683,0.936820210459799,0.8811493781921406,0.7944751381215469,0.9986756720964111,0.922349011967715,0.9589960265222393,0.9212222536658037,0.8289775780372234,1.0,0.945866963540217,0.9721805048988057,0.945866963540217,0.804599609375,0.195400390625,0.0,0.48625815502600744,5.6443586349487305,0.19273889064788818,1.3296334862709047,3.567659835815431,0.9999967447916667,1.0,LAB00423,1.0,0.3288186606471031,0.15171192443919718,0.0009620541700187718,0.018098002390302202
LAB00424,0.6149956970740101,0.7616066076067407,0.8133447147531655,0.7160571142284569,0.829802930377342,0.025989583333333333,0.022880859375,3.0,5.0,0.8002466091245376,0.6149956970740104,0.8133447147531655,0.7160571142284569,0.7616066076067407,0.6149956970740101,0.6450812896114632,0.8978517570066866,0.7729208416833667,0.8307154860890037,0.7104476936160263,0.6677652733118971,0.9432351685872813,0.812750501002004,0.8731447745941221,0.7748508902548925,0.6886252912518535,0.9624413145539906,0.843812625250501,0.8992314030564824,0.8169122970562209,0.7264509442653155,0.9748186086214256,0.8827655310621243,0.9265112124348038,0.8630842009409754,0.7666114485551261,0.9893299189073836,0.9120741482965932,0.9491325476111848,0.9031895939432056,0.5534729878721059,0.7125621007806956,0.8221421552571241,0.6287575150300602,0.8020502758627512,0.025989583333333333,0.019876302083333332,2.0,5.0,0.6954377311960542,0.5534729878721059,0.8221421552571241,0.6287575150300602,0.7125621007806956,0.5534729878721059,0.58004158004158,0.9128725843432689,0.6791082164328658,0.7788275741536338,0.6377703571335116,0.600795426298782,0.9646249590566656,0.7179358717434869,0.82319622352855,0.6995186793135868,0.6178867704846456,0.9885358663609565,0.749749498997996,0.8527417710758097,0.7432866895846499,0.6453837990802971,0.996560759908287,0.7974699398797596,0.8859683943920037,0.7952812020162351,0.6729565623540402,0.9981984932852932,0.8379258517034068,0.9110671888186137,0.8366606088673132,0.85001953125,0.14998046875,0.0,0.5211489833635278,6.656497478485107,0.18873059749603271,1.4072376251220713,4.1121892070770265,1.0,1.0,LAB00424,1.0,0.2574224021592443,0.17955801104972377,0.0014121356455237648,0.013147410358565738
LAB00442,0.40951530405131126,0.5810725188641208,0.9360675512665863,0.4212988097723951,0.717660172130958,0.07794596354166666,0.03508138020833333,17.0,4.0,0.572452229299363,0.4095153040513112,0.9360675512665863,0.4212988097723951,0.5810725188641208,0.40951530405131126,0.4570530334219095,0.967894590331261,0.48126957611192317,0.6428784674590039,0.4737073666905243,0.49819306414622283,0.979214994896539,0.5316767592399249,0.6891636725931967,0.525743495342819,0.5373028644995173,0.9862670501994989,0.58137398204218,0.7315322711495337,0.5767054647992313,0.6035644792871041,0.9932263153011042,0.6712466068072667,0.8010941903375017,0.6681877624423359,0.664492997738101,0.9974018743620674,0.7689287951555648,0.8683889543157488,0.7673917267135371,0.3585476550680787,0.5278396436525613,0.9448335308695184,0.36621424096888705,0.669864418997976,0.07794596354166666,0.030211588541666667,3.0,4.0,0.5095541401273885,0.3585476550680787,0.9448335308695184,0.36621424096888705,0.5278396436525613,0.3585476550680787,0.3963851784770961,0.9813597672664583,0.4110670286072249,0.579426717038698,0.4078823134212656,0.4290724180256006,0.9922422152785261,0.4470244309876801,0.6163646087923005,0.44546750734260243,0.4590286587944439,0.9964443486693244,0.47959908122781375,0.647533513495275,0.4787797109625553,0.5088603988603989,0.9994612649498976,0.5384005011484653,0.6998164045559423,0.5382442964271755,0.5622573757763976,1.0,0.6125704740029234,0.7597441276254112,0.6125704740029234,0.5961263020833333,0.40387369791666666,0.0,0.5325877780509958,7.551961898803711,0.08768570423126221,1.7740160107612626,4.509205956459048,0.9999967447916667,1.0,LAB00442,1.0,0.10068529256721138,0.15625,0.0009089526531160807,0.023833960542821303
LAB00485,0.6944134967372273,0.8196505729851586,0.896629675297986,0.7548442906574394,0.9056492631149676,0.018815104166666666,0.01583984375,2.0,3.0,0.8830715532286213,0.6944134967372274,0.896629675297986,0.7548442906574394,0.8196505729851586,0.6944134967372273,0.7222147379765593,0.9381422112618167,0.8455017301038062,0.8894161489405481,0.8008545668047318,0.7432384966631542,0.9517057131113851,0.8961937716262975,0.9231159373721693,0.857210139334374,0.7605346393225181,0.9547883271681052,0.9294117647058824,0.941929159117389,0.8902326032646924,0.7918885702580909,0.9580764488286067,0.9641868512110726,0.9611219382864692,0.9251537535610194,0.8229482792019113,0.9673242909987669,0.9833910034602076,0.975291481948974,0.951774543461352,0.7268458549222797,0.8418190342240974,0.918935516888434,0.7766435986159169,0.9321147725426727,0.018815104166666666,0.015901692708333335,2.0,3.0,0.8778359511343804,0.7268458549222798,0.918935516888434,0.7766435986159169,0.8418190342240974,0.7268458549222797,0.7542770419426048,0.9740020470829068,0.8531141868512111,0.9095589530167908,0.8341202447699095,0.7745664739884393,0.9938587512794268,0.898961937716263,0.9440315123990632,0.8939959132150013,0.7899947340705634,0.9997952917093142,0.9266435986159169,0.9618305689752357,0.926467819444293,0.8140677966101695,1.0,0.9558823529411765,0.9774436090225563,0.9558823529411765,0.8404049823486311,1.0,0.9759515570934256,0.9878294370020139,0.9759515570934255,0.592236328125,0.407763671875,0.0,0.2782429006311577,5.500433921813965,0.08575129508972168,0.7549111247062684,2.547857964038852,0.9999934895833333,1.0,LAB00485,0.0,0.048024786986831915,0.3383838383838384,0.0008006006165621346,0.041880151481398974
LAB00486,0.6488174921909862,0.7870094722598105,0.8892966360856269,0.7058252427184466,0.8997988955214352,0.0201171875,0.015966796875,1.0,2.0,0.883248730964467,0.6488174921909862,0.8892966360856269,0.7058252427184466,0.7870094722598105,0.6488174921909862,0.6843853820598007,0.928644240570846,0.7944983818770227,0.8563497145985953,0.7487863427568935,0.7128879892037787,0.9420998980632008,0.8508090614886732,0.8941303191435532,0.808531361897081,0.7351367419738407,0.9469928644240571,0.8896440129449839,0.9174230818487479,0.8474437857177463,0.7697018533440774,0.9549439347604485,0.9448220064724919,0.9498560058651704,0.9045007267291164,0.8076131687242798,0.9667686034658511,0.988673139158576,0.9775981858152604,0.9561780625309185,0.6846200793408604,0.8127886966760257,0.9230610985393952,0.726051779935275,0.9363311201897295,0.0201171875,0.015823567708333333,3.0,2.0,0.8900169204737732,0.6846200793408606,0.9230610985393952,0.726051779935275,0.8127886966760257,0.6846200793408604,0.7204216073781291,0.980456696153055,0.8053398058252427,0.8843121872231734,0.7926161575810493,0.7465181058495822,0.997531372145649,0.856957928802589,0.9219167974195827,0.8551443851577998,0.7652227217000409,0.9995885620242748,0.8923948220064725,0.9429550644223436,0.892067151248433,0.791604693439101,0.9995885620242748,0.9420711974110032,0.9699779675286008,0.9417060382691711,0.8221829834543195,0.9995885620242748,0.9862459546925566,0.9928724345906471,0.9858457544919729,0.51517578125,0.48482421875,0.0,0.3083346947080766,4.668128490447998,0.13280367851257324,0.7842685103416446,2.468193874359133,1.0,1.0,LAB00486,0.0,0.054341405788541054,0.3877005347593583,0.0010444176872467952,0.0483619344773791
LAB00551,0.852093448213584,0.9201408806185899,0.9519994302602999,0.8903455701963745,0.9365110666543768,0.29323893229166664,0.274248046875,36.0,1.0,0.9503252513305737,0.8520934482135838,0.9519994302602999,0.8903455701963745,0.9201408806185899,0.852093448213584,0.8736573048823395,0.9648660518225736,0.9218165469622459,0.9428501569315864,0.8918793897702633,0.888363445293238,0.9725337986207552,0.9449840702463284,0.9585610255780814,0.9204197741016549,0.8998710236391024,0.978219326045413,0.9635447309703273,0.970826577965401,0.9433070823439546,0.910595839831639,0.9848188109057674,0.981394935781446,0.9831038922534564,0.9667692547590025,0.9171604446215845,0.9916556873078612,0.9920184718537349,0.9918370464068451,0.9838062813872269,0.8117383356545961,0.8960878286668349,0.9761720947882182,0.8281473751984281,0.9525565137100365,0.29323893229166664,0.24877278645833334,11.0,1.0,0.9183914843287996,0.8117383356545961,0.9761720947882182,0.8281473751984281,0.8960878286668349,0.8117383356545961,0.818416550668891,0.9862999358831765,0.8440216245018483,0.9096308453636663,0.8342411755650331,0.8242820142088894,0.9919526844012928,0.8573426728683547,0.9197485544539113,0.8514208041526482,0.8297204502051928,0.9957866087434412,0.8700642740583684,0.9286898120737287,0.8668729398265015,0.8397264000621818,0.9988615992567682,0.8914223549393337,0.9420886815352659,0.890517631385632,0.8517676397242189,0.99984297920783,0.9133465803758756,0.9546395038565909,0.9132155915385074,0.6253841145833333,0.3746158854166667,0.0,1.219305679173752,4.851930141448975,0.8822246789932251,2.8868814706802373,3.4751322603225727,1.0,1.0,LAB00551,1.0,0.6583554033977134,0.22185612300933552,0.012201805885850178,0.06151309616364173
LAB00619,0.687334940865771,0.814698877169105,0.8018754186202277,0.827939142461964,0.9111897334007238,0.02353515625,0.024300130208333333,6.0,4.0,0.9826086956521739,0.6873349408657711,0.8018754186202277,0.827939142461964,0.814698877169105,0.687334940865771,0.7165023909436908,0.8632283991962492,0.9106500691562932,0.8863053647139828,0.795824399824251,0.7388865278368041,0.8839919624916276,0.9549100968188106,0.9180835338304729,0.8485715510744589,0.7584591358667361,0.8953784326858674,0.9789764868603043,0.9353131824719,0.8784866752116188,0.7876058367861647,0.9056932350971199,0.9934993084370678,0.9475664863876101,0.9003575752117277,0.8226159855196723,0.9205626255860683,1.0,0.958638487828695,0.9205626255860683,0.7260584677419355,0.8412906993721712,0.8908472479901052,0.796957123098202,0.9590025807515997,0.02353515625,0.0210546875,5.0,4.0,0.9420289855072463,0.7260584677419355,0.8908472479901052,0.796957123098202,0.8412906993721712,0.7260584677419355,0.7591397849462366,0.9628942486085343,0.8784232365145228,0.9187211755906404,0.8496616736136351,0.7864323968805788,0.9902597402597403,0.9283540802213002,0.9583081916073369,0.9199536598891109,0.8093667546174143,0.9978354978354979,0.9591977869986169,0.9781352302279333,0.9572061383876775,0.8395679135827165,1.0,0.9814661134163208,0.9906463772162502,0.9814661134163208,0.8667470764067334,1.0,0.9929460580912863,0.9964605454924006,0.9929460580912862,0.7876985677083334,0.21230143229166668,0.0,0.4652078751086568,6.762637138366699,0.11671864986419678,1.3787993788719206,3.7805409789085416,1.0,1.0,LAB00619,0.0,0.2329700272479564,0.24079320113314448,0.0031510639435414884,0.020479000347101702
LAB00722,0.6603662831650623,0.7954465106413067,0.8348174532502226,0.7596218771100608,0.9375440431500991,0.024104817708333334,0.02193359375,1.0,1.0,0.9042253521126761,0.6603662831650622,0.8348174532502226,0.7596218771100608,0.7954465106413067,0.6603662831650623,0.7059538274605103,0.9217868803799347,0.8337609723160027,0.8755670481707146,0.778674305787906,0.7402319357716325,0.9704660136539033,0.8862930452397029,0.926471611298317,0.8630154740656507,0.7692428897817695,0.9927278124072425,0.92559081701553,0.9579844900286945,0.9193572272787714,0.8104407907363572,0.9989611160581775,0.9702903443619176,0.9844170181267559,0.9693122430143495,0.8482664094624093,1.0,0.9939230249831195,0.9969522519471723,0.9939230249831194,0.6272716749623799,0.7709489258785033,0.8145197655193146,0.7318028359216745,0.9200966111401608,0.024104817708333334,0.021656901041666666,1.0,1.0,0.8732394366197183,0.6272716749623799,0.8145197655193146,0.7318028359216745,0.7709489258785033,0.6272716749623799,0.6705705705705706,0.9063580339696378,0.798919648885888,0.8492543467189378,0.7380035234523826,0.704525366802192,0.9636254321358786,0.8503713706954761,0.9034629810630267,0.823923830623502,0.7337769080234834,0.9911318202314745,0.8898041863605672,0.9377387000794591,0.8827759235412265,0.7756806733405598,0.9998496918683301,0.9393652937204592,0.9686642341958129,0.9392326595407987,0.8159683473673531,1.0,0.9662390276839973,0.9828296703296704,0.9662390276839974,0.821875,0.178125,0.0,0.4545456025567061,7.121445178985596,0.21967309713363647,1.1821339488029483,2.796683821678168,1.0,1.0,LAB00722,1.0,0.18076535750251763,0.17828200972447325,0.00033159052923858106,0.028233991511348956
LAB00774,0.611994219653179,0.7593007619901389,0.6425184904229092,0.9279649411120241,0.9794921195146237,0.011884765625,0.017164713541666668,2.0,1.0,0.9945848375451264,0.6119942196531792,0.6425184904229092,0.9279649411120241,0.7593007619901389,0.611994219653179,0.6767798137578852,0.7959415892281434,0.973979731580389,0.8760061436809583,0.7793691564736694,0.7209212557900154,0.9140906504835957,0.9917830731306492,0.9513533065951534,0.9072200509269793,0.7605120847588567,0.983880144130476,0.9983566146261298,0.9910655178326057,0.9822892718500386,0.8099602282552308,0.992793476199507,1.0,0.9963837076513133,0.9927934761995071,0.8520319786808794,0.9929831215626778,1.0,0.9964792082976496,0.9929831215626778,0.5956566701137538,0.7465975372650681,0.6163723916532905,0.9465899753492194,0.9816979331377638,0.011884765625,0.018251953125,1.0,1.0,0.9963898916967509,0.5956566701137539,0.6163723916532905,0.9465899753492194,0.7465975372650681,0.5956566701137538,0.6625562164514726,0.7711788835384341,0.9813749657628047,0.863671779022686,0.7600548530598613,0.7099523690147906,0.8920991617620831,0.9934264585045193,0.9400401685115772,0.8868639552043673,0.7523015271309433,0.9807383627608347,0.9983566146261298,0.9894690683037749,0.979157626222191,0.8056766692314269,1.0,1.0,1.0,1.0,0.8502549837737599,1.0,1.0,1.0,1.0,0.6255013020833333,0.3744986979166667,0.0,0.2579165058241536,4.2101216316223145,0.11917287111282349,0.6330466747283939,2.0543598175048836,0.9999967447916667,1.0,LAB00774,1.0,0.03076923076923077,0.1506276150627615,0.00019243657887577223,0.02141203703703704
LAB00780,0.6097163351809586,0.7575450678549727,0.6395348837209303,0.9289617486338798,0.9732120530132533,0.01310546875,0.019036458333333332,1.0,1.0,0.9848484848484849,0.6097163351809586,0.6395348837209303,0.9289617486338798,0.7575450678549727,0.6097163351809586,0.6708327482095211,0.7718878248974008,0.9657228017883756,0.8579939158729074,0.7513041548537163,0.7136509503826216,0.8703830369357045,0.9838549428713363,0.9236469777948038,0.8581264313286979,0.7532708242477104,0.948187414500684,0.9950322901142573,0.9710452114781193,0.9437199984977473,0.8047337278106509,0.9962380300957593,0.9992548435171386,0.9977441563765511,0.9954984675064736,0.8490829207057675,1.0,1.0,1.0,1.0,0.5898911353032659,0.7420522351560207,0.612070356624173,0.9421261798310978,0.9736011477761836,0.01310546875,0.020172526041666666,1.0,1.0,0.9886363636363636,0.589891135303266,0.612070356624173,0.9421261798310978,0.7420522351560207,0.5898911353032659,0.6517339090541088,0.7450379215749556,0.9719324391455539,0.8434933309721293,0.7293458425805255,0.6955537012754798,0.8467000161368404,0.9875807252856433,0.9117302462515373,0.8377796434304561,0.737583395107487,0.9294820074229466,0.9957774465971188,0.9614883002672321,0.9258329015596496,0.7934256055363322,0.9954816846861384,0.9995032290114257,0.9974884034800952,0.9949893915868435,0.8405110241087986,1.0,1.0,1.0,1.0,0.7242903645833333,0.27570963541666665,0.0,0.24787498007295652,3.655757188796997,0.11521446704864502,0.5915345191955571,1.9210077059268962,1.0,1.0,LAB00780,1.0,0.012875536480686695,0.13227953410981697,7.314559297802308e-05,0.01476403901924598
LAB00791,0.817212896349587,0.8994134897360704,0.8638219969018448,0.9380639241474231,0.983153111770475,0.021285807291666667,0.023115234375,1.0,1.0,0.987012987012987,0.817212896349587,0.8638219969018448,0.9380639241474231,0.8994134897360704,0.817212896349587,0.8412642462695336,0.9477538374876778,0.9709435693531121,0.959208565725396,0.9216145849566217,0.8570677324358436,0.9831009716941276,0.9871539990824285,0.9851233166306163,0.9706827763152597,0.8720602069614299,0.996338543867061,0.9961767854411989,0.9962576580881106,0.9925432219890991,0.8940289224070906,0.9997183495282355,0.9995412142529438,0.9996297740434581,0.9992598221199799,0.9133517379846907,1.0,1.0,1.0,1.0,0.810205675605311,0.895153171292967,0.8448486493823809,0.9518274965591069,0.9887089207762304,0.021285807291666667,0.02398111979166667,1.0,1.0,0.9888682745825603,0.8102056756053111,0.8448486493823809,0.9518274965591069,0.895153171292967,0.810205675605311,0.8361184741270025,0.9349803176326863,0.9785899984707142,0.9562882324235197,0.9162378562081754,0.8529898613697496,0.9790959685082123,0.9922006423000459,0.9856047471505794,0.9716180595108574,0.8709557456303458,0.9967422288584227,0.9980119284294234,0.9973766745497656,0.9947670767602452,0.8941239975323874,1.0,0.9996941428352959,0.9998470480269195,0.9996941428352958,0.9154331397164449,1.0,1.0,1.0,1.0,0.46433919270833335,0.5356608072916667,0.0,0.24195992528965385,3.565202236175537,0.12438404560089111,0.5560838699340823,1.9618562042713175,0.9999934895833333,1.0,LAB00791,1.0,0.009523809523809525,0.1784776902887139,9.348353020519634e-05,0.01494215938303342
LAB00831,0.7291447467307982,0.8433588317107094,0.7437902483900644,0.9737053392211963,0.9750747756729811,0.016217447916666666,0.02123046875,2.0,1.0,1.0,0.7291447467307981,0.7437902483900644,0.9737053392211963,0.8433588317107094,0.7291447467307982,0.7649127376921073,0.8604722477767556,0.9917703733440385,0.921467709142066,0.8543719246542644,0.7905987817492243,0.9345292854952468,0.9983942191890807,0.9654066847862484,0.9331267374241549,0.8156396176530405,0.9751609935602575,1.0,0.9874243129948767,0.9751609935602576,0.8465166308125104,0.9877338239803741,1.0,0.9938290651033632,0.9877338239803742,0.8741295493364867,0.9927936215884698,1.0,0.9963837808725091,0.99279362158847,0.7218033998521803,0.8384271978021978,0.7325232523252325,0.9801284624648735,0.984646878198567,0.016217447916666666,0.02169921875,1.0,1.0,1.0,0.7218033998521803,0.7325232523252325,0.9801284624648735,0.8384271978021978,0.7218033998521803,0.7614075792730085,0.8526852685268527,0.9947812123645122,0.9182686603128475,0.8488879138681698,0.7906232132647227,0.9344434443444345,0.9991971095945403,0.9657360430991383,0.9337423359438483,0.8194953194953195,0.9795979597959796,1.0,0.989693846620188,0.9795979597959799,0.856677796327212,0.9941494149414941,1.0,0.9970661250282102,0.994149414941494,0.8885558220090595,0.9987998799879988,1.0,0.999399579705794,0.9987998799879986,0.600791015625,0.399208984375,0.0,0.2420277015938579,3.607333183288574,0.12582921981811523,0.5473862528800968,1.9671856999397324,0.9999967447916667,1.0,LAB00831,1.0,0.020202020202020204,0.11273135165451487,0.0002962371228385508,0.006962932623387262
LAB00846,0.6430577849117176,0.7827573574306997,0.6656282450674974,0.9499110847658565,0.969611630474488,0.010983072916666666,0.015673828125,1.0,1.0,0.9979919678714859,0.6430577849117175,0.6656282450674974,0.9499110847658565,0.7827573574306997,0.6430577849117176,0.7039264828738513,0.8193146417445483,0.9869590989922941,0.8953571348244536,0.8105399157058477,0.7449885452462772,0.922533748701973,0.998221695317131,0.9588864688464653,0.9210200810511383,0.7834244532803181,0.9727933541017653,1.0,0.9862090746394357,0.9727933541017653,0.829732914375491,0.9906542056074766,1.0,0.9953051643192489,0.9906542056074769,0.8682616596002423,0.9966770508826583,1.0,0.9983357603494903,0.9966770508826585,0.6339372686538087,0.7759627995707643,0.649112307999202,0.96443390634262,0.9745537783721475,0.010983072916666666,0.016318359375,1.0,1.0,0.9979919678714859,0.6339372686538087,0.649112307999202,0.96443390634262,0.7759627995707643,0.6339372686538087,0.6966824644549763,0.8047077598244564,0.9925903971547125,0.8888288143132991,0.7999026844491159,0.7395466704209489,0.9158188709355676,0.9991108476585655,0.9556534211750666,0.9150730615217205,0.7795092024539877,0.9784560143626571,1.0,0.9891107078039927,0.978456014362657,0.8289088424751122,0.9972072611210852,1.0,0.9986016779864163,0.997207261121085,0.8694010121610394,1.0,1.0,1.0,1.0,0.7650032552083333,0.23499674479166666,0.0,0.2561273217903605,3.8697032928466797,0.14243566989898682,0.4932307004928589,2.215430777072909,1.0,1.0,LAB00846,1.0,0.008333333333333333,0.12222853894258101,0.00021849457239619025,0.015365703749231715
LAB00862,0.6043721884618423,0.7534064636725861,0.6050167884653368,0.998240239848791,0.755336617405583,0.04994466145833333,0.08240559895833334,2.0,1.0,1.0,0.604372188461842,0.6050167884653368,0.998240239848791,0.7534064636725861,0.6043721884618423,0.6134349654550916,0.6426229508196721,0.9997392947924135,0.7823553145919335,0.6425152788555428,0.6223700773242222,0.6740272565672526,1.0,0.8052763226202275,0.6740272565672527,0.6332919597296924,0.7051155441437883,1.0,0.8270589598053979,0.7051155441437883,0.6542005246656856,0.7576930673513727,1.0,0.8621449119021934,0.7576930673513728,0.6812665521958033,0.8214102310882876,1.0,0.901949727818864,0.8214102310882875,0.6600569014570222,0.7952220202544794,0.6609401303578366,0.9979795346412045,0.9124343257443082,0.04994466145833333,0.07541341145833333,1.0,1.0,1.0,0.6600569014570221,0.6609401303578366,0.9979795346412045,0.7952220202544794,0.6600569014570222,0.6757416525301005,0.7023783830448482,0.9993482369810337,0.8249510709055988,0.7020567828961646,0.6883380416185891,0.7372987439029655,0.9998696473962068,0.8487405582375283,0.7372278805706775,0.7020153734368427,0.7703630163594768,1.0,0.8702881942751255,0.7703630163594767,0.7251650926649151,0.8241464151594942,1.0,0.9035967818267866,0.8241464151594943,0.7518893712815565,0.8861311348038158,1.0,0.9396283412669352,0.8861311348038157,0.3908333333333333,0.6091666666666666,0.0,0.34925032558773333,3.886744976043701,0.13907736539840698,0.8578138947486879,3.0272156620025656,0.9999967447916667,1.0,LAB00862,0.0,0.8064516129032258,0.028007638446849142,0.008323885043063077,0.001371473354231975
LAB00973,0.5735276111179135,0.7289705081316629,0.6217974246648081,0.8807822489657766,0.900862895493768,0.017311197916666667,0.024521484375,4.0,1.0,0.9720670391061452,0.5735276111179135,0.6217974246648081,0.8807822489657766,0.7289705081316629,0.5735276111179135,0.6227321237993596,0.7236160892074871,0.9323053779616397,0.814810587244844,0.687493980688446,0.6596351197263398,0.803796628169388,0.9661526889808199,0.8775282616001198,0.7817820543536041,0.6996991978609626,0.8825169255276782,0.9892816848439263,0.9328544493533703,0.8741585895083509,0.7487273467725514,0.9576529934952874,0.9998119593832268,0.9782784763811393,0.957480540212318,0.7931128129922329,0.9835390946502057,1.0,0.9917012448132779,0.9835390946502057,0.5751585229392019,0.7302865261662326,0.6293021357638416,0.8698758931929297,0.9208070844523427,0.017311197916666667,0.023929036458333334,1.0,1.0,0.9478584729981379,0.5751585229392018,0.6293021357638416,0.8698758931929297,0.7302865261662326,0.5751585229392019,0.6305732484076433,0.7321452863555978,0.9180142910868747,0.8146119262817325,0.6872111710441775,0.6716300167636328,0.812678547136444,0.9499811959383226,0.87598226618074,0.7793313573481364,0.712778940027894,0.8918514487824786,0.970477623166604,0.9295047661219952,0.8682941658271063,0.7654250781916406,0.9706162426880697,0.9887175629936066,0.9795832882479971,0.95998358020431,0.8130104517676623,0.9979594612977826,0.9941707408800301,0.9960614983117414,0.9921538985074573,0.6547102864583333,0.34528971354166665,0.0,0.39707069274542545,5.885235786437988,0.17790305614471436,1.0162990450859082,3.2562425327301083,1.0,1.0,LAB00973,0.0,0.28034682080924855,0.10752293577981652,0.0013939169065072855,0.029399048854301772
LAB01009,0.6224576995385404,0.7673022226904034,0.6418752203031372,0.9536527886881383,0.93455793740642,0.012431640625,0.018470052083333334,7.0,1.0,0.9979591836734694,0.6224576995385405,0.6418752203031372,0.9536527886881383,0.7673022226904034,0.6224576995385404,0.6661876706423336,0.7749383151216074,0.9814087457449594,0.8660375353126041,0.7637268095565651,0.6950222882615156,0.8694043003172365,0.9924063891070961,0.9268422264981049,0.863658866742084,0.72174943445007,0.9289742685935848,0.9960722702278083,0.9613539101945648,0.9255837186800087,0.7528617802836153,0.9524145223827988,1.0,0.9756273695612926,0.9524145223827986,0.7783426873555629,0.9524145223827988,1.0,0.9756273695612926,0.9524145223827986,0.6341210971191996,0.776100496146944,0.6501591793420587,0.9625556428384394,0.9926623179317434,0.012431640625,0.018404947916666668,1.0,1.0,0.9979591836734694,0.6341210971191996,0.6501591793420587,0.9625556428384394,0.776100496146944,0.6341210971191996,0.6909306110371357,0.7911213300318358,0.9866457187745483,0.8781313320338714,0.7827398670700587,0.7313471502590674,0.8947647683056243,0.99528672427337,0.9423526276810212,0.8909894283714199,0.7740489598896678,0.9656880084895649,0.9979052107881644,0.9815323114854186,0.9637343654141524,0.8288068926765312,0.9998231340643792,1.0,0.9999115592111081,0.9998231340643791,0.8712054229295608,1.0,1.0,1.0,1.0,0.755654296875,0.244345703125,0.0,0.2608270804250302,3.6604228019714355,0.13050967454910278,0.5492138385772707,2.2310482025146494,1.0,1.0,LAB01009,0.0,0.06293706293706294,0.12992922143579372,0.0010318410898365311,0.011697497279651796
LAB01360,0.6851511812951403,0.8131628650297836,0.8660064985300944,0.766397370943448,0.9291383337838869,0.023772786458333334,0.021038411458333333,3.0,1.0,0.8923654568210263,0.6851511812951402,0.8660064985300944,0.766397370943448,0.8131628650297836,0.6851511812951403,0.7263541666666666,0.9408943215225127,0.846090647679036,0.8909777078317688,0.8033902601631504,0.7584953661639106,0.9743153334364846,0.8971655484047651,0.9341502324957904,0.8764370561183249,0.7861529871580123,0.9899427510444067,0.9304395453923046,0.9592692923229316,0.9217267110951686,0.8201906970751192,0.9972149156738357,0.9642612624948651,0.9804612712290212,0.9616714339149584,0.8491196114146934,0.9995358192789726,0.9905518280158839,0.9950235451187099,0.9900963751795003,0.6680871212121212,0.8010218563724099,0.8313448225069966,0.7728330822949473,0.9293522533716232,0.023772786458333334,0.022099609375,1.0,1.0,0.8848560700876095,0.6680871212121212,0.8313448225069966,0.7728330822949473,0.8010218563724099,0.6680871212121212,0.713849908480781,0.9173663278833407,0.844310557305217,0.8793236513009277,0.7846365744415711,0.7485494956708024,0.9627338341434674,0.8910036971107764,0.9254809713811782,0.8612978893177761,0.779250493096647,0.9876270437472382,0.9219498836094756,0.9536590278064718,0.9114228087687709,0.8185032788993185,0.9976432464280454,0.9605641517184719,0.9787526486008258,0.9583894119870882,0.8548723957006775,1.0,0.9902779679583733,0.9951152390780874,0.9902779679583732,0.6876432291666666,0.31235677083333335,0.0,0.4471502980325992,6.400504112243652,0.1839403510093689,1.291990184783936,2.90697951078415,1.0,1.0,LAB01360,1.0,0.10427968655816756,0.27510917030567683,0.0001205012853470437,0.03897944720056697
LAB01373,0.6697635135135136,0.8022255943348509,0.8594342689931722,0.752157829839704,0.883682537334259,0.03431966145833333,0.030035807291666668,8.0,2.0,0.8651399491094147,0.6697635135135135,0.8594342689931722,0.752157829839704,0.8022255943348509,0.6697635135135136,0.7000298775022408,0.9174162783136447,0.8136204116475386,0.862406457751555,0.7580971812190628,0.7227110902129374,0.9520971063184134,0.8541212178696765,0.9004518768177386,0.8189290289648192,0.7445861405197305,0.9711715617210361,0.8879825476619558,0.9277158824451515,0.8651773044635231,0.7782416255909869,0.9861276687980925,0.933700085364697,0.9591980181980377,0.9215951112404284,0.813465965143045,0.9951230085618294,0.9710708526984729,0.982949817414849,0.9664713051979154,0.5437044745057231,0.7044152342433434,0.8637553382008542,0.5947073887887698,0.8200240714676312,0.03431966145833333,0.023629557291666665,3.0,2.0,0.7010178117048346,0.5437044745057232,0.8637553382008542,0.5947073887887698,0.7044152342433434,0.5437044745057231,0.5742879137798307,0.9261606281857006,0.6500047424831642,0.763890403665476,0.6179795108222322,0.6004580470539246,0.9643201542912246,0.6937304372569477,0.8069455126426427,0.6763693705473967,0.6260831618976374,0.9866372778619644,0.733472446172816,0.8414245295715459,0.7262578494436601,0.666144036793143,0.9980713596914176,0.7918049890922887,0.8830530473357163,0.7905953324187385,0.7049878604591728,1.0,0.8473868917765341,0.9173897417466755,0.8473868917765343,0.8810319010416666,0.11896809895833334,0.0,0.6451300135592465,6.953866004943848,0.32472020387649536,1.6935335755348206,3.404943504333496,1.0,1.0,LAB01373,1.0,0.4165691551603089,0.20930232558139536,0.0017418185261847748,0.019138755980861243
LAB01374,0.6186807542739745,0.7644259099768822,0.8548256285482563,0.6913175370992867,0.895595566490828,0.039703776041666666,0.032109375,4.0,2.0,0.8649592549476135,0.6186807542739746,0.8548256285482563,0.6913175370992867,0.7644259099768822,0.6186807542739745,0.6503478146738417,0.9138280616382806,0.7501024842174305,0.8239102297745955,0.7005504602056766,0.6766966573318238,0.9518450932684509,0.7957694515044683,0.8668378848791005,0.7649725253889341,0.7031090037178728,0.9772911597729116,0.8372550627203411,0.9018695265281362,0.821277205500703,0.7403951201747997,0.9954379562043796,0.8939083381159302,0.9419451498152069,0.890261170912541,0.7750037486879592,0.9987834549878345,0.9420349266213003,0.9695795419558438,0.9409552521853121,0.5838886420849991,0.7372849663425579,0.8576400217509516,0.6465524309256374,0.8738411507848047,0.039703776041666666,0.029931640625,1.0,2.0,0.7916181606519208,0.5838886420849992,0.8576400217509516,0.6465524309256374,0.7372849663425579,0.5838886420849991,0.612049474664184,0.9156063077759652,0.6964827416577847,0.7911523147470801,0.6544681554165794,0.6363966581910643,0.9549755301794454,0.7367385422644913,0.8317803717105161,0.7120068449187207,0.6601360992207223,0.9830342577487765,0.773058948921866,0.8654932746881062,0.7628806911216578,0.6936324706758518,0.998694942903752,0.8247929818807903,0.9034516420438365,0.8239049700715102,0.7272762271414822,1.0,0.8722636713946053,0.9317743913119636,0.8722636713946053,0.87376953125,0.12623046875,0.0,0.6617071578705994,6.4347825050354,0.402423620223999,1.59826637506485,3.3069465494155903,1.0,1.0,LAB01374,1.0,0.18951519369055903,0.1703590527119939,0.001178096930819152,0.03436469693127061
LAB01433,0.700271930708027,0.8237175690084113,0.8133114984208679,0.8343933757350294,0.9197175922556227,0.027125651041666667,0.027828776041666666,5.0,3.0,0.94921875,0.700271930708027,0.8133114984208679,0.8343933757350294,0.8237175690084113,0.700271930708027,0.7309370092479498,0.8791671540531056,0.9001560062402496,0.8895377881548786,0.8010518310900834,0.7559413580246913,0.9196397239443209,0.9380775231009241,0.9287671261652395,0.8670076776494663,0.7802870553023604,0.9472452918469997,0.9665186607464299,0.956784925992201,0.9171502117165996,0.8142024965325936,0.9735641595508246,0.9930397215888636,0.9832055059191411,0.9669658044400793,0.846198182221237,0.9921628260615276,0.999879995199808,0.9960064624832502,0.9920446947763683,0.5966236762084511,0.7473566690746699,0.8253553814911517,0.6828273130925236,0.8763425417697879,0.027125651041666667,0.02244140625,3.0,3.0,0.7981770833333334,0.5966236762084512,0.8253553814911517,0.6828273130925236,0.7473566690746699,0.5966236762084511,0.6267676306906305,0.9009283434870903,0.7367094683787352,0.8105851442468877,0.6814990920334876,0.6511928831378893,0.9469103568320278,0.7719908796351854,0.8505505072633858,0.7399633586669314,0.6776198299878563,0.9746156077748767,0.8036721468858754,0.8809276404631644,0.7871945303231017,0.7136098130841122,0.9924572091673919,0.8390735629425177,0.9093427413231562,0.8337566491111483,0.7501399253731343,0.9998549463301422,0.8630745229809192,0.9264433732675144,0.8629664706996124,0.8107552083333334,0.18924479166666666,0.0,0.5113219555424682,6.394010066986084,0.16469746828079224,1.477510070800782,4.022147126197817,1.0,1.0,LAB01433,1.0,0.5236473704124102,0.17275747508305647,0.0020157023210812227,0.021265377855887523
LAB01435,0.6981107320913147,0.8222205052924362,0.8162294830495475,0.8283001245330013,0.9236199627414452,0.020911458333333334,0.021220703125,1.0,5.0,0.9375,0.6981107320913146,0.8162294830495475,0.8283001245330013,0.8222205052924362,0.6981107320913147,0.7366788523318932,0.8958429206933579,0.9075342465753424,0.9016506860987265,0.8209143254217686,0.7657120891793197,0.935419542874674,0.9525217932752179,0.9438932061953942,0.8937478782756768,0.7939226055569546,0.957815615892008,0.9786737235367372,0.968132337401031,0.9382330433367708,0.8350313744011875,0.9737689829728486,0.9947073474470735,0.9841268062111048,0.9687496552011713,0.8736903376018627,0.9906427366160454,0.99906600249066,0.9948365399568394,0.9897261286379455,0.6634565330557001,0.797684243467376,0.8018244731047499,0.7935865504358655,0.9047500974106478,0.020911458333333334,0.02069661458333333,4.0,5.0,0.8958333333333334,0.6634565330557002,0.8018244731047499,0.7935865504358655,0.797684243467376,0.6634565330557001,0.7025657967184231,0.8921044353570305,0.8609900373599004,0.876271122955055,0.7797887380623106,0.7322623828647925,0.9389745202893992,0.9045765877957659,0.9214546468123335,0.8543494662407587,0.7642085879300242,0.9666561811890532,0.9335305105853051,0.9498046084547735,0.904407518925844,0.8107871523803111,0.9844290657439446,0.9685554171855542,0.9764277318076687,0.9539411746002835,0.8541325587536308,0.9955960994023277,0.9919053549190535,0.993747300346886,0.9875723073234596,0.7478645833333334,0.25213541666666667,0.0,0.42829263269435613,6.269408226013184,0.18907499313354492,1.1820709347724916,2.7615798616409326,0.9999967447916667,1.0,LAB01435,1.0,0.27526395173454,0.1992063492063492,0.0006310180424418062,0.02785406041584935
LAB01437,0.7834403249050179,0.8785719532799531,0.8677985778551734,0.88961618565903,0.9790885087425066,0.021881510416666666,0.022431640625,1.0,4.0,0.9921976592977894,0.7834403249050177,0.8677985778551734,0.88961618565903,0.8785719532799531,0.7834403249050179,0.8204374795951681,0.9474677115077638,0.9616185659030051,0.9544906930190672,0.9129432771625002,0.8480611483967189,0.9757654912204324,0.9848259446593276,0.9802747824672935,0.9613126807230815,0.8728231346860521,0.9898418226672472,0.9944956858077953,0.9921632968891523,0.984448466529035,0.90372280216325,0.9988390654476854,0.999702469503124,0.9992705809727602,0.9985422252741429,0.9272207137315749,1.0,1.0,1.0,1.0,0.7791333079171433,0.8758571428571429,0.8424017587249244,0.9120797381731628,0.9828210314325645,0.021881510416666666,0.02369140625,1.0,4.0,0.9947984395318595,0.7791333079171432,0.8424017587249244,0.9120797381731628,0.8758571428571429,0.7791333079171433,0.8165303303941358,0.9355592195658148,0.970395715560845,0.9526591018373504,0.9095979193676103,0.8445865692096848,0.9721077219016213,0.9891401368640286,0.9805499705616195,0.9618421131458584,0.8721845959993699,0.9901071723000825,0.995983338292175,0.9930365625083171,0.9861694333033012,0.9022097727980081,0.9990381973069524,0.999702469503124,0.9993702230211455,0.9987412387811285,0.9276074802390591,1.0,1.0,1.0,1.0,0.701220703125,0.298779296875,0.0,0.35065090950384425,5.4171247482299805,0.13541382551193237,0.9580315589904805,2.760998196601872,0.9999967447916667,1.0,LAB01437,1.0,0.05752961082910321,0.23801220575414123,0.00012360898136177007,0.030174522916326864
LAB01661,0.6071101337731355,0.7555302166476625,0.7097257926306769,0.8076548025353486,0.9089780472956034,0.026705729166666668,0.030390625,3.0,1.0,0.9228028503562945,0.6071101337731354,0.7097257926306769,0.8076548025353486,0.7555302166476625,0.6071101337731355,0.6543945863207927,0.8145886889460154,0.8504388103364212,0.8321278006991556,0.7125161479118308,0.6906324367202712,0.887853470437018,0.8822525597269625,0.8850441539741676,0.793793007255699,0.7257544493164818,0.9407669237360754,0.908824963432472,0.9245201290018474,0.8596349907914135,0.7739107190590752,0.9785775492716366,0.9451487079473427,0.9615726799481765,0.9259893893201775,0.8166356515341672,0.9912167952013711,0.9745246221355436,0.9827998375357635,0.9661813611539974,0.5522785822155104,0.7115714776238984,0.6706580366774542,0.7578010726474891,0.913712534593763,0.026705729166666668,0.03017578125,1.0,1.0,0.8741092636579573,0.5522785822155103,0.6706580366774542,0.7578010726474891,0.7115714776238984,0.5522785822155104,0.6021768278255383,0.7782092772384035,0.7918088737201365,0.7849501751970175,0.646023034754394,0.6407360045467463,0.8576051779935275,0.8194783032666991,0.838108351775987,0.7213309029779682,0.6785645871911117,0.9245954692556634,0.8437347635299853,0.8823163514932516,0.7894151020926602,0.7300894378194208,0.9803667745415319,0.8816431009263774,0.9283877755318417,0.8663467570954606,0.7769360633738799,0.9939590075512406,0.9174792784007801,0.9541891043098615,0.912391626671842,0.779521484375,0.220478515625,0.0,0.5537855106180845,6.122002601623535,0.27233433723449707,1.5257325053215038,3.042296600341798,1.0,1.0,LAB01661,1.0,0.26723704076497234,0.19030461840812316,0.0008042089186093268,0.019623612674923598
LAB02036,0.7374823695345557,0.8489091831557585,0.7987397364903571,0.9058033780857514,0.9150639383276968,0.015032552083333333,0.017047526041666667,2.0,5.0,0.9820359281437125,0.7374823695345557,0.7987397364903571,0.9058033780857514,0.8489091831557585,0.7374823695345557,0.76584791881159,0.8823754057666603,0.9649198787353833,0.9218034351892578,0.8549493341699372,0.7893471659919028,0.9115906053083827,0.9857080987440451,0.9472016614697791,0.8996990466304667,0.8073685361320652,0.9245751384380371,0.9956691208315288,0.9588060589557099,0.9208717234697436,0.8360245229254814,0.9406148558334925,1.0,0.9693987995670569,0.9406148558334924,0.8633424438370775,0.9572274202787856,1.0,0.9781463414634146,0.9572274202787855,0.7441416420760284,0.8533041401273885,0.7895027624309392,0.9283239497618017,0.9397268924145552,0.015032552083333333,0.01767578125,1.0,5.0,0.9860279441117764,0.7441416420760285,0.7895027624309392,0.9283239497618017,0.8533041401273885,0.7441416420760284,0.7778103473545361,0.8893186003683241,0.9692507579038545,0.9275658436834741,0.864916357074425,0.8051568652356154,0.9302025782688766,0.9852750108271979,0.9569470930827848,0.9174482777782389,0.8272546419098143,0.9462246777163904,0.992637505413599,0.9688755723038543,0.939630122495134,0.861297144871343,0.9639042357274401,0.9974014724989173,0.9803668036350156,0.9614896877916936,0.8947007138934652,0.9802946593001841,1.0,0.9900492885706315,0.9802946593001841,0.677021484375,0.322978515625,0.0,0.267974922011684,5.751121520996094,0.09633457660675049,0.7200252771377577,2.1956762552261364,1.0,1.0,LAB02036,0.0,0.06042296072507553,0.19597550306211722,0.00044785180417928667,0.028924655936552367
LAB02071,0.9219002518134325,0.959363266583229,0.9755020878902366,0.9437497595321458,0.975343974154543,0.08460611979166667,0.08185221354166666,6.0,1.0,0.9754098360655737,0.9219002518134326,0.9755020878902366,0.9437497595321458,0.959363266583229,0.9219002518134325,0.9268090025649363,0.9883078146748857,0.967296371821015,0.9776892174590127,0.9563522503684583,0.929552965733171,0.9940345993239212,0.9833788619137394,0.9886780201993908,0.9776095446816226,0.9308709591236976,0.9972161463511633,0.99369012350429,0.9954500125212866,0.9909412422767866,0.9349580875504502,0.9997216146351163,0.9994613520064638,0.9995914663797104,0.9991832664225462,0.9389248283849826,1.0,1.0,1.0,1.0,0.853943265647578,0.9212183365808636,0.9865137937093656,0.8640298564887846,0.9364881693648817,0.08460611979166667,0.0741015625,1.0,1.0,0.8805620608899297,0.8539432656475777,0.9865137937093656,0.8640298564887846,0.9212183365808636,0.853943265647578,0.8579940054097521,0.9947724477244773,0.889307837328306,0.9390883617200592,0.8851711375724051,0.8616635573233834,0.997803549464066,0.9113154553499289,0.9526004337463655,0.9094909568787115,0.8630725029575799,0.9995167808820945,0.9305528836905083,0.9638027474545591,0.9301344363604098,0.8676701652944504,1.0,0.9594475010580585,0.9793041156142004,0.9594475010580584,0.8745428571428572,1.0,0.9828402139202032,0.9913458553244333,0.982840213920203,0.935966796875,0.064033203125,0.0,0.6776410280657,6.5966105461120605,0.36489254236221313,1.7505477905273439,3.703813171386719,1.0,1.0,LAB02071,1.0,0.6066779852857951,0.1498371335504886,0.0012637859467002728,0.00320612726544062
LAB02072,0.9025073703260458,0.9487557151185984,0.9586989550711605,0.9390166125064536,0.9249526249349539,0.10718424479166666,0.10498372395833333,18.0,1.0,0.9976958525345622,0.9025073703260457,0.9586989550711605,0.9390166125064536,0.9487557151185984,0.9025073703260458,0.9041638758651485,0.9702644879228551,0.9643453700610441,0.967295873947565,0.9366631250376655,0.9054007015289046,0.9770859818300208,0.9798341786375923,0.9784581505215357,0.957824832160401,0.9062187716196479,0.9822331090508821,0.9885200595256173,0.9853665562068791,0.9711552110121366,0.9108203106445637,0.9878763449195374,0.995900021259149,0.9918719566176752,0.9838749781127907,0.9185194788358073,0.9934575672072183,0.9989674127615634,0.9962048715299099,0.9924384401508815,0.8210345967717697,0.9017232272547208,0.987634233647901,0.8295623652321803,0.9788235294117648,0.10718424479166666,0.090029296875,2.0,1.0,0.9585253456221198,0.8210345967717695,0.987634233647901,0.8295623652321803,0.9017232272547208,0.8210345967717697,0.8266697480933672,0.9942510033626206,0.8583836972697179,0.9213352767161656,0.8541442552337275,0.8319428221814339,0.9972882091333116,0.8813739484313785,0.9357550989873689,0.8792666970703792,0.8357261034317126,0.9990237552879921,0.9011753272390439,0.9475802486905216,0.9003824258443366,0.8437236731255265,1.0,0.9311810975794941,0.9643643454739889,0.9311810975794941,0.8553181920395773,1.0,0.9587572508883287,0.9789444306623667,0.9587572508883287,0.9528938802083333,0.047106119791666665,0.0,1.0057959584666727,6.299383163452148,0.6607798933982849,2.4770012855529786,4.023849501609804,1.0,1.0,LAB02072,1.0,0.6429080541696365,0.005847953216374269,0.003621349901982616,0.00014643968515467692
LAB02075,0.9236937727101867,0.9603334853123168,0.949143813570233,0.9717901397310835,0.9625355460933152,0.07408203125,0.075849609375,5.0,1.0,0.9891304347826086,0.9236937727101867,0.949143813570233,0.9717901397310835,0.9603334853123168,0.9236937727101867,0.9248492592740486,0.9692287884640144,0.9869057034888831,0.9779873758739374,0.9569229897822722,0.9261074313717983,0.9803012746234068,0.9935407329290799,0.9868766022345908,0.9740931898436956,0.9264495806014432,0.9868675164156044,0.9967044555760611,0.9917615942990824,0.9836578220898252,0.9269494213314438,0.992232093043217,0.9994287722998506,0.9958174304096467,0.9916697028667615,0.9298657002771265,0.9945066735333248,1.0,0.99724577182941,0.9945066735333249,0.9169445156877832,0.9566729847251645,0.9712047810929506,0.9425696458388259,0.9855272226051,0.07408203125,0.07189778645833333,1.0,1.0,0.9714673913043478,0.9169445156877832,0.9712047810929506,0.9425696458388259,0.9566729847251645,0.9169445156877832,0.9198656233356549,0.9864173495721466,0.9634853677827577,0.9748165120043059,0.9508702816801513,0.9229739835478411,0.9940236338117444,0.9766236048861938,0.9852468016921443,0.9709225882067535,0.9247640619101548,0.9979173269343958,0.9841813867650936,0.9910017618306292,0.9821640160924434,0.9285539601020159,0.9998188979942952,0.990464891466737,0.9951199135842642,0.9902872263433095,0.9332343745065218,1.0,0.9943316635908253,0.9971577764558134,0.9943316635908254,0.93556640625,0.06443359375,0.0,0.6066505380735422,6.192448616027832,0.28737330436706543,1.6023510932922378,3.9337940740585333,1.0,1.0,LAB02075,1.0,0.5256312165263963,0.10534591194968554,0.002170496747778412,0.0010255932124376486
LAB02080,0.8662190409830873,0.9283144389382934,0.893820059479068,0.9655781112091791,0.8661315598972213,0.09220377604166667,0.09960611979166667,25.0,1.0,0.9965986394557823,0.8662190409830873,0.893820059479068,0.9655781112091791,0.9283144389382934,0.8662190409830873,0.8627503979337477,0.9187881956926697,0.9795586937334511,0.948200742238951,0.9015035285890707,0.8606620697547995,0.9354227262328835,0.9883142100617829,0.961141365337993,0.9251897546683054,0.8602261888540673,0.948298964018432,0.9929390997352162,0.9701057662052868,0.9419469828769388,0.8661593329314848,0.9621229451942874,0.9969991173874669,0.9792505995393086,0.9593447707119365,0.877620151866503,0.9750972253995228,0.9995763459841129,0.9871850574889194,0.9746944047264776,0.8659991770676176,0.9281881661153988,0.9678482467905729,0.8916504854368932,0.9586776859504132,0.09220377604166667,0.08494466145833333,1.0,1.0,0.9206349206349206,0.8659991770676176,0.9678482467905729,0.8916504854368932,0.9281881661153988,0.8659991770676176,0.8705762734100824,0.9824870664878329,0.9150573698146514,0.9475741529290392,0.9003714186289347,0.875062893081761,0.9903429775819123,0.9309443954104148,0.9597255022584539,0.922569479826752,0.8791136000963479,0.9957463115539376,0.943477493380406,0.9689074893544856,0.9396901629591917,0.886500597072954,0.9995018202720828,0.9579170344218888,0.9782676990960139,0.9574598926063933,0.8959812056383085,1.0,0.9706972639011474,0.9851307774991043,0.9706972639011474,0.9644466145833334,0.035553385416666666,0.0,0.9529833985799148,6.890285968780518,0.5639054775238037,2.458928680419925,4.905784835815432,1.0,1.0,LAB02080,1.0,0.6829586184424894,0.0,0.008667942280855717,7.918910357934748e-05
LAB02087,0.9150461944566652,0.9556387695559282,0.9421543757927161,0.9695147531813733,0.9283489096573209,0.069833984375,0.07186197916666667,11.0,1.0,1.0,0.9150461944566652,0.9421543757927161,0.9695147531813733,0.9556387695559282,0.9150461944566652,0.9138745973982516,0.9660264540677659,0.9843378548454762,0.9750961942601313,0.9514026475452672,0.9145165806632265,0.9783475267258561,0.9910968162960891,0.9846809049514169,0.9698240777243531,0.9188412461202438,0.9845986591773872,0.9944529902577728,0.9895012907846052,0.9792207370090625,0.9267852082742987,0.991529262547563,0.9974828695287372,0.9944971557264646,0.9890545426005012,0.9367575010406993,0.9963761551005617,0.9993940241458071,0.9978828079141808,0.995774561892482,0.8685659234792182,0.929660455181557,0.982103952692188,0.8825339113410712,0.9894142554693014,0.069833984375,0.06275390625,1.0,1.0,0.979050279329609,0.8685659234792182,0.982103952692188,0.8825339113410712,0.929660455181557,0.8685659234792182,0.8731585408628552,0.9917003838572466,0.9104554141611896,0.9493428294876285,0.9035705043774315,0.8774096006047625,0.9966282809420064,0.9311052067309933,0.9627531891668539,0.928181392424377,0.8801204819277109,0.998755057578587,0.9474665547942013,0.9724350068578026,0.9463489057603915,0.8854798166494159,1.0,0.9706800913625134,0.9851219339120563,0.9706800913625135,0.893504682207611,1.0,0.988626299352072,0.9942806244432986,0.9886262993520722,0.9762923177083334,0.023707682291666667,0.0,0.8398927169595845,5.482537269592285,0.5576176643371582,1.7990410923957858,4.306009707450868,1.0,1.0,LAB02087,1.0,0.7428571428571429,0.034782608695652174,0.0033076152234392192,0.00031690698779908097
LAB02102,0.9366205372717756,0.9672731639944754,0.9632819040784595,0.9712976362759286,0.967157285438904,0.0809765625,0.081650390625,2.0,1.0,0.9868938401048493,0.9366205372717757,0.9632819040784595,0.9712976362759286,0.9672731639944754,0.9366205372717756,0.9387747492449383,0.9812622094645777,0.9845634346357935,0.9829100501645751,0.966394418039053,0.9413900974434576,0.990152693059044,0.9909953368708796,0.9905738357636646,0.9813237172359871,0.9441826623241633,0.9945780010365586,0.9938896928766683,0.994233727827667,0.9885335741874132,0.9489591414533229,0.9969700594027827,0.9961810580479177,0.9965754025597859,0.993174180802523,0.9543202595104688,0.9990033090140733,0.9976684354397813,0.9983354260125047,0.9966763844290334,0.9194667928695376,0.9580439695911238,0.979826847104312,0.9372085544299726,0.985372340425532,0.0809765625,0.07745442708333333,1.0,1.0,0.9711664482306684,0.9194667928695378,0.979826847104312,0.9372085544299726,0.9580439695911238,0.9194667928695376,0.9216942853892534,0.9913003278137346,0.9579514391381251,0.9743406077627681,0.94996508113427,0.9238383985973115,0.9966798352525846,0.9729860106126387,0.9846904121287495,0.9698425228045972,0.9252566446350724,0.9992014793645457,0.9831162566328991,0.9910936074237832,0.9823444620001373,0.9280102141033196,1.0,0.9932465026531597,0.9966118102613747,0.9932465026531596,0.9325109502100652,1.0,0.9964222543817334,0.9982079213901698,0.9964222543817335,0.931083984375,0.068916015625,0.0,0.640519202692667,5.0078630447387695,0.36730849742889404,1.6729153275489823,3.3287919187545834,1.0,1.0,LAB02102,1.0,0.5460947503201025,0.0375,0.0016285604802656788,0.00021446341254182036
LAB02105,0.9082009724473259,0.9518923693687572,0.9552025092049639,0.9486050920910076,0.9696100213100068,0.09614583333333333,0.09548177083333333,22.0,1.0,0.9920364050056882,0.9082009724473258,0.9552025092049639,0.9486050920910076,0.9518923693687572,0.9082009724473259,0.9123681034749512,0.9736465293876995,0.9706121343445288,0.972126963983319,0.945765605206072,0.9149484536082474,0.9832946952134188,0.9840533586132177,0.9836738806326047,0.9678722822206766,0.9164401404462567,0.9886472112368744,0.9930593174431203,0.9908483527446391,0.9818626917366658,0.918551918265221,0.9919200872766943,0.9997630010834236,0.9958261021407759,0.9916869023022361,0.9218257885582664,0.9927042138279013,1.0,0.9963387510692899,0.9927042138279013,0.7971469141102265,0.8871249287984858,0.9699843291678386,0.8173076923076923,0.9479353680430879,0.09614583333333333,0.08101236979166666,1.0,1.0,0.9010238907849829,0.7971469141102269,0.9699843291678386,0.8173076923076923,0.8871249287984858,0.7971469141102265,0.8022457694132532,0.9868606099570056,0.8373848862405201,0.9059988486490619,0.828151640910323,0.8070500364342968,0.9948165709004702,0.8525866738894908,0.9182265471343938,0.8488159371095876,0.8104175760221155,0.9986740065094226,0.8644027627302275,0.9266999455378516,0.8634118126475259,0.8183310459890746,1.0,0.8826516793066089,0.9376685969140022,0.882651679306609,0.8283466096755392,1.0,0.9003927410617552,0.9475859611615892,0.9003927410617552,0.854052734375,0.145947265625,0.0,0.6180199664493558,6.637221336364746,0.2439647912979126,1.791055941581727,4.320124659538269,1.0,1.0,LAB02105,1.0,0.7201630837657524,0.07898259705488621,0.002260605163279972,0.00033140016570008286
LAB02108,0.928856590356185,0.9631162783176754,0.9599651871192341,0.9662881245944193,0.9743033713701674,0.10032552083333333,0.100986328125,4.0,1.0,0.9951278928136419,0.9288565903561848,0.9599651871192341,0.9662881245944193,0.9631162783176754,0.928856590356185,0.9315551834464612,0.9768558811204591,0.9828033744321869,0.9798206025652837,0.960439511941805,0.9332835520836325,0.9842375012087806,0.991174561972745,0.987693851141696,0.9756869028758087,0.9352446588559614,0.9875898526899397,0.9955223880597015,0.9915402551312655,0.9832224441049243,0.9369705011738287,0.9905876285336686,0.9981181051265412,0.9943386092964848,0.9887409604150065,0.938154073117883,0.9921671018276762,0.9997079818299806,0.9959232676226606,0.9918796397807427,0.861056627649478,0.9253416740327735,0.9717937732076549,0.8831278390655418,0.9769470404984424,0.10032552083333333,0.091171875,1.0,1.0,0.9549330085261876,0.861056627649478,0.9717937732076549,0.8831278390655418,0.9253416740327735,0.861056627649478,0.8669198055893074,0.9868966009711511,0.9013951979234264,0.9422101578613196,0.8907347379667805,0.8720196353436185,0.9934304484433019,0.9123621025308242,0.9511720383171711,0.9068904272832597,0.8771141203573636,0.9961082547843473,0.9201817001946788,0.9566408101068893,0.9168854018575276,0.8862295766560526,0.9985361325335619,0.9316677482154445,0.9639436739172883,0.9303969771237451,0.89690014197823,0.9999285918309054,0.9438027255029202,0.9710553324549064,0.9437391174509876,0.8650390625,0.1349609375,0.0,0.5692326315531197,7.076608657836914,0.26290440559387207,1.5428340554237379,3.97023507356644,1.0,1.0,LAB02108,1.0,0.7190449750138812,0.07721518987341772,0.0018614608657788745,0.0009919905944595487
LAB02123,0.9394765761732267,0.9687939392667521,0.9688956050875205,0.9686922947792513,0.9992673992673992,0.07756510416666666,0.077548828125,1.0,1.0,0.9985358711566618,0.9394765761732264,0.9688956050875205,0.9686922947792513,0.9687939392667521,0.9394765761732267,0.9418968620392832,0.9856021491835621,0.9849336914554306,0.9852678069402507,0.9709633868709203,0.9442288126012737,0.9940393737144776,0.9943763639415814,0.9942078402720261,0.9884823923671457,0.9463702951628109,0.9980690928934223,0.9987409770018466,0.9984049219102801,0.9968149242650789,0.9506597819850832,1.0,1.0,1.0,1.0,0.9549693251533742,1.0,1.0,1.0,1.0,0.9292621702810583,0.9633342576200328,0.9794838429841682,0.9477085781433607,0.9977989728539985,0.07756510416666666,0.075048828125,1.0,1.0,0.9956076134699854,0.9292621702810584,0.9794838429841682,0.9477085781433607,0.9633342576200328,0.9292621702810583,0.9318703044681692,0.9922793320320972,0.9683985227463489,0.9801934947647987,0.9611563465549119,0.9343026796589525,0.9976144003469963,0.9820379385596777,0.9897648894606222,0.9797371712137125,0.9357270963727535,0.9993493819128172,0.9909770018465671,0.9951455825196028,0.9903380680903621,0.9389060957761819,1.0,0.9987409770018466,0.9993700919665729,0.9987409770018466,0.942992213570634,1.0,1.0,1.0,1.0,0.8684440104166666,0.13155598958333334,0.0,0.43445339191899013,5.174831867218018,0.1763954758644104,1.1277918219566367,3.5814781332016015,0.9999967447916667,1.0,LAB02123,1.0,0.406099518459069,0.03382663847780127,0.0010038918483274949,0.0002656983438136569
LAB02153,0.7091102823654768,0.8298004987531172,0.7636259323006311,0.9085324232081912,0.947992156029328,0.014306640625,0.017021484375,1.0,2.0,0.960377358490566,0.7091102823654768,0.7636259323006311,0.9085324232081912,0.8298004987531172,0.7091102823654768,0.7519820493642483,0.8927137119908204,0.9410693970420932,0.9162540003080938,0.8454508718542648,0.7849085958770906,0.9556320520175942,0.9574516496018203,0.956540985469794,0.9167020191017807,0.8146048304796463,0.9816408491107286,0.970193401592719,0.9758835558888889,0.9529029257370372,0.8524872912127814,0.9915853891757507,0.9872582480091012,0.9894170875084929,0.9790558253841521,0.8851284234425997,0.9946452476572959,0.9981797497155859,0.9964093642655016,0.992844421606484,0.6933809766887868,0.8189308681672026,0.7333093395717114,0.9271899886234357,0.9666397440770302,0.014306640625,0.018089192708333333,1.0,2.0,0.969811320754717,0.6933809766887868,0.7333093395717114,0.9271899886234357,0.8189308681672026,0.6933809766887868,0.7439360929557008,0.8738527982724492,0.9510807736063709,0.9108327099746515,0.8362652076647046,0.7806672586578713,0.9560914162317797,0.9651877133105802,0.9606180315594584,0.924220412444466,0.8145954403218596,0.9883030412092856,0.9758816837315131,0.9820530866019864,0.9647389993293366,0.8558818230949379,0.9998200467878352,0.9902161547212742,0.994994926617633,0.9900397052414426,0.8915782024062279,1.0,0.9988623435722411,0.9994308480364257,0.9988623435722412,0.8148079427083333,0.18519205729166666,0.0,0.30120971528735635,4.399529933929443,0.12143611907958984,0.8163535952568058,2.207287187576294,1.0,1.0,LAB02153,1.0,0.003125,0.22941970310391363,0.00031195760031594005,0.020368098159509202
LAB02177,0.6878743360831732,0.8150776647027316,0.7335502530730297,0.916993070201868,0.9114127370095936,0.021608072916666665,0.02701171875,8.0,3.0,0.9792429792429792,0.6878743360831733,0.7335502530730297,0.916993070201868,0.8150776647027316,0.6878743360831732,0.7181488709227767,0.8383947939262473,0.9641458270563422,0.8968839121629547,0.8130458090966075,0.7385977393091455,0.8788864786695589,0.9769508888219344,0.92532777014874,0.8610325496889504,0.7588604604063998,0.8955169920462762,0.984483278095812,0.9378950821678205,0.8830531394978578,0.7831710126714839,0.9097372860930345,0.9920156673696897,0.9490966104208668,0.9031245115699568,0.8114694471387003,0.9170884550494095,0.9978909310033143,0.955784964461701,0.9153143097283486,0.6767149299786377,0.8071913929784825,0.7612817089452604,0.85899367279301,0.9273947528981086,0.021608072916666665,0.024381510416666665,5.0,3.0,0.927960927960928,0.6767149299786376,0.7612817089452604,0.85899367279301,0.8071913929784825,0.6767149299786377,0.7122627593667027,0.8862483311081442,0.8954504368785778,0.8908256205064766,0.8031429836246756,0.736705032344787,0.9412550066755674,0.914281410063272,0.9275721532266483,0.8649273291601525,0.7599079335395238,0.9579439252336449,0.9284423018981621,0.9429624222666059,0.8920803215800523,0.7876532154250854,0.962082777036048,0.9451642060861706,0.9535484519764308,0.9112208336615256,0.8104082855430969,0.9636849132176235,0.9576679722808075,0.9606670213726141,0.9243111121532355,0.8182096354166667,0.18179036458333334,0.0,0.5204140379217764,5.906685829162598,0.2299060821533203,1.4354721665382395,3.0123839616775534,0.9999967447916667,1.0,LAB02177,1.0,0.5299145299145299,0.22818791946308725,0.002781366517836224,0.019466853735531392
LAB02179,0.7872900889035233,0.8809874723655121,0.8579117330462863,0.9053388867853086,0.9565125417992174,0.017194010416666666,0.01814453125,4.0,3.0,0.9967105263157895,0.7872900889035233,0.8579117330462863,0.9053388867853086,0.8809874723655121,0.7872900889035233,0.812516933080466,0.9341585934696807,0.9691404770920106,0.9513280586929846,0.9071741325578847,0.8305689933195116,0.9553283100107642,0.9909125331313896,0.972795118323136,0.9470312453491201,0.8447186574531096,0.9628632938643703,0.9990533888678531,0.9806245547716328,0.9619856544140583,0.8637480798771121,0.9707570864729099,1.0,0.985161583978152,0.9707570864729099,0.8805141688577272,0.978292070326516,1.0,0.9890269338895439,0.978292070326516,0.7948343079922028,0.8856910127613359,0.8484480665857465,0.9263536539189701,0.9685721065853466,0.017194010416666666,0.018772786458333333,1.0,3.0,0.9983552631578947,0.7948343079922028,0.8484480665857465,0.9263536539189701,0.8856910127613359,0.7948343079922028,0.8247200107947645,0.938442864574302,0.9769026883756153,0.957286643005583,0.9180726770058134,0.8464471403812825,0.9641061210334663,0.9929950776221128,0.9783373830124161,0.9575934038744474,0.8643611720151485,0.9729495404889891,0.9990533888678531,0.985828693408652,0.9720534262816445,0.8916967509025271,0.9819663603259927,1.0,0.9909011373578303,0.9819663603259927,0.9182131415100042,0.9887289752037455,1.0,0.9943325486092947,0.9887289752037455,0.679140625,0.320859375,0.0,0.2211963091759632,4.500944137573242,0.08700388669967651,0.4790767192840587,2.376903157234195,1.0,1.0,LAB02179,0.0,0.005141388174807198,0.17391304347826086,0.00023252414929379094,0.023094216227263438
LAB02190,0.711212691583759,0.8312382149591452,0.897370653095844,0.7741841065417825,0.9466936346616743,0.022242838541666667,0.019189453125,1.0,1.0,0.9180952380952381,0.7112126915837591,0.897370653095844,0.7741841065417825,0.8312382149591452,0.711212691583759,0.7424725469358838,0.9614927905004241,0.8362359139470218,0.8945007112902773,0.8091373015122323,0.7675031632222691,0.9886344359626802,0.8818966778867262,0.9322201788193277,0.8730453229473352,0.7887735849056604,0.998303647158609,0.919508268696034,0.9572872612199611,0.9180738142127002,0.8191115621828402,1.0,0.9675106102736719,0.9834870574233859,0.9675106102736718,0.8487363259147491,1.0,0.993267964290941,0.9966226138032306,0.9932679642909411,0.7135156455429924,0.8328090232486764,0.8753225806451613,0.7942338650665887,0.9458079737756946,0.022242838541666667,0.020182291666666668,1.0,1.0,0.9238095238095239,0.7135156455429924,0.8753225806451613,0.7942338650665887,0.8328090232486764,0.7135156455429924,0.7450457758720593,0.9474193548387096,0.8492609395580272,0.8956587924463673,0.811034475866798,0.7702842913467525,0.9808064516129033,0.8911166398360896,0.9338128831076115,0.8758433377336169,0.7921013412816692,0.9958064516129033,0.925215864188497,0.9592141841508549,0.9216249583188848,0.8223047751722002,1.0,0.9701448851163471,0.984846233843411,0.9701448851163469,0.8527388694347173,1.0,0.9944387531099078,0.9972116231288524,0.9944387531099078,0.46155924479166666,0.5384407552083333,0.0,0.2709313210270678,3.5281033515930176,0.12811142206192017,0.6956152796745302,1.9157031476497675,1.0,1.0,LAB02190,0.0,0.0035561877667140826,0.2276843467011643,2.6702804462038626e-05,0.026165468951538602
LAB02195,0.756213823629554,0.8611865063978287,0.9745502413339184,0.7714484195901354,0.9760968788197087,0.028115234375,0.022255859375,1.0,1.0,0.9587912087912088,0.7562138236295539,0.9745502413339184,0.7714484195901354,0.8611865063978287,0.756213823629554,0.7863925599608419,0.9966359514406904,0.8662730114623133,0.9268932021678048,0.8637473959164556,0.8107688325135904,1.0,0.9176797499131643,0.957072994022822,0.9176797499131644,0.8297029702970297,1.0,0.9500984138010884,0.9744107344297335,0.9500984138010884,0.8579594880079533,1.0,0.98112770637953,0.9904739641166502,0.9811277063795302,0.8836990905496244,1.0,0.995484543244182,0.9977371627502176,0.9954845432441821,0.7603012848914487,0.8638308582934809,0.9461061337008959,0.7947203890239667,0.9746425463003355,0.028115234375,0.023616536458333334,1.0,1.0,0.9546703296703297,0.7603012848914489,0.9461061337008959,0.7947203890239667,0.8638308582934809,0.7603012848914487,0.7887364482394704,0.988973121984838,0.8711358110455019,0.9263219883783135,0.8627558526407689,0.811980315628712,0.9990351481736733,0.9128169503299757,0.9539819716620275,0.9120129345933148,0.830477908025248,1.0,0.9438462429084172,0.9711120376436954,0.9438462429084176,0.8597009414805242,1.0,0.9803172397823319,0.9900608044901777,0.9803172397823319,0.8846134969325153,1.0,0.9962950098413801,0.9981440668135947,0.99629500984138,0.7242708333333333,0.2757291666666667,0.0,0.41124321094636496,5.185244560241699,0.17065340280532837,1.1841420292854314,2.5702951765060447,0.9999934895833333,1.0,LAB02195,0.0,0.08516638465877044,0.5856777493606138,4.0245227586762e-05,0.05128205128205128
LAB02205,0.8222722159730036,0.9024691358024692,0.9179573043114274,0.887494941319304,0.9797719749908055,0.016087239583333333,0.015553385416666666,1.0,1.0,0.9866666666666667,0.8222722159730034,0.9179573043114274,0.887494941319304,0.9024691358024692,0.8222722159730036,0.8461538461538461,0.9750941816659691,0.9593282072035613,0.9671469463284106,0.9363838765741104,0.8640685683674836,0.9874424445374633,0.9838122217725617,0.9856239904825643,0.9716554623087454,0.8772316253188036,0.9891167852658016,0.9923108053419668,0.9907112209569094,0.98159341659996,0.8993473664858902,0.9907911259941398,0.9961554026709835,0.9934660232055733,0.9870168778301237,0.9206008583690987,0.9933026370866471,0.999392958316471,0.9963384907073628,0.9927036968963416,0.8323561744228654,0.9085091490850914,0.8980035580154181,0.9192634560906515,0.9835732571337616,0.016087239583333333,0.016468098958333333,1.0,1.0,0.9847619047619047,0.8323561744228655,0.8980035580154181,0.9192634560906515,0.9085091490850914,0.8323561744228654,0.8581527585676963,0.9737102194109508,0.9710643464184541,0.9723854830547045,0.9462551054117396,0.8768394537982235,0.9950583119193517,0.9868474301902064,0.9909358625317858,0.9820345662249845,0.8906807971431863,0.9990116623838703,0.9929178470254958,0.995955433444707,0.9919434521334664,0.9110561509572227,0.9996046649535482,0.9957507082152974,0.9976739646953948,0.9953587251599262,0.9284747453159508,1.0,0.9989882638607851,0.9994938758983704,0.9989882638607853,0.6223958333333334,0.3776041666666667,0.0,0.25082197881847,4.384167671203613,0.11375927925109863,0.6249433279037476,1.9681227743625682,0.9999934895833333,1.0,LAB02205,0.0,0.022556390977443608,0.3449612403100775,0.00017896083409005045,0.036539731454985694
LAB02251,0.8882780362154472,0.9408339441322583,0.9496896707632866,0.932141848549643,0.9852614416447536,0.08068684895833333,0.07919596354166666,2.0,1.0,0.9886178861788618,0.8882780362154473,0.9496896707632866,0.932141848549643,0.9408339441322583,0.8882780362154472,0.8950544162286221,0.96197953060134,0.9582038972041796,0.96008800191167,0.923239662275846,0.9000607207915133,0.9706934111554112,0.9747851696453786,0.9727349874777863,0.9469172760877531,0.9035033381512836,0.9778042665132147,0.9858393512728446,0.9818053694061213,0.9642609967737379,0.909440985816058,0.9879978626330717,0.9965707830717715,0.9922658062430295,0.9846503298094185,0.9172476419239557,0.9963418142956965,0.9998386250857304,0.998087156920069,0.996181617806094,0.8663516440244142,0.9283905814836695,0.9731080543146534,0.8876023722112397,0.9909762100082035,0.08068684895833333,0.07359700520833333,1.0,1.0,0.9821138211382113,0.8663516440244142,0.9731080543146534,0.8876023722112397,0.9283905814836695,0.8663516440244142,0.8709921928295308,0.9837232960325534,0.9145923266228265,0.9478990399004066,0.9009582500625007,0.875598435844023,0.9907116634968376,0.9370234397062976,0.9631199319288768,0.9288633869879859,0.8787217568804111,0.9951346808792959,0.9535240246903619,0.9738850865047654,0.9490994368139919,0.8849609759296911,0.998717324959087,0.9784564489450115,0.9884830763759946,0.9772284113987076,0.8940417139783661,0.9999557698261754,0.9970952515431476,0.9985234620227195,0.9970512779455368,0.9025130208333333,0.09748697916666667,0.0,0.5178042115364224,5.2862019538879395,0.1780933141708374,1.5736911535263067,3.9096403169631966,1.0,1.0,LAB02251,1.0,0.4077530509691314,0.02631578947368421,0.002242685544969039,0.0014544793418480978
LAB02277,0.8807929381325622,0.9366187210454978,0.9536934041939603,0.9201446855870896,0.9601737697311049,0.08189453125,0.079013671875,5.0,1.0,0.9356435643564357,0.8807929381325622,0.9536934041939603,0.9201446855870896,0.9366187210454978,0.8807929381325622,0.8851049820762309,0.969183866847938,0.9411320454726131,0.9549519942360205,0.9137876814930673,0.8882705177879535,0.9798541589420343,0.9559583432705302,0.9677587652299503,0.9375315891595205,0.8909041689225772,0.986981419684423,0.9678829795691232,0.9773389066047667,0.9556821051635036,0.8949517795997863,0.9936143039591315,0.9827887749423643,0.9881718916325107,0.9766203206460177,0.9028115436318394,0.997734107856466,0.9922489864059146,0.9949839876304554,0.9900180448713085,0.8346746111583998,0.9098884413420781,0.9690939310902476,0.857500596231815,0.9472312703583062,0.08189453125,0.07246419270833333,1.0,1.0,0.8997524752475248,0.8346746111583998,0.9690939310902476,0.857500596231815,0.9098884413420781,0.8346746111583998,0.8387996430165104,0.9799200395310184,0.8834168057874234,0.9291694450464589,0.867709126106111,0.8430213817556678,0.9865684380755582,0.9055966293028063,0.9443500120585469,0.8945673498278115,0.8455765920826162,0.9909707560307264,0.9251927816201606,0.9569527571746788,0.9174586901572773,0.8509549249816053,0.9955527604330443,0.9559185944828683,0.9753331947090784,0.9518539974876649,0.8604224860335196,0.9987871164817393,0.9803640988949837,0.9894898619468626,0.9791983520850441,0.9438932291666666,0.05610677083333333,0.0,0.6888413247741604,5.891024589538574,0.32065504789352417,1.771799039840701,4.4466345882415785,1.0,1.0,LAB02277,1.0,0.4410041841004184,0.005813953488372093,0.0015638661614905066,0.00023177119547582625
LAB02359,0.6561948464525238,0.7924126172208014,0.7238157040882544,0.8753727829226181,0.9408226875631064,0.020738932291666668,0.025081380208333334,1.0,6.0,0.9462227912932138,0.6561948464525238,0.7238157040882544,0.8753727829226181,0.7924126172208014,0.6561948464525238,0.7066960705693665,0.8467229072031148,0.9229320357871605,0.8831865212911038,0.7908093322012202,0.7439888082539128,0.9251135626216742,0.9460053366818396,0.9354428172390482,0.8787154249553388,0.7811109406168483,0.9689811810512654,0.9660963741955737,0.9675366272934309,0.9371147227790417,0.8270895153313551,0.9916937053861129,0.9876000627844922,0.9896426507799643,0.9794976515427314,0.8673946957878315,0.9993510707332901,0.9989012713859676,0.9991261204355288,0.9982537668685061,0.6296254891000558,0.7727241544899498,0.6863270777479893,0.8840056506043007,0.9384213611895752,0.020738932291666668,0.026712239583333332,1.0,6.0,0.9436619718309859,0.6296254891000559,0.6863270777479893,0.8840056506043007,0.7727241544899498,0.6296254891000558,0.6825823806321453,0.8123324396782842,0.9235598807094647,0.864382706547285,0.7611566955970069,0.7223956136651202,0.8998293931269803,0.9458483754512635,0.9222651799377404,0.8557440687352591,0.7613484149426998,0.9594199366317329,0.964055878198085,0.9617323206656395,0.9262855232883794,0.8110117248881905,0.9903728978796003,0.9824203421754827,0.9863805911956945,0.9731271743891107,0.8549848942598187,0.9990251035827443,0.9954481243132947,0.9972334063891224,0.9944820786242682,0.715458984375,0.284541015625,0.0,0.3864611618729153,4.512225151062012,0.16089123487472534,1.109797847270966,2.4278721570968638,1.0,1.0,LAB02359,1.0,0.06765899864682003,0.18065268065268064,6.370387755444167e-05,0.018643465909090908
LAB02360,0.5380805782358452,0.699678008876512,0.5817655571635311,0.8775376555337263,0.8999548781386522,0.014912109375,0.022493489583333335,3.0,2.0,0.9045521292217328,0.5380805782358453,0.5817655571635311,0.8775376555337263,0.699678008876512,0.5380805782358452,0.5959687464613294,0.7322720694645442,0.8919449901768173,0.8042599970591737,0.6726044082168038,0.6358012568735271,0.8413892908827786,0.8954376773630212,0.8675725171945512,0.7661175045356968,0.6737697903294823,0.9247467438494935,0.8982754857018118,0.91131892636002,0.8370853029648492,0.7228357191547375,0.9806078147612156,0.901549879938878,0.9394184771600322,0.8857579138702212,0.7643653744025491,0.9956584659913169,0.906570617769046,0.949028398636807,0.9030009920399773,0.4928286852589642,0.6602615425673873,0.5572072072072072,0.8100851342501637,0.902565923821362,0.014912109375,0.0216796875,1.0,2.0,0.8546255506607929,0.4928286852589641,0.5572072072072072,0.8100851342501637,0.6602615425673873,0.4928286852589642,0.5521340427940677,0.7031531531531532,0.8288583278760097,0.7608485366855706,0.614007697372592,0.5937407443972752,0.8187687687687688,0.8354071163501419,0.8270042650579487,0.7050360375767304,0.6339857959466482,0.9147147147147147,0.8380266317397949,0.8746929978297228,0.7772927708996585,0.6856884687565163,0.986936936936937,0.8399912682820345,0.9075544479567326,0.8307548566235436,0.7303211758301579,0.9986486486486487,0.8432656625191006,0.9144031394083805,0.8423045170838618,0.8277962239583333,0.17220377604166667,0.0,0.5357718809802706,6.043132781982422,0.2446821928024292,1.426623952388765,3.4793771886825606,0.9999967447916667,1.0,LAB02360,1.0,0.37126436781609196,0.1508986096982028,0.0012880835585811058,0.00377256804095931
LAB02364,0.48836359205556223,0.6562423250102333,0.49696218226906386,0.9657831325301205,0.8753746295376429,0.013509114583333334,0.026253255208333333,2.0,2.0,0.9942446043165467,0.48836359205556235,0.49696218226906386,0.9657831325301205,0.6562423250102333,0.48836359205556223,0.5529901196047842,0.6427774333539987,0.9812048192771085,0.776728088386048,0.6349594730424685,0.6001091107474086,0.7656540607563547,0.9889156626506024,0.8630803128002874,0.7591392096710854,0.645992975734355,0.865096094234346,0.9932530120481927,0.9247555245723046,0.8600421073583926,0.7022562190653725,0.9324240545567266,0.9980722891566265,0.9641319587335286,0.9307478562180209,0.7553865652724968,0.9552386856788593,1.0,0.9771069820533959,0.9552386856788593,0.4497347815104823,0.62043732032407,0.4858780188293082,0.8580722891566265,0.896473593442197,0.013509114583333334,0.023857421875,1.0,2.0,0.9064748201438849,0.44973478151048246,0.4858780188293082,0.8580722891566265,0.62043732032407,0.4497347815104823,0.5201617309583652,0.6365124846500204,0.8713253012048193,0.7356354080142404,0.5818222154251262,0.5713735311115392,0.7670896438804748,0.8816867469879518,0.8204056978337628,0.6954981863909895,0.6204460333673817,0.8806112702960841,0.8898795180722892,0.8852211352562651,0.7940777882075828,0.6835329134076279,0.969709373720835,0.9016867469879518,0.9344617967711686,0.8769857279068264,0.7385431477633162,0.9934506753990995,0.9106024096385542,0.9502241150567285,0.9051685494833761,0.7113704427083334,0.28862955729166667,0.0,0.44413639620256923,6.52271032333374,0.13386619091033936,1.3550242424011263,3.2467108964920057,0.9999934895833333,1.0,LAB02364,1.0,0.7758913412563667,0.11279193205944799,0.0023857097987850925,0.002808199943836001
LAB02367,0.5430791906739917,0.7038902396665508,0.5863715277777778,0.8803214596003476,0.911683817255294,0.014986979166666666,0.0225,1.0,4.0,0.9465020576131687,0.5430791906739917,0.5863715277777778,0.8803214596003476,0.7038902396665508,0.5430791906739917,0.6166268622768111,0.7432002314814815,0.9135534317984362,0.8196186760066173,0.6943677092702054,0.6685459940652819,0.8574942129629629,0.9344048653344917,0.894298986246542,0.8088072409472774,0.7165163081193615,0.9305555555555556,0.94874022589053,0.9395599103640018,0.8860094215096214,0.7748519679554162,0.9710648148148148,0.9682884448305821,0.9696746425028919,0.9411344052120095,0.8265367234714434,0.9911747685185185,0.9854474370112946,0.9883028051939033,0.9768760952068498,0.5147673810768426,0.6796652575273919,0.5637612709317303,0.8555603822762815,0.900170769968637,0.014986979166666666,0.022744140625,1.0,4.0,0.9327846364883402,0.5147673810768426,0.5637612709317303,0.8555603822762815,0.6796652575273919,0.5147673810768426,0.591106653293213,0.7153284671532847,0.8935708079930496,0.7945763246321972,0.6591676776132288,0.6445308701993194,0.833977386575068,0.9161598609904431,0.8731390725117256,0.7748419092477684,0.6947818648417451,0.9174180621153571,0.9331016507384883,0.925193395380766,0.86079987916387,0.7579397956365644,0.9716616573636754,0.9565595134665508,0.9640514441833551,0.930597797323427,0.8137949688936976,0.9919851152139688,0.9811033883579496,0.9865142450277334,0.9733873813102866,0.790673828125,0.209326171875,0.0,0.3743458866293076,5.794591903686523,0.1649923324584961,1.004407024383545,2.4329232168197708,1.0,1.0,LAB02367,1.0,0.20902255639097744,0.10465879265091864,0.0004339872073924713,0.0063467885250063465
LAB02373,0.5539393939393941,0.7129485179407177,0.5736619879036859,0.9415620902790784,0.9385030019043118,0.017379557291666667,0.028525390625,2.0,4.0,0.991701244813278,0.553939393939394,0.5736619879036859,0.9415620902790784,0.7129485179407177,0.5539393939393941,0.6329492878526717,0.7496291224466507,0.9754635699569207,0.8477641846672629,0.7357558004933649,0.68608688942048,0.8773251169690746,0.9910095523506275,0.9307085991719717,0.8703975347143519,0.7328073635765944,0.9479630263608353,0.9983142910657427,0.9724873512570793,0.946448058276304,0.7878171556414298,0.9771767659477348,1.0,0.9884566547385433,0.9771767659477347,0.8365392103418737,0.9858495948875956,1.0,0.9928743822549132,0.9858495948875954,0.528482678740655,0.6915128134472307,0.5469107551487414,0.9400636823375164,0.9510748306900787,0.017379557291666667,0.029873046875,2.0,4.0,0.991701244813278,0.5284826787406549,0.5469107551487414,0.9400636823375164,0.6915128134472307,0.528482678740655,0.6113157894736843,0.7226762558570339,0.9711556471249297,0.8286904098135082,0.707490501876252,0.6679954870251974,0.8581235697940504,0.986327027533246,0.9177697370454345,0.848035550715296,0.7182462927143778,0.947695325269696,0.9951301741899232,0.9708336794806517,0.943320491668188,0.7784202322892051,0.9873597036068432,1.0,0.9936396534707753,0.9873597036068431,0.8301303120528982,0.9979296066252588,1.0,0.9989637305699481,0.9979296066252588,0.4297688802083333,0.5702311197916666,0.0,0.3134397978067864,4.325802326202393,0.11933648586273193,0.9106121420860297,2.015730633735657,1.0,1.0,LAB02373,1.0,0.18125,0.1370851370851371,0.000497139766814577,0.009962143853357242
LAB02392,0.7661487869534579,0.867592575000475,0.9867750021609474,0.774097304627903,0.9425557392507452,0.09601236979166666,0.07531901041666667,8.0,1.0,0.8968421052631579,0.7661487869534579,0.9867750021609474,0.774097304627903,0.867592575000475,0.7661487869534579,0.7819546460531802,0.9950730400207451,0.8148838786234955,0.896009148077584,0.8116092144398964,0.7931712713974001,0.998357680006915,0.845600949313443,0.915651998417526,0.8444263253874617,0.8018322224505975,0.9996542484225084,0.8714697406340057,0.9311712464717197,0.8712071446411379,0.8173487592582581,0.9998703431584407,0.9092727580945923,0.9524219154278732,0.9091655595457411,0.8330942598040407,1.0,0.942397016443465,0.9703443821891745,0.9423970164434649,0.6883086253369274,0.8153824662236325,0.9910255166391773,0.6926258687913206,0.9149057681324957,0.09601236979166666,0.06710286458333334,2.0,1.0,0.8431578947368421,0.6883086253369273,0.9910255166391773,0.6926258687913206,0.8153824662236325,0.6883086253369274,0.6977163655103553,0.9971863781895799,0.7268350567892863,0.84081323249883,0.725347507469698,0.7066395036577461,0.9996604249539148,0.7557552127479233,0.8607631844111996,0.7555612429592392,0.7130678466076696,1.0,0.7800305136463808,0.876423755285513,0.7800305136463808,0.7261226041157626,1.0,0.8181047635192406,0.8999533799533799,0.8181047635192404,0.7443511785661998,1.0,0.8595016104424479,0.9244429858148269,0.8595016104424477,0.8030501302083334,0.19694986979166668,0.0,0.5656748857966158,5.609147071838379,0.19686251878738403,1.6751216769218455,3.7651068449020397,1.0,1.0,LAB02392,1.0,0.2756452680344143,0.07027027027027027,0.0004828480830210435,0.004699202114640952
LAB02394,0.844917637605464,0.9159407665505227,0.9465220949263502,0.8872737035900583,0.9785797708179352,0.08486979166666667,0.07955729166666667,6.0,1.0,0.9600997506234414,0.844917637605464,0.9465220949263502,0.8872737035900583,0.9159407665505227,0.844917637605464,0.858024476134026,0.9618657937806874,0.9217167842896594,0.9413633962042783,0.8892224138377961,0.8667623210651006,0.9730769230769231,0.9441546486652347,0.9583976333094701,0.9201185250323258,0.8744209820145034,0.9819558101472995,0.9601104633323105,0.9709102729673416,0.9434651298744618,0.8874823363165332,0.9912438625204583,0.9812058913777232,0.9861993348878891,0.9727744011480112,0.9018168374353016,0.9971358428805237,0.9959343356857931,0.9965347271234226,0.9930933875436592,0.7902716593245227,0.8828511083314536,0.9485349195858118,0.8256750536974532,0.9162162162162162,0.08486979166666667,0.073876953125,1.0,1.0,0.8453865336658354,0.7902716593245228,0.9485349195858118,0.8256750536974532,0.8828511083314536,0.7902716593245227,0.7966083879331488,0.9642211940956158,0.8491485118134398,0.903033716022973,0.8232100924278587,0.8026752489188373,0.9757215245648821,0.8656796563362995,0.9174125473862026,0.8474258085766682,0.808408215661104,0.984313725490196,0.8775314513654495,0.9278604503378798,0.8654288060078473,0.8187141420713314,0.9931262392597489,0.8913393679042652,0.9394838632084201,0.8858741801427715,0.8315744816248608,0.9980612469706984,0.9029226756673826,0.9481112605561757,0.9013417721892146,0.33643229166666666,0.6635677083333333,0.0,0.4245058952640587,5.102998733520508,0.26589828729629517,0.8751362442970279,3.177724199295052,1.0,1.0,LAB02394,1.0,0.3936193619361936,0.032534246575342464,0.000632233176168024,0.00850095229246992
LAB02397,0.818548504954257,0.9002218007650519,0.9637289652087133,0.8445670858590428,0.9533921824920768,0.107939453125,0.09459309895833333,2.0,1.0,0.915057915057915,0.8185485049542571,0.9637289652087133,0.8445670858590428,0.9002218007650519,0.818548504954257,0.8273832986091559,0.9779070167590075,0.8680297958322024,0.919698250026916,0.8513345924412604,0.8340713373719812,0.9863381396469252,0.8830785005579179,0.931856480433437,0.8724075588752069,0.840812693093156,0.9921883065487457,0.8927591302512139,0.9398513213754799,0.886527843052053,0.8525907115300093,0.9980384734505661,0.902982598992732,0.9481340188331988,0.9013829098089703,0.8658827197612525,1.0,0.9122108628125094,0.9540902424022584,0.9122108628125093,0.7480002335493666,0.8558353931458348,0.9590148594527829,0.7727012274194035,0.9334248455730955,0.107939453125,0.08696940104166667,1.0,1.0,0.8751608751608752,0.7480002335493665,0.9590148594527829,0.7727012274194035,0.8558353931458348,0.7480002335493666,0.7544155698053774,0.9746977579818094,0.7913990168581683,0.8735363298203831,0.7754678228380822,0.7605232447689093,0.9838305198937006,0.804427154015501,0.885129695455583,0.7939306409432837,0.7669283097854527,0.9906052326234233,0.8130522633372539,0.8930895452844452,0.8068308881534092,0.7785590468517298,0.9972676572968522,0.8226122621309448,0.9015590476726935,0.8207624140037094,0.7925919326458338,1.0,0.8316897373262161,0.9081120239722081,0.8316897373262163,0.5228352864583333,0.4771647135416667,0.0,0.47491065312564995,5.345019340515137,0.2515068054199219,1.120383846759797,3.0428258776664774,1.0,1.0,LAB02397,1.0,0.3282473132546106,0.1132420091324201,0.0003040894535915529,0.003551635313402545
LAB02406,0.27556215043944754,0.43206385568043526,0.3491654855225478,0.5665806148791364,0.5490551765230824,0.06935221354166667,0.11253580729166666,42.0,1.0,0.7248520710059172,0.27556215043944754,0.3491654855225478,0.5665806148791364,0.43206385568043526,0.27556215043944754,0.29286322965487854,0.37114922912267506,0.6069936634592819,0.46063868987604933,0.2992401373521323,0.3056463089535187,0.3914841919527928,0.6380661816475006,0.48524643366630227,0.32034678409161327,0.31478244525890425,0.41152989499869835,0.6636000938746773,0.5080153651737379,0.34049637865935195,0.326741663723957,0.4431459894130919,0.6973480403661112,0.5419177641344568,0.3716647462018937,0.34167283493708367,0.4745017500216945,0.7323632950011735,0.5758848788650212,0.40438084696836685,0.052227681775520333,0.09927068576525525,0.11253196930946291,0.08880544473128374,0.13626340096805958,0.06935221354166667,0.054729817708333336,3.0,1.0,0.11094674556213018,0.05222768177552035,0.11253196930946291,0.08880544473128374,0.09927068576525525,0.052227681775520333,0.05933650760790808,0.12317849283292691,0.09899084721896269,0.10976801175030226,0.058071185141642,0.06583308959734815,0.1334086718610599,0.10941093639990612,0.12022396227984344,0.06395653517620872,0.07234781813610076,0.14411467316957116,0.12076977235390754,0.13141350174149194,0.07032775943953741,0.08439506676179798,0.1584488193659668,0.14475475240553862,0.15129254238175796,0.08183692977399123,0.0986365006471746,0.16963064295485636,0.17812720018774936,0.17377512594708422,0.09515538224020982,0.849912109375,0.150087890625,0.0,1.196886784004358,6.991610527038574,0.36784082651138306,3.9546669006347672,5.907696094512939,1.0,1.0,LAB02406,1.0,0.5245454077164786,0.011795456068628108,0.02861898189494195,0.0021141649048625794
LAB02415,0.6589542583149404,0.7944212506308208,0.7747997673273972,0.8150623676159097,0.7945460766960228,0.06915690104166666,0.07275065104166667,42.0,1.0,0.8363858363858364,0.6589542583149403,0.7747997673273972,0.8150623676159097,0.7944212506308208,0.6589542583149404,0.6646670452931989,0.8135934493713365,0.8371381501529772,0.8251978884751079,0.702414372922774,0.6674208897614214,0.8481811266723344,0.8526241468580843,0.8503968335058126,0.739730768226022,0.6676090468497576,0.8812922278401718,0.8657566486232054,0.8734553633978764,0.7753402173502746,0.6666941739560983,0.9223231464495055,0.8830783713815016,0.9022742187927311,0.8219486453168823,0.672744306716633,0.945814130386147,0.8979053895034126,0.9212373096674441,0.8539758724724243,0.6465011286681714,0.7853029887578831,0.8346757100466299,0.7414450458931513,0.8538192249720425,0.06915690104166666,0.061432291666666666,1.0,1.0,0.7582417582417582,0.6465011286681716,0.8346757100466299,0.7414450458931513,0.7853029887578831,0.6465011286681714,0.6567187439124167,0.8743641373463332,0.7552835961402683,0.8104731794743439,0.6813408201390473,0.6657641953788525,0.9093895718524798,0.7678041892209931,0.8326207014451585,0.7132392209420728,0.6763636363636364,0.9406528189910979,0.7801835726053189,0.8529362587699789,0.7435822684582089,0.6938184159690921,0.9768440016956338,0.8007060484819958,0.88004824449572,0.7857912094610372,0.7128681727194738,0.993217465027554,0.8208990350670746,0.8988741997665038,0.8163228938745197,0.64896484375,0.35103515625,0.0,0.6347156712129557,6.181361675262451,0.12423312664031982,2.322159910202029,4.75010955810547,0.9999934895833333,1.0,LAB02415,1.0,0.2847260149280903,0.00608974358974359,0.0068308377676030195,0.0
LAB02430,0.4029251876779705,0.5744072331395885,0.41768415403193343,0.9193738924985233,0.8320350869177878,0.011022135416666667,0.024261067708333334,2.0,9.0,0.9443609022556391,0.4029251876779705,0.41768415403193343,0.9193738924985233,0.5744072331395885,0.4029251876779705,0.4877779006747041,0.5703743459009795,0.9430005906674542,0.7108130736006341,0.5513654064006831,0.5514705882352942,0.7025358915872802,0.9568812758417011,0.8102163259021412,0.6809778479407019,0.6118830449237064,0.8194015832550651,0.9681039574719433,0.887567503914276,0.7978618990701256,0.6887558491604734,0.9309003086005635,0.9837566450088601,0.9565988964239442,0.916808400092147,0.7563520380581684,0.9829598819267409,0.9949793266391022,0.9889330846946127,0.9781084414139997,0.3437670114316821,0.5116467490378772,0.38933415536374844,0.746012994683993,0.7857750647428784,0.011022135416666667,0.021119791666666665,2.0,9.0,0.8045112781954887,0.3437670114316821,0.38933415536374844,0.746012994683993,0.5116467490378772,0.3437670114316821,0.41618430192174116,0.5456226880394575,0.7566450088600118,0.6340365880360294,0.46416806078606226,0.47125857200484067,0.6851109741060419,0.7649143532191376,0.7228166401870494,0.5659458641027936,0.5259193619849357,0.813810110974106,0.7728883638511518,0.7928215412516493,0.656755871931046,0.5975322730190429,0.9414303329223181,0.7900177200236267,0.859103620129911,0.7530075783286604,0.6600167177486765,0.9905980271270037,0.8092144122858831,0.8907663740724272,0.8030466740742221,0.7068424479166666,0.29315755208333333,0.0,0.4703017649706453,6.258467674255371,0.22069966793060303,1.2939530611038215,3.2106023359298734,1.0,1.0,LAB02430,1.0,0.6848837209302325,0.06865219586067643,0.002167736083134346,0.000791765637371338
LAB02453,0.7701951090315177,0.8701810383522018,0.9555312157721796,0.7988279461587766,0.9458757692595955,0.07110026041666667,0.05944010416666667,11.0,1.0,0.9023136246786633,0.7701951090315177,0.9555312157721796,0.7988279461587766,0.8701810383522018,0.7701951090315177,0.7854879065888241,0.9748630887185104,0.8385678967127552,0.9015936051133131,0.8208196978007605,0.7979127134724858,0.9859255202628696,0.8697463602234228,0.9241990911402934,0.8590800430907766,0.8094827909067076,0.9924972617743703,0.8982693892500687,0.9430353647113334,0.8922108963974769,0.8275160272718022,0.9974808324205915,0.9327900375423496,0.9640514164100099,0.9305977455649134,0.8464872944693572,1.0,0.9534383298232763,0.9761642487168068,0.9534383298232763,0.7425620742693912,0.8522647029153636,0.9487366647950589,0.7736013185605713,0.9371584699453552,0.07110026041666667,0.05797526041666667,1.0,1.0,0.8817480719794345,0.7425620742693914,0.9487366647950589,0.7736013185605713,0.8522647029153636,0.7425620742693912,0.7508828783912918,0.970466030320045,0.8040014650673015,0.8794256442607231,0.7847990093263729,0.7586927383111252,0.9835485682201011,0.8292738760186796,0.8998466849443674,0.8179284401818704,0.765990056446488,0.9908478382930938,0.8520739858987272,0.9162360073127629,0.8454202330905258,0.7792088940107785,0.9971364402021337,0.8847175167109239,0.9375691157721009,0.8824753964616352,0.7944201901800132,1.0,0.9070597930592437,0.9512651846161233,0.9070597930592437,0.40396484375,0.59603515625,0.0,0.45864128799526954,4.88302755355835,0.14699077606201172,1.5190613150596655,3.4920579242706298,0.9999967447916667,1.0,LAB02453,1.0,0.15227502527805864,0.1511500547645126,0.00013007787094165832,0.011954784873054389
LAB02454,0.5896401101509828,0.741853588602491,0.6684068891280948,0.833433997718274,0.8475795192460397,0.048505859375,0.06048177083333333,2.0,1.0,0.8625850340136054,0.5896401101509828,0.6684068891280948,0.833433997718274,0.741853588602491,0.5896401101509828,0.6121947953399098,0.7171151776103337,0.8548419569156432,0.7799451121129748,0.6392705113978415,0.6323089245815944,0.7581270182992464,0.8704113817864573,0.8103983124165409,0.6812350056957074,0.654204862495018,0.7966092572658773,0.8849070532179049,0.8384398605214126,0.7218221700494817,0.6907005178365938,0.8547362755651238,0.9110126837125025,0.8819776833820944,0.7888730576059855,0.7287932718052099,0.9135091496232508,0.9406080128850413,0.926860549434763,0.8636906871204606,0.5732704096526224,0.7287627176299595,0.6757857306721725,0.7907522985034562,0.8810352156378345,0.048505859375,0.0567578125,1.0,1.0,0.8258503401360544,0.5732704096526223,0.6757857306721725,0.7907522985034562,0.7287627176299595,0.5732704096526224,0.5910484646011624,0.723847212663455,0.8055164082947454,0.762501211495425,0.6161631983630876,0.6063080578958738,0.7657719660472585,0.8146433125293604,0.789452012416262,0.6521443350560713,0.6236475727758951,0.8048290892406516,0.8229649016844507,0.8137959668020356,0.6860505815412465,0.6516333137139494,0.8612066987841248,0.8372592443460171,0.8490641484643239,0.7377163091508797,0.6803550181689552,0.9209107593484744,0.8522246829071874,0.8852373723613272,0.7941039198959031,0.361787109375,0.638212890625,0.0,0.47563105775392617,5.943268775939941,0.1533488631248474,1.5201226472854619,3.5755574131011976,1.0,1.0,LAB02454,1.0,0.22610647851186658,0.026888377852467716,0.0023024915749740096,0.005855894084698294
LAB02464,0.6139348500517062,0.7607926057635318,0.6416894101116005,0.9341856805664831,0.6820512820512822,0.08274739583333333,0.12046549479166667,57.0,1.0,1.0,0.6139348500517063,0.6416894101116005,0.9341856805664831,0.7607926057635318,0.6139348500517062,0.6124391484414735,0.669251763179939,0.9524390243902439,0.7861196490480347,0.6476088425284531,0.617414978542753,0.6951657794471316,0.9643587726199843,0.8079292554002999,0.6777527752110084,0.6250220341970738,0.7220525846461481,0.9750983477576711,0.8297108628816855,0.7089793766049484,0.6413559044815178,0.7702056367714216,0.9867427222659323,0.8651305006469349,0.7623171661059746,0.6650040315775657,0.8309238792660848,0.9922895357985838,0.9044657785294505,0.8255933596628088,0.6521619472815119,0.7894649169890244,0.7454647139012199,0.838985051140834,0.9681923238341815,0.08274739583333333,0.09312825520833333,1.0,1.0,0.9626556016597511,0.6521619472815119,0.7454647139012199,0.838985051140834,0.7894649169890244,0.6521619472815119,0.6648424397563775,0.7761194029850746,0.8524390243902439,0.8124909190482045,0.6841976470588236,0.6765431398678726,0.8049914362613164,0.8640440597954366,0.8334730691241526,0.7144910649412677,0.6902132312739202,0.8345275962109826,0.8750196695515342,0.8542940883736998,0.745648669265441,0.7135827022616589,0.88664406305708,0.8915420928402833,0.8890863321151036,0.8003199148749904,0.7380123473982269,0.9440735432905729,0.9080645161290323,0.9257189882994104,0.8617102771219932,0.7185904947916667,0.28140950520833335,0.0,0.741112548741512,5.426027297973633,0.29824966192245483,2.312192869186403,4.002225613594057,0.9999967447916667,1.0,LAB02464,0.0,0.5978499877840215,0.026503707772589948,0.022481038113210297,0.0012660008440005626
LAB02476,0.5656923076923077,0.7226098064262553,0.6143692564745197,0.8771469465648855,0.8849533781220179,0.013645833333333333,0.019482421875,4.0,2.0,0.920114122681883,0.5656923076923077,0.6143692564745197,0.8771469465648855,0.7226098064262553,0.5656923076923077,0.6358543417366946,0.7625730994152047,0.9308206106870229,0.8383387204719285,0.7216722595871545,0.6851147113189083,0.8688387635756056,0.9618320610687023,0.9129735039817183,0.8398815551652972,0.727426002248033,0.9405179615705932,0.9756679389312977,0.9577705595820301,0.9189632555360661,0.7802278574053657,0.9893065998329156,0.9861641221374046,0.9877328615388365,0.9757630412070636,0.823039243285851,0.9991645781119465,0.9906965648854962,0.9949125533449783,0.9898766089021349,0.49338879809835084,0.6607640270592916,0.5667235494880546,0.7922232824427481,0.8369871152426619,0.013645833333333333,0.019075520833333335,1.0,2.0,0.8359486447931527,0.4933887980983509,0.5667235494880546,0.7922232824427481,0.6607640270592916,0.49338879809835084,0.5626084800396727,0.7230375426621161,0.8327767175572519,0.7740369102464956,0.631370484736311,0.6139976528326043,0.845221843003413,0.860925572519084,0.8530014375932496,0.7436813484782354,0.6597164303586321,0.9315699658703072,0.8828721374045801,0.9065675509021495,0.8291024760149782,0.717978848413631,0.990443686006826,0.90625,0.9464781762767525,0.8983944660318545,0.7665245808468315,0.9998293515358362,0.9153148854961832,0.9557073255589432,0.915171913918167,0.5436100260416666,0.4563899739583333,0.0,0.3840972651176465,7.138931751251221,0.13819044828414917,1.1147643685340884,2.5944021058082583,1.0,1.0,LAB02476,1.0,0.4833524684270953,0.16108704214257583,0.000592407203405343,0.019572417946401688
LAB02481,0.33114481228037734,0.4975338659256687,0.333255781489926,0.9812303055213043,0.5470261458068915,0.023759765625,0.06995768229166667,44.0,3.0,0.9977827050997783,0.3311448122803773,0.333255781489926,0.9812303055213043,0.4975338659256687,0.33114481228037734,0.37132809267687217,0.4111023219021916,0.9909576654336211,0.5811234909294397,0.40956593982242084,0.40449100672148997,0.48071285654460005,0.9964378682011235,0.6485465375574708,0.4798881763825814,0.4401208787477505,0.5519054487925178,0.9998629949308124,0.7112270354257938,0.5518637145377844,0.4882406929386795,0.6545530687264436,1.0,0.7912143540131615,0.6545530687264436,0.5410348862198238,0.7570610953422363,1.0,0.8617356531871507,0.7570610953422362,0.3519121434472035,0.5206139247331153,0.35288958191209435,0.9921907110563091,0.7737321196358908,0.023759765625,0.06680338541666667,2.0,3.0,1.0,0.35191214344720345,0.35288958191209435,0.9921907110563091,0.5206139247331153,0.3519121434472035,0.40582306830907056,0.43684826040346947,0.9980819290313742,0.6077095006401954,0.4364818268311311,0.4516008316008316,0.5147159146282039,0.9998629949308124,0.679588752610522,0.514679615123019,0.5012865317408502,0.5964330961894552,1.0,0.7472071302118307,0.5964330961894551,0.570837780149413,0.7155735308449469,1.0,0.8342091061436646,0.7155735308449468,0.6432895779110558,0.8317902738524511,1.0,0.9081719514790381,0.831790273852451,0.645986328125,0.354013671875,0.0,0.7017877638177015,5.296571731567383,0.37696945667266846,1.8402308106422427,3.5545622253417974,0.9999934895833333,1.0,LAB02481,0.0,0.0,0.07906626506024096,0.007323259635546593,0.011046672190002762
