image_id,degraded,neutral,improved
khanhha_original::CFD_019.jpg,0.5662947037522721,0.18722270532693494,0.24648259092079286
khanhha_original::CFD_084.jpg,0.36609258608139894,0.3448655618449872,0.2890418520736139
khanhha_original::CFD_109.jpg,0.2773041134292257,0.5295268197511922,0.19316906681958212
khanhha_original::CFD_111.jpg,0.381322715266798,0.3244769208845975,0.2942003638486044
khanhha_original::CRACK500_20160222_080933_361_1.jpg,0.4055758165303362,0.30284199927448496,0.29158218419517873
khanhha_original::CRACK500_20160222_081839_1_721.jpg,0.17788267079312847,0.5526585252879767,0.2694588039188948
khanhha_original::CRACK500_20160222_115219_1281_721.jpg,0.48434597419272557,0.2878027041006467,0.22785132170662764
khanhha_original::CRACK500_20160222_115324_1281_721.jpg,0.2904912606353786,0.5179142021500789,0.19159453721454248
khanhha_original::CRACK500_20160222_115324_641_1081.jpg,0.18837069459486386,0.6926051438885915,0.11902416151654463
khanhha_original::CRACK500_20160222_164822_1281_1.jpg,0.4152506204504644,0.3672839222260046,0.21746545732353112
khanhha_original::CRACK500_20160222_164822_641_1.jpg,0.44278444701069464,0.43922821793507144,0.11798733505423385
khanhha_original::CRACK500_20160222_164822_641_361.jpg,0.4664017794906085,0.4292147564073788,0.10438346410201278
khanhha_original::CRACK500_20160222_165951_1921_1.jpg,0.30630402054007955,0.4262754072171245,0.267420572242796
khanhha_original::CRACK500_20160303_091830_361_1281.jpg,0.23368849395220664,0.3836867073944692,0.3826247986533241
khanhha_original::CRACK500_20160303_093527_1281_361.jpg,0.20474634569896638,0.3321595778221018,0.46309407647893175
khanhha_original::CRACK500_20160303_093537_1921_1081.jpg,0.34889671692493657,0.2787403249019934,0.37236295817306997
khanhha_original::CRACK500_20160306_103657_1921_721.jpg,0.42052529323442844,0.13848855720129838,0.4409861495642731
khanhha_original::CRACK500_20160306_103657_641_721.jpg,0.2005391524107654,0.711285769250884,0.08817507833835046
khanhha_original::CRACK500_20160307_144924_1281_361.jpg,0.17548910465669515,0.6871856327368093,0.13732526260649555
khanhha_original::CRACK500_20160307_144924_641_361.jpg,0.20916670633693812,0.6279874087094144,0.16284588495364752
khanhha_original::CRACK500_20160307_164301_641_361.jpg,0.14698826671682091,0.786538228495682,0.06647350478749707
khanhha_original::CRACK500_20160307_164517_1921_361.jpg,0.3913027756050132,0.4700537236085103,0.13864350078647658
khanhha_original::CRACK500_20160308_073532_1_361.jpg,0.17819157122727927,0.5086259624816873,0.3131824662910334
khanhha_original::CRACK500_20160308_074321_1921_361.jpg,0.12481185477328581,0.6112365666848989,0.2639515785418153
khanhha_original::CRACK500_20160308_160128_641_361.jpg,0.21807713474478346,0.6467914840092255,0.13513138124599106
khanhha_original::CRACK500_20160308_160128_641_721.jpg,0.32262915519330004,0.5377133359461802,0.13965750886051978
khanhha_original::CRACK500_20160316_142449_1_361.jpg,0.22172190734872002,0.5527641684843306,0.22551392416694926
khanhha_original::CRACK500_20160316_143527_641_1.jpg,0.27039651482530985,0.4356960619770524,0.2939074231976378
khanhha_original::CRACK500_20160316_143547_1281_1081.jpg,0.18164227026509921,0.5398275451577759,0.2785301845771248
khanhha_original::CRACK500_20160316_143629_1281_721.jpg,0.1578717880347038,0.6455470197423515,0.19658119222294462
khanhha_original::CRACK500_20160316_143629_1921_721.jpg,0.26452608016460466,0.4979131436781527,0.23756077615724272
khanhha_original::CRACK500_20160318_084343_1281_361.jpg,0.26742959780741676,0.14731215308873707,0.5852582491038462
khanhha_original::CRACK500_20160318_181632_1_1.jpg,0.13172560302888706,0.7418020912987124,0.1264723056724005
khanhha_original::CRACK500_20160318_181632_1_361.jpg,0.1823137175089858,0.5471494105785845,0.27053687191242975
khanhha_original::CRACK500_20160318_181632_641_1.jpg,0.16471602095104212,0.5943627827222021,0.2409211963267557
khanhha_original::CRACK500_20160321_185557_1_361.jpg,0.14662727073888793,0.4790437526678192,0.37432897659329295
khanhha_original::CRACK500_20160321_185557_641_721.jpg,0.10445169772989145,0.7431409602200918,0.15240734205001683
khanhha_original::CRACK500_20160326_141812_1281_721.jpg,0.29627981452228763,0.4068553156187679,0.2968648698589445
khanhha_original::CRACK500_20160326_141812_1921_721.jpg,0.17888366605544218,0.6355603644157333,0.18555596952882464
khanhha_original::CRACK500_20160326_142403_1921_361.jpg,0.38661764972091595,0.3378837819655558,0.2754985683135284
khanhha_original::CRACK500_20160326_162529_641_361.jpg,0.23932295122171104,0.5751010475846932,0.18557600119359585
khanhha_original::CRACK500_20160328_150821_1281_361.jpg,0.2167194537959912,0.6991339384042279,0.08414660779978095
khanhha_original::CRACK500_20160328_150821_1_721.jpg,0.3068510057940023,0.41926312983625863,0.273885864369739
khanhha_original::CRACK500_20160328_150821_641_361.jpg,0.18390988006019757,0.6856166700990257,0.13047344984077675
khanhha_original::CRACK500_20160328_151027_1921_1.jpg,0.26240070399361504,0.6039069408563487,0.1336923551500363
khanhha_original::CRACK500_20160328_151027_641_361.jpg,0.260698896139348,0.641639884565263,0.09766121929538893
khanhha_original::CRACK500_20160328_151243_1_361.jpg,0.258498557456647,0.6504687117707074,0.09103273077264563
khanhha_original::CRACK500_20160328_151247_641_1.jpg,0.21487053251255867,0.6559169737855376,0.12921249370190377
khanhha_original::CRACK500_20160328_151423_641_1081.jpg,0.30931616008665375,0.5285251164960101,0.1621587234173362
khanhha_original::CRACK500_20160328_151657_1281_1.jpg,0.1686657564129291,0.7464846168091394,0.08484962677793158
khanhha_original::CRACK500_20160328_151657_1921_721.jpg,0.34027192205960555,0.5695590977961321,0.09016898014426218
khanhha_original::CRACK500_20160328_151657_1_361.jpg,0.24689876746956332,0.6192683936272523,0.13383283890318443
khanhha_original::CRACK500_20160328_151657_641_361.jpg,0.17747289363956842,0.7644850005107723,0.05804210584965931
khanhha_original::CRACK500_20160328_151657_641_721.jpg,0.2711507879010849,0.6522523363416852,0.0765968757572298
khanhha_original::CRACK500_20160328_152308_1_361.jpg,0.2478378265237836,0.651078234889691,0.10108393858652541
khanhha_original::CRACK500_20160328_153327_1_721.jpg,0.1033407743527682,0.7839853405683507,0.11267388507888103
khanhha_original::CRACK500_20160328_153421_641_1.jpg,0.09905494477617571,0.8303187284242757,0.07062632679954861
khanhha_original::CRACK500_20160328_153533_1281_1.jpg,0.21587198867312352,0.6278197573703996,0.15630825395647688
khanhha_original::CRACK500_20160328_153533_1281_721.jpg,0.38815612636212266,0.35040545922044797,0.2614384144174295
khanhha_original::CRACK500_20160328_153533_1_1081.jpg,0.19172502073238654,0.6291602776066167,0.17911470166099666
khanhha_original::CRACK500_20160328_153612_1281_1081.jpg,0.23947496111618016,0.5933737401813038,0.16715129870251602
khanhha_original::CRACK500_20160328_153616_1281_361.jpg,0.11662842238923714,0.8194941550288181,0.06387742258194481
khanhha_original::CRACK500_20160328_153714_1_1.jpg,0.297516205879114,0.5540774559605138,0.14840633816037233
khanhha_original::CRACK500_20160328_153714_1_1081.jpg,0.23491272287000092,0.5455796373257387,0.21950763980426044
khanhha_original::CRACK500_20160328_153714_641_721.jpg,0.2762016629446091,0.5404050918425579,0.1833932452128329
khanhha_original::CRACK500_20160328_153718_1281_1.jpg,0.2685384684977286,0.5468865094219256,0.18457502208034582
khanhha_original::CRACK500_20160328_153718_1921_1.jpg,0.26142583086358373,0.5429841628151141,0.1955900063213021
khanhha_original::CRACK500_20160328_153813_1281_1081.jpg,0.2018243271877546,0.743925011713554,0.054250661098691554
khanhha_original::CRACK500_20160328_153813_1921_1081.jpg,0.10297474639208644,0.8763489975082672,0.02067625609964639
khanhha_original::CRACK500_20160328_154011_1921_1.jpg,0.24593418257129368,0.4917619296659783,0.26230388776272806
khanhha_original::CRACK500_20160328_154202_1281_1.jpg,0.19455572002397717,0.6359643865765008,0.1694798933995221
khanhha_original::CRACK500_20160328_154202_1281_1081.jpg,0.14847834184548278,0.7172993001056506,0.13422235804886667
khanhha_original::CRACK500_20160328_154202_1921_361.jpg,0.19141917347891102,0.6025752082775299,0.20600561824355912
khanhha_original::CRACK500_20160328_154202_641_1081.jpg,0.1784792857733649,0.7160549924190228,0.1054657218076123
khanhha_original::CRACK500_20160328_154321_1281_1.jpg,0.14810864567689658,0.6490529140499959,0.20283844027310752
khanhha_original::CRACK500_20160329_094452_1_721.jpg,0.24602743861112733,0.5786770623516954,0.17529549903717734
khanhha_original::CRACK500_20160329_101347_1921_721.jpg,0.18426365791117522,0.6918550994657212,0.12388124262310359
khanhha_original::CRACK500_20160329_104031_1281_721.jpg,0.1235755219412,0.6924950789634926,0.18392939909530753
khanhha_original::CRACK500_20160329_104031_1921_721.jpg,0.10571622959962274,0.5903769434286111,0.30390682697176613
khanhha_original::CRACK500_20160329_104031_641_1081.jpg,0.1063810875333058,0.7447339298212028,0.14888498264549138
khanhha_original::CRACK500_20160329_104107_1921_721.jpg,0.22083770198195,0.616336696232601,0.162825601785449
khanhha_original::CRACK500_20160329_104107_1_721.jpg,0.3797373661747911,0.42272588391078975,0.19753674991441916
khanhha_original::CRACK500_20160329_104152_1_721.jpg,0.24719435444457616,0.5778189317164004,0.17498671383902342
khanhha_original::CRACK500_20160329_104152_641_721.jpg,0.1545972035314804,0.6986298092790868,0.14677298718943285
khanhha_original::CRACK500_20160330_160957_1921_1081.jpg,0.32348099612429554,0.4102200367199864,0.26629896715571805
khanhha_original::CRACK500_20160330_160957_1_721.jpg,0.25456708759015056,0.5048664979489319,0.24056641446091756
khanhha_original::CRACK500_20160330_163946_641_361.jpg,0.1180543549195164,0.483063739460017,0.39888190562046666
khanhha_original::CRACK500_20160330_170014_641_361.jpg,0.35966567669129207,0.33831426003792175,0.30202006327078607
khanhha_original::CRACK500_20160330_170014_641_721.jpg,0.2311728844960826,0.452929477903505,0.3158976376004125
khanhha_original::CRACK500_20160330_172305_1_1081.jpg,0.21034922011983614,0.5367936636472811,0.2528571162328827
khanhha_original::CRACK500_20160330_172305_1_721.jpg,0.3640324609705247,0.3252817578479485,0.31068578118152673
khanhha_original::CRACK500_20160330_172309_1_721.jpg,0.22526896270276897,0.5424642795035026,0.23226675779372843
khanhha_original::CRACK500_20160402_150110_1281_361.jpg,0.15946357658553603,0.6749564651366226,0.1655799582778415
khanhha_original::CRACK500_20160402_150110_1921_361.jpg,0.2639588871833167,0.570402757925414,0.16563835489126932
khanhha_original::CRACK500_20160402_150110_641_721.jpg,0.23134762401768874,0.5141518839150876,0.2545004920672237
khanhha_original::CRACK500_20160405_171348_1921_721.jpg,0.16102010711620646,0.4775798143430506,0.3614000785407429
khanhha_original::CRACK500_20160405_172849_1921_1.jpg,0.20656378093973488,0.29085480915380174,0.5025814099064633
khanhha_original::CRACK500_20160405_172908_1281_1.jpg,0.1747228382071412,0.4454147347441111,0.37986242704874773
khanhha_original::CRACK500_20160407_163515_1281_721.jpg,0.1580717793291827,0.7424288770117928,0.09949934365902435
khanhha_original::CRACK500_20160407_163515_1_361.jpg,0.1981834840034597,0.7467112034486082,0.055105312547932106
khanhha_original::CRACK500_20160407_165009_1281_721.jpg,0.174475878283555,0.762296762500509,0.06322735921593603
khanhha_original::CRACK500_20160407_165009_1_721.jpg,0.24140661676793207,0.6065238297496397,0.15206955348242837
khanhha_original::CRACK500_20160415_191330_1921_361.jpg,0.3319813103133628,0.35000559521305463,0.31801309447358256
khanhha_original::CRACK500_20160415_191330_641_721.jpg,0.20715009537918555,0.6869975356459131,0.10585236897490141
khanhha_original::CRACK500_IMG_2935_649_969.jpg,0.41335585049915957,0.40152656383829494,0.18511758566254544
khanhha_original::DeepCrack_11165-2.jpg,0.4583762140197236,0.4427001462397764,0.09892363974049989
khanhha_original::DeepCrack_11165.jpg,0.5366030543984357,0.3939042688826047,0.06949267671895962
khanhha_original::DeepCrack_11197-2.jpg,0.13883202169626327,0.6152569747056519,0.24591100359808477
khanhha_original::DeepCrack_11197-4.jpg,0.46396968348457196,0.2050056549339983,0.3310246615814296
khanhha_original::DeepCrack_11236-1.jpg,0.18643267748103623,0.7230300520032609,0.09053727051570294
khanhha_original::DeepCrack_11236-4.jpg,0.10992692218246604,0.7083439472340748,0.18172913058345905
khanhha_original::DeepCrack_11249-4.jpg,0.09569967696552388,0.7846973155755131,0.11960300745896298
khanhha_original::DeepCrack_11249-7.jpg,0.3168584356390614,0.4965343402759953,0.18660722408494326
khanhha_original::DeepCrack_11270-2.jpg,0.22924066706194543,0.36312091806045527,0.4076384148775994
khanhha_original::DeepCrack_11294.jpg,0.4478009586742546,0.20807172492890233,0.3441273163968432
khanhha_original::DeepCrack_11296-18.jpg,0.24667170484442114,0.5668129909848509,0.18651530417072792
khanhha_original::DeepCrack_11296-19.jpg,0.3058497569702106,0.48813819558935306,0.2060120474404364
khanhha_original::DeepCrack_11296-4.jpg,0.35551733324536144,0.4431055500267051,0.2013771167279334
khanhha_original::DeepCrack_11296-7.jpg,0.42146742554761646,0.4445814073866195,0.13395116706576404
khanhha_original::DeepCrack_IMG33-12.jpg,0.23499320103212915,0.47018328599881287,0.2948235129690579
khanhha_original::DeepCrack_IMG33-16.jpg,0.1571880587279671,0.6990764526641076,0.14373548860792537
khanhha_original::DeepCrack_IMG33-9.jpg,0.2772697410474945,0.3936418147431996,0.32908844420930583
khanhha_original::Eugen_Muller_9360_329_209_632_479.jpg,0.26245764001385347,0.14333821058699758,0.594204149399149
khanhha_original::Eugen_Muller_9360_7_26_751_632.jpg,0.35020853532938273,0.15414222075521145,0.4956492439154058
khanhha_original::Eugen_Muller_9360_99_556_518_594.jpg,0.2326147537530324,0.3438532951320103,0.42353195111495734
khanhha_original::GAPS384_test_0005_541_641.jpg,0.39776173074099735,0.4274257187544994,0.17481255050450328
khanhha_original::GAPS384_test_0040_541_1.jpg,0.47474294581965587,0.32739815299648856,0.19785890118385557
khanhha_original::GAPS384_test_0274_541_1.jpg,0.34666028285289874,0.45059711971792876,0.20274259742917253
khanhha_original::GAPS384_train_0597_1_1.jpg,0.25141786324026866,0.4428719927313054,0.30571014402842583
khanhha_original::GAPS384_train_0649_1_641.jpg,0.44139210047637434,0.41454713729702397,0.1440607622266018
khanhha_original::GAPS384_train_0680_541_641.jpg,0.266198559041899,0.13424345794561454,0.5995579830124864
khanhha_original::GAPS384_train_0695_541_1.jpg,0.3877274593640337,0.2339835497425397,0.37828899089342666
khanhha_original::GAPS384_train_1010_541_641.jpg,0.18223912551802784,0.4122713575804057,0.40548951690156637
khanhha_original::GAPS384_train_1120_541_641.jpg,0.3299236358008908,0.15765871019715877,0.5124176540019504
khanhha_original::GAPS384_train_1124_1_641.jpg,0.24952865869624655,0.24378837237663462,0.5066829689271188
khanhha_original::GAPS384_train_1183_541_1.jpg,0.5119894315425709,0.23029021974919966,0.2577203487082293
khanhha_original::Rissbilder_for_Florian_9S6A2798_499_1239_3234_3324.jpg,0.24685378223891882,0.4617564539102884,0.2913897638507926
khanhha_original::Rissbilder_for_Florian_9S6A2798_614_1857_2201_2501.jpg,0.17822673277774745,0.6699326329505699,0.15184063427168262
khanhha_original::Rissbilder_for_Florian_9S6A2798_697_1777_2994_3062.jpg,0.20142733729840168,0.5549454880029221,0.24362717469867615
khanhha_original::Rissbilder_for_Florian_9S6A2800_191_3241_2390_2435.jpg,0.11490728662518937,0.812640230309908,0.07245248306490258
khanhha_original::Rissbilder_for_Florian_9S6A2800_195_2531_3219_2684.jpg,0.1661157255477915,0.5146916614219874,0.31919261303022095
khanhha_original::Rissbilder_for_Florian_9S6A2800_382_814_2795_2670.jpg,0.1431777770168231,0.5854018535363856,0.27142036944679127
khanhha_original::Rissbilder_for_Florian_9S6A2800_48_573_3788_4425.jpg,0.09174009402438356,0.6201548027446756,0.2881051032309409
khanhha_original::Rissbilder_for_Florian_9S6A2800_552_1819_3171_3588.jpg,0.1661218209598546,0.47530399259426076,0.3585741864458846
khanhha_original::Rissbilder_for_Florian_9S6A2800_817_399_2611_2043.jpg,0.08287172904667117,0.8777792903130999,0.03934898064022892
khanhha_original::Rissbilder_for_Florian_9S6A2811_119_80_3414_3691.jpg,0.18087086196304902,0.6957551860578992,0.12337395197905172
khanhha_original::Rissbilder_for_Florian_9S6A2811_1873_211_2406_2890.jpg,0.14842293563689107,0.7698012067437291,0.08177585761937964
khanhha_original::Rissbilder_for_Florian_9S6A2812_1545_131_2276_2406.jpg,0.046890717824090475,0.9361185159054638,0.016990766270445858
khanhha_original::Rissbilder_for_Florian_9S6A2812_372_1081_3294_3264.jpg,0.07346699537227719,0.8749169361489216,0.05161606847880122
khanhha_original::Rissbilder_for_Florian_9S6A2812_6_41_3627_3234.jpg,0.1049651465727786,0.8373681451847014,0.05766670824252001
khanhha_original::Rissbilder_for_Florian_9S6A2815_1237_159_3590_2891.jpg,0.14250671671000623,0.7436383298414847,0.11385495344850909
khanhha_original::Rissbilder_for_Florian_9S6A2821_1009_504_3415_2649.jpg,0.1268353686789827,0.7891783567711078,0.08398627454990948
khanhha_original::Rissbilder_for_Florian_9S6A2821_1089_894_2343_2903.jpg,0.1287993403150003,0.7207813036523258,0.15041935603267376
khanhha_original::Rissbilder_for_Florian_9S6A2821_2779_46_2936_3794.jpg,0.07505940965662956,0.8527445909865546,0.07219599935681587
khanhha_original::Rissbilder_for_Florian_9S6A2825_325_1707_3330_2732.jpg,0.13502054535615424,0.7321267557736093,0.13285269887023649
khanhha_original::Rissbilder_for_Florian_9S6A2825_340_882_2590_2354.jpg,0.2148924934306645,0.6851687349272614,0.09993877164207422
khanhha_original::Rissbilder_for_Florian_9S6A2825_565_2563_2166_2123.jpg,0.24945541264260737,0.6081298633152379,0.14241472404215483
khanhha_original::Rissbilder_for_Florian_9S6A2825_65_315_3693_4161.jpg,0.16874196958106039,0.7129874470887556,0.11827058333018392
khanhha_original::Rissbilder_for_Florian_9S6A2825_711_1408_2863_2522.jpg,0.12035318548296435,0.7501303101711385,0.12951650434589723
khanhha_original::Rissbilder_for_Florian_9S6A2825_71_1920_3644_3801.jpg,0.13907200196613873,0.7391744906913456,0.12175350734251573
khanhha_original::Rissbilder_for_Florian_9S6A2826_0_0_3840_5760.jpg,0.13902199891975928,0.6860825867448085,0.1748954143354322
khanhha_original::Rissbilder_for_Florian_9S6A2826_418_1200_2774_3626.jpg,0.3256342402489925,0.5031764214204194,0.1711893383305882
khanhha_original::Rissbilder_for_Florian_9S6A2826_65_1595_3304_2654.jpg,0.30494541697479377,0.547939356670787,0.14711522635441912
khanhha_original::Rissbilder_for_Florian_9S6A2826_985_495_2477_3280.jpg,0.3870949758899889,0.45665357348373425,0.1562514506262768
khanhha_original::Rissbilder_for_Florian_9S6A2834_1012_1643_2453_3015.jpg,0.19605954803939932,0.7201535677820917,0.08378688417850905
khanhha_original::Rissbilder_for_Florian_9S6A2834_18_332_3392_3333.jpg,0.18410593983252083,0.7367060399753463,0.0791880201921327
khanhha_original::Rissbilder_for_Florian_9S6A2834_196_114_2762_3611.jpg,0.2507447733281391,0.6597939286103635,0.08946129806149737
khanhha_original::Rissbilder_for_Florian_9S6A2834_40_1275_3784_4195.jpg,0.28482170932159356,0.6368401551011794,0.07833813557722695
khanhha_original::Rissbilder_for_Florian_9S6A2838_1264_697_1978_2438.jpg,0.19058989136211735,0.5457368059766481,0.2636733026612346
khanhha_original::Rissbilder_for_Florian_9S6A2838_419_638_3373_4346.jpg,0.19007483238439518,0.6306292316160721,0.1792959359995327
khanhha_original::Rissbilder_for_Florian_9S6A2838_565_1405_2810_2334.jpg,0.19603045691410145,0.5857150878332193,0.21825445525267922
khanhha_original::Rissbilder_for_Florian_9S6A2842_321_767_3019_3008.jpg,0.22016492156853193,0.6197741105450616,0.16006096788640636
khanhha_original::Rissbilder_for_Florian_9S6A2842_635_1731_1931_2541.jpg,0.2155899498677881,0.3768969058098109,0.40751314432240104
khanhha_original::Rissbilder_for_Florian_9S6A2842_70_2154_3631_3282.jpg,0.16346870397234173,0.6814351036037093,0.15509619242394895
khanhha_original::Rissbilder_for_Florian_9S6A2846_230_168_2768_2605.jpg,0.15185519753094026,0.7885445316742031,0.05960027079485663
khanhha_original::Rissbilder_for_Florian_9S6A2846_268_1498_2452_2689.jpg,0.10192388482496491,0.7962628211902579,0.1018132939847772
khanhha_original::Rissbilder_for_Florian_9S6A2846_330_640_3250_2553.jpg,0.13855170362431102,0.7849445864587467,0.0765037099169424
khanhha_original::Rissbilder_for_Florian_9S6A2846_392_1024_2627_3077.jpg,0.10590228961747944,0.7965377968169005,0.09755991356562004
khanhha_original::Rissbilder_for_Florian_9S6A2846_64_1600_3177_3483.jpg,0.09869270602749353,0.8238567909381609,0.07745050303434557
khanhha_original::Rissbilder_for_Florian_9S6A2857_1203_1130_2423_3169.jpg,0.0683419699032492,0.874872360728822,0.05678566936792876
khanhha_original::Rissbilder_for_Florian_9S6A2857_148_211_2303_2832.jpg,0.06883184781297823,0.876382228801536,0.054785923385485796
khanhha_original::Rissbilder_for_Florian_9S6A2857_159_2331_3518_2794.jpg,0.07922691213154645,0.8561153027468974,0.0646577851215562
khanhha_original::Rissbilder_for_Florian_9S6A2857_585_241_3220_4175.jpg,0.07182403939016618,0.8668180267758305,0.06135793383400324
khanhha_original::Rissbilder_for_Florian_9S6A2857_807_939_2369_1886.jpg,0.09470533046635785,0.8579436384759721,0.04735103105766998
khanhha_original::Rissbilder_for_Florian_9S6A2857_89_2266_3467_3213.jpg,0.08422121037225304,0.8379981308529686,0.07778065877477837
khanhha_original::Rissbilder_for_Florian_9S6A2860_109_355_3609_3381.jpg,0.1543591092801232,0.7668987304449533,0.07874216027492358
khanhha_original::Rissbilder_for_Florian_9S6A2860_2652_869_3027_2537.jpg,0.11556116708197346,0.8153740697319052,0.06906476318612154
khanhha_original::Rissbilder_for_Florian_9S6A2860_476_406_3989_3027.jpg,0.08291384099782573,0.8665514523491289,0.050534706653045346
khanhha_original::Rissbilder_for_Florian_9S6A2860_707_1403_2200_2149.jpg,0.15769872473546334,0.7357337048239833,0.1065675704405535
khanhha_original::Rissbilder_for_Florian_9S6A2869_107_1230_3580_4395.jpg,0.20120323044564042,0.6885336186614899,0.11026315089286984
khanhha_original::Rissbilder_for_Florian_9S6A2869_1234_372_2013_2272.jpg,0.050355895249945125,0.8809948426992541,0.0686492620508008
khanhha_original::Rissbilder_for_Florian_9S6A2869_171_1902_3454_3763.jpg,0.1476339858588886,0.6804255243569988,0.17194048978411267
khanhha_original::Rissbilder_for_Florian_9S6A2869_37_1430_3692_3865.jpg,0.1637207602926093,0.706015820154928,0.13026341955246282
khanhha_original::Rissbilder_for_Florian_9S6A2869_6_538_3621_3662.jpg,0.10837352950186141,0.8179049726914668,0.07372149780667171
khanhha_original::Rissbilder_for_Florian_9S6A2869_855_1425_2447_2662.jpg,0.1144229166133242,0.8236238433316777,0.06195324005499797
khanhha_original::Rissbilder_for_Florian_9S6A2869_878_3059_2683_2082.jpg,0.05793561944706746,0.8485216741232312,0.09354270642970118
khanhha_original::Rissbilder_for_Florian_9S6A2870_121_518_3261_3345.jpg,0.18553252189100142,0.6967543762615841,0.11771310184741453
khanhha_original::Rissbilder_for_Florian_9S6A2870_504_1261_2761_3438.jpg,0.0994939084177492,0.8443414878398279,0.0561646037424229
khanhha_original::Rissbilder_for_Florian_9S6A2880_1244_1022_2375_2527.jpg,0.1163370896458279,0.7576990511608923,0.12596385919327982
khanhha_original::Rissbilder_for_Florian_9S6A2880_131_2019_3358_3435.jpg,0.05017192255536519,0.8684116874680746,0.08141638997656016
khanhha_original::Rissbilder_for_Florian_9S6A2880_1_709_3836_3003.jpg,0.08892622718014549,0.7725388539573137,0.1385349188625407
khanhha_original::Rissbilder_for_Florian_9S6A2880_277_388_3305_4321.jpg,0.05832469448989201,0.8656434653897677,0.07603184012034038
khanhha_original::Rissbilder_for_Florian_9S6A2881_0_0_3840_5760.jpg,0.17393421475434542,0.4528577768020407,0.37320800844361385
khanhha_original::Rissbilder_for_Florian_9S6A2881_1046_39_2575_3270.jpg,0.1504158805541592,0.5534919611504626,0.2960921582953782
khanhha_original::Rissbilder_for_Florian_9S6A2881_277_1792_3424_2971.jpg,0.11548518841572013,0.6668979358797695,0.21761687570451044
khanhha_original::Rissbilder_for_Florian_9S6A2881_77_297_3144_3819.jpg,0.15744603421690603,0.4657851751580347,0.3767687906250592
khanhha_original::Rissbilder_for_Florian_9S6A2888_133_918_3617_3712.jpg,0.3462691745577203,0.5341839639956141,0.11954686144666558
khanhha_original::Rissbilder_for_Florian_9S6A2896_0_0_3840_5760.jpg,0.2674861027739392,0.3984819332550088,0.33403196397105195
khanhha_original::Rissbilder_for_Florian_9S6A2896_1287_1184_2528_1916.jpg,0.4965680011065177,0.1774344476706421,0.3259975512228403
khanhha_original::Rissbilder_for_Florian_9S6A2896_1446_730_2288_2912.jpg,0.5730775875789319,0.23893121057814565,0.18799120184292237
khanhha_original::Rissbilder_for_Florian_9S6A2896_28_1443_3701_3540.jpg,0.3574321921281759,0.3230286835909332,0.319539124280891
khanhha_original::Rissbilder_for_Florian_9S6A2896_616_2037_3008_3401.jpg,0.21267273256372451,0.5735630514266187,0.21376421600965687
khanhha_original::Rissbilder_for_Florian_9S6A2896_788_3134_2243_2150.jpg,0.24011841066176282,0.5008875413807069,0.2589940479575303
khanhha_original::Rissbilder_for_Florian_9S6A2917_0_74_3825_4343.jpg,0.30232263575057466,0.3482419018044753,0.3494354624449501
khanhha_original::Rissbilder_for_Florian_9S6A2917_313_1519_3434_4037.jpg,0.30180610173885225,0.4023981040887387,0.29579579417240903
khanhha_original::Rissbilder_for_Florian_9S6A2917_486_1027_3148_3681.jpg,0.31096895664827473,0.4263690993585389,0.26266194399318643
khanhha_original::Rissbilder_for_Florian_9S6A2917_599_2662_2081_2529.jpg,0.18426586662410271,0.6027226161588484,0.21301151721704886
khanhha_original::Rissbilder_for_Florian_9S6A3085_46_1568_3730_4175.jpg,0.1325567652726442,0.6959791939565192,0.17146404077083663
khanhha_original::Rissbilder_for_Florian_9S6A3085_497_692_2640_2077.jpg,0.16597438452432106,0.6876735712247488,0.14635204425093004
khanhha_original::Rissbilder_for_Florian_9S6A3085_67_497_3262_3700.jpg,0.09948589042386091,0.7529302676384169,0.14758384193772225
khanhha_original::Rissbilder_for_Florian_9S6A3091_375_333_2309_2364.jpg,0.3740499885099785,0.41901223599249365,0.20693777549752784
khanhha_original::Rissbilder_for_Florian_9S6A3091_481_1320_3311_3035.jpg,0.14081742246102882,0.751645723782594,0.1075368537563773
khanhha_original::Rissbilder_for_Florian_9S6A3092_272_70_2808_2402.jpg,0.3432089826496498,0.45322348521590095,0.20356753213444942
khanhha_original::Rissbilder_for_Florian_9S6A3092_3399_925_2286_2829.jpg,0.5999189578702683,0.23655318457196178,0.16352785755777
khanhha_original::Rissbilder_for_Florian_9S6A3092_623_215_3689_2974.jpg,0.31063383593353416,0.5299155512449626,0.15945061282150327
khanhha_original::Rissbilder_for_Florian_9S6A3095_418_2347_2757_3271.jpg,0.21392289739520387,0.5653674742045409,0.22070962840025526
khanhha_original::Rissbilder_for_Florian_9S6A3095_514_444_3123_3906.jpg,0.1469499942630978,0.6811506652897499,0.17189934044715244
khanhha_original::Rissbilder_for_Florian_9S6A3095_592_717_2568_2704.jpg,0.17753494676224676,0.6995723481515902,0.1228927050861632
khanhha_original::Rissbilder_for_Florian_9S6A3095_89_2165_3402_3441.jpg,0.17322251219260984,0.6452179304600317,0.18155955734735854
khanhha_original::Rissbilder_for_Florian_9S6A3096_347_506_3372_3116.jpg,0.15601635170792008,0.6982233316178598,0.1457603166742202
khanhha_original::Rissbilder_for_Florian_9S6A3096_515_1896_2914_2761.jpg,0.077876405997896,0.8559373317104458,0.06618626229165833
khanhha_original::Rissbilder_for_Florian_9S6A3096_899_155_2326_2742.jpg,0.1264529327791902,0.7399235534988955,0.13362351372191433
khanhha_original::Rissbilder_for_Florian_9S6A3109_163_622_3006_3321.jpg,0.15847812097926858,0.6994474199461438,0.1420744590745877
khanhha_original::Rissbilder_for_Florian_9S6A3109_440_362_3337_4316.jpg,0.13001237319059933,0.671233146828309,0.1987544799810917
khanhha_original::Rissbilder_for_Florian_9S6A3109_793_2237_2466_2142.jpg,0.17862945536419003,0.6205045778492831,0.20086596678652682
khanhha_original::Rissbilder_for_Florian_9S6A3113_104_526_3717_3372.jpg,0.1700987231681464,0.6073325302918169,0.22256874654003672
khanhha_original::Rissbilder_for_Florian_9S6A3114_1215_3118_2077_2478.jpg,0.13824682672959865,0.5783949015132764,0.28335827175712486
khanhha_original::Rissbilder_for_Florian_9S6A3114_358_1983_3344_3063.jpg,0.15803274379861423,0.6635659445039017,0.17840131169748416
khanhha_original::Rissbilder_for_Florian_9S6A3114_871_3543_2822_2137.jpg,0.15349341007080525,0.6050724864373858,0.24143410349180897
khanhha_original::Rissbilder_for_Florian_9S6A3128_304_338_2449_2867.jpg,0.11382951338331951,0.7694977135266519,0.11667277309002866
khanhha_original::Rissbilder_for_Florian_9S6A3128_580_813_2343_2413.jpg,0.13826025908025869,0.7204471653153328,0.14129257560440858
khanhha_original::Rissbilder_for_Florian_9S6A3128_7_578_2768_3056.jpg,0.10746685561391293,0.7918853972060476,0.10064774718003966
khanhha_original::Rissbilder_for_Florian_9S6A3131_308_1998_2814_2860.jpg,0.09809526333685024,0.7439363124599161,0.1579684242032337
khanhha_original::Rissbilder_for_Florian_9S6A3131_389_1670_3375_3959.jpg,0.09167853949707296,0.7321963741406213,0.1761250863623057
khanhha_original::Rissbilder_for_Florian_9S6A3131_542_1698_3243_3761.jpg,0.08949859509529391,0.762641455514073,0.14785994939063316
khanhha_original::Rissbilder_for_Florian_9S6A3135_339_1311_2661_3168.jpg,0.18709850289626745,0.670257485926743,0.14264401117698972
khanhha_original::Rissbilder_for_Florian_9S6A3136_0_0_5760_3840.jpg,0.23134293664359953,0.6171115849701325,0.15154547838626797
khanhha_original::Rissbilder_for_Florian_9S6A3136_1628_12_2911_3801.jpg,0.13351743337479696,0.6752068926698125,0.19127567395539052
khanhha_original::Sylvie_Chambon_094.jpg,0.6265773428989936,0.15137575155726293,0.2220469055437435
khanhha_original::Sylvie_Chambon_107.jpg,0.39766984108318376,0.2788565035423384,0.3234736553744779
khanhha_original::Sylvie_Chambon_323.jpg,0.6704687322349512,0.09198822477860605,0.23754304298644266
khanhha_original::Sylvie_Chambon_Im_noGT_ESAR_21a.jpg,0.45237113025098075,0.051941779503791224,0.49568709024522806
khanhha_original::Volker_DSC01623_0_0_1824_2736.jpg,0.1693501936549004,0.3276303800535392,0.5030194262915604
khanhha_original::Volker_DSC01623_134_615_1595_1694.jpg,0.1731315227899738,0.4660364919170427,0.3608319852929835
khanhha_original::Volker_DSC01623_22_364_1793_1961.jpg,0.182154806363448,0.4421175372776454,0.37572765635890665
khanhha_original::Volker_DSC01623_32_1414_1144_1043.jpg,0.16805119343583386,0.38234707078815133,0.44960173577601475
khanhha_original::Volker_DSC01633_217_183_1290_1578.jpg,0.40757918795006465,0.33734516852050583,0.2550756435294296
khanhha_original::Volker_DSC01635_0_0_2736_1824.jpg,0.5412163041350074,0.18039525589895958,0.27838843996603296
khanhha_original::Volker_DSC01635_130_334_986_1295.jpg,0.6045120815079195,0.27914288869079834,0.11634502980128222
khanhha_original::Volker_DSC01635_548_45_1336_1686.jpg,0.45264620622627744,0.27429490627580444,0.2730588874979181
khanhha_original::Volker_DSC01637_274_432_1128_1113.jpg,0.18423876770586062,0.3759567270353152,0.43980450525882425
khanhha_original::Volker_DSC01637_616_1353_1168_1288.jpg,0.43322188878873485,0.3435010153416843,0.2232770958695809
khanhha_original::Volker_DSC01640_376_6_2132_1787.jpg,0.6076688517631252,0.2880969355548564,0.10423421268201837
khanhha_original::Volker_DSC01640_747_235_1398_1374.jpg,0.5188028613853951,0.3914176664949755,0.0897794721196294
khanhha_original::Volker_DSC01644_612_414_1320_1175.jpg,0.25145862591787316,0.5748803359193575,0.17366103816276932
khanhha_original::Volker_DSC01649_0_0_1824_2736.jpg,0.2691523694325168,0.3512098124190341,0.37963781814844905
khanhha_original::Volker_DSC01649_128_1341_1226_1195.jpg,0.19776190237840238,0.5052612407673666,0.29697685685423114
khanhha_original::Volker_DSC01652_217_429_1194_1007.jpg,0.1608436263298758,0.1798598714238903,0.6592965022462339
khanhha_original::Volker_DSC01652_699_100_1925_1592.jpg,0.1410290298078188,0.3492933683516549,0.5096776018405262
khanhha_original::Volker_DSC01653_120_360_1526_1294.jpg,0.21551078401827492,0.1282263342864502,0.6562628816952748
khanhha_original::Volker_DSC01653_441_257_1154_966.jpg,0.37829469297533763,0.0616735048583293,0.5600318021663331
khanhha_original::Volker_DSC01653_635_9_1390_1253.jpg,0.22364984659995943,0.13027586316892495,0.6460742902311156
khanhha_original::Volker_DSC01653_791_41_1849_1670.jpg,0.1869811212171932,0.2539855490335278,0.5590333297492789
khanhha_original::Volker_DSC01666_185_540_876_1155.jpg,0.21808393556270647,0.3678273208863904,0.414088743550903
khanhha_original::Volker_DSC01672_140_255_1259_1633.jpg,0.15712800512638972,0.5608091659426514,0.28206282893095885
khanhha_original::Volker_DSC01672_236_664_1240_1592.jpg,0.14785763008169472,0.6175685284195175,0.23457384149878788
khanhha_original::Volker_DSC01672_39_1294_1098_1354.jpg,0.23241863538470006,0.4339588354842845,0.3336225291310154
khanhha_original::Volker_DSC01676_146_1254_955_1190.jpg,0.2004367398423978,0.6847581094570253,0.1148051507005768
khanhha_original::Volker_DSC01676_35_128_1239_1463.jpg,0.2253616909728375,0.5117252063355626,0.2629131026915999
khanhha_original::Volker_DSC01679_0_0_1824_2736.jpg,0.42759941935513723,0.27397301594192,0.2984275647029429
khanhha_original::Volker_DSC01679_0_789_1823_1945.jpg,0.3935953558607173,0.3094556196458688,0.2969490244934137
khanhha_original::Volker_DSC01679_67_383_1713_2223.jpg,0.3838673098917162,0.33504313680236414,0.2810895533059197
khanhha_original::Volker_DSC01680_0_0_1824_2736.jpg,0.49330455398810846,0.21585908214544341,0.29083636386644807
khanhha_original::Volker_DSC01680_146_194_1555_1973.jpg,0.4940571454005429,0.22077802592502435,0.28516482867443266
khanhha_original::Volker_DSC01680_168_539_1554_1946.jpg,0.5012994122143213,0.19912534845672109,0.2995752393289576
khanhha_original::Volker_DSC01680_63_445_1729_1300.jpg,0.49002197131015957,0.24470903001560249,0.26526899867423803
khanhha_original::Volker_DSC01683_67_1024_1660_1636.jpg,0.24178342671771147,0.40510103452497614,0.3531155387573124
khanhha_original::Volker_DSC01692_28_197_1636_1369.jpg,0.08599788837952958,0.816684586943691,0.09731752467677934
khanhha_original::Volker_DSC01700_158_517_1605_1442.jpg,0.32945329334513684,0.3246274011935642,0.34591930546129895
khanhha_original::Volker_DSC01703_23_907_1787_1745.jpg,0.21154708337322745,0.5228628025840794,0.2655901140426932
khanhha_original::Volker_DSC01703_413_202_1272_965.jpg,0.2998145503175426,0.4612167550045121,0.23896869467794535
khanhha_original::Volker_DSC01703_599_1250_1072_1001.jpg,0.3594285868394989,0.4702195476320998,0.17035186552840134
khanhha_original::Volker_DSC01707_33_309_1713_1946.jpg,0.1746374282104276,0.664809364750713,0.16055320703885942
khanhha_original::Volker_DSC01707_44_131_1757_2144.jpg,0.1348532922789215,0.6786757858281424,0.18647092189293615
khanhha_original::Volker_DSC01707_540_967_1161_1226.jpg,0.2106475950078091,0.6536997955414127,0.13565260945077823
khanhha_original::cracktree200_6234.jpg,0.18907425949755088,0.2810405676589012,0.5298851728435479
khanhha_original::cracktree200_6261.jpg,0.26256538231897336,0.4984753243472661,0.23895929333376043
khanhha_original::cracktree200_6301.jpg,0.27862423460579433,0.5284484091833966,0.19292735621080895
khanhha_original::cracktree200_6645.jpg,0.48103932172233854,0.09797769339862723,0.4209829848790342
khanhha_original::cracktree200_6647.jpg,0.4379588558702213,0.13429430913705118,0.4277468349927274
khanhha_original::forest_006.jpg,0.5366661388551691,0.194879056450927,0.26845480469390387
khanhha_original::forest_038.jpg,0.335902651822814,0.3120430968737011,0.3520542513034849
khanhha_original::forest_087.jpg,0.49488766951455,0.20508026799416107,0.30003206249128883
khanhha_original::forest_094.jpg,0.6265773428989936,0.15137575155726293,0.2220469055437435
khanhha_original::noncrack_noncrack_concrete_wall_101_2.jpg.jpg,0.48293507079750053,0.3784106190213445,0.138654310181155
khanhha_original::noncrack_noncrack_concrete_wall_101_8.jpg.jpg,0.48293507079750053,0.3784106190213445,0.138654310181155
khanhha_original::noncrack_noncrack_concrete_wall_101_9.jpg.jpg,0.5145954400010071,0.3797099012972815,0.10569465870171146
khanhha_original::noncrack_noncrack_concrete_wall_103_0.jpg.jpg,0.018411143156895373,0.9678015495294207,0.013787307313684027
khanhha_original::noncrack_noncrack_concrete_wall_103_1.jpg.jpg,0.02161024357124343,0.9641823139685852,0.014207442460171386
khanhha_original::noncrack_noncrack_concrete_wall_13_2.jpg.jpg,0.04830010132536131,0.9282344825015291,0.023465416173109696
khanhha_original::noncrack_noncrack_concrete_wall_13_4.jpg.jpg,0.0690948892138108,0.8769649255462535,0.053940185239935635
khanhha_original::noncrack_noncrack_concrete_wall_13_6.jpg.jpg,0.05135186192312124,0.891403924567222,0.057244213509656736
khanhha_original::noncrack_noncrack_concrete_wall_23_1.jpg.jpg,0.006738676431123525,0.9901620827411599,0.0030992408277164085
khanhha_original::noncrack_noncrack_concrete_wall_23_4.jpg.jpg,0.007184095513508892,0.9899311769001933,0.002884727586297759
khanhha_original::noncrack_noncrack_concrete_wall_23_5.jpg.jpg,0.010872547851861926,0.9850889558436147,0.004038496304523408
khanhha_original::noncrack_noncrack_concrete_wall_23_7.jpg.jpg,0.014224099974099172,0.9760487321779688,0.009727167847931966
khanhha_original::noncrack_noncrack_concrete_wall_28_0.jpg.jpg,0.20730838846980457,0.7362346636094043,0.05645694792079109
khanhha_original::noncrack_noncrack_concrete_wall_30_2.jpg.jpg,0.016952055568211548,0.9723768774114274,0.010671067020360832
khanhha_original::noncrack_noncrack_concrete_wall_41_11.jpg.jpg,0.043813642120294975,0.936113257624945,0.020073100254759994
khanhha_original::noncrack_noncrack_concrete_wall_41_12.jpg.jpg,0.08183398456998314,0.8859733280052218,0.03219268742479497
khanhha_original::noncrack_noncrack_concrete_wall_41_2.jpg.jpg,0.06424796640069239,0.9132055169587431,0.022546516640564444
khanhha_original::noncrack_noncrack_concrete_wall_41_35.jpg.jpg,0.07495508191228942,0.9049144890843406,0.02013042900337011
khanhha_original::noncrack_noncrack_concrete_wall_41_37.jpg.jpg,0.04416525226813675,0.9307663866958961,0.02506836103596715
khanhha_original::noncrack_noncrack_concrete_wall_41_38.jpg.jpg,0.06289335208642899,0.9218020022182637,0.01530464569530732
khanhha_original::noncrack_noncrack_concrete_wall_41_4.jpg.jpg,0.06657788949677544,0.9068317640160568,0.026590346487167713
khanhha_original::noncrack_noncrack_concrete_wall_41_43.jpg.jpg,0.054237977371204366,0.9301524778661429,0.01560954476265274
khanhha_original::noncrack_noncrack_concrete_wall_41_48.jpg.jpg,0.06951283331181009,0.9119159774197043,0.01857118926848551
khanhha_original::noncrack_noncrack_concrete_wall_41_58.jpg.jpg,0.07776245187220335,0.9063700576036764,0.01586749052412014
khanhha_original::noncrack_noncrack_concrete_wall_41_63.jpg.jpg,0.09635913027401387,0.875526349482646,0.028114520243340237
khanhha_original::noncrack_noncrack_concrete_wall_41_65.jpg.jpg,0.07626117262609294,0.902223134398559,0.021515692975348086
khanhha_original::noncrack_noncrack_concrete_wall_42_6.jpg.jpg,0.04438067524025211,0.9346785824410301,0.020940742318717835
khanhha_original::noncrack_noncrack_concrete_wall_53_3.jpg.jpg,0.010875707920378874,0.957943255380249,0.031181036699372014
khanhha_original::noncrack_noncrack_concrete_wall_58_0.jpg.jpg,0.08388146284564235,0.8306588142928746,0.085459722861483
khanhha_original::noncrack_noncrack_concrete_wall_58_11.jpg.jpg,0.06550276672340911,0.8449484945416481,0.08954873873494282
khanhha_original::noncrack_noncrack_concrete_wall_58_12.jpg.jpg,0.08316880552580931,0.8083307345457703,0.1085004599284204
khanhha_original::noncrack_noncrack_concrete_wall_58_13.jpg.jpg,0.08909340695570352,0.7800727421515163,0.13083385089278
khanhha_original::noncrack_noncrack_concrete_wall_58_6.jpg.jpg,0.09340851261440769,0.7725298794354891,0.13406160795010316
khanhha_original::noncrack_noncrack_concrete_wall_58_8.jpg.jpg,0.051849477920794584,0.8871540569850287,0.060996465094176625
khanhha_original::noncrack_noncrack_concrete_wall_60_13.jpg.jpg,0.02011878263701582,0.9747275205955498,0.005153696767434316
khanhha_original::noncrack_noncrack_concrete_wall_60_6.jpg.jpg,0.023127156113770135,0.9686727210655163,0.008200122820713392
khanhha_original::noncrack_noncrack_concrete_wall_60_8.jpg.jpg,0.01430898153603149,0.9818024707154438,0.0038885477485248927
khanhha_original::noncrack_noncrack_concrete_wall_69_6.jpg.jpg,0.30750917493296165,0.48266877343423503,0.20982205163280337
khanhha_original::noncrack_noncrack_concrete_wall_72_0.jpg.jpg,0.015545396913703421,0.9722382520593967,0.012216351026899858
khanhha_original::noncrack_noncrack_concrete_wall_77_1.jpg.jpg,0.44436596245669574,0.4027354504465957,0.1528985870967085
khanhha_original::noncrack_noncrack_concrete_wall_77_5.jpg.jpg,0.19390359780222682,0.7003029286853572,0.10579347351241612
khanhha_original::noncrack_noncrack_concrete_wall_7_0.jpg.jpg,0.04254625647198654,0.9368217730120125,0.02063197051600105
khanhha_original::noncrack_noncrack_concrete_wall_7_1.jpg.jpg,0.09486248059037279,0.8820959574386203,0.02304156197100671
khanhha_original::noncrack_noncrack_concrete_wall_81_4.jpg.jpg,0.05546889696728758,0.8109449509058619,0.1335861521268504
khanhha_original::noncrack_noncrack_concrete_wall_83_10.jpg.jpg,0.018265646282788126,0.9665176364822676,0.015216717234944369
khanhha_original::noncrack_noncrack_concrete_wall_83_4.jpg.jpg,0.036560616155879314,0.9395591300860653,0.02388025375805554
khanhha_original::noncrack_noncrack_concrete_wall_83_9.jpg.jpg,0.02372302096361812,0.9599749901113971,0.01630198892498465
khanhha_original::noncrack_noncrack_concrete_wall_88_3.jpg.jpg,0.025543751646187565,0.9541515080579343,0.02030474029587821
khanhha_original::noncrack_noncrack_concrete_wall_94_4.jpg.jpg,0.0014042492782050885,0.9929155328173608,0.005680217904434314
khanhha_noisy1::CFD_019.jpg,0.2983550492511215,0.5243677517941299,0.1772771989547486
khanhha_noisy1::CFD_084.jpg,0.17835296722999414,0.5630605938716186,0.2585864388983874
khanhha_noisy1::CFD_109.jpg,0.16721717307528924,0.576869817081108,0.2559130098436027
khanhha_noisy1::CFD_111.jpg,0.3531409321555435,0.46949320376288234,0.17736586408157412
khanhha_noisy1::CRACK500_20160222_080933_361_1.jpg,0.40321355375970974,0.36773763669922516,0.22904880954106507
khanhha_noisy1::CRACK500_20160222_081839_1_721.jpg,0.3222476732874532,0.43901224799918603,0.23874007871336078
khanhha_noisy1::CRACK500_20160222_115219_1281_721.jpg,0.754078560425959,0.10009488534911856,0.14582655422492238
khanhha_noisy1::CRACK500_20160222_115324_1281_721.jpg,0.481582108073888,0.3846422522860008,0.13377563964011108
khanhha_noisy1::CRACK500_20160222_115324_641_1081.jpg,0.6417919699695372,0.23889017111492322,0.11931785891553953
khanhha_noisy1::CRACK500_20160222_164822_1281_1.jpg,0.4285766064417252,0.2387735182723431,0.33264987528593165
khanhha_noisy1::CRACK500_20160222_164822_641_1.jpg,0.42964856636551246,0.34887029673684733,0.22148113689764026
khanhha_noisy1::CRACK500_20160222_164822_641_361.jpg,0.48270408844186075,0.29382635558783227,0.22346955597030704
khanhha_noisy1::CRACK500_20160222_165951_1921_1.jpg,0.3945619551411418,0.30181670467204125,0.30362134018681697
khanhha_noisy1::CRACK500_20160303_091830_361_1281.jpg,0.30809341769626125,0.2615914937174916,0.4303150885862472
khanhha_noisy1::CRACK500_20160303_093527_1281_361.jpg,0.44505306317118126,0.1885280485823717,0.36641888824644697
khanhha_noisy1::CRACK500_20160303_093537_1921_1081.jpg,0.4040537745364369,0.2801111179586606,0.3158351075049024
khanhha_noisy1::CRACK500_20160306_103657_1921_721.jpg,0.2971537998591338,0.12126725011212094,0.5815789500287453
khanhha_noisy1::CRACK500_20160306_103657_641_721.jpg,0.2536828260800924,0.4491364417027039,0.29718073221720365
khanhha_noisy1::CRACK500_20160307_144924_1281_361.jpg,0.20333697493733222,0.3675371412071903,0.42912588385547745
khanhha_noisy1::CRACK500_20160307_144924_641_361.jpg,0.26362131482056056,0.2429418063035765,0.49343687887586307
khanhha_noisy1::CRACK500_20160307_164301_641_361.jpg,0.288900141289954,0.25227982037759616,0.45882003833244994
khanhha_noisy1::CRACK500_20160307_164517_1921_361.jpg,0.5519770386219764,0.2826193613205198,0.1654036000575037
khanhha_noisy1::CRACK500_20160308_073532_1_361.jpg,0.18542239959352122,0.13425991253725947,0.6803176878692193
khanhha_noisy1::CRACK500_20160308_074321_1921_361.jpg,0.20123490987227508,0.20554688068150728,0.5932182094462176
khanhha_noisy1::CRACK500_20160308_160128_641_361.jpg,0.31829492239406243,0.3646883970441644,0.3170166805617732
khanhha_noisy1::CRACK500_20160308_160128_641_721.jpg,0.3344283631386846,0.3845469537731375,0.28102468308817785
khanhha_noisy1::CRACK500_20160316_142449_1_361.jpg,0.34187468614480715,0.21758958211580942,0.44053573173938343
khanhha_noisy1::CRACK500_20160316_143527_641_1.jpg,0.3398791279312763,0.2918217291765441,0.3682991428921796
khanhha_noisy1::CRACK500_20160316_143547_1281_1081.jpg,0.2783365060126565,0.3412873670524965,0.38037612693484696
khanhha_noisy1::CRACK500_20160316_143629_1281_721.jpg,0.16668290755325704,0.43315266512302375,0.40016442732371926
khanhha_noisy1::CRACK500_20160316_143629_1921_721.jpg,0.21764016743289302,0.37390275618912955,0.40845707637797735
khanhha_noisy1::CRACK500_20160318_084343_1281_361.jpg,0.41219525798038137,0.1270270257264513,0.4607777162931673
khanhha_noisy1::CRACK500_20160318_181632_1_1.jpg,0.252998996064241,0.39496739358199606,0.35203361035376307
khanhha_noisy1::CRACK500_20160318_181632_1_361.jpg,0.21116358162378157,0.3004698197349109,0.4883665986413074
khanhha_noisy1::CRACK500_20160318_181632_641_1.jpg,0.16622779624431458,0.24018376039202327,0.5935884433636621
khanhha_noisy1::CRACK500_20160321_185557_1_361.jpg,0.2621213326472997,0.3576090999350966,0.3802695674176038
khanhha_noisy1::CRACK500_20160321_185557_641_721.jpg,0.33736152679046016,0.3952734807566888,0.26736499245285095
khanhha_noisy1::CRACK500_20160326_141812_1281_721.jpg,0.45341507966877204,0.17685215123872144,0.3697327690925065
khanhha_noisy1::CRACK500_20160326_141812_1921_721.jpg,0.3623258223292673,0.2722003369163698,0.36547384075436284
khanhha_noisy1::CRACK500_20160326_142403_1921_361.jpg,0.27394569346836406,0.33886727630761404,0.38718703022402196
khanhha_noisy1::CRACK500_20160326_162529_641_361.jpg,0.3203008272618719,0.3075127225539514,0.37218645018417673
khanhha_noisy1::CRACK500_20160328_150821_1281_361.jpg,0.2898789744533321,0.36051945071992975,0.3496015748267383
khanhha_noisy1::CRACK500_20160328_150821_1_721.jpg,0.3370690717016591,0.29887315277140053,0.3640577755269404
khanhha_noisy1::CRACK500_20160328_150821_641_361.jpg,0.3031306481675852,0.3171181719699834,0.3797511798624314
khanhha_noisy1::CRACK500_20160328_151027_1921_1.jpg,0.2618292872835176,0.3547013819725526,0.3834693307439298
khanhha_noisy1::CRACK500_20160328_151027_641_361.jpg,0.35992920618650864,0.2954575690651442,0.3446132247483472
khanhha_noisy1::CRACK500_20160328_151243_1_361.jpg,0.2989349453057488,0.3320457305968712,0.3690193240973801
khanhha_noisy1::CRACK500_20160328_151247_641_1.jpg,0.35847001050552546,0.31971496760815266,0.32181502188632183
khanhha_noisy1::CRACK500_20160328_151423_641_1081.jpg,0.3167676895973854,0.3907429852438264,0.29248932515878834
khanhha_noisy1::CRACK500_20160328_151657_1281_1.jpg,0.46418391576844287,0.28717524760783214,0.24864083662372505
khanhha_noisy1::CRACK500_20160328_151657_1921_721.jpg,0.6671784318223974,0.19036969167907072,0.14245187649853194
khanhha_noisy1::CRACK500_20160328_151657_1_361.jpg,0.42728811341862544,0.3602589820824735,0.21245290449890092
khanhha_noisy1::CRACK500_20160328_151657_641_361.jpg,0.39878946276386323,0.338642420473092,0.26256811676304476
khanhha_noisy1::CRACK500_20160328_151657_641_721.jpg,0.36051478041422763,0.3832434565330553,0.2562417630527172
khanhha_noisy1::CRACK500_20160328_152308_1_361.jpg,0.3527387529255084,0.4198977624583582,0.22736348461613354
khanhha_noisy1::CRACK500_20160328_153327_1_721.jpg,0.22194374028522693,0.5078869640521135,0.2701692956626595
khanhha_noisy1::CRACK500_20160328_153421_641_1.jpg,0.15161099715664622,0.5115974883290002,0.33679151451435346
khanhha_noisy1::CRACK500_20160328_153533_1281_1.jpg,0.24960974885124448,0.49798076520671447,0.25240948594204105
khanhha_noisy1::CRACK500_20160328_153533_1281_721.jpg,0.3287356145164297,0.36307937469585183,0.3081850107877184
khanhha_noisy1::CRACK500_20160328_153533_1_1081.jpg,0.2230763959374859,0.35408165857093266,0.4228419454915814
khanhha_noisy1::CRACK500_20160328_153612_1281_1081.jpg,0.26663669759356423,0.4083857173623856,0.3249775850440501
khanhha_noisy1::CRACK500_20160328_153616_1281_361.jpg,0.1896929698726204,0.6318797845936504,0.17842724553372927
khanhha_noisy1::CRACK500_20160328_153714_1_1.jpg,0.2347196692729399,0.4301444575069044,0.3351358732201558
khanhha_noisy1::CRACK500_20160328_153714_1_1081.jpg,0.264687597365429,0.3587372261320378,0.37657517650253314
khanhha_noisy1::CRACK500_20160328_153714_641_721.jpg,0.3223232941583981,0.3257689145290002,0.35190779131260164
khanhha_noisy1::CRACK500_20160328_153718_1281_1.jpg,0.20852559238477203,0.38903464624964174,0.40243976136558623
khanhha_noisy1::CRACK500_20160328_153718_1921_1.jpg,0.3175078444029926,0.3841694633917972,0.2983226922052103
khanhha_noisy1::CRACK500_20160328_153813_1281_1081.jpg,0.18566906480724824,0.5443969779125695,0.2699339572801822
khanhha_noisy1::CRACK500_20160328_153813_1921_1081.jpg,0.342786278316626,0.39032177556904046,0.26689194611433353
khanhha_noisy1::CRACK500_20160328_154011_1921_1.jpg,0.22060584286238635,0.34897096482056844,0.4304231923170452
khanhha_noisy1::CRACK500_20160328_154202_1281_1.jpg,0.22334370549740507,0.350924645967512,0.42573164853508294
khanhha_noisy1::CRACK500_20160328_154202_1281_1081.jpg,0.42065243873131314,0.196845819313513,0.3825017419551739
khanhha_noisy1::CRACK500_20160328_154202_1921_361.jpg,0.3271805758615518,0.2890864430993339,0.38373298103911435
khanhha_noisy1::CRACK500_20160328_154202_641_1081.jpg,0.38400953475905597,0.4183449164935539,0.1976455487473902
khanhha_noisy1::CRACK500_20160328_154321_1281_1.jpg,0.3001845642236154,0.30738280459876316,0.39243263117762145
khanhha_noisy1::CRACK500_20160329_094452_1_721.jpg,0.3106211277134575,0.36468873988580114,0.3246901324007414
khanhha_noisy1::CRACK500_20160329_101347_1921_721.jpg,0.35977468438875426,0.4572414618891925,0.1829838537220532
khanhha_noisy1::CRACK500_20160329_104031_1281_721.jpg,0.29578832586250675,0.28756237709224636,0.4166492970452469
khanhha_noisy1::CRACK500_20160329_104031_1921_721.jpg,0.20110283001246648,0.3729237624336439,0.42597340755388957
khanhha_noisy1::CRACK500_20160329_104031_641_1081.jpg,0.39217033692784653,0.29995388414944035,0.30787577892271306
khanhha_noisy1::CRACK500_20160329_104107_1921_721.jpg,0.3868718620871374,0.37890449896566925,0.2342236389471934
khanhha_noisy1::CRACK500_20160329_104107_1_721.jpg,0.4566384434328795,0.3538591925852671,0.18950236398185322
khanhha_noisy1::CRACK500_20160329_104152_1_721.jpg,0.35735460396598023,0.3132690200477399,0.32937637598627983
khanhha_noisy1::CRACK500_20160329_104152_641_721.jpg,0.3846410339487472,0.2921017083889996,0.3232572576622531
khanhha_noisy1::CRACK500_20160330_160957_1921_1081.jpg,0.4068500766407174,0.2196219200838946,0.373528003275388
khanhha_noisy1::CRACK500_20160330_160957_1_721.jpg,0.4275697192336686,0.3649957818646609,0.20743449890167048
khanhha_noisy1::CRACK500_20160330_163946_641_361.jpg,0.19158180259896143,0.5450715777109053,0.26334661969013334
khanhha_noisy1::CRACK500_20160330_170014_641_361.jpg,0.2410780117503555,0.1306558911692782,0.6282660970803663
khanhha_noisy1::CRACK500_20160330_170014_641_721.jpg,0.324700461365928,0.15133977716707134,0.5239597614670006
khanhha_noisy1::CRACK500_20160330_172305_1_1081.jpg,0.18825009758956757,0.42969545562466854,0.38205444678576395
khanhha_noisy1::CRACK500_20160330_172305_1_721.jpg,0.37158880320314586,0.33961864006281584,0.2887925567340383
khanhha_noisy1::CRACK500_20160330_172309_1_721.jpg,0.21196159231968997,0.4424037271891437,0.34563468049116625
khanhha_noisy1::CRACK500_20160402_150110_1281_361.jpg,0.2760885818589569,0.34410910027064406,0.379802317870399
khanhha_noisy1::CRACK500_20160402_150110_1921_361.jpg,0.3394415535273773,0.29362522005362796,0.36693322641899473
khanhha_noisy1::CRACK500_20160402_150110_641_721.jpg,0.1825909025428688,0.32544390008860963,0.4919651973685216
khanhha_noisy1::CRACK500_20160405_171348_1921_721.jpg,0.2867115500554629,0.20667373533142175,0.5066147146131154
khanhha_noisy1::CRACK500_20160405_172849_1921_1.jpg,0.2470669355208046,0.2852176116372881,0.46771545284190735
khanhha_noisy1::CRACK500_20160405_172908_1281_1.jpg,0.15109984199361545,0.4785650231088895,0.3703351348974951
khanhha_noisy1::CRACK500_20160407_163515_1281_721.jpg,0.28328948585074276,0.4129221448250302,0.30378836932422715
khanhha_noisy1::CRACK500_20160407_163515_1_361.jpg,0.37522675969685465,0.37597564859168175,0.24879759171146362
khanhha_noisy1::CRACK500_20160407_165009_1281_721.jpg,0.38104891094246174,0.35676425660758354,0.2621868324499548
khanhha_noisy1::CRACK500_20160407_165009_1_721.jpg,0.45977355190417524,0.2517438102452548,0.2884826378505701
khanhha_noisy1::CRACK500_20160415_191330_1921_361.jpg,0.36121228123879057,0.3026169284025885,0.33617079035862085
khanhha_noisy1::CRACK500_20160415_191330_641_721.jpg,0.41436737822281017,0.29769320027339574,0.28793942150379415
khanhha_noisy1::CRACK500_IMG_2935_649_969.jpg,0.2661794129692831,0.40896679940581787,0.3248537876248991
khanhha_noisy1::DeepCrack_11165-2.jpg,0.3226227526034505,0.4348017793219749,0.2425754680745747
khanhha_noisy1::DeepCrack_11165.jpg,0.42077292872842165,0.3933589238713027,0.18586814740027569
khanhha_noisy1::DeepCrack_11197-2.jpg,0.1610757450941502,0.5121949646211934,0.3267292902846564
khanhha_noisy1::DeepCrack_11197-4.jpg,0.12909774417335132,0.32426278864935043,0.5466394671772983
khanhha_noisy1::DeepCrack_11236-1.jpg,0.19632965974801786,0.6150725525654107,0.1885977876865713
khanhha_noisy1::DeepCrack_11236-4.jpg,0.206868556442587,0.5688846191121107,0.22424682444530222
khanhha_noisy1::DeepCrack_11249-4.jpg,0.11041923912569201,0.6336330723363388,0.2559476885379691
khanhha_noisy1::DeepCrack_11249-7.jpg,0.07816835273062121,0.450279905678673,0.47155174159070584
khanhha_noisy1::DeepCrack_11270-2.jpg,0.06394343212783833,0.21266481564149267,0.7233917522306691
khanhha_noisy1::DeepCrack_11294.jpg,0.3597550065988635,0.22922393790959483,0.4110210554915416
khanhha_noisy1::DeepCrack_11296-18.jpg,0.34237758274104874,0.26315045961861594,0.3944719576403354
khanhha_noisy1::DeepCrack_11296-19.jpg,0.31081916206258586,0.3333347602713317,0.3558460776660824
khanhha_noisy1::DeepCrack_11296-4.jpg,0.33197936950411666,0.4254126911309789,0.24260793936490446
khanhha_noisy1::DeepCrack_11296-7.jpg,0.40422064982789424,0.3500047919767764,0.2457745581953294
khanhha_noisy1::DeepCrack_IMG33-12.jpg,0.2150653646477298,0.26918063352832716,0.515754001823943
khanhha_noisy1::DeepCrack_IMG33-16.jpg,0.26675332436095495,0.45524906529914366,0.2779976103399014
khanhha_noisy1::DeepCrack_IMG33-9.jpg,0.30054623985444595,0.3023210905599647,0.39713266958558935
khanhha_noisy1::Eugen_Muller_9360_329_209_632_479.jpg,0.31253905801084253,0.3381302073386286,0.3493307346505289
khanhha_noisy1::Eugen_Muller_9360_7_26_751_632.jpg,0.39324500465090056,0.2921636056700639,0.3145913896790355
khanhha_noisy1::Eugen_Muller_9360_99_556_518_594.jpg,0.2143690036316981,0.5228418085687436,0.26278918779955834
khanhha_noisy1::GAPS384_test_0005_541_641.jpg,0.47812524864907074,0.31501710417047707,0.2068576471804523
khanhha_noisy1::GAPS384_test_0040_541_1.jpg,0.7046539575068735,0.22282343136106555,0.07252261113206095
khanhha_noisy1::GAPS384_test_0274_541_1.jpg,0.5799616671987463,0.14068005351666057,0.27935827928459317
khanhha_noisy1::GAPS384_train_0597_1_1.jpg,0.17084147261157565,0.4570344523730061,0.37212407501541817
khanhha_noisy1::GAPS384_train_0649_1_641.jpg,0.6316604533614097,0.11122349013523213,0.25711605650335806
khanhha_noisy1::GAPS384_train_0680_541_641.jpg,0.5036971297317804,0.19159998773803863,0.3047028825301811
khanhha_noisy1::GAPS384_train_0695_541_1.jpg,0.6098450941761276,0.22781664249959124,0.16233826332428114
khanhha_noisy1::GAPS384_train_1010_541_641.jpg,0.32438894708077953,0.16858757870764637,0.507023474211574
khanhha_noisy1::GAPS384_train_1120_541_641.jpg,0.36923074443817955,0.1386426893133385,0.4921265662484819
khanhha_noisy1::GAPS384_train_1124_1_641.jpg,0.14862309555414988,0.1770885897140324,0.6742883147318176
khanhha_noisy1::GAPS384_train_1183_541_1.jpg,0.617812492243039,0.22941124327747833,0.15277626447948273
khanhha_noisy1::Rissbilder_for_Florian_9S6A2798_499_1239_3234_3324.jpg,0.3925245077210263,0.33593921042305747,0.2715362818559163
khanhha_noisy1::Rissbilder_for_Florian_9S6A2798_614_1857_2201_2501.jpg,0.310433866683477,0.41074570162615237,0.2788204316903705
khanhha_noisy1::Rissbilder_for_Florian_9S6A2798_697_1777_2994_3062.jpg,0.4936024527823751,0.26671190853309673,0.2396856386845281
khanhha_noisy1::Rissbilder_for_Florian_9S6A2800_191_3241_2390_2435.jpg,0.18866996053755786,0.42027762564191645,0.39105241382052564
khanhha_noisy1::Rissbilder_for_Florian_9S6A2800_195_2531_3219_2684.jpg,0.24410947895033977,0.28820922749255207,0.4676812935571081
khanhha_noisy1::Rissbilder_for_Florian_9S6A2800_382_814_2795_2670.jpg,0.2843531775522517,0.3629480678448877,0.35269875460286054
khanhha_noisy1::Rissbilder_for_Florian_9S6A2800_48_573_3788_4425.jpg,0.12115194434692782,0.3823101399488975,0.4965379157041747
khanhha_noisy1::Rissbilder_for_Florian_9S6A2800_552_1819_3171_3588.jpg,0.18669895585228408,0.3706960950753507,0.44260494907236525
khanhha_noisy1::Rissbilder_for_Florian_9S6A2800_817_399_2611_2043.jpg,0.1453487436920284,0.7287592728546309,0.12589198345334074
khanhha_noisy1::Rissbilder_for_Florian_9S6A2811_119_80_3414_3691.jpg,0.3302097209769741,0.6145194234467468,0.05527085557627901
khanhha_noisy1::Rissbilder_for_Florian_9S6A2811_1873_211_2406_2890.jpg,0.2453490988204334,0.6792427624646086,0.07540813871495795
khanhha_noisy1::Rissbilder_for_Florian_9S6A2812_1545_131_2276_2406.jpg,0.09707941085148943,0.8805261952891857,0.022394393859324756
khanhha_noisy1::Rissbilder_for_Florian_9S6A2812_372_1081_3294_3264.jpg,0.1356011367800281,0.8295985710538311,0.03480029216614082
khanhha_noisy1::Rissbilder_for_Florian_9S6A2812_6_41_3627_3234.jpg,0.19886575600880552,0.7450294018705222,0.05610484212067224
khanhha_noisy1::Rissbilder_for_Florian_9S6A2815_1237_159_3590_2891.jpg,0.3722564326408293,0.5399560882355149,0.08778747912365588
khanhha_noisy1::Rissbilder_for_Florian_9S6A2821_1009_504_3415_2649.jpg,0.523975048526132,0.3782201424229122,0.09780480905095582
khanhha_noisy1::Rissbilder_for_Florian_9S6A2821_1089_894_2343_2903.jpg,0.6092841583968832,0.3000409708225596,0.09067487078055725
khanhha_noisy1::Rissbilder_for_Florian_9S6A2821_2779_46_2936_3794.jpg,0.5635807881875403,0.3379786308401329,0.0984405809723268
khanhha_noisy1::Rissbilder_for_Florian_9S6A2825_325_1707_3330_2732.jpg,0.5259045893956311,0.2204024486969932,0.2536929619073756
khanhha_noisy1::Rissbilder_for_Florian_9S6A2825_340_882_2590_2354.jpg,0.649310430020113,0.25487145888541385,0.09581811109447322
khanhha_noisy1::Rissbilder_for_Florian_9S6A2825_565_2563_2166_2123.jpg,0.6613880822144834,0.24500032810404032,0.0936115896814762
khanhha_noisy1::Rissbilder_for_Florian_9S6A2825_65_315_3693_4161.jpg,0.5329941410282445,0.28458317945984474,0.18242267951191077
khanhha_noisy1::Rissbilder_for_Florian_9S6A2825_711_1408_2863_2522.jpg,0.4514559827471095,0.3386585489309957,0.2098854683218949
khanhha_noisy1::Rissbilder_for_Florian_9S6A2825_71_1920_3644_3801.jpg,0.5234051759353807,0.23679165422713008,0.23980316983748917
khanhha_noisy1::Rissbilder_for_Florian_9S6A2826_0_0_3840_5760.jpg,0.21062799772524524,0.4955024218522388,0.2938695804225159
khanhha_noisy1::Rissbilder_for_Florian_9S6A2826_418_1200_2774_3626.jpg,0.3881185569711715,0.3707309412917905,0.2411505017370381
khanhha_noisy1::Rissbilder_for_Florian_9S6A2826_65_1595_3304_2654.jpg,0.310181548070844,0.43947753790586735,0.2503409140232887
khanhha_noisy1::Rissbilder_for_Florian_9S6A2826_985_495_2477_3280.jpg,0.5017152001513872,0.2841665079820542,0.21411829186655873
khanhha_noisy1::Rissbilder_for_Florian_9S6A2834_1012_1643_2453_3015.jpg,0.39170359887593603,0.5031294164573177,0.10516698466674633
khanhha_noisy1::Rissbilder_for_Florian_9S6A2834_18_332_3392_3333.jpg,0.3784160492042205,0.47933465232764183,0.1422492984681376
khanhha_noisy1::Rissbilder_for_Florian_9S6A2834_196_114_2762_3611.jpg,0.3842190238646901,0.42262260963762205,0.19315836649768786
khanhha_noisy1::Rissbilder_for_Florian_9S6A2834_40_1275_3784_4195.jpg,0.46177002784922466,0.4241749981986783,0.11405497395209696
khanhha_noisy1::Rissbilder_for_Florian_9S6A2838_1264_697_1978_2438.jpg,0.45968697686482635,0.23149631967256865,0.30881670346260504
khanhha_noisy1::Rissbilder_for_Florian_9S6A2838_419_638_3373_4346.jpg,0.2854548941567264,0.3456602607925534,0.36888484505072017
khanhha_noisy1::Rissbilder_for_Florian_9S6A2838_565_1405_2810_2334.jpg,0.34628839116959753,0.26357624922498474,0.39013535960541773
khanhha_noisy1::Rissbilder_for_Florian_9S6A2842_321_767_3019_3008.jpg,0.4770106467807444,0.27286330945804316,0.25012604376121245
khanhha_noisy1::Rissbilder_for_Florian_9S6A2842_635_1731_1931_2541.jpg,0.47986090910605617,0.26263350817693304,0.2575055827170108
khanhha_noisy1::Rissbilder_for_Florian_9S6A2842_70_2154_3631_3282.jpg,0.49245648382238283,0.32602446340126395,0.18151905277635327
khanhha_noisy1::Rissbilder_for_Florian_9S6A2846_230_168_2768_2605.jpg,0.4313389517738356,0.351287095944173,0.21737395228199144
khanhha_noisy1::Rissbilder_for_Florian_9S6A2846_268_1498_2452_2689.jpg,0.5027670996356253,0.17523059797613869,0.3220023023882361
khanhha_noisy1::Rissbilder_for_Florian_9S6A2846_330_640_3250_2553.jpg,0.4389897622642493,0.2905652301639439,0.2704450075718069
khanhha_noisy1::Rissbilder_for_Florian_9S6A2846_392_1024_2627_3077.jpg,0.48246288497965545,0.20788873708171593,0.3096483779386287
khanhha_noisy1::Rissbilder_for_Florian_9S6A2846_64_1600_3177_3483.jpg,0.47052671085484193,0.2371187616385742,0.2923545275065838
khanhha_noisy1::Rissbilder_for_Florian_9S6A2857_1203_1130_2423_3169.jpg,0.5125021427291961,0.32616860444786794,0.161329252822936
khanhha_noisy1::Rissbilder_for_Florian_9S6A2857_148_211_2303_2832.jpg,0.48737367952037564,0.41242907139304874,0.1001972490865757
khanhha_noisy1::Rissbilder_for_Florian_9S6A2857_159_2331_3518_2794.jpg,0.45751646020803555,0.3062037607475147,0.23627977904444974
khanhha_noisy1::Rissbilder_for_Florian_9S6A2857_585_241_3220_4175.jpg,0.5287783890601112,0.30060076831051896,0.17062084262936983
khanhha_noisy1::Rissbilder_for_Florian_9S6A2857_807_939_2369_1886.jpg,0.4747720396608969,0.4109446428458359,0.11428331749326709
khanhha_noisy1::Rissbilder_for_Florian_9S6A2857_89_2266_3467_3213.jpg,0.5934422105595573,0.17630256369926903,0.23025522574117377
khanhha_noisy1::Rissbilder_for_Florian_9S6A2860_109_355_3609_3381.jpg,0.449444073841536,0.41970496177672634,0.1308509643817377
khanhha_noisy1::Rissbilder_for_Florian_9S6A2860_2652_869_3027_2537.jpg,0.4205355249987928,0.3722355685931237,0.20722890640808353
khanhha_noisy1::Rissbilder_for_Florian_9S6A2860_476_406_3989_3027.jpg,0.46265911985228375,0.40736679265569425,0.12997408749202202
khanhha_noisy1::Rissbilder_for_Florian_9S6A2860_707_1403_2200_2149.jpg,0.4807049512863602,0.38174779009987764,0.13754725861376219
khanhha_noisy1::Rissbilder_for_Florian_9S6A2869_107_1230_3580_4395.jpg,0.3766612338740485,0.5094988738494307,0.11383989227652076
khanhha_noisy1::Rissbilder_for_Florian_9S6A2869_1234_372_2013_2272.jpg,0.25006318107332454,0.6192611777682451,0.13067564115843042
khanhha_noisy1::Rissbilder_for_Florian_9S6A2869_171_1902_3454_3763.jpg,0.34033416215876344,0.49488968462543487,0.16477615321580166
khanhha_noisy1::Rissbilder_for_Florian_9S6A2869_37_1430_3692_3865.jpg,0.3641355243203394,0.5008688223972386,0.13499565328242188
khanhha_noisy1::Rissbilder_for_Florian_9S6A2869_6_538_3621_3662.jpg,0.35508545029954836,0.4685280785791989,0.17638647112125266
khanhha_noisy1::Rissbilder_for_Florian_9S6A2869_855_1425_2447_2662.jpg,0.32002695903772993,0.5408332146685942,0.13913982629367583
khanhha_noisy1::Rissbilder_for_Florian_9S6A2869_878_3059_2683_2082.jpg,0.29641185460575475,0.5602637752892764,0.14332437010496882
khanhha_noisy1::Rissbilder_for_Florian_9S6A2870_121_518_3261_3345.jpg,0.5367107839773211,0.35548419610217075,0.10780501992050824
khanhha_noisy1::Rissbilder_for_Florian_9S6A2870_504_1261_2761_3438.jpg,0.3581837707173069,0.5678460976204825,0.07397013166221054
khanhha_noisy1::Rissbilder_for_Florian_9S6A2880_1244_1022_2375_2527.jpg,0.4165034091594872,0.36885775452202624,0.21463883631848663
khanhha_noisy1::Rissbilder_for_Florian_9S6A2880_131_2019_3358_3435.jpg,0.4509110964216184,0.3562562307228026,0.19283267285557892
khanhha_noisy1::Rissbilder_for_Florian_9S6A2880_1_709_3836_3003.jpg,0.33837379621544766,0.43306571801039984,0.2285604857741526
khanhha_noisy1::Rissbilder_for_Florian_9S6A2880_277_388_3305_4321.jpg,0.4190758224992818,0.2137667812032382,0.36715739629748007
khanhha_noisy1::Rissbilder_for_Florian_9S6A2881_0_0_3840_5760.jpg,0.2689053617527554,0.1707774997182479,0.5603171385289967
khanhha_noisy1::Rissbilder_for_Florian_9S6A2881_1046_39_2575_3270.jpg,0.3559773154689911,0.3669782256598108,0.2770444588711981
khanhha_noisy1::Rissbilder_for_Florian_9S6A2881_277_1792_3424_2971.jpg,0.21849837022620824,0.41812461964793185,0.3633770101258599
khanhha_noisy1::Rissbilder_for_Florian_9S6A2881_77_297_3144_3819.jpg,0.2735660949619635,0.3795154619099777,0.3469184431280588
khanhha_noisy1::Rissbilder_for_Florian_9S6A2888_133_918_3617_3712.jpg,0.4220775781238881,0.2983804540626985,0.2795419678134134
khanhha_noisy1::Rissbilder_for_Florian_9S6A2896_0_0_3840_5760.jpg,0.22174119191578573,0.3151430011693928,0.4631158069148215
khanhha_noisy1::Rissbilder_for_Florian_9S6A2896_1287_1184_2528_1916.jpg,0.30740858904721213,0.47778058953311225,0.21481082141967558
khanhha_noisy1::Rissbilder_for_Florian_9S6A2896_1446_730_2288_2912.jpg,0.2341493739078604,0.5524426511408702,0.21340797495126929
khanhha_noisy1::Rissbilder_for_Florian_9S6A2896_28_1443_3701_3540.jpg,0.18131493264853793,0.3443828134879941,0.47430225386346786
khanhha_noisy1::Rissbilder_for_Florian_9S6A2896_616_2037_3008_3401.jpg,0.2131648116372549,0.3273539741272905,0.4594812142354547
khanhha_noisy1::Rissbilder_for_Florian_9S6A2896_788_3134_2243_2150.jpg,0.25222605199293757,0.22817800397928828,0.5195959440277742
khanhha_noisy1::Rissbilder_for_Florian_9S6A2917_0_74_3825_4343.jpg,0.3855058158881312,0.2807288738998837,0.33376531021198513
khanhha_noisy1::Rissbilder_for_Florian_9S6A2917_313_1519_3434_4037.jpg,0.42147834063808054,0.28292499585497904,0.2955966635069405
khanhha_noisy1::Rissbilder_for_Florian_9S6A2917_486_1027_3148_3681.jpg,0.4229976225299635,0.23636477754024293,0.3406375999297936
khanhha_noisy1::Rissbilder_for_Florian_9S6A2917_599_2662_2081_2529.jpg,0.27886966867401636,0.16779022121723544,0.5533401101087483
khanhha_noisy1::Rissbilder_for_Florian_9S6A3085_46_1568_3730_4175.jpg,0.18398867618648354,0.14669661575131937,0.6693147080621971
khanhha_noisy1::Rissbilder_for_Florian_9S6A3085_497_692_2640_2077.jpg,0.13474535351770428,0.05563625350896733,0.8096183929733284
khanhha_noisy1::Rissbilder_for_Florian_9S6A3085_67_497_3262_3700.jpg,0.13158774393844191,0.035955443959545134,0.8324568121020129
khanhha_noisy1::Rissbilder_for_Florian_9S6A3091_375_333_2309_2364.jpg,0.40911251140956423,0.3725253463814096,0.21836214220902614
khanhha_noisy1::Rissbilder_for_Florian_9S6A3091_481_1320_3311_3035.jpg,0.22569483104554441,0.46342749243259146,0.3108776765218641
khanhha_noisy1::Rissbilder_for_Florian_9S6A3092_272_70_2808_2402.jpg,0.35542089882765454,0.39292798808485563,0.25165111308748994
khanhha_noisy1::Rissbilder_for_Florian_9S6A3092_3399_925_2286_2829.jpg,0.4942945244806916,0.338989550893778,0.1667159246255304
khanhha_noisy1::Rissbilder_for_Florian_9S6A3092_623_215_3689_2974.jpg,0.3690526289273317,0.3584262952221035,0.2725210758505649
khanhha_noisy1::Rissbilder_for_Florian_9S6A3095_418_2347_2757_3271.jpg,0.32350274359376474,0.4928377617457336,0.18365949466050163
khanhha_noisy1::Rissbilder_for_Florian_9S6A3095_514_444_3123_3906.jpg,0.46495052494245986,0.2853342711072477,0.24971520395029242
khanhha_noisy1::Rissbilder_for_Florian_9S6A3095_592_717_2568_2704.jpg,0.46798966401974157,0.3330216358465696,0.19898870013368883
khanhha_noisy1::Rissbilder_for_Florian_9S6A3095_89_2165_3402_3441.jpg,0.3335886777127928,0.48406108254231833,0.1823502397448888
khanhha_noisy1::Rissbilder_for_Florian_9S6A3096_347_506_3372_3116.jpg,0.17502682078834791,0.09544076184393376,0.7295324173677183
khanhha_noisy1::Rissbilder_for_Florian_9S6A3096_515_1896_2914_2761.jpg,0.20712278561330666,0.23517633770557098,0.5577008766811223
khanhha_noisy1::Rissbilder_for_Florian_9S6A3096_899_155_2326_2742.jpg,0.19819171619127574,0.17594495315060704,0.6258633306581172
khanhha_noisy1::Rissbilder_for_Florian_9S6A3109_163_622_3006_3321.jpg,0.2879596986764791,0.12159275434492321,0.5904475469785977
khanhha_noisy1::Rissbilder_for_Florian_9S6A3109_440_362_3337_4316.jpg,0.1659901003997559,0.11496952336826041,0.7190403762319837
khanhha_noisy1::Rissbilder_for_Florian_9S6A3109_793_2237_2466_2142.jpg,0.18351860137611373,0.14638655824314792,0.6700948403807383
khanhha_noisy1::Rissbilder_for_Florian_9S6A3113_104_526_3717_3372.jpg,0.10938555481171275,0.1401987665038544,0.7504156786844328
khanhha_noisy1::Rissbilder_for_Florian_9S6A3114_1215_3118_2077_2478.jpg,0.25332970862921367,0.09777527613477968,0.6488950152360068
khanhha_noisy1::Rissbilder_for_Florian_9S6A3114_358_1983_3344_3063.jpg,0.2922116155699282,0.29036349223760943,0.4174248921924623
khanhha_noisy1::Rissbilder_for_Florian_9S6A3114_871_3543_2822_2137.jpg,0.16317759185435116,0.10907015151228738,0.7277522566333615
khanhha_noisy1::Rissbilder_for_Florian_9S6A3128_304_338_2449_2867.jpg,0.3665953200010094,0.11530964824073278,0.5180950317582579
khanhha_noisy1::Rissbilder_for_Florian_9S6A3128_580_813_2343_2413.jpg,0.3053548323511873,0.09232364069252652,0.6023215269562862
khanhha_noisy1::Rissbilder_for_Florian_9S6A3128_7_578_2768_3056.jpg,0.31590777156892813,0.11289048683550817,0.5712017415955636
khanhha_noisy1::Rissbilder_for_Florian_9S6A3131_308_1998_2814_2860.jpg,0.20026897806620228,0.09615575208994113,0.7035752698438567
khanhha_noisy1::Rissbilder_for_Florian_9S6A3131_389_1670_3375_3959.jpg,0.19532741765839068,0.10112866672238889,0.7035439156192205
khanhha_noisy1::Rissbilder_for_Florian_9S6A3131_542_1698_3243_3761.jpg,0.2176630670306262,0.09564959470716583,0.686687338262208
khanhha_noisy1::Rissbilder_for_Florian_9S6A3135_339_1311_2661_3168.jpg,0.15692967181088283,0.11592248114244107,0.7271478470466761
khanhha_noisy1::Rissbilder_for_Florian_9S6A3136_0_0_5760_3840.jpg,0.09864937601412331,0.07711143861574966,0.8242391853701271
khanhha_noisy1::Rissbilder_for_Florian_9S6A3136_1628_12_2911_3801.jpg,0.10790258678282723,0.087611120303561,0.8044862929136117
khanhha_noisy1::Sylvie_Chambon_094.jpg,0.3218121390919757,0.43407849131195636,0.24410936959606805
khanhha_noisy1::Sylvie_Chambon_107.jpg,0.24524973999457286,0.36502273856596895,0.3897275214394582
khanhha_noisy1::Sylvie_Chambon_323.jpg,0.4627850236120086,0.35588242102901224,0.18133255535897913
khanhha_noisy1::Sylvie_Chambon_Im_noGT_ESAR_21a.jpg,0.39887505640406934,0.422840175727556,0.17828476786837458
khanhha_noisy1::Volker_DSC01623_0_0_1824_2736.jpg,0.2095953317975984,0.32957828857251725,0.4608263796298842
khanhha_noisy1::Volker_DSC01623_134_615_1595_1694.jpg,0.18637506951717953,0.37687974295874327,0.43674518752407726
khanhha_noisy1::Volker_DSC01623_22_364_1793_1961.jpg,0.19192836121687293,0.45541923678420393,0.3526524019989232
khanhha_noisy1::Volker_DSC01623_32_1414_1144_1043.jpg,0.33413146351576967,0.2383210834778476,0.4275474530063827
khanhha_noisy1::Volker_DSC01633_217_183_1290_1578.jpg,0.3763635267147477,0.3633767070289566,0.26025976625629565
khanhha_noisy1::Volker_DSC01635_0_0_2736_1824.jpg,0.447005437859879,0.25667782026522196,0.296316741874899
khanhha_noisy1::Volker_DSC01635_130_334_986_1295.jpg,0.6761906792549717,0.23192675102720664,0.09188256971782165
khanhha_noisy1::Volker_DSC01635_548_45_1336_1686.jpg,0.401846841794791,0.3598560128090705,0.23829714539613858
khanhha_noisy1::Volker_DSC01637_274_432_1128_1113.jpg,0.14185026191081687,0.24942492688420323,0.60872481120498
khanhha_noisy1::Volker_DSC01637_616_1353_1168_1288.jpg,0.37185263730778356,0.1779350336436258,0.4502123290485906
khanhha_noisy1::Volker_DSC01640_376_6_2132_1787.jpg,0.200546479008128,0.5634535257037209,0.23599999528815124
khanhha_noisy1::Volker_DSC01640_747_235_1398_1374.jpg,0.27320088500367623,0.5326557553017315,0.19414335969459234
khanhha_noisy1::Volker_DSC01644_612_414_1320_1175.jpg,0.25190146934641944,0.5329759450920969,0.21512258556148367
khanhha_noisy1::Volker_DSC01649_0_0_1824_2736.jpg,0.2759027490999617,0.45426142952275217,0.2698358213772861
khanhha_noisy1::Volker_DSC01649_128_1341_1226_1195.jpg,0.23786670771353743,0.5674092724026729,0.19472401988378968
khanhha_noisy1::Volker_DSC01652_217_429_1194_1007.jpg,0.20114810847498618,0.2763082581159806,0.5225436334090332
khanhha_noisy1::Volker_DSC01652_699_100_1925_1592.jpg,0.1728067200784789,0.4204996575965983,0.4066936223249228
khanhha_noisy1::Volker_DSC01653_120_360_1526_1294.jpg,0.2666090217582941,0.23681910886456603,0.4965718693771398
khanhha_noisy1::Volker_DSC01653_441_257_1154_966.jpg,0.32645484581542544,0.2962346266349791,0.3773105275495953
khanhha_noisy1::Volker_DSC01653_635_9_1390_1253.jpg,0.24087685463279182,0.4316283235151211,0.32749482185208706
khanhha_noisy1::Volker_DSC01653_791_41_1849_1670.jpg,0.21968937054902024,0.3336106859210549,0.44669994352992487
khanhha_noisy1::Volker_DSC01666_185_540_876_1155.jpg,0.1574223346297024,0.4021997197547681,0.44037794561552945
khanhha_noisy1::Volker_DSC01672_140_255_1259_1633.jpg,0.2709057355337768,0.1914648921921431,0.53762937227408
khanhha_noisy1::Volker_DSC01672_236_664_1240_1592.jpg,0.19922321091324238,0.35895873625604907,0.44181805283070846
khanhha_noisy1::Volker_DSC01672_39_1294_1098_1354.jpg,0.3013548181527361,0.2938479750902902,0.4047972067569736
khanhha_noisy1::Volker_DSC01676_146_1254_955_1190.jpg,0.3434832100558896,0.38754759821915097,0.2689691917249594
khanhha_noisy1::Volker_DSC01676_35_128_1239_1463.jpg,0.3139350643880329,0.17997424179948554,0.5060906938124815
khanhha_noisy1::Volker_DSC01679_0_0_1824_2736.jpg,0.29804212699235877,0.30597001176501953,0.39598786124262164
khanhha_noisy1::Volker_DSC01679_0_789_1823_1945.jpg,0.4629850362809962,0.20808415141484052,0.32893081230416327
khanhha_noisy1::Volker_DSC01679_67_383_1713_2223.jpg,0.3030470109929041,0.3229449016940199,0.374008087313076
khanhha_noisy1::Volker_DSC01680_0_0_1824_2736.jpg,0.25322805697514017,0.33856256097538584,0.40820938204947393
khanhha_noisy1::Volker_DSC01680_146_194_1555_1973.jpg,0.3166844239695081,0.26437242548004286,0.41894315055044906
khanhha_noisy1::Volker_DSC01680_168_539_1554_1946.jpg,0.29185781757809726,0.2971147370457512,0.41102744537615155
khanhha_noisy1::Volker_DSC01680_63_445_1729_1300.jpg,0.3410316158690321,0.2937563548063894,0.36521202932457847
khanhha_noisy1::Volker_DSC01683_67_1024_1660_1636.jpg,0.4588230608953667,0.23259358216588719,0.30858335693874617
khanhha_noisy1::Volker_DSC01692_28_197_1636_1369.jpg,0.3044529355181216,0.39923539476783193,0.29631166971404643
khanhha_noisy1::Volker_DSC01700_158_517_1605_1442.jpg,0.3930220421607135,0.38912504195205483,0.21785291588723169
khanhha_noisy1::Volker_DSC01703_23_907_1787_1745.jpg,0.389978916793222,0.32751316094451777,0.28250792226226035
khanhha_noisy1::Volker_DSC01703_413_202_1272_965.jpg,0.5405401715692788,0.2240163709943353,0.2354434574363858
khanhha_noisy1::Volker_DSC01703_599_1250_1072_1001.jpg,0.2811193849557554,0.397021987114968,0.3218586279292766
khanhha_noisy1::Volker_DSC01707_33_309_1713_1946.jpg,0.29982245390392603,0.4619506964804996,0.23822684961557444
khanhha_noisy1::Volker_DSC01707_44_131_1757_2144.jpg,0.27937765344849563,0.40391066205094506,0.3167116845005593
khanhha_noisy1::Volker_DSC01707_540_967_1161_1226.jpg,0.20496379477927357,0.5307886225837287,0.2642475826369977
khanhha_noisy1::cracktree200_6234.jpg,0.3956216086751605,0.4582803937236305,0.1460979976012091
khanhha_noisy1::cracktree200_6261.jpg,0.3290883320909358,0.4973100354214249,0.1736016324876394
khanhha_noisy1::cracktree200_6301.jpg,0.26565843259333904,0.5311455902859628,0.20319597712069817
khanhha_noisy1::cracktree200_6645.jpg,0.4641098572166057,0.30418352041056135,0.23170662237283288
khanhha_noisy1::cracktree200_6647.jpg,0.5164597404717041,0.20188667533321958,0.28165358419507625
khanhha_noisy1::forest_006.jpg,0.5123507285830498,0.26892189676966044,0.2187273746472898
khanhha_noisy1::forest_038.jpg,0.30912550980442804,0.3470553838997734,0.3438191062957986
khanhha_noisy1::forest_087.jpg,0.4289555249217551,0.27937782729590366,0.2916666477823413
khanhha_noisy1::forest_094.jpg,0.3218121390919757,0.43407849131195636,0.24410936959606805
khanhha_noisy1::noncrack_noncrack_concrete_wall_101_2.jpg.jpg,0.6881880505004002,0.11057969641844125,0.2012322530811584
khanhha_noisy1::noncrack_noncrack_concrete_wall_101_8.jpg.jpg,0.6881880505004002,0.11057969641844125,0.2012322530811584
khanhha_noisy1::noncrack_noncrack_concrete_wall_101_9.jpg.jpg,0.6998310514444811,0.14086711769817414,0.1593018308573449
khanhha_noisy1::noncrack_noncrack_concrete_wall_103_0.jpg.jpg,0.007898397657729926,0.9341307378181517,0.057970864524118336
khanhha_noisy1::noncrack_noncrack_concrete_wall_103_1.jpg.jpg,0.013417217802624242,0.9161343620236758,0.07044842017370002
khanhha_noisy1::noncrack_noncrack_concrete_wall_13_2.jpg.jpg,0.07477316393642508,0.8645312893172212,0.06069554674635369
khanhha_noisy1::noncrack_noncrack_concrete_wall_13_4.jpg.jpg,0.08167824895161394,0.8016262899884006,0.11669546105998549
khanhha_noisy1::noncrack_noncrack_concrete_wall_13_6.jpg.jpg,0.09023430337129686,0.7395600302640414,0.17020566636466175
khanhha_noisy1::noncrack_noncrack_concrete_wall_23_1.jpg.jpg,0.03280322644161832,0.9567855340465473,0.010411239511834336
khanhha_noisy1::noncrack_noncrack_concrete_wall_23_4.jpg.jpg,0.02573919828888726,0.9687929869671199,0.005467814743992933
khanhha_noisy1::noncrack_noncrack_concrete_wall_23_5.jpg.jpg,0.037105863103490414,0.9539598946407601,0.008934242255749401
khanhha_noisy1::noncrack_noncrack_concrete_wall_23_7.jpg.jpg,0.05108127240531864,0.9358853657223335,0.013033361872347826
khanhha_noisy1::noncrack_noncrack_concrete_wall_28_0.jpg.jpg,0.3720728654683455,0.42826582894336157,0.199661305588293
khanhha_noisy1::noncrack_noncrack_concrete_wall_30_2.jpg.jpg,0.0997063424723909,0.8540017061863453,0.04629195134126394
khanhha_noisy1::noncrack_noncrack_concrete_wall_41_11.jpg.jpg,0.10523219680551359,0.8616868077529971,0.03308099544148941
khanhha_noisy1::noncrack_noncrack_concrete_wall_41_12.jpg.jpg,0.1723692136952352,0.7854223839328485,0.0422084023719163
khanhha_noisy1::noncrack_noncrack_concrete_wall_41_2.jpg.jpg,0.1989807576306705,0.7435257306666988,0.057493511702630826
khanhha_noisy1::noncrack_noncrack_concrete_wall_41_35.jpg.jpg,0.1310697676240277,0.8274883751706957,0.04144185720527671
khanhha_noisy1::noncrack_noncrack_concrete_wall_41_37.jpg.jpg,0.0831356262021547,0.8910811776407682,0.025783196157077082
khanhha_noisy1::noncrack_noncrack_concrete_wall_41_38.jpg.jpg,0.14357988706981398,0.8261668815803541,0.030253231349832037
khanhha_noisy1::noncrack_noncrack_concrete_wall_41_4.jpg.jpg,0.14021851563628154,0.8185394661590758,0.04124201820464265
khanhha_noisy1::noncrack_noncrack_concrete_wall_41_43.jpg.jpg,0.10047268945512905,0.8622168717784644,0.03731043876640653
khanhha_noisy1::noncrack_noncrack_concrete_wall_41_48.jpg.jpg,0.13096519916221142,0.8415795401047298,0.027455260733058783
khanhha_noisy1::noncrack_noncrack_concrete_wall_41_58.jpg.jpg,0.12585188948436782,0.8441438385814953,0.030004271934136937
khanhha_noisy1::noncrack_noncrack_concrete_wall_41_63.jpg.jpg,0.21212085067726413,0.7363282724779118,0.051550876844824095
khanhha_noisy1::noncrack_noncrack_concrete_wall_41_65.jpg.jpg,0.21470858081525224,0.7307528243495358,0.05453859483521194
khanhha_noisy1::noncrack_noncrack_concrete_wall_42_6.jpg.jpg,0.044264851734837594,0.92919902568123,0.02653612258393223
khanhha_noisy1::noncrack_noncrack_concrete_wall_53_3.jpg.jpg,0.034168639780145955,0.9491430862530497,0.01668827396680446
khanhha_noisy1::noncrack_noncrack_concrete_wall_58_0.jpg.jpg,0.2658078282601669,0.6625279279691421,0.07166424377069106
khanhha_noisy1::noncrack_noncrack_concrete_wall_58_11.jpg.jpg,0.30933274469779404,0.6157619189383701,0.074905336363836
khanhha_noisy1::noncrack_noncrack_concrete_wall_58_12.jpg.jpg,0.32037598480343155,0.5772355587575303,0.10238845643903817
khanhha_noisy1::noncrack_noncrack_concrete_wall_58_13.jpg.jpg,0.27597886825736506,0.6091501483138251,0.11487098342880984
khanhha_noisy1::noncrack_noncrack_concrete_wall_58_6.jpg.jpg,0.30615923770222725,0.6210175800218637,0.07282318227590898
khanhha_noisy1::noncrack_noncrack_concrete_wall_58_8.jpg.jpg,0.27280053442633884,0.641773415602126,0.08542604997153502
khanhha_noisy1::noncrack_noncrack_concrete_wall_60_13.jpg.jpg,0.15346628247818284,0.8212514896222378,0.02528222789957949
khanhha_noisy1::noncrack_noncrack_concrete_wall_60_6.jpg.jpg,0.09560518261855733,0.8808339437531386,0.023560873628304172
khanhha_noisy1::noncrack_noncrack_concrete_wall_60_8.jpg.jpg,0.058949766502056605,0.930639125221489,0.01041110827645448
khanhha_noisy1::noncrack_noncrack_concrete_wall_69_6.jpg.jpg,0.18232220874817662,0.7344830403914488,0.08319475086037458
khanhha_noisy1::noncrack_noncrack_concrete_wall_72_0.jpg.jpg,0.005698888000668893,0.9851207919722147,0.009180320027116428
khanhha_noisy1::noncrack_noncrack_concrete_wall_77_1.jpg.jpg,0.2120286810163538,0.7120339609734394,0.07593735801020692
khanhha_noisy1::noncrack_noncrack_concrete_wall_77_5.jpg.jpg,0.13395548081465788,0.8242024688887845,0.04184205029655771
khanhha_noisy1::noncrack_noncrack_concrete_wall_7_0.jpg.jpg,0.044767162732605253,0.9359736142189479,0.019259223048446766
khanhha_noisy1::noncrack_noncrack_concrete_wall_7_1.jpg.jpg,0.08845733610935184,0.8927167206482527,0.01882594324239532
khanhha_noisy1::noncrack_noncrack_concrete_wall_81_4.jpg.jpg,0.3472093255594916,0.4899051709981126,0.16288550344239586
khanhha_noisy1::noncrack_noncrack_concrete_wall_83_10.jpg.jpg,0.10076186589301657,0.8191354457743382,0.08010268833264539
khanhha_noisy1::noncrack_noncrack_concrete_wall_83_4.jpg.jpg,0.09976293382361574,0.8498792313279742,0.05035783484840999
khanhha_noisy1::noncrack_noncrack_concrete_wall_83_9.jpg.jpg,0.09176968234061236,0.8312076622458071,0.07702265541358064
khanhha_noisy1::noncrack_noncrack_concrete_wall_88_3.jpg.jpg,0.07394764521896662,0.8745161803801634,0.0515361744008701
khanhha_noisy1::noncrack_noncrack_concrete_wall_94_4.jpg.jpg,0.028390280306344443,0.9480769531780929,0.02353276651556269
khanhha_noisy2::CFD_019.jpg,0.4944069582949571,0.3404359725866996,0.16515706911834324
khanhha_noisy2::CFD_084.jpg,0.37051424240458464,0.339335870858039,0.29014988673737635
khanhha_noisy2::CFD_109.jpg,0.2989537549964296,0.4701735451668219,0.23087269983674855
khanhha_noisy2::CFD_111.jpg,0.47236355428544813,0.37299889521783225,0.15463755049671968
khanhha_noisy2::CRACK500_20160222_080933_361_1.jpg,0.40619377794340167,0.3912264263859577,0.2025797956706405
khanhha_noisy2::CRACK500_20160222_081839_1_721.jpg,0.3846377837078798,0.3824206773696434,0.23294153892247682
khanhha_noisy2::CRACK500_20160222_115219_1281_721.jpg,0.5996410247558586,0.16280920086023448,0.23754977438390698
khanhha_noisy2::CRACK500_20160222_115324_1281_721.jpg,0.3584496455594002,0.47584723520039546,0.16570311924020426
khanhha_noisy2::CRACK500_20160222_115324_641_1081.jpg,0.4024467170095705,0.4330743258853027,0.1644789571051267
khanhha_noisy2::CRACK500_20160222_164822_1281_1.jpg,0.3798780615124918,0.3484601204978092,0.2716618179896989
khanhha_noisy2::CRACK500_20160222_164822_641_1.jpg,0.438867520359229,0.3407066797122479,0.2204257999285232
khanhha_noisy2::CRACK500_20160222_164822_641_361.jpg,0.33555586418340155,0.3851255283417899,0.2793186074748085
khanhha_noisy2::CRACK500_20160222_165951_1921_1.jpg,0.3619882880429204,0.5410888711365438,0.09692284082053591
khanhha_noisy2::CRACK500_20160303_091830_361_1281.jpg,0.2993557601665385,0.4385798759671023,0.2620643638663592
khanhha_noisy2::CRACK500_20160303_093527_1281_361.jpg,0.41175565144887244,0.24358594982125623,0.3446583987298713
khanhha_noisy2::CRACK500_20160303_093537_1921_1081.jpg,0.41288974539831,0.3286606363640224,0.2584496182376675
khanhha_noisy2::CRACK500_20160306_103657_1921_721.jpg,0.44682770909949826,0.20653121591411672,0.3466410749863851
khanhha_noisy2::CRACK500_20160306_103657_641_721.jpg,0.25524986364652263,0.5129781610847816,0.2317719752686959
khanhha_noisy2::CRACK500_20160307_144924_1281_361.jpg,0.1760255000621527,0.594670423255752,0.22930407668209532
khanhha_noisy2::CRACK500_20160307_144924_641_361.jpg,0.18866119032339274,0.5209614160948284,0.29037739358177883
khanhha_noisy2::CRACK500_20160307_164301_641_361.jpg,0.37432026709192967,0.297443629717801,0.32823610319026925
khanhha_noisy2::CRACK500_20160307_164517_1921_361.jpg,0.47661347591923076,0.35425073050603256,0.16913579357473657
khanhha_noisy2::CRACK500_20160308_073532_1_361.jpg,0.10461033759213999,0.4058002784278253,0.48958938398003476
khanhha_noisy2::CRACK500_20160308_074321_1921_361.jpg,0.14526198627276954,0.47884399497367663,0.37589401875355394
khanhha_noisy2::CRACK500_20160308_160128_641_361.jpg,0.33598027362719035,0.4373834240219477,0.22663630235086188
khanhha_noisy2::CRACK500_20160308_160128_641_721.jpg,0.22946500704169187,0.6180060697157744,0.15252892324253378
khanhha_noisy2::CRACK500_20160316_142449_1_361.jpg,0.4278296785147033,0.26889541352436824,0.3032749079609284
khanhha_noisy2::CRACK500_20160316_143527_641_1.jpg,0.20430499007593023,0.4962705071290502,0.29942450279501953
khanhha_noisy2::CRACK500_20160316_143547_1281_1081.jpg,0.19542316320880143,0.6140058212976628,0.1905710154935357
khanhha_noisy2::CRACK500_20160316_143629_1281_721.jpg,0.12180041080328066,0.6204543712048133,0.2577452179919061
khanhha_noisy2::CRACK500_20160316_143629_1921_721.jpg,0.3033869454726441,0.3882962630724492,0.3083167914549067
khanhha_noisy2::CRACK500_20160318_084343_1281_361.jpg,0.3536277334160639,0.3238931756866063,0.3224790908973299
khanhha_noisy2::CRACK500_20160318_181632_1_1.jpg,0.17447444958263636,0.5011632950618813,0.32436225535548224
khanhha_noisy2::CRACK500_20160318_181632_1_361.jpg,0.17266410290416023,0.4877042818997193,0.3396316151961205
khanhha_noisy2::CRACK500_20160318_181632_641_1.jpg,0.1790853381182314,0.4739279111151325,0.346986750766636
khanhha_noisy2::CRACK500_20160321_185557_1_361.jpg,0.20464279991804207,0.5870657327216188,0.20829146736033918
khanhha_noisy2::CRACK500_20160321_185557_641_721.jpg,0.2923876051465553,0.5225679283536467,0.18504446649979794
khanhha_noisy2::CRACK500_20160326_141812_1281_721.jpg,0.1564067688390808,0.3195875761290929,0.5240056550318263
khanhha_noisy2::CRACK500_20160326_141812_1921_721.jpg,0.15713486251549688,0.412327700234805,0.43053743724969806
khanhha_noisy2::CRACK500_20160326_142403_1921_361.jpg,0.3610050411699996,0.45378080562616724,0.18521415320383322
khanhha_noisy2::CRACK500_20160326_162529_641_361.jpg,0.2116222922154587,0.4310096252903655,0.35736808249417584
khanhha_noisy2::CRACK500_20160328_150821_1281_361.jpg,0.27967300415061724,0.6038818700081249,0.11644512584125796
khanhha_noisy2::CRACK500_20160328_150821_1_721.jpg,0.42139097821488647,0.38663326900399336,0.1919757527811202
khanhha_noisy2::CRACK500_20160328_150821_641_361.jpg,0.27549009740981206,0.57035842339215,0.154151479198038
khanhha_noisy2::CRACK500_20160328_151027_1921_1.jpg,0.3654264403348279,0.41269692200595537,0.22187663765921675
khanhha_noisy2::CRACK500_20160328_151027_641_361.jpg,0.2543594114801646,0.5180061384381904,0.227634450081645
khanhha_noisy2::CRACK500_20160328_151243_1_361.jpg,0.5572564733826744,0.2328106882129012,0.20993283840442456
khanhha_noisy2::CRACK500_20160328_151247_641_1.jpg,0.23386584468182395,0.6518807774168146,0.11425337790136134
khanhha_noisy2::CRACK500_20160328_151423_641_1081.jpg,0.4708925299527717,0.3574445191661994,0.17166295088102884
khanhha_noisy2::CRACK500_20160328_151657_1281_1.jpg,0.3449758281034821,0.5338806040600248,0.12114356783649302
khanhha_noisy2::CRACK500_20160328_151657_1921_721.jpg,0.5275615310136429,0.3568473704603634,0.11559109852599368
khanhha_noisy2::CRACK500_20160328_151657_1_361.jpg,0.3253779670125149,0.5538413964966252,0.12078063649085984
khanhha_noisy2::CRACK500_20160328_151657_641_361.jpg,0.30118602378665477,0.5460721045974779,0.15274187161586741
khanhha_noisy2::CRACK500_20160328_151657_641_721.jpg,0.46485947867606825,0.28868150295594946,0.24645901836798226
khanhha_noisy2::CRACK500_20160328_152308_1_361.jpg,0.4030052534994271,0.4405102144435379,0.15648453205703503
khanhha_noisy2::CRACK500_20160328_153327_1_721.jpg,0.1969818506090087,0.6229021773419522,0.1801159720490391
khanhha_noisy2::CRACK500_20160328_153421_641_1.jpg,0.14323739654444015,0.6695844776126118,0.1871781258429481
khanhha_noisy2::CRACK500_20160328_153533_1281_1.jpg,0.2957482472820471,0.550015727290627,0.15423602542732592
khanhha_noisy2::CRACK500_20160328_153533_1281_721.jpg,0.2951963034988205,0.39305479948507704,0.3117488970161024
khanhha_noisy2::CRACK500_20160328_153533_1_1081.jpg,0.23722039260144023,0.4830899206388136,0.27968968675974615
khanhha_noisy2::CRACK500_20160328_153612_1281_1081.jpg,0.37341318659659545,0.4203022868901904,0.2062845265132141
khanhha_noisy2::CRACK500_20160328_153616_1281_361.jpg,0.16438518587107157,0.7305152487171366,0.10509956541179181
khanhha_noisy2::CRACK500_20160328_153714_1_1.jpg,0.3254087909038263,0.4983690463461481,0.17622216275002556
khanhha_noisy2::CRACK500_20160328_153714_1_1081.jpg,0.1927599785569072,0.6454821090654975,0.1617579123775953
khanhha_noisy2::CRACK500_20160328_153714_641_721.jpg,0.3283406473742564,0.36988507922159664,0.30177427340414703
khanhha_noisy2::CRACK500_20160328_153718_1281_1.jpg,0.2575733048752537,0.5033846160327947,0.23904207909195158
khanhha_noisy2::CRACK500_20160328_153718_1921_1.jpg,0.2563722176304384,0.549295881628089,0.1943319007414726
khanhha_noisy2::CRACK500_20160328_153813_1281_1081.jpg,0.21569397345363814,0.6183018718331925,0.16600415471316923
khanhha_noisy2::CRACK500_20160328_153813_1921_1081.jpg,0.4045973723662874,0.3860507034920231,0.20935192414168965
khanhha_noisy2::CRACK500_20160328_154011_1921_1.jpg,0.3582651023370077,0.25659079755005776,0.3851441001129345
khanhha_noisy2::CRACK500_20160328_154202_1281_1.jpg,0.202311958402294,0.5086096321921122,0.28907840940559376
khanhha_noisy2::CRACK500_20160328_154202_1281_1081.jpg,0.4137334719104512,0.23379463283659951,0.3524718952529495
khanhha_noisy2::CRACK500_20160328_154202_1921_361.jpg,0.3074595472618814,0.40805689433068665,0.28448355840743195
khanhha_noisy2::CRACK500_20160328_154202_641_1081.jpg,0.33730747149759505,0.4833183787067163,0.17937414979568875
khanhha_noisy2::CRACK500_20160328_154321_1281_1.jpg,0.2620302352421326,0.5301112715256587,0.20785849323220865
khanhha_noisy2::CRACK500_20160329_094452_1_721.jpg,0.34053709085861894,0.4713929241802047,0.18806998496117636
khanhha_noisy2::CRACK500_20160329_101347_1921_721.jpg,0.2885526946047632,0.5670050322037918,0.14444227319144506
khanhha_noisy2::CRACK500_20160329_104031_1281_721.jpg,0.363865939874587,0.31346468626117957,0.32266937386423344
khanhha_noisy2::CRACK500_20160329_104031_1921_721.jpg,0.21288731576386283,0.45070824479761207,0.336404439438525
khanhha_noisy2::CRACK500_20160329_104031_641_1081.jpg,0.3435065427589043,0.37666041486240437,0.27983304237869133
khanhha_noisy2::CRACK500_20160329_104107_1921_721.jpg,0.3431316925877833,0.4764376190905159,0.18043068832170078
khanhha_noisy2::CRACK500_20160329_104107_1_721.jpg,0.42049420294453366,0.4254002507680595,0.15410554628740697
khanhha_noisy2::CRACK500_20160329_104152_1_721.jpg,0.39342542930406216,0.36794829479302626,0.23862627590291155
khanhha_noisy2::CRACK500_20160329_104152_641_721.jpg,0.3875476042961035,0.3394905721091859,0.27296182359471055
khanhha_noisy2::CRACK500_20160330_160957_1921_1081.jpg,0.42189988753197594,0.3735459584091868,0.20455415405883728
khanhha_noisy2::CRACK500_20160330_160957_1_721.jpg,0.4904884298464706,0.36088173273223584,0.14862983742129357
khanhha_noisy2::CRACK500_20160330_163946_641_361.jpg,0.3002785942832567,0.47477527606463304,0.22494612965211014
khanhha_noisy2::CRACK500_20160330_170014_641_361.jpg,0.4823782501013799,0.17174239732474986,0.34587935257387026
khanhha_noisy2::CRACK500_20160330_170014_641_721.jpg,0.26122103461017626,0.498712706293693,0.24006625909613075
khanhha_noisy2::CRACK500_20160330_172305_1_1081.jpg,0.4597991023469647,0.2250000210039779,0.31520087664905755
khanhha_noisy2::CRACK500_20160330_172305_1_721.jpg,0.36092416590112747,0.4411047021945508,0.19797113190432164
khanhha_noisy2::CRACK500_20160330_172309_1_721.jpg,0.2936883702327198,0.3486495529826367,0.35766207678464335
khanhha_noisy2::CRACK500_20160402_150110_1281_361.jpg,0.26779944301097364,0.5139904063483356,0.21821015064069088
khanhha_noisy2::CRACK500_20160402_150110_1921_361.jpg,0.21732468898253596,0.5704476492045283,0.21222766181293584
khanhha_noisy2::CRACK500_20160402_150110_641_721.jpg,0.2115323812901,0.5094356752555927,0.2790319434543072
khanhha_noisy2::CRACK500_20160405_171348_1921_721.jpg,0.274843484193536,0.21513155946335813,0.5100249563431059
khanhha_noisy2::CRACK500_20160405_172849_1921_1.jpg,0.3220976561346918,0.34803971174057297,0.3298626321247353
khanhha_noisy2::CRACK500_20160405_172908_1281_1.jpg,0.14844805717571752,0.6316366033601669,0.21991533946411554
khanhha_noisy2::CRACK500_20160407_163515_1281_721.jpg,0.3059873961821461,0.4226382581523491,0.27137434566550483
khanhha_noisy2::CRACK500_20160407_163515_1_361.jpg,0.20029061747087348,0.6829894141363148,0.11671996839281164
khanhha_noisy2::CRACK500_20160407_165009_1281_721.jpg,0.2808617980834799,0.6147880800650593,0.10435012185146081
khanhha_noisy2::CRACK500_20160407_165009_1_721.jpg,0.4677973831256764,0.3029368968758802,0.22926571999844347
khanhha_noisy2::CRACK500_20160415_191330_1921_361.jpg,0.3672321610605264,0.49897927071696,0.1337885682225135
khanhha_noisy2::CRACK500_20160415_191330_641_721.jpg,0.45773976070602185,0.4229063917220615,0.11935384757191664
khanhha_noisy2::CRACK500_IMG_2935_649_969.jpg,0.26198650982565824,0.4293077648729863,0.3087057253013555
khanhha_noisy2::DeepCrack_11165-2.jpg,0.4084473108554333,0.3198778229988927,0.27167486614567393
khanhha_noisy2::DeepCrack_11165.jpg,0.5170867332171113,0.34000265502842714,0.14291061175446151
khanhha_noisy2::DeepCrack_11197-2.jpg,0.2071816446607331,0.5854312388059328,0.207387116533334
khanhha_noisy2::DeepCrack_11197-4.jpg,0.471862380005004,0.3537628158274422,0.17437480416755388
khanhha_noisy2::DeepCrack_11236-1.jpg,0.24680165556943537,0.5228749615322983,0.23032338289826634
khanhha_noisy2::DeepCrack_11236-4.jpg,0.2553553948121677,0.461516079407819,0.28312852578001335
khanhha_noisy2::DeepCrack_11249-4.jpg,0.17134364996242332,0.49329590039499754,0.3353604496425793
khanhha_noisy2::DeepCrack_11249-7.jpg,0.24659159909089182,0.4713473359559834,0.2820610649531248
khanhha_noisy2::DeepCrack_11270-2.jpg,0.1845941171814092,0.21700734134354807,0.5983985414750427
khanhha_noisy2::DeepCrack_11294.jpg,0.3848951647055782,0.13072987511634743,0.4843749601780743
khanhha_noisy2::DeepCrack_11296-18.jpg,0.27973831660174403,0.4661326344790085,0.25412904891924754
khanhha_noisy2::DeepCrack_11296-19.jpg,0.2942188970554706,0.46288279130954835,0.24289831163498102
khanhha_noisy2::DeepCrack_11296-4.jpg,0.24801294698539614,0.6076529241768182,0.14433412883778576
khanhha_noisy2::DeepCrack_11296-7.jpg,0.18255118758437844,0.5959070795212177,0.22154173289440393
khanhha_noisy2::DeepCrack_IMG33-12.jpg,0.4850990450901102,0.2817433398172095,0.2331576150926802
khanhha_noisy2::DeepCrack_IMG33-16.jpg,0.30930100978649844,0.5317782194786351,0.1589207707348665
khanhha_noisy2::DeepCrack_IMG33-9.jpg,0.4874026991849987,0.2791934927892974,0.2334038080257038
khanhha_noisy2::Eugen_Muller_9360_329_209_632_479.jpg,0.42101411791065163,0.38195142989877556,0.1970344521905727
khanhha_noisy2::Eugen_Muller_9360_7_26_751_632.jpg,0.7624739473509673,0.11621632851866621,0.12130972413036653
khanhha_noisy2::Eugen_Muller_9360_99_556_518_594.jpg,0.46546489609439945,0.27502373480963244,0.2595113690959681
khanhha_noisy2::GAPS384_test_0005_541_641.jpg,0.3564650870402376,0.47943495992735075,0.1640999530324117
khanhha_noisy2::GAPS384_test_0040_541_1.jpg,0.4465493141841573,0.49319301480919453,0.060257671006648326
khanhha_noisy2::GAPS384_test_0274_541_1.jpg,0.6504027908690615,0.2505841637338446,0.09901304539709395
khanhha_noisy2::GAPS384_train_0597_1_1.jpg,0.2201697388386904,0.5194407790800774,0.26038948208123236
khanhha_noisy2::GAPS384_train_0649_1_641.jpg,0.6108634034254469,0.2530744659940967,0.13606213058045638
khanhha_noisy2::GAPS384_train_0680_541_641.jpg,0.5858404546245295,0.32867551967592457,0.08548402569954595
khanhha_noisy2::GAPS384_train_0695_541_1.jpg,0.5843485877543355,0.36609851691687123,0.049552895328793166
khanhha_noisy2::GAPS384_train_1010_541_641.jpg,0.36293819098235225,0.3677806117407961,0.26928119727685157
khanhha_noisy2::GAPS384_train_1120_541_641.jpg,0.3575651934670966,0.2924154729777052,0.35001933355519826
khanhha_noisy2::GAPS384_train_1124_1_641.jpg,0.3811638829256082,0.16538748519234492,0.45344863188204687
khanhha_noisy2::GAPS384_train_1183_541_1.jpg,0.6495220955570482,0.2848682389305985,0.0656096655123534
khanhha_noisy2::Rissbilder_for_Florian_9S6A2798_499_1239_3234_3324.jpg,0.4861994293154719,0.29531961329664974,0.21848095738787834
khanhha_noisy2::Rissbilder_for_Florian_9S6A2798_614_1857_2201_2501.jpg,0.4414504174240888,0.3010598932935019,0.2574896892824093
khanhha_noisy2::Rissbilder_for_Florian_9S6A2798_697_1777_2994_3062.jpg,0.5423354406194701,0.24904000855908554,0.20862455082144443
khanhha_noisy2::Rissbilder_for_Florian_9S6A2800_191_3241_2390_2435.jpg,0.0856489292716573,0.6669737066886735,0.24737736403966926
khanhha_noisy2::Rissbilder_for_Florian_9S6A2800_195_2531_3219_2684.jpg,0.09437844063564857,0.43220757225201395,0.4734139871123375
khanhha_noisy2::Rissbilder_for_Florian_9S6A2800_382_814_2795_2670.jpg,0.11768227423473973,0.36440546961611747,0.5179122561491428
khanhha_noisy2::Rissbilder_for_Florian_9S6A2800_48_573_3788_4425.jpg,0.04654634222601218,0.3832795090772839,0.5701741486967039
khanhha_noisy2::Rissbilder_for_Florian_9S6A2800_552_1819_3171_3588.jpg,0.06356141255710968,0.342484568275048,0.5939540191678423
khanhha_noisy2::Rissbilder_for_Florian_9S6A2800_817_399_2611_2043.jpg,0.10740581545021384,0.7250047776091674,0.1675894069406189
khanhha_noisy2::Rissbilder_for_Florian_9S6A2811_119_80_3414_3691.jpg,0.08266702390878762,0.8974747206405331,0.0198582554506793
khanhha_noisy2::Rissbilder_for_Florian_9S6A2811_1873_211_2406_2890.jpg,0.0775634338856005,0.8869676422470445,0.035468923867355104
khanhha_noisy2::Rissbilder_for_Florian_9S6A2812_1545_131_2276_2406.jpg,0.039116655308354654,0.9494665533497397,0.011416791341905621
khanhha_noisy2::Rissbilder_for_Florian_9S6A2812_372_1081_3294_3264.jpg,0.0491368311564227,0.9317858462867337,0.019077322556843565
khanhha_noisy2::Rissbilder_for_Florian_9S6A2812_6_41_3627_3234.jpg,0.07048412337323762,0.9033663641880453,0.02614951243871721
khanhha_noisy2::Rissbilder_for_Florian_9S6A2815_1237_159_3590_2891.jpg,0.1299567440096303,0.8232028428103059,0.04684041318006385
khanhha_noisy2::Rissbilder_for_Florian_9S6A2821_1009_504_3415_2649.jpg,0.7173178924936715,0.238999549742692,0.043682557763636456
khanhha_noisy2::Rissbilder_for_Florian_9S6A2821_1089_894_2343_2903.jpg,0.6854679345124872,0.26904642118590866,0.04548564430160403
khanhha_noisy2::Rissbilder_for_Florian_9S6A2821_2779_46_2936_3794.jpg,0.6759649434791263,0.28849740447057265,0.03553765205030109
khanhha_noisy2::Rissbilder_for_Florian_9S6A2825_325_1707_3330_2732.jpg,0.43176219691843853,0.5205589892654026,0.04767881381615889
khanhha_noisy2::Rissbilder_for_Florian_9S6A2825_340_882_2590_2354.jpg,0.37308194128920846,0.5934676534937403,0.033450405217051116
khanhha_noisy2::Rissbilder_for_Florian_9S6A2825_565_2563_2166_2123.jpg,0.5194650056913248,0.44635513775079766,0.034179856557877523
khanhha_noisy2::Rissbilder_for_Florian_9S6A2825_65_315_3693_4161.jpg,0.18799135042245274,0.7825616653341837,0.029446984243363478
khanhha_noisy2::Rissbilder_for_Florian_9S6A2825_711_1408_2863_2522.jpg,0.48103083407385383,0.4596041056153127,0.05936506031083359
khanhha_noisy2::Rissbilder_for_Florian_9S6A2825_71_1920_3644_3801.jpg,0.2247081632521593,0.7465504882007566,0.02874134854708389
khanhha_noisy2::Rissbilder_for_Florian_9S6A2826_0_0_3840_5760.jpg,0.20096573383926292,0.6972701614193804,0.10176410474135666
khanhha_noisy2::Rissbilder_for_Florian_9S6A2826_418_1200_2774_3626.jpg,0.28258164316395884,0.605335771112024,0.11208258572401715
khanhha_noisy2::Rissbilder_for_Florian_9S6A2826_65_1595_3304_2654.jpg,0.2738809573701029,0.6425140229885105,0.08360501964138668
khanhha_noisy2::Rissbilder_for_Florian_9S6A2826_985_495_2477_3280.jpg,0.4189031433007168,0.44378664864669276,0.13731020805259034
khanhha_noisy2::Rissbilder_for_Florian_9S6A2834_1012_1643_2453_3015.jpg,0.534498243490881,0.40591133492777054,0.05959042158134843
khanhha_noisy2::Rissbilder_for_Florian_9S6A2834_18_332_3392_3333.jpg,0.6631435474695944,0.2597772889711674,0.07707916355923826
khanhha_noisy2::Rissbilder_for_Florian_9S6A2834_196_114_2762_3611.jpg,0.6447013852993924,0.25462601447265193,0.10067260022795572
khanhha_noisy2::Rissbilder_for_Florian_9S6A2834_40_1275_3784_4195.jpg,0.7145047874266105,0.24766165633249798,0.03783355624089148
khanhha_noisy2::Rissbilder_for_Florian_9S6A2838_1264_697_1978_2438.jpg,0.5638009340865263,0.2819069382973474,0.15429212761612623
khanhha_noisy2::Rissbilder_for_Florian_9S6A2838_419_638_3373_4346.jpg,0.4110144634867448,0.3874034346777818,0.20158210183547345
khanhha_noisy2::Rissbilder_for_Florian_9S6A2838_565_1405_2810_2334.jpg,0.4464738895904846,0.39408356558795765,0.15944254482155765
khanhha_noisy2::Rissbilder_for_Florian_9S6A2842_321_767_3019_3008.jpg,0.6813592567170433,0.22471237800075045,0.09392836528220633
khanhha_noisy2::Rissbilder_for_Florian_9S6A2842_635_1731_1931_2541.jpg,0.6716661649292588,0.27289099033079317,0.05544284473994794
khanhha_noisy2::Rissbilder_for_Florian_9S6A2842_70_2154_3631_3282.jpg,0.6756601498533512,0.247440862255776,0.07689898789087278
khanhha_noisy2::Rissbilder_for_Florian_9S6A2846_230_168_2768_2605.jpg,0.3342212899901455,0.5681936732989928,0.09758503671086162
khanhha_noisy2::Rissbilder_for_Florian_9S6A2846_268_1498_2452_2689.jpg,0.5427799354245963,0.20222606314897718,0.2549940014264265
khanhha_noisy2::Rissbilder_for_Florian_9S6A2846_330_640_3250_2553.jpg,0.41422298127754315,0.3587115107807843,0.22706550794167263
khanhha_noisy2::Rissbilder_for_Florian_9S6A2846_392_1024_2627_3077.jpg,0.4924358247582084,0.34876603264770734,0.15879814259408423
khanhha_noisy2::Rissbilder_for_Florian_9S6A2846_64_1600_3177_3483.jpg,0.4058510493320326,0.41066002172805505,0.18348892893991242
khanhha_noisy2::Rissbilder_for_Florian_9S6A2857_1203_1130_2423_3169.jpg,0.6955640614872333,0.25572543615561166,0.048710502357155176
khanhha_noisy2::Rissbilder_for_Florian_9S6A2857_148_211_2303_2832.jpg,0.6497616296142324,0.28967291316984695,0.060565457215920666
khanhha_noisy2::Rissbilder_for_Florian_9S6A2857_159_2331_3518_2794.jpg,0.6730722323376082,0.1977718737217327,0.1291558939406591
khanhha_noisy2::Rissbilder_for_Florian_9S6A2857_585_241_3220_4175.jpg,0.6300504411317452,0.3141486988990893,0.05580085996916529
khanhha_noisy2::Rissbilder_for_Florian_9S6A2857_807_939_2369_1886.jpg,0.36452725955254395,0.589507872998994,0.04596486744846207
khanhha_noisy2::Rissbilder_for_Florian_9S6A2857_89_2266_3467_3213.jpg,0.7460376361488611,0.15980097195751464,0.09416139189362437
khanhha_noisy2::Rissbilder_for_Florian_9S6A2860_109_355_3609_3381.jpg,0.5022936573561089,0.43710973753917715,0.060596605104714006
khanhha_noisy2::Rissbilder_for_Florian_9S6A2860_2652_869_3027_2537.jpg,0.6825808898415715,0.2280037203743924,0.08941538978403611
khanhha_noisy2::Rissbilder_for_Florian_9S6A2860_476_406_3989_3027.jpg,0.5524119091311624,0.37689986334081055,0.07068822752802707
khanhha_noisy2::Rissbilder_for_Florian_9S6A2860_707_1403_2200_2149.jpg,0.4924536513675308,0.4528419215844253,0.05470442704804397
khanhha_noisy2::Rissbilder_for_Florian_9S6A2869_107_1230_3580_4395.jpg,0.2738155425515905,0.6950705949765476,0.03111386247186184
khanhha_noisy2::Rissbilder_for_Florian_9S6A2869_1234_372_2013_2272.jpg,0.10197421225023134,0.8664525860501304,0.03157320169963827
khanhha_noisy2::Rissbilder_for_Florian_9S6A2869_171_1902_3454_3763.jpg,0.19909745473751084,0.76044850708015,0.04045403818233932
khanhha_noisy2::Rissbilder_for_Florian_9S6A2869_37_1430_3692_3865.jpg,0.3798439048780366,0.570440745294191,0.049715349827772364
khanhha_noisy2::Rissbilder_for_Florian_9S6A2869_6_538_3621_3662.jpg,0.29417062017901346,0.6635048361156175,0.042324543705368964
khanhha_noisy2::Rissbilder_for_Florian_9S6A2869_855_1425_2447_2662.jpg,0.14861819971502718,0.8076215348832975,0.04376026540167553
khanhha_noisy2::Rissbilder_for_Florian_9S6A2869_878_3059_2683_2082.jpg,0.06839576440209882,0.8971513697795611,0.034452865818340096
khanhha_noisy2::Rissbilder_for_Florian_9S6A2870_121_518_3261_3345.jpg,0.25497425399404167,0.708661967746043,0.03636377825991541
khanhha_noisy2::Rissbilder_for_Florian_9S6A2870_504_1261_2761_3438.jpg,0.22185865684061276,0.7270090324070925,0.05113231075229476
khanhha_noisy2::Rissbilder_for_Florian_9S6A2880_1244_1022_2375_2527.jpg,0.47773860378291305,0.3397370249367649,0.1825243712803221
khanhha_noisy2::Rissbilder_for_Florian_9S6A2880_131_2019_3358_3435.jpg,0.5350850677829133,0.3041685585019196,0.16074637371516706
khanhha_noisy2::Rissbilder_for_Florian_9S6A2880_1_709_3836_3003.jpg,0.3983020719619813,0.38164732010990216,0.22005060792811662
khanhha_noisy2::Rissbilder_for_Florian_9S6A2880_277_388_3305_4321.jpg,0.4732892798792714,0.2243330825852521,0.30237763753547653
khanhha_noisy2::Rissbilder_for_Florian_9S6A2881_0_0_3840_5760.jpg,0.26414098047422896,0.30438155859560595,0.4314774609301651
khanhha_noisy2::Rissbilder_for_Florian_9S6A2881_1046_39_2575_3270.jpg,0.24607724152301652,0.49934628029617734,0.2545764781808061
khanhha_noisy2::Rissbilder_for_Florian_9S6A2881_277_1792_3424_2971.jpg,0.18655888534561635,0.3738202162020719,0.4396208984523118
khanhha_noisy2::Rissbilder_for_Florian_9S6A2881_77_297_3144_3819.jpg,0.21898939855249044,0.3967906201231569,0.3842199813243526
khanhha_noisy2::Rissbilder_for_Florian_9S6A2888_133_918_3617_3712.jpg,0.2131900907127477,0.42348552181119936,0.36332438747605306
khanhha_noisy2::Rissbilder_for_Florian_9S6A2896_0_0_3840_5760.jpg,0.13590243055547113,0.5401554653473861,0.3239421040971427
khanhha_noisy2::Rissbilder_for_Florian_9S6A2896_1287_1184_2528_1916.jpg,0.12769252085578794,0.7439255652136678,0.12838191393054418
khanhha_noisy2::Rissbilder_for_Florian_9S6A2896_1446_730_2288_2912.jpg,0.18062494517856664,0.6446992260204881,0.17467582880094512
khanhha_noisy2::Rissbilder_for_Florian_9S6A2896_28_1443_3701_3540.jpg,0.037677358120711206,0.7136991612510779,0.2486234806282109
khanhha_noisy2::Rissbilder_for_Florian_9S6A2896_616_2037_3008_3401.jpg,0.0717064288519136,0.6470696784541252,0.2812238926939613
khanhha_noisy2::Rissbilder_for_Florian_9S6A2896_788_3134_2243_2150.jpg,0.08251139261424563,0.5404814750117536,0.3770071323740008
khanhha_noisy2::Rissbilder_for_Florian_9S6A2917_0_74_3825_4343.jpg,0.4159170441680587,0.47308604017700767,0.11099691565493362
khanhha_noisy2::Rissbilder_for_Florian_9S6A2917_313_1519_3434_4037.jpg,0.38098865471933085,0.48480287386079585,0.1342084714198734
khanhha_noisy2::Rissbilder_for_Florian_9S6A2917_486_1027_3148_3681.jpg,0.4225809598186122,0.4684458730653941,0.10897316711599361
khanhha_noisy2::Rissbilder_for_Florian_9S6A2917_599_2662_2081_2529.jpg,0.46833982460910517,0.3087959600772128,0.22286421531368203
khanhha_noisy2::Rissbilder_for_Florian_9S6A3085_46_1568_3730_4175.jpg,0.17466286960402103,0.5219881154134004,0.3033490149825786
khanhha_noisy2::Rissbilder_for_Florian_9S6A3085_497_692_2640_2077.jpg,0.25729199740014846,0.2196351347166423,0.5230728678832093
khanhha_noisy2::Rissbilder_for_Florian_9S6A3085_67_497_3262_3700.jpg,0.25659295910961016,0.36113066133059746,0.3822763795597923
khanhha_noisy2::Rissbilder_for_Florian_9S6A3091_375_333_2309_2364.jpg,0.42193357023743133,0.439549700686188,0.13851672907638057
khanhha_noisy2::Rissbilder_for_Florian_9S6A3091_481_1320_3311_3035.jpg,0.2710372709423232,0.5264033623361213,0.20255936672155553
khanhha_noisy2::Rissbilder_for_Florian_9S6A3092_272_70_2808_2402.jpg,0.4265376143661587,0.43329519255583887,0.14016719307800235
khanhha_noisy2::Rissbilder_for_Florian_9S6A3092_3399_925_2286_2829.jpg,0.5719063576854494,0.2725594743548717,0.15553416795967887
khanhha_noisy2::Rissbilder_for_Florian_9S6A3092_623_215_3689_2974.jpg,0.36634333319953344,0.43861998092625054,0.19503668587421608
khanhha_noisy2::Rissbilder_for_Florian_9S6A3095_418_2347_2757_3271.jpg,0.550266042075787,0.2999897402140553,0.14974421771015778
khanhha_noisy2::Rissbilder_for_Florian_9S6A3095_514_444_3123_3906.jpg,0.5139021017563921,0.32503453865998655,0.16106335958362153
khanhha_noisy2::Rissbilder_for_Florian_9S6A3095_592_717_2568_2704.jpg,0.3911993074507736,0.47106215308053495,0.13773853946869155
khanhha_noisy2::Rissbilder_for_Florian_9S6A3095_89_2165_3402_3441.jpg,0.5714093511769126,0.2994953417419878,0.12909530708109945
khanhha_noisy2::Rissbilder_for_Florian_9S6A3096_347_506_3372_3116.jpg,0.20513805751138797,0.1345229255062969,0.6603390169823151
khanhha_noisy2::Rissbilder_for_Florian_9S6A3096_515_1896_2914_2761.jpg,0.23907798984001208,0.2833007744913306,0.4776212356686572
khanhha_noisy2::Rissbilder_for_Florian_9S6A3096_899_155_2326_2742.jpg,0.284435505330912,0.20275663019564263,0.5128078644734454
khanhha_noisy2::Rissbilder_for_Florian_9S6A3109_163_622_3006_3321.jpg,0.3226385519916281,0.2531732990021821,0.42418814900618984
khanhha_noisy2::Rissbilder_for_Florian_9S6A3109_440_362_3337_4316.jpg,0.31528167035124094,0.16159312024015365,0.5231252094086054
khanhha_noisy2::Rissbilder_for_Florian_9S6A3109_793_2237_2466_2142.jpg,0.2601618165893547,0.2550414373740182,0.48479674603662704
khanhha_noisy2::Rissbilder_for_Florian_9S6A3113_104_526_3717_3372.jpg,0.25964772526123553,0.10504802362810779,0.6353042511106567
khanhha_noisy2::Rissbilder_for_Florian_9S6A3114_1215_3118_2077_2478.jpg,0.39070109034252765,0.20195998727233835,0.407338922385134
khanhha_noisy2::Rissbilder_for_Florian_9S6A3114_358_1983_3344_3063.jpg,0.3038657132157802,0.29479794572872536,0.4013363410554945
khanhha_noisy2::Rissbilder_for_Florian_9S6A3114_871_3543_2822_2137.jpg,0.266893260605953,0.21872853186203062,0.5143782075320164
khanhha_noisy2::Rissbilder_for_Florian_9S6A3128_304_338_2449_2867.jpg,0.5284402398769517,0.10877154562683305,0.3627882144962152
khanhha_noisy2::Rissbilder_for_Florian_9S6A3128_580_813_2343_2413.jpg,0.5055006309318166,0.10280385547130928,0.3916955135968741
khanhha_noisy2::Rissbilder_for_Florian_9S6A3128_7_578_2768_3056.jpg,0.5930428657660485,0.11024277827778027,0.29671435595617124
khanhha_noisy2::Rissbilder_for_Florian_9S6A3131_308_1998_2814_2860.jpg,0.386914298252716,0.14280704801044458,0.47027865373683936
khanhha_noisy2::Rissbilder_for_Florian_9S6A3131_389_1670_3375_3959.jpg,0.38951908483089087,0.16167270490544652,0.4488082102636627
khanhha_noisy2::Rissbilder_for_Florian_9S6A3131_542_1698_3243_3761.jpg,0.4504809048204748,0.17523685888723486,0.3742822362922903
khanhha_noisy2::Rissbilder_for_Florian_9S6A3135_339_1311_2661_3168.jpg,0.39732275200872796,0.15211603330251564,0.45056121468875643
khanhha_noisy2::Rissbilder_for_Florian_9S6A3136_0_0_5760_3840.jpg,0.35881356162403205,0.2547802375045444,0.3864062008714236
khanhha_noisy2::Rissbilder_for_Florian_9S6A3136_1628_12_2911_3801.jpg,0.42433557551098666,0.2362162231468382,0.3394482013421751
khanhha_noisy2::Sylvie_Chambon_094.jpg,0.5570793596443485,0.26516364628792605,0.17775699406772544
khanhha_noisy2::Sylvie_Chambon_107.jpg,0.43729759939507,0.2612962671620246,0.30140613344290534
khanhha_noisy2::Sylvie_Chambon_323.jpg,0.2006726717554442,0.5920841266733784,0.20724320157117737
khanhha_noisy2::Sylvie_Chambon_Im_noGT_ESAR_21a.jpg,0.7456551882582588,0.16417221771552223,0.0901725940262191
khanhha_noisy2::Volker_DSC01623_0_0_1824_2736.jpg,0.45335733806857337,0.2582595262185877,0.2883831357128389
khanhha_noisy2::Volker_DSC01623_134_615_1595_1694.jpg,0.38894725500253335,0.32831260161433007,0.28274014338313663
khanhha_noisy2::Volker_DSC01623_22_364_1793_1961.jpg,0.379778639920643,0.36582655456167873,0.2543948055176783
khanhha_noisy2::Volker_DSC01623_32_1414_1144_1043.jpg,0.3392015901734046,0.38438564919039125,0.27641276063620424
khanhha_noisy2::Volker_DSC01633_217_183_1290_1578.jpg,0.3775430562700002,0.37159187713963326,0.2508650665903665
khanhha_noisy2::Volker_DSC01635_0_0_2736_1824.jpg,0.4038071688939139,0.3791479225436311,0.21704490856245495
khanhha_noisy2::Volker_DSC01635_130_334_986_1295.jpg,0.5136949036739904,0.3842604813474269,0.10204461497858265
khanhha_noisy2::Volker_DSC01635_548_45_1336_1686.jpg,0.3246073905096109,0.39941745858876815,0.275975150901621
khanhha_noisy2::Volker_DSC01637_274_432_1128_1113.jpg,0.2181852215897938,0.4561090650031228,0.3257057134070835
khanhha_noisy2::Volker_DSC01637_616_1353_1168_1288.jpg,0.4728627392325406,0.25549414680423377,0.2716431139632258
khanhha_noisy2::Volker_DSC01640_376_6_2132_1787.jpg,0.4796844696033735,0.2560842664336671,0.26423126396295926
khanhha_noisy2::Volker_DSC01640_747_235_1398_1374.jpg,0.49052422302407667,0.34398567854085116,0.16549009843507223
khanhha_noisy2::Volker_DSC01644_612_414_1320_1175.jpg,0.5823334811802294,0.26678184616631656,0.15088467265345407
khanhha_noisy2::Volker_DSC01649_0_0_1824_2736.jpg,0.2343771755148565,0.504965560400788,0.2606572640843554
khanhha_noisy2::Volker_DSC01649_128_1341_1226_1195.jpg,0.4704469907984785,0.3534677302837644,0.17608527891775708
khanhha_noisy2::Volker_DSC01652_217_429_1194_1007.jpg,0.27767644023960725,0.2485084966461687,0.47381506311422406
khanhha_noisy2::Volker_DSC01652_699_100_1925_1592.jpg,0.24635861158340144,0.4082749379303494,0.3453664504862491
khanhha_noisy2::Volker_DSC01653_120_360_1526_1294.jpg,0.19815740412292412,0.2884857180737392,0.5133568778033367
khanhha_noisy2::Volker_DSC01653_441_257_1154_966.jpg,0.25098546975730196,0.3778354216850482,0.3711791085576498
khanhha_noisy2::Volker_DSC01653_635_9_1390_1253.jpg,0.22549973246072086,0.48500883020063623,0.28949143733864285
khanhha_noisy2::Volker_DSC01653_791_41_1849_1670.jpg,0.16695318238828252,0.5026989856226379,0.3303478319890796
khanhha_noisy2::Volker_DSC01666_185_540_876_1155.jpg,0.3533184754807477,0.4652637530643205,0.1814177714549317
khanhha_noisy2::Volker_DSC01672_140_255_1259_1633.jpg,0.5654902687779215,0.10548480881009603,0.3290249224119824
khanhha_noisy2::Volker_DSC01672_236_664_1240_1592.jpg,0.45896971805608255,0.19684085054140185,0.3441894314025157
khanhha_noisy2::Volker_DSC01672_39_1294_1098_1354.jpg,0.49378311708456946,0.29157901116725254,0.21463787174817792
khanhha_noisy2::Volker_DSC01676_146_1254_955_1190.jpg,0.4381985918030169,0.37742611311719604,0.18437529507978692
khanhha_noisy2::Volker_DSC01676_35_128_1239_1463.jpg,0.6324797393334469,0.09381820973635478,0.27370205093019845
khanhha_noisy2::Volker_DSC01679_0_0_1824_2736.jpg,0.2971527955216778,0.4177678347858404,0.2850793696924819
khanhha_noisy2::Volker_DSC01679_0_789_1823_1945.jpg,0.38531378868982774,0.36564899731737455,0.24903721399279774
khanhha_noisy2::Volker_DSC01679_67_383_1713_2223.jpg,0.22329195412741662,0.5599893069326141,0.2167187389399693
khanhha_noisy2::Volker_DSC01680_0_0_1824_2736.jpg,0.2958069024621896,0.3471526804592164,0.357040417078594
khanhha_noisy2::Volker_DSC01680_146_194_1555_1973.jpg,0.3210045006214245,0.40394069377616826,0.2750548056024072
khanhha_noisy2::Volker_DSC01680_168_539_1554_1946.jpg,0.22315893801885522,0.43391637778350123,0.3429246841976435
khanhha_noisy2::Volker_DSC01680_63_445_1729_1300.jpg,0.28230928560588286,0.4640786272957819,0.2536120870983352
khanhha_noisy2::Volker_DSC01683_67_1024_1660_1636.jpg,0.5888687663650994,0.1993965788939081,0.21173465474099254
khanhha_noisy2::Volker_DSC01692_28_197_1636_1369.jpg,0.6711454164999172,0.15235236893906456,0.17650221456101822
khanhha_noisy2::Volker_DSC01700_158_517_1605_1442.jpg,0.20615377576338273,0.7115593110452486,0.08228691319136863
khanhha_noisy2::Volker_DSC01703_23_907_1787_1745.jpg,0.49411963075820914,0.34777093332169234,0.15810943592009857
khanhha_noisy2::Volker_DSC01703_413_202_1272_965.jpg,0.5491757699206824,0.298215057130776,0.15260917294854165
khanhha_noisy2::Volker_DSC01703_599_1250_1072_1001.jpg,0.47381067386548953,0.3801111157885426,0.14607821034596793
khanhha_noisy2::Volker_DSC01707_33_309_1713_1946.jpg,0.6724764529490384,0.21153020430182784,0.11599334274913382
khanhha_noisy2::Volker_DSC01707_44_131_1757_2144.jpg,0.6144334902722653,0.2187155172126778,0.16685099251505686
khanhha_noisy2::Volker_DSC01707_540_967_1161_1226.jpg,0.6065256419139862,0.22323240726326035,0.1702419508227534
khanhha_noisy2::cracktree200_6234.jpg,0.5660355061266911,0.3738871578816931,0.06007733599161589
khanhha_noisy2::cracktree200_6261.jpg,0.2806230799708904,0.6654261211924509,0.053950798836658535
khanhha_noisy2::cracktree200_6301.jpg,0.35418079664790986,0.4984894112401968,0.14732979211189332
khanhha_noisy2::cracktree200_6645.jpg,0.7223148006379319,0.1931044572235948,0.08458074213847337
khanhha_noisy2::cracktree200_6647.jpg,0.6730690775468986,0.20095986287577722,0.1259710595773242
khanhha_noisy2::forest_006.jpg,0.5763212419766689,0.22627387964016976,0.19740487838316131
khanhha_noisy2::forest_038.jpg,0.5209910546866791,0.18092254937758614,0.2980863959357348
khanhha_noisy2::forest_087.jpg,0.534599575177965,0.15923065035172537,0.3061697744703096
khanhha_noisy2::forest_094.jpg,0.5570793596443485,0.26516364628792605,0.17775699406772544
khanhha_noisy2::noncrack_noncrack_concrete_wall_101_2.jpg.jpg,0.44261944002234926,0.45928539505241084,0.09809516492523976
khanhha_noisy2::noncrack_noncrack_concrete_wall_101_8.jpg.jpg,0.44261944002234926,0.45928539505241084,0.09809516492523976
khanhha_noisy2::noncrack_noncrack_concrete_wall_101_9.jpg.jpg,0.5215063950177045,0.40217188965448863,0.07632171532780684
khanhha_noisy2::noncrack_noncrack_concrete_wall_103_0.jpg.jpg,0.008958409863794146,0.976306920012587,0.01473467012361893
khanhha_noisy2::noncrack_noncrack_concrete_wall_103_1.jpg.jpg,0.008822470902151524,0.9752867333922934,0.015890795705554846
khanhha_noisy2::noncrack_noncrack_concrete_wall_13_2.jpg.jpg,0.04183477549237912,0.8815177573479838,0.07664746715963716
khanhha_noisy2::noncrack_noncrack_concrete_wall_13_4.jpg.jpg,0.04446906133260487,0.8196455684258576,0.13588537024153752
khanhha_noisy2::noncrack_noncrack_concrete_wall_13_6.jpg.jpg,0.056338160469025775,0.7462230327751366,0.1974388067558376
khanhha_noisy2::noncrack_noncrack_concrete_wall_23_1.jpg.jpg,0.01247228474220176,0.9828687961619623,0.004658919095835925
khanhha_noisy2::noncrack_noncrack_concrete_wall_23_4.jpg.jpg,0.010663265381848573,0.9866194580692705,0.0027172765488807124
khanhha_noisy2::noncrack_noncrack_concrete_wall_23_5.jpg.jpg,0.011113660095457568,0.9851225246572709,0.003763815247271386
khanhha_noisy2::noncrack_noncrack_concrete_wall_23_7.jpg.jpg,0.01772704351534957,0.976456506137048,0.005816450347602448
khanhha_noisy2::noncrack_noncrack_concrete_wall_28_0.jpg.jpg,0.20127177039337804,0.7129231307505877,0.08580509885603423
khanhha_noisy2::noncrack_noncrack_concrete_wall_30_2.jpg.jpg,0.06114572781995091,0.874328876456376,0.0645253957236731
khanhha_noisy2::noncrack_noncrack_concrete_wall_41_11.jpg.jpg,0.0406137457846813,0.9484316742924681,0.010954579922850512
khanhha_noisy2::noncrack_noncrack_concrete_wall_41_12.jpg.jpg,0.08158291142787155,0.8985372863536772,0.019879802218451377
khanhha_noisy2::noncrack_noncrack_concrete_wall_41_2.jpg.jpg,0.09686965065669825,0.8798590346389114,0.023271314704390447
khanhha_noisy2::noncrack_noncrack_concrete_wall_41_35.jpg.jpg,0.12517080723550547,0.8477377811649583,0.027091411599536232
khanhha_noisy2::noncrack_noncrack_concrete_wall_41_37.jpg.jpg,0.029282333896471318,0.9625781250899327,0.008139541013595868
khanhha_noisy2::noncrack_noncrack_concrete_wall_41_38.jpg.jpg,0.0778873814081165,0.9056524666064077,0.01646015198547587
khanhha_noisy2::noncrack_noncrack_concrete_wall_41_4.jpg.jpg,0.08579604944500259,0.8926208100758287,0.021583140479168754
khanhha_noisy2::noncrack_noncrack_concrete_wall_41_43.jpg.jpg,0.06550088119986906,0.9170936598117303,0.017405458988400412
khanhha_noisy2::noncrack_noncrack_concrete_wall_41_48.jpg.jpg,0.11218612321803627,0.865826834335329,0.021987042446634703
khanhha_noisy2::noncrack_noncrack_concrete_wall_41_58.jpg.jpg,0.06802096006070216,0.9145165699849876,0.017462469954310198
khanhha_noisy2::noncrack_noncrack_concrete_wall_41_63.jpg.jpg,0.11962725218828278,0.8592436560505017,0.02112909176121544
khanhha_noisy2::noncrack_noncrack_concrete_wall_41_65.jpg.jpg,0.1370054362880886,0.8322633718722213,0.030731191839690142
khanhha_noisy2::noncrack_noncrack_concrete_wall_42_6.jpg.jpg,0.03626525719892953,0.9352928142066811,0.02844192859438933
khanhha_noisy2::noncrack_noncrack_concrete_wall_53_3.jpg.jpg,0.007859090784066384,0.9886498503997306,0.003491058816203062
khanhha_noisy2::noncrack_noncrack_concrete_wall_58_0.jpg.jpg,0.15112774746433005,0.7998515984248704,0.04902065411079968
khanhha_noisy2::noncrack_noncrack_concrete_wall_58_11.jpg.jpg,0.1329290042983631,0.8268879945431268,0.040183001158510055
khanhha_noisy2::noncrack_noncrack_concrete_wall_58_12.jpg.jpg,0.15304140873525532,0.7877779843753275,0.059180606889417134
khanhha_noisy2::noncrack_noncrack_concrete_wall_58_13.jpg.jpg,0.18100935198226706,0.7446808997625222,0.07430974825521082
khanhha_noisy2::noncrack_noncrack_concrete_wall_58_6.jpg.jpg,0.12712734970685913,0.8385389739591707,0.03433367633397031
khanhha_noisy2::noncrack_noncrack_concrete_wall_58_8.jpg.jpg,0.11277299711588037,0.837675215153051,0.04955178773106865
khanhha_noisy2::noncrack_noncrack_concrete_wall_60_13.jpg.jpg,0.023817139326846194,0.9682916543222162,0.0078912063509376
khanhha_noisy2::noncrack_noncrack_concrete_wall_60_6.jpg.jpg,0.011152012517928571,0.9821901214356284,0.006657866046442812
khanhha_noisy2::noncrack_noncrack_concrete_wall_60_8.jpg.jpg,0.009516580819449671,0.9873916026242928,0.0030918165562576873
khanhha_noisy2::noncrack_noncrack_concrete_wall_69_6.jpg.jpg,0.11406566255807722,0.8113756569169448,0.07455868052497795
khanhha_noisy2::noncrack_noncrack_concrete_wall_72_0.jpg.jpg,0.0027756517119021246,0.9838050342767605,0.013419314011337499
khanhha_noisy2::noncrack_noncrack_concrete_wall_77_1.jpg.jpg,0.11690402432166801,0.8530060089122402,0.030089966766091877
khanhha_noisy2::noncrack_noncrack_concrete_wall_77_5.jpg.jpg,0.05679529451913813,0.9277355896540954,0.015469115826766444
khanhha_noisy2::noncrack_noncrack_concrete_wall_7_0.jpg.jpg,0.021678316747357502,0.9679601623671706,0.010361520885471967
khanhha_noisy2::noncrack_noncrack_concrete_wall_7_1.jpg.jpg,0.04005761628152061,0.9523822014470122,0.007560182271467098
khanhha_noisy2::noncrack_noncrack_concrete_wall_81_4.jpg.jpg,0.1983826092724107,0.7105216111914798,0.09109577953610945
khanhha_noisy2::noncrack_noncrack_concrete_wall_83_10.jpg.jpg,0.034021422093452526,0.9180036634818088,0.04797491442473855
khanhha_noisy2::noncrack_noncrack_concrete_wall_83_4.jpg.jpg,0.05214760448347649,0.8879516256959855,0.05990076982053793
khanhha_noisy2::noncrack_noncrack_concrete_wall_83_9.jpg.jpg,0.03885898734079896,0.9100732026671788,0.051067809992022185
khanhha_noisy2::noncrack_noncrack_concrete_wall_88_3.jpg.jpg,0.027875418164844634,0.9505358154599606,0.021588766375194798
khanhha_noisy2::noncrack_noncrack_concrete_wall_94_4.jpg.jpg,0.0048641503809900505,0.9914582757014873,0.003677573917522544
road420::2023_10_30_15_47_IMG_5894.jpg,0.39975789266848755,0.24105221278592665,0.3591898945455857
road420::2023_10_30_15_48_IMG_5895.jpg,0.5461599521963151,0.09822804823817027,0.35561199956551465
road420::2023_10_30_15_49_IMG_5898.jpg,0.6765852044012199,0.058263447307347754,0.26515134829143233
road420::2023_10_30_15_49_IMG_5901.jpg,0.21545793918766293,0.05973993474236845,0.7248021260699686
road420::2023_10_30_15_52_IMG_5910.jpg,0.5914141687176496,0.1334306482896445,0.27515518299270597
road420::2023_10_30_15_57_IMG_5921.jpg,0.8881098252227999,0.06809298844307672,0.043797186334123474
road420::2023_10_30_15_59_IMG_5926.jpg,0.38734734028137807,0.06350940675390866,0.5491432529647133
road420::2023_10_30_16_00_IMG_5928.jpg,0.47313813507736835,0.1290757020185315,0.39778616290410007
road420::2023_10_30_16_16_IMG_5938.jpg,0.23304172779941298,0.3963142768622051,0.3706439953383818
road420::2023_10_30_16_17_IMG_5943.jpg,0.7092420283478076,0.05066231223207569,0.2400956594201169
road420::2023_10_30_16_18_IMG_5945.jpg,0.4949747018698223,0.2250228160451194,0.2800024820850584
road420::2023_10_30_16_18_IMG_5946.jpg,0.7952829646959712,0.05876198068526223,0.14595505461876673
road420::2023_10_30_16_18_IMG_5948.jpg,0.5924899193642404,0.08191705288634754,0.3255930277494121
road420::2023_10_30_16_20_IMG_5956.jpg,0.465994013572166,0.4152836530543397,0.11872233337349429
road420::2023_10_30_16_22_IMG_5962.jpg,0.4284811740405804,0.15951854261108075,0.4120002833483388
road420::2023_10_30_16_23_IMG_5968.jpg,0.13519661293214483,0.11983124636469362,0.7449721407031614
road420::2023_10_30_16_25_IMG_5972.jpg,0.43329730738454614,0.40200125775241763,0.16470143486303618
road420::2023_10_30_16_25_IMG_5974.jpg,0.630034959712416,0.06693525359022118,0.3030297866973628
road420::2023_10_30_16_25_IMG_5976.jpg,0.49767829623741994,0.19211899644782546,0.31020270731475447
road420::2023_10_30_16_27_IMG_5980.jpg,0.1870855541219931,0.04332173031164539,0.7695927155663617
road420::2023_10_30_16_29_IMG_5984.jpg,0.3631241912443751,0.10546017737261373,0.5314156313830112
road420::2023_10_30_16_33_IMG_6001.jpg,0.269894423191429,0.08014983099593564,0.6499557458126353
road420::2023_10_30_16_34_IMG_6005.jpg,0.6329643116061126,0.032159694461612855,0.3348759939322747
road420::2023_10_30_16_40_IMG_6018.jpg,0.2211828488809652,0.25902472100842955,0.5197924301106053
road420::2023_10_30_16_41_IMG_6021.jpg,0.16887555470815346,0.36875902705038865,0.4623654182414579
road420::2023_10_30_16_41_IMG_6023.jpg,0.43466336015124724,0.08090133167768937,0.4844353081710635
road420::2023_10_30_16_41_IMG_6026.jpg,0.4319355582379434,0.09415101781429266,0.47391342394776403
road420::2023_10_30_16_41_IMG_6027.jpg,0.4207847495996393,0.09743061751902711,0.4817846328813336
road420::2023_10_30_16_42_IMG_6030.jpg,0.600599037529759,0.07988271456981029,0.31951824790043076
road420::2023_10_30_16_45_IMG_6037.jpg,0.45683511038163394,0.09988922104866255,0.44327566856970363
road420::2023_10_30_16_46_IMG_6042.jpg,0.5676471478458405,0.2649577993761094,0.16739505277805003
road420::2023_10_30_16_53_IMG_6064.jpg,0.25135221656454376,0.0711463879798116,0.6775013954556447
road420::2023_10_30_16_55_IMG_6069.jpg,0.4960893565183626,0.08883318168130779,0.4150774618003296
road420::2023_10_30_16_55_IMG_6073.jpg,0.2649100539026345,0.2567035393721747,0.4783864067251907
road420::2023_10_30_16_56_IMG_6075.jpg,0.5501423696149196,0.04693519830102475,0.40292243208405576
road420::2023_10_30_16_57_IMG_6080.jpg,0.6199923318910558,0.11885357951361816,0.26115408859532585
road420::2023_10_30_16_57_IMG_6082.jpg,0.5982759978064733,0.14427050554177362,0.2574534966517531
road420::2023_10_30_16_58_IMG_6086.jpg,0.4771037752738946,0.132226203882028,0.3906700208440775
road420::2023_10_30_16_59_IMG_6093.jpg,0.7005393897908436,0.05417132489169789,0.24528928531745836
road420::2023_10_30_16_59_IMG_6095.jpg,0.5487466811781696,0.08897366381078754,0.36227965501104276
road420::2023_10_30_16_59_IMG_6096.jpg,0.48427646027958865,0.16969710422013656,0.3460264355002748
road420::2023_10_30_16_59_IMG_6097.jpg,0.3763686219650443,0.17383113731131866,0.4498002407236371
road420::2023_10_30_17_01_IMG_6103.jpg,0.4049391490255008,0.11137059580072482,0.4836902551737743
road420::2023_10_30_17_02_IMG_6111.jpg,0.27681886807334705,0.17778941076640975,0.5453917211602433
road420::2023_10_30_17_02_IMG_6112.jpg,0.431419807611291,0.15223071916741204,0.4163494732212969
road420::2023_10_30_17_03_IMG_6122.jpg,0.36070265402364426,0.14467920721483798,0.4946181387615179
road420::2023_10_30_17_03_IMG_6123.jpg,0.30312394730925596,0.11907487620719377,0.5778011764835502
road420::2023_10_30_17_05_IMG_6130.jpg,0.2801381401762884,0.14148460853778858,0.578377251285923
road420::2023_10_30_17_05_IMG_6131.jpg,0.525408415102824,0.13144265442594172,0.3431489304712343
road420::2023_10_30_17_05_IMG_6132.jpg,0.459870692765641,0.10878441811899513,0.4313448891153637
road420::2023_10_30_17_05_IMG_6133.jpg,0.5533226822107928,0.11028239195070107,0.33639492583850605
road420::2023_10_30_17_06_IMG_6137.jpg,0.7618792121791177,0.08312252218788371,0.15499826563299857
road420::2023_10_30_17_08_IMG_6142.jpg,0.608699844296636,0.11136999235010837,0.27993016335325555
road420::2023_10_30_17_21_IMG_6146.jpg,0.5811335221580829,0.17928659126671828,0.23957988657519877
road420::2023_10_30_17_30_IMG_6164.jpg,0.12439600998259552,0.21502964565765711,0.6605743443597473
road420::2023_10_30_17_30_IMG_6166.jpg,0.048634276202408754,0.11503006799975694,0.8363356557978342
road420::2023_10_30_17_30_IMG_6167.jpg,0.06799923312304434,0.10564997818641807,0.8263507886905377
road420::2023_10_30_17_32_IMG_6174.jpg,0.23137291216999367,0.03585885513483064,0.7327682326951757
road420::2023_10_30_17_32_IMG_6175.jpg,0.2001004383674869,0.11147478643577236,0.6884247751967406
road420::2023_10_30_17_33_IMG_6177.jpg,0.35657189378928134,0.15150155813310778,0.49192654807761094
road420::2023_10_30_17_34_IMG_6181.jpg,0.17693886516695528,0.08616420626317892,0.7368969285698658
road420::2023_10_30_17_34_IMG_6183.jpg,0.4309603245604712,0.1956234703014067,0.3734162051381221
road420::2023_10_30_17_34_IMG_6184.jpg,0.3888678179972328,0.08764602729192376,0.5234861547108435
road420::2023_10_31_13_37_IMG_6210.jpg,0.6907149005836678,0.2296985061822042,0.07958659323412796
road420::2023_10_31_13_38_IMG_6211.jpg,0.5170006736254507,0.18043279921880476,0.30256652715574456
road420::2023_10_31_13_39_IMG_6214.jpg,0.4422097905629739,0.37326734604697426,0.18452286339005203
road420::2023_10_31_13_49_IMG_6222.jpg,0.15269970354108195,0.695853453095,0.15144684336391812
road420::2023_10_31_13_54_IMG_6226.jpg,0.5165010502630059,0.08578657959076529,0.3977123701462289
road420::2023_10_31_14_09_IMG_6233.jpg,0.061673840006297206,0.4069158974895519,0.5314102625041509
road420::2023_10_31_14_22_IMG_6246.jpg,0.3353294337236696,0.18589706699733255,0.47877349927899776
road420::2023_10_31_14_27_IMG_6253.jpg,0.541084830785267,0.35934376067835944,0.09957140853637353
road420::2023_10_31_14_35_IMG_6272.jpg,0.5143438544954716,0.055211021505856175,0.4304451239986723
road420::2023_10_31_14_38_IMG_6281.jpg,0.7740934700431321,0.06351660689638924,0.16238992306047859
road420::2023_10_31_14_47_IMG_6296.jpg,0.7306446144383658,0.07012986567906218,0.19922551988257187
road420::2023_11_01_20_22_IMG_6341.jpg,0.06034692097743379,0.11930486893907596,0.8203482100834901
road420::2023_11_01_20_32_IMG_6352.jpg,0.9030995587926224,0.04628343587326103,0.050617005334116776
road420::2023_11_01_20_41_IMG_6365.jpg,0.6472543545834076,0.19247195230693473,0.1602736931096576
road420::2023_11_01_20_46_IMG_6374.jpg,0.6872039078646641,0.16279753154584276,0.1499985605894931
road420::2023_11_05_21_04_IMG_6449.jpg,0.291514904314577,0.1534577230236832,0.5550273726617397
road420::2023_11_05_21_05_IMG_6450.jpg,0.39588519725421983,0.19855088322005454,0.4055639195257256
road420::2023_11_05_21_08_IMG_6458.jpg,0.44660628010989306,0.0657749747451266,0.48761874514498044
road420::2023_11_05_21_15_IMG_6465.jpg,0.1297613839597077,0.14122213886713086,0.7290164771731614
road420::2023_11_05_21_22_IMG_6473.jpg,0.371529712972596,0.022335303067026573,0.6061349839603773
road420::2023_11_05_21_23_IMG_6477.jpg,0.24669566747937974,0.16717620560456006,0.5861281269160602
road420::2023_11_05_21_23_IMG_6480.jpg,0.31394852149591157,0.18360320530143348,0.502448273202655
road420::2023_11_05_21_24_IMG_6483.jpg,0.13343305816807208,0.0404152612112242,0.8261516806207038
road420::2023_11_05_21_28_IMG_6493.jpg,0.3994877841029518,0.13226902456431736,0.4682431913327308
road420::2023_11_05_21_29_IMG_6497.jpg,0.23341205622563901,0.014583421208085024,0.7520045225662759
road420::2023_11_05_21_32_IMG_6505.jpg,0.4566360688687863,0.04136712979932382,0.5019968013318898
road420::2023_11_05_21_38_IMG_6515.jpg,0.19401807868494259,0.6360833508026329,0.16989857051242455
road420::2023_11_05_21_40_IMG_6524.jpg,0.7916224154479014,0.14653030053253738,0.061847284019561265
road420::2023_11_05_21_41_IMG_6526.jpg,0.2727341197460419,0.5263575936336947,0.20090828662026336
facade390::DJ_Wall_106.JPG,0.6179841833639144,0.10148565878359561,0.2805301578524901
facade390::DJ_Wall_109.JPG,0.5440595561004757,0.0803028959128996,0.3756375479866246
facade390::DJ_Wall_113.JPG,0.5522758026043818,0.11437630510027895,0.33334789229533923
facade390::DJ_Wall_114.JPG,0.5605281423346608,0.14266862619580498,0.2968032314695342
facade390::DJ_Wall_122.JPG,0.5306224591862405,0.1773087534618198,0.2920687873519397
facade390::DJ_Wall_123.JPG,0.5425793869199405,0.12468421584657949,0.3327363972334799
facade390::DJ_Wall_127.JPG,0.8854171388676508,0.059618446810171796,0.05496441432217741
facade390::DJ_Wall_13.JPG,0.21234145105527055,0.6130282176058727,0.17463033133885678
facade390::DJ_Wall_131.JPG,0.7961955045658332,0.13794625128192015,0.06585824415224659
facade390::DJ_Wall_135.JPG,0.8377016458053999,0.10461328773939653,0.05768506645520351
facade390::DJ_Wall_14.JPG,0.19897609879046407,0.629710152042695,0.17131374916684097
facade390::DJ_Wall_141.JPG,0.7235039445481647,0.20159528006588126,0.07490077538595404
facade390::DJ_Wall_143.JPG,0.7716275584219956,0.13575019415435377,0.09262224742365062
facade390::DJ_Wall_144.JPG,0.7407080174567695,0.135573175043672,0.12371880749955844
facade390::DJ_Wall_157.JPG,0.7448568916755456,0.14936511711951134,0.105777991204943
facade390::DJ_Wall_158.JPG,0.8544842355333307,0.08494056558373593,0.060575198882933466
facade390::DJ_Wall_162.JPG,0.7245611916624584,0.20007280243528822,0.07536600590225334
facade390::DJ_Wall_164.JPG,0.8225894884906553,0.12096362500522637,0.05644688650411836
facade390::DJ_Wall_17.JPG,0.1239397967577243,0.4063785167998106,0.469681686442465
facade390::DJ_Wall_184.JPG,0.7809516171702285,0.08856692249143319,0.13048146033833827
facade390::DJ_Wall_187.JPG,0.8514372580794806,0.08179045129003608,0.0667722906304834
facade390::DJ_Wall_193.JPG,0.45146347378174584,0.15727264398319607,0.391263882235058
facade390::DJ_Wall_196.JPG,0.5999282092944189,0.20184233853484654,0.19822945217073462
facade390::DJ_Wall_20.JPG,0.37064942109028887,0.106605186595817,0.5227453923138942
facade390::DJ_Wall_204.JPG,0.5875351643613475,0.16185462549928636,0.2506102101393662
facade390::DJ_Wall_205.JPG,0.5039020285758349,0.07080688703126929,0.42529108439289587
facade390::DJ_Wall_208.JPG,0.6293213368962975,0.06657423147386925,0.30410443162983325
facade390::DJ_Wall_211.JPG,0.646056093936157,0.09687059945042371,0.25707330661341926
facade390::DJ_Wall_221.JPG,0.27545694265174886,0.025654630760587466,0.6988884265876637
facade390::DJ_Wall_228.JPG,0.5825982208914331,0.03835487036368037,0.3790469087448865
facade390::DJ_Wall_23.JPG,0.2315089700654001,0.4417407613292735,0.3267502686053266
facade390::DJ_Wall_239.JPG,0.6257533797344662,0.026593887860849038,0.34765273240468475
facade390::DJ_Wall_261.JPG,0.13064234943672318,0.04451728097318224,0.8248403695900945
facade390::DJ_Wall_271.JPG,0.6014015653100142,0.06389985264586087,0.33469858204412495
facade390::DJ_Wall_272.JPG,0.6020723141324628,0.09357978656931171,0.3043478992982255
facade390::DJ_Wall_277.JPG,0.6173112717841577,0.07063090922252081,0.31205781899332163
facade390::DJ_Wall_278.JPG,0.6083945528321427,0.14024704838616842,0.2513583987816889
facade390::DJ_Wall_286.JPG,0.27808595822569004,0.044794454617142807,0.6771195871571672
facade390::DJ_Wall_287.JPG,0.44536955197187506,0.07058783062433951,0.4840426174037854
facade390::DJ_Wall_293.JPG,0.5943721045039654,0.1170209205859281,0.28860697491010656
facade390::DJ_Wall_294.JPG,0.5343940901602894,0.1401186755869542,0.32548723425275633
facade390::DJ_Wall_295.JPG,0.4453652588142389,0.13091996827088018,0.4237147729148811
facade390::DJ_Wall_297.JPG,0.6436206060536162,0.18531439605384475,0.17106499789253898
facade390::DJ_Wall_3.JPG,0.2831111751260433,0.5927520166445025,0.12413680822945411
facade390::DJ_Wall_303.JPG,0.5190977894678483,0.2891912926987672,0.19171091783338454
facade390::DJ_Wall_309.JPG,0.5587564013992005,0.26962943808136475,0.17161416051943487
facade390::DJ_Wall_31.JPG,0.33323906876141157,0.28804282880994103,0.3787181024286474
facade390::DJ_Wall_319.JPG,0.575701544483888,0.2998884763829954,0.1244099791331167
facade390::DJ_Wall_326.JPG,0.42960650994895333,0.28811044708413375,0.282283042966913
facade390::DJ_Wall_327.JPG,0.38881561659674774,0.2827996961453215,0.32838468725793074
facade390::DJ_Wall_334.JPG,0.34741283414923985,0.42694072127793603,0.22564644457282412
facade390::DJ_Wall_344.JPG,0.2402035266672375,0.38481426160982934,0.3749822117229332
facade390::DJ_Wall_358.JPG,0.2295633506971122,0.5660608191495765,0.2043758301533113
facade390::DJ_Wall_360.JPG,0.2860407095516279,0.21839200277596046,0.4955672876724115
facade390::DJ_Wall_365.JPG,0.38580677681556313,0.3166433618178623,0.2975498613665747
facade390::DJ_Wall_368.JPG,0.2503004350928059,0.5110047456379125,0.23869481926928157
facade390::DJ_Wall_369.JPG,0.41882718905056254,0.416146394428969,0.1650264165204685
facade390::DJ_Wall_373.JPG,0.36973232376803195,0.22981721076642275,0.4004504654655453
facade390::DJ_Wall_375.JPG,0.5067312535563089,0.250409273044295,0.2428594733993962
facade390::DJ_Wall_377.JPG,0.451439049422906,0.3229431400187834,0.22561781055831065
facade390::DJ_Wall_381.JPG,0.36832160815469767,0.37901870016109257,0.2526596916842097
facade390::DJ_Wall_385.JPG,0.4142787815878439,0.4359416475901274,0.14977957082202864
facade390::DJ_Wall_387.JPG,0.23070483941037268,0.6091784042270428,0.16011675636258457
facade390::DJ_Wall_39.JPG,0.23613456210077116,0.2847293504620846,0.4791360874371443
facade390::DJ_Wall_390.JPG,0.3166333408927703,0.5391864780812161,0.14418018102601357
facade390::DJ_Wall_46.JPG,0.41999164167621844,0.25639263371268967,0.3236157246110919
facade390::DJ_Wall_47.JPG,0.4486021813967375,0.19750996440290206,0.3538878542003603
facade390::DJ_Wall_48.JPG,0.31177392587536756,0.505492551929353,0.1827335221952793
facade390::DJ_Wall_49.JPG,0.27218201787547425,0.2928197231898709,0.43499825893465494
facade390::DJ_Wall_57.JPG,0.4002778017351459,0.2129143273475456,0.3868078709173085
facade390::DJ_Wall_61.JPG,0.24534780824991187,0.23729153974250816,0.5173606520075799
facade390::DJ_Wall_75.JPG,0.5668779768070534,0.15072448003352584,0.2823975431594207
facade390::DJ_Wall_78.JPG,0.2280984914827994,0.3519342623275175,0.4199672461896832
facade390::DJ_Wall_8.JPG,0.19102416356036825,0.6522569234149056,0.1567189130247261
facade390::DJ_Wall_84.JPG,0.48658206577433444,0.37067627124759517,0.14274166297807045
facade390::DJ_Wall_86.JPG,0.3454434008923422,0.06668553572478923,0.5878710633828685
facade390::DJ_Wall_89.JPG,0.36061774991970347,0.14014853939715252,0.49923371068314404
facade390::DJ_Wall_92.JPG,0.4951742970147512,0.1335296165329887,0.3712960864522601
facade390::DJ_Wall_99.JPG,0.4596812920932189,0.1906318353149319,0.34968687259184916
concrete3k::001_14.jpg,0.6010749922097555,0.07148115540140097,0.3274438523888436
concrete3k::001_2.jpg,0.5192960101293621,0.05678966965571327,0.42391432021492464
concrete3k::001_6.jpg,0.6972526213841156,0.050426238838599424,0.25232113977728504
concrete3k::020_10.jpg,0.6197143461798325,0.20962917631125796,0.17065647750890953
concrete3k::020_19.jpg,0.4841953033891736,0.31601818197006676,0.19978651464075975
concrete3k::020_28.jpg,0.5817435509726238,0.26038360556919915,0.15787284345817715
concrete3k::020_33.jpg,0.43286932291938374,0.1507366685294395,0.4163940085511767
concrete3k::020_34.jpg,0.3234734122929323,0.16150915367029467,0.5150174340367729
concrete3k::020_40.jpg,0.42455305342459526,0.2904156903231188,0.2850312562522858
concrete3k::020_41.jpg,0.5025667694356086,0.20721481373316816,0.2902184168312233
concrete3k::020_46.jpg,0.5244931123324591,0.2560447225172002,0.21946216515034073
concrete3k::020_9.jpg,0.3426135237863783,0.4294638576819414,0.22792261853168028
concrete3k::028_17.jpg,0.6705725224243012,0.07752546242892115,0.25190201514677757
concrete3k::028_18.jpg,0.7053741972117176,0.10907744088243315,0.18554836190584914
concrete3k::028_19.jpg,0.6856414743135957,0.08182452876175876,0.23253399692464558
concrete3k::028_28.jpg,0.3016166909519177,0.12319134648908983,0.5751919625589925
concrete3k::041_0.jpg,0.7286944275293618,0.14523713262623386,0.12606843984440438
concrete3k::041_1.jpg,0.5150152303537273,0.3623862995571951,0.12259847008907768
concrete3k::041_10.jpg,0.6217388936465132,0.16660428363692573,0.21165682271656094
concrete3k::041_11.jpg,0.48290913488137915,0.2670921809171266,0.24999868420149415
concrete3k::041_19.jpg,0.551844678707078,0.3206702278346323,0.12748509345828973
concrete3k::041_21.jpg,0.4031689718494559,0.42966992562690515,0.16716110252363886
concrete3k::041_22.jpg,0.3616722780270535,0.38625747239210767,0.2520702495808388
concrete3k::041_28.jpg,0.43135131436608976,0.2898415113346428,0.2788071742992674
concrete3k::041_30.jpg,0.4928767175240255,0.23614993991378064,0.2709733425621939
concrete3k::041_31.jpg,0.5760735908295334,0.2074761921433954,0.21645021702707126
concrete3k::041_8.jpg,0.6381209005404866,0.19443028369130394,0.1674488157682094
concrete3k::048_12.jpg,0.4105788999426535,0.09519809206647695,0.49422300799086955
concrete3k::048_18.jpg,0.4354554558307004,0.2472168786735139,0.31732766549578567
concrete3k::048_20.jpg,0.4080146314528775,0.42793647511151467,0.16404889343560788
concrete3k::048_21.jpg,0.4773912896319781,0.3382393940933562,0.1843693162746658
concrete3k::048_25.jpg,0.44906558185295015,0.4412520589254441,0.10968235922160563
concrete3k::048_26.jpg,0.4027105499523258,0.4370577681958656,0.16023168185180853
concrete3k::048_27.jpg,0.2231110311751709,0.5068524688800982,0.27003649994473095
concrete3k::048_29.jpg,0.29070648701026736,0.5543952565287577,0.15489825646097502
concrete3k::048_5.jpg,0.38659310599722063,0.3552797525144092,0.25812714148837024
concrete3k::048_6.jpg,0.4056938764494576,0.320813481997931,0.27349264155261127
concrete3k::050_11.jpg,0.5729751480617642,0.1348085289872471,0.2922163229509887
concrete3k::050_20.jpg,0.5082440400638737,0.1987131015603839,0.29304285837574234
concrete3k::050_27.jpg,0.4406491671562815,0.2712585489737038,0.28809228387001473
concrete3k::050_28.jpg,0.36712994670694304,0.38360978920153144,0.2492602640915254
concrete3k::050_35.jpg,0.4225570313632915,0.3037650408243447,0.2736779278123639
concrete3k::050_38.jpg,0.45044702598512826,0.3735860476844328,0.17596692633043892
concrete3k::050_43.jpg,0.39693712561521544,0.48485824239643693,0.11820463198834763
concrete3k::050_45.jpg,0.3475555241406487,0.37692455352778936,0.27551992233156203
concrete3k::050_47.jpg,0.3170245866566942,0.6090568705728876,0.07391854277041816
concrete3k::059_0.jpg,0.6995845658368581,0.13517559202185322,0.16523984214128865
concrete3k::059_1.jpg,0.6557570561007677,0.10423163106293667,0.24001131283629554
concrete3k::059_12.jpg,0.3667167769882059,0.20385850875377026,0.4294247142580238
concrete3k::059_20.jpg,0.28964478498476537,0.350898220386817,0.3594569946284176
concrete3k::059_27.jpg,0.5248546441990419,0.23065542644282486,0.24448992935813324
concrete3k::059_36.jpg,0.3855886783323494,0.4483392900886636,0.166072031578987
concrete3k::059_37.jpg,0.39770246389363373,0.3922225142938664,0.21007502181249993
concrete3k::059_44.jpg,0.32903081563678765,0.4035833186375879,0.2673858657256245
concrete3k::059_46.jpg,0.5514655936566251,0.27610053661263145,0.1724338697307435
concrete3k::059_47.jpg,0.584735173222123,0.1523089998170002,0.26295582696087677
concrete3k::064_12.jpg,0.44923333930140014,0.4145476268920618,0.1362190338065382
concrete3k::064_21.jpg,0.3639817490304349,0.31554851049883237,0.3204697404707327
concrete3k::064_28.jpg,0.4660199722203603,0.27241028513670634,0.2615697426429336
concrete3k::064_29.jpg,0.5558163370273268,0.19734853026429688,0.24683513270837631
concrete3k::064_36.jpg,0.46694449007007005,0.33419825768881606,0.1988572522411138
concrete3k::064_4.jpg,0.5017518100760163,0.12278933577382586,0.37545885415015784
concrete3k::064_46.jpg,0.5506027839415709,0.10808419130639865,0.34131302475203035
concrete3k::064_5.jpg,0.5213791136697228,0.34626439146364396,0.13235649486663317
concrete3k::070_21.jpg,0.5441898046723024,0.32630448645076143,0.12950570887693613
concrete3k::070_26.jpg,0.3981470898078121,0.2542035836996038,0.3476493264925842
concrete3k::070_27.jpg,0.576103979054014,0.2655084407377928,0.15838758020819335
concrete3k::070_28.jpg,0.3610967495484966,0.47793899763311354,0.16096425281838989
concrete3k::070_33.jpg,0.49600118704372,0.29604103125832665,0.20795778169795334
concrete3k::070_35.jpg,0.47612582395892256,0.19239306373535342,0.331481112305724
concrete3k::070_40.jpg,0.5461455307559518,0.32979411303691575,0.12406035620713239
concrete3k::070_41.jpg,0.5226204068902824,0.3609029670159291,0.11647662609378849
concrete3k::070_42.jpg,0.36817144103457855,0.3566549293365875,0.27517362962883407
concrete3k::071_16.jpg,0.6688477631904031,0.1512657703287525,0.1798864664808445
concrete3k::071_24.jpg,0.3937475648452976,0.42860230801900184,0.17765012713570053
concrete3k::071_26.jpg,0.5049177084785286,0.39597982889330874,0.0991024626281626
concrete3k::071_27.jpg,0.4134111684671907,0.45416019404654706,0.13242863748626219
concrete3k::071_30.jpg,0.450268005012757,0.396011112733027,0.15372088225421604
concrete3k::071_37.jpg,0.43419140602166806,0.2007074019743701,0.3651011920039618
concrete3k::075_16.jpg,0.6820196248207175,0.1861568011940843,0.1318235739851982
concrete3k::075_17.jpg,0.7465283086995934,0.19345364123485115,0.06001805006555531
concrete3k::075_27.jpg,0.5166859799438198,0.3530938696609767,0.13022015039520352
concrete3k::075_28.jpg,0.3023276457702974,0.391317110840664,0.30635524338903863
concrete3k::075_37.jpg,0.5628791894068615,0.3168682371717368,0.12025257342140157
concrete3k::075_39.jpg,0.5728376388717933,0.23027628445167977,0.19688607667652688
concrete3k::075_46.jpg,0.4526372009899504,0.3207841605698024,0.2265786384402472
concrete3k::075_47.jpg,0.6570067376268219,0.22533276680747996,0.1176604955656981
concrete3k::079_21.jpg,0.3973875941110174,0.22433913792934182,0.3782732679596409
concrete3k::079_22.jpg,0.40971127602031004,0.23336197863594949,0.35692674534374047
concrete3k::079_23.jpg,0.3365114524025628,0.43058514213900045,0.23290340545843666
concrete3k::079_24.jpg,0.5057239720222982,0.3641721148283424,0.1301039131493595
concrete3k::079_28.jpg,0.5254421157119081,0.351081433354682,0.12347645093340998
concrete3k::079_30.jpg,0.31084720973544616,0.5106700767835382,0.17848271348101563
concrete3k::079_31.jpg,0.4599228667000365,0.38958269771209314,0.15049443558787032
concrete3k::083_26.jpg,0.5238112767835238,0.1468030092037087,0.3293857140127675
concrete3k::083_27.jpg,0.4244848314217165,0.4322264267657089,0.14328874181257462
concrete3k::083_42.jpg,0.6332812900285556,0.20408001307219817,0.16263869689924618
concrete3k::083_6.jpg,0.4433943201283981,0.3147060957699237,0.24189958410167822
concrete3k::083_7.jpg,0.43065539335329406,0.41353902477480436,0.15580558187190152
concrete3k::092_36.jpg,0.3863699767644645,0.34989261218828943,0.2637374110472461
concrete3k::102_14.jpg,0.5431852484158326,0.343567276493707,0.11324747509046036
concrete3k::102_15.jpg,0.48486604413796824,0.391151436453647,0.12398251940838491
concrete3k::102_26.jpg,0.5128305977134626,0.3167222330535207,0.17044716923301664
concrete3k::102_32.jpg,0.566873859982101,0.3454886175701845,0.08763752244771429
concrete3k::102_33.jpg,0.4768498662457633,0.42506700548326704,0.09808312827096959
concrete3k::102_40.jpg,0.45917911201192485,0.406438477581669,0.13438241040640614
concrete3k::102_41.jpg,0.43650183514074464,0.36683865313797587,0.19665951172127943
concrete3k::106_17.jpg,0.4517619890095368,0.4137621005046781,0.13447591048578503
concrete3k::106_18.jpg,0.5272432426081416,0.360826130862792,0.11193062652906634
concrete3k::106_26.jpg,0.4886021003617221,0.2597638135422281,0.25163408609604976
concrete3k::106_32.jpg,0.6348894628635486,0.08730290313307065,0.27780763400338065
concrete3k::106_33.jpg,0.5497412234194393,0.2059000488917249,0.24435872768883585
concrete3k::106_34.jpg,0.46210642964145393,0.2176426298316388,0.3202509405269073
concrete3k::106_37.jpg,0.3316675877414157,0.4095704065848574,0.25876200567372687
concrete3k::106_38.jpg,0.36518007571501154,0.3647923946810267,0.2700275296039617
concrete3k::108_22.jpg,0.4784992951870448,0.3372901653881055,0.1842105394248497
concrete3k::108_25.jpg,0.4980490925814225,0.2770409331780134,0.22490997424056403
concrete3k::108_27.jpg,0.5135657804801564,0.34837552604465893,0.1380586934751846
concrete3k::108_28.jpg,0.5241359754765377,0.3007941155406105,0.17506990898285177
concrete3k::108_29.jpg,0.3261302532949943,0.4899205169925205,0.1839492297124852
concrete3k::111_16.jpg,0.7592852426272665,0.12433297292578699,0.11638178444694652
concrete3k::111_25.jpg,0.5128680762413101,0.32647923083887226,0.16065269291981768
concrete3k::111_26.jpg,0.7565690228137089,0.1262508621379242,0.11718011504836695
concrete3k::111_29.jpg,0.7791804867905643,0.11829174648086709,0.10252776672856859
concrete3k::111_36.jpg,0.5415245876749324,0.2222767357915306,0.23619867653353696
concrete3k::119_17.jpg,0.6635770580509875,0.20809798771948207,0.12832495422953033
concrete3k::119_28.jpg,0.7588272060555468,0.09128268315836252,0.14989011078609052
concrete3k::119_36.jpg,0.7287218788246047,0.10018395616505849,0.17109416501033683
concrete3k::119_38.jpg,0.8162348931930169,0.07332995371206392,0.11043515309491922
concrete3k::119_39.jpg,0.7657060709916991,0.08251518085942036,0.1517787481488805
concrete3k::119_46.jpg,0.7827171205822461,0.07988036817410493,0.13740251124364897
concrete3k::119_47.jpg,0.49179230705389093,0.10537398866744695,0.40283370427866205
concrete3k::122_19.jpg,0.5942492338625771,0.2539067349110287,0.15184403122639406
concrete3k::122_20.jpg,0.25843657505171713,0.41665900331992106,0.32490442162836186
concrete3k::122_26.jpg,0.6084286310455332,0.20523995855381025,0.18633141040065643
concrete3k::122_4.jpg,0.6298500321620107,0.15646010480876318,0.21368986302922602
concrete3k::122_41.jpg,0.6212776850167745,0.14836888535705633,0.23035342962616911
concrete3k::125_10.jpg,0.6584947850800175,0.23516189805073043,0.1063433168692521
concrete3k::125_19.jpg,0.6692796127941169,0.20493842511004007,0.125781962095843
concrete3k::125_27.jpg,0.3935856298796795,0.4816921868178452,0.1247221833024752
concrete3k::125_28.jpg,0.6938253874767745,0.19288883272140478,0.1132857798018209
concrete3k::125_37.jpg,0.4565983523042497,0.3404480372909365,0.20295361040481372
concrete3k::130_18.jpg,0.6097898174024929,0.20006139370961123,0.19014878888789583
concrete3k::130_19.jpg,0.28525841287262726,0.5900954545678989,0.1246461325594738
concrete3k::130_20.jpg,0.5948426439843194,0.15125095083274037,0.25390640518294016
concrete3k::130_21.jpg,0.29075648199426435,0.6056058859651593,0.10363763204057634
concrete3k::130_22.jpg,0.41666593046075595,0.4348716471756207,0.14846242236362325
concrete3k::130_26.jpg,0.5519636528728308,0.2593344332072074,0.18870191391996172
concrete3k::130_28.jpg,0.522879593348002,0.35359063881496516,0.12352976783703269
concrete3k::130_29.jpg,0.4262775130999566,0.46522528996681034,0.1084971969332331
concrete3k::131_19.jpg,0.5188443203347957,0.29573381659436015,0.1854218630708443
concrete3k::131_21.jpg,0.6699531743600927,0.22829564737755992,0.10175117826234724
concrete3k::131_22.jpg,0.7090013269751096,0.11347814897115259,0.17752052405373778
concrete3k::131_27.jpg,0.5152935824745244,0.31546795687808776,0.1692384606473878
concrete3k::131_32.jpg,0.7234451193423812,0.16143015825551774,0.11512472240210102
concrete3k::131_33.jpg,0.7371254784115109,0.11850544579849835,0.14436907578999078
concrete3k::131_34.jpg,0.41388603870857155,0.07145530719351821,0.5146586540979102
concrete3k::131_42.jpg,0.4373969366173292,0.2167230239724784,0.3458800394101923
concrete3k::131_43.jpg,0.5255127303649091,0.09704312927525674,0.37744414035983426
concrete3k::136_0.jpg,0.46892796168978607,0.36446587384610185,0.16660616446411214
concrete3k::136_20.jpg,0.2651812361020559,0.5267838969107479,0.20803486698719617
concrete3k::136_21.jpg,0.25920305978458336,0.46200502671924276,0.2787919134961738
concrete3k::136_45.jpg,0.2361465001744593,0.5617383312666637,0.20211516855887698
concrete3k::136_47.jpg,0.39606259995483684,0.44535714596781933,0.1585802540773438
concrete3k::137_16.jpg,0.19937128406925098,0.646422833020679,0.15420588291006995
concrete3k::137_18.jpg,0.3605090568698841,0.35129432585343057,0.2881966172766853
concrete3k::137_25.jpg,0.370828822838739,0.4690987747259085,0.16007240243535253
concrete3k::137_29.jpg,0.45810553155161604,0.4355877301230075,0.1063067383253764
concrete3k::137_39.jpg,0.3717675319242003,0.5304015974892285,0.0978308705865712
concrete3k::140_14.jpg,0.752519149491255,0.09723014161766401,0.150250708891081
concrete3k::140_18.jpg,0.7530497729377256,0.12073122781665155,0.12621899924562288
concrete3k::140_19.jpg,0.2292051071632951,0.5044010172067,0.2663938756300049
concrete3k::140_22.jpg,0.581406863166768,0.19912258108922173,0.21947055574401012
concrete3k::140_23.jpg,0.27706129693974535,0.5304138347915512,0.19252486826870324
concrete3k::140_3.jpg,0.5978467372063023,0.11717704466901065,0.2849762181246871
concrete3k::140_6.jpg,0.7457671958146403,0.029534603575791678,0.22469820060956805
concrete3k::167_13.jpg,0.4563503890088397,0.33552607645055765,0.20812353454060276
concrete3k::167_14.jpg,0.42447958819968873,0.20675911526518723,0.368761296535124
concrete3k::167_19.jpg,0.32608326646589364,0.043037861476912125,0.6308788720571942
concrete3k::167_21.jpg,0.43427742997625796,0.3717529456293609,0.19396962439438117
concrete3k::167_27.jpg,0.4635959160830394,0.24738349199997156,0.2890205919169889
concrete3k::167_34.jpg,0.3563142101874425,0.31795895286246817,0.3257268369500892
concrete3k::167_43.jpg,0.3592819476588113,0.3094503349709391,0.3312677173702496
concrete3k::167_5.jpg,0.4046396956768191,0.2301256737973501,0.36523463052583083
concrete3k::168_12.jpg,0.5276081284303381,0.2598870497634641,0.21250482180619773
concrete3k::174_18.jpg,0.42746432176130145,0.36894859712559164,0.203587081113107
concrete3k::174_19.jpg,0.3893320256700516,0.29551644740063393,0.31515152692931453
concrete3k::174_29.jpg,0.4664341309202178,0.31075580256173785,0.22281006651804444
concrete3k::174_30.jpg,0.5385699488259347,0.3000501050402453,0.16137994613382006
concrete3k::174_38.jpg,0.5641498053670845,0.20236908167225756,0.23348111296065788
concrete3k::174_39.jpg,0.5836673890356986,0.1732187392494813,0.2431138717148201
concrete3k::180_16.jpg,0.6630217434233066,0.2016559699203909,0.13532228665630258
concrete3k::180_17.jpg,0.543694488364158,0.3303949254575409,0.12591058617830111
concrete3k::180_25.jpg,0.2735016093699983,0.6242063553989865,0.10229203523101521
concrete3k::180_26.jpg,0.5818166062317655,0.32993971407604783,0.08824367969218674
concrete3k::180_28.jpg,0.6061132433898067,0.09999088199489223,0.2938958746153011
concrete3k::180_29.jpg,0.6575898998991936,0.21443188716499154,0.127978212935815
concrete3k::180_30.jpg,0.6562223358736673,0.24080149259684533,0.1029761715294874
concrete3k::180_35.jpg,0.5024897689758442,0.1944814840937429,0.3030287469304129
concrete3k::180_36.jpg,0.5832280314816586,0.15529914394461986,0.2614728245737216
concrete3k::183_25.jpg,0.6429047179022294,0.2178169697046263,0.13927831239314428
concrete3k::183_27.jpg,0.531713557055699,0.34148016019507044,0.12680628274923064
concrete3k::183_28.jpg,0.47217475832622546,0.38874358021511246,0.139081661458662
concrete3k::183_30.jpg,0.5379546851028547,0.2040372528799239,0.2580080620172214
concrete3k::183_33.jpg,0.26443214900677786,0.49965557544511924,0.23591227554810293
concrete3k::183_38.jpg,0.3729813354979615,0.30740112367053896,0.3196175408314995
concrete3k::191_10.jpg,0.4303643507035845,0.32524609636827373,0.2443895529281419
concrete3k::191_18.jpg,0.35254439078646505,0.4382981497456847,0.20915745946785028
concrete3k::191_2.jpg,0.25566129228754997,0.5879400341568131,0.15639867355563694
concrete3k::191_20.jpg,0.43189584434794387,0.26672308454929244,0.3013810711027638
concrete3k::191_28.jpg,0.4592007607103347,0.3701220684751946,0.17067717081447067
concrete3k::191_29.jpg,0.42973783788094483,0.39168776693241725,0.17857439518663798
concrete3k::191_46.jpg,0.5212924234740921,0.26416845901367997,0.214539117512228
concrete3k::191_47.jpg,0.3410666456215504,0.39747253302866353,0.26146082134978593
concrete3k::193_20.jpg,0.4473777382944997,0.2680526778827683,0.2845695838227321
concrete3k::193_24.jpg,0.5549945851042138,0.2785559957704513,0.16644941912533487
concrete3k::193_25.jpg,0.4906416085087488,0.3736556133691542,0.13570277812209705
concrete3k::193_26.jpg,0.4459983822786123,0.29272562507557076,0.2612759926458169
concrete3k::193_27.jpg,0.5267508836631629,0.3055371574544294,0.1677119588824077
concrete3k::193_29.jpg,0.33547654320765813,0.2534280258575427,0.41109543093479917
concrete3k::193_31.jpg,0.46180490759639514,0.36275207561754186,0.175443016786063
concrete3k::198_14.jpg,0.41883164913989823,0.4550954970121474,0.12607285384795444
concrete3k::198_15.jpg,0.4868323465413267,0.36798887715564843,0.1451787763030249
concrete3k::198_20.jpg,0.3117095988252545,0.4951620978809401,0.19312830329380534
concrete3k::198_22.jpg,0.32370415268254527,0.5738269291441325,0.1024689181733223
concrete3k::198_24.jpg,0.6833768447511421,0.17964217420739154,0.13698098104146625
concrete3k::198_25.jpg,0.5985319953549723,0.2698360731330619,0.1316319315119659
concrete3k::198_26.jpg,0.18618759571693724,0.667156023874911,0.14665638040815177
concrete3k::198_27.jpg,0.28724660069444685,0.5222123497158394,0.19054104958971368
concrete3k::198_28.jpg,0.3096100113419012,0.4839844710150266,0.2064055176430722
concrete3k::198_32.jpg,0.4603756728969766,0.39508222615290034,0.14454210095012296
concrete3k::216_17.jpg,0.4251079590576978,0.46381738384804844,0.11107465709425375
concrete3k::216_18.jpg,0.5159744558264161,0.34612222668139553,0.13790331749218843
concrete3k::216_19.jpg,0.4528457386468346,0.3618780783299601,0.1852761830232053
concrete3k::216_20.jpg,0.5131540262745352,0.2750190241307309,0.21182694959473397
concrete3k::216_21.jpg,0.5089906367274559,0.3679234759363506,0.12308588733619343
concrete3k::216_24.jpg,0.4348621328297615,0.3668569540265277,0.19828091314371088
concrete3k::216_28.jpg,0.4455973508516015,0.3414386049145053,0.21296404423389317
concrete3k::217_16.jpg,0.7153488736944428,0.16640311575871802,0.11824801054683919
concrete3k::217_17.jpg,0.6062927075576251,0.22533932081525362,0.16836797162712128
concrete3k::217_20.jpg,0.4223703516780331,0.39677394264811466,0.18085570567385226
concrete3k::217_22.jpg,0.542738571707489,0.3153614266574972,0.14190000163501393
concrete3k::217_23.jpg,0.6563650655560939,0.19660466135294405,0.14703027309096195
concrete3k::217_25.jpg,0.5063642078426658,0.316005295174564,0.17763049698277023
concrete3k::217_26.jpg,0.6405984734394994,0.24453870361836544,0.1148628229421351
concrete3k::217_29.jpg,0.5093243221007622,0.29086594429436663,0.19980973360487123
concrete3k::225_10.jpg,0.7436840530174187,0.10674614886584206,0.14956979811673932
concrete3k::225_20.jpg,0.5321265515611439,0.24289277274359342,0.2249806756952627
concrete3k::225_22.jpg,0.4409551489826039,0.21638728017192807,0.3426575708454681
concrete3k::225_31.jpg,0.7260847037720314,0.10459691153580077,0.1693183846921679
concrete3k::225_9.jpg,0.6138207836000134,0.21829045191982963,0.16788876448015694
concrete3k::226_21.jpg,0.5925023390338584,0.2941827090432208,0.11331495192292075
concrete3k::226_24.jpg,0.7986731823191844,0.08349256016542984,0.11783425751538577
concrete3k::226_26.jpg,0.5414589807649677,0.23818277425313455,0.22035824498189777
concrete3k::226_31.jpg,0.46559664277043983,0.20883926450480528,0.325564092724755
concrete3k::226_39.jpg,0.7060560270719274,0.18500778679951313,0.10893618612855956
concrete3k::232_0.jpg,0.4784345776162592,0.2617012157486514,0.2598642066350893
concrete3k::232_13.jpg,0.4342054804003104,0.18099925222724825,0.38479526737244146
concrete3k::232_18.jpg,0.24303400429586752,0.6087121526861203,0.1482538430180121
concrete3k::232_30.jpg,0.46313383317174667,0.33405295161238,0.2028132152158732
concrete3k::232_36.jpg,0.19442439654962448,0.4505032588215379,0.3550723446288376
concrete3k::232_38.jpg,0.4395818514605771,0.27666018846688306,0.2837579600725398
concrete3k::232_39.jpg,0.4820155578123263,0.3694816678462407,0.14850277434143294
concrete3k::232_44.jpg,0.4533051489884094,0.1543334387678752,0.3923614122437154
concrete3k::232_45.jpg,0.2687468579737956,0.3090551979518042,0.42219794407440026
concrete3k::237_16.jpg,0.5606522968577814,0.2449901950063392,0.19435750813587938
concrete3k::237_18.jpg,0.4532112620020606,0.4208719153575091,0.12591682264043025
concrete3k::237_24.jpg,0.3670232753654727,0.34673374531831913,0.28624297931620823
concrete3k::237_8.jpg,0.5151440968922838,0.21219807573154573,0.27265782737617056
concrete3k::243_16.jpg,0.5176261162876875,0.20376750568585203,0.2786063780264605
concrete3k::243_18.jpg,0.6490530062968461,0.18110944325185288,0.16983755045130092
concrete3k::243_19.jpg,0.645663968327426,0.20700892565842707,0.1473271060141469
concrete3k::243_29.jpg,0.6885419839014559,0.19162011594964184,0.11983790014890229
concrete3k::243_37.jpg,0.5148254268761385,0.21588848434383667,0.26928608878002486
concrete3k::243_47.jpg,0.6029084896928049,0.19863160064258042,0.19845990966461458
concrete3k::244_10.jpg,0.4283453595004962,0.36801515950851527,0.2036394809909886
concrete3k::244_18.jpg,0.39137696569216757,0.14433621323615484,0.4642868210716776
concrete3k::244_19.jpg,0.4732886690382732,0.33214668914046874,0.194564641821258
concrete3k::244_29.jpg,0.4834121505398195,0.2513162169493986,0.2652716325107819
concrete3k::244_38.jpg,0.6116864318693186,0.15646082730053107,0.2318527408301504
concrete3k::244_8.jpg,0.43268280276347976,0.3896549155591142,0.17766228167740603
concrete3k::244_9.jpg,0.5405436749298008,0.19162485006514046,0.26783147500505866
concrete3k::248_0.jpg,0.5191820727278097,0.39593155423118725,0.08488637304100302
concrete3k::248_1.jpg,0.698837301407609,0.13306065161334682,0.1681020469790441
concrete3k::248_19.jpg,0.5263863860002991,0.3009558018511232,0.1726578121485778
concrete3k::248_37.jpg,0.6261417643213868,0.16346229041853302,0.21039594526008024
concrete3k::248_45.jpg,0.6738615984791663,0.1265455849057864,0.19959281661504727
concrete3k::248_47.jpg,0.7218601403546839,0.20426082739947776,0.07387903224583825
concrete3k::248_9.jpg,0.516186377489023,0.4035132449951356,0.0803003775158414
concrete3k::250_21.jpg,0.6015938603198531,0.0879774125113653,0.3104287271687817
concrete3k::250_26.jpg,0.454031748998114,0.3110759172377232,0.23489233376416274
concrete3k::250_29.jpg,0.6638851259692637,0.2168220501168765,0.11929282391385972
concrete3k::252_17.jpg,0.44121158116563,0.3855608682346698,0.1732275505997003
concrete3k::252_25.jpg,0.35266364122998556,0.5146384556074727,0.13269790316254174
concrete3k::252_36.jpg,0.4913315483609299,0.2737530151578603,0.2349154364812099
concrete3k::252_37.jpg,0.58303668060028,0.28316599521964475,0.13379732418007517
concrete3k::252_38.jpg,0.5192773209644975,0.3158892703264073,0.16483340870909516
concrete3k::255_17.jpg,0.3627762824602852,0.42314894832686584,0.21407476921284901
concrete3k::255_18.jpg,0.5069240119694596,0.24939857275654476,0.24367741527399567
concrete3k::255_19.jpg,0.4539488553126372,0.28732757353378824,0.25872357115357447
concrete3k::255_21.jpg,0.4135260892252827,0.3458254242175624,0.2406484865571549
concrete3k::255_22.jpg,0.46271976989103264,0.4029359739236791,0.13434425618528817
concrete3k::255_23.jpg,0.3992719126626336,0.43237535830530843,0.16835272903205784
concrete3k::255_28.jpg,0.45099408952846526,0.3232881283245633,0.22571778214697158
concrete3k::256_27.jpg,0.6331931966529757,0.1588985703074321,0.20790823303959224
concrete3k::256_35.jpg,0.6116049462645602,0.2216705601208117,0.16672449361462804
concrete3k::256_36.jpg,0.3630024359037021,0.1999490309753222,0.43704853312097564
concrete3k::256_4.jpg,0.5564615873276503,0.23183357489124065,0.21170483778110913
concrete3k::256_41.jpg,0.2530113640989905,0.3902683478243595,0.35672028807665
concrete3k::256_43.jpg,0.5790982065765407,0.20504993997924448,0.21585185344421487
concrete3k::262_14.jpg,0.5273745955983347,0.04740874989552811,0.42521665450613705
concrete3k::262_15.jpg,0.39346542917902844,0.3999005456048116,0.20663402521615995
concrete3k::262_22.jpg,0.5462232224581154,0.10465243204862361,0.34912434549326105
concrete3k::262_23.jpg,0.598517374811453,0.07620116555352664,0.3252814596350203
concrete3k::262_29.jpg,0.6276576535406252,0.11804297659656406,0.2542993698628106
concrete3k::262_33.jpg,0.6108812333111,0.07653551089578,0.31258325579311996
concrete3k::262_40.jpg,0.7233931702294362,0.09928909483847591,0.177317734932088
concrete3k::268_1.jpg,0.6914668380674087,0.11807415882126635,0.1904590031113249
concrete3k::268_18.jpg,0.6014550480935844,0.28892209776514827,0.1096228541412673
concrete3k::268_27.jpg,0.4754286789158672,0.3754495927234149,0.149121728360718
concrete3k::268_29.jpg,0.42268908940591254,0.19268719775978188,0.38462371283430563
concrete3k::268_37.jpg,0.5214777740888082,0.340546884512953,0.13797534139823872
concrete3k::268_39.jpg,0.6261144787025964,0.24733002217857292,0.1265554991188307
concrete3k::268_47.jpg,0.6594507531554391,0.2103043587791877,0.13024488806537315
concrete3k::268_8.jpg,0.5596607205494601,0.3109847747600294,0.1293545046905104
concrete3k::268_9.jpg,0.7332900878799253,0.17348909678007263,0.09322081534000208
concrete3k::271_0.jpg,0.644360306622306,0.23391656558239282,0.12172312779530112
concrete3k::271_11.jpg,0.4441578726253112,0.27186990832021957,0.28397221905446923
concrete3k::271_19.jpg,0.36689364914385253,0.41908569224702613,0.21402065860912148
concrete3k::271_20.jpg,0.45304635595004605,0.32884380207854164,0.21810984197141234
concrete3k::271_38.jpg,0.6282068651405337,0.20774267651960432,0.16405045833986198
concrete3k::271_39.jpg,0.560241736652885,0.26881223671982746,0.17094602662728758
concrete3k::271_46.jpg,0.6796643058537581,0.11736512519487681,0.20297056895136495
concrete3k::271_8.jpg,0.6075020065881443,0.24427171125387337,0.1482262821579823
concrete3k::271_9.jpg,0.5675168219906288,0.2988534536893985,0.1336297243199727
concrete3k::272_16.jpg,0.5835158397497765,0.2952269276890666,0.12125723256115674
concrete3k::272_17.jpg,0.6199929968275562,0.2080480994267833,0.17195890374566059
concrete3k::272_28.jpg,0.25327132278710934,0.3436969016492174,0.40303177556367314
concrete3k::272_29.jpg,0.2580439167477701,0.4219265507223728,0.32002953252985705
concrete3k::272_30.jpg,0.3098498863426816,0.43310394421988585,0.2570461694374326
concrete3k::272_38.jpg,0.35714208302936507,0.3173098957989603,0.32554802117167464
concrete3k::272_8.jpg,0.48363283745388264,0.3255592292515452,0.1908079332945721
concrete3k::272_9.jpg,0.6745893214439723,0.2362735983229508,0.0891370802330768
concrete3k::278_19.jpg,0.3957235550817256,0.24710511485897277,0.35717133005930163
concrete3k::278_20.jpg,0.5417221437822376,0.2646497484779497,0.19362810773981268
concrete3k::278_22.jpg,0.5784466610543749,0.17654576887306453,0.24500757007256047
concrete3k::278_25.jpg,0.5718202338640019,0.10881886332454897,0.319360902811449
concrete3k::278_27.jpg,0.6346477836317274,0.07827850622113845,0.28707371014713423
concrete3k::284_0.jpg,0.14400938287764192,0.8205085584653405,0.03548205865701752
concrete3k::284_10.jpg,0.7190641781238537,0.11633899490090603,0.1645968269752402
concrete3k::284_36.jpg,0.5166239137696806,0.2491233113412282,0.23425277488909108
concrete3k::284_37.jpg,0.6735574072528075,0.18756891732191106,0.13887367542528142
concrete3k::284_38.jpg,0.43093137677322957,0.10884181498559889,0.4602268082411716
concrete3k::284_39.jpg,0.2915812516375365,0.13718412363838356,0.5712346247240799
concrete3k::284_42.jpg,0.6078827408003576,0.1809042848861838,0.21121297431345845
concrete3k::284_47.jpg,0.34901553860697937,0.134207825554236,0.5167766358387846
concrete3k::284_8.jpg,0.5297789344047571,0.36552338177111704,0.10469768382412592
concrete3k::284_9.jpg,0.6955546204163716,0.13417489422978293,0.17027048535384554
concrete3k::306_12.jpg,0.6143114992646445,0.038513048904922825,0.34717545183043275
concrete3k::306_13.jpg,0.6542547718818059,0.1717112558639523,0.1740339722542417
concrete3k::306_14.jpg,0.7727951039487029,0.11113951502073799,0.11606538103055916
concrete3k::306_15.jpg,0.5957593140840702,0.21967348269847026,0.18456720321745945
concrete3k::357_18.jpg,0.43484302941959296,0.45841119726312046,0.10674577331728656
concrete3k::357_22.jpg,0.575743526247539,0.25879635121064976,0.16546012254181117
concrete3k::357_23.jpg,0.4910723361796541,0.377284176884242,0.13164348693610392
concrete3k::357_42.jpg,0.40230620102823045,0.45054672605920665,0.14714707291256304
concrete3k::368_21.jpg,0.30899636167426053,0.5197063163383507,0.17129732198738876
concrete3k::368_23.jpg,0.4645682974581851,0.23588678701085591,0.299544915530959
concrete3k::368_26.jpg,0.3835802546711915,0.47185799405185563,0.14456175127695275
concrete3k::368_27.jpg,0.324177587007226,0.5301724413080825,0.14564997168469151
concrete3k::368_29.jpg,0.35165427604600796,0.40438380379289,0.24396192016110194
concrete3k::368_37.jpg,0.44369202346609193,0.27874441247852705,0.2775635640553811
concrete3k::368_43.jpg,0.3571782969989516,0.4468285150201118,0.19599318798093654
concrete3k::372_10.jpg,0.5540941535834666,0.18078442920288737,0.26512141721364607
concrete3k::372_11.jpg,0.43183735072190527,0.3687697840142925,0.1993928652638023
concrete3k::372_15.jpg,0.27665426092500844,0.4371974077315951,0.28614833134339646
concrete3k::372_38.jpg,0.27264559972148866,0.4830190397878353,0.24433536049067595
concrete3k::372_43.jpg,0.33234253528185675,0.5645618780426798,0.10309558667546348
concrete3k::372_8.jpg,0.3774016942775613,0.4121762769643854,0.2104220287580533
concrete3k::372_9.jpg,0.40821807151800793,0.34038289399792077,0.25139903448407136
concrete3k::377_20.jpg,0.5134381608889201,0.3958671972752904,0.09069464183578951
concrete3k::377_21.jpg,0.6232208415416864,0.2209890505788367,0.15579010787947672
concrete3k::377_22.jpg,0.5580754591191645,0.29675577996187485,0.14516876091896083
concrete3k::377_29.jpg,0.5898720843175684,0.10050265638864737,0.3096252592937841
concrete3k::377_34.jpg,0.45002461963220874,0.16446941621346764,0.3855059641543237
concrete3k::383_0.jpg,0.26961157799300506,0.4180085638396677,0.3123798581673271
concrete3k::383_12.jpg,0.4687163614334389,0.31480610290601047,0.21647753566055059
concrete3k::383_13.jpg,0.6152306310856138,0.19794782046352058,0.18682154845086554
concrete3k::383_14.jpg,0.43869513289366174,0.3777045122762729,0.1836003548300653
concrete3k::383_19.jpg,0.46771493809259096,0.3566146054493502,0.17567045645805876
concrete3k::383_33.jpg,0.39321957800636537,0.4098973002201303,0.1968831217735044
concrete3k::383_39.jpg,0.4979295219820318,0.3040341474066326,0.1980363306113356
concrete3k::383_46.jpg,0.6053775509937953,0.30460321270706997,0.09001923629913473
concrete3k::383_6.jpg,0.5619558433577265,0.06962680907294887,0.3684173475693246
concrete3k::407_15.jpg,0.6286560374518838,0.20518280965271068,0.16616115289540548
concrete3k::407_20.jpg,0.4434429390499225,0.28379059431896403,0.2727664666311134
concrete3k::407_21.jpg,0.4237529561358016,0.24548175040451323,0.3307652934596851
concrete3k::407_26.jpg,0.4845360179343415,0.2561086022400795,0.259355379825579
concrete3k::407_32.jpg,0.5318940678432699,0.22342587091079333,0.24468006124593672
concrete3k::407_38.jpg,0.4627180523151384,0.31007905665697644,0.2272028910278851
concrete3k::407_44.jpg,0.5726707304877128,0.24766866772634347,0.17966060178594376
concrete3k::413_14.jpg,0.3092472566424677,0.5369023666193868,0.15385037673814544
concrete3k::413_20.jpg,0.25386524488374423,0.5140590986205734,0.23207565649568238
concrete3k::413_3.jpg,0.6302869647229122,0.24615322207118873,0.12355981320589914
concrete3k::413_8.jpg,0.6377125788868713,0.27516790707943406,0.08711951403369468
concrete3k::415_14.jpg,0.5288535479560863,0.3591044439526195,0.11204200809129419
concrete3k::415_19.jpg,0.5152400277448627,0.1321072372059697,0.3526527350491676
concrete3k::415_3.jpg,0.6646838813416679,0.16653076899822347,0.1687853496601086
concrete3k::415_32.jpg,0.6899186709262431,0.17300976825659367,0.13707156081716332
concrete3k::415_44.jpg,0.6907890175393222,0.24170523677845512,0.06750574568222262
concrete3k::415_8.jpg,0.4303644307338824,0.18150539774383379,0.38813017152228385
concrete3k::418_20.jpg,0.4765206376057341,0.3584237325059419,0.16505562988832406
concrete3k::418_32.jpg,0.3107189763636579,0.32056407341166143,0.36871695022468065
concrete3k::418_44.jpg,0.5199740277586855,0.22244092144119232,0.2575850508001222
concrete3k::418_8.jpg,0.555191261019439,0.2965086726679723,0.14830006631258846
concrete3k::423_16.jpg,0.18516399488573304,0.6868642636936051,0.1279717414206619
concrete3k::423_32.jpg,0.34187718897460223,0.34212832493395395,0.3159944860914437
concrete3k::423_38.jpg,0.34231848991654934,0.5549508297363525,0.10273068034709815
concrete3k::423_39.jpg,0.2377391235103986,0.37611796359017724,0.38614291289942415
concrete3k::423_4.jpg,0.40511125250368707,0.3199303399150684,0.27495840758124457
concrete3k::423_44.jpg,0.35241520984378044,0.5225482829418296,0.12503650721438989
concrete3k::424_15.jpg,0.21737681660434424,0.5886892619023921,0.19393392149326363
concrete3k::424_26.jpg,0.31778663047530614,0.5359432966084102,0.1462700729162836
concrete3k::424_27.jpg,0.3698145598347419,0.2764338842539927,0.35375155591126534
concrete3k::424_3.jpg,0.36489201956167217,0.22793582643633636,0.4071721540019914
concrete3k::424_37.jpg,0.2975098859442756,0.4901510660243018,0.21233904803142262
concrete3k::424_9.jpg,0.34235320421368587,0.46311849155227275,0.19452830423404127
concrete3k::425_0.jpg,0.5753099725150767,0.07831953883888541,0.3463704886460378
concrete3k::425_14.jpg,0.4956560530883859,0.3031728903873039,0.20117105652431005
concrete3k::425_26.jpg,0.42844940295741046,0.31048161625524173,0.2610689807873478
concrete3k::425_27.jpg,0.3548260274358023,0.2758513825548554,0.3693225900093422
concrete3k::425_46.jpg,0.5540894064336179,0.26665833570069314,0.17925225786568896
concrete3k::425_8.jpg,0.522263090821551,0.2680019252545429,0.20973498392390613
concrete3k::425_9.jpg,0.5137642224274943,0.15556663852647745,0.3306691390460283
concrete3k::430_14.jpg,0.45705231277170777,0.331466374428662,0.21148131279963023
concrete3k::430_2.jpg,0.4711795349036814,0.3579168688146487,0.1709035962816699
concrete3k::430_20.jpg,0.43647936500516754,0.31774396526923404,0.24577666972559842
concrete3k::430_33.jpg,0.5006294829336377,0.2568536351285225,0.24251688193783977
concrete3k::430_38.jpg,0.40668736780813647,0.361575337199732,0.2317372949921315
concrete3k::430_44.jpg,0.5210195829683413,0.3146282414108289,0.16435217562082982
concrete3k::430_8.jpg,0.451937443210663,0.3675259018284996,0.1805366549608374
concrete3k::441_14.jpg,0.44248620364294566,0.3204440174508853,0.23706977890616898
concrete3k::441_19.jpg,0.5284328319252672,0.2720886857760837,0.19947848229864898
concrete3k::441_20.jpg,0.48404849804488775,0.3498574418314723,0.16609406012363995
concrete3k::441_24.jpg,0.6246554333118476,0.2241321553989247,0.15121241128922785
concrete3k::441_33.jpg,0.4188313075430905,0.31203746040801045,0.269131232048899
concrete3k::441_46.jpg,0.6902512746612692,0.16103415174027305,0.1487145735984577
concrete3k::445_10.jpg,0.2660007493896198,0.6578871594349676,0.0761120911754125
concrete3k::445_16.jpg,0.6087821503830377,0.2588777423101769,0.1323401073067853
concrete3k::445_22.jpg,0.49803414619328257,0.37498967222595464,0.12697618158076288
concrete3k::445_33.jpg,0.5305271389642001,0.3052918237379328,0.16418103729786696
concrete3k::445_38.jpg,0.47954767951345384,0.3156550843160722,0.20479723617047402
concrete3k::445_43.jpg,0.7034143698024363,0.17171788962224216,0.12486774057532152
concrete3k::445_5.jpg,0.7878382941829828,0.10282658345751204,0.10933512235950524
concrete3k::447_18.jpg,0.5284039245437052,0.13373312809202426,0.3378629473642706
concrete3k::447_28.jpg,0.663236542300358,0.10520969748835536,0.23155376021128665
concrete3k::447_35.jpg,0.6067739682216812,0.29739488075357173,0.09583115102474703
concrete3k::463_2.jpg,0.7283087100628606,0.12990811851990341,0.141783171417236
concrete3k::463_21.jpg,0.5084054796736395,0.3423135481634286,0.14928097216293185
concrete3k::463_33.jpg,0.46444105098945626,0.4232782273213844,0.11228072168915934
concrete3k::463_38.jpg,0.5555949738411319,0.36026027201001737,0.08414475414885084
concrete3k::463_43.jpg,0.5290839900202291,0.33243511638104567,0.13848089359872523
concrete3k::463_44.jpg,0.2974591713745124,0.5897896679616345,0.11275116066385317
concrete3k::463_8.jpg,0.5991387571926816,0.15581875952859905,0.2450424832787194
concrete3k::470_15.jpg,0.4328837925118325,0.38352516220154115,0.18359104528662645
concrete3k::470_19.jpg,0.5359695943780155,0.193539798829907,0.2704906067920773
concrete3k::470_20.jpg,0.3902997112789741,0.45413769389564634,0.1555625948253796
concrete3k::470_24.jpg,0.592253788449642,0.1359258839657212,0.2718203275846368
concrete3k::470_25.jpg,0.39336293616690593,0.19534149103247841,0.4112955728006155
concrete3k::470_27.jpg,0.3822313558885208,0.4110818913275191,0.20668675278396006
concrete3k::470_28.jpg,0.43145359369812053,0.2080291668251733,0.36051723947670616
concrete3k::470_32.jpg,0.412741985579565,0.31003940124887325,0.2772186131715617
concrete3k::470_33.jpg,0.4351515871710313,0.3963046745201564,0.1685437383088122
concrete3k::470_38.jpg,0.43604324065215855,0.2812100779345613,0.28274668141328024
concrete3k::470_4.jpg,0.5278187423108651,0.2896496133836886,0.18253164430544624
concrete3k::470_44.jpg,0.489185127195216,0.31828699408590566,0.19252787871887836
concrete3k::470_45.jpg,0.515184628337884,0.16025711703708792,0.324558254625028
concrete3k::470_5.jpg,0.6553763218132018,0.16116804465504478,0.18345563353175334
concrete3k::470_9.jpg,0.44521491020398324,0.3041651907468965,0.2506198990491202
concrete3k::471_21.jpg,0.45158471309339854,0.3252239565405796,0.22319133036602173
concrete3k::471_26.jpg,0.5732477942805031,0.2209120413027042,0.20584016441679268
concrete3k::471_27.jpg,0.32075028388380716,0.4818876679342057,0.1973620481819871
concrete3k::471_28.jpg,0.3267701910894844,0.2782226570338167,0.3950071518766989
concrete3k::471_31.jpg,0.4850877614469127,0.27609949816410573,0.23881274038898168
concrete3k::471_32.jpg,0.4200237981996767,0.3956665411380643,0.18430966066225893
concrete3k::471_37.jpg,0.5170214012267856,0.28435330560547745,0.198625293167737
concrete3k::472_2.jpg,0.5624578121873128,0.18180419011421223,0.2557379976984749
concrete3k::472_20.jpg,0.3551566814276535,0.3528484937757162,0.29199482479663036
concrete3k::472_26.jpg,0.36563344676170545,0.37164994999266043,0.2627166032456341
concrete3k::472_32.jpg,0.5312316687686415,0.21241517207121602,0.25635315916014256
concrete3k::472_42.jpg,0.24341136059629367,0.5409483845255781,0.2156402548781282
concrete3k::472_9.jpg,0.602385377820624,0.2576477972856181,0.13996682489375795
concrete3k::476_26.jpg,0.37909854321331365,0.3525427173796468,0.2683587394070395
concrete3k::476_27.jpg,0.39548569904534997,0.28656273918558683,0.3179515617690632
concrete3k::476_3.jpg,0.6051831957459323,0.2682877052054753,0.12652909904859252
concrete3k::476_33.jpg,0.28772942779357735,0.43354391410819193,0.2787266580982307
concrete3k::476_39.jpg,0.42761961465933085,0.3536632567739739,0.21871712856669515
concrete3k::476_45.jpg,0.4313571979085655,0.37531528819887144,0.19332751389256297
concrete3k::476_7.jpg,0.49478883044813343,0.2567452750733112,0.2484658944785555
concrete3k::476_9.jpg,0.36364511593630544,0.3938724881898612,0.2424823958738334
concrete3k::483_15.jpg,0.3910012094679383,0.31022724159129145,0.29877154894077024
concrete3k::483_32.jpg,0.30139240194209366,0.45648920337412235,0.24211839468378396
concrete3k::483_37.jpg,0.44418347091822336,0.3393586083368173,0.21645792074495934
concrete3k::483_5.jpg,0.42587427094468006,0.29448359803158913,0.27964213102373076
concrete3k::488_20.jpg,0.6389537798093007,0.23626305599112732,0.12478316419957206
concrete3k::488_21.jpg,0.626117964419779,0.2303100327758943,0.14357200280432666
concrete3k::488_23.jpg,0.6145426493244426,0.17987453662241237,0.20558281405314502
concrete3k::488_27.jpg,0.5657509478676721,0.27319591168950713,0.16105314044282074
concrete3k::488_29.jpg,0.6431121811477571,0.14021581012345355,0.21667200872878933
concrete3k::488_38.jpg,0.49808143302245694,0.2459850849625803,0.25593348201496274
concrete3k::488_43.jpg,0.5814881172424208,0.2839352026995152,0.13457668005806395
concrete3k::488_44.jpg,0.6889659767977364,0.13704445830784254,0.17398956489442102
concrete3k::488_9.jpg,0.5481171081122563,0.25533707279254775,0.19654581909519583
concrete3k::497_11.jpg,0.43841195372281366,0.38432132564202015,0.17726672063516627
concrete3k::497_12.jpg,0.6105164271305193,0.1635057659937532,0.2259778068757275
concrete3k::497_18.jpg,0.5023003959217274,0.33946165129228534,0.15823795278598723
concrete3k::497_22.jpg,0.381407915554136,0.4361353497173049,0.18245673472855917
concrete3k::497_25.jpg,0.4868445540034695,0.38660671051898227,0.12654873547754814
concrete3k::497_31.jpg,0.4421096089342473,0.34165225488843154,0.2162381361773212
concrete3k::497_39.jpg,0.540138138547239,0.24828458819634375,0.21157727325641718
concrete3k::500_16.jpg,0.5834066427069479,0.2932428446979068,0.12335051259514532
concrete3k::500_17.jpg,0.5057266722795709,0.37215395360490255,0.12211937411552648
concrete3k::500_19.jpg,0.3892303565357291,0.5136131541568665,0.09715648930740432
concrete3k::500_20.jpg,0.3541113791644505,0.5095219271643526,0.13636669367119686
concrete3k::500_28.jpg,0.478608259960921,0.40436816402543785,0.11702357601364134
concrete3k::500_37.jpg,0.5136274693898977,0.40541073977064895,0.08096179083945346
concrete3k::500_38.jpg,0.5714740055528506,0.2540776681600995,0.17444832628704993
concrete3k::508_11.jpg,0.35666610860106945,0.45410407616296095,0.18922981523596974
concrete3k::508_20.jpg,0.33764097993676023,0.5172357146733674,0.14512330538987242
concrete3k::508_46.jpg,0.6846498075406758,0.15447846570839885,0.16087172675092526
concrete3k::508_47.jpg,0.569686444801389,0.33060091258652174,0.09971264261208916
concrete3k::508_8.jpg,0.4499459359709563,0.4044378561695048,0.14561620785953894
concrete3k::508_9.jpg,0.34781733663541003,0.5479118010429085,0.10427086232168152
concrete3k::509_17.jpg,0.41054504570839234,0.35166047587959876,0.23779447841200904
concrete3k::509_19.jpg,0.45816499060899885,0.37445121005983445,0.16738379933116662
concrete3k::509_21.jpg,0.47927282794604753,0.2380997019944694,0.28262747005948313
concrete3k::509_27.jpg,0.5199933075624377,0.2977555438857216,0.18225114855184074
concrete3k::509_28.jpg,0.44759913070146756,0.39639649278819084,0.15600437651034157
concrete3k::509_29.jpg,0.5829832031633193,0.20403947643360829,0.21297732040307232
concrete3k::509_9.jpg,0.3591380191731505,0.4403500623997248,0.20051191842712457
concrete3k::514_16.jpg,0.4255534708688256,0.4478018313434294,0.12664469778774495
concrete3k::514_18.jpg,0.3109203705207729,0.44586449438699927,0.2432151350922278
concrete3k::514_19.jpg,0.22723415199401306,0.5895282565151458,0.18323759149084104
concrete3k::514_21.jpg,0.3438785512043007,0.52335159360296,0.1327698551927392
concrete3k::514_23.jpg,0.5742014763199731,0.2589497994800043,0.16684872420002256
concrete3k::515_13.jpg,0.24507737314906158,0.6224634825397618,0.1324591443111766
concrete3k::515_14.jpg,0.28452303863599165,0.627617849738467,0.08785911162554134
concrete3k::515_15.jpg,0.3006168255242996,0.46463789301047576,0.23474528146522472
concrete3k::515_20.jpg,0.2618389935518207,0.6004214866674213,0.13773951978075794
concrete3k::515_33.jpg,0.3683798571471383,0.4524285687094604,0.17919157414340134
concrete3k::515_40.jpg,0.4529602500778375,0.42016625114419326,0.12687349877796922
concrete3k::515_41.jpg,0.474240569550857,0.440548215722184,0.08521121472695888
concrete3k::515_6.jpg,0.28129768911314895,0.5128564628952502,0.20584584799160083
concrete3k::521_16.jpg,0.590774464461321,0.26282509442793245,0.1464004411107466
concrete3k::521_17.jpg,0.5938920294225633,0.21370806028024994,0.19239991029718687
concrete3k::521_27.jpg,0.4782230731751128,0.31616676676939953,0.20561016005548782
concrete3k::521_37.jpg,0.5005165415160361,0.3365051957104939,0.1629782627734699
concrete3k::521_38.jpg,0.4617019610227933,0.3710889492938691,0.16720908968333764
concrete3k::521_44.jpg,0.5200709182723215,0.09642011495452521,0.3835089667731533
concrete3k::521_45.jpg,0.5310768572635622,0.2589059858920982,0.21001715684433958
concrete3k::528_20.jpg,0.2125909329508227,0.6811076328665615,0.10630143418261587
concrete3k::528_21.jpg,0.39486950714137,0.4777124415786119,0.12741805128001804
concrete3k::528_27.jpg,0.5078274244920097,0.22620523584347835,0.26596733966451197
concrete3k::528_33.jpg,0.41710412225223725,0.36306142563085875,0.21983445211690397
concrete3k::528_34.jpg,0.417172050315893,0.1911132874570815,0.3917146622270255
concrete3k::528_39.jpg,0.5915661901795326,0.20890697504209882,0.19952683477836858
concrete3k::528_45.jpg,0.4948403169098214,0.40654933912499597,0.0986103439651825
concrete3k::528_8.jpg,0.4502673725122148,0.3721956946102122,0.177536932877573
concrete3k::529_15.jpg,0.3208080837029806,0.4919694494206746,0.18722246687634464
concrete3k::529_2.jpg,0.5891037852520509,0.15340625164546814,0.25748996310248107
concrete3k::529_27.jpg,0.44906496395745166,0.33106940459289463,0.21986563144965382
concrete3k::529_3.jpg,0.47653985615419453,0.2827517353450604,0.24070840850074507
concrete3k::529_38.jpg,0.4781225929047438,0.26142214979344974,0.26045525730180646
concrete3k::529_39.jpg,0.36996739891966496,0.48493885825269395,0.1450937428276412
concrete3k::529_44.jpg,0.5209023908435293,0.17903953872193273,0.3000580704345379
concrete3k::529_8.jpg,0.5132426203847826,0.23017402758165265,0.25658335203356486
concrete3k::529_9.jpg,0.4425697862052344,0.31392239585704307,0.24350781793772242
concrete3k::536_14.jpg,0.3612191297157906,0.4660317847533756,0.17274908553083368
concrete3k::536_15.jpg,0.4039924441536229,0.3659384476348945,0.2300691082114826
concrete3k::536_27.jpg,0.4362347123003139,0.37575486936650926,0.18801041833317678
concrete3k::536_3.jpg,0.5827905903991355,0.3151104322702497,0.1020989773306148
concrete3k::536_9.jpg,0.32428456270347883,0.45601041955418514,0.21970501774233595
concrete3k::543_15.jpg,0.5834725662837716,0.23982460302560787,0.1767028306906205
concrete3k::543_21.jpg,0.5082173171530929,0.29029218332524953,0.2014904995216576
concrete3k::543_3.jpg,0.6270090015858762,0.27891038121809686,0.0940806171960269
concrete3k::543_31.jpg,0.32609475294985185,0.5028909857857435,0.17101426126440458
concrete3k::543_37.jpg,0.5523202162580982,0.3006566501786317,0.14702313356327007
concrete3k::543_43.jpg,0.29219366723769513,0.4963075046460849,0.21149882811622006
concrete3k::552_12.jpg,0.5078065416998836,0.19859230908835426,0.29360114921176206
concrete3k::552_24.jpg,0.41817327153894884,0.36496811437166954,0.21685861408938165
concrete3k::552_25.jpg,0.35228119073982356,0.4062388218552142,0.24147998740496235
concrete3k::552_27.jpg,0.32735529366553323,0.45506639638210283,0.2175783099523639
concrete3k::552_29.jpg,0.37861275315539744,0.23214355461174616,0.3892436922328563
concrete3k::552_30.jpg,0.4649630549370942,0.21953384354727642,0.31550310151562944
concrete3k::552_32.jpg,0.5052963126463134,0.3508855686570586,0.14381811869662803
concrete3k::552_33.jpg,0.34524791769002405,0.3988390449630248,0.25591303734695126
concrete3k::552_34.jpg,0.41685363793402613,0.34441876838928737,0.23872759367668653
concrete3k::552_35.jpg,0.3393151875164531,0.5400034941227977,0.12068131836074919
concrete3k::552_36.jpg,0.3701718695986483,0.16329494953831178,0.46653318086303985
concrete3k::552_37.jpg,0.49847357077987314,0.31550847616680205,0.18601795305332483
concrete3k::552_38.jpg,0.279758015622261,0.20248707343349118,0.5177549109442477
concrete3k::556_1.jpg,0.5433303536721709,0.34600727443878027,0.11066237188904875
concrete3k::556_20.jpg,0.32603329628455324,0.4324437737783357,0.24152292993711116
concrete3k::556_21.jpg,0.5406978009492466,0.29615027338477296,0.16315192566598039
concrete3k::556_38.jpg,0.3573484181252654,0.35625559168891885,0.28639599018581574
concrete3k::556_39.jpg,0.3827229389180496,0.5075790969164046,0.10969796416554582
concrete3k::556_8.jpg,0.5715850926015991,0.3129279136749786,0.11548699372342236
concrete3k::556_9.jpg,0.3848959158854072,0.44044692575596034,0.1746571583586326
concrete3k::560_12.jpg,0.4027653351060646,0.12140148574206577,0.4758331791518695
concrete3k::560_13.jpg,0.5133625377189232,0.13346991930426663,0.35316754297681024
concrete3k::560_14.jpg,0.266848791994213,0.6234933909250232,0.10965781708076383
concrete3k::560_2.jpg,0.532469843550387,0.34900772166834243,0.1185224347812706
concrete3k::560_20.jpg,0.3857007456843633,0.3538036675640171,0.2604955867516195
concrete3k::560_43.jpg,0.5056977775554017,0.31761490406120046,0.17668731838339796
concrete3k::560_8.jpg,0.3932094960157879,0.5088397794136887,0.0979507245705233
concrete3k::568_28.jpg,0.6007816391552675,0.2950594209135209,0.10415893993121161
concrete3k::568_29.jpg,0.6301585028225063,0.24931549216895305,0.12052600500854072
concrete3k::568_30.jpg,0.42031585876619976,0.34492373861752024,0.23476040261627998
concrete3k::568_32.jpg,0.43629007976047335,0.4717937926886314,0.09191612755089529
concrete3k::568_36.jpg,0.5423759061471777,0.37075195230656277,0.08687214154625957
concrete3k::568_37.jpg,0.5936045418417089,0.2949493819003004,0.11144607625799083
concrete3k::568_40.jpg,0.3965538456798937,0.313377890002717,0.29006826431738925
concrete3k::568_42.jpg,0.4450837039047765,0.3586772742322515,0.19623902186297204
concrete3k::568_46.jpg,0.260829907797761,0.436143317589573,0.30302677461266614
concrete3k::575_19.jpg,0.36706434204251037,0.46069864997218274,0.1722370079853069
concrete3k::575_21.jpg,0.41968595265647146,0.3772920701228444,0.20302197722068419
concrete3k::575_23.jpg,0.44619456098736077,0.35439398964028407,0.19941144937235514
concrete3k::575_29.jpg,0.4820617119621381,0.3945611953219525,0.12337709271590949
concrete3k::578_25.jpg,0.3572683759523584,0.4395222864876826,0.20320933755995907
concrete3k::578_26.jpg,0.3611844389604795,0.4957543485273879,0.14306121251213247
concrete3k::578_27.jpg,0.3750987536463818,0.417071395452689,0.2078298509009292
concrete3k::578_29.jpg,0.48510247935218725,0.4037483595914478,0.11114916105636488
concrete3k::578_32.jpg,0.39782422541551604,0.37823804998565674,0.22393772459882724
concrete3k::578_33.jpg,0.21098751052047446,0.5473344101003105,0.24167807937921504
concrete3k::582_18.jpg,0.24797607312678252,0.5659143873085606,0.1861095395646568
concrete3k::582_20.jpg,0.19643201636996066,0.5607377910424237,0.24283019258761562
concrete3k::582_25.jpg,0.3641560736822016,0.3079718446688903,0.3278720816489081
concrete3k::582_26.jpg,0.35848973946874824,0.39339519702271286,0.24811506350853885
concrete3k::582_34.jpg,0.24465232886835922,0.38480613454960916,0.37054153658203176
concrete3k::588_0.jpg,0.6344827291768949,0.23886477524590102,0.12665249557720426
concrete3k::588_1.jpg,0.3785790700957291,0.3932060386272635,0.22821489127700734
concrete3k::588_13.jpg,0.42458263424940457,0.37763873576054147,0.19777862999005394
concrete3k::588_14.jpg,0.45142985994588486,0.4749512364692645,0.07361890358485067
concrete3k::588_39.jpg,0.23726453744039236,0.5275249722057673,0.23521049035384026
concrete3k::588_45.jpg,0.2801624279251926,0.4776111672157312,0.24222640485907618
concrete3k::588_6.jpg,0.48046936501961024,0.2529990277838131,0.26653160719657676
concrete3k::588_8.jpg,0.3771920536876882,0.4048154491732312,0.2179924971390806
concrete3k::602_14.jpg,0.2926218539877844,0.37562319204269806,0.33175495396951743
concrete3k::602_20.jpg,0.25201623689301317,0.41263431309524623,0.33534945001174055
concrete3k::602_3.jpg,0.33341373531197493,0.45923116787061224,0.20735509681741282
concrete3k::602_32.jpg,0.4148507190222928,0.3859934916508947,0.19915578932681255
concrete3k::602_44.jpg,0.425909502012339,0.4564736055735004,0.11761689241416072
concrete3k::608_10.jpg,0.7717702007035013,0.14850762442706306,0.07972217486943567
concrete3k::608_26.jpg,0.5312156193584613,0.20476794516171684,0.2640164354798219
concrete3k::608_31.jpg,0.6272255946311852,0.24439372148235597,0.12838068388645882
concrete3k::608_43.jpg,0.7814131799156877,0.08760779147011347,0.1309790286141989
concrete3k::608_9.jpg,0.5473542809883167,0.21265303915680273,0.2399926798548805
