variant,best_selection_metric,epoch,global_step,loss,ce,dice_loss,precision,recall,dice,iou,validation_rows
baseline_r4,validation dice,20.0,22820.0,0.14910823544739066,0.043090215611093614,0.17561273769380645,0.7577156614058285,0.7592688265839029,0.7438733528339898,0.6244404983665929,10
frangi_r4,validation dice,25.0,28525.0,0.14824869283116782,0.0416816616368791,0.17489044761707281,0.7595826800083603,0.7576550430341847,0.7448660777613837,0.625429207627257,14
