image_id,category,domain,delta_iou,umap_1,umap_2,umap_3
khanhha_original::CFD_001.jpg,improved,khanhha,0.0160206424062502,0.8521444,5.384084,4.272997
khanhha_original::CFD_007.jpg,improved,khanhha,0.0368783116067982,0.91838944,5.4416084,4.254604
khanhha_original::CFD_011.jpg,improved,khanhha,0.0800074283198405,0.75542635,5.304594,4.3048644
khanhha_original::CFD_013.jpg,degraded,khanhha,-0.0613781602241744,0.7882008,5.317916,4.2669067
khanhha_original::CFD_014.jpg,improved,khanhha,0.0547757300976464,0.856131,5.3865376,4.277323
khanhha_original::CFD_019.jpg,neutral,khanhha,-0.0013922859597681,0.8023878,5.332792,4.2645087
khanhha_original::CFD_037.jpg,degraded,khanhha,-0.0205260675392577,0.86530566,5.3920193,4.2571363
khanhha_original::CFD_040.jpg,degraded,khanhha,-0.0280389784482379,0.80485517,5.341255,4.2802687
khanhha_original::CFD_047.jpg,improved,khanhha,0.0217954926167799,0.78847086,5.331064,4.305717
khanhha_original::CFD_070.jpg,neutral,khanhha,-0.0080938631677056,0.9366805,5.451694,4.2665415
khanhha_original::CFD_080.jpg,improved,khanhha,0.0120839244730493,3.5300374,7.831633,5.616728
khanhha_original::CFD_082.jpg,degraded,khanhha,-0.0398716358043381,0.7696115,5.30646,4.303741
khanhha_original::CFD_084.jpg,improved,khanhha,0.0597371403006901,0.8684542,5.3953605,4.2530236
khanhha_original::CFD_088.jpg,degraded,khanhha,-0.0454029550117173,0.9319562,5.450372,4.247643
khanhha_original::CFD_108.jpg,neutral,khanhha,-0.0068110767920225,0.93467444,5.451896,4.2461495
khanhha_original::CFD_109.jpg,improved,khanhha,0.0193410891539252,0.9437485,5.4622445,4.234023
khanhha_original::CFD_111.jpg,neutral,khanhha,0.0075290681424338,0.92670685,5.4458256,4.248931
khanhha_original::CFD_118.jpg,neutral,khanhha,-0.0089024981629597,0.9640842,5.4808574,4.2322392
khanhha_original::CRACK500_20160222_080933_361_1.jpg,neutral,khanhha,-0.0001034083007714,-3.3194005,1.282548,7.5183115
khanhha_original::CRACK500_20160222_081031_641_361.jpg,neutral,khanhha,0.0009619976249003,7.213618,-3.3376496,10.121676
khanhha_original::CRACK500_20160222_081102_1921_721.jpg,neutral,khanhha,-0.0073055137365258,7.144635,-3.3695238,9.279326
khanhha_original::CRACK500_20160222_081102_1_721.jpg,neutral,khanhha,-0.00359477124183,-3.726606,3.7488089,8.097622
khanhha_original::CRACK500_20160222_081111_641_361.jpg,neutral,khanhha,0.0061497069074433,-3.3312695,1.3339626,7.238287
khanhha_original::CRACK500_20160222_081113_1921_721.jpg,neutral,khanhha,-0.008104944479948,7.151888,-3.3530958,9.127571
khanhha_original::CRACK500_20160222_081839_1_721.jpg,improved,khanhha,0.0483752525291589,7.2180295,-3.0315528,9.039532
khanhha_original::CRACK500_20160222_081908_641_721.jpg,neutral,khanhha,0.0068331924321738,7.2023973,-3.0567584,9.068131
khanhha_original::CRACK500_20160222_114759_1921_361.jpg,improved,khanhha,0.0315831267438633,7.266361,-3.4121077,10.074086
khanhha_original::CRACK500_20160222_114759_1921_721.jpg,degraded,khanhha,-0.0102925047967319,7.208206,-3.347693,10.244109
khanhha_original::CRACK500_20160222_114759_641_361.jpg,neutral,khanhha,-0.0025862951923198,7.230776,-3.3365061,9.88796
khanhha_original::CRACK500_20160222_115219_1281_721.jpg,neutral,khanhha,0.007898583617688,7.3090506,-3.0036974,9.024481
khanhha_original::CRACK500_20160222_115224_1281_1081.jpg,neutral,khanhha,-0.0006356104599523,7.3322787,-3.000251,8.990088
khanhha_original::CRACK500_20160222_115224_1281_361.jpg,improved,khanhha,0.1829655373475993,7.251043,-2.9521458,9.084446
khanhha_original::CRACK500_20160222_115305_1281_1081.jpg,degraded,khanhha,-0.0131990910365789,7.2444816,-2.9564216,9.095343
khanhha_original::CRACK500_20160222_115305_1921_361.jpg,neutral,khanhha,2.394671100591772e-05,7.305572,-2.889823,9.0159025
khanhha_original::CRACK500_20160222_115305_641_1.jpg,neutral,khanhha,0.0095086482795017,7.310027,-2.9410818,9.005125
khanhha_original::CRACK500_20160222_115305_641_721.jpg,neutral,khanhha,0.0098552548143666,7.28189,-2.991642,9.069535
khanhha_original::CRACK500_20160222_115324_1281_721.jpg,neutral,khanhha,1.965129010195188e-05,7.337647,-2.9415174,8.984218
khanhha_original::CRACK500_20160222_115324_641_1081.jpg,improved,khanhha,0.0102789315135722,7.3244286,-3.0111098,9.020817
khanhha_original::CRACK500_20160222_115519_641_721.jpg,neutral,khanhha,0.0092525299051148,8.1788,4.849134,10.12057
khanhha_original::CRACK500_20160222_115828_641_1.jpg,neutral,khanhha,-0.0007437058390387,8.208446,4.7901673,10.107819
khanhha_original::CRACK500_20160222_115833_1921_1081.jpg,degraded,khanhha,-0.0295464376161981,8.204881,4.8214965,10.113616
khanhha_original::CRACK500_20160222_115833_641_361.jpg,neutral,khanhha,-0.0066722173692509,8.210193,4.790311,10.109826
khanhha_original::CRACK500_20160222_115843_1281_361.jpg,neutral,khanhha,-0.0027310739605249,8.202653,4.813662,10.121461
khanhha_original::CRACK500_20160222_115847_1281_361.jpg,improved,khanhha,0.0520624583002047,8.231488,4.8086267,10.115839
khanhha_original::CRACK500_20160222_115847_641_361.jpg,neutral,khanhha,-0.0036984666541647,8.231746,4.8045774,10.118141
khanhha_original::CRACK500_20160222_163940_1281_1081.jpg,neutral,khanhha,0.0026273373743493,7.342392,-3.5346084,9.075356
khanhha_original::CRACK500_20160222_163940_1_1081.jpg,improved,khanhha,0.0230023029906272,7.0887856,-3.1710863,10.033365
khanhha_original::CRACK500_20160222_163940_1_361.jpg,improved,khanhha,0.0122966381810233,7.1104164,-3.1783433,9.993431
khanhha_original::CRACK500_20160222_163940_641_1081.jpg,neutral,khanhha,-0.0048359521603076,7.153288,-3.2713528,9.617152
khanhha_original::CRACK500_20160222_164141_1281_1.jpg,neutral,khanhha,0.007611500665304,7.0989103,-3.0787163,9.85639
khanhha_original::CRACK500_20160222_164141_1921_721.jpg,neutral,khanhha,0.0045615023559186,7.1271853,-3.028756,9.577506
khanhha_original::CRACK500_20160222_164141_1_1081.jpg,neutral,khanhha,0.0055611848281974,7.1871557,-3.2340767,9.080549
khanhha_original::CRACK500_20160222_164822_1281_1.jpg,improved,khanhha,0.0758985182944791,7.3839974,-3.5960152,8.954509
khanhha_original::CRACK500_20160222_164822_641_1.jpg,neutral,khanhha,-0.0027085002025828,7.370366,-3.592034,8.982485
khanhha_original::CRACK500_20160222_164822_641_361.jpg,degraded,khanhha,-0.0226626284144479,7.3884344,-3.636441,8.988333
khanhha_original::CRACK500_20160222_164825_641_721.jpg,degraded,khanhha,-0.019368189861586,7.2085414,-3.2997077,9.299382
khanhha_original::CRACK500_20160222_164851_641_1081.jpg,degraded,khanhha,-0.0216298627860888,7.3660693,-3.5906992,9.17165
khanhha_original::CRACK500_20160222_164936_641_361.jpg,neutral,khanhha,0.0096447957776096,7.3241653,-3.6823437,9.216249
khanhha_original::CRACK500_20160222_165037_1921_361.jpg,neutral,khanhha,0.0007862018271812,7.3114634,-3.5846498,9.037669
khanhha_original::CRACK500_20160222_165037_1_361.jpg,degraded,khanhha,-0.0143437867972231,7.163428,-3.4424531,9.36275
khanhha_original::CRACK500_20160222_165037_641_361.jpg,degraded,khanhha,-0.0119592177075171,7.2514224,-3.495567,9.1595335
khanhha_original::CRACK500_20160222_165218_641_1.jpg,degraded,khanhha,-0.0174980286878584,7.337263,-3.535566,8.9466505
khanhha_original::CRACK500_20160222_165225_1281_721.jpg,degraded,khanhha,-0.0400610037986133,7.296701,-3.5214407,8.946168
khanhha_original::CRACK500_20160222_165256_1281_1.jpg,degraded,khanhha,-0.04071848938722,7.3444924,-3.5741339,8.93588
khanhha_original::CRACK500_20160222_165256_1281_721.jpg,neutral,khanhha,0.0064186306275671,7.187515,-3.300456,9.162695
khanhha_original::CRACK500_20160222_165256_641_1.jpg,degraded,khanhha,-0.0622470639304503,7.3437047,-3.5775332,8.909331
khanhha_original::CRACK500_20160222_165715_1921_721.jpg,improved,khanhha,0.0432398454000775,7.23479,-3.49271,9.029872
khanhha_original::CRACK500_20160222_165909_1281_1081.jpg,neutral,khanhha,0.0028013090264542,7.316624,-3.5317278,8.994777
khanhha_original::CRACK500_20160222_165919_1_721.jpg,degraded,khanhha,-0.0383342005063709,7.3138723,-3.5437415,8.984844
khanhha_original::CRACK500_20160222_165926_1281_721.jpg,improved,khanhha,0.0116736208889219,7.187002,-3.314441,9.119929
khanhha_original::CRACK500_20160222_165947_1921_721.jpg,neutral,khanhha,0.0072667102931227,7.156442,-3.3492293,9.058544
khanhha_original::CRACK500_20160222_165951_1921_1.jpg,degraded,khanhha,-0.0113611202113032,7.169563,-3.3211641,9.187198
khanhha_original::CRACK500_20160225_114503_1_361.jpg,neutral,khanhha,-0.0079758764458578,7.190017,-3.2136037,9.159799
khanhha_original::CRACK500_20160225_114514_721_1281.jpg,neutral,khanhha,-0.0025247538678551,7.1552567,-3.2716987,9.4812155
khanhha_original::CRACK500_20160225_114514_721_641.jpg,neutral,khanhha,0.0053641233745586,7.141553,-3.1402655,9.611299
khanhha_original::CRACK500_20160225_114535_1281_1081.jpg,neutral,khanhha,-0.0007598949426797,7.3427835,-3.6743088,9.131716
khanhha_original::CRACK500_20160225_114535_1921_1081.jpg,degraded,khanhha,-0.0157957801222333,7.440464,-3.8155637,9.16209
khanhha_original::CRACK500_20160225_114535_1_1.jpg,improved,khanhha,0.018642694862774,7.4047556,-3.6616974,8.991964
khanhha_original::CRACK500_20160302_155848_1281_361.jpg,degraded,khanhha,-0.0120144805469224,7.3808684,-3.3760755,10.089296
khanhha_original::CRACK500_20160302_155848_1921_361.jpg,improved,khanhha,0.012860525309887,7.3029914,-3.4331894,10.465234
khanhha_original::CRACK500_20160302_155848_641_721.jpg,neutral,khanhha,0.0073497257098293,7.2879834,-3.3175294,10.191915
khanhha_original::CRACK500_20160302_155857_1281_1.jpg,degraded,khanhha,-0.05127034457478,7.792637,-3.600955,9.668709
khanhha_original::CRACK500_20160302_155857_1_721.jpg,neutral,khanhha,-0.00785821072237,7.475303,-3.543927,10.276968
khanhha_original::CRACK500_20160302_155914_1081_641.jpg,neutral,khanhha,-0.0037528064072522,7.5359373,-3.5041642,9.821753
khanhha_original::CRACK500_20160302_155919_1281_721.jpg,degraded,khanhha,-0.0350631137478705,7.479834,-3.0169556,9.065171
khanhha_original::CRACK500_20160302_155919_641_1.jpg,neutral,khanhha,0.0034167534597158,7.604128,-3.6911802,10.135821
khanhha_original::CRACK500_20160302_155919_641_1081.jpg,neutral,khanhha,-0.0070357078535311,7.710745,-3.7215698,9.802387
khanhha_original::CRACK500_20160302_155925_1281_361.jpg,degraded,khanhha,-0.0692967126129682,7.4827285,-3.6154041,10.44793
khanhha_original::CRACK500_20160302_155925_641_361.jpg,degraded,khanhha,-0.0624657110064724,7.7431026,-3.7064826,9.532048
khanhha_original::CRACK500_20160302_160033_641_361.jpg,improved,khanhha,0.0130783268596798,7.5163207,-3.689251,9.668748
khanhha_original::CRACK500_20160303_091830_361_1281.jpg,neutral,khanhha,-0.0067883718925948,7.610047,-3.6147423,10.057362
khanhha_original::CRACK500_20160303_092627_641_721.jpg,degraded,khanhha,-0.0229732152527071,7.595394,-3.6578746,9.663837
khanhha_original::CRACK500_20160303_092806_1281_721.jpg,degraded,khanhha,-0.0155726875793812,7.391769,-2.9750392,8.954322
khanhha_original::CRACK500_20160303_092806_1_721.jpg,neutral,khanhha,-0.0002514738455154,7.3621583,-3.0675325,8.981005
khanhha_original::CRACK500_20160303_092839_1281_361.jpg,neutral,khanhha,-0.0082936549528102,7.315151,-2.9553907,9.009823
khanhha_original::CRACK500_20160303_092839_1281_721.jpg,neutral,khanhha,-0.0034280189996103,7.241204,-2.9558065,9.110268
khanhha_original::CRACK500_20160303_092839_641_721.jpg,neutral,khanhha,-0.0086050053607364,7.247844,-2.9495854,9.09536
khanhha_original::CRACK500_20160303_093353_1921_361.jpg,neutral,khanhha,-0.0014370227738418,7.0771904,-3.370928,9.68894
khanhha_original::CRACK500_20160303_093353_1921_721.jpg,neutral,khanhha,0.0063368705361834,7.571615,-3.9578774,9.246832
khanhha_original::CRACK500_20160303_093400_641_1.jpg,neutral,khanhha,0.0058623529571693,7.360443,-3.6080985,9.340341
khanhha_original::CRACK500_20160303_093400_641_721.jpg,improved,khanhha,0.0286903695682552,7.3058305,-3.453151,10.028201
khanhha_original::CRACK500_20160303_093527_1281_361.jpg,neutral,khanhha,0.0039714154386215,7.382334,-3.5090373,10.339596
khanhha_original::CRACK500_20160303_093537_1921_1081.jpg,improved,khanhha,0.0171342335122448,7.725976,-3.8301284,9.961217
khanhha_original::CRACK500_20160306_103613_1_721.jpg,neutral,khanhha,-0.003560122842645,7.5441294,-3.6267555,9.814838
khanhha_original::CRACK500_20160306_103638_1921_1081.jpg,degraded,khanhha,-0.0163510925685373,7.624396,-3.7728736,9.451784
khanhha_original::CRACK500_20160306_103638_1_361.jpg,degraded,khanhha,-0.0323021086813889,7.598782,-3.7489316,9.337115
khanhha_original::CRACK500_20160306_103657_1921_721.jpg,improved,khanhha,0.0403988697086071,7.3947177,-3.5329745,10.3715925
khanhha_original::CRACK500_20160306_103657_641_721.jpg,neutral,khanhha,0.0014868002575559,7.394715,-3.541532,9.978674
khanhha_original::CRACK500_20160306_103816_1_721.jpg,neutral,khanhha,0.000702324397826,7.4209404,-3.5674038,10.337721
khanhha_original::CRACK500_20160306_103830_1921_1081.jpg,neutral,khanhha,0.001354616901062,7.757321,-3.9846323,9.5415325
khanhha_original::CRACK500_20160306_103903_1281_361.jpg,degraded,khanhha,-0.029524656837824,7.677578,-3.8940573,9.454908
khanhha_original::CRACK500_20160306_103903_641_361.jpg,neutral,khanhha,-0.0001940157986425,7.3977213,-3.5702264,9.465591
khanhha_original::CRACK500_20160306_104522_1921_361.jpg,improved,khanhha,0.0283299876748521,7.564285,-3.871106,9.506846
khanhha_original::CRACK500_20160306_104522_1921_721.jpg,neutral,khanhha,-0.0085296844528278,7.717896,-3.9208674,9.383875
khanhha_original::CRACK500_20160306_104522_641_721.jpg,neutral,khanhha,0.0052114239991765,7.553876,-3.634333,9.670324
khanhha_original::CRACK500_20160306_104527_1921_721.jpg,neutral,khanhha,0.0055760699859174,7.225435,-3.382794,10.405205
khanhha_original::CRACK500_20160306_104527_641_361.jpg,neutral,khanhha,-0.0028831659863063,7.244324,-3.387954,10.077771
khanhha_original::CRACK500_20160307_143827_1_721.jpg,neutral,khanhha,0.0043114221417273,7.4230423,-3.5513163,10.456706
khanhha_original::CRACK500_20160307_144115_1281_1.jpg,improved,khanhha,0.0123373404507997,7.2536488,-3.7276871,9.432605
khanhha_original::CRACK500_20160307_144150_1281_721.jpg,neutral,khanhha,0.0022152317402657,7.2691517,-2.9998126,9.224197
khanhha_original::CRACK500_20160307_144150_641_361.jpg,neutral,khanhha,0.0053042414902885,7.250347,-2.9511254,9.118143
khanhha_original::CRACK500_20160307_144202_1281_361.jpg,degraded,khanhha,-0.0118830870539662,7.336256,-3.0307393,9.267431
khanhha_original::CRACK500_20160307_144202_1281_721.jpg,improved,khanhha,0.014804329310339,7.392753,-3.0022771,9.224457
khanhha_original::CRACK500_20160307_144842_1281_1.jpg,neutral,khanhha,-0.0032209401705558,7.574628,-3.6892984,10.2162695
khanhha_original::CRACK500_20160307_144842_1281_1081.jpg,neutral,khanhha,0.0043278590594062,7.6516247,-3.7410429,9.905167
khanhha_original::CRACK500_20160307_144916_1281_361.jpg,improved,khanhha,0.0309048026619479,7.6131682,-3.8402805,9.432896
khanhha_original::CRACK500_20160307_144916_1921_721.jpg,degraded,khanhha,-0.0156515541787515,7.358923,-3.508455,10.061888
khanhha_original::CRACK500_20160307_144924_1281_361.jpg,improved,khanhha,0.0400851298638199,7.6015244,-3.9087558,9.477677
khanhha_original::CRACK500_20160307_144924_641_361.jpg,neutral,khanhha,-0.000714981501653,7.66895,-3.9601014,9.452492
khanhha_original::CRACK500_20160307_144931_1281_1.jpg,neutral,khanhha,-0.0062592993281777,7.5756483,-3.9038832,9.346696
khanhha_original::CRACK500_20160307_144931_641_721.jpg,degraded,khanhha,-0.0243998412947556,7.6497946,-3.789933,9.687756
khanhha_original::CRACK500_20160307_145059_1921_361.jpg,degraded,khanhha,-0.0160751325430891,7.0734205,-2.680501,9.09631
khanhha_original::CRACK500_20160307_145107_1281_721.jpg,neutral,khanhha,0.0059066203652853,7.2123947,-2.9885097,9.012198
khanhha_original::CRACK500_20160307_145107_1_1.jpg,improved,khanhha,0.0129103933955434,-2.806593,0.7251143,7.451042
khanhha_original::CRACK500_20160307_145259_1921_721.jpg,improved,khanhha,0.0103822039410417,7.1900334,-3.3300416,9.008655
khanhha_original::CRACK500_20160307_145259_1_361.jpg,neutral,khanhha,0.0020073118952038,7.035205,-3.2620635,9.451674
khanhha_original::CRACK500_20160307_162438_1921_1081.jpg,neutral,khanhha,-0.0015019544476827,7.223686,-3.3749797,9.237294
khanhha_original::CRACK500_20160307_162438_1921_721.jpg,degraded,khanhha,-0.0126061299095223,7.1057262,-3.3679376,9.531819
khanhha_original::CRACK500_20160307_163537_1281_721.jpg,degraded,khanhha,-0.0313496843770675,7.544031,-3.5888133,9.276267
khanhha_original::CRACK500_20160307_163537_641_361.jpg,neutral,khanhha,-0.0078207903394939,7.4162645,-3.6778214,9.0149
khanhha_original::CRACK500_20160307_163537_641_721.jpg,neutral,khanhha,-0.0056646701492085,7.190049,-3.22901,9.786583
khanhha_original::CRACK500_20160307_163627_641_721.jpg,improved,khanhha,0.0117797609539718,7.6326375,-3.9231544,9.236683
khanhha_original::CRACK500_20160307_163641_1921_361.jpg,neutral,khanhha,0.0013987969587738,7.274042,-3.532441,9.85629
khanhha_original::CRACK500_20160307_164214_1281_1081.jpg,improved,khanhha,0.0303378734968381,7.174052,-3.2883406,9.101301
khanhha_original::CRACK500_20160307_164214_1_721.jpg,degraded,khanhha,-0.0205259147021722,7.099814,-3.2882173,9.421406
khanhha_original::CRACK500_20160307_164226_1921_721.jpg,neutral,khanhha,-0.0042737533396113,7.146545,-3.3070562,9.108066
khanhha_original::CRACK500_20160307_164226_1_721.jpg,improved,khanhha,0.0180183576783319,7.1278434,-3.3012502,9.406943
khanhha_original::CRACK500_20160307_164226_641_721.jpg,neutral,khanhha,0.0012735074740966,7.094071,-3.221498,9.639558
khanhha_original::CRACK500_20160307_164301_641_361.jpg,neutral,khanhha,0.0036806848904129,7.120104,-3.325546,9.49669
khanhha_original::CRACK500_20160307_164334_641_1.jpg,degraded,khanhha,-0.0303345643443215,7.2894993,-3.8857558,9.123256
khanhha_original::CRACK500_20160307_164334_641_361.jpg,neutral,khanhha,0.0098489684670248,7.3060365,-3.6822336,9.103015
khanhha_original::CRACK500_20160307_164400_641_1.jpg,degraded,khanhha,-0.014266393837491,7.272327,-3.5596402,9.082039
khanhha_original::CRACK500_20160307_164517_1921_361.jpg,degraded,khanhha,-0.0182431153427147,7.1823015,-3.4194698,9.055139
khanhha_original::CRACK500_20160308_072824_641_1.jpg,neutral,khanhha,0.0002325231744483,7.5488997,-3.9227865,9.429002
khanhha_original::CRACK500_20160308_072921_1281_1081.jpg,degraded,khanhha,-0.0116575044632598,7.760615,-4.0153513,9.403724
khanhha_original::CRACK500_20160308_072921_1281_361.jpg,degraded,khanhha,-0.0150163244114266,7.681666,-3.895839,9.417139
khanhha_original::CRACK500_20160308_072921_641_1081.jpg,degraded,khanhha,-0.0122229988890639,7.455423,-3.6126301,9.969418
khanhha_original::CRACK500_20160308_072921_641_721.jpg,improved,khanhha,0.0234470766730769,7.549428,-3.6587744,9.7324705
khanhha_original::CRACK500_20160308_072951_641_721.jpg,neutral,khanhha,-0.0056999871473555,7.3084383,-3.4582484,10.439596
khanhha_original::CRACK500_20160308_073014_1281_721.jpg,neutral,khanhha,-0.0070396369683508,7.2015967,-3.3213568,10.213551
khanhha_original::CRACK500_20160308_073245_1_361.jpg,neutral,khanhha,0.0019000006284857,7.18641,-3.4993196,9.496288
khanhha_original::CRACK500_20160308_073245_641_1.jpg,neutral,khanhha,0.0025810032882596,7.437627,-3.916552,9.174003
khanhha_original::CRACK500_20160308_073356_1281_1081.jpg,neutral,khanhha,0.004288429959927,7.3743834,-3.877987,9.177753
khanhha_original::CRACK500_20160308_073356_641_1.jpg,neutral,khanhha,-0.0083635451853426,7.3385043,-3.7933362,9.348172
khanhha_original::CRACK500_20160308_073406_641_721.jpg,neutral,khanhha,-0.0087862530790794,7.281798,-3.5517476,9.56959
khanhha_original::CRACK500_20160308_073532_1_361.jpg,degraded,khanhha,-0.014362885645081,7.2141113,-3.4969058,9.863427
khanhha_original::CRACK500_20160308_073736_1281_361.jpg,neutral,khanhha,0.0021851797747682,7.394529,-3.5777822,10.238269
khanhha_original::CRACK500_20160308_073736_641_721.jpg,degraded,khanhha,-0.1497186447774119,7.613481,-3.7974591,9.835001
khanhha_original::CRACK500_20160308_074321_1921_361.jpg,degraded,khanhha,-0.0281750738773739,7.726639,-4.016155,9.390004
khanhha_original::CRACK500_20160308_074330_1921_721.jpg,improved,khanhha,0.0109821477222968,7.5268397,-3.716053,10.225349
khanhha_original::CRACK500_20160308_074702_1281_361.jpg,improved,khanhha,0.0825153554080176,7.4064245,-3.5366054,10.528685
khanhha_original::CRACK500_20160308_074702_1921_361.jpg,degraded,khanhha,-0.020608686004471,7.3828945,-3.515539,10.564518
khanhha_original::CRACK500_20160308_074702_641_721.jpg,improved,khanhha,0.0138396539451818,7.447628,-3.5724854,10.470744
khanhha_original::CRACK500_20160308_155720_1281_361.jpg,neutral,khanhha,-0.0052312038180993,7.2469,-2.9440596,9.06669
khanhha_original::CRACK500_20160308_155720_1_1.jpg,neutral,khanhha,0.0096221809549699,7.211992,-3.0260324,9.317001
khanhha_original::CRACK500_20160308_155720_641_721.jpg,neutral,khanhha,0.0052378040169147,7.2395043,-2.9371212,9.18076
khanhha_original::CRACK500_20160308_155731_1281_1.jpg,neutral,khanhha,-0.006497221503645,7.2614126,-2.9606533,9.0763855
khanhha_original::CRACK500_20160308_155731_641_1081.jpg,neutral,khanhha,-0.0005280617727753,7.266284,-2.9837127,9.06582
khanhha_original::CRACK500_20160308_155737_1281_1.jpg,neutral,khanhha,0.0042703553501981,7.244586,-2.9606533,9.131977
khanhha_original::CRACK500_20160308_155737_1281_361.jpg,improved,khanhha,0.0331569435483068,7.314657,-2.9710433,9.025662
khanhha_original::CRACK500_20160308_155737_1281_721.jpg,neutral,khanhha,0.0053053465519029,7.275192,-2.966997,9.058244
khanhha_original::CRACK500_20160308_155737_1921_1.jpg,improved,khanhha,0.0148067309102057,7.2625213,-2.978381,9.089721
khanhha_original::CRACK500_20160308_155737_1_1081.jpg,neutral,khanhha,0.0045879814154961,7.2463093,-2.9433413,9.089013
khanhha_original::CRACK500_20160308_155737_641_721.jpg,degraded,khanhha,-0.0267217419639262,7.3651576,-2.9139316,8.967777
khanhha_original::CRACK500_20160308_155828_1281_721.jpg,improved,khanhha,0.0153992740471868,7.171542,-3.3337185,9.119672
khanhha_original::CRACK500_20160308_155836_1921_361.jpg,neutral,khanhha,0.0084212940072088,7.5417705,-3.847841,9.169476
khanhha_original::CRACK500_20160308_155836_1921_721.jpg,improved,khanhha,0.0623622405896487,7.237528,-3.4605322,9.194411
khanhha_original::CRACK500_20160308_160053_1_361.jpg,degraded,khanhha,-0.0255625937908662,7.3506985,-3.6780727,9.041873
khanhha_original::CRACK500_20160308_160128_641_361.jpg,neutral,khanhha,-0.0005479584509502,7.275303,-3.6115894,9.30858
khanhha_original::CRACK500_20160308_160128_641_721.jpg,neutral,khanhha,0.0087404665969659,7.1780643,-3.3829446,9.797052
khanhha_original::CRACK500_20160310_114418_641_361.jpg,degraded,khanhha,-0.0163106649955793,7.315237,-3.4628341,9.352954
khanhha_original::CRACK500_20160310_114441_641_1.jpg,neutral,khanhha,0.000971288158489,7.2890086,-3.461491,9.637064
khanhha_original::CRACK500_20160310_114441_641_1081.jpg,improved,khanhha,0.0139954895860916,7.362827,-3.5411997,9.968481
khanhha_original::CRACK500_20160310_114446_641_1081.jpg,neutral,khanhha,-0.007346626965774,7.301739,-3.471613,9.546378
khanhha_original::CRACK500_20160310_114505_641_361.jpg,degraded,khanhha,-0.0383323804976584,7.4892173,-3.6014767,9.77188
khanhha_original::CRACK500_20160310_114658_641_721.jpg,neutral,khanhha,-0.0006161581900584,7.5031304,-3.6492836,9.301214
khanhha_original::CRACK500_20160316_141721_1_721.jpg,improved,khanhha,0.0145419873644383,7.193663,-3.4077473,9.648695
khanhha_original::CRACK500_20160316_141721_641_721.jpg,neutral,khanhha,-0.006513241123322,7.191356,-3.2766676,9.482071
khanhha_original::CRACK500_20160316_142009_1281_361.jpg,neutral,khanhha,0.0054936627674375,7.2456493,-3.4705086,9.425922
khanhha_original::CRACK500_20160316_142009_1281_721.jpg,degraded,khanhha,-0.0346533041360267,7.702381,-3.9323277,9.280107
khanhha_original::CRACK500_20160316_142027_1281_721.jpg,improved,khanhha,0.0450113387240483,7.5267024,-3.8121135,9.23096
khanhha_original::CRACK500_20160316_142449_1_361.jpg,neutral,khanhha,-0.0044242308877495,7.2913585,-3.5671868,9.960957
khanhha_original::CRACK500_20160316_142539_1_721.jpg,degraded,khanhha,-0.0413726600361636,7.5021644,-3.5755873,9.819441
khanhha_original::CRACK500_20160316_143433_641_361.jpg,neutral,khanhha,-0.007756016737375,7.5944896,-3.6637416,9.970235
khanhha_original::CRACK500_20160316_143445_1281_361.jpg,improved,khanhha,0.0124708342201939,7.557936,-3.6818135,9.828251
khanhha_original::CRACK500_20160316_143527_641_1.jpg,neutral,khanhha,0.003854045122455,7.639918,-3.769707,9.83258
khanhha_original::CRACK500_20160316_143547_1281_1081.jpg,neutral,khanhha,-0.0024466470992534,7.855155,-4.0438423,9.56927
khanhha_original::CRACK500_20160316_143603_1921_361.jpg,improved,khanhha,0.0793413344607263,7.5378084,-3.6245248,10.099839
khanhha_original::CRACK500_20160316_143624_1_641.jpg,neutral,khanhha,0.0081495512358366,7.604245,-3.609233,10.16574
khanhha_original::CRACK500_20160316_143629_1281_721.jpg,improved,khanhha,0.0465854350417789,7.7722955,-4.006165,9.4080925
khanhha_original::CRACK500_20160316_143629_1921_721.jpg,improved,khanhha,0.0501290035670659,7.8398204,-4.0155644,9.601387
khanhha_original::CRACK500_20160316_144203_1281_721.jpg,neutral,khanhha,0.0010885811755613,7.185451,-3.3464918,10.344463
khanhha_original::CRACK500_20160316_144212_1921_721.jpg,neutral,khanhha,0.006454223059466,7.834092,-4.016179,9.530298
khanhha_original::CRACK500_20160316_144212_641_721.jpg,neutral,khanhha,0.0006182497005946,7.488135,-3.607341,10.052286
khanhha_original::CRACK500_20160316_144230_641_1.jpg,neutral,khanhha,0.0011272927612537,7.759067,-3.9301538,9.70942
khanhha_original::CRACK500_20160316_144241_641_361.jpg,neutral,khanhha,-0.0080896859011362,7.843494,-3.9856803,9.630546
khanhha_original::CRACK500_20160316_144431_641_1081.jpg,neutral,khanhha,0.0055219041078056,7.162349,-3.303597,10.106813
khanhha_original::CRACK500_20160316_183217_1281_1.jpg,neutral,khanhha,0.0026984064940329,7.2080536,-3.6954672,9.481248
khanhha_original::CRACK500_20160318_084343_1281_361.jpg,neutral,khanhha,-0.004526146241192,7.390811,-3.5232995,10.5402355
khanhha_original::CRACK500_20160318_181602_1281_361.jpg,degraded,khanhha,-0.0118282082382089,7.2828107,-3.4148834,10.135018
khanhha_original::CRACK500_20160318_181627_1_721.jpg,neutral,khanhha,0.0016716534007206,7.27771,-3.442702,10.102032
khanhha_original::CRACK500_20160318_181632_1_1.jpg,neutral,khanhha,-0.0033466442303626,7.2047734,-3.3421764,10.127956
khanhha_original::CRACK500_20160318_181632_1_361.jpg,neutral,khanhha,-0.0034918626391787,7.742757,-3.9526303,9.364203
khanhha_original::CRACK500_20160318_181632_641_1.jpg,improved,khanhha,0.075424466363331,7.748271,-3.996627,9.389356
khanhha_original::CRACK500_20160321_183951_1_361.jpg,improved,khanhha,0.0152303056523742,7.090398,-3.3209922,10.196426
khanhha_original::CRACK500_20160321_185457_1281_1.jpg,neutral,khanhha,0.0076674835681,7.596115,-3.799826,9.883163
khanhha_original::CRACK500_20160321_185457_1921_1.jpg,neutral,khanhha,-0.001766715648402,7.580074,-3.7688723,10.098213
khanhha_original::CRACK500_20160321_185518_1921_721.jpg,neutral,khanhha,-0.0097192145100187,7.501767,-3.6628544,10.30886
khanhha_original::CRACK500_20160321_185518_1_721.jpg,neutral,khanhha,0.003098988206884,7.6308823,-3.869497,9.927386
khanhha_original::CRACK500_20160321_185534_1281_721.jpg,neutral,khanhha,0.0003511590437635,7.435038,-3.6058817,10.212681
khanhha_original::CRACK500_20160321_185557_1_361.jpg,neutral,khanhha,0.0087783030980469,7.656536,-3.8579934,10.009959
khanhha_original::CRACK500_20160321_185557_641_721.jpg,neutral,khanhha,0.0076964832267089,7.500209,-3.6890485,10.139716
khanhha_original::CRACK500_20160321_185637_1_1081.jpg,improved,khanhha,0.0172586169447812,7.4181395,-3.5713353,10.373255
khanhha_original::CRACK500_20160324_165857_1281_361.jpg,degraded,khanhha,-0.0105854667193229,7.289743,-3.0181117,9.26398
khanhha_original::CRACK500_20160324_165857_641_361.jpg,improved,khanhha,0.0124126642779073,7.224039,-2.929738,9.209125
khanhha_original::CRACK500_20160324_170309_641_1.jpg,neutral,khanhha,0.0010566317399496,7.2477937,-3.6495357,9.30073
khanhha_original::CRACK500_20160324_170309_641_361.jpg,degraded,khanhha,-0.0106826956420386,7.308976,-3.598318,9.092197
khanhha_original::CRACK500_20160324_170309_641_721.jpg,neutral,khanhha,-0.0005311401629584,7.2721953,-3.5275543,9.052557
khanhha_original::CRACK500_20160324_170323_1_721.jpg,neutral,khanhha,0.0034035344575208,7.1434054,-3.3100522,9.230263
khanhha_original::CRACK500_20160324_170347_1281_361.jpg,improved,khanhha,0.0157365235095369,7.28956,-3.5771499,9.065858
khanhha_original::CRACK500_20160324_170347_1281_721.jpg,improved,khanhha,0.0140724835688317,7.207973,-3.4315617,9.083351
khanhha_original::CRACK500_20160324_170542_1_721.jpg,degraded,khanhha,-0.049643717108311,7.521588,-3.0185206,8.966468
khanhha_original::CRACK500_20160325_185829_641_361.jpg,degraded,khanhha,-0.0279750315131389,7.2309957,-3.5919352,9.774415
khanhha_original::CRACK500_20160326_141812_1281_721.jpg,neutral,khanhha,0.0080611039271014,7.588836,-3.6865587,9.977024
khanhha_original::CRACK500_20160326_141812_1921_721.jpg,neutral,khanhha,0.0067948049242377,7.850893,-4.0046444,9.513772
khanhha_original::CRACK500_20160326_142309_1281_721.jpg,neutral,khanhha,-0.0012586368656374,7.6127324,-3.713076,9.62586
khanhha_original::CRACK500_20160326_142354_641_1081.jpg,neutral,khanhha,0.0,7.6472325,-3.7646453,9.615223
khanhha_original::CRACK500_20160326_142403_1921_361.jpg,improved,khanhha,0.0169844416610138,7.6776958,-3.8462594,9.385481
khanhha_original::CRACK500_20160326_150104_1921_361.jpg,improved,khanhha,0.0191811037965812,7.709628,-3.7901435,9.402242
khanhha_original::CRACK500_20160326_150104_1_361.jpg,degraded,khanhha,-0.0745999684049397,7.523983,-3.5699964,10.020761
khanhha_original::CRACK500_20160326_162529_641_361.jpg,improved,khanhha,0.0309784989597887,7.538577,-3.6989002,9.734703
khanhha_original::CRACK500_20160326_162532_1921_361.jpg,degraded,khanhha,-0.0714123125611502,7.5069027,-3.715918,9.645052
khanhha_original::CRACK500_20160326_162532_1_721.jpg,degraded,khanhha,-0.016496350340373,7.258872,-3.3645601,10.226609
khanhha_original::CRACK500_20160326_174634_1921_361.jpg,improved,khanhha,0.0631838721963169,7.741297,-3.9079924,9.613363
khanhha_original::CRACK500_20160326_174634_641_721.jpg,neutral,khanhha,0.0044911925517029,7.529092,-3.6255794,10.102121
khanhha_original::CRACK500_20160328_150820_641_361.jpg,degraded,khanhha,-0.0112237295449488,7.580759,-3.9830918,9.114513
khanhha_original::CRACK500_20160328_150821_1281_361.jpg,neutral,khanhha,0.006726993232738,7.138892,-3.439398,9.798515
khanhha_original::CRACK500_20160328_150821_1_721.jpg,improved,khanhha,0.0200920271200834,7.301306,-3.7172933,9.444216
khanhha_original::CRACK500_20160328_150821_641_361.jpg,neutral,khanhha,0.0023539031871261,7.0742126,-3.3507273,9.877548
khanhha_original::CRACK500_20160328_150827_1281_1081.jpg,neutral,khanhha,-0.0012791293090006,7.1709595,-3.385874,9.662827
khanhha_original::CRACK500_20160328_150927_1281_721.jpg,degraded,khanhha,-0.0203558245452015,7.267332,-3.3636773,9.967476
khanhha_original::CRACK500_20160328_150932_1921_361.jpg,improved,khanhha,0.0267945403828296,7.413918,-3.5823934,10.227263
khanhha_original::CRACK500_20160328_150932_641_361.jpg,degraded,khanhha,-0.0277671240081051,7.1835623,-3.3409247,9.742414
khanhha_original::CRACK500_20160328_150933_1921_361.jpg,neutral,khanhha,0.0035490326196159,7.403542,-3.5756404,10.196212
khanhha_original::CRACK500_20160328_150940_1281_361.jpg,improved,khanhha,0.0433932413788344,7.6585913,-3.922967,9.309086
khanhha_original::CRACK500_20160328_150940_1_1081.jpg,neutral,khanhha,-0.0029244736359686,7.62248,-3.75365,9.488635
khanhha_original::CRACK500_20160328_150940_641_1081.jpg,neutral,khanhha,-0.006337697564029,7.60279,-3.7393048,9.313992
khanhha_original::CRACK500_20160328_150940_641_361.jpg,neutral,khanhha,-0.0065764383963022,7.409428,-3.6163387,10.006536
khanhha_original::CRACK500_20160328_151013_361_1921.jpg,improved,khanhha,0.0285298597376617,7.692544,-3.9849806,9.376436
khanhha_original::CRACK500_20160328_151020_641_721.jpg,degraded,khanhha,-0.021631423790732,7.5052824,-3.5775323,9.888461
khanhha_original::CRACK500_20160328_151027_1921_1.jpg,improved,khanhha,0.0105234667317045,7.222001,-3.4714408,9.745734
khanhha_original::CRACK500_20160328_151027_641_361.jpg,neutral,khanhha,-0.0060397607142499,7.24302,-3.3697367,9.257416
khanhha_original::CRACK500_20160328_151056_1_361.jpg,improved,khanhha,0.0124911598817829,7.232531,-3.4712822,9.191326
khanhha_original::CRACK500_20160328_151056_641_1081.jpg,neutral,khanhha,0.0010084572498789,7.350656,-3.645871,9.094688
khanhha_original::CRACK500_20160328_151057_1281_721.jpg,neutral,khanhha,-0.007448834715474,7.1946483,-3.308748,9.860433
khanhha_original::CRACK500_20160328_151151_1921_721.jpg,neutral,khanhha,-0.0050624066170801,7.22346,-3.6446583,9.46438
khanhha_original::CRACK500_20160328_151151_1_1.jpg,neutral,khanhha,0.0003885718931061,7.275558,-3.7183845,9.445183
khanhha_original::CRACK500_20160328_151151_641_1081.jpg,neutral,khanhha,-0.0027139238459038,7.4871163,-3.910855,9.218667
khanhha_original::CRACK500_20160328_151151_641_361.jpg,neutral,khanhha,-0.0066119159069935,7.4012733,-3.8513322,9.224478
khanhha_original::CRACK500_20160328_151201_1281_721.jpg,neutral,khanhha,0.0040813165121711,7.154073,-3.3413234,10.336391
khanhha_original::CRACK500_20160328_151201_1_1.jpg,neutral,khanhha,-0.0079941311359603,7.126791,-3.3529723,10.153675
khanhha_original::CRACK500_20160328_151241_1_1.jpg,neutral,khanhha,0.0057808399551517,7.431797,-3.916338,9.172258
khanhha_original::CRACK500_20160328_151241_641_721.jpg,neutral,khanhha,-0.0014363223833341,7.224638,-3.498608,9.904459
khanhha_original::CRACK500_20160328_151243_1_361.jpg,neutral,khanhha,0.0079212001850743,7.0936832,-3.3154407,10.287511
khanhha_original::CRACK500_20160328_151244_1921_1081.jpg,neutral,khanhha,-0.0050061509507218,7.443799,-3.90019,9.213928
khanhha_original::CRACK500_20160328_151244_641_721.jpg,neutral,khanhha,0.0090098959980591,7.083496,-3.3249333,10.328291
khanhha_original::CRACK500_20160328_151247_641_1.jpg,neutral,khanhha,0.0032380185419782,7.4549713,-3.9102445,9.178065
khanhha_original::CRACK500_20160328_151343_1281_1.jpg,neutral,khanhha,-0.0057760807146841,7.4928756,-3.9054677,9.192501
khanhha_original::CRACK500_20160328_151343_641_721.jpg,degraded,khanhha,-0.0323935790127869,7.256552,-3.4184806,9.830571
khanhha_original::CRACK500_20160328_151355_1281_361.jpg,neutral,khanhha,0.0016811214658324,7.132962,-3.3288622,10.357795
khanhha_original::CRACK500_20160328_151355_641_721.jpg,neutral,khanhha,0.0053908152941957,7.1613197,-3.4600635,9.78291
khanhha_original::CRACK500_20160328_151409_1921_1081.jpg,neutral,khanhha,0.0007033658384228,7.1708274,-3.5867753,9.563529
khanhha_original::CRACK500_20160328_151413_1_361.jpg,degraded,khanhha,-0.0114271507865602,7.040372,-3.3341272,9.829927
khanhha_original::CRACK500_20160328_151413_641_721.jpg,neutral,khanhha,0.0064350957480728,7.134715,-3.4764552,9.499526
khanhha_original::CRACK500_20160328_151423_641_1081.jpg,neutral,khanhha,0.0061493440302133,7.2429047,-3.4944477,9.856757
khanhha_original::CRACK500_20160328_151504_1_361.jpg,degraded,khanhha,-0.0144119145004113,7.348127,-3.7511916,9.454035
khanhha_original::CRACK500_20160328_151657_1281_1.jpg,neutral,khanhha,0.0040605180039792,7.379172,-3.6011763,9.030722
khanhha_original::CRACK500_20160328_151657_1921_721.jpg,neutral,khanhha,0.0080565955069944,7.450165,-3.5807316,9.08996
khanhha_original::CRACK500_20160328_151657_1_361.jpg,neutral,khanhha,-0.007308997151563,7.1682725,-3.2929213,9.362276
khanhha_original::CRACK500_20160328_151657_641_361.jpg,neutral,khanhha,-0.0064327178516679,7.3238015,-3.4293807,9.13538
khanhha_original::CRACK500_20160328_151657_641_721.jpg,neutral,khanhha,0.004077946341442,7.154088,-3.188743,9.648534
khanhha_original::CRACK500_20160328_151728_1921_721.jpg,improved,khanhha,0.0226243076778694,7.550585,-3.9657679,9.230451
khanhha_original::CRACK500_20160328_151808_1281_721.jpg,improved,khanhha,0.0170042548091328,7.583054,-3.9573352,9.293288
khanhha_original::CRACK500_20160328_152022_1921_1.jpg,degraded,khanhha,-0.1297187170383293,7.457903,-3.918459,9.306769
khanhha_original::CRACK500_20160328_152022_641_721.jpg,improved,khanhha,0.0104320274741472,7.2738423,-3.481784,9.930859
khanhha_original::CRACK500_20160328_152305_1921_361.jpg,degraded,khanhha,-0.0102563856658108,7.501,-3.593006,10.113477
khanhha_original::CRACK500_20160328_152308_1_361.jpg,neutral,khanhha,-0.0001137876808419,7.2839904,-3.4274528,10.114453
khanhha_original::CRACK500_20160328_152322_1281_721.jpg,degraded,khanhha,-0.0100221012282297,7.627383,-3.7854414,9.481283
khanhha_original::CRACK500_20160328_152322_1_721.jpg,neutral,khanhha,0.0034286989217483,7.665194,-3.7899554,9.444023
khanhha_original::CRACK500_20160328_152328_1281_361.jpg,degraded,khanhha,-0.0138266411640868,7.185463,-3.308807,10.20556
khanhha_original::CRACK500_20160328_152328_1921_361.jpg,neutral,khanhha,-0.0065869199437544,7.4190526,-3.5372124,10.048464
khanhha_original::CRACK500_20160328_152328_641_361.jpg,neutral,khanhha,0.0085263127511528,7.639446,-3.8158321,9.400971
khanhha_original::CRACK500_20160328_152511_1921_721.jpg,improved,khanhha,0.1777489421124813,7.7541904,-3.9940293,9.490863
khanhha_original::CRACK500_20160328_153020_1921_361.jpg,neutral,khanhha,-0.0050268049771994,7.5152926,-3.926975,9.300563
khanhha_original::CRACK500_20160328_153241_1281_721.jpg,neutral,khanhha,0.0041395684651752,7.2419233,-3.3467884,9.974926
khanhha_original::CRACK500_20160328_153327_1_721.jpg,neutral,khanhha,0.0038638152036996,7.3109727,-3.4943838,10.061545
khanhha_original::CRACK500_20160328_153357_1281_361.jpg,improved,khanhha,0.041926492065508,7.5130243,-3.5873957,9.693013
khanhha_original::CRACK500_20160328_153357_641_1.jpg,neutral,khanhha,0.0006310111201183,7.402919,-3.5744908,9.898674
khanhha_original::CRACK500_20160328_153404_641_721.jpg,neutral,khanhha,0.0067606823299202,7.1889205,-3.2394292,9.940559
khanhha_original::CRACK500_20160328_153421_641_1.jpg,neutral,khanhha,0.0023565854345091,7.249963,-3.5212169,9.625387
khanhha_original::CRACK500_20160328_153524_641_361.jpg,neutral,khanhha,0.0054002934836896,7.225171,-3.3552628,10.071173
khanhha_original::CRACK500_20160328_153533_1281_1.jpg,neutral,khanhha,0.0010224233106351,7.256189,-3.4238248,9.997744
khanhha_original::CRACK500_20160328_153533_1281_721.jpg,neutral,khanhha,-0.004751868028458,7.273094,-3.4284108,9.986273
khanhha_original::CRACK500_20160328_153533_1_1081.jpg,neutral,khanhha,-0.0007892080883649,7.195721,-3.3485174,10.158975
khanhha_original::CRACK500_20160328_153536_1281_1081.jpg,neutral,khanhha,-0.005561484254311,7.6689487,-3.9865599,9.324216
khanhha_original::CRACK500_20160328_153536_1_1081.jpg,degraded,khanhha,-0.091827893653241,7.5990996,-3.8431723,9.343661
khanhha_original::CRACK500_20160328_153536_641_1081.jpg,improved,khanhha,0.0107237622156752,7.2530713,-3.404004,10.049749
khanhha_original::CRACK500_20160328_153540_641_361.jpg,neutral,khanhha,-0.0006060890415344,7.4849043,-3.7168598,9.643925
khanhha_original::CRACK500_20160328_153540_641_721.jpg,neutral,khanhha,0.0039439067176936,7.7180195,-3.9226573,9.3712435
khanhha_original::CRACK500_20160328_153544_1_1081.jpg,neutral,khanhha,-0.0021786970074348,7.344361,-3.4980662,10.025269
khanhha_original::CRACK500_20160328_153544_1_721.jpg,neutral,khanhha,-0.0039597548385312,7.2237544,-3.3902009,10.044293
khanhha_original::CRACK500_20160328_153548_1281_721.jpg,neutral,khanhha,-0.0044568285911383,7.2311463,-3.3631546,10.093638
khanhha_original::CRACK500_20160328_153548_1921_721.jpg,neutral,khanhha,-0.0056198110033878,7.516752,-3.700023,9.664395
khanhha_original::CRACK500_20160328_153553_1281_721.jpg,neutral,khanhha,0.0017547055313035,7.5800695,-3.7065442,9.508497
khanhha_original::CRACK500_20160328_153556_1_361.jpg,neutral,khanhha,2.618228551853896e-05,7.36927,-3.700131,9.438287
khanhha_original::CRACK500_20160328_153559_1281_361.jpg,neutral,khanhha,-0.0033294656345881,7.5867386,-3.9153516,9.406923
khanhha_original::CRACK500_20160328_153559_1_361.jpg,neutral,khanhha,0.0029412720990728,7.131521,-3.33487,10.061674
khanhha_original::CRACK500_20160328_153604_1_361.jpg,neutral,khanhha,-0.0025121411601937,7.527866,-3.7488725,9.829799
khanhha_original::CRACK500_20160328_153604_641_1.jpg,neutral,khanhha,-0.0009388442674678,7.546909,-3.8433158,9.549226
khanhha_original::CRACK500_20160328_153604_641_721.jpg,neutral,khanhha,-0.0020007708149829,7.239522,-3.5124,9.671188
khanhha_original::CRACK500_20160328_153612_1281_1081.jpg,improved,khanhha,0.0127374733688703,7.369412,-3.5235665,9.97176
khanhha_original::CRACK500_20160328_153616_1281_361.jpg,neutral,khanhha,0.003203892037829,7.1582165,-3.2733955,9.999076
khanhha_original::CRACK500_20160328_153623_1_721.jpg,neutral,khanhha,0.003885010665278,7.5020647,-3.8702815,9.399567
khanhha_original::CRACK500_20160328_153629_1921_361.jpg,degraded,khanhha,-0.0119849480281933,7.095672,-3.356341,9.7157955
khanhha_original::CRACK500_20160328_153645_1_361.jpg,degraded,khanhha,-0.019178532653824,7.1638317,-3.3522193,10.049854
khanhha_original::CRACK500_20160328_153657_1921_1081.jpg,improved,khanhha,0.0101288183276949,7.5935063,-3.832476,9.518474
khanhha_original::CRACK500_20160328_153702_1281_721.jpg,degraded,khanhha,-0.0341886778835026,7.705741,-3.9377778,9.296537
khanhha_original::CRACK500_20160328_153702_1_1081.jpg,neutral,khanhha,0.0076838330620968,7.3473225,-3.5979812,9.671681
khanhha_original::CRACK500_20160328_153706_1281_1.jpg,improved,khanhha,0.072048948876626,7.593458,-3.958161,9.230133
khanhha_original::CRACK500_20160328_153706_1281_1081.jpg,degraded,khanhha,-0.0101762836879152,7.3822885,-3.6040456,9.514107
khanhha_original::CRACK500_20160328_153706_1921_1.jpg,neutral,khanhha,0.0022620885132659,7.2172656,-3.455604,9.984936
khanhha_original::CRACK500_20160328_153714_1_1.jpg,improved,khanhha,0.0165677137043055,7.2232013,-3.537767,9.446131
khanhha_original::CRACK500_20160328_153714_1_1081.jpg,neutral,khanhha,0.0044574973682798,7.4771934,-3.9066474,9.312923
khanhha_original::CRACK500_20160328_153714_641_721.jpg,neutral,khanhha,0.007487200245319,7.323069,-3.6164382,9.205974
khanhha_original::CRACK500_20160328_153718_1281_1.jpg,neutral,khanhha,-0.0073552951669244,7.5801816,-3.841274,9.476627
khanhha_original::CRACK500_20160328_153718_1921_1.jpg,neutral,khanhha,0.0062456766148033,7.5310993,-3.8293345,9.475353
khanhha_original::CRACK500_20160328_153724_1_1081.jpg,degraded,khanhha,-0.0162406267306335,7.552195,-3.8431017,9.426545
khanhha_original::CRACK500_20160328_153724_641_721.jpg,improved,khanhha,0.0105400303308734,7.275589,-3.4243999,9.984311
khanhha_original::CRACK500_20160328_153813_1281_1081.jpg,neutral,khanhha,0.0054835729269009,7.195151,-3.450023,9.616335
khanhha_original::CRACK500_20160328_153813_1921_1081.jpg,neutral,khanhha,0.0007222106079223,7.1355515,-3.3322566,10.382338
khanhha_original::CRACK500_20160328_153821_1_1.jpg,neutral,khanhha,0.0015219801124682,7.2281857,-3.6221814,9.517271
khanhha_original::CRACK500_20160328_153829_1921_361.jpg,neutral,khanhha,-0.0095519522402387,7.527969,-3.952647,9.228997
khanhha_original::CRACK500_20160328_153829_641_1.jpg,neutral,khanhha,-0.0029582313926121,7.306795,-3.6916237,9.426653
khanhha_original::CRACK500_20160328_153845_1281_721.jpg,neutral,khanhha,-0.0006242403394105,7.2180033,-3.4022362,9.912824
khanhha_original::CRACK500_20160328_153845_1_361.jpg,neutral,khanhha,0.0056919764583954,7.5113745,-3.7409012,9.462703
khanhha_original::CRACK500_20160328_153845_641_721.jpg,neutral,khanhha,-0.0029792637669352,7.1843023,-3.278973,9.999589
khanhha_original::CRACK500_20160328_153848_1921_1.jpg,neutral,khanhha,-0.0016713019142612,7.5703425,-3.9991176,9.249418
khanhha_original::CRACK500_20160328_153915_1921_721.jpg,neutral,khanhha,-0.0018218236446276,7.1742516,-3.321487,10.065456
khanhha_original::CRACK500_20160328_153918_1_361.jpg,neutral,khanhha,-0.004833930826211,7.163815,-3.3029268,10.220219
khanhha_original::CRACK500_20160328_153918_1_721.jpg,neutral,khanhha,0.008044409147767,7.761838,-4.013137,9.360951
khanhha_original::CRACK500_20160328_154011_1921_1.jpg,neutral,khanhha,-0.0044956659208497,7.3785796,-3.520744,10.0361595
khanhha_original::CRACK500_20160328_154159_1921_1081.jpg,neutral,khanhha,0.0012008753497196,7.376654,-3.5078082,10.306755
khanhha_original::CRACK500_20160328_154159_1_361.jpg,neutral,khanhha,-0.009249238113587,7.2118115,-3.3876672,9.900165
khanhha_original::CRACK500_20160328_154202_1281_1.jpg,neutral,khanhha,0.0021278737556883,7.8154917,-4.056707,9.456514
khanhha_original::CRACK500_20160328_154202_1281_1081.jpg,neutral,khanhha,0.0054738143108609,7.2470207,-3.4042616,10.420561
khanhha_original::CRACK500_20160328_154202_1921_361.jpg,neutral,khanhha,0.0039007822381653,7.8762097,-4.0594254,9.539855
khanhha_original::CRACK500_20160328_154202_641_1081.jpg,improved,khanhha,0.0109456258098483,7.2152033,-3.3654263,10.374713
khanhha_original::CRACK500_20160328_154318_1281_361.jpg,neutral,khanhha,0.0048160468362127,7.819484,-4.017431,9.554992
khanhha_original::CRACK500_20160328_154318_641_1.jpg,neutral,khanhha,0.0083613739464117,7.5207257,-3.6553655,10.272755
khanhha_original::CRACK500_20160328_154318_641_721.jpg,neutral,khanhha,-0.0091651833280884,7.625871,-3.6754415,9.729483
khanhha_original::CRACK500_20160328_154321_1281_1.jpg,neutral,khanhha,-0.0061651505792534,7.8624635,-4.0250816,9.573756
khanhha_original::CRACK500_20160328_154334_641_721.jpg,neutral,khanhha,0.007974485609705,7.510533,-3.6244767,10.256966
khanhha_original::CRACK500_20160328_154352_1281_721.jpg,neutral,khanhha,0.0003045440187277,7.460393,-3.5891821,10.264487
khanhha_original::CRACK500_20160328_154356_1921_721.jpg,degraded,khanhha,-0.0212740882695983,7.3778534,-3.517376,10.518566
khanhha_original::CRACK500_20160328_154429_641_721.jpg,neutral,khanhha,-0.0087583953994864,7.672701,-3.7362258,9.933306
khanhha_original::CRACK500_20160328_154454_1_721.jpg,degraded,khanhha,-0.0118680127991692,7.709025,-3.9555306,9.294435
khanhha_original::CRACK500_20160328_154454_721_1.jpg,degraded,khanhha,-0.0191794472157386,7.4796977,-3.5315971,10.014607
khanhha_original::CRACK500_20160328_154535_1281_721.jpg,improved,khanhha,0.0159270194811053,7.3363075,-3.4655964,10.325951
khanhha_original::CRACK500_20160328_154535_641_721.jpg,improved,khanhha,0.0334965337758419,7.5926147,-3.6867907,9.788584
khanhha_original::CRACK500_20160329_093924_1921_721.jpg,neutral,khanhha,0.0073162104412104,7.793424,-3.8183553,10.151751
khanhha_original::CRACK500_20160329_094003_641_361.jpg,improved,khanhha,0.061529080524885,7.6683745,-3.7745335,9.905436
khanhha_original::CRACK500_20160329_094010_1281_361.jpg,neutral,khanhha,-3.1298314825845e-05,7.6003413,-3.6945636,10.271524
khanhha_original::CRACK500_20160329_094010_1_361.jpg,neutral,khanhha,0.0003607082943565,7.5035014,-3.6146927,10.43452
khanhha_original::CRACK500_20160329_094010_641_721.jpg,degraded,khanhha,-0.0108925864520489,7.7614484,-3.8810105,9.898059
khanhha_original::CRACK500_20160329_094025_1921_361.jpg,degraded,khanhha,-0.0175863879195874,7.8143435,-3.9549608,9.811273
khanhha_original::CRACK500_20160329_094025_1_721.jpg,neutral,khanhha,-0.0032330518241865,7.553961,-3.6743672,10.355171
khanhha_original::CRACK500_20160329_094055_1_721.jpg,improved,khanhha,0.012421148907823,7.760529,-3.8490105,10.11944
khanhha_original::CRACK500_20160329_094452_1_721.jpg,improved,khanhha,0.0271592549104926,7.85166,-3.974939,9.722906
khanhha_original::CRACK500_20160329_094459_1281_1.jpg,neutral,khanhha,-0.0051054399585841,7.7232647,-3.7994008,9.973444
khanhha_original::CRACK500_20160329_094459_641_361.jpg,improved,khanhha,0.0137708022218835,7.7692056,-3.8268113,10.109481
khanhha_original::CRACK500_20160329_094512_1281_1081.jpg,neutral,khanhha,0.0090374851652905,7.5402226,-3.673627,10.319032
khanhha_original::CRACK500_20160329_094512_1281_721.jpg,neutral,khanhha,-0.0002427291803412,7.368297,-3.505078,10.52325
khanhha_original::CRACK500_20160329_094512_1921_721.jpg,neutral,khanhha,-0.0031196411066796,7.4822755,-3.61231,10.450604
khanhha_original::CRACK500_20160329_094527_1_361.jpg,improved,khanhha,0.0231640759930915,7.8810205,-4.0542536,9.596328
khanhha_original::CRACK500_20160329_101342_1281_721.jpg,neutral,khanhha,0.0048657972431757,7.732539,-3.8259306,10.01019
khanhha_original::CRACK500_20160329_101342_641_721.jpg,degraded,khanhha,-0.0147318382637209,7.8082213,-4.033352,9.44387
khanhha_original::CRACK500_20160329_101347_1921_721.jpg,neutral,khanhha,0.001663830899608,7.515112,-3.6248722,10.330748
khanhha_original::CRACK500_20160329_101503_641_721.jpg,improved,khanhha,0.0141968443387379,7.33795,-3.478577,10.555528
khanhha_original::CRACK500_20160329_101511_1921_361.jpg,improved,khanhha,0.0126398101574897,7.7639146,-3.8643339,10.04088
khanhha_original::CRACK500_20160329_103609_1281_721.jpg,neutral,khanhha,-0.0084159679639594,7.6870484,-3.7747867,9.96513
khanhha_original::CRACK500_20160329_103609_1921_721.jpg,neutral,khanhha,0.009314405647275,7.3826795,-3.515166,10.483439
khanhha_original::CRACK500_20160329_103609_1_721.jpg,neutral,khanhha,0.0039397557230546,7.5057154,-3.592329,10.273557
khanhha_original::CRACK500_20160329_103609_641_361.jpg,improved,khanhha,0.0210133130575822,7.810762,-4.0080557,9.580884
khanhha_original::CRACK500_20160329_103626_1281_721.jpg,degraded,khanhha,-0.019786501638946,7.4839177,-3.6179502,10.360699
khanhha_original::CRACK500_20160329_103626_641_721.jpg,improved,khanhha,0.0299063391441644,7.7188997,-3.8775754,9.910885
khanhha_original::CRACK500_20160329_103800_361_641.jpg,improved,khanhha,0.0429644325834956,7.508285,-3.551179,10.051512
khanhha_original::CRACK500_20160329_103807_721_1281.jpg,improved,khanhha,0.0291642409380659,7.712086,-3.7227685,9.370523
khanhha_original::CRACK500_20160329_104031_1281_721.jpg,degraded,khanhha,-0.0221027304514299,7.721347,-3.8503084,9.822292
khanhha_original::CRACK500_20160329_104031_1921_721.jpg,improved,khanhha,0.0205907710762078,7.8422756,-4.0634212,9.433322
khanhha_original::CRACK500_20160329_104031_641_1081.jpg,neutral,khanhha,0.0025071253778001,7.4415674,-3.5529997,10.176598
khanhha_original::CRACK500_20160329_104035_1921_721.jpg,neutral,khanhha,-0.0060099091447968,7.8165655,-3.9738455,9.694787
khanhha_original::CRACK500_20160329_104035_641_1.jpg,neutral,khanhha,0.0029650056775448,7.8603787,-4.0694795,9.537994
khanhha_original::CRACK500_20160329_104107_1921_721.jpg,improved,khanhha,0.0275359037024311,7.57172,-3.6505065,10.107464
khanhha_original::CRACK500_20160329_104107_1_721.jpg,improved,khanhha,0.0241587262732428,7.53185,-3.6089804,10.099925
khanhha_original::CRACK500_20160329_104111_1281_721.jpg,neutral,khanhha,-0.0009336696113962,7.459705,-3.5864782,10.446373
khanhha_original::CRACK500_20160329_104117_1281_361.jpg,neutral,khanhha,-0.0064411938632086,7.495731,-3.6480858,10.260199
khanhha_original::CRACK500_20160329_104117_1921_361.jpg,improved,khanhha,0.0241178931772932,7.50759,-3.6654732,10.268948
khanhha_original::CRACK500_20160329_104120_1921_721.jpg,improved,khanhha,0.0109452922250052,7.8520913,-4.016877,9.696527
khanhha_original::CRACK500_20160329_104120_1_361.jpg,improved,khanhha,0.0136916225473759,7.8107114,-4.0022564,9.631271
khanhha_original::CRACK500_20160329_104120_1_721.jpg,improved,khanhha,0.0120102223358037,7.734785,-3.8568015,9.971053
khanhha_original::CRACK500_20160329_104120_641_721.jpg,neutral,khanhha,-0.0051307689134943,7.774356,-3.8947804,9.872642
khanhha_original::CRACK500_20160329_104152_1_721.jpg,improved,khanhha,0.0156876182731146,7.688481,-3.7707722,10.051205
khanhha_original::CRACK500_20160329_104152_641_721.jpg,neutral,khanhha,0.0050267793085884,7.5187297,-3.6274314,10.312054
khanhha_original::CRACK500_20160329_104205_1921_361.jpg,improved,khanhha,0.2093433348034354,7.782946,-3.9170823,9.870988
khanhha_original::CRACK500_20160329_111111_1921_361.jpg,neutral,khanhha,-0.009275048430596,7.8722844,-4.041278,9.644261
khanhha_original::CRACK500_20160329_115529_1_721.jpg,neutral,khanhha,-0.0076910689985489,7.4113894,-3.5473397,10.434752
khanhha_original::CRACK500_20160329_115531_641_721.jpg,degraded,khanhha,-0.0204619414943778,7.32632,-3.46255,10.398751
khanhha_original::CRACK500_20160330_160957_1921_1081.jpg,degraded,khanhha,-0.0310468091493653,7.216007,-3.3715405,10.423785
khanhha_original::CRACK500_20160330_160957_1_721.jpg,neutral,khanhha,-0.0072779277033651,7.419069,-3.4263158,9.730561
khanhha_original::CRACK500_20160330_163725_1921_361.jpg,degraded,khanhha,-0.01181629655232,-3.4464183,3.7319944,7.1929154
khanhha_original::CRACK500_20160330_163725_641_1081.jpg,neutral,khanhha,0.008468816191039,-2.9182081,2.2144473,6.1284075
khanhha_original::CRACK500_20160330_163946_641_361.jpg,neutral,khanhha,0.0033216804798046,7.2119904,-2.9010317,9.147619
khanhha_original::CRACK500_20160330_164743_1_361.jpg,improved,khanhha,0.0118327267404624,7.5767694,-3.3703172,9.5943775
khanhha_original::CRACK500_20160330_164743_641_361.jpg,degraded,khanhha,-0.0104163626927766,7.740701,-3.5474005,9.572137
khanhha_original::CRACK500_20160330_165325_1921_361.jpg,improved,khanhha,0.0469595250470427,7.0963616,-3.3342037,9.979422
khanhha_original::CRACK500_20160330_165325_1921_721.jpg,degraded,khanhha,-0.0112592487147118,7.227379,-3.590606,9.234764
khanhha_original::CRACK500_20160330_165325_1_721.jpg,degraded,khanhha,-0.0336697841677093,7.0693927,-3.3092275,10.187027
khanhha_original::CRACK500_20160330_165333_1921_1081.jpg,improved,khanhha,0.2022797913984367,7.5905695,-3.8505425,9.096898
khanhha_original::CRACK500_20160330_165333_1_721.jpg,degraded,khanhha,-0.0247183348768672,7.122766,-3.381421,10.237126
khanhha_original::CRACK500_20160330_165644_641_1081.jpg,neutral,khanhha,0.0015584415584415,7.8679457,-4.006693,9.531906
khanhha_original::CRACK500_20160330_170014_641_361.jpg,degraded,khanhha,-0.0106374354376607,7.2086334,-3.5982606,9.469075
khanhha_original::CRACK500_20160330_170014_641_721.jpg,neutral,khanhha,0.0035328052799289,7.507182,-3.899199,9.166899
khanhha_original::CRACK500_20160330_170114_1281_361.jpg,degraded,khanhha,-0.0526110065549998,7.5779357,-3.9264913,9.16418
khanhha_original::CRACK500_20160330_170114_641_721.jpg,degraded,khanhha,-0.0222343772391792,7.2500978,-3.4904284,9.856811
khanhha_original::CRACK500_20160330_170302_1_721.jpg,neutral,khanhha,0.0071639590267812,7.3960958,-3.5281491,10.550939
khanhha_original::CRACK500_20160330_170308_1281_361.jpg,neutral,khanhha,0.0003326799038564,7.3891335,-3.5230477,10.552292
khanhha_original::CRACK500_20160330_170308_1921_1081.jpg,neutral,khanhha,0.0029172355438051,7.5397873,-3.6591122,10.410106
khanhha_original::CRACK500_20160330_170308_1921_361.jpg,improved,khanhha,0.0134422743901414,7.60241,-3.7005336,10.36753
khanhha_original::CRACK500_20160330_170308_1921_721.jpg,degraded,khanhha,-0.0542944010842237,7.5070634,-3.627361,10.466588
khanhha_original::CRACK500_20160330_170501_1_721.jpg,neutral,khanhha,0.0010815693231518,7.322635,-3.358748,10.086089
khanhha_original::CRACK500_20160330_170504_641_721.jpg,degraded,khanhha,-0.0108967673913258,7.235339,-3.3048704,10.092934
khanhha_original::CRACK500_20160330_170848_641_361.jpg,neutral,khanhha,0.0,-3.390377,4.6107936,7.17589
khanhha_original::CRACK500_20160330_172305_1_1081.jpg,degraded,khanhha,-0.0225748998922981,7.262445,-3.4592078,9.984452
khanhha_original::CRACK500_20160330_172305_1_721.jpg,improved,khanhha,0.0389056055979254,7.3969483,-3.7136564,9.621813
khanhha_original::CRACK500_20160330_172309_1_721.jpg,neutral,khanhha,-0.0041263367851753,7.2619405,-3.482812,9.955495
khanhha_original::CRACK500_20160402_150105_1_1.jpg,degraded,khanhha,-0.0121958911658516,7.2459803,-3.4455884,9.415516
khanhha_original::CRACK500_20160402_150110_1281_361.jpg,improved,khanhha,0.0590597113978982,7.426906,-3.825615,9.17463
khanhha_original::CRACK500_20160402_150110_1921_361.jpg,degraded,khanhha,-0.0123030481185545,7.5263166,-3.8816164,9.246674
khanhha_original::CRACK500_20160402_150110_641_721.jpg,degraded,khanhha,-0.0131930933986516,7.2039022,-3.5333135,9.385853
khanhha_original::CRACK500_20160402_150300_1281_721.jpg,neutral,khanhha,-0.0075029577611056,7.1622314,-3.293171,9.402651
khanhha_original::CRACK500_20160402_150314_641_361.jpg,neutral,khanhha,-0.0071387724842022,7.3691697,-3.7973201,9.142051
khanhha_original::CRACK500_20160402_150317_641_361.jpg,neutral,khanhha,-0.007902227799838,7.4111786,-3.8190246,9.165218
khanhha_original::CRACK500_20160402_150317_641_721.jpg,neutral,khanhha,0.0075972937728719,7.2804275,-3.490885,9.518203
khanhha_original::CRACK500_20160402_150938_641_361.jpg,neutral,khanhha,0.0057504753223024,7.3038626,-3.5463898,9.788299
khanhha_original::CRACK500_20160402_150938_641_721.jpg,neutral,khanhha,-0.0023296693862625,7.2400517,-3.3659914,9.89237
khanhha_original::CRACK500_20160402_151049_641_721.jpg,neutral,khanhha,-0.0012121681538672,7.0935187,-3.3065724,10.299585
khanhha_original::CRACK500_20160402_151054_1281_361.jpg,neutral,khanhha,0.008350763701707,7.446932,-3.9519823,9.214988
khanhha_original::CRACK500_20160402_151054_641_721.jpg,neutral,khanhha,0.0021019748537255,7.2151275,-3.4915066,9.603033
khanhha_original::CRACK500_20160402_151837_1921_721.jpg,neutral,khanhha,-0.0072297959560271,7.4989843,-3.914076,9.2154255
khanhha_original::CRACK500_20160405_171219_1281_721.jpg,degraded,khanhha,-0.0349404783929816,7.510345,-3.6252508,10.445881
khanhha_original::CRACK500_20160405_171219_641_721.jpg,neutral,khanhha,0.0014690364248649,7.779218,-3.8451984,10.122249
khanhha_original::CRACK500_20160405_171333_1281_361.jpg,degraded,khanhha,-0.0165289256198347,7.3750153,-2.965042,8.967948
khanhha_original::CRACK500_20160405_171336_641_361.jpg,neutral,khanhha,0.0092573177880369,7.2925754,-3.0846138,9.265001
khanhha_original::CRACK500_20160405_171348_1921_721.jpg,improved,khanhha,0.0142103474060709,7.437844,-3.5776682,10.528045
khanhha_original::CRACK500_20160405_171431_641_1.jpg,neutral,khanhha,-0.0054057526349881,7.5428147,-3.6707172,10.371154
khanhha_original::CRACK500_20160405_171431_641_361.jpg,neutral,khanhha,0.0002318425914734,7.3593535,-3.50384,10.554095
khanhha_original::CRACK500_20160405_171453_1281_361.jpg,neutral,khanhha,0.0058836521289769,7.3163033,-3.4673064,10.546461
khanhha_original::CRACK500_20160405_171453_1_721.jpg,degraded,khanhha,-0.0167557684490816,7.4293246,-3.5591676,10.512521
khanhha_original::CRACK500_20160405_171453_641_361.jpg,neutral,khanhha,0.0092461254966729,7.494788,-3.6254172,10.377016
khanhha_original::CRACK500_20160405_171456_1_361.jpg,improved,khanhha,0.0107841804749482,7.794824,-3.873595,10.095653
khanhha_original::CRACK500_20160405_171712_1281_1.jpg,degraded,khanhha,-0.0124884913294309,7.88123,-3.9462807,9.657974
khanhha_original::CRACK500_20160405_171712_1281_361.jpg,improved,khanhha,0.0456522425478567,7.421542,-3.5582764,10.580446
khanhha_original::CRACK500_20160405_171712_1921_1.jpg,improved,khanhha,0.0260276427805782,7.5505795,-3.6517947,10.441608
khanhha_original::CRACK500_20160405_171716_1921_721.jpg,improved,khanhha,0.027936969092174,7.460886,-3.584796,10.493248
khanhha_original::CRACK500_20160405_171723_1281_361.jpg,improved,khanhha,0.0135507346124124,7.5945144,-3.6996906,10.364444
khanhha_original::CRACK500_20160405_172849_1921_1.jpg,degraded,khanhha,-0.0411726295832256,7.8046823,-3.8626158,10.054486
khanhha_original::CRACK500_20160405_172854_1921_1.jpg,neutral,khanhha,0.0051693946860388,7.7659373,-3.840262,10.090317
khanhha_original::CRACK500_20160405_172908_1281_1.jpg,improved,khanhha,0.1081147946561108,9.124943,2.5949998,10.330633
khanhha_original::CRACK500_20160407_163125_1_721.jpg,neutral,khanhha,0.0077092400426431,7.187406,-3.0668921,9.218119
khanhha_original::CRACK500_20160407_163257_1281_721.jpg,neutral,khanhha,-0.0042410966272177,7.28637,-3.4832964,9.048908
khanhha_original::CRACK500_20160407_163257_641_361.jpg,neutral,khanhha,-0.0054106897123645,7.219437,-3.3450282,9.053205
khanhha_original::CRACK500_20160407_163515_1281_721.jpg,neutral,khanhha,0.0016820194457468,7.402706,-3.6912286,9.989585
khanhha_original::CRACK500_20160407_163515_1_361.jpg,neutral,khanhha,0.0058543078188028,7.3170958,-3.574792,10.064848
khanhha_original::CRACK500_20160407_163522_1921_721.jpg,improved,khanhha,0.0425869703494254,7.385617,-3.483493,9.991817
khanhha_original::CRACK500_20160407_163522_641_721.jpg,improved,khanhha,0.0240945798980544,7.5809155,-3.6186163,9.726314
khanhha_original::CRACK500_20160407_165001_641_1081.jpg,improved,khanhha,0.0535850663706227,7.5221734,-3.8532639,9.173322
khanhha_original::CRACK500_20160407_165009_1281_721.jpg,degraded,khanhha,-0.0289521855122242,7.201908,-3.4777677,9.389049
khanhha_original::CRACK500_20160407_165009_1_721.jpg,degraded,khanhha,-0.0458507998866085,7.550379,-3.908184,9.221377
khanhha_original::CRACK500_20160407_165210_1921_721.jpg,neutral,khanhha,0.0059664210970493,7.2061834,-3.2853549,9.969633
khanhha_original::CRACK500_20160415_191330_1921_361.jpg,degraded,khanhha,-0.027185784177652,7.452955,-3.9008963,9.372958
khanhha_original::CRACK500_20160415_191330_641_721.jpg,neutral,khanhha,0.0016978617772417,7.24652,-3.421945,10.025266
khanhha_original::CRACK500_IMG_2931_1297_485.jpg,improved,khanhha,0.0151317145119134,7.489305,-2.816434,8.851973
khanhha_original::CRACK500_IMG_2931_1297_969.jpg,neutral,khanhha,0.0027377440936985,7.499715,-2.7988853,8.834893
khanhha_original::CRACK500_IMG_2931_1945_485.jpg,neutral,khanhha,0.0017231942136642,7.491689,-2.8080623,8.853047
khanhha_original::CRACK500_IMG_2931_1945_969.jpg,neutral,khanhha,0.0077204973938724,7.496162,-2.801622,8.837919
khanhha_original::CRACK500_IMG_2931_1_485.jpg,neutral,khanhha,0.0055932951061297,7.3292856,-2.926331,9.233464
khanhha_original::CRACK500_IMG_2932_1297_969.jpg,neutral,khanhha,-0.0071771855245893,7.4964986,-2.8096592,8.846049
khanhha_original::CRACK500_IMG_2933_649_969.jpg,degraded,khanhha,-0.103696332070862,7.4969945,-2.8098593,8.843501
khanhha_original::CRACK500_IMG_2934_649_969.jpg,neutral,khanhha,-0.0004571480455604,7.5249424,-2.7817528,8.827335
khanhha_original::CRACK500_IMG_2935_649_969.jpg,degraded,khanhha,-0.0421010532778801,7.4925685,-2.809623,8.858258
khanhha_original::CRACK500_IMG_2937_1297_969.jpg,degraded,khanhha,-0.0151221587739758,7.4982724,-2.8099928,8.842745
khanhha_original::CRACK500_IMG_2938_1297_969.jpg,degraded,khanhha,-0.0139583560110928,7.476792,-2.830405,8.860481
khanhha_original::CRACK500_IMG_2942_649_485.jpg,degraded,khanhha,-0.0360503865082061,3.4558167,6.7879353,4.520218
khanhha_original::DeepCrack_11113.jpg,degraded,khanhha,-0.0186815774126382,-2.5758793,1.0599737,6.487335
khanhha_original::DeepCrack_11114.jpg,improved,khanhha,0.0852258474938935,-2.6221142,1.9055182,5.3640924
khanhha_original::DeepCrack_11116-2.jpg,improved,khanhha,0.010194496040922,7.084305,-2.9900327,9.598932
khanhha_original::DeepCrack_11116-3.jpg,improved,khanhha,0.0141666391662653,7.8630657,4.8976965,10.463299
khanhha_original::DeepCrack_11118.jpg,improved,khanhha,0.0435294577216253,-3.2511535,1.0477207,5.96195
khanhha_original::DeepCrack_11123.jpg,degraded,khanhha,-0.0263617807317937,7.5898123,5.096042,10.114924
khanhha_original::DeepCrack_11125-1.jpg,degraded,khanhha,-0.0393039555521674,-2.7801917,0.6775959,6.3455367
khanhha_original::DeepCrack_11134-3.jpg,degraded,khanhha,-0.0176206826765015,7.5534034,5.3148394,9.956411
khanhha_original::DeepCrack_11134-4.jpg,neutral,khanhha,-0.0047726968945075,7.537428,5.3435855,9.930973
khanhha_original::DeepCrack_11134.jpg,improved,khanhha,0.0155320691836514,7.550346,5.3055234,9.9451
khanhha_original::DeepCrack_11151-2.jpg,degraded,khanhha,-0.0321909453436547,-2.5212853,1.80468,7.6563053
khanhha_original::DeepCrack_11153.jpg,improved,khanhha,0.0914331944813472,-2.7755768,1.2120941,4.929838
khanhha_original::DeepCrack_11155-1.jpg,neutral,khanhha,-0.0023622063080969,7.6461997,5.867419,10.238012
khanhha_original::DeepCrack_11155.jpg,neutral,khanhha,-0.0078887665094561,7.440191,5.6991763,9.903714
khanhha_original::DeepCrack_11156-1.jpg,improved,khanhha,0.0282072337935783,7.464103,5.5253534,9.848076
khanhha_original::DeepCrack_11163-1.jpg,neutral,khanhha,-0.0048286038880277,7.3671827,5.5791864,9.7782545
khanhha_original::DeepCrack_11164-2.jpg,neutral,khanhha,0.0008892378807588,7.3055086,-3.1176145,8.96841
khanhha_original::DeepCrack_11164-4.jpg,neutral,khanhha,0.0015153226276141,11.517571,-1.6900393,6.0020137
khanhha_original::DeepCrack_11165-2.jpg,degraded,khanhha,-0.0565039467629041,1.0024163,5.5049176,4.2790136
khanhha_original::DeepCrack_11165.jpg,degraded,khanhha,-0.0418248913755133,3.757649,7.7261252,5.0857983
khanhha_original::DeepCrack_11178-3.jpg,neutral,khanhha,-0.0072985797827147,7.2545996,5.569867,9.668945
khanhha_original::DeepCrack_11184-1.jpg,degraded,khanhha,-0.0139154262462505,7.361241,5.8061075,9.882625
khanhha_original::DeepCrack_11188-2.jpg,degraded,khanhha,-0.0190156798382047,11.92362,-1.9795524,6.007051
khanhha_original::DeepCrack_11188.jpg,improved,khanhha,0.0136948430439481,11.930678,-1.9104065,6.0081244
khanhha_original::DeepCrack_11197-2.jpg,improved,khanhha,0.0478397263545619,7.3677816,5.565642,9.620741
khanhha_original::DeepCrack_11197-4.jpg,neutral,khanhha,-0.0067969027913822,7.4792023,5.385203,9.778463
khanhha_original::DeepCrack_11204.jpg,neutral,khanhha,0.0057886576541812,-2.871794,1.5543427,7.6359
khanhha_original::DeepCrack_11215-15.jpg,degraded,khanhha,-0.012261525642209,7.6040354,5.1883593,10.071351
khanhha_original::DeepCrack_11215-3.jpg,neutral,khanhha,0.0028237325618494,7.597405,5.095105,10.045124
khanhha_original::DeepCrack_11218-3.jpg,neutral,khanhha,0.0008399028300947,-2.5059097,1.5948542,7.5277004
khanhha_original::DeepCrack_11231-3.jpg,neutral,khanhha,-0.0078524254738291,7.551859,5.3128743,9.992266
khanhha_original::DeepCrack_11231-4.jpg,neutral,khanhha,-0.0035266558550209,7.55274,5.298025,9.976305
khanhha_original::DeepCrack_11236-1.jpg,neutral,khanhha,0.0062945848083056,-2.5032036,1.7681764,7.74139
khanhha_original::DeepCrack_11236-4.jpg,neutral,khanhha,-0.0005146314911635,7.3874183,5.53548,9.774252
khanhha_original::DeepCrack_11240-6.jpg,neutral,khanhha,-0.0016916174968546,7.6341634,5.116561,9.988708
khanhha_original::DeepCrack_11240-8.jpg,neutral,khanhha,0.0010081045242484,7.6804066,5.0357428,9.936515
khanhha_original::DeepCrack_11247-12.jpg,improved,khanhha,0.0105914373355964,7.345957,5.683446,9.579458
khanhha_original::DeepCrack_11249-4.jpg,neutral,khanhha,-0.0056796485548539,7.4080033,5.5233717,9.826549
khanhha_original::DeepCrack_11249-7.jpg,improved,khanhha,0.0123190417438344,7.455594,5.4725204,9.79944
khanhha_original::DeepCrack_11266-3.jpg,degraded,khanhha,-0.0415238101658994,7.8214436,5.093941,9.970202
khanhha_original::DeepCrack_11269-1.jpg,improved,khanhha,0.0142730164940053,-2.680253,1.2412927,5.5471067
khanhha_original::DeepCrack_11270-2.jpg,degraded,khanhha,-0.0131587917477415,7.558815,5.251477,9.773471
khanhha_original::DeepCrack_11271-2.jpg,neutral,khanhha,-0.0020733974097253,7.9924693,5.1326137,10.330267
khanhha_original::DeepCrack_11271-5.jpg,neutral,khanhha,0.0012308124388661,7.9873114,5.1623335,10.322979
khanhha_original::DeepCrack_11286-2.jpg,neutral,khanhha,0.0001679401283325,7.4078374,5.474709,9.805909
khanhha_original::DeepCrack_11289-9.jpg,improved,khanhha,0.0284961664593842,-2.475664,1.5883096,7.514387
khanhha_original::DeepCrack_11294.jpg,degraded,khanhha,-0.0335315587784718,7.530252,5.305698,9.931579
khanhha_original::DeepCrack_11296-18.jpg,degraded,khanhha,-0.0183936712729261,-2.5192862,1.1169602,7.460351
khanhha_original::DeepCrack_11296-19.jpg,neutral,khanhha,0.0094861650985563,-2.5350513,1.3636632,7.663958
khanhha_original::DeepCrack_11296-4.jpg,improved,khanhha,0.0144015971857727,-2.7172894,0.9990875,7.000994
khanhha_original::DeepCrack_11296-7.jpg,neutral,khanhha,0.0008628978900337,-2.6726725,1.1935737,7.5379686
khanhha_original::DeepCrack_11301-6.jpg,degraded,khanhha,-0.0236899241363268,7.4739213,5.4831505,9.873187
khanhha_original::DeepCrack_11304.jpg,neutral,khanhha,-0.0058993529389256,7.3566933,5.7770314,9.714253
khanhha_original::DeepCrack_7Q3A9060-3.jpg,neutral,khanhha,-0.0083690671670967,7.4879026,5.9179716,11.253107
khanhha_original::DeepCrack_7Q3A9060-9.jpg,improved,khanhha,0.0103242857184112,7.2914524,5.74498,9.825393
khanhha_original::DeepCrack_7Q3A9064-12.jpg,neutral,khanhha,-0.0043652097710592,7.8536463,4.8951187,10.044205
khanhha_original::DeepCrack_7Q3A9064-17.jpg,neutral,khanhha,-0.0048000030337762,7.821681,4.8997884,10.031198
khanhha_original::DeepCrack_7Q3A9064-19.jpg,neutral,khanhha,-0.0083142490006582,7.86919,4.898788,10.052165
khanhha_original::DeepCrack_7Q3A9064-20.jpg,degraded,khanhha,-0.0300833401660132,7.821621,6.023355,11.558592
khanhha_original::DeepCrack_IMG109-1.jpg,neutral,khanhha,0.0088025836915084,-3.089452,2.8098567,8.081245
khanhha_original::DeepCrack_IMG11-6.jpg,degraded,khanhha,-0.0205838180279074,4.965442,7.59646,5.9298058
khanhha_original::DeepCrack_IMG14-1.jpg,improved,khanhha,0.0312852900314822,5.145228,7.6053386,6.007866
khanhha_original::DeepCrack_IMG14-3.jpg,improved,khanhha,0.1324003404365936,5.265604,7.6691256,6.079175
khanhha_original::DeepCrack_IMG25-6.jpg,neutral,khanhha,0.0050737111374573,-2.717921,1.3858501,7.799251
khanhha_original::DeepCrack_IMG27-3.jpg,degraded,khanhha,-0.0183850973073846,7.469393,5.4978285,9.836316
khanhha_original::DeepCrack_IMG27-7.jpg,neutral,khanhha,-0.0004867400296628,7.4676676,5.4879084,9.840276
khanhha_original::DeepCrack_IMG27-8.jpg,neutral,khanhha,-0.0060388354852602,7.475551,5.4823194,9.852564
khanhha_original::DeepCrack_IMG27-9.jpg,neutral,khanhha,-0.0046289155659767,7.455821,5.533102,9.845936
khanhha_original::DeepCrack_IMG33-12.jpg,neutral,khanhha,-0.0097692390733071,7.0434823,-2.6965404,9.04194
khanhha_original::DeepCrack_IMG33-16.jpg,improved,khanhha,0.0106751217851132,7.044845,-2.5590005,9.059145
khanhha_original::DeepCrack_IMG33-9.jpg,neutral,khanhha,0.0005882941423926,7.0204325,-2.6009495,9.043965
khanhha_original::DeepCrack_IMG36-2.jpg,improved,khanhha,0.0588211755533029,6.706909,8.107585,8.298984
khanhha_original::DeepCrack_IMG_6469-2.jpg,degraded,khanhha,-0.0344853680919254,7.991029,5.722902,10.784618
khanhha_original::DeepCrack_IMG_6472-1.jpg,degraded,khanhha,-0.0152025180330238,7.935634,5.4166126,10.661023
khanhha_original::DeepCrack_IMG_6514-3.jpg,degraded,khanhha,-0.0171923282435341,8.229414,3.9843953,9.508915
khanhha_original::DeepCrack_IMG_6516-1.jpg,degraded,khanhha,-0.0106064614686364,7.484911,5.423666,9.906561
khanhha_original::DeepCrack_IMG_6522-1.jpg,degraded,khanhha,-0.0827738931735571,7.991885,4.445023,9.834494
khanhha_original::DeepCrack_IMG_6537-1.jpg,improved,khanhha,0.0111307297914464,7.8988476,5.3777647,11.401338
khanhha_original::Eugen_Muller_4470_327_315_563_732.jpg,degraded,khanhha,-0.0473641301539955,-2.8290117,3.588805,6.2371435
khanhha_original::Eugen_Muller_7723_0_0_714_429.jpg,neutral,khanhha,0.0060334643067073,-2.9198442,2.4700882,5.1914387
khanhha_original::Eugen_Muller_8980_79_365_456_521.jpg,neutral,khanhha,0.0058727525839612,-2.765193,1.270434,4.850676
khanhha_original::Eugen_Muller_8980a_123_420_527_438.jpg,improved,khanhha,0.0214349587844939,-2.8034647,1.3886163,4.831722
khanhha_original::Eugen_Muller_8980a_25_22_747_752.jpg,neutral,khanhha,0.0091329742883687,-2.7035458,1.327342,4.9623547
khanhha_original::Eugen_Muller_9360_329_209_632_479.jpg,improved,khanhha,0.0234935744134124,-3.0579789,2.963369,5.632915
khanhha_original::Eugen_Muller_9360_7_26_751_632.jpg,degraded,khanhha,-0.0383173583595631,-2.8309033,2.325672,5.165316
khanhha_original::Eugen_Muller_9360_99_556_518_594.jpg,improved,khanhha,0.0178643947149909,-3.081357,3.7175596,6.381161
khanhha_original::GAPS384_test_0005_541_641.jpg,improved,khanhha,0.096595014450867,8.365695,3.5344317,6.971058
khanhha_original::GAPS384_test_0016_541_1.jpg,degraded,khanhha,-0.0400332486284941,8.37998,3.5249052,6.9614406
khanhha_original::GAPS384_test_0016_541_641.jpg,neutral,khanhha,-0.0002067091897,8.384033,3.518976,6.9645166
khanhha_original::GAPS384_test_0040_541_1.jpg,neutral,khanhha,-0.0061571761974436,8.38864,3.5421648,6.950615
khanhha_original::GAPS384_test_0042_541_1.jpg,neutral,khanhha,0.0006590015585771,8.357289,3.5537384,6.9951444
khanhha_original::GAPS384_test_0058_1_1.jpg,improved,khanhha,0.0396733419528271,8.04937,4.0615983,7.655372
khanhha_original::GAPS384_test_0203_1_1.jpg,degraded,khanhha,-0.0184971876446811,8.350346,3.5684998,7.025185
khanhha_original::GAPS384_test_0203_541_1.jpg,degraded,khanhha,-0.0242194628476216,8.39823,3.5050316,6.9462476
khanhha_original::GAPS384_test_0274_541_1.jpg,degraded,khanhha,-0.0261572177376672,8.343414,3.57357,7.0248137
khanhha_original::GAPS384_train_0423_1_1.jpg,neutral,khanhha,0.0,8.101947,3.9648,7.4500933
khanhha_original::GAPS384_train_0449_1_1.jpg,degraded,khanhha,-0.0233033284568605,8.153053,3.8937852,7.398968
khanhha_original::GAPS384_train_0455_541_1.jpg,improved,khanhha,0.0447165689333186,8.367113,3.5447059,6.9568696
khanhha_original::GAPS384_train_0503_541_1.jpg,improved,khanhha,0.0290407267151453,8.236361,3.7355602,7.175116
khanhha_original::GAPS384_train_0514_541_1.jpg,degraded,khanhha,-0.0358615496871749,8.241702,3.7353046,7.175074
khanhha_original::GAPS384_train_0516_541_641.jpg,degraded,khanhha,-0.0385705417538267,8.28939,3.6608229,7.1030116
khanhha_original::GAPS384_train_0533_541_1.jpg,neutral,khanhha,0.0030419772107069,8.235354,3.7380848,7.16385
khanhha_original::GAPS384_train_0538_541_1.jpg,neutral,khanhha,-0.0004218207894376,8.302448,3.6388788,7.08636
khanhha_original::GAPS384_train_0542_1_641.jpg,improved,khanhha,0.0293252972181605,8.149083,3.8982642,7.3716445
khanhha_original::GAPS384_train_0544_541_1.jpg,degraded,khanhha,-0.0359377470043314,8.227704,3.7524889,7.182332
khanhha_original::GAPS384_train_0552_1_641.jpg,degraded,khanhha,-0.0901763237085425,8.144658,3.9047916,7.362441
khanhha_original::GAPS384_train_0559_541_641.jpg,degraded,khanhha,-0.0216914659688496,8.358861,3.5513287,6.9892235
khanhha_original::GAPS384_train_0597_1_1.jpg,improved,khanhha,0.1175679110741587,8.121755,3.9388223,7.4009724
khanhha_original::GAPS384_train_0599_1_1.jpg,improved,khanhha,0.0200238353123419,8.056932,4.038542,7.4488688
khanhha_original::GAPS384_train_0607_541_641.jpg,degraded,khanhha,-0.0397108434315075,8.290566,3.6475384,7.1845884
khanhha_original::GAPS384_train_0608_1_1.jpg,improved,khanhha,0.1152272885477893,8.182106,3.85141,7.397146
khanhha_original::GAPS384_train_0609_541_641.jpg,improved,khanhha,0.0137056130496672,8.381206,3.5227678,6.9650893
khanhha_original::GAPS384_train_0641_1_1.jpg,improved,khanhha,0.0141494730535826,5.173834,7.5141587,5.8537717
khanhha_original::GAPS384_train_0641_541_641.jpg,degraded,khanhha,-0.1016598825734688,8.323576,3.6054628,7.036682
khanhha_original::GAPS384_train_0649_1_641.jpg,degraded,khanhha,-0.0188559938971288,8.230433,3.7634873,7.2664776
khanhha_original::GAPS384_train_0664_1_1.jpg,neutral,khanhha,-0.005661617836458,8.138783,3.923519,7.4330926
khanhha_original::GAPS384_train_0664_541_641.jpg,improved,khanhha,0.0250884432004568,8.351347,3.562207,7.013898
khanhha_original::GAPS384_train_0680_541_641.jpg,degraded,khanhha,-0.022941266593892,8.310602,3.6270418,7.1246514
khanhha_original::GAPS384_train_0681_541_641.jpg,degraded,khanhha,-0.0361362042902244,8.323961,3.6088538,7.0542316
khanhha_original::GAPS384_train_0690_541_1.jpg,degraded,khanhha,-0.0308635096029606,8.300985,3.6432548,7.0734134
khanhha_original::GAPS384_train_0695_541_1.jpg,neutral,khanhha,-0.0006314307752859,8.293214,3.642384,7.097396
khanhha_original::GAPS384_train_0698_1_641.jpg,degraded,khanhha,-0.0515571919781296,8.114113,3.955468,7.415442
khanhha_original::GAPS384_train_0700_1_1.jpg,degraded,khanhha,-0.0177698684011939,8.130928,3.9284606,7.4112372
khanhha_original::GAPS384_train_0799_541_1.jpg,improved,khanhha,0.0277031249400966,8.341591,3.5800543,7.0261602
khanhha_original::GAPS384_train_0809_541_1.jpg,improved,khanhha,0.0209909111545829,8.311202,3.609836,7.054639
khanhha_original::GAPS384_train_0918_1_641.jpg,neutral,khanhha,-0.0052268347379366,8.148973,3.8938704,7.3548083
khanhha_original::GAPS384_train_0922_1_641.jpg,neutral,khanhha,-0.0003093120620982,8.2364025,3.7443438,7.1855526
khanhha_original::GAPS384_train_0942_541_1.jpg,improved,khanhha,0.053948587999071,8.258495,3.7025936,7.159414
khanhha_original::GAPS384_train_0959_1_641.jpg,degraded,khanhha,-0.0345486234897999,8.392615,3.5071151,6.940031
khanhha_original::GAPS384_train_0961_1_1.jpg,degraded,khanhha,-0.0130939481255466,8.391342,3.514771,6.95138
khanhha_original::GAPS384_train_0996_1_641.jpg,degraded,khanhha,-0.0143038651828956,8.378414,3.529119,6.9638944
khanhha_original::GAPS384_train_1010_541_641.jpg,improved,khanhha,0.0399779805530998,8.074783,4.0166445,7.429229
khanhha_original::GAPS384_train_1015_1_641.jpg,neutral,khanhha,0.0027225626690219,8.238776,3.7435565,7.187753
khanhha_original::GAPS384_train_1028_1_1.jpg,degraded,khanhha,-0.0809478630161742,8.307999,3.6363907,7.1331463
khanhha_original::GAPS384_train_1048_1_1.jpg,improved,khanhha,0.0541210910476708,8.231393,3.7520175,7.242225
khanhha_original::GAPS384_train_1048_541_1.jpg,neutral,khanhha,0.0039460267919239,8.216709,3.7846746,7.2983165
khanhha_original::GAPS384_train_1085_541_1.jpg,degraded,khanhha,-0.0131041061046511,8.367827,3.5380514,6.9838166
khanhha_original::GAPS384_train_1117_1_1.jpg,improved,khanhha,0.0249788943372565,8.109537,3.9514205,7.4494486
khanhha_original::GAPS384_train_1120_541_641.jpg,improved,khanhha,0.0658387998981553,8.336493,3.6027498,7.2224455
khanhha_original::GAPS384_train_1124_1_641.jpg,improved,khanhha,0.0262033028699695,8.2549515,3.718499,7.178098
khanhha_original::GAPS384_train_1126_541_1.jpg,neutral,khanhha,0.0004501719857805,8.316087,3.600494,7.069878
khanhha_original::GAPS384_train_1128_541_1.jpg,neutral,khanhha,-0.0016451975965663,8.267881,3.697047,7.197053
khanhha_original::GAPS384_train_1171_541_641.jpg,neutral,khanhha,0.007209697012433,8.356612,3.5538945,7.0124884
khanhha_original::GAPS384_train_1172_541_641.jpg,neutral,khanhha,0.0081908174611392,8.366885,3.5377488,6.977462
khanhha_original::GAPS384_train_1173_541_1.jpg,improved,khanhha,0.0187082544237882,8.345768,3.5674703,6.9916244
khanhha_original::GAPS384_train_1173_541_641.jpg,degraded,khanhha,-0.0222972218607353,8.358274,3.54734,6.984961
khanhha_original::GAPS384_train_1183_541_1.jpg,neutral,khanhha,0.0058695737268563,8.3316555,3.574653,7.0220757
khanhha_original::GAPS384_train_1187_1_1.jpg,neutral,khanhha,-0.0007011214196483,8.152526,3.8882911,7.336484
khanhha_original::GAPS384_train_1218_541_1.jpg,neutral,khanhha,-0.0041423991425938,8.368224,3.5396347,6.973708
khanhha_original::GAPS384_train_1238_1_1.jpg,neutral,khanhha,-0.0039016849179772,8.320892,3.614958,7.1040554
khanhha_original::GAPS384_train_1247_541_1.jpg,degraded,khanhha,-0.0171338262834434,8.404556,3.4942327,6.9872346
khanhha_original::GAPS384_train_1281_541_1.jpg,neutral,khanhha,0.0062326545850184,8.37045,3.5339897,6.977286
khanhha_original::GAPS384_train_1284_541_641.jpg,degraded,khanhha,-0.0437906909521502,8.355298,3.540553,6.97513
khanhha_original::GAPS384_train_1347_541_1.jpg,degraded,khanhha,-0.119761926089083,8.389985,3.5141323,7.1063395
khanhha_original::GAPS384_train_1347_541_641.jpg,improved,khanhha,0.0804159436952972,8.359044,3.5122838,7.241778
khanhha_original::GAPS384_train_1361_541_641.jpg,improved,khanhha,0.0137760916997869,8.394971,3.4951835,7.1844726
khanhha_original::GAPS384_train_1366_541_1.jpg,neutral,khanhha,-0.0043667663057052,8.374079,3.528767,6.984418
khanhha_original::GAPS384_train_1370_541_641.jpg,improved,khanhha,0.033164465719231,8.366327,3.5372033,6.9783154
khanhha_original::GAPS384_train_1374_541_1.jpg,neutral,khanhha,-0.0011459173884415,8.362028,3.5464265,7.002993
khanhha_original::GAPS384_train_1375_541_641.jpg,improved,khanhha,0.123721703281904,8.340888,3.5728066,7.0294695
khanhha_original::GAPS384_train_1381_541_1.jpg,improved,khanhha,0.0210792597955894,8.342697,3.5672014,7.01823
khanhha_original::GAPS384_valid_0016_541_1.jpg,degraded,khanhha,-0.0477143453850784,8.348405,3.5754087,7.041347
khanhha_original::Rissbilder_for_Florian_9S6A2782_0_0_3840_5760.jpg,neutral,khanhha,-0.0071336377034276,3.1045818,7.725671,3.8747208
khanhha_original::Rissbilder_for_Florian_9S6A2783_485_963_3019_3865.jpg,neutral,khanhha,-0.0015404212331844,3.1971736,7.727341,3.8374138
khanhha_original::Rissbilder_for_Florian_9S6A2783_510_849_2889_2880.jpg,neutral,khanhha,-0.0056055979944129,3.5066712,7.761225,3.86149
khanhha_original::Rissbilder_for_Florian_9S6A2783_555_1445_2892_3793.jpg,neutral,khanhha,-0.0074413091945849,3.0997512,7.706646,3.820239
khanhha_original::Rissbilder_for_Florian_9S6A2783_96_1214_3516_4173.jpg,degraded,khanhha,-0.0173341941721115,3.0319567,7.6827717,3.8155582
khanhha_original::Rissbilder_for_Florian_9S6A2784_100_1539_3455_3308.jpg,neutral,khanhha,-0.0067150341918143,3.4396486,7.8856325,4.1360545
khanhha_original::Rissbilder_for_Florian_9S6A2784_1029_155_2671_3164.jpg,improved,khanhha,0.0234273576737947,3.598338,7.848502,4.014971
khanhha_original::Rissbilder_for_Florian_9S6A2784_241_1425_3582_3991.jpg,neutral,khanhha,-0.0084527156096919,3.3783193,7.8787527,4.1280317
khanhha_original::Rissbilder_for_Florian_9S6A2785_118_523_3535_4238.jpg,neutral,khanhha,0.008442056571854,2.9192543,7.657365,4.1149893
khanhha_original::Rissbilder_for_Florian_9S6A2785_197_1269_2404_2359.jpg,improved,khanhha,0.0881959139654104,2.9244444,7.6648226,4.1439695
khanhha_original::Rissbilder_for_Florian_9S6A2785_239_136_3078_2666.jpg,degraded,khanhha,-0.0262387951334753,2.9192455,7.655145,4.1450653
khanhha_original::Rissbilder_for_Florian_9S6A2785_493_901_3299_3768.jpg,neutral,khanhha,-0.0039133486364991,2.9022002,7.6511483,4.1080155
khanhha_original::Rissbilder_for_Florian_9S6A2785_51_1717_2854_3381.jpg,improved,khanhha,0.022653003978706,2.882448,7.63372,4.1431756
khanhha_original::Rissbilder_for_Florian_9S6A2786_1709_1270_2041_2349.jpg,degraded,khanhha,-0.0150579736166236,3.8332157,8.16725,4.2793183
khanhha_original::Rissbilder_for_Florian_9S6A2786_641_1214_2289_2280.jpg,neutral,khanhha,-0.0005067870061961,3.8474338,8.162564,4.283287
khanhha_original::Rissbilder_for_Florian_9S6A2787_1034_2113_2702_3383.jpg,neutral,khanhha,0.0020156308340096,3.074403,7.488805,4.7661443
khanhha_original::Rissbilder_for_Florian_9S6A2787_114_2564_2503_2920.jpg,neutral,khanhha,4.048691037139562e-05,3.07053,7.521353,4.807143
khanhha_original::Rissbilder_for_Florian_9S6A2787_1217_749_2520_2686.jpg,neutral,khanhha,0.0064431265591,2.9866438,7.5549045,4.8680606
khanhha_original::Rissbilder_for_Florian_9S6A2787_1287_2060_2196_2885.jpg,neutral,khanhha,-0.0034281905465745,3.0596716,7.4777336,4.790747
khanhha_original::Rissbilder_for_Florian_9S6A2787_38_553_3789_4026.jpg,neutral,khanhha,-0.0055598881436181,3.1027174,7.4788613,4.6732635
khanhha_original::Rissbilder_for_Florian_9S6A2787_469_792_2677_2506.jpg,neutral,khanhha,0.0004484692292947,2.9952974,7.542249,4.8978434
khanhha_original::Rissbilder_for_Florian_9S6A2788_0_0_3840_5760.jpg,neutral,khanhha,-0.0012603087599316,3.3176837,7.7591405,4.125482
khanhha_original::Rissbilder_for_Florian_9S6A2788_827_2151_2719_2314.jpg,neutral,khanhha,0.0011029663353742,3.1145973,7.41603,4.1845193
khanhha_original::Rissbilder_for_Florian_9S6A2789_29_2188_3523_3363.jpg,neutral,khanhha,0.0025008506796278,3.1406217,7.69715,4.1334233
khanhha_original::Rissbilder_for_Florian_9S6A2789_79_2844_3130_2630.jpg,neutral,khanhha,-0.0012049205188195,3.054588,7.650143,4.0366535
khanhha_original::Rissbilder_for_Florian_9S6A2790_213_1721_2871_3688.jpg,neutral,khanhha,0.0070252049337317,3.6908343,8.723482,3.8237917
khanhha_original::Rissbilder_for_Florian_9S6A2790_415_1305_3121_2371.jpg,neutral,khanhha,0.0013761924159735,3.6450527,8.6816435,3.858593
khanhha_original::Rissbilder_for_Florian_9S6A2790_750_1920_2101_2560.jpg,neutral,khanhha,-0.0069133089449776,3.697773,8.663704,3.784176
khanhha_original::Rissbilder_for_Florian_9S6A2791_180_347_3514_4469.jpg,degraded,khanhha,-0.0168420532441527,3.6852915,8.775599,3.8544786
khanhha_original::Rissbilder_for_Florian_9S6A2791_268_477_2530_3149.jpg,neutral,khanhha,-0.0024206409873317,3.6688242,8.714188,3.809081
khanhha_original::Rissbilder_for_Florian_9S6A2791_454_1477_3234_3143.jpg,neutral,khanhha,0.0038492027853421,3.6559124,8.760396,3.8490674
khanhha_original::Rissbilder_for_Florian_9S6A2792_0_0_5760_3840.jpg,neutral,khanhha,0.0019237415919389,3.798247,8.892879,3.9913352
khanhha_original::Rissbilder_for_Florian_9S6A2792_1773_105_2717_3479.jpg,neutral,khanhha,0.0049049571351924,3.7928445,8.92243,4.0703297
khanhha_original::Rissbilder_for_Florian_9S6A2792_1778_280_3876_3455.jpg,neutral,khanhha,0.007588118956141,3.7690814,8.916608,4.098443
khanhha_original::Rissbilder_for_Florian_9S6A2792_2643_751_3074_3028.jpg,neutral,khanhha,-0.001380247211155,3.7880516,8.938577,4.093382
khanhha_original::Rissbilder_for_Florian_9S6A2792_753_1245_2029_2585.jpg,neutral,khanhha,-0.0084810697115384,3.7760942,8.894042,3.878491
khanhha_original::Rissbilder_for_Florian_9S6A2793_377_1016_2309_2713.jpg,neutral,khanhha,0.0033102997228461,3.7048323,8.804184,3.8173547
khanhha_original::Rissbilder_for_Florian_9S6A2793_811_444_2800_3267.jpg,neutral,khanhha,-0.0039846967851134,3.7662017,8.8499365,3.9017193
khanhha_original::Rissbilder_for_Florian_9S6A2795_244_2755_3348_2948.jpg,neutral,khanhha,-0.0073674285176564,3.3390067,7.9027205,3.9752333
khanhha_original::Rissbilder_for_Florian_9S6A2795_345_1636_2968_2382.jpg,neutral,khanhha,0.0080158055403094,3.4317703,7.9229546,3.9972837
khanhha_original::Rissbilder_for_Florian_9S6A2795_726_782_2478_3159.jpg,degraded,khanhha,-0.0196013133039766,3.420292,7.9568353,4.0125694
khanhha_original::Rissbilder_for_Florian_9S6A2796_352_1675_3345_3505.jpg,degraded,khanhha,-0.0189828676116287,3.3630152,7.9084473,3.9332018
khanhha_original::Rissbilder_for_Florian_9S6A2796_360_1209_3312_4152.jpg,neutral,khanhha,6.415530687586824e-06,3.297702,7.869632,3.9653862
khanhha_original::Rissbilder_for_Florian_9S6A2796_365_740_3391_4131.jpg,neutral,khanhha,0.0013055769664428,3.3299644,7.915177,3.9533823
khanhha_original::Rissbilder_for_Florian_9S6A2797_0_0_3840_5760.jpg,degraded,khanhha,-0.0261883968169372,2.851926,7.589173,3.7646828
khanhha_original::Rissbilder_for_Florian_9S6A2797_211_1594_3203_4094.jpg,neutral,khanhha,0.0050429873598566,2.8664176,7.596615,3.7701607
khanhha_original::Rissbilder_for_Florian_9S6A2797_27_2177_3736_3368.jpg,neutral,khanhha,-0.005118420679973,2.8545094,7.587892,3.772725
khanhha_original::Rissbilder_for_Florian_9S6A2797_331_75_3433_4182.jpg,neutral,khanhha,0.0063678722778039,2.8374708,7.588994,3.7520452
khanhha_original::Rissbilder_for_Florian_9S6A2798_499_1239_3234_3324.jpg,neutral,khanhha,0.0010296245350055,3.7335854,6.946376,4.5412025
khanhha_original::Rissbilder_for_Florian_9S6A2798_614_1857_2201_2501.jpg,degraded,khanhha,-0.0743248733285181,3.9029274,6.6675773,4.6281886
khanhha_original::Rissbilder_for_Florian_9S6A2798_697_1777_2994_3062.jpg,neutral,khanhha,-0.0049657560577078,3.8624861,6.7633257,4.6072307
khanhha_original::Rissbilder_for_Florian_9S6A2799_133_2058_3555_3079.jpg,neutral,khanhha,-0.0062271000340555,4.47674,7.9049883,6.0729003
khanhha_original::Rissbilder_for_Florian_9S6A2799_275_471_3176_4152.jpg,improved,khanhha,0.0149345958285934,4.429065,7.9003053,6.129114
khanhha_original::Rissbilder_for_Florian_9S6A2799_288_786_3196_3304.jpg,neutral,khanhha,-0.0033312925813411,4.5077276,7.91124,6.0922446
khanhha_original::Rissbilder_for_Florian_9S6A2800_191_3241_2390_2435.jpg,neutral,khanhha,0.0,6.3546944,9.104843,5.841751
khanhha_original::Rissbilder_for_Florian_9S6A2800_195_2531_3219_2684.jpg,improved,khanhha,0.0213796431429782,3.9323056,8.223584,5.267826
khanhha_original::Rissbilder_for_Florian_9S6A2800_382_814_2795_2670.jpg,improved,khanhha,0.0105107215871198,3.9040983,8.218506,5.267606
khanhha_original::Rissbilder_for_Florian_9S6A2800_48_573_3788_4425.jpg,improved,khanhha,0.0145503766193421,3.9110732,8.214873,5.284133
khanhha_original::Rissbilder_for_Florian_9S6A2800_552_1819_3171_3588.jpg,neutral,khanhha,0.0001598813530521,3.8775005,8.190556,5.3031435
khanhha_original::Rissbilder_for_Florian_9S6A2800_817_399_2611_2043.jpg,improved,khanhha,0.0500324886289798,6.350804,9.1384735,5.775824
khanhha_original::Rissbilder_for_Florian_9S6A2802_251_84_3754_3687.jpg,neutral,khanhha,0.0015338455144537,3.9281347,8.23128,5.2460437
khanhha_original::Rissbilder_for_Florian_9S6A2802_2931_279_2589_2739.jpg,neutral,khanhha,-0.0051115238481901,3.8627312,8.191644,5.3007045
khanhha_original::Rissbilder_for_Florian_9S6A2802_631_103_2560_2012.jpg,degraded,khanhha,-0.0314618942435893,3.8998814,8.237049,5.174362
khanhha_original::Rissbilder_for_Florian_9S6A2803_209_1110_2922_3685.jpg,neutral,khanhha,8.595906752406623e-05,4.167038,7.920139,4.43056
khanhha_original::Rissbilder_for_Florian_9S6A2803_247_1248_3459_4462.jpg,neutral,khanhha,-0.0008064364153321,4.125426,7.917832,4.406103
khanhha_original::Rissbilder_for_Florian_9S6A2803_272_142_3359_3107.jpg,neutral,khanhha,0.0007923708321753,4.1833572,7.955691,4.5316176
khanhha_original::Rissbilder_for_Florian_9S6A2803_612_408_2717_3030.jpg,neutral,khanhha,-0.0061968505862903,4.212121,7.918829,4.5066915
khanhha_original::Rissbilder_for_Florian_9S6A2804_118_1818_2606_2570.jpg,neutral,khanhha,0.0005561261554647,3.8823845,6.9156165,4.808487
khanhha_original::Rissbilder_for_Florian_9S6A2805_1632_240_3224_2475.jpg,neutral,khanhha,-0.0030366803789578,3.14623,7.7767224,3.857701
khanhha_original::Rissbilder_for_Florian_9S6A2805_3150_203_1998_2621.jpg,improved,khanhha,0.024649175562572,3.1487541,7.768724,3.8542316
khanhha_original::Rissbilder_for_Florian_9S6A2805_565_1400_2938_2247.jpg,improved,khanhha,0.0113050480000744,3.1095328,7.756549,3.8125362
khanhha_original::Rissbilder_for_Florian_9S6A2806_1082_397_4233_3223.jpg,neutral,khanhha,0.0041455092736732,3.2254279,7.841343,3.893644
khanhha_original::Rissbilder_for_Florian_9S6A2806_3363_1303_2009_2459.jpg,improved,khanhha,0.0209225309441568,3.2087672,7.7935762,3.884247
khanhha_original::Rissbilder_for_Florian_9S6A2806_368_348_2093_2759.jpg,improved,khanhha,0.0217287293107338,3.1007276,7.7368484,3.8438163
khanhha_original::Rissbilder_for_Florian_9S6A2807_112_2167_3474_2842.jpg,neutral,khanhha,-0.0014387126546847,2.8740587,7.5729184,3.8659606
khanhha_original::Rissbilder_for_Florian_9S6A2807_149_637_3674_3362.jpg,neutral,khanhha,-0.0064098895011267,2.8875268,7.6105886,3.8512628
khanhha_original::Rissbilder_for_Florian_9S6A2807_224_1187_3581_3340.jpg,neutral,khanhha,-0.0008019601004725,2.8771172,7.6026497,3.8232934
khanhha_original::Rissbilder_for_Florian_9S6A2807_577_1818_2154_2452.jpg,neutral,khanhha,-0.0074189672662908,3.6927772,7.956989,4.0023856
khanhha_original::Rissbilder_for_Florian_9S6A2808_19_37_3435_3257.jpg,neutral,khanhha,-0.008097823958954,3.0227897,7.6979346,3.7406945
khanhha_original::Rissbilder_for_Florian_9S6A2808_222_2951_3443_2623.jpg,neutral,khanhha,-0.0003808044032357,3.1225238,7.815396,3.728192
khanhha_original::Rissbilder_for_Florian_9S6A2808_30_709_3501_4305.jpg,neutral,khanhha,0.0038458539502557,2.9691844,7.667091,3.746827
khanhha_original::Rissbilder_for_Florian_9S6A2810_309_181_3327_4094.jpg,neutral,khanhha,0.0067279427840235,4.008852,8.827758,4.1978946
khanhha_original::Rissbilder_for_Florian_9S6A2810_43_528_3225_4185.jpg,improved,khanhha,0.0102367632383516,4.124065,8.830333,4.166808
khanhha_original::Rissbilder_for_Florian_9S6A2810_65_655_2748_2720.jpg,neutral,khanhha,0.008595889697116,4.0546327,8.738184,4.149381
khanhha_original::Rissbilder_for_Florian_9S6A2811_119_80_3414_3691.jpg,degraded,khanhha,-0.0109994117579869,4.077642,8.819647,4.174413
khanhha_original::Rissbilder_for_Florian_9S6A2811_1873_211_2406_2890.jpg,neutral,khanhha,-0.0077279507628701,3.980255,8.723564,4.2691617
khanhha_original::Rissbilder_for_Florian_9S6A2812_1545_131_2276_2406.jpg,neutral,khanhha,0.0,6.041224,8.88976,6.189551
khanhha_original::Rissbilder_for_Florian_9S6A2812_372_1081_3294_3264.jpg,degraded,khanhha,-0.0270531066868622,5.1660256,8.179159,5.804862
khanhha_original::Rissbilder_for_Florian_9S6A2812_6_41_3627_3234.jpg,improved,khanhha,0.0158313748843105,5.048141,8.123183,5.829202
khanhha_original::Rissbilder_for_Florian_9S6A2813_90_1297_3435_4044.jpg,neutral,khanhha,-0.0022955630069368,4.1067214,8.8708105,4.150792
khanhha_original::Rissbilder_for_Florian_9S6A2815_1237_159_3590_2891.jpg,neutral,khanhha,-0.0061396852678027,4.148953,8.8810215,4.183439
khanhha_original::Rissbilder_for_Florian_9S6A2816_0_0_3840_5760.jpg,neutral,khanhha,-0.0005362837492555,4.1304975,8.881614,4.1807714
khanhha_original::Rissbilder_for_Florian_9S6A2816_113_51_3722_4201.jpg,neutral,khanhha,0.0004592911730659,4.1370516,8.902285,4.1703463
khanhha_original::Rissbilder_for_Florian_9S6A2816_1644_2004_1934_2558.jpg,neutral,khanhha,-0.0019180609238775,4.1032915,8.894759,4.1563773
khanhha_original::Rissbilder_for_Florian_9S6A2816_255_1654_2762_3248.jpg,neutral,khanhha,-0.0043165178486279,4.1374664,8.888467,4.1398754
khanhha_original::Rissbilder_for_Florian_9S6A2816_375_1185_3365_3750.jpg,neutral,khanhha,0.0051770731181044,4.1478887,8.902213,4.19716
khanhha_original::Rissbilder_for_Florian_9S6A2816_48_1105_3458_4373.jpg,neutral,khanhha,0.0010126856717992,4.1478577,8.890582,4.1732903
khanhha_original::Rissbilder_for_Florian_9S6A2817_266_1535_2877_3827.jpg,neutral,khanhha,-0.0059062042529581,3.9706132,8.897313,4.0903435
khanhha_original::Rissbilder_for_Florian_9S6A2817_362_2779_2835_2376.jpg,neutral,khanhha,0.0008646785984853,3.8408613,8.9289875,4.1402397
khanhha_original::Rissbilder_for_Florian_9S6A2817_378_2811_2792_2576.jpg,neutral,khanhha,-0.0008934276661198,3.8649979,8.941897,4.1007385
khanhha_original::Rissbilder_for_Florian_9S6A2817_515_925_2769_3395.jpg,degraded,khanhha,-0.0510642481933158,4.0258822,8.894006,4.1017013
khanhha_original::Rissbilder_for_Florian_9S6A2817_67_221_2558_2411.jpg,improved,khanhha,0.0508433387069608,3.976683,9.011225,3.873997
khanhha_original::Rissbilder_for_Florian_9S6A2818_205_138_2610_2193.jpg,neutral,khanhha,0.0021845832459609,3.8752382,8.616098,4.0396266
khanhha_original::Rissbilder_for_Florian_9S6A2818_208_545_3096_3152.jpg,neutral,khanhha,-0.0062385413725334,3.7835991,8.488051,3.9814136
khanhha_original::Rissbilder_for_Florian_9S6A2818_22_73_3648_4328.jpg,neutral,khanhha,-0.0037758346581875,3.9045906,8.565141,4.053896
khanhha_original::Rissbilder_for_Florian_9S6A2818_287_1431_3198_4185.jpg,neutral,khanhha,-0.0032650606105087,3.8721113,8.616924,4.0013175
khanhha_original::Rissbilder_for_Florian_9S6A2818_819_1604_2582_2762.jpg,degraded,khanhha,-0.0134909660199579,3.7572322,8.544245,3.9216719
khanhha_original::Rissbilder_for_Florian_9S6A2818_952_1532_2829_2875.jpg,degraded,khanhha,-0.0108117296530149,3.8056502,8.555932,3.9646943
khanhha_original::Rissbilder_for_Florian_9S6A2820_304_486_3141_3670.jpg,degraded,khanhha,-0.0105564825781279,4.0385027,8.147738,5.4374022
khanhha_original::Rissbilder_for_Florian_9S6A2820_366_660_2637_3456.jpg,degraded,khanhha,-0.0204857576844358,4.0793133,8.145368,5.474875
khanhha_original::Rissbilder_for_Florian_9S6A2821_1009_504_3415_2649.jpg,degraded,khanhha,-0.0172104009758174,3.6853979,8.862969,4.1489463
khanhha_original::Rissbilder_for_Florian_9S6A2821_1089_894_2343_2903.jpg,neutral,khanhha,-0.0010812417619275,3.6863384,8.909257,4.1310062
khanhha_original::Rissbilder_for_Florian_9S6A2821_2779_46_2936_3794.jpg,neutral,khanhha,0.0015521529925954,3.8308308,8.732599,4.2238593
khanhha_original::Rissbilder_for_Florian_9S6A2822_1030_155_3516_3590.jpg,neutral,khanhha,-0.0022005862374099,3.8131278,8.657137,4.272137
khanhha_original::Rissbilder_for_Florian_9S6A2822_1137_465_2983_2428.jpg,neutral,khanhha,-0.0048459971225082,3.7681506,8.65973,4.3439403
khanhha_original::Rissbilder_for_Florian_9S6A2822_2401_400_2963_3258.jpg,neutral,khanhha,-0.0040928538915204,3.8338506,8.669534,4.268685
khanhha_original::Rissbilder_for_Florian_9S6A2823_106_892_3634_4471.jpg,degraded,khanhha,-0.0106903327943743,3.780667,8.947408,4.1316423
khanhha_original::Rissbilder_for_Florian_9S6A2825_325_1707_3330_2732.jpg,degraded,khanhha,-0.0133109924131596,3.732895,8.886835,4.1420355
khanhha_original::Rissbilder_for_Florian_9S6A2825_340_882_2590_2354.jpg,degraded,khanhha,-0.0148091767872741,3.56151,8.732508,4.045496
khanhha_original::Rissbilder_for_Florian_9S6A2825_565_2563_2166_2123.jpg,neutral,khanhha,-0.004616165218353,3.5211835,8.699696,4.0858736
khanhha_original::Rissbilder_for_Florian_9S6A2825_65_315_3693_4161.jpg,neutral,khanhha,-0.0085280375656672,3.7632797,8.879322,4.129222
khanhha_original::Rissbilder_for_Florian_9S6A2825_711_1408_2863_2522.jpg,neutral,khanhha,-0.0063602548416022,3.7583537,8.892177,4.152625
khanhha_original::Rissbilder_for_Florian_9S6A2825_71_1920_3644_3801.jpg,neutral,khanhha,-0.0056075759516464,3.7971323,8.906669,4.1430087
khanhha_original::Rissbilder_for_Florian_9S6A2826_0_0_3840_5760.jpg,neutral,khanhha,0.0066542921842322,4.9324346,7.32772,5.9218483
khanhha_original::Rissbilder_for_Florian_9S6A2826_418_1200_2774_3626.jpg,neutral,khanhha,-0.0012874037288723,4.916855,7.2275143,5.9947944
khanhha_original::Rissbilder_for_Florian_9S6A2826_65_1595_3304_2654.jpg,neutral,khanhha,-0.0017665678810355,4.9873533,7.2287903,6.0684695
khanhha_original::Rissbilder_for_Florian_9S6A2826_985_495_2477_3280.jpg,degraded,khanhha,-0.0104799556971613,4.8829575,7.2001977,5.998225
khanhha_original::Rissbilder_for_Florian_9S6A2827_1172_836_2226_2545.jpg,neutral,khanhha,0.0052314818381739,3.455786,7.808975,3.841592
khanhha_original::Rissbilder_for_Florian_9S6A2827_1553_813_2699_2293.jpg,improved,khanhha,0.0126423612521985,3.6619556,7.871023,3.9078069
khanhha_original::Rissbilder_for_Florian_9S6A2828_111_1161_3542_4005.jpg,neutral,khanhha,0.0002920497850334,3.774427,8.311314,4.024255
khanhha_original::Rissbilder_for_Florian_9S6A2828_81_1831_3515_3918.jpg,neutral,khanhha,-0.0022246120237672,3.9121294,8.412503,4.00654
khanhha_original::Rissbilder_for_Florian_9S6A2828_958_2102_2564_2428.jpg,improved,khanhha,0.037455965106401,3.678338,8.267763,3.9213169
khanhha_original::Rissbilder_for_Florian_9S6A2829_248_0_4607_3807.jpg,neutral,khanhha,-0.006382687074699,3.7344713,8.922732,4.0364323
khanhha_original::Rissbilder_for_Florian_9S6A2829_465_128_3261_3385.jpg,neutral,khanhha,-0.0033262587486938,3.707464,8.939083,4.0172677
khanhha_original::Rissbilder_for_Florian_9S6A2830_317_1218_3139_3120.jpg,neutral,khanhha,0.0010296881670035,3.724135,8.940727,3.9388053
khanhha_original::Rissbilder_for_Florian_9S6A2830_356_323_2546_2076.jpg,neutral,khanhha,-0.0084375486370367,3.6912665,8.921218,3.9116645
khanhha_original::Rissbilder_for_Florian_9S6A2830_715_2986_2996_2571.jpg,neutral,khanhha,0.0062761627419244,3.7183087,8.944814,3.9421065
khanhha_original::Rissbilder_for_Florian_9S6A2830_87_511_3003_3652.jpg,neutral,khanhha,0.0028248549306277,3.7170575,8.953513,3.964362
khanhha_original::Rissbilder_for_Florian_9S6A2831_130_3142_3148_2567.jpg,neutral,khanhha,-0.0077429713184224,2.8792336,7.6057024,3.7840664
khanhha_original::Rissbilder_for_Florian_9S6A2831_1392_523_2363_2146.jpg,neutral,khanhha,0.0016233949259533,3.0930047,7.76339,3.7969694
khanhha_original::Rissbilder_for_Florian_9S6A2831_14_1354_3612_3768.jpg,neutral,khanhha,-0.0077355689252612,2.8509805,7.592096,3.7381275
khanhha_original::Rissbilder_for_Florian_9S6A2831_183_1551_2640_2168.jpg,neutral,khanhha,-0.0055734094309889,2.9504008,7.655706,3.7724612
khanhha_original::Rissbilder_for_Florian_9S6A2831_237_201_3399_4522.jpg,neutral,khanhha,-0.0060427087379712,2.8530502,7.589404,3.743805
khanhha_original::Rissbilder_for_Florian_9S6A2831_277_1810_3479_3118.jpg,neutral,khanhha,-0.00245948701723,2.8392973,7.588037,3.7283747
khanhha_original::Rissbilder_for_Florian_9S6A2831_343_1804_2873_2254.jpg,degraded,khanhha,-0.0176208852300336,2.8912385,7.605395,3.7568812
khanhha_original::Rissbilder_for_Florian_9S6A2832_1234_336_2375_2845.jpg,neutral,khanhha,0.0063714418123052,3.0142636,7.7026362,3.7741017
khanhha_original::Rissbilder_for_Florian_9S6A2832_185_2346_3101_2742.jpg,neutral,khanhha,0.0080541986467598,3.4097245,7.9040074,3.8143802
khanhha_original::Rissbilder_for_Florian_9S6A2832_375_1408_3366_3866.jpg,neutral,khanhha,-0.0083783150768692,3.1447775,7.7842674,3.7817936
khanhha_original::Rissbilder_for_Florian_9S6A2833_0_720_3814_3967.jpg,neutral,khanhha,-0.0012472085597175,3.4142263,7.900468,3.7953346
khanhha_original::Rissbilder_for_Florian_9S6A2833_11_1057_3805_3303.jpg,improved,khanhha,0.0123691303719027,3.3810742,7.8836393,3.791676
khanhha_original::Rissbilder_for_Florian_9S6A2833_596_837_3205_3950.jpg,improved,khanhha,0.0145640020988682,3.377106,7.8918242,3.7910752
khanhha_original::Rissbilder_for_Florian_9S6A2834_1012_1643_2453_3015.jpg,improved,khanhha,0.0170194546376761,3.1728084,7.8105803,3.776262
khanhha_original::Rissbilder_for_Florian_9S6A2834_18_332_3392_3333.jpg,neutral,khanhha,0.0063827893189053,3.1730008,7.8079915,3.7699502
khanhha_original::Rissbilder_for_Florian_9S6A2834_196_114_2762_3611.jpg,degraded,khanhha,-0.0170926037863985,3.1769814,7.776992,3.781515
khanhha_original::Rissbilder_for_Florian_9S6A2834_40_1275_3784_4195.jpg,neutral,khanhha,0.0093053517670018,2.9340577,7.6506944,3.7474027
khanhha_original::Rissbilder_for_Florian_9S6A2835_373_1783_2745_2384.jpg,neutral,khanhha,-0.0010160000036744,2.8466194,7.593413,3.7384381
khanhha_original::Rissbilder_for_Florian_9S6A2835_459_1693_3011_2424.jpg,neutral,khanhha,0.004211942684328,2.8674958,7.6024704,3.7407858
khanhha_original::Rissbilder_for_Florian_9S6A2835_468_2521_2391_2304.jpg,neutral,khanhha,-0.0071918572448609,2.8576167,7.6007643,3.7400804
khanhha_original::Rissbilder_for_Florian_9S6A2835_469_1050_2755_3142.jpg,degraded,khanhha,-0.0118485422782318,2.8653975,7.6061735,3.7260711
khanhha_original::Rissbilder_for_Florian_9S6A2835_637_235_2191_2778.jpg,degraded,khanhha,-0.0140162294671268,2.988199,7.6989427,3.7416136
khanhha_original::Rissbilder_for_Florian_9S6A2835_964_2753_2392_2184.jpg,neutral,khanhha,0.005051736872544,2.878486,7.6154833,3.754017
khanhha_original::Rissbilder_for_Florian_9S6A2836_0_0_3840_5760.jpg,neutral,khanhha,0.0074564890848676,3.0756142,7.7637296,3.741727
khanhha_original::Rissbilder_for_Florian_9S6A2836_391_1220_2381_3118.jpg,neutral,khanhha,-0.0001326731203601,3.3289318,7.890411,3.792273
khanhha_original::Rissbilder_for_Florian_9S6A2837_523_803_3305_3454.jpg,neutral,khanhha,-0.0048731693565989,2.852366,7.598215,3.7482443
khanhha_original::Rissbilder_for_Florian_9S6A2838_1264_697_1978_2438.jpg,improved,khanhha,0.0396219261611943,3.2321846,7.90042,3.763037
khanhha_original::Rissbilder_for_Florian_9S6A2838_419_638_3373_4346.jpg,neutral,khanhha,0.0032721211527872,2.9394078,7.642198,3.7526991
khanhha_original::Rissbilder_for_Florian_9S6A2838_565_1405_2810_2334.jpg,degraded,khanhha,-0.0129392602673298,3.0523252,7.734685,3.7572982
khanhha_original::Rissbilder_for_Florian_9S6A2839_132_1745_2786_3604.jpg,degraded,khanhha,-0.0124260803213752,3.828736,7.9980793,3.9674716
khanhha_original::Rissbilder_for_Florian_9S6A2839_8_923_3789_4181.jpg,neutral,khanhha,-0.001387781338855,3.7395942,7.957774,3.9358237
khanhha_original::Rissbilder_for_Florian_9S6A2840_408_2141_3112_2692.jpg,neutral,khanhha,-0.0012483068747541,3.8361063,7.8489666,3.9648778
khanhha_original::Rissbilder_for_Florian_9S6A2840_520_1171_3029_3249.jpg,neutral,khanhha,0.0098141687777142,3.8383887,7.879128,3.9684033
khanhha_original::Rissbilder_for_Florian_9S6A2840_73_1408_3251_2521.jpg,neutral,khanhha,0.0041726466245319,3.792841,7.852364,3.928198
khanhha_original::Rissbilder_for_Florian_9S6A2840_7_1394_3830_4317.jpg,neutral,khanhha,0.0010817864799113,3.7686357,7.876894,3.937762
khanhha_original::Rissbilder_for_Florian_9S6A2841_19_570_3460_3784.jpg,neutral,khanhha,0.0025929174619389,3.5936527,7.525308,3.9503334
khanhha_original::Rissbilder_for_Florian_9S6A2841_217_2299_3214_2878.jpg,neutral,khanhha,-0.0033942103303414,3.6100268,7.493659,3.9503207
khanhha_original::Rissbilder_for_Florian_9S6A2841_247_162_2749_3393.jpg,neutral,khanhha,-0.0035225161091374,3.56845,7.5185595,3.943357
khanhha_original::Rissbilder_for_Florian_9S6A2841_319_1106_2769_3450.jpg,neutral,khanhha,-0.0018518292229093,3.5888872,7.5172668,3.950174
khanhha_original::Rissbilder_for_Florian_9S6A2841_341_1075_3324_3954.jpg,neutral,khanhha,0.0018502333518072,3.6089654,7.549649,3.9358177
khanhha_original::Rissbilder_for_Florian_9S6A2841_542_955_3068_2456.jpg,neutral,khanhha,0.0024968852825607,3.6126206,7.546268,3.9470713
khanhha_original::Rissbilder_for_Florian_9S6A2842_321_767_3019_3008.jpg,neutral,khanhha,0.0093505950588859,3.4789488,7.43826,4.03652
khanhha_original::Rissbilder_for_Florian_9S6A2842_635_1731_1931_2541.jpg,degraded,khanhha,-0.0252382608830409,3.4580848,7.416437,4.0623474
khanhha_original::Rissbilder_for_Florian_9S6A2842_70_2154_3631_3282.jpg,degraded,khanhha,-0.0271583748034178,3.536833,7.477423,4.0226784
khanhha_original::Rissbilder_for_Florian_9S6A2843_12_1425_2920_2441.jpg,neutral,khanhha,0.0039918277542039,3.6555905,8.452753,3.969046
khanhha_original::Rissbilder_for_Florian_9S6A2843_178_404_2380_2116.jpg,neutral,khanhha,0.0,5.723238,9.533415,4.752
khanhha_original::Rissbilder_for_Florian_9S6A2843_369_1526_1885_2389.jpg,neutral,khanhha,-0.0057949195681465,3.6458507,8.493565,3.974623
khanhha_original::Rissbilder_for_Florian_9S6A2843_734_2194_2503_2654.jpg,neutral,khanhha,-0.0024900994584522,3.6765544,8.571586,3.9739003
khanhha_original::Rissbilder_for_Florian_9S6A2843_81_439_3537_3036.jpg,neutral,khanhha,9.81750981750018e-05,3.803258,8.48463,3.9142144
khanhha_original::Rissbilder_for_Florian_9S6A2844_0_0_3840_5760.jpg,neutral,khanhha,-0.0065251049445282,3.6959202,8.885424,4.0804114
khanhha_original::Rissbilder_for_Florian_9S6A2844_443_437_3072_2992.jpg,neutral,khanhha,0.0078582238878474,3.6032002,8.9089,4.1699843
khanhha_original::Rissbilder_for_Florian_9S6A2844_736_848_3078_2427.jpg,improved,khanhha,0.0142742948498344,3.6180816,8.915924,4.135362
khanhha_original::Rissbilder_for_Florian_9S6A2845_0_0_5760_3840.jpg,neutral,khanhha,-0.0032188383195338,3.5963678,8.92339,4.1019783
khanhha_original::Rissbilder_for_Florian_9S6A2845_1333_32_4399_3805.jpg,neutral,khanhha,0.0082536724171777,3.6140022,8.9285965,4.132183
khanhha_original::Rissbilder_for_Florian_9S6A2845_1480_64_3182_3685.jpg,improved,khanhha,0.0138419690270417,3.5944004,8.943287,4.150899
khanhha_original::Rissbilder_for_Florian_9S6A2845_1641_474_2958_3084.jpg,neutral,khanhha,-0.0094092951148594,3.6274626,8.928616,4.139637
khanhha_original::Rissbilder_for_Florian_9S6A2845_2026_3_2804_3214.jpg,neutral,khanhha,-0.0037361166391434,3.6007617,8.970121,4.153873
khanhha_original::Rissbilder_for_Florian_9S6A2845_2181_159_3010_3511.jpg,degraded,khanhha,-0.016818622629947,3.630881,8.950117,4.135506
khanhha_original::Rissbilder_for_Florian_9S6A2845_628_184_3360_3293.jpg,neutral,khanhha,-0.0005445359645271,3.574296,8.923898,4.1630645
khanhha_original::Rissbilder_for_Florian_9S6A2846_230_168_2768_2605.jpg,improved,khanhha,0.0132180167915724,3.7747512,9.0429945,4.2554235
khanhha_original::Rissbilder_for_Florian_9S6A2846_268_1498_2452_2689.jpg,neutral,khanhha,0.0035120968772381,3.6866589,8.914867,4.1418953
khanhha_original::Rissbilder_for_Florian_9S6A2846_330_640_3250_2553.jpg,degraded,khanhha,-0.017850266523221,3.6808717,8.891049,4.1691937
khanhha_original::Rissbilder_for_Florian_9S6A2846_392_1024_2627_3077.jpg,neutral,khanhha,-0.0023479434952032,3.677579,8.879345,4.174201
khanhha_original::Rissbilder_for_Florian_9S6A2846_64_1600_3177_3483.jpg,neutral,khanhha,0.0075804512157684,3.6867886,8.930083,4.088407
khanhha_original::Rissbilder_for_Florian_9S6A2847_112_411_3688_4096.jpg,degraded,khanhha,-0.0205711922475009,3.818494,8.954723,4.177144
khanhha_original::Rissbilder_for_Florian_9S6A2847_422_1541_2737_2708.jpg,degraded,khanhha,-0.0101267660440981,3.809181,8.93729,4.200972
khanhha_original::Rissbilder_for_Florian_9S6A2847_57_1886_3694_3848.jpg,degraded,khanhha,-0.05595044723634,3.80118,8.929262,4.150721
khanhha_original::Rissbilder_for_Florian_9S6A2848_105_342_3183_3261.jpg,neutral,khanhha,-0.0035794387070358,3.8365207,8.268362,4.151517
khanhha_original::Rissbilder_for_Florian_9S6A2848_1214_523_4329_3293.jpg,neutral,khanhha,-0.0059414524683802,3.8650568,8.066607,4.074083
khanhha_original::Rissbilder_for_Florian_9S6A2849_1010_1722_2676_2957.jpg,neutral,khanhha,0.0015752672097845,3.8780284,8.326583,4.225424
khanhha_original::Rissbilder_for_Florian_9S6A2849_239_1191_3521_3188.jpg,neutral,khanhha,-0.0029039624532239,3.8818145,7.9286156,4.038482
khanhha_original::Rissbilder_for_Florian_9S6A2849_465_1014_2857_3753.jpg,neutral,khanhha,-0.0019911889048662,3.9127812,8.234931,4.177982
khanhha_original::Rissbilder_for_Florian_9S6A2850_1113_51_4606_3781.jpg,neutral,khanhha,0.0023264049906291,3.8267508,8.753478,4.0056047
khanhha_original::Rissbilder_for_Florian_9S6A2850_1408_904_2105_2792.jpg,neutral,khanhha,-0.0070590671555431,3.7768545,8.766192,3.9648035
khanhha_original::Rissbilder_for_Florian_9S6A2851_1713_30_3619_3365.jpg,neutral,khanhha,0.0048490787073334,3.6647575,8.780821,4.1851273
khanhha_original::Rissbilder_for_Florian_9S6A2851_1976_734_2746_2491.jpg,neutral,khanhha,0.0020835874973051,3.6236937,8.770475,4.1934648
khanhha_original::Rissbilder_for_Florian_9S6A2851_2413_175_2645_3485.jpg,neutral,khanhha,-0.002620135997926,3.6778247,8.803094,4.084019
khanhha_original::Rissbilder_for_Florian_9S6A2851_512_50_2972_2678.jpg,neutral,khanhha,0.0038571360562461,3.676923,8.753465,4.210828
khanhha_original::Rissbilder_for_Florian_9S6A2852_1108_175_3570_3421.jpg,neutral,khanhha,-0.0026747790669633,3.7009912,8.574897,4.419916
khanhha_original::Rissbilder_for_Florian_9S6A2852_356_540_3667_2981.jpg,neutral,khanhha,-0.0070090264312943,3.646868,8.560472,4.460505
khanhha_original::Rissbilder_for_Florian_9S6A2853_1127_1463_2379_2376.jpg,neutral,khanhha,-0.0007901169505617,3.661325,8.723536,4.196913
khanhha_original::Rissbilder_for_Florian_9S6A2853_826_286_2004_2464.jpg,neutral,khanhha,-0.0046229281556456,3.6881447,8.795893,4.1408634
khanhha_original::Rissbilder_for_Florian_9S6A2854_162_1195_3169_2569.jpg,neutral,khanhha,-0.0048053186028891,3.879786,8.329506,4.382387
khanhha_original::Rissbilder_for_Florian_9S6A2856_1840_62_3055_3769.jpg,neutral,khanhha,-0.004907581994533,3.8914866,8.57319,4.210347
khanhha_original::Rissbilder_for_Florian_9S6A2856_2611_839_1919_2466.jpg,neutral,khanhha,-0.0024648725997473,3.8643386,8.467642,4.275083
khanhha_original::Rissbilder_for_Florian_9S6A2856_3030_1197_2337_2140.jpg,degraded,khanhha,-0.0158316620233631,3.831217,8.541129,4.3119135
khanhha_original::Rissbilder_for_Florian_9S6A2856_3095_641_2548_2416.jpg,neutral,khanhha,-0.0038655083939207,3.8212137,8.569492,4.2070503
khanhha_original::Rissbilder_for_Florian_9S6A2857_1203_1130_2423_3169.jpg,neutral,khanhha,0.0010329403083756,3.77058,8.788846,4.274947
khanhha_original::Rissbilder_for_Florian_9S6A2857_148_211_2303_2832.jpg,neutral,khanhha,0.002970461877228,3.751904,8.821446,4.2063107
khanhha_original::Rissbilder_for_Florian_9S6A2857_159_2331_3518_2794.jpg,neutral,khanhha,-0.0031919129981252,3.7715895,8.778355,4.2830286
khanhha_original::Rissbilder_for_Florian_9S6A2857_585_241_3220_4175.jpg,neutral,khanhha,-0.0013746680490429,3.7804675,8.805803,4.235829
khanhha_original::Rissbilder_for_Florian_9S6A2857_807_939_2369_1886.jpg,improved,khanhha,0.0162892814504542,3.7965155,8.967387,4.2018805
khanhha_original::Rissbilder_for_Florian_9S6A2857_89_2266_3467_3213.jpg,neutral,khanhha,-0.002239506102866,3.8960261,8.823222,4.285957
khanhha_original::Rissbilder_for_Florian_9S6A2858_103_1887_2963_2745.jpg,neutral,khanhha,-0.0015151610974201,3.7481513,8.759096,4.244977
khanhha_original::Rissbilder_for_Florian_9S6A2858_138_1397_3695_4304.jpg,neutral,khanhha,0.0032017311429075,3.7770817,8.828477,4.206533
khanhha_original::Rissbilder_for_Florian_9S6A2858_203_242_3312_2597.jpg,improved,khanhha,0.0134096832793617,3.7832155,9.027072,4.192972
khanhha_original::Rissbilder_for_Florian_9S6A2858_24_161_2934_2248.jpg,neutral,khanhha,0.0,3.9763227,9.0883665,4.269164
khanhha_original::Rissbilder_for_Florian_9S6A2858_559_619_3260_3533.jpg,neutral,khanhha,-0.0057112810986846,3.7488868,8.758975,4.2423196
khanhha_original::Rissbilder_for_Florian_9S6A2858_58_840_3696_4727.jpg,neutral,khanhha,0.0003923866220405,3.77098,8.792692,4.208169
khanhha_original::Rissbilder_for_Florian_9S6A2858_74_2277_2849_2285.jpg,degraded,khanhha,-0.0174091398506385,3.7615879,8.785783,4.230892
khanhha_original::Rissbilder_for_Florian_9S6A2858_825_486_2361_2715.jpg,neutral,khanhha,-0.0044203680204405,3.7130075,8.836479,4.1630287
khanhha_original::Rissbilder_for_Florian_9S6A2859_1580_320_3896_3471.jpg,improved,khanhha,0.0138757259107342,3.8492029,8.745227,4.0539217
khanhha_original::Rissbilder_for_Florian_9S6A2859_1796_34_3392_3713.jpg,neutral,khanhha,-0.0062004319268093,3.804243,8.72378,4.024402
khanhha_original::Rissbilder_for_Florian_9S6A2859_2073_725_3430_2687.jpg,neutral,khanhha,0.0029117983565503,3.832047,8.657371,3.973365
khanhha_original::Rissbilder_for_Florian_9S6A2860_109_355_3609_3381.jpg,neutral,khanhha,0.0003923971500989,3.8470716,8.737222,4.0736017
khanhha_original::Rissbilder_for_Florian_9S6A2860_2652_869_3027_2537.jpg,degraded,khanhha,-0.0106108281767941,3.7884164,8.680813,4.1644993
khanhha_original::Rissbilder_for_Florian_9S6A2860_476_406_3989_3027.jpg,neutral,khanhha,0.0001641056074512,3.7736158,8.774019,4.1118875
khanhha_original::Rissbilder_for_Florian_9S6A2860_707_1403_2200_2149.jpg,degraded,khanhha,-0.0217719468451549,3.770623,8.752485,4.045957
khanhha_original::Rissbilder_for_Florian_9S6A2861_1002_825_2601_2341.jpg,neutral,khanhha,-0.0092667540664286,3.7575727,8.825321,4.3148828
khanhha_original::Rissbilder_for_Florian_9S6A2861_327_851_2964_3474.jpg,neutral,khanhha,0.0008151693576518,3.7994697,8.777187,4.306767
khanhha_original::Rissbilder_for_Florian_9S6A2861_716_324_2856_3710.jpg,neutral,khanhha,0.0001837648002729,3.7864225,8.759948,4.32741
khanhha_original::Rissbilder_for_Florian_9S6A2862_13_1221_3798_4291.jpg,improved,khanhha,0.011300265166438,3.7241957,8.938009,4.2681837
khanhha_original::Rissbilder_for_Florian_9S6A2862_16_760_3062_2984.jpg,neutral,khanhha,0.0053524084716847,3.7134762,9.005004,4.2354946
khanhha_original::Rissbilder_for_Florian_9S6A2862_54_2006_3577_3513.jpg,neutral,khanhha,0.0025794184694587,3.7546892,8.968803,4.2463727
khanhha_original::Rissbilder_for_Florian_9S6A2862_550_1911_3038_3042.jpg,degraded,khanhha,-0.0154508920496762,3.7225065,8.926554,4.231989
khanhha_original::Rissbilder_for_Florian_9S6A2863_312_1094_3025_3361.jpg,improved,khanhha,0.0102688681576174,3.3009112,7.9086514,4.348833
khanhha_original::Rissbilder_for_Florian_9S6A2863_423_3163_2502_2009.jpg,degraded,khanhha,-0.0227162886838395,3.5496497,8.833552,4.1875157
khanhha_original::Rissbilder_for_Florian_9S6A2864_0_0_3840_5760.jpg,neutral,khanhha,0.0060632971043743,3.9751139,8.144535,3.979461
khanhha_original::Rissbilder_for_Florian_9S6A2864_474_1863_3308_2536.jpg,neutral,khanhha,-0.0003158050309438,3.8371909,8.211444,3.8841639
khanhha_original::Rissbilder_for_Florian_9S6A2864_95_886_3690_4688.jpg,neutral,khanhha,0.0002166134199331,3.9535346,8.180238,3.9690259
khanhha_original::Rissbilder_for_Florian_9S6A2865_215_1866_2936_3607.jpg,neutral,khanhha,0.001545789971141,3.7016797,8.136959,3.7759972
khanhha_original::Rissbilder_for_Florian_9S6A2865_321_3005_2468_2755.jpg,neutral,khanhha,0.0028431324649055,3.6375628,8.09428,3.7605574
khanhha_original::Rissbilder_for_Florian_9S6A2865_402_376_2830_3345.jpg,neutral,khanhha,-0.0092827087183924,3.6931736,8.112706,3.7479634
khanhha_original::Rissbilder_for_Florian_9S6A2865_415_206_2924_3039.jpg,neutral,khanhha,0.0005669957451605,3.6890852,8.110024,3.7582498
khanhha_original::Rissbilder_for_Florian_9S6A2865_48_35_3665_3847.jpg,degraded,khanhha,-0.0130502349561895,3.6683311,8.133421,3.754217
khanhha_original::Rissbilder_for_Florian_9S6A2865_874_516_2613_2236.jpg,degraded,khanhha,-0.0994630118832259,3.671066,8.101791,3.7252893
khanhha_original::Rissbilder_for_Florian_9S6A2866_277_585_3310_3706.jpg,neutral,khanhha,0.0005712927102323,3.7237964,8.759376,4.192703
khanhha_original::Rissbilder_for_Florian_9S6A2866_643_1201_2050_2536.jpg,neutral,khanhha,0.006274463520253,3.6928458,8.793331,4.090836
khanhha_original::Rissbilder_for_Florian_9S6A2867_114_180_3373_2642.jpg,neutral,khanhha,0.0022815359498351,3.8047802,8.6156025,3.8072379
khanhha_original::Rissbilder_for_Florian_9S6A2867_249_168_3377_3485.jpg,neutral,khanhha,0.0026049185866074,3.7099504,8.546641,3.8755248
khanhha_original::Rissbilder_for_Florian_9S6A2867_26_155_3813_3142.jpg,neutral,khanhha,-0.002706033406304,3.7348416,8.54107,3.86494
khanhha_original::Rissbilder_for_Florian_9S6A2867_515_377_2926_3568.jpg,degraded,khanhha,-0.0113167287489012,3.7202895,8.559695,3.8776796
khanhha_original::Rissbilder_for_Florian_9S6A2867_657_766_2790_3388.jpg,neutral,khanhha,0.0044407535470968,3.7201529,8.564014,3.8662589
khanhha_original::Rissbilder_for_Florian_9S6A2868_169_34_3542_2947.jpg,neutral,khanhha,0.0027748357231973,3.492527,8.576726,4.0598707
khanhha_original::Rissbilder_for_Florian_9S6A2868_252_1319_2263_2294.jpg,neutral,khanhha,-0.0016363811377662,3.508023,8.581383,3.9924428
khanhha_original::Rissbilder_for_Florian_9S6A2868_257_950_3108_3346.jpg,neutral,khanhha,0.0071012554009818,3.494685,8.590296,3.9992793
khanhha_original::Rissbilder_for_Florian_9S6A2868_353_804_2737_3193.jpg,improved,khanhha,0.0117279451732781,3.5148118,8.594518,4.009641
khanhha_original::Rissbilder_for_Florian_9S6A2868_867_2101_2821_2989.jpg,neutral,khanhha,-0.0012258931126788,3.508323,8.628244,3.9923775
khanhha_original::Rissbilder_for_Florian_9S6A2869_107_1230_3580_4395.jpg,neutral,khanhha,0.0014521659571918,3.6172373,8.644941,3.8493927
khanhha_original::Rissbilder_for_Florian_9S6A2869_1234_372_2013_2272.jpg,neutral,khanhha,0.0,4.079279,9.122627,3.7209048
khanhha_original::Rissbilder_for_Florian_9S6A2869_171_1902_3454_3763.jpg,neutral,khanhha,-0.0046905438927447,3.5980458,8.604118,3.8495061
khanhha_original::Rissbilder_for_Florian_9S6A2869_37_1430_3692_3865.jpg,degraded,khanhha,-0.0164427056394975,3.5799928,8.583418,3.846373
khanhha_original::Rissbilder_for_Florian_9S6A2869_6_538_3621_3662.jpg,degraded,khanhha,-0.0167683310619619,3.5937216,8.577256,3.8462756
khanhha_original::Rissbilder_for_Florian_9S6A2869_855_1425_2447_2662.jpg,improved,khanhha,0.0444464866914182,3.601005,8.627824,3.8353057
khanhha_original::Rissbilder_for_Florian_9S6A2869_878_3059_2683_2082.jpg,improved,khanhha,0.1157012259341955,4.0220814,9.063072,3.7396796
khanhha_original::Rissbilder_for_Florian_9S6A2870_121_518_3261_3345.jpg,neutral,khanhha,0.0004375516056146,3.6262753,8.71694,3.8592877
khanhha_original::Rissbilder_for_Florian_9S6A2870_504_1261_2761_3438.jpg,neutral,khanhha,0.0,3.8411286,8.956822,3.8191051
khanhha_original::Rissbilder_for_Florian_9S6A2873_0_0_5760_3840.jpg,neutral,khanhha,0.0099237686338282,3.7140536,8.30046,5.053458
khanhha_original::Rissbilder_for_Florian_9S6A2873_244_84_4072_3620.jpg,improved,khanhha,0.0110110127574983,3.666549,8.290065,5.1052117
khanhha_original::Rissbilder_for_Florian_9S6A2873_904_515_2792_2550.jpg,neutral,khanhha,0.0020797227036395,3.6420817,8.251021,5.116427
khanhha_original::Rissbilder_for_Florian_9S6A2873_905_438_3442_2738.jpg,neutral,khanhha,0.0013940379764224,3.6459248,8.286375,5.099553
khanhha_original::Rissbilder_for_Florian_9S6A2873_930_236_3379_3204.jpg,improved,khanhha,0.0186666319073836,3.6360362,8.232061,5.1385665
khanhha_original::Rissbilder_for_Florian_9S6A2874_251_526_2458_2696.jpg,degraded,khanhha,-0.0383846250639888,3.3573449,7.7800684,5.7959995
khanhha_original::Rissbilder_for_Florian_9S6A2875_169_1864_3516_3562.jpg,neutral,khanhha,-0.0034579574774485,3.8909166,8.153076,5.0313334
khanhha_original::Rissbilder_for_Florian_9S6A2875_228_47_2676_2777.jpg,neutral,khanhha,-0.0092115832924498,3.7928243,8.114214,5.1717644
khanhha_original::Rissbilder_for_Florian_9S6A2875_36_523_3631_3027.jpg,neutral,khanhha,-0.0063436345372384,3.8302639,8.142447,5.1067576
khanhha_original::Rissbilder_for_Florian_9S6A2875_97_864_3672_4225.jpg,neutral,khanhha,0.0035707282329154,3.8383963,8.134179,5.0225987
khanhha_original::Rissbilder_for_Florian_9S6A2876_169_722_2977_3880.jpg,degraded,khanhha,-0.0115508506783215,3.6739373,8.031821,5.080876
khanhha_original::Rissbilder_for_Florian_9S6A2876_79_1349_3734_3387.jpg,neutral,khanhha,0.0042664856435895,3.679557,8.071239,5.0711975
khanhha_original::Rissbilder_for_Florian_9S6A2876_800_744_2945_3705.jpg,degraded,khanhha,-0.0220196808436532,3.7292042,8.057932,5.0998354
khanhha_original::Rissbilder_for_Florian_9S6A2877_304_1360_2589_2329.jpg,degraded,khanhha,-0.01735997538066,3.3359962,7.882542,5.0856843
khanhha_original::Rissbilder_for_Florian_9S6A2877_417_140_3357_4443.jpg,neutral,khanhha,-0.0037254677013804,3.4229329,7.9678454,4.9260645
khanhha_original::Rissbilder_for_Florian_9S6A2877_472_1716_2206_2901.jpg,neutral,khanhha,-0.0061868095560493,3.381406,7.953514,5.040139
khanhha_original::Rissbilder_for_Florian_9S6A2878_186_801_3630_3688.jpg,neutral,khanhha,-0.005665933327153,3.2515943,7.8683248,4.98667
khanhha_original::Rissbilder_for_Florian_9S6A2878_287_270_3223_3935.jpg,neutral,khanhha,-0.0036950210809458,3.3003874,7.8982706,4.9718385
khanhha_original::Rissbilder_for_Florian_9S6A2878_29_861_3713_4568.jpg,neutral,khanhha,0.0015750605474365,3.2804875,7.8799334,4.92862
khanhha_original::Rissbilder_for_Florian_9S6A2878_373_2066_2452_3245.jpg,neutral,khanhha,-0.0062989515373506,3.22428,7.8546486,5.018384
khanhha_original::Rissbilder_for_Florian_9S6A2878_67_878_2624_2752.jpg,neutral,khanhha,-0.0005677150283657,3.270085,7.867288,4.9984865
khanhha_original::Rissbilder_for_Florian_9S6A2878_861_28_2800_2885.jpg,neutral,khanhha,-0.0023791596679612,3.250244,7.856152,4.99097
khanhha_original::Rissbilder_for_Florian_9S6A2879_0_0_5760_3840.jpg,neutral,khanhha,-0.0001331341738829,3.6721308,8.095889,5.1054792
khanhha_original::Rissbilder_for_Florian_9S6A2879_1312_923_2418_2909.jpg,neutral,khanhha,-0.005819534437245,3.8123453,8.163392,5.2356496
khanhha_original::Rissbilder_for_Florian_9S6A2879_1320_542_3826_3214.jpg,neutral,khanhha,0.0056578575878425,3.6263094,8.064141,5.170077
khanhha_original::Rissbilder_for_Florian_9S6A2880_1244_1022_2375_2527.jpg,neutral,khanhha,-0.0084600473732862,3.8374271,8.128264,4.924163
khanhha_original::Rissbilder_for_Florian_9S6A2880_131_2019_3358_3435.jpg,neutral,khanhha,0.0003238707487814,3.8517714,8.107388,4.9174433
khanhha_original::Rissbilder_for_Florian_9S6A2880_1_709_3836_3003.jpg,neutral,khanhha,0.0009451714086434,3.8677251,8.122053,4.9303956
khanhha_original::Rissbilder_for_Florian_9S6A2880_277_388_3305_4321.jpg,neutral,khanhha,0.0016276952622151,3.914291,8.105492,4.8251667
khanhha_original::Rissbilder_for_Florian_9S6A2881_0_0_3840_5760.jpg,neutral,khanhha,0.0041606888794584,3.5358388,7.976075,5.390861
khanhha_original::Rissbilder_for_Florian_9S6A2881_1046_39_2575_3270.jpg,neutral,khanhha,0.0028232527805256,3.5445778,7.971924,5.4014854
khanhha_original::Rissbilder_for_Florian_9S6A2881_277_1792_3424_2971.jpg,improved,khanhha,0.011900329900007,3.6040516,8.037816,5.3316903
khanhha_original::Rissbilder_for_Florian_9S6A2881_77_297_3144_3819.jpg,degraded,khanhha,-0.043407941754725,3.5100608,7.9633613,5.4669223
khanhha_original::Rissbilder_for_Florian_9S6A2882_346_490_2497_1975.jpg,neutral,khanhha,-0.0071083956562426,4.1067843,8.026216,4.5894217
khanhha_original::Rissbilder_for_Florian_9S6A2882_458_1944_3282_2844.jpg,neutral,khanhha,0.0050797493527531,3.9034421,8.228554,5.1839232
khanhha_original::Rissbilder_for_Florian_9S6A2883_0_0_3840_5760.jpg,neutral,khanhha,0.0006900565676699,3.5442407,8.025029,4.8437147
khanhha_original::Rissbilder_for_Florian_9S6A2883_290_1780_2688_2984.jpg,neutral,khanhha,-0.0092108572286166,3.80897,8.135959,5.1164308
khanhha_original::Rissbilder_for_Florian_9S6A2884_103_1141_3407_4451.jpg,degraded,khanhha,-0.011120985210244,3.8711424,8.189459,5.100982
khanhha_original::Rissbilder_for_Florian_9S6A2884_158_1281_3498_4054.jpg,neutral,khanhha,0.0026911334984141,3.8641596,8.221129,5.0628757
khanhha_original::Rissbilder_for_Florian_9S6A2884_197_1323_3592_3665.jpg,neutral,khanhha,0.0079582577132486,3.8953817,8.193139,5.078145
khanhha_original::Rissbilder_for_Florian_9S6A2884_19_1803_3537_2796.jpg,improved,khanhha,0.0139756140719067,3.9220996,8.177779,5.0296836
khanhha_original::Rissbilder_for_Florian_9S6A2885_167_1375_2073_2363.jpg,degraded,khanhha,-0.0183695449023455,3.923658,8.217299,5.1389403
khanhha_original::Rissbilder_for_Florian_9S6A2885_67_973_3621_3313.jpg,neutral,khanhha,0.0024775210012391,3.9002383,8.234974,5.1327467
khanhha_original::Rissbilder_for_Florian_9S6A2885_82_1409_2816_3479.jpg,neutral,khanhha,-0.0009292454666821,3.9274862,8.212071,5.1270757
khanhha_original::Rissbilder_for_Florian_9S6A2886_106_479_3642_4594.jpg,improved,khanhha,0.0155304409983943,4.00876,8.127062,4.7051425
khanhha_original::Rissbilder_for_Florian_9S6A2886_110_1312_3454_3075.jpg,neutral,khanhha,0.0029352203625392,3.996706,8.132353,4.707257
khanhha_original::Rissbilder_for_Florian_9S6A2886_12_1171_3583_2973.jpg,neutral,khanhha,0.0030253202659569,4.0251517,8.107616,4.740933
khanhha_original::Rissbilder_for_Florian_9S6A2886_273_2665_2929_2302.jpg,neutral,khanhha,-0.0047971443032579,4.022599,8.145532,4.7569623
khanhha_original::Rissbilder_for_Florian_9S6A2886_695_71_2627_3457.jpg,neutral,khanhha,-0.0007670486149737,4.0075116,8.14866,4.7715535
khanhha_original::Rissbilder_for_Florian_9S6A2886_984_32_2437_2598.jpg,degraded,khanhha,-0.0341226397811255,3.9959395,8.205152,4.717351
khanhha_original::Rissbilder_for_Florian_9S6A2887_452_483_3013_2564.jpg,improved,khanhha,0.018257712982025,3.1756444,7.1206203,4.73479
khanhha_original::Rissbilder_for_Florian_9S6A2887_749_2501_3000_2991.jpg,neutral,khanhha,-0.0019169905669097,3.0529647,7.214206,4.8985887
khanhha_original::Rissbilder_for_Florian_9S6A2888_133_918_3617_3712.jpg,neutral,khanhha,-0.0004451679842158,3.9353387,8.059194,4.634845
khanhha_original::Rissbilder_for_Florian_9S6A2889_470_1014_3063_3785.jpg,neutral,khanhha,-0.0066617406730637,3.1139486,7.7015924,4.26083
khanhha_original::Rissbilder_for_Florian_9S6A2889_671_2114_2686_3238.jpg,neutral,khanhha,-0.0013048347163797,3.1240945,7.646762,4.3053145
khanhha_original::Rissbilder_for_Florian_9S6A2890_0_0_3840_5760.jpg,improved,khanhha,0.0101235489184588,3.696166,8.20538,4.696948
khanhha_original::Rissbilder_for_Florian_9S6A2890_1213_1864_1830_2425.jpg,degraded,khanhha,-0.021432936365151,3.7633612,8.190114,4.482659
khanhha_original::Rissbilder_for_Florian_9S6A2892_103_890_2526_2526.jpg,neutral,khanhha,0.0029981188734681,4.3708997,7.7532206,4.5374284
khanhha_original::Rissbilder_for_Florian_9S6A2892_1086_390_3050_2813.jpg,degraded,khanhha,-0.0106486059812773,4.3566475,7.7571464,4.542581
khanhha_original::Rissbilder_for_Florian_9S6A2892_1754_604_2639_2889.jpg,neutral,khanhha,0.0030928272593769,4.3582525,7.7779365,4.5404363
khanhha_original::Rissbilder_for_Florian_9S6A2893_46_3035_3311_2720.jpg,neutral,khanhha,0.0039355330746282,3.7885463,7.814383,4.7233877
khanhha_original::Rissbilder_for_Florian_9S6A2893_986_2947_2387_2036.jpg,improved,khanhha,0.0410560344827586,3.379616,7.386376,4.767926
khanhha_original::Rissbilder_for_Florian_9S6A2894_2035_188_3164_3103.jpg,degraded,khanhha,-0.0107272125438047,3.9540539,8.184913,5.315542
khanhha_original::Rissbilder_for_Florian_9S6A2894_2274_588_3314_3190.jpg,neutral,khanhha,0.0011430837068943,3.924962,8.188516,5.2780595
khanhha_original::Rissbilder_for_Florian_9S6A2895_46_163_3635_3331.jpg,improved,khanhha,0.013507923791702,4.186149,7.47271,7.8252854
khanhha_original::Rissbilder_for_Florian_9S6A2896_0_0_3840_5760.jpg,neutral,khanhha,0.001473081394113,3.6738276,7.989936,5.4950914
khanhha_original::Rissbilder_for_Florian_9S6A2896_1287_1184_2528_1916.jpg,neutral,khanhha,-0.0014328685652802,-2.5834508,2.154743,5.284932
khanhha_original::Rissbilder_for_Florian_9S6A2896_1446_730_2288_2912.jpg,neutral,khanhha,-0.0062870040491839,3.1972892,7.765577,5.433069
khanhha_original::Rissbilder_for_Florian_9S6A2896_28_1443_3701_3540.jpg,neutral,khanhha,0.006398678807977,3.6155713,8.012997,5.4094944
khanhha_original::Rissbilder_for_Florian_9S6A2896_616_2037_3008_3401.jpg,neutral,khanhha,0.0015409507066903,3.695935,8.043949,5.3608346
khanhha_original::Rissbilder_for_Florian_9S6A2896_788_3134_2243_2150.jpg,degraded,khanhha,-0.0191417171086561,3.9054317,8.20881,5.167132
khanhha_original::Rissbilder_for_Florian_9S6A2897_1309_1879_2158_2129.jpg,neutral,khanhha,-0.0003971979653,4.4086313,7.2917156,7.8860693
khanhha_original::Rissbilder_for_Florian_9S6A2897_161_1181_3216_3670.jpg,neutral,khanhha,0.0042072595015932,3.8805687,8.149424,5.230115
khanhha_original::Rissbilder_for_Florian_9S6A2897_480_85_2898_3545.jpg,neutral,khanhha,0.0018489244785149,3.90636,8.145384,5.2080736
khanhha_original::Rissbilder_for_Florian_9S6A2897_575_1892_2708_3567.jpg,neutral,khanhha,0.0068960638526237,3.7887657,8.074549,5.2116027
khanhha_original::Rissbilder_for_Florian_9S6A2897_9_818_3756_3081.jpg,neutral,khanhha,-0.0030520004183377,3.9146314,8.166206,5.2048316
khanhha_original::Rissbilder_for_Florian_9S6A2900_113_3085_3124_2494.jpg,degraded,khanhha,-0.0141442972569223,3.7710698,8.149039,5.0565977
khanhha_original::Rissbilder_for_Florian_9S6A2900_163_3290_2437_2240.jpg,degraded,khanhha,-0.015590493049719,3.6453328,8.086739,5.027134
khanhha_original::Rissbilder_for_Florian_9S6A2900_197_1041_3309_3760.jpg,degraded,khanhha,-0.010036747989625,3.67544,8.088392,5.0831475
khanhha_original::Rissbilder_for_Florian_9S6A2901_0_0_3840_5760.jpg,neutral,khanhha,0.0061318032595668,3.4774911,7.7451262,4.144721
khanhha_original::Rissbilder_for_Florian_9S6A2901_55_3400_2984_2240.jpg,neutral,khanhha,0.008299113197023,3.5015187,7.5034037,4.2855763
khanhha_original::Rissbilder_for_Florian_9S6A2901_67_161_3343_3273.jpg,neutral,khanhha,0.0041274327036109,3.4748428,7.697241,4.2293134
khanhha_original::Rissbilder_for_Florian_9S6A2902_0_0_3840_5760.jpg,neutral,khanhha,0.0005879204335672,3.4859087,6.82387,4.609517
khanhha_original::Rissbilder_for_Florian_9S6A2902_163_2262_3171_3274.jpg,improved,khanhha,0.0116632565698779,3.556439,6.774001,4.6523824
khanhha_original::Rissbilder_for_Florian_9S6A2902_192_967_2598_2117.jpg,neutral,khanhha,-0.0078936730627541,3.7695813,6.638822,4.8856726
khanhha_original::Rissbilder_for_Florian_9S6A2903_385_511_3375_3468.jpg,neutral,khanhha,-0.0063691558020257,3.5752084,6.7798767,4.6487193
khanhha_original::Rissbilder_for_Florian_9S6A2903_438_739_2998_2746.jpg,neutral,khanhha,0.002051168141509,3.6104786,6.7521,4.6375966
khanhha_original::Rissbilder_for_Florian_9S6A2904_447_893_3086_3169.jpg,neutral,khanhha,0.0084503053823232,3.2857769,7.0264845,4.5377297
khanhha_original::Rissbilder_for_Florian_9S6A2904_78_719_3211_3093.jpg,neutral,khanhha,0.007864719821525,3.284379,7.0063767,4.5489206
khanhha_original::Rissbilder_for_Florian_9S6A2904_86_208_2615_2808.jpg,improved,khanhha,0.0143185550082102,3.262532,7.0144405,4.5453873
khanhha_original::Rissbilder_for_Florian_9S6A2905_1082_994_2878_2819.jpg,degraded,khanhha,-0.011696470726084,3.2987652,7.0642815,4.4911594
khanhha_original::Rissbilder_for_Florian_9S6A2905_153_412_3269_2899.jpg,neutral,khanhha,-0.0016622339549667,3.2845902,7.006936,4.5527935
khanhha_original::Rissbilder_for_Florian_9S6A2905_2363_42_2827_2612.jpg,neutral,khanhha,-0.0014475760809433,3.3022213,7.0409837,4.514808
khanhha_original::Rissbilder_for_Florian_9S6A2905_795_159_2896_2675.jpg,neutral,khanhha,-0.0092593289842392,3.2770684,7.043645,4.525734
khanhha_original::Rissbilder_for_Florian_9S6A2905_928_88_4020_3658.jpg,neutral,khanhha,0.0022092325873734,3.2732248,7.0694637,4.5294275
khanhha_original::Rissbilder_for_Florian_9S6A2906_0_0_3840_5760.jpg,neutral,khanhha,-0.0006235309119517,3.9369516,7.566955,4.1135674
khanhha_original::Rissbilder_for_Florian_9S6A2906_358_658_3398_3904.jpg,neutral,khanhha,-0.0009103763700611,3.8741052,7.5435,4.1185718
khanhha_original::Rissbilder_for_Florian_9S6A2906_52_256_3772_3845.jpg,neutral,khanhha,0.0012865853460988,3.8880327,7.5853615,4.0941796
khanhha_original::Rissbilder_for_Florian_9S6A2906_54_350_3631_4518.jpg,neutral,khanhha,0.0005240998571969,3.8794742,7.52194,4.1124535
khanhha_original::Rissbilder_for_Florian_9S6A2906_67_759_3263_3857.jpg,neutral,khanhha,0.0001169600099173,3.8760316,7.528885,4.1089144
khanhha_original::Rissbilder_for_Florian_9S6A2908_1091_77_2830_3744.jpg,neutral,khanhha,-0.0040975912917903,3.8237298,7.4825554,4.151983
khanhha_original::Rissbilder_for_Florian_9S6A2908_1096_896_2445_1861.jpg,degraded,khanhha,-0.0231469966422086,3.8095515,7.445431,4.1678085
khanhha_original::Rissbilder_for_Florian_9S6A2908_1599_736_3074_2729.jpg,neutral,khanhha,-0.0092338662785774,3.8139496,7.4245057,4.1705694
khanhha_original::Rissbilder_for_Florian_9S6A2909_191_2009_3191_3109.jpg,neutral,khanhha,-0.0014133339584111,3.240043,7.0162654,4.4370384
khanhha_original::Rissbilder_for_Florian_9S6A2909_36_61_3613_3826.jpg,neutral,khanhha,0.0042573685305783,3.3659048,6.9903755,4.4727464
khanhha_original::Rissbilder_for_Florian_9S6A2909_485_850_3106_4081.jpg,neutral,khanhha,-0.0018105231446858,3.2452471,7.008611,4.420937
khanhha_original::Rissbilder_for_Florian_9S6A2910_0_0_3840_5760.jpg,neutral,khanhha,-0.0032276760083069,3.0630932,7.009798,4.2862835
khanhha_original::Rissbilder_for_Florian_9S6A2910_113_175_3097_2360.jpg,neutral,khanhha,-0.0081577520596657,3.3967204,6.8984103,4.5231805
khanhha_original::Rissbilder_for_Florian_9S6A2910_43_1959_3615_3077.jpg,neutral,khanhha,-0.0013299157262494,3.180099,6.9340916,4.390546
khanhha_original::Rissbilder_for_Florian_9S6A2910_59_1878_2063_2153.jpg,neutral,khanhha,0.0065069151345215,3.3441057,6.9642696,4.4897623
khanhha_original::Rissbilder_for_Florian_9S6A2910_880_2365_2685_2887.jpg,neutral,khanhha,-0.0041278843721669,3.2190711,6.8814416,4.4247694
khanhha_original::Rissbilder_for_Florian_9S6A2911_1125_1393_2108_2755.jpg,neutral,khanhha,-0.0074911808504861,3.4526377,7.2236857,4.4299245
khanhha_original::Rissbilder_for_Florian_9S6A2911_323_1692_3460_3572.jpg,neutral,khanhha,-0.0022977560558105,4.017021,8.097637,4.7114334
khanhha_original::Rissbilder_for_Florian_9S6A2912_0_0_3840_5760.jpg,improved,khanhha,0.01359638561925,3.4458444,8.447242,3.92821
khanhha_original::Rissbilder_for_Florian_9S6A2912_255_1175_3429_3203.jpg,neutral,khanhha,0.0022326780871257,3.2861474,8.231176,4.0028567
khanhha_original::Rissbilder_for_Florian_9S6A2912_85_369_3711_3429.jpg,neutral,khanhha,0.0010647691756725,3.17244,8.044219,4.0440764
khanhha_original::Rissbilder_for_Florian_9S6A2913_20_297_2640_2502.jpg,degraded,khanhha,-0.0201207923068023,3.026181,7.673622,3.824501
khanhha_original::Rissbilder_for_Florian_9S6A2913_320_3010_3339_2578.jpg,neutral,khanhha,-0.0020783836598795,3.0083477,7.652281,3.817184
khanhha_original::Rissbilder_for_Florian_9S6A2913_321_16_3485_4543.jpg,improved,khanhha,0.0108512388711206,2.9999173,7.6724434,3.8192775
khanhha_original::Rissbilder_for_Florian_9S6A2914_10_816_3799_4560.jpg,improved,khanhha,0.0217984338499845,2.9986274,7.674589,3.808056
khanhha_original::Rissbilder_for_Florian_9S6A2914_165_203_2511_2307.jpg,degraded,khanhha,-0.0237941722422949,2.9887545,7.6456084,3.798226
khanhha_original::Rissbilder_for_Florian_9S6A2914_601_1274_2657_3363.jpg,improved,khanhha,0.0160810650291888,2.968737,7.6260695,3.7730613
khanhha_original::Rissbilder_for_Florian_9S6A2914_61_827_3521_3770.jpg,improved,khanhha,0.0134939079047839,2.9522338,7.62514,3.7850811
khanhha_original::Rissbilder_for_Florian_9S6A2914_864_1519_2861_3089.jpg,improved,khanhha,0.0213919185113455,2.9761097,7.639529,3.7978997
khanhha_original::Rissbilder_for_Florian_9S6A2915_1128_2752_2373_2395.jpg,improved,khanhha,0.0445455637185748,3.0537317,7.655001,3.834651
khanhha_original::Rissbilder_for_Florian_9S6A2915_757_2194_2406_2383.jpg,neutral,khanhha,-0.0064195041399618,2.9987276,7.647957,3.8007734
khanhha_original::Rissbilder_for_Florian_9S6A2916_1381_1379_2811_2259.jpg,degraded,khanhha,-0.0235401836671391,3.0548065,7.5086765,3.9751437
khanhha_original::Rissbilder_for_Florian_9S6A2916_1475_441_4120_3342.jpg,neutral,khanhha,0.0034842324196852,3.416103,7.8524776,4.0114584
khanhha_original::Rissbilder_for_Florian_9S6A2916_2449_405_2485_3276.jpg,degraded,khanhha,-0.0308497395540906,3.513714,7.7146516,4.140766
khanhha_original::Rissbilder_for_Florian_9S6A2916_26_880_2781_2363.jpg,degraded,khanhha,-0.0275468069982718,3.0332453,7.497777,3.9435863
khanhha_original::Rissbilder_for_Florian_9S6A2916_361_66_3733_3710.jpg,degraded,khanhha,-0.0112443524539226,3.1645665,7.729801,3.9054222
khanhha_original::Rissbilder_for_Florian_9S6A2917_0_74_3825_4343.jpg,improved,khanhha,0.0295037123694074,2.8895655,7.5921035,3.7266827
khanhha_original::Rissbilder_for_Florian_9S6A2917_313_1519_3434_4037.jpg,improved,khanhha,0.0151533992462344,2.8888066,7.591409,3.7032223
khanhha_original::Rissbilder_for_Florian_9S6A2917_486_1027_3148_3681.jpg,neutral,khanhha,0.0054226998565574,2.8658082,7.575264,3.7325342
khanhha_original::Rissbilder_for_Florian_9S6A2917_599_2662_2081_2529.jpg,improved,khanhha,0.0231059050253285,3.4276893,6.9111757,4.4617724
khanhha_original::Rissbilder_for_Florian_9S6A2918_430_1739_2794_3223.jpg,degraded,khanhha,-0.0200714374955379,3.4097917,7.2127686,4.404818
khanhha_original::Rissbilder_for_Florian_9S6A2919_1008_848_2956_2327.jpg,degraded,khanhha,-0.0123620333878844,3.3488724,7.1002936,4.4266024
khanhha_original::Rissbilder_for_Florian_9S6A2919_1139_6_3401_3091.jpg,neutral,khanhha,-0.0026468981415284,3.404721,7.1700926,4.383644
khanhha_original::Rissbilder_for_Florian_9S6A2919_311_375_3331_2605.jpg,degraded,khanhha,-0.0263805880532342,3.3687172,7.078504,4.440539
khanhha_original::Rissbilder_for_Florian_9S6A2919_910_611_3253_2887.jpg,degraded,khanhha,-0.0114442298197753,3.3713803,7.1339507,4.40139
khanhha_original::Rissbilder_for_Florian_9S6A2923_1668_185_3721_3137.jpg,neutral,khanhha,-0.0044021185547455,3.6912212,6.6818237,4.6126103
khanhha_original::Rissbilder_for_Florian_9S6A2923_49_326_3736_3442.jpg,neutral,khanhha,-0.0022541146432033,3.5968034,6.8910475,4.557587
khanhha_original::Rissbilder_for_Florian_9S6A2923_875_539_3052_2796.jpg,neutral,khanhha,-0.0066065306786465,3.5342605,6.7752867,4.570112
khanhha_original::Rissbilder_for_Florian_9S6A3085_46_1568_3730_4175.jpg,neutral,khanhha,-0.0093697201835199,4.1621737,7.985008,4.375138
khanhha_original::Rissbilder_for_Florian_9S6A3085_497_692_2640_2077.jpg,neutral,khanhha,0.0043026709077863,4.0777535,7.9685135,4.2191296
khanhha_original::Rissbilder_for_Florian_9S6A3085_67_497_3262_3700.jpg,neutral,khanhha,-0.0090396524344174,4.1258307,8.003999,4.3099084
khanhha_original::Rissbilder_for_Florian_9S6A3087_146_59_3684_4477.jpg,neutral,khanhha,-0.0037645872576176,3.3973994,7.9759088,4.6605573
khanhha_original::Rissbilder_for_Florian_9S6A3088_370_2375_2620_2464.jpg,neutral,khanhha,-0.0044517211708487,3.3981726,7.959767,4.5446534
khanhha_original::Rissbilder_for_Florian_9S6A3089_0_0_3840_5760.jpg,neutral,khanhha,-0.002402423764099,3.3603249,7.9369025,4.5312653
khanhha_original::Rissbilder_for_Florian_9S6A3089_369_1679_3470_3717.jpg,degraded,khanhha,-0.0126793712954679,3.3706644,7.9473844,4.5213943
khanhha_original::Rissbilder_for_Florian_9S6A3090_836_130_3789_3301.jpg,neutral,khanhha,-0.0032136073802739,3.8318608,8.751803,4.3372145
khanhha_original::Rissbilder_for_Florian_9S6A3090_960_1737_2204_2039.jpg,degraded,khanhha,-0.0824932873034138,3.976598,9.004813,4.292162
khanhha_original::Rissbilder_for_Florian_9S6A3091_375_333_2309_2364.jpg,neutral,khanhha,-0.0041477992495156,3.5018768,7.9852076,4.7755427
khanhha_original::Rissbilder_for_Florian_9S6A3091_481_1320_3311_3035.jpg,neutral,khanhha,-0.0028726108713669,3.7780707,8.107996,4.9411225
khanhha_original::Rissbilder_for_Florian_9S6A3092_272_70_2808_2402.jpg,improved,khanhha,0.0214370495263006,4.1109676,8.006748,4.6416187
khanhha_original::Rissbilder_for_Florian_9S6A3092_3399_925_2286_2829.jpg,neutral,khanhha,-0.0037041907595244,3.7108476,7.9189076,4.9208207
khanhha_original::Rissbilder_for_Florian_9S6A3092_623_215_3689_2974.jpg,neutral,khanhha,0.0033289724074059,4.1476846,7.983697,4.592747
khanhha_original::Rissbilder_for_Florian_9S6A3093_157_2766_2021_2677.jpg,degraded,khanhha,-0.0368199580707958,3.6378727,7.9537897,4.9031777
khanhha_original::Rissbilder_for_Florian_9S6A3093_616_1617_3135_4052.jpg,neutral,khanhha,-0.0007975078150292,3.6816723,7.9724927,4.9020495
khanhha_original::Rissbilder_for_Florian_9S6A3093_895_2172_2481_2123.jpg,improved,khanhha,0.013108340938938,3.6885176,7.9297214,4.949276
khanhha_original::Rissbilder_for_Florian_9S6A3094_17_1195_3751_3661.jpg,degraded,khanhha,-0.0129868262951248,3.377503,7.939249,4.4245434
khanhha_original::Rissbilder_for_Florian_9S6A3094_504_2131_3084_3443.jpg,neutral,khanhha,0.0046908074111191,3.4438927,7.956478,4.438341
khanhha_original::Rissbilder_for_Florian_9S6A3094_596_1754_2681_3046.jpg,degraded,khanhha,-0.0181198087548329,3.401266,7.948413,4.4720974
khanhha_original::Rissbilder_for_Florian_9S6A3095_418_2347_2757_3271.jpg,neutral,khanhha,-0.008012837120607,3.5400655,8.011259,4.755718
khanhha_original::Rissbilder_for_Florian_9S6A3095_514_444_3123_3906.jpg,neutral,khanhha,-0.0010844170532924,3.5602543,8.045617,4.7151203
khanhha_original::Rissbilder_for_Florian_9S6A3095_592_717_2568_2704.jpg,neutral,khanhha,-0.0068993038890551,3.5687826,8.077943,4.7501783
khanhha_original::Rissbilder_for_Florian_9S6A3095_89_2165_3402_3441.jpg,neutral,khanhha,0.0010070579876602,3.5604455,8.043497,4.735692
khanhha_original::Rissbilder_for_Florian_9S6A3096_347_506_3372_3116.jpg,improved,khanhha,0.0140962842919062,4.1801286,7.9633594,4.360351
khanhha_original::Rissbilder_for_Florian_9S6A3096_515_1896_2914_2761.jpg,neutral,khanhha,0.0082308800971269,4.19452,7.978616,4.311058
khanhha_original::Rissbilder_for_Florian_9S6A3096_899_155_2326_2742.jpg,neutral,khanhha,-0.0077659607474647,4.241835,7.9373674,4.3473067
khanhha_original::Rissbilder_for_Florian_9S6A3098_1300_3220_2283_2309.jpg,degraded,khanhha,-0.0818838191906669,3.807257,7.84758,4.966005
khanhha_original::Rissbilder_for_Florian_9S6A3098_64_1239_3474_2730.jpg,neutral,khanhha,-0.000361714779188,3.839803,7.6933045,5.131189
khanhha_original::Rissbilder_for_Florian_9S6A3098_88_800_3751_4641.jpg,neutral,khanhha,0.0018539760564687,3.8450973,7.7809134,5.001227
khanhha_original::Rissbilder_for_Florian_9S6A3099_120_26_3496_4484.jpg,neutral,khanhha,0.0086948637786234,3.5009537,8.014632,4.1069846
khanhha_original::Rissbilder_for_Florian_9S6A3099_12_492_3822_3921.jpg,improved,khanhha,0.0153356376019083,3.5739086,8.0337,4.1102753
khanhha_original::Rissbilder_for_Florian_9S6A3099_441_1535_3289_4016.jpg,neutral,khanhha,0.0010533135905363,3.4102418,8.06128,4.336893
khanhha_original::Rissbilder_for_Florian_9S6A3099_86_2659_2827_2257.jpg,neutral,khanhha,-0.003454051155039,3.5099368,8.468888,4.019736
khanhha_original::Rissbilder_for_Florian_9S6A3100_374_2397_2891_2543.jpg,neutral,khanhha,-0.0027352205749028,3.6787415,8.10802,4.225556
khanhha_original::Rissbilder_for_Florian_9S6A3100_62_648_2874_2646.jpg,degraded,khanhha,-0.0119244554728425,3.6451762,8.143941,4.0893755
khanhha_original::Rissbilder_for_Florian_9S6A3100_765_387_2677_2632.jpg,degraded,khanhha,-0.0122488393563412,3.7507384,8.045851,4.054298
khanhha_original::Rissbilder_for_Florian_9S6A3101_1262_2535_2488_2185.jpg,improved,khanhha,0.0422431566648291,-2.0571485,3.075214,6.282717
khanhha_original::Rissbilder_for_Florian_9S6A3101_148_599_2929_2917.jpg,degraded,khanhha,-0.0173868923705979,3.698987,7.727658,5.0960464
khanhha_original::Rissbilder_for_Florian_9S6A3101_487_946_2726_3042.jpg,improved,khanhha,0.0103809877467458,3.636386,7.7336373,5.0456276
khanhha_original::Rissbilder_for_Florian_9S6A3102_100_448_3704_4115.jpg,neutral,khanhha,-0.0072902590794587,3.4429162,7.9832764,4.6951632
khanhha_original::Rissbilder_for_Florian_9S6A3103_225_1283_3432_3981.jpg,neutral,khanhha,0.0028574179480375,3.4101012,7.972645,4.5113273
khanhha_original::Rissbilder_for_Florian_9S6A3103_43_936_3780_4403.jpg,degraded,khanhha,-0.0122097956489971,3.3679926,7.937134,4.4820504
khanhha_original::Rissbilder_for_Florian_9S6A3103_446_1371_3306_4182.jpg,neutral,khanhha,-0.0015532505885882,3.478314,7.9892406,4.5016665
khanhha_original::Rissbilder_for_Florian_9S6A3103_513_1787_2538_2641.jpg,neutral,khanhha,-0.0045292654136456,3.4973447,8.010315,4.533079
khanhha_original::Rissbilder_for_Florian_9S6A3104_1061_1181_3086_2630.jpg,neutral,khanhha,0.0001383560940042,3.4785683,8.003952,4.767963
khanhha_original::Rissbilder_for_Florian_9S6A3104_151_147_3971_3570.jpg,degraded,khanhha,-0.0193646352513195,3.3947258,7.9716,4.626653
khanhha_original::Rissbilder_for_Florian_9S6A3104_783_263_3586_3511.jpg,neutral,khanhha,-0.0055209602414398,3.4932547,8.026148,4.737857
khanhha_original::Rissbilder_for_Florian_9S6A3105_186_619_3616_4246.jpg,degraded,khanhha,-0.0109504423065925,3.642018,8.092999,4.9075685
khanhha_original::Rissbilder_for_Florian_9S6A3105_871_2904_2401_2180.jpg,degraded,khanhha,-0.0181769675865853,3.8813367,8.184362,5.04323
khanhha_original::Rissbilder_for_Florian_9S6A3105_95_40_3736_3924.jpg,neutral,khanhha,0.007568996726125,3.6481762,8.111837,4.9955363
khanhha_original::Rissbilder_for_Florian_9S6A3106_108_1927_3275_2664.jpg,neutral,khanhha,-0.0017597702682291,3.4133375,8.32868,4.2727737
khanhha_original::Rissbilder_for_Florian_9S6A3106_228_1483_2823_2920.jpg,degraded,khanhha,-0.0121386310599757,3.4063466,8.341726,4.258951
khanhha_original::Rissbilder_for_Florian_9S6A3106_310_2925_3257_2813.jpg,neutral,khanhha,-0.0009325047701777,3.4634705,8.286286,4.3467474
khanhha_original::Rissbilder_for_Florian_9S6A3106_333_1784_3162_3278.jpg,neutral,khanhha,-0.0043129831174637,3.401409,8.248587,4.2741776
khanhha_original::Rissbilder_for_Florian_9S6A3106_521_315_3058_2943.jpg,neutral,khanhha,0.0019120664281954,3.3459632,8.29299,4.3340507
khanhha_original::Rissbilder_for_Florian_9S6A3106_85_2598_2058_2287.jpg,neutral,khanhha,0.0061891903392791,3.4123335,8.361271,4.289973
khanhha_original::Rissbilder_for_Florian_9S6A3106_9_406_3814_4267.jpg,neutral,khanhha,-0.0036856848968866,3.380001,8.324275,4.286048
khanhha_original::Rissbilder_for_Florian_9S6A3108_130_372_2601_2517.jpg,neutral,khanhha,-0.0010821257161239,3.9748998,7.9543676,4.006005
khanhha_original::Rissbilder_for_Florian_9S6A3108_134_412_3328_4228.jpg,neutral,khanhha,-0.0027996900854939,3.9711359,7.886891,4.046818
khanhha_original::Rissbilder_for_Florian_9S6A3108_160_1043_3170_3960.jpg,neutral,khanhha,-0.0019689037943043,3.9213548,7.848773,4.0080495
khanhha_original::Rissbilder_for_Florian_9S6A3108_365_3231_2323_2320.jpg,neutral,khanhha,-0.0048630552619521,3.9140975,7.8343267,3.9927983
khanhha_original::Rissbilder_for_Florian_9S6A3108_43_1162_3415_3672.jpg,neutral,khanhha,-0.0017548204119069,3.9449627,7.8863277,4.0045795
khanhha_original::Rissbilder_for_Florian_9S6A3108_651_10_2896_3045.jpg,neutral,khanhha,-0.0058795449916468,3.9367757,7.902966,3.981322
khanhha_original::Rissbilder_for_Florian_9S6A3109_163_622_3006_3321.jpg,neutral,khanhha,-0.0013872505993822,4.220793,7.97701,4.221133
khanhha_original::Rissbilder_for_Florian_9S6A3109_440_362_3337_4316.jpg,neutral,khanhha,0.003441922028301,4.2153163,7.9982085,4.2032456
khanhha_original::Rissbilder_for_Florian_9S6A3109_793_2237_2466_2142.jpg,degraded,khanhha,-0.0137361212675641,4.23326,7.974107,4.216447
khanhha_original::Rissbilder_for_Florian_9S6A3110_0_0_3840_5760.jpg,neutral,khanhha,-0.0013750995295274,4.0026484,7.930741,4.1792192
khanhha_original::Rissbilder_for_Florian_9S6A3110_52_945_3558_4432.jpg,neutral,khanhha,0.0097275845736511,4.006999,7.9179735,4.1185207
khanhha_original::Rissbilder_for_Florian_9S6A3111_42_1509_3500_3908.jpg,neutral,khanhha,-0.0016159430963874,3.9768956,7.919312,4.131742
khanhha_original::Rissbilder_for_Florian_9S6A3111_601_683_2556_3338.jpg,neutral,khanhha,-0.0062072568360982,3.4557035,7.968626,4.076275
khanhha_original::Rissbilder_for_Florian_9S6A3112_1296_2688_2055_2721.jpg,neutral,khanhha,0.0067710941563076,4.1038313,8.07092,4.1106415
khanhha_original::Rissbilder_for_Florian_9S6A3112_1349_1614_2446_2337.jpg,degraded,khanhha,-0.0113996720562922,4.19837,8.001057,4.175186
khanhha_original::Rissbilder_for_Florian_9S6A3113_104_526_3717_3372.jpg,neutral,khanhha,0.0023261622249324,4.2663155,8.001905,4.200761
khanhha_original::Rissbilder_for_Florian_9S6A3114_1215_3118_2077_2478.jpg,degraded,khanhha,-0.0182383612417038,4.1770415,7.8640647,4.239676
khanhha_original::Rissbilder_for_Florian_9S6A3114_358_1983_3344_3063.jpg,neutral,khanhha,0.0062967528137566,4.2312546,7.9285913,4.2587056
khanhha_original::Rissbilder_for_Florian_9S6A3114_871_3543_2822_2137.jpg,neutral,khanhha,0.0055003556702289,4.242982,7.822776,4.2436786
khanhha_original::Rissbilder_for_Florian_9S6A3115_1009_154_4329_3598.jpg,neutral,khanhha,-0.0058957134101642,4.171208,7.9861197,4.202348
khanhha_original::Rissbilder_for_Florian_9S6A3115_1837_674_2470_3120.jpg,neutral,khanhha,0.0018557959404712,4.216668,8.000968,4.247967
khanhha_original::Rissbilder_for_Florian_9S6A3115_1867_748_3166_2919.jpg,degraded,khanhha,-0.0134873224910406,4.1745205,7.9575195,4.2517967
khanhha_original::Rissbilder_for_Florian_9S6A3116_390_1097_2997_3963.jpg,neutral,khanhha,0.0006897246263256,4.114524,8.034063,4.1435084
khanhha_original::Rissbilder_for_Florian_9S6A3116_555_2380_2956_2340.jpg,neutral,khanhha,-0.0036608794767828,4.1445665,8.027157,4.1410985
khanhha_original::Rissbilder_for_Florian_9S6A3117_0_0_3840_5760.jpg,neutral,khanhha,0.0015972322531425,3.7239828,7.8464346,4.0236673
khanhha_original::Rissbilder_for_Florian_9S6A3117_155_109_3546_2785.jpg,neutral,khanhha,-7.460134828440879e-05,4.0432973,8.008714,4.059755
khanhha_original::Rissbilder_for_Florian_9S6A3117_911_680_2749_2883.jpg,neutral,khanhha,-0.0015981222064074,3.980125,8.040777,4.0353518
khanhha_original::Rissbilder_for_Florian_9S6A3118_1132_115_4379_3677.jpg,neutral,khanhha,0.0063869364655499,4.0545697,7.9415555,4.066281
khanhha_original::Rissbilder_for_Florian_9S6A3118_2514_38_2922_3514.jpg,neutral,khanhha,0.005429728547397,4.0259795,7.906585,4.026821
khanhha_original::Rissbilder_for_Florian_9S6A3119_1583_2261_2214_2879.jpg,neutral,khanhha,0.0016802510114471,4.185703,8.010827,4.142598
khanhha_original::Rissbilder_for_Florian_9S6A3119_179_1656_3530_3136.jpg,neutral,khanhha,-0.0021276996067923,4.21753,7.989218,4.192918
khanhha_original::Rissbilder_for_Florian_9S6A3119_520_1811_3242_3051.jpg,neutral,khanhha,-0.0044977544251034,4.181564,7.9898767,4.1821527
khanhha_original::Rissbilder_for_Florian_9S6A3120_14_1099_3666_4059.jpg,neutral,khanhha,0.0032563579495373,3.9935987,8.051469,4.020059
khanhha_original::Rissbilder_for_Florian_9S6A3120_217_1113_3331_4192.jpg,neutral,khanhha,0.0027651510042219,3.9965427,8.040921,4.0135417
khanhha_original::Rissbilder_for_Florian_9S6A3120_236_1671_2928_2310.jpg,neutral,khanhha,0.0005810355439036,3.977032,8.067548,3.9739504
khanhha_original::Rissbilder_for_Florian_9S6A3120_875_1120_2089_2571.jpg,neutral,khanhha,0.000822721652859,3.9886773,8.0418415,4.017229
khanhha_original::Rissbilder_for_Florian_9S6A3121_1095_2665_2007_2602.jpg,neutral,khanhha,0.0021752496390595,3.7436426,7.82537,3.9705303
khanhha_original::Rissbilder_for_Florian_9S6A3121_224_1466_3238_3220.jpg,degraded,khanhha,-0.01003398613122,3.696846,7.839125,3.936722
khanhha_original::Rissbilder_for_Florian_9S6A3121_408_826_2841_3663.jpg,neutral,khanhha,-0.0059953030184161,3.72375,7.822619,3.96634
khanhha_original::Rissbilder_for_Florian_9S6A3122_155_390_2741_3264.jpg,neutral,khanhha,0.0008307927009963,4.037025,7.889522,4.087423
khanhha_original::Rissbilder_for_Florian_9S6A3122_463_1629_3085_3858.jpg,neutral,khanhha,0.0033540118692027,3.966523,7.8642364,4.0083694
khanhha_original::Rissbilder_for_Florian_9S6A3123_240_2905_2709_2486.jpg,neutral,khanhha,0.0063773610811008,3.7982638,7.8741617,3.9871016
khanhha_original::Rissbilder_for_Florian_9S6A3123_372_1209_3339_4319.jpg,neutral,khanhha,-0.0033646546013822,3.774644,7.8316197,4.0296903
khanhha_original::Rissbilder_for_Florian_9S6A3124_1300_898_2343_2899.jpg,neutral,khanhha,0.0053654444135439,4.0537825,8.04692,4.032945
khanhha_original::Rissbilder_for_Florian_9S6A3124_465_2434_3240_3146.jpg,neutral,khanhha,0.0001918437056028,4.1335554,8.093562,4.0522494
khanhha_original::Rissbilder_for_Florian_9S6A3126_162_642_3629_3769.jpg,improved,khanhha,0.0134433864481998,3.7586443,7.76482,3.9396083
khanhha_original::Rissbilder_for_Florian_9S6A3126_206_1216_3376_3686.jpg,improved,khanhha,0.012554123252647,3.7131572,7.7797894,3.9269912
khanhha_original::Rissbilder_for_Florian_9S6A3126_264_1533_3180_4043.jpg,neutral,khanhha,0.0076560368381713,3.7062144,7.7781963,3.9464483
khanhha_original::Rissbilder_for_Florian_9S6A3126_429_167_3310_4297.jpg,improved,khanhha,0.015951744242537,3.8240123,7.7764835,3.9384482
khanhha_original::Rissbilder_for_Florian_9S6A3127_114_2737_3530_2753.jpg,neutral,khanhha,0.0033317706367643,4.266442,7.9554787,4.176772
khanhha_original::Rissbilder_for_Florian_9S6A3127_54_1984_3083_3305.jpg,neutral,khanhha,-0.0067479919898542,4.279053,7.9660645,4.1708336
khanhha_original::Rissbilder_for_Florian_9S6A3127_595_2880_2296_2633.jpg,neutral,khanhha,0.003710343976284,4.21574,7.903305,4.14536
khanhha_original::Rissbilder_for_Florian_9S6A3127_653_1639_2788_3252.jpg,neutral,khanhha,0.0048458682517895,4.2144666,7.9246316,4.197107
khanhha_original::Rissbilder_for_Florian_9S6A3127_89_657_3259_3858.jpg,neutral,khanhha,-0.0025491424425945,4.2753167,7.9535937,4.195181
khanhha_original::Rissbilder_for_Florian_9S6A3127_9_1051_3792_3003.jpg,neutral,khanhha,0.006107447755045,4.255023,7.960324,4.158098
khanhha_original::Rissbilder_for_Florian_9S6A3128_304_338_2449_2867.jpg,neutral,khanhha,0.0039166111630862,3.949222,7.8724265,4.023354
khanhha_original::Rissbilder_for_Florian_9S6A3128_580_813_2343_2413.jpg,neutral,khanhha,-0.0034600032102788,3.918805,7.8488,4.000417
khanhha_original::Rissbilder_for_Florian_9S6A3128_7_578_2768_3056.jpg,neutral,khanhha,-0.001968656396486,3.856053,7.8246155,4.034649
khanhha_original::Rissbilder_for_Florian_9S6A3129_141_412_2185_2751.jpg,neutral,khanhha,-0.0046395767055913,3.9683104,8.029072,3.9759514
khanhha_original::Rissbilder_for_Florian_9S6A3129_78_688_3494_3199.jpg,neutral,khanhha,-0.0060174650718949,3.9626644,7.9339056,4.008374
khanhha_original::Rissbilder_for_Florian_9S6A3129_882_707_2680_2479.jpg,neutral,khanhha,-0.0060506291271013,4.0601797,7.9763083,4.0746465
khanhha_original::Rissbilder_for_Florian_9S6A3130_190_1907_3510_2920.jpg,neutral,khanhha,0.003985748000967,4.0425544,7.9123435,4.0412717
khanhha_original::Rissbilder_for_Florian_9S6A3130_24_518_3753_4265.jpg,neutral,khanhha,0.0081278748935396,4.0287986,7.9194202,4.053814
khanhha_original::Rissbilder_for_Florian_9S6A3130_35_1947_3497_3753.jpg,neutral,khanhha,-0.0006367562735831,4.120657,7.9402733,4.1128583
khanhha_original::Rissbilder_for_Florian_9S6A3130_485_279_2724_2520.jpg,neutral,khanhha,0.0023078251216428,3.9544287,8.062053,3.9679937
khanhha_original::Rissbilder_for_Florian_9S6A3130_741_2592_3069_3082.jpg,neutral,khanhha,-0.0044229206002802,4.1797986,7.997596,4.128771
khanhha_original::Rissbilder_for_Florian_9S6A3131_308_1998_2814_2860.jpg,neutral,khanhha,0.0019644999424136,4.153318,7.928195,4.166666
khanhha_original::Rissbilder_for_Florian_9S6A3131_389_1670_3375_3959.jpg,neutral,khanhha,-0.0024586689929535,4.1998925,7.94489,4.173559
khanhha_original::Rissbilder_for_Florian_9S6A3131_542_1698_3243_3761.jpg,neutral,khanhha,-0.0063374061589797,4.1885996,7.9664264,4.206569
khanhha_original::Rissbilder_for_Florian_9S6A3132_2349_1232_2560_2243.jpg,neutral,khanhha,0.0038513589099952,4.062278,8.070581,4.002273
khanhha_original::Rissbilder_for_Florian_9S6A3132_2998_275_2346_3000.jpg,neutral,khanhha,0.0024361440091777,4.015623,8.092562,4.001602
khanhha_original::Rissbilder_for_Florian_9S6A3133_207_186_4184_3281.jpg,neutral,khanhha,0.0042185456947709,4.212901,7.9904103,4.2262216
khanhha_original::Rissbilder_for_Florian_9S6A3134_140_2003_2431_2080.jpg,neutral,khanhha,-0.006034588045254,4.265654,7.9281626,4.289034
khanhha_original::Rissbilder_for_Florian_9S6A3134_417_310_2997_3294.jpg,neutral,khanhha,-0.0041891139001227,4.1928406,7.958806,4.259821
khanhha_original::Rissbilder_for_Florian_9S6A3134_422_2625_3386_2683.jpg,neutral,khanhha,0.0005215843066205,4.188773,8.016596,4.2248936
khanhha_original::Rissbilder_for_Florian_9S6A3134_750_425_1978_2414.jpg,neutral,khanhha,-0.0052648929586814,4.221675,8.021635,4.2559834
khanhha_original::Rissbilder_for_Florian_9S6A3134_76_855_3718_4555.jpg,neutral,khanhha,0.001961146963592,4.219637,8.017911,4.250841
khanhha_original::Rissbilder_for_Florian_9S6A3135_339_1311_2661_3168.jpg,neutral,khanhha,-0.0086976745047594,4.1224737,8.053462,4.152856
khanhha_original::Rissbilder_for_Florian_9S6A3136_0_0_5760_3840.jpg,improved,khanhha,0.0315341708808156,4.125772,8.00026,4.1607776
khanhha_original::Rissbilder_for_Florian_9S6A3136_1628_12_2911_3801.jpg,improved,khanhha,0.0147885849591765,4.0704994,8.100104,4.094477
khanhha_original::Rissbilder_for_Florian_9S6A3137_1104_2295_2445_3107.jpg,neutral,khanhha,-0.0053123651439492,4.113792,8.075058,4.093304
khanhha_original::Rissbilder_for_Florian_9S6A3137_1228_1792_2559_2477.jpg,neutral,khanhha,0.0058542839669958,4.090567,8.046204,4.0501857
khanhha_original::Rissbilder_for_Florian_9S6A3137_182_823_3574_4047.jpg,neutral,khanhha,-0.0010082856148752,4.0180163,8.08991,4.0018106
khanhha_original::Rissbilder_for_Florian_9S6A3137_201_2087_3465_3669.jpg,degraded,khanhha,-0.0281387775147931,4.0978084,8.077116,4.095751
khanhha_original::Rissbilder_for_Florian_9S6A3137_313_2279_2337_2933.jpg,neutral,khanhha,0.0040017080109173,4.0292807,8.101925,3.9962497
khanhha_original::Rissbilder_for_Florian_9S6A3137_507_1097_2555_2213.jpg,neutral,khanhha,0.0065700147041746,4.0371175,8.078576,4.028912
khanhha_original::Rissbilder_for_Florian_9S6A3138_115_569_2228_2606.jpg,neutral,khanhha,0.0010228165573142,3.9979968,7.9880753,3.9823623
khanhha_original::Sylvie_Chambon_006.jpg,improved,khanhha,0.0509726429052548,0.8627081,5.3876014,4.284087
khanhha_original::Sylvie_Chambon_022.jpg,improved,khanhha,0.0580786629824768,0.8696818,5.396481,4.256555
khanhha_original::Sylvie_Chambon_025.jpg,degraded,khanhha,-0.169237698563742,0.76357657,5.311277,4.309298
khanhha_original::Sylvie_Chambon_038.jpg,improved,khanhha,0.0341299138656823,0.9196482,5.4389396,4.270349
khanhha_original::Sylvie_Chambon_039.jpg,neutral,khanhha,0.009411931215059,0.9270595,5.448848,4.2657037
khanhha_original::Sylvie_Chambon_056.jpg,improved,khanhha,0.0155315085932526,5.0914865,6.918278,7.4918613
khanhha_original::Sylvie_Chambon_057.jpg,neutral,khanhha,0.0041087956684218,5.1037197,6.975616,7.6307006
khanhha_original::Sylvie_Chambon_058.jpg,improved,khanhha,0.0126767532802973,5.0427957,6.964627,7.467144
khanhha_original::Sylvie_Chambon_062.jpg,degraded,khanhha,-0.015300574485858,0.96209663,5.4716306,4.2721744
khanhha_original::Sylvie_Chambon_068.jpg,neutral,khanhha,0.0040516801986179,2.9040148,7.52878,4.067838
khanhha_original::Sylvie_Chambon_069.jpg,improved,khanhha,0.0131439118518932,0.9425235,5.4607058,4.2635946
khanhha_original::Sylvie_Chambon_073.jpg,neutral,khanhha,-0.0065707461058281,0.9445606,5.4623213,4.2428465
khanhha_original::Sylvie_Chambon_087.jpg,degraded,khanhha,-0.0392772667219699,0.79972744,5.336847,4.291869
khanhha_original::Sylvie_Chambon_089.jpg,neutral,khanhha,0.0091924150543844,0.94270456,5.457766,4.241533
khanhha_original::Sylvie_Chambon_094.jpg,degraded,khanhha,-0.0250129265770424,0.9116904,5.4355965,4.256209
khanhha_original::Sylvie_Chambon_105.jpg,improved,khanhha,0.044380287062859,0.97363037,5.4785333,4.282755
khanhha_original::Sylvie_Chambon_107.jpg,neutral,khanhha,0.0099901805917261,0.91922843,5.4399643,4.2495036
khanhha_original::Sylvie_Chambon_116.jpg,degraded,khanhha,-0.0212536411694896,0.8990953,5.4216743,4.267009
khanhha_original::Sylvie_Chambon_206.jpg,neutral,khanhha,0.0,-3.6294994,4.2351193,8.130662
khanhha_original::Sylvie_Chambon_207.jpg,neutral,khanhha,0.0,-3.5272157,3.6642804,8.447412
khanhha_original::Sylvie_Chambon_208.jpg,neutral,khanhha,0.0,-3.5919373,3.8090427,8.443484
khanhha_original::Sylvie_Chambon_303.jpg,improved,khanhha,0.1283446550446869,-2.7449062,1.2366465,4.884246
khanhha_original::Sylvie_Chambon_306.jpg,neutral,khanhha,0.0,-2.6903346,3.547125,6.1839786
khanhha_original::Sylvie_Chambon_314.jpg,degraded,khanhha,-0.1056068005064206,0.66240734,5.241763,4.3477125
khanhha_original::Sylvie_Chambon_319.jpg,improved,khanhha,0.3159839802716249,-2.3356411,1.4738334,7.3733754
khanhha_original::Sylvie_Chambon_323.jpg,improved,khanhha,0.0682484482611121,-2.7316403,2.5044925,5.210026
khanhha_original::Sylvie_Chambon_Im_noGT_ESAR_21a.jpg,improved,khanhha,0.0279597461552912,0.68019843,5.2494698,4.339155
khanhha_original::Sylvie_Chambon_Im_noGT_ESAR_33a.jpg,improved,khanhha,0.012701464109748,0.7539477,5.3042135,4.3156905
khanhha_original::Volker_DSC01608_969_117_1674_1684.jpg,degraded,khanhha,-0.0277199393976619,3.314316,7.6537876,6.6557026
khanhha_original::Volker_DSC01610_123_687_1549_1614.jpg,improved,khanhha,0.0155279146287313,3.4631307,7.6226225,6.880308
khanhha_original::Volker_DSC01610_142_1014_1353_1352.jpg,degraded,khanhha,-0.0223330487004055,3.4211304,7.6326656,6.818076
khanhha_original::Volker_DSC01610_303_207_1284_1603.jpg,neutral,khanhha,-0.0031400876097604,3.6693475,7.5676894,7.161337
khanhha_original::Volker_DSC01612_211_482_1550_1714.jpg,improved,khanhha,0.0111897028806855,3.305357,7.6489167,6.676763
khanhha_original::Volker_DSC01612_8_444_1816_1750.jpg,improved,khanhha,0.0103243854081152,3.315203,7.6528335,6.6785603
khanhha_original::Volker_DSC01623_0_0_1824_2736.jpg,improved,khanhha,0.0206844414494649,3.2954834,7.6506257,6.6666026
khanhha_original::Volker_DSC01623_134_615_1595_1694.jpg,neutral,khanhha,0.0016159143304922,3.3158813,7.6476536,6.6820292
khanhha_original::Volker_DSC01623_22_364_1793_1961.jpg,improved,khanhha,0.0137857604009906,3.2985187,7.6524043,6.6616774
khanhha_original::Volker_DSC01623_32_1414_1144_1043.jpg,degraded,khanhha,-0.0413591155104423,3.3842022,7.6724987,6.2366724
khanhha_original::Volker_DSC01624_0_0_2736_1824.jpg,improved,khanhha,0.0264819954391021,3.3128436,7.6643,6.653745
khanhha_original::Volker_DSC01625_69_1101_1754_1427.jpg,neutral,khanhha,0.0088745044947944,1.6650755,7.889799,5.3374844
khanhha_original::Volker_DSC01626_121_195_1176_1486.jpg,degraded,khanhha,-0.0180472744839832,1.6682771,7.8997917,5.348381
khanhha_original::Volker_DSC01626_24_407_1783_1611.jpg,improved,khanhha,0.0173156619760231,1.6800442,7.8895593,5.3599267
khanhha_original::Volker_DSC01628_0_0_1824_2736.jpg,neutral,khanhha,0.0007283571557361,1.7700136,7.8494835,5.354029
khanhha_original::Volker_DSC01628_628_1158_1128_1084.jpg,degraded,khanhha,-0.0468278847559937,1.6662867,7.904889,5.360293
khanhha_original::Volker_DSC01629_412_54_1933_1766.jpg,improved,khanhha,0.0355576863474352,1.9109282,7.848402,5.231611
khanhha_original::Volker_DSC01630_176_437_1360_1040.jpg,degraded,khanhha,-0.0283831185779639,3.0849607,7.6919293,6.138376
khanhha_original::Volker_DSC01630_374_343_1233_1342.jpg,improved,khanhha,0.018846624589322,3.0917723,7.691451,6.110534
khanhha_original::Volker_DSC01631_2_30_1821_2154.jpg,improved,khanhha,0.013043363571634,2.0053608,7.790053,5.4230194
khanhha_original::Volker_DSC01632_0_0_1824_2736.jpg,neutral,khanhha,0.0094709550688019,2.9080005,7.7167706,5.5534554
khanhha_original::Volker_DSC01632_109_353_1680_1636.jpg,improved,khanhha,0.0230254806556171,2.7259643,7.7431974,5.6146894
khanhha_original::Volker_DSC01633_217_183_1290_1578.jpg,neutral,khanhha,-0.0094599877232772,3.289644,7.6839895,6.5505714
khanhha_original::Volker_DSC01634_192_653_1400_1605.jpg,degraded,khanhha,-0.0151946104269876,1.9093202,7.8319144,5.417139
khanhha_original::Volker_DSC01634_193_315_1605_1896.jpg,neutral,khanhha,0.0056765400877564,1.9240429,7.8154798,5.463055
khanhha_original::Volker_DSC01634_213_873_1583_1809.jpg,neutral,khanhha,-0.0004318107464371,2.000501,7.7973633,5.4300466
khanhha_original::Volker_DSC01634_30_959_1479_1599.jpg,neutral,khanhha,-0.0073163995223475,2.0666838,7.787581,5.3661904
khanhha_original::Volker_DSC01635_0_0_2736_1824.jpg,neutral,khanhha,-0.0085512431489634,3.2907124,7.6814823,6.445811
khanhha_original::Volker_DSC01635_130_334_986_1295.jpg,degraded,khanhha,-0.0200692521690862,3.5578547,8.108774,4.684288
khanhha_original::Volker_DSC01635_548_45_1336_1686.jpg,neutral,khanhha,0.0099918580884457,3.300602,7.6785326,6.511816
khanhha_original::Volker_DSC01636_1084_9_1476_1810.jpg,neutral,khanhha,0.008317617153727,2.297083,7.644659,5.4510875
khanhha_original::Volker_DSC01637_274_432_1128_1113.jpg,degraded,khanhha,-0.0938652590937085,3.1362128,6.716305,4.400966
khanhha_original::Volker_DSC01637_616_1353_1168_1288.jpg,degraded,khanhha,-0.0564835886841829,-2.5929163,0.8459143,5.5358467
khanhha_original::Volker_DSC01638_447_153_1384_1576.jpg,neutral,khanhha,0.0079233625724085,3.2860863,7.658696,6.6025143
khanhha_original::Volker_DSC01638_708_382_1525_1354.jpg,neutral,khanhha,-0.0021945233615108,3.2586906,7.662644,6.5772862
khanhha_original::Volker_DSC01638_937_538_1159_1162.jpg,neutral,khanhha,0.0040102364722136,3.2140026,7.656891,6.5629373
khanhha_original::Volker_DSC01639_1065_321_1284_1200.jpg,degraded,khanhha,-0.030497530509863,3.551737,7.671534,6.717041
khanhha_original::Volker_DSC01639_165_52_1412_1364.jpg,neutral,khanhha,-0.0094201525640313,3.954986,7.5474024,7.4601245
khanhha_original::Volker_DSC01640_376_6_2132_1787.jpg,improved,khanhha,0.0262101035721834,2.4527218,7.5917177,5.444065
khanhha_original::Volker_DSC01640_747_235_1398_1374.jpg,improved,khanhha,0.0175552274644147,2.5690205,7.420508,5.3170605
khanhha_original::Volker_DSC01641_300_104_1322_1459.jpg,neutral,khanhha,0.0074370633847042,2.4127226,7.6465034,5.4603095
khanhha_original::Volker_DSC01641_437_407_1733_1413.jpg,neutral,khanhha,-0.0093501822911856,2.389301,7.655351,5.4827766
khanhha_original::Volker_DSC01641_929_30_1600_1758.jpg,neutral,khanhha,0.0015351628501922,2.4363992,7.644006,5.4776053
khanhha_original::Volker_DSC01642_220_63_1843_1585.jpg,improved,khanhha,0.0145901921944089,2.3686104,7.670404,5.551241
khanhha_original::Volker_DSC01643_1311_276_1242_1009.jpg,degraded,khanhha,-0.0273884680010123,2.4544473,7.6309786,5.4846487
khanhha_original::Volker_DSC01643_157_235_1785_1431.jpg,improved,khanhha,0.023586383959163,3.0322075,7.70859,5.799553
khanhha_original::Volker_DSC01644_612_414_1320_1175.jpg,degraded,khanhha,-0.0358080263644793,2.5627756,7.508973,5.385831
khanhha_original::Volker_DSC01646_226_19_1273_1645.jpg,improved,khanhha,0.0155425260046853,2.633458,7.611607,5.4873614
khanhha_original::Volker_DSC01646_456_54_2117_1728.jpg,neutral,khanhha,0.0068872782581355,2.9073815,7.694598,5.587506
khanhha_original::Volker_DSC01648_211_212_1177_955.jpg,degraded,khanhha,-0.1534381222959886,3.3173645,7.6516695,6.6676297
khanhha_original::Volker_DSC01649_0_0_1824_2736.jpg,neutral,khanhha,0.0082897869320983,2.814795,7.6657486,5.30308
khanhha_original::Volker_DSC01649_128_1341_1226_1195.jpg,neutral,khanhha,-0.0088844312629591,2.4608858,7.637236,5.451993
khanhha_original::Volker_DSC01650_983_400_1710_1295.jpg,neutral,khanhha,-0.0024617304799336,3.333912,7.66573,6.656362
khanhha_original::Volker_DSC01651_163_249_1349_1454.jpg,degraded,khanhha,-0.0370759289747082,3.4069557,7.6667223,6.646847
khanhha_original::Volker_DSC01651_61_82_1347_1168.jpg,degraded,khanhha,-0.0979046634630645,3.3799708,7.681109,6.584752
khanhha_original::Volker_DSC01652_217_429_1194_1007.jpg,degraded,khanhha,-0.0344104032162753,3.310976,7.6612644,6.6308393
khanhha_original::Volker_DSC01652_699_100_1925_1592.jpg,neutral,khanhha,0.004936888362317,3.3183649,7.664358,6.626643
khanhha_original::Volker_DSC01653_120_360_1526_1294.jpg,improved,khanhha,0.0104103575330645,3.3210633,7.646275,6.670704
khanhha_original::Volker_DSC01653_441_257_1154_966.jpg,neutral,khanhha,0.000704924153282,3.4193194,7.643925,6.75701
khanhha_original::Volker_DSC01653_635_9_1390_1253.jpg,improved,khanhha,0.0104527710556401,3.3329496,7.6377373,6.657603
khanhha_original::Volker_DSC01653_791_41_1849_1670.jpg,improved,khanhha,0.0321153514671935,3.316988,7.662189,6.6285334
khanhha_original::Volker_DSC01655_613_606_1092_1056.jpg,degraded,khanhha,-0.0197555899517405,-2.513038,2.3281775,6.828808
khanhha_original::Volker_DSC01656_140_1416_1684_1279.jpg,improved,khanhha,0.0184114993466606,1.863349,7.8042803,5.382585
khanhha_original::Volker_DSC01657_130_62_1583_1831.jpg,improved,khanhha,0.0174106519807228,1.6731484,7.878142,5.409534
khanhha_original::Volker_DSC01657_290_50_1476_1614.jpg,improved,khanhha,0.0349743240680452,1.6442353,7.876439,5.4148045
khanhha_original::Volker_DSC01657_665_1068_1125_1350.jpg,neutral,khanhha,0.0012111308721055,1.6084838,7.934192,5.369822
khanhha_original::Volker_DSC01657_8_1012_1813_1672.jpg,neutral,khanhha,0.0093297761583119,1.6142702,7.9365187,5.391939
khanhha_original::Volker_DSC01658_0_0_1824_2736.jpg,improved,khanhha,0.0114704988386352,1.8460194,7.798777,5.3755145
khanhha_original::Volker_DSC01658_167_371_1635_1643.jpg,improved,khanhha,0.0122132611856918,1.8729795,7.79078,5.3330135
khanhha_original::Volker_DSC01658_352_1474_1034_1008.jpg,degraded,khanhha,-0.0234846372008886,1.7193661,7.8522644,5.371581
khanhha_original::Volker_DSC01658_470_825_1327_1606.jpg,neutral,khanhha,0.0098752578255133,1.7246302,7.866936,5.382477
khanhha_original::Volker_DSC01659_516_815_948_1199.jpg,degraded,khanhha,-0.0125459684170505,1.8027235,7.8271446,5.3837028
khanhha_original::Volker_DSC01660_192_247_1588_1991.jpg,neutral,khanhha,0.0005323272520544,1.8828553,7.7691545,5.3178616
khanhha_original::Volker_DSC01661_0_0_1824_2736.jpg,degraded,khanhha,-0.0403799922127063,1.7634071,7.84141,5.366147
khanhha_original::Volker_DSC01661_290_595_1071_1180.jpg,degraded,khanhha,-0.0340310354517434,1.7320472,7.824915,5.4220033
khanhha_original::Volker_DSC01661_400_1545_1179_1103.jpg,degraded,khanhha,-0.0115150722436925,1.7208893,7.866061,5.3926105
khanhha_original::Volker_DSC01664_168_876_1650_1486.jpg,improved,khanhha,0.0371763015840928,1.8928919,7.8143086,5.427691
khanhha_original::Volker_DSC01664_41_897_1611_1239.jpg,improved,khanhha,0.0188337325835152,1.8645538,7.819272,5.4236374
khanhha_original::Volker_DSC01664_84_855_1625_1542.jpg,improved,khanhha,0.0176830821233967,1.8867568,7.8284574,5.4405956
khanhha_original::Volker_DSC01665_11_415_1778_1890.jpg,neutral,khanhha,0.0043113764016053,1.7603941,7.852409,5.3795886
khanhha_original::Volker_DSC01665_74_990_1563_1266.jpg,improved,khanhha,0.0176947261747109,1.7019104,7.8861485,5.4126296
khanhha_original::Volker_DSC01666_185_540_876_1155.jpg,degraded,khanhha,-0.0639129990041813,1.748697,7.8540034,5.4137454
khanhha_original::Volker_DSC01667_0_0_1824_2736.jpg,improved,khanhha,0.0180520259492619,1.776245,7.8814178,5.42128
khanhha_original::Volker_DSC01667_106_338_1708_2132.jpg,improved,khanhha,0.0102581796273716,1.7547312,7.8337464,5.4023314
khanhha_original::Volker_DSC01669_0_0_1824_2736.jpg,improved,khanhha,0.0227887099980123,1.9072663,7.79683,5.415869
khanhha_original::Volker_DSC01669_9_1042_1814_1517.jpg,improved,khanhha,0.019830549711599,1.9001477,7.788034,5.4140596
khanhha_original::Volker_DSC01670_3_833_1821_1836.jpg,neutral,khanhha,0.0014620562859277,1.7833452,7.832059,5.35556
khanhha_original::Volker_DSC01670_678_871_1022_989.jpg,degraded,khanhha,-0.0179637336466197,1.8178853,7.806282,5.374585
khanhha_original::Volker_DSC01671_63_417_1630_2053.jpg,degraded,khanhha,-0.0129221541432617,1.6188657,7.928829,5.3849397
khanhha_original::Volker_DSC01672_140_255_1259_1633.jpg,neutral,khanhha,0.0042267794171446,1.7403243,7.8577604,5.3644505
khanhha_original::Volker_DSC01672_236_664_1240_1592.jpg,neutral,khanhha,-0.0005307240078756,1.6860386,7.8928423,5.3935695
khanhha_original::Volker_DSC01672_39_1294_1098_1354.jpg,neutral,khanhha,-0.0092373212062648,1.6810001,7.8941,5.405481
khanhha_original::Volker_DSC01673_0_0_1824_2736.jpg,neutral,khanhha,0.0063474196954885,1.7269372,7.867025,5.4228015
khanhha_original::Volker_DSC01674_0_1080_1601_1598.jpg,neutral,khanhha,-0.0004313716603492,1.6195834,7.912225,5.396274
khanhha_original::Volker_DSC01674_53_426_1730_2092.jpg,neutral,khanhha,-0.0002149521461115,1.6128281,7.9048615,5.405675
khanhha_original::Volker_DSC01674_748_1007_996_1190.jpg,degraded,khanhha,-0.0125166554802591,1.5914198,7.947691,5.3769064
khanhha_original::Volker_DSC01676_146_1254_955_1190.jpg,degraded,khanhha,-0.0122506092594713,1.7844962,7.8443785,5.3201747
khanhha_original::Volker_DSC01676_35_128_1239_1463.jpg,neutral,khanhha,-0.0081736715288345,1.611877,7.9415565,5.382677
khanhha_original::Volker_DSC01677_185_223_1446_1163.jpg,neutral,khanhha,0.0049324640298262,1.6208805,7.9403987,5.350071
khanhha_original::Volker_DSC01677_26_956_1697_1698.jpg,neutral,khanhha,0.0033528008802716,1.6305158,7.924013,5.3716655
khanhha_original::Volker_DSC01677_40_7_1782_1399.jpg,neutral,khanhha,-0.0006631328934234,1.7060046,7.8819637,5.367401
khanhha_original::Volker_DSC01678_0_0_1824_2736.jpg,improved,khanhha,0.0163733334558762,1.6153867,7.9331903,5.3730764
khanhha_original::Volker_DSC01678_14_998_1278_1270.jpg,neutral,khanhha,0.0025727841508125,1.5901365,7.9586053,5.3453555
khanhha_original::Volker_DSC01678_282_907_1086_1149.jpg,neutral,khanhha,-7.406100328011256e-05,1.6001452,7.945239,5.3648005
khanhha_original::Volker_DSC01679_0_0_1824_2736.jpg,improved,khanhha,0.0285421344666394,1.922078,7.749655,5.346113
khanhha_original::Volker_DSC01679_0_789_1823_1945.jpg,neutral,khanhha,0.0012579056352957,1.9185326,7.749541,5.3345275
khanhha_original::Volker_DSC01679_67_383_1713_2223.jpg,improved,khanhha,0.0205443775447363,1.9561781,7.724549,5.326999
khanhha_original::Volker_DSC01680_0_0_1824_2736.jpg,degraded,khanhha,-0.0131028797370674,2.2126503,7.592176,5.260517
khanhha_original::Volker_DSC01680_146_194_1555_1973.jpg,neutral,khanhha,-0.0061154839143017,2.1638238,7.59829,5.2540216
khanhha_original::Volker_DSC01680_168_539_1554_1946.jpg,neutral,khanhha,0.0027738857036744,2.095845,7.6133018,5.2798448
khanhha_original::Volker_DSC01680_63_445_1729_1300.jpg,neutral,khanhha,-0.0035326181744611,2.1636598,7.56349,5.256892
khanhha_original::Volker_DSC01683_67_1024_1660_1636.jpg,neutral,khanhha,-0.0045157422438488,1.5897877,7.953537,5.3788533
khanhha_original::Volker_DSC01685_202_585_1600_1686.jpg,neutral,khanhha,-0.0042924546066025,1.7856909,7.821801,5.339813
khanhha_original::Volker_DSC01685_252_569_1566_2047.jpg,improved,khanhha,0.0162667498474941,1.7074245,7.862129,5.362075
khanhha_original::Volker_DSC01686_297_570_1208_1271.jpg,improved,khanhha,0.0142130183033781,1.6505972,7.922779,5.4054036
khanhha_original::Volker_DSC01687_13_413_1695_1782.jpg,improved,khanhha,0.0354410842143519,1.7327427,7.8606944,5.381144
khanhha_original::Volker_DSC01687_256_1075_1494_1234.jpg,neutral,khanhha,-0.0041772879743189,1.7827998,7.812115,5.3371506
khanhha_original::Volker_DSC01688_29_115_1785_2096.jpg,improved,khanhha,0.0260620418460715,1.7655888,7.8368044,5.3967338
khanhha_original::Volker_DSC01688_89_1104_1613_1250.jpg,neutral,khanhha,0.0048325695814671,1.709326,7.866612,5.413555
khanhha_original::Volker_DSC01690_763_1051_1043_1097.jpg,degraded,khanhha,-0.0316588795981742,1.6993887,7.8676815,5.3884034
khanhha_original::Volker_DSC01691_35_741_1602_1808.jpg,improved,khanhha,0.0312274943383,1.7211127,7.8757453,5.387085
khanhha_original::Volker_DSC01691_6_526_1388_1598.jpg,neutral,khanhha,-0.0043810666072232,1.6168278,7.947141,5.3952417
khanhha_original::Volker_DSC01692_28_197_1636_1369.jpg,neutral,khanhha,0.0050369300205509,1.7302201,7.863707,5.3289895
khanhha_original::Volker_DSC01693_1323_467_1353_1116.jpg,degraded,khanhha,-0.0306374637525324,1.7413124,7.902354,5.2557077
khanhha_original::Volker_DSC01693_166_276_1259_1362.jpg,degraded,khanhha,-0.0142792838025742,1.8142234,7.850784,5.292495
khanhha_original::Volker_DSC01695_0_0_2736_1824.jpg,neutral,khanhha,0.0020265681849379,3.6997173,8.237213,4.8619285
khanhha_original::Volker_DSC01696_0_0_2736_1824.jpg,neutral,khanhha,0.0007951473706031,1.7617551,7.845477,5.3520823
khanhha_original::Volker_DSC01698_213_356_1899_1462.jpg,neutral,khanhha,0.0005468412958153,3.5864959,8.368248,4.0816116
khanhha_original::Volker_DSC01699_0_0_1824_2736.jpg,improved,khanhha,0.0150239842971339,1.6953572,7.8782616,5.370874
khanhha_original::Volker_DSC01699_751_408_1048_1101.jpg,degraded,khanhha,-0.0453724402025531,1.7117773,7.868509,5.373937
khanhha_original::Volker_DSC01700_158_517_1605_1442.jpg,improved,khanhha,0.0349124906778294,1.7493026,7.8535776,5.358275
khanhha_original::Volker_DSC01701_103_539_1579_1680.jpg,neutral,khanhha,-0.0018724474966816,1.6913053,7.880224,5.3633685
khanhha_original::Volker_DSC01702_39_31_1703_1771.jpg,improved,khanhha,0.0170574773976449,1.6349951,7.91601,5.3723283
khanhha_original::Volker_DSC01702_418_156_1024_1333.jpg,improved,khanhha,0.0225445209865366,1.6317052,7.9194984,5.3562365
khanhha_original::Volker_DSC01703_23_907_1787_1745.jpg,improved,khanhha,0.0170740200415,1.9048257,7.7918997,5.278989
khanhha_original::Volker_DSC01703_413_202_1272_965.jpg,neutral,khanhha,-0.0084750406431689,1.939811,7.831101,5.2247124
khanhha_original::Volker_DSC01703_599_1250_1072_1001.jpg,improved,khanhha,0.0125558658108841,1.8495313,7.8156605,5.3384495
khanhha_original::Volker_DSC01705_103_1212_1149_941.jpg,improved,khanhha,0.023643606685837,1.7348915,7.885271,5.3453445
khanhha_original::Volker_DSC01705_286_514_1483_1229.jpg,neutral,khanhha,-0.0061675287895351,1.6793529,7.902366,5.3854494
khanhha_original::Volker_DSC01705_35_261_1646_1312.jpg,degraded,khanhha,-0.0255016008816931,1.7090441,7.883737,5.3822103
khanhha_original::Volker_DSC01705_493_958_1260_1668.jpg,degraded,khanhha,-0.0470695704056945,1.6665636,7.9005136,5.3972898
khanhha_original::Volker_DSC01706_613_680_974_1043.jpg,neutral,khanhha,0.0048133581064031,1.8450685,7.771355,5.3086853
khanhha_original::Volker_DSC01707_33_309_1713_1946.jpg,improved,khanhha,0.0181156149378591,1.8579907,7.80435,5.3351045
khanhha_original::Volker_DSC01707_44_131_1757_2144.jpg,improved,khanhha,0.0268002782559029,1.8769094,7.790528,5.3312535
khanhha_original::Volker_DSC01707_540_967_1161_1226.jpg,degraded,khanhha,-0.0117268842667198,1.891615,7.770836,5.3528533
khanhha_original::Volker_DSC01708_274_347_1439_1315.jpg,neutral,khanhha,-0.0032279992106066,2.057201,7.7768593,5.292698
khanhha_original::Volker_DSC01709_269_118_1281_1314.jpg,degraded,khanhha,-0.0106303295052552,1.5910975,7.9544687,5.415521
khanhha_original::Volker_DSC01709_71_801_1387_1771.jpg,neutral,khanhha,0.0091462229849426,1.7830644,7.82283,5.381916
khanhha_original::cracktree200_6201.jpg,neutral,khanhha,0.0052422449757467,12.474766,-1.4379262,5.539859
khanhha_original::cracktree200_6203.jpg,neutral,khanhha,0.0088700128700128,12.444904,-1.4728637,5.538161
khanhha_original::cracktree200_6234.jpg,neutral,khanhha,-0.0049746192893401,12.433184,-1.5269568,5.5317087
khanhha_original::cracktree200_6243.jpg,neutral,khanhha,0.003582395087001,12.421785,-1.3359004,5.589982
khanhha_original::cracktree200_6247.jpg,degraded,khanhha,-0.0121296480413601,12.266959,-1.598315,5.5931416
khanhha_original::cracktree200_6258.jpg,neutral,khanhha,0.0034010742449509,12.447906,-1.444971,5.5459175
khanhha_original::cracktree200_6259.jpg,improved,khanhha,0.0249607228499049,12.388442,-1.5244186,5.5651655
khanhha_original::cracktree200_6261.jpg,neutral,khanhha,0.0035523978685612,12.270127,-1.2190341,5.710135
khanhha_original::cracktree200_6266.jpg,degraded,khanhha,-0.1696678932772011,12.370354,-1.3416549,5.583685
khanhha_original::cracktree200_6268.jpg,improved,khanhha,0.0231850414983941,12.333762,-1.2351129,5.664733
khanhha_original::cracktree200_6278.jpg,neutral,khanhha,0.0022097943110887,12.423091,-1.4738641,5.57517
khanhha_original::cracktree200_6281.jpg,degraded,khanhha,-0.0273457758783791,12.411609,-1.4403425,5.569487
khanhha_original::cracktree200_6297.jpg,degraded,khanhha,-0.0123893805309734,12.39839,-1.4879653,5.5814977
khanhha_original::cracktree200_6298.jpg,degraded,khanhha,-0.1351795649974709,12.357184,-1.4876115,5.5409517
khanhha_original::cracktree200_6301.jpg,degraded,khanhha,-0.0766870792933343,12.339476,-1.301088,5.61512
khanhha_original::cracktree200_6310.jpg,degraded,khanhha,-0.1349693251533742,12.380865,-1.5186528,5.553495
khanhha_original::cracktree200_6321.jpg,neutral,khanhha,0.0019723865877712,12.418886,-1.4488328,5.545845
khanhha_original::cracktree200_6327.jpg,neutral,khanhha,-0.0018761726078799,12.473932,-1.4863598,5.5130806
khanhha_original::cracktree200_6328.jpg,neutral,khanhha,0.0,12.435764,-1.35225,5.574889
khanhha_original::cracktree200_6329.jpg,neutral,khanhha,0.0049407114624505,12.490198,-1.3884354,5.533711
khanhha_original::cracktree200_6330.jpg,neutral,khanhha,0.0,12.459433,-1.43666,5.532089
khanhha_original::cracktree200_6334.jpg,neutral,khanhha,0.0,12.496879,-1.4916476,5.5014443
khanhha_original::cracktree200_6340.jpg,neutral,khanhha,0.0,12.390501,-1.5331402,5.523177
khanhha_original::cracktree200_6351.jpg,improved,khanhha,0.0337309749074455,12.411954,-1.5659814,5.527188
khanhha_original::cracktree200_6623.jpg,neutral,khanhha,0.0031781394685855,12.092422,-1.5549524,5.683914
khanhha_original::cracktree200_6635.jpg,degraded,khanhha,-0.0527684875510962,12.115375,-1.5468369,5.700056
khanhha_original::cracktree200_6645.jpg,degraded,khanhha,-0.0943313585784785,11.845254,-1.6238273,5.735422
khanhha_original::cracktree200_6647.jpg,improved,khanhha,0.0803464755077658,12.00826,-1.6616586,5.6748066
khanhha_original::cracktree200_6658.jpg,improved,khanhha,0.0327615780445969,12.224978,-1.644509,5.6222425
khanhha_original::cracktree200_6710.jpg,degraded,khanhha,-0.0375267025549004,12.09204,-1.3571589,5.8568053
khanhha_original::cracktree200_6774.jpg,neutral,khanhha,0.0085729609786605,12.453042,-1.357353,5.622269
khanhha_original::forest_003.jpg,improved,khanhha,0.1022200649414786,0.7355049,5.294993,4.3103848
khanhha_original::forest_006.jpg,degraded,khanhha,-0.0403004464491792,0.8644112,5.3887153,4.28625
khanhha_original::forest_018.jpg,neutral,khanhha,-0.0075204542669486,0.9325122,5.454461,4.2485003
khanhha_original::forest_022.jpg,degraded,khanhha,-0.0672595161513365,0.8713022,5.398139,4.255682
khanhha_original::forest_038.jpg,degraded,khanhha,-0.0351525219507003,0.9391661,5.472474,4.287734
khanhha_original::forest_048.jpg,degraded,khanhha,-0.0257194052410402,0.81872076,5.348394,4.3042035
khanhha_original::forest_054.jpg,degraded,khanhha,-0.0804318717252102,0.95508945,5.4721956,4.238414
khanhha_original::forest_069.jpg,degraded,khanhha,-0.014036949829851,0.9645153,5.4841294,4.271283
khanhha_original::forest_076.jpg,neutral,khanhha,-0.0066949185687449,0.96281695,5.481541,4.2581997
khanhha_original::forest_082.jpg,degraded,khanhha,-0.0398716358043381,0.7869664,5.3228774,4.300144
khanhha_original::forest_083.jpg,degraded,khanhha,-0.0264965481434609,0.9606164,5.4785643,4.2350783
khanhha_original::forest_087.jpg,improved,khanhha,0.0208057835241396,0.79485184,5.332625,4.2929654
khanhha_original::forest_091.jpg,degraded,khanhha,-0.0589066340871645,0.85138005,5.3808265,4.250738
khanhha_original::forest_094.jpg,improved,khanhha,0.0405880137263365,0.8971053,5.4207973,4.2638993
khanhha_original::forest_098.jpg,neutral,khanhha,-0.0018659794770066,0.9380857,5.456117,4.2425227
khanhha_original::forest_104.jpg,neutral,khanhha,-0.0010233863189407,0.8579031,5.385732,4.284376
khanhha_original::forest_109.jpg,improved,khanhha,0.0193410891539252,0.93598664,5.4542418,4.2432885
khanhha_original::forest_117.jpg,improved,khanhha,0.0183642179078699,0.93966675,5.4596477,4.2465906
khanhha_original::noncrack_noncrack_concrete_wall_0_0.jpg.jpg,neutral,khanhha,0.0,6.5777307,9.226741,7.4944315
khanhha_original::noncrack_noncrack_concrete_wall_0_3.jpg.jpg,neutral,khanhha,0.0,6.633359,9.226483,7.532241
khanhha_original::noncrack_noncrack_concrete_wall_100_4.jpg.jpg,neutral,khanhha,0.0,7.700302,9.277344,7.860055
khanhha_original::noncrack_noncrack_concrete_wall_101_2.jpg.jpg,neutral,khanhha,0.0,5.7750983,8.474441,6.3571424
khanhha_original::noncrack_noncrack_concrete_wall_101_8.jpg.jpg,neutral,khanhha,0.0,5.7725005,8.47281,6.3587813
khanhha_original::noncrack_noncrack_concrete_wall_101_9.jpg.jpg,neutral,khanhha,0.0,5.7261024,8.388299,6.3601923
khanhha_original::noncrack_noncrack_concrete_wall_102_5.jpg.jpg,neutral,khanhha,0.0,7.297689,9.05933,7.820548
khanhha_original::noncrack_noncrack_concrete_wall_103_0.jpg.jpg,neutral,khanhha,0.0,6.4203033,9.143183,7.2561736
khanhha_original::noncrack_noncrack_concrete_wall_103_1.jpg.jpg,neutral,khanhha,0.0,6.425669,9.156517,7.290036
khanhha_original::noncrack_noncrack_concrete_wall_11_4.jpg.jpg,neutral,khanhha,0.0,6.141941,8.928956,6.4500074
khanhha_original::noncrack_noncrack_concrete_wall_12_3.jpg.jpg,neutral,khanhha,0.0,-3.4765694,4.091622,8.414196
khanhha_original::noncrack_noncrack_concrete_wall_12_9.jpg.jpg,improved,khanhha,1.0,-3.5621874,3.8725538,8.4548235
khanhha_original::noncrack_noncrack_concrete_wall_13_2.jpg.jpg,neutral,khanhha,0.0,5.943634,8.973853,7.012182
khanhha_original::noncrack_noncrack_concrete_wall_13_4.jpg.jpg,neutral,khanhha,0.0,5.9019794,8.945849,6.9892344
khanhha_original::noncrack_noncrack_concrete_wall_13_6.jpg.jpg,neutral,khanhha,0.0,5.896383,8.940778,6.9633985
khanhha_original::noncrack_noncrack_concrete_wall_14_11.jpg.jpg,neutral,khanhha,0.0,6.3809447,8.960927,6.6393995
khanhha_original::noncrack_noncrack_concrete_wall_14_25.jpg.jpg,neutral,khanhha,0.0,6.3781476,8.952139,6.651369
khanhha_original::noncrack_noncrack_concrete_wall_15_5.jpg.jpg,neutral,khanhha,0.0,6.9096107,8.981679,8.496529
khanhha_original::noncrack_noncrack_concrete_wall_15_7.jpg.jpg,neutral,khanhha,0.0,-2.9646542,4.7918124,7.0363855
khanhha_original::noncrack_noncrack_concrete_wall_16_1.jpg.jpg,neutral,khanhha,0.0,-3.243107,4.6358485,8.0440035
khanhha_original::noncrack_noncrack_concrete_wall_16_5.jpg.jpg,neutral,khanhha,0.0,-3.2131147,4.5802946,8.120926
khanhha_original::noncrack_noncrack_concrete_wall_18_1.jpg.jpg,neutral,khanhha,0.0,6.0931797,9.909526,4.717376
khanhha_original::noncrack_noncrack_concrete_wall_18_11.jpg.jpg,neutral,khanhha,0.0,6.064132,9.926719,4.6844454
khanhha_original::noncrack_noncrack_concrete_wall_18_12.jpg.jpg,neutral,khanhha,0.0,6.076187,9.916765,4.7038693
khanhha_original::noncrack_noncrack_concrete_wall_18_18.jpg.jpg,neutral,khanhha,0.0,6.0808473,9.902557,4.708255
khanhha_original::noncrack_noncrack_concrete_wall_18_19.jpg.jpg,neutral,khanhha,0.0,6.0837736,9.910061,4.7064276
khanhha_original::noncrack_noncrack_concrete_wall_18_3.jpg.jpg,neutral,khanhha,0.0,6.0886717,9.915267,4.687308
khanhha_original::noncrack_noncrack_concrete_wall_18_9.jpg.jpg,neutral,khanhha,0.0,6.0904684,9.912877,4.7104697
khanhha_original::noncrack_noncrack_concrete_wall_19_1.jpg.jpg,neutral,khanhha,0.0,7.353354,9.233777,7.3903236
khanhha_original::noncrack_noncrack_concrete_wall_19_3.jpg.jpg,neutral,khanhha,0.0,7.3866405,9.246282,7.391272
khanhha_original::noncrack_noncrack_concrete_wall_19_6.jpg.jpg,neutral,khanhha,0.0,7.408926,9.265176,7.43819
khanhha_original::noncrack_noncrack_concrete_wall_19_7.jpg.jpg,neutral,khanhha,0.0,7.420731,9.277039,7.4632726
khanhha_original::noncrack_noncrack_concrete_wall_19_8.jpg.jpg,neutral,khanhha,0.0,7.377106,9.24612,7.440849
khanhha_original::noncrack_noncrack_concrete_wall_20_1.jpg.jpg,neutral,khanhha,0.0,6.2758727,9.322554,5.4651594
khanhha_original::noncrack_noncrack_concrete_wall_20_15.jpg.jpg,neutral,khanhha,0.0,6.264608,9.347334,5.424752
khanhha_original::noncrack_noncrack_concrete_wall_20_32.jpg.jpg,neutral,khanhha,0.0,6.2582526,9.346158,5.424005
khanhha_original::noncrack_noncrack_concrete_wall_20_52.jpg.jpg,neutral,khanhha,0.0,6.2762675,9.332967,5.45495
khanhha_original::noncrack_noncrack_concrete_wall_20_54.jpg.jpg,neutral,khanhha,0.0,6.2448874,9.361105,5.405795
khanhha_original::noncrack_noncrack_concrete_wall_20_59.jpg.jpg,neutral,khanhha,0.0,6.2633247,9.345651,5.4312696
khanhha_original::noncrack_noncrack_concrete_wall_20_62.jpg.jpg,neutral,khanhha,0.0,6.2925735,9.332468,5.471909
khanhha_original::noncrack_noncrack_concrete_wall_20_68.jpg.jpg,neutral,khanhha,0.0,6.2649274,9.346696,5.427238
khanhha_original::noncrack_noncrack_concrete_wall_20_70.jpg.jpg,neutral,khanhha,0.0,6.2804894,9.340231,5.4540195
khanhha_original::noncrack_noncrack_concrete_wall_21_0.jpg.jpg,neutral,khanhha,0.0,6.4002624,9.344407,7.2974205
khanhha_original::noncrack_noncrack_concrete_wall_23_1.jpg.jpg,neutral,khanhha,0.0,6.7452927,9.1290865,6.43969
khanhha_original::noncrack_noncrack_concrete_wall_23_4.jpg.jpg,neutral,khanhha,0.0,6.743635,9.140401,6.4042163
khanhha_original::noncrack_noncrack_concrete_wall_23_5.jpg.jpg,neutral,khanhha,0.0,6.772696,9.133726,6.4870806
khanhha_original::noncrack_noncrack_concrete_wall_23_7.jpg.jpg,neutral,khanhha,0.0,6.7479334,9.147491,6.427507
khanhha_original::noncrack_noncrack_concrete_wall_24_19.jpg.jpg,neutral,khanhha,0.0,6.105135,9.918203,4.7216887
khanhha_original::noncrack_noncrack_concrete_wall_24_31.jpg.jpg,neutral,khanhha,0.0,6.1175203,9.887264,4.7517896
khanhha_original::noncrack_noncrack_concrete_wall_24_35.jpg.jpg,neutral,khanhha,0.0,6.121463,9.891137,4.7694592
khanhha_original::noncrack_noncrack_concrete_wall_24_38.jpg.jpg,neutral,khanhha,0.0,6.1060843,9.91491,4.729789
khanhha_original::noncrack_noncrack_concrete_wall_24_4.jpg.jpg,neutral,khanhha,0.0,6.1082616,9.898481,4.7433815
khanhha_original::noncrack_noncrack_concrete_wall_24_8.jpg.jpg,neutral,khanhha,0.0,6.0991116,9.910642,4.723822
khanhha_original::noncrack_noncrack_concrete_wall_26_0.jpg.jpg,neutral,khanhha,0.0,-3.0915341,4.899068,7.4839087
khanhha_original::noncrack_noncrack_concrete_wall_27_5.jpg.jpg,neutral,khanhha,0.0,6.2409115,8.859837,7.5954585
khanhha_original::noncrack_noncrack_concrete_wall_28_0.jpg.jpg,neutral,khanhha,0.0,6.6331162,6.548251,7.433648
khanhha_original::noncrack_noncrack_concrete_wall_29_6.jpg.jpg,neutral,khanhha,0.0,6.5442147,9.06611,6.544228
khanhha_original::noncrack_noncrack_concrete_wall_30_2.jpg.jpg,neutral,khanhha,0.0,6.5241823,9.243234,5.8815947
khanhha_original::noncrack_noncrack_concrete_wall_31_0.jpg.jpg,neutral,khanhha,0.0,6.362695,8.981067,7.193464
khanhha_original::noncrack_noncrack_concrete_wall_31_4.jpg.jpg,neutral,khanhha,0.0,6.317272,8.977011,7.1860847
khanhha_original::noncrack_noncrack_concrete_wall_33_4.jpg.jpg,neutral,khanhha,0.0,6.525195,9.078173,6.768173
khanhha_original::noncrack_noncrack_concrete_wall_34_0.jpg.jpg,degraded,khanhha,-1.0,6.5638633,9.265082,5.955557
khanhha_original::noncrack_noncrack_concrete_wall_35_4.jpg.jpg,neutral,khanhha,0.0,6.5008492,9.070616,7.4275613
khanhha_original::noncrack_noncrack_concrete_wall_37_1.jpg.jpg,neutral,khanhha,0.0,6.5172515,9.163113,7.229993
khanhha_original::noncrack_noncrack_concrete_wall_37_4.jpg.jpg,neutral,khanhha,0.0,6.476121,9.152684,7.0954695
khanhha_original::noncrack_noncrack_concrete_wall_38_4.jpg.jpg,neutral,khanhha,0.0,6.398336,9.130646,7.350698
khanhha_original::noncrack_noncrack_concrete_wall_38_5.jpg.jpg,neutral,khanhha,0.0,6.3856144,9.123699,7.26814
khanhha_original::noncrack_noncrack_concrete_wall_38_6.jpg.jpg,neutral,khanhha,0.0,6.380215,9.132872,7.3851504
khanhha_original::noncrack_noncrack_concrete_wall_39_9.jpg.jpg,neutral,khanhha,0.0,6.6487575,9.128756,6.455159
khanhha_original::noncrack_noncrack_concrete_wall_3_2.jpg.jpg,neutral,khanhha,0.0,6.5415735,9.048985,7.5071583
khanhha_original::noncrack_noncrack_concrete_wall_40_0.jpg.jpg,neutral,khanhha,0.0,6.4719276,9.228179,6.9960365
khanhha_original::noncrack_noncrack_concrete_wall_40_5.jpg.jpg,neutral,khanhha,0.0,6.434636,9.295884,7.1426487
khanhha_original::noncrack_noncrack_concrete_wall_41_11.jpg.jpg,neutral,khanhha,0.0,6.528288,9.275819,5.8874407
khanhha_original::noncrack_noncrack_concrete_wall_41_12.jpg.jpg,neutral,khanhha,0.0,6.5444107,9.2633295,5.8953032
khanhha_original::noncrack_noncrack_concrete_wall_41_2.jpg.jpg,neutral,khanhha,0.0,6.5486817,9.26456,5.908276
khanhha_original::noncrack_noncrack_concrete_wall_41_35.jpg.jpg,neutral,khanhha,0.0,6.5541925,9.266855,5.909351
khanhha_original::noncrack_noncrack_concrete_wall_41_37.jpg.jpg,neutral,khanhha,0.0,6.574219,9.2696085,5.946923
khanhha_original::noncrack_noncrack_concrete_wall_41_38.jpg.jpg,neutral,khanhha,0.0,6.5559134,9.2657385,5.9336095
khanhha_original::noncrack_noncrack_concrete_wall_41_4.jpg.jpg,neutral,khanhha,0.0,6.5488033,9.267162,5.898369
khanhha_original::noncrack_noncrack_concrete_wall_41_43.jpg.jpg,neutral,khanhha,0.0,6.5448236,9.259981,5.905788
khanhha_original::noncrack_noncrack_concrete_wall_41_48.jpg.jpg,neutral,khanhha,0.0,6.5744767,9.287268,5.895391
khanhha_original::noncrack_noncrack_concrete_wall_41_58.jpg.jpg,neutral,khanhha,0.0,6.5525784,9.277383,5.89831
khanhha_original::noncrack_noncrack_concrete_wall_41_63.jpg.jpg,neutral,khanhha,0.0,6.5483627,9.273169,5.8906517
khanhha_original::noncrack_noncrack_concrete_wall_41_65.jpg.jpg,neutral,khanhha,0.0,6.564862,9.275536,5.9130063
khanhha_original::noncrack_noncrack_concrete_wall_42_6.jpg.jpg,neutral,khanhha,0.0,6.2387238,8.91137,7.138358
khanhha_original::noncrack_noncrack_concrete_wall_43_14.jpg.jpg,neutral,khanhha,0.0,6.3833528,9.23815,5.6807237
khanhha_original::noncrack_noncrack_concrete_wall_43_15.jpg.jpg,neutral,khanhha,0.0,6.3733125,9.247568,5.6586375
khanhha_original::noncrack_noncrack_concrete_wall_43_18.jpg.jpg,neutral,khanhha,0.0,6.3998446,9.242407,5.7054853
khanhha_original::noncrack_noncrack_concrete_wall_43_2.jpg.jpg,neutral,khanhha,0.0,6.36177,9.247228,5.650761
khanhha_original::noncrack_noncrack_concrete_wall_43_25.jpg.jpg,neutral,khanhha,0.0,6.364185,9.239753,5.6653123
khanhha_original::noncrack_noncrack_concrete_wall_43_34.jpg.jpg,neutral,khanhha,0.0,6.361348,9.250484,5.6433764
khanhha_original::noncrack_noncrack_concrete_wall_43_42.jpg.jpg,neutral,khanhha,0.0,6.342701,9.246361,5.629093
khanhha_original::noncrack_noncrack_concrete_wall_43_44.jpg.jpg,neutral,khanhha,0.0,6.3745584,9.236118,5.6696606
khanhha_original::noncrack_noncrack_concrete_wall_43_48.jpg.jpg,neutral,khanhha,0.0,6.368985,9.229255,5.6831865
khanhha_original::noncrack_noncrack_concrete_wall_43_50.jpg.jpg,degraded,khanhha,-1.0,6.3920693,9.23316,5.7099485
khanhha_original::noncrack_noncrack_concrete_wall_44_0.jpg.jpg,neutral,khanhha,0.0,-3.2738085,4.3217096,6.953462
khanhha_original::noncrack_noncrack_concrete_wall_44_4.jpg.jpg,neutral,khanhha,0.0,-3.290522,4.2223134,6.9497175
khanhha_original::noncrack_noncrack_concrete_wall_45_13.jpg.jpg,neutral,khanhha,0.0,7.4933944,9.67894,5.6408606
khanhha_original::noncrack_noncrack_concrete_wall_45_4.jpg.jpg,neutral,khanhha,0.0,7.492723,9.6776085,5.642339
khanhha_original::noncrack_noncrack_concrete_wall_45_5.jpg.jpg,neutral,khanhha,0.0,7.4955997,9.675311,5.6353407
khanhha_original::noncrack_noncrack_concrete_wall_46_8.jpg.jpg,neutral,khanhha,0.0,6.418139,9.015696,6.647526
khanhha_original::noncrack_noncrack_concrete_wall_47_4.jpg.jpg,neutral,khanhha,0.0,6.3986287,9.302415,7.320817
khanhha_original::noncrack_noncrack_concrete_wall_47_6.jpg.jpg,neutral,khanhha,0.0,6.4177246,9.300576,7.309926
khanhha_original::noncrack_noncrack_concrete_wall_48_0.jpg.jpg,neutral,khanhha,0.0,4.212605,9.239905,3.670705
khanhha_original::noncrack_noncrack_concrete_wall_48_1.jpg.jpg,neutral,khanhha,0.0,4.209807,9.239776,3.6641366
khanhha_original::noncrack_noncrack_concrete_wall_48_5.jpg.jpg,neutral,khanhha,0.0,4.2115545,9.244208,3.653782
khanhha_original::noncrack_noncrack_concrete_wall_49_4.jpg.jpg,neutral,khanhha,0.0,6.711411,9.143353,6.4214373
khanhha_original::noncrack_noncrack_concrete_wall_50_2.jpg.jpg,neutral,khanhha,0.0,6.2863574,8.975388,6.647287
khanhha_original::noncrack_noncrack_concrete_wall_53_3.jpg.jpg,neutral,khanhha,0.0,6.7723336,9.013816,6.685576
khanhha_original::noncrack_noncrack_concrete_wall_54_24.jpg.jpg,neutral,khanhha,0.0,5.7794285,9.521767,4.8254385
khanhha_original::noncrack_noncrack_concrete_wall_54_27.jpg.jpg,neutral,khanhha,0.0,5.7384696,9.515445,4.799058
khanhha_original::noncrack_noncrack_concrete_wall_54_28.jpg.jpg,neutral,khanhha,0.0,5.770439,9.512881,4.827284
khanhha_original::noncrack_noncrack_concrete_wall_54_31.jpg.jpg,neutral,khanhha,0.0,5.7757735,9.509335,4.8356647
khanhha_original::noncrack_noncrack_concrete_wall_54_33.jpg.jpg,neutral,khanhha,0.0,5.7857466,9.519362,4.849916
khanhha_original::noncrack_noncrack_concrete_wall_54_36.jpg.jpg,neutral,khanhha,0.0,5.7875085,9.510126,4.8465548
khanhha_original::noncrack_noncrack_concrete_wall_54_4.jpg.jpg,neutral,khanhha,0.0,5.7859545,9.506321,4.8477283
khanhha_original::noncrack_noncrack_concrete_wall_54_40.jpg.jpg,neutral,khanhha,0.0,5.745782,9.511782,4.806893
khanhha_original::noncrack_noncrack_concrete_wall_54_44.jpg.jpg,neutral,khanhha,0.0,5.7800293,9.516731,4.8315263
khanhha_original::noncrack_noncrack_concrete_wall_54_48.jpg.jpg,neutral,khanhha,0.0,5.7768664,9.51789,4.825342
khanhha_original::noncrack_noncrack_concrete_wall_54_53.jpg.jpg,neutral,khanhha,0.0,5.779524,9.493613,4.8436155
khanhha_original::noncrack_noncrack_concrete_wall_54_54.jpg.jpg,neutral,khanhha,0.0,5.779128,9.519739,4.8262706
khanhha_original::noncrack_noncrack_concrete_wall_54_57.jpg.jpg,neutral,khanhha,0.0,5.766142,9.513024,4.8225026
khanhha_original::noncrack_noncrack_concrete_wall_54_72.jpg.jpg,neutral,khanhha,0.0,5.7824965,9.503143,4.8511205
khanhha_original::noncrack_noncrack_concrete_wall_55_10.jpg.jpg,neutral,khanhha,0.0,6.1031895,9.885775,4.7522244
khanhha_original::noncrack_noncrack_concrete_wall_55_24.jpg.jpg,neutral,khanhha,0.0,6.0930386,9.887062,4.7402573
khanhha_original::noncrack_noncrack_concrete_wall_55_29.jpg.jpg,neutral,khanhha,0.0,6.0706267,9.882703,4.7180533
khanhha_original::noncrack_noncrack_concrete_wall_55_32.jpg.jpg,neutral,khanhha,0.0,6.0831194,9.888415,4.727797
khanhha_original::noncrack_noncrack_concrete_wall_55_38.jpg.jpg,neutral,khanhha,0.0,6.0645747,9.866531,4.730922
khanhha_original::noncrack_noncrack_concrete_wall_55_4.jpg.jpg,neutral,khanhha,0.0,6.1055593,9.899326,4.7542076
khanhha_original::noncrack_noncrack_concrete_wall_55_41.jpg.jpg,neutral,khanhha,0.0,6.0813694,9.887815,4.7246776
khanhha_original::noncrack_noncrack_concrete_wall_55_49.jpg.jpg,neutral,khanhha,0.0,6.0742536,9.888028,4.7201056
khanhha_original::noncrack_noncrack_concrete_wall_55_6.jpg.jpg,neutral,khanhha,0.0,6.0837636,9.882422,4.7340093
khanhha_original::noncrack_noncrack_concrete_wall_57_11.jpg.jpg,neutral,khanhha,0.0,6.4526167,9.038035,6.7970266
khanhha_original::noncrack_noncrack_concrete_wall_57_6.jpg.jpg,neutral,khanhha,0.0,6.463064,9.040615,6.7775717
khanhha_original::noncrack_noncrack_concrete_wall_58_0.jpg.jpg,neutral,khanhha,0.0,4.213738,9.254641,3.643909
khanhha_original::noncrack_noncrack_concrete_wall_58_11.jpg.jpg,neutral,khanhha,0.0,4.1994004,9.247852,3.6373012
khanhha_original::noncrack_noncrack_concrete_wall_58_12.jpg.jpg,neutral,khanhha,0.0,4.2173343,9.254058,3.6521711
khanhha_original::noncrack_noncrack_concrete_wall_58_13.jpg.jpg,neutral,khanhha,0.0,4.2118397,9.251946,3.6463177
khanhha_original::noncrack_noncrack_concrete_wall_58_6.jpg.jpg,neutral,khanhha,0.0,4.2132354,9.252595,3.6519556
khanhha_original::noncrack_noncrack_concrete_wall_58_8.jpg.jpg,neutral,khanhha,0.0,4.218385,9.257453,3.643646
khanhha_original::noncrack_noncrack_concrete_wall_59_0.jpg.jpg,neutral,khanhha,0.0,6.790134,9.345508,7.1521935
khanhha_original::noncrack_noncrack_concrete_wall_59_3.jpg.jpg,neutral,khanhha,0.0,6.778133,9.371367,7.136742
khanhha_original::noncrack_noncrack_concrete_wall_5_10.jpg.jpg,neutral,khanhha,0.0,6.4386296,9.070936,6.8039393
khanhha_original::noncrack_noncrack_concrete_wall_60_13.jpg.jpg,neutral,khanhha,0.0,6.733087,9.01803,6.7494445
khanhha_original::noncrack_noncrack_concrete_wall_60_6.jpg.jpg,neutral,khanhha,0.0,6.7703815,9.019024,6.725856
khanhha_original::noncrack_noncrack_concrete_wall_60_8.jpg.jpg,neutral,khanhha,0.0,6.760706,8.98906,6.705006
khanhha_original::noncrack_noncrack_concrete_wall_63_1.jpg.jpg,neutral,khanhha,0.0,7.150275,9.08236,7.9556184
khanhha_original::noncrack_noncrack_concrete_wall_65_0.jpg.jpg,neutral,khanhha,0.0,7.252143,8.971204,7.9380865
khanhha_original::noncrack_noncrack_concrete_wall_65_10.jpg.jpg,neutral,khanhha,0.0,7.2576084,9.030768,8.020021
khanhha_original::noncrack_noncrack_concrete_wall_66_1.jpg.jpg,neutral,khanhha,0.0,6.4232564,9.060766,6.8196087
khanhha_original::noncrack_noncrack_concrete_wall_66_10.jpg.jpg,neutral,khanhha,0.0,6.4430957,9.055693,6.801378
khanhha_original::noncrack_noncrack_concrete_wall_66_21.jpg.jpg,neutral,khanhha,0.0,6.4421415,9.048817,6.792042
khanhha_original::noncrack_noncrack_concrete_wall_66_8.jpg.jpg,neutral,khanhha,0.0,6.436078,9.054315,6.782942
khanhha_original::noncrack_noncrack_concrete_wall_67_1.jpg.jpg,neutral,khanhha,0.0,-3.410706,4.670361,7.559348
khanhha_original::noncrack_noncrack_concrete_wall_67_2.jpg.jpg,neutral,khanhha,0.0,-3.4408941,4.6423903,7.619939
khanhha_original::noncrack_noncrack_concrete_wall_68_0.jpg.jpg,neutral,khanhha,0.0,7.515809,8.970493,8.063967
khanhha_original::noncrack_noncrack_concrete_wall_68_1.jpg.jpg,neutral,khanhha,0.0,7.5423927,8.966783,8.045642
khanhha_original::noncrack_noncrack_concrete_wall_69_6.jpg.jpg,neutral,khanhha,0.0,-2.847542,4.5494776,6.6919045
khanhha_original::noncrack_noncrack_concrete_wall_6_0.jpg.jpg,neutral,khanhha,0.0,6.500063,9.1107025,7.0645914
khanhha_original::noncrack_noncrack_concrete_wall_70_3.jpg.jpg,neutral,khanhha,0.0,6.373052,9.504859,7.169535
khanhha_original::noncrack_noncrack_concrete_wall_72_0.jpg.jpg,neutral,khanhha,0.0,7.1354704,9.171729,7.5924273
khanhha_original::noncrack_noncrack_concrete_wall_73_1.jpg.jpg,neutral,khanhha,0.0,6.401545,9.512627,7.1730666
khanhha_original::noncrack_noncrack_concrete_wall_73_2.jpg.jpg,neutral,khanhha,0.0,6.3997293,9.505773,7.175853
khanhha_original::noncrack_noncrack_concrete_wall_73_4.jpg.jpg,neutral,khanhha,0.0,6.402488,9.506574,7.1675425
khanhha_original::noncrack_noncrack_concrete_wall_74_10.jpg.jpg,neutral,khanhha,0.0,4.2452044,9.249267,3.6816516
khanhha_original::noncrack_noncrack_concrete_wall_75_0.jpg.jpg,neutral,khanhha,0.0,6.371096,9.038223,7.144743
khanhha_original::noncrack_noncrack_concrete_wall_75_18.jpg.jpg,neutral,khanhha,0.0,6.3762913,9.02539,7.143716
khanhha_original::noncrack_noncrack_concrete_wall_75_24.jpg.jpg,neutral,khanhha,0.0,6.3721476,9.035634,7.156366
khanhha_original::noncrack_noncrack_concrete_wall_76_1.jpg.jpg,neutral,khanhha,0.0,5.885712,9.783061,4.612903
khanhha_original::noncrack_noncrack_concrete_wall_76_22.jpg.jpg,neutral,khanhha,0.0,5.8658605,9.770004,4.60361
khanhha_original::noncrack_noncrack_concrete_wall_76_30.jpg.jpg,neutral,khanhha,0.0,5.833697,9.742085,4.609142
khanhha_original::noncrack_noncrack_concrete_wall_76_36.jpg.jpg,neutral,khanhha,0.0,5.870934,9.777011,4.6007633
khanhha_original::noncrack_noncrack_concrete_wall_76_38.jpg.jpg,neutral,khanhha,0.0,5.864046,9.768668,4.603237
khanhha_original::noncrack_noncrack_concrete_wall_76_49.jpg.jpg,neutral,khanhha,0.0,5.8820863,9.783162,4.60714
khanhha_original::noncrack_noncrack_concrete_wall_76_5.jpg.jpg,neutral,khanhha,0.0,5.8650455,9.7734995,4.5994596
khanhha_original::noncrack_noncrack_concrete_wall_76_62.jpg.jpg,neutral,khanhha,0.0,5.8492146,9.757382,4.596531
khanhha_original::noncrack_noncrack_concrete_wall_77_1.jpg.jpg,neutral,khanhha,0.0,6.03511,8.69542,7.483844
khanhha_original::noncrack_noncrack_concrete_wall_77_5.jpg.jpg,neutral,khanhha,0.0,6.1331224,8.82918,7.518175
khanhha_original::noncrack_noncrack_concrete_wall_79_2.jpg.jpg,neutral,khanhha,0.0,6.1019526,8.889916,6.4213943
khanhha_original::noncrack_noncrack_concrete_wall_79_6.jpg.jpg,neutral,khanhha,0.0,6.1690764,8.91439,6.4587235
khanhha_original::noncrack_noncrack_concrete_wall_7_0.jpg.jpg,neutral,khanhha,0.0,6.7727785,9.001716,6.8671575
khanhha_original::noncrack_noncrack_concrete_wall_7_1.jpg.jpg,neutral,khanhha,0.0,6.738631,9.058745,6.860089
khanhha_original::noncrack_noncrack_concrete_wall_81_4.jpg.jpg,neutral,khanhha,0.0,6.4126554,8.892401,6.6817265
khanhha_original::noncrack_noncrack_concrete_wall_82_14.jpg.jpg,neutral,khanhha,0.0,7.0758567,10.302962,6.7139306
khanhha_original::noncrack_noncrack_concrete_wall_82_23.jpg.jpg,neutral,khanhha,0.0,7.055848,10.272799,6.7430615
khanhha_original::noncrack_noncrack_concrete_wall_82_24.jpg.jpg,neutral,khanhha,0.0,7.0358033,10.220383,6.773272
khanhha_original::noncrack_noncrack_concrete_wall_82_27.jpg.jpg,neutral,khanhha,0.0,7.039769,10.280025,6.733403
khanhha_original::noncrack_noncrack_concrete_wall_82_32.jpg.jpg,neutral,khanhha,0.0,7.0573783,10.274019,6.7419686
khanhha_original::noncrack_noncrack_concrete_wall_82_4.jpg.jpg,neutral,khanhha,0.0,7.0568104,10.276834,6.739937
khanhha_original::noncrack_noncrack_concrete_wall_82_5.jpg.jpg,neutral,khanhha,0.0,7.0557685,10.270023,6.7451944
khanhha_original::noncrack_noncrack_concrete_wall_83_10.jpg.jpg,neutral,khanhha,0.0,6.4910827,9.237897,5.832563
khanhha_original::noncrack_noncrack_concrete_wall_83_4.jpg.jpg,neutral,khanhha,0.0,6.4899964,9.247119,5.814095
khanhha_original::noncrack_noncrack_concrete_wall_83_9.jpg.jpg,neutral,khanhha,0.0,6.4832363,9.235027,5.8261914
khanhha_original::noncrack_noncrack_concrete_wall_86_1.jpg.jpg,neutral,khanhha,0.0,7.3920665,9.084167,7.753116
khanhha_original::noncrack_noncrack_concrete_wall_86_2.jpg.jpg,neutral,khanhha,0.0,7.4364877,9.073984,7.6570897
khanhha_original::noncrack_noncrack_concrete_wall_88_3.jpg.jpg,neutral,khanhha,0.0,6.7145753,9.167154,6.364245
khanhha_original::noncrack_noncrack_concrete_wall_89_0.jpg.jpg,neutral,khanhha,0.0,6.707805,9.162223,6.4417458
khanhha_original::noncrack_noncrack_concrete_wall_89_1.jpg.jpg,neutral,khanhha,0.0,6.6988626,9.180515,6.36961
khanhha_original::noncrack_noncrack_concrete_wall_91_1.jpg.jpg,neutral,khanhha,0.0,6.5438137,9.000667,7.6322184
khanhha_original::noncrack_noncrack_concrete_wall_92_7.jpg.jpg,neutral,khanhha,0.0,6.3107443,9.155806,6.0106015
khanhha_original::noncrack_noncrack_concrete_wall_93_5.jpg.jpg,neutral,khanhha,0.0,6.9212174,9.123839,7.9674087
khanhha_original::noncrack_noncrack_concrete_wall_94_4.jpg.jpg,neutral,khanhha,0.0,6.3873954,8.988314,6.657623
khanhha_original::noncrack_noncrack_concrete_wall_96_1.jpg.jpg,neutral,khanhha,0.0,7.4098744,9.229219,7.4464035
khanhha_original::noncrack_noncrack_concrete_wall_96_12.jpg.jpg,neutral,khanhha,0.0,7.433418,9.262839,7.503512
khanhha_original::noncrack_noncrack_concrete_wall_96_2.jpg.jpg,neutral,khanhha,0.0,7.397245,9.228438,7.4006896
khanhha_original::noncrack_noncrack_concrete_wall_96_27.jpg.jpg,neutral,khanhha,0.0,7.4407907,9.250151,7.4776134
khanhha_original::noncrack_noncrack_concrete_wall_99_2.jpg.jpg,neutral,khanhha,0.0,7.4849443,9.25482,7.530882
khanhha_original::noncrack_noncrack_concrete_wall_9_14.jpg.jpg,neutral,khanhha,0.0,6.732174,9.363522,7.1059866
khanhha_original::noncrack_noncrack_concrete_wall_9_22.jpg.jpg,neutral,khanhha,0.0,6.754306,9.355697,7.1018786
khanhha_original::noncrack_noncrack_concrete_wall_9_29.jpg.jpg,neutral,khanhha,0.0,6.703655,9.359312,7.054561
khanhha_original::noncrack_noncrack_concrete_wall_9_32.jpg.jpg,neutral,khanhha,0.0,6.7376814,9.350569,7.046353
khanhha_original::noncrack_noncrack_concrete_wall_9_33.jpg.jpg,neutral,khanhha,0.0,6.728139,9.371769,7.094595
khanhha_noisy1::CFD_001.jpg,degraded,khanhha,-0.0384019001609243,5.9338546,5.702915,8.061572
khanhha_noisy1::CFD_007.jpg,degraded,khanhha,-0.0101351309803061,5.939531,5.6652966,8.054551
khanhha_noisy1::CFD_011.jpg,degraded,khanhha,-0.0618403097752478,5.9278855,5.7962995,8.007455
khanhha_noisy1::CFD_013.jpg,degraded,khanhha,-0.047806545345751,6.4311285,5.6491323,8.076694
khanhha_noisy1::CFD_014.jpg,degraded,khanhha,-0.0626052061029639,5.9517655,5.707713,7.9822836
khanhha_noisy1::CFD_019.jpg,neutral,khanhha,-0.000640223105626,6.4383254,5.564186,7.9732203
khanhha_noisy1::CFD_037.jpg,neutral,khanhha,-0.0027395544635014,6.0174346,5.7869887,8.16822
khanhha_noisy1::CFD_040.jpg,degraded,khanhha,-0.0118705651758658,6.08745,6.1088805,8.151232
khanhha_noisy1::CFD_047.jpg,degraded,khanhha,-0.0731250880758224,5.248032,6.792765,8.10946
khanhha_noisy1::CFD_070.jpg,degraded,khanhha,-0.0578688602128089,6.1154113,5.8969293,7.8963776
khanhha_noisy1::CFD_080.jpg,degraded,khanhha,-0.0152530790850462,5.81032,5.9173007,8.196016
khanhha_noisy1::CFD_082.jpg,degraded,khanhha,-0.0102213260864663,6.084312,5.792531,7.8515835
khanhha_noisy1::CFD_084.jpg,neutral,khanhha,-2.245276754164749e-05,6.0609264,5.734013,8.14417
khanhha_noisy1::CFD_088.jpg,neutral,khanhha,0.0014070439911113,6.3004446,5.5276284,8.064139
khanhha_noisy1::CFD_108.jpg,improved,khanhha,0.011744495843348,6.3657584,5.4315457,8.348998
khanhha_noisy1::CFD_109.jpg,neutral,khanhha,-0.0057564689699071,6.31343,5.4680142,8.228924
khanhha_noisy1::CFD_111.jpg,neutral,khanhha,-0.0083893622686725,6.1363688,5.6521044,8.004132
khanhha_noisy1::CFD_118.jpg,improved,khanhha,0.0110076015913551,6.093467,5.7397923,7.913699
khanhha_noisy1::CRACK500_20160222_080933_361_1.jpg,improved,khanhha,0.0227176413565862,6.6259894,5.3256335,8.270314
khanhha_noisy1::CRACK500_20160222_081031_641_361.jpg,degraded,khanhha,-0.045403615588404,8.778425,3.2312546,10.060189
khanhha_noisy1::CRACK500_20160222_081102_1921_721.jpg,degraded,khanhha,-0.0359904018179472,8.197136,4.10408,9.235513
khanhha_noisy1::CRACK500_20160222_081102_1_721.jpg,neutral,khanhha,0.0005793280941923,6.931099,7.390272,7.768434
khanhha_noisy1::CRACK500_20160222_081111_641_361.jpg,degraded,khanhha,-0.0249308549191907,6.313859,5.535735,8.223781
khanhha_noisy1::CRACK500_20160222_081113_1921_721.jpg,improved,khanhha,0.0115607760188717,6.870225,5.349891,8.168869
khanhha_noisy1::CRACK500_20160222_081839_1_721.jpg,neutral,khanhha,0.0066779728082477,8.155099,4.0714183,9.074742
khanhha_noisy1::CRACK500_20160222_081908_641_721.jpg,improved,khanhha,0.0317841096552066,8.097884,4.1390615,9.040613
khanhha_noisy1::CRACK500_20160222_114759_1921_361.jpg,degraded,khanhha,-0.0289234591139507,8.643313,3.66216,9.943314
khanhha_noisy1::CRACK500_20160222_114759_1921_721.jpg,improved,khanhha,0.016305634863671,8.589995,3.723466,10.023424
khanhha_noisy1::CRACK500_20160222_114759_641_361.jpg,neutral,khanhha,0.0041839286757362,8.606596,3.6719077,9.986966
khanhha_noisy1::CRACK500_20160222_115219_1281_721.jpg,improved,khanhha,0.0237642399905054,8.385667,3.794947,9.185575
khanhha_noisy1::CRACK500_20160222_115224_1281_1081.jpg,degraded,khanhha,-0.0129639033166738,8.371293,3.799832,9.126638
khanhha_noisy1::CRACK500_20160222_115224_1281_361.jpg,degraded,khanhha,-0.0189132903091635,8.226028,4.130528,9.453334
khanhha_noisy1::CRACK500_20160222_115305_1281_1081.jpg,degraded,khanhha,-0.0448777399141683,8.328933,3.8410325,9.181247
khanhha_noisy1::CRACK500_20160222_115305_1921_361.jpg,degraded,khanhha,-0.0527168423706491,8.34162,3.8217614,9.127554
khanhha_noisy1::CRACK500_20160222_115305_641_1.jpg,neutral,khanhha,-0.0027788579374057,8.311729,3.8768635,9.104655
khanhha_noisy1::CRACK500_20160222_115305_641_721.jpg,degraded,khanhha,-0.0163162124146213,8.363091,3.8105524,9.142438
khanhha_noisy1::CRACK500_20160222_115324_1281_721.jpg,improved,khanhha,0.0327767467181371,8.502783,3.597111,9.047925
khanhha_noisy1::CRACK500_20160222_115324_641_1081.jpg,improved,khanhha,0.0807666194235851,8.442701,3.7425017,9.158325
khanhha_noisy1::CRACK500_20160222_115519_641_721.jpg,improved,khanhha,0.0246219288310619,8.274339,4.642446,10.032428
khanhha_noisy1::CRACK500_20160222_115828_641_1.jpg,degraded,khanhha,-0.5848158356301679,8.264616,4.6305485,10.017334
khanhha_noisy1::CRACK500_20160222_115833_1921_1081.jpg,degraded,khanhha,-0.0398273872914447,8.272591,4.64595,10.034902
khanhha_noisy1::CRACK500_20160222_115833_641_361.jpg,degraded,khanhha,-0.0777799550068938,8.259491,4.6555066,10.033088
khanhha_noisy1::CRACK500_20160222_115843_1281_361.jpg,improved,khanhha,0.0283301131124578,8.273628,4.660805,10.047074
khanhha_noisy1::CRACK500_20160222_115847_1281_361.jpg,degraded,khanhha,-0.0986214209968186,8.2886505,4.618175,10.021523
khanhha_noisy1::CRACK500_20160222_115847_641_361.jpg,neutral,khanhha,0.0,8.284766,4.637379,10.024348
khanhha_noisy1::CRACK500_20160222_163940_1281_1081.jpg,neutral,khanhha,-0.0069448192970523,8.535346,3.7646554,9.400827
khanhha_noisy1::CRACK500_20160222_163940_1_1081.jpg,improved,khanhha,0.0374149368288594,8.302908,4.0923824,9.938436
khanhha_noisy1::CRACK500_20160222_163940_1_361.jpg,improved,khanhha,0.0184063753818139,8.331519,4.0457816,9.936632
khanhha_noisy1::CRACK500_20160222_163940_641_1081.jpg,degraded,khanhha,-0.0106543458964338,8.329122,4.0312905,9.764919
khanhha_noisy1::CRACK500_20160222_164141_1281_1.jpg,improved,khanhha,0.0258569120416781,8.244972,4.1562138,9.895448
khanhha_noisy1::CRACK500_20160222_164141_1921_721.jpg,neutral,khanhha,-0.0052143515515318,8.16108,4.291938,9.8368635
khanhha_noisy1::CRACK500_20160222_164141_1_1081.jpg,neutral,khanhha,0.0060984090641617,8.204618,4.110263,9.283773
khanhha_noisy1::CRACK500_20160222_164822_1281_1.jpg,neutral,khanhha,0.0014449852950843,8.386912,3.7513657,8.6341915
khanhha_noisy1::CRACK500_20160222_164822_641_1.jpg,degraded,khanhha,-0.0800934101360096,8.412066,3.760636,8.930813
khanhha_noisy1::CRACK500_20160222_164822_641_361.jpg,degraded,khanhha,-0.042868717051604,8.41639,3.73743,8.865966
khanhha_noisy1::CRACK500_20160222_164825_641_721.jpg,degraded,khanhha,-0.0585978308242862,8.27901,4.002168,9.373263
khanhha_noisy1::CRACK500_20160222_164851_641_1081.jpg,degraded,khanhha,-0.0256019984592457,8.423482,3.806832,9.132769
khanhha_noisy1::CRACK500_20160222_164936_641_361.jpg,degraded,khanhha,-0.0308236484477106,8.625717,3.6889725,9.284613
khanhha_noisy1::CRACK500_20160222_165037_1921_361.jpg,degraded,khanhha,-0.0333487422837588,8.314263,3.9173102,8.989857
khanhha_noisy1::CRACK500_20160222_165037_1_361.jpg,degraded,khanhha,-0.0171941850948652,8.32128,4.055478,9.615288
khanhha_noisy1::CRACK500_20160222_165037_641_361.jpg,degraded,khanhha,-0.018877954940391,8.375133,3.9144006,9.293612
khanhha_noisy1::CRACK500_20160222_165218_641_1.jpg,degraded,khanhha,-0.062439951756986,8.278312,3.896365,8.697683
khanhha_noisy1::CRACK500_20160222_165225_1281_721.jpg,improved,khanhha,0.014138956793214,8.306078,3.852273,8.600073
khanhha_noisy1::CRACK500_20160222_165256_1281_1.jpg,degraded,khanhha,-0.2725778102689334,8.310439,3.8360367,8.390753
khanhha_noisy1::CRACK500_20160222_165256_1281_721.jpg,neutral,khanhha,-0.0099035976791786,8.391237,3.8484735,9.098961
khanhha_noisy1::CRACK500_20160222_165256_641_1.jpg,degraded,khanhha,-0.069490414540641,8.342599,3.8302057,8.744805
khanhha_noisy1::CRACK500_20160222_165715_1921_721.jpg,improved,khanhha,0.0359315092379576,8.396349,3.8376057,9.012363
khanhha_noisy1::CRACK500_20160222_165909_1281_1081.jpg,degraded,khanhha,-0.0403985004376736,8.32899,3.8594928,8.774579
khanhha_noisy1::CRACK500_20160222_165919_1_721.jpg,improved,khanhha,0.1223393972200205,8.412509,3.7435203,8.781374
khanhha_noisy1::CRACK500_20160222_165926_1281_721.jpg,neutral,khanhha,-0.0010418036781341,8.340211,3.8861847,9.0564165
khanhha_noisy1::CRACK500_20160222_165947_1921_721.jpg,degraded,khanhha,-0.0423907237824825,8.297593,3.912999,9.018333
khanhha_noisy1::CRACK500_20160222_165951_1921_1.jpg,neutral,khanhha,0.0039646790118994,8.047673,4.188362,8.974064
khanhha_noisy1::CRACK500_20160225_114503_1_361.jpg,degraded,khanhha,-0.032711508486099,8.3134985,3.9529688,9.298807
khanhha_noisy1::CRACK500_20160225_114514_721_1281.jpg,improved,khanhha,0.0125645615896017,8.449473,3.7947264,9.612625
khanhha_noisy1::CRACK500_20160225_114514_721_641.jpg,neutral,khanhha,0.0090529747787688,8.5068,3.7864904,9.836579
khanhha_noisy1::CRACK500_20160225_114535_1281_1081.jpg,neutral,khanhha,0.0023082762208107,8.516545,3.7850776,9.294432
khanhha_noisy1::CRACK500_20160225_114535_1921_1081.jpg,degraded,khanhha,-0.0173221226266821,8.60234,3.7353988,9.451161
khanhha_noisy1::CRACK500_20160225_114535_1_1.jpg,degraded,khanhha,-0.0255350784177978,8.6957035,3.4797173,9.070717
khanhha_noisy1::CRACK500_20160302_155848_1281_361.jpg,degraded,khanhha,-0.0267932678326459,8.839098,3.025181,9.935396
khanhha_noisy1::CRACK500_20160302_155848_1921_361.jpg,degraded,khanhha,-0.0517058777323229,8.924262,2.9863555,10.2245035
khanhha_noisy1::CRACK500_20160302_155848_641_721.jpg,neutral,khanhha,-0.0094367429621101,8.728579,3.160945,9.956077
khanhha_noisy1::CRACK500_20160302_155857_1281_1.jpg,improved,khanhha,0.0651084307866164,8.879503,3.0117195,9.768083
khanhha_noisy1::CRACK500_20160302_155857_1_721.jpg,degraded,khanhha,-0.0215152720442289,8.980743,2.937021,10.10575
khanhha_noisy1::CRACK500_20160302_155914_1081_641.jpg,improved,khanhha,0.0358323773533976,8.805983,3.010376,9.338582
khanhha_noisy1::CRACK500_20160302_155919_1281_721.jpg,degraded,khanhha,-0.0234908558995619,8.625523,2.999457,9.205864
khanhha_noisy1::CRACK500_20160302_155919_641_1.jpg,improved,khanhha,0.1014262507983122,9.227994,2.8750412,9.7905445
khanhha_noisy1::CRACK500_20160302_155919_641_1081.jpg,neutral,khanhha,-0.0053899589425778,9.044747,2.9386964,9.912126
khanhha_noisy1::CRACK500_20160302_155925_1281_361.jpg,degraded,khanhha,-0.0213684975995215,9.101427,2.7408442,10.384705
khanhha_noisy1::CRACK500_20160302_155925_641_361.jpg,degraded,khanhha,-0.0801453591337189,8.874257,3.0226605,9.45324
khanhha_noisy1::CRACK500_20160302_160033_641_361.jpg,improved,khanhha,0.078304837009724,9.018893,3.092344,9.776846
khanhha_noisy1::CRACK500_20160303_091830_361_1281.jpg,degraded,khanhha,-0.0188790068799302,9.089687,2.777996,10.2561865
khanhha_noisy1::CRACK500_20160303_092627_641_721.jpg,degraded,khanhha,-0.034530284200285,8.99706,3.0310671,9.531012
khanhha_noisy1::CRACK500_20160303_092806_1281_721.jpg,degraded,khanhha,-0.0726888725669726,8.427887,3.6862075,8.996493
khanhha_noisy1::CRACK500_20160303_092806_1_721.jpg,degraded,khanhha,-0.0190447588698906,8.454616,3.679298,8.890473
khanhha_noisy1::CRACK500_20160303_092839_1281_361.jpg,degraded,khanhha,-0.0117809977461421,8.413523,3.7410338,9.06584
khanhha_noisy1::CRACK500_20160303_092839_1281_721.jpg,improved,khanhha,0.0272517437032601,8.332153,3.8368597,9.282496
khanhha_noisy1::CRACK500_20160303_092839_641_721.jpg,neutral,khanhha,0.001279559582709,8.318333,3.8350058,9.251685
khanhha_noisy1::CRACK500_20160303_093353_1921_361.jpg,improved,khanhha,0.1070848773929089,8.735493,3.5645466,9.782462
khanhha_noisy1::CRACK500_20160303_093353_1921_721.jpg,neutral,khanhha,0.0032553653243307,8.983068,3.3592155,9.423675
khanhha_noisy1::CRACK500_20160303_093400_641_1.jpg,improved,khanhha,0.0411949274247865,8.585118,3.6604283,9.243324
khanhha_noisy1::CRACK500_20160303_093400_641_721.jpg,neutral,khanhha,-0.0090850627750486,8.883327,3.2884781,10.050992
khanhha_noisy1::CRACK500_20160303_093527_1281_361.jpg,improved,khanhha,0.0887286282160425,9.060859,2.9131954,10.322239
khanhha_noisy1::CRACK500_20160303_093537_1921_1081.jpg,improved,khanhha,0.0243685789717317,9.082716,2.9676874,10.102644
khanhha_noisy1::CRACK500_20160306_103613_1_721.jpg,improved,khanhha,0.153407588870274,9.039171,3.1038628,9.4735775
khanhha_noisy1::CRACK500_20160306_103638_1921_1081.jpg,degraded,khanhha,-0.024846846630571,9.071209,3.084535,9.501437
khanhha_noisy1::CRACK500_20160306_103638_1_361.jpg,degraded,khanhha,-0.0697282590334059,9.016574,3.1477027,9.441244
khanhha_noisy1::CRACK500_20160306_103657_1921_721.jpg,degraded,khanhha,-0.0722954076597326,8.979294,3.0578897,10.159231
khanhha_noisy1::CRACK500_20160306_103657_641_721.jpg,degraded,khanhha,-0.0157338072919795,9.002865,3.0546048,10.092551
khanhha_noisy1::CRACK500_20160306_103816_1_721.jpg,improved,khanhha,0.0791371788976265,9.020374,3.112036,10.090413
khanhha_noisy1::CRACK500_20160306_103830_1921_1081.jpg,improved,khanhha,0.0102015819211935,9.087316,3.129716,9.634304
khanhha_noisy1::CRACK500_20160306_103903_1281_361.jpg,neutral,khanhha,-0.0011377858686995,9.14033,3.087689,9.590695
khanhha_noisy1::CRACK500_20160306_103903_641_361.jpg,improved,khanhha,0.0149476035594826,8.8584175,3.3643456,9.602227
khanhha_noisy1::CRACK500_20160306_104522_1921_361.jpg,degraded,khanhha,-0.0464290899073507,9.0352,3.2496805,9.670515
khanhha_noisy1::CRACK500_20160306_104522_1921_721.jpg,degraded,khanhha,-0.0491866926304243,9.134198,3.1293118,9.564542
khanhha_noisy1::CRACK500_20160306_104522_641_721.jpg,improved,khanhha,0.0296878010823051,9.097499,3.0007062,9.676018
khanhha_noisy1::CRACK500_20160306_104527_1921_721.jpg,improved,khanhha,0.1056156704137182,9.062999,2.9813225,10.287801
khanhha_noisy1::CRACK500_20160306_104527_641_361.jpg,degraded,khanhha,-0.0245921253866562,8.938249,3.1089218,10.1141615
khanhha_noisy1::CRACK500_20160307_143827_1_721.jpg,degraded,khanhha,-0.0117924259200755,8.992345,3.0969777,10.151078
khanhha_noisy1::CRACK500_20160307_144115_1281_1.jpg,degraded,khanhha,-0.0189767580618481,8.841304,3.4894507,9.896378
khanhha_noisy1::CRACK500_20160307_144150_1281_721.jpg,degraded,khanhha,-0.0173481040128686,8.610084,3.2244906,9.545158
khanhha_noisy1::CRACK500_20160307_144150_641_361.jpg,degraded,khanhha,-0.0498467996016535,8.5697775,3.431505,9.3924885
khanhha_noisy1::CRACK500_20160307_144202_1281_361.jpg,degraded,khanhha,-0.0523211856516531,8.722767,3.2031162,9.727688
khanhha_noisy1::CRACK500_20160307_144202_1281_721.jpg,degraded,khanhha,-0.0434997839843647,8.668469,3.2624683,9.567857
khanhha_noisy1::CRACK500_20160307_144842_1281_1.jpg,improved,khanhha,0.2845143580323286,9.190677,2.7789342,10.187626
khanhha_noisy1::CRACK500_20160307_144842_1281_1081.jpg,neutral,khanhha,-0.0029806673369479,9.1664295,2.9257166,10.065666
khanhha_noisy1::CRACK500_20160307_144916_1281_361.jpg,improved,khanhha,0.0453077849725513,9.151648,2.9965415,9.779149
khanhha_noisy1::CRACK500_20160307_144916_1921_721.jpg,neutral,khanhha,-0.0059487867901577,9.0273905,3.0182412,10.2144165
khanhha_noisy1::CRACK500_20160307_144924_1281_361.jpg,neutral,khanhha,0.0060436944901368,9.270462,2.8522587,9.885344
khanhha_noisy1::CRACK500_20160307_144924_641_361.jpg,neutral,khanhha,-0.0098901237558799,9.311932,2.8178847,9.851298
khanhha_noisy1::CRACK500_20160307_144931_1281_1.jpg,degraded,khanhha,-0.0111049067266107,9.0468645,3.1998048,9.896625
khanhha_noisy1::CRACK500_20160307_144931_641_721.jpg,improved,khanhha,0.0233985731630415,9.242722,2.8026624,9.9597
khanhha_noisy1::CRACK500_20160307_145059_1921_361.jpg,neutral,khanhha,-0.0029959823932854,8.154228,4.267958,9.514996
khanhha_noisy1::CRACK500_20160307_145107_1281_721.jpg,improved,khanhha,0.0427583130357982,8.265265,3.958229,9.081486
khanhha_noisy1::CRACK500_20160307_145107_1_1.jpg,improved,khanhha,0.3184577173671546,8.22363,4.0219746,9.09941
khanhha_noisy1::CRACK500_20160307_145259_1921_721.jpg,improved,khanhha,0.015712527827946,8.2051935,4.003188,9.01461
khanhha_noisy1::CRACK500_20160307_145259_1_361.jpg,neutral,khanhha,0.0034457970976395,8.333479,4.0731087,9.752386
khanhha_noisy1::CRACK500_20160307_162438_1921_1081.jpg,degraded,khanhha,-0.0250288134490868,8.432884,3.8822184,9.366149
khanhha_noisy1::CRACK500_20160307_162438_1921_721.jpg,improved,khanhha,0.0388036292322292,8.54165,3.7889402,9.687606
khanhha_noisy1::CRACK500_20160307_163537_1281_721.jpg,improved,khanhha,0.0111640018085206,8.601072,3.4363112,9.161071
khanhha_noisy1::CRACK500_20160307_163537_641_361.jpg,improved,khanhha,0.1606835376021138,8.711464,3.3728824,9.116674
khanhha_noisy1::CRACK500_20160307_163537_641_721.jpg,neutral,khanhha,-0.0065682021560716,8.490079,3.6402664,9.637919
khanhha_noisy1::CRACK500_20160307_163627_641_721.jpg,improved,khanhha,0.0233057065029794,8.934327,3.279202,9.34904
khanhha_noisy1::CRACK500_20160307_163641_1921_361.jpg,improved,khanhha,0.153930091422205,8.875519,3.5151303,9.561566
khanhha_noisy1::CRACK500_20160307_164214_1281_1081.jpg,neutral,khanhha,0.006950360199199,8.161028,4.0746183,9.082346
khanhha_noisy1::CRACK500_20160307_164214_1_721.jpg,degraded,khanhha,-0.0305199249633837,8.448862,3.9112072,9.701864
khanhha_noisy1::CRACK500_20160307_164226_1921_721.jpg,improved,khanhha,0.0161591449832756,8.201384,4.0392714,9.108035
khanhha_noisy1::CRACK500_20160307_164226_1_721.jpg,improved,khanhha,0.0155020814223716,8.568862,3.7377553,9.492496
khanhha_noisy1::CRACK500_20160307_164226_641_721.jpg,neutral,khanhha,0.0043014419033403,8.341521,4.035174,9.849049
khanhha_noisy1::CRACK500_20160307_164301_641_361.jpg,neutral,khanhha,0.0050120905027937,8.45198,3.8962784,9.677892
khanhha_noisy1::CRACK500_20160307_164334_641_1.jpg,degraded,khanhha,-0.0456171052957505,8.544613,4.1076436,9.452241
khanhha_noisy1::CRACK500_20160307_164334_641_361.jpg,degraded,khanhha,-0.0118713893183662,8.569103,3.8182456,9.384999
khanhha_noisy1::CRACK500_20160307_164400_641_1.jpg,neutral,khanhha,-0.0051763823008924,8.456491,3.8207314,9.152743
khanhha_noisy1::CRACK500_20160307_164517_1921_361.jpg,improved,khanhha,0.039299119645265,8.175577,4.0757437,9.074292
khanhha_noisy1::CRACK500_20160308_072824_641_1.jpg,improved,khanhha,0.0106885469888096,9.078361,3.2014406,9.84266
khanhha_noisy1::CRACK500_20160308_072921_1281_1081.jpg,improved,khanhha,0.0154120568387293,9.276037,2.9234536,9.717839
khanhha_noisy1::CRACK500_20160308_072921_1281_361.jpg,degraded,khanhha,-0.1259217349872435,9.141614,3.0687833,9.856534
khanhha_noisy1::CRACK500_20160308_072921_641_1081.jpg,improved,khanhha,0.042909741628871,9.025008,3.1383042,10.124207
khanhha_noisy1::CRACK500_20160308_072921_641_721.jpg,neutral,khanhha,-0.007754277802063,9.053674,3.0420623,9.981629
khanhha_noisy1::CRACK500_20160308_072951_641_721.jpg,improved,khanhha,0.0714585977525703,9.115536,2.9232335,10.378363
khanhha_noisy1::CRACK500_20160308_073014_1281_721.jpg,degraded,khanhha,-0.0533283266577659,8.952122,3.0741096,10.249721
khanhha_noisy1::CRACK500_20160308_073245_1_361.jpg,neutral,khanhha,0.0063575159900053,8.537608,3.8652108,9.852845
khanhha_noisy1::CRACK500_20160308_073245_641_1.jpg,degraded,khanhha,-0.0308655275847584,8.941755,3.4462824,9.5652895
khanhha_noisy1::CRACK500_20160308_073356_1281_1081.jpg,degraded,khanhha,-0.0184000132252688,8.787892,3.623787,9.680491
khanhha_noisy1::CRACK500_20160308_073356_641_1.jpg,improved,khanhha,0.0782667425038682,8.7965555,3.6153967,9.849171
khanhha_noisy1::CRACK500_20160308_073406_641_721.jpg,neutral,khanhha,-0.0044790872735701,8.778958,3.5885708,9.507625
khanhha_noisy1::CRACK500_20160308_073532_1_361.jpg,degraded,khanhha,-0.0492564049014151,8.754098,3.5725963,9.925833
khanhha_noisy1::CRACK500_20160308_073736_1281_361.jpg,improved,khanhha,0.0188854058636279,9.040713,3.1201136,10.183583
khanhha_noisy1::CRACK500_20160308_073736_641_721.jpg,improved,khanhha,0.0826441126998633,9.110261,3.1092134,9.94854
khanhha_noisy1::CRACK500_20160308_074321_1921_361.jpg,neutral,khanhha,-0.0041970473085585,9.259715,2.952702,9.710304
khanhha_noisy1::CRACK500_20160308_074330_1921_721.jpg,degraded,khanhha,-0.0132159319450604,9.120221,3.0736096,10.323423
khanhha_noisy1::CRACK500_20160308_074702_1281_361.jpg,improved,khanhha,0.2781858582935602,9.077207,2.9236338,10.154123
khanhha_noisy1::CRACK500_20160308_074702_1921_361.jpg,improved,khanhha,0.0230224827311084,9.099803,2.7538264,10.338098
khanhha_noisy1::CRACK500_20160308_074702_641_721.jpg,improved,khanhha,0.0522333066273752,9.097478,3.0053942,10.001317
khanhha_noisy1::CRACK500_20160308_155720_1281_361.jpg,neutral,khanhha,-0.0064504139034531,8.321305,3.8476763,9.199683
khanhha_noisy1::CRACK500_20160308_155720_1_1.jpg,neutral,khanhha,-0.0002666101114023,8.275173,3.9647906,9.33822
khanhha_noisy1::CRACK500_20160308_155720_641_721.jpg,degraded,khanhha,-0.013388340761489,8.258508,3.9819307,9.359337
khanhha_noisy1::CRACK500_20160308_155731_1281_1.jpg,neutral,khanhha,-0.0098289875183015,8.338366,3.834839,9.128245
khanhha_noisy1::CRACK500_20160308_155731_641_1081.jpg,degraded,khanhha,-0.0180760682057953,8.338925,3.794218,9.090058
khanhha_noisy1::CRACK500_20160308_155737_1281_1.jpg,improved,khanhha,0.011799298513259,8.291568,3.876224,9.213779
khanhha_noisy1::CRACK500_20160308_155737_1281_361.jpg,neutral,khanhha,0.0042624201091683,8.37837,3.7321181,9.059937
khanhha_noisy1::CRACK500_20160308_155737_1281_721.jpg,neutral,khanhha,-0.0041404781948284,8.397402,3.6915326,9.063375
khanhha_noisy1::CRACK500_20160308_155737_1921_1.jpg,improved,khanhha,0.0528395093730544,8.362106,3.7028775,9.125589
khanhha_noisy1::CRACK500_20160308_155737_1_1081.jpg,improved,khanhha,0.0219579241830001,8.280288,3.89904,9.18335
khanhha_noisy1::CRACK500_20160308_155737_641_721.jpg,neutral,khanhha,-0.0023475167906343,8.545281,3.5708902,9.008403
khanhha_noisy1::CRACK500_20160308_155828_1281_721.jpg,degraded,khanhha,-0.0882608033515166,8.360649,3.8346143,9.096449
khanhha_noisy1::CRACK500_20160308_155836_1921_361.jpg,improved,khanhha,0.0728167010134035,8.82054,3.4593437,9.292159
khanhha_noisy1::CRACK500_20160308_155836_1921_721.jpg,improved,khanhha,0.0918970217473454,8.608352,3.6406274,9.313318
khanhha_noisy1::CRACK500_20160308_160053_1_361.jpg,degraded,khanhha,-0.0624409608147585,8.514273,3.6461847,8.796851
khanhha_noisy1::CRACK500_20160308_160128_641_361.jpg,neutral,khanhha,0.0077228909363474,8.624558,3.7246115,9.414622
khanhha_noisy1::CRACK500_20160308_160128_641_721.jpg,improved,khanhha,0.0209181148793462,8.57219,3.7824707,9.806254
khanhha_noisy1::CRACK500_20160310_114418_641_361.jpg,neutral,khanhha,-5.547084846432848e-05,8.545914,3.7748137,9.587392
khanhha_noisy1::CRACK500_20160310_114441_641_1.jpg,degraded,khanhha,-0.0314090301606357,8.548943,3.7886746,9.735148
khanhha_noisy1::CRACK500_20160310_114441_641_1081.jpg,improved,khanhha,0.0466361361475815,8.821189,3.4322343,9.993289
khanhha_noisy1::CRACK500_20160310_114446_641_1081.jpg,neutral,khanhha,0.0095605169519137,8.644638,3.6751435,9.572658
khanhha_noisy1::CRACK500_20160310_114505_641_361.jpg,degraded,khanhha,-0.0402818802163732,8.592139,3.7578547,9.79611
khanhha_noisy1::CRACK500_20160310_114658_641_721.jpg,degraded,khanhha,-0.0239644843259531,8.6643,3.6546385,9.634148
khanhha_noisy1::CRACK500_20160316_141721_1_721.jpg,degraded,khanhha,-0.0366239608311829,8.548766,3.7685053,9.8460045
khanhha_noisy1::CRACK500_20160316_141721_641_721.jpg,neutral,khanhha,-0.0032446849279258,8.472996,3.8114219,9.61976
khanhha_noisy1::CRACK500_20160316_142009_1281_361.jpg,neutral,khanhha,0.0084366161925508,8.781864,3.5005383,9.890375
khanhha_noisy1::CRACK500_20160316_142009_1281_721.jpg,degraded,khanhha,-0.0295493655061752,8.854485,3.405115,9.396454
khanhha_noisy1::CRACK500_20160316_142027_1281_721.jpg,improved,khanhha,0.1586741606705072,8.838089,3.3993886,9.47503
khanhha_noisy1::CRACK500_20160316_142449_1_361.jpg,improved,khanhha,0.076682383915874,8.799426,3.501579,9.943104
khanhha_noisy1::CRACK500_20160316_142539_1_721.jpg,improved,khanhha,0.150585479902816,8.993103,3.1994338,9.471184
khanhha_noisy1::CRACK500_20160316_143433_641_361.jpg,neutral,khanhha,-0.0099164426197275,9.014097,3.050063,10.163902
khanhha_noisy1::CRACK500_20160316_143445_1281_361.jpg,neutral,khanhha,-0.0015350343985524,8.974962,3.0838287,10.15034
khanhha_noisy1::CRACK500_20160316_143527_641_1.jpg,degraded,khanhha,-0.0525551768651468,9.067707,3.0387974,10.137436
khanhha_noisy1::CRACK500_20160316_143547_1281_1081.jpg,neutral,khanhha,0.0062819274814012,9.307661,2.8714147,9.745224
khanhha_noisy1::CRACK500_20160316_143603_1921_361.jpg,degraded,khanhha,-0.0337684708955657,9.008943,2.970412,10.150609
khanhha_noisy1::CRACK500_20160316_143624_1_641.jpg,degraded,khanhha,-0.021836259389201,9.066827,2.7911546,10.346658
khanhha_noisy1::CRACK500_20160316_143629_1281_721.jpg,degraded,khanhha,-0.057324688770022,9.286588,2.8724496,9.744447
khanhha_noisy1::CRACK500_20160316_143629_1921_721.jpg,improved,khanhha,0.1071292327191703,9.272273,2.89816,9.736145
khanhha_noisy1::CRACK500_20160316_144203_1281_721.jpg,neutral,khanhha,-0.0017273485110823,8.530094,3.857201,10.246005
khanhha_noisy1::CRACK500_20160316_144212_1921_721.jpg,neutral,khanhha,-0.0016069647095038,9.166255,3.063316,9.593187
khanhha_noisy1::CRACK500_20160316_144212_641_721.jpg,neutral,khanhha,-0.009796507990066,9.027535,3.0177743,10.215499
khanhha_noisy1::CRACK500_20160316_144230_641_1.jpg,neutral,khanhha,-0.0070496209066855,9.050009,3.1070323,10.069283
khanhha_noisy1::CRACK500_20160316_144241_641_361.jpg,degraded,khanhha,-0.0110414956627107,8.941498,3.40328,9.944614
khanhha_noisy1::CRACK500_20160316_144431_641_1081.jpg,degraded,khanhha,-0.0123311561847966,8.5588,3.7702298,10.077853
khanhha_noisy1::CRACK500_20160316_183217_1281_1.jpg,degraded,khanhha,-0.020736686515837,8.781472,3.6114318,9.806508
khanhha_noisy1::CRACK500_20160318_084343_1281_361.jpg,degraded,khanhha,-0.1059033247793107,9.107362,2.760275,10.427394
khanhha_noisy1::CRACK500_20160318_181602_1281_361.jpg,degraded,khanhha,-0.0121210043280883,9.031382,2.9192069,10.300759
khanhha_noisy1::CRACK500_20160318_181627_1_721.jpg,improved,khanhha,0.0162738803282685,9.039902,2.9414637,10.263306
khanhha_noisy1::CRACK500_20160318_181632_1_1.jpg,neutral,khanhha,-0.0046258709013564,8.966084,3.0672016,10.224244
khanhha_noisy1::CRACK500_20160318_181632_1_361.jpg,neutral,khanhha,-0.0017678755996513,9.259963,2.8784468,9.749473
khanhha_noisy1::CRACK500_20160318_181632_641_1.jpg,improved,khanhha,0.115190192792279,9.339863,2.7998152,9.783415
khanhha_noisy1::CRACK500_20160321_183951_1_361.jpg,improved,khanhha,0.0312901532031199,8.767511,3.4823346,9.968889
khanhha_noisy1::CRACK500_20160321_185457_1281_1.jpg,neutral,khanhha,0.0014351935314547,9.246686,2.865573,10.172182
khanhha_noisy1::CRACK500_20160321_185457_1921_1.jpg,degraded,khanhha,-0.0149357491412884,9.255782,2.9236612,10.064486
khanhha_noisy1::CRACK500_20160321_185518_1921_721.jpg,degraded,khanhha,-0.0208111885846051,9.202009,2.893737,10.3329315
khanhha_noisy1::CRACK500_20160321_185518_1_721.jpg,improved,khanhha,0.0448661744914739,9.247224,2.9216325,10.074522
khanhha_noisy1::CRACK500_20160321_185534_1281_721.jpg,neutral,khanhha,0.0055774766264371,9.165942,3.0203862,10.261637
khanhha_noisy1::CRACK500_20160321_185557_1_361.jpg,degraded,khanhha,-0.0783813511896721,9.2520075,2.9965534,10.09233
khanhha_noisy1::CRACK500_20160321_185557_641_721.jpg,improved,khanhha,0.0654406650468442,9.174015,3.0074284,10.279234
khanhha_noisy1::CRACK500_20160321_185637_1_1081.jpg,improved,khanhha,0.0989222470269076,9.180859,2.8795488,10.36419
khanhha_noisy1::CRACK500_20160324_165857_1281_361.jpg,degraded,khanhha,-0.0102046023362636,8.460572,3.5883732,9.576598
khanhha_noisy1::CRACK500_20160324_165857_641_361.jpg,improved,khanhha,0.0231297955510761,8.383354,3.7286766,9.596158
khanhha_noisy1::CRACK500_20160324_170309_641_1.jpg,improved,khanhha,0.0379404641734032,8.675607,3.688169,9.389382
khanhha_noisy1::CRACK500_20160324_170309_641_361.jpg,neutral,khanhha,0.0034573087160104,8.491048,3.8130252,9.213876
khanhha_noisy1::CRACK500_20160324_170309_641_721.jpg,improved,khanhha,0.052089177138809,8.562258,3.7484987,9.238955
khanhha_noisy1::CRACK500_20160324_170323_1_721.jpg,improved,khanhha,0.0317044206351988,8.282836,3.9553788,9.189972
khanhha_noisy1::CRACK500_20160324_170347_1281_361.jpg,neutral,khanhha,-0.0005216941824406,8.332883,3.9392054,9.216933
khanhha_noisy1::CRACK500_20160324_170347_1281_721.jpg,improved,khanhha,0.0169839560961732,8.448477,3.8205416,9.27129
khanhha_noisy1::CRACK500_20160324_170542_1_721.jpg,degraded,khanhha,-0.0432663128445049,8.713646,3.0536218,9.269371
khanhha_noisy1::CRACK500_20160325_185829_641_361.jpg,degraded,khanhha,-0.0948385643147992,8.941708,3.4649794,9.51452
khanhha_noisy1::CRACK500_20160326_141812_1281_721.jpg,improved,khanhha,0.1673306124449709,8.925547,3.3527303,9.686565
khanhha_noisy1::CRACK500_20160326_141812_1921_721.jpg,improved,khanhha,0.4954685160375128,9.002588,3.3499787,9.759325
khanhha_noisy1::CRACK500_20160326_142309_1281_721.jpg,degraded,khanhha,-0.0142231996372175,9.031768,3.172718,9.459137
khanhha_noisy1::CRACK500_20160326_142354_641_1081.jpg,neutral,khanhha,0.0,8.820198,3.3351781,9.642066
khanhha_noisy1::CRACK500_20160326_142403_1921_361.jpg,neutral,khanhha,-0.0070489497880453,9.029962,3.1612976,9.44088
khanhha_noisy1::CRACK500_20160326_150104_1921_361.jpg,degraded,khanhha,-0.0512367686974867,9.123397,3.0204253,9.552545
khanhha_noisy1::CRACK500_20160326_150104_1_361.jpg,improved,khanhha,0.0617166839191569,8.830146,3.177787,9.854362
khanhha_noisy1::CRACK500_20160326_162529_641_361.jpg,improved,khanhha,0.0409166209717525,9.039804,2.9723167,10.07148
khanhha_noisy1::CRACK500_20160326_162532_1921_361.jpg,improved,khanhha,0.2092760518980798,9.039047,3.122352,9.63824
khanhha_noisy1::CRACK500_20160326_162532_1_721.jpg,degraded,khanhha,-0.0177940786337561,8.968613,3.0152426,10.186606
khanhha_noisy1::CRACK500_20160326_174634_1921_361.jpg,improved,khanhha,0.5368678106602158,9.0330715,3.079033,9.40289
khanhha_noisy1::CRACK500_20160326_174634_641_721.jpg,improved,khanhha,0.181896332838165,9.0405035,3.052316,9.4650345
khanhha_noisy1::CRACK500_20160328_150820_641_361.jpg,improved,khanhha,0.6971909660017311,8.835817,3.4216626,9.25107
khanhha_noisy1::CRACK500_20160328_150821_1281_361.jpg,neutral,khanhha,0.0086254654069612,8.773498,3.5320258,9.993938
khanhha_noisy1::CRACK500_20160328_150821_1_721.jpg,improved,khanhha,0.0447264377076535,8.833275,3.5361004,9.470758
khanhha_noisy1::CRACK500_20160328_150821_641_361.jpg,improved,khanhha,0.0170117486996624,8.53937,3.8248827,10.02869
khanhha_noisy1::CRACK500_20160328_150827_1281_1081.jpg,neutral,khanhha,0.0047299157741601,8.526304,3.870582,10.03554
khanhha_noisy1::CRACK500_20160328_150927_1281_721.jpg,improved,khanhha,0.0831432209761403,8.634903,3.5462909,9.903234
khanhha_noisy1::CRACK500_20160328_150932_1921_361.jpg,improved,khanhha,0.1110544092072233,8.830373,3.230302,10.024512
khanhha_noisy1::CRACK500_20160328_150932_641_361.jpg,improved,khanhha,0.0665686282398602,8.731854,3.3168252,9.936592
khanhha_noisy1::CRACK500_20160328_150933_1921_361.jpg,improved,khanhha,0.2491141671394482,8.923294,3.1505992,10.092805
khanhha_noisy1::CRACK500_20160328_150940_1281_361.jpg,neutral,khanhha,-0.0001855205799721,8.997323,3.2129195,9.424191
khanhha_noisy1::CRACK500_20160328_150940_1_1081.jpg,neutral,khanhha,0.0003606202668589,8.934668,3.2902968,9.493035
khanhha_noisy1::CRACK500_20160328_150940_641_1081.jpg,neutral,khanhha,0.0,8.993326,3.2022462,9.41537
khanhha_noisy1::CRACK500_20160328_150940_641_361.jpg,improved,khanhha,0.0389987370119187,8.875801,3.477218,9.6503
khanhha_noisy1::CRACK500_20160328_151013_361_1921.jpg,improved,khanhha,0.0754457489602309,9.009359,3.1855319,9.439899
khanhha_noisy1::CRACK500_20160328_151020_641_721.jpg,degraded,khanhha,-0.0107461146578964,8.897869,3.1516976,10.015913
khanhha_noisy1::CRACK500_20160328_151027_1921_1.jpg,degraded,khanhha,-0.0155777577101493,8.561667,3.7720113,9.894675
khanhha_noisy1::CRACK500_20160328_151027_641_361.jpg,degraded,khanhha,-0.0118392248206733,8.428325,3.863791,9.461298
khanhha_noisy1::CRACK500_20160328_151056_1_361.jpg,improved,khanhha,0.0146625300855648,8.517973,3.778312,9.37788
khanhha_noisy1::CRACK500_20160328_151056_641_1081.jpg,improved,khanhha,0.0128497044060349,8.592861,3.6712692,9.368416
khanhha_noisy1::CRACK500_20160328_151057_1281_721.jpg,improved,khanhha,0.0239851357761118,8.53048,3.7944264,9.925404
khanhha_noisy1::CRACK500_20160328_151151_1921_721.jpg,neutral,khanhha,-0.0073249440675002,8.683592,3.7259126,9.640393
khanhha_noisy1::CRACK500_20160328_151151_1_1.jpg,neutral,khanhha,-0.0023592506853621,8.753686,3.6155946,9.835522
khanhha_noisy1::CRACK500_20160328_151151_641_1081.jpg,neutral,khanhha,-0.0036961926856978,8.975444,3.4210584,9.471104
khanhha_noisy1::CRACK500_20160328_151151_641_361.jpg,neutral,khanhha,-0.000395708571486,8.811869,3.5933106,9.53672
khanhha_noisy1::CRACK500_20160328_151201_1281_721.jpg,improved,khanhha,0.0214336534855253,8.5551815,3.80847,10.193731
khanhha_noisy1::CRACK500_20160328_151201_1_1.jpg,degraded,khanhha,-0.0128655437411857,8.705278,3.6135883,10.133058
khanhha_noisy1::CRACK500_20160328_151241_1_1.jpg,neutral,khanhha,0.0040911145877303,9.05811,3.3276997,9.49489
khanhha_noisy1::CRACK500_20160328_151241_641_721.jpg,improved,khanhha,0.0420459259014204,8.72851,3.603094,9.919218
khanhha_noisy1::CRACK500_20160328_151243_1_361.jpg,neutral,khanhha,-0.0067030475029106,8.577392,3.7861173,10.141298
khanhha_noisy1::CRACK500_20160328_151244_1921_1081.jpg,neutral,khanhha,-0.0096600557439285,8.854171,3.5280573,9.422493
khanhha_noisy1::CRACK500_20160328_151244_641_721.jpg,improved,khanhha,0.0101754839748159,8.593889,3.7743676,10.136227
khanhha_noisy1::CRACK500_20160328_151247_641_1.jpg,degraded,khanhha,-0.0313563153883548,8.952039,3.4727798,9.498144
khanhha_noisy1::CRACK500_20160328_151343_1281_1.jpg,degraded,khanhha,-0.0126096338422728,8.882931,3.4561834,9.4054365
khanhha_noisy1::CRACK500_20160328_151343_641_721.jpg,neutral,khanhha,0.002715390827693,8.579822,3.734123,9.891299
khanhha_noisy1::CRACK500_20160328_151355_1281_361.jpg,neutral,khanhha,0.000742656653497,8.490023,3.9106045,10.204857
khanhha_noisy1::CRACK500_20160328_151355_641_721.jpg,neutral,khanhha,0.0059020523327154,8.60492,3.7479346,9.884397
khanhha_noisy1::CRACK500_20160328_151409_1921_1081.jpg,neutral,khanhha,0.0053536710080845,8.591026,3.7986069,9.804583
khanhha_noisy1::CRACK500_20160328_151413_1_361.jpg,degraded,khanhha,-0.014567578280057,8.504593,3.8939178,9.976454
khanhha_noisy1::CRACK500_20160328_151413_641_721.jpg,improved,khanhha,0.0123360052080622,8.658427,3.7024055,9.830267
khanhha_noisy1::CRACK500_20160328_151423_641_1081.jpg,neutral,khanhha,-0.0010334138281212,8.613489,3.7314239,9.845655
khanhha_noisy1::CRACK500_20160328_151504_1_361.jpg,improved,khanhha,0.0350779023528842,8.8068905,3.5510497,9.58339
khanhha_noisy1::CRACK500_20160328_151657_1281_1.jpg,improved,khanhha,0.017338593926775,8.527346,3.699139,9.120042
khanhha_noisy1::CRACK500_20160328_151657_1921_721.jpg,improved,khanhha,0.0485854858548585,8.600887,3.634937,9.26217
khanhha_noisy1::CRACK500_20160328_151657_1_361.jpg,improved,khanhha,0.0231013589904382,8.303495,3.9946458,9.421382
khanhha_noisy1::CRACK500_20160328_151657_641_361.jpg,degraded,khanhha,-0.0129451314988242,8.498673,3.7844443,9.398489
khanhha_noisy1::CRACK500_20160328_151657_641_721.jpg,neutral,khanhha,-0.0006272061716605,8.345849,4.033178,9.858436
khanhha_noisy1::CRACK500_20160328_151728_1921_721.jpg,improved,khanhha,0.0200178604286841,8.985423,3.3600214,9.4594965
khanhha_noisy1::CRACK500_20160328_151808_1281_721.jpg,neutral,khanhha,0.0026505520348194,8.835315,3.5183086,9.363665
khanhha_noisy1::CRACK500_20160328_152022_1921_1.jpg,improved,khanhha,0.0459085919315329,9.053767,3.2695913,9.591066
khanhha_noisy1::CRACK500_20160328_152022_641_721.jpg,improved,khanhha,0.0184179249373562,8.803289,3.5024507,9.783016
khanhha_noisy1::CRACK500_20160328_152305_1921_361.jpg,improved,khanhha,0.3491184113764725,9.033681,3.1371644,9.968591
khanhha_noisy1::CRACK500_20160328_152308_1_361.jpg,neutral,khanhha,-0.0043694314154084,8.881518,3.2143488,10.090968
khanhha_noisy1::CRACK500_20160328_152322_1281_721.jpg,neutral,khanhha,-0.0084815379775865,8.99946,3.2054553,9.445462
khanhha_noisy1::CRACK500_20160328_152322_1_721.jpg,neutral,khanhha,0.0056495975016427,9.030056,3.1149845,9.456313
khanhha_noisy1::CRACK500_20160328_152328_1281_361.jpg,degraded,khanhha,-0.0252146161009164,8.850676,3.2029364,10.233278
khanhha_noisy1::CRACK500_20160328_152328_1921_361.jpg,neutral,khanhha,-0.0061265903075254,8.920723,3.143621,10.070117
khanhha_noisy1::CRACK500_20160328_152328_641_361.jpg,degraded,khanhha,-0.1879680433616755,9.064394,3.1065402,9.507455
khanhha_noisy1::CRACK500_20160328_152511_1921_721.jpg,improved,khanhha,0.4768225989778769,9.126486,3.1943026,9.524265
khanhha_noisy1::CRACK500_20160328_153020_1921_361.jpg,neutral,khanhha,0.0056272269814836,9.092009,3.2078557,9.571434
khanhha_noisy1::CRACK500_20160328_153241_1281_721.jpg,neutral,khanhha,-0.0014096643953001,8.722295,3.3689413,9.936621
khanhha_noisy1::CRACK500_20160328_153327_1_721.jpg,neutral,khanhha,-0.0020632914793211,8.731257,3.5213482,9.919201
khanhha_noisy1::CRACK500_20160328_153357_1281_361.jpg,neutral,khanhha,-0.0071332959102977,8.560409,3.7432592,9.655721
khanhha_noisy1::CRACK500_20160328_153357_641_1.jpg,improved,khanhha,0.0116685308731545,8.726706,3.5834353,9.745532
khanhha_noisy1::CRACK500_20160328_153404_641_721.jpg,neutral,khanhha,-0.0078160832553951,8.487186,3.8064086,9.91097
khanhha_noisy1::CRACK500_20160328_153421_641_1.jpg,neutral,khanhha,0.0064261834698062,8.602354,3.7795339,9.926751
khanhha_noisy1::CRACK500_20160328_153524_641_361.jpg,degraded,khanhha,-0.0102527509559713,8.54538,3.7793822,9.909178
khanhha_noisy1::CRACK500_20160328_153533_1281_1.jpg,neutral,khanhha,-0.0024508297034788,8.641131,3.688107,10.019571
khanhha_noisy1::CRACK500_20160328_153533_1281_721.jpg,neutral,khanhha,0.002934654291144,8.772434,3.5222561,10.052551
khanhha_noisy1::CRACK500_20160328_153533_1_1081.jpg,improved,khanhha,0.0216238715152086,8.530076,3.8069067,10.11431
khanhha_noisy1::CRACK500_20160328_153536_1281_1081.jpg,improved,khanhha,0.0186884118378014,9.144205,3.1642609,9.558775
khanhha_noisy1::CRACK500_20160328_153536_1_1081.jpg,neutral,khanhha,0.0,9.073491,3.2065432,9.528907
khanhha_noisy1::CRACK500_20160328_153536_641_1081.jpg,neutral,khanhha,-0.002740228493376,8.919257,3.286698,10.119108
khanhha_noisy1::CRACK500_20160328_153540_641_361.jpg,neutral,khanhha,0.0018045111462297,8.989024,3.2381186,9.924515
khanhha_noisy1::CRACK500_20160328_153540_641_721.jpg,neutral,khanhha,0.0078501696756631,9.165248,3.0334027,9.594854
khanhha_noisy1::CRACK500_20160328_153544_1_1081.jpg,degraded,khanhha,-0.0232367593830081,8.805737,3.4754376,9.756007
khanhha_noisy1::CRACK500_20160328_153544_1_721.jpg,neutral,khanhha,-0.0052683043914306,8.55748,3.771134,9.982353
khanhha_noisy1::CRACK500_20160328_153548_1281_721.jpg,improved,khanhha,0.0104152453122953,8.61341,3.680927,9.943963
khanhha_noisy1::CRACK500_20160328_153548_1921_721.jpg,improved,khanhha,0.0151021282942165,8.669292,3.6451511,9.788008
khanhha_noisy1::CRACK500_20160328_153553_1281_721.jpg,neutral,khanhha,0.0047812736606854,8.622755,3.7250454,9.766024
khanhha_noisy1::CRACK500_20160328_153556_1_361.jpg,neutral,khanhha,-0.0032008815677593,8.667273,3.6779034,9.669158
khanhha_noisy1::CRACK500_20160328_153559_1281_361.jpg,neutral,khanhha,0.0082613652154295,8.956406,3.353287,9.712499
khanhha_noisy1::CRACK500_20160328_153559_1_361.jpg,degraded,khanhha,-0.0121335545086421,8.526251,3.845423,10.137738
khanhha_noisy1::CRACK500_20160328_153604_1_361.jpg,neutral,khanhha,0.0080624991167274,8.943104,3.2976134,10.052504
khanhha_noisy1::CRACK500_20160328_153604_641_1.jpg,neutral,khanhha,-0.0079778666919007,8.863235,3.4689972,9.959565
khanhha_noisy1::CRACK500_20160328_153604_641_721.jpg,improved,khanhha,0.0291772101977992,8.569394,3.8249786,9.907009
khanhha_noisy1::CRACK500_20160328_153612_1281_1081.jpg,neutral,khanhha,-0.0002299366567389,8.604374,3.732399,9.885413
khanhha_noisy1::CRACK500_20160328_153616_1281_361.jpg,improved,khanhha,0.0131158005946059,8.317907,4.0795727,9.843468
khanhha_noisy1::CRACK500_20160328_153623_1_721.jpg,degraded,khanhha,-0.0195863555609417,8.65639,3.6014612,9.579293
khanhha_noisy1::CRACK500_20160328_153629_1921_361.jpg,neutral,khanhha,-0.0063078796509041,8.3165245,4.10201,9.813141
khanhha_noisy1::CRACK500_20160328_153645_1_361.jpg,improved,khanhha,0.035831854061526,8.834966,3.4115705,10.100048
khanhha_noisy1::CRACK500_20160328_153657_1921_1081.jpg,improved,khanhha,0.0312969407689954,8.911595,3.3706603,9.7596855
khanhha_noisy1::CRACK500_20160328_153702_1281_721.jpg,degraded,khanhha,-0.014172874155381,8.908247,3.361654,9.342535
khanhha_noisy1::CRACK500_20160328_153702_1_1081.jpg,neutral,khanhha,0.0079818514357581,8.598818,3.7505605,9.72987
khanhha_noisy1::CRACK500_20160328_153706_1281_1.jpg,degraded,khanhha,-0.0606533184193234,8.783272,3.4892657,9.331692
khanhha_noisy1::CRACK500_20160328_153706_1281_1081.jpg,degraded,khanhha,-0.0161627241950398,8.596669,3.7618032,9.778959
khanhha_noisy1::CRACK500_20160328_153706_1921_1.jpg,neutral,khanhha,0.009697539645704,8.487514,3.8633838,9.982054
khanhha_noisy1::CRACK500_20160328_153714_1_1.jpg,neutral,khanhha,0.009122103320541,8.35475,4.023401,9.777164
khanhha_noisy1::CRACK500_20160328_153714_1_1081.jpg,improved,khanhha,0.028586372020855,8.758134,3.5483017,9.562628
khanhha_noisy1::CRACK500_20160328_153714_641_721.jpg,degraded,khanhha,-0.0139404504154633,8.545161,3.8006601,9.545852
khanhha_noisy1::CRACK500_20160328_153718_1281_1.jpg,neutral,khanhha,-0.0079796915750094,8.835677,3.4855628,9.777897
khanhha_noisy1::CRACK500_20160328_153718_1921_1.jpg,degraded,khanhha,-0.0120357037090601,8.710128,3.591625,9.647085
khanhha_noisy1::CRACK500_20160328_153724_1_1081.jpg,improved,khanhha,0.0178525447682735,8.981999,3.3622406,9.561713
khanhha_noisy1::CRACK500_20160328_153724_641_721.jpg,degraded,khanhha,-0.0138616349642435,8.56024,3.7681088,9.977819
khanhha_noisy1::CRACK500_20160328_153813_1281_1081.jpg,improved,khanhha,0.024526237113201,8.338793,4.0552287,9.799106
khanhha_noisy1::CRACK500_20160328_153813_1921_1081.jpg,improved,khanhha,0.0644651444887794,8.525366,3.865161,10.217682
khanhha_noisy1::CRACK500_20160328_153821_1_1.jpg,degraded,khanhha,-0.0132185379206376,8.414771,4.0143623,9.846717
khanhha_noisy1::CRACK500_20160328_153829_1921_361.jpg,degraded,khanhha,-0.0178069750790206,8.835935,3.4593854,9.359945
khanhha_noisy1::CRACK500_20160328_153829_641_1.jpg,neutral,khanhha,-0.0007865483678421,8.58467,3.8215942,9.8113
khanhha_noisy1::CRACK500_20160328_153845_1281_721.jpg,degraded,khanhha,-0.0100526026955299,8.588374,3.7765875,9.967392
khanhha_noisy1::CRACK500_20160328_153845_1_361.jpg,degraded,khanhha,-0.017147465884385,8.616965,3.684162,9.514343
khanhha_noisy1::CRACK500_20160328_153845_641_721.jpg,degraded,khanhha,-0.012506287484101,8.525666,3.829815,9.98922
khanhha_noisy1::CRACK500_20160328_153848_1921_1.jpg,neutral,khanhha,0.0023473007258501,9.110623,3.2386959,9.535394
khanhha_noisy1::CRACK500_20160328_153915_1921_721.jpg,neutral,khanhha,-0.0044454560664246,8.532418,3.830829,10.097141
khanhha_noisy1::CRACK500_20160328_153918_1_361.jpg,improved,khanhha,0.0230128162944234,8.499414,3.882052,10.180779
khanhha_noisy1::CRACK500_20160328_153918_1_721.jpg,neutral,khanhha,0.0063370799901566,9.22599,2.9694147,9.670789
khanhha_noisy1::CRACK500_20160328_154011_1921_1.jpg,improved,khanhha,0.0365905334639177,8.822426,3.463371,9.872929
khanhha_noisy1::CRACK500_20160328_154159_1921_1081.jpg,improved,khanhha,0.020315883653212,9.034242,2.926727,10.324571
khanhha_noisy1::CRACK500_20160328_154159_1_361.jpg,neutral,khanhha,-0.006895387130117,8.904722,3.1940556,10.143119
khanhha_noisy1::CRACK500_20160328_154202_1281_1.jpg,neutral,khanhha,0.0062582099419903,9.321601,2.8613565,9.726528
khanhha_noisy1::CRACK500_20160328_154202_1281_1081.jpg,improved,khanhha,0.1239949367404006,9.075877,2.9367476,10.31336
khanhha_noisy1::CRACK500_20160328_154202_1921_361.jpg,improved,khanhha,0.0163485030319606,9.181725,3.0700638,9.619962
khanhha_noisy1::CRACK500_20160328_154202_641_1081.jpg,degraded,khanhha,-0.0185942029340271,8.832574,3.2514696,10.29653
khanhha_noisy1::CRACK500_20160328_154318_1281_361.jpg,degraded,khanhha,-0.0611902478288308,9.245438,2.9230344,9.718658
khanhha_noisy1::CRACK500_20160328_154318_641_1.jpg,neutral,khanhha,-0.0083297709137518,9.137846,2.872919,10.346243
khanhha_noisy1::CRACK500_20160328_154318_641_721.jpg,neutral,khanhha,0.0071090718231952,9.185817,2.8658073,9.8671875
khanhha_noisy1::CRACK500_20160328_154321_1281_1.jpg,degraded,khanhha,-0.0292525480138591,9.319195,2.864993,9.759156
khanhha_noisy1::CRACK500_20160328_154334_641_721.jpg,degraded,khanhha,-0.0283629963548804,9.160554,2.802547,10.38502
khanhha_noisy1::CRACK500_20160328_154352_1281_721.jpg,neutral,khanhha,-0.0013097732544476,9.113892,2.8845122,10.348054
khanhha_noisy1::CRACK500_20160328_154356_1921_721.jpg,improved,khanhha,0.241135626154556,9.176966,2.8296938,10.383643
khanhha_noisy1::CRACK500_20160328_154429_641_721.jpg,degraded,khanhha,-0.0259656914244479,9.072339,2.95844,10.154631
khanhha_noisy1::CRACK500_20160328_154454_1_721.jpg,neutral,khanhha,-0.0020799539532206,9.010717,3.1943064,9.388685
khanhha_noisy1::CRACK500_20160328_154454_721_1.jpg,degraded,khanhha,-0.0142387661206466,8.894542,3.1207967,10.046053
khanhha_noisy1::CRACK500_20160328_154535_1281_721.jpg,improved,khanhha,0.0790756796484519,9.045895,2.909757,10.343959
khanhha_noisy1::CRACK500_20160328_154535_641_721.jpg,improved,khanhha,0.038672405369357,9.22097,2.8400588,9.868733
khanhha_noisy1::CRACK500_20160329_093924_1921_721.jpg,improved,khanhha,0.7538132793037708,9.296239,2.807341,9.8725815
khanhha_noisy1::CRACK500_20160329_094003_641_361.jpg,degraded,khanhha,-0.0679162559254264,9.24715,2.787995,10.078558
khanhha_noisy1::CRACK500_20160329_094010_1281_361.jpg,degraded,khanhha,-0.0579329133025788,9.127271,2.7531404,10.374359
khanhha_noisy1::CRACK500_20160329_094010_1_361.jpg,degraded,khanhha,-0.0636489545694767,9.123275,2.7312868,10.401108
khanhha_noisy1::CRACK500_20160329_094010_641_721.jpg,neutral,khanhha,-0.0061288155287845,9.2483015,2.7725234,9.961568
khanhha_noisy1::CRACK500_20160329_094025_1921_361.jpg,degraded,khanhha,-0.0221966429879583,9.280277,2.716723,10.06669
khanhha_noisy1::CRACK500_20160329_094025_1_721.jpg,neutral,khanhha,0.0073044921049224,9.145054,2.722592,10.378589
khanhha_noisy1::CRACK500_20160329_094055_1_721.jpg,improved,khanhha,0.0139773978155105,9.333103,2.804549,9.8232765
khanhha_noisy1::CRACK500_20160329_094452_1_721.jpg,degraded,khanhha,-0.0586381135134633,9.305473,2.7224498,10.003538
khanhha_noisy1::CRACK500_20160329_094459_1281_1.jpg,improved,khanhha,0.0431833209706389,9.256782,2.7829823,10.234331
khanhha_noisy1::CRACK500_20160329_094459_641_361.jpg,improved,khanhha,0.0224926939771332,9.242715,2.7433176,10.188965
khanhha_noisy1::CRACK500_20160329_094512_1281_1081.jpg,degraded,khanhha,-0.0435889180912743,9.172396,2.8256423,10.38309
khanhha_noisy1::CRACK500_20160329_094512_1281_721.jpg,degraded,khanhha,-0.0207260087119459,9.116069,2.821537,10.408378
khanhha_noisy1::CRACK500_20160329_094512_1921_721.jpg,degraded,khanhha,-0.0505522150177021,9.172172,2.831409,10.385352
khanhha_noisy1::CRACK500_20160329_094527_1_361.jpg,improved,khanhha,0.0616785716760082,9.357202,2.8144982,9.757005
khanhha_noisy1::CRACK500_20160329_101342_1281_721.jpg,degraded,khanhha,-0.0438375448134787,9.202451,2.7935934,10.30991
khanhha_noisy1::CRACK500_20160329_101342_641_721.jpg,neutral,khanhha,0.0046832499780643,9.305769,2.8129404,9.81745
khanhha_noisy1::CRACK500_20160329_101347_1921_721.jpg,neutral,khanhha,-0.0019019136336426,9.138625,2.7968915,10.352903
khanhha_noisy1::CRACK500_20160329_101503_641_721.jpg,degraded,khanhha,-0.0109916080976494,9.092896,2.7744539,10.464887
khanhha_noisy1::CRACK500_20160329_101511_1921_361.jpg,degraded,khanhha,-0.0104150911175623,9.32669,2.7103329,9.998924
khanhha_noisy1::CRACK500_20160329_103609_1281_721.jpg,neutral,khanhha,0.0099637339487297,9.169748,2.8585832,9.974234
khanhha_noisy1::CRACK500_20160329_103609_1921_721.jpg,degraded,khanhha,-0.1082450172718464,9.086383,2.8156724,10.437679
khanhha_noisy1::CRACK500_20160329_103609_1_721.jpg,degraded,khanhha,-0.0402443146583717,9.092572,2.8100083,10.368628
khanhha_noisy1::CRACK500_20160329_103609_641_361.jpg,improved,khanhha,0.046465598629342,9.334086,2.7404962,9.919763
khanhha_noisy1::CRACK500_20160329_103626_1281_721.jpg,improved,khanhha,0.077643505725998,9.195951,2.875203,10.359051
khanhha_noisy1::CRACK500_20160329_103626_641_721.jpg,improved,khanhha,0.193651930436418,9.31231,2.831432,9.944196
khanhha_noisy1::CRACK500_20160329_103800_361_641.jpg,improved,khanhha,0.1962642463662969,9.069131,2.8372166,10.053157
khanhha_noisy1::CRACK500_20160329_103807_721_1281.jpg,neutral,khanhha,-0.0039779460171165,9.137219,2.9538114,9.501865
khanhha_noisy1::CRACK500_20160329_104031_1281_721.jpg,degraded,khanhha,-0.0365702588023351,9.244706,2.801006,10.004163
khanhha_noisy1::CRACK500_20160329_104031_1921_721.jpg,improved,khanhha,0.0296295290224147,9.351232,2.8036323,9.81481
khanhha_noisy1::CRACK500_20160329_104031_641_1081.jpg,improved,khanhha,0.0103413986696809,9.105895,2.9127777,10.314325
khanhha_noisy1::CRACK500_20160329_104035_1921_721.jpg,degraded,khanhha,-0.0305016262262488,9.282667,2.7805305,9.928586
khanhha_noisy1::CRACK500_20160329_104035_641_1.jpg,neutral,khanhha,0.0043614014372271,9.300475,2.850793,9.794965
khanhha_noisy1::CRACK500_20160329_104107_1921_721.jpg,neutral,khanhha,0.0049772133562098,9.005317,2.9626122,10.197837
khanhha_noisy1::CRACK500_20160329_104107_1_721.jpg,improved,khanhha,0.014286993755666,8.973036,3.0658658,10.175394
khanhha_noisy1::CRACK500_20160329_104111_1281_721.jpg,degraded,khanhha,-0.0251756598716791,9.156365,2.8046482,10.4402485
khanhha_noisy1::CRACK500_20160329_104117_1281_361.jpg,neutral,khanhha,-0.003586672876602,9.14025,2.9045184,10.324654
khanhha_noisy1::CRACK500_20160329_104117_1921_361.jpg,degraded,khanhha,-0.0226329195109834,9.115492,3.072255,10.255834
khanhha_noisy1::CRACK500_20160329_104120_1921_721.jpg,degraded,khanhha,-0.0483474578477574,9.2965145,2.848045,9.869025
khanhha_noisy1::CRACK500_20160329_104120_1_361.jpg,improved,khanhha,0.028637404193322,9.315639,2.8367255,9.805162
khanhha_noisy1::CRACK500_20160329_104120_1_721.jpg,neutral,khanhha,-0.0017623675555424,9.164494,2.882353,10.116737
khanhha_noisy1::CRACK500_20160329_104120_641_721.jpg,neutral,khanhha,0.0011402786070607,9.30306,2.7556422,9.926928
khanhha_noisy1::CRACK500_20160329_104152_1_721.jpg,degraded,khanhha,-0.042455407504532,9.237813,2.7495015,10.236822
khanhha_noisy1::CRACK500_20160329_104152_641_721.jpg,degraded,khanhha,-0.033503485648717,9.127548,2.777477,10.381781
khanhha_noisy1::CRACK500_20160329_104205_1921_361.jpg,improved,khanhha,0.2671164095094755,9.2241,2.9938037,9.70647
khanhha_noisy1::CRACK500_20160329_111111_1921_361.jpg,degraded,khanhha,-0.0247760151620795,9.3078,2.8588014,9.819146
khanhha_noisy1::CRACK500_20160329_115529_1_721.jpg,improved,khanhha,0.6845045574830932,9.270596,2.900819,9.869584
khanhha_noisy1::CRACK500_20160329_115531_641_721.jpg,degraded,khanhha,-0.1110578393916777,9.053165,2.9316456,10.285151
khanhha_noisy1::CRACK500_20160330_160957_1921_1081.jpg,neutral,khanhha,-0.009806856879987,8.5587845,3.8115268,10.196299
khanhha_noisy1::CRACK500_20160330_160957_1_721.jpg,neutral,khanhha,-0.0048742830943491,8.728098,3.3038864,9.836793
khanhha_noisy1::CRACK500_20160330_163725_1921_361.jpg,improved,khanhha,0.0184830949592746,7.266583,8.005094,8.508873
khanhha_noisy1::CRACK500_20160330_163725_641_1081.jpg,neutral,khanhha,-0.0029361629702139,6.2998753,5.732901,8.311173
khanhha_noisy1::CRACK500_20160330_163946_641_361.jpg,neutral,khanhha,-0.0014435335759173,8.373974,3.758372,9.640455
khanhha_noisy1::CRACK500_20160330_164743_1_361.jpg,degraded,khanhha,-0.0260016623539481,8.744379,3.1155896,9.752025
khanhha_noisy1::CRACK500_20160330_164743_641_361.jpg,degraded,khanhha,-0.0265475838411985,8.767402,3.0410862,9.458863
khanhha_noisy1::CRACK500_20160330_165325_1921_361.jpg,neutral,khanhha,0.0080512753044665,8.566437,3.7610672,9.974233
khanhha_noisy1::CRACK500_20160330_165325_1921_721.jpg,improved,khanhha,0.0134696610230418,8.616289,3.7093022,9.359547
khanhha_noisy1::CRACK500_20160330_165325_1_721.jpg,improved,khanhha,0.0370867923082737,8.595917,3.7036438,9.978233
khanhha_noisy1::CRACK500_20160330_165333_1921_1081.jpg,neutral,khanhha,0.0,8.8271675,3.4530435,9.286359
khanhha_noisy1::CRACK500_20160330_165333_1_721.jpg,degraded,khanhha,-0.0119019072923016,8.70509,3.4745417,10.013555
khanhha_noisy1::CRACK500_20160330_165644_641_1081.jpg,neutral,khanhha,0.0,9.313774,2.8581467,9.760742
khanhha_noisy1::CRACK500_20160330_170014_641_361.jpg,degraded,khanhha,-0.0188080447752014,8.686528,3.6867614,9.783085
khanhha_noisy1::CRACK500_20160330_170014_641_721.jpg,degraded,khanhha,-0.1380393500914523,8.828292,3.5050154,9.320771
khanhha_noisy1::CRACK500_20160330_170114_1281_361.jpg,improved,khanhha,0.0140184691981731,8.775438,3.491965,9.2232485
khanhha_noisy1::CRACK500_20160330_170114_641_721.jpg,neutral,khanhha,-0.0099364716105543,8.663756,3.55267,9.935856
khanhha_noisy1::CRACK500_20160330_170302_1_721.jpg,degraded,khanhha,-0.0173909520710733,9.122324,2.7022786,10.417331
khanhha_noisy1::CRACK500_20160330_170308_1281_361.jpg,improved,khanhha,0.0113812324003569,9.137241,2.7169514,10.40292
khanhha_noisy1::CRACK500_20160330_170308_1921_1081.jpg,improved,khanhha,0.0903838984452611,9.163115,2.7527404,10.298791
khanhha_noisy1::CRACK500_20160330_170308_1921_361.jpg,neutral,khanhha,0.006447959550566,9.1665125,2.711327,10.312209
khanhha_noisy1::CRACK500_20160330_170308_1921_721.jpg,improved,khanhha,0.0570675895682765,9.170527,2.671126,10.351695
khanhha_noisy1::CRACK500_20160330_170501_1_721.jpg,degraded,khanhha,-0.0159974056910946,8.655819,3.433672,9.857665
khanhha_noisy1::CRACK500_20160330_170504_641_721.jpg,neutral,khanhha,0.0099781051488808,8.647032,3.2760923,9.903819
khanhha_noisy1::CRACK500_20160330_170848_641_361.jpg,degraded,khanhha,-0.1844827586206896,7.315953,8.014831,8.569408
khanhha_noisy1::CRACK500_20160330_172305_1_1081.jpg,improved,khanhha,0.023499745449431,8.69101,3.586679,9.833406
khanhha_noisy1::CRACK500_20160330_172305_1_721.jpg,neutral,khanhha,-0.0022859932674463,8.959696,3.359728,9.5788765
khanhha_noisy1::CRACK500_20160330_172309_1_721.jpg,improved,khanhha,0.0298030916003605,8.70684,3.5919666,9.821755
khanhha_noisy1::CRACK500_20160402_150105_1_1.jpg,neutral,khanhha,-0.000196050973253,8.551144,3.798269,9.749104
khanhha_noisy1::CRACK500_20160402_150110_1281_361.jpg,improved,khanhha,0.0352983336319655,8.75554,3.5844896,9.35807
khanhha_noisy1::CRACK500_20160402_150110_1921_361.jpg,neutral,khanhha,-0.0070463017379509,8.836819,3.5277426,9.4328785
khanhha_noisy1::CRACK500_20160402_150110_641_721.jpg,improved,khanhha,0.0250234713018564,8.493763,3.891912,9.772164
khanhha_noisy1::CRACK500_20160402_150300_1281_721.jpg,neutral,khanhha,0.0096388491403027,8.392655,3.9056964,9.613169
khanhha_noisy1::CRACK500_20160402_150314_641_361.jpg,neutral,khanhha,0.0088120708090068,8.759108,3.5926309,9.470416
khanhha_noisy1::CRACK500_20160402_150317_641_361.jpg,neutral,khanhha,0.0048343411699257,8.84605,3.500313,9.428157
khanhha_noisy1::CRACK500_20160402_150317_641_721.jpg,neutral,khanhha,-0.0006837195577722,8.615885,3.7220519,9.612167
khanhha_noisy1::CRACK500_20160402_150938_641_361.jpg,improved,khanhha,0.013608417080303,8.708386,3.6758745,9.620892
khanhha_noisy1::CRACK500_20160402_150938_641_721.jpg,degraded,khanhha,-0.0105476558743605,8.499797,3.7779644,9.64026
khanhha_noisy1::CRACK500_20160402_151049_641_721.jpg,neutral,khanhha,-0.0058388993294133,8.4847975,3.911729,10.227665
khanhha_noisy1::CRACK500_20160402_151054_1281_361.jpg,neutral,khanhha,-0.0001471573935901,8.803935,3.6292744,9.715772
khanhha_noisy1::CRACK500_20160402_151054_641_721.jpg,improved,khanhha,0.0163871214017496,8.54605,3.8547015,9.910764
khanhha_noisy1::CRACK500_20160402_151837_1921_721.jpg,degraded,khanhha,-0.0377345366615753,8.86282,3.4946241,9.513111
khanhha_noisy1::CRACK500_20160405_171219_1281_721.jpg,improved,khanhha,0.1210513370979523,9.1901455,2.728218,10.209037
khanhha_noisy1::CRACK500_20160405_171219_641_721.jpg,neutral,khanhha,0.0020734481449884,9.330217,2.75285,9.900194
khanhha_noisy1::CRACK500_20160405_171333_1281_361.jpg,neutral,khanhha,0.0,8.911486,3.1389954,9.31673
khanhha_noisy1::CRACK500_20160405_171336_641_361.jpg,neutral,khanhha,0.0028534026439357,8.7511835,3.3424582,9.731493
khanhha_noisy1::CRACK500_20160405_171348_1921_721.jpg,improved,khanhha,0.0399716424038704,9.143616,2.8067057,10.407614
khanhha_noisy1::CRACK500_20160405_171431_641_1.jpg,improved,khanhha,0.0537531411226693,9.186595,2.8347933,10.301498
khanhha_noisy1::CRACK500_20160405_171431_641_361.jpg,improved,khanhha,0.0945160602262406,9.097869,2.7990394,10.436652
khanhha_noisy1::CRACK500_20160405_171453_1281_361.jpg,neutral,khanhha,-0.0091826781802952,9.061749,2.8277414,10.444073
khanhha_noisy1::CRACK500_20160405_171453_1_721.jpg,improved,khanhha,0.3870265669813135,9.199559,2.818138,10.238064
khanhha_noisy1::CRACK500_20160405_171453_641_361.jpg,neutral,khanhha,0.0068632632588522,9.170496,2.847712,10.273368
khanhha_noisy1::CRACK500_20160405_171456_1_361.jpg,neutral,khanhha,0.0074700711722734,9.319483,2.7469168,9.936722
khanhha_noisy1::CRACK500_20160405_171712_1281_1.jpg,degraded,khanhha,-0.0106221821783115,9.303946,2.8704612,9.728685
khanhha_noisy1::CRACK500_20160405_171712_1281_361.jpg,improved,khanhha,0.0893191341964912,9.101534,2.7278252,10.434144
khanhha_noisy1::CRACK500_20160405_171712_1921_1.jpg,improved,khanhha,0.0367847023959629,9.190956,2.7054613,10.311991
khanhha_noisy1::CRACK500_20160405_171716_1921_721.jpg,improved,khanhha,0.0548303423534948,9.093077,2.767093,10.430117
khanhha_noisy1::CRACK500_20160405_171723_1281_361.jpg,improved,khanhha,0.0811431518866286,9.1381035,2.7475362,10.366378
khanhha_noisy1::CRACK500_20160405_172849_1921_1.jpg,neutral,khanhha,-0.0088291118501123,9.206941,2.8081102,9.915657
khanhha_noisy1::CRACK500_20160405_172854_1921_1.jpg,neutral,khanhha,0.0,9.149536,2.949928,9.524547
khanhha_noisy1::CRACK500_20160405_172908_1281_1.jpg,neutral,khanhha,0.0,9.307026,2.8179936,9.915731
khanhha_noisy1::CRACK500_20160407_163125_1_721.jpg,neutral,khanhha,0.0076415550473865,8.340867,3.9375951,9.508148
khanhha_noisy1::CRACK500_20160407_163257_1281_721.jpg,degraded,khanhha,-0.0110773627510593,8.398367,3.8561196,9.235953
khanhha_noisy1::CRACK500_20160407_163257_641_361.jpg,degraded,khanhha,-0.012666411960639,8.328604,3.9010623,9.182208
khanhha_noisy1::CRACK500_20160407_163515_1281_721.jpg,degraded,khanhha,-0.0100465432228505,9.042394,3.1374905,10.135481
khanhha_noisy1::CRACK500_20160407_163515_1_361.jpg,improved,khanhha,0.062399247555271,8.977493,3.2661588,10.184466
khanhha_noisy1::CRACK500_20160407_163522_1921_721.jpg,improved,khanhha,0.1270072875850978,8.780308,3.3717535,9.887049
khanhha_noisy1::CRACK500_20160407_163522_641_721.jpg,degraded,khanhha,-0.0379361304205039,9.005302,3.0713096,9.744903
khanhha_noisy1::CRACK500_20160407_165001_641_1081.jpg,improved,khanhha,0.0323550212164073,8.893761,3.455027,9.336316
khanhha_noisy1::CRACK500_20160407_165009_1281_721.jpg,improved,khanhha,0.0208101696137179,8.403262,3.935296,9.578471
khanhha_noisy1::CRACK500_20160407_165009_1_721.jpg,improved,khanhha,0.0159865735727993,8.949654,3.453636,9.435903
khanhha_noisy1::CRACK500_20160407_165210_1921_721.jpg,neutral,khanhha,-0.0059199704731479,8.344243,3.968909,9.699793
khanhha_noisy1::CRACK500_20160415_191330_1921_361.jpg,degraded,khanhha,-0.0405679502037931,9.055834,3.2935746,9.499473
khanhha_noisy1::CRACK500_20160415_191330_641_721.jpg,improved,khanhha,0.0172144183355071,8.931517,3.1726296,10.133612
khanhha_noisy1::CRACK500_IMG_2931_1297_485.jpg,improved,khanhha,0.0973543066230169,8.699282,3.0107799,9.229545
khanhha_noisy1::CRACK500_IMG_2931_1297_969.jpg,neutral,khanhha,0.0015581526117962,8.615914,3.0367007,9.181132
khanhha_noisy1::CRACK500_IMG_2931_1945_485.jpg,neutral,khanhha,0.007483378654902,8.667025,3.0278845,9.269749
khanhha_noisy1::CRACK500_IMG_2931_1945_969.jpg,neutral,khanhha,0.0039583767437935,8.673623,3.0426013,9.180723
khanhha_noisy1::CRACK500_IMG_2931_1_485.jpg,neutral,khanhha,-0.0018484265284203,8.641699,3.2323558,9.816175
khanhha_noisy1::CRACK500_IMG_2932_1297_969.jpg,neutral,khanhha,-0.0024923867896814,8.631135,3.0028384,9.197228
khanhha_noisy1::CRACK500_IMG_2933_649_969.jpg,improved,khanhha,0.016626967698783,8.65129,3.0119414,9.19986
khanhha_noisy1::CRACK500_IMG_2934_649_969.jpg,improved,khanhha,0.0122923321855781,8.611862,3.0021918,9.203852
khanhha_noisy1::CRACK500_IMG_2935_649_969.jpg,degraded,khanhha,-0.0283932630425852,8.625315,3.0257976,9.206169
khanhha_noisy1::CRACK500_IMG_2937_1297_969.jpg,degraded,khanhha,-0.0198060930234504,8.704583,2.984912,9.230328
khanhha_noisy1::CRACK500_IMG_2938_1297_969.jpg,improved,khanhha,0.0307769248340451,8.920657,3.0502932,9.33867
khanhha_noisy1::CRACK500_IMG_2942_649_485.jpg,degraded,khanhha,-0.0281015274351185,6.970585,5.655259,7.8287754
khanhha_noisy1::DeepCrack_11113.jpg,degraded,khanhha,-0.0737007184972314,6.727947,7.008753,8.305415
khanhha_noisy1::DeepCrack_11114.jpg,degraded,khanhha,-0.0688533034574558,6.724124,7.3574247,8.356878
khanhha_noisy1::DeepCrack_11116-2.jpg,improved,khanhha,0.017255914499293,7.809035,4.9842153,10.30637
khanhha_noisy1::DeepCrack_11116-3.jpg,improved,khanhha,0.0137743576958462,7.869573,4.935238,10.427109
khanhha_noisy1::DeepCrack_11118.jpg,improved,khanhha,0.0244905295483107,7.2638183,6.1078196,9.920844
khanhha_noisy1::DeepCrack_11123.jpg,neutral,khanhha,-0.0013992037260731,7.681989,5.077868,10.186205
khanhha_noisy1::DeepCrack_11125-1.jpg,neutral,khanhha,0.0024150474242329,7.8499866,4.807668,9.90565
khanhha_noisy1::DeepCrack_11134-3.jpg,degraded,khanhha,-0.0219831067265993,7.536572,5.4012055,10.003568
khanhha_noisy1::DeepCrack_11134-4.jpg,neutral,khanhha,0.0052142126685907,7.514054,5.425812,9.978672
khanhha_noisy1::DeepCrack_11134.jpg,improved,khanhha,0.0272987699639792,7.5297594,5.4159555,10.020819
khanhha_noisy1::DeepCrack_11151-2.jpg,improved,khanhha,0.023509972173572,6.4559917,5.43782,8.2852125
khanhha_noisy1::DeepCrack_11153.jpg,neutral,khanhha,0.0005158983275614,6.4017825,5.873383,8.299904
khanhha_noisy1::DeepCrack_11155-1.jpg,neutral,khanhha,-0.001232443146246,7.7654185,5.990562,10.478835
khanhha_noisy1::DeepCrack_11155.jpg,improved,khanhha,0.029843761063845,7.7402844,6.0716825,10.374587
khanhha_noisy1::DeepCrack_11156-1.jpg,neutral,khanhha,0.0011819791326636,7.4078455,5.7695,9.9246025
khanhha_noisy1::DeepCrack_11163-1.jpg,improved,khanhha,0.037995633728428,6.3041334,5.5474143,8.419401
khanhha_noisy1::DeepCrack_11164-2.jpg,neutral,khanhha,-0.006005501398368,8.220717,3.9934921,9.029579
khanhha_noisy1::DeepCrack_11164-4.jpg,degraded,khanhha,-0.0159890261413847,8.2073765,4.001484,8.988634
khanhha_noisy1::DeepCrack_11165-2.jpg,neutral,khanhha,-0.005273392010307,6.256474,5.5217466,8.226955
khanhha_noisy1::DeepCrack_11165.jpg,degraded,khanhha,-0.0377116189250079,6.2690845,5.541484,8.207188
khanhha_noisy1::DeepCrack_11178-3.jpg,improved,khanhha,0.0359534821697747,6.3575253,5.7789025,8.528794
khanhha_noisy1::DeepCrack_11184-1.jpg,improved,khanhha,0.0727392921945895,7.339,5.949167,9.969507
khanhha_noisy1::DeepCrack_11188-2.jpg,neutral,khanhha,-0.0092014553301866,-3.2102978,1.2445544,7.648114
khanhha_noisy1::DeepCrack_11188.jpg,neutral,khanhha,-0.0053537691983907,-3.2139232,1.2692952,7.613115
khanhha_noisy1::DeepCrack_11197-2.jpg,improved,khanhha,0.0191522611514123,6.389735,5.694675,8.561494
khanhha_noisy1::DeepCrack_11197-4.jpg,improved,khanhha,0.0138252108450783,7.553579,5.3386374,9.880622
khanhha_noisy1::DeepCrack_11204.jpg,neutral,khanhha,0.0021857275982682,7.3076797,6.118283,9.91177
khanhha_noisy1::DeepCrack_11215-15.jpg,degraded,khanhha,-0.0108264350394465,7.6444798,5.1736813,10.086882
khanhha_noisy1::DeepCrack_11215-3.jpg,neutral,khanhha,0.001214579988077,7.7189164,5.1400347,10.080717
khanhha_noisy1::DeepCrack_11218-3.jpg,neutral,khanhha,0.0008362823180561,-2.3521898,1.5676607,7.6569614
khanhha_noisy1::DeepCrack_11231-3.jpg,neutral,khanhha,0.0002230782623836,7.59524,5.3097796,10.065218
khanhha_noisy1::DeepCrack_11231-4.jpg,neutral,khanhha,0.0011277252683453,7.6188593,5.289921,10.085323
khanhha_noisy1::DeepCrack_11236-1.jpg,degraded,khanhha,-0.0188918227087011,6.321885,5.6999316,8.462944
khanhha_noisy1::DeepCrack_11236-4.jpg,neutral,khanhha,0.0080073726178213,6.501491,5.6484613,8.676641
khanhha_noisy1::DeepCrack_11240-6.jpg,degraded,khanhha,-0.0161409276750735,8.090059,4.450539,9.795313
khanhha_noisy1::DeepCrack_11240-8.jpg,neutral,khanhha,0.0014634441331209,8.190745,4.240421,9.763758
khanhha_noisy1::DeepCrack_11247-12.jpg,improved,khanhha,0.0162301026742436,5.8156323,5.93082,8.359025
khanhha_noisy1::DeepCrack_11249-4.jpg,neutral,khanhha,-0.0079616602119029,6.747668,5.3679347,8.753361
khanhha_noisy1::DeepCrack_11249-7.jpg,improved,khanhha,0.0101112157445193,6.677818,5.483518,8.783057
khanhha_noisy1::DeepCrack_11266-3.jpg,improved,khanhha,0.0624038577546083,8.212219,4.5772142,9.978524
khanhha_noisy1::DeepCrack_11269-1.jpg,improved,khanhha,0.2437194026151081,6.115214,7.13965,9.66664
khanhha_noisy1::DeepCrack_11270-2.jpg,neutral,khanhha,0.0037091235303806,7.5498214,5.178417,9.722908
khanhha_noisy1::DeepCrack_11271-2.jpg,neutral,khanhha,0.0052689406063604,8.206067,4.624518,10.085325
khanhha_noisy1::DeepCrack_11271-5.jpg,neutral,khanhha,-0.0039710668361157,8.26193,4.4638705,10.035768
khanhha_noisy1::DeepCrack_11286-2.jpg,degraded,khanhha,-0.0109538382770749,6.725278,5.5026484,8.859344
khanhha_noisy1::DeepCrack_11289-9.jpg,improved,khanhha,0.0118291114957723,7.0984507,5.8384004,9.515448
khanhha_noisy1::DeepCrack_11294.jpg,improved,khanhha,0.0322307329101306,7.5789776,5.475489,10.09736
khanhha_noisy1::DeepCrack_11296-18.jpg,degraded,khanhha,-0.0160512527781484,7.7767477,5.7654715,10.379738
khanhha_noisy1::DeepCrack_11296-19.jpg,improved,khanhha,0.0208116306851727,7.6623974,5.984824,10.266494
khanhha_noisy1::DeepCrack_11296-4.jpg,improved,khanhha,0.0120834551722937,7.3726916,6.0128703,10.077407
khanhha_noisy1::DeepCrack_11296-7.jpg,improved,khanhha,0.0213477572685713,7.280991,6.0385137,9.914119
khanhha_noisy1::DeepCrack_11301-6.jpg,degraded,khanhha,-0.0530369137990692,7.5409365,5.498488,10.095246
khanhha_noisy1::DeepCrack_11304.jpg,improved,khanhha,0.0573015437471491,7.273414,6.068843,9.637865
khanhha_noisy1::DeepCrack_7Q3A9060-3.jpg,improved,khanhha,0.0549028791700464,7.5030336,5.933719,11.284298
khanhha_noisy1::DeepCrack_7Q3A9060-9.jpg,neutral,khanhha,-0.0048786690152419,6.9999523,5.8015795,9.152658
khanhha_noisy1::DeepCrack_7Q3A9064-12.jpg,degraded,khanhha,-0.0301031560242556,8.297329,4.2865267,9.932577
khanhha_noisy1::DeepCrack_7Q3A9064-17.jpg,neutral,khanhha,-0.0002100179191877,8.261685,4.291044,9.858364
khanhha_noisy1::DeepCrack_7Q3A9064-19.jpg,neutral,khanhha,-0.0045333282568179,8.2824,4.408223,9.957685
khanhha_noisy1::DeepCrack_7Q3A9064-20.jpg,improved,khanhha,0.0172765071683742,7.709995,5.9962177,11.542648
khanhha_noisy1::DeepCrack_IMG109-1.jpg,improved,khanhha,0.0320179427181787,5.9558535,5.643221,8.135585
khanhha_noisy1::DeepCrack_IMG11-6.jpg,improved,khanhha,0.0172213403536665,6.693487,7.924644,8.664754
khanhha_noisy1::DeepCrack_IMG14-1.jpg,improved,khanhha,0.0338499765724075,6.759063,7.2538614,8.373647
khanhha_noisy1::DeepCrack_IMG14-3.jpg,improved,khanhha,0.0230345244363641,6.7178383,7.1708317,8.358777
khanhha_noisy1::DeepCrack_IMG25-6.jpg,improved,khanhha,0.04775397517333,6.4850087,5.3931246,8.446821
khanhha_noisy1::DeepCrack_IMG27-3.jpg,improved,khanhha,0.1066053184200631,7.290652,5.9331846,10.014787
khanhha_noisy1::DeepCrack_IMG27-7.jpg,improved,khanhha,0.0370901404692393,7.2581744,5.9785323,10.039207
khanhha_noisy1::DeepCrack_IMG27-8.jpg,improved,khanhha,0.0403673140869176,7.257861,5.883783,9.994688
khanhha_noisy1::DeepCrack_IMG27-9.jpg,improved,khanhha,0.039644082836726,7.213112,5.9344277,9.959023
khanhha_noisy1::DeepCrack_IMG33-12.jpg,improved,khanhha,0.0219284577637565,8.11714,4.2545795,9.446402
khanhha_noisy1::DeepCrack_IMG33-16.jpg,degraded,khanhha,-0.0127681522047931,8.036032,4.3474383,9.438006
khanhha_noisy1::DeepCrack_IMG33-9.jpg,neutral,khanhha,0.004412871065391,8.1305065,4.332063,9.611532
khanhha_noisy1::DeepCrack_IMG36-2.jpg,improved,khanhha,0.104642091746324,6.6816125,8.075249,8.624844
khanhha_noisy1::DeepCrack_IMG_6469-2.jpg,improved,khanhha,0.0490845109927513,7.8888764,5.9346027,11.010201
khanhha_noisy1::DeepCrack_IMG_6472-1.jpg,neutral,khanhha,-0.0036663996310052,7.898963,5.4811387,10.699078
khanhha_noisy1::DeepCrack_IMG_6514-3.jpg,neutral,khanhha,-0.0088115582422485,8.065203,4.0960164,8.135979
khanhha_noisy1::DeepCrack_IMG_6516-1.jpg,improved,khanhha,0.0461772556621958,7.5814233,5.3428197,9.980012
khanhha_noisy1::DeepCrack_IMG_6522-1.jpg,degraded,khanhha,-0.0232744362805648,8.148654,4.2759843,9.826468
khanhha_noisy1::DeepCrack_IMG_6537-1.jpg,degraded,khanhha,-0.029002567691894,7.9168344,5.255823,11.354069
khanhha_noisy1::Eugen_Muller_4470_327_315_563_732.jpg,degraded,khanhha,-0.0992614888069053,-2.9663968,3.7146385,6.4709272
khanhha_noisy1::Eugen_Muller_7723_0_0_714_429.jpg,improved,khanhha,0.0219434446880691,4.3917894,7.308876,7.8688006
khanhha_noisy1::Eugen_Muller_8980_79_365_456_521.jpg,neutral,khanhha,-0.0045799535437448,-2.6926858,1.513695,5.0120955
khanhha_noisy1::Eugen_Muller_8980a_123_420_527_438.jpg,improved,khanhha,0.0298871651326336,-2.7084358,1.8604083,5.051287
khanhha_noisy1::Eugen_Muller_8980a_25_22_747_752.jpg,degraded,khanhha,-0.0274475608043034,6.5229435,6.981199,10.31531
khanhha_noisy1::Eugen_Muller_9360_329_209_632_479.jpg,neutral,khanhha,-0.0054689746260515,5.1552777,6.903455,8.001457
khanhha_noisy1::Eugen_Muller_9360_7_26_751_632.jpg,degraded,khanhha,-0.0377259208354256,5.2017517,6.828989,8.008615
khanhha_noisy1::Eugen_Muller_9360_99_556_518_594.jpg,neutral,khanhha,0.0066597682373316,5.2507796,6.906258,7.8682613
khanhha_noisy1::GAPS384_test_0005_541_641.jpg,improved,khanhha,0.1323674638131062,8.190061,3.941262,8.007837
khanhha_noisy1::GAPS384_test_0016_541_1.jpg,degraded,khanhha,-0.0289388865107144,8.172638,3.9546683,7.9230385
khanhha_noisy1::GAPS384_test_0016_541_641.jpg,neutral,khanhha,0.0017039502208889,8.172961,3.9583802,7.9314876
khanhha_noisy1::GAPS384_test_0040_541_1.jpg,degraded,khanhha,-0.263641585295807,8.105209,4.024243,7.8170524
khanhha_noisy1::GAPS384_test_0042_541_1.jpg,improved,khanhha,0.0891501229660541,8.038944,4.1044836,7.7340074
khanhha_noisy1::GAPS384_test_0058_1_1.jpg,improved,khanhha,0.1233541358998249,7.990635,4.1749897,7.7113857
khanhha_noisy1::GAPS384_test_0203_1_1.jpg,degraded,khanhha,-0.0242815446789402,8.096939,4.0230656,7.80519
khanhha_noisy1::GAPS384_test_0203_541_1.jpg,degraded,khanhha,-0.0554701904066521,8.165917,3.9492326,7.881763
khanhha_noisy1::GAPS384_test_0274_541_1.jpg,neutral,khanhha,-0.0085090977371575,8.027312,4.1246557,7.7341375
khanhha_noisy1::GAPS384_train_0423_1_1.jpg,neutral,khanhha,0.0,7.9763646,4.194108,7.6477604
khanhha_noisy1::GAPS384_train_0449_1_1.jpg,degraded,khanhha,-0.0461945437650846,7.8500276,4.4632406,7.7378945
khanhha_noisy1::GAPS384_train_0455_541_1.jpg,degraded,khanhha,-0.0164306339110313,8.029904,4.1217966,7.7148566
khanhha_noisy1::GAPS384_train_0503_541_1.jpg,improved,khanhha,0.0521993064427815,7.9697165,4.2108297,7.6888194
khanhha_noisy1::GAPS384_train_0514_541_1.jpg,degraded,khanhha,-0.066399950444232,7.9627614,4.165253,7.7287993
khanhha_noisy1::GAPS384_train_0516_541_641.jpg,degraded,khanhha,-0.0497733951446035,7.9457474,4.1791043,7.737122
khanhha_noisy1::GAPS384_train_0533_541_1.jpg,neutral,khanhha,-0.0014031083314665,7.96991,4.185448,7.6719666
khanhha_noisy1::GAPS384_train_0538_541_1.jpg,degraded,khanhha,-0.5272500078752482,7.97916,4.1773868,7.700199
khanhha_noisy1::GAPS384_train_0542_1_641.jpg,degraded,khanhha,-0.0102881709087704,6.4967017,9.11681,10.045495
khanhha_noisy1::GAPS384_train_0544_541_1.jpg,degraded,khanhha,-0.0189206526224584,7.9757996,4.1818,7.662641
khanhha_noisy1::GAPS384_train_0552_1_641.jpg,degraded,khanhha,-0.0509373894587902,6.5158777,9.12586,10.032299
khanhha_noisy1::GAPS384_train_0559_541_641.jpg,degraded,khanhha,-0.0468076941054335,8.187085,3.9448218,7.9584007
khanhha_noisy1::GAPS384_train_0597_1_1.jpg,degraded,khanhha,-0.314369995785925,6.502964,9.126219,10.033282
khanhha_noisy1::GAPS384_train_0599_1_1.jpg,neutral,khanhha,-0.0094926350245499,6.527931,9.120816,10.02284
khanhha_noisy1::GAPS384_train_0607_541_641.jpg,neutral,khanhha,-0.0075019717309632,8.012556,4.147118,7.7966585
khanhha_noisy1::GAPS384_train_0608_1_1.jpg,degraded,khanhha,-0.182878683417955,7.8820558,4.3763175,7.718718
khanhha_noisy1::GAPS384_train_0609_541_641.jpg,degraded,khanhha,-0.0134812987184316,8.15157,3.9827003,7.8962784
khanhha_noisy1::GAPS384_train_0641_1_1.jpg,degraded,khanhha,-0.0584577449970055,5.9300394,8.260573,7.4366503
khanhha_noisy1::GAPS384_train_0641_541_641.jpg,degraded,khanhha,-0.0213160755583418,7.9345317,4.1770277,7.690457
khanhha_noisy1::GAPS384_train_0649_1_641.jpg,degraded,khanhha,-0.0706000309641141,7.887291,4.363111,7.7009783
khanhha_noisy1::GAPS384_train_0664_1_1.jpg,improved,khanhha,0.0424310509930981,6.4153113,9.132713,10.1098995
khanhha_noisy1::GAPS384_train_0664_541_641.jpg,improved,khanhha,0.1025192718684773,8.116221,4.0159407,7.824452
khanhha_noisy1::GAPS384_train_0680_541_641.jpg,degraded,khanhha,-0.0372889921986468,7.932709,4.2049375,7.9357843
khanhha_noisy1::GAPS384_train_0681_541_641.jpg,degraded,khanhha,-0.039094981385405,7.9605613,4.1772985,7.900515
khanhha_noisy1::GAPS384_train_0690_541_1.jpg,degraded,khanhha,-0.0522400314915144,7.9960065,4.156861,7.7223034
khanhha_noisy1::GAPS384_train_0695_541_1.jpg,degraded,khanhha,-0.0405506167198487,8.052375,4.0907745,7.782382
khanhha_noisy1::GAPS384_train_0698_1_641.jpg,degraded,khanhha,-0.2004083682739343,6.515591,9.112172,10.042932
khanhha_noisy1::GAPS384_train_0700_1_1.jpg,neutral,khanhha,-0.0024069531336202,6.4545574,9.124124,10.081845
khanhha_noisy1::GAPS384_train_0799_541_1.jpg,degraded,khanhha,-0.0251392422324781,8.09524,4.039836,7.7713647
khanhha_noisy1::GAPS384_train_0809_541_1.jpg,degraded,khanhha,-0.0474567126224843,8.054647,4.0846534,7.761064
khanhha_noisy1::GAPS384_train_0918_1_641.jpg,degraded,khanhha,-0.0302527374336975,7.9198775,4.2905464,7.643545
khanhha_noisy1::GAPS384_train_0922_1_641.jpg,degraded,khanhha,-0.0382360897003248,8.033497,4.112678,7.6829166
khanhha_noisy1::GAPS384_train_0942_541_1.jpg,degraded,khanhha,-0.0361405734091054,8.076545,4.05014,7.654189
khanhha_noisy1::GAPS384_train_0959_1_641.jpg,degraded,khanhha,-0.0107812536087259,8.068265,4.073891,7.770362
khanhha_noisy1::GAPS384_train_0961_1_1.jpg,degraded,khanhha,-0.0464986316156051,8.116517,4.019193,7.8509727
khanhha_noisy1::GAPS384_train_0996_1_641.jpg,degraded,khanhha,-0.052955419068574,8.044351,4.106477,7.740126
khanhha_noisy1::GAPS384_train_1010_541_641.jpg,improved,khanhha,0.0183430483897385,7.996412,4.1714783,7.6732674
khanhha_noisy1::GAPS384_train_1015_1_641.jpg,neutral,khanhha,-0.0054460251125341,7.922388,4.2648726,7.6335273
khanhha_noisy1::GAPS384_train_1028_1_1.jpg,degraded,khanhha,-0.0922526840867465,8.046339,4.120711,7.700469
khanhha_noisy1::GAPS384_train_1048_1_1.jpg,neutral,khanhha,-0.0003314441990464,7.978194,4.1911435,7.698144
khanhha_noisy1::GAPS384_train_1048_541_1.jpg,improved,khanhha,0.0317933743162452,7.96213,4.2342176,7.730092
khanhha_noisy1::GAPS384_train_1085_541_1.jpg,degraded,khanhha,-0.0271479712452357,8.069133,4.068645,7.7895193
khanhha_noisy1::GAPS384_train_1117_1_1.jpg,neutral,khanhha,0.0,6.4573307,9.143519,10.063924
khanhha_noisy1::GAPS384_train_1120_541_641.jpg,improved,khanhha,0.1222485083439005,8.023566,4.113357,8.08066
khanhha_noisy1::GAPS384_train_1124_1_641.jpg,improved,khanhha,0.2029520295202952,6.590667,9.057759,9.982225
khanhha_noisy1::GAPS384_train_1126_541_1.jpg,degraded,khanhha,-0.0310573535479638,8.07157,4.065044,7.7953796
khanhha_noisy1::GAPS384_train_1128_541_1.jpg,degraded,khanhha,-0.0118875036242389,7.939433,4.284995,7.7112865
khanhha_noisy1::GAPS384_train_1171_541_641.jpg,degraded,khanhha,-0.0130573340515605,8.165052,3.9663572,7.934401
khanhha_noisy1::GAPS384_train_1172_541_641.jpg,degraded,khanhha,-0.0489922395027221,8.138515,3.993341,7.891992
khanhha_noisy1::GAPS384_train_1173_541_1.jpg,degraded,khanhha,-0.0460909875345719,8.0489025,4.095609,7.75368
khanhha_noisy1::GAPS384_train_1173_541_641.jpg,degraded,khanhha,-0.0132844903787312,8.164129,3.968019,7.91481
khanhha_noisy1::GAPS384_train_1183_541_1.jpg,neutral,khanhha,-0.0031582472210732,8.029847,4.119407,7.7482886
khanhha_noisy1::GAPS384_train_1187_1_1.jpg,improved,khanhha,0.0293269421636713,6.4755664,9.147423,10.06909
khanhha_noisy1::GAPS384_train_1218_541_1.jpg,degraded,khanhha,-0.0192356657489775,8.115914,4.014306,7.8078294
khanhha_noisy1::GAPS384_train_1238_1_1.jpg,improved,khanhha,0.0192235267033771,8.079453,4.0550137,7.7127614
khanhha_noisy1::GAPS384_train_1247_541_1.jpg,neutral,khanhha,0.0047898386407703,8.185124,3.9533346,7.902059
khanhha_noisy1::GAPS384_train_1281_541_1.jpg,neutral,khanhha,0.0087024339016555,8.112155,4.022336,7.7981296
khanhha_noisy1::GAPS384_train_1284_541_641.jpg,degraded,khanhha,-0.0304536532097697,8.101963,4.0325284,7.8222733
khanhha_noisy1::GAPS384_train_1347_541_1.jpg,improved,khanhha,0.5170212765957447,8.170273,3.96301,7.9090457
khanhha_noisy1::GAPS384_train_1347_541_641.jpg,improved,khanhha,0.1495457430149034,8.17026,3.958666,7.938304
khanhha_noisy1::GAPS384_train_1361_541_641.jpg,degraded,khanhha,-0.0170680584977073,8.208283,3.912108,7.905174
khanhha_noisy1::GAPS384_train_1366_541_1.jpg,neutral,khanhha,-0.0082095973455798,8.165204,3.964335,7.9017296
khanhha_noisy1::GAPS384_train_1370_541_641.jpg,improved,khanhha,0.1441391607084027,8.132675,4.002695,7.8680687
khanhha_noisy1::GAPS384_train_1374_541_1.jpg,improved,khanhha,0.036985561057443,8.11367,4.0287185,7.808891
khanhha_noisy1::GAPS384_train_1375_541_641.jpg,improved,khanhha,0.4318753494024449,8.092384,4.0467505,7.8003364
khanhha_noisy1::GAPS384_train_1381_541_1.jpg,neutral,khanhha,-0.0091204152868389,8.131354,3.9970038,7.8358016
khanhha_noisy1::GAPS384_valid_0016_541_1.jpg,degraded,khanhha,-0.0168043190007752,8.090371,4.0425525,7.7401376
khanhha_noisy1::Rissbilder_for_Florian_9S6A2782_0_0_3840_5760.jpg,neutral,khanhha,-0.0078124467886444,5.789927,6.5950513,8.029751
khanhha_noisy1::Rissbilder_for_Florian_9S6A2783_485_963_3019_3865.jpg,degraded,khanhha,-0.034160513391101,6.370765,6.0648785,7.850802
khanhha_noisy1::Rissbilder_for_Florian_9S6A2783_510_849_2889_2880.jpg,degraded,khanhha,-0.0132961538544051,6.2829537,6.029791,7.841535
khanhha_noisy1::Rissbilder_for_Florian_9S6A2783_555_1445_2892_3793.jpg,neutral,khanhha,0.0097974810898314,6.551748,5.88737,7.939691
khanhha_noisy1::Rissbilder_for_Florian_9S6A2783_96_1214_3516_4173.jpg,degraded,khanhha,-0.0214576791758118,6.418786,6.036366,7.8622966
khanhha_noisy1::Rissbilder_for_Florian_9S6A2784_100_1539_3455_3308.jpg,degraded,khanhha,-0.0188438880150665,5.1409817,7.0150514,8.015867
khanhha_noisy1::Rissbilder_for_Florian_9S6A2784_1029_155_2671_3164.jpg,degraded,khanhha,-0.0689632604895638,5.506656,6.832518,7.694166
khanhha_noisy1::Rissbilder_for_Florian_9S6A2784_241_1425_3582_3991.jpg,degraded,khanhha,-0.0198145400740878,5.0955586,7.0746174,8.029411
khanhha_noisy1::Rissbilder_for_Florian_9S6A2785_118_523_3535_4238.jpg,degraded,khanhha,-0.0449359311918553,5.869247,9.011999,7.0588555
khanhha_noisy1::Rissbilder_for_Florian_9S6A2785_197_1269_2404_2359.jpg,improved,khanhha,0.0146638735478956,5.8649335,8.994012,7.075093
khanhha_noisy1::Rissbilder_for_Florian_9S6A2785_239_136_3078_2666.jpg,degraded,khanhha,-0.0365133427076746,5.8589926,9.000342,7.0572543
khanhha_noisy1::Rissbilder_for_Florian_9S6A2785_493_901_3299_3768.jpg,degraded,khanhha,-0.1206608076076756,5.8639336,9.005436,7.0553403
khanhha_noisy1::Rissbilder_for_Florian_9S6A2785_51_1717_2854_3381.jpg,neutral,khanhha,0.0,5.8725276,8.992851,7.0824757
khanhha_noisy1::Rissbilder_for_Florian_9S6A2786_1709_1270_2041_2349.jpg,neutral,khanhha,0.0016571120598938,4.7929482,7.141036,7.8535314
khanhha_noisy1::Rissbilder_for_Florian_9S6A2786_641_1214_2289_2280.jpg,degraded,khanhha,-0.0159950047372114,4.4142175,7.3358746,7.8345284
khanhha_noisy1::Rissbilder_for_Florian_9S6A2787_1034_2113_2702_3383.jpg,degraded,khanhha,-0.0149298463966766,5.30487,6.818212,7.7941513
khanhha_noisy1::Rissbilder_for_Florian_9S6A2787_114_2564_2503_2920.jpg,neutral,khanhha,0.0005970113556788,5.3253508,6.779881,7.7257395
khanhha_noisy1::Rissbilder_for_Florian_9S6A2787_1217_749_2520_2686.jpg,degraded,khanhha,-0.0107923703292917,5.2881627,6.814973,7.7873096
khanhha_noisy1::Rissbilder_for_Florian_9S6A2787_1287_2060_2196_2885.jpg,improved,khanhha,0.0131895819275019,5.361534,6.758922,7.7607903
khanhha_noisy1::Rissbilder_for_Florian_9S6A2787_38_553_3789_4026.jpg,degraded,khanhha,-0.0106969059329215,5.326806,6.803947,7.8525977
khanhha_noisy1::Rissbilder_for_Florian_9S6A2787_469_792_2677_2506.jpg,neutral,khanhha,0.003647872989563,5.2711253,6.850994,7.8101583
khanhha_noisy1::Rissbilder_for_Florian_9S6A2788_0_0_3840_5760.jpg,improved,khanhha,0.0238779999646525,6.491442,6.512763,7.9337435
khanhha_noisy1::Rissbilder_for_Florian_9S6A2788_827_2151_2719_2314.jpg,neutral,khanhha,0.0076321654393554,6.530844,5.7467356,7.9334354
khanhha_noisy1::Rissbilder_for_Florian_9S6A2789_29_2188_3523_3363.jpg,neutral,khanhha,0.0012742231480835,6.507069,5.9900575,8.22467
khanhha_noisy1::Rissbilder_for_Florian_9S6A2789_79_2844_3130_2630.jpg,improved,khanhha,0.0131004563351095,6.6120505,5.9709964,8.076746
khanhha_noisy1::Rissbilder_for_Florian_9S6A2790_213_1721_2871_3688.jpg,degraded,khanhha,-0.0103731294239829,6.319366,6.695272,7.6729417
khanhha_noisy1::Rissbilder_for_Florian_9S6A2790_415_1305_3121_2371.jpg,degraded,khanhha,-0.0582745063427961,6.3061934,6.5420427,7.699318
khanhha_noisy1::Rissbilder_for_Florian_9S6A2790_750_1920_2101_2560.jpg,improved,khanhha,0.0162623243624091,6.3322754,6.450112,7.670106
khanhha_noisy1::Rissbilder_for_Florian_9S6A2791_180_347_3514_4469.jpg,degraded,khanhha,-0.0315263576405763,6.272515,6.962543,7.6859384
khanhha_noisy1::Rissbilder_for_Florian_9S6A2791_268_477_2530_3149.jpg,degraded,khanhha,-0.0106872805695826,6.263005,6.6243668,7.6833534
khanhha_noisy1::Rissbilder_for_Florian_9S6A2791_454_1477_3234_3143.jpg,degraded,khanhha,-0.0182959334965931,6.2081914,6.8032765,7.6593885
khanhha_noisy1::Rissbilder_for_Florian_9S6A2792_0_0_5760_3840.jpg,improved,khanhha,0.0110961706185221,5.9689326,7.102495,7.804845
khanhha_noisy1::Rissbilder_for_Florian_9S6A2792_1773_105_2717_3479.jpg,degraded,khanhha,-0.2470647723348625,5.9520226,7.0963106,7.7241735
khanhha_noisy1::Rissbilder_for_Florian_9S6A2792_1778_280_3876_3455.jpg,degraded,khanhha,-0.0160205896386692,5.7056713,7.0701632,7.7090592
khanhha_noisy1::Rissbilder_for_Florian_9S6A2792_2643_751_3074_3028.jpg,degraded,khanhha,-0.0169668652428168,5.6569324,7.0948286,7.7222867
khanhha_noisy1::Rissbilder_for_Florian_9S6A2792_753_1245_2029_2585.jpg,neutral,khanhha,0.0,6.569836,7.390579,7.600163
khanhha_noisy1::Rissbilder_for_Florian_9S6A2793_377_1016_2309_2713.jpg,degraded,khanhha,-0.3591863311975829,6.3975863,7.082162,7.6011453
khanhha_noisy1::Rissbilder_for_Florian_9S6A2793_811_444_2800_3267.jpg,neutral,khanhha,0.0,6.2527595,7.1053867,7.662849
khanhha_noisy1::Rissbilder_for_Florian_9S6A2795_244_2755_3348_2948.jpg,degraded,khanhha,-0.0265572946558041,6.4829845,6.972252,7.7304826
khanhha_noisy1::Rissbilder_for_Florian_9S6A2795_345_1636_2968_2382.jpg,neutral,khanhha,-0.0035304664292997,6.3983736,6.555914,7.9178696
khanhha_noisy1::Rissbilder_for_Florian_9S6A2795_726_782_2478_3159.jpg,neutral,khanhha,-0.0069764497928512,6.466483,6.704277,7.8817606
khanhha_noisy1::Rissbilder_for_Florian_9S6A2796_352_1675_3345_3505.jpg,degraded,khanhha,-0.0290996313240786,6.518081,5.752699,7.8835883
khanhha_noisy1::Rissbilder_for_Florian_9S6A2796_360_1209_3312_4152.jpg,degraded,khanhha,-0.0249751727550016,6.6067324,5.668339,7.799446
khanhha_noisy1::Rissbilder_for_Florian_9S6A2796_365_740_3391_4131.jpg,degraded,khanhha,-0.0230805286231066,6.5790973,5.6815157,7.7952394
khanhha_noisy1::Rissbilder_for_Florian_9S6A2797_0_0_3840_5760.jpg,degraded,khanhha,-0.1179082045040605,6.792408,5.911462,8.201654
khanhha_noisy1::Rissbilder_for_Florian_9S6A2797_211_1594_3203_4094.jpg,degraded,khanhha,-0.1197331401404853,6.8291507,5.8784957,8.182903
khanhha_noisy1::Rissbilder_for_Florian_9S6A2797_27_2177_3736_3368.jpg,degraded,khanhha,-0.0826255479025083,6.8356576,5.850822,8.1729965
khanhha_noisy1::Rissbilder_for_Florian_9S6A2797_331_75_3433_4182.jpg,degraded,khanhha,-0.1872421994468463,6.797265,5.8536797,8.13117
khanhha_noisy1::Rissbilder_for_Florian_9S6A2798_499_1239_3234_3324.jpg,neutral,khanhha,0.0021148680378894,6.670063,5.7036963,7.7747145
khanhha_noisy1::Rissbilder_for_Florian_9S6A2798_614_1857_2201_2501.jpg,degraded,khanhha,-0.0336150695868442,6.6112847,5.5459685,7.826842
khanhha_noisy1::Rissbilder_for_Florian_9S6A2798_697_1777_2994_3062.jpg,neutral,khanhha,-0.0040028228550411,6.722129,5.7322965,7.7385736
khanhha_noisy1::Rissbilder_for_Florian_9S6A2799_133_2058_3555_3079.jpg,improved,khanhha,0.4398648648648648,5.72853,8.527953,7.5105095
khanhha_noisy1::Rissbilder_for_Florian_9S6A2799_275_471_3176_4152.jpg,neutral,khanhha,0.0,5.8214746,8.56733,7.5129623
khanhha_noisy1::Rissbilder_for_Florian_9S6A2799_288_786_3196_3304.jpg,neutral,khanhha,0.0,5.852945,8.575767,7.4924607
khanhha_noisy1::Rissbilder_for_Florian_9S6A2800_191_3241_2390_2435.jpg,improved,khanhha,1.0,4.1641693,7.562783,7.954934
khanhha_noisy1::Rissbilder_for_Florian_9S6A2800_195_2531_3219_2684.jpg,improved,khanhha,0.0258201759903013,4.1253247,7.5496974,7.8418465
khanhha_noisy1::Rissbilder_for_Florian_9S6A2800_382_814_2795_2670.jpg,improved,khanhha,0.0125013524555983,4.1006684,7.51744,7.789268
khanhha_noisy1::Rissbilder_for_Florian_9S6A2800_48_573_3788_4425.jpg,improved,khanhha,0.0110360990021778,4.1577415,7.675974,7.868698
khanhha_noisy1::Rissbilder_for_Florian_9S6A2800_552_1819_3171_3588.jpg,neutral,khanhha,0.0082817780155315,4.136791,7.6006775,7.84049
khanhha_noisy1::Rissbilder_for_Florian_9S6A2800_817_399_2611_2043.jpg,degraded,khanhha,-0.136250340771897,4.1503787,7.5496407,7.9062977
khanhha_noisy1::Rissbilder_for_Florian_9S6A2802_251_84_3754_3687.jpg,improved,khanhha,0.0227705001524832,4.192412,7.497343,7.8769565
khanhha_noisy1::Rissbilder_for_Florian_9S6A2802_2931_279_2589_2739.jpg,neutral,khanhha,-0.0087613742305313,4.125509,7.499369,7.8050427
khanhha_noisy1::Rissbilder_for_Florian_9S6A2802_631_103_2560_2012.jpg,neutral,khanhha,0.0078377368735604,4.172375,7.482014,7.8222613
khanhha_noisy1::Rissbilder_for_Florian_9S6A2803_209_1110_2922_3685.jpg,degraded,khanhha,-0.0380104984464669,4.749517,7.203585,8.117458
khanhha_noisy1::Rissbilder_for_Florian_9S6A2803_247_1248_3459_4462.jpg,neutral,khanhha,-0.0072702629935427,4.768606,7.203165,8.13523
khanhha_noisy1::Rissbilder_for_Florian_9S6A2803_272_142_3359_3107.jpg,degraded,khanhha,-0.0428405604537562,4.5046754,7.2964168,7.967916
khanhha_noisy1::Rissbilder_for_Florian_9S6A2803_612_408_2717_3030.jpg,neutral,khanhha,-0.0042316866924714,4.630347,7.238083,7.997436
khanhha_noisy1::Rissbilder_for_Florian_9S6A2804_118_1818_2606_2570.jpg,neutral,khanhha,0.001538149302801,7.0045047,7.6592894,7.332278
khanhha_noisy1::Rissbilder_for_Florian_9S6A2805_1632_240_3224_2475.jpg,improved,khanhha,0.0259490479388201,6.144224,6.721828,8.169052
khanhha_noisy1::Rissbilder_for_Florian_9S6A2805_3150_203_1998_2621.jpg,degraded,khanhha,-0.1647860929112728,6.338018,6.68185,7.9582915
khanhha_noisy1::Rissbilder_for_Florian_9S6A2805_565_1400_2938_2247.jpg,improved,khanhha,0.0161630932540798,6.2292933,6.614459,8.126192
khanhha_noisy1::Rissbilder_for_Florian_9S6A2806_1082_397_4233_3223.jpg,improved,khanhha,0.0716471608518493,6.2369113,6.731942,8.253449
khanhha_noisy1::Rissbilder_for_Florian_9S6A2806_3363_1303_2009_2459.jpg,neutral,khanhha,0.0076496610714021,6.2552547,6.6456213,8.11863
khanhha_noisy1::Rissbilder_for_Florian_9S6A2806_368_348_2093_2759.jpg,degraded,khanhha,-0.0187611513164473,6.461419,6.758475,7.926099
khanhha_noisy1::Rissbilder_for_Florian_9S6A2807_112_2167_3474_2842.jpg,neutral,khanhha,-0.0029569664349332,6.510817,6.9172606,10.255047
khanhha_noisy1::Rissbilder_for_Florian_9S6A2807_149_637_3674_3362.jpg,degraded,khanhha,-0.046302653364894,6.540404,6.9183254,10.285684
khanhha_noisy1::Rissbilder_for_Florian_9S6A2807_224_1187_3581_3340.jpg,neutral,khanhha,0.0084557883250078,6.529594,6.933928,10.276756
khanhha_noisy1::Rissbilder_for_Florian_9S6A2807_577_1818_2154_2452.jpg,neutral,khanhha,0.0062700058126031,6.1826706,6.4499364,7.9278755
khanhha_noisy1::Rissbilder_for_Florian_9S6A2808_19_37_3435_3257.jpg,degraded,khanhha,-0.0531144801480488,6.6620092,5.9209466,7.9841785
khanhha_noisy1::Rissbilder_for_Florian_9S6A2808_222_2951_3443_2623.jpg,degraded,khanhha,-0.037618558143462,6.892679,5.6876397,7.842528
khanhha_noisy1::Rissbilder_for_Florian_9S6A2808_30_709_3501_4305.jpg,degraded,khanhha,-0.0369696828392448,6.744964,5.922911,8.028983
khanhha_noisy1::Rissbilder_for_Florian_9S6A2810_309_181_3327_4094.jpg,degraded,khanhha,-0.0111179441814704,6.6344132,8.212861,8.042358
khanhha_noisy1::Rissbilder_for_Florian_9S6A2810_43_528_3225_4185.jpg,neutral,khanhha,-0.0021546985852721,6.691201,8.37418,7.961242
khanhha_noisy1::Rissbilder_for_Florian_9S6A2810_65_655_2748_2720.jpg,degraded,khanhha,-0.0135879953593048,6.663326,8.196335,7.978057
khanhha_noisy1::Rissbilder_for_Florian_9S6A2811_119_80_3414_3691.jpg,degraded,khanhha,-0.1627444866531766,6.6619577,8.300633,8.0220785
khanhha_noisy1::Rissbilder_for_Florian_9S6A2811_1873_211_2406_2890.jpg,degraded,khanhha,-0.011672095548317,6.642515,8.369175,8.113085
khanhha_noisy1::Rissbilder_for_Florian_9S6A2812_1545_131_2276_2406.jpg,neutral,khanhha,0.0,6.3021665,8.694168,7.658968
khanhha_noisy1::Rissbilder_for_Florian_9S6A2812_372_1081_3294_3264.jpg,degraded,khanhha,-0.1632721440930088,6.312616,8.710648,7.6391463
khanhha_noisy1::Rissbilder_for_Florian_9S6A2812_6_41_3627_3234.jpg,improved,khanhha,0.0319855012123141,6.2934394,8.713079,7.637042
khanhha_noisy1::Rissbilder_for_Florian_9S6A2813_90_1297_3435_4044.jpg,degraded,khanhha,-0.0155940456768423,6.6535435,8.228993,7.985699
khanhha_noisy1::Rissbilder_for_Florian_9S6A2815_1237_159_3590_2891.jpg,degraded,khanhha,-0.2601539221792386,6.7408423,8.18526,8.005498
khanhha_noisy1::Rissbilder_for_Florian_9S6A2816_0_0_3840_5760.jpg,neutral,khanhha,0.0,6.7410746,8.632976,7.756154
khanhha_noisy1::Rissbilder_for_Florian_9S6A2816_113_51_3722_4201.jpg,degraded,khanhha,-0.4897286330205427,6.7292967,8.273655,7.9217424
khanhha_noisy1::Rissbilder_for_Florian_9S6A2816_1644_2004_1934_2558.jpg,degraded,khanhha,-0.027853689151672,6.678554,8.348512,7.9604297
khanhha_noisy1::Rissbilder_for_Florian_9S6A2816_255_1654_2762_3248.jpg,neutral,khanhha,-0.009844826845099,6.699081,8.361925,7.9348636
khanhha_noisy1::Rissbilder_for_Florian_9S6A2816_375_1185_3365_3750.jpg,degraded,khanhha,-0.0162993920299749,6.751627,8.422642,7.9453053
khanhha_noisy1::Rissbilder_for_Florian_9S6A2816_48_1105_3458_4373.jpg,degraded,khanhha,-0.4417445482866043,6.736595,8.564438,7.847155
khanhha_noisy1::Rissbilder_for_Florian_9S6A2817_266_1535_2877_3827.jpg,degraded,khanhha,-0.0174008843814612,6.533751,7.9858336,7.964489
khanhha_noisy1::Rissbilder_for_Florian_9S6A2817_362_2779_2835_2376.jpg,neutral,khanhha,-0.0093151251520499,6.3540254,7.4169827,7.8496904
khanhha_noisy1::Rissbilder_for_Florian_9S6A2817_378_2811_2792_2576.jpg,degraded,khanhha,-0.020637345117626,6.2339873,7.2798295,7.789213
khanhha_noisy1::Rissbilder_for_Florian_9S6A2817_515_925_2769_3395.jpg,degraded,khanhha,-0.0131470479450999,6.5274816,8.03906,7.992684
khanhha_noisy1::Rissbilder_for_Florian_9S6A2817_67_221_2558_2411.jpg,neutral,khanhha,0.0,6.700315,8.313135,7.942906
khanhha_noisy1::Rissbilder_for_Florian_9S6A2818_205_138_2610_2193.jpg,neutral,khanhha,0.0084876412300103,6.5209775,6.5643845,7.535168
khanhha_noisy1::Rissbilder_for_Florian_9S6A2818_208_545_3096_3152.jpg,improved,khanhha,0.0578612788764461,6.539379,6.695644,7.5176854
khanhha_noisy1::Rissbilder_for_Florian_9S6A2818_22_73_3648_4328.jpg,neutral,khanhha,-0.0028448116694043,6.567137,6.7158217,7.472991
khanhha_noisy1::Rissbilder_for_Florian_9S6A2818_287_1431_3198_4185.jpg,neutral,khanhha,0.0,6.558414,6.7436543,7.517121
khanhha_noisy1::Rissbilder_for_Florian_9S6A2818_819_1604_2582_2762.jpg,neutral,khanhha,-0.0045577033582097,6.530184,6.728455,7.583466
khanhha_noisy1::Rissbilder_for_Florian_9S6A2818_952_1532_2829_2875.jpg,degraded,khanhha,-0.1655621776076993,6.517233,6.5712895,7.5580335
khanhha_noisy1::Rissbilder_for_Florian_9S6A2820_304_486_3141_3670.jpg,neutral,khanhha,-0.0066889197175842,4.9100523,8.027971,8.101853
khanhha_noisy1::Rissbilder_for_Florian_9S6A2820_366_660_2637_3456.jpg,neutral,khanhha,0.003353056942992,5.034774,8.105919,8.120811
khanhha_noisy1::Rissbilder_for_Florian_9S6A2821_1009_504_3415_2649.jpg,neutral,khanhha,0.0018915814436045,5.73295,6.9535747,7.6905165
khanhha_noisy1::Rissbilder_for_Florian_9S6A2821_1089_894_2343_2903.jpg,neutral,khanhha,-0.0039845786063249,5.8943367,7.0672255,7.7008476
khanhha_noisy1::Rissbilder_for_Florian_9S6A2821_2779_46_2936_3794.jpg,neutral,khanhha,-0.0022776390686077,6.089488,7.012898,7.6966524
khanhha_noisy1::Rissbilder_for_Florian_9S6A2822_1030_155_3516_3590.jpg,degraded,khanhha,-0.0121649935490032,5.521953,6.8325067,7.7248435
khanhha_noisy1::Rissbilder_for_Florian_9S6A2822_1137_465_2983_2428.jpg,neutral,khanhha,-0.0041133183087809,5.4797254,6.830626,7.7201
khanhha_noisy1::Rissbilder_for_Florian_9S6A2822_2401_400_2963_3258.jpg,neutral,khanhha,-0.0060600672687121,5.447304,6.8987904,7.7483335
khanhha_noisy1::Rissbilder_for_Florian_9S6A2823_106_892_3634_4471.jpg,neutral,khanhha,-0.0007846214201647,6.321051,7.2269177,7.808407
khanhha_noisy1::Rissbilder_for_Florian_9S6A2825_325_1707_3330_2732.jpg,degraded,khanhha,-0.0115688079084545,5.6101155,7.1788306,7.718954
khanhha_noisy1::Rissbilder_for_Florian_9S6A2825_340_882_2590_2354.jpg,improved,khanhha,0.0340721912523856,5.6477566,7.103657,7.7113204
khanhha_noisy1::Rissbilder_for_Florian_9S6A2825_565_2563_2166_2123.jpg,improved,khanhha,0.0168324492386128,5.6028457,7.074161,7.7223177
khanhha_noisy1::Rissbilder_for_Florian_9S6A2825_65_315_3693_4161.jpg,degraded,khanhha,-0.4110992529348986,5.721521,7.3053174,7.7143345
khanhha_noisy1::Rissbilder_for_Florian_9S6A2825_711_1408_2863_2522.jpg,improved,khanhha,0.0298772163334287,5.676458,7.2247796,7.7130632
khanhha_noisy1::Rissbilder_for_Florian_9S6A2825_71_1920_3644_3801.jpg,degraded,khanhha,-0.1278154746945668,5.6842704,7.2406964,7.722826
khanhha_noisy1::Rissbilder_for_Florian_9S6A2826_0_0_3840_5760.jpg,neutral,khanhha,-0.0040106200885687,6.771042,6.4104166,7.9675303
khanhha_noisy1::Rissbilder_for_Florian_9S6A2826_418_1200_2774_3626.jpg,degraded,khanhha,-0.0208292434915406,6.731798,6.2913246,7.981197
khanhha_noisy1::Rissbilder_for_Florian_9S6A2826_65_1595_3304_2654.jpg,neutral,khanhha,-0.0014185734745347,6.7436604,6.3303313,7.9831386
khanhha_noisy1::Rissbilder_for_Florian_9S6A2826_985_495_2477_3280.jpg,degraded,khanhha,-0.0124458777656204,6.7314005,6.4279757,8.008025
khanhha_noisy1::Rissbilder_for_Florian_9S6A2827_1172_836_2226_2545.jpg,neutral,khanhha,-0.0012538937802372,6.728447,5.4403653,8.033786
khanhha_noisy1::Rissbilder_for_Florian_9S6A2827_1553_813_2699_2293.jpg,degraded,khanhha,-0.0101927736697174,6.7388496,5.3670273,8.1225395
khanhha_noisy1::Rissbilder_for_Florian_9S6A2828_111_1161_3542_4005.jpg,degraded,khanhha,-0.014136313451762,6.3007445,6.5935307,8.072546
khanhha_noisy1::Rissbilder_for_Florian_9S6A2828_81_1831_3515_3918.jpg,neutral,khanhha,0.0078820838921268,6.5602427,7.065765,8.051382
khanhha_noisy1::Rissbilder_for_Florian_9S6A2828_958_2102_2564_2428.jpg,degraded,khanhha,-0.0154904129404636,6.237512,6.647898,7.881884
khanhha_noisy1::Rissbilder_for_Florian_9S6A2829_248_0_4607_3807.jpg,neutral,khanhha,-0.0097680902076577,5.4153843,7.0436206,7.7678514
khanhha_noisy1::Rissbilder_for_Florian_9S6A2829_465_128_3261_3385.jpg,degraded,khanhha,-0.0352345813551511,5.5042624,7.054099,7.7427783
khanhha_noisy1::Rissbilder_for_Florian_9S6A2830_317_1218_3139_3120.jpg,degraded,khanhha,-0.0154716515654436,5.3160987,6.952975,7.77388
khanhha_noisy1::Rissbilder_for_Florian_9S6A2830_356_323_2546_2076.jpg,degraded,khanhha,-0.0108636003692065,5.323749,6.92925,7.7976885
khanhha_noisy1::Rissbilder_for_Florian_9S6A2830_715_2986_2996_2571.jpg,degraded,khanhha,-0.0195240638537772,5.290181,6.9800286,7.7889113
khanhha_noisy1::Rissbilder_for_Florian_9S6A2830_87_511_3003_3652.jpg,degraded,khanhha,-0.0161378574119583,5.326835,6.977993,7.783123
khanhha_noisy1::Rissbilder_for_Florian_9S6A2831_130_3142_3148_2567.jpg,improved,khanhha,0.0194784801167779,6.819802,5.823254,8.095083
khanhha_noisy1::Rissbilder_for_Florian_9S6A2831_1392_523_2363_2146.jpg,improved,khanhha,0.0217732976342033,6.8602796,5.57877,7.9689617
khanhha_noisy1::Rissbilder_for_Florian_9S6A2831_14_1354_3612_3768.jpg,neutral,khanhha,9.559962995719928e-05,6.8385415,5.8114986,8.068163
khanhha_noisy1::Rissbilder_for_Florian_9S6A2831_183_1551_2640_2168.jpg,neutral,khanhha,0.003076165880066,6.830577,5.7758417,7.9970865
khanhha_noisy1::Rissbilder_for_Florian_9S6A2831_237_201_3399_4522.jpg,degraded,khanhha,-0.0180516689166737,6.8493166,5.8296385,8.067359
khanhha_noisy1::Rissbilder_for_Florian_9S6A2831_277_1810_3479_3118.jpg,improved,khanhha,0.011994167296163,6.882228,5.806946,8.056606
khanhha_noisy1::Rissbilder_for_Florian_9S6A2831_343_1804_2873_2254.jpg,neutral,khanhha,0.009247748525848,6.84347,5.7786818,7.9643145
khanhha_noisy1::Rissbilder_for_Florian_9S6A2832_1234_336_2375_2845.jpg,neutral,khanhha,0.0009426377456089,6.873431,5.7500935,7.881939
khanhha_noisy1::Rissbilder_for_Florian_9S6A2832_185_2346_3101_2742.jpg,neutral,khanhha,-0.0035007935491931,6.7109327,5.677755,7.9859076
khanhha_noisy1::Rissbilder_for_Florian_9S6A2832_375_1408_3366_3866.jpg,neutral,khanhha,0.0027773960279166,6.7046795,5.6827307,7.96809
khanhha_noisy1::Rissbilder_for_Florian_9S6A2833_0_720_3814_3967.jpg,neutral,khanhha,0.0067281221127039,6.876664,5.371559,8.043981
khanhha_noisy1::Rissbilder_for_Florian_9S6A2833_11_1057_3805_3303.jpg,neutral,khanhha,-0.0012245213045473,6.8816385,5.3492875,8.057885
khanhha_noisy1::Rissbilder_for_Florian_9S6A2833_596_837_3205_3950.jpg,neutral,khanhha,-0.0043037415339032,6.8696976,5.3826694,8.051561
khanhha_noisy1::Rissbilder_for_Florian_9S6A2834_1012_1643_2453_3015.jpg,neutral,khanhha,-0.0061037457356164,6.7779875,5.7156878,7.920787
khanhha_noisy1::Rissbilder_for_Florian_9S6A2834_18_332_3392_3333.jpg,neutral,khanhha,0.0032610204837674,6.7883887,5.7239585,7.9378858
khanhha_noisy1::Rissbilder_for_Florian_9S6A2834_196_114_2762_3611.jpg,neutral,khanhha,0.0068840200641342,6.7603326,5.7184296,7.921932
khanhha_noisy1::Rissbilder_for_Florian_9S6A2834_40_1275_3784_4195.jpg,neutral,khanhha,0.0096942399369281,6.786369,5.7406125,7.9456477
khanhha_noisy1::Rissbilder_for_Florian_9S6A2835_373_1783_2745_2384.jpg,neutral,khanhha,0.0048213192668866,6.8597007,5.7169757,7.8490157
khanhha_noisy1::Rissbilder_for_Florian_9S6A2835_459_1693_3011_2424.jpg,neutral,khanhha,0.0072323700459696,6.8234367,5.7196517,7.8293014
khanhha_noisy1::Rissbilder_for_Florian_9S6A2835_468_2521_2391_2304.jpg,improved,khanhha,0.0105331685418264,6.870924,5.7467003,7.8679214
khanhha_noisy1::Rissbilder_for_Florian_9S6A2835_469_1050_2755_3142.jpg,degraded,khanhha,-0.0311371896495928,6.83779,5.7620864,7.773172
khanhha_noisy1::Rissbilder_for_Florian_9S6A2835_637_235_2191_2778.jpg,degraded,khanhha,-0.0659141719581255,6.826854,5.7607427,7.775274
khanhha_noisy1::Rissbilder_for_Florian_9S6A2835_964_2753_2392_2184.jpg,degraded,khanhha,-0.0297951539691228,6.8664594,5.7158337,7.8282614
khanhha_noisy1::Rissbilder_for_Florian_9S6A2836_0_0_3840_5760.jpg,neutral,khanhha,0.0038261662427162,6.7815933,5.6599383,7.9480796
khanhha_noisy1::Rissbilder_for_Florian_9S6A2836_391_1220_2381_3118.jpg,improved,khanhha,0.0115830406681343,6.717871,5.4159937,8.111414
khanhha_noisy1::Rissbilder_for_Florian_9S6A2837_523_803_3305_3454.jpg,neutral,khanhha,-0.0010151467023054,6.8687253,5.740279,8.034974
khanhha_noisy1::Rissbilder_for_Florian_9S6A2838_1264_697_1978_2438.jpg,improved,khanhha,0.0685774178286817,6.782417,5.8742013,7.5839233
khanhha_noisy1::Rissbilder_for_Florian_9S6A2838_419_638_3373_4346.jpg,neutral,khanhha,0.0079437277149058,6.843781,5.782152,7.841019
khanhha_noisy1::Rissbilder_for_Florian_9S6A2838_565_1405_2810_2334.jpg,improved,khanhha,0.0105865732939122,6.8374662,5.767768,7.7504373
khanhha_noisy1::Rissbilder_for_Florian_9S6A2839_132_1745_2786_3604.jpg,degraded,khanhha,-0.0444887376077076,5.220496,6.9270606,7.8555694
khanhha_noisy1::Rissbilder_for_Florian_9S6A2839_8_923_3789_4181.jpg,degraded,khanhha,-0.0252674247231701,4.875343,7.079147,7.964296
khanhha_noisy1::Rissbilder_for_Florian_9S6A2840_408_2141_3112_2692.jpg,degraded,khanhha,-0.0312863072032286,5.3931546,6.7179766,7.739706
khanhha_noisy1::Rissbilder_for_Florian_9S6A2840_520_1171_3029_3249.jpg,degraded,khanhha,-0.0435686947977269,5.29654,6.828597,7.780098
khanhha_noisy1::Rissbilder_for_Florian_9S6A2840_73_1408_3251_2521.jpg,neutral,khanhha,0.0018747745278823,5.3986793,6.746747,7.737469
khanhha_noisy1::Rissbilder_for_Florian_9S6A2840_7_1394_3830_4317.jpg,degraded,khanhha,-0.0450960385545432,4.809269,7.143483,8.040749
khanhha_noisy1::Rissbilder_for_Florian_9S6A2841_19_570_3460_3784.jpg,degraded,khanhha,-0.0145831219719956,5.5682473,6.572859,7.603232
khanhha_noisy1::Rissbilder_for_Florian_9S6A2841_217_2299_3214_2878.jpg,neutral,khanhha,0.0001506536034523,5.659098,6.4700875,7.5410743
khanhha_noisy1::Rissbilder_for_Florian_9S6A2841_247_162_2749_3393.jpg,degraded,khanhha,-0.0129587654689165,5.6207843,6.5176415,7.565876
khanhha_noisy1::Rissbilder_for_Florian_9S6A2841_319_1106_2769_3450.jpg,degraded,khanhha,-0.0176160452656123,5.658315,6.4835114,7.5488095
khanhha_noisy1::Rissbilder_for_Florian_9S6A2841_341_1075_3324_3954.jpg,degraded,khanhha,-0.0118564348289819,5.566772,6.5596952,7.588696
khanhha_noisy1::Rissbilder_for_Florian_9S6A2841_542_955_3068_2456.jpg,degraded,khanhha,-0.0410871007901225,5.61837,6.496922,7.545085
khanhha_noisy1::Rissbilder_for_Florian_9S6A2842_321_767_3019_3008.jpg,degraded,khanhha,-0.0297203139013825,5.6038785,6.5317016,7.5506306
khanhha_noisy1::Rissbilder_for_Florian_9S6A2842_635_1731_1931_2541.jpg,improved,khanhha,0.0716987407656616,5.7787366,6.364357,7.511065
khanhha_noisy1::Rissbilder_for_Florian_9S6A2842_70_2154_3631_3282.jpg,degraded,khanhha,-0.0777087635653256,5.5941596,6.5493355,7.570438
khanhha_noisy1::Rissbilder_for_Florian_9S6A2843_12_1425_2920_2441.jpg,degraded,khanhha,-0.0253408561815652,6.1183863,6.7111907,7.73474
khanhha_noisy1::Rissbilder_for_Florian_9S6A2843_178_404_2380_2116.jpg,neutral,khanhha,0.0,7.0138245,7.631227,7.330586
khanhha_noisy1::Rissbilder_for_Florian_9S6A2843_369_1526_1885_2389.jpg,degraded,khanhha,-0.0450760484188179,6.2360954,6.735449,7.785737
khanhha_noisy1::Rissbilder_for_Florian_9S6A2843_734_2194_2503_2654.jpg,degraded,khanhha,-0.029441674817587,6.133342,6.7149644,7.7276406
khanhha_noisy1::Rissbilder_for_Florian_9S6A2843_81_439_3537_3036.jpg,degraded,khanhha,-0.032342929472756,6.1507406,6.7587647,7.7285237
khanhha_noisy1::Rissbilder_for_Florian_9S6A2844_0_0_3840_5760.jpg,neutral,khanhha,0.0035663421471196,5.9385853,7.030135,7.7383885
khanhha_noisy1::Rissbilder_for_Florian_9S6A2844_443_437_3072_2992.jpg,neutral,khanhha,-0.0021222372129598,5.2606087,7.065926,7.851654
khanhha_noisy1::Rissbilder_for_Florian_9S6A2844_736_848_3078_2427.jpg,improved,khanhha,0.0179071055402462,5.2810454,7.0757236,7.8343654
khanhha_noisy1::Rissbilder_for_Florian_9S6A2845_0_0_5760_3840.jpg,improved,khanhha,0.0301169984568036,5.0006976,7.176755,8.0524645
khanhha_noisy1::Rissbilder_for_Florian_9S6A2845_1333_32_4399_3805.jpg,improved,khanhha,0.022861536952892,5.0920997,7.1433487,7.995113
khanhha_noisy1::Rissbilder_for_Florian_9S6A2845_1480_64_3182_3685.jpg,degraded,khanhha,-0.0100674162948757,5.212648,7.080696,7.85912
khanhha_noisy1::Rissbilder_for_Florian_9S6A2845_1641_474_2958_3084.jpg,neutral,khanhha,-0.0082591442343906,5.1888614,7.0917983,7.9016757
khanhha_noisy1::Rissbilder_for_Florian_9S6A2845_2026_3_2804_3214.jpg,neutral,khanhha,-0.0050703588008027,5.2038536,7.1152253,7.898689
khanhha_noisy1::Rissbilder_for_Florian_9S6A2845_2181_159_3010_3511.jpg,degraded,khanhha,-0.0171553331314737,5.131541,7.1302648,7.943068
khanhha_noisy1::Rissbilder_for_Florian_9S6A2845_628_184_3360_3293.jpg,neutral,khanhha,0.0022300019785135,5.1955895,7.111525,7.882936
khanhha_noisy1::Rissbilder_for_Florian_9S6A2846_230_168_2768_2605.jpg,improved,khanhha,0.0262016436707736,5.448751,7.4027953,7.954675
khanhha_noisy1::Rissbilder_for_Florian_9S6A2846_268_1498_2452_2689.jpg,degraded,khanhha,-0.1047451166863655,5.2080965,7.091711,7.9202266
khanhha_noisy1::Rissbilder_for_Florian_9S6A2846_330_640_3250_2553.jpg,degraded,khanhha,-0.0207306320148534,5.223524,7.0736794,7.8614793
khanhha_noisy1::Rissbilder_for_Florian_9S6A2846_392_1024_2627_3077.jpg,improved,khanhha,0.0108169127092855,5.202732,7.122303,7.912658
khanhha_noisy1::Rissbilder_for_Florian_9S6A2846_64_1600_3177_3483.jpg,neutral,khanhha,-0.0034685415385938,5.2095814,7.1123796,7.9045963
khanhha_noisy1::Rissbilder_for_Florian_9S6A2847_112_411_3688_4096.jpg,neutral,khanhha,-0.0043988269794721,5.777605,7.741214,7.7690215
khanhha_noisy1::Rissbilder_for_Florian_9S6A2847_422_1541_2737_2708.jpg,degraded,khanhha,-0.4574584563526466,5.7115088,7.653695,7.754895
khanhha_noisy1::Rissbilder_for_Florian_9S6A2847_57_1886_3694_3848.jpg,neutral,khanhha,0.0,5.732762,7.7019997,7.788704
khanhha_noisy1::Rissbilder_for_Florian_9S6A2848_105_342_3183_3261.jpg,neutral,khanhha,0.003238239681127,5.0441117,7.1636696,8.0810995
khanhha_noisy1::Rissbilder_for_Florian_9S6A2848_1214_523_4329_3293.jpg,degraded,khanhha,-0.0341930045301964,5.0316625,7.156811,8.042092
khanhha_noisy1::Rissbilder_for_Florian_9S6A2849_1010_1722_2676_2957.jpg,neutral,khanhha,-0.0058905402240242,5.050604,7.1465187,8.025088
khanhha_noisy1::Rissbilder_for_Florian_9S6A2849_239_1191_3521_3188.jpg,degraded,khanhha,-0.0150852010464854,4.512854,9.522368,11.184586
khanhha_noisy1::Rissbilder_for_Florian_9S6A2849_465_1014_2857_3753.jpg,degraded,khanhha,-0.014668692249925,5.0046344,7.1799664,8.06596
khanhha_noisy1::Rissbilder_for_Florian_9S6A2850_1113_51_4606_3781.jpg,degraded,khanhha,-0.314118551269133,6.1661515,7.023379,7.7505746
khanhha_noisy1::Rissbilder_for_Florian_9S6A2850_1408_904_2105_2792.jpg,improved,khanhha,0.0421179230279898,6.153269,6.999129,7.7109113
khanhha_noisy1::Rissbilder_for_Florian_9S6A2851_1713_30_3619_3365.jpg,neutral,khanhha,-0.0080913979847267,5.352526,6.9985857,7.802821
khanhha_noisy1::Rissbilder_for_Florian_9S6A2851_1976_734_2746_2491.jpg,degraded,khanhha,-0.0122535135030426,5.393985,6.9376373,7.7780776
khanhha_noisy1::Rissbilder_for_Florian_9S6A2851_2413_175_2645_3485.jpg,degraded,khanhha,-0.0194840200671652,5.427063,7.0259676,7.8473496
khanhha_noisy1::Rissbilder_for_Florian_9S6A2851_512_50_2972_2678.jpg,degraded,khanhha,-0.0161056193799424,5.516497,6.9405136,7.7370296
khanhha_noisy1::Rissbilder_for_Florian_9S6A2852_1108_175_3570_3421.jpg,neutral,khanhha,-0.0024919827506005,5.4151983,6.9267445,7.75457
khanhha_noisy1::Rissbilder_for_Florian_9S6A2852_356_540_3667_2981.jpg,degraded,khanhha,-0.0135734605748985,5.40063,6.942653,7.7371464
khanhha_noisy1::Rissbilder_for_Florian_9S6A2853_1127_1463_2379_2376.jpg,neutral,khanhha,0.0004578764558146,5.3825893,6.973435,7.823832
khanhha_noisy1::Rissbilder_for_Florian_9S6A2853_826_286_2004_2464.jpg,improved,khanhha,0.0233951497860199,5.5455847,6.9891157,7.735863
khanhha_noisy1::Rissbilder_for_Florian_9S6A2854_162_1195_3169_2569.jpg,neutral,khanhha,-0.003821823968891,5.113076,6.98702,7.959651
khanhha_noisy1::Rissbilder_for_Florian_9S6A2856_1840_62_3055_3769.jpg,neutral,khanhha,-0.009265917038024,6.0395966,7.1027403,7.8026843
khanhha_noisy1::Rissbilder_for_Florian_9S6A2856_2611_839_1919_2466.jpg,neutral,khanhha,0.0006649217662424,5.3628254,6.741145,7.768454
khanhha_noisy1::Rissbilder_for_Florian_9S6A2856_3030_1197_2337_2140.jpg,improved,khanhha,0.0242649746001272,5.3543763,6.8870435,7.7662783
khanhha_noisy1::Rissbilder_for_Florian_9S6A2856_3095_641_2548_2416.jpg,degraded,khanhha,-0.0175533768850033,5.2959538,6.8765836,7.776636
khanhha_noisy1::Rissbilder_for_Florian_9S6A2857_1203_1130_2423_3169.jpg,neutral,khanhha,-0.009806317670556,5.285426,6.980072,7.7865105
khanhha_noisy1::Rissbilder_for_Florian_9S6A2857_148_211_2303_2832.jpg,degraded,khanhha,-0.0294799113011789,5.286403,6.9848466,7.760602
khanhha_noisy1::Rissbilder_for_Florian_9S6A2857_159_2331_3518_2794.jpg,degraded,khanhha,-0.013775632271303,5.0352387,7.10848,7.9911203
khanhha_noisy1::Rissbilder_for_Florian_9S6A2857_585_241_3220_4175.jpg,degraded,khanhha,-0.0253050165777965,5.1898046,7.071486,7.8705916
khanhha_noisy1::Rissbilder_for_Florian_9S6A2857_807_939_2369_1886.jpg,degraded,khanhha,-0.0159081590815908,5.4367123,7.394976,7.938706
khanhha_noisy1::Rissbilder_for_Florian_9S6A2857_89_2266_3467_3213.jpg,neutral,khanhha,-0.0090993827368058,5.006689,7.142559,8.009908
khanhha_noisy1::Rissbilder_for_Florian_9S6A2858_103_1887_2963_2745.jpg,degraded,khanhha,-0.0157001928158635,5.3293896,6.965453,7.7727838
khanhha_noisy1::Rissbilder_for_Florian_9S6A2858_138_1397_3695_4304.jpg,degraded,khanhha,-0.0132778544452684,5.3133416,7.0351653,7.7898073
khanhha_noisy1::Rissbilder_for_Florian_9S6A2858_203_242_3312_2597.jpg,degraded,khanhha,-0.0379232693911592,5.3993635,7.3368773,7.8926983
khanhha_noisy1::Rissbilder_for_Florian_9S6A2858_24_161_2934_2248.jpg,neutral,khanhha,0.0,5.4542785,7.449726,7.9487815
khanhha_noisy1::Rissbilder_for_Florian_9S6A2858_559_619_3260_3533.jpg,degraded,khanhha,-0.0151248888690281,5.3300357,6.9994307,7.7815332
khanhha_noisy1::Rissbilder_for_Florian_9S6A2858_58_840_3696_4727.jpg,degraded,khanhha,-0.0131462708750343,5.3361983,7.0184536,7.7878027
khanhha_noisy1::Rissbilder_for_Florian_9S6A2858_74_2277_2849_2285.jpg,neutral,khanhha,-0.0042849984874822,5.2826576,6.979524,7.7826447
khanhha_noisy1::Rissbilder_for_Florian_9S6A2858_825_486_2361_2715.jpg,degraded,khanhha,-0.0145792341765843,5.422655,7.0481777,7.74923
khanhha_noisy1::Rissbilder_for_Florian_9S6A2859_1580_320_3896_3471.jpg,degraded,khanhha,-0.0132568234703886,6.1143866,7.0295095,7.6919465
khanhha_noisy1::Rissbilder_for_Florian_9S6A2859_1796_34_3392_3713.jpg,neutral,khanhha,0.0099545176805681,6.1621056,7.060923,7.6896996
khanhha_noisy1::Rissbilder_for_Florian_9S6A2859_2073_725_3430_2687.jpg,degraded,khanhha,-0.0530471638176828,6.1468325,6.991353,7.701733
khanhha_noisy1::Rissbilder_for_Florian_9S6A2860_109_355_3609_3381.jpg,degraded,khanhha,-0.0118241937026492,6.02525,7.0008006,7.7154465
khanhha_noisy1::Rissbilder_for_Florian_9S6A2860_2652_869_3027_2537.jpg,improved,khanhha,0.0122068632655973,5.6170063,6.887849,7.758142
khanhha_noisy1::Rissbilder_for_Florian_9S6A2860_476_406_3989_3027.jpg,neutral,khanhha,0.0024360711412416,5.627638,6.987636,7.724955
khanhha_noisy1::Rissbilder_for_Florian_9S6A2860_707_1403_2200_2149.jpg,improved,khanhha,0.0347006887543046,6.1171837,6.9558835,7.723377
khanhha_noisy1::Rissbilder_for_Florian_9S6A2861_1002_825_2601_2341.jpg,degraded,khanhha,-0.0167211851183426,5.250007,7.0849333,7.8207126
khanhha_noisy1::Rissbilder_for_Florian_9S6A2861_327_851_2964_3474.jpg,degraded,khanhha,-0.0144056600724996,5.240499,7.072132,7.8244596
khanhha_noisy1::Rissbilder_for_Florian_9S6A2861_716_324_2856_3710.jpg,degraded,khanhha,-0.034996538175963,5.2262874,7.0756793,7.8128214
khanhha_noisy1::Rissbilder_for_Florian_9S6A2862_13_1221_3798_4291.jpg,neutral,khanhha,0.0070906105388864,4.9079356,7.225707,8.09309
khanhha_noisy1::Rissbilder_for_Florian_9S6A2862_16_760_3062_2984.jpg,degraded,khanhha,-0.0286652061240221,4.846234,7.263155,8.138397
khanhha_noisy1::Rissbilder_for_Florian_9S6A2862_54_2006_3577_3513.jpg,neutral,khanhha,0.0068746885187929,4.840872,7.2646413,8.122118
khanhha_noisy1::Rissbilder_for_Florian_9S6A2862_550_1911_3038_3042.jpg,improved,khanhha,0.0204359270103214,4.886948,7.246457,8.127399
khanhha_noisy1::Rissbilder_for_Florian_9S6A2863_312_1094_3025_3361.jpg,degraded,khanhha,-0.0624674293993938,5.8505573,6.5767508,8.080048
khanhha_noisy1::Rissbilder_for_Florian_9S6A2863_423_3163_2502_2009.jpg,neutral,khanhha,-0.0037512293811139,5.3989944,7.0105085,7.7697015
khanhha_noisy1::Rissbilder_for_Florian_9S6A2864_0_0_3840_5760.jpg,degraded,khanhha,-0.0178898538718628,6.533125,6.631403,7.6859903
khanhha_noisy1::Rissbilder_for_Florian_9S6A2864_474_1863_3308_2536.jpg,neutral,khanhha,-0.0026310856327127,6.3911085,6.1994348,7.8216333
khanhha_noisy1::Rissbilder_for_Florian_9S6A2864_95_886_3690_4688.jpg,degraded,khanhha,-0.0201075989253374,6.396051,6.38163,7.837722
khanhha_noisy1::Rissbilder_for_Florian_9S6A2865_215_1866_2936_3607.jpg,neutral,khanhha,-0.0049082633683479,6.835983,5.44634,8.008772
khanhha_noisy1::Rissbilder_for_Florian_9S6A2865_321_3005_2468_2755.jpg,neutral,khanhha,-0.0048735754035985,6.885955,5.415484,7.9783697
khanhha_noisy1::Rissbilder_for_Florian_9S6A2865_402_376_2830_3345.jpg,improved,khanhha,0.0109270535762594,6.8621655,5.5418763,7.963977
khanhha_noisy1::Rissbilder_for_Florian_9S6A2865_415_206_2924_3039.jpg,neutral,khanhha,-0.0097401747576492,6.863841,5.5294466,7.9503026
khanhha_noisy1::Rissbilder_for_Florian_9S6A2865_48_35_3665_3847.jpg,degraded,khanhha,-0.0140884859455189,6.870269,5.5486994,7.951554
khanhha_noisy1::Rissbilder_for_Florian_9S6A2865_874_516_2613_2236.jpg,improved,khanhha,0.3864910129511521,6.966177,5.4788938,7.921004
khanhha_noisy1::Rissbilder_for_Florian_9S6A2866_277_585_3310_3706.jpg,degraded,khanhha,-0.0182609087270643,6.165116,6.8553357,7.715974
khanhha_noisy1::Rissbilder_for_Florian_9S6A2866_643_1201_2050_2536.jpg,degraded,khanhha,-0.1764010813312396,6.186908,6.967166,7.7131824
khanhha_noisy1::Rissbilder_for_Florian_9S6A2867_114_180_3373_2642.jpg,improved,khanhha,0.0573911005569935,6.488852,6.7169547,7.9035616
khanhha_noisy1::Rissbilder_for_Florian_9S6A2867_249_168_3377_3485.jpg,neutral,khanhha,-0.0041756387889075,6.4699683,6.728575,7.9489355
khanhha_noisy1::Rissbilder_for_Florian_9S6A2867_26_155_3813_3142.jpg,degraded,khanhha,-0.0100502191583669,6.534169,6.769487,7.957288
khanhha_noisy1::Rissbilder_for_Florian_9S6A2867_515_377_2926_3568.jpg,degraded,khanhha,-0.0371851259496202,6.500306,6.7572675,7.9454465
khanhha_noisy1::Rissbilder_for_Florian_9S6A2867_657_766_2790_3388.jpg,neutral,khanhha,-0.0022225902750566,6.484882,6.740386,7.9444847
khanhha_noisy1::Rissbilder_for_Florian_9S6A2868_169_34_3542_2947.jpg,degraded,khanhha,-0.0366637908280444,6.528996,6.7119503,7.7545786
khanhha_noisy1::Rissbilder_for_Florian_9S6A2868_252_1319_2263_2294.jpg,improved,khanhha,0.0275775274204262,6.4939766,6.581318,7.8116727
khanhha_noisy1::Rissbilder_for_Florian_9S6A2868_257_950_3108_3346.jpg,degraded,khanhha,-0.0135098332386999,6.478714,6.589702,7.831037
khanhha_noisy1::Rissbilder_for_Florian_9S6A2868_353_804_2737_3193.jpg,degraded,khanhha,-0.0173353166442926,6.532877,6.626343,7.7823067
khanhha_noisy1::Rissbilder_for_Florian_9S6A2868_867_2101_2821_2989.jpg,neutral,khanhha,0.0017992470423457,6.537678,6.5857267,7.7674026
khanhha_noisy1::Rissbilder_for_Florian_9S6A2869_107_1230_3580_4395.jpg,neutral,khanhha,-0.0066073473214308,6.523887,6.785294,7.9690742
khanhha_noisy1::Rissbilder_for_Florian_9S6A2869_1234_372_2013_2272.jpg,neutral,khanhha,0.0,6.942903,7.6222477,7.354333
khanhha_noisy1::Rissbilder_for_Florian_9S6A2869_171_1902_3454_3763.jpg,degraded,khanhha,-0.0696634565994051,6.5245466,6.749727,7.9575224
khanhha_noisy1::Rissbilder_for_Florian_9S6A2869_37_1430_3692_3865.jpg,improved,khanhha,0.0724833720793006,6.503173,6.704477,7.980164
khanhha_noisy1::Rissbilder_for_Florian_9S6A2869_6_538_3621_3662.jpg,degraded,khanhha,-0.0669875039914019,6.522982,6.7416244,7.974315
khanhha_noisy1::Rissbilder_for_Florian_9S6A2869_855_1425_2447_2662.jpg,degraded,khanhha,-0.0989430610837402,6.5065227,6.7464457,7.9287963
khanhha_noisy1::Rissbilder_for_Florian_9S6A2869_878_3059_2683_2082.jpg,neutral,khanhha,0.0,6.989195,7.583246,7.3289833
khanhha_noisy1::Rissbilder_for_Florian_9S6A2870_121_518_3261_3345.jpg,degraded,khanhha,-0.0134284851547743,6.2951226,7.1382413,7.6559143
khanhha_noisy1::Rissbilder_for_Florian_9S6A2870_504_1261_2761_3438.jpg,neutral,khanhha,0.0,6.7983484,7.5236225,7.3921633
khanhha_noisy1::Rissbilder_for_Florian_9S6A2873_0_0_5760_3840.jpg,neutral,khanhha,-0.000519917312545,4.490254,7.4397163,8.304592
khanhha_noisy1::Rissbilder_for_Florian_9S6A2873_244_84_4072_3620.jpg,degraded,khanhha,-0.0351806992308648,4.5412006,7.4009485,8.292923
khanhha_noisy1::Rissbilder_for_Florian_9S6A2873_904_515_2792_2550.jpg,improved,khanhha,0.0489028733159507,4.5867586,7.3659205,8.2814865
khanhha_noisy1::Rissbilder_for_Florian_9S6A2873_905_438_3442_2738.jpg,improved,khanhha,0.0481058104887475,4.4905243,7.412438,8.291496
khanhha_noisy1::Rissbilder_for_Florian_9S6A2873_930_236_3379_3204.jpg,improved,khanhha,0.0486744514191646,4.5521216,7.374828,8.269034
khanhha_noisy1::Rissbilder_for_Florian_9S6A2874_251_526_2458_2696.jpg,degraded,khanhha,-0.0217367884812505,4.2940154,7.5201907,8.214691
khanhha_noisy1::Rissbilder_for_Florian_9S6A2875_169_1864_3516_3562.jpg,improved,khanhha,0.0133136963793651,4.351065,7.3422384,7.9149623
khanhha_noisy1::Rissbilder_for_Florian_9S6A2875_228_47_2676_2777.jpg,degraded,khanhha,-0.0127597055272358,4.4225726,7.259024,7.879404
khanhha_noisy1::Rissbilder_for_Florian_9S6A2875_36_523_3631_3027.jpg,neutral,khanhha,-0.0022610648406917,4.4784813,7.225747,7.9205
khanhha_noisy1::Rissbilder_for_Florian_9S6A2875_97_864_3672_4225.jpg,improved,khanhha,0.0113345720163455,4.472238,7.247927,7.9405055
khanhha_noisy1::Rissbilder_for_Florian_9S6A2876_169_722_2977_3880.jpg,degraded,khanhha,-0.0559489186998671,5.667946,6.073617,7.968856
khanhha_noisy1::Rissbilder_for_Florian_9S6A2876_79_1349_3734_3387.jpg,degraded,khanhha,-0.0474398427743293,5.6660576,5.9938645,7.9490995
khanhha_noisy1::Rissbilder_for_Florian_9S6A2876_800_744_2945_3705.jpg,degraded,khanhha,-0.1029826531956124,5.6683197,6.056799,7.9499183
khanhha_noisy1::Rissbilder_for_Florian_9S6A2877_304_1360_2589_2329.jpg,degraded,khanhha,-0.0343014029374565,5.7291913,6.1283727,8.030119
khanhha_noisy1::Rissbilder_for_Florian_9S6A2877_417_140_3357_4443.jpg,neutral,khanhha,-0.0085262252028932,5.516942,6.304529,8.051897
khanhha_noisy1::Rissbilder_for_Florian_9S6A2877_472_1716_2206_2901.jpg,degraded,khanhha,-0.0494651172287473,5.5882816,6.155284,7.991391
khanhha_noisy1::Rissbilder_for_Florian_9S6A2878_186_801_3630_3688.jpg,degraded,khanhha,-0.0509291539655722,5.8514695,5.8789363,7.9440374
khanhha_noisy1::Rissbilder_for_Florian_9S6A2878_287_270_3223_3935.jpg,degraded,khanhha,-0.0383218889181679,5.79332,5.8871603,7.948823
khanhha_noisy1::Rissbilder_for_Florian_9S6A2878_29_861_3713_4568.jpg,degraded,khanhha,-0.0235220456567764,5.793598,6.067766,8.059532
khanhha_noisy1::Rissbilder_for_Florian_9S6A2878_373_2066_2452_3245.jpg,neutral,khanhha,0.0024817776539471,5.82679,6.051059,8.053701
khanhha_noisy1::Rissbilder_for_Florian_9S6A2878_67_878_2624_2752.jpg,degraded,khanhha,-0.0170100224513992,5.8519077,5.8709373,7.905013
khanhha_noisy1::Rissbilder_for_Florian_9S6A2878_861_28_2800_2885.jpg,neutral,khanhha,0.0081004593734879,5.933849,5.804713,7.8708053
khanhha_noisy1::Rissbilder_for_Florian_9S6A2879_0_0_5760_3840.jpg,neutral,khanhha,0.0034241848614598,4.5130534,7.2641044,8.058248
khanhha_noisy1::Rissbilder_for_Florian_9S6A2879_1312_923_2418_2909.jpg,degraded,khanhha,-0.0538651796742944,4.7251096,7.023734,7.9606357
khanhha_noisy1::Rissbilder_for_Florian_9S6A2879_1320_542_3826_3214.jpg,neutral,khanhha,-0.0031667414290712,4.6011915,7.1598825,8.005582
khanhha_noisy1::Rissbilder_for_Florian_9S6A2880_1244_1022_2375_2527.jpg,degraded,khanhha,-0.0313272846057151,5.3649096,6.331847,7.925661
khanhha_noisy1::Rissbilder_for_Florian_9S6A2880_131_2019_3358_3435.jpg,degraded,khanhha,-0.0332870247339227,5.341044,6.40189,7.931254
khanhha_noisy1::Rissbilder_for_Florian_9S6A2880_1_709_3836_3003.jpg,neutral,khanhha,-0.0032958780239915,5.3217273,6.3498588,7.940047
khanhha_noisy1::Rissbilder_for_Florian_9S6A2880_277_388_3305_4321.jpg,neutral,khanhha,-0.0069700967355882,5.304963,6.4197536,7.9521813
khanhha_noisy1::Rissbilder_for_Florian_9S6A2881_0_0_3840_5760.jpg,improved,khanhha,0.1171566707964671,4.4283075,7.5094414,8.219553
khanhha_noisy1::Rissbilder_for_Florian_9S6A2881_1046_39_2575_3270.jpg,neutral,khanhha,0.0004144572428532,4.3689947,7.4832773,8.252734
khanhha_noisy1::Rissbilder_for_Florian_9S6A2881_277_1792_3424_2971.jpg,neutral,khanhha,0.0051162737854233,4.313073,7.481772,8.115679
khanhha_noisy1::Rissbilder_for_Florian_9S6A2881_77_297_3144_3819.jpg,neutral,khanhha,0.0028611271118871,4.2681637,7.4340773,8.015929
khanhha_noisy1::Rissbilder_for_Florian_9S6A2882_346_490_2497_1975.jpg,degraded,khanhha,-0.0228543500065526,4.2438474,7.507297,8.073873
khanhha_noisy1::Rissbilder_for_Florian_9S6A2882_458_1944_3282_2844.jpg,neutral,khanhha,0.0001772401094535,4.137024,7.5074553,7.8629665
khanhha_noisy1::Rissbilder_for_Florian_9S6A2883_0_0_3840_5760.jpg,degraded,khanhha,-0.1095340012043425,4.437449,7.4506154,8.297883
khanhha_noisy1::Rissbilder_for_Florian_9S6A2883_290_1780_2688_2984.jpg,degraded,khanhha,-0.0824858739663442,4.4556923,7.2405353,7.918276
khanhha_noisy1::Rissbilder_for_Florian_9S6A2884_103_1141_3407_4451.jpg,degraded,khanhha,-0.0101594769444668,4.149393,7.478066,7.8314424
khanhha_noisy1::Rissbilder_for_Florian_9S6A2884_158_1281_3498_4054.jpg,neutral,khanhha,-0.0079498213227689,4.1761565,7.4936194,7.8823524
khanhha_noisy1::Rissbilder_for_Florian_9S6A2884_197_1323_3592_3665.jpg,degraded,khanhha,-0.014957808589761,4.176511,7.4727087,7.8766813
khanhha_noisy1::Rissbilder_for_Florian_9S6A2884_19_1803_3537_2796.jpg,neutral,khanhha,0.0075630434722586,4.1800222,7.480521,7.870988
khanhha_noisy1::Rissbilder_for_Florian_9S6A2885_167_1375_2073_2363.jpg,improved,khanhha,0.0148059774545342,4.1407347,7.522035,7.867915
khanhha_noisy1::Rissbilder_for_Florian_9S6A2885_67_973_3621_3313.jpg,improved,khanhha,0.02618300881857,4.119462,7.5745573,7.8880076
khanhha_noisy1::Rissbilder_for_Florian_9S6A2885_82_1409_2816_3479.jpg,degraded,khanhha,-0.0133519629760844,4.1346283,7.5243297,7.879479
khanhha_noisy1::Rissbilder_for_Florian_9S6A2886_106_479_3642_4594.jpg,neutral,khanhha,0.0074569437139938,4.5879145,7.3785176,8.149725
khanhha_noisy1::Rissbilder_for_Florian_9S6A2886_110_1312_3454_3075.jpg,neutral,khanhha,-0.007021241818391,4.5789475,7.298818,8.082318
khanhha_noisy1::Rissbilder_for_Florian_9S6A2886_12_1171_3583_2973.jpg,neutral,khanhha,-0.0054314491235643,4.525874,7.354197,8.125554
khanhha_noisy1::Rissbilder_for_Florian_9S6A2886_273_2665_2929_2302.jpg,neutral,khanhha,-0.0094094466441018,4.549396,7.3101273,8.093336
khanhha_noisy1::Rissbilder_for_Florian_9S6A2886_695_71_2627_3457.jpg,degraded,khanhha,-0.0231908509975062,4.6763825,7.184333,7.9880943
khanhha_noisy1::Rissbilder_for_Florian_9S6A2886_984_32_2437_2598.jpg,degraded,khanhha,-0.0834777697593422,4.772262,7.2000356,7.979806
khanhha_noisy1::Rissbilder_for_Florian_9S6A2887_452_483_3013_2564.jpg,neutral,khanhha,0.0016308144526604,5.625501,6.115938,7.8169956
khanhha_noisy1::Rissbilder_for_Florian_9S6A2887_749_2501_3000_2991.jpg,neutral,khanhha,0.0034555249990168,5.6148944,6.0489125,7.890564
khanhha_noisy1::Rissbilder_for_Florian_9S6A2888_133_918_3617_3712.jpg,degraded,khanhha,-0.0124920970004004,4.607058,7.1793714,7.9790974
khanhha_noisy1::Rissbilder_for_Florian_9S6A2889_470_1014_3063_3785.jpg,neutral,khanhha,-0.0043885268863365,4.4778094,8.006041,9.528684
khanhha_noisy1::Rissbilder_for_Florian_9S6A2889_671_2114_2686_3238.jpg,neutral,khanhha,-0.0075172766445312,4.478604,7.9955287,9.508969
khanhha_noisy1::Rissbilder_for_Florian_9S6A2890_0_0_3840_5760.jpg,degraded,khanhha,-0.0185722026541631,4.3616986,8.15708,9.649322
khanhha_noisy1::Rissbilder_for_Florian_9S6A2890_1213_1864_1830_2425.jpg,neutral,khanhha,-0.0096126407826037,4.542227,7.986533,9.530495
khanhha_noisy1::Rissbilder_for_Florian_9S6A2892_103_890_2526_2526.jpg,degraded,khanhha,-0.0201755017352753,5.050795,7.063556,7.842012
khanhha_noisy1::Rissbilder_for_Florian_9S6A2892_1086_390_3050_2813.jpg,degraded,khanhha,-0.0355008955358172,4.749626,7.1784625,7.8868785
khanhha_noisy1::Rissbilder_for_Florian_9S6A2892_1754_604_2639_2889.jpg,degraded,khanhha,-0.0707036848468661,5.010579,7.092485,7.8594437
khanhha_noisy1::Rissbilder_for_Florian_9S6A2893_46_3035_3311_2720.jpg,neutral,khanhha,-0.0025595996682444,5.3855953,6.423723,7.9220614
khanhha_noisy1::Rissbilder_for_Florian_9S6A2893_986_2947_2387_2036.jpg,improved,khanhha,0.0182142983480136,5.6153374,6.3438425,7.798464
khanhha_noisy1::Rissbilder_for_Florian_9S6A2894_2035_188_3164_3103.jpg,degraded,khanhha,-0.015135687895848,4.4056783,7.403649,8.042944
khanhha_noisy1::Rissbilder_for_Florian_9S6A2894_2274_588_3314_3190.jpg,degraded,khanhha,-0.0196378987234766,4.2514253,7.4626045,7.878679
khanhha_noisy1::Rissbilder_for_Florian_9S6A2895_46_163_3635_3331.jpg,improved,khanhha,0.025825335668223,4.1199346,7.528147,7.868589
khanhha_noisy1::Rissbilder_for_Florian_9S6A2896_0_0_3840_5760.jpg,neutral,khanhha,0.0062750059318433,4.543087,7.572545,8.238852
khanhha_noisy1::Rissbilder_for_Florian_9S6A2896_1287_1184_2528_1916.jpg,improved,khanhha,0.1493871682872095,5.9702106,7.856679,8.416428
khanhha_noisy1::Rissbilder_for_Florian_9S6A2896_1446_730_2288_2912.jpg,improved,khanhha,0.0694332505972281,5.965297,8.056234,8.560113
khanhha_noisy1::Rissbilder_for_Florian_9S6A2896_28_1443_3701_3540.jpg,improved,khanhha,0.0342339887103173,4.587263,7.5813923,8.251943
khanhha_noisy1::Rissbilder_for_Florian_9S6A2896_616_2037_3008_3401.jpg,neutral,khanhha,0.0028244321803116,4.486403,7.5037956,8.205559
khanhha_noisy1::Rissbilder_for_Florian_9S6A2896_788_3134_2243_2150.jpg,improved,khanhha,0.0316736681300723,4.341521,7.608451,8.365326
khanhha_noisy1::Rissbilder_for_Florian_9S6A2897_1309_1879_2158_2129.jpg,neutral,khanhha,-0.0092070058847222,4.4760685,7.2768292,7.9723787
khanhha_noisy1::Rissbilder_for_Florian_9S6A2897_161_1181_3216_3670.jpg,neutral,khanhha,-0.0027622767378996,4.2652926,7.415281,7.880473
khanhha_noisy1::Rissbilder_for_Florian_9S6A2897_480_85_2898_3545.jpg,degraded,khanhha,-0.0117529827177071,4.2610245,7.4385486,7.9044857
khanhha_noisy1::Rissbilder_for_Florian_9S6A2897_575_1892_2708_3567.jpg,neutral,khanhha,-0.001941560456798,4.540991,7.2588587,8.034693
khanhha_noisy1::Rissbilder_for_Florian_9S6A2897_9_818_3756_3081.jpg,degraded,khanhha,-0.0133507538324075,4.2387733,7.444816,7.9007154
khanhha_noisy1::Rissbilder_for_Florian_9S6A2900_113_3085_3124_2494.jpg,neutral,khanhha,-0.0091395805629075,4.5697174,7.150347,8.006787
khanhha_noisy1::Rissbilder_for_Florian_9S6A2900_163_3290_2437_2240.jpg,degraded,khanhha,-0.0293849211475057,4.5638056,7.182864,7.9846826
khanhha_noisy1::Rissbilder_for_Florian_9S6A2900_197_1041_3309_3760.jpg,neutral,khanhha,0.0019324441651257,4.431606,7.2709794,7.9322624
khanhha_noisy1::Rissbilder_for_Florian_9S6A2901_0_0_3840_5760.jpg,neutral,khanhha,0.0017530125124091,6.662243,6.349734,7.931775
khanhha_noisy1::Rissbilder_for_Florian_9S6A2901_55_3400_2984_2240.jpg,improved,khanhha,0.021895819608606,6.7102604,6.1371965,7.9583755
khanhha_noisy1::Rissbilder_for_Florian_9S6A2901_67_161_3343_3273.jpg,improved,khanhha,0.0103415274009476,6.678746,6.302015,7.927139
khanhha_noisy1::Rissbilder_for_Florian_9S6A2902_0_0_3840_5760.jpg,degraded,khanhha,-0.0117318410083711,5.549224,6.548353,7.5649676
khanhha_noisy1::Rissbilder_for_Florian_9S6A2902_163_2262_3171_3274.jpg,improved,khanhha,0.0164983291162197,5.4142723,6.668627,7.5602903
khanhha_noisy1::Rissbilder_for_Florian_9S6A2902_192_967_2598_2117.jpg,degraded,khanhha,-0.0171272266169998,5.3797965,6.6565323,7.4337173
khanhha_noisy1::Rissbilder_for_Florian_9S6A2903_385_511_3375_3468.jpg,neutral,khanhha,-0.0081281120552149,5.339043,6.664976,7.513368
khanhha_noisy1::Rissbilder_for_Florian_9S6A2903_438_739_2998_2746.jpg,neutral,khanhha,-0.0005184193598859,5.274603,6.6424227,7.4873786
khanhha_noisy1::Rissbilder_for_Florian_9S6A2904_447_893_3086_3169.jpg,degraded,khanhha,-0.0118025876962698,5.865075,6.097835,7.5795918
khanhha_noisy1::Rissbilder_for_Florian_9S6A2904_78_719_3211_3093.jpg,neutral,khanhha,-0.0011646535607272,5.929472,6.189992,7.5087013
khanhha_noisy1::Rissbilder_for_Florian_9S6A2904_86_208_2615_2808.jpg,improved,khanhha,0.0249238438105787,6.100914,6.1587706,7.467816
khanhha_noisy1::Rissbilder_for_Florian_9S6A2905_1082_994_2878_2819.jpg,improved,khanhha,0.0282388313108268,6.068087,6.1465516,7.4508543
khanhha_noisy1::Rissbilder_for_Florian_9S6A2905_153_412_3269_2899.jpg,degraded,khanhha,-0.0601677047224631,5.993523,6.2038994,7.4508166
khanhha_noisy1::Rissbilder_for_Florian_9S6A2905_2363_42_2827_2612.jpg,improved,khanhha,0.0419016181701586,6.038553,6.111726,7.498182
khanhha_noisy1::Rissbilder_for_Florian_9S6A2905_795_159_2896_2675.jpg,degraded,khanhha,-0.0147699829082963,6.040873,6.155333,7.465448
khanhha_noisy1::Rissbilder_for_Florian_9S6A2905_928_88_4020_3658.jpg,neutral,khanhha,-0.0012923740159588,5.9154835,6.236993,7.4963756
khanhha_noisy1::Rissbilder_for_Florian_9S6A2906_0_0_3840_5760.jpg,degraded,khanhha,-0.0208641190778138,5.313532,6.8081665,7.8123293
khanhha_noisy1::Rissbilder_for_Florian_9S6A2906_358_658_3398_3904.jpg,neutral,khanhha,-0.0039091552889065,5.3466387,6.789595,7.7367935
khanhha_noisy1::Rissbilder_for_Florian_9S6A2906_52_256_3772_3845.jpg,degraded,khanhha,-0.0134639294166561,5.351136,6.7889194,7.7349234
khanhha_noisy1::Rissbilder_for_Florian_9S6A2906_54_350_3631_4518.jpg,neutral,khanhha,-0.0087561902911371,5.342388,6.770601,7.7881646
khanhha_noisy1::Rissbilder_for_Florian_9S6A2906_67_759_3263_3857.jpg,neutral,khanhha,0.0003198192127986,5.363741,6.7781687,7.692714
khanhha_noisy1::Rissbilder_for_Florian_9S6A2908_1091_77_2830_3744.jpg,degraded,khanhha,-0.021006372427727,5.414332,6.8136444,7.619831
khanhha_noisy1::Rissbilder_for_Florian_9S6A2908_1096_896_2445_1861.jpg,improved,khanhha,0.045549345102089,5.367861,6.7549505,7.5846386
khanhha_noisy1::Rissbilder_for_Florian_9S6A2908_1599_736_3074_2729.jpg,degraded,khanhha,-0.013436107343538,5.406357,6.7177415,7.566693
khanhha_noisy1::Rissbilder_for_Florian_9S6A2909_191_2009_3191_3109.jpg,degraded,khanhha,-0.0740994228491819,6.6110687,6.340052,7.9789824
khanhha_noisy1::Rissbilder_for_Florian_9S6A2909_36_61_3613_3826.jpg,degraded,khanhha,-0.2264424426757029,6.597626,6.4785323,7.9284244
khanhha_noisy1::Rissbilder_for_Florian_9S6A2909_485_850_3106_4081.jpg,degraded,khanhha,-0.1798210164606564,6.6245675,6.5172167,7.9562426
khanhha_noisy1::Rissbilder_for_Florian_9S6A2910_0_0_3840_5760.jpg,neutral,khanhha,-0.0045155298381012,6.560968,5.9028068,7.5917077
khanhha_noisy1::Rissbilder_for_Florian_9S6A2910_113_175_3097_2360.jpg,degraded,khanhha,-0.0362215038575232,6.3452435,5.9851236,7.5366554
khanhha_noisy1::Rissbilder_for_Florian_9S6A2910_43_1959_3615_3077.jpg,neutral,khanhha,0.0092347657662751,6.5267444,5.8225813,7.6845827
khanhha_noisy1::Rissbilder_for_Florian_9S6A2910_59_1878_2063_2153.jpg,neutral,khanhha,-0.0068574352556391,6.378796,5.8634157,7.6342034
khanhha_noisy1::Rissbilder_for_Florian_9S6A2910_880_2365_2685_2887.jpg,neutral,khanhha,0.0062928071039858,6.5645475,5.7705436,7.6512523
khanhha_noisy1::Rissbilder_for_Florian_9S6A2911_1125_1393_2108_2755.jpg,improved,khanhha,0.0159594416278908,5.9300575,6.3938026,7.51781
khanhha_noisy1::Rissbilder_for_Florian_9S6A2911_323_1692_3460_3572.jpg,degraded,khanhha,-0.0152902212003335,4.56214,7.322443,8.157718
khanhha_noisy1::Rissbilder_for_Florian_9S6A2912_0_0_3840_5760.jpg,degraded,khanhha,-0.0376432711280455,6.6135416,6.87174,8.066778
khanhha_noisy1::Rissbilder_for_Florian_9S6A2912_255_1175_3429_3203.jpg,neutral,khanhha,-0.0068325071532355,6.6437593,6.641537,8.021664
khanhha_noisy1::Rissbilder_for_Florian_9S6A2912_85_369_3711_3429.jpg,degraded,khanhha,-0.0915449695275166,6.5935135,6.483087,8.049568
khanhha_noisy1::Rissbilder_for_Florian_9S6A2913_20_297_2640_2502.jpg,degraded,khanhha,-0.0581652390163028,6.7213426,5.9669375,7.5771837
khanhha_noisy1::Rissbilder_for_Florian_9S6A2913_320_3010_3339_2578.jpg,degraded,khanhha,-0.0129124182274203,6.767162,5.8871818,7.6073484
khanhha_noisy1::Rissbilder_for_Florian_9S6A2913_321_16_3485_4543.jpg,degraded,khanhha,-0.1889044188796903,6.72703,5.9374757,7.5895224
khanhha_noisy1::Rissbilder_for_Florian_9S6A2914_10_816_3799_4560.jpg,neutral,khanhha,-0.0003774742709033,6.5564823,6.278161,7.5799804
khanhha_noisy1::Rissbilder_for_Florian_9S6A2914_165_203_2511_2307.jpg,improved,khanhha,0.0157837648970114,6.6938863,5.927527,7.570861
khanhha_noisy1::Rissbilder_for_Florian_9S6A2914_601_1274_2657_3363.jpg,degraded,khanhha,-0.0223844138436612,6.6755567,5.9309344,7.566349
khanhha_noisy1::Rissbilder_for_Florian_9S6A2914_61_827_3521_3770.jpg,degraded,khanhha,-0.0319829833792436,6.6654,5.976506,7.562481
khanhha_noisy1::Rissbilder_for_Florian_9S6A2914_864_1519_2861_3089.jpg,improved,khanhha,0.0199645173221812,6.686814,5.935085,7.537571
khanhha_noisy1::Rissbilder_for_Florian_9S6A2915_1128_2752_2373_2395.jpg,degraded,khanhha,-0.0889952996474735,6.674447,5.984761,7.5185485
khanhha_noisy1::Rissbilder_for_Florian_9S6A2915_757_2194_2406_2383.jpg,neutral,khanhha,0.0068030304656673,6.7090425,5.9228506,7.558026
khanhha_noisy1::Rissbilder_for_Florian_9S6A2916_1381_1379_2811_2259.jpg,neutral,khanhha,-0.0097499981114129,6.5766025,5.994655,7.6616096
khanhha_noisy1::Rissbilder_for_Florian_9S6A2916_1475_441_4120_3342.jpg,improved,khanhha,0.0119364995899204,6.39829,6.235185,7.701458
khanhha_noisy1::Rissbilder_for_Florian_9S6A2916_2449_405_2485_3276.jpg,improved,khanhha,0.0312730250263716,6.4096723,6.3001933,7.6595407
khanhha_noisy1::Rissbilder_for_Florian_9S6A2916_26_880_2781_2363.jpg,degraded,khanhha,-0.1714577557274186,6.650267,5.9841595,7.55706
khanhha_noisy1::Rissbilder_for_Florian_9S6A2916_361_66_3733_3710.jpg,improved,khanhha,0.0115739416403433,6.5256796,6.132022,7.582762
khanhha_noisy1::Rissbilder_for_Florian_9S6A2917_0_74_3825_4343.jpg,neutral,khanhha,0.0,6.77644,5.819092,7.5986443
khanhha_noisy1::Rissbilder_for_Florian_9S6A2917_313_1519_3434_4037.jpg,degraded,khanhha,-0.051890846583584,6.770226,5.844181,7.6068177
khanhha_noisy1::Rissbilder_for_Florian_9S6A2917_486_1027_3148_3681.jpg,degraded,khanhha,-0.1115853300422148,6.7899375,5.851012,7.6330194
khanhha_noisy1::Rissbilder_for_Florian_9S6A2917_599_2662_2081_2529.jpg,neutral,khanhha,0.0,6.799044,5.7576113,7.638358
khanhha_noisy1::Rissbilder_for_Florian_9S6A2918_430_1739_2794_3223.jpg,degraded,khanhha,-0.0110274264304514,5.534366,6.769099,7.671406
khanhha_noisy1::Rissbilder_for_Florian_9S6A2919_1008_848_2956_2327.jpg,neutral,khanhha,-0.0044554928334569,5.9867167,6.228989,7.485538
khanhha_noisy1::Rissbilder_for_Florian_9S6A2919_1139_6_3401_3091.jpg,neutral,khanhha,-0.001319575834801,5.944251,6.250061,7.49959
khanhha_noisy1::Rissbilder_for_Florian_9S6A2919_311_375_3331_2605.jpg,neutral,khanhha,0.0083899378118069,5.9472756,6.258708,7.438634
khanhha_noisy1::Rissbilder_for_Florian_9S6A2919_910_611_3253_2887.jpg,improved,khanhha,0.036373202465715,5.9405622,6.2656393,7.4682183
khanhha_noisy1::Rissbilder_for_Florian_9S6A2923_1668_185_3721_3137.jpg,neutral,khanhha,0.003156929014254,6.759428,5.8007517,7.6484146
khanhha_noisy1::Rissbilder_for_Florian_9S6A2923_49_326_3736_3442.jpg,degraded,khanhha,-0.0437745177489725,6.6235,6.201408,7.5279927
khanhha_noisy1::Rissbilder_for_Florian_9S6A2923_875_539_3052_2796.jpg,neutral,khanhha,0.0001959265964474,6.723848,5.7582617,7.6995893
khanhha_noisy1::Rissbilder_for_Florian_9S6A3085_46_1568_3730_4175.jpg,improved,khanhha,0.1770394980989658,4.439528,9.81946,11.516149
khanhha_noisy1::Rissbilder_for_Florian_9S6A3085_497_692_2640_2077.jpg,improved,khanhha,0.1905423715266721,4.3788867,9.814882,11.510029
khanhha_noisy1::Rissbilder_for_Florian_9S6A3085_67_497_3262_3700.jpg,improved,khanhha,0.11246861459745,4.378333,9.774177,11.481456
khanhha_noisy1::Rissbilder_for_Florian_9S6A3087_146_59_3684_4477.jpg,neutral,khanhha,0.000415497364154,6.5069623,6.0776925,8.201335
khanhha_noisy1::Rissbilder_for_Florian_9S6A3088_370_2375_2620_2464.jpg,neutral,khanhha,0.0064375584650926,6.15945,6.289324,8.157716
khanhha_noisy1::Rissbilder_for_Florian_9S6A3089_0_0_3840_5760.jpg,degraded,khanhha,-0.0464616210614223,6.278001,6.2972007,8.229227
khanhha_noisy1::Rissbilder_for_Florian_9S6A3089_369_1679_3470_3717.jpg,neutral,khanhha,-0.0072471343403429,6.2024255,6.2147036,8.160249
khanhha_noisy1::Rissbilder_for_Florian_9S6A3090_836_130_3789_3301.jpg,improved,khanhha,0.0165865728739157,6.0985556,6.173087,8.01995
khanhha_noisy1::Rissbilder_for_Florian_9S6A3090_960_1737_2204_2039.jpg,improved,khanhha,0.0131026982327772,6.1349144,6.4469748,8.129929
khanhha_noisy1::Rissbilder_for_Florian_9S6A3091_375_333_2309_2364.jpg,improved,khanhha,0.0229736112133176,5.1748238,6.6448674,8.136674
khanhha_noisy1::Rissbilder_for_Florian_9S6A3091_481_1320_3311_3035.jpg,degraded,khanhha,-0.0151310317234699,5.724973,6.0391345,8.218011
khanhha_noisy1::Rissbilder_for_Florian_9S6A3092_272_70_2808_2402.jpg,degraded,khanhha,-0.0136568057153403,5.6680603,6.0459113,8.169183
khanhha_noisy1::Rissbilder_for_Florian_9S6A3092_3399_925_2286_2829.jpg,neutral,khanhha,-0.0098864350888684,5.819896,5.853147,8.0948
khanhha_noisy1::Rissbilder_for_Florian_9S6A3092_623_215_3689_2974.jpg,degraded,khanhha,-0.0119100146988442,5.71101,5.957213,8.177143
khanhha_noisy1::Rissbilder_for_Florian_9S6A3093_157_2766_2021_2677.jpg,neutral,khanhha,0.0043688853155341,5.7501945,5.951541,8.20018
khanhha_noisy1::Rissbilder_for_Florian_9S6A3093_616_1617_3135_4052.jpg,neutral,khanhha,0.0014733760104618,5.821178,5.8126116,8.152421
khanhha_noisy1::Rissbilder_for_Florian_9S6A3093_895_2172_2481_2123.jpg,degraded,khanhha,-0.0108650619467257,5.774418,5.9539547,8.222181
khanhha_noisy1::Rissbilder_for_Florian_9S6A3094_17_1195_3751_3661.jpg,degraded,khanhha,-0.0101962933361146,6.043405,6.128208,8.086868
khanhha_noisy1::Rissbilder_for_Florian_9S6A3094_504_2131_3084_3443.jpg,neutral,khanhha,0.004999328105408,5.9060464,6.0311937,8.104587
khanhha_noisy1::Rissbilder_for_Florian_9S6A3094_596_1754_2681_3046.jpg,degraded,khanhha,-0.0331858167747182,6.0618367,6.143675,8.072668
khanhha_noisy1::Rissbilder_for_Florian_9S6A3095_418_2347_2757_3271.jpg,degraded,khanhha,-0.0192691590025066,6.034053,5.871695,8.1489105
khanhha_noisy1::Rissbilder_for_Florian_9S6A3095_514_444_3123_3906.jpg,neutral,khanhha,0.0017029321892817,5.9219885,6.0421643,8.137522
khanhha_noisy1::Rissbilder_for_Florian_9S6A3095_592_717_2568_2704.jpg,degraded,khanhha,-0.0276471620427302,5.860969,6.0242887,8.207619
khanhha_noisy1::Rissbilder_for_Florian_9S6A3095_89_2165_3402_3441.jpg,neutral,khanhha,0.0002829997978572,5.9531126,6.0048914,8.115362
khanhha_noisy1::Rissbilder_for_Florian_9S6A3096_347_506_3372_3116.jpg,improved,khanhha,0.098728931802893,4.370865,9.790409,11.501796
khanhha_noisy1::Rissbilder_for_Florian_9S6A3096_515_1896_2914_2761.jpg,improved,khanhha,0.0847573916100185,4.417305,9.782529,11.488494
khanhha_noisy1::Rissbilder_for_Florian_9S6A3096_899_155_2326_2742.jpg,improved,khanhha,0.0633546886661569,4.397138,9.796776,11.507668
khanhha_noisy1::Rissbilder_for_Florian_9S6A3098_1300_3220_2283_2309.jpg,neutral,khanhha,0.001421422838818,6.2276855,6.3580937,8.025506
khanhha_noisy1::Rissbilder_for_Florian_9S6A3098_64_1239_3474_2730.jpg,degraded,khanhha,-0.4738534076296614,5.993249,5.7978735,8.018515
khanhha_noisy1::Rissbilder_for_Florian_9S6A3098_88_800_3751_4641.jpg,neutral,khanhha,-0.0027863825031982,6.1782026,6.2433853,8.055192
khanhha_noisy1::Rissbilder_for_Florian_9S6A3099_120_26_3496_4484.jpg,degraded,khanhha,-0.0141353108847372,6.0790024,6.128703,8.033529
khanhha_noisy1::Rissbilder_for_Florian_9S6A3099_12_492_3822_3921.jpg,neutral,khanhha,-0.0062770485753177,6.0436077,6.080372,8.008404
khanhha_noisy1::Rissbilder_for_Florian_9S6A3099_441_1535_3289_4016.jpg,neutral,khanhha,-0.0032510507613293,6.1161313,6.097651,8.061403
khanhha_noisy1::Rissbilder_for_Florian_9S6A3099_86_2659_2827_2257.jpg,neutral,khanhha,0.0092219011369221,6.099035,6.027815,7.993887
khanhha_noisy1::Rissbilder_for_Florian_9S6A3100_374_2397_2891_2543.jpg,neutral,khanhha,0.0015733907641888,5.7869825,6.027013,8.1962595
khanhha_noisy1::Rissbilder_for_Florian_9S6A3100_62_648_2874_2646.jpg,neutral,khanhha,0.0008702974891023,5.8975573,5.886595,8.019666
khanhha_noisy1::Rissbilder_for_Florian_9S6A3100_765_387_2677_2632.jpg,neutral,khanhha,0.003098916491575,5.927314,5.8780003,8.052963
khanhha_noisy1::Rissbilder_for_Florian_9S6A3101_1262_2535_2488_2185.jpg,improved,khanhha,0.0527986446857343,5.989903,5.688362,8.048891
khanhha_noisy1::Rissbilder_for_Florian_9S6A3101_148_599_2929_2917.jpg,neutral,khanhha,0.0002891382322098,5.984756,5.7182064,8.015813
khanhha_noisy1::Rissbilder_for_Florian_9S6A3101_487_946_2726_3042.jpg,degraded,khanhha,-0.0203938844969783,6.0922365,5.6406274,8.105518
khanhha_noisy1::Rissbilder_for_Florian_9S6A3102_100_448_3704_4115.jpg,degraded,khanhha,-0.0250527872825001,5.2522445,6.699998,8.191252
khanhha_noisy1::Rissbilder_for_Florian_9S6A3103_225_1283_3432_3981.jpg,neutral,khanhha,0.0022807541937627,4.998804,6.895151,8.150342
khanhha_noisy1::Rissbilder_for_Florian_9S6A3103_43_936_3780_4403.jpg,neutral,khanhha,0.0030805786051962,5.0148306,6.868644,8.183875
khanhha_noisy1::Rissbilder_for_Florian_9S6A3103_446_1371_3306_4182.jpg,neutral,khanhha,0.0069967564788515,4.947957,6.9502015,8.133169
khanhha_noisy1::Rissbilder_for_Florian_9S6A3103_513_1787_2538_2641.jpg,neutral,khanhha,0.001548182029053,5.3000655,6.634061,8.208755
khanhha_noisy1::Rissbilder_for_Florian_9S6A3104_1061_1181_3086_2630.jpg,improved,khanhha,0.0147071738613029,5.103152,6.842295,8.184491
khanhha_noisy1::Rissbilder_for_Florian_9S6A3104_151_147_3971_3570.jpg,neutral,khanhha,0.002227877454085,5.66657,6.6119614,8.175187
khanhha_noisy1::Rissbilder_for_Florian_9S6A3104_783_263_3586_3511.jpg,degraded,khanhha,-0.023441025787608,5.2802577,6.7597523,8.224472
khanhha_noisy1::Rissbilder_for_Florian_9S6A3105_186_619_3616_4246.jpg,degraded,khanhha,-0.0101552646582852,4.9799623,6.9897985,8.260855
khanhha_noisy1::Rissbilder_for_Florian_9S6A3105_871_2904_2401_2180.jpg,degraded,khanhha,-0.0384096024006002,4.67774,7.1393895,7.9988427
khanhha_noisy1::Rissbilder_for_Florian_9S6A3105_95_40_3736_3924.jpg,degraded,khanhha,-0.0101168907968668,5.0378203,6.8780437,8.187885
khanhha_noisy1::Rissbilder_for_Florian_9S6A3106_108_1927_3275_2664.jpg,improved,khanhha,0.0190495076390972,6.1750507,6.26495,8.105448
khanhha_noisy1::Rissbilder_for_Florian_9S6A3106_228_1483_2823_2920.jpg,neutral,khanhha,-0.0021797361691292,6.17186,6.219992,8.097014
khanhha_noisy1::Rissbilder_for_Florian_9S6A3106_310_2925_3257_2813.jpg,degraded,khanhha,-0.0180630254145015,6.1541467,6.36431,8.110148
khanhha_noisy1::Rissbilder_for_Florian_9S6A3106_333_1784_3162_3278.jpg,neutral,khanhha,-0.0029991967406485,6.180706,6.2709317,8.097194
khanhha_noisy1::Rissbilder_for_Florian_9S6A3106_521_315_3058_2943.jpg,neutral,khanhha,0.0034737698111978,6.2117853,6.1661654,8.080168
khanhha_noisy1::Rissbilder_for_Florian_9S6A3106_85_2598_2058_2287.jpg,degraded,khanhha,-0.0164730371326744,6.2093654,6.370399,8.1132765
khanhha_noisy1::Rissbilder_for_Florian_9S6A3106_9_406_3814_4267.jpg,neutral,khanhha,-0.0027166819024369,6.166936,6.2173553,8.100906
khanhha_noisy1::Rissbilder_for_Florian_9S6A3108_130_372_2601_2517.jpg,improved,khanhha,0.0901326070859405,4.411227,9.810185,11.515461
khanhha_noisy1::Rissbilder_for_Florian_9S6A3108_134_412_3328_4228.jpg,improved,khanhha,0.0393261587939155,4.3757396,9.809785,11.530502
khanhha_noisy1::Rissbilder_for_Florian_9S6A3108_160_1043_3170_3960.jpg,improved,khanhha,0.0985863972165707,4.392044,9.820108,11.524619
khanhha_noisy1::Rissbilder_for_Florian_9S6A3108_365_3231_2323_2320.jpg,degraded,khanhha,-0.0399520912278908,4.40169,9.813835,11.517037
khanhha_noisy1::Rissbilder_for_Florian_9S6A3108_43_1162_3415_3672.jpg,improved,khanhha,0.0817264355127933,4.408089,9.789899,11.499404
khanhha_noisy1::Rissbilder_for_Florian_9S6A3108_651_10_2896_3045.jpg,improved,khanhha,0.0774402829992164,4.404934,9.814201,11.519883
khanhha_noisy1::Rissbilder_for_Florian_9S6A3109_163_622_3006_3321.jpg,improved,khanhha,0.0911852788893742,4.434304,9.802452,11.501559
khanhha_noisy1::Rissbilder_for_Florian_9S6A3109_440_362_3337_4316.jpg,improved,khanhha,0.0856042243888967,4.3934894,9.80042,11.526652
khanhha_noisy1::Rissbilder_for_Florian_9S6A3109_793_2237_2466_2142.jpg,improved,khanhha,0.0544427542855098,4.4103913,9.819311,11.522844
khanhha_noisy1::Rissbilder_for_Florian_9S6A3110_0_0_3840_5760.jpg,improved,khanhha,0.0407617504206567,4.407696,9.813195,11.51724
khanhha_noisy1::Rissbilder_for_Florian_9S6A3110_52_945_3558_4432.jpg,improved,khanhha,0.1180206112655848,4.4538097,9.816591,11.467048
khanhha_noisy1::Rissbilder_for_Florian_9S6A3111_42_1509_3500_3908.jpg,improved,khanhha,0.0624842608802445,4.4921074,9.748304,11.43478
khanhha_noisy1::Rissbilder_for_Florian_9S6A3111_601_683_2556_3338.jpg,improved,khanhha,0.1842189826644851,4.7046647,9.595506,11.241555
khanhha_noisy1::Rissbilder_for_Florian_9S6A3112_1296_2688_2055_2721.jpg,degraded,khanhha,-0.0135049972014405,4.599736,9.712371,11.369076
khanhha_noisy1::Rissbilder_for_Florian_9S6A3112_1349_1614_2446_2337.jpg,neutral,khanhha,0.0078917559179945,4.593783,9.714908,11.371485
khanhha_noisy1::Rissbilder_for_Florian_9S6A3113_104_526_3717_3372.jpg,improved,khanhha,0.1503990080193885,4.402723,9.8249855,11.535509
khanhha_noisy1::Rissbilder_for_Florian_9S6A3114_1215_3118_2077_2478.jpg,degraded,khanhha,-0.0132977225651048,4.456987,9.771392,11.465485
khanhha_noisy1::Rissbilder_for_Florian_9S6A3114_358_1983_3344_3063.jpg,neutral,khanhha,-0.007805720695751,4.630344,9.675474,11.332915
khanhha_noisy1::Rissbilder_for_Florian_9S6A3114_871_3543_2822_2137.jpg,degraded,khanhha,-0.0458085681486655,4.469661,9.762055,11.457096
khanhha_noisy1::Rissbilder_for_Florian_9S6A3115_1009_154_4329_3598.jpg,improved,khanhha,0.0954972856297822,4.454868,9.833052,11.524552
khanhha_noisy1::Rissbilder_for_Florian_9S6A3115_1837_674_2470_3120.jpg,improved,khanhha,0.0188817694541376,4.470164,9.800599,11.491575
khanhha_noisy1::Rissbilder_for_Florian_9S6A3115_1867_748_3166_2919.jpg,degraded,khanhha,-0.0322101611412662,4.443475,9.833198,11.524059
khanhha_noisy1::Rissbilder_for_Florian_9S6A3116_390_1097_2997_3963.jpg,improved,khanhha,0.0795068286892405,4.4939327,9.740961,11.42954
khanhha_noisy1::Rissbilder_for_Florian_9S6A3116_555_2380_2956_2340.jpg,improved,khanhha,0.0323482540544344,4.5639224,9.734245,11.40026
khanhha_noisy1::Rissbilder_for_Florian_9S6A3117_0_0_3840_5760.jpg,improved,khanhha,0.0563593473716403,4.64998,9.65719,11.311193
khanhha_noisy1::Rissbilder_for_Florian_9S6A3117_155_109_3546_2785.jpg,neutral,khanhha,0.0057993900538717,4.6703224,9.648124,11.297256
khanhha_noisy1::Rissbilder_for_Florian_9S6A3117_911_680_2749_2883.jpg,improved,khanhha,0.0195406748633234,4.721226,9.582031,11.230944
khanhha_noisy1::Rissbilder_for_Florian_9S6A3118_1132_115_4379_3677.jpg,improved,khanhha,0.0375707998594933,4.5777464,9.71322,11.381031
khanhha_noisy1::Rissbilder_for_Florian_9S6A3118_2514_38_2922_3514.jpg,improved,khanhha,0.018039358600583,4.574646,9.714325,11.381299
khanhha_noisy1::Rissbilder_for_Florian_9S6A3119_1583_2261_2214_2879.jpg,improved,khanhha,0.0607648229375037,4.5681815,9.723347,11.395133
khanhha_noisy1::Rissbilder_for_Florian_9S6A3119_179_1656_3530_3136.jpg,improved,khanhha,0.1061281199749899,4.3934817,9.829422,11.536305
khanhha_noisy1::Rissbilder_for_Florian_9S6A3119_520_1811_3242_3051.jpg,improved,khanhha,0.0936115643980106,4.3550467,9.793078,11.554954
khanhha_noisy1::Rissbilder_for_Florian_9S6A3120_14_1099_3666_4059.jpg,improved,khanhha,0.1365481984319556,4.372562,9.864179,11.567234
khanhha_noisy1::Rissbilder_for_Florian_9S6A3120_217_1113_3331_4192.jpg,improved,khanhha,0.0946103517289353,4.3845644,9.81962,11.540431
khanhha_noisy1::Rissbilder_for_Florian_9S6A3120_236_1671_2928_2310.jpg,improved,khanhha,0.0390053364141497,4.627303,9.688759,11.342187
khanhha_noisy1::Rissbilder_for_Florian_9S6A3120_875_1120_2089_2571.jpg,degraded,khanhha,-0.0152783772174287,4.6616554,9.661752,11.309828
khanhha_noisy1::Rissbilder_for_Florian_9S6A3121_1095_2665_2007_2602.jpg,improved,khanhha,0.1486596285499393,4.791267,9.505219,11.152334
khanhha_noisy1::Rissbilder_for_Florian_9S6A3121_224_1466_3238_3220.jpg,improved,khanhha,0.0270305412294593,4.7501454,9.553881,11.199824
khanhha_noisy1::Rissbilder_for_Florian_9S6A3121_408_826_2841_3663.jpg,improved,khanhha,0.0639777747084859,4.8261776,9.4615345,11.102316
khanhha_noisy1::Rissbilder_for_Florian_9S6A3122_155_390_2741_3264.jpg,improved,khanhha,0.0211414933528314,4.4612823,9.807988,11.506385
khanhha_noisy1::Rissbilder_for_Florian_9S6A3122_463_1629_3085_3858.jpg,improved,khanhha,0.0588844180108476,4.4165344,9.812094,11.516183
khanhha_noisy1::Rissbilder_for_Florian_9S6A3123_240_2905_2709_2486.jpg,improved,khanhha,0.0408735516496465,4.3404245,9.807946,11.551484
khanhha_noisy1::Rissbilder_for_Florian_9S6A3123_372_1209_3339_4319.jpg,improved,khanhha,0.0470930014048468,4.37721,9.779278,11.5302725
khanhha_noisy1::Rissbilder_for_Florian_9S6A3124_1300_898_2343_2899.jpg,improved,khanhha,0.0121606968936524,4.6712294,9.643578,11.297124
khanhha_noisy1::Rissbilder_for_Florian_9S6A3124_465_2434_3240_3146.jpg,improved,khanhha,0.1939783508667416,4.4052763,9.819683,11.524395
khanhha_noisy1::Rissbilder_for_Florian_9S6A3126_162_642_3629_3769.jpg,improved,khanhha,0.0206594537465826,7.8822618,4.3871293,7.7251
khanhha_noisy1::Rissbilder_for_Florian_9S6A3126_206_1216_3376_3686.jpg,improved,khanhha,0.0347873360120509,7.862633,4.3951273,7.714846
khanhha_noisy1::Rissbilder_for_Florian_9S6A3126_264_1533_3180_4043.jpg,improved,khanhha,0.0325681877641125,7.8764043,4.3667564,7.7398067
khanhha_noisy1::Rissbilder_for_Florian_9S6A3126_429_167_3310_4297.jpg,degraded,khanhha,-0.0241198355289439,7.859487,4.4169736,7.7269344
khanhha_noisy1::Rissbilder_for_Florian_9S6A3127_114_2737_3530_2753.jpg,improved,khanhha,0.0101177569205932,4.594149,9.711648,11.372456
khanhha_noisy1::Rissbilder_for_Florian_9S6A3127_54_1984_3083_3305.jpg,improved,khanhha,0.0232650824320181,4.63464,9.6602745,11.333056
khanhha_noisy1::Rissbilder_for_Florian_9S6A3127_595_2880_2296_2633.jpg,neutral,khanhha,0.0055356291626421,4.6171336,9.689467,11.349078
khanhha_noisy1::Rissbilder_for_Florian_9S6A3127_653_1639_2788_3252.jpg,degraded,khanhha,-0.0123598838160693,4.6395745,9.682209,11.332206
khanhha_noisy1::Rissbilder_for_Florian_9S6A3127_89_657_3259_3858.jpg,degraded,khanhha,-0.0240831645109344,4.654427,9.658426,11.313986
khanhha_noisy1::Rissbilder_for_Florian_9S6A3127_9_1051_3792_3003.jpg,degraded,khanhha,-0.0221390757696297,4.6644583,9.6405325,11.296485
khanhha_noisy1::Rissbilder_for_Florian_9S6A3128_304_338_2449_2867.jpg,neutral,khanhha,-0.0071682628232371,4.516065,9.716954,11.40043
khanhha_noisy1::Rissbilder_for_Florian_9S6A3128_580_813_2343_2413.jpg,degraded,khanhha,-0.0217268661760932,4.532305,9.7153,11.393865
khanhha_noisy1::Rissbilder_for_Florian_9S6A3128_7_578_2768_3056.jpg,degraded,khanhha,-0.0755864615194448,4.5650826,9.669771,11.346228
khanhha_noisy1::Rissbilder_for_Florian_9S6A3129_141_412_2185_2751.jpg,degraded,khanhha,-0.0128498430828782,4.6583333,9.664034,11.308566
khanhha_noisy1::Rissbilder_for_Florian_9S6A3129_78_688_3494_3199.jpg,improved,khanhha,0.0118742722598751,4.6651416,9.65001,11.3002205
khanhha_noisy1::Rissbilder_for_Florian_9S6A3129_882_707_2680_2479.jpg,improved,khanhha,0.0509683471404766,4.6241145,9.688816,11.343471
khanhha_noisy1::Rissbilder_for_Florian_9S6A3130_190_1907_3510_2920.jpg,improved,khanhha,0.0174481475110811,4.3976674,9.823373,11.529086
khanhha_noisy1::Rissbilder_for_Florian_9S6A3130_24_518_3753_4265.jpg,neutral,khanhha,0.0083578679225509,4.409971,9.805248,11.510405
khanhha_noisy1::Rissbilder_for_Florian_9S6A3130_35_1947_3497_3753.jpg,neutral,khanhha,0.0005977801983076,4.4383254,9.790901,11.493155
khanhha_noisy1::Rissbilder_for_Florian_9S6A3130_485_279_2724_2520.jpg,neutral,khanhha,0.0080006507750601,4.646201,9.670088,11.319691
khanhha_noisy1::Rissbilder_for_Florian_9S6A3130_741_2592_3069_3082.jpg,improved,khanhha,0.0454335673023169,4.421237,9.79579,11.503452
khanhha_noisy1::Rissbilder_for_Florian_9S6A3131_308_1998_2814_2860.jpg,neutral,khanhha,-0.0030626830621359,4.397948,9.810419,11.534539
khanhha_noisy1::Rissbilder_for_Florian_9S6A3131_389_1670_3375_3959.jpg,improved,khanhha,0.0472843923377761,4.404429,9.772089,11.517376
khanhha_noisy1::Rissbilder_for_Florian_9S6A3131_542_1698_3243_3761.jpg,improved,khanhha,0.0384138029103041,4.4350214,9.7887535,11.491443
khanhha_noisy1::Rissbilder_for_Florian_9S6A3132_2349_1232_2560_2243.jpg,degraded,khanhha,-0.0625329829210929,4.6864004,9.629442,11.277864
khanhha_noisy1::Rissbilder_for_Florian_9S6A3132_2998_275_2346_3000.jpg,degraded,khanhha,-0.1564357210178367,4.652772,9.6580715,11.311342
khanhha_noisy1::Rissbilder_for_Florian_9S6A3133_207_186_4184_3281.jpg,improved,khanhha,0.04859674518577,4.4260583,9.826747,11.531496
khanhha_noisy1::Rissbilder_for_Florian_9S6A3134_140_2003_2431_2080.jpg,improved,khanhha,0.0241612162690014,4.4426684,9.8148775,11.512907
khanhha_noisy1::Rissbilder_for_Florian_9S6A3134_417_310_2997_3294.jpg,improved,khanhha,0.0965753925720848,4.4931846,9.779504,11.468358
khanhha_noisy1::Rissbilder_for_Florian_9S6A3134_422_2625_3386_2683.jpg,improved,khanhha,0.3359142346634902,4.466616,9.806855,11.501508
khanhha_noisy1::Rissbilder_for_Florian_9S6A3134_750_425_1978_2414.jpg,neutral,khanhha,-0.0040398639470179,4.498091,9.769952,11.459294
khanhha_noisy1::Rissbilder_for_Florian_9S6A3134_76_855_3718_4555.jpg,improved,khanhha,0.0560228245886399,4.4624157,9.807381,11.497113
khanhha_noisy1::Rissbilder_for_Florian_9S6A3135_339_1311_2661_3168.jpg,degraded,khanhha,-0.0185959201673818,4.458957,9.784943,11.486019
khanhha_noisy1::Rissbilder_for_Florian_9S6A3136_0_0_5760_3840.jpg,neutral,khanhha,-0.0038516557218095,4.458944,9.794877,11.49167
khanhha_noisy1::Rissbilder_for_Florian_9S6A3136_1628_12_2911_3801.jpg,neutral,khanhha,-0.0099104557013909,4.4822974,9.7746935,11.463972
khanhha_noisy1::Rissbilder_for_Florian_9S6A3137_1104_2295_2445_3107.jpg,degraded,khanhha,-0.0162237821825353,4.427887,9.802419,11.505555
khanhha_noisy1::Rissbilder_for_Florian_9S6A3137_1228_1792_2559_2477.jpg,neutral,khanhha,-0.0010633671470876,4.6005707,9.705213,11.362258
khanhha_noisy1::Rissbilder_for_Florian_9S6A3137_182_823_3574_4047.jpg,improved,khanhha,0.0305426741876142,4.577444,9.7124605,11.372371
khanhha_noisy1::Rissbilder_for_Florian_9S6A3137_201_2087_3465_3669.jpg,improved,khanhha,0.0233099064265001,4.428051,9.798031,11.501138
khanhha_noisy1::Rissbilder_for_Florian_9S6A3137_313_2279_2337_2933.jpg,degraded,khanhha,-0.0189304670354365,4.6316743,9.684358,11.337321
khanhha_noisy1::Rissbilder_for_Florian_9S6A3137_507_1097_2555_2213.jpg,degraded,khanhha,-0.0364536196468892,4.6767488,9.647793,11.292574
khanhha_noisy1::Rissbilder_for_Florian_9S6A3138_115_569_2228_2606.jpg,neutral,khanhha,0.0006879299017292,4.4342403,9.833533,11.532688
khanhha_noisy1::Sylvie_Chambon_006.jpg,improved,khanhha,0.1036868998184966,6.061433,5.6432405,7.923922
khanhha_noisy1::Sylvie_Chambon_022.jpg,improved,khanhha,0.0464056352060275,6.096778,5.7956595,8.188048
khanhha_noisy1::Sylvie_Chambon_025.jpg,improved,khanhha,0.0925624872993294,5.9886923,5.867684,7.8915963
khanhha_noisy1::Sylvie_Chambon_038.jpg,improved,khanhha,0.01301729162619,5.936518,5.701861,8.17862
khanhha_noisy1::Sylvie_Chambon_039.jpg,improved,khanhha,0.0458598726114649,5.9899464,5.624103,8.034692
khanhha_noisy1::Sylvie_Chambon_056.jpg,improved,khanhha,0.1248249522597072,5.43746,6.749102,7.865602
khanhha_noisy1::Sylvie_Chambon_057.jpg,improved,khanhha,0.1161042535541952,5.542413,6.8717666,7.9795766
khanhha_noisy1::Sylvie_Chambon_058.jpg,improved,khanhha,0.1000108604228254,5.283518,6.909186,8.141858
khanhha_noisy1::Sylvie_Chambon_062.jpg,improved,khanhha,0.0284808366245758,5.8837085,5.9158216,7.9369264
khanhha_noisy1::Sylvie_Chambon_068.jpg,neutral,khanhha,0.0050330819098199,6.432956,6.0535088,8.023382
khanhha_noisy1::Sylvie_Chambon_069.jpg,improved,khanhha,0.0255047821466525,5.961423,5.678535,8.023612
khanhha_noisy1::Sylvie_Chambon_073.jpg,improved,khanhha,0.0289841409808394,6.2771955,5.514692,8.099497
khanhha_noisy1::Sylvie_Chambon_087.jpg,improved,khanhha,0.0792950129180486,6.0112286,5.86463,7.8306036
khanhha_noisy1::Sylvie_Chambon_089.jpg,neutral,khanhha,-0.0045721436134372,6.35676,5.4063573,8.269072
khanhha_noisy1::Sylvie_Chambon_094.jpg,degraded,khanhha,-0.0100827300930713,6.1889076,5.4935083,8.141645
khanhha_noisy1::Sylvie_Chambon_105.jpg,improved,khanhha,0.0502751375687843,5.3925138,6.6248803,7.8039656
khanhha_noisy1::Sylvie_Chambon_107.jpg,degraded,khanhha,-0.0157537463177219,6.3149495,5.697621,8.465917
khanhha_noisy1::Sylvie_Chambon_116.jpg,improved,khanhha,0.0239508037544503,6.0475907,5.827948,7.9344015
khanhha_noisy1::Sylvie_Chambon_206.jpg,neutral,khanhha,0.0,6.2981744,6.189393,7.487042
khanhha_noisy1::Sylvie_Chambon_207.jpg,neutral,khanhha,0.0,7.15471,7.6852884,7.502545
khanhha_noisy1::Sylvie_Chambon_208.jpg,neutral,khanhha,0.0,7.0970964,7.693458,7.344506
khanhha_noisy1::Sylvie_Chambon_303.jpg,degraded,khanhha,-0.0558603841615237,6.5343275,6.976758,10.31223
khanhha_noisy1::Sylvie_Chambon_306.jpg,neutral,khanhha,0.0,5.4797955,7.1525483,8.242327
khanhha_noisy1::Sylvie_Chambon_314.jpg,improved,khanhha,0.0907350548470057,4.971677,6.8882837,8.087884
khanhha_noisy1::Sylvie_Chambon_319.jpg,improved,khanhha,0.1593936112615051,6.7533865,7.243703,8.3432045
khanhha_noisy1::Sylvie_Chambon_323.jpg,degraded,khanhha,-0.2308034148456978,5.1050344,7.0694613,8.303146
khanhha_noisy1::Sylvie_Chambon_Im_noGT_ESAR_21a.jpg,degraded,khanhha,-0.0150979853194968,6.7746515,5.460133,7.6318493
khanhha_noisy1::Sylvie_Chambon_Im_noGT_ESAR_33a.jpg,neutral,khanhha,0.0,6.9243703,7.0151854,7.432478
khanhha_noisy1::Volker_DSC01608_969_117_1674_1684.jpg,degraded,khanhha,-0.0476589185995089,4.2627897,7.550555,8.279079
khanhha_noisy1::Volker_DSC01610_123_687_1549_1614.jpg,degraded,khanhha,-0.0227853030077125,4.0793805,7.4893174,7.812829
khanhha_noisy1::Volker_DSC01610_142_1014_1353_1352.jpg,degraded,khanhha,-0.0919231646067109,4.090164,7.505184,7.8009286
khanhha_noisy1::Volker_DSC01610_303_207_1284_1603.jpg,neutral,khanhha,-0.0059247734493919,4.1192293,7.5166974,7.8627963
khanhha_noisy1::Volker_DSC01612_211_482_1550_1714.jpg,neutral,khanhha,0.0010479648723067,4.221287,7.405765,7.7458687
khanhha_noisy1::Volker_DSC01612_8_444_1816_1750.jpg,neutral,khanhha,-0.0051837195740668,4.152008,7.4146776,7.706752
khanhha_noisy1::Volker_DSC01623_0_0_1824_2736.jpg,neutral,khanhha,-0.0021620369150909,4.2116475,7.4197984,7.7493563
khanhha_noisy1::Volker_DSC01623_134_615_1595_1694.jpg,improved,khanhha,0.018437244700347,4.2806535,7.395451,7.7820373
khanhha_noisy1::Volker_DSC01623_22_364_1793_1961.jpg,neutral,khanhha,0.0019779339970156,4.224641,7.407937,7.7399707
khanhha_noisy1::Volker_DSC01623_32_1414_1144_1043.jpg,degraded,khanhha,-0.026905854819778,4.803829,7.3798923,8.3245945
khanhha_noisy1::Volker_DSC01624_0_0_2736_1824.jpg,neutral,khanhha,-0.0002408246689772,4.7867565,7.304664,8.311293
khanhha_noisy1::Volker_DSC01625_69_1101_1754_1427.jpg,neutral,khanhha,0.0076730535430385,8.514664,3.8719943,10.151392
khanhha_noisy1::Volker_DSC01626_121_195_1176_1486.jpg,improved,khanhha,0.0680821073413108,8.531104,3.8617332,10.034646
khanhha_noisy1::Volker_DSC01626_24_407_1783_1611.jpg,improved,khanhha,0.0208801240471293,8.514758,3.857699,10.076433
khanhha_noisy1::Volker_DSC01628_0_0_1824_2736.jpg,improved,khanhha,0.0140652543802594,6.196811,5.615938,8.194321
khanhha_noisy1::Volker_DSC01628_628_1158_1128_1084.jpg,improved,khanhha,0.0937816029499631,6.309934,5.5965343,8.085866
khanhha_noisy1::Volker_DSC01629_412_54_1933_1766.jpg,degraded,khanhha,-0.0218000101215755,6.4799986,6.15039,8.148299
khanhha_noisy1::Volker_DSC01630_176_437_1360_1040.jpg,degraded,khanhha,-0.0285097385218273,3.6486592,7.562163,7.1572213
khanhha_noisy1::Volker_DSC01630_374_343_1233_1342.jpg,neutral,khanhha,0.0086317765254886,3.716527,7.549249,7.248999
khanhha_noisy1::Volker_DSC01631_2_30_1821_2154.jpg,degraded,khanhha,-0.0130714141840142,5.625322,6.071353,8.329022
khanhha_noisy1::Volker_DSC01632_0_0_1824_2736.jpg,neutral,khanhha,-0.0085277224920454,4.363247,7.2791185,7.8056183
khanhha_noisy1::Volker_DSC01632_109_353_1680_1636.jpg,neutral,khanhha,-0.0008825998072845,4.3353996,7.2982903,7.783951
khanhha_noisy1::Volker_DSC01633_217_183_1290_1578.jpg,neutral,khanhha,0.0094250369640793,4.036871,7.480844,7.6671824
khanhha_noisy1::Volker_DSC01634_192_653_1400_1605.jpg,improved,khanhha,0.0317901161865155,5.912732,5.8670874,8.366753
khanhha_noisy1::Volker_DSC01634_193_315_1605_1896.jpg,improved,khanhha,0.0541069161725583,5.835276,5.920573,8.331083
khanhha_noisy1::Volker_DSC01634_213_873_1583_1809.jpg,improved,khanhha,0.0511913455592363,5.7488627,5.977626,8.3069105
khanhha_noisy1::Volker_DSC01634_30_959_1479_1599.jpg,improved,khanhha,0.0649778097836886,5.7640586,5.992889,8.299349
khanhha_noisy1::Volker_DSC01635_0_0_2736_1824.jpg,neutral,khanhha,-0.0021341135436776,4.795022,7.541125,8.243388
khanhha_noisy1::Volker_DSC01635_130_334_986_1295.jpg,degraded,khanhha,-0.0607224202048977,6.0964427,6.77711,8.391993
khanhha_noisy1::Volker_DSC01635_548_45_1336_1686.jpg,neutral,khanhha,-0.0023381777539074,4.562112,7.6458955,8.055576
khanhha_noisy1::Volker_DSC01636_1084_9_1476_1810.jpg,neutral,khanhha,-0.0064033276399193,4.4551706,7.173275,7.8055906
khanhha_noisy1::Volker_DSC01637_274_432_1128_1113.jpg,improved,khanhha,0.0334821966027902,8.315062,4.0968366,9.847227
khanhha_noisy1::Volker_DSC01637_616_1353_1168_1288.jpg,degraded,khanhha,-0.0304235198153833,8.297408,4.126063,9.91589
khanhha_noisy1::Volker_DSC01638_447_153_1384_1576.jpg,improved,khanhha,0.0140570760933567,4.1557126,7.4314384,7.7871075
khanhha_noisy1::Volker_DSC01638_708_382_1525_1354.jpg,improved,khanhha,0.0192447503496614,4.2841825,7.372849,7.8341155
khanhha_noisy1::Volker_DSC01638_937_538_1159_1162.jpg,neutral,khanhha,-0.0007296405370446,4.4892397,7.203619,7.929716
khanhha_noisy1::Volker_DSC01639_1065_321_1284_1200.jpg,degraded,khanhha,-0.0303500353034534,4.1375093,7.5692472,7.8572516
khanhha_noisy1::Volker_DSC01639_165_52_1412_1364.jpg,neutral,khanhha,0.0080225989643486,4.128345,7.569873,7.846395
khanhha_noisy1::Volker_DSC01640_376_6_2132_1787.jpg,improved,khanhha,0.0321822824285116,5.7191463,5.958476,7.8573613
khanhha_noisy1::Volker_DSC01640_747_235_1398_1374.jpg,improved,khanhha,0.0202073480477464,5.8093767,5.896251,7.829187
khanhha_noisy1::Volker_DSC01641_300_104_1322_1459.jpg,improved,khanhha,0.0953923464661362,5.3550954,6.2908,7.911372
khanhha_noisy1::Volker_DSC01641_437_407_1733_1413.jpg,improved,khanhha,0.1188703287265218,5.31739,6.354058,7.9321475
khanhha_noisy1::Volker_DSC01641_929_30_1600_1758.jpg,improved,khanhha,0.0701399143388652,5.186846,6.4923787,7.929453
khanhha_noisy1::Volker_DSC01642_220_63_1843_1585.jpg,improved,khanhha,0.0209007918562661,4.6126137,7.037347,7.8868437
khanhha_noisy1::Volker_DSC01643_1311_276_1242_1009.jpg,improved,khanhha,0.0793602666582006,5.2925787,6.340153,7.9306054
khanhha_noisy1::Volker_DSC01643_157_235_1785_1431.jpg,improved,khanhha,0.0347267932559284,4.187757,7.5036364,7.833214
khanhha_noisy1::Volker_DSC01644_612_414_1320_1175.jpg,improved,khanhha,0.1286708879590384,5.8519616,5.8383317,7.8543143
khanhha_noisy1::Volker_DSC01646_226_19_1273_1645.jpg,improved,khanhha,0.0674364413091285,5.133262,6.5283113,7.9424787
khanhha_noisy1::Volker_DSC01646_456_54_2117_1728.jpg,degraded,khanhha,-0.029533885550447,4.168009,7.4555497,7.81395
khanhha_noisy1::Volker_DSC01648_211_212_1177_955.jpg,improved,khanhha,0.0216923886937215,4.2174544,7.489941,7.911678
khanhha_noisy1::Volker_DSC01649_0_0_1824_2736.jpg,degraded,khanhha,-0.0190497130053799,5.145708,6.5761447,7.9855037
khanhha_noisy1::Volker_DSC01649_128_1341_1226_1195.jpg,improved,khanhha,0.0828453560641411,5.8111815,5.865113,7.8587685
khanhha_noisy1::Volker_DSC01650_983_400_1710_1295.jpg,improved,khanhha,0.0167648603602594,4.9913154,8.781173,8.170879
khanhha_noisy1::Volker_DSC01651_163_249_1349_1454.jpg,degraded,khanhha,-0.015733783136751,4.1827393,7.6832685,7.8550963
khanhha_noisy1::Volker_DSC01651_61_82_1347_1168.jpg,degraded,khanhha,-0.0417721551487413,4.0851355,7.566175,7.7594304
khanhha_noisy1::Volker_DSC01652_217_429_1194_1007.jpg,degraded,khanhha,-0.016119984268297,4.030594,7.490903,7.6649528
khanhha_noisy1::Volker_DSC01652_699_100_1925_1592.jpg,neutral,khanhha,0.0029437824870052,4.083216,7.4910088,7.7252917
khanhha_noisy1::Volker_DSC01653_120_360_1526_1294.jpg,neutral,khanhha,0.0089289422890183,4.0786476,7.5028048,7.7406206
khanhha_noisy1::Volker_DSC01653_441_257_1154_966.jpg,improved,khanhha,0.0312882579523398,4.0480666,7.4879503,7.706275
khanhha_noisy1::Volker_DSC01653_635_9_1390_1253.jpg,neutral,khanhha,-0.0015949829147203,4.0933123,7.465179,7.746182
khanhha_noisy1::Volker_DSC01653_791_41_1849_1670.jpg,degraded,khanhha,-0.0906436177357928,4.171411,7.510709,7.831231
khanhha_noisy1::Volker_DSC01655_613_606_1092_1056.jpg,improved,khanhha,0.0850635254254391,5.936068,5.7211285,8.216801
khanhha_noisy1::Volker_DSC01656_140_1416_1684_1279.jpg,improved,khanhha,0.0322388401214304,5.8195686,5.922022,8.259826
khanhha_noisy1::Volker_DSC01657_130_62_1583_1831.jpg,improved,khanhha,0.0419385480351572,6.239441,5.592544,8.437479
khanhha_noisy1::Volker_DSC01657_290_50_1476_1614.jpg,improved,khanhha,0.058042954236963,6.231152,5.6128545,8.37595
khanhha_noisy1::Volker_DSC01657_665_1068_1125_1350.jpg,improved,khanhha,0.0552781878211806,6.24691,5.590693,8.382234
khanhha_noisy1::Volker_DSC01657_8_1012_1813_1672.jpg,improved,khanhha,0.0325110432029993,6.1984277,5.655921,8.453896
khanhha_noisy1::Volker_DSC01658_0_0_1824_2736.jpg,neutral,khanhha,-0.0037622931893257,6.1981473,5.7472973,8.443766
khanhha_noisy1::Volker_DSC01658_167_371_1635_1643.jpg,improved,khanhha,0.0219711271105644,6.2481804,5.707139,8.438896
khanhha_noisy1::Volker_DSC01658_352_1474_1034_1008.jpg,degraded,khanhha,-0.0343117840682433,6.292541,5.726317,8.42314
khanhha_noisy1::Volker_DSC01658_470_825_1327_1606.jpg,improved,khanhha,0.0789020518402979,6.2626104,5.77328,8.442638
khanhha_noisy1::Volker_DSC01659_516_815_948_1199.jpg,improved,khanhha,0.1365817857742032,5.8125296,5.8982177,8.287492
khanhha_noisy1::Volker_DSC01660_192_247_1588_1991.jpg,improved,khanhha,0.021493709032184,6.1561427,6.2026005,8.145296
khanhha_noisy1::Volker_DSC01661_0_0_1824_2736.jpg,neutral,khanhha,0.0065655713082674,6.4816623,6.9745064,9.540486
khanhha_noisy1::Volker_DSC01661_290_595_1071_1180.jpg,improved,khanhha,0.0545809958917179,6.0870523,5.780618,8.449907
khanhha_noisy1::Volker_DSC01661_400_1545_1179_1103.jpg,improved,khanhha,0.1083335839603515,6.209442,5.7645593,8.474153
khanhha_noisy1::Volker_DSC01664_168_876_1650_1486.jpg,neutral,khanhha,0.0087953636412345,6.028589,5.7577896,8.4127445
khanhha_noisy1::Volker_DSC01664_41_897_1611_1239.jpg,improved,khanhha,0.044232428066027,5.978149,5.735728,8.418694
khanhha_noisy1::Volker_DSC01664_84_855_1625_1542.jpg,improved,khanhha,0.0279460658292716,6.0083194,5.7457657,8.387589
khanhha_noisy1::Volker_DSC01665_11_415_1778_1890.jpg,improved,khanhha,0.0217380895749221,6.1030984,5.6916795,8.412005
khanhha_noisy1::Volker_DSC01665_74_990_1563_1266.jpg,improved,khanhha,0.1002414817699818,6.136976,5.692889,8.425887
khanhha_noisy1::Volker_DSC01666_185_540_876_1155.jpg,degraded,khanhha,-0.0204064207650273,6.196999,5.7714615,8.504608
khanhha_noisy1::Volker_DSC01667_0_0_1824_2736.jpg,neutral,khanhha,-0.008995337779871,6.016455,5.9234333,8.4262
khanhha_noisy1::Volker_DSC01667_106_338_1708_2132.jpg,improved,khanhha,0.0472708517536103,6.085586,5.8338118,8.413915
khanhha_noisy1::Volker_DSC01669_0_0_1824_2736.jpg,improved,khanhha,0.0154347442140434,5.9327164,5.911344,8.409801
khanhha_noisy1::Volker_DSC01669_9_1042_1814_1517.jpg,improved,khanhha,0.0250101203075142,5.76131,6.0862207,8.356273
khanhha_noisy1::Volker_DSC01670_3_833_1821_1836.jpg,improved,khanhha,0.0556102367437501,5.9768925,5.8959785,8.376189
khanhha_noisy1::Volker_DSC01670_678_871_1022_989.jpg,improved,khanhha,0.0565232693505157,6.224401,5.592355,8.355702
khanhha_noisy1::Volker_DSC01671_63_417_1630_2053.jpg,improved,khanhha,0.01026882873179,6.2028923,5.821611,8.391709
khanhha_noisy1::Volker_DSC01672_140_255_1259_1633.jpg,improved,khanhha,0.0772936924961429,6.2615795,5.539669,8.323322
khanhha_noisy1::Volker_DSC01672_236_664_1240_1592.jpg,improved,khanhha,0.0886038838608946,6.227406,5.5287414,8.312027
khanhha_noisy1::Volker_DSC01672_39_1294_1098_1354.jpg,improved,khanhha,0.1029138419260348,6.243709,5.7465568,8.41377
khanhha_noisy1::Volker_DSC01673_0_0_1824_2736.jpg,neutral,khanhha,0.0054801516860034,6.150672,5.8255696,8.393483
khanhha_noisy1::Volker_DSC01674_0_1080_1601_1598.jpg,degraded,khanhha,-0.0301579007180806,6.5802727,5.8574862,8.226979
khanhha_noisy1::Volker_DSC01674_53_426_1730_2092.jpg,degraded,khanhha,-0.0453285029104962,6.6990414,5.9304996,8.163089
khanhha_noisy1::Volker_DSC01674_748_1007_996_1190.jpg,improved,khanhha,0.1755641114342762,6.365782,5.797451,8.115564
khanhha_noisy1::Volker_DSC01676_146_1254_955_1190.jpg,improved,khanhha,0.0672002467422314,6.3391094,5.4688215,8.216611
khanhha_noisy1::Volker_DSC01676_35_128_1239_1463.jpg,degraded,khanhha,-0.0133767449198053,6.4153447,5.7408366,8.156283
khanhha_noisy1::Volker_DSC01677_185_223_1446_1163.jpg,improved,khanhha,0.1201091020460159,6.493505,5.67751,8.005663
khanhha_noisy1::Volker_DSC01677_26_956_1697_1698.jpg,improved,khanhha,0.0248761333344595,6.4457297,5.66116,8.073654
khanhha_noisy1::Volker_DSC01677_40_7_1782_1399.jpg,improved,khanhha,0.0680564511349157,6.494566,5.762358,7.9270453
khanhha_noisy1::Volker_DSC01678_0_0_1824_2736.jpg,improved,khanhha,0.0311925280655183,6.4533834,5.7077227,7.990287
khanhha_noisy1::Volker_DSC01678_14_998_1278_1270.jpg,improved,khanhha,0.0355936675461742,6.40183,5.6429873,8.106188
khanhha_noisy1::Volker_DSC01678_282_907_1086_1149.jpg,improved,khanhha,0.025990165263343,6.449137,5.652992,8.173134
khanhha_noisy1::Volker_DSC01679_0_0_1824_2736.jpg,degraded,khanhha,-0.0416749271377056,6.4509125,5.422774,8.210982
khanhha_noisy1::Volker_DSC01679_0_789_1823_1945.jpg,degraded,khanhha,-0.0309215279211574,6.477768,5.4049945,8.227785
khanhha_noisy1::Volker_DSC01679_67_383_1713_2223.jpg,degraded,khanhha,-0.0311468407429807,6.41214,5.4189796,8.270567
khanhha_noisy1::Volker_DSC01680_0_0_1824_2736.jpg,neutral,khanhha,0.001321353065539,6.382123,5.3965135,8.180212
khanhha_noisy1::Volker_DSC01680_146_194_1555_1973.jpg,neutral,khanhha,-0.0048105115142698,6.4398785,5.408785,8.249321
khanhha_noisy1::Volker_DSC01680_168_539_1554_1946.jpg,degraded,khanhha,-0.0189680500960943,6.4480357,5.371715,8.243722
khanhha_noisy1::Volker_DSC01680_63_445_1729_1300.jpg,improved,khanhha,0.0171595154216847,6.430034,5.4332676,8.273432
khanhha_noisy1::Volker_DSC01683_67_1024_1660_1636.jpg,degraded,khanhha,-0.0412836834941939,6.6106052,5.50737,8.057173
khanhha_noisy1::Volker_DSC01685_202_585_1600_1686.jpg,improved,khanhha,0.0449583644917531,6.345751,5.52473,8.236613
khanhha_noisy1::Volker_DSC01685_252_569_1566_2047.jpg,improved,khanhha,0.0278952808536233,6.376412,5.6291738,8.163718
khanhha_noisy1::Volker_DSC01686_297_570_1208_1271.jpg,improved,khanhha,0.0267037206583783,6.0647006,5.713582,8.38131
khanhha_noisy1::Volker_DSC01687_13_413_1695_1782.jpg,degraded,khanhha,-0.01366721601422,6.248018,5.8475733,8.412014
khanhha_noisy1::Volker_DSC01687_256_1075_1494_1234.jpg,neutral,khanhha,0.0027329405845459,6.1471853,6.1626644,8.209412
khanhha_noisy1::Volker_DSC01688_29_115_1785_2096.jpg,improved,khanhha,0.0221294833414001,5.916823,5.9243298,8.354149
khanhha_noisy1::Volker_DSC01688_89_1104_1613_1250.jpg,improved,khanhha,0.0590174242087083,5.845603,5.9234533,8.364871
khanhha_noisy1::Volker_DSC01690_763_1051_1043_1097.jpg,improved,khanhha,0.104882489877503,6.1829104,5.7385736,8.448348
khanhha_noisy1::Volker_DSC01691_35_741_1602_1808.jpg,improved,khanhha,0.0136118107631931,6.3605027,5.8566275,8.304485
khanhha_noisy1::Volker_DSC01691_6_526_1388_1598.jpg,improved,khanhha,0.073743716016985,6.2959304,5.7342725,8.411533
khanhha_noisy1::Volker_DSC01692_28_197_1636_1369.jpg,improved,khanhha,0.0964858415011212,6.3960185,5.692994,8.003512
khanhha_noisy1::Volker_DSC01693_1323_467_1353_1116.jpg,improved,khanhha,0.0835411767172968,6.70263,5.8558936,7.9967785
khanhha_noisy1::Volker_DSC01693_166_276_1259_1362.jpg,improved,khanhha,0.041376183187357,6.618135,6.0808277,8.062129
khanhha_noisy1::Volker_DSC01695_0_0_2736_1824.jpg,improved,khanhha,0.0823647851262914,5.1071076,7.0926423,8.346634
khanhha_noisy1::Volker_DSC01696_0_0_2736_1824.jpg,improved,khanhha,0.0278714459441196,6.416084,5.599001,8.080413
khanhha_noisy1::Volker_DSC01698_213_356_1899_1462.jpg,improved,khanhha,0.068799933250676,5.8346896,5.945902,8.313167
khanhha_noisy1::Volker_DSC01699_0_0_1824_2736.jpg,improved,khanhha,0.0319251444040797,6.2686734,6.199201,8.204765
khanhha_noisy1::Volker_DSC01699_751_408_1048_1101.jpg,degraded,khanhha,-0.0627807486631016,6.293869,5.928562,8.260854
khanhha_noisy1::Volker_DSC01700_158_517_1605_1442.jpg,degraded,khanhha,-0.1432149340093306,6.296955,6.506792,7.9607644
khanhha_noisy1::Volker_DSC01701_103_539_1579_1680.jpg,degraded,khanhha,-0.0289356046876888,6.5231037,5.615083,7.9763503
khanhha_noisy1::Volker_DSC01702_39_31_1703_1771.jpg,degraded,khanhha,-0.1391489534358976,6.655637,5.740887,7.758238
khanhha_noisy1::Volker_DSC01702_418_156_1024_1333.jpg,degraded,khanhha,-0.0415872669995392,6.6241145,5.661743,7.9358478
khanhha_noisy1::Volker_DSC01703_23_907_1787_1745.jpg,improved,khanhha,0.0121360041748624,5.953989,5.8026075,8.046483
khanhha_noisy1::Volker_DSC01703_413_202_1272_965.jpg,improved,khanhha,0.0620465395235941,6.54831,5.6775746,7.9618177
khanhha_noisy1::Volker_DSC01703_599_1250_1072_1001.jpg,degraded,khanhha,-0.0358525174623062,6.4364543,5.541233,8.119713
khanhha_noisy1::Volker_DSC01705_103_1212_1149_941.jpg,degraded,khanhha,-0.0163669978033682,6.7055287,6.3216825,8.020477
khanhha_noisy1::Volker_DSC01705_286_514_1483_1229.jpg,improved,khanhha,0.0311326952518456,6.616161,6.101233,8.073332
khanhha_noisy1::Volker_DSC01705_35_261_1646_1312.jpg,improved,khanhha,0.0210414514014531,6.687822,6.231653,8.038404
khanhha_noisy1::Volker_DSC01705_493_958_1260_1668.jpg,improved,khanhha,0.1032658242172874,6.557013,5.9114223,8.206312
khanhha_noisy1::Volker_DSC01706_613_680_974_1043.jpg,degraded,khanhha,-0.028794509043659,6.397133,5.6359715,8.345158
khanhha_noisy1::Volker_DSC01707_33_309_1713_1946.jpg,improved,khanhha,0.022698611789493,6.327948,5.7207527,8.138708
khanhha_noisy1::Volker_DSC01707_44_131_1757_2144.jpg,improved,khanhha,0.0906198442349083,6.3673573,5.723053,8.119974
khanhha_noisy1::Volker_DSC01707_540_967_1161_1226.jpg,neutral,khanhha,0.0072526387750031,6.30173,5.6762533,8.24759
khanhha_noisy1::Volker_DSC01708_274_347_1439_1315.jpg,improved,khanhha,0.1057113619929821,5.946553,5.6462555,7.983739
khanhha_noisy1::Volker_DSC01709_269_118_1281_1314.jpg,improved,khanhha,0.0648747347832997,6.342815,5.938648,8.340944
khanhha_noisy1::Volker_DSC01709_71_801_1387_1771.jpg,neutral,khanhha,-0.0021435934183153,6.2708445,5.7204375,8.471885
khanhha_noisy1::cracktree200_6201.jpg,degraded,khanhha,-0.0148159143952175,6.5715623,5.4818325,7.7033696
khanhha_noisy1::cracktree200_6203.jpg,degraded,khanhha,-0.0354105142024824,6.559958,5.501115,7.6710396
khanhha_noisy1::cracktree200_6234.jpg,degraded,khanhha,-0.0146554437135548,6.6661,5.3770347,7.733031
khanhha_noisy1::cracktree200_6243.jpg,neutral,khanhha,0.0003172457638368,6.8506174,5.857207,8.186533
khanhha_noisy1::cracktree200_6247.jpg,neutral,khanhha,-0.0011832566945166,6.5219574,5.665426,7.637706
khanhha_noisy1::cracktree200_6258.jpg,neutral,khanhha,0.0029700967189053,6.635194,5.429127,7.684813
khanhha_noisy1::cracktree200_6259.jpg,neutral,khanhha,-0.0065933098037735,6.6553407,5.449707,7.7219453
khanhha_noisy1::cracktree200_6261.jpg,degraded,khanhha,-0.0235951687651483,6.651663,5.458321,7.7471237
khanhha_noisy1::cracktree200_6266.jpg,degraded,khanhha,-0.0172513058152976,7.685506,4.5455556,7.6725125
khanhha_noisy1::cracktree200_6268.jpg,degraded,khanhha,-0.0185533238985227,7.590417,4.6514273,7.6461635
khanhha_noisy1::cracktree200_6278.jpg,degraded,khanhha,-0.0154948771069914,6.4753475,5.707386,7.595655
khanhha_noisy1::cracktree200_6281.jpg,neutral,khanhha,-0.0057879309767746,6.597865,5.461659,7.7317586
khanhha_noisy1::cracktree200_6297.jpg,neutral,khanhha,-0.0082368767128788,6.626243,5.726681,7.507429
khanhha_noisy1::cracktree200_6298.jpg,degraded,khanhha,-0.0131786312003739,6.352163,6.0188227,7.4555573
khanhha_noisy1::cracktree200_6301.jpg,degraded,khanhha,-0.0218195874477281,7.6877456,4.5372205,7.6292944
khanhha_noisy1::cracktree200_6310.jpg,neutral,khanhha,-0.0017165090485809,6.4021215,5.8266478,7.5263414
khanhha_noisy1::cracktree200_6321.jpg,neutral,khanhha,-0.0048589492396741,6.499315,5.5614753,7.660082
khanhha_noisy1::cracktree200_6327.jpg,degraded,khanhha,-0.0275574920203019,6.4073606,5.792261,7.5398574
khanhha_noisy1::cracktree200_6328.jpg,degraded,khanhha,-0.0239681944316665,6.608149,5.86519,8.046462
khanhha_noisy1::cracktree200_6329.jpg,neutral,khanhha,-0.0085259901288189,6.548384,5.574192,7.7456427
khanhha_noisy1::cracktree200_6330.jpg,neutral,khanhha,-0.0082657297579215,6.5449867,5.501917,7.675385
khanhha_noisy1::cracktree200_6334.jpg,degraded,khanhha,-0.0253723686343843,6.51011,5.5347767,7.672708
khanhha_noisy1::cracktree200_6340.jpg,degraded,khanhha,-0.0209218782042319,6.3271184,5.7984295,7.5845146
khanhha_noisy1::cracktree200_6351.jpg,neutral,khanhha,-0.0092452824783291,6.5202694,5.465091,7.674528
khanhha_noisy1::cracktree200_6623.jpg,degraded,khanhha,-0.0141948111310475,6.901174,5.204508,7.769725
khanhha_noisy1::cracktree200_6635.jpg,degraded,khanhha,-0.0242571674068522,6.8937283,5.2277455,7.7533245
khanhha_noisy1::cracktree200_6645.jpg,neutral,khanhha,-0.0080487890119875,6.959635,5.1498084,7.802912
khanhha_noisy1::cracktree200_6647.jpg,degraded,khanhha,-0.0268829992915804,6.9676147,5.1506634,7.7866707
khanhha_noisy1::cracktree200_6658.jpg,degraded,khanhha,-0.0130166066858199,6.839139,5.2639956,7.744026
khanhha_noisy1::cracktree200_6710.jpg,neutral,khanhha,0.0027737536836103,6.5749607,5.454202,7.719958
khanhha_noisy1::cracktree200_6774.jpg,neutral,khanhha,-0.0048854972413058,6.889595,5.817593,8.155437
khanhha_noisy1::forest_003.jpg,degraded,khanhha,-0.0543002743980317,5.9591956,6.0293,8.003494
khanhha_noisy1::forest_006.jpg,degraded,khanhha,-0.0757462464801144,6.0235033,5.6756887,7.943317
khanhha_noisy1::forest_018.jpg,neutral,khanhha,-0.0096992405339196,5.885566,5.724722,8.154688
khanhha_noisy1::forest_022.jpg,degraded,khanhha,-0.0294789254005503,6.083215,5.809672,8.183369
khanhha_noisy1::forest_038.jpg,neutral,khanhha,-0.0073331547678255,5.9534073,5.689516,8.160783
khanhha_noisy1::forest_048.jpg,degraded,khanhha,-0.0722362789549535,6.01549,5.837648,7.86693
khanhha_noisy1::forest_054.jpg,improved,khanhha,0.0132369614512471,6.2700243,5.6882463,8.398284
khanhha_noisy1::forest_069.jpg,degraded,khanhha,-0.0300002938525366,5.94973,5.6982327,8.012315
khanhha_noisy1::forest_076.jpg,degraded,khanhha,-0.0602165676040676,6.124871,5.7055326,8.087449
khanhha_noisy1::forest_082.jpg,degraded,khanhha,-0.0102213260864663,6.0645504,5.792479,7.853026
khanhha_noisy1::forest_083.jpg,neutral,khanhha,0.001828244624791,6.2294264,5.501956,8.173547
khanhha_noisy1::forest_087.jpg,degraded,khanhha,-0.0665360935193274,6.0020924,5.876575,7.8233805
khanhha_noisy1::forest_091.jpg,degraded,khanhha,-0.0342808589335489,6.409482,5.550809,7.858142
khanhha_noisy1::forest_094.jpg,improved,khanhha,0.0217965434172507,6.185306,5.4849753,8.139322
khanhha_noisy1::forest_098.jpg,neutral,khanhha,0.0014781010177459,6.2693624,5.438301,8.213743
khanhha_noisy1::forest_104.jpg,degraded,khanhha,-0.0170684974087164,5.910623,5.875371,7.993688
khanhha_noisy1::forest_109.jpg,neutral,khanhha,-0.0057564689699071,6.328504,5.429194,8.274697
khanhha_noisy1::forest_117.jpg,neutral,khanhha,-0.0009928840104704,6.2154965,5.585504,8.166049
khanhha_noisy1::noncrack_noncrack_concrete_wall_0_0.jpg.jpg,neutral,khanhha,0.0,6.558955,9.147328,7.5193615
khanhha_noisy1::noncrack_noncrack_concrete_wall_0_3.jpg.jpg,neutral,khanhha,0.0,6.5706186,9.155499,7.529994
khanhha_noisy1::noncrack_noncrack_concrete_wall_100_4.jpg.jpg,neutral,khanhha,0.0,7.6079526,9.19638,8.027602
khanhha_noisy1::noncrack_noncrack_concrete_wall_101_2.jpg.jpg,neutral,khanhha,0.0,6.8188534,6.4567227,8.081805
khanhha_noisy1::noncrack_noncrack_concrete_wall_101_8.jpg.jpg,neutral,khanhha,0.0,6.822636,6.4512925,8.081051
khanhha_noisy1::noncrack_noncrack_concrete_wall_101_9.jpg.jpg,neutral,khanhha,0.0,6.861654,6.4942837,8.118576
khanhha_noisy1::noncrack_noncrack_concrete_wall_102_5.jpg.jpg,neutral,khanhha,0.0,7.380124,9.038295,8.0823345
khanhha_noisy1::noncrack_noncrack_concrete_wall_103_0.jpg.jpg,neutral,khanhha,0.0,6.398258,9.16166,7.303537
khanhha_noisy1::noncrack_noncrack_concrete_wall_103_1.jpg.jpg,neutral,khanhha,0.0,6.395469,9.158594,7.322356
khanhha_noisy1::noncrack_noncrack_concrete_wall_11_4.jpg.jpg,neutral,khanhha,0.0,6.4329915,9.096488,7.3650723
khanhha_noisy1::noncrack_noncrack_concrete_wall_12_3.jpg.jpg,neutral,khanhha,0.0,7.0319858,7.2030807,7.550151
khanhha_noisy1::noncrack_noncrack_concrete_wall_12_9.jpg.jpg,neutral,khanhha,0.0,6.981264,7.110768,7.6059265
khanhha_noisy1::noncrack_noncrack_concrete_wall_13_2.jpg.jpg,neutral,khanhha,0.0,5.937648,8.993451,7.0387683
khanhha_noisy1::noncrack_noncrack_concrete_wall_13_4.jpg.jpg,neutral,khanhha,0.0,5.923361,8.97846,7.056979
khanhha_noisy1::noncrack_noncrack_concrete_wall_13_6.jpg.jpg,neutral,khanhha,0.0,5.9194903,8.991217,7.028666
khanhha_noisy1::noncrack_noncrack_concrete_wall_14_11.jpg.jpg,neutral,khanhha,0.0,6.6633153,8.765364,7.516104
khanhha_noisy1::noncrack_noncrack_concrete_wall_14_25.jpg.jpg,neutral,khanhha,0.0,6.67233,8.752768,7.521864
khanhha_noisy1::noncrack_noncrack_concrete_wall_15_5.jpg.jpg,neutral,khanhha,0.0,6.9688888,8.9465065,8.542065
khanhha_noisy1::noncrack_noncrack_concrete_wall_15_7.jpg.jpg,neutral,khanhha,0.0,6.96189,8.978317,8.562828
khanhha_noisy1::noncrack_noncrack_concrete_wall_16_1.jpg.jpg,neutral,khanhha,0.0,7.168514,8.283126,6.9199595
khanhha_noisy1::noncrack_noncrack_concrete_wall_16_5.jpg.jpg,neutral,khanhha,0.0,7.166356,8.232606,7.034375
khanhha_noisy1::noncrack_noncrack_concrete_wall_18_1.jpg.jpg,neutral,khanhha,0.0,7.1556816,8.288814,6.874722
khanhha_noisy1::noncrack_noncrack_concrete_wall_18_11.jpg.jpg,neutral,khanhha,0.0,7.182428,8.292482,6.868157
khanhha_noisy1::noncrack_noncrack_concrete_wall_18_12.jpg.jpg,neutral,khanhha,0.0,7.1708555,8.302931,6.8852525
khanhha_noisy1::noncrack_noncrack_concrete_wall_18_18.jpg.jpg,neutral,khanhha,0.0,7.1422777,8.317863,6.8835697
khanhha_noisy1::noncrack_noncrack_concrete_wall_18_19.jpg.jpg,neutral,khanhha,0.0,7.172375,8.303515,6.881347
khanhha_noisy1::noncrack_noncrack_concrete_wall_18_3.jpg.jpg,neutral,khanhha,0.0,7.158922,8.314957,6.885003
khanhha_noisy1::noncrack_noncrack_concrete_wall_18_9.jpg.jpg,neutral,khanhha,0.0,7.1826,8.297426,6.8551326
khanhha_noisy1::noncrack_noncrack_concrete_wall_19_1.jpg.jpg,neutral,khanhha,0.0,7.36076,9.067712,8.128793
khanhha_noisy1::noncrack_noncrack_concrete_wall_19_3.jpg.jpg,neutral,khanhha,0.0,7.2824445,9.172477,7.9304423
khanhha_noisy1::noncrack_noncrack_concrete_wall_19_6.jpg.jpg,neutral,khanhha,0.0,7.29797,9.193557,7.8861513
khanhha_noisy1::noncrack_noncrack_concrete_wall_19_7.jpg.jpg,neutral,khanhha,0.0,7.2362375,9.204605,7.844102
khanhha_noisy1::noncrack_noncrack_concrete_wall_19_8.jpg.jpg,neutral,khanhha,0.0,7.3715625,9.107826,8.136148
khanhha_noisy1::noncrack_noncrack_concrete_wall_20_1.jpg.jpg,neutral,khanhha,0.0,7.0280685,8.954554,8.70316
khanhha_noisy1::noncrack_noncrack_concrete_wall_20_15.jpg.jpg,neutral,khanhha,0.0,7.029425,8.9829445,8.750251
khanhha_noisy1::noncrack_noncrack_concrete_wall_20_32.jpg.jpg,neutral,khanhha,0.0,7.032794,8.998348,8.729344
khanhha_noisy1::noncrack_noncrack_concrete_wall_20_52.jpg.jpg,neutral,khanhha,0.0,7.029357,8.988778,8.737491
khanhha_noisy1::noncrack_noncrack_concrete_wall_20_54.jpg.jpg,neutral,khanhha,0.0,7.0467734,8.977625,8.723715
khanhha_noisy1::noncrack_noncrack_concrete_wall_20_59.jpg.jpg,neutral,khanhha,0.0,7.037478,8.993663,8.6953335
khanhha_noisy1::noncrack_noncrack_concrete_wall_20_62.jpg.jpg,neutral,khanhha,0.0,7.0368137,8.99441,8.718356
khanhha_noisy1::noncrack_noncrack_concrete_wall_20_68.jpg.jpg,neutral,khanhha,0.0,7.0274262,9.010553,8.725763
khanhha_noisy1::noncrack_noncrack_concrete_wall_20_70.jpg.jpg,neutral,khanhha,0.0,7.0158143,8.917221,8.801992
khanhha_noisy1::noncrack_noncrack_concrete_wall_21_0.jpg.jpg,neutral,khanhha,0.0,6.4292903,9.385029,7.2480702
khanhha_noisy1::noncrack_noncrack_concrete_wall_23_1.jpg.jpg,neutral,khanhha,0.0,7.160363,9.032933,7.340926
khanhha_noisy1::noncrack_noncrack_concrete_wall_23_4.jpg.jpg,neutral,khanhha,0.0,7.169707,9.002062,7.3275833
khanhha_noisy1::noncrack_noncrack_concrete_wall_23_5.jpg.jpg,neutral,khanhha,0.0,7.1889405,9.07887,7.464514
khanhha_noisy1::noncrack_noncrack_concrete_wall_23_7.jpg.jpg,neutral,khanhha,0.0,7.1523533,9.024841,7.359761
khanhha_noisy1::noncrack_noncrack_concrete_wall_24_19.jpg.jpg,neutral,khanhha,0.0,7.1775517,8.321936,6.884949
khanhha_noisy1::noncrack_noncrack_concrete_wall_24_31.jpg.jpg,neutral,khanhha,0.0,7.1665444,8.390267,6.8989334
khanhha_noisy1::noncrack_noncrack_concrete_wall_24_35.jpg.jpg,neutral,khanhha,0.0,7.135263,8.453046,6.918002
khanhha_noisy1::noncrack_noncrack_concrete_wall_24_38.jpg.jpg,neutral,khanhha,0.0,7.1701884,8.351621,6.88542
khanhha_noisy1::noncrack_noncrack_concrete_wall_24_4.jpg.jpg,neutral,khanhha,0.0,7.1538634,8.3891945,6.9058843
khanhha_noisy1::noncrack_noncrack_concrete_wall_24_8.jpg.jpg,neutral,khanhha,0.0,7.166044,8.347638,6.8888307
khanhha_noisy1::noncrack_noncrack_concrete_wall_26_0.jpg.jpg,neutral,khanhha,0.0,7.0202026,8.49054,9.621358
khanhha_noisy1::noncrack_noncrack_concrete_wall_27_5.jpg.jpg,neutral,khanhha,0.0,6.1243067,8.799283,7.6617665
khanhha_noisy1::noncrack_noncrack_concrete_wall_28_0.jpg.jpg,neutral,khanhha,0.0,7.849599,4.3703446,7.6633077
khanhha_noisy1::noncrack_noncrack_concrete_wall_29_6.jpg.jpg,neutral,khanhha,0.0,6.633717,8.769262,7.018459
khanhha_noisy1::noncrack_noncrack_concrete_wall_30_2.jpg.jpg,neutral,khanhha,0.0,7.0327687,9.017786,8.668907
khanhha_noisy1::noncrack_noncrack_concrete_wall_31_0.jpg.jpg,neutral,khanhha,0.0,6.3825917,9.051327,7.3168335
khanhha_noisy1::noncrack_noncrack_concrete_wall_31_4.jpg.jpg,neutral,khanhha,0.0,6.404868,9.099825,7.317137
khanhha_noisy1::noncrack_noncrack_concrete_wall_33_4.jpg.jpg,neutral,khanhha,0.0,6.5627856,8.954216,7.2900395
khanhha_noisy1::noncrack_noncrack_concrete_wall_34_0.jpg.jpg,neutral,khanhha,0.0,6.592696,8.878221,7.3731995
khanhha_noisy1::noncrack_noncrack_concrete_wall_35_4.jpg.jpg,neutral,khanhha,0.0,6.473581,9.029055,7.409618
khanhha_noisy1::noncrack_noncrack_concrete_wall_37_1.jpg.jpg,neutral,khanhha,0.0,6.4769073,9.205008,7.325399
khanhha_noisy1::noncrack_noncrack_concrete_wall_37_4.jpg.jpg,neutral,khanhha,0.0,6.463176,9.190303,7.343587
khanhha_noisy1::noncrack_noncrack_concrete_wall_38_4.jpg.jpg,neutral,khanhha,0.0,6.4165735,9.076837,7.3599176
khanhha_noisy1::noncrack_noncrack_concrete_wall_38_5.jpg.jpg,neutral,khanhha,0.0,6.437365,9.068932,7.381132
khanhha_noisy1::noncrack_noncrack_concrete_wall_38_6.jpg.jpg,neutral,khanhha,0.0,6.4015803,9.081667,7.376036
khanhha_noisy1::noncrack_noncrack_concrete_wall_39_9.jpg.jpg,neutral,khanhha,0.0,7.01136,8.822915,7.9045215
khanhha_noisy1::noncrack_noncrack_concrete_wall_3_2.jpg.jpg,neutral,khanhha,0.0,6.5273733,9.050979,7.4934134
khanhha_noisy1::noncrack_noncrack_concrete_wall_40_0.jpg.jpg,neutral,khanhha,0.0,6.4555683,9.423655,7.163735
khanhha_noisy1::noncrack_noncrack_concrete_wall_40_5.jpg.jpg,neutral,khanhha,0.0,6.447933,9.382546,7.1648507
khanhha_noisy1::noncrack_noncrack_concrete_wall_41_11.jpg.jpg,neutral,khanhha,0.0,7.0972824,8.258066,7.182351
khanhha_noisy1::noncrack_noncrack_concrete_wall_41_12.jpg.jpg,neutral,khanhha,0.0,7.1254363,8.148478,7.1027474
khanhha_noisy1::noncrack_noncrack_concrete_wall_41_2.jpg.jpg,neutral,khanhha,0.0,7.130867,8.159128,7.0892696
khanhha_noisy1::noncrack_noncrack_concrete_wall_41_35.jpg.jpg,neutral,khanhha,0.0,7.124278,8.160643,7.108176
khanhha_noisy1::noncrack_noncrack_concrete_wall_41_37.jpg.jpg,neutral,khanhha,0.0,7.105893,8.331484,7.152368
khanhha_noisy1::noncrack_noncrack_concrete_wall_41_38.jpg.jpg,neutral,khanhha,0.0,7.128447,8.116955,7.1169844
khanhha_noisy1::noncrack_noncrack_concrete_wall_41_4.jpg.jpg,neutral,khanhha,0.0,7.136448,8.1609535,7.094235
khanhha_noisy1::noncrack_noncrack_concrete_wall_41_43.jpg.jpg,neutral,khanhha,0.0,7.1128902,8.237758,7.1125464
khanhha_noisy1::noncrack_noncrack_concrete_wall_41_48.jpg.jpg,neutral,khanhha,0.0,7.1341996,8.169342,7.0960765
khanhha_noisy1::noncrack_noncrack_concrete_wall_41_58.jpg.jpg,neutral,khanhha,0.0,7.141346,8.148423,7.081809
khanhha_noisy1::noncrack_noncrack_concrete_wall_41_63.jpg.jpg,neutral,khanhha,0.0,7.1591506,8.208626,7.0750637
khanhha_noisy1::noncrack_noncrack_concrete_wall_41_65.jpg.jpg,neutral,khanhha,0.0,7.1545906,8.119275,7.1010385
khanhha_noisy1::noncrack_noncrack_concrete_wall_42_6.jpg.jpg,neutral,khanhha,0.0,6.3329997,8.959205,7.2423
khanhha_noisy1::noncrack_noncrack_concrete_wall_43_14.jpg.jpg,neutral,khanhha,0.0,7.0011277,9.058076,8.626514
khanhha_noisy1::noncrack_noncrack_concrete_wall_43_15.jpg.jpg,neutral,khanhha,0.0,7.0154147,9.048759,8.649368
khanhha_noisy1::noncrack_noncrack_concrete_wall_43_18.jpg.jpg,neutral,khanhha,0.0,7.002549,9.040546,8.643111
khanhha_noisy1::noncrack_noncrack_concrete_wall_43_2.jpg.jpg,neutral,khanhha,0.0,6.995421,9.054247,8.606747
khanhha_noisy1::noncrack_noncrack_concrete_wall_43_25.jpg.jpg,neutral,khanhha,0.0,6.9809628,9.056844,8.60596
khanhha_noisy1::noncrack_noncrack_concrete_wall_43_34.jpg.jpg,neutral,khanhha,0.0,7.013023,9.039047,8.648421
khanhha_noisy1::noncrack_noncrack_concrete_wall_43_42.jpg.jpg,neutral,khanhha,0.0,7.007341,9.07481,8.581512
khanhha_noisy1::noncrack_noncrack_concrete_wall_43_44.jpg.jpg,neutral,khanhha,0.0,7.002205,9.053333,8.58947
khanhha_noisy1::noncrack_noncrack_concrete_wall_43_48.jpg.jpg,neutral,khanhha,0.0,7.012962,9.049036,8.643021
khanhha_noisy1::noncrack_noncrack_concrete_wall_43_50.jpg.jpg,degraded,khanhha,-1.0,7.0376763,9.066454,8.633723
khanhha_noisy1::noncrack_noncrack_concrete_wall_44_0.jpg.jpg,neutral,khanhha,0.0,6.5702095,6.9264693,7.9535036
khanhha_noisy1::noncrack_noncrack_concrete_wall_44_4.jpg.jpg,neutral,khanhha,0.0,6.5590854,6.8939185,7.931699
khanhha_noisy1::noncrack_noncrack_concrete_wall_45_13.jpg.jpg,neutral,khanhha,0.0,7.5015163,9.685701,5.63872
khanhha_noisy1::noncrack_noncrack_concrete_wall_45_4.jpg.jpg,neutral,khanhha,0.0,7.5005636,9.685262,5.638735
khanhha_noisy1::noncrack_noncrack_concrete_wall_45_5.jpg.jpg,neutral,khanhha,0.0,7.5012274,9.685715,5.6380224
khanhha_noisy1::noncrack_noncrack_concrete_wall_46_8.jpg.jpg,neutral,khanhha,0.0,6.472664,8.971483,7.1533446
khanhha_noisy1::noncrack_noncrack_concrete_wall_47_4.jpg.jpg,neutral,khanhha,0.0,6.3726587,9.266031,7.3561854
khanhha_noisy1::noncrack_noncrack_concrete_wall_47_6.jpg.jpg,neutral,khanhha,0.0,6.4081388,9.321659,7.301731
khanhha_noisy1::noncrack_noncrack_concrete_wall_48_0.jpg.jpg,neutral,khanhha,0.0,6.9392943,7.703856,7.4222655
khanhha_noisy1::noncrack_noncrack_concrete_wall_48_1.jpg.jpg,neutral,khanhha,0.0,6.8490267,7.652435,7.6119547
khanhha_noisy1::noncrack_noncrack_concrete_wall_48_5.jpg.jpg,neutral,khanhha,0.0,6.8076096,7.5975595,7.6196766
khanhha_noisy1::noncrack_noncrack_concrete_wall_49_4.jpg.jpg,neutral,khanhha,0.0,7.136204,7.922441,6.9875574
khanhha_noisy1::noncrack_noncrack_concrete_wall_50_2.jpg.jpg,neutral,khanhha,0.0,6.5044994,9.226888,7.195927
khanhha_noisy1::noncrack_noncrack_concrete_wall_53_3.jpg.jpg,neutral,khanhha,0.0,6.837274,8.917825,6.786244
khanhha_noisy1::noncrack_noncrack_concrete_wall_54_24.jpg.jpg,neutral,khanhha,0.0,7.052628,7.761328,7.290221
khanhha_noisy1::noncrack_noncrack_concrete_wall_54_27.jpg.jpg,neutral,khanhha,0.0,7.048566,7.7137017,7.297897
khanhha_noisy1::noncrack_noncrack_concrete_wall_54_28.jpg.jpg,neutral,khanhha,0.0,7.0383797,7.732301,7.2956734
khanhha_noisy1::noncrack_noncrack_concrete_wall_54_31.jpg.jpg,neutral,khanhha,0.0,7.0692143,7.737037,7.292626
khanhha_noisy1::noncrack_noncrack_concrete_wall_54_33.jpg.jpg,neutral,khanhha,0.0,7.044211,7.74076,7.311148
khanhha_noisy1::noncrack_noncrack_concrete_wall_54_36.jpg.jpg,neutral,khanhha,0.0,7.0386195,7.7726383,7.2988887
khanhha_noisy1::noncrack_noncrack_concrete_wall_54_4.jpg.jpg,neutral,khanhha,0.0,7.0480075,7.7049894,7.3358526
khanhha_noisy1::noncrack_noncrack_concrete_wall_54_40.jpg.jpg,neutral,khanhha,0.0,7.0471087,7.716085,7.313965
khanhha_noisy1::noncrack_noncrack_concrete_wall_54_44.jpg.jpg,neutral,khanhha,0.0,7.0628867,7.72844,7.295228
khanhha_noisy1::noncrack_noncrack_concrete_wall_54_48.jpg.jpg,neutral,khanhha,0.0,7.0611653,7.7092667,7.3223305
khanhha_noisy1::noncrack_noncrack_concrete_wall_54_53.jpg.jpg,neutral,khanhha,0.0,7.0415254,7.7238784,7.335934
khanhha_noisy1::noncrack_noncrack_concrete_wall_54_54.jpg.jpg,neutral,khanhha,0.0,7.052316,7.7621408,7.291782
khanhha_noisy1::noncrack_noncrack_concrete_wall_54_57.jpg.jpg,neutral,khanhha,0.0,7.038218,7.725759,7.324825
khanhha_noisy1::noncrack_noncrack_concrete_wall_54_72.jpg.jpg,neutral,khanhha,0.0,7.0440626,7.737646,7.304229
khanhha_noisy1::noncrack_noncrack_concrete_wall_55_10.jpg.jpg,neutral,khanhha,0.0,7.143846,7.8711905,6.9675155
khanhha_noisy1::noncrack_noncrack_concrete_wall_55_24.jpg.jpg,neutral,khanhha,0.0,7.152815,7.8619404,6.9342446
khanhha_noisy1::noncrack_noncrack_concrete_wall_55_29.jpg.jpg,neutral,khanhha,0.0,7.148446,7.8095217,6.977516
khanhha_noisy1::noncrack_noncrack_concrete_wall_55_32.jpg.jpg,neutral,khanhha,0.0,7.157049,7.832052,6.94798
khanhha_noisy1::noncrack_noncrack_concrete_wall_55_38.jpg.jpg,neutral,khanhha,0.0,7.170305,7.849371,6.929935
khanhha_noisy1::noncrack_noncrack_concrete_wall_55_4.jpg.jpg,neutral,khanhha,0.0,7.1552153,7.842846,6.9482927
khanhha_noisy1::noncrack_noncrack_concrete_wall_55_41.jpg.jpg,neutral,khanhha,0.0,7.162355,7.8707547,6.928504
khanhha_noisy1::noncrack_noncrack_concrete_wall_55_49.jpg.jpg,neutral,khanhha,0.0,7.1456575,7.8595824,6.9709144
khanhha_noisy1::noncrack_noncrack_concrete_wall_55_6.jpg.jpg,neutral,khanhha,0.0,7.151701,7.8336062,6.9456
khanhha_noisy1::noncrack_noncrack_concrete_wall_57_11.jpg.jpg,neutral,khanhha,0.0,6.411346,9.040483,7.3982363
khanhha_noisy1::noncrack_noncrack_concrete_wall_57_6.jpg.jpg,neutral,khanhha,0.0,6.4612484,9.022225,7.424929
khanhha_noisy1::noncrack_noncrack_concrete_wall_58_0.jpg.jpg,neutral,khanhha,0.0,7.107342,7.5092525,7.421806
khanhha_noisy1::noncrack_noncrack_concrete_wall_58_11.jpg.jpg,neutral,khanhha,0.0,7.093356,7.46907,7.4117007
khanhha_noisy1::noncrack_noncrack_concrete_wall_58_12.jpg.jpg,neutral,khanhha,0.0,7.085887,7.4625816,7.4263372
khanhha_noisy1::noncrack_noncrack_concrete_wall_58_13.jpg.jpg,neutral,khanhha,0.0,7.0910873,7.4810724,7.4465227
khanhha_noisy1::noncrack_noncrack_concrete_wall_58_6.jpg.jpg,neutral,khanhha,0.0,7.0858335,7.5066533,7.4237103
khanhha_noisy1::noncrack_noncrack_concrete_wall_58_8.jpg.jpg,neutral,khanhha,0.0,7.110045,7.4728904,7.426097
khanhha_noisy1::noncrack_noncrack_concrete_wall_59_0.jpg.jpg,neutral,khanhha,0.0,6.576374,9.403213,7.1338663
khanhha_noisy1::noncrack_noncrack_concrete_wall_59_3.jpg.jpg,neutral,khanhha,0.0,6.55502,9.407587,7.132155
khanhha_noisy1::noncrack_noncrack_concrete_wall_5_10.jpg.jpg,neutral,khanhha,0.0,6.5364795,9.004113,7.2677226
khanhha_noisy1::noncrack_noncrack_concrete_wall_60_13.jpg.jpg,neutral,khanhha,0.0,6.844806,8.889448,6.757288
khanhha_noisy1::noncrack_noncrack_concrete_wall_60_6.jpg.jpg,neutral,khanhha,0.0,6.8331695,8.900039,6.7737575
khanhha_noisy1::noncrack_noncrack_concrete_wall_60_8.jpg.jpg,neutral,khanhha,0.0,6.8134894,8.97766,6.79091
khanhha_noisy1::noncrack_noncrack_concrete_wall_63_1.jpg.jpg,neutral,khanhha,0.0,6.9695425,8.95408,8.5086
khanhha_noisy1::noncrack_noncrack_concrete_wall_65_0.jpg.jpg,neutral,khanhha,0.0,7.242598,8.918373,8.464545
khanhha_noisy1::noncrack_noncrack_concrete_wall_65_10.jpg.jpg,neutral,khanhha,0.0,7.159871,8.948669,8.5175295
khanhha_noisy1::noncrack_noncrack_concrete_wall_66_1.jpg.jpg,neutral,khanhha,0.0,6.528003,8.91751,7.244668
khanhha_noisy1::noncrack_noncrack_concrete_wall_66_10.jpg.jpg,neutral,khanhha,0.0,6.504354,8.934595,7.2748623
khanhha_noisy1::noncrack_noncrack_concrete_wall_66_21.jpg.jpg,neutral,khanhha,0.0,6.5205855,8.949961,7.278873
khanhha_noisy1::noncrack_noncrack_concrete_wall_66_8.jpg.jpg,neutral,khanhha,0.0,6.4946337,8.956091,7.254447
khanhha_noisy1::noncrack_noncrack_concrete_wall_67_1.jpg.jpg,neutral,khanhha,0.0,-3.3287706,4.735237,7.4246917
khanhha_noisy1::noncrack_noncrack_concrete_wall_67_2.jpg.jpg,neutral,khanhha,0.0,-3.3068626,4.752517,7.492461
khanhha_noisy1::noncrack_noncrack_concrete_wall_68_0.jpg.jpg,neutral,khanhha,0.0,7.5124,8.961724,8.131867
khanhha_noisy1::noncrack_noncrack_concrete_wall_68_1.jpg.jpg,neutral,khanhha,0.0,7.5012927,8.947077,8.1260195
khanhha_noisy1::noncrack_noncrack_concrete_wall_69_6.jpg.jpg,neutral,khanhha,0.0,6.2847137,8.74199,7.76913
khanhha_noisy1::noncrack_noncrack_concrete_wall_6_0.jpg.jpg,neutral,khanhha,0.0,6.5588584,9.01626,7.513655
khanhha_noisy1::noncrack_noncrack_concrete_wall_70_3.jpg.jpg,neutral,khanhha,0.0,6.4341908,9.445877,7.2187057
khanhha_noisy1::noncrack_noncrack_concrete_wall_72_0.jpg.jpg,neutral,khanhha,0.0,7.0895505,9.114722,7.644495
khanhha_noisy1::noncrack_noncrack_concrete_wall_73_1.jpg.jpg,neutral,khanhha,0.0,6.411532,9.487147,7.210852
khanhha_noisy1::noncrack_noncrack_concrete_wall_73_2.jpg.jpg,neutral,khanhha,0.0,6.431533,9.480964,7.185031
khanhha_noisy1::noncrack_noncrack_concrete_wall_73_4.jpg.jpg,neutral,khanhha,0.0,6.433316,9.461992,7.187002
khanhha_noisy1::noncrack_noncrack_concrete_wall_74_10.jpg.jpg,neutral,khanhha,0.0,7.1052413,7.4566555,7.2488074
khanhha_noisy1::noncrack_noncrack_concrete_wall_75_0.jpg.jpg,neutral,khanhha,0.0,6.3040085,9.008257,7.3556757
khanhha_noisy1::noncrack_noncrack_concrete_wall_75_18.jpg.jpg,neutral,khanhha,0.0,6.2948556,9.011163,7.379751
khanhha_noisy1::noncrack_noncrack_concrete_wall_75_24.jpg.jpg,neutral,khanhha,0.0,6.2644053,8.992964,7.4027834
khanhha_noisy1::noncrack_noncrack_concrete_wall_76_1.jpg.jpg,neutral,khanhha,0.0,7.1290874,7.4298515,7.243222
khanhha_noisy1::noncrack_noncrack_concrete_wall_76_22.jpg.jpg,neutral,khanhha,0.0,7.1269593,7.4507236,7.233669
khanhha_noisy1::noncrack_noncrack_concrete_wall_76_30.jpg.jpg,neutral,khanhha,0.0,7.1246347,7.448944,7.2422266
khanhha_noisy1::noncrack_noncrack_concrete_wall_76_36.jpg.jpg,neutral,khanhha,0.0,7.1337223,7.4588256,7.237776
khanhha_noisy1::noncrack_noncrack_concrete_wall_76_38.jpg.jpg,neutral,khanhha,0.0,7.127447,7.458964,7.2418485
khanhha_noisy1::noncrack_noncrack_concrete_wall_76_49.jpg.jpg,neutral,khanhha,0.0,7.142579,7.427807,7.228047
khanhha_noisy1::noncrack_noncrack_concrete_wall_76_5.jpg.jpg,neutral,khanhha,0.0,7.1252317,7.446896,7.248698
khanhha_noisy1::noncrack_noncrack_concrete_wall_76_62.jpg.jpg,neutral,khanhha,0.0,7.141157,7.422854,7.23327
khanhha_noisy1::noncrack_noncrack_concrete_wall_77_1.jpg.jpg,neutral,khanhha,0.0,6.308136,8.9871235,7.440012
khanhha_noisy1::noncrack_noncrack_concrete_wall_77_5.jpg.jpg,neutral,khanhha,0.0,6.269625,8.913558,7.563993
khanhha_noisy1::noncrack_noncrack_concrete_wall_79_2.jpg.jpg,neutral,khanhha,0.0,6.3445854,8.721809,7.6249385
khanhha_noisy1::noncrack_noncrack_concrete_wall_79_6.jpg.jpg,neutral,khanhha,0.0,6.5675135,8.559978,7.91213
khanhha_noisy1::noncrack_noncrack_concrete_wall_7_0.jpg.jpg,neutral,khanhha,0.0,6.682354,9.057677,6.9727535
khanhha_noisy1::noncrack_noncrack_concrete_wall_7_1.jpg.jpg,neutral,khanhha,0.0,6.711321,9.054144,6.870763
khanhha_noisy1::noncrack_noncrack_concrete_wall_81_4.jpg.jpg,degraded,khanhha,-1.0,6.540024,8.544459,7.338764
khanhha_noisy1::noncrack_noncrack_concrete_wall_82_14.jpg.jpg,neutral,khanhha,0.0,7.094967,10.173155,6.827267
khanhha_noisy1::noncrack_noncrack_concrete_wall_82_23.jpg.jpg,neutral,khanhha,0.0,7.102072,10.179416,6.8306465
khanhha_noisy1::noncrack_noncrack_concrete_wall_82_24.jpg.jpg,neutral,khanhha,0.0,7.0821834,10.168169,6.828774
khanhha_noisy1::noncrack_noncrack_concrete_wall_82_27.jpg.jpg,neutral,khanhha,0.0,7.1251206,10.150832,6.8575478
khanhha_noisy1::noncrack_noncrack_concrete_wall_82_32.jpg.jpg,neutral,khanhha,0.0,7.098491,10.180121,6.8281674
khanhha_noisy1::noncrack_noncrack_concrete_wall_82_4.jpg.jpg,neutral,khanhha,0.0,7.111032,10.167489,6.84
khanhha_noisy1::noncrack_noncrack_concrete_wall_82_5.jpg.jpg,neutral,khanhha,0.0,7.096639,10.179278,6.829951
khanhha_noisy1::noncrack_noncrack_concrete_wall_83_10.jpg.jpg,neutral,khanhha,0.0,7.0201993,9.065523,8.880089
khanhha_noisy1::noncrack_noncrack_concrete_wall_83_4.jpg.jpg,neutral,khanhha,0.0,7.0401173,9.061397,8.826956
khanhha_noisy1::noncrack_noncrack_concrete_wall_83_9.jpg.jpg,neutral,khanhha,0.0,7.022955,9.063836,8.85359
khanhha_noisy1::noncrack_noncrack_concrete_wall_86_1.jpg.jpg,neutral,khanhha,0.0,7.099694,8.123162,7.3589993
khanhha_noisy1::noncrack_noncrack_concrete_wall_86_2.jpg.jpg,neutral,khanhha,0.0,7.093515,8.1081505,7.2644477
khanhha_noisy1::noncrack_noncrack_concrete_wall_88_3.jpg.jpg,neutral,khanhha,0.0,7.029318,8.836069,8.73747
khanhha_noisy1::noncrack_noncrack_concrete_wall_89_0.jpg.jpg,neutral,khanhha,0.0,7.071124,8.589679,6.9451594
khanhha_noisy1::noncrack_noncrack_concrete_wall_89_1.jpg.jpg,neutral,khanhha,0.0,7.1095676,8.476082,6.923631
khanhha_noisy1::noncrack_noncrack_concrete_wall_91_1.jpg.jpg,neutral,khanhha,0.0,6.5239944,8.989337,7.5866976
khanhha_noisy1::noncrack_noncrack_concrete_wall_92_7.jpg.jpg,neutral,khanhha,0.0,6.5733285,8.841892,7.1710534
khanhha_noisy1::noncrack_noncrack_concrete_wall_93_5.jpg.jpg,neutral,khanhha,0.0,6.9063053,9.158706,8.019379
khanhha_noisy1::noncrack_noncrack_concrete_wall_94_4.jpg.jpg,neutral,khanhha,0.0,6.5181136,8.963088,7.2120867
khanhha_noisy1::noncrack_noncrack_concrete_wall_96_1.jpg.jpg,neutral,khanhha,0.0,7.215068,9.167974,7.9732976
khanhha_noisy1::noncrack_noncrack_concrete_wall_96_12.jpg.jpg,neutral,khanhha,0.0,7.1033044,9.16257,7.892943
khanhha_noisy1::noncrack_noncrack_concrete_wall_96_2.jpg.jpg,neutral,khanhha,0.0,7.1557655,9.169995,7.96592
khanhha_noisy1::noncrack_noncrack_concrete_wall_96_27.jpg.jpg,neutral,khanhha,0.0,7.090225,9.158326,7.9138722
khanhha_noisy1::noncrack_noncrack_concrete_wall_99_2.jpg.jpg,neutral,khanhha,0.0,7.311491,9.120004,8.073418
khanhha_noisy1::noncrack_noncrack_concrete_wall_9_14.jpg.jpg,neutral,khanhha,0.0,6.564249,9.451126,7.176175
khanhha_noisy1::noncrack_noncrack_concrete_wall_9_22.jpg.jpg,neutral,khanhha,0.0,6.5525794,9.467464,7.1961956
khanhha_noisy1::noncrack_noncrack_concrete_wall_9_29.jpg.jpg,neutral,khanhha,0.0,6.5546627,9.462571,7.1597333
khanhha_noisy1::noncrack_noncrack_concrete_wall_9_32.jpg.jpg,neutral,khanhha,0.0,6.555416,9.45072,7.173826
khanhha_noisy1::noncrack_noncrack_concrete_wall_9_33.jpg.jpg,neutral,khanhha,0.0,6.5387917,9.444406,7.1720037
khanhha_noisy2::CFD_001.jpg,improved,khanhha,0.0148359678022181,6.6098895,7.3830967,9.450732
khanhha_noisy2::CFD_007.jpg,improved,khanhha,0.0173663671540841,6.5791306,7.434138,9.698855
khanhha_noisy2::CFD_011.jpg,neutral,khanhha,-0.0081692694818234,6.494749,7.558582,9.691926
khanhha_noisy2::CFD_013.jpg,neutral,khanhha,0.0012928859594278,6.5617075,7.3497334,9.903236
khanhha_noisy2::CFD_014.jpg,neutral,khanhha,-0.008415581507486,6.643962,7.5466204,9.570787
khanhha_noisy2::CFD_019.jpg,neutral,khanhha,0.0077361996762254,6.5169373,7.382302,9.819421
khanhha_noisy2::CFD_037.jpg,degraded,khanhha,-0.0172110052743906,6.5556297,7.4077744,9.79038
khanhha_noisy2::CFD_040.jpg,degraded,khanhha,-0.0234941881250643,6.492865,7.54129,9.754056
khanhha_noisy2::CFD_047.jpg,improved,khanhha,0.0186095203205199,6.0278254,7.6251183,9.534784
khanhha_noisy2::CFD_070.jpg,degraded,khanhha,-0.0199576489637341,6.5460377,7.5862546,9.703534
khanhha_noisy2::CFD_080.jpg,improved,khanhha,0.0309252195485137,6.6390047,7.3935485,9.449366
khanhha_noisy2::CFD_082.jpg,improved,khanhha,0.0260721781082477,6.5900965,7.53884,9.69287
khanhha_noisy2::CFD_084.jpg,neutral,khanhha,0.0033437133989679,6.64291,7.543433,9.674103
khanhha_noisy2::CFD_088.jpg,degraded,khanhha,-0.0301583506563871,6.936745,6.87122,9.589472
khanhha_noisy2::CFD_108.jpg,neutral,khanhha,-0.0057926212248315,6.8208003,7.052261,9.682597
khanhha_noisy2::CFD_109.jpg,improved,khanhha,0.0304327939118996,6.9447637,6.80265,9.652178
khanhha_noisy2::CFD_111.jpg,improved,khanhha,0.0443862838155795,6.8775067,6.962138,9.630093
khanhha_noisy2::CFD_118.jpg,neutral,khanhha,-0.009932188993752,6.514854,7.5201716,9.711806
khanhha_noisy2::CRACK500_20160222_080933_361_1.jpg,neutral,khanhha,-0.0042039683674931,6.990014,6.700126,9.673656
khanhha_noisy2::CRACK500_20160222_081031_641_361.jpg,improved,khanhha,0.0109169059931691,7.9617643,5.7998123,11.542665
khanhha_noisy2::CRACK500_20160222_081102_1921_721.jpg,improved,khanhha,0.0296603618637694,7.7426777,6.3539104,11.067354
khanhha_noisy2::CRACK500_20160222_081102_1_721.jpg,degraded,khanhha,-0.2745928421649153,7.2912674,8.490694,8.483675
khanhha_noisy2::CRACK500_20160222_081111_641_361.jpg,neutral,khanhha,-0.0060297079294397,6.989563,6.7083845,9.670232
khanhha_noisy2::CRACK500_20160222_081113_1921_721.jpg,neutral,khanhha,-0.0049680573567391,7.2403812,6.9162827,10.567647
khanhha_noisy2::CRACK500_20160222_081839_1_721.jpg,improved,khanhha,0.0245080762544221,7.8134575,6.215977,10.573763
khanhha_noisy2::CRACK500_20160222_081908_641_721.jpg,degraded,khanhha,-0.0120397070037372,7.486703,5.9308424,10.183943
khanhha_noisy2::CRACK500_20160222_114759_1921_361.jpg,degraded,khanhha,-0.0196622772536687,7.6773314,5.8815274,11.357471
khanhha_noisy2::CRACK500_20160222_114759_1921_721.jpg,degraded,khanhha,-0.0414727282491015,7.624251,5.876114,11.351744
khanhha_noisy2::CRACK500_20160222_114759_641_361.jpg,degraded,khanhha,-0.0845367427820816,7.667409,5.879747,11.317727
khanhha_noisy2::CRACK500_20160222_115219_1281_721.jpg,degraded,khanhha,-0.0938696441967726,8.12125,6.1871295,10.8035555
khanhha_noisy2::CRACK500_20160222_115224_1281_1081.jpg,neutral,khanhha,-0.0081750014355919,8.174297,6.178167,10.780384
khanhha_noisy2::CRACK500_20160222_115224_1281_361.jpg,degraded,khanhha,-0.3662948447392222,7.8895683,5.528731,10.237811
khanhha_noisy2::CRACK500_20160222_115305_1281_1081.jpg,degraded,khanhha,-0.0146309248047628,8.139101,6.0803413,10.735801
khanhha_noisy2::CRACK500_20160222_115305_1921_361.jpg,neutral,khanhha,-0.0076693096060637,8.165587,6.169669,10.740249
khanhha_noisy2::CRACK500_20160222_115305_641_1.jpg,neutral,khanhha,0.0048515826212084,8.097634,6.188485,10.719347
khanhha_noisy2::CRACK500_20160222_115305_641_721.jpg,degraded,khanhha,-0.010110252031527,8.049545,6.087593,10.6955
khanhha_noisy2::CRACK500_20160222_115324_1281_721.jpg,degraded,khanhha,-0.0968851778817361,8.651481,6.2545824,11.012787
khanhha_noisy2::CRACK500_20160222_115324_641_1081.jpg,improved,khanhha,0.051238481642586,8.307066,6.1312623,10.85915
khanhha_noisy2::CRACK500_20160222_115519_641_721.jpg,degraded,khanhha,-0.4051233689203273,8.474811,5.2675543,10.577678
khanhha_noisy2::CRACK500_20160222_115828_641_1.jpg,degraded,khanhha,-0.4687134502923976,8.538037,5.305549,10.631479
khanhha_noisy2::CRACK500_20160222_115833_1921_1081.jpg,degraded,khanhha,-0.3127050751734648,8.524677,5.3162155,10.651752
khanhha_noisy2::CRACK500_20160222_115833_641_361.jpg,degraded,khanhha,-0.2872900983461775,8.514509,5.2731023,10.610039
khanhha_noisy2::CRACK500_20160222_115843_1281_361.jpg,neutral,khanhha,0.0,8.526072,5.284183,10.623747
khanhha_noisy2::CRACK500_20160222_115847_1281_361.jpg,neutral,khanhha,0.0,8.5505495,5.3318267,10.6614
khanhha_noisy2::CRACK500_20160222_115847_641_361.jpg,neutral,khanhha,0.0,8.543547,5.302949,10.653671
khanhha_noisy2::CRACK500_20160222_163940_1281_1081.jpg,neutral,khanhha,-0.0074646128884416,7.908849,6.057044,10.508893
khanhha_noisy2::CRACK500_20160222_163940_1_1081.jpg,neutral,khanhha,0.006759182885077,7.546268,5.624529,11.147779
khanhha_noisy2::CRACK500_20160222_163940_1_361.jpg,degraded,khanhha,-0.0563091910332722,7.4463444,5.8689737,11.189283
khanhha_noisy2::CRACK500_20160222_163940_641_1081.jpg,neutral,khanhha,0.0007431904571009,7.6714935,5.919556,11.288578
khanhha_noisy2::CRACK500_20160222_164141_1281_1.jpg,degraded,khanhha,-0.0645117010783489,7.462403,5.8924327,11.157091
khanhha_noisy2::CRACK500_20160222_164141_1921_721.jpg,neutral,khanhha,0.0011772418872678,7.667469,5.7481527,10.8287115
khanhha_noisy2::CRACK500_20160222_164141_1_1081.jpg,neutral,khanhha,-0.0027251011687587,7.399033,6.160614,9.965917
khanhha_noisy2::CRACK500_20160222_164822_1281_1.jpg,degraded,khanhha,-0.0156157148619561,8.413396,6.7301683,11.151178
khanhha_noisy2::CRACK500_20160222_164822_641_1.jpg,degraded,khanhha,-0.0384522004267199,8.156877,6.5782027,11.011923
khanhha_noisy2::CRACK500_20160222_164822_641_361.jpg,degraded,khanhha,-0.0138730297298608,8.349645,6.696821,11.1061
khanhha_noisy2::CRACK500_20160222_164825_641_721.jpg,degraded,khanhha,-0.0134351589398877,7.8486595,6.42814,10.893888
khanhha_noisy2::CRACK500_20160222_164851_641_1081.jpg,degraded,khanhha,-0.1322209103358212,8.118572,6.530711,11.062095
khanhha_noisy2::CRACK500_20160222_164936_641_361.jpg,degraded,khanhha,-0.3938190876537443,8.0526,6.606033,11.065343
khanhha_noisy2::CRACK500_20160222_165037_1921_361.jpg,neutral,khanhha,-0.0001054835170807,8.114767,6.5458746,10.970208
khanhha_noisy2::CRACK500_20160222_165037_1_361.jpg,neutral,khanhha,-0.0005634115687951,8.0646305,6.211687,11.14048
khanhha_noisy2::CRACK500_20160222_165037_641_361.jpg,improved,khanhha,0.0111821078024727,8.104878,6.3681216,11.042128
khanhha_noisy2::CRACK500_20160222_165218_641_1.jpg,degraded,khanhha,-0.022579275568952,8.17738,6.6797676,10.9138565
khanhha_noisy2::CRACK500_20160222_165225_1281_721.jpg,improved,khanhha,0.0298052543561525,8.141608,6.721103,10.861288
khanhha_noisy2::CRACK500_20160222_165256_1281_1.jpg,neutral,khanhha,0.0,8.338832,6.7896233,11.09952
khanhha_noisy2::CRACK500_20160222_165256_1281_721.jpg,degraded,khanhha,-0.0700200958853256,7.9324303,6.457018,11.174497
khanhha_noisy2::CRACK500_20160222_165256_641_1.jpg,degraded,khanhha,-0.0430884713542654,8.307403,6.741904,11.066797
khanhha_noisy2::CRACK500_20160222_165715_1921_721.jpg,degraded,khanhha,-0.029957310635619,8.059252,6.663589,11.038562
khanhha_noisy2::CRACK500_20160222_165909_1281_1081.jpg,neutral,khanhha,0.0027248458626503,8.009791,6.6481714,10.977474
khanhha_noisy2::CRACK500_20160222_165919_1_721.jpg,degraded,khanhha,-0.0218540814123124,8.170859,6.785511,11.073526
khanhha_noisy2::CRACK500_20160222_165926_1281_721.jpg,degraded,khanhha,-0.0117918041068242,7.851378,6.527862,10.909837
khanhha_noisy2::CRACK500_20160222_165947_1921_721.jpg,neutral,khanhha,0.0092403836930107,7.668853,6.668555,10.685135
khanhha_noisy2::CRACK500_20160222_165951_1921_1.jpg,neutral,khanhha,-0.0008516837324499,7.25005,6.9028997,10.617357
khanhha_noisy2::CRACK500_20160225_114503_1_361.jpg,degraded,khanhha,-0.0192371398663219,7.856874,6.4087844,10.950302
khanhha_noisy2::CRACK500_20160225_114514_721_1281.jpg,neutral,khanhha,0.0077578314259346,7.911171,6.0477886,11.015059
khanhha_noisy2::CRACK500_20160225_114514_721_641.jpg,neutral,khanhha,0.0070902257344986,7.7063303,5.697212,11.291413
khanhha_noisy2::CRACK500_20160225_114535_1281_1081.jpg,neutral,khanhha,-0.0079354145318374,8.089195,6.4844694,11.000087
khanhha_noisy2::CRACK500_20160225_114535_1921_1081.jpg,degraded,khanhha,-0.0152299630047836,8.240332,6.5345817,11.155216
khanhha_noisy2::CRACK500_20160225_114535_1_1.jpg,neutral,khanhha,-0.0030451917578175,8.366319,6.761157,11.176696
khanhha_noisy2::CRACK500_20160302_155848_1281_361.jpg,degraded,khanhha,-0.0198089204663903,8.5816,5.7294908,11.456487
khanhha_noisy2::CRACK500_20160302_155848_1921_361.jpg,neutral,khanhha,0.008035437014935,8.029948,5.5199704,11.617389
khanhha_noisy2::CRACK500_20160302_155848_641_721.jpg,neutral,khanhha,-0.0087880953538974,8.258855,5.619392,11.411857
khanhha_noisy2::CRACK500_20160302_155857_1281_1.jpg,degraded,khanhha,-0.0287965328181111,8.737764,5.9887013,11.468212
khanhha_noisy2::CRACK500_20160302_155857_1_721.jpg,degraded,khanhha,-0.0117470393936783,8.485044,5.641761,11.458828
khanhha_noisy2::CRACK500_20160302_155914_1081_641.jpg,degraded,khanhha,-0.0139873320033353,8.249982,5.982824,11.563224
khanhha_noisy2::CRACK500_20160302_155919_1281_721.jpg,degraded,khanhha,-0.0366290160010398,8.967322,6.018646,11.10358
khanhha_noisy2::CRACK500_20160302_155919_641_1.jpg,neutral,khanhha,0.0,8.730927,6.274466,11.453296
khanhha_noisy2::CRACK500_20160302_155919_641_1081.jpg,degraded,khanhha,-0.0348098176661137,8.5866585,6.0709653,11.312708
khanhha_noisy2::CRACK500_20160302_155925_1281_361.jpg,improved,khanhha,0.047168886129013,8.055341,5.5999665,11.665165
khanhha_noisy2::CRACK500_20160302_155925_641_361.jpg,degraded,khanhha,-0.0997684614630293,8.827083,6.157095,11.431857
khanhha_noisy2::CRACK500_20160302_160033_641_361.jpg,degraded,khanhha,-0.0439672971645504,8.422546,6.0673013,11.281853
khanhha_noisy2::CRACK500_20160303_091830_361_1281.jpg,neutral,khanhha,-0.0037835244315256,8.607895,5.728425,11.607328
khanhha_noisy2::CRACK500_20160303_092627_641_721.jpg,degraded,khanhha,-0.1240103939871662,8.542452,6.062979,11.354311
khanhha_noisy2::CRACK500_20160303_092806_1281_721.jpg,degraded,khanhha,-0.046010535479436,8.347294,6.203131,10.795662
khanhha_noisy2::CRACK500_20160303_092806_1_721.jpg,degraded,khanhha,-0.035350557771227,8.263124,6.44379,10.89694
khanhha_noisy2::CRACK500_20160303_092839_1281_361.jpg,neutral,khanhha,-0.0094263915907323,8.270903,6.281729,10.830745
khanhha_noisy2::CRACK500_20160303_092839_1281_721.jpg,improved,khanhha,0.0363355778051566,7.9408665,5.9433184,10.677456
khanhha_noisy2::CRACK500_20160303_092839_641_721.jpg,improved,khanhha,0.0138968974231561,7.9354177,5.8531737,10.680282
khanhha_noisy2::CRACK500_20160303_093353_1921_361.jpg,improved,khanhha,0.0435207764677223,7.765658,6.1212034,11.359504
khanhha_noisy2::CRACK500_20160303_093353_1921_721.jpg,neutral,khanhha,0.0021460897219386,8.457906,6.6849556,11.2321205
khanhha_noisy2::CRACK500_20160303_093400_641_1.jpg,improved,khanhha,0.0204469546710497,8.088969,6.452391,10.957028
khanhha_noisy2::CRACK500_20160303_093400_641_721.jpg,degraded,khanhha,-0.0134191375396607,7.7229233,6.018371,11.541438
khanhha_noisy2::CRACK500_20160303_093527_1281_361.jpg,neutral,khanhha,-0.0023668205578705,7.9294057,5.583043,11.6453905
khanhha_noisy2::CRACK500_20160303_093537_1921_1081.jpg,improved,khanhha,0.0210475348152424,8.600102,5.7604547,11.456298
khanhha_noisy2::CRACK500_20160306_103613_1_721.jpg,improved,khanhha,0.0155844603803742,8.681368,6.4281425,11.360439
khanhha_noisy2::CRACK500_20160306_103638_1921_1081.jpg,degraded,khanhha,-0.0215587091794763,8.72266,6.368128,11.339059
khanhha_noisy2::CRACK500_20160306_103638_1_361.jpg,improved,khanhha,0.0119385933698012,8.59587,6.4974895,11.371499
khanhha_noisy2::CRACK500_20160306_103657_1921_721.jpg,degraded,khanhha,-0.3227773406766325,8.335024,6.2765155,11.576264
khanhha_noisy2::CRACK500_20160306_103657_641_721.jpg,degraded,khanhha,-0.0222999837796543,7.9379096,6.057388,11.491888
khanhha_noisy2::CRACK500_20160306_103816_1_721.jpg,improved,khanhha,0.0211982234515409,8.283435,6.062261,11.645188
khanhha_noisy2::CRACK500_20160306_103830_1921_1081.jpg,neutral,khanhha,-0.0041437584497521,8.64277,6.29083,11.466596
khanhha_noisy2::CRACK500_20160306_103903_1281_361.jpg,improved,khanhha,0.0156533540657464,8.60786,6.4000344,11.454013
khanhha_noisy2::CRACK500_20160306_103903_641_361.jpg,improved,khanhha,0.1250988534188816,8.491759,6.3983893,11.398373
khanhha_noisy2::CRACK500_20160306_104522_1921_361.jpg,degraded,khanhha,-0.0196490119683885,8.59509,6.4009757,11.395447
khanhha_noisy2::CRACK500_20160306_104522_1921_721.jpg,degraded,khanhha,-0.0662430502002694,8.752511,6.3423214,11.344661
khanhha_noisy2::CRACK500_20160306_104522_641_721.jpg,neutral,khanhha,0.0099533238161209,8.579537,6.0009217,11.37034
khanhha_noisy2::CRACK500_20160306_104527_1921_721.jpg,improved,khanhha,0.0401038283920832,7.7975492,5.5648313,11.680962
khanhha_noisy2::CRACK500_20160306_104527_641_361.jpg,neutral,khanhha,0.0025643560639145,8.164341,5.8330045,11.488676
khanhha_noisy2::CRACK500_20160307_143827_1_721.jpg,degraded,khanhha,-0.0208687076848284,8.422715,5.6882114,11.711731
khanhha_noisy2::CRACK500_20160307_144115_1281_1.jpg,neutral,khanhha,0.0085674982518135,8.023351,6.312075,11.413095
khanhha_noisy2::CRACK500_20160307_144150_1281_721.jpg,neutral,khanhha,-0.00523924432292,8.369166,5.877935,11.158389
khanhha_noisy2::CRACK500_20160307_144150_641_361.jpg,neutral,khanhha,-0.0048075191214732,8.158559,6.088965,11.08144
khanhha_noisy2::CRACK500_20160307_144202_1281_361.jpg,degraded,khanhha,-0.0120819249445283,8.686612,5.936132,11.424744
khanhha_noisy2::CRACK500_20160307_144202_1281_721.jpg,improved,khanhha,0.0251332872122883,8.606695,5.985746,11.27541
khanhha_noisy2::CRACK500_20160307_144842_1281_1.jpg,improved,khanhha,0.2214536322281493,8.307123,5.684679,11.742894
khanhha_noisy2::CRACK500_20160307_144842_1281_1081.jpg,neutral,khanhha,0.0025639924557563,8.490764,5.676857,11.624289
khanhha_noisy2::CRACK500_20160307_144916_1281_361.jpg,improved,khanhha,0.0292545865214145,8.535304,6.4054337,11.444779
khanhha_noisy2::CRACK500_20160307_144916_1921_721.jpg,neutral,khanhha,0.0028658395602778,7.8447948,5.882327,11.645991
khanhha_noisy2::CRACK500_20160307_144924_1281_361.jpg,degraded,khanhha,-0.0213600611351824,8.419036,6.2213273,11.61098
khanhha_noisy2::CRACK500_20160307_144924_641_361.jpg,neutral,khanhha,-0.0018963922294172,8.431532,6.3423877,11.535718
khanhha_noisy2::CRACK500_20160307_144931_1281_1.jpg,degraded,khanhha,-0.035153935691601,8.374302,6.253955,11.398197
khanhha_noisy2::CRACK500_20160307_144931_641_721.jpg,improved,khanhha,0.0579674048603153,8.330648,6.1428013,11.590743
khanhha_noisy2::CRACK500_20160307_145059_1921_361.jpg,improved,khanhha,0.0142843511064976,7.928358,5.9966316,10.734733
khanhha_noisy2::CRACK500_20160307_145107_1281_721.jpg,improved,khanhha,0.0109618566596791,7.807395,6.2782335,10.661487
khanhha_noisy2::CRACK500_20160307_145107_1_1.jpg,improved,khanhha,0.0228004177330994,7.613399,6.239659,10.483845
khanhha_noisy2::CRACK500_20160307_145259_1921_721.jpg,degraded,khanhha,-0.0320019172719486,7.7906675,6.5524764,10.502057
khanhha_noisy2::CRACK500_20160307_145259_1_361.jpg,improved,khanhha,0.0156519705899084,7.3839207,6.2415156,11.063661
khanhha_noisy2::CRACK500_20160307_162438_1921_1081.jpg,degraded,khanhha,-0.0158916089350342,7.859806,6.4557567,10.853438
khanhha_noisy2::CRACK500_20160307_162438_1921_721.jpg,improved,khanhha,0.0155630224673555,7.6024504,6.353522,11.268783
khanhha_noisy2::CRACK500_20160307_163537_1281_721.jpg,neutral,khanhha,0.0072732643901002,8.563799,6.419866,11.226209
khanhha_noisy2::CRACK500_20160307_163537_641_361.jpg,improved,khanhha,0.0523240063469948,8.384343,6.772618,11.183358
khanhha_noisy2::CRACK500_20160307_163537_641_721.jpg,degraded,khanhha,-0.0304114505990052,7.7047,5.979182,11.57738
khanhha_noisy2::CRACK500_20160307_163627_641_721.jpg,improved,khanhha,0.0369820297235258,8.413375,6.700464,11.254571
khanhha_noisy2::CRACK500_20160307_163641_1921_361.jpg,degraded,khanhha,-0.3164613838213255,8.30702,6.5281563,11.439512
khanhha_noisy2::CRACK500_20160307_164214_1281_1081.jpg,neutral,khanhha,0.00601533729882,7.607925,6.707364,10.691228
khanhha_noisy2::CRACK500_20160307_164214_1_721.jpg,degraded,khanhha,-0.0263360036854116,7.1385455,6.799176,10.7521715
khanhha_noisy2::CRACK500_20160307_164226_1921_721.jpg,neutral,khanhha,0.0008295029648776,7.8533053,6.6166134,10.849533
khanhha_noisy2::CRACK500_20160307_164226_1_721.jpg,neutral,khanhha,0.0012502462480661,7.377262,6.821897,10.80728
khanhha_noisy2::CRACK500_20160307_164226_641_721.jpg,improved,khanhha,0.010208000238414,7.413779,6.0680666,11.144925
khanhha_noisy2::CRACK500_20160307_164301_641_361.jpg,improved,khanhha,0.0206081063991028,7.6179357,5.998845,11.582567
khanhha_noisy2::CRACK500_20160307_164334_641_1.jpg,degraded,khanhha,-0.0166561446234398,8.045444,6.625285,10.883667
khanhha_noisy2::CRACK500_20160307_164334_641_361.jpg,degraded,khanhha,-0.0160991903666221,8.0507145,6.484273,10.964269
khanhha_noisy2::CRACK500_20160307_164400_641_1.jpg,neutral,khanhha,0.0041164290274571,8.017582,6.5501595,11.01664
khanhha_noisy2::CRACK500_20160307_164517_1921_361.jpg,neutral,khanhha,-0.0005614417196202,7.6503725,6.6409,10.8727455
khanhha_noisy2::CRACK500_20160308_072824_641_1.jpg,neutral,khanhha,0.0087869043092858,8.297982,6.237023,11.405537
khanhha_noisy2::CRACK500_20160308_072921_1281_1081.jpg,degraded,khanhha,-0.0141669863188851,8.835298,6.1306834,11.488553
khanhha_noisy2::CRACK500_20160308_072921_1281_361.jpg,neutral,khanhha,-0.0065021582509877,8.780637,6.0934243,11.47317
khanhha_noisy2::CRACK500_20160308_072921_641_1081.jpg,improved,khanhha,0.0311485966695974,8.085569,5.7409534,11.5849
khanhha_noisy2::CRACK500_20160308_072921_641_721.jpg,improved,khanhha,0.1341509379598165,8.624358,5.93384,11.487392
khanhha_noisy2::CRACK500_20160308_072951_641_721.jpg,degraded,khanhha,-0.0119368344122907,7.879614,5.672358,11.689297
khanhha_noisy2::CRACK500_20160308_073014_1281_721.jpg,improved,khanhha,0.094964853957597,7.8237004,5.5947046,11.593776
khanhha_noisy2::CRACK500_20160308_073245_1_361.jpg,improved,khanhha,0.0165022769906171,7.7171164,6.0547166,11.4236
khanhha_noisy2::CRACK500_20160308_073245_641_1.jpg,improved,khanhha,0.0649408686088479,8.429079,6.6340446,11.355406
khanhha_noisy2::CRACK500_20160308_073356_1281_1081.jpg,degraded,khanhha,-0.019614115807679,8.018616,6.464525,11.341125
khanhha_noisy2::CRACK500_20160308_073356_641_1.jpg,improved,khanhha,0.0141274102062571,7.9838486,6.180291,11.10521
khanhha_noisy2::CRACK500_20160308_073406_641_721.jpg,degraded,khanhha,-0.070811034199041,8.045104,6.313267,11.415279
khanhha_noisy2::CRACK500_20160308_073532_1_361.jpg,degraded,khanhha,-0.8111651621966129,8.205009,6.069442,11.4795065
khanhha_noisy2::CRACK500_20160308_073736_1281_361.jpg,degraded,khanhha,-0.0199026981072395,7.7288795,5.880206,11.65899
khanhha_noisy2::CRACK500_20160308_073736_641_721.jpg,neutral,khanhha,0.007019507531958,8.483264,6.275112,11.5898905
khanhha_noisy2::CRACK500_20160308_074321_1921_361.jpg,neutral,khanhha,0.001334677965868,8.738191,6.2617297,11.515477
khanhha_noisy2::CRACK500_20160308_074330_1921_721.jpg,degraded,khanhha,-0.1686686662948193,8.23543,5.839724,11.682122
khanhha_noisy2::CRACK500_20160308_074702_1281_361.jpg,improved,khanhha,0.0903417428664388,8.471038,5.605804,11.736606
khanhha_noisy2::CRACK500_20160308_074702_1921_361.jpg,neutral,khanhha,-0.005409763828998,8.405887,5.5534177,11.752022
khanhha_noisy2::CRACK500_20160308_074702_641_721.jpg,improved,khanhha,0.0595780415024947,8.502724,5.636941,11.707032
khanhha_noisy2::CRACK500_20160308_155720_1281_361.jpg,improved,khanhha,0.0693987035047182,7.916778,5.9982557,10.612939
khanhha_noisy2::CRACK500_20160308_155720_1_1.jpg,neutral,khanhha,-0.0039440490018226,7.9468045,5.9711976,10.693915
khanhha_noisy2::CRACK500_20160308_155720_641_721.jpg,degraded,khanhha,-0.012780814797579,7.805819,5.7109194,10.493803
khanhha_noisy2::CRACK500_20160308_155731_1281_1.jpg,degraded,khanhha,-0.0191813486443651,7.951469,5.996039,10.550303
khanhha_noisy2::CRACK500_20160308_155731_641_1081.jpg,neutral,khanhha,0.001221856282906,8.080564,6.0706897,10.680156
khanhha_noisy2::CRACK500_20160308_155737_1281_1.jpg,neutral,khanhha,0.003774480117217,7.909519,5.8822875,10.616191
khanhha_noisy2::CRACK500_20160308_155737_1281_361.jpg,improved,khanhha,0.0139189624405252,8.142254,6.182935,10.733492
khanhha_noisy2::CRACK500_20160308_155737_1281_721.jpg,neutral,khanhha,-0.0005203985093678,8.092093,6.113321,10.722096
khanhha_noisy2::CRACK500_20160308_155737_1921_1.jpg,improved,khanhha,0.0153895569769694,8.175243,6.117675,10.743364
khanhha_noisy2::CRACK500_20160308_155737_1_1081.jpg,degraded,khanhha,-0.0518142722866592,7.901938,6.0730414,10.881049
khanhha_noisy2::CRACK500_20160308_155737_641_721.jpg,degraded,khanhha,-0.0225104905210614,8.518527,6.3115273,11.007843
khanhha_noisy2::CRACK500_20160308_155828_1281_721.jpg,improved,khanhha,0.0198198454564242,7.7014437,6.624513,10.744739
khanhha_noisy2::CRACK500_20160308_155836_1921_361.jpg,degraded,khanhha,-0.0129487934078869,8.453227,6.7210875,11.243918
khanhha_noisy2::CRACK500_20160308_155836_1921_721.jpg,neutral,khanhha,-0.0041305567182247,8.168523,6.552865,11.195539
khanhha_noisy2::CRACK500_20160308_160053_1_361.jpg,degraded,khanhha,-0.0441130813823824,8.362282,6.7352023,11.141205
khanhha_noisy2::CRACK500_20160308_160128_641_361.jpg,improved,khanhha,0.0137274123074055,7.98705,6.3418465,11.237201
khanhha_noisy2::CRACK500_20160308_160128_641_721.jpg,neutral,khanhha,0.0064630621167274,7.7782884,5.9897532,11.267989
khanhha_noisy2::CRACK500_20160310_114418_641_361.jpg,neutral,khanhha,0.0031354591634142,8.141436,6.143368,11.036461
khanhha_noisy2::CRACK500_20160310_114441_641_1.jpg,degraded,khanhha,-0.0244562561602319,7.9283085,5.989962,11.276425
khanhha_noisy2::CRACK500_20160310_114441_641_1081.jpg,degraded,khanhha,-0.011337641030904,7.930314,5.996485,11.467917
khanhha_noisy2::CRACK500_20160310_114446_641_1081.jpg,degraded,khanhha,-0.0204531396804623,8.030101,6.121931,11.133913
khanhha_noisy2::CRACK500_20160310_114505_641_361.jpg,degraded,khanhha,-0.0100633017992214,8.136805,5.8456426,11.4623375
khanhha_noisy2::CRACK500_20160310_114658_641_721.jpg,neutral,khanhha,0.0066747493174161,8.383258,6.207344,11.23049
khanhha_noisy2::CRACK500_20160316_141721_1_721.jpg,neutral,khanhha,0.0046923101309755,7.7790794,6.024603,11.402441
khanhha_noisy2::CRACK500_20160316_141721_641_721.jpg,neutral,khanhha,0.0070393601827596,7.8350816,6.0486217,11.304383
khanhha_noisy2::CRACK500_20160316_142009_1281_361.jpg,improved,khanhha,0.0271165524269048,8.150237,6.094623,11.338564
khanhha_noisy2::CRACK500_20160316_142009_1281_721.jpg,improved,khanhha,0.0728795480664683,8.793734,6.214682,11.381568
khanhha_noisy2::CRACK500_20160316_142027_1281_721.jpg,improved,khanhha,0.1305686014529232,8.164168,6.305222,11.412252
khanhha_noisy2::CRACK500_20160316_142449_1_361.jpg,degraded,khanhha,-0.0126576137224079,7.68723,5.993059,11.624752
khanhha_noisy2::CRACK500_20160316_142539_1_721.jpg,degraded,khanhha,-0.1131214703832121,8.112096,6.0340185,11.573981
khanhha_noisy2::CRACK500_20160316_143433_641_361.jpg,neutral,khanhha,-0.0056735079860404,8.072283,5.678748,11.564115
khanhha_noisy2::CRACK500_20160316_143445_1281_361.jpg,neutral,khanhha,0.0048429970375042,8.103793,5.8188233,11.467886
khanhha_noisy2::CRACK500_20160316_143527_641_1.jpg,degraded,khanhha,-0.0123867520168258,8.211853,5.7709804,11.531379
khanhha_noisy2::CRACK500_20160316_143547_1281_1081.jpg,neutral,khanhha,0.0037751295495337,8.783462,6.0400567,11.543084
khanhha_noisy2::CRACK500_20160316_143603_1921_361.jpg,degraded,khanhha,-0.0284710373491426,8.147396,5.685544,11.588401
khanhha_noisy2::CRACK500_20160316_143624_1_641.jpg,neutral,khanhha,0.0050480932950023,8.084574,5.623045,11.667306
khanhha_noisy2::CRACK500_20160316_143629_1281_721.jpg,degraded,khanhha,-0.0128949339708399,8.859376,6.1310782,11.481377
khanhha_noisy2::CRACK500_20160316_143629_1921_721.jpg,neutral,khanhha,-0.0055821646067685,8.822342,6.0548716,11.49501
khanhha_noisy2::CRACK500_20160316_144203_1281_721.jpg,neutral,khanhha,0.0072751500530376,7.839085,5.5154595,11.517681
khanhha_noisy2::CRACK500_20160316_144212_1921_721.jpg,neutral,khanhha,-0.0021474247998894,8.8080635,6.260091,11.429214
khanhha_noisy2::CRACK500_20160316_144212_641_721.jpg,neutral,khanhha,0.0004348526017463,8.2155485,5.740038,11.485062
khanhha_noisy2::CRACK500_20160316_144230_641_1.jpg,improved,khanhha,0.0243010152522559,8.248179,5.814452,11.4807
khanhha_noisy2::CRACK500_20160316_144241_641_361.jpg,degraded,khanhha,-0.0147031436818338,8.5265875,5.83049,11.54361
khanhha_noisy2::CRACK500_20160316_144431_641_1081.jpg,improved,khanhha,0.0239780093355362,7.8117013,5.6938057,11.279405
khanhha_noisy2::CRACK500_20160316_183217_1281_1.jpg,improved,khanhha,0.096571352874346,7.93391,6.361932,11.3431425
khanhha_noisy2::CRACK500_20160318_084343_1281_361.jpg,improved,khanhha,0.028578050471227,8.387401,5.537418,11.764345
khanhha_noisy2::CRACK500_20160318_181602_1281_361.jpg,neutral,khanhha,0.0047679828928948,7.935119,5.6714067,11.625051
khanhha_noisy2::CRACK500_20160318_181627_1_721.jpg,neutral,khanhha,-0.0020776840873319,7.96615,5.7334156,11.624538
khanhha_noisy2::CRACK500_20160318_181632_1_1.jpg,neutral,khanhha,0.007590285296724,7.9032044,5.722393,11.431696
khanhha_noisy2::CRACK500_20160318_181632_1_361.jpg,neutral,khanhha,-0.0048616231797762,8.838959,6.1828876,11.455421
khanhha_noisy2::CRACK500_20160318_181632_641_1.jpg,degraded,khanhha,-0.1174892278813513,8.830582,6.2247353,11.469673
khanhha_noisy2::CRACK500_20160321_183951_1_361.jpg,degraded,khanhha,-0.0740291887544533,7.765051,6.04195,11.61384
khanhha_noisy2::CRACK500_20160321_185457_1281_1.jpg,neutral,khanhha,-0.0082564178271523,8.53714,6.026595,11.666713
khanhha_noisy2::CRACK500_20160321_185457_1921_1.jpg,neutral,khanhha,-0.0088439935994626,8.575583,6.0927715,11.692035
khanhha_noisy2::CRACK500_20160321_185518_1921_721.jpg,improved,khanhha,0.0508698336647851,8.39628,5.8337536,11.739312
khanhha_noisy2::CRACK500_20160321_185518_1_721.jpg,degraded,khanhha,-0.4140398705060487,8.639969,6.1513944,11.628579
khanhha_noisy2::CRACK500_20160321_185534_1281_721.jpg,degraded,khanhha,-0.011769052642771,8.200944,5.8357444,11.703539
khanhha_noisy2::CRACK500_20160321_185557_1_361.jpg,degraded,khanhha,-0.793597304128054,8.574884,6.214036,11.6327095
khanhha_noisy2::CRACK500_20160321_185557_641_721.jpg,improved,khanhha,0.0245537143782047,8.257414,5.7226796,11.741038
khanhha_noisy2::CRACK500_20160321_185637_1_1081.jpg,improved,khanhha,0.3019001488640699,8.439962,5.9499917,11.727196
khanhha_noisy2::CRACK500_20160324_165857_1281_361.jpg,neutral,khanhha,0.003171639673114,8.4203615,5.8068256,11.137588
khanhha_noisy2::CRACK500_20160324_165857_641_361.jpg,neutral,khanhha,0.0039028718906928,8.202374,5.759664,11.042796
khanhha_noisy2::CRACK500_20160324_170309_641_1.jpg,neutral,khanhha,0.0009146175975682,7.9779496,6.4126577,11.234658
khanhha_noisy2::CRACK500_20160324_170309_641_361.jpg,neutral,khanhha,-0.0040525262444512,8.092981,6.4971795,10.944792
khanhha_noisy2::CRACK500_20160324_170309_641_721.jpg,improved,khanhha,0.0212909009412818,8.043901,6.51302,10.959296
khanhha_noisy2::CRACK500_20160324_170323_1_721.jpg,neutral,khanhha,-0.0004615084991379,7.7817044,6.453371,10.677672
khanhha_noisy2::CRACK500_20160324_170347_1281_361.jpg,neutral,khanhha,0.0042065486238846,7.9842505,6.5803666,10.943372
khanhha_noisy2::CRACK500_20160324_170347_1281_721.jpg,neutral,khanhha,0.0001823376620049,8.0057,6.5321517,10.981227
khanhha_noisy2::CRACK500_20160324_170542_1_721.jpg,degraded,khanhha,-0.0760770443109195,8.763273,6.260275,11.266146
khanhha_noisy2::CRACK500_20160325_185829_641_361.jpg,degraded,khanhha,-0.1185889226692059,8.053813,6.3908963,11.454625
khanhha_noisy2::CRACK500_20160326_141812_1281_721.jpg,degraded,khanhha,-0.1724518930003498,8.429438,6.3363113,11.337334
khanhha_noisy2::CRACK500_20160326_141812_1921_721.jpg,improved,khanhha,0.2580183802357039,8.477252,6.3757257,11.383322
khanhha_noisy2::CRACK500_20160326_142309_1281_721.jpg,neutral,khanhha,-0.0043756353184603,8.390749,6.1199226,11.207076
khanhha_noisy2::CRACK500_20160326_142354_641_1081.jpg,neutral,khanhha,0.0,8.400163,6.010908,11.139918
khanhha_noisy2::CRACK500_20160326_142403_1921_361.jpg,neutral,khanhha,0.0019549088421731,8.636622,6.4790897,11.281158
khanhha_noisy2::CRACK500_20160326_150104_1921_361.jpg,degraded,khanhha,-0.024416135881104,8.840413,6.187928,11.28315
khanhha_noisy2::CRACK500_20160326_150104_1_361.jpg,degraded,khanhha,-0.1192429269947061,8.132209,5.881272,11.584608
khanhha_noisy2::CRACK500_20160326_162529_641_361.jpg,neutral,khanhha,0.0025844476930391,8.413976,6.070353,11.298675
khanhha_noisy2::CRACK500_20160326_162532_1921_361.jpg,neutral,khanhha,-0.0037180152818455,8.407705,6.1906915,11.285049
khanhha_noisy2::CRACK500_20160326_162532_1_721.jpg,neutral,khanhha,0.0007915771493669,7.8254194,5.8327537,11.583692
khanhha_noisy2::CRACK500_20160326_174634_1921_361.jpg,improved,khanhha,0.0330970599926614,8.895352,6.1041903,11.310891
khanhha_noisy2::CRACK500_20160326_174634_641_721.jpg,neutral,khanhha,0.0009205920171658,8.412963,5.6894326,11.665051
khanhha_noisy2::CRACK500_20160328_150820_641_361.jpg,neutral,khanhha,0.0,8.466473,6.700807,11.2791
khanhha_noisy2::CRACK500_20160328_150821_1281_361.jpg,neutral,khanhha,0.0038369609243665,7.837842,6.02233,11.536858
khanhha_noisy2::CRACK500_20160328_150821_1_721.jpg,improved,khanhha,0.011194197483242,8.074185,6.446692,11.350732
khanhha_noisy2::CRACK500_20160328_150821_641_361.jpg,degraded,khanhha,-0.018989606435301,7.685148,5.923654,11.563608
khanhha_noisy2::CRACK500_20160328_150827_1281_1081.jpg,neutral,khanhha,0.0007290596090191,7.8771276,5.779298,11.002618
khanhha_noisy2::CRACK500_20160328_150927_1281_721.jpg,neutral,khanhha,-0.0042173490746358,7.8120995,5.7499037,11.564185
khanhha_noisy2::CRACK500_20160328_150932_1921_361.jpg,neutral,khanhha,-0.001081746296886,7.674553,5.9721613,11.647802
khanhha_noisy2::CRACK500_20160328_150932_641_361.jpg,improved,khanhha,0.0151240826687372,7.822015,5.839733,11.593206
khanhha_noisy2::CRACK500_20160328_150933_1921_361.jpg,improved,khanhha,0.0170589830699224,7.733681,6.0028973,11.618558
khanhha_noisy2::CRACK500_20160328_150940_1281_361.jpg,improved,khanhha,0.4925727866904337,8.549568,6.5022287,11.429853
khanhha_noisy2::CRACK500_20160328_150940_1_1081.jpg,degraded,khanhha,-0.2108427490411527,8.621846,6.2771215,11.514986
khanhha_noisy2::CRACK500_20160328_150940_641_1081.jpg,degraded,khanhha,-0.0476501305483028,8.729168,6.358863,11.39303
khanhha_noisy2::CRACK500_20160328_150940_641_361.jpg,degraded,khanhha,-0.2038247608070396,8.113946,5.9339933,11.61129
khanhha_noisy2::CRACK500_20160328_151013_361_1921.jpg,degraded,khanhha,-0.0259432794127844,8.439232,6.555857,11.423041
khanhha_noisy2::CRACK500_20160328_151020_641_721.jpg,degraded,khanhha,-0.0164795344985435,8.048524,5.8945785,11.626333
khanhha_noisy2::CRACK500_20160328_151027_1921_1.jpg,improved,khanhha,0.026027799530609,7.6493955,5.918291,11.574087
khanhha_noisy2::CRACK500_20160328_151027_641_361.jpg,degraded,khanhha,-0.0107885766709209,7.9472327,6.1556935,10.963617
khanhha_noisy2::CRACK500_20160328_151056_1_361.jpg,neutral,khanhha,0.0039438450224644,8.126607,6.3558846,11.020005
khanhha_noisy2::CRACK500_20160328_151056_641_1081.jpg,neutral,khanhha,-0.0027803102796133,8.161817,6.440654,11.090258
khanhha_noisy2::CRACK500_20160328_151057_1281_721.jpg,neutral,khanhha,0.0089878323991561,7.7307854,5.887267,11.390267
khanhha_noisy2::CRACK500_20160328_151151_1921_721.jpg,neutral,khanhha,0.0028181953188218,7.941864,6.3865957,11.269655
khanhha_noisy2::CRACK500_20160328_151151_1_1.jpg,neutral,khanhha,-0.0062968892308884,7.8536706,6.116726,11.381257
khanhha_noisy2::CRACK500_20160328_151151_641_1081.jpg,degraded,khanhha,-0.0236120206400393,8.436598,6.708233,11.270529
khanhha_noisy2::CRACK500_20160328_151151_641_361.jpg,neutral,khanhha,-0.0011929810778912,8.210338,6.5822225,11.303146
khanhha_noisy2::CRACK500_20160328_151201_1281_721.jpg,neutral,khanhha,-0.0075871982714436,7.6912107,5.6346564,11.585508
khanhha_noisy2::CRACK500_20160328_151201_1_1.jpg,neutral,khanhha,0.006545551963387,7.6669064,5.9080343,11.631423
khanhha_noisy2::CRACK500_20160328_151241_1_1.jpg,degraded,khanhha,-0.6912787586944891,8.436641,6.67964,11.34696
khanhha_noisy2::CRACK500_20160328_151241_641_721.jpg,neutral,khanhha,0.0042078881833491,7.6781454,5.980896,11.62091
khanhha_noisy2::CRACK500_20160328_151243_1_361.jpg,degraded,khanhha,-0.0641123438232033,7.6943083,5.8375087,11.61221
khanhha_noisy2::CRACK500_20160328_151244_1921_1081.jpg,degraded,khanhha,-0.2300009638852694,8.525179,6.6103463,11.301042
khanhha_noisy2::CRACK500_20160328_151244_641_721.jpg,degraded,khanhha,-0.0113260416454842,7.6878204,5.7178917,11.631982
khanhha_noisy2::CRACK500_20160328_151247_641_1.jpg,neutral,khanhha,-0.0055527363661864,8.405258,6.6650853,11.365982
khanhha_noisy2::CRACK500_20160328_151343_1281_1.jpg,improved,khanhha,0.0364941052946584,8.343648,6.5819716,11.398359
khanhha_noisy2::CRACK500_20160328_151343_641_721.jpg,neutral,khanhha,0.0091805709685927,7.6389585,5.983807,11.612194
khanhha_noisy2::CRACK500_20160328_151355_1281_361.jpg,neutral,khanhha,-0.0028374694173904,7.7030697,5.583566,11.508687
khanhha_noisy2::CRACK500_20160328_151355_641_721.jpg,improved,khanhha,0.0143837842377997,7.6257095,6.0214195,11.51385
khanhha_noisy2::CRACK500_20160328_151409_1921_1081.jpg,degraded,khanhha,-0.0238493700950133,7.864494,6.2682676,11.361247
khanhha_noisy2::CRACK500_20160328_151413_1_361.jpg,neutral,khanhha,-0.007705311611418,7.7309775,6.021713,11.335335
khanhha_noisy2::CRACK500_20160328_151413_641_721.jpg,neutral,khanhha,-0.0006379462464433,7.8076797,6.1035905,11.287744
khanhha_noisy2::CRACK500_20160328_151423_641_1081.jpg,degraded,khanhha,-0.0122311309955285,7.702533,6.036867,11.601198
khanhha_noisy2::CRACK500_20160328_151504_1_361.jpg,degraded,khanhha,-0.0342185356090459,7.9159894,6.1638093,11.472525
khanhha_noisy2::CRACK500_20160328_151657_1281_1.jpg,neutral,khanhha,0.0062850636384357,8.371903,6.6477923,11.159832
khanhha_noisy2::CRACK500_20160328_151657_1921_721.jpg,improved,khanhha,0.0183007794835378,8.669751,6.3718543,11.327929
khanhha_noisy2::CRACK500_20160328_151657_1_361.jpg,degraded,khanhha,-0.0103147380216411,7.907025,6.101473,10.943818
khanhha_noisy2::CRACK500_20160328_151657_641_361.jpg,improved,khanhha,0.0135000188203927,8.105736,6.3368,10.968894
khanhha_noisy2::CRACK500_20160328_151657_641_721.jpg,neutral,khanhha,0.0062246850920381,7.6452456,5.8194914,11.310251
khanhha_noisy2::CRACK500_20160328_151728_1921_721.jpg,degraded,khanhha,-0.0333085382523091,8.494906,6.727507,11.186309
khanhha_noisy2::CRACK500_20160328_151808_1281_721.jpg,improved,khanhha,0.0226727588482377,8.26719,6.550506,11.133132
khanhha_noisy2::CRACK500_20160328_152022_1921_1.jpg,neutral,khanhha,0.0039601065441856,8.43167,6.640922,11.392476
khanhha_noisy2::CRACK500_20160328_152022_641_721.jpg,neutral,khanhha,0.0071474498200367,7.833421,6.1363993,11.464608
khanhha_noisy2::CRACK500_20160328_152305_1921_361.jpg,improved,khanhha,0.0143408784302391,8.510985,5.868278,11.733125
khanhha_noisy2::CRACK500_20160328_152308_1_361.jpg,neutral,khanhha,-0.009545708426122,7.935305,6.0880747,11.395184
khanhha_noisy2::CRACK500_20160328_152322_1281_721.jpg,neutral,khanhha,0.0014475358362271,8.594852,6.4406505,11.283141
khanhha_noisy2::CRACK500_20160328_152322_1_721.jpg,neutral,khanhha,0.0032262605053196,8.710452,6.3500957,11.241168
khanhha_noisy2::CRACK500_20160328_152328_1281_361.jpg,neutral,khanhha,-0.009632324665272,7.973407,5.7437825,11.516075
khanhha_noisy2::CRACK500_20160328_152328_1921_361.jpg,degraded,khanhha,-0.0104159670106688,8.01531,6.018384,11.560889
khanhha_noisy2::CRACK500_20160328_152328_641_361.jpg,improved,khanhha,0.0107634428243881,8.57561,6.43938,11.384809
khanhha_noisy2::CRACK500_20160328_152511_1921_721.jpg,neutral,khanhha,0.0046440877860413,8.703335,6.42342,11.355597
khanhha_noisy2::CRACK500_20160328_153020_1921_361.jpg,improved,khanhha,0.0129912239389159,8.5573225,6.506682,11.404661
khanhha_noisy2::CRACK500_20160328_153241_1281_721.jpg,improved,khanhha,0.0147557794877086,8.240757,5.9744153,11.307296
khanhha_noisy2::CRACK500_20160328_153327_1_721.jpg,neutral,khanhha,-0.0010553775443731,7.7486663,5.9935465,11.523587
khanhha_noisy2::CRACK500_20160328_153357_1281_361.jpg,degraded,khanhha,-0.0779827789814728,8.226793,6.058919,11.111891
khanhha_noisy2::CRACK500_20160328_153357_641_1.jpg,neutral,khanhha,-0.0045794610852658,7.8632874,6.2475643,11.225837
khanhha_noisy2::CRACK500_20160328_153404_641_721.jpg,degraded,khanhha,-0.0139708695669202,7.861981,5.6584406,11.374262
khanhha_noisy2::CRACK500_20160328_153421_641_1.jpg,neutral,khanhha,0.0041543427873649,7.904714,5.9157534,11.028531
khanhha_noisy2::CRACK500_20160328_153524_641_361.jpg,neutral,khanhha,0.0024519340845237,7.873158,5.8720126,10.98376
khanhha_noisy2::CRACK500_20160328_153533_1281_1.jpg,neutral,khanhha,-0.0034026721170205,7.7939224,5.8314385,11.348064
khanhha_noisy2::CRACK500_20160328_153533_1281_721.jpg,neutral,khanhha,0.0058103981718042,7.9103656,5.902253,11.184141
khanhha_noisy2::CRACK500_20160328_153533_1_1081.jpg,neutral,khanhha,0.0036658848101451,7.726996,5.626399,11.528906
khanhha_noisy2::CRACK500_20160328_153536_1281_1081.jpg,neutral,khanhha,0.0069969590372932,8.664076,6.412911,11.372538
khanhha_noisy2::CRACK500_20160328_153536_1_1081.jpg,neutral,khanhha,0.0,8.499804,6.4712543,11.393662
khanhha_noisy2::CRACK500_20160328_153536_641_1081.jpg,neutral,khanhha,-0.0041912142060729,8.034397,5.824028,11.489955
khanhha_noisy2::CRACK500_20160328_153540_641_361.jpg,improved,khanhha,0.0130120364916048,8.189713,6.0601377,11.361375
khanhha_noisy2::CRACK500_20160328_153540_641_721.jpg,improved,khanhha,0.0346183581368789,8.801738,6.183424,11.378039
khanhha_noisy2::CRACK500_20160328_153544_1_1081.jpg,degraded,khanhha,-0.0422419575732309,7.7254114,6.1467805,11.446007
khanhha_noisy2::CRACK500_20160328_153544_1_721.jpg,neutral,khanhha,-0.0062543862137321,7.7349916,5.84209,11.512169
khanhha_noisy2::CRACK500_20160328_153548_1281_721.jpg,neutral,khanhha,-0.0052889127007355,7.795201,5.757998,11.273037
khanhha_noisy2::CRACK500_20160328_153548_1921_721.jpg,degraded,khanhha,-0.0142800578114755,8.225156,6.0861907,11.164026
khanhha_noisy2::CRACK500_20160328_153553_1281_721.jpg,neutral,khanhha,0.0035838201286653,8.24227,6.028055,11.219041
khanhha_noisy2::CRACK500_20160328_153556_1_361.jpg,improved,khanhha,0.0279859664701803,8.101346,6.2078805,11.198505
khanhha_noisy2::CRACK500_20160328_153559_1281_361.jpg,improved,khanhha,0.1072864158949595,8.510753,6.3945017,11.460317
khanhha_noisy2::CRACK500_20160328_153559_1_361.jpg,neutral,khanhha,-0.0034971386640942,7.7646008,5.5924587,11.585168
khanhha_noisy2::CRACK500_20160328_153604_1_361.jpg,neutral,khanhha,0.0037619162834958,7.944924,5.9671297,11.502854
khanhha_noisy2::CRACK500_20160328_153604_641_1.jpg,improved,khanhha,0.0221183241436734,8.06578,6.0333695,11.483951
khanhha_noisy2::CRACK500_20160328_153604_641_721.jpg,improved,khanhha,0.0144847674072344,7.920591,5.929141,11.042527
khanhha_noisy2::CRACK500_20160328_153612_1281_1081.jpg,neutral,khanhha,-0.0043726652627565,7.977684,5.918598,11.051444
khanhha_noisy2::CRACK500_20160328_153616_1281_361.jpg,neutral,khanhha,-0.0064526399827055,7.7702203,5.7394495,11.283799
khanhha_noisy2::CRACK500_20160328_153623_1_721.jpg,improved,khanhha,0.0109171148855041,8.120822,6.3476286,11.175399
khanhha_noisy2::CRACK500_20160328_153629_1921_361.jpg,neutral,khanhha,-0.0044374822308064,7.879754,5.9961643,11.166897
khanhha_noisy2::CRACK500_20160328_153645_1_361.jpg,neutral,khanhha,-0.0052624934276384,8.105533,5.906562,11.537219
khanhha_noisy2::CRACK500_20160328_153657_1921_1081.jpg,improved,khanhha,0.0105196777082138,8.304031,6.332997,11.387761
khanhha_noisy2::CRACK500_20160328_153702_1281_721.jpg,degraded,khanhha,-0.0308649051154183,8.677668,6.4570274,11.317144
khanhha_noisy2::CRACK500_20160328_153702_1_1081.jpg,neutral,khanhha,-0.0059263686864303,8.002346,6.030529,11.092203
khanhha_noisy2::CRACK500_20160328_153706_1281_1.jpg,neutral,khanhha,-0.0002841716396703,8.467993,6.6992545,11.251678
khanhha_noisy2::CRACK500_20160328_153706_1281_1081.jpg,degraded,khanhha,-0.0161532912926181,7.9139643,5.8674073,10.852769
khanhha_noisy2::CRACK500_20160328_153706_1921_1.jpg,neutral,khanhha,0.0015928469089978,7.6460757,5.897095,11.403145
khanhha_noisy2::CRACK500_20160328_153714_1_1.jpg,degraded,khanhha,-0.0544626109036309,7.914159,6.059668,11.11322
khanhha_noisy2::CRACK500_20160328_153714_1_1081.jpg,improved,khanhha,0.0312399325965161,8.217461,6.3935356,11.074844
khanhha_noisy2::CRACK500_20160328_153714_641_721.jpg,neutral,khanhha,0.0008033537100382,8.0132475,6.2276773,10.951489
khanhha_noisy2::CRACK500_20160328_153718_1281_1.jpg,neutral,khanhha,0.0094403693088093,8.151641,6.1852255,11.1187525
khanhha_noisy2::CRACK500_20160328_153718_1921_1.jpg,neutral,khanhha,0.0019120467264752,8.147372,6.230723,11.051866
khanhha_noisy2::CRACK500_20160328_153724_1_1081.jpg,neutral,khanhha,0.0052991451768968,8.240764,6.381734,11.159273
khanhha_noisy2::CRACK500_20160328_153724_641_721.jpg,neutral,khanhha,0.0065355708381242,7.790753,5.828494,11.361042
khanhha_noisy2::CRACK500_20160328_153813_1281_1081.jpg,neutral,khanhha,-0.004416561320641,7.8557925,5.889758,10.9331045
khanhha_noisy2::CRACK500_20160328_153813_1921_1081.jpg,degraded,khanhha,-0.0228534230482602,7.7379208,5.5577264,11.60059
khanhha_noisy2::CRACK500_20160328_153821_1_1.jpg,neutral,khanhha,-0.0027498849978778,7.9429493,6.0130444,11.034738
khanhha_noisy2::CRACK500_20160328_153829_1921_361.jpg,degraded,khanhha,-0.3898221220273489,8.535517,6.6114936,11.26052
khanhha_noisy2::CRACK500_20160328_153829_641_1.jpg,neutral,khanhha,-0.0013265975089705,8.07989,6.095834,11.165768
khanhha_noisy2::CRACK500_20160328_153845_1281_721.jpg,degraded,khanhha,-0.0104786852003778,7.8483286,5.8520317,10.97435
khanhha_noisy2::CRACK500_20160328_153845_1_361.jpg,neutral,khanhha,-0.00318790210365,8.14541,6.3301706,11.085719
khanhha_noisy2::CRACK500_20160328_153845_641_721.jpg,neutral,khanhha,-2.5358167740074933e-06,7.896671,5.766507,10.925734
khanhha_noisy2::CRACK500_20160328_153848_1921_1.jpg,neutral,khanhha,0.0057103285513336,8.4643955,6.6681867,11.288805
khanhha_noisy2::CRACK500_20160328_153915_1921_721.jpg,degraded,khanhha,-0.0314218625697101,7.878361,5.758348,11.160138
khanhha_noisy2::CRACK500_20160328_153918_1_361.jpg,degraded,khanhha,-0.0206752084932606,7.783092,5.505614,11.4649725
khanhha_noisy2::CRACK500_20160328_153918_1_721.jpg,improved,khanhha,0.0477967306325515,8.845494,6.193461,11.477043
khanhha_noisy2::CRACK500_20160328_154011_1921_1.jpg,improved,khanhha,0.0294708711744512,7.907319,6.1997414,11.334843
khanhha_noisy2::CRACK500_20160328_154159_1921_1081.jpg,improved,khanhha,0.0321532749750836,7.8461075,5.5777917,11.641286
khanhha_noisy2::CRACK500_20160328_154159_1_361.jpg,neutral,khanhha,-0.0025094834653379,8.165307,5.8203635,11.497068
khanhha_noisy2::CRACK500_20160328_154202_1281_1.jpg,neutral,khanhha,0.0026734007195818,8.822325,6.201867,11.495733
khanhha_noisy2::CRACK500_20160328_154202_1281_1081.jpg,improved,khanhha,0.0254175780216949,7.83853,5.5665298,11.671313
khanhha_noisy2::CRACK500_20160328_154202_1921_361.jpg,degraded,khanhha,-0.5052478378186923,8.75483,6.2825923,11.493845
khanhha_noisy2::CRACK500_20160328_154202_641_1081.jpg,degraded,khanhha,-0.010647829022234,7.8061404,5.498419,11.578877
khanhha_noisy2::CRACK500_20160328_154318_1281_361.jpg,degraded,khanhha,-0.033426692342514,8.7971735,6.070096,11.512048
khanhha_noisy2::CRACK500_20160328_154318_641_1.jpg,neutral,khanhha,-0.0023838686351086,8.201617,5.647294,11.744089
khanhha_noisy2::CRACK500_20160328_154318_641_721.jpg,neutral,khanhha,-0.0081319148110399,8.582264,5.899495,11.388527
khanhha_noisy2::CRACK500_20160328_154321_1281_1.jpg,degraded,khanhha,-0.7276253809919645,8.824511,6.0336404,11.532902
khanhha_noisy2::CRACK500_20160328_154334_641_721.jpg,neutral,khanhha,0.0005491975707214,7.9655824,5.591913,11.68342
khanhha_noisy2::CRACK500_20160328_154352_1281_721.jpg,improved,khanhha,0.0220087395949916,8.136943,5.641923,11.658611
khanhha_noisy2::CRACK500_20160328_154356_1921_721.jpg,degraded,khanhha,-0.0724431089262456,7.9358006,5.5373044,11.701416
khanhha_noisy2::CRACK500_20160328_154429_641_721.jpg,degraded,khanhha,-0.0211405664209725,8.351279,5.7035713,11.622548
khanhha_noisy2::CRACK500_20160328_154454_1_721.jpg,degraded,khanhha,-0.4754601226993865,8.769005,6.322322,11.363849
khanhha_noisy2::CRACK500_20160328_154454_721_1.jpg,improved,khanhha,0.0910427355117194,7.93499,5.9700704,11.610057
khanhha_noisy2::CRACK500_20160328_154535_1281_721.jpg,improved,khanhha,0.0459403368938828,8.002654,5.636688,11.672347
khanhha_noisy2::CRACK500_20160328_154535_641_721.jpg,improved,khanhha,0.0738666585207666,8.5685625,5.9367456,11.435487
khanhha_noisy2::CRACK500_20160329_093924_1921_721.jpg,improved,khanhha,0.4981272522469522,8.843207,5.886205,11.599836
khanhha_noisy2::CRACK500_20160329_094003_641_361.jpg,improved,khanhha,0.0662638385463936,8.553297,5.697454,11.625617
khanhha_noisy2::CRACK500_20160329_094010_1281_361.jpg,neutral,khanhha,-0.0012530034235761,8.458389,5.584214,11.750039
khanhha_noisy2::CRACK500_20160329_094010_1_361.jpg,neutral,khanhha,-0.0052845517068559,8.370663,5.531188,11.760831
khanhha_noisy2::CRACK500_20160329_094010_641_721.jpg,degraded,khanhha,-0.0162281548272995,8.738203,5.857887,11.556201
khanhha_noisy2::CRACK500_20160329_094025_1921_361.jpg,neutral,khanhha,-0.0064738992802899,8.717906,5.8693132,11.601167
khanhha_noisy2::CRACK500_20160329_094025_1_721.jpg,neutral,khanhha,0.0026245395511882,8.42587,5.567476,11.71756
khanhha_noisy2::CRACK500_20160329_094055_1_721.jpg,improved,khanhha,0.4986666666666666,8.854161,5.874363,11.603978
khanhha_noisy2::CRACK500_20160329_094452_1_721.jpg,improved,khanhha,0.0268893810918365,8.772521,5.828534,11.575591
khanhha_noisy2::CRACK500_20160329_094459_1281_1.jpg,degraded,khanhha,-0.0207159212989757,8.439624,5.595153,11.714874
khanhha_noisy2::CRACK500_20160329_094459_641_361.jpg,neutral,khanhha,0.0020050198422765,8.519117,5.647848,11.725202
khanhha_noisy2::CRACK500_20160329_094512_1281_1081.jpg,improved,khanhha,0.0183522137908463,8.444362,5.6129,11.723789
khanhha_noisy2::CRACK500_20160329_094512_1281_721.jpg,improved,khanhha,0.019587449548601,7.9541693,5.481857,11.666485
khanhha_noisy2::CRACK500_20160329_094512_1921_721.jpg,neutral,khanhha,-0.0085293608166381,8.329157,5.528567,11.713048
khanhha_noisy2::CRACK500_20160329_094527_1_361.jpg,improved,khanhha,0.0204772886398635,8.904036,6.0273356,11.538271
khanhha_noisy2::CRACK500_20160329_101342_1281_721.jpg,degraded,khanhha,-0.024768748074162,8.465894,5.6276183,11.72262
khanhha_noisy2::CRACK500_20160329_101342_641_721.jpg,improved,khanhha,0.0156530000908443,8.802116,6.0036902,11.491527
khanhha_noisy2::CRACK500_20160329_101347_1921_721.jpg,improved,khanhha,0.0147446324628276,8.356761,5.5100656,11.765841
khanhha_noisy2::CRACK500_20160329_101503_641_721.jpg,neutral,khanhha,-0.0030092854771226,7.8425326,5.5107346,11.652834
khanhha_noisy2::CRACK500_20160329_101511_1921_361.jpg,neutral,khanhha,-0.0006270247674783,8.667147,5.8711786,11.625299
khanhha_noisy2::CRACK500_20160329_103609_1281_721.jpg,improved,khanhha,0.0405281414002834,8.601196,5.742856,11.631529
khanhha_noisy2::CRACK500_20160329_103609_1921_721.jpg,degraded,khanhha,-0.0396376916730708,7.9343405,5.5167336,11.725042
khanhha_noisy2::CRACK500_20160329_103609_1_721.jpg,degraded,khanhha,-0.0227796285685939,7.995242,5.596158,11.650093
khanhha_noisy2::CRACK500_20160329_103609_641_361.jpg,improved,khanhha,0.049853987759451,8.797773,6.008159,11.531857
khanhha_noisy2::CRACK500_20160329_103626_1281_721.jpg,degraded,khanhha,-0.3691311941214449,8.446202,5.68603,11.758959
khanhha_noisy2::CRACK500_20160329_103626_641_721.jpg,improved,khanhha,0.3868465702512725,8.82212,5.9407477,11.613412
khanhha_noisy2::CRACK500_20160329_103800_361_641.jpg,improved,khanhha,0.0386020972552593,8.502674,5.6659713,11.696446
khanhha_noisy2::CRACK500_20160329_103807_721_1281.jpg,neutral,khanhha,0.0,8.859479,6.091772,11.515221
khanhha_noisy2::CRACK500_20160329_104031_1281_721.jpg,improved,khanhha,0.0195771502086925,8.712571,5.882749,11.529787
khanhha_noisy2::CRACK500_20160329_104031_1921_721.jpg,degraded,khanhha,-0.0514933058702368,8.856786,6.1325884,11.4933605
khanhha_noisy2::CRACK500_20160329_104031_641_1081.jpg,neutral,khanhha,-0.0003273835870857,8.270531,5.596756,11.602936
khanhha_noisy2::CRACK500_20160329_104035_1921_721.jpg,degraded,khanhha,-0.0183920752891321,8.731117,5.9490466,11.477373
khanhha_noisy2::CRACK500_20160329_104035_641_1.jpg,improved,khanhha,0.0220285670092957,8.691764,6.2577305,11.592036
khanhha_noisy2::CRACK500_20160329_104107_1921_721.jpg,neutral,khanhha,-0.0063390700984095,8.440854,5.6794624,11.388506
khanhha_noisy2::CRACK500_20160329_104107_1_721.jpg,neutral,khanhha,-0.0007961468417961,7.858946,5.713142,11.532495
khanhha_noisy2::CRACK500_20160329_104111_1281_721.jpg,neutral,khanhha,0.0038793878287137,7.9989886,5.482189,11.741387
khanhha_noisy2::CRACK500_20160329_104117_1281_361.jpg,degraded,khanhha,-0.0193478184881648,8.214955,5.7045445,11.7023325
khanhha_noisy2::CRACK500_20160329_104117_1921_361.jpg,degraded,khanhha,-0.0168807330059278,8.28735,5.6870937,11.710814
khanhha_noisy2::CRACK500_20160329_104120_1921_721.jpg,neutral,khanhha,0.0034705861717074,8.814678,6.048274,11.555601
khanhha_noisy2::CRACK500_20160329_104120_1_361.jpg,neutral,khanhha,0.0060135210541758,8.661741,6.3103056,11.513047
khanhha_noisy2::CRACK500_20160329_104120_1_721.jpg,neutral,khanhha,0.0012304232507233,8.442973,5.807406,11.679338
khanhha_noisy2::CRACK500_20160329_104120_641_721.jpg,neutral,khanhha,0.0049960508215288,8.6998625,5.8942156,11.514425
khanhha_noisy2::CRACK500_20160329_104152_1_721.jpg,improved,khanhha,0.0329824626775588,8.436274,5.645196,11.7386055
khanhha_noisy2::CRACK500_20160329_104152_641_721.jpg,neutral,khanhha,-0.0038681103359851,8.053529,5.599222,11.777453
khanhha_noisy2::CRACK500_20160329_104205_1921_361.jpg,degraded,khanhha,-0.2735538613564346,8.732766,5.975971,11.633173
khanhha_noisy2::CRACK500_20160329_111111_1921_361.jpg,degraded,khanhha,-0.0204700405596712,8.873418,5.9457855,11.58728
khanhha_noisy2::CRACK500_20160329_115529_1_721.jpg,improved,khanhha,0.0234273903389206,8.353577,5.7156963,11.750148
khanhha_noisy2::CRACK500_20160329_115531_641_721.jpg,degraded,khanhha,-0.0374541340892338,7.934446,5.605403,11.68446
khanhha_noisy2::CRACK500_20160330_160957_1921_1081.jpg,degraded,khanhha,-0.0167086244074332,7.7929564,5.490149,11.581195
khanhha_noisy2::CRACK500_20160330_160957_1_721.jpg,degraded,khanhha,-0.0224075107303159,8.064683,5.8035583,11.676632
khanhha_noisy2::CRACK500_20160330_163725_1921_361.jpg,neutral,khanhha,0.002796517113456,7.259693,8.208594,8.5037775
khanhha_noisy2::CRACK500_20160330_163725_641_1081.jpg,neutral,khanhha,-0.007795975462452,6.808791,7.049338,9.59286
khanhha_noisy2::CRACK500_20160330_163946_641_361.jpg,degraded,khanhha,-0.0108869842716723,8.176273,5.8867693,10.985302
khanhha_noisy2::CRACK500_20160330_164743_1_361.jpg,neutral,khanhha,0.001360306702526,8.722038,5.9102087,11.485876
khanhha_noisy2::CRACK500_20160330_164743_641_361.jpg,improved,khanhha,0.0382429532616748,8.846432,6.0743504,11.510418
khanhha_noisy2::CRACK500_20160330_165325_1921_361.jpg,improved,khanhha,0.0147656224602402,7.586938,5.957069,11.536775
khanhha_noisy2::CRACK500_20160330_165325_1921_721.jpg,degraded,khanhha,-0.0323637374335928,7.919513,6.407703,11.292311
khanhha_noisy2::CRACK500_20160330_165325_1_721.jpg,degraded,khanhha,-0.2453552218694179,7.691353,5.7678533,11.604252
khanhha_noisy2::CRACK500_20160330_165333_1921_1081.jpg,neutral,khanhha,0.0,8.4777355,6.7157316,11.263335
khanhha_noisy2::CRACK500_20160330_165333_1_721.jpg,degraded,khanhha,-0.0236493939674289,7.656908,5.9368014,11.609295
khanhha_noisy2::CRACK500_20160330_165644_641_1081.jpg,neutral,khanhha,0.0,8.7351055,6.236762,11.5287
khanhha_noisy2::CRACK500_20160330_170014_641_361.jpg,improved,khanhha,0.0590176756139178,7.663197,6.0287538,11.600068
khanhha_noisy2::CRACK500_20160330_170014_641_721.jpg,degraded,khanhha,-0.2872208436724566,8.453241,6.71082,11.257373
khanhha_noisy2::CRACK500_20160330_170114_1281_361.jpg,degraded,khanhha,-0.2221925434603917,8.480345,6.69071,11.293176
khanhha_noisy2::CRACK500_20160330_170114_641_721.jpg,neutral,khanhha,-0.0012180207852582,7.681775,6.0846157,11.607071
khanhha_noisy2::CRACK500_20160330_170302_1_721.jpg,neutral,khanhha,-0.001194982569754,8.15753,5.531978,11.757165
khanhha_noisy2::CRACK500_20160330_170308_1281_361.jpg,neutral,khanhha,-0.0049486908110634,8.359005,5.5341578,11.785457
khanhha_noisy2::CRACK500_20160330_170308_1921_1081.jpg,degraded,khanhha,-0.0314483377166724,8.492251,5.5863366,11.757218
khanhha_noisy2::CRACK500_20160330_170308_1921_361.jpg,degraded,khanhha,-0.0117777106927173,8.487113,5.5944667,11.732448
khanhha_noisy2::CRACK500_20160330_170308_1921_721.jpg,neutral,khanhha,-0.0003451566981377,8.485175,5.5991993,11.772068
khanhha_noisy2::CRACK500_20160330_170501_1_721.jpg,degraded,khanhha,-0.024792430698376,8.357124,5.782685,11.298314
khanhha_noisy2::CRACK500_20160330_170504_641_721.jpg,degraded,khanhha,-0.0101945509821251,8.4143,5.684477,11.305611
khanhha_noisy2::CRACK500_20160330_170848_641_361.jpg,neutral,khanhha,0.0,7.2054625,8.276846,8.435884
khanhha_noisy2::CRACK500_20160330_172305_1_1081.jpg,degraded,khanhha,-0.0534923047866838,7.620937,6.3746934,11.2674265
khanhha_noisy2::CRACK500_20160330_172305_1_721.jpg,improved,khanhha,0.0273379203530053,7.681616,6.553783,11.106557
khanhha_noisy2::CRACK500_20160330_172309_1_721.jpg,neutral,khanhha,-0.0037972593693247,7.650134,6.166657,11.476825
khanhha_noisy2::CRACK500_20160402_150105_1_1.jpg,neutral,khanhha,8.277946952239823e-06,7.965082,6.160748,11.143315
khanhha_noisy2::CRACK500_20160402_150110_1281_361.jpg,improved,khanhha,0.0229722597425007,8.284788,6.521468,11.176153
khanhha_noisy2::CRACK500_20160402_150110_1921_361.jpg,degraded,khanhha,-0.0141925665814244,8.461266,6.639062,11.357562
khanhha_noisy2::CRACK500_20160402_150110_641_721.jpg,neutral,khanhha,-0.0052522636665723,7.9523497,6.079097,11.083256
khanhha_noisy2::CRACK500_20160402_150300_1281_721.jpg,degraded,khanhha,-0.0138066172025521,7.803256,6.0990005,11.32376
khanhha_noisy2::CRACK500_20160402_150314_641_361.jpg,neutral,khanhha,0.0081745200698081,8.299471,6.581629,11.329683
khanhha_noisy2::CRACK500_20160402_150317_641_361.jpg,degraded,khanhha,-0.0154860427759155,8.4472885,6.6673474,11.3175335
khanhha_noisy2::CRACK500_20160402_150317_641_721.jpg,degraded,khanhha,-0.0171398738256848,7.9471693,6.2447467,11.274259
khanhha_noisy2::CRACK500_20160402_150938_641_361.jpg,neutral,khanhha,0.0007118263797607,7.745336,6.1756477,11.468015
khanhha_noisy2::CRACK500_20160402_150938_641_721.jpg,neutral,khanhha,-0.0041366673392752,7.9058785,6.0420933,11.053766
khanhha_noisy2::CRACK500_20160402_151049_641_721.jpg,neutral,khanhha,-0.0017604686169874,7.732022,5.5847144,11.557351
khanhha_noisy2::CRACK500_20160402_151054_1281_361.jpg,neutral,khanhha,-0.0008158888788184,8.445016,6.623727,11.33584
khanhha_noisy2::CRACK500_20160402_151054_641_721.jpg,improved,khanhha,0.017087737914145,7.9326663,5.973074,11.022977
khanhha_noisy2::CRACK500_20160402_151837_1921_721.jpg,degraded,khanhha,-0.0234275870324397,8.400815,6.5163574,11.3418
khanhha_noisy2::CRACK500_20160405_171219_1281_721.jpg,neutral,khanhha,0.0027719633609184,8.476768,5.5702057,11.785424
khanhha_noisy2::CRACK500_20160405_171219_641_721.jpg,improved,khanhha,0.2257242014306962,8.794808,5.833368,11.626141
khanhha_noisy2::CRACK500_20160405_171333_1281_361.jpg,neutral,khanhha,0.0,8.757728,6.2244163,11.122363
khanhha_noisy2::CRACK500_20160405_171336_641_361.jpg,improved,khanhha,0.0193812862563202,8.612228,5.818699,11.379907
khanhha_noisy2::CRACK500_20160405_171348_1921_721.jpg,improved,khanhha,0.0494652916016177,8.46149,5.57284,11.762564
khanhha_noisy2::CRACK500_20160405_171431_641_1.jpg,neutral,khanhha,-0.0096358118527243,8.432258,5.6259556,11.764975
khanhha_noisy2::CRACK500_20160405_171431_641_361.jpg,improved,khanhha,0.0206353950861226,7.9071574,5.5282574,11.713664
khanhha_noisy2::CRACK500_20160405_171453_1281_361.jpg,degraded,khanhha,-0.0185330129165979,7.8663325,5.49469,11.676016
khanhha_noisy2::CRACK500_20160405_171453_1_721.jpg,degraded,khanhha,-0.0484637823478609,8.51456,5.6456037,11.778598
khanhha_noisy2::CRACK500_20160405_171453_641_361.jpg,improved,khanhha,0.0282086163361514,8.40797,5.6239843,11.667292
khanhha_noisy2::CRACK500_20160405_171456_1_361.jpg,neutral,khanhha,-0.0071236733181517,8.806352,5.8519244,11.589869
khanhha_noisy2::CRACK500_20160405_171712_1281_1.jpg,neutral,khanhha,0.0,8.837833,5.9428744,11.596287
khanhha_noisy2::CRACK500_20160405_171712_1281_361.jpg,improved,khanhha,0.047223514683623,8.329475,5.5120583,11.755718
khanhha_noisy2::CRACK500_20160405_171712_1921_1.jpg,improved,khanhha,0.0702778494433513,8.37972,5.536356,11.791371
khanhha_noisy2::CRACK500_20160405_171716_1921_721.jpg,improved,khanhha,0.0340336233515109,8.435975,5.5781994,11.760442
khanhha_noisy2::CRACK500_20160405_171723_1281_361.jpg,neutral,khanhha,0.0017220021612878,8.421001,5.5598707,11.753303
khanhha_noisy2::CRACK500_20160405_172849_1921_1.jpg,improved,khanhha,0.0373675459660723,8.790969,5.9000497,11.551033
khanhha_noisy2::CRACK500_20160405_172854_1921_1.jpg,degraded,khanhha,-0.1368152343602666,8.82674,5.8797336,11.594964
khanhha_noisy2::CRACK500_20160405_172908_1281_1.jpg,neutral,khanhha,0.0,8.536035,5.663951,11.733871
khanhha_noisy2::CRACK500_20160407_163125_1_721.jpg,neutral,khanhha,-0.0001156235088691,7.924393,6.1292577,11.150191
khanhha_noisy2::CRACK500_20160407_163257_1281_721.jpg,neutral,khanhha,-0.0062249203357729,8.06457,6.4264054,10.925899
khanhha_noisy2::CRACK500_20160407_163257_641_361.jpg,degraded,khanhha,-0.0115523811468308,8.058221,6.1712537,10.656662
khanhha_noisy2::CRACK500_20160407_163515_1281_721.jpg,neutral,khanhha,-0.006333000920685,7.9736943,5.8800797,11.707236
khanhha_noisy2::CRACK500_20160407_163515_1_361.jpg,improved,khanhha,0.052792711525226,8.059021,5.900817,11.6398
khanhha_noisy2::CRACK500_20160407_163522_1921_721.jpg,improved,khanhha,0.032131833211089,8.019971,6.0404186,11.536656
khanhha_noisy2::CRACK500_20160407_163522_641_721.jpg,improved,khanhha,0.0325285269009509,8.487653,6.0482316,11.3044615
khanhha_noisy2::CRACK500_20160407_165001_641_1081.jpg,improved,khanhha,0.0721419047967732,8.430451,6.677917,11.336287
khanhha_noisy2::CRACK500_20160407_165009_1281_721.jpg,neutral,khanhha,0.0049335275765578,8.009789,6.255675,11.1593
khanhha_noisy2::CRACK500_20160407_165009_1_721.jpg,neutral,khanhha,-0.0086122365675442,8.411684,6.684406,11.353298
khanhha_noisy2::CRACK500_20160407_165210_1921_721.jpg,neutral,khanhha,0.0037019071351365,7.8873386,5.833225,11.011942
khanhha_noisy2::CRACK500_20160415_191330_1921_361.jpg,improved,khanhha,0.0634099633848209,8.446923,6.6910057,11.337532
khanhha_noisy2::CRACK500_20160415_191330_641_721.jpg,neutral,khanhha,-0.0051391765044462,7.670627,5.934724,11.621796
khanhha_noisy2::CRACK500_IMG_2931_1297_485.jpg,neutral,khanhha,-0.0001334784185709,8.96437,6.0554457,11.159673
khanhha_noisy2::CRACK500_IMG_2931_1297_969.jpg,degraded,khanhha,-0.0151563931152168,9.009104,6.009415,11.0971575
khanhha_noisy2::CRACK500_IMG_2931_1945_485.jpg,neutral,khanhha,-0.0028012473550023,8.949098,6.055029,11.1689825
khanhha_noisy2::CRACK500_IMG_2931_1945_969.jpg,degraded,khanhha,-0.0189385553838549,9.011798,6.016681,11.10531
khanhha_noisy2::CRACK500_IMG_2931_1_485.jpg,neutral,khanhha,-0.0037352356788665,8.468997,5.70969,11.26709
khanhha_noisy2::CRACK500_IMG_2932_1297_969.jpg,neutral,khanhha,-0.0019309902534464,9.004082,6.011505,11.098326
khanhha_noisy2::CRACK500_IMG_2933_649_969.jpg,improved,khanhha,0.0414687390473327,9.018891,6.0173993,11.09822
khanhha_noisy2::CRACK500_IMG_2934_649_969.jpg,neutral,khanhha,-0.0018649920566065,8.998385,5.9971476,11.090624
khanhha_noisy2::CRACK500_IMG_2935_649_969.jpg,neutral,khanhha,-0.0076161997559298,9.017823,6.0041604,11.086139
khanhha_noisy2::CRACK500_IMG_2937_1297_969.jpg,degraded,khanhha,-0.0536925556879052,9.006207,6.029674,11.122853
khanhha_noisy2::CRACK500_IMG_2938_1297_969.jpg,neutral,khanhha,-0.000611275128065,8.963778,6.0649137,11.162793
khanhha_noisy2::CRACK500_IMG_2942_649_485.jpg,degraded,khanhha,-0.0147425500722414,6.8567076,7.1769385,10.360131
khanhha_noisy2::DeepCrack_11113.jpg,degraded,khanhha,-0.0196570848396464,6.7812634,7.3328233,8.499023
khanhha_noisy2::DeepCrack_11114.jpg,improved,khanhha,0.3915776883469213,6.718258,7.7016096,8.588744
khanhha_noisy2::DeepCrack_11116-2.jpg,improved,khanhha,0.0149867526087199,7.6709433,5.325737,10.317342
khanhha_noisy2::DeepCrack_11116-3.jpg,neutral,khanhha,0.001342077502253,7.808683,5.137195,10.534983
khanhha_noisy2::DeepCrack_11118.jpg,improved,khanhha,0.0178932736914098,7.3116775,6.014755,9.936597
khanhha_noisy2::DeepCrack_11123.jpg,neutral,khanhha,0.009175483362864,7.5695252,5.5316467,11.047736
khanhha_noisy2::DeepCrack_11125-1.jpg,improved,khanhha,0.0471620799128172,7.429933,5.905417,10.416771
khanhha_noisy2::DeepCrack_11134-3.jpg,improved,khanhha,0.0108177649775678,7.5065837,5.5576735,10.11633
khanhha_noisy2::DeepCrack_11134-4.jpg,improved,khanhha,0.0158164866398451,7.44318,5.6751447,10.041278
khanhha_noisy2::DeepCrack_11134.jpg,improved,khanhha,0.0517846766683827,7.463084,5.638367,10.194486
khanhha_noisy2::DeepCrack_11151-2.jpg,improved,khanhha,0.042594350743403,7.2247405,6.103857,9.819371
khanhha_noisy2::DeepCrack_11153.jpg,improved,khanhha,0.0406741594450356,6.696394,7.05222,9.7321005
khanhha_noisy2::DeepCrack_11155-1.jpg,improved,khanhha,0.0150044948731181,7.65796,6.011006,10.33305
khanhha_noisy2::DeepCrack_11155.jpg,improved,khanhha,0.0200365244797844,7.307635,6.062573,9.931464
khanhha_noisy2::DeepCrack_11156-1.jpg,improved,khanhha,0.0172606436642454,7.3953934,5.9854703,10.048005
khanhha_noisy2::DeepCrack_11163-1.jpg,improved,khanhha,0.0738285969745299,7.2566066,6.113247,9.867132
khanhha_noisy2::DeepCrack_11164-2.jpg,neutral,khanhha,-0.0004874194873626,8.069765,6.36227,10.738254
khanhha_noisy2::DeepCrack_11164-4.jpg,neutral,khanhha,-0.0001233254424327,7.992516,6.3526163,10.578602
khanhha_noisy2::DeepCrack_11165-2.jpg,improved,khanhha,0.0249057512952315,7.0565457,6.5328016,9.693207
khanhha_noisy2::DeepCrack_11165.jpg,improved,khanhha,0.026325307842875,7.025342,6.631279,9.651816
khanhha_noisy2::DeepCrack_11178-3.jpg,improved,khanhha,0.0242760390375231,7.3810415,5.8077936,9.950807
khanhha_noisy2::DeepCrack_11184-1.jpg,improved,khanhha,0.0635689270932823,7.365133,5.9610133,10.006827
khanhha_noisy2::DeepCrack_11188-2.jpg,degraded,khanhha,-0.0342125097703502,7.3161244,5.952115,9.885384
khanhha_noisy2::DeepCrack_11188.jpg,degraded,khanhha,-0.0403495643778605,7.3068514,5.985808,9.870934
khanhha_noisy2::DeepCrack_11197-2.jpg,neutral,khanhha,0.0005992358653648,7.349593,6.0684924,9.984166
khanhha_noisy2::DeepCrack_11197-4.jpg,improved,khanhha,0.0306458247634717,7.298539,6.1312532,10.226056
khanhha_noisy2::DeepCrack_11204.jpg,degraded,khanhha,-0.0124981871940789,7.33856,6.058725,9.968781
khanhha_noisy2::DeepCrack_11215-15.jpg,neutral,khanhha,-0.0034126702573796,7.570267,5.4417987,10.421536
khanhha_noisy2::DeepCrack_11215-3.jpg,neutral,khanhha,0.0005424467522102,7.5923367,5.468889,10.244145
khanhha_noisy2::DeepCrack_11218-3.jpg,neutral,khanhha,-0.0010108782316894,7.261375,6.061407,9.872075
khanhha_noisy2::DeepCrack_11231-3.jpg,neutral,khanhha,-0.0032153652594116,7.555605,5.4364324,10.094733
khanhha_noisy2::DeepCrack_11231-4.jpg,neutral,khanhha,0.0084799647563487,7.546011,5.4637227,10.121575
khanhha_noisy2::DeepCrack_11236-1.jpg,improved,khanhha,0.0129858281126452,7.2293487,6.1804285,9.827795
khanhha_noisy2::DeepCrack_11236-4.jpg,improved,khanhha,0.0176266213674426,7.268419,6.086886,9.880159
khanhha_noisy2::DeepCrack_11240-6.jpg,degraded,khanhha,-0.0510969943888777,7.5580854,5.614618,10.1726
khanhha_noisy2::DeepCrack_11240-8.jpg,degraded,khanhha,-0.0197883163533845,7.625275,5.6469035,10.304683
khanhha_noisy2::DeepCrack_11247-12.jpg,improved,khanhha,0.0967747448337489,6.8614793,6.733612,10.0401535
khanhha_noisy2::DeepCrack_11249-4.jpg,neutral,khanhha,-0.0018941776228164,7.3221407,5.982957,9.953226
khanhha_noisy2::DeepCrack_11249-7.jpg,improved,khanhha,0.0356506351199806,7.3595395,5.9955096,10.142265
khanhha_noisy2::DeepCrack_11266-3.jpg,improved,khanhha,0.0457872123330537,7.789559,5.6943808,10.566878
khanhha_noisy2::DeepCrack_11269-1.jpg,improved,khanhha,0.0632255021711035,6.2083764,7.1662507,9.68192
khanhha_noisy2::DeepCrack_11270-2.jpg,neutral,khanhha,-0.0072316163062718,7.4114423,5.956739,10.148361
khanhha_noisy2::DeepCrack_11271-2.jpg,neutral,khanhha,-0.0052356769533027,7.890005,5.785882,10.79665
khanhha_noisy2::DeepCrack_11271-5.jpg,neutral,khanhha,-0.0047545926286398,7.878005,5.8274174,10.792263
khanhha_noisy2::DeepCrack_11286-2.jpg,improved,khanhha,0.0139626134290468,7.2261834,6.155302,9.957139
khanhha_noisy2::DeepCrack_11289-9.jpg,improved,khanhha,0.0444896289505921,7.2545347,6.1389976,9.852838
khanhha_noisy2::DeepCrack_11294.jpg,neutral,khanhha,0.0020855386075589,7.4679437,5.7240486,10.148891
khanhha_noisy2::DeepCrack_11296-18.jpg,improved,khanhha,0.0185342033512332,7.497282,6.0953383,10.263398
khanhha_noisy2::DeepCrack_11296-19.jpg,improved,khanhha,0.0365366334814519,7.3429623,6.0793953,9.941011
khanhha_noisy2::DeepCrack_11296-4.jpg,neutral,khanhha,0.0019882848611481,7.344923,5.9238887,9.962165
khanhha_noisy2::DeepCrack_11296-7.jpg,improved,khanhha,0.0266859627276891,7.2969627,6.0027013,9.881596
khanhha_noisy2::DeepCrack_11301-6.jpg,degraded,khanhha,-0.0670527213524657,7.4847493,5.5905824,10.108864
khanhha_noisy2::DeepCrack_11304.jpg,improved,khanhha,0.0475121834682793,7.2985945,6.0769105,9.79465
khanhha_noisy2::DeepCrack_7Q3A9060-3.jpg,improved,khanhha,0.0559984922798534,7.520987,5.938856,11.31474
khanhha_noisy2::DeepCrack_7Q3A9060-9.jpg,degraded,khanhha,-0.0652410241067183,7.306375,5.925273,9.855043
khanhha_noisy2::DeepCrack_7Q3A9064-12.jpg,degraded,khanhha,-0.0354932751713051,7.828959,5.7000475,10.59387
khanhha_noisy2::DeepCrack_7Q3A9064-17.jpg,degraded,khanhha,-0.0225373986338116,7.8421717,5.746682,10.643086
khanhha_noisy2::DeepCrack_7Q3A9064-19.jpg,degraded,khanhha,-0.0210794794926786,7.849934,5.7073274,10.593436
khanhha_noisy2::DeepCrack_7Q3A9064-20.jpg,neutral,khanhha,0.0068791017313325,7.696428,6.0096736,11.540483
khanhha_noisy2::DeepCrack_IMG109-1.jpg,improved,khanhha,0.1088469347492896,6.7303705,7.2812114,9.231631
khanhha_noisy2::DeepCrack_IMG11-6.jpg,neutral,khanhha,0.0,6.8590274,8.295508,8.731741
khanhha_noisy2::DeepCrack_IMG14-1.jpg,degraded,khanhha,-0.181770005299417,6.8622003,7.5780745,8.550397
khanhha_noisy2::DeepCrack_IMG14-3.jpg,neutral,khanhha,0.0,6.895941,7.807434,8.655191
khanhha_noisy2::DeepCrack_IMG25-6.jpg,improved,khanhha,0.0321055079604794,7.1724615,6.3307,9.816472
khanhha_noisy2::DeepCrack_IMG27-3.jpg,improved,khanhha,0.0456555345121697,6.9245014,6.639524,10.088532
khanhha_noisy2::DeepCrack_IMG27-7.jpg,improved,khanhha,0.0575170057165213,6.952665,6.641213,10.081725
khanhha_noisy2::DeepCrack_IMG27-8.jpg,improved,khanhha,0.0440883784266209,6.969597,6.6388693,10.112346
khanhha_noisy2::DeepCrack_IMG27-9.jpg,improved,khanhha,0.0272380277981531,6.976759,6.6468525,10.106927
khanhha_noisy2::DeepCrack_IMG33-12.jpg,neutral,khanhha,-0.0056291618455827,7.6868877,6.3148646,10.695118
khanhha_noisy2::DeepCrack_IMG33-16.jpg,degraded,khanhha,-0.0193041290663326,7.634534,6.3134155,10.632425
khanhha_noisy2::DeepCrack_IMG33-9.jpg,neutral,khanhha,0.0037911551409735,7.6149893,6.250414,10.630971
khanhha_noisy2::DeepCrack_IMG36-2.jpg,improved,khanhha,0.1917783333984451,6.635287,7.2646465,9.815387
khanhha_noisy2::DeepCrack_IMG_6469-2.jpg,neutral,khanhha,0.003607961164627,7.5086923,5.943073,10.375586
khanhha_noisy2::DeepCrack_IMG_6472-1.jpg,improved,khanhha,0.0107755669377846,7.8820586,5.756502,10.867012
khanhha_noisy2::DeepCrack_IMG_6514-3.jpg,improved,khanhha,0.0350417385214588,7.794478,6.2247963,11.079032
khanhha_noisy2::DeepCrack_IMG_6516-1.jpg,improved,khanhha,0.053493429572619,7.500118,5.5562634,10.051179
khanhha_noisy2::DeepCrack_IMG_6522-1.jpg,improved,khanhha,0.0599311851512729,7.5396476,5.9472656,10.75025
khanhha_noisy2::DeepCrack_IMG_6537-1.jpg,neutral,khanhha,-0.0052894570516343,7.8365755,5.5177794,11.610802
khanhha_noisy2::Eugen_Muller_4470_327_315_563_732.jpg,degraded,khanhha,-0.2842746168381272,6.3333077,7.4596667,9.153471
khanhha_noisy2::Eugen_Muller_7723_0_0_714_429.jpg,degraded,khanhha,-0.0176988528499822,6.1489015,7.2659965,9.537883
khanhha_noisy2::Eugen_Muller_8980_79_365_456_521.jpg,degraded,khanhha,-0.4878256759862449,6.5562773,7.0618324,10.287928
khanhha_noisy2::Eugen_Muller_8980a_123_420_527_438.jpg,neutral,khanhha,0.0085499679785138,6.537445,7.1831803,10.107209
khanhha_noisy2::Eugen_Muller_8980a_25_22_747_752.jpg,degraded,khanhha,-0.4004697256115025,6.5354877,7.041114,10.278511
khanhha_noisy2::Eugen_Muller_9360_329_209_632_479.jpg,degraded,khanhha,-0.4115193325846302,6.270678,7.499415,9.234177
khanhha_noisy2::Eugen_Muller_9360_7_26_751_632.jpg,degraded,khanhha,-0.1811056542711966,6.341088,7.4937,9.324751
khanhha_noisy2::Eugen_Muller_9360_99_556_518_594.jpg,degraded,khanhha,-0.0305850533176669,6.3884735,7.3849964,9.284297
khanhha_noisy2::GAPS384_test_0005_541_641.jpg,improved,khanhha,0.0417356806207404,7.1628456,8.916148,9.987102
khanhha_noisy2::GAPS384_test_0016_541_1.jpg,degraded,khanhha,-0.1619274739096983,7.136185,8.929809,9.9659815
khanhha_noisy2::GAPS384_test_0016_541_641.jpg,degraded,khanhha,-0.0178376419142493,7.14657,8.903753,9.986116
khanhha_noisy2::GAPS384_test_0040_541_1.jpg,neutral,khanhha,0.0,7.1034136,8.957936,9.919511
khanhha_noisy2::GAPS384_test_0042_541_1.jpg,degraded,khanhha,-0.0160694896851248,7.034752,8.881556,9.828673
khanhha_noisy2::GAPS384_test_0058_1_1.jpg,degraded,khanhha,-0.1680095493882423,7.0770864,8.910305,9.884535
khanhha_noisy2::GAPS384_test_0203_1_1.jpg,neutral,khanhha,-0.0003630873154523,6.9711084,8.620465,9.819969
khanhha_noisy2::GAPS384_test_0203_541_1.jpg,neutral,khanhha,0.0,7.1652985,8.927931,9.981002
khanhha_noisy2::GAPS384_test_0274_541_1.jpg,degraded,khanhha,-0.3043783657223132,7.037149,8.856436,9.922255
khanhha_noisy2::GAPS384_train_0423_1_1.jpg,neutral,khanhha,0.0,6.930379,8.96404,9.738411
khanhha_noisy2::GAPS384_train_0449_1_1.jpg,neutral,khanhha,0.0,6.8509617,9.030885,9.733343
khanhha_noisy2::GAPS384_train_0455_541_1.jpg,neutral,khanhha,0.0,7.049271,8.9307375,9.865546
khanhha_noisy2::GAPS384_train_0503_541_1.jpg,degraded,khanhha,-0.2843571340575908,6.951436,8.699595,9.786811
khanhha_noisy2::GAPS384_train_0514_541_1.jpg,degraded,khanhha,-0.3316936050597329,6.957962,8.538578,9.163955
khanhha_noisy2::GAPS384_train_0516_541_641.jpg,neutral,khanhha,0.0,7.0205626,8.583073,9.007744
khanhha_noisy2::GAPS384_train_0533_541_1.jpg,neutral,khanhha,0.0,6.9662585,8.8787985,9.648377
khanhha_noisy2::GAPS384_train_0538_541_1.jpg,neutral,khanhha,0.0,6.9719443,8.839194,9.758674
khanhha_noisy2::GAPS384_train_0542_1_641.jpg,neutral,khanhha,0.0007054247710989,6.6879716,9.054227,9.902247
khanhha_noisy2::GAPS384_train_0544_541_1.jpg,neutral,khanhha,0.0,6.9779873,8.92726,9.68903
khanhha_noisy2::GAPS384_train_0552_1_641.jpg,neutral,khanhha,0.0,6.635893,9.086717,9.925807
khanhha_noisy2::GAPS384_train_0559_541_641.jpg,degraded,khanhha,-0.0348049286559552,7.0518966,8.82795,9.878866
khanhha_noisy2::GAPS384_train_0597_1_1.jpg,improved,khanhha,0.0461023785150412,6.7372694,9.009385,9.860812
khanhha_noisy2::GAPS384_train_0599_1_1.jpg,neutral,khanhha,0.0,6.748702,9.032421,9.860956
khanhha_noisy2::GAPS384_train_0607_541_641.jpg,degraded,khanhha,-0.0102300941595958,7.014034,8.700705,9.884422
khanhha_noisy2::GAPS384_train_0608_1_1.jpg,degraded,khanhha,-0.0487160120845921,6.669627,8.981444,9.911276
khanhha_noisy2::GAPS384_train_0609_541_641.jpg,neutral,khanhha,0.0,7.123827,8.93831,9.952312
khanhha_noisy2::GAPS384_train_0641_1_1.jpg,neutral,khanhha,0.0,6.2154336,8.760964,7.677728
khanhha_noisy2::GAPS384_train_0641_541_641.jpg,neutral,khanhha,0.0,7.0939827,8.71462,9.191341
khanhha_noisy2::GAPS384_train_0649_1_641.jpg,degraded,khanhha,-0.0426199829431022,6.7783556,8.793746,9.902645
khanhha_noisy2::GAPS384_train_0664_1_1.jpg,degraded,khanhha,-0.1540592962039346,6.62198,9.048947,9.901194
khanhha_noisy2::GAPS384_train_0664_541_641.jpg,degraded,khanhha,-0.271228950197062,7.0578885,8.871328,9.886465
khanhha_noisy2::GAPS384_train_0680_541_641.jpg,degraded,khanhha,-0.019779599542182,7.0126667,8.690162,9.842373
khanhha_noisy2::GAPS384_train_0681_541_641.jpg,degraded,khanhha,-0.0465682700816474,7.0303187,8.711058,9.883498
khanhha_noisy2::GAPS384_train_0690_541_1.jpg,degraded,khanhha,-0.0137225121090597,6.973992,8.699216,9.807997
khanhha_noisy2::GAPS384_train_0695_541_1.jpg,degraded,khanhha,-0.0234950750350301,7.0294976,8.803683,9.847741
khanhha_noisy2::GAPS384_train_0698_1_641.jpg,degraded,khanhha,-0.083159828536436,6.7425294,9.0288315,9.869157
khanhha_noisy2::GAPS384_train_0700_1_1.jpg,improved,khanhha,0.0679998937766794,6.696667,9.0349455,9.887451
khanhha_noisy2::GAPS384_train_0799_541_1.jpg,degraded,khanhha,-0.0339054481100483,7.0097547,8.865481,9.9201975
khanhha_noisy2::GAPS384_train_0809_541_1.jpg,degraded,khanhha,-0.0352195828321303,7.029937,8.824271,9.863475
khanhha_noisy2::GAPS384_train_0918_1_641.jpg,degraded,khanhha,-0.2462068965517241,6.920624,8.977008,9.80175
khanhha_noisy2::GAPS384_train_0922_1_641.jpg,degraded,khanhha,-0.1725997842502697,7.126044,8.974525,9.945599
khanhha_noisy2::GAPS384_train_0942_541_1.jpg,neutral,khanhha,0.0,6.9861937,8.9659,9.715198
khanhha_noisy2::GAPS384_train_0959_1_641.jpg,neutral,khanhha,0.0,7.1573367,8.956552,9.974562
khanhha_noisy2::GAPS384_train_0961_1_1.jpg,degraded,khanhha,-0.0245022970903522,7.142289,8.955885,9.956868
khanhha_noisy2::GAPS384_train_0996_1_641.jpg,neutral,khanhha,0.0,7.1074004,8.945915,9.935041
khanhha_noisy2::GAPS384_train_1010_541_641.jpg,degraded,khanhha,-0.0148718130351309,6.833607,8.955994,9.765041
khanhha_noisy2::GAPS384_train_1015_1_641.jpg,degraded,khanhha,-0.0245279844779496,6.968765,8.912458,9.752651
khanhha_noisy2::GAPS384_train_1028_1_1.jpg,neutral,khanhha,0.0,7.0190244,8.806798,9.873405
khanhha_noisy2::GAPS384_train_1048_1_1.jpg,degraded,khanhha,-0.1166622806353419,6.9193797,8.691936,9.83357
khanhha_noisy2::GAPS384_train_1048_541_1.jpg,degraded,khanhha,-0.0226750574368195,6.9596376,8.798166,9.916438
khanhha_noisy2::GAPS384_train_1085_541_1.jpg,neutral,khanhha,0.0017771051563424,7.0435195,8.867662,9.894782
khanhha_noisy2::GAPS384_train_1117_1_1.jpg,neutral,khanhha,0.0,6.575031,9.086159,9.939507
khanhha_noisy2::GAPS384_train_1120_541_641.jpg,improved,khanhha,0.0537248615838356,7.831074,6.39949,11.078521
khanhha_noisy2::GAPS384_train_1124_1_641.jpg,neutral,khanhha,0.0,6.7812295,8.997575,9.812352
khanhha_noisy2::GAPS384_train_1126_541_1.jpg,degraded,khanhha,-0.0379812535020129,7.038668,8.858064,9.862482
khanhha_noisy2::GAPS384_train_1128_541_1.jpg,neutral,khanhha,0.0,7.016935,8.78708,9.904631
khanhha_noisy2::GAPS384_train_1171_541_641.jpg,degraded,khanhha,-0.0224853139782413,7.064611,8.846568,9.890111
khanhha_noisy2::GAPS384_train_1172_541_641.jpg,degraded,khanhha,-0.0960453534904401,7.0596495,8.856486,9.893855
khanhha_noisy2::GAPS384_train_1173_541_1.jpg,degraded,khanhha,-0.0228317109532579,7.016856,8.824892,9.863239
khanhha_noisy2::GAPS384_train_1173_541_641.jpg,degraded,khanhha,-0.1564472454642809,7.137093,8.914787,9.972303
khanhha_noisy2::GAPS384_train_1183_541_1.jpg,degraded,khanhha,-0.0227648102099323,7.042658,8.899611,9.8660555
khanhha_noisy2::GAPS384_train_1187_1_1.jpg,improved,khanhha,0.0335454469406636,6.746685,9.016063,9.841184
khanhha_noisy2::GAPS384_train_1218_541_1.jpg,neutral,khanhha,-0.0017442850725733,7.0908046,8.920533,9.920316
khanhha_noisy2::GAPS384_train_1238_1_1.jpg,degraded,khanhha,-0.0379877112135176,7.0220323,8.82477,9.895892
khanhha_noisy2::GAPS384_train_1247_541_1.jpg,improved,khanhha,0.0362859731630496,7.1500854,8.925354,9.981354
khanhha_noisy2::GAPS384_train_1281_541_1.jpg,degraded,khanhha,-0.2055256064690027,7.0875397,8.923524,9.927389
khanhha_noisy2::GAPS384_train_1284_541_641.jpg,degraded,khanhha,-0.1864221517084306,7.1269975,8.917352,9.944472
khanhha_noisy2::GAPS384_train_1347_541_1.jpg,neutral,khanhha,0.0,7.1678314,8.922853,9.997925
khanhha_noisy2::GAPS384_train_1347_541_641.jpg,neutral,khanhha,0.0007496648237975,7.2522783,8.616737,10.104384
khanhha_noisy2::GAPS384_train_1361_541_641.jpg,improved,khanhha,0.0506164488669203,7.1843367,8.884478,10.015729
khanhha_noisy2::GAPS384_train_1366_541_1.jpg,degraded,khanhha,-0.1085657370517928,7.127494,8.914524,9.965467
khanhha_noisy2::GAPS384_train_1370_541_641.jpg,degraded,khanhha,-0.1133192700156985,7.117214,8.8943,9.965431
khanhha_noisy2::GAPS384_train_1374_541_1.jpg,improved,khanhha,0.1144254031363765,7.086894,8.904969,9.927577
khanhha_noisy2::GAPS384_train_1375_541_641.jpg,improved,khanhha,0.1105375649119055,7.1370316,8.872798,9.975611
khanhha_noisy2::GAPS384_train_1381_541_1.jpg,degraded,khanhha,-0.2286083306425573,7.0782557,8.869811,9.925343
khanhha_noisy2::GAPS384_valid_0016_541_1.jpg,degraded,khanhha,-0.0162059199148454,7.0350246,8.822691,9.8895
khanhha_noisy2::Rissbilder_for_Florian_9S6A2782_0_0_3840_5760.jpg,degraded,khanhha,-0.2798811071520287,5.9706388,7.597069,9.448702
khanhha_noisy2::Rissbilder_for_Florian_9S6A2783_485_963_3019_3865.jpg,degraded,khanhha,-0.2309895651134124,6.0028987,7.452667,9.485178
khanhha_noisy2::Rissbilder_for_Florian_9S6A2783_510_849_2889_2880.jpg,neutral,khanhha,-0.0049111528718344,5.754775,7.584272,8.990509
khanhha_noisy2::Rissbilder_for_Florian_9S6A2783_555_1445_2892_3793.jpg,improved,khanhha,0.0195758433724005,6.1859026,7.368065,9.739934
khanhha_noisy2::Rissbilder_for_Florian_9S6A2783_96_1214_3516_4173.jpg,degraded,khanhha,-0.0578419489471372,5.989007,7.4920135,9.532438
khanhha_noisy2::Rissbilder_for_Florian_9S6A2784_100_1539_3455_3308.jpg,improved,khanhha,0.0323971622708531,5.778329,8.11477,8.54549
khanhha_noisy2::Rissbilder_for_Florian_9S6A2784_1029_155_2671_3164.jpg,degraded,khanhha,-0.2303061520666128,5.9132323,7.9234004,8.648377
khanhha_noisy2::Rissbilder_for_Florian_9S6A2784_241_1425_3582_3991.jpg,degraded,khanhha,-0.235456335603204,5.76378,8.1376,8.594757
khanhha_noisy2::Rissbilder_for_Florian_9S6A2785_118_523_3535_4238.jpg,neutral,khanhha,0.0,5.8716497,9.01168,7.0986943
khanhha_noisy2::Rissbilder_for_Florian_9S6A2785_197_1269_2404_2359.jpg,neutral,khanhha,0.0,5.868841,8.9905205,7.104406
khanhha_noisy2::Rissbilder_for_Florian_9S6A2785_239_136_3078_2666.jpg,neutral,khanhha,0.0,5.843829,9.00454,7.088314
khanhha_noisy2::Rissbilder_for_Florian_9S6A2785_493_901_3299_3768.jpg,neutral,khanhha,0.0,5.861805,9.009546,7.0760093
khanhha_noisy2::Rissbilder_for_Florian_9S6A2785_51_1717_2854_3381.jpg,neutral,khanhha,0.0,5.851804,8.999824,7.076646
khanhha_noisy2::Rissbilder_for_Florian_9S6A2786_1709_1270_2041_2349.jpg,neutral,khanhha,-0.0048512481494409,4.736962,7.779308,8.253398
khanhha_noisy2::Rissbilder_for_Florian_9S6A2786_641_1214_2289_2280.jpg,neutral,khanhha,-0.0096465331655229,4.626096,7.7790728,8.190139
khanhha_noisy2::Rissbilder_for_Florian_9S6A2787_1034_2113_2702_3383.jpg,degraded,khanhha,-0.0397874924279955,5.6762857,7.548674,9.104275
khanhha_noisy2::Rissbilder_for_Florian_9S6A2787_114_2564_2503_2920.jpg,neutral,khanhha,-0.0058884104357885,5.625131,7.5404453,8.990944
khanhha_noisy2::Rissbilder_for_Florian_9S6A2787_1217_749_2520_2686.jpg,neutral,khanhha,0.0019501715054333,5.6253667,7.5111933,8.948925
khanhha_noisy2::Rissbilder_for_Florian_9S6A2787_1287_2060_2196_2885.jpg,degraded,khanhha,-0.1168861512758641,5.672787,7.5384164,8.9796
khanhha_noisy2::Rissbilder_for_Florian_9S6A2787_38_553_3789_4026.jpg,neutral,khanhha,0.0009239989203855,5.7771215,7.530273,9.330758
khanhha_noisy2::Rissbilder_for_Florian_9S6A2787_469_792_2677_2506.jpg,degraded,khanhha,-0.0110080904603361,5.6303077,7.532658,8.95658
khanhha_noisy2::Rissbilder_for_Florian_9S6A2788_0_0_3840_5760.jpg,degraded,khanhha,-0.0930527590432662,6.6281223,7.543038,9.464334
khanhha_noisy2::Rissbilder_for_Florian_9S6A2788_827_2151_2719_2314.jpg,degraded,khanhha,-0.0359152073747941,6.7144713,7.417335,9.486513
khanhha_noisy2::Rissbilder_for_Florian_9S6A2789_29_2188_3523_3363.jpg,degraded,khanhha,-0.0348114564554892,6.624072,7.4265428,9.555902
khanhha_noisy2::Rissbilder_for_Florian_9S6A2789_79_2844_3130_2630.jpg,neutral,khanhha,-0.0004556565955095,6.7064133,7.3558435,9.568531
khanhha_noisy2::Rissbilder_for_Florian_9S6A2790_213_1721_2871_3688.jpg,degraded,khanhha,-0.194383775351014,6.662525,7.750533,8.172434
khanhha_noisy2::Rissbilder_for_Florian_9S6A2790_415_1305_3121_2371.jpg,degraded,khanhha,-0.1154250500592538,6.6472745,7.7110734,8.288632
khanhha_noisy2::Rissbilder_for_Florian_9S6A2790_750_1920_2101_2560.jpg,degraded,khanhha,-0.26041008757195,6.633738,7.750526,8.240016
khanhha_noisy2::Rissbilder_for_Florian_9S6A2791_180_347_3514_4469.jpg,neutral,khanhha,0.0,7.15074,8.201632,8.055763
khanhha_noisy2::Rissbilder_for_Florian_9S6A2791_268_477_2530_3149.jpg,neutral,khanhha,0.0,7.1295986,8.127916,8.026142
khanhha_noisy2::Rissbilder_for_Florian_9S6A2791_454_1477_3234_3143.jpg,neutral,khanhha,0.0,7.189901,8.182925,8.042979
khanhha_noisy2::Rissbilder_for_Florian_9S6A2792_0_0_5760_3840.jpg,degraded,khanhha,-0.2805139186295503,6.129838,7.974688,8.4602585
khanhha_noisy2::Rissbilder_for_Florian_9S6A2792_1773_105_2717_3479.jpg,neutral,khanhha,0.0,6.6457644,8.247844,8.145091
khanhha_noisy2::Rissbilder_for_Florian_9S6A2792_1778_280_3876_3455.jpg,degraded,khanhha,-0.3794896030245747,6.2611365,8.076146,8.279704
khanhha_noisy2::Rissbilder_for_Florian_9S6A2792_2643_751_3074_3028.jpg,neutral,khanhha,0.0,6.468022,8.210752,8.161181
khanhha_noisy2::Rissbilder_for_Florian_9S6A2792_753_1245_2029_2585.jpg,neutral,khanhha,0.0,6.856429,8.338393,8.084389
khanhha_noisy2::Rissbilder_for_Florian_9S6A2793_377_1016_2309_2713.jpg,neutral,khanhha,0.0,6.6156745,8.201757,8.016846
khanhha_noisy2::Rissbilder_for_Florian_9S6A2793_811_444_2800_3267.jpg,neutral,khanhha,0.0,6.518481,8.324769,8.072826
khanhha_noisy2::Rissbilder_for_Florian_9S6A2795_244_2755_3348_2948.jpg,neutral,khanhha,0.0,7.011506,8.644833,8.137526
khanhha_noisy2::Rissbilder_for_Florian_9S6A2795_345_1636_2968_2382.jpg,degraded,khanhha,-0.1938545434142879,6.8272896,8.036086,8.942044
khanhha_noisy2::Rissbilder_for_Florian_9S6A2795_726_782_2478_3159.jpg,neutral,khanhha,0.0,6.9708686,8.586123,8.100111
khanhha_noisy2::Rissbilder_for_Florian_9S6A2796_352_1675_3345_3505.jpg,neutral,khanhha,-0.0049383160179636,6.771913,7.497146,9.5150175
khanhha_noisy2::Rissbilder_for_Florian_9S6A2796_360_1209_3312_4152.jpg,degraded,khanhha,-0.038580231853008,6.720155,7.558817,9.560072
khanhha_noisy2::Rissbilder_for_Florian_9S6A2796_365_740_3391_4131.jpg,degraded,khanhha,-0.1947244765429786,6.705788,7.6045914,9.615874
khanhha_noisy2::Rissbilder_for_Florian_9S6A2797_0_0_3840_5760.jpg,degraded,khanhha,-0.10856671064031,6.5260515,6.9858813,10.308032
khanhha_noisy2::Rissbilder_for_Florian_9S6A2797_211_1594_3203_4094.jpg,degraded,khanhha,-0.2234002292945793,6.5248995,6.9368315,10.358942
khanhha_noisy2::Rissbilder_for_Florian_9S6A2797_27_2177_3736_3368.jpg,degraded,khanhha,-0.0993200729999514,6.544735,6.962295,10.375545
khanhha_noisy2::Rissbilder_for_Florian_9S6A2797_331_75_3433_4182.jpg,degraded,khanhha,-0.1882613415416403,6.5525312,6.9667377,10.377314
khanhha_noisy2::Rissbilder_for_Florian_9S6A2798_499_1239_3234_3324.jpg,degraded,khanhha,-0.0704374551930143,6.8505983,7.636225,9.525509
khanhha_noisy2::Rissbilder_for_Florian_9S6A2798_614_1857_2201_2501.jpg,degraded,khanhha,-0.1207942571058983,6.8455267,7.5409,9.622008
khanhha_noisy2::Rissbilder_for_Florian_9S6A2798_697_1777_2994_3062.jpg,degraded,khanhha,-0.0528198699671982,6.8483977,7.6156197,9.535665
khanhha_noisy2::Rissbilder_for_Florian_9S6A2799_133_2058_3555_3079.jpg,neutral,khanhha,0.0,5.6838155,8.614995,7.5958214
khanhha_noisy2::Rissbilder_for_Florian_9S6A2799_275_471_3176_4152.jpg,neutral,khanhha,0.0,5.799939,8.652887,7.4776435
khanhha_noisy2::Rissbilder_for_Florian_9S6A2799_288_786_3196_3304.jpg,neutral,khanhha,0.0,5.8065114,8.677491,7.4052877
khanhha_noisy2::Rissbilder_for_Florian_9S6A2800_191_3241_2390_2435.jpg,neutral,khanhha,0.0,4.9693084,8.787192,8.177701
khanhha_noisy2::Rissbilder_for_Florian_9S6A2800_195_2531_3219_2684.jpg,neutral,khanhha,0.006577504295175,4.952771,8.78574,8.170094
khanhha_noisy2::Rissbilder_for_Florian_9S6A2800_382_814_2795_2670.jpg,neutral,khanhha,0.0043539348572009,4.9639797,8.763985,8.1812725
khanhha_noisy2::Rissbilder_for_Florian_9S6A2800_48_573_3788_4425.jpg,improved,khanhha,0.3797202797202797,5.0440836,8.810236,8.154938
khanhha_noisy2::Rissbilder_for_Florian_9S6A2800_552_1819_3171_3588.jpg,improved,khanhha,0.5199643493761141,4.9993935,8.819553,8.150032
khanhha_noisy2::Rissbilder_for_Florian_9S6A2800_817_399_2611_2043.jpg,neutral,khanhha,0.0,4.9650593,8.798049,8.166071
khanhha_noisy2::Rissbilder_for_Florian_9S6A2802_251_84_3754_3687.jpg,neutral,khanhha,-0.0099933643745117,5.1051497,8.777245,8.171378
khanhha_noisy2::Rissbilder_for_Florian_9S6A2802_2931_279_2589_2739.jpg,improved,khanhha,0.590825233953773,5.0126224,8.797869,8.160673
khanhha_noisy2::Rissbilder_for_Florian_9S6A2802_631_103_2560_2012.jpg,neutral,khanhha,0.0085794995964487,4.970148,8.756277,8.181938
khanhha_noisy2::Rissbilder_for_Florian_9S6A2803_209_1110_2922_3685.jpg,degraded,khanhha,-0.0253104780997717,5.2324996,8.559385,8.331284
khanhha_noisy2::Rissbilder_for_Florian_9S6A2803_247_1248_3459_4462.jpg,improved,khanhha,0.41442637459896,5.2640085,8.63794,8.274362
khanhha_noisy2::Rissbilder_for_Florian_9S6A2803_272_142_3359_3107.jpg,improved,khanhha,0.0279008353693489,5.089928,8.712835,8.216134
khanhha_noisy2::Rissbilder_for_Florian_9S6A2803_612_408_2717_3030.jpg,improved,khanhha,0.0299487777256218,5.220224,8.680529,8.246662
khanhha_noisy2::Rissbilder_for_Florian_9S6A2804_118_1818_2606_2570.jpg,neutral,khanhha,0.0084269311346114,7.114769,8.942042,8.323892
khanhha_noisy2::Rissbilder_for_Florian_9S6A2805_1632_240_3224_2475.jpg,degraded,khanhha,-0.1713020617130206,6.651204,7.951862,8.989494
khanhha_noisy2::Rissbilder_for_Florian_9S6A2805_3150_203_1998_2621.jpg,neutral,khanhha,-0.000896700143472,6.6956186,8.061473,8.868133
khanhha_noisy2::Rissbilder_for_Florian_9S6A2805_565_1400_2938_2247.jpg,degraded,khanhha,-0.2994353178380335,6.628099,7.9090137,8.989049
khanhha_noisy2::Rissbilder_for_Florian_9S6A2806_1082_397_4233_3223.jpg,neutral,khanhha,-0.0028575725673033,6.629735,7.951762,9.009817
khanhha_noisy2::Rissbilder_for_Florian_9S6A2806_3363_1303_2009_2459.jpg,degraded,khanhha,-0.2113963681903569,6.640324,7.8913164,9.100164
khanhha_noisy2::Rissbilder_for_Florian_9S6A2806_368_348_2093_2759.jpg,degraded,khanhha,-0.1136289710506342,6.691918,8.012449,8.883402
khanhha_noisy2::Rissbilder_for_Florian_9S6A2807_112_2167_3474_2842.jpg,degraded,khanhha,-0.1478311423158587,6.5425897,6.994747,10.315385
khanhha_noisy2::Rissbilder_for_Florian_9S6A2807_149_637_3674_3362.jpg,degraded,khanhha,-0.1856073558396418,6.5475593,6.971543,10.367205
khanhha_noisy2::Rissbilder_for_Florian_9S6A2807_224_1187_3581_3340.jpg,degraded,khanhha,-0.0324002342420459,6.534607,6.978573,10.338275
khanhha_noisy2::Rissbilder_for_Florian_9S6A2807_577_1818_2154_2452.jpg,improved,khanhha,0.0790333056927817,6.4600806,7.764535,9.573054
khanhha_noisy2::Rissbilder_for_Florian_9S6A2808_19_37_3435_3257.jpg,degraded,khanhha,-0.0203237766498933,6.577464,7.1833763,10.285279
khanhha_noisy2::Rissbilder_for_Florian_9S6A2808_222_2951_3443_2623.jpg,degraded,khanhha,-0.0166465192273158,4.825858,8.308756,10.075726
khanhha_noisy2::Rissbilder_for_Florian_9S6A2808_30_709_3501_4305.jpg,degraded,khanhha,-0.0784291348153584,6.633259,7.168387,10.328742
khanhha_noisy2::Rissbilder_for_Florian_9S6A2810_309_181_3327_4094.jpg,neutral,khanhha,0.0,6.8239985,8.742138,7.8293815
khanhha_noisy2::Rissbilder_for_Florian_9S6A2810_43_528_3225_4185.jpg,degraded,khanhha,-0.1869747899159664,6.79548,8.759355,7.8011675
khanhha_noisy2::Rissbilder_for_Florian_9S6A2810_65_655_2748_2720.jpg,neutral,khanhha,-0.0002981959147159,6.784867,8.738894,7.7952557
khanhha_noisy2::Rissbilder_for_Florian_9S6A2811_119_80_3414_3691.jpg,neutral,khanhha,0.0,6.8123918,8.7408,7.8195534
khanhha_noisy2::Rissbilder_for_Florian_9S6A2811_1873_211_2406_2890.jpg,neutral,khanhha,0.0,6.8027787,8.702739,7.9101014
khanhha_noisy2::Rissbilder_for_Florian_9S6A2812_1545_131_2276_2406.jpg,neutral,khanhha,0.0,6.4033318,8.898255,7.601626
khanhha_noisy2::Rissbilder_for_Florian_9S6A2812_372_1081_3294_3264.jpg,neutral,khanhha,0.0,6.3128858,8.911717,7.5583997
khanhha_noisy2::Rissbilder_for_Florian_9S6A2812_6_41_3627_3234.jpg,neutral,khanhha,0.0,6.343821,8.91424,7.580891
khanhha_noisy2::Rissbilder_for_Florian_9S6A2813_90_1297_3435_4044.jpg,neutral,khanhha,0.0,6.80263,8.697625,7.841141
khanhha_noisy2::Rissbilder_for_Florian_9S6A2815_1237_159_3590_2891.jpg,neutral,khanhha,0.0,6.7964897,8.666118,7.763776
khanhha_noisy2::Rissbilder_for_Florian_9S6A2816_0_0_3840_5760.jpg,neutral,khanhha,0.0,6.7978306,8.732368,7.7594
khanhha_noisy2::Rissbilder_for_Florian_9S6A2816_113_51_3722_4201.jpg,neutral,khanhha,0.0,6.791602,8.682958,7.7828054
khanhha_noisy2::Rissbilder_for_Florian_9S6A2816_1644_2004_1934_2558.jpg,neutral,khanhha,0.0,6.80631,8.745481,7.7500825
khanhha_noisy2::Rissbilder_for_Florian_9S6A2816_255_1654_2762_3248.jpg,neutral,khanhha,0.0,6.8002834,8.739746,7.766799
khanhha_noisy2::Rissbilder_for_Florian_9S6A2816_375_1185_3365_3750.jpg,neutral,khanhha,0.0,6.7911925,8.749894,7.7326765
khanhha_noisy2::Rissbilder_for_Florian_9S6A2816_48_1105_3458_4373.jpg,neutral,khanhha,0.0,6.799933,8.7503,7.7495947
khanhha_noisy2::Rissbilder_for_Florian_9S6A2817_266_1535_2877_3827.jpg,neutral,khanhha,0.0,6.853888,8.7279,7.8923035
khanhha_noisy2::Rissbilder_for_Florian_9S6A2817_362_2779_2835_2376.jpg,neutral,khanhha,0.0,6.8979297,8.681074,8.000798
khanhha_noisy2::Rissbilder_for_Florian_9S6A2817_378_2811_2792_2576.jpg,neutral,khanhha,0.0,6.861483,8.717247,7.995089
khanhha_noisy2::Rissbilder_for_Florian_9S6A2817_515_925_2769_3395.jpg,neutral,khanhha,0.0,6.8353324,8.7224655,7.863781
khanhha_noisy2::Rissbilder_for_Florian_9S6A2817_67_221_2558_2411.jpg,neutral,khanhha,0.0,6.808797,8.790583,7.8043985
khanhha_noisy2::Rissbilder_for_Florian_9S6A2818_205_138_2610_2193.jpg,degraded,khanhha,-0.0125663222563529,6.4318213,8.431333,8.029571
khanhha_noisy2::Rissbilder_for_Florian_9S6A2818_208_545_3096_3152.jpg,neutral,khanhha,0.0,6.4440384,8.440695,8.043499
khanhha_noisy2::Rissbilder_for_Florian_9S6A2818_22_73_3648_4328.jpg,neutral,khanhha,0.0,6.3875833,8.57495,7.880782
khanhha_noisy2::Rissbilder_for_Florian_9S6A2818_287_1431_3198_4185.jpg,neutral,khanhha,0.0,6.4418135,8.532658,7.9276404
khanhha_noisy2::Rissbilder_for_Florian_9S6A2818_819_1604_2582_2762.jpg,neutral,khanhha,0.0,6.428265,8.361745,8.176724
khanhha_noisy2::Rissbilder_for_Florian_9S6A2818_952_1532_2829_2875.jpg,neutral,khanhha,0.0,6.449158,8.347512,8.145323
khanhha_noisy2::Rissbilder_for_Florian_9S6A2820_304_486_3141_3670.jpg,neutral,khanhha,-0.0060412823938113,5.4022856,8.426203,8.306332
khanhha_noisy2::Rissbilder_for_Florian_9S6A2820_366_660_2637_3456.jpg,neutral,khanhha,0.0019372375674567,5.4083457,8.445949,8.2554655
khanhha_noisy2::Rissbilder_for_Florian_9S6A2821_1009_504_3415_2649.jpg,degraded,khanhha,-0.2594906916813333,6.118161,7.8960266,8.543756
khanhha_noisy2::Rissbilder_for_Florian_9S6A2821_1089_894_2343_2903.jpg,degraded,khanhha,-0.055511556631499,6.201231,7.97916,8.436885
khanhha_noisy2::Rissbilder_for_Florian_9S6A2821_2779_46_2936_3794.jpg,degraded,khanhha,-0.3094716337959581,6.186542,7.9531555,8.466659
khanhha_noisy2::Rissbilder_for_Florian_9S6A2822_1030_155_3516_3590.jpg,improved,khanhha,0.0204651103295817,5.956175,7.9030895,8.723132
khanhha_noisy2::Rissbilder_for_Florian_9S6A2822_1137_465_2983_2428.jpg,neutral,khanhha,0.0010227455099867,6.0234265,7.8801775,8.720955
khanhha_noisy2::Rissbilder_for_Florian_9S6A2822_2401_400_2963_3258.jpg,neutral,khanhha,0.0052025899126137,5.927149,7.8533845,8.790262
khanhha_noisy2::Rissbilder_for_Florian_9S6A2823_106_892_3634_4471.jpg,neutral,khanhha,0.0,6.576697,8.137828,8.277419
khanhha_noisy2::Rissbilder_for_Florian_9S6A2825_325_1707_3330_2732.jpg,neutral,khanhha,0.0,6.1674848,8.170324,8.156116
khanhha_noisy2::Rissbilder_for_Florian_9S6A2825_340_882_2590_2354.jpg,neutral,khanhha,-0.0027427317608337,6.2428317,8.022476,8.28618
khanhha_noisy2::Rissbilder_for_Florian_9S6A2825_565_2563_2166_2123.jpg,degraded,khanhha,-0.328755722014149,6.196695,7.9737535,8.377984
khanhha_noisy2::Rissbilder_for_Florian_9S6A2825_65_315_3693_4161.jpg,neutral,khanhha,0.0,6.2360253,8.314963,8.0807
khanhha_noisy2::Rissbilder_for_Florian_9S6A2825_711_1408_2863_2522.jpg,degraded,khanhha,-0.2141255605381166,6.0958323,8.085109,8.257105
khanhha_noisy2::Rissbilder_for_Florian_9S6A2825_71_1920_3644_3801.jpg,neutral,khanhha,0.0,6.2876005,8.231405,8.144547
khanhha_noisy2::Rissbilder_for_Florian_9S6A2826_0_0_3840_5760.jpg,degraded,khanhha,-0.0219633570534664,6.6967044,8.073059,8.038346
khanhha_noisy2::Rissbilder_for_Florian_9S6A2826_418_1200_2774_3626.jpg,degraded,khanhha,-0.0162463533902736,6.6849885,7.876629,8.1733
khanhha_noisy2::Rissbilder_for_Florian_9S6A2826_65_1595_3304_2654.jpg,degraded,khanhha,-0.0107391648938389,6.691244,7.9927554,8.130074
khanhha_noisy2::Rissbilder_for_Florian_9S6A2826_985_495_2477_3280.jpg,degraded,khanhha,-0.0106153774654964,6.7377005,7.8736563,8.133938
khanhha_noisy2::Rissbilder_for_Florian_9S6A2827_1172_836_2226_2545.jpg,degraded,khanhha,-0.0634697028756088,6.8792763,7.212501,10.135668
khanhha_noisy2::Rissbilder_for_Florian_9S6A2827_1553_813_2699_2293.jpg,degraded,khanhha,-0.0320997907185713,6.871741,7.1043816,9.930786
khanhha_noisy2::Rissbilder_for_Florian_9S6A2828_111_1161_3542_4005.jpg,degraded,khanhha,-0.0863395128233737,6.651881,7.9720144,9.005958
khanhha_noisy2::Rissbilder_for_Florian_9S6A2828_81_1831_3515_3918.jpg,neutral,khanhha,-0.0050547326414224,6.6764865,8.051858,8.932536
khanhha_noisy2::Rissbilder_for_Florian_9S6A2828_958_2102_2564_2428.jpg,improved,khanhha,0.0390383274453804,6.6006107,7.785421,9.262239
khanhha_noisy2::Rissbilder_for_Florian_9S6A2829_248_0_4607_3807.jpg,degraded,khanhha,-0.4254559127655574,5.9823437,8.01141,8.513426
khanhha_noisy2::Rissbilder_for_Florian_9S6A2829_465_128_3261_3385.jpg,degraded,khanhha,-0.119258872651357,6.1175785,8.069096,8.381278
khanhha_noisy2::Rissbilder_for_Florian_9S6A2830_317_1218_3139_3120.jpg,neutral,khanhha,-0.0017015272269428,5.5992346,7.7087383,9.148537
khanhha_noisy2::Rissbilder_for_Florian_9S6A2830_356_323_2546_2076.jpg,neutral,khanhha,-0.0058873195039635,5.598115,7.700347,8.998196
khanhha_noisy2::Rissbilder_for_Florian_9S6A2830_715_2986_2996_2571.jpg,neutral,khanhha,0.0056940746430666,5.5838065,7.705351,9.133285
khanhha_noisy2::Rissbilder_for_Florian_9S6A2830_87_511_3003_3652.jpg,neutral,khanhha,-0.0096431488082714,5.601855,7.732987,9.056398
khanhha_noisy2::Rissbilder_for_Florian_9S6A2831_130_3142_3148_2567.jpg,neutral,khanhha,-0.0069941102251509,6.619549,6.967322,10.436588
khanhha_noisy2::Rissbilder_for_Florian_9S6A2831_1392_523_2363_2146.jpg,degraded,khanhha,-0.125165058649797,6.898981,7.122536,10.452684
khanhha_noisy2::Rissbilder_for_Florian_9S6A2831_14_1354_3612_3768.jpg,neutral,khanhha,-0.0083053975458423,6.580482,6.97486,10.427723
khanhha_noisy2::Rissbilder_for_Florian_9S6A2831_183_1551_2640_2168.jpg,degraded,khanhha,-0.0245441034316725,6.625542,6.983484,10.441609
khanhha_noisy2::Rissbilder_for_Florian_9S6A2831_237_201_3399_4522.jpg,degraded,khanhha,-0.0280697411314818,6.612402,6.96971,10.437224
khanhha_noisy2::Rissbilder_for_Florian_9S6A2831_277_1810_3479_3118.jpg,neutral,khanhha,-0.0025690658569727,6.6079893,6.968359,10.44756
khanhha_noisy2::Rissbilder_for_Florian_9S6A2831_343_1804_2873_2254.jpg,neutral,khanhha,-0.0051590127316575,6.705744,7.0367556,10.458954
khanhha_noisy2::Rissbilder_for_Florian_9S6A2832_1234_336_2375_2845.jpg,degraded,khanhha,-0.1172905278088337,6.716455,7.0432587,10.4518585
khanhha_noisy2::Rissbilder_for_Florian_9S6A2832_185_2346_3101_2742.jpg,degraded,khanhha,-0.025559934671492,7.0145016,7.1505423,10.379522
khanhha_noisy2::Rissbilder_for_Florian_9S6A2832_375_1408_3366_3866.jpg,degraded,khanhha,-0.0913910746410408,6.925914,7.1555147,10.388308
khanhha_noisy2::Rissbilder_for_Florian_9S6A2833_0_720_3814_3967.jpg,neutral,khanhha,-0.0025690378837158,7.0480957,7.0831747,10.51995
khanhha_noisy2::Rissbilder_for_Florian_9S6A2833_11_1057_3805_3303.jpg,neutral,khanhha,-0.0034325935994726,7.0496564,7.107296,10.522548
khanhha_noisy2::Rissbilder_for_Florian_9S6A2833_596_837_3205_3950.jpg,neutral,khanhha,-0.0070053260162432,7.1179614,7.0639954,10.549778
khanhha_noisy2::Rissbilder_for_Florian_9S6A2834_1012_1643_2453_3015.jpg,neutral,khanhha,-0.0029520305880194,6.9048266,7.163516,10.409018
khanhha_noisy2::Rissbilder_for_Florian_9S6A2834_18_332_3392_3333.jpg,neutral,khanhha,-0.004152419345262,6.8699217,7.134311,10.439713
khanhha_noisy2::Rissbilder_for_Florian_9S6A2834_196_114_2762_3611.jpg,neutral,khanhha,0.0016574848239103,6.8832564,7.1514416,10.425174
khanhha_noisy2::Rissbilder_for_Florian_9S6A2834_40_1275_3784_4195.jpg,neutral,khanhha,-0.0092000913702935,6.7349987,7.044637,10.461693
khanhha_noisy2::Rissbilder_for_Florian_9S6A2835_373_1783_2745_2384.jpg,degraded,khanhha,-0.0223293223649141,6.9335427,7.1652637,10.422886
khanhha_noisy2::Rissbilder_for_Florian_9S6A2835_459_1693_3011_2424.jpg,degraded,khanhha,-0.0583756197385559,6.941496,7.173112,10.4223995
khanhha_noisy2::Rissbilder_for_Florian_9S6A2835_468_2521_2391_2304.jpg,degraded,khanhha,-0.0779772727380422,6.8868556,7.1461225,10.43722
khanhha_noisy2::Rissbilder_for_Florian_9S6A2835_469_1050_2755_3142.jpg,degraded,khanhha,-0.0474200779113374,6.964857,7.21248,10.360339
khanhha_noisy2::Rissbilder_for_Florian_9S6A2835_637_235_2191_2778.jpg,neutral,khanhha,-0.0002279393193208,6.9369235,7.180206,10.40539
khanhha_noisy2::Rissbilder_for_Florian_9S6A2835_964_2753_2392_2184.jpg,degraded,khanhha,-0.017697669709273,6.9598427,7.200808,10.398125
khanhha_noisy2::Rissbilder_for_Florian_9S6A2836_0_0_3840_5760.jpg,neutral,khanhha,0.0046905026749298,6.983684,7.164076,10.464357
khanhha_noisy2::Rissbilder_for_Florian_9S6A2836_391_1220_2381_3118.jpg,neutral,khanhha,0.004738244736207,6.9762244,7.1965137,10.350004
khanhha_noisy2::Rissbilder_for_Florian_9S6A2837_523_803_3305_3454.jpg,neutral,khanhha,0.0013819349359782,6.736663,7.00886,10.491411
khanhha_noisy2::Rissbilder_for_Florian_9S6A2838_1264_697_1978_2438.jpg,degraded,khanhha,-0.0525080829023776,7.1050034,7.338629,10.144159
khanhha_noisy2::Rissbilder_for_Florian_9S6A2838_419_638_3373_4346.jpg,improved,khanhha,0.0112319775992847,6.8867784,7.089653,10.456495
khanhha_noisy2::Rissbilder_for_Florian_9S6A2838_565_1405_2810_2334.jpg,improved,khanhha,0.0175434348999397,6.961975,7.241312,10.316435
khanhha_noisy2::Rissbilder_for_Florian_9S6A2839_132_1745_2786_3604.jpg,neutral,khanhha,-0.0017571455144029,5.8657413,8.1415415,8.512367
khanhha_noisy2::Rissbilder_for_Florian_9S6A2839_8_923_3789_4181.jpg,improved,khanhha,0.0126163504781106,5.6843476,8.122266,8.622666
khanhha_noisy2::Rissbilder_for_Florian_9S6A2840_408_2141_3112_2692.jpg,degraded,khanhha,-0.0169889665635715,5.6876616,7.735687,8.993233
khanhha_noisy2::Rissbilder_for_Florian_9S6A2840_520_1171_3029_3249.jpg,neutral,khanhha,0.0011130929153099,5.699587,7.7999163,8.902494
khanhha_noisy2::Rissbilder_for_Florian_9S6A2840_73_1408_3251_2521.jpg,degraded,khanhha,-0.0110075278530563,5.747404,7.838939,8.793783
khanhha_noisy2::Rissbilder_for_Florian_9S6A2840_7_1394_3830_4317.jpg,degraded,khanhha,-0.4338881183541377,5.6531253,7.822479,8.937323
khanhha_noisy2::Rissbilder_for_Florian_9S6A2841_19_570_3460_3784.jpg,degraded,khanhha,-0.3608224476766966,5.547552,7.730179,9.255108
khanhha_noisy2::Rissbilder_for_Florian_9S6A2841_217_2299_3214_2878.jpg,degraded,khanhha,-0.0819766863627216,5.7117457,7.67026,9.30161
khanhha_noisy2::Rissbilder_for_Florian_9S6A2841_247_162_2749_3393.jpg,improved,khanhha,0.0291491259567346,5.588043,7.6894536,9.183112
khanhha_noisy2::Rissbilder_for_Florian_9S6A2841_319_1106_2769_3450.jpg,degraded,khanhha,-0.0278738591623048,5.5879154,7.699503,9.230547
khanhha_noisy2::Rissbilder_for_Florian_9S6A2841_341_1075_3324_3954.jpg,degraded,khanhha,-0.3480087118855009,5.6224537,7.703581,9.155027
khanhha_noisy2::Rissbilder_for_Florian_9S6A2841_542_955_3068_2456.jpg,degraded,khanhha,-0.2420660300919776,5.59715,7.6900034,9.072091
khanhha_noisy2::Rissbilder_for_Florian_9S6A2842_321_767_3019_3008.jpg,degraded,khanhha,-0.4167126817596172,5.623036,7.62384,9.090635
khanhha_noisy2::Rissbilder_for_Florian_9S6A2842_635_1731_1931_2541.jpg,degraded,khanhha,-0.0507194250797591,5.6479764,7.539358,8.970991
khanhha_noisy2::Rissbilder_for_Florian_9S6A2842_70_2154_3631_3282.jpg,degraded,khanhha,-0.1042175549436632,5.590403,7.6807523,9.105857
khanhha_noisy2::Rissbilder_for_Florian_9S6A2843_12_1425_2920_2441.jpg,neutral,khanhha,-0.0075599982267803,6.4813924,7.9317656,8.461755
khanhha_noisy2::Rissbilder_for_Florian_9S6A2843_178_404_2380_2116.jpg,neutral,khanhha,0.0,6.9913588,8.249717,8.3659935
khanhha_noisy2::Rissbilder_for_Florian_9S6A2843_369_1526_1885_2389.jpg,degraded,khanhha,-0.5963779809933656,6.7050705,8.311784,8.266174
khanhha_noisy2::Rissbilder_for_Florian_9S6A2843_734_2194_2503_2654.jpg,degraded,khanhha,-0.1214062795349231,6.6436505,8.257462,8.260272
khanhha_noisy2::Rissbilder_for_Florian_9S6A2843_81_439_3537_3036.jpg,degraded,khanhha,-0.506779523542887,6.434544,7.965094,8.470613
khanhha_noisy2::Rissbilder_for_Florian_9S6A2844_0_0_3840_5760.jpg,neutral,khanhha,0.0,6.2484937,8.193966,8.196665
khanhha_noisy2::Rissbilder_for_Florian_9S6A2844_443_437_3072_2992.jpg,neutral,khanhha,-0.0002457287497252,5.532789,7.858921,8.882637
khanhha_noisy2::Rissbilder_for_Florian_9S6A2844_736_848_3078_2427.jpg,degraded,khanhha,-0.0326720419761699,5.6074743,7.914537,8.801228
khanhha_noisy2::Rissbilder_for_Florian_9S6A2845_0_0_5760_3840.jpg,degraded,khanhha,-0.2120430107526881,5.4902697,7.8406143,8.937829
khanhha_noisy2::Rissbilder_for_Florian_9S6A2845_1333_32_4399_3805.jpg,improved,khanhha,0.0209709975036896,5.5059385,7.8648405,8.904067
khanhha_noisy2::Rissbilder_for_Florian_9S6A2845_1480_64_3182_3685.jpg,improved,khanhha,0.0357159825458546,5.4765954,7.8729343,8.919652
khanhha_noisy2::Rissbilder_for_Florian_9S6A2845_1641_474_2958_3084.jpg,improved,khanhha,0.0433904092773208,5.483936,7.854732,8.911195
khanhha_noisy2::Rissbilder_for_Florian_9S6A2845_2026_3_2804_3214.jpg,improved,khanhha,0.0578990756950887,5.5685134,7.8906918,8.822262
khanhha_noisy2::Rissbilder_for_Florian_9S6A2845_2181_159_3010_3511.jpg,neutral,khanhha,-0.005770043563346,5.4788156,7.8777485,8.914601
khanhha_noisy2::Rissbilder_for_Florian_9S6A2845_628_184_3360_3293.jpg,degraded,khanhha,-0.017263236764244,5.4325457,7.892015,8.925876
khanhha_noisy2::Rissbilder_for_Florian_9S6A2846_230_168_2768_2605.jpg,neutral,khanhha,0.0,5.5909333,7.8105884,8.537229
khanhha_noisy2::Rissbilder_for_Florian_9S6A2846_268_1498_2452_2689.jpg,improved,khanhha,0.0387201726552566,5.3979955,7.8482385,9.000479
khanhha_noisy2::Rissbilder_for_Florian_9S6A2846_330_640_3250_2553.jpg,improved,khanhha,0.0815465382859478,5.402478,7.831062,8.975787
khanhha_noisy2::Rissbilder_for_Florian_9S6A2846_392_1024_2627_3077.jpg,degraded,khanhha,-0.3999809551427929,5.448346,7.8535748,8.904632
khanhha_noisy2::Rissbilder_for_Florian_9S6A2846_64_1600_3177_3483.jpg,degraded,khanhha,-0.3242870918859347,5.4171095,7.81562,8.860508
khanhha_noisy2::Rissbilder_for_Florian_9S6A2847_112_411_3688_4096.jpg,neutral,khanhha,0.0,5.871046,8.102374,7.8369594
khanhha_noisy2::Rissbilder_for_Florian_9S6A2847_422_1541_2737_2708.jpg,neutral,khanhha,0.0,5.87501,8.097543,7.800467
khanhha_noisy2::Rissbilder_for_Florian_9S6A2847_57_1886_3694_3848.jpg,neutral,khanhha,0.0,5.909384,8.152267,7.8331366
khanhha_noisy2::Rissbilder_for_Florian_9S6A2848_105_342_3183_3261.jpg,neutral,khanhha,0.0096821171353787,5.3874574,7.819274,9.160811
khanhha_noisy2::Rissbilder_for_Florian_9S6A2848_1214_523_4329_3293.jpg,neutral,khanhha,-0.0010387933883015,5.4792905,7.8337245,8.968901
khanhha_noisy2::Rissbilder_for_Florian_9S6A2849_1010_1722_2676_2957.jpg,degraded,khanhha,-0.0221613378353039,5.4069567,7.804245,9.086396
khanhha_noisy2::Rissbilder_for_Florian_9S6A2849_239_1191_3521_3188.jpg,degraded,khanhha,-0.0182161981506269,4.326934,8.705815,10.351341
khanhha_noisy2::Rissbilder_for_Florian_9S6A2849_465_1014_2857_3753.jpg,degraded,khanhha,-0.0252234396348546,5.177891,7.9540844,9.333294
khanhha_noisy2::Rissbilder_for_Florian_9S6A2850_1113_51_4606_3781.jpg,neutral,khanhha,0.0,6.6430106,8.509594,8.075569
khanhha_noisy2::Rissbilder_for_Florian_9S6A2850_1408_904_2105_2792.jpg,neutral,khanhha,0.0,6.642751,8.444008,8.082113
khanhha_noisy2::Rissbilder_for_Florian_9S6A2851_1713_30_3619_3365.jpg,degraded,khanhha,-0.1529668316555816,5.7990904,7.8332067,8.715442
khanhha_noisy2::Rissbilder_for_Florian_9S6A2851_1976_734_2746_2491.jpg,degraded,khanhha,-0.0370992493052963,5.7869596,7.848554,8.753012
khanhha_noisy2::Rissbilder_for_Florian_9S6A2851_2413_175_2645_3485.jpg,degraded,khanhha,-0.2117794113816378,5.8243585,7.8396707,8.769514
khanhha_noisy2::Rissbilder_for_Florian_9S6A2851_512_50_2972_2678.jpg,degraded,khanhha,-0.0130357916005194,5.8114815,7.863348,8.83395
khanhha_noisy2::Rissbilder_for_Florian_9S6A2852_1108_175_3570_3421.jpg,neutral,khanhha,-0.0023970258420772,5.9636006,7.846491,8.679122
khanhha_noisy2::Rissbilder_for_Florian_9S6A2852_356_540_3667_2981.jpg,neutral,khanhha,0.0018405310116683,5.9089437,7.816731,8.770439
khanhha_noisy2::Rissbilder_for_Florian_9S6A2853_1127_1463_2379_2376.jpg,degraded,khanhha,-0.0137988040882957,5.8179994,7.8578415,8.776187
khanhha_noisy2::Rissbilder_for_Florian_9S6A2853_826_286_2004_2464.jpg,degraded,khanhha,-0.0602010033358916,5.954636,7.9368405,8.626134
khanhha_noisy2::Rissbilder_for_Florian_9S6A2854_162_1195_3169_2569.jpg,neutral,khanhha,-0.0013270796288251,5.787065,7.658891,9.3043785
khanhha_noisy2::Rissbilder_for_Florian_9S6A2856_1840_62_3055_3769.jpg,neutral,khanhha,0.0002458512075822,6.1361203,7.9705873,9.139004
khanhha_noisy2::Rissbilder_for_Florian_9S6A2856_2611_839_1919_2466.jpg,degraded,khanhha,-0.0135891348162311,5.847898,7.8118453,8.873359
khanhha_noisy2::Rissbilder_for_Florian_9S6A2856_3030_1197_2337_2140.jpg,improved,khanhha,0.018983302652525,5.713946,7.7265415,9.189512
khanhha_noisy2::Rissbilder_for_Florian_9S6A2856_3095_641_2548_2416.jpg,degraded,khanhha,-0.0132116309240584,5.743433,7.7315936,9.150652
khanhha_noisy2::Rissbilder_for_Florian_9S6A2857_1203_1130_2423_3169.jpg,degraded,khanhha,-0.5261312406077809,5.776305,7.934738,8.765868
khanhha_noisy2::Rissbilder_for_Florian_9S6A2857_148_211_2303_2832.jpg,neutral,khanhha,0.0033675254793374,5.8606396,7.9023695,8.7147
khanhha_noisy2::Rissbilder_for_Florian_9S6A2857_159_2331_3518_2794.jpg,degraded,khanhha,-0.0551779226572533,5.670132,7.8013787,8.994908
khanhha_noisy2::Rissbilder_for_Florian_9S6A2857_585_241_3220_4175.jpg,degraded,khanhha,-0.4166259168704156,5.7276516,7.914097,8.804219
khanhha_noisy2::Rissbilder_for_Florian_9S6A2857_807_939_2369_1886.jpg,neutral,khanhha,0.0,6.093137,8.057551,8.3868065
khanhha_noisy2::Rissbilder_for_Florian_9S6A2857_89_2266_3467_3213.jpg,degraded,khanhha,-0.4074148074148074,5.7767954,7.890836,9.011961
khanhha_noisy2::Rissbilder_for_Florian_9S6A2858_103_1887_2963_2745.jpg,neutral,khanhha,-0.00616375649144,5.7092733,7.8760276,8.794401
khanhha_noisy2::Rissbilder_for_Florian_9S6A2858_138_1397_3695_4304.jpg,neutral,khanhha,-0.0024667605509511,5.679095,7.868907,8.824958
khanhha_noisy2::Rissbilder_for_Florian_9S6A2858_203_242_3312_2597.jpg,neutral,khanhha,0.0,5.957547,7.960848,8.392018
khanhha_noisy2::Rissbilder_for_Florian_9S6A2858_24_161_2934_2248.jpg,neutral,khanhha,0.0,5.949727,7.958149,8.340075
khanhha_noisy2::Rissbilder_for_Florian_9S6A2858_559_619_3260_3533.jpg,neutral,khanhha,0.0006370175175002,5.6980634,7.871565,8.818883
khanhha_noisy2::Rissbilder_for_Florian_9S6A2858_58_840_3696_4727.jpg,neutral,khanhha,-0.0045479926144773,5.6471834,7.86443,8.841313
khanhha_noisy2::Rissbilder_for_Florian_9S6A2858_74_2277_2849_2285.jpg,degraded,khanhha,-0.0266751289141037,5.651922,7.829179,8.786751
khanhha_noisy2::Rissbilder_for_Florian_9S6A2858_825_486_2361_2715.jpg,neutral,khanhha,0.0062679625867904,5.8298616,7.9410143,8.67419
khanhha_noisy2::Rissbilder_for_Florian_9S6A2859_1580_320_3896_3471.jpg,neutral,khanhha,0.0,6.3585143,8.205185,8.188601
khanhha_noisy2::Rissbilder_for_Florian_9S6A2859_1796_34_3392_3713.jpg,neutral,khanhha,0.0,6.3553443,8.264438,8.14543
khanhha_noisy2::Rissbilder_for_Florian_9S6A2859_2073_725_3430_2687.jpg,degraded,khanhha,-0.3784172661870503,6.316325,8.193299,8.15602
khanhha_noisy2::Rissbilder_for_Florian_9S6A2860_109_355_3609_3381.jpg,degraded,khanhha,-0.0845256326586715,6.26413,8.113651,8.367313
khanhha_noisy2::Rissbilder_for_Florian_9S6A2860_2652_869_3027_2537.jpg,improved,khanhha,0.0108219365645566,5.831598,7.7850327,9.120652
khanhha_noisy2::Rissbilder_for_Florian_9S6A2860_476_406_3989_3027.jpg,neutral,khanhha,-0.004792312766509,6.038479,7.9972973,8.568392
khanhha_noisy2::Rissbilder_for_Florian_9S6A2860_707_1403_2200_2149.jpg,neutral,khanhha,0.009521644551282,6.1228967,8.026498,8.54304
khanhha_noisy2::Rissbilder_for_Florian_9S6A2861_1002_825_2601_2341.jpg,neutral,khanhha,0.0028910232322137,5.778183,7.9016457,8.734416
khanhha_noisy2::Rissbilder_for_Florian_9S6A2861_327_851_2964_3474.jpg,neutral,khanhha,-0.0076741301796115,5.6251054,7.8408046,8.892927
khanhha_noisy2::Rissbilder_for_Florian_9S6A2861_716_324_2856_3710.jpg,degraded,khanhha,-0.0736030864690062,5.7352023,7.914862,8.776107
khanhha_noisy2::Rissbilder_for_Florian_9S6A2862_13_1221_3798_4291.jpg,degraded,khanhha,-0.3751990445859872,5.56733,7.9088345,8.802134
khanhha_noisy2::Rissbilder_for_Florian_9S6A2862_16_760_3062_2984.jpg,degraded,khanhha,-0.0185156609764176,5.496111,7.8591833,8.924121
khanhha_noisy2::Rissbilder_for_Florian_9S6A2862_54_2006_3577_3513.jpg,degraded,khanhha,-0.0258331119729409,5.485485,7.8635073,8.881138
khanhha_noisy2::Rissbilder_for_Florian_9S6A2862_550_1911_3038_3042.jpg,degraded,khanhha,-0.1237475565725623,5.4833584,7.8729424,8.878943
khanhha_noisy2::Rissbilder_for_Florian_9S6A2863_312_1094_3025_3361.jpg,degraded,khanhha,-0.4250900452141926,6.1171966,7.931431,8.682157
khanhha_noisy2::Rissbilder_for_Florian_9S6A2863_423_3163_2502_2009.jpg,degraded,khanhha,-0.053299719247654,5.928798,7.82272,8.671465
khanhha_noisy2::Rissbilder_for_Florian_9S6A2864_0_0_3840_5760.jpg,neutral,khanhha,0.0,6.7161636,8.2846775,8.933518
khanhha_noisy2::Rissbilder_for_Florian_9S6A2864_474_1863_3308_2536.jpg,neutral,khanhha,-0.0052657527888628,6.608066,8.067681,9.070714
khanhha_noisy2::Rissbilder_for_Florian_9S6A2864_95_886_3690_4688.jpg,neutral,khanhha,0.0,6.68379,8.179304,9.06555
khanhha_noisy2::Rissbilder_for_Florian_9S6A2865_215_1866_2936_3607.jpg,degraded,khanhha,-0.0620854454393046,7.0360303,7.168708,10.490699
khanhha_noisy2::Rissbilder_for_Florian_9S6A2865_321_3005_2468_2755.jpg,degraded,khanhha,-0.0136633762593026,7.0733976,7.1539974,10.507248
khanhha_noisy2::Rissbilder_for_Florian_9S6A2865_402_376_2830_3345.jpg,degraded,khanhha,-0.0133202479364258,7.042052,7.19548,10.454268
khanhha_noisy2::Rissbilder_for_Florian_9S6A2865_415_206_2924_3039.jpg,neutral,khanhha,0.0070882970382174,7.035756,7.24203,10.393302
khanhha_noisy2::Rissbilder_for_Florian_9S6A2865_48_35_3665_3847.jpg,degraded,khanhha,-0.0105284304825964,7.0473475,7.237303,10.426427
khanhha_noisy2::Rissbilder_for_Florian_9S6A2865_874_516_2613_2236.jpg,neutral,khanhha,0.007740537628698,7.0763226,7.1819987,10.476282
khanhha_noisy2::Rissbilder_for_Florian_9S6A2866_277_585_3310_3706.jpg,degraded,khanhha,-0.4631105957385128,6.39683,7.9037204,8.50828
khanhha_noisy2::Rissbilder_for_Florian_9S6A2866_643_1201_2050_2536.jpg,degraded,khanhha,-0.5296009355357404,6.51129,7.83598,8.412918
khanhha_noisy2::Rissbilder_for_Florian_9S6A2867_114_180_3373_2642.jpg,neutral,khanhha,0.0024943273282677,6.844938,8.274131,8.632252
khanhha_noisy2::Rissbilder_for_Florian_9S6A2867_249_168_3377_3485.jpg,degraded,khanhha,-0.0265290969486536,6.8673935,8.259298,8.57946
khanhha_noisy2::Rissbilder_for_Florian_9S6A2867_26_155_3813_3142.jpg,degraded,khanhha,-0.0314504936751798,6.8393593,8.223728,8.637764
khanhha_noisy2::Rissbilder_for_Florian_9S6A2867_515_377_2926_3568.jpg,degraded,khanhha,-0.2768890577196304,6.8905845,8.321923,8.431686
khanhha_noisy2::Rissbilder_for_Florian_9S6A2867_657_766_2790_3388.jpg,neutral,khanhha,-0.0088330551533732,6.8791084,8.320607,8.414129
khanhha_noisy2::Rissbilder_for_Florian_9S6A2868_169_34_3542_2947.jpg,neutral,khanhha,0.0,6.9467435,8.695789,7.9619308
khanhha_noisy2::Rissbilder_for_Florian_9S6A2868_252_1319_2263_2294.jpg,neutral,khanhha,0.0,6.984393,8.590023,7.9942737
khanhha_noisy2::Rissbilder_for_Florian_9S6A2868_257_950_3108_3346.jpg,neutral,khanhha,0.0,6.930903,8.599146,7.9730935
khanhha_noisy2::Rissbilder_for_Florian_9S6A2868_353_804_2737_3193.jpg,neutral,khanhha,0.0,6.9344916,8.674618,7.9909635
khanhha_noisy2::Rissbilder_for_Florian_9S6A2868_867_2101_2821_2989.jpg,neutral,khanhha,-0.0024304617877396,6.941239,8.54466,7.999071
khanhha_noisy2::Rissbilder_for_Florian_9S6A2869_107_1230_3580_4395.jpg,degraded,khanhha,-0.2361933881138926,6.8849154,8.358274,8.325403
khanhha_noisy2::Rissbilder_for_Florian_9S6A2869_1234_372_2013_2272.jpg,neutral,khanhha,0.0,7.058336,8.612751,8.265684
khanhha_noisy2::Rissbilder_for_Florian_9S6A2869_171_1902_3454_3763.jpg,degraded,khanhha,-0.0227365841155902,6.873608,8.253844,8.33385
khanhha_noisy2::Rissbilder_for_Florian_9S6A2869_37_1430_3692_3865.jpg,degraded,khanhha,-0.3451580482165588,6.902233,8.310169,8.403091
khanhha_noisy2::Rissbilder_for_Florian_9S6A2869_6_538_3621_3662.jpg,degraded,khanhha,-0.3021122846025569,6.8964105,8.320063,8.4089365
khanhha_noisy2::Rissbilder_for_Florian_9S6A2869_855_1425_2447_2662.jpg,degraded,khanhha,-0.2600721596996684,6.895464,8.304983,8.429895
khanhha_noisy2::Rissbilder_for_Florian_9S6A2869_878_3059_2683_2082.jpg,neutral,khanhha,0.0,7.107438,8.627105,8.182624
khanhha_noisy2::Rissbilder_for_Florian_9S6A2870_121_518_3261_3345.jpg,degraded,khanhha,-0.4907688068338385,6.8753715,8.416158,8.112807
khanhha_noisy2::Rissbilder_for_Florian_9S6A2870_504_1261_2761_3438.jpg,neutral,khanhha,0.0,7.2203636,8.2056055,8.037739
khanhha_noisy2::Rissbilder_for_Florian_9S6A2873_0_0_5760_3840.jpg,neutral,khanhha,0.0046426422244376,5.0096307,8.500951,8.358086
khanhha_noisy2::Rissbilder_for_Florian_9S6A2873_244_84_4072_3620.jpg,neutral,khanhha,0.000111610367508,5.0244436,8.491688,8.354931
khanhha_noisy2::Rissbilder_for_Florian_9S6A2873_904_515_2792_2550.jpg,improved,khanhha,0.0334849590666415,5.005381,8.474761,8.370732
khanhha_noisy2::Rissbilder_for_Florian_9S6A2873_905_438_3442_2738.jpg,neutral,khanhha,0.0028281847127098,5.0195837,8.440747,8.391835
khanhha_noisy2::Rissbilder_for_Florian_9S6A2873_930_236_3379_3204.jpg,neutral,khanhha,-0.0071006997625768,5.0149198,8.4652195,8.3887205
khanhha_noisy2::Rissbilder_for_Florian_9S6A2874_251_526_2458_2696.jpg,neutral,khanhha,0.0051542451442547,4.9967237,8.43434,8.3747
khanhha_noisy2::Rissbilder_for_Florian_9S6A2875_169_1864_3516_3562.jpg,neutral,khanhha,0.0063420907495098,4.959259,8.496614,8.335956
khanhha_noisy2::Rissbilder_for_Florian_9S6A2875_228_47_2676_2777.jpg,neutral,khanhha,-0.0020162887118571,4.9871974,8.303546,8.374905
khanhha_noisy2::Rissbilder_for_Florian_9S6A2875_36_523_3631_3027.jpg,neutral,khanhha,0.0010499149753741,4.9613633,8.396253,8.355095
khanhha_noisy2::Rissbilder_for_Florian_9S6A2875_97_864_3672_4225.jpg,neutral,khanhha,0.0069549412474294,4.9720984,8.329514,8.384567
khanhha_noisy2::Rissbilder_for_Florian_9S6A2876_169_722_2977_3880.jpg,degraded,khanhha,-0.0947618814101834,6.067554,7.913509,9.281706
khanhha_noisy2::Rissbilder_for_Florian_9S6A2876_79_1349_3734_3387.jpg,degraded,khanhha,-0.0343182675214135,6.043457,7.9941688,9.174714
khanhha_noisy2::Rissbilder_for_Florian_9S6A2876_800_744_2945_3705.jpg,degraded,khanhha,-0.0276714553067229,6.049204,7.991025,9.181415
khanhha_noisy2::Rissbilder_for_Florian_9S6A2877_304_1360_2589_2329.jpg,neutral,khanhha,-0.0077016966119899,6.1760554,7.9956164,9.232366
khanhha_noisy2::Rissbilder_for_Florian_9S6A2877_417_140_3357_4443.jpg,degraded,khanhha,-0.0173246149886034,5.989291,8.119269,9.041628
khanhha_noisy2::Rissbilder_for_Florian_9S6A2877_472_1716_2206_2901.jpg,degraded,khanhha,-0.015544739369305,6.053494,8.058505,9.121397
khanhha_noisy2::Rissbilder_for_Florian_9S6A2878_186_801_3630_3688.jpg,degraded,khanhha,-0.0679417001686915,6.2519135,8.033836,9.217769
khanhha_noisy2::Rissbilder_for_Florian_9S6A2878_287_270_3223_3935.jpg,degraded,khanhha,-0.0156826271656457,6.1780286,7.9968805,9.231353
khanhha_noisy2::Rissbilder_for_Florian_9S6A2878_29_861_3713_4568.jpg,degraded,khanhha,-0.0517275107495937,6.1019306,8.082156,9.088367
khanhha_noisy2::Rissbilder_for_Florian_9S6A2878_373_2066_2452_3245.jpg,degraded,khanhha,-0.0770071631878113,6.1070538,8.0311165,9.172156
khanhha_noisy2::Rissbilder_for_Florian_9S6A2878_67_878_2624_2752.jpg,degraded,khanhha,-0.0874443735692371,6.266163,7.9978056,9.277129
khanhha_noisy2::Rissbilder_for_Florian_9S6A2878_861_28_2800_2885.jpg,degraded,khanhha,-0.0561420194692234,6.3083386,7.997434,9.305721
khanhha_noisy2::Rissbilder_for_Florian_9S6A2879_0_0_5760_3840.jpg,neutral,khanhha,0.000696668725765,4.9504704,8.401628,8.353669
khanhha_noisy2::Rissbilder_for_Florian_9S6A2879_1312_923_2418_2909.jpg,improved,khanhha,0.0487553625300148,5.2265716,8.65435,8.239121
khanhha_noisy2::Rissbilder_for_Florian_9S6A2879_1320_542_3826_3214.jpg,neutral,khanhha,0.0082272176347391,5.036168,8.3496685,8.396706
khanhha_noisy2::Rissbilder_for_Florian_9S6A2880_1244_1022_2375_2527.jpg,neutral,khanhha,0.0078798626963247,5.979647,8.067369,9.146575
khanhha_noisy2::Rissbilder_for_Florian_9S6A2880_131_2019_3358_3435.jpg,improved,khanhha,0.011966543414986,5.8365602,8.122332,9.019724
khanhha_noisy2::Rissbilder_for_Florian_9S6A2880_1_709_3836_3003.jpg,neutral,khanhha,0.0028809466234894,5.952267,8.042456,9.107605
khanhha_noisy2::Rissbilder_for_Florian_9S6A2880_277_388_3305_4321.jpg,neutral,khanhha,0.0009586064394367,5.8737235,8.099029,9.089422
khanhha_noisy2::Rissbilder_for_Florian_9S6A2881_0_0_3840_5760.jpg,improved,khanhha,0.0267572343816875,5.044045,8.475082,8.369773
khanhha_noisy2::Rissbilder_for_Florian_9S6A2881_1046_39_2575_3270.jpg,neutral,khanhha,0.00083557955323,5.040773,8.463631,8.373648
khanhha_noisy2::Rissbilder_for_Florian_9S6A2881_277_1792_3424_2971.jpg,improved,khanhha,0.0428048587286166,4.8830266,8.53107,8.331396
khanhha_noisy2::Rissbilder_for_Florian_9S6A2881_77_297_3144_3819.jpg,neutral,khanhha,0.0011768835790296,4.8798313,8.517326,8.31404
khanhha_noisy2::Rissbilder_for_Florian_9S6A2882_346_490_2497_1975.jpg,neutral,khanhha,0.0069630550843871,4.9044013,8.588275,8.315108
khanhha_noisy2::Rissbilder_for_Florian_9S6A2882_458_1944_3282_2844.jpg,neutral,khanhha,0.0028700419219607,4.840989,8.614267,8.296518
khanhha_noisy2::Rissbilder_for_Florian_9S6A2883_0_0_3840_5760.jpg,degraded,khanhha,-0.0341689218060105,5.161889,8.525713,8.345567
khanhha_noisy2::Rissbilder_for_Florian_9S6A2883_290_1780_2688_2984.jpg,improved,khanhha,0.0401882270638274,4.927309,8.287961,8.399117
khanhha_noisy2::Rissbilder_for_Florian_9S6A2884_103_1141_3407_4451.jpg,improved,khanhha,0.0230776649008547,4.8489122,8.615442,8.265276
khanhha_noisy2::Rissbilder_for_Florian_9S6A2884_158_1281_3498_4054.jpg,neutral,khanhha,-0.0073706421961936,4.8696227,8.650452,8.258557
khanhha_noisy2::Rissbilder_for_Florian_9S6A2884_197_1323_3592_3665.jpg,improved,khanhha,0.2255187417304499,4.906265,8.7047415,8.234388
khanhha_noisy2::Rissbilder_for_Florian_9S6A2884_19_1803_3537_2796.jpg,improved,khanhha,0.4028525296017223,4.899694,8.698521,8.248491
khanhha_noisy2::Rissbilder_for_Florian_9S6A2885_167_1375_2073_2363.jpg,improved,khanhha,0.0274714929508369,4.9225907,8.718855,8.233688
khanhha_noisy2::Rissbilder_for_Florian_9S6A2885_67_973_3621_3313.jpg,improved,khanhha,0.4626063591580833,4.980071,8.770004,8.197523
khanhha_noisy2::Rissbilder_for_Florian_9S6A2885_82_1409_2816_3479.jpg,improved,khanhha,0.0149049126083812,4.965327,8.683135,8.289244
khanhha_noisy2::Rissbilder_for_Florian_9S6A2886_106_479_3642_4594.jpg,improved,khanhha,0.2866958151155527,5.241535,8.726192,8.2149105
khanhha_noisy2::Rissbilder_for_Florian_9S6A2886_110_1312_3454_3075.jpg,improved,khanhha,0.0420801948835273,5.2394047,8.686346,8.255906
khanhha_noisy2::Rissbilder_for_Florian_9S6A2886_12_1171_3583_2973.jpg,improved,khanhha,0.4474149589098096,5.2616005,8.710687,8.225642
khanhha_noisy2::Rissbilder_for_Florian_9S6A2886_273_2665_2929_2302.jpg,improved,khanhha,0.0653117755901774,5.2377005,8.699073,8.235207
khanhha_noisy2::Rissbilder_for_Florian_9S6A2886_695_71_2627_3457.jpg,improved,khanhha,0.5077772202709483,5.256222,8.761377,8.187233
khanhha_noisy2::Rissbilder_for_Florian_9S6A2886_984_32_2437_2598.jpg,neutral,khanhha,0.0,5.0029078,8.817805,8.159507
khanhha_noisy2::Rissbilder_for_Florian_9S6A2887_452_483_3013_2564.jpg,degraded,khanhha,-0.0266477494914708,6.1421676,8.246126,8.60458
khanhha_noisy2::Rissbilder_for_Florian_9S6A2887_749_2501_3000_2991.jpg,improved,khanhha,0.0117396089835642,5.900833,8.481615,8.449706
khanhha_noisy2::Rissbilder_for_Florian_9S6A2888_133_918_3617_3712.jpg,neutral,khanhha,0.0091198640540746,5.223794,8.694095,8.247076
khanhha_noisy2::Rissbilder_for_Florian_9S6A2889_470_1014_3063_3785.jpg,degraded,khanhha,-0.2318332150965226,4.355498,8.279784,9.878342
khanhha_noisy2::Rissbilder_for_Florian_9S6A2889_671_2114_2686_3238.jpg,degraded,khanhha,-0.2150848971832241,4.3137255,8.307543,9.90948
khanhha_noisy2::Rissbilder_for_Florian_9S6A2890_0_0_3840_5760.jpg,improved,khanhha,0.0243760433688247,4.3257093,8.365871,9.977902
khanhha_noisy2::Rissbilder_for_Florian_9S6A2890_1213_1864_1830_2425.jpg,degraded,khanhha,-0.0625448358081425,4.5875034,8.06827,9.664912
khanhha_noisy2::Rissbilder_for_Florian_9S6A2892_103_890_2526_2526.jpg,neutral,khanhha,0.0,5.7551985,8.89467,7.88683
khanhha_noisy2::Rissbilder_for_Florian_9S6A2892_1086_390_3050_2813.jpg,neutral,khanhha,0.0,5.5082417,8.858562,8.006083
khanhha_noisy2::Rissbilder_for_Florian_9S6A2892_1754_604_2639_2889.jpg,neutral,khanhha,0.0,5.8024545,8.92115,7.8501935
khanhha_noisy2::Rissbilder_for_Florian_9S6A2893_46_3035_3311_2720.jpg,degraded,khanhha,-0.2131724783597395,6.827624,9.042858,8.519289
khanhha_noisy2::Rissbilder_for_Florian_9S6A2893_986_2947_2387_2036.jpg,neutral,khanhha,0.0,6.9456825,9.019497,8.476434
khanhha_noisy2::Rissbilder_for_Florian_9S6A2894_2035_188_3164_3103.jpg,neutral,khanhha,0.0,5.1609125,8.799866,8.153021
khanhha_noisy2::Rissbilder_for_Florian_9S6A2894_2274_588_3314_3190.jpg,neutral,khanhha,0.0,5.3468075,8.842424,8.088342
khanhha_noisy2::Rissbilder_for_Florian_9S6A2895_46_163_3635_3331.jpg,neutral,khanhha,0.0018675530446233,4.929568,8.747682,8.208527
khanhha_noisy2::Rissbilder_for_Florian_9S6A2896_0_0_3840_5760.jpg,neutral,khanhha,0.0,5.2416124,8.718441,8.219446
khanhha_noisy2::Rissbilder_for_Florian_9S6A2896_1287_1184_2528_1916.jpg,neutral,khanhha,0.0,5.452619,8.673595,8.20011
khanhha_noisy2::Rissbilder_for_Florian_9S6A2896_1446_730_2288_2912.jpg,improved,khanhha,0.3779180434202361,5.3198357,8.65077,8.249638
khanhha_noisy2::Rissbilder_for_Florian_9S6A2896_28_1443_3701_3540.jpg,neutral,khanhha,0.0,5.302004,8.766269,8.172837
khanhha_noisy2::Rissbilder_for_Florian_9S6A2896_616_2037_3008_3401.jpg,neutral,khanhha,0.0,5.2632337,8.7496605,8.191182
khanhha_noisy2::Rissbilder_for_Florian_9S6A2896_788_3134_2243_2150.jpg,improved,khanhha,0.5035230352303524,5.1019583,8.7409525,8.218154
khanhha_noisy2::Rissbilder_for_Florian_9S6A2897_1309_1879_2158_2129.jpg,improved,khanhha,0.0118664998246995,4.9001584,8.637527,8.2673235
khanhha_noisy2::Rissbilder_for_Florian_9S6A2897_161_1181_3216_3670.jpg,neutral,khanhha,0.0068602353970762,4.8574758,8.613199,8.272024
khanhha_noisy2::Rissbilder_for_Florian_9S6A2897_480_85_2898_3545.jpg,neutral,khanhha,0.0072315345707514,4.863385,8.651799,8.262688
khanhha_noisy2::Rissbilder_for_Florian_9S6A2897_575_1892_2708_3567.jpg,neutral,khanhha,0.0069897576607649,4.8982124,8.592798,8.288819
khanhha_noisy2::Rissbilder_for_Florian_9S6A2897_9_818_3756_3081.jpg,improved,khanhha,0.4751546601495487,4.947341,8.7430105,8.208058
khanhha_noisy2::Rissbilder_for_Florian_9S6A2900_113_3085_3124_2494.jpg,neutral,khanhha,-0.0018972907732254,4.9390736,8.351607,8.37792
khanhha_noisy2::Rissbilder_for_Florian_9S6A2900_163_3290_2437_2240.jpg,degraded,khanhha,-0.0495528668272153,4.9820256,8.317911,8.42206
khanhha_noisy2::Rissbilder_for_Florian_9S6A2900_197_1041_3309_3760.jpg,neutral,khanhha,0.0019800001469749,4.886145,8.317133,8.349978
khanhha_noisy2::Rissbilder_for_Florian_9S6A2901_0_0_3840_5760.jpg,degraded,khanhha,-0.1420843956362306,6.594819,7.9831305,8.619096
khanhha_noisy2::Rissbilder_for_Florian_9S6A2901_55_3400_2984_2240.jpg,degraded,khanhha,-0.3605974395448079,6.632044,7.9280643,8.725511
khanhha_noisy2::Rissbilder_for_Florian_9S6A2901_67_161_3343_3273.jpg,degraded,khanhha,-0.318526170798898,6.491938,8.159268,8.186048
khanhha_noisy2::Rissbilder_for_Florian_9S6A2902_0_0_3840_5760.jpg,neutral,khanhha,-0.002415494318123,5.9383154,7.611622,8.842328
khanhha_noisy2::Rissbilder_for_Florian_9S6A2902_163_2262_3171_3274.jpg,neutral,khanhha,0.0028058079367432,5.7977605,7.5588493,8.825244
khanhha_noisy2::Rissbilder_for_Florian_9S6A2902_192_967_2598_2117.jpg,neutral,khanhha,-0.0023246271882577,5.86813,7.534007,8.659324
khanhha_noisy2::Rissbilder_for_Florian_9S6A2903_385_511_3375_3468.jpg,neutral,khanhha,0.0090667818869607,5.7597346,7.4645243,8.848767
khanhha_noisy2::Rissbilder_for_Florian_9S6A2903_438_739_2998_2746.jpg,neutral,khanhha,0.0035977090094848,5.780495,7.422434,8.847079
khanhha_noisy2::Rissbilder_for_Florian_9S6A2904_447_893_3086_3169.jpg,neutral,khanhha,0.0044889540209901,6.607486,7.4266496,9.057057
khanhha_noisy2::Rissbilder_for_Florian_9S6A2904_78_719_3211_3093.jpg,neutral,khanhha,-0.0072173306033161,6.5682225,7.539003,9.000312
khanhha_noisy2::Rissbilder_for_Florian_9S6A2904_86_208_2615_2808.jpg,neutral,khanhha,0.0,7.040463,8.327355,8.519955
khanhha_noisy2::Rissbilder_for_Florian_9S6A2905_1082_994_2878_2819.jpg,degraded,khanhha,-0.3352909770421783,6.5463715,7.796886,8.636251
khanhha_noisy2::Rissbilder_for_Florian_9S6A2905_153_412_3269_2899.jpg,degraded,khanhha,-0.3597592883307169,6.629825,7.9919,8.603744
khanhha_noisy2::Rissbilder_for_Florian_9S6A2905_2363_42_2827_2612.jpg,neutral,khanhha,0.0093843273481121,6.6205597,7.742863,8.808393
khanhha_noisy2::Rissbilder_for_Florian_9S6A2905_795_159_2896_2675.jpg,degraded,khanhha,-0.3250410060142154,6.722857,8.039646,8.576827
khanhha_noisy2::Rissbilder_for_Florian_9S6A2905_928_88_4020_3658.jpg,degraded,khanhha,-0.0625942039063877,6.5317974,7.935182,8.653573
khanhha_noisy2::Rissbilder_for_Florian_9S6A2906_0_0_3840_5760.jpg,neutral,khanhha,-0.008559428727389,5.724851,7.606043,8.870294
khanhha_noisy2::Rissbilder_for_Florian_9S6A2906_358_658_3398_3904.jpg,degraded,khanhha,-0.1443912172978773,5.759946,7.6364956,8.820867
khanhha_noisy2::Rissbilder_for_Florian_9S6A2906_52_256_3772_3845.jpg,neutral,khanhha,0.0030381965237374,5.7666445,7.5886765,8.842534
khanhha_noisy2::Rissbilder_for_Florian_9S6A2906_54_350_3631_4518.jpg,neutral,khanhha,-0.0006500921859812,5.7641535,7.6216846,8.837636
khanhha_noisy2::Rissbilder_for_Florian_9S6A2906_67_759_3263_3857.jpg,degraded,khanhha,-0.0565609101932924,5.744194,7.6129413,8.869504
khanhha_noisy2::Rissbilder_for_Florian_9S6A2908_1091_77_2830_3744.jpg,neutral,khanhha,0.0,6.0748696,8.019129,8.441018
khanhha_noisy2::Rissbilder_for_Florian_9S6A2908_1096_896_2445_1861.jpg,neutral,khanhha,-0.0020918523609987,5.7953186,7.6268573,8.7510195
khanhha_noisy2::Rissbilder_for_Florian_9S6A2908_1599_736_3074_2729.jpg,degraded,khanhha,-0.1974451091649192,5.8693624,7.720157,8.666273
khanhha_noisy2::Rissbilder_for_Florian_9S6A2909_191_2009_3191_3109.jpg,degraded,khanhha,-0.016596241582761,5.7492213,8.310098,7.4453893
khanhha_noisy2::Rissbilder_for_Florian_9S6A2909_36_61_3613_3826.jpg,degraded,khanhha,-0.182388672158282,5.764507,8.312752,7.458013
khanhha_noisy2::Rissbilder_for_Florian_9S6A2909_485_850_3106_4081.jpg,degraded,khanhha,-0.3348926014319809,5.812163,8.214841,7.555108
khanhha_noisy2::Rissbilder_for_Florian_9S6A2910_0_0_3840_5760.jpg,degraded,khanhha,-0.0334506504343001,6.1988606,7.6766787,9.455476
khanhha_noisy2::Rissbilder_for_Florian_9S6A2910_113_175_3097_2360.jpg,degraded,khanhha,-0.3488830486202365,6.573685,7.7183876,8.642346
khanhha_noisy2::Rissbilder_for_Florian_9S6A2910_43_1959_3615_3077.jpg,improved,khanhha,0.0231117665431551,6.2215147,7.6357975,9.481257
khanhha_noisy2::Rissbilder_for_Florian_9S6A2910_59_1878_2063_2153.jpg,degraded,khanhha,-0.4548326431062013,6.544202,7.6348267,8.662581
khanhha_noisy2::Rissbilder_for_Florian_9S6A2910_880_2365_2685_2887.jpg,neutral,khanhha,-0.0037242141975911,6.4329295,7.4396715,9.394446
khanhha_noisy2::Rissbilder_for_Florian_9S6A2911_1125_1393_2108_2755.jpg,improved,khanhha,0.0388248692632823,5.3360133,8.655406,8.249237
khanhha_noisy2::Rissbilder_for_Florian_9S6A2911_323_1692_3460_3572.jpg,improved,khanhha,0.0205489266561997,5.160146,8.619176,8.297881
khanhha_noisy2::Rissbilder_for_Florian_9S6A2912_0_0_3840_5760.jpg,neutral,khanhha,0.0,6.7741346,8.169257,8.202179
khanhha_noisy2::Rissbilder_for_Florian_9S6A2912_255_1175_3429_3203.jpg,degraded,khanhha,-0.3934666016577279,6.7578764,7.826639,8.709081
khanhha_noisy2::Rissbilder_for_Florian_9S6A2912_85_369_3711_3429.jpg,degraded,khanhha,-0.3547805171377029,6.755877,7.781259,8.809306
khanhha_noisy2::Rissbilder_for_Florian_9S6A2913_20_297_2640_2502.jpg,neutral,khanhha,0.0,6.7768755,7.632351,8.089916
khanhha_noisy2::Rissbilder_for_Florian_9S6A2913_320_3010_3339_2578.jpg,degraded,khanhha,-0.3182560623193868,6.6878347,7.5650206,8.194975
khanhha_noisy2::Rissbilder_for_Florian_9S6A2913_321_16_3485_4543.jpg,neutral,khanhha,-0.0017914725904693,6.7431602,7.6428447,8.106664
khanhha_noisy2::Rissbilder_for_Florian_9S6A2914_10_816_3799_4560.jpg,neutral,khanhha,0.0,6.739751,8.29751,8.108693
khanhha_noisy2::Rissbilder_for_Florian_9S6A2914_165_203_2511_2307.jpg,degraded,khanhha,-0.1213434452871072,6.7301645,7.695485,8.086367
khanhha_noisy2::Rissbilder_for_Florian_9S6A2914_601_1274_2657_3363.jpg,degraded,khanhha,-0.1432470683380509,6.701149,7.664669,8.203387
khanhha_noisy2::Rissbilder_for_Florian_9S6A2914_61_827_3521_3770.jpg,neutral,khanhha,0.0,6.7175593,7.7213373,8.104879
khanhha_noisy2::Rissbilder_for_Florian_9S6A2914_864_1519_2861_3089.jpg,degraded,khanhha,-0.1546114814446323,6.629885,7.654858,8.235303
khanhha_noisy2::Rissbilder_for_Florian_9S6A2915_1128_2752_2373_2395.jpg,degraded,khanhha,-0.2606189320388349,6.6847944,7.7201285,8.172881
khanhha_noisy2::Rissbilder_for_Florian_9S6A2915_757_2194_2406_2383.jpg,degraded,khanhha,-0.3478207186072354,6.5870194,7.6346474,8.233366
khanhha_noisy2::Rissbilder_for_Florian_9S6A2916_1381_1379_2811_2259.jpg,degraded,khanhha,-0.0452507421617104,6.5404024,7.6947227,8.222854
khanhha_noisy2::Rissbilder_for_Florian_9S6A2916_1475_441_4120_3342.jpg,degraded,khanhha,-0.3368341136277363,6.340756,7.814617,8.393093
khanhha_noisy2::Rissbilder_for_Florian_9S6A2916_2449_405_2485_3276.jpg,degraded,khanhha,-0.4310508474576271,6.446418,7.8448052,8.310801
khanhha_noisy2::Rissbilder_for_Florian_9S6A2916_26_880_2781_2363.jpg,neutral,khanhha,0.0,6.805118,7.700633,8.036832
khanhha_noisy2::Rissbilder_for_Florian_9S6A2916_361_66_3733_3710.jpg,neutral,khanhha,0.0,6.7040925,7.792334,8.023017
khanhha_noisy2::Rissbilder_for_Florian_9S6A2917_0_74_3825_4343.jpg,neutral,khanhha,0.0,6.8937078,7.681677,8.029794
khanhha_noisy2::Rissbilder_for_Florian_9S6A2917_313_1519_3434_4037.jpg,neutral,khanhha,0.0,6.8487644,7.644762,8.0633955
khanhha_noisy2::Rissbilder_for_Florian_9S6A2917_486_1027_3148_3681.jpg,neutral,khanhha,0.0,6.847424,7.670209,8.020411
khanhha_noisy2::Rissbilder_for_Florian_9S6A2917_599_2662_2081_2529.jpg,neutral,khanhha,0.0,6.892127,7.6008654,8.192669
khanhha_noisy2::Rissbilder_for_Florian_9S6A2918_430_1739_2794_3223.jpg,degraded,khanhha,-0.067688679245283,6.105532,7.952185,8.403513
khanhha_noisy2::Rissbilder_for_Florian_9S6A2919_1008_848_2956_2327.jpg,degraded,khanhha,-0.3895013987164719,6.224132,7.955482,8.503933
khanhha_noisy2::Rissbilder_for_Florian_9S6A2919_1139_6_3401_3091.jpg,degraded,khanhha,-0.36457699330493,6.17437,7.979084,8.433841
khanhha_noisy2::Rissbilder_for_Florian_9S6A2919_311_375_3331_2605.jpg,degraded,khanhha,-0.2788140470037268,6.0885625,7.908059,8.528591
khanhha_noisy2::Rissbilder_for_Florian_9S6A2919_910_611_3253_2887.jpg,degraded,khanhha,-0.301401380464338,6.158799,8.019337,8.440969
khanhha_noisy2::Rissbilder_for_Florian_9S6A2923_1668_185_3721_3137.jpg,degraded,khanhha,-0.3801963993453355,6.704704,7.622723,8.152084
khanhha_noisy2::Rissbilder_for_Florian_9S6A2923_49_326_3736_3442.jpg,neutral,khanhha,0.0,6.4727182,8.4437065,7.953814
khanhha_noisy2::Rissbilder_for_Florian_9S6A2923_875_539_3052_2796.jpg,degraded,khanhha,-0.5016151361329027,6.623535,7.565251,8.172814
khanhha_noisy2::Rissbilder_for_Florian_9S6A3085_46_1568_3730_4175.jpg,neutral,khanhha,0.0,4.5273285,8.512455,10.076822
khanhha_noisy2::Rissbilder_for_Florian_9S6A3085_497_692_2640_2077.jpg,improved,khanhha,0.1566285978760129,4.369823,8.491269,10.124007
khanhha_noisy2::Rissbilder_for_Florian_9S6A3085_67_497_3262_3700.jpg,degraded,khanhha,-0.2503378885718576,4.4505577,8.495665,10.099698
khanhha_noisy2::Rissbilder_for_Florian_9S6A3087_146_59_3684_4477.jpg,degraded,khanhha,-0.1795699886646123,6.5782967,7.0520535,10.360674
khanhha_noisy2::Rissbilder_for_Florian_9S6A3088_370_2375_2620_2464.jpg,degraded,khanhha,-0.231959240389069,6.6664257,7.985101,9.4918585
khanhha_noisy2::Rissbilder_for_Florian_9S6A3089_0_0_3840_5760.jpg,degraded,khanhha,-0.1932433673001009,6.663692,7.9347277,9.541109
khanhha_noisy2::Rissbilder_for_Florian_9S6A3089_369_1679_3470_3717.jpg,degraded,khanhha,-0.3881184728642355,6.5866385,7.8268456,9.664404
khanhha_noisy2::Rissbilder_for_Florian_9S6A3090_836_130_3789_3301.jpg,neutral,khanhha,-0.0009731978827951,6.8215175,8.230485,8.902693
khanhha_noisy2::Rissbilder_for_Florian_9S6A3090_960_1737_2204_2039.jpg,neutral,khanhha,0.0,7.0554013,8.666836,8.675583
khanhha_noisy2::Rissbilder_for_Florian_9S6A3091_375_333_2309_2364.jpg,neutral,khanhha,0.0018648621699773,6.586906,7.412883,9.429272
khanhha_noisy2::Rissbilder_for_Florian_9S6A3091_481_1320_3311_3035.jpg,neutral,khanhha,0.0091536682639229,6.652591,7.3827543,9.492937
khanhha_noisy2::Rissbilder_for_Florian_9S6A3092_272_70_2808_2402.jpg,neutral,khanhha,0.0020188827582929,6.3847895,7.72095,9.05657
khanhha_noisy2::Rissbilder_for_Florian_9S6A3092_3399_925_2286_2829.jpg,neutral,khanhha,-0.0016700557909267,6.665519,7.2568626,9.336581
khanhha_noisy2::Rissbilder_for_Florian_9S6A3092_623_215_3689_2974.jpg,neutral,khanhha,-0.0002686529789386,6.5444794,7.464669,9.318397
khanhha_noisy2::Rissbilder_for_Florian_9S6A3093_157_2766_2021_2677.jpg,degraded,khanhha,-0.0301649585503718,6.642367,7.3942776,9.415699
khanhha_noisy2::Rissbilder_for_Florian_9S6A3093_616_1617_3135_4052.jpg,neutral,khanhha,-0.0012922548152755,6.6904907,7.328293,9.454215
khanhha_noisy2::Rissbilder_for_Florian_9S6A3093_895_2172_2481_2123.jpg,degraded,khanhha,-0.0170172492095015,6.658615,7.2859793,9.385471
khanhha_noisy2::Rissbilder_for_Florian_9S6A3094_17_1195_3751_3661.jpg,degraded,khanhha,-0.0292516669234847,6.7045555,7.8536243,9.550741
khanhha_noisy2::Rissbilder_for_Florian_9S6A3094_504_2131_3084_3443.jpg,neutral,khanhha,-0.0029785369735389,6.673306,7.828138,9.635865
khanhha_noisy2::Rissbilder_for_Florian_9S6A3094_596_1754_2681_3046.jpg,degraded,khanhha,-0.0183846962015731,6.687372,7.8275585,9.5580015
khanhha_noisy2::Rissbilder_for_Florian_9S6A3095_418_2347_2757_3271.jpg,degraded,khanhha,-0.0243408985180392,6.590244,7.6582885,9.7318
khanhha_noisy2::Rissbilder_for_Florian_9S6A3095_514_444_3123_3906.jpg,neutral,khanhha,0.0052572572161544,6.6241255,7.757204,9.661046
khanhha_noisy2::Rissbilder_for_Florian_9S6A3095_592_717_2568_2704.jpg,neutral,khanhha,-0.0017537474128397,6.6452518,7.6869354,9.69551
khanhha_noisy2::Rissbilder_for_Florian_9S6A3095_89_2165_3402_3441.jpg,degraded,khanhha,-0.0432483641524535,6.61228,7.746082,9.729425
khanhha_noisy2::Rissbilder_for_Florian_9S6A3096_347_506_3372_3116.jpg,improved,khanhha,0.1005406696185274,4.275425,8.476529,10.128488
khanhha_noisy2::Rissbilder_for_Florian_9S6A3096_515_1896_2914_2761.jpg,improved,khanhha,0.0454032532518468,4.256407,8.508908,10.17803
khanhha_noisy2::Rissbilder_for_Florian_9S6A3096_899_155_2326_2742.jpg,improved,khanhha,0.0125024321014681,4.264751,8.492646,10.143687
khanhha_noisy2::Rissbilder_for_Florian_9S6A3098_1300_3220_2283_2309.jpg,neutral,khanhha,0.0,6.9094357,8.377819,8.872494
khanhha_noisy2::Rissbilder_for_Florian_9S6A3098_64_1239_3474_2730.jpg,neutral,khanhha,0.0,7.4130807,8.866041,8.278834
khanhha_noisy2::Rissbilder_for_Florian_9S6A3098_88_800_3751_4641.jpg,neutral,khanhha,0.0,7.0386624,8.581501,8.805439
khanhha_noisy2::Rissbilder_for_Florian_9S6A3099_120_26_3496_4484.jpg,improved,khanhha,0.0128294905617301,6.599791,7.818186,9.714497
khanhha_noisy2::Rissbilder_for_Florian_9S6A3099_12_492_3822_3921.jpg,neutral,khanhha,0.0054419616088329,6.5565715,7.7172647,9.731888
khanhha_noisy2::Rissbilder_for_Florian_9S6A3099_441_1535_3289_4016.jpg,neutral,khanhha,-0.0088963292874443,6.5050645,7.678977,9.855883
khanhha_noisy2::Rissbilder_for_Florian_9S6A3099_86_2659_2827_2257.jpg,degraded,khanhha,-0.0488572021213216,6.6391726,7.8581967,9.658356
khanhha_noisy2::Rissbilder_for_Florian_9S6A3100_374_2397_2891_2543.jpg,improved,khanhha,0.0269782811482479,6.6440315,7.8527017,9.6603155
khanhha_noisy2::Rissbilder_for_Florian_9S6A3100_62_648_2874_2646.jpg,neutral,khanhha,-0.0027083177958427,6.645521,7.849483,9.607218
khanhha_noisy2::Rissbilder_for_Florian_9S6A3100_765_387_2677_2632.jpg,neutral,khanhha,-0.0074296771039965,6.697806,7.81197,9.581245
khanhha_noisy2::Rissbilder_for_Florian_9S6A3101_1262_2535_2488_2185.jpg,degraded,khanhha,-0.061840964641766,6.7827053,7.596862,9.480396
khanhha_noisy2::Rissbilder_for_Florian_9S6A3101_148_599_2929_2917.jpg,degraded,khanhha,-0.0108475777488979,6.8121657,7.688148,9.499238
khanhha_noisy2::Rissbilder_for_Florian_9S6A3101_487_946_2726_3042.jpg,degraded,khanhha,-0.0182749281108594,6.7846203,7.6410227,9.527947
khanhha_noisy2::Rissbilder_for_Florian_9S6A3102_100_448_3704_4115.jpg,neutral,khanhha,-0.000926754975864,6.556151,7.733443,9.662638
khanhha_noisy2::Rissbilder_for_Florian_9S6A3103_225_1283_3432_3981.jpg,improved,khanhha,0.0951660563989727,6.8073926,8.462722,8.745396
khanhha_noisy2::Rissbilder_for_Florian_9S6A3103_43_936_3780_4403.jpg,degraded,khanhha,-0.2025435972501573,6.791077,8.275327,9.122484
khanhha_noisy2::Rissbilder_for_Florian_9S6A3103_446_1371_3306_4182.jpg,improved,khanhha,0.0687623910204402,6.7915564,8.5567875,8.7011385
khanhha_noisy2::Rissbilder_for_Florian_9S6A3103_513_1787_2538_2641.jpg,neutral,khanhha,-0.001303696554361,6.681847,7.911323,9.201675
khanhha_noisy2::Rissbilder_for_Florian_9S6A3104_1061_1181_3086_2630.jpg,degraded,khanhha,-0.0721514444108616,6.501907,7.7823553,9.588473
khanhha_noisy2::Rissbilder_for_Florian_9S6A3104_151_147_3971_3570.jpg,degraded,khanhha,-0.0167711272051122,6.569636,7.823064,9.51937
khanhha_noisy2::Rissbilder_for_Florian_9S6A3104_783_263_3586_3511.jpg,neutral,khanhha,-0.0030738405311501,6.524703,7.832383,9.487512
khanhha_noisy2::Rissbilder_for_Florian_9S6A3105_186_619_3616_4246.jpg,degraded,khanhha,-0.3753255979161733,6.4574294,7.7267513,9.630379
khanhha_noisy2::Rissbilder_for_Florian_9S6A3105_871_2904_2401_2180.jpg,improved,khanhha,0.0213736372931928,6.3524857,7.647786,9.508109
khanhha_noisy2::Rissbilder_for_Florian_9S6A3105_95_40_3736_3924.jpg,degraded,khanhha,-0.4223107569721115,6.4892817,7.7203207,9.649258
khanhha_noisy2::Rissbilder_for_Florian_9S6A3106_108_1927_3275_2664.jpg,improved,khanhha,0.0175536349463559,6.835186,7.8382936,9.266292
khanhha_noisy2::Rissbilder_for_Florian_9S6A3106_228_1483_2823_2920.jpg,degraded,khanhha,-0.0147573595961917,6.8110294,7.6771755,9.525052
khanhha_noisy2::Rissbilder_for_Florian_9S6A3106_310_2925_3257_2813.jpg,degraded,khanhha,-0.1560509554140127,6.893049,7.9685984,9.155341
khanhha_noisy2::Rissbilder_for_Florian_9S6A3106_333_1784_3162_3278.jpg,degraded,khanhha,-0.4810511262066499,6.827917,7.8287563,9.237095
khanhha_noisy2::Rissbilder_for_Florian_9S6A3106_521_315_3058_2943.jpg,degraded,khanhha,-0.5237911770371797,6.848452,7.740748,9.371245
khanhha_noisy2::Rissbilder_for_Florian_9S6A3106_85_2598_2058_2287.jpg,degraded,khanhha,-0.0775218794913411,6.8476367,7.8292756,9.295049
khanhha_noisy2::Rissbilder_for_Florian_9S6A3106_9_406_3814_4267.jpg,degraded,khanhha,-0.4522995058912961,6.8511915,7.766088,9.328879
khanhha_noisy2::Rissbilder_for_Florian_9S6A3108_130_372_2601_2517.jpg,neutral,khanhha,-0.0048231060233346,4.2356696,8.60267,10.252711
khanhha_noisy2::Rissbilder_for_Florian_9S6A3108_134_412_3328_4228.jpg,degraded,khanhha,-0.3291779371986357,4.3684425,8.512809,10.137033
khanhha_noisy2::Rissbilder_for_Florian_9S6A3108_160_1043_3170_3960.jpg,degraded,khanhha,-0.3550138277168903,4.2750688,8.539853,10.190668
khanhha_noisy2::Rissbilder_for_Florian_9S6A3108_365_3231_2323_2320.jpg,degraded,khanhha,-0.3682296713666315,4.2557416,8.554457,10.211463
khanhha_noisy2::Rissbilder_for_Florian_9S6A3108_43_1162_3415_3672.jpg,degraded,khanhha,-0.3339010218393107,4.2997265,8.536818,10.184039
khanhha_noisy2::Rissbilder_for_Florian_9S6A3108_651_10_2896_3045.jpg,improved,khanhha,0.0893170051740572,4.2291627,8.591092,10.243451
khanhha_noisy2::Rissbilder_for_Florian_9S6A3109_163_622_3006_3321.jpg,improved,khanhha,0.0372616674484053,4.318966,8.4590435,10.094193
khanhha_noisy2::Rissbilder_for_Florian_9S6A3109_440_362_3337_4316.jpg,improved,khanhha,0.0546830800811075,4.261612,8.501103,10.146467
khanhha_noisy2::Rissbilder_for_Florian_9S6A3109_793_2237_2466_2142.jpg,neutral,khanhha,0.0061386279725955,4.3202524,8.446334,10.088474
khanhha_noisy2::Rissbilder_for_Florian_9S6A3110_0_0_3840_5760.jpg,improved,khanhha,0.0654693553305799,4.2206473,8.622386,10.275454
khanhha_noisy2::Rissbilder_for_Florian_9S6A3110_52_945_3558_4432.jpg,improved,khanhha,0.0831750333258361,4.2480283,8.554418,10.204942
khanhha_noisy2::Rissbilder_for_Florian_9S6A3111_42_1509_3500_3908.jpg,improved,khanhha,0.0127490021184981,4.286534,8.51219,10.170891
khanhha_noisy2::Rissbilder_for_Florian_9S6A3111_601_683_2556_3338.jpg,neutral,khanhha,-0.003733105255845,4.3378325,8.448562,10.125068
khanhha_noisy2::Rissbilder_for_Florian_9S6A3112_1296_2688_2055_2721.jpg,improved,khanhha,0.0623379967110827,4.2656107,8.488324,10.138821
khanhha_noisy2::Rissbilder_for_Florian_9S6A3112_1349_1614_2446_2337.jpg,improved,khanhha,0.0342943747529288,4.2893524,8.426689,10.079038
khanhha_noisy2::Rissbilder_for_Florian_9S6A3113_104_526_3717_3372.jpg,degraded,khanhha,-0.3599306157849089,4.2450223,8.56078,10.2140465
khanhha_noisy2::Rissbilder_for_Florian_9S6A3114_1215_3118_2077_2478.jpg,degraded,khanhha,-0.0291867832158085,4.1956444,8.6742325,10.335193
khanhha_noisy2::Rissbilder_for_Florian_9S6A3114_358_1983_3344_3063.jpg,neutral,khanhha,0.0052067712106509,4.2010493,8.568054,10.240347
khanhha_noisy2::Rissbilder_for_Florian_9S6A3114_871_3543_2822_2137.jpg,degraded,khanhha,-0.0697547651474435,4.2199416,8.557832,10.217234
khanhha_noisy2::Rissbilder_for_Florian_9S6A3115_1009_154_4329_3598.jpg,neutral,khanhha,0.0039535547492418,4.311059,8.525079,10.145941
khanhha_noisy2::Rissbilder_for_Florian_9S6A3115_1837_674_2470_3120.jpg,improved,khanhha,0.0433447464700533,4.311828,8.510306,10.136038
khanhha_noisy2::Rissbilder_for_Florian_9S6A3115_1867_748_3166_2919.jpg,improved,khanhha,0.0316758574673406,4.230426,8.575681,10.20912
khanhha_noisy2::Rissbilder_for_Florian_9S6A3116_390_1097_2997_3963.jpg,improved,khanhha,0.0779181521869504,4.3141675,8.444323,10.090246
khanhha_noisy2::Rissbilder_for_Florian_9S6A3116_555_2380_2956_2340.jpg,improved,khanhha,0.0217512618050934,4.3228436,8.444489,10.086492
khanhha_noisy2::Rissbilder_for_Florian_9S6A3117_0_0_3840_5760.jpg,degraded,khanhha,-0.1953445065176908,4.4395304,8.475735,10.078652
khanhha_noisy2::Rissbilder_for_Florian_9S6A3117_155_109_3546_2785.jpg,degraded,khanhha,-0.349393892895504,4.297764,8.530278,10.180219
khanhha_noisy2::Rissbilder_for_Florian_9S6A3117_911_680_2749_2883.jpg,improved,khanhha,0.0331267883922428,4.3305597,8.500292,10.1473465
khanhha_noisy2::Rissbilder_for_Florian_9S6A3118_1132_115_4379_3677.jpg,improved,khanhha,0.0815292324054089,4.208086,8.577463,10.209865
khanhha_noisy2::Rissbilder_for_Florian_9S6A3118_2514_38_2922_3514.jpg,improved,khanhha,0.0611220692350802,4.2312884,8.568153,10.158691
khanhha_noisy2::Rissbilder_for_Florian_9S6A3119_1583_2261_2214_2879.jpg,improved,khanhha,0.0972232613975823,4.326974,8.454321,10.098269
khanhha_noisy2::Rissbilder_for_Florian_9S6A3119_179_1656_3530_3136.jpg,improved,khanhha,0.1433000471374543,4.168425,8.675889,10.322806
khanhha_noisy2::Rissbilder_for_Florian_9S6A3119_520_1811_3242_3051.jpg,improved,khanhha,0.109620380620268,4.2127037,8.588997,10.2305975
khanhha_noisy2::Rissbilder_for_Florian_9S6A3120_14_1099_3666_4059.jpg,degraded,khanhha,-0.3336264509321139,4.4427624,8.419361,10.066911
khanhha_noisy2::Rissbilder_for_Florian_9S6A3120_217_1113_3331_4192.jpg,degraded,khanhha,-0.3054770134133596,4.380884,8.4569645,10.103694
khanhha_noisy2::Rissbilder_for_Florian_9S6A3120_236_1671_2928_2310.jpg,improved,khanhha,0.0695234378213086,4.3960676,8.456342,10.108751
khanhha_noisy2::Rissbilder_for_Florian_9S6A3120_875_1120_2089_2571.jpg,improved,khanhha,0.0394328774753324,4.3651404,8.435943,10.087261
khanhha_noisy2::Rissbilder_for_Florian_9S6A3121_1095_2665_2007_2602.jpg,degraded,khanhha,-0.0409039091216817,4.5226407,8.4006195,10.054295
khanhha_noisy2::Rissbilder_for_Florian_9S6A3121_224_1466_3238_3220.jpg,neutral,khanhha,-0.0098173430195607,4.472678,8.3870945,10.041195
khanhha_noisy2::Rissbilder_for_Florian_9S6A3121_408_826_2841_3663.jpg,degraded,khanhha,-0.0219235316203102,4.572619,8.391537,10.034325
khanhha_noisy2::Rissbilder_for_Florian_9S6A3122_155_390_2741_3264.jpg,degraded,khanhha,-0.026229860638813,4.3091855,8.543916,10.176689
khanhha_noisy2::Rissbilder_for_Florian_9S6A3122_463_1629_3085_3858.jpg,degraded,khanhha,-0.19182806674821,4.28586,8.543646,10.182273
khanhha_noisy2::Rissbilder_for_Florian_9S6A3123_240_2905_2709_2486.jpg,degraded,khanhha,-0.2019994416006175,4.262892,8.610546,10.261181
khanhha_noisy2::Rissbilder_for_Florian_9S6A3123_372_1209_3339_4319.jpg,neutral,khanhha,0.0,4.455513,8.48847,10.116541
khanhha_noisy2::Rissbilder_for_Florian_9S6A3124_1300_898_2343_2899.jpg,improved,khanhha,0.1187385182298889,4.182101,8.59731,10.238009
khanhha_noisy2::Rissbilder_for_Florian_9S6A3124_465_2434_3240_3146.jpg,improved,khanhha,0.1039508644491945,4.2429686,8.565708,10.215243
khanhha_noisy2::Rissbilder_for_Florian_9S6A3126_162_642_3629_3769.jpg,degraded,khanhha,-0.0899718861461368,4.639744,8.388268,10.070492
khanhha_noisy2::Rissbilder_for_Florian_9S6A3126_206_1216_3376_3686.jpg,degraded,khanhha,-0.2750285605433581,4.6949663,8.377389,10.06933
khanhha_noisy2::Rissbilder_for_Florian_9S6A3126_264_1533_3180_4043.jpg,degraded,khanhha,-0.1141949591999338,4.7395363,8.332865,10.034825
khanhha_noisy2::Rissbilder_for_Florian_9S6A3126_429_167_3310_4297.jpg,degraded,khanhha,-0.0593133793358465,4.622871,8.391978,10.066004
khanhha_noisy2::Rissbilder_for_Florian_9S6A3127_114_2737_3530_2753.jpg,degraded,khanhha,-0.2735205500821162,4.262981,8.491805,10.202083
khanhha_noisy2::Rissbilder_for_Florian_9S6A3127_54_1984_3083_3305.jpg,improved,khanhha,0.0346015610693769,4.259297,8.479889,10.202691
khanhha_noisy2::Rissbilder_for_Florian_9S6A3127_595_2880_2296_2633.jpg,improved,khanhha,0.0681235808962413,4.2348604,8.570609,10.223722
khanhha_noisy2::Rissbilder_for_Florian_9S6A3127_653_1639_2788_3252.jpg,improved,khanhha,0.0673462313053993,4.263167,8.534466,10.221122
khanhha_noisy2::Rissbilder_for_Florian_9S6A3127_89_657_3259_3858.jpg,improved,khanhha,0.1150424249122031,4.244355,8.515953,10.196037
khanhha_noisy2::Rissbilder_for_Florian_9S6A3127_9_1051_3792_3003.jpg,degraded,khanhha,-0.2642047911441667,4.2460384,8.51455,10.204818
khanhha_noisy2::Rissbilder_for_Florian_9S6A3128_304_338_2449_2867.jpg,degraded,khanhha,-0.1114928750886365,4.244601,8.586426,10.238512
khanhha_noisy2::Rissbilder_for_Florian_9S6A3128_580_813_2343_2413.jpg,degraded,khanhha,-0.14755403885443,4.235726,8.574119,10.234877
khanhha_noisy2::Rissbilder_for_Florian_9S6A3128_7_578_2768_3056.jpg,degraded,khanhha,-0.1603201789343739,4.222365,8.552918,10.230194
khanhha_noisy2::Rissbilder_for_Florian_9S6A3129_141_412_2185_2751.jpg,neutral,khanhha,-0.0028160297381791,4.3281007,8.467676,10.112141
khanhha_noisy2::Rissbilder_for_Florian_9S6A3129_78_688_3494_3199.jpg,neutral,khanhha,-0.0034616199340889,4.30974,8.445287,10.094615
khanhha_noisy2::Rissbilder_for_Florian_9S6A3129_882_707_2680_2479.jpg,improved,khanhha,0.0164317829693225,4.283197,8.463743,10.119187
khanhha_noisy2::Rissbilder_for_Florian_9S6A3130_190_1907_3510_2920.jpg,improved,khanhha,0.0711096616659322,4.205197,8.806311,10.47038
khanhha_noisy2::Rissbilder_for_Florian_9S6A3130_24_518_3753_4265.jpg,improved,khanhha,0.0497471569875324,4.2117867,8.685003,10.33989
khanhha_noisy2::Rissbilder_for_Florian_9S6A3130_35_1947_3497_3753.jpg,improved,khanhha,0.049107854218006,4.202992,8.788854,10.450047
khanhha_noisy2::Rissbilder_for_Florian_9S6A3130_485_279_2724_2520.jpg,improved,khanhha,0.0158255766693686,4.4084096,8.438956,10.075874
khanhha_noisy2::Rissbilder_for_Florian_9S6A3130_741_2592_3069_3082.jpg,improved,khanhha,0.1655016429323356,4.231116,8.828238,10.49312
khanhha_noisy2::Rissbilder_for_Florian_9S6A3131_308_1998_2814_2860.jpg,improved,khanhha,0.0149197864243374,4.2907243,8.497919,10.151235
khanhha_noisy2::Rissbilder_for_Florian_9S6A3131_389_1670_3375_3959.jpg,improved,khanhha,0.0105778515140281,4.292063,8.493725,10.143745
khanhha_noisy2::Rissbilder_for_Florian_9S6A3131_542_1698_3243_3761.jpg,improved,khanhha,0.0308313572531291,4.2793636,8.518458,10.174432
khanhha_noisy2::Rissbilder_for_Florian_9S6A3132_2349_1232_2560_2243.jpg,improved,khanhha,0.0529185473901088,4.487138,8.483876,10.112895
khanhha_noisy2::Rissbilder_for_Florian_9S6A3132_2998_275_2346_3000.jpg,neutral,khanhha,0.0,4.4811096,8.482802,10.103918
khanhha_noisy2::Rissbilder_for_Florian_9S6A3133_207_186_4184_3281.jpg,improved,khanhha,0.0993598639708862,4.186966,8.584932,10.223494
khanhha_noisy2::Rissbilder_for_Florian_9S6A3134_140_2003_2431_2080.jpg,degraded,khanhha,-0.0671308519256841,4.2977304,8.559498,10.161146
khanhha_noisy2::Rissbilder_for_Florian_9S6A3134_417_310_2997_3294.jpg,degraded,khanhha,-0.211864406779661,4.4640865,8.484064,10.090641
khanhha_noisy2::Rissbilder_for_Florian_9S6A3134_422_2625_3386_2683.jpg,neutral,khanhha,0.0,4.309649,8.537926,10.163881
khanhha_noisy2::Rissbilder_for_Florian_9S6A3134_750_425_1978_2414.jpg,degraded,khanhha,-0.2233106013639181,4.438638,8.485881,10.099049
khanhha_noisy2::Rissbilder_for_Florian_9S6A3134_76_855_3718_4555.jpg,neutral,khanhha,0.0,4.3935313,8.528347,10.129935
khanhha_noisy2::Rissbilder_for_Florian_9S6A3135_339_1311_2661_3168.jpg,improved,khanhha,0.0258753436951368,4.261977,8.521778,10.176446
khanhha_noisy2::Rissbilder_for_Florian_9S6A3136_0_0_5760_3840.jpg,degraded,khanhha,-0.2680195941217634,4.4365015,8.463866,10.015928
khanhha_noisy2::Rissbilder_for_Florian_9S6A3136_1628_12_2911_3801.jpg,degraded,khanhha,-0.0909337448197482,4.4461074,8.475206,10.05333
khanhha_noisy2::Rissbilder_for_Florian_9S6A3137_1104_2295_2445_3107.jpg,improved,khanhha,0.0771557535872237,4.2361846,8.543985,10.20017
khanhha_noisy2::Rissbilder_for_Florian_9S6A3137_1228_1792_2559_2477.jpg,improved,khanhha,0.0205362796767453,4.33923,8.478473,10.129062
khanhha_noisy2::Rissbilder_for_Florian_9S6A3137_182_823_3574_4047.jpg,improved,khanhha,0.0597173271747996,4.283691,8.504131,10.161154
khanhha_noisy2::Rissbilder_for_Florian_9S6A3137_201_2087_3465_3669.jpg,improved,khanhha,0.066471657822906,4.278318,8.52295,10.173971
khanhha_noisy2::Rissbilder_for_Florian_9S6A3137_313_2279_2337_2933.jpg,improved,khanhha,0.0241782522969385,4.267631,8.526462,10.178575
khanhha_noisy2::Rissbilder_for_Florian_9S6A3137_507_1097_2555_2213.jpg,improved,khanhha,0.0124497711303084,4.354328,8.461665,10.116867
khanhha_noisy2::Rissbilder_for_Florian_9S6A3138_115_569_2228_2606.jpg,neutral,khanhha,-0.0038754307919263,4.2668953,8.524791,10.175254
khanhha_noisy2::Sylvie_Chambon_006.jpg,improved,khanhha,0.0559540889526541,6.7696795,7.488588,9.563322
khanhha_noisy2::Sylvie_Chambon_022.jpg,improved,khanhha,0.0180901540839766,6.6249323,7.4653625,9.696024
khanhha_noisy2::Sylvie_Chambon_025.jpg,degraded,khanhha,-0.0314818995135084,6.524152,7.5528517,9.728454
khanhha_noisy2::Sylvie_Chambon_038.jpg,degraded,khanhha,-0.0306974936856421,6.5958233,7.424279,9.629119
khanhha_noisy2::Sylvie_Chambon_039.jpg,improved,khanhha,0.0724340851280334,6.6244736,7.766547,9.5337
khanhha_noisy2::Sylvie_Chambon_056.jpg,degraded,khanhha,-0.0856779121578612,5.710016,7.6954737,9.273004
khanhha_noisy2::Sylvie_Chambon_057.jpg,degraded,khanhha,-0.1822055964449382,5.785185,7.747199,9.2254505
khanhha_noisy2::Sylvie_Chambon_058.jpg,degraded,khanhha,-0.0830507035214695,5.7991843,7.6892366,9.292767
khanhha_noisy2::Sylvie_Chambon_062.jpg,degraded,khanhha,-0.0268120376036046,6.5041623,7.360206,9.462065
khanhha_noisy2::Sylvie_Chambon_068.jpg,degraded,khanhha,-0.0917251888429966,5.8701096,7.595698,9.421462
khanhha_noisy2::Sylvie_Chambon_069.jpg,degraded,khanhha,-0.0267352760221489,6.6962514,7.2851443,9.516267
khanhha_noisy2::Sylvie_Chambon_073.jpg,degraded,khanhha,-0.0168247214335955,6.83257,7.0518236,9.620955
khanhha_noisy2::Sylvie_Chambon_087.jpg,degraded,khanhha,-0.4003321155762205,6.5898085,7.56537,9.6647415
khanhha_noisy2::Sylvie_Chambon_089.jpg,improved,khanhha,0.0505342188853595,7.006156,6.7139807,9.698113
khanhha_noisy2::Sylvie_Chambon_094.jpg,degraded,khanhha,-0.0180972078593588,6.9690104,6.7603397,9.632764
khanhha_noisy2::Sylvie_Chambon_105.jpg,degraded,khanhha,-0.068784392196098,6.1869593,7.544339,9.5923395
khanhha_noisy2::Sylvie_Chambon_107.jpg,degraded,khanhha,-0.0310378687614737,6.757181,7.1682634,9.70244
khanhha_noisy2::Sylvie_Chambon_116.jpg,degraded,khanhha,-0.0101777622233559,6.5165143,7.509935,9.693895
khanhha_noisy2::Sylvie_Chambon_206.jpg,neutral,khanhha,0.0,7.3670316,8.966823,8.230367
khanhha_noisy2::Sylvie_Chambon_207.jpg,improved,khanhha,1.0,6.787403,7.388089,9.216712
khanhha_noisy2::Sylvie_Chambon_208.jpg,neutral,khanhha,0.0,7.3456583,8.762502,8.410115
khanhha_noisy2::Sylvie_Chambon_303.jpg,degraded,khanhha,-0.2014552562988705,6.641193,7.8514705,9.099434
khanhha_noisy2::Sylvie_Chambon_306.jpg,neutral,khanhha,0.0,6.2370486,8.64685,7.943652
khanhha_noisy2::Sylvie_Chambon_314.jpg,degraded,khanhha,-0.6454356126345019,6.3884187,7.58123,9.642159
khanhha_noisy2::Sylvie_Chambon_319.jpg,degraded,khanhha,-0.5195591095742381,6.837291,7.4466543,8.606219
khanhha_noisy2::Sylvie_Chambon_323.jpg,neutral,khanhha,0.0,6.8926888,9.001873,8.253307
khanhha_noisy2::Sylvie_Chambon_Im_noGT_ESAR_21a.jpg,degraded,khanhha,-0.0854258085828421,6.9431796,8.50284,9.746437
khanhha_noisy2::Sylvie_Chambon_Im_noGT_ESAR_33a.jpg,neutral,khanhha,0.0,7.304737,8.982281,8.273909
khanhha_noisy2::Volker_DSC01608_969_117_1674_1684.jpg,neutral,khanhha,-0.0085339850423633,5.0800896,8.522058,8.345909
khanhha_noisy2::Volker_DSC01610_123_687_1549_1614.jpg,degraded,khanhha,-0.0694890256571489,4.8997126,8.608089,8.308333
khanhha_noisy2::Volker_DSC01610_142_1014_1353_1352.jpg,degraded,khanhha,-0.0785542518336877,4.8653717,8.581866,8.316579
khanhha_noisy2::Volker_DSC01610_303_207_1284_1603.jpg,degraded,khanhha,-0.0320534833755987,4.8835826,8.5945215,8.28635
khanhha_noisy2::Volker_DSC01612_211_482_1550_1714.jpg,neutral,khanhha,0.0073113722328304,4.789077,8.06641,8.261676
khanhha_noisy2::Volker_DSC01612_8_444_1816_1750.jpg,neutral,khanhha,-0.0004026307838491,4.7948594,8.100728,8.265513
khanhha_noisy2::Volker_DSC01623_0_0_1824_2736.jpg,neutral,khanhha,0.0037933247670017,4.800217,8.126415,8.270007
khanhha_noisy2::Volker_DSC01623_134_615_1595_1694.jpg,neutral,khanhha,0.0046153614473531,4.7730527,8.063474,8.263298
khanhha_noisy2::Volker_DSC01623_22_364_1793_1961.jpg,neutral,khanhha,-0.0016063438002412,4.790182,8.066735,8.254356
khanhha_noisy2::Volker_DSC01623_32_1414_1144_1043.jpg,degraded,khanhha,-0.0487858318476572,4.8981442,7.5623736,8.430265
khanhha_noisy2::Volker_DSC01624_0_0_2736_1824.jpg,neutral,khanhha,0.0,7.0960383,9.15487,8.352197
khanhha_noisy2::Volker_DSC01625_69_1101_1754_1427.jpg,neutral,khanhha,0.0095705128938303,7.7025237,5.664716,11.629547
khanhha_noisy2::Volker_DSC01626_121_195_1176_1486.jpg,degraded,khanhha,-0.0293391625039737,7.6525025,5.8322,11.612408
khanhha_noisy2::Volker_DSC01626_24_407_1783_1611.jpg,degraded,khanhha,-0.3429142866665531,7.6209264,5.740845,11.635708
khanhha_noisy2::Volker_DSC01628_0_0_1824_2736.jpg,degraded,khanhha,-0.0618053402841146,6.704462,7.163013,9.402518
khanhha_noisy2::Volker_DSC01628_628_1158_1128_1084.jpg,degraded,khanhha,-0.0488451768928907,6.9447517,6.770821,9.63378
khanhha_noisy2::Volker_DSC01629_412_54_1933_1766.jpg,neutral,khanhha,0.0029544045252556,6.6999626,7.460743,8.430402
khanhha_noisy2::Volker_DSC01630_176_437_1360_1040.jpg,improved,khanhha,0.0326508332912928,3.6728735,7.5517826,7.2157135
khanhha_noisy2::Volker_DSC01630_374_343_1233_1342.jpg,improved,khanhha,0.0765434482047431,3.7259123,7.5357966,7.2953873
khanhha_noisy2::Volker_DSC01631_2_30_1821_2154.jpg,neutral,khanhha,-0.0075279974441956,6.2931466,7.2549505,9.600508
khanhha_noisy2::Volker_DSC01632_0_0_1824_2736.jpg,neutral,khanhha,0.0011093547495309,4.3384023,7.597462,7.9718895
khanhha_noisy2::Volker_DSC01632_109_353_1680_1636.jpg,neutral,khanhha,-0.0034786722986925,4.383723,7.5199785,7.959167
khanhha_noisy2::Volker_DSC01633_217_183_1290_1578.jpg,neutral,khanhha,-0.0005079758897378,4.7945614,8.344408,8.286389
khanhha_noisy2::Volker_DSC01634_192_653_1400_1605.jpg,degraded,khanhha,-0.0134679359488822,6.3473334,7.2547483,9.625538
khanhha_noisy2::Volker_DSC01634_193_315_1605_1896.jpg,neutral,khanhha,-0.0048915126894226,6.247449,7.240036,9.657143
khanhha_noisy2::Volker_DSC01634_213_873_1583_1809.jpg,neutral,khanhha,0.0020988446578941,6.106293,7.267546,9.56576
khanhha_noisy2::Volker_DSC01634_30_959_1479_1599.jpg,neutral,khanhha,0.0015111548896346,6.1921024,7.2746,9.620146
khanhha_noisy2::Volker_DSC01635_0_0_2736_1824.jpg,degraded,khanhha,-0.0109064087107526,4.918694,7.9022646,8.3955555
khanhha_noisy2::Volker_DSC01635_130_334_986_1295.jpg,degraded,khanhha,-0.0849094314798032,6.5156097,7.5244293,9.274007
khanhha_noisy2::Volker_DSC01635_548_45_1336_1686.jpg,improved,khanhha,0.0165928637958007,4.780789,8.085282,8.292094
khanhha_noisy2::Volker_DSC01636_1084_9_1476_1810.jpg,improved,khanhha,0.0605130388978314,3.7479012,7.52561,7.3001585
khanhha_noisy2::Volker_DSC01637_274_432_1128_1113.jpg,neutral,khanhha,0.0090137026592367,7.7960987,5.665588,10.724738
khanhha_noisy2::Volker_DSC01637_616_1353_1168_1288.jpg,degraded,khanhha,-0.0239881343443573,7.7524214,5.547472,11.278024
khanhha_noisy2::Volker_DSC01638_447_153_1384_1576.jpg,neutral,khanhha,0.0035582281324557,4.806411,8.360576,8.29408
khanhha_noisy2::Volker_DSC01638_708_382_1525_1354.jpg,neutral,khanhha,0.0049422074460109,4.8137827,8.2855215,8.30866
khanhha_noisy2::Volker_DSC01638_937_538_1159_1162.jpg,neutral,khanhha,-0.0012635420685724,4.7824726,8.204318,8.294358
khanhha_noisy2::Volker_DSC01639_1065_321_1284_1200.jpg,improved,khanhha,0.0290732070991268,4.891081,8.721836,8.16481
khanhha_noisy2::Volker_DSC01639_165_52_1412_1364.jpg,improved,khanhha,0.0100566547383271,4.8307323,8.657205,8.198049
khanhha_noisy2::Volker_DSC01640_376_6_2132_1787.jpg,neutral,khanhha,-0.0043556135696508,6.449361,7.3703613,9.199519
khanhha_noisy2::Volker_DSC01640_747_235_1398_1374.jpg,improved,khanhha,0.0123569077665046,6.5728426,7.3624673,9.147266
khanhha_noisy2::Volker_DSC01641_300_104_1322_1459.jpg,improved,khanhha,0.0144932654206531,4.7757607,8.263038,8.284663
khanhha_noisy2::Volker_DSC01641_437_407_1733_1413.jpg,improved,khanhha,0.0188169240156033,4.7938185,8.276575,8.302124
khanhha_noisy2::Volker_DSC01641_929_30_1600_1758.jpg,neutral,khanhha,-0.0036416211727414,4.798876,8.312576,8.310977
khanhha_noisy2::Volker_DSC01642_220_63_1843_1585.jpg,improved,khanhha,0.0372701336227186,4.7558017,8.204353,8.281244
khanhha_noisy2::Volker_DSC01643_1311_276_1242_1009.jpg,neutral,khanhha,0.0044616284644531,4.821414,8.319873,8.312913
khanhha_noisy2::Volker_DSC01643_157_235_1785_1431.jpg,neutral,khanhha,0.0007243807324526,4.804571,8.553794,8.225531
khanhha_noisy2::Volker_DSC01644_612_414_1320_1175.jpg,improved,khanhha,0.1160805068138493,6.590916,7.488455,9.156883
khanhha_noisy2::Volker_DSC01646_226_19_1273_1645.jpg,improved,khanhha,0.6845425867507886,5.0701528,8.746995,8.183093
khanhha_noisy2::Volker_DSC01646_456_54_2117_1728.jpg,degraded,khanhha,-0.0118132033273264,4.8235936,8.457507,8.280357
khanhha_noisy2::Volker_DSC01648_211_212_1177_955.jpg,degraded,khanhha,-0.1478017651927193,4.9944854,8.807691,8.175649
khanhha_noisy2::Volker_DSC01649_0_0_1824_2736.jpg,improved,khanhha,0.0154601900351948,5.352816,8.481553,8.428966
khanhha_noisy2::Volker_DSC01649_128_1341_1226_1195.jpg,improved,khanhha,0.1114796087787952,6.357888,7.9513364,9.340703
khanhha_noisy2::Volker_DSC01650_983_400_1710_1295.jpg,improved,khanhha,0.0741448499904452,4.9819746,8.809235,8.1683445
khanhha_noisy2::Volker_DSC01651_163_249_1349_1454.jpg,improved,khanhha,0.1353556856483945,5.0171356,8.810415,8.16698
khanhha_noisy2::Volker_DSC01651_61_82_1347_1168.jpg,degraded,khanhha,-0.0915988874347413,4.9277596,8.73248,8.205984
khanhha_noisy2::Volker_DSC01652_217_429_1194_1007.jpg,improved,khanhha,0.0359877893202114,4.815908,8.397533,8.304579
khanhha_noisy2::Volker_DSC01652_699_100_1925_1592.jpg,neutral,khanhha,0.0011056779759242,4.8573933,8.466798,8.301987
khanhha_noisy2::Volker_DSC01653_120_360_1526_1294.jpg,improved,khanhha,0.0502595520802194,4.856976,8.59971,8.244898
khanhha_noisy2::Volker_DSC01653_441_257_1154_966.jpg,improved,khanhha,0.0687900691879889,4.8422804,8.437396,8.319963
khanhha_noisy2::Volker_DSC01653_635_9_1390_1253.jpg,improved,khanhha,0.0137829136621522,4.8100524,8.470276,8.302097
khanhha_noisy2::Volker_DSC01653_791_41_1849_1670.jpg,degraded,khanhha,-0.0202616033127156,4.845569,8.520226,8.302631
khanhha_noisy2::Volker_DSC01655_613_606_1092_1056.jpg,neutral,khanhha,0.0013025131074323,6.45072,7.2806664,9.356357
khanhha_noisy2::Volker_DSC01656_140_1416_1684_1279.jpg,degraded,khanhha,-0.0597858507762109,6.6701603,7.385859,9.45586
khanhha_noisy2::Volker_DSC01657_130_62_1583_1831.jpg,neutral,khanhha,-0.0097920986218394,6.7293434,7.105919,9.87027
khanhha_noisy2::Volker_DSC01657_290_50_1476_1614.jpg,neutral,khanhha,-2.2168347373230368e-05,6.738297,7.1312747,9.829887
khanhha_noisy2::Volker_DSC01657_665_1068_1125_1350.jpg,degraded,khanhha,-0.0118926686277217,6.7363667,7.069836,9.873095
khanhha_noisy2::Volker_DSC01657_8_1012_1813_1672.jpg,neutral,khanhha,0.000474549404236,6.6529922,7.202062,9.902285
khanhha_noisy2::Volker_DSC01658_0_0_1824_2736.jpg,neutral,khanhha,-0.0095611725146493,6.670825,7.1738834,9.800056
khanhha_noisy2::Volker_DSC01658_167_371_1635_1643.jpg,degraded,khanhha,-0.0314936417536174,6.7267184,7.159875,9.760232
khanhha_noisy2::Volker_DSC01658_352_1474_1034_1008.jpg,degraded,khanhha,-0.0784488456020474,6.7255616,7.1437306,9.797389
khanhha_noisy2::Volker_DSC01658_470_825_1327_1606.jpg,degraded,khanhha,-0.0360512510088781,6.670349,7.170851,9.841425
khanhha_noisy2::Volker_DSC01659_516_815_948_1199.jpg,degraded,khanhha,-0.0820355638056978,6.5481906,7.3680196,9.5553465
khanhha_noisy2::Volker_DSC01660_192_247_1588_1991.jpg,degraded,khanhha,-0.2598835427520686,6.570899,7.687629,9.699001
khanhha_noisy2::Volker_DSC01661_0_0_1824_2736.jpg,improved,khanhha,0.0437592672954147,6.632445,7.1903777,9.905649
khanhha_noisy2::Volker_DSC01661_290_595_1071_1180.jpg,degraded,khanhha,-0.0300609495089532,6.6150208,7.162422,9.86715
khanhha_noisy2::Volker_DSC01661_400_1545_1179_1103.jpg,degraded,khanhha,-0.036728234086742,6.6459584,7.171607,9.908233
khanhha_noisy2::Volker_DSC01664_168_876_1650_1486.jpg,neutral,khanhha,-0.005055525004006,6.6184754,7.152657,9.745675
khanhha_noisy2::Volker_DSC01664_41_897_1611_1239.jpg,degraded,khanhha,-0.0363594107879503,6.638687,7.1561694,9.760569
khanhha_noisy2::Volker_DSC01664_84_855_1625_1542.jpg,degraded,khanhha,-0.0245876164712953,6.637504,7.1578655,9.79419
khanhha_noisy2::Volker_DSC01665_11_415_1778_1890.jpg,neutral,khanhha,-0.0052453523252703,6.6218195,7.2062345,9.767236
khanhha_noisy2::Volker_DSC01665_74_990_1563_1266.jpg,degraded,khanhha,-0.016701498100612,6.6793995,7.1925874,9.722417
khanhha_noisy2::Volker_DSC01666_185_540_876_1155.jpg,degraded,khanhha,-0.0802296855106034,6.643529,7.1423326,9.862707
khanhha_noisy2::Volker_DSC01667_0_0_1824_2736.jpg,degraded,khanhha,-0.2606790799561884,6.7846723,7.8514614,9.198267
khanhha_noisy2::Volker_DSC01667_106_338_1708_2132.jpg,improved,khanhha,0.0155040814440834,6.747561,7.68526,9.371023
khanhha_noisy2::Volker_DSC01669_0_0_1824_2736.jpg,neutral,khanhha,-0.0031240576489675,6.6048617,7.2740517,9.879528
khanhha_noisy2::Volker_DSC01669_9_1042_1814_1517.jpg,degraded,khanhha,-0.0196654485333518,6.5786004,7.3635416,9.859734
khanhha_noisy2::Volker_DSC01670_3_833_1821_1836.jpg,degraded,khanhha,-0.2890115710058807,6.5756173,7.481653,9.826476
khanhha_noisy2::Volker_DSC01670_678_871_1022_989.jpg,degraded,khanhha,-0.0799294064649637,6.847041,7.3406744,9.691229
khanhha_noisy2::Volker_DSC01671_63_417_1630_2053.jpg,degraded,khanhha,-0.1123668655806021,6.588256,7.3063445,9.897546
khanhha_noisy2::Volker_DSC01672_140_255_1259_1633.jpg,degraded,khanhha,-0.0589983735777984,6.855676,7.350197,9.577266
khanhha_noisy2::Volker_DSC01672_236_664_1240_1592.jpg,degraded,khanhha,-0.0446816562171079,6.8235307,7.266678,9.652439
khanhha_noisy2::Volker_DSC01672_39_1294_1098_1354.jpg,degraded,khanhha,-0.0131162767727188,6.66937,7.2211456,9.761872
khanhha_noisy2::Volker_DSC01673_0_0_1824_2736.jpg,degraded,khanhha,-0.5491688301787704,6.5638313,7.284856,9.812348
khanhha_noisy2::Volker_DSC01674_0_1080_1601_1598.jpg,degraded,khanhha,-0.2331401685003117,6.623592,7.2219667,9.968886
khanhha_noisy2::Volker_DSC01674_53_426_1730_2092.jpg,degraded,khanhha,-0.1916329974220464,6.5936294,7.1698236,10.081913
khanhha_noisy2::Volker_DSC01674_748_1007_996_1190.jpg,degraded,khanhha,-0.3217492343049499,6.776914,7.4864345,9.654678
khanhha_noisy2::Volker_DSC01676_146_1254_955_1190.jpg,degraded,khanhha,-0.0133298037514948,6.864028,6.8360653,9.469978
khanhha_noisy2::Volker_DSC01676_35_128_1239_1463.jpg,degraded,khanhha,-0.1906712876954652,6.706394,7.342909,9.8145485
khanhha_noisy2::Volker_DSC01677_185_223_1446_1163.jpg,degraded,khanhha,-0.1657676647329889,6.8283215,7.4554324,9.826902
khanhha_noisy2::Volker_DSC01677_26_956_1697_1698.jpg,degraded,khanhha,-0.0648239336298606,6.81081,7.5847287,9.673915
khanhha_noisy2::Volker_DSC01677_40_7_1782_1399.jpg,degraded,khanhha,-0.0528855794485701,6.696465,7.45108,9.890599
khanhha_noisy2::Volker_DSC01678_0_0_1824_2736.jpg,degraded,khanhha,-0.1736051764131363,6.7816896,7.6964626,8.244379
khanhha_noisy2::Volker_DSC01678_14_998_1278_1270.jpg,neutral,khanhha,0.0014769244057175,6.913142,7.4947925,9.724134
khanhha_noisy2::Volker_DSC01678_282_907_1086_1149.jpg,neutral,khanhha,-0.0043982620502129,6.8968186,7.443793,9.775657
khanhha_noisy2::Volker_DSC01679_0_0_1824_2736.jpg,neutral,khanhha,-0.0079960734959798,6.9344354,6.8941784,9.719111
khanhha_noisy2::Volker_DSC01679_0_789_1823_1945.jpg,degraded,khanhha,-0.0150220893194602,6.915093,6.898318,9.687505
khanhha_noisy2::Volker_DSC01679_67_383_1713_2223.jpg,neutral,khanhha,-0.008666438513058,6.95375,6.810579,9.677227
khanhha_noisy2::Volker_DSC01680_0_0_1824_2736.jpg,improved,khanhha,0.0102799311371598,6.9365926,6.9360366,9.287716
khanhha_noisy2::Volker_DSC01680_146_194_1555_1973.jpg,neutral,khanhha,-0.0090598139992393,7.0440516,6.8623037,9.446871
khanhha_noisy2::Volker_DSC01680_168_539_1554_1946.jpg,neutral,khanhha,-0.0002351184022646,7.0307965,6.7109222,9.58062
khanhha_noisy2::Volker_DSC01680_63_445_1729_1300.jpg,neutral,khanhha,-0.0007073219976336,7.0288053,6.6448746,9.57521
khanhha_noisy2::Volker_DSC01683_67_1024_1660_1636.jpg,degraded,khanhha,-0.487841124020535,6.984372,7.4744554,9.848554
khanhha_noisy2::Volker_DSC01685_202_585_1600_1686.jpg,degraded,khanhha,-0.1940996222982096,6.857664,7.610908,9.468016
khanhha_noisy2::Volker_DSC01685_252_569_1566_2047.jpg,degraded,khanhha,-0.1469728543246922,6.8877926,7.685049,9.434091
khanhha_noisy2::Volker_DSC01686_297_570_1208_1271.jpg,degraded,khanhha,-0.0377891985030105,6.573443,7.150965,9.75305
khanhha_noisy2::Volker_DSC01687_13_413_1695_1782.jpg,improved,khanhha,0.0395580314627068,6.6460214,7.244358,9.880541
khanhha_noisy2::Volker_DSC01687_256_1075_1494_1234.jpg,degraded,khanhha,-0.0621771792804151,6.6030684,7.3201895,9.916744
khanhha_noisy2::Volker_DSC01688_29_115_1785_2096.jpg,degraded,khanhha,-0.0436458863486887,6.6812887,7.2600355,9.654004
khanhha_noisy2::Volker_DSC01688_89_1104_1613_1250.jpg,degraded,khanhha,-0.0728713654982288,6.6318016,7.229821,9.640162
khanhha_noisy2::Volker_DSC01690_763_1051_1043_1097.jpg,degraded,khanhha,-0.0645983561378332,6.6608915,7.1906886,9.861955
khanhha_noisy2::Volker_DSC01691_35_741_1602_1808.jpg,degraded,khanhha,-0.0521323901172658,6.795267,7.502241,9.503662
khanhha_noisy2::Volker_DSC01691_6_526_1388_1598.jpg,neutral,khanhha,-0.0052149661246716,6.7654963,7.299419,9.564566
khanhha_noisy2::Volker_DSC01692_28_197_1636_1369.jpg,degraded,khanhha,-0.4418384929840231,6.771347,7.45905,9.649293
khanhha_noisy2::Volker_DSC01693_1323_467_1353_1116.jpg,degraded,khanhha,-0.0193178761347441,6.7039747,7.0198197,10.44961
khanhha_noisy2::Volker_DSC01693_166_276_1259_1362.jpg,degraded,khanhha,-0.3472473002113629,6.7527604,7.927304,8.084128
khanhha_noisy2::Volker_DSC01695_0_0_2736_1824.jpg,neutral,khanhha,0.0,7.077636,9.066246,8.275053
khanhha_noisy2::Volker_DSC01696_0_0_2736_1824.jpg,improved,khanhha,0.0251442901100429,6.698238,7.4952483,9.679576
khanhha_noisy2::Volker_DSC01698_213_356_1899_1462.jpg,improved,khanhha,0.0248689748518368,6.435876,7.5564637,9.543803
khanhha_noisy2::Volker_DSC01699_0_0_1824_2736.jpg,degraded,khanhha,-0.1617786187322611,6.8138137,7.755304,9.33828
khanhha_noisy2::Volker_DSC01699_751_408_1048_1101.jpg,degraded,khanhha,-0.2053546902400427,6.7676554,7.7210736,9.565377
khanhha_noisy2::Volker_DSC01700_158_517_1605_1442.jpg,neutral,khanhha,0.0,6.897846,8.125723,8.90513
khanhha_noisy2::Volker_DSC01701_103_539_1579_1680.jpg,degraded,khanhha,-0.0178636701298648,6.9536486,7.49497,9.759568
khanhha_noisy2::Volker_DSC01702_39_31_1703_1771.jpg,degraded,khanhha,-0.3149143003325659,6.7894173,7.605479,8.252868
khanhha_noisy2::Volker_DSC01702_418_156_1024_1333.jpg,neutral,khanhha,-0.0054744750887625,6.8145685,7.627065,8.262622
khanhha_noisy2::Volker_DSC01703_23_907_1787_1745.jpg,neutral,khanhha,0.0044651806054489,6.851147,7.656313,9.520338
khanhha_noisy2::Volker_DSC01703_413_202_1272_965.jpg,degraded,khanhha,-0.0616030992112628,6.811926,7.617704,9.432793
khanhha_noisy2::Volker_DSC01703_599_1250_1072_1001.jpg,neutral,khanhha,-0.0049761882532876,6.9135976,7.4040856,9.742175
khanhha_noisy2::Volker_DSC01705_103_1212_1149_941.jpg,degraded,khanhha,-0.1235872357485284,6.7479663,7.9550896,8.699205
khanhha_noisy2::Volker_DSC01705_286_514_1483_1229.jpg,degraded,khanhha,-0.1296912588594081,6.775445,7.848699,9.038078
khanhha_noisy2::Volker_DSC01705_35_261_1646_1312.jpg,degraded,khanhha,-0.2789012432511457,6.787738,7.8151264,9.07986
khanhha_noisy2::Volker_DSC01705_493_958_1260_1668.jpg,degraded,khanhha,-0.0586926879453811,6.6198635,7.3082376,9.89622
khanhha_noisy2::Volker_DSC01706_613_680_974_1043.jpg,degraded,khanhha,-0.1018489721177093,6.889172,7.3346257,9.717539
khanhha_noisy2::Volker_DSC01707_33_309_1713_1946.jpg,neutral,khanhha,0.0009123120596949,6.824043,7.522963,9.445822
khanhha_noisy2::Volker_DSC01707_44_131_1757_2144.jpg,improved,khanhha,0.036156326694917,6.80543,7.491759,9.503437
khanhha_noisy2::Volker_DSC01707_540_967_1161_1226.jpg,degraded,khanhha,-0.0490889171051918,6.8126564,7.188212,9.6427
khanhha_noisy2::Volker_DSC01708_274_347_1439_1315.jpg,degraded,khanhha,-0.6765210757200076,6.809024,7.843197,9.330198
khanhha_noisy2::Volker_DSC01709_269_118_1281_1314.jpg,degraded,khanhha,-0.1758806291319213,6.6305223,7.2432823,9.947789
khanhha_noisy2::Volker_DSC01709_71_801_1387_1771.jpg,degraded,khanhha,-0.0199943253292856,6.710287,7.277633,9.787232
khanhha_noisy2::cracktree200_6201.jpg,degraded,khanhha,-0.0642023346303501,6.7869534,8.282641,9.356822
khanhha_noisy2::cracktree200_6203.jpg,degraded,khanhha,-0.06245553243913,6.809046,8.31228,9.423316
khanhha_noisy2::cracktree200_6234.jpg,neutral,khanhha,-0.0081824694444211,6.827007,8.263941,9.627146
khanhha_noisy2::cracktree200_6243.jpg,neutral,khanhha,-0.001273053357944,6.5559688,7.100675,10.036407
khanhha_noisy2::cracktree200_6247.jpg,neutral,khanhha,-0.0037299851406437,6.81491,8.179447,9.563269
khanhha_noisy2::cracktree200_6258.jpg,neutral,khanhha,-0.007601559463844,6.79347,8.247884,9.486232
khanhha_noisy2::cracktree200_6259.jpg,degraded,khanhha,-0.0110412040195071,6.7963862,8.177709,9.634925
khanhha_noisy2::cracktree200_6261.jpg,degraded,khanhha,-0.0137773016909717,6.7849727,8.256226,9.536119
khanhha_noisy2::cracktree200_6266.jpg,improved,khanhha,0.0131341438501469,6.868034,8.557548,9.696062
khanhha_noisy2::cracktree200_6268.jpg,degraded,khanhha,-0.0335455583483756,6.8068023,8.335909,9.519329
khanhha_noisy2::cracktree200_6278.jpg,neutral,khanhha,-0.00836905913948,6.730196,8.132824,9.528304
khanhha_noisy2::cracktree200_6281.jpg,neutral,khanhha,0.0051820780037516,6.8374543,8.320001,9.670235
khanhha_noisy2::cracktree200_6297.jpg,degraded,khanhha,-0.0530237393865881,6.849998,8.359419,9.62207
khanhha_noisy2::cracktree200_6298.jpg,neutral,khanhha,0.0,7.3895335,8.951186,8.311792
khanhha_noisy2::cracktree200_6301.jpg,degraded,khanhha,-0.0518974358974358,6.8451147,8.57249,9.426537
khanhha_noisy2::cracktree200_6310.jpg,neutral,khanhha,0.0,6.9219418,8.650592,9.44941
khanhha_noisy2::cracktree200_6321.jpg,neutral,khanhha,-0.0071903752663243,6.6588755,7.542434,9.389218
khanhha_noisy2::cracktree200_6327.jpg,degraded,khanhha,-0.0318181818181818,6.800677,8.318409,9.368459
khanhha_noisy2::cracktree200_6328.jpg,degraded,khanhha,-0.0202764347554804,6.720725,8.094353,9.605011
khanhha_noisy2::cracktree200_6329.jpg,neutral,khanhha,-0.007465909308473,6.674201,8.002475,9.624996
khanhha_noisy2::cracktree200_6330.jpg,degraded,khanhha,-0.011363095324071,6.7392874,8.191301,9.441082
khanhha_noisy2::cracktree200_6334.jpg,degraded,khanhha,-0.0703766042499474,6.7190423,8.168446,9.395613
khanhha_noisy2::cracktree200_6340.jpg,degraded,khanhha,-0.0646644192460925,6.8245583,8.3717785,9.408158
khanhha_noisy2::cracktree200_6351.jpg,neutral,khanhha,0.0016644864405827,6.7896934,8.132825,9.557671
khanhha_noisy2::cracktree200_6623.jpg,degraded,khanhha,-0.0111713730537259,6.939415,8.486893,9.761959
khanhha_noisy2::cracktree200_6635.jpg,neutral,khanhha,0.001622602415819,6.9499583,8.5148735,9.775799
khanhha_noisy2::cracktree200_6645.jpg,degraded,khanhha,-0.0135524586880809,6.945504,8.508604,9.760444
khanhha_noisy2::cracktree200_6647.jpg,degraded,khanhha,-0.0111819795205375,6.9383645,8.488274,9.751804
khanhha_noisy2::cracktree200_6658.jpg,degraded,khanhha,-0.0200043449229347,6.934751,8.472591,9.750217
khanhha_noisy2::cracktree200_6710.jpg,degraded,khanhha,-0.0150870023350394,6.7737117,8.170017,9.449354
khanhha_noisy2::cracktree200_6774.jpg,degraded,khanhha,-0.0105692777269014,6.5708957,6.9568105,10.112637
khanhha_noisy2::forest_003.jpg,neutral,khanhha,-0.0085408010184214,6.3280745,7.627673,9.677035
khanhha_noisy2::forest_006.jpg,degraded,khanhha,-0.032487426627916,6.776081,7.5043497,9.562426
khanhha_noisy2::forest_018.jpg,neutral,khanhha,0.0099551970657482,6.456866,7.310252,9.530683
khanhha_noisy2::forest_022.jpg,degraded,khanhha,-0.018537688528409,6.611467,7.504463,9.647783
khanhha_noisy2::forest_038.jpg,improved,khanhha,0.0203632771184715,6.5924916,7.4090614,9.649768
khanhha_noisy2::forest_048.jpg,improved,khanhha,0.0132631626623223,6.2802444,7.5507984,9.678266
khanhha_noisy2::forest_054.jpg,improved,khanhha,0.0362559937100138,6.755885,7.087699,9.844763
khanhha_noisy2::forest_069.jpg,improved,khanhha,0.0238878409709464,6.7063766,7.250037,9.485566
khanhha_noisy2::forest_076.jpg,improved,khanhha,0.0227585262778807,6.5630894,7.6037097,9.718536
khanhha_noisy2::forest_082.jpg,improved,khanhha,0.0260721781082477,6.574818,7.5561996,9.690124
khanhha_noisy2::forest_083.jpg,degraded,khanhha,-0.0153653757022764,6.931425,6.8437243,9.614355
khanhha_noisy2::forest_087.jpg,degraded,khanhha,-0.2433008526187576,6.5765886,7.572815,9.675371
khanhha_noisy2::forest_091.jpg,neutral,khanhha,-0.0076167100243615,6.602407,7.4277864,9.760896
khanhha_noisy2::forest_094.jpg,improved,khanhha,0.0208821767673583,6.965481,6.776871,9.630458
khanhha_noisy2::forest_098.jpg,neutral,khanhha,0.0059110025965973,7.028776,6.6414595,9.669571
khanhha_noisy2::forest_104.jpg,neutral,khanhha,0.0058182102168313,6.3111773,7.516669,9.690639
khanhha_noisy2::forest_109.jpg,improved,khanhha,0.0304327939118996,6.9427834,6.803687,9.659442
khanhha_noisy2::forest_117.jpg,improved,khanhha,0.0849042265974276,6.871747,6.9331894,9.635636
khanhha_noisy2::noncrack_noncrack_concrete_wall_0_0.jpg.jpg,neutral,khanhha,0.0,7.4960604,9.311393,7.6909766
khanhha_noisy2::noncrack_noncrack_concrete_wall_0_3.jpg.jpg,neutral,khanhha,0.0,7.541679,9.334916,7.717597
khanhha_noisy2::noncrack_noncrack_concrete_wall_100_4.jpg.jpg,neutral,khanhha,0.0,7.645298,9.31978,7.7616735
khanhha_noisy2::noncrack_noncrack_concrete_wall_101_2.jpg.jpg,neutral,khanhha,0.0,6.753281,8.0527,8.131138
khanhha_noisy2::noncrack_noncrack_concrete_wall_101_8.jpg.jpg,neutral,khanhha,0.0,6.7567716,8.076183,8.1212225
khanhha_noisy2::noncrack_noncrack_concrete_wall_101_9.jpg.jpg,neutral,khanhha,0.0,6.755289,7.958191,8.086719
khanhha_noisy2::noncrack_noncrack_concrete_wall_102_5.jpg.jpg,neutral,khanhha,0.0,7.515391,9.256153,7.7790055
khanhha_noisy2::noncrack_noncrack_concrete_wall_103_0.jpg.jpg,neutral,khanhha,0.0,6.36241,9.207643,7.338612
khanhha_noisy2::noncrack_noncrack_concrete_wall_103_1.jpg.jpg,neutral,khanhha,0.0,6.3917837,9.17451,7.3326316
khanhha_noisy2::noncrack_noncrack_concrete_wall_11_4.jpg.jpg,neutral,khanhha,0.0,6.367822,8.859443,7.6676283
khanhha_noisy2::noncrack_noncrack_concrete_wall_12_3.jpg.jpg,neutral,khanhha,0.0,7.4729857,8.590832,8.061509
khanhha_noisy2::noncrack_noncrack_concrete_wall_12_9.jpg.jpg,neutral,khanhha,0.0,7.4610496,8.645746,8.083311
khanhha_noisy2::noncrack_noncrack_concrete_wall_13_2.jpg.jpg,neutral,khanhha,0.0,5.9607277,9.003763,7.0522933
khanhha_noisy2::noncrack_noncrack_concrete_wall_13_4.jpg.jpg,neutral,khanhha,0.0,5.944727,9.01272,7.0628757
khanhha_noisy2::noncrack_noncrack_concrete_wall_13_6.jpg.jpg,neutral,khanhha,0.0,5.943398,8.996426,7.058876
khanhha_noisy2::noncrack_noncrack_concrete_wall_14_11.jpg.jpg,neutral,khanhha,0.0,6.791525,8.806743,7.715761
khanhha_noisy2::noncrack_noncrack_concrete_wall_14_25.jpg.jpg,neutral,khanhha,0.0,6.831411,8.641783,7.7884154
khanhha_noisy2::noncrack_noncrack_concrete_wall_15_5.jpg.jpg,neutral,khanhha,0.0,7.033759,8.8889475,8.138504
khanhha_noisy2::noncrack_noncrack_concrete_wall_15_7.jpg.jpg,neutral,khanhha,0.0,7.047979,8.957,8.203647
khanhha_noisy2::noncrack_noncrack_concrete_wall_16_1.jpg.jpg,neutral,khanhha,0.0,7.632211,9.208934,7.9955077
khanhha_noisy2::noncrack_noncrack_concrete_wall_16_5.jpg.jpg,neutral,khanhha,0.0,7.686349,9.238038,7.898416
khanhha_noisy2::noncrack_noncrack_concrete_wall_18_1.jpg.jpg,neutral,khanhha,0.0,7.7204385,9.245776,7.900607
khanhha_noisy2::noncrack_noncrack_concrete_wall_18_11.jpg.jpg,neutral,khanhha,0.0,7.713741,9.2287655,7.912447
khanhha_noisy2::noncrack_noncrack_concrete_wall_18_12.jpg.jpg,neutral,khanhha,0.0,7.707608,9.254973,7.8942766
khanhha_noisy2::noncrack_noncrack_concrete_wall_18_18.jpg.jpg,neutral,khanhha,0.0,7.69909,9.240722,7.9029865
khanhha_noisy2::noncrack_noncrack_concrete_wall_18_19.jpg.jpg,neutral,khanhha,0.0,7.71285,9.255154,7.8945966
khanhha_noisy2::noncrack_noncrack_concrete_wall_18_3.jpg.jpg,neutral,khanhha,0.0,7.716336,9.262642,7.8804865
khanhha_noisy2::noncrack_noncrack_concrete_wall_18_9.jpg.jpg,neutral,khanhha,0.0,7.7201676,9.259215,7.881493
khanhha_noisy2::noncrack_noncrack_concrete_wall_19_1.jpg.jpg,neutral,khanhha,0.0,7.417538,9.252528,7.850672
khanhha_noisy2::noncrack_noncrack_concrete_wall_19_3.jpg.jpg,neutral,khanhha,0.0,7.35781,9.276221,7.785819
khanhha_noisy2::noncrack_noncrack_concrete_wall_19_6.jpg.jpg,neutral,khanhha,0.0,7.3537965,9.269341,7.773482
khanhha_noisy2::noncrack_noncrack_concrete_wall_19_7.jpg.jpg,neutral,khanhha,0.0,7.3392444,9.270405,7.7478814
khanhha_noisy2::noncrack_noncrack_concrete_wall_19_8.jpg.jpg,neutral,khanhha,0.0,7.4219604,9.264691,7.8514156
khanhha_noisy2::noncrack_noncrack_concrete_wall_20_1.jpg.jpg,neutral,khanhha,0.0,7.3390336,9.131079,8.289264
khanhha_noisy2::noncrack_noncrack_concrete_wall_20_15.jpg.jpg,neutral,khanhha,0.0,7.348987,9.120467,8.297015
khanhha_noisy2::noncrack_noncrack_concrete_wall_20_32.jpg.jpg,neutral,khanhha,0.0,7.3459873,9.126353,8.310666
khanhha_noisy2::noncrack_noncrack_concrete_wall_20_52.jpg.jpg,neutral,khanhha,0.0,7.328074,9.088716,8.325468
khanhha_noisy2::noncrack_noncrack_concrete_wall_20_54.jpg.jpg,neutral,khanhha,0.0,7.3071804,9.119573,8.285308
khanhha_noisy2::noncrack_noncrack_concrete_wall_20_59.jpg.jpg,neutral,khanhha,0.0,7.345725,9.128732,8.309508
khanhha_noisy2::noncrack_noncrack_concrete_wall_20_62.jpg.jpg,neutral,khanhha,0.0,7.3381047,9.12051,8.326184
khanhha_noisy2::noncrack_noncrack_concrete_wall_20_68.jpg.jpg,neutral,khanhha,0.0,7.322526,9.100994,8.330911
khanhha_noisy2::noncrack_noncrack_concrete_wall_20_70.jpg.jpg,neutral,khanhha,0.0,7.396032,9.146857,8.28997
khanhha_noisy2::noncrack_noncrack_concrete_wall_21_0.jpg.jpg,neutral,khanhha,0.0,6.428976,9.421729,7.2475266
khanhha_noisy2::noncrack_noncrack_concrete_wall_23_1.jpg.jpg,neutral,khanhha,0.0,7.1662374,9.168764,7.597544
khanhha_noisy2::noncrack_noncrack_concrete_wall_23_4.jpg.jpg,neutral,khanhha,0.0,7.2044387,9.174335,7.618103
khanhha_noisy2::noncrack_noncrack_concrete_wall_23_5.jpg.jpg,neutral,khanhha,0.0,7.2061524,9.187916,7.5992303
khanhha_noisy2::noncrack_noncrack_concrete_wall_23_7.jpg.jpg,neutral,khanhha,0.0,7.1930523,9.179939,7.557944
khanhha_noisy2::noncrack_noncrack_concrete_wall_24_19.jpg.jpg,neutral,khanhha,0.0,7.5327106,9.201546,7.9211936
khanhha_noisy2::noncrack_noncrack_concrete_wall_24_31.jpg.jpg,neutral,khanhha,0.0,7.3395023,9.238579,7.7876225
khanhha_noisy2::noncrack_noncrack_concrete_wall_24_35.jpg.jpg,neutral,khanhha,0.0,7.341137,9.221838,7.793611
khanhha_noisy2::noncrack_noncrack_concrete_wall_24_38.jpg.jpg,neutral,khanhha,0.0,7.433654,9.237049,7.815159
khanhha_noisy2::noncrack_noncrack_concrete_wall_24_4.jpg.jpg,neutral,khanhha,0.0,7.3296905,9.243705,7.742653
khanhha_noisy2::noncrack_noncrack_concrete_wall_24_8.jpg.jpg,neutral,khanhha,0.0,7.4900527,9.182316,7.9423513
khanhha_noisy2::noncrack_noncrack_concrete_wall_26_0.jpg.jpg,neutral,khanhha,0.0,6.933216,8.607901,9.130041
khanhha_noisy2::noncrack_noncrack_concrete_wall_27_5.jpg.jpg,neutral,khanhha,0.0,6.1915016,8.827036,7.6584225
khanhha_noisy2::noncrack_noncrack_concrete_wall_28_0.jpg.jpg,improved,khanhha,1.0,6.9510765,8.808374,9.620141
khanhha_noisy2::noncrack_noncrack_concrete_wall_29_6.jpg.jpg,neutral,khanhha,0.0,6.7115417,9.002296,7.5429244
khanhha_noisy2::noncrack_noncrack_concrete_wall_30_2.jpg.jpg,neutral,khanhha,0.0,7.1150303,9.062702,8.473039
khanhha_noisy2::noncrack_noncrack_concrete_wall_31_0.jpg.jpg,neutral,khanhha,0.0,6.389381,9.101019,7.3111467
khanhha_noisy2::noncrack_noncrack_concrete_wall_31_4.jpg.jpg,neutral,khanhha,0.0,6.389442,9.076521,7.388952
khanhha_noisy2::noncrack_noncrack_concrete_wall_33_4.jpg.jpg,neutral,khanhha,0.0,6.680341,8.97135,7.4422827
khanhha_noisy2::noncrack_noncrack_concrete_wall_34_0.jpg.jpg,neutral,khanhha,0.0,7.1058545,9.137529,7.8725963
khanhha_noisy2::noncrack_noncrack_concrete_wall_35_4.jpg.jpg,neutral,khanhha,0.0,6.7022114,8.9780035,7.615055
khanhha_noisy2::noncrack_noncrack_concrete_wall_37_1.jpg.jpg,neutral,khanhha,0.0,6.5591736,9.343413,7.413895
khanhha_noisy2::noncrack_noncrack_concrete_wall_37_4.jpg.jpg,neutral,khanhha,0.0,6.5098553,9.351356,7.353281
khanhha_noisy2::noncrack_noncrack_concrete_wall_38_4.jpg.jpg,neutral,khanhha,0.0,6.698686,9.095825,7.6407957
khanhha_noisy2::noncrack_noncrack_concrete_wall_38_5.jpg.jpg,neutral,khanhha,0.0,6.7573743,9.145929,7.694106
khanhha_noisy2::noncrack_noncrack_concrete_wall_38_6.jpg.jpg,neutral,khanhha,0.0,6.6854877,9.130603,7.657634
khanhha_noisy2::noncrack_noncrack_concrete_wall_39_9.jpg.jpg,neutral,khanhha,0.0,7.4564075,9.172355,7.790604
khanhha_noisy2::noncrack_noncrack_concrete_wall_3_2.jpg.jpg,neutral,khanhha,0.0,6.734097,9.057313,7.635887
khanhha_noisy2::noncrack_noncrack_concrete_wall_40_0.jpg.jpg,neutral,khanhha,0.0,6.439424,9.450304,7.211374
khanhha_noisy2::noncrack_noncrack_concrete_wall_40_5.jpg.jpg,neutral,khanhha,0.0,6.4460087,9.474053,7.185852
khanhha_noisy2::noncrack_noncrack_concrete_wall_41_11.jpg.jpg,neutral,khanhha,0.0,7.2237906,9.052726,7.9872503
khanhha_noisy2::noncrack_noncrack_concrete_wall_41_12.jpg.jpg,neutral,khanhha,0.0,7.3833175,9.094423,8.099114
khanhha_noisy2::noncrack_noncrack_concrete_wall_41_2.jpg.jpg,neutral,khanhha,0.0,7.4237375,9.103027,8.081167
khanhha_noisy2::noncrack_noncrack_concrete_wall_41_35.jpg.jpg,neutral,khanhha,0.0,7.432032,9.046157,8.119254
khanhha_noisy2::noncrack_noncrack_concrete_wall_41_37.jpg.jpg,neutral,khanhha,0.0,7.3491035,9.085368,7.9726024
khanhha_noisy2::noncrack_noncrack_concrete_wall_41_38.jpg.jpg,neutral,khanhha,0.0,7.4112854,9.038875,8.143868
khanhha_noisy2::noncrack_noncrack_concrete_wall_41_4.jpg.jpg,neutral,khanhha,0.0,7.3971725,9.068217,8.128048
khanhha_noisy2::noncrack_noncrack_concrete_wall_41_43.jpg.jpg,neutral,khanhha,0.0,7.32826,9.024122,8.094075
khanhha_noisy2::noncrack_noncrack_concrete_wall_41_48.jpg.jpg,neutral,khanhha,0.0,7.423125,9.082489,8.148011
khanhha_noisy2::noncrack_noncrack_concrete_wall_41_58.jpg.jpg,neutral,khanhha,0.0,7.4128113,9.116493,8.180928
khanhha_noisy2::noncrack_noncrack_concrete_wall_41_63.jpg.jpg,neutral,khanhha,0.0,7.4317923,9.097366,8.129713
khanhha_noisy2::noncrack_noncrack_concrete_wall_41_65.jpg.jpg,neutral,khanhha,0.0,7.4566727,9.152686,8.099224
khanhha_noisy2::noncrack_noncrack_concrete_wall_42_6.jpg.jpg,neutral,khanhha,0.0,6.52114,8.930833,7.4016128
khanhha_noisy2::noncrack_noncrack_concrete_wall_43_14.jpg.jpg,neutral,khanhha,0.0,7.165474,9.130339,8.318736
khanhha_noisy2::noncrack_noncrack_concrete_wall_43_15.jpg.jpg,neutral,khanhha,0.0,7.1809726,9.144091,8.327049
khanhha_noisy2::noncrack_noncrack_concrete_wall_43_18.jpg.jpg,neutral,khanhha,0.0,7.17912,9.142865,8.33094
khanhha_noisy2::noncrack_noncrack_concrete_wall_43_2.jpg.jpg,neutral,khanhha,0.0,7.1152644,9.110359,8.355159
khanhha_noisy2::noncrack_noncrack_concrete_wall_43_25.jpg.jpg,neutral,khanhha,0.0,7.1095614,9.123833,8.3705
khanhha_noisy2::noncrack_noncrack_concrete_wall_43_34.jpg.jpg,neutral,khanhha,0.0,7.1529374,9.138847,8.389107
khanhha_noisy2::noncrack_noncrack_concrete_wall_43_42.jpg.jpg,neutral,khanhha,0.0,7.0541515,9.133035,8.294129
khanhha_noisy2::noncrack_noncrack_concrete_wall_43_44.jpg.jpg,neutral,khanhha,0.0,7.1100736,9.102027,8.288068
khanhha_noisy2::noncrack_noncrack_concrete_wall_43_48.jpg.jpg,neutral,khanhha,0.0,7.161679,9.150553,8.349769
khanhha_noisy2::noncrack_noncrack_concrete_wall_43_50.jpg.jpg,neutral,khanhha,0.0,7.058922,9.080948,8.3137245
khanhha_noisy2::noncrack_noncrack_concrete_wall_44_0.jpg.jpg,neutral,khanhha,0.0,7.035416,8.461463,8.343916
khanhha_noisy2::noncrack_noncrack_concrete_wall_44_4.jpg.jpg,neutral,khanhha,0.0,7.016808,8.438254,8.310259
khanhha_noisy2::noncrack_noncrack_concrete_wall_45_13.jpg.jpg,neutral,khanhha,0.0,7.501787,9.687278,5.6421213
khanhha_noisy2::noncrack_noncrack_concrete_wall_45_4.jpg.jpg,neutral,khanhha,0.0,7.5023704,9.687506,5.641688
khanhha_noisy2::noncrack_noncrack_concrete_wall_45_5.jpg.jpg,neutral,khanhha,0.0,7.502405,9.687957,5.641296
khanhha_noisy2::noncrack_noncrack_concrete_wall_46_8.jpg.jpg,neutral,khanhha,0.0,6.614012,8.979403,7.3914585
khanhha_noisy2::noncrack_noncrack_concrete_wall_47_4.jpg.jpg,neutral,khanhha,0.0,6.4062915,9.34309,7.2984037
khanhha_noisy2::noncrack_noncrack_concrete_wall_47_6.jpg.jpg,neutral,khanhha,0.0,6.4128194,9.352557,7.315069
khanhha_noisy2::noncrack_noncrack_concrete_wall_48_0.jpg.jpg,neutral,khanhha,0.0,7.129024,8.615382,8.343172
khanhha_noisy2::noncrack_noncrack_concrete_wall_48_1.jpg.jpg,neutral,khanhha,0.0,7.1430297,8.59901,8.362856
khanhha_noisy2::noncrack_noncrack_concrete_wall_48_5.jpg.jpg,neutral,khanhha,0.0,7.1044974,8.592186,8.414955
khanhha_noisy2::noncrack_noncrack_concrete_wall_49_4.jpg.jpg,neutral,khanhha,0.0,7.441147,8.902436,8.159441
khanhha_noisy2::noncrack_noncrack_concrete_wall_50_2.jpg.jpg,neutral,khanhha,0.0,6.493404,9.375018,7.2297792
khanhha_noisy2::noncrack_noncrack_concrete_wall_53_3.jpg.jpg,neutral,khanhha,0.0,6.6727147,9.461124,7.100058
khanhha_noisy2::noncrack_noncrack_concrete_wall_54_24.jpg.jpg,neutral,khanhha,0.0,7.399045,8.85295,8.237492
khanhha_noisy2::noncrack_noncrack_concrete_wall_54_27.jpg.jpg,neutral,khanhha,0.0,7.3869977,8.808701,8.206416
khanhha_noisy2::noncrack_noncrack_concrete_wall_54_28.jpg.jpg,neutral,khanhha,0.0,7.3718624,8.823031,8.292761
khanhha_noisy2::noncrack_noncrack_concrete_wall_54_31.jpg.jpg,neutral,khanhha,0.0,7.399716,8.8598995,8.237024
khanhha_noisy2::noncrack_noncrack_concrete_wall_54_33.jpg.jpg,neutral,khanhha,0.0,7.368937,8.905338,8.210137
khanhha_noisy2::noncrack_noncrack_concrete_wall_54_36.jpg.jpg,neutral,khanhha,0.0,7.411985,8.846933,8.273172
khanhha_noisy2::noncrack_noncrack_concrete_wall_54_4.jpg.jpg,neutral,khanhha,0.0,7.4131293,8.828594,8.219481
khanhha_noisy2::noncrack_noncrack_concrete_wall_54_40.jpg.jpg,neutral,khanhha,0.0,7.392977,8.874935,8.228266
khanhha_noisy2::noncrack_noncrack_concrete_wall_54_44.jpg.jpg,neutral,khanhha,0.0,7.424436,8.818168,8.224094
khanhha_noisy2::noncrack_noncrack_concrete_wall_54_48.jpg.jpg,neutral,khanhha,0.0,7.421312,8.852774,8.221407
khanhha_noisy2::noncrack_noncrack_concrete_wall_54_53.jpg.jpg,neutral,khanhha,0.0,7.3663754,8.861904,8.287979
khanhha_noisy2::noncrack_noncrack_concrete_wall_54_54.jpg.jpg,neutral,khanhha,0.0,7.383037,8.874457,8.239541
khanhha_noisy2::noncrack_noncrack_concrete_wall_54_57.jpg.jpg,neutral,khanhha,0.0,7.4077687,8.886568,8.243172
khanhha_noisy2::noncrack_noncrack_concrete_wall_54_72.jpg.jpg,neutral,khanhha,0.0,7.418691,8.861064,8.1895685
khanhha_noisy2::noncrack_noncrack_concrete_wall_55_10.jpg.jpg,neutral,khanhha,0.0,7.545036,8.956988,8.190002
khanhha_noisy2::noncrack_noncrack_concrete_wall_55_24.jpg.jpg,neutral,khanhha,0.0,7.554548,8.967478,8.157901
khanhha_noisy2::noncrack_noncrack_concrete_wall_55_29.jpg.jpg,neutral,khanhha,0.0,7.5352798,8.919478,8.195042
khanhha_noisy2::noncrack_noncrack_concrete_wall_55_32.jpg.jpg,neutral,khanhha,0.0,7.5632925,8.939524,8.212709
khanhha_noisy2::noncrack_noncrack_concrete_wall_55_38.jpg.jpg,neutral,khanhha,0.0,7.5568852,8.98611,8.190762
khanhha_noisy2::noncrack_noncrack_concrete_wall_55_4.jpg.jpg,neutral,khanhha,0.0,7.57743,8.929143,8.21303
khanhha_noisy2::noncrack_noncrack_concrete_wall_55_41.jpg.jpg,neutral,khanhha,0.0,7.5837193,8.917645,8.2329035
khanhha_noisy2::noncrack_noncrack_concrete_wall_55_49.jpg.jpg,neutral,khanhha,0.0,7.566897,8.969413,8.191622
khanhha_noisy2::noncrack_noncrack_concrete_wall_55_6.jpg.jpg,neutral,khanhha,0.0,7.582695,8.9150505,8.229085
khanhha_noisy2::noncrack_noncrack_concrete_wall_57_11.jpg.jpg,neutral,khanhha,0.0,6.6681757,9.070039,7.6825466
khanhha_noisy2::noncrack_noncrack_concrete_wall_57_6.jpg.jpg,neutral,khanhha,0.0,6.6695423,9.088462,7.6383066
khanhha_noisy2::noncrack_noncrack_concrete_wall_58_0.jpg.jpg,neutral,khanhha,0.0,7.312625,8.5208,8.491261
khanhha_noisy2::noncrack_noncrack_concrete_wall_58_11.jpg.jpg,neutral,khanhha,0.0,7.331588,8.526428,8.50242
khanhha_noisy2::noncrack_noncrack_concrete_wall_58_12.jpg.jpg,neutral,khanhha,0.0,7.3295903,8.513259,8.470281
khanhha_noisy2::noncrack_noncrack_concrete_wall_58_13.jpg.jpg,neutral,khanhha,0.0,7.361939,8.5436325,8.441904
khanhha_noisy2::noncrack_noncrack_concrete_wall_58_6.jpg.jpg,neutral,khanhha,0.0,7.327797,8.530176,8.479541
khanhha_noisy2::noncrack_noncrack_concrete_wall_58_8.jpg.jpg,neutral,khanhha,0.0,7.3429418,8.490818,8.516871
khanhha_noisy2::noncrack_noncrack_concrete_wall_59_0.jpg.jpg,neutral,khanhha,0.0,6.814697,9.346827,7.176282
khanhha_noisy2::noncrack_noncrack_concrete_wall_59_3.jpg.jpg,neutral,khanhha,0.0,6.831873,9.376055,7.1622915
khanhha_noisy2::noncrack_noncrack_concrete_wall_5_10.jpg.jpg,neutral,khanhha,0.0,6.657213,9.07123,7.441987
khanhha_noisy2::noncrack_noncrack_concrete_wall_60_13.jpg.jpg,neutral,khanhha,0.0,6.607245,9.471971,7.1383705
khanhha_noisy2::noncrack_noncrack_concrete_wall_60_6.jpg.jpg,neutral,khanhha,0.0,6.6224604,9.473392,7.137936
khanhha_noisy2::noncrack_noncrack_concrete_wall_60_8.jpg.jpg,neutral,khanhha,0.0,6.6234574,9.475471,7.1311145
khanhha_noisy2::noncrack_noncrack_concrete_wall_63_1.jpg.jpg,neutral,khanhha,0.0,7.0766864,9.110344,7.975787
khanhha_noisy2::noncrack_noncrack_concrete_wall_65_0.jpg.jpg,neutral,khanhha,0.0,7.646399,9.265868,7.8571634
khanhha_noisy2::noncrack_noncrack_concrete_wall_65_10.jpg.jpg,neutral,khanhha,0.0,7.5985136,9.266122,7.8220105
khanhha_noisy2::noncrack_noncrack_concrete_wall_66_1.jpg.jpg,neutral,khanhha,0.0,6.897668,8.808547,7.686686
khanhha_noisy2::noncrack_noncrack_concrete_wall_66_10.jpg.jpg,neutral,khanhha,0.0,6.7038746,8.965523,7.4140615
khanhha_noisy2::noncrack_noncrack_concrete_wall_66_21.jpg.jpg,neutral,khanhha,0.0,6.6833005,8.987546,7.3706765
khanhha_noisy2::noncrack_noncrack_concrete_wall_66_8.jpg.jpg,neutral,khanhha,0.0,6.742218,8.9963455,7.418625
khanhha_noisy2::noncrack_noncrack_concrete_wall_67_1.jpg.jpg,neutral,khanhha,0.0,7.2727494,8.553696,8.468647
khanhha_noisy2::noncrack_noncrack_concrete_wall_67_2.jpg.jpg,neutral,khanhha,0.0,7.2907615,8.560426,8.4713335
khanhha_noisy2::noncrack_noncrack_concrete_wall_68_0.jpg.jpg,neutral,khanhha,0.0,7.6540165,9.291743,7.8037267
khanhha_noisy2::noncrack_noncrack_concrete_wall_68_1.jpg.jpg,neutral,khanhha,0.0,7.6491613,9.275152,7.8308415
khanhha_noisy2::noncrack_noncrack_concrete_wall_69_6.jpg.jpg,neutral,khanhha,0.0,6.4170184,8.892994,7.761376
khanhha_noisy2::noncrack_noncrack_concrete_wall_6_0.jpg.jpg,neutral,khanhha,0.0,6.9775863,9.048194,8.048845
khanhha_noisy2::noncrack_noncrack_concrete_wall_70_3.jpg.jpg,neutral,khanhha,0.0,6.427342,9.495476,7.1904125
khanhha_noisy2::noncrack_noncrack_concrete_wall_72_0.jpg.jpg,neutral,khanhha,0.0,7.3567905,9.2178755,7.6606154
khanhha_noisy2::noncrack_noncrack_concrete_wall_73_1.jpg.jpg,neutral,khanhha,0.0,6.439417,9.496941,7.180929
khanhha_noisy2::noncrack_noncrack_concrete_wall_73_2.jpg.jpg,neutral,khanhha,0.0,6.422005,9.513503,7.1847544
khanhha_noisy2::noncrack_noncrack_concrete_wall_73_4.jpg.jpg,neutral,khanhha,0.0,6.409682,9.536002,7.1564646
khanhha_noisy2::noncrack_noncrack_concrete_wall_74_10.jpg.jpg,neutral,khanhha,0.0,7.361076,8.199318,8.071177
khanhha_noisy2::noncrack_noncrack_concrete_wall_75_0.jpg.jpg,neutral,khanhha,0.0,6.276347,9.021263,7.3545885
khanhha_noisy2::noncrack_noncrack_concrete_wall_75_18.jpg.jpg,neutral,khanhha,0.0,6.359159,9.058119,7.3885856
khanhha_noisy2::noncrack_noncrack_concrete_wall_75_24.jpg.jpg,neutral,khanhha,0.0,6.275147,9.022839,7.3837886
khanhha_noisy2::noncrack_noncrack_concrete_wall_76_1.jpg.jpg,neutral,khanhha,0.0,7.375121,8.156616,8.0382595
khanhha_noisy2::noncrack_noncrack_concrete_wall_76_22.jpg.jpg,neutral,khanhha,0.0,7.389002,8.162868,8.037966
khanhha_noisy2::noncrack_noncrack_concrete_wall_76_30.jpg.jpg,neutral,khanhha,0.0,7.393442,8.14831,8.036895
khanhha_noisy2::noncrack_noncrack_concrete_wall_76_36.jpg.jpg,neutral,khanhha,0.0,7.3771753,8.17155,8.037551
khanhha_noisy2::noncrack_noncrack_concrete_wall_76_38.jpg.jpg,neutral,khanhha,0.0,7.389301,8.162225,8.036678
khanhha_noisy2::noncrack_noncrack_concrete_wall_76_49.jpg.jpg,neutral,khanhha,0.0,7.3959336,8.1785,8.02862
khanhha_noisy2::noncrack_noncrack_concrete_wall_76_5.jpg.jpg,neutral,khanhha,0.0,7.382147,8.161102,8.039966
khanhha_noisy2::noncrack_noncrack_concrete_wall_76_62.jpg.jpg,neutral,khanhha,0.0,7.383078,8.137518,8.044281
khanhha_noisy2::noncrack_noncrack_concrete_wall_77_1.jpg.jpg,neutral,khanhha,0.0,6.313632,9.153831,7.4297075
khanhha_noisy2::noncrack_noncrack_concrete_wall_77_5.jpg.jpg,neutral,khanhha,0.0,6.341717,9.133543,7.4308033
khanhha_noisy2::noncrack_noncrack_concrete_wall_79_2.jpg.jpg,neutral,khanhha,0.0,6.5023437,8.924265,7.7607737
khanhha_noisy2::noncrack_noncrack_concrete_wall_79_6.jpg.jpg,neutral,khanhha,0.0,6.903403,8.899697,8.067518
khanhha_noisy2::noncrack_noncrack_concrete_wall_7_0.jpg.jpg,neutral,khanhha,0.0,6.5259686,9.405442,7.2408447
khanhha_noisy2::noncrack_noncrack_concrete_wall_7_1.jpg.jpg,neutral,khanhha,0.0,6.51963,9.3874445,7.2064223
khanhha_noisy2::noncrack_noncrack_concrete_wall_81_4.jpg.jpg,neutral,khanhha,0.0,6.7099805,8.481643,7.775935
khanhha_noisy2::noncrack_noncrack_concrete_wall_82_14.jpg.jpg,neutral,khanhha,0.0,7.045262,10.198162,6.809634
khanhha_noisy2::noncrack_noncrack_concrete_wall_82_23.jpg.jpg,neutral,khanhha,0.0,7.0358515,10.19023,6.8123503
khanhha_noisy2::noncrack_noncrack_concrete_wall_82_24.jpg.jpg,neutral,khanhha,0.0,7.0249624,10.162557,6.836079
khanhha_noisy2::noncrack_noncrack_concrete_wall_82_27.jpg.jpg,neutral,khanhha,0.0,7.047359,10.201613,6.8073316
khanhha_noisy2::noncrack_noncrack_concrete_wall_82_32.jpg.jpg,neutral,khanhha,0.0,7.044374,10.19909,6.8085103
khanhha_noisy2::noncrack_noncrack_concrete_wall_82_4.jpg.jpg,neutral,khanhha,0.0,7.039129,10.187955,6.814899
khanhha_noisy2::noncrack_noncrack_concrete_wall_82_5.jpg.jpg,neutral,khanhha,0.0,7.030542,10.185299,6.819055
khanhha_noisy2::noncrack_noncrack_concrete_wall_83_10.jpg.jpg,neutral,khanhha,0.0,7.0989766,9.136344,8.572499
khanhha_noisy2::noncrack_noncrack_concrete_wall_83_4.jpg.jpg,neutral,khanhha,0.0,7.1003585,9.125864,8.600097
khanhha_noisy2::noncrack_noncrack_concrete_wall_83_9.jpg.jpg,neutral,khanhha,0.0,7.09813,9.113863,8.591356
khanhha_noisy2::noncrack_noncrack_concrete_wall_86_1.jpg.jpg,neutral,khanhha,0.0,7.6380715,9.282902,7.8044477
khanhha_noisy2::noncrack_noncrack_concrete_wall_86_2.jpg.jpg,neutral,khanhha,0.0,7.5751553,9.278261,7.7899256
khanhha_noisy2::noncrack_noncrack_concrete_wall_88_3.jpg.jpg,neutral,khanhha,0.0,7.21306,8.938,8.410353
khanhha_noisy2::noncrack_noncrack_concrete_wall_89_0.jpg.jpg,neutral,khanhha,0.0,7.21854,9.190263,7.6323943
khanhha_noisy2::noncrack_noncrack_concrete_wall_89_1.jpg.jpg,neutral,khanhha,0.0,7.314017,9.188677,7.7272115
khanhha_noisy2::noncrack_noncrack_concrete_wall_91_1.jpg.jpg,neutral,khanhha,0.0,6.867674,8.905721,7.6544595
khanhha_noisy2::noncrack_noncrack_concrete_wall_92_7.jpg.jpg,neutral,khanhha,0.0,6.922989,9.071395,7.7532396
khanhha_noisy2::noncrack_noncrack_concrete_wall_93_5.jpg.jpg,neutral,khanhha,0.0,7.160964,9.187395,7.853497
khanhha_noisy2::noncrack_noncrack_concrete_wall_94_4.jpg.jpg,neutral,khanhha,0.0,6.60581,9.031523,7.3198953
khanhha_noisy2::noncrack_noncrack_concrete_wall_96_1.jpg.jpg,neutral,khanhha,0.0,7.3569903,9.277097,7.8216496
khanhha_noisy2::noncrack_noncrack_concrete_wall_96_12.jpg.jpg,neutral,khanhha,0.0,7.338158,9.2804575,7.780261
khanhha_noisy2::noncrack_noncrack_concrete_wall_96_2.jpg.jpg,neutral,khanhha,0.0,7.321292,9.267734,7.8242188
khanhha_noisy2::noncrack_noncrack_concrete_wall_96_27.jpg.jpg,neutral,khanhha,0.0,7.333671,9.291438,7.78148
khanhha_noisy2::noncrack_noncrack_concrete_wall_99_2.jpg.jpg,neutral,khanhha,0.0,7.593831,9.29867,7.794903
khanhha_noisy2::noncrack_noncrack_concrete_wall_9_14.jpg.jpg,neutral,khanhha,0.0,6.8852897,9.336464,7.250712
khanhha_noisy2::noncrack_noncrack_concrete_wall_9_22.jpg.jpg,neutral,khanhha,0.0,6.876455,9.335642,7.235418
khanhha_noisy2::noncrack_noncrack_concrete_wall_9_29.jpg.jpg,neutral,khanhha,0.0,6.8611836,9.36634,7.1903987
khanhha_noisy2::noncrack_noncrack_concrete_wall_9_32.jpg.jpg,neutral,khanhha,0.0,6.876708,9.352754,7.2349377
khanhha_noisy2::noncrack_noncrack_concrete_wall_9_33.jpg.jpg,neutral,khanhha,0.0,6.8460426,9.336545,7.2164483
road420::2023_10_30_15_44_IMG_5888.jpg,improved,road420,0.1932314162953893,12.407185,-1.4958898,5.558818
road420::2023_10_30_15_44_IMG_5889.jpg,improved,road420,0.0886296260164824,12.147908,-1.0268098,5.7916565
road420::2023_10_30_15_44_IMG_5890.jpg,improved,road420,0.2660679697129776,12.2914505,-1.2282898,5.652523
road420::2023_10_30_15_45_IMG_5891.jpg,degraded,road420,-0.1335102624688247,12.198366,-1.6256475,5.7635727
road420::2023_10_30_15_47_IMG_5893.jpg,degraded,road420,-0.4370697546686195,12.071062,-0.94356066,5.8976455
road420::2023_10_30_15_47_IMG_5894.jpg,degraded,road420,-0.05257069405432,11.517291,-1.4661943,6.021064
road420::2023_10_30_15_48_IMG_5895.jpg,improved,road420,0.0852623361246825,11.642601,-1.7386478,5.9100904
road420::2023_10_30_15_48_IMG_5896.jpg,degraded,road420,-0.1831788392807295,11.691674,-1.7579057,5.913702
road420::2023_10_30_15_48_IMG_5897.jpg,degraded,road420,-0.0878176110056961,11.92368,-1.5281911,6.0535808
road420::2023_10_30_15_49_IMG_5898.jpg,degraded,road420,-0.129595800034885,11.638462,-1.7142745,5.925359
road420::2023_10_30_15_49_IMG_5899.jpg,degraded,road420,-0.3251379647061677,11.790489,-1.8056648,6.0472426
road420::2023_10_30_15_49_IMG_5901.jpg,improved,road420,0.1296771717588296,12.337774,-1.5963364,5.6650915
road420::2023_10_30_15_50_IMG_5903.jpg,improved,road420,0.1223921338545619,12.046473,-0.95280874,5.8844714
road420::2023_10_30_15_50_IMG_5905.jpg,improved,road420,0.0134697073841744,11.861871,-1.112041,6.002672
road420::2023_10_30_15_51_IMG_5906.jpg,improved,road420,0.0467974773893788,11.641229,-1.678464,5.8579626
road420::2023_10_30_15_51_IMG_5908.jpg,improved,road420,0.0299452716315266,11.623646,-1.383327,6.1213717
road420::2023_10_30_15_52_IMG_5909.jpg,degraded,road420,-0.0236206596286374,11.716941,-1.5032994,5.949309
road420::2023_10_30_15_52_IMG_5910.jpg,degraded,road420,-0.0234075462396416,11.524522,-1.6299467,5.986127
road420::2023_10_30_15_53_IMG_5912.jpg,improved,road420,0.1501284492262869,11.991114,-0.96235746,5.877911
road420::2023_10_30_15_53_IMG_5914.jpg,improved,road420,0.0252614660161669,11.848655,-1.1592548,5.967257
road420::2023_10_30_15_54_IMG_5916.jpg,improved,road420,0.2127259139873819,12.02398,-0.9867949,5.8294697
road420::2023_10_30_15_55_IMG_5917.jpg,improved,road420,0.2845360716561712,11.929959,-0.95766044,6.0209894
road420::2023_10_30_15_55_IMG_5918.jpg,degraded,road420,-0.1174440297101808,11.898465,-1.070786,6.0036774
road420::2023_10_30_15_56_IMG_5919.jpg,improved,road420,0.0370503000726863,11.481118,-1.4253808,5.957672
road420::2023_10_30_15_57_IMG_5920.jpg,degraded,road420,-0.2151884597487203,11.630968,-1.5407423,6.137559
road420::2023_10_30_15_57_IMG_5921.jpg,degraded,road420,-0.3864541736611946,11.738122,-1.3785207,6.1753616
road420::2023_10_30_15_57_IMG_5922.jpg,improved,road420,0.12937140390327,11.63037,-1.6789176,5.895274
road420::2023_10_30_15_57_IMG_5923.jpg,degraded,road420,-0.1832898353704763,11.610152,-1.3388001,6.1800804
road420::2023_10_30_15_59_IMG_5926.jpg,improved,road420,0.2051354133222069,11.649257,-1.6197767,5.833135
road420::2023_10_30_15_59_IMG_5927.jpg,degraded,road420,-0.187181708953226,11.957714,-0.8953035,6.0323057
road420::2023_10_30_16_00_IMG_5928.jpg,neutral,road420,-0.0061840806722026,11.58664,-1.7315533,5.9865317
road420::2023_10_30_16_01_IMG_5930.jpg,degraded,road420,-0.3406574214829388,11.756794,-1.8238991,6.061288
road420::2023_10_30_16_15_IMG_5932.jpg,improved,road420,0.0138888317588288,11.997181,-1.7782855,5.982996
road420::2023_10_30_16_15_IMG_5933.jpg,improved,road420,0.1009597174012811,12.167505,-1.8358308,5.8264875
road420::2023_10_30_16_15_IMG_5934.jpg,improved,road420,0.4214300760230559,11.803158,-1.591188,5.875006
road420::2023_10_30_16_15_IMG_5935.jpg,degraded,road420,-0.0667175313105515,11.941921,-0.93901736,6.0926385
road420::2023_10_30_16_15_IMG_5936.jpg,degraded,road420,-0.0518931071112857,11.729222,-1.6310399,6.0838175
road420::2023_10_30_16_16_IMG_5938.jpg,neutral,road420,0.0060607913409348,11.3855295,-1.2118671,6.121503
road420::2023_10_30_16_16_IMG_5939.jpg,improved,road420,0.0196649856977422,11.814985,-1.4406177,6.006951
road420::2023_10_30_16_17_IMG_5940.jpg,degraded,road420,-0.0483121394905973,11.528632,-1.5813732,5.979889
road420::2023_10_30_16_17_IMG_5941.jpg,improved,road420,0.0617850869112098,11.763523,-1.7101557,5.807026
road420::2023_10_30_16_17_IMG_5942.jpg,degraded,road420,-0.0327806735136608,11.710523,-1.725404,5.8358073
road420::2023_10_30_16_17_IMG_5943.jpg,improved,road420,0.0444009028572932,11.536997,-1.4623586,5.9879694
road420::2023_10_30_16_17_IMG_5944.jpg,degraded,road420,-0.0229867407594346,11.517755,-1.6623896,6.0127583
road420::2023_10_30_16_18_IMG_5945.jpg,degraded,road420,-0.0464393662421993,11.594902,-1.7328389,5.9593196
road420::2023_10_30_16_18_IMG_5946.jpg,neutral,road420,-0.0005899669131957,11.838364,-1.1423361,5.9904876
road420::2023_10_30_16_18_IMG_5947.jpg,degraded,road420,-0.0461882779419838,11.786565,-1.6425452,5.8795466
road420::2023_10_30_16_18_IMG_5948.jpg,degraded,road420,-0.0423037014424919,11.512948,-1.456926,5.959494
road420::2023_10_30_16_18_IMG_5949.jpg,degraded,road420,-0.027474754248045,11.577431,-1.5894256,6.0120225
road420::2023_10_30_16_18_IMG_5950.jpg,degraded,road420,-0.043783225475525,11.632188,-1.6523898,6.003196
road420::2023_10_30_16_18_IMG_5951.jpg,degraded,road420,-0.0303516547645706,11.438365,-1.4177352,6.0381956
road420::2023_10_30_16_19_IMG_5953.jpg,neutral,road420,-0.0042157715154127,11.627279,-1.7750992,5.894508
road420::2023_10_30_16_20_IMG_5955.jpg,degraded,road420,-0.1242403781228899,11.992846,-1.644365,5.699908
road420::2023_10_30_16_20_IMG_5956.jpg,improved,road420,0.0781951141199482,12.299361,-1.4464674,5.642259
road420::2023_10_30_16_21_IMG_5957.jpg,degraded,road420,-0.0433669175253846,11.89011,-1.7732316,5.8929276
road420::2023_10_30_16_21_IMG_5958.jpg,improved,road420,0.0824612139324921,12.29527,-1.6917386,5.6983423
road420::2023_10_30_16_21_IMG_5959.jpg,improved,road420,0.033027171001309,12.318493,-1.188227,5.728931
road420::2023_10_30_16_21_IMG_5960.jpg,degraded,road420,-0.0549027496705932,11.58259,-1.3174906,5.946617
road420::2023_10_30_16_22_IMG_5961.jpg,neutral,road420,0.0084018995119685,12.303431,-1.512521,5.6536465
road420::2023_10_30_16_22_IMG_5962.jpg,neutral,road420,-0.000407913207254,12.060617,-1.6776909,5.7276506
road420::2023_10_30_16_22_IMG_5963.jpg,improved,road420,0.0497031604679588,12.076368,-1.6700083,5.7589717
road420::2023_10_30_16_22_IMG_5964.jpg,neutral,road420,-0.0072402830478924,11.923076,-1.6813507,5.6919837
road420::2023_10_30_16_23_IMG_5965.jpg,neutral,road420,-0.0080731635175627,11.986273,-1.6076851,5.7894006
road420::2023_10_30_16_23_IMG_5966.jpg,degraded,road420,-0.0257270386175034,11.998468,-1.0976218,5.909867
road420::2023_10_30_16_23_IMG_5967.jpg,degraded,road420,-0.074030855950557,12.064223,-1.6394058,5.8623734
road420::2023_10_30_16_23_IMG_5968.jpg,degraded,road420,-0.2069304794985234,12.158679,-1.8776481,5.832317
road420::2023_10_30_16_23_IMG_5969.jpg,improved,road420,0.1652040852389481,12.204361,-1.6112005,5.680196
road420::2023_10_30_16_24_IMG_5970.jpg,degraded,road420,-0.123316144525744,12.023201,-0.91875297,5.946833
road420::2023_10_30_16_24_IMG_5971.jpg,improved,road420,0.2586514530765401,12.009615,-1.6264397,5.6676874
road420::2023_10_30_16_25_IMG_5972.jpg,degraded,road420,-0.0451298699322174,11.930696,-1.4004629,5.9128747
road420::2023_10_30_16_25_IMG_5973.jpg,improved,road420,0.0931958279052065,11.934442,-1.7419825,5.7841935
road420::2023_10_30_16_25_IMG_5974.jpg,improved,road420,0.0463036257862014,12.29067,-1.1235623,5.769247
road420::2023_10_30_16_25_IMG_5975.jpg,degraded,road420,-0.1445431183930295,12.0647545,-0.8828144,5.934421
road420::2023_10_30_16_25_IMG_5976.jpg,degraded,road420,-0.0974819765858756,11.959927,-1.1167024,5.912083
road420::2023_10_30_16_26_IMG_5977.jpg,degraded,road420,-0.0676709957226309,12.08494,-1.0355794,5.8241544
road420::2023_10_30_16_27_IMG_5978.jpg,improved,road420,0.2423321359491572,12.339482,-1.3084177,5.664915
road420::2023_10_30_16_27_IMG_5980.jpg,improved,road420,0.2043138444309644,11.78662,-1.6892016,5.7414117
road420::2023_10_30_16_28_IMG_5981.jpg,improved,road420,0.0873530658657447,12.086297,-1.6281463,5.6671777
road420::2023_10_30_16_28_IMG_5982.jpg,degraded,road420,-0.0538865995745378,12.197612,-1.4903668,5.673252
road420::2023_10_30_16_29_IMG_5983.jpg,degraded,road420,-0.0294786799065419,11.686562,-1.7356162,6.113011
road420::2023_10_30_16_29_IMG_5984.jpg,improved,road420,0.1093790736073694,11.609971,-1.6153877,5.9045897
road420::2023_10_30_16_30_IMG_5985.jpg,improved,road420,0.0298276658218566,11.625184,-1.3683225,5.9408946
road420::2023_10_30_16_30_IMG_5986.jpg,neutral,road420,0.0094744669318567,11.357506,-1.1373914,6.1517916
road420::2023_10_30_16_30_IMG_5987.jpg,neutral,road420,0.0024580571476077,11.498506,-1.5905093,5.994797
road420::2023_10_30_16_30_IMG_5988.jpg,improved,road420,0.0153033289638015,11.536452,-1.4351003,6.0295506
road420::2023_10_30_16_30_IMG_5989.jpg,degraded,road420,-0.112087962077161,11.686342,-1.2683955,6.0016255
road420::2023_10_30_16_31_IMG_5992.jpg,improved,road420,0.0220757648058351,11.656052,-1.4429606,6.1923747
road420::2023_10_30_16_32_IMG_5993.jpg,degraded,road420,-0.0958902524897835,11.984284,-0.96133965,5.9039197
road420::2023_10_30_16_32_IMG_5994.jpg,improved,road420,0.2902804287182499,11.577119,-1.6206181,5.8664556
road420::2023_10_30_16_32_IMG_5995.jpg,improved,road420,0.3113361741419537,11.604564,-1.6855817,5.8841968
road420::2023_10_30_16_32_IMG_5996.jpg,neutral,road420,-0.0049078936895453,11.960078,-1.8923285,6.0160832
road420::2023_10_30_16_33_IMG_5999.jpg,improved,road420,0.1072030532731341,11.568355,-1.7468913,5.8573117
road420::2023_10_30_16_33_IMG_6001.jpg,improved,road420,0.2042278104899446,11.637155,-1.7710912,5.86586
road420::2023_10_30_16_33_IMG_6002.jpg,improved,road420,0.3680941484145145,11.96967,-1.536628,5.8433323
road420::2023_10_30_16_33_IMG_6003.jpg,improved,road420,0.123619657980142,11.665477,-1.766202,5.9237304
road420::2023_10_30_16_34_IMG_6005.jpg,degraded,road420,-0.3686681375010534,11.62277,-1.7115904,6.056739
road420::2023_10_30_16_38_IMG_6011.jpg,improved,road420,0.0181428135351776,12.30671,-1.7858809,5.714561
road420::2023_10_30_16_39_IMG_6012.jpg,degraded,road420,-0.0628777325986229,12.00688,-1.7975814,6.0445485
road420::2023_10_30_16_39_IMG_6014.jpg,improved,road420,0.1533809645502586,12.075058,-1.6489135,5.6873426
road420::2023_10_30_16_39_IMG_6015.jpg,improved,road420,0.0686835656598785,12.282542,-1.8152202,5.743973
road420::2023_10_30_16_39_IMG_6016.jpg,improved,road420,0.0543917448355909,12.2760935,-1.8260914,5.7534347
road420::2023_10_30_16_40_IMG_6017.jpg,degraded,road420,-0.0319820708708031,12.102016,-1.8007163,5.9170175
road420::2023_10_30_16_40_IMG_6018.jpg,degraded,road420,-0.0338796303729138,12.062401,-1.8550009,5.834581
road420::2023_10_30_16_40_IMG_6019.jpg,degraded,road420,-0.0841545043311911,12.012173,-1.7006975,5.9834046
road420::2023_10_30_16_41_IMG_6021.jpg,improved,road420,0.0144470557514035,12.271033,-1.6389539,5.617147
road420::2023_10_30_16_41_IMG_6022.jpg,improved,road420,0.0403423720540251,12.198196,-1.8597106,5.777315
road420::2023_10_30_16_41_IMG_6023.jpg,degraded,road420,-0.0849645282605226,12.084099,-1.8263844,5.8109045
road420::2023_10_30_16_41_IMG_6024.jpg,degraded,road420,-0.0413331103011064,12.031747,-1.7298775,5.8866673
road420::2023_10_30_16_41_IMG_6025.jpg,improved,road420,0.1504677712001327,11.67285,-1.7499484,5.902639
road420::2023_10_30_16_41_IMG_6026.jpg,degraded,road420,-0.1182738427987916,11.722694,-1.7864597,5.8781343
road420::2023_10_30_16_41_IMG_6027.jpg,improved,road420,0.0445596602769367,12.082479,-1.9095156,5.881315
road420::2023_10_30_16_41_IMG_6028.jpg,degraded,road420,-0.0413576883834732,11.630788,-1.8061683,6.0468063
road420::2023_10_30_16_41_IMG_6029.jpg,degraded,road420,-0.4071619338145232,12.068717,-1.711727,5.77722
road420::2023_10_30_16_42_IMG_6030.jpg,degraded,road420,-0.0332029820208883,12.139934,-1.6143544,5.7639384
road420::2023_10_30_16_43_IMG_6031.jpg,improved,road420,0.1827134036760285,12.330517,-1.6127733,5.6121755
road420::2023_10_30_16_44_IMG_6033.jpg,degraded,road420,-0.6802705315293878,12.335179,-1.2321742,5.7182198
road420::2023_10_30_16_44_IMG_6034.jpg,degraded,road420,-0.29238754741774,11.904996,-1.6884301,6.044457
road420::2023_10_30_16_44_IMG_6035.jpg,degraded,road420,-0.0364858415124425,11.876464,-1.1525598,5.9489055
road420::2023_10_30_16_44_IMG_6036.jpg,improved,road420,0.0847690629724148,11.946559,-1.0334198,5.914131
road420::2023_10_30_16_45_IMG_6037.jpg,improved,road420,0.0569662423934032,11.440012,-1.5528486,5.974788
road420::2023_10_30_16_46_IMG_6039.jpg,improved,road420,0.0764054676375556,4.0352755,7.773928,4.9824953
road420::2023_10_30_16_46_IMG_6042.jpg,degraded,road420,-0.2744754047242967,12.073793,-1.2573496,5.9680834
road420::2023_10_30_16_47_IMG_6043.jpg,improved,road420,0.119159688930726,12.272112,-1.7150525,5.746367
road420::2023_10_30_16_47_IMG_6044.jpg,improved,road420,0.0471840982728544,12.278721,-1.7768594,5.739171
road420::2023_10_30_16_47_IMG_6046.jpg,improved,road420,0.2925705419502513,11.700924,-1.5645902,6.014973
road420::2023_10_30_16_47_IMG_6047.jpg,improved,road420,0.0952390957346677,11.539359,-1.6273085,5.9035506
road420::2023_10_30_16_48_IMG_6049.jpg,improved,road420,0.2651565183846389,12.1523285,-1.7889146,5.727937
road420::2023_10_30_16_48_IMG_6050.jpg,degraded,road420,-0.0752725800377557,11.584755,-1.4881854,6.061934
road420::2023_10_30_16_48_IMG_6051.jpg,degraded,road420,-0.1468401979002118,11.66336,-1.6380756,6.0870934
road420::2023_10_30_16_49_IMG_6052.jpg,improved,road420,0.0294281279864704,11.693207,-1.7198493,5.8690505
road420::2023_10_30_16_49_IMG_6053.jpg,degraded,road420,-0.0656337733313134,11.632275,-1.820907,6.0160503
road420::2023_10_30_16_49_IMG_6054.jpg,degraded,road420,-0.1297161050864449,11.488343,-1.6874948,5.9873037
road420::2023_10_30_16_49_IMG_6056.jpg,degraded,road420,-0.0999281967822649,11.489975,-1.6139144,5.9362493
road420::2023_10_30_16_53_IMG_6062.jpg,degraded,road420,-0.3775136704839377,11.891698,-1.880191,6.022581
road420::2023_10_30_16_53_IMG_6064.jpg,improved,road420,0.0435264549576336,11.973498,-1.7892324,6.091505
road420::2023_10_30_16_55_IMG_6068.jpg,degraded,road420,-0.1298549496431875,11.875894,-1.8348604,5.978364
road420::2023_10_30_16_55_IMG_6069.jpg,improved,road420,0.239562356718204,11.965212,-1.8633981,5.9803243
road420::2023_10_30_16_55_IMG_6072.jpg,improved,road420,0.0628522135201893,11.748636,-1.7715406,5.894144
road420::2023_10_30_16_55_IMG_6073.jpg,neutral,road420,0.0033110752115864,11.878766,-1.9160392,5.974748
road420::2023_10_30_16_56_IMG_6074.jpg,improved,road420,0.047260842358315,11.910496,-1.6822594,6.1296363
road420::2023_10_30_16_56_IMG_6075.jpg,degraded,road420,-0.393083031248306,11.862158,-1.8113017,6.1810975
road420::2023_10_30_16_56_IMG_6076.jpg,improved,road420,0.249389790403967,12.061024,-1.8108416,6.0459595
road420::2023_10_30_16_57_IMG_6077.jpg,improved,road420,0.1933286416991961,11.986322,-1.8214946,6.0631633
road420::2023_10_30_16_57_IMG_6078.jpg,degraded,road420,-0.0795075089481608,11.903146,-1.7120279,6.1156397
road420::2023_10_30_16_57_IMG_6079.jpg,improved,road420,0.0318373056992378,12.03682,-1.7725099,6.0220666
road420::2023_10_30_16_57_IMG_6080.jpg,degraded,road420,-0.057777661793992,11.671031,-1.8073981,5.943853
road420::2023_10_30_16_57_IMG_6081.jpg,improved,road420,0.2644691221194095,11.952425,-1.8497857,6.050654
road420::2023_10_30_16_57_IMG_6082.jpg,degraded,road420,-0.0752316335881398,11.760839,-1.7486752,6.1867127
road420::2023_10_30_16_57_IMG_6083.jpg,improved,road420,0.0926892167446323,11.964561,-1.8407992,6.0729136
road420::2023_10_30_16_58_IMG_6084.jpg,degraded,road420,-0.1451630211149841,11.787267,-1.713533,6.2048783
road420::2023_10_30_16_58_IMG_6085.jpg,improved,road420,0.0251401120896717,11.665051,-1.7195151,5.969004
road420::2023_10_30_16_58_IMG_6086.jpg,degraded,road420,-0.0590407195795876,11.755829,-1.7469143,6.1303864
road420::2023_10_30_16_58_IMG_6087.jpg,improved,road420,0.1018318905621963,12.007939,-1.8251134,6.090124
road420::2023_10_30_16_58_IMG_6088.jpg,degraded,road420,-0.0217437072300952,11.686722,-1.8518069,5.9962645
road420::2023_10_30_16_58_IMG_6089.jpg,neutral,road420,0.0050534615381262,11.792436,-1.8249831,6.041445
road420::2023_10_30_16_59_IMG_6090.jpg,neutral,road420,-0.0042241365602081,11.978894,-1.7869158,6.1665025
road420::2023_10_30_16_59_IMG_6091.jpg,improved,road420,0.2760150280833963,11.994117,-1.9121666,5.9085364
road420::2023_10_30_16_59_IMG_6092.jpg,degraded,road420,-0.0326061313019439,11.904554,-1.8900337,5.9780912
road420::2023_10_30_16_59_IMG_6093.jpg,degraded,road420,-0.4772961102459458,11.886973,-1.9713391,6.085693
road420::2023_10_30_16_59_IMG_6095.jpg,degraded,road420,-0.2931168550478462,12.014391,-1.8436733,5.933208
road420::2023_10_30_16_59_IMG_6096.jpg,degraded,road420,-0.2983756725874918,11.913468,-1.7410936,6.196557
road420::2023_10_30_16_59_IMG_6097.jpg,degraded,road420,-0.0513275375090194,12.05435,-1.7727276,6.060789
road420::2023_10_30_17_00_IMG_6098.jpg,degraded,road420,-0.2082472305770911,11.9157,-1.9383477,6.0744677
road420::2023_10_30_17_00_IMG_6099.jpg,neutral,road420,-0.0094165538023504,11.801129,-1.6091785,6.2754664
road420::2023_10_30_17_00_IMG_6100.jpg,degraded,road420,-0.1450564409468719,11.771293,-1.6169393,6.238579
road420::2023_10_30_17_01_IMG_6103.jpg,degraded,road420,-0.3454822498202231,11.908891,-1.8990788,6.101444
road420::2023_10_30_17_01_IMG_6104.jpg,degraded,road420,-0.0746514439279839,11.999665,-1.1247467,5.909847
road420::2023_10_30_17_01_IMG_6105.jpg,improved,road420,0.1032766775819949,11.977956,-1.8421719,6.1062417
road420::2023_10_30_17_01_IMG_6106.jpg,degraded,road420,-0.2011980739120063,11.889472,-1.8556454,6.1436033
road420::2023_10_30_17_01_IMG_6107.jpg,degraded,road420,-0.0549767075964351,11.750099,-1.5918627,6.2700324
road420::2023_10_30_17_01_IMG_6108.jpg,degraded,road420,-0.0236208980325328,11.861597,-1.872487,6.1920176
road420::2023_10_30_17_02_IMG_6109.jpg,improved,road420,0.1213598536120719,11.97353,-1.8635643,6.064231
road420::2023_10_30_17_02_IMG_6110.jpg,neutral,road420,0.0010965777917287,12.093881,-1.4656241,5.8221564
road420::2023_10_30_17_02_IMG_6111.jpg,improved,road420,0.0818920521436844,12.045949,-1.4741169,5.981694
road420::2023_10_30_17_02_IMG_6112.jpg,degraded,road420,-0.2217272894092583,11.875188,-1.8493057,6.138005
road420::2023_10_30_17_02_IMG_6113.jpg,improved,road420,0.0776162283708923,12.003661,-1.7004997,6.1346374
road420::2023_10_30_17_03_IMG_6114.jpg,degraded,road420,-0.1644723508357958,11.88459,-1.791433,6.17293
road420::2023_10_30_17_03_IMG_6115.jpg,neutral,road420,-0.0016244649311281,11.866741,-1.8724483,6.02743
road420::2023_10_30_17_03_IMG_6116.jpg,degraded,road420,-0.0781627524266349,11.7672415,-1.8539454,6.0625176
road420::2023_10_30_17_03_IMG_6117.jpg,degraded,road420,-0.3914208630531163,11.890125,-1.8715254,6.0325284
road420::2023_10_30_17_03_IMG_6118.jpg,improved,road420,0.0456522803786446,11.909633,-1.8937249,6.016974
road420::2023_10_30_17_03_IMG_6120.jpg,degraded,road420,-0.4022656005433196,11.923251,-1.9435173,6.0706177
road420::2023_10_30_17_03_IMG_6121.jpg,improved,road420,0.256715113251271,12.012511,-1.9010378,5.8476353
road420::2023_10_30_17_03_IMG_6122.jpg,improved,road420,0.163735223053211,11.90201,-1.9220561,6.0386224
road420::2023_10_30_17_03_IMG_6123.jpg,improved,road420,0.3099641336023313,12.053151,-1.8942308,5.911779
road420::2023_10_30_17_04_IMG_6124.jpg,improved,road420,0.3941674480648002,12.05864,-1.8382703,6.006413
road420::2023_10_30_17_04_IMG_6125.jpg,improved,road420,0.0350597820942368,11.952628,-1.8976051,6.0930414
road420::2023_10_30_17_04_IMG_6126.jpg,improved,road420,0.3211765577282779,12.048928,-1.7125186,6.0891004
road420::2023_10_30_17_04_IMG_6127.jpg,neutral,road420,-0.0072122758766594,11.938539,-1.9826492,6.0458164
road420::2023_10_30_17_04_IMG_6128.jpg,improved,road420,0.1148807539066585,12.077751,-1.9346362,5.922608
road420::2023_10_30_17_05_IMG_6130.jpg,improved,road420,0.1220836966094963,12.076001,-1.9046717,5.935194
road420::2023_10_30_17_05_IMG_6131.jpg,improved,road420,0.2625963371376014,12.26252,-1.6098254,5.672423
road420::2023_10_30_17_05_IMG_6132.jpg,degraded,road420,-0.1894812858846807,11.95757,-1.8435512,6.0478334
road420::2023_10_30_17_05_IMG_6133.jpg,degraded,road420,-0.1472333555144414,11.843722,-1.9136872,6.004777
road420::2023_10_30_17_06_IMG_6135.jpg,degraded,road420,-0.3371873708143861,11.983245,-1.9434828,6.0326166
road420::2023_10_30_17_06_IMG_6136.jpg,degraded,road420,-0.0136251894258292,11.689945,-1.8555735,6.130584
road420::2023_10_30_17_06_IMG_6137.jpg,improved,road420,0.0180830919086734,11.670408,-1.7985517,6.122619
road420::2023_10_30_17_06_IMG_6138.jpg,degraded,road420,-0.272049892025675,12.046106,-1.9859444,5.9948473
road420::2023_10_30_17_06_IMG_6139.jpg,degraded,road420,-0.189134248678526,11.965301,-1.8877647,5.964465
road420::2023_10_30_17_07_IMG_6140.jpg,improved,road420,0.0778426411216353,12.030514,-1.9256734,6.013035
road420::2023_10_30_17_08_IMG_6141.jpg,degraded,road420,-0.3459201955241356,11.9510975,-1.9743615,6.0784187
road420::2023_10_30_17_08_IMG_6142.jpg,improved,road420,0.0315719639781931,12.106435,-1.3333496,5.880842
road420::2023_10_30_17_08_IMG_6143.jpg,degraded,road420,-0.1515047456208557,11.688857,-1.6179557,6.219903
road420::2023_10_30_17_20_IMG_6145.jpg,improved,road420,0.1021781876002669,12.317511,-1.5905361,5.7050753
road420::2023_10_30_17_21_IMG_6146.jpg,degraded,road420,-0.3210453453587228,11.938387,-1.8026288,6.0932794
road420::2023_10_30_17_21_IMG_6148.jpg,improved,road420,0.0896325572111061,12.217969,-1.8160547,5.7047186
road420::2023_10_30_17_22_IMG_6149.jpg,degraded,road420,-0.0265126834855408,11.938808,-1.8242971,6.100645
road420::2023_10_30_17_23_IMG_6150.jpg,neutral,road420,-0.0007739869420197,12.364633,-1.6096447,5.51282
road420::2023_10_30_17_24_IMG_6152.jpg,neutral,road420,0.0099333106554539,8.495787,3.5401356,8.5399685
road420::2023_10_30_17_25_IMG_6153.jpg,degraded,road420,-0.13950587124577,11.582238,-1.6690029,5.9478
road420::2023_10_30_17_25_IMG_6154.jpg,degraded,road420,-0.0626713072280351,11.605843,-1.6123955,6.0141835
road420::2023_10_30_17_26_IMG_6155.jpg,degraded,road420,-0.0153862276103962,11.68984,-1.7297196,5.854486
road420::2023_10_30_17_27_IMG_6156.jpg,degraded,road420,-0.1613280956039113,11.666178,-1.6001514,5.89607
road420::2023_10_30_17_28_IMG_6157.jpg,improved,road420,0.1243221501424777,12.131632,-1.9291629,5.865467
road420::2023_10_30_17_28_IMG_6158.jpg,improved,road420,0.1189946331580309,12.134524,-1.9271766,5.8808494
road420::2023_10_30_17_28_IMG_6159.jpg,degraded,road420,-0.0711167634545352,12.1312475,-1.9002726,5.842971
road420::2023_10_30_17_28_IMG_6160.jpg,improved,road420,0.2104506275245239,12.159635,-1.8898392,5.845042
road420::2023_10_30_17_28_IMG_6161.jpg,degraded,road420,-0.4149796178240847,11.934984,-1.9223781,6.1227074
road420::2023_10_30_17_29_IMG_6162.jpg,improved,road420,0.4099082473918144,12.260446,-1.7905277,5.717664
road420::2023_10_30_17_30_IMG_6163.jpg,degraded,road420,-0.0209997042295179,12.333118,-1.1913189,5.7384615
road420::2023_10_30_17_30_IMG_6164.jpg,degraded,road420,-0.0462659189710842,12.36545,-1.3059202,5.659981
road420::2023_10_30_17_30_IMG_6165.jpg,improved,road420,0.0857540606649522,12.327719,-1.6137718,5.6010675
road420::2023_10_30_17_30_IMG_6166.jpg,neutral,road420,0.0034909552523008,12.392458,-1.5506587,5.60657
road420::2023_10_30_17_30_IMG_6167.jpg,neutral,road420,0.0002511931675458,12.434625,-1.4587107,5.553373
road420::2023_10_30_17_31_IMG_6168.jpg,improved,road420,0.1231058482766458,12.322222,-1.6219473,5.6305723
road420::2023_10_30_17_31_IMG_6169.jpg,improved,road420,0.2431944602362715,12.1713505,-1.8936859,5.824651
road420::2023_10_30_17_31_IMG_6170.jpg,degraded,road420,-0.0176607343422102,12.244352,-1.6247059,5.713855
road420::2023_10_30_17_31_IMG_6171.jpg,improved,road420,0.2975432746163244,12.260478,-1.7697841,5.702641
road420::2023_10_30_17_31_IMG_6172.jpg,degraded,road420,-0.3180865255684202,12.111356,-1.8948559,5.8308754
road420::2023_10_30_17_31_IMG_6173.jpg,neutral,road420,-0.0060449050086355,12.324191,-1.6761484,5.64623
road420::2023_10_30_17_32_IMG_6174.jpg,degraded,road420,-0.1932999922309036,12.169603,-1.6641532,5.672357
road420::2023_10_30_17_32_IMG_6175.jpg,improved,road420,0.0913467274477401,12.355571,-1.6286119,5.6167803
road420::2023_10_30_17_32_IMG_6176.jpg,degraded,road420,-0.0990477486637019,12.210092,-1.5921756,5.829195
road420::2023_10_30_17_33_IMG_6177.jpg,degraded,road420,-0.0732743853050023,12.273818,-1.7531357,5.7025304
road420::2023_10_30_17_33_IMG_6178.jpg,degraded,road420,-0.0358227079538555,12.278576,-1.6103768,5.7540193
road420::2023_10_30_17_33_IMG_6179.jpg,improved,road420,0.022255728260095,12.348697,-1.326988,5.685001
road420::2023_10_30_17_33_IMG_6180.jpg,improved,road420,0.3051886379551821,12.342485,-1.2816789,5.700582
road420::2023_10_30_17_34_IMG_6181.jpg,improved,road420,0.1314394631753244,12.277269,-1.7992234,5.752804
road420::2023_10_30_17_34_IMG_6182.jpg,degraded,road420,-0.1104986375793166,12.238527,-1.8929024,5.7862244
road420::2023_10_30_17_34_IMG_6183.jpg,degraded,road420,-0.0935283687943262,12.269645,-1.7738348,5.7012506
road420::2023_10_30_17_34_IMG_6184.jpg,degraded,road420,-0.1395810220002974,12.246057,-1.6399872,5.7135634
road420::2023_10_30_17_35_IMG_6186.jpg,improved,road420,0.0513013956997359,12.346519,-1.8028624,5.6808314
road420::2023_10_30_17_35_IMG_6187.jpg,improved,road420,0.0740792143266814,12.300968,-1.7944455,5.704897
road420::2023_10_30_17_35_IMG_6188.jpg,improved,road420,0.0127282278792124,12.363458,-1.6520556,5.6192646
road420::2023_10_30_17_35_IMG_6189.jpg,improved,road420,0.1195488665593773,12.273945,-1.7349855,5.6957073
road420::2023_10_30_17_36_IMG_6190.jpg,improved,road420,0.1913075070239199,12.317823,-1.7456387,5.64448
road420::2023_10_30_17_36_IMG_6192.jpg,improved,road420,0.0502801962343177,12.290282,-1.8318406,5.712336
road420::2023_10_30_17_36_IMG_6193.jpg,improved,road420,0.0229858169397759,12.253204,-1.6372026,5.6653986
road420::2023_10_30_17_36_IMG_6194.jpg,neutral,road420,-0.0095574376486625,12.149979,-1.9061284,5.856301
road420::2023_10_30_17_36_IMG_6195.jpg,degraded,road420,-0.0113482201801373,12.018027,-1.8044529,5.966765
road420::2023_10_30_17_36_IMG_6196.jpg,degraded,road420,-0.0444569928831067,12.126581,-1.901512,5.870482
road420::2023_10_30_17_37_IMG_6197.jpg,improved,road420,0.3392375047782874,12.313404,-1.226446,5.7424226
road420::2023_10_30_17_37_IMG_6198.jpg,degraded,road420,-0.0440344210080242,12.338405,-1.2721714,5.7182527
road420::2023_10_30_17_38_IMG_6199.jpg,degraded,road420,-0.0346054523014239,12.27554,-1.4647825,5.7626777
road420::2023_10_30_17_38_IMG_6200.jpg,improved,road420,0.323322744132374,12.279953,-1.1789931,5.7473984
road420::2023_10_31_13_37_IMG_6210.jpg,degraded,road420,-0.0560548578405721,11.884281,-0.7634625,6.081905
road420::2023_10_31_13_38_IMG_6211.jpg,degraded,road420,-0.1476413243174722,11.869948,-1.0614836,6.1338935
road420::2023_10_31_13_39_IMG_6213.jpg,improved,road420,0.4608926204153778,12.335711,-1.2233535,5.7241154
road420::2023_10_31_13_39_IMG_6214.jpg,degraded,road420,-0.0465134523651086,12.145861,-1.0705398,5.815397
road420::2023_10_31_13_39_IMG_6215.jpg,neutral,road420,-0.0055641956108519,12.105198,-1.3469243,5.953056
road420::2023_10_31_13_41_IMG_6216.jpg,improved,road420,0.4229282954057535,12.058477,-0.92770517,5.866455
road420::2023_10_31_13_43_IMG_6217.jpg,improved,road420,0.1125566130944336,12.005914,-0.9001697,5.945569
road420::2023_10_31_13_44_IMG_6218.jpg,neutral,road420,-0.0047293017951511,11.98388,-0.9006507,6.060171
road420::2023_10_31_13_46_IMG_6220.jpg,neutral,road420,4.379662710052301e-05,11.922743,-0.77224684,6.0074997
road420::2023_10_31_13_47_IMG_6221.jpg,degraded,road420,-0.0857012862556158,12.0225935,-0.9752101,6.028197
road420::2023_10_31_13_49_IMG_6222.jpg,degraded,road420,-0.1620995283785981,12.095329,-0.9568996,5.8464327
road420::2023_10_31_13_51_IMG_6223.jpg,improved,road420,0.0406045430871194,8.373436,3.8809059,9.54954
road420::2023_10_31_13_53_IMG_6225.jpg,improved,road420,0.2753936146721718,12.0724745,-0.9574125,5.8787184
road420::2023_10_31_13_54_IMG_6226.jpg,improved,road420,0.0577206151735534,12.025196,-1.7564214,5.9246874
road420::2023_10_31_13_56_IMG_6227.jpg,degraded,road420,-0.1465265283080782,11.964813,-0.9681644,6.012423
road420::2023_10_31_13_57_IMG_6228.jpg,degraded,road420,-0.0548106431118612,11.93158,-0.8155424,6.041476
road420::2023_10_31_13_58_IMG_6229.jpg,improved,road420,0.0779436392480329,11.932018,-1.5547467,5.9779267
road420::2023_10_31_14_09_IMG_6232.jpg,neutral,road420,0.0004458314757021,12.304863,-1.2217968,5.7316756
road420::2023_10_31_14_09_IMG_6233.jpg,degraded,road420,-0.5471591594183313,12.391851,-1.4395148,5.650487
road420::2023_10_31_14_10_IMG_6234.jpg,degraded,road420,-0.0124921923797626,12.270913,-1.1649553,5.736472
road420::2023_10_31_14_10_IMG_6235.jpg,degraded,road420,-0.208860155180655,12.283757,-1.2802043,5.748369
road420::2023_10_31_14_14_IMG_6236.jpg,degraded,road420,-0.416739551787051,12.230035,-1.3316771,5.7963037
road420::2023_10_31_14_15_IMG_6237.jpg,improved,road420,0.2327314225775804,12.27107,-1.6979039,5.6388965
road420::2023_10_31_14_15_IMG_6240.jpg,improved,road420,0.1404603979711275,12.41081,-1.4766164,5.600782
road420::2023_10_31_14_18_IMG_6242.jpg,degraded,road420,-0.3633350321538056,11.635793,-1.6529481,6.05196
road420::2023_10_31_14_19_IMG_6243.jpg,degraded,road420,-0.1056063673702028,11.6873665,-1.6027548,6.1774416
road420::2023_10_31_14_21_IMG_6245.jpg,degraded,road420,-0.0101468009311482,11.8239355,-1.5898879,6.2885294
road420::2023_10_31_14_22_IMG_6246.jpg,improved,road420,0.0423655376411281,12.184299,-1.6437582,5.916081
road420::2023_10_31_14_23_IMG_6247.jpg,degraded,road420,-0.2900897427665517,12.137448,-1.0150335,5.9085674
road420::2023_10_31_14_26_IMG_6248.jpg,neutral,road420,0.0008953178135938,11.967325,-0.88402855,6.058839
road420::2023_10_31_14_26_IMG_6249.jpg,degraded,road420,-0.014272948839414,11.93798,-0.88684213,6.0706825
road420::2023_10_31_14_26_IMG_6250.jpg,degraded,road420,-0.4373572021381931,12.047403,-0.9867189,5.9239635
road420::2023_10_31_14_26_IMG_6251.jpg,degraded,road420,-0.1759712643249651,11.991494,-0.921927,6.014176
road420::2023_10_31_14_27_IMG_6252.jpg,degraded,road420,-0.2498195022956145,12.051301,-0.94753504,5.8948545
road420::2023_10_31_14_27_IMG_6253.jpg,improved,road420,0.1269115117922203,11.943114,-0.8105558,6.0873485
road420::2023_10_31_14_27_IMG_6254.jpg,degraded,road420,-0.0118219434270295,11.973608,-0.8651847,6.0456266
road420::2023_10_31_14_27_IMG_6255.jpg,degraded,road420,-0.1389605635003623,11.903207,-1.0040965,6.0171695
road420::2023_10_31_14_28_IMG_6260.jpg,degraded,road420,-0.0961860174907291,11.621461,-1.3759284,6.209983
road420::2023_10_31_14_29_IMG_6263.jpg,improved,road420,0.0869955562201754,11.943256,-0.87747526,6.0826745
road420::2023_10_31_14_30_IMG_6265.jpg,degraded,road420,-0.2664827052868392,11.875175,-1.8034475,6.2218966
road420::2023_10_31_14_30_IMG_6266.jpg,improved,road420,0.030568739106092,11.7571125,-1.4812766,6.2963085
road420::2023_10_31_14_30_IMG_6267.jpg,degraded,road420,-0.1613317401185539,11.743073,-1.5800847,6.230056
road420::2023_10_31_14_31_IMG_6268.jpg,degraded,road420,-0.1694267352079426,11.966479,-0.8262153,6.1156282
road420::2023_10_31_14_35_IMG_6271.jpg,degraded,road420,-0.3020463808395602,11.671511,-1.3908076,6.1209183
road420::2023_10_31_14_35_IMG_6272.jpg,degraded,road420,-0.3011052055576886,11.657126,-1.7707058,5.871651
road420::2023_10_31_14_35_IMG_6273.jpg,degraded,road420,-0.2022390338989285,11.764493,-1.2624997,6.1371
road420::2023_10_31_14_36_IMG_6277.jpg,degraded,road420,-0.250857679490008,11.614598,-1.403352,6.211174
road420::2023_10_31_14_37_IMG_6278.jpg,degraded,road420,-0.0636342747130696,11.868722,-1.0359994,6.024065
road420::2023_10_31_14_38_IMG_6279.jpg,degraded,road420,-0.0189402601756454,11.932764,-0.86116785,6.0503793
road420::2023_10_31_14_38_IMG_6280.jpg,improved,road420,0.3360659232079047,11.783643,-1.678041,5.8642497
road420::2023_10_31_14_38_IMG_6281.jpg,degraded,road420,-0.198079902010605,11.6565075,-1.3139634,6.125983
road420::2023_10_31_14_40_IMG_6284.jpg,degraded,road420,-0.1760699191337312,11.706454,-1.2934473,6.0985904
road420::2023_10_31_14_42_IMG_6285.jpg,degraded,road420,-0.5102702702702703,11.847719,-1.4002628,6.008127
road420::2023_10_31_14_42_IMG_6286.jpg,degraded,road420,-0.249736991608259,11.63613,-1.5258954,6.06267
road420::2023_10_31_14_43_IMG_6287.jpg,degraded,road420,-0.1995469593253716,11.844214,-1.265551,6.1291986
road420::2023_10_31_14_43_IMG_6288.jpg,improved,road420,0.1210352758584321,11.560295,-1.5554953,6.02085
road420::2023_10_31_14_44_IMG_6289.jpg,degraded,road420,-0.1537199618973974,11.857185,-1.0067686,6.0656257
road420::2023_10_31_14_44_IMG_6291.jpg,degraded,road420,-0.494161606725829,11.650628,-1.519742,6.050178
road420::2023_10_31_14_46_IMG_6294.jpg,degraded,road420,-0.0988198624948434,11.669295,-1.5836277,6.031184
road420::2023_10_31_14_47_IMG_6295.jpg,degraded,road420,-0.2566165984234806,11.56235,-1.6146054,6.033188
road420::2023_10_31_14_47_IMG_6296.jpg,improved,road420,0.0131882185705425,11.981333,-0.9805592,5.9959874
road420::2023_10_31_14_47_IMG_6297.jpg,improved,road420,0.2198482874831422,11.946934,-0.94857126,6.022878
road420::2023_10_31_14_49_IMG_6303.jpg,degraded,road420,-0.1607898472061126,11.661533,-1.3117726,6.179371
road420::2023_11_01_20_21_IMG_6339.jpg,improved,road420,0.275139768482924,12.334647,-1.4653177,5.6277866
road420::2023_11_01_20_21_IMG_6340.jpg,improved,road420,0.3099361203896217,12.431111,-1.5081271,5.6200466
road420::2023_11_01_20_22_IMG_6341.jpg,improved,road420,0.3766648162118818,12.197657,-1.5804964,5.6712766
road420::2023_11_01_20_23_IMG_6342.jpg,improved,road420,0.3674506525874851,12.389393,-1.421811,5.6132793
road420::2023_11_01_20_27_IMG_6347.jpg,degraded,road420,-0.2089975873840479,11.590934,-1.3954759,6.181181
road420::2023_11_01_20_31_IMG_6350.jpg,degraded,road420,-0.0392307056940312,11.935753,-0.86996275,5.8952093
road420::2023_11_01_20_32_IMG_6351.jpg,degraded,road420,-0.0422592556182018,11.941548,-0.89153785,5.926337
road420::2023_11_01_20_32_IMG_6352.jpg,degraded,road420,-0.2558954019804882,11.710944,-1.2835299,6.193617
road420::2023_11_01_20_33_IMG_6353.jpg,improved,road420,0.4953818941200306,11.93575,-0.8534725,5.887194
road420::2023_11_01_20_34_IMG_6354.jpg,degraded,road420,-0.0163625696378733,11.939202,-0.88954,5.9576006
road420::2023_11_01_20_35_IMG_6355.jpg,neutral,road420,0.0042652947919283,11.928276,-0.92295897,5.9168797
road420::2023_11_01_20_36_IMG_6356.jpg,improved,road420,0.1288971089086675,8.47289,3.4086034,7.1771235
road420::2023_11_01_20_36_IMG_6357.jpg,improved,road420,0.120913112943525,11.912426,-0.8530917,5.8731804
road420::2023_11_01_20_37_IMG_6358.jpg,improved,road420,0.1414007639630445,11.300872,-1.0466489,6.1996384
road420::2023_11_01_20_39_IMG_6363.jpg,degraded,road420,-0.1619388296089555,7.5778975,-3.9128137,9.204339
road420::2023_11_01_20_41_IMG_6365.jpg,neutral,road420,-0.0062985965694414,8.560805,3.1469374,9.692016
road420::2023_11_01_20_41_IMG_6367.jpg,improved,road420,0.0121812432870271,8.465149,3.1020393,9.534333
road420::2023_11_01_20_42_IMG_6368.jpg,degraded,road420,-0.0417857142857142,11.750251,-1.1857004,6.160639
road420::2023_11_01_20_43_IMG_6370.jpg,improved,road420,0.0179578768384973,8.417351,3.5682852,9.076192
road420::2023_11_01_20_44_IMG_6371.jpg,degraded,road420,-0.0835023447550905,11.879379,-0.9714245,6.010634
road420::2023_11_01_20_44_IMG_6372.jpg,degraded,road420,-0.0499413148537468,11.838337,-0.9842463,5.9853144
road420::2023_11_01_20_46_IMG_6373.jpg,degraded,road420,-0.1026499257953975,11.775262,-1.1319637,6.0128117
road420::2023_11_01_20_46_IMG_6374.jpg,degraded,road420,-0.0908831304976598,11.8234005,-1.0482931,5.988159
road420::2023_11_01_20_48_IMG_6375.jpg,degraded,road420,-0.0201601812882832,12.163551,-0.98270035,5.773729
road420::2023_11_01_20_48_IMG_6376.jpg,improved,road420,0.0588663776012687,12.043103,-0.8429,5.8265786
road420::2023_11_01_20_49_IMG_6377.jpg,degraded,road420,-0.1002499397295069,11.942345,-0.7964405,6.142139
road420::2023_11_05_21_00_IMG_6437.jpg,improved,road420,0.0101073502127619,8.413162,3.0844781,9.386462
road420::2023_11_05_21_01_IMG_6441.jpg,degraded,road420,-0.0219577070690105,11.697326,-0.9782776,6.1163607
road420::2023_11_05_21_01_IMG_6442.jpg,degraded,road420,-0.0123045022783959,8.435058,3.4544337,7.39488
road420::2023_11_05_21_01_IMG_6443.jpg,improved,road420,0.0498499810490052,11.976271,-1.0217274,5.8798537
road420::2023_11_05_21_02_IMG_6444.jpg,improved,road420,0.052318906412983,11.742802,-1.4612732,5.9089646
road420::2023_11_05_21_03_IMG_6445.jpg,degraded,road420,-0.1575188154380967,11.834738,-1.1569283,6.016075
road420::2023_11_05_21_03_IMG_6446.jpg,degraded,road420,-0.0106958910661244,11.9541645,-0.94011766,5.9228244
road420::2023_11_05_21_03_IMG_6447.jpg,degraded,road420,-0.0363314215232492,11.950258,-0.8742063,6.0086737
road420::2023_11_05_21_04_IMG_6449.jpg,neutral,road420,0.009186584382733,11.402119,-1.3647375,6.0349894
road420::2023_11_05_21_05_IMG_6450.jpg,degraded,road420,-0.0166665152162257,11.680282,-1.1849991,6.140709
road420::2023_11_05_21_05_IMG_6451.jpg,improved,road420,0.0170482833499409,11.775473,-1.034476,6.063235
road420::2023_11_05_21_06_IMG_6452.jpg,improved,road420,0.053426799681697,11.365125,-1.2341822,6.1493692
road420::2023_11_05_21_06_IMG_6453.jpg,improved,road420,0.0577725477803122,11.400335,-1.2933143,6.113602
road420::2023_11_05_21_07_IMG_6454.jpg,improved,road420,0.0951137396873894,11.672513,-1.1729805,6.037425
road420::2023_11_05_21_07_IMG_6455.jpg,degraded,road420,-0.1072456478543254,11.814571,-0.80657244,6.2559643
road420::2023_11_05_21_08_IMG_6456.jpg,improved,road420,0.0254980025377188,11.930382,-0.9280113,5.9341197
road420::2023_11_05_21_08_IMG_6458.jpg,neutral,road420,-0.0038973525974658,11.768478,-1.0422975,5.952172
road420::2023_11_05_21_09_IMG_6459.jpg,improved,road420,0.0317550029422516,11.8018875,-0.9817253,5.9737954
road420::2023_11_05_21_12_IMG_6460.jpg,degraded,road420,-0.1478675012872905,8.463546,3.429779,7.243406
road420::2023_11_05_21_13_IMG_6461.jpg,improved,road420,0.1373391069598249,11.812278,-1.052221,5.9429584
road420::2023_11_05_21_13_IMG_6462.jpg,improved,road420,0.0292265940470446,11.713632,-1.0605649,6.0533433
road420::2023_11_05_21_15_IMG_6465.jpg,neutral,road420,-0.0065180189776107,11.285036,-1.0798929,6.192013
road420::2023_11_05_21_15_IMG_6466.jpg,degraded,road420,-0.14122322354737,8.108564,4.266023,9.362692
road420::2023_11_05_21_16_IMG_6467.jpg,improved,road420,0.0671143034022371,11.39751,-1.2128097,6.1303134
road420::2023_11_05_21_16_IMG_6468.jpg,degraded,road420,-0.0216847757441281,11.924638,-0.9340854,5.9675612
road420::2023_11_05_21_19_IMG_6471.jpg,neutral,road420,-0.0057097521918909,12.209726,-1.214257,5.6913896
road420::2023_11_05_21_20_IMG_6472.jpg,degraded,road420,-0.0248924081080729,11.920116,-1.5009651,5.799024
road420::2023_11_05_21_22_IMG_6473.jpg,improved,road420,0.0246572337131066,11.381122,-1.2839103,6.1051564
road420::2023_11_05_21_22_IMG_6474.jpg,improved,road420,0.3945831072311835,12.106264,-1.943486,5.8788304
road420::2023_11_05_21_22_IMG_6475.jpg,degraded,road420,-0.0840042146912093,11.7481365,-1.210196,6.0604253
road420::2023_11_05_21_22_IMG_6476.jpg,improved,road420,0.1289360858883135,11.733759,-1.3099746,6.1232066
road420::2023_11_05_21_23_IMG_6477.jpg,improved,road420,0.0180802204531537,11.668146,-1.5359247,6.0537863
road420::2023_11_05_21_23_IMG_6478.jpg,improved,road420,0.0785963843908881,11.471781,-1.3109924,6.108117
road420::2023_11_05_21_23_IMG_6479.jpg,improved,road420,0.0265179300487361,11.524026,-1.3919224,6.08798
road420::2023_11_05_21_23_IMG_6480.jpg,degraded,road420,-0.0389437503776257,11.682774,-1.3348999,5.9895983
road420::2023_11_05_21_23_IMG_6481.jpg,improved,road420,0.0122472743827781,11.444092,-1.3276461,6.081799
road420::2023_11_05_21_24_IMG_6482.jpg,degraded,road420,-0.0197726803038578,11.532114,-1.4489577,6.0902762
road420::2023_11_05_21_24_IMG_6483.jpg,improved,road420,0.074097200388537,12.016895,-1.5829315,5.710851
road420::2023_11_05_21_25_IMG_6484.jpg,improved,road420,0.0811900374899632,12.005314,-1.0952886,5.9128017
road420::2023_11_05_21_25_IMG_6485.jpg,improved,road420,0.0449641580357745,11.820546,-1.3101027,5.9528294
road420::2023_11_05_21_25_IMG_6486.jpg,degraded,road420,-0.2320077184091211,11.566312,-1.5674471,6.2048697
road420::2023_11_05_21_26_IMG_6487.jpg,improved,road420,0.1585055181213763,12.293045,-1.5899925,5.5495205
road420::2023_11_05_21_26_IMG_6488.jpg,improved,road420,0.0241710307568125,11.390254,-1.2092822,6.145573
road420::2023_11_05_21_27_IMG_6490.jpg,improved,road420,0.1292319515676218,12.089388,-1.6241235,5.7140074
road420::2023_11_05_21_27_IMG_6491.jpg,degraded,road420,-0.0509832074131633,11.796717,-1.5009835,6.1202326
road420::2023_11_05_21_27_IMG_6492.jpg,improved,road420,0.0246255538211725,11.858541,-1.4518987,6.023383
road420::2023_11_05_21_28_IMG_6493.jpg,degraded,road420,-0.0180125293089151,11.508348,-1.3791509,6.118594
road420::2023_11_05_21_28_IMG_6494.jpg,degraded,road420,-0.1517968400179108,11.526079,-1.1725144,6.0545216
road420::2023_11_05_21_29_IMG_6496.jpg,improved,road420,0.0677959706139237,11.473308,-1.207243,6.0262957
road420::2023_11_05_21_29_IMG_6497.jpg,degraded,road420,-0.0240644133927396,11.6630745,-1.2594055,5.990886
road420::2023_11_05_21_30_IMG_6499.jpg,improved,road420,0.0510079507280791,11.811692,-1.1049396,5.983366
road420::2023_11_05_21_30_IMG_6500.jpg,improved,road420,0.0353124687760613,11.984135,-1.5470306,5.6575017
road420::2023_11_05_21_30_IMG_6501.jpg,improved,road420,0.0390127506836606,12.239432,-1.650582,5.5850267
road420::2023_11_05_21_31_IMG_6502.jpg,improved,road420,0.029562515414598,11.372218,-1.228855,6.1299934
road420::2023_11_05_21_31_IMG_6503.jpg,improved,road420,0.01449499226906,11.686496,-1.575558,6.027441
road420::2023_11_05_21_32_IMG_6505.jpg,improved,road420,0.1942231592632203,11.885844,-1.6885247,6.0517445
road420::2023_11_05_21_33_IMG_6507.jpg,degraded,road420,-0.2568907140997623,11.74155,-1.406462,6.2488704
road420::2023_11_05_21_34_IMG_6509.jpg,improved,road420,0.2117599760432421,11.615803,-1.5163713,6.0935755
road420::2023_11_05_21_35_IMG_6510.jpg,degraded,road420,-0.2071842178531541,11.822744,-1.394176,5.9206944
road420::2023_11_05_21_36_IMG_6511.jpg,improved,road420,0.0987655283268552,11.734295,-1.5828158,5.915082
road420::2023_11_05_21_37_IMG_6513.jpg,degraded,road420,-0.0884314052342056,11.606594,-0.92703885,6.1182203
road420::2023_11_05_21_37_IMG_6514.jpg,degraded,road420,-0.586484150174839,11.746348,-1.3678207,5.95387
road420::2023_11_05_21_38_IMG_6515.jpg,improved,road420,0.1188330306096463,12.22306,-1.0851171,5.701328
road420::2023_11_05_21_38_IMG_6516.jpg,neutral,road420,-0.0080348990429157,12.114024,-1.4961808,5.7603226
road420::2023_11_05_21_39_IMG_6517.jpg,degraded,road420,-0.0184634000736056,6.387084,6.0266247,7.696901
road420::2023_11_05_21_39_IMG_6518.jpg,degraded,road420,-0.2820351249922878,11.989268,-0.8445729,5.839459
road420::2023_11_05_21_39_IMG_6520.jpg,degraded,road420,-0.0774317098938196,12.057225,-0.9171584,5.7676053
road420::2023_11_05_21_39_IMG_6521.jpg,neutral,road420,-0.0044207433774008,12.322878,-1.2608006,5.6067963
road420::2023_11_05_21_40_IMG_6522.jpg,improved,road420,0.230797342662629,12.318931,-1.332012,5.622839
road420::2023_11_05_21_40_IMG_6523.jpg,improved,road420,0.0215592466213175,12.222648,-1.0619117,5.674984
road420::2023_11_05_21_40_IMG_6524.jpg,degraded,road420,-0.0599418945182252,12.059341,-0.9801334,6.034546
road420::2023_11_05_21_40_IMG_6525.jpg,degraded,road420,-0.084060732758067,5.1289515,7.5383263,5.775186
road420::2023_11_05_21_41_IMG_6526.jpg,neutral,road420,-0.0031743513633519,4.3213034,7.903374,4.35363
road420::2023_11_05_21_41_IMG_6527.jpg,degraded,road420,-0.0397824456768012,12.027573,-0.79003847,5.8572874
road420::2023_11_05_21_43_IMG_6529.jpg,improved,road420,0.0770869790653963,11.665096,-1.291449,6.0332007
road420::2023_11_05_21_44_IMG_6531.jpg,neutral,road420,0.0029628594728755,11.762535,-1.0746127,6.0116735
facade390::DJ_Wall_1.JPG,degraded,facade390,-0.0352088423159568,3.9302275,8.821209,4.281147
facade390::DJ_Wall_10.JPG,neutral,facade390,-0.0009890939523901,-2.4740353,3.3019824,6.364957
facade390::DJ_Wall_100.JPG,improved,facade390,0.120963310625801,4.920765,6.709633,5.2143826
facade390::DJ_Wall_101.JPG,degraded,facade390,-0.0494874194632448,4.4479823,6.974946,4.9107633
facade390::DJ_Wall_102.JPG,improved,facade390,0.0472712505952739,4.8877974,6.938406,5.3918743
facade390::DJ_Wall_103.JPG,degraded,facade390,-0.0906082914858693,4.1395144,6.8519316,4.79435
facade390::DJ_Wall_104.JPG,degraded,facade390,-0.2416355641355641,4.8614635,6.770969,5.211307
facade390::DJ_Wall_105.JPG,degraded,facade390,-0.1329585924516858,4.87175,6.7602186,5.2109566
facade390::DJ_Wall_106.JPG,degraded,facade390,-0.0180107256472481,4.860029,6.754117,5.2014856
facade390::DJ_Wall_107.JPG,improved,facade390,0.0298137828494064,4.864519,6.7828503,5.2251973
facade390::DJ_Wall_108.JPG,improved,facade390,0.1339239781253104,4.87245,6.761645,5.2008557
facade390::DJ_Wall_109.JPG,improved,facade390,0.1104995944546723,4.896513,6.7564445,5.2266917
facade390::DJ_Wall_11.JPG,improved,facade390,0.1077390612549654,3.3476558,7.759993,5.8703046
facade390::DJ_Wall_110.JPG,degraded,facade390,-0.2871935943024832,4.889888,6.79502,5.2317414
facade390::DJ_Wall_111.JPG,degraded,facade390,-0.3263832109152799,4.6452265,6.7509828,5.082929
facade390::DJ_Wall_112.JPG,degraded,facade390,-0.1681449676928806,4.6720877,6.7670803,5.083347
facade390::DJ_Wall_113.JPG,improved,facade390,0.0264448129584428,4.839363,6.774499,5.1818867
facade390::DJ_Wall_114.JPG,degraded,facade390,-0.0541653323237101,4.891236,7.0449743,5.4878826
facade390::DJ_Wall_115.JPG,degraded,facade390,-0.3537775910515996,4.8926835,7.0761595,5.518669
facade390::DJ_Wall_116.JPG,improved,facade390,0.1238650102288284,4.926475,7.225198,5.681337
facade390::DJ_Wall_117.JPG,improved,facade390,0.1979207329674619,4.924738,7.214924,5.6401405
facade390::DJ_Wall_118.JPG,improved,facade390,0.1233288003691535,4.859073,6.888877,5.306233
facade390::DJ_Wall_119.JPG,improved,facade390,0.0337155888161897,4.954463,7.5436025,5.9464736
facade390::DJ_Wall_12.JPG,neutral,facade390,-0.0007907060950897,4.056347,8.905052,4.277556
facade390::DJ_Wall_120.JPG,degraded,facade390,-0.0128621228876997,-2.5594163,1.3165897,7.500317
facade390::DJ_Wall_121.JPG,degraded,facade390,-0.1784057524766085,4.8329067,6.812612,5.2145424
facade390::DJ_Wall_122.JPG,improved,facade390,0.0180397287639627,4.869412,6.7731576,5.214869
facade390::DJ_Wall_123.JPG,improved,facade390,0.2706858012795341,4.892504,6.899405,5.357255
facade390::DJ_Wall_124.JPG,degraded,facade390,-0.0916595412553707,4.904858,7.037696,5.483235
facade390::DJ_Wall_125.JPG,degraded,facade390,-0.0752511079377916,3.8540487,6.666946,4.6752124
facade390::DJ_Wall_126.JPG,degraded,facade390,-0.0120824892213391,3.7315576,7.1175194,4.535945
facade390::DJ_Wall_127.JPG,degraded,facade390,-0.1280312420353273,3.9161735,6.584521,4.6970983
facade390::DJ_Wall_128.JPG,degraded,facade390,-0.0951040159812633,4.057662,6.509295,4.764017
facade390::DJ_Wall_129.JPG,degraded,facade390,-0.0974903533186298,3.9660947,6.654288,4.7986307
facade390::DJ_Wall_13.JPG,neutral,facade390,0.0054418617142703,3.9583402,8.870199,4.2602983
facade390::DJ_Wall_130.JPG,degraded,facade390,-0.0492804478723964,3.9534717,6.61812,4.7645826
facade390::DJ_Wall_131.JPG,improved,facade390,0.018128712880458,3.816694,6.6507144,4.7268934
facade390::DJ_Wall_132.JPG,neutral,facade390,-0.0030151193125785,4.011382,6.7544556,4.8175983
facade390::DJ_Wall_133.JPG,degraded,facade390,-0.0310388685388685,4.1066546,6.453056,4.766905
facade390::DJ_Wall_134.JPG,degraded,facade390,-0.1211862712033637,4.027203,6.4661927,4.71949
facade390::DJ_Wall_135.JPG,degraded,facade390,-0.1207404907616054,3.9905906,6.54591,4.7567787
facade390::DJ_Wall_136.JPG,degraded,facade390,-0.0572198965056107,4.062014,6.430437,4.7408414
facade390::DJ_Wall_137.JPG,neutral,facade390,-0.0044797760693502,4.046108,6.4808106,4.7394385
facade390::DJ_Wall_138.JPG,degraded,facade390,-0.1066649715276016,3.9982898,6.479661,4.705154
facade390::DJ_Wall_139.JPG,degraded,facade390,-0.0442628220445747,3.9035134,6.5714445,4.7083573
facade390::DJ_Wall_14.JPG,improved,facade390,0.0439336020091526,3.9775462,8.899756,4.303732
facade390::DJ_Wall_140.JPG,degraded,facade390,-0.0387943427064828,4.062069,6.47284,4.7560496
facade390::DJ_Wall_141.JPG,degraded,facade390,-0.070308579441058,4.0314674,6.4588184,4.7048044
facade390::DJ_Wall_142.JPG,degraded,facade390,-0.1558488866194308,4.1576777,6.437092,4.790165
facade390::DJ_Wall_143.JPG,degraded,facade390,-0.0239188038885662,4.1188626,6.4473534,4.773299
facade390::DJ_Wall_144.JPG,degraded,facade390,-0.0607641310325124,4.0684614,6.427433,4.7425127
facade390::DJ_Wall_145.JPG,degraded,facade390,-0.2324140718492439,4.121648,6.439412,4.760572
facade390::DJ_Wall_146.JPG,degraded,facade390,-0.0919362473119654,4.082985,6.423194,4.7546515
facade390::DJ_Wall_147.JPG,degraded,facade390,-0.1331387463234546,4.08671,6.443561,4.71069
facade390::DJ_Wall_148.JPG,degraded,facade390,-0.2075555952248858,4.0820823,6.4391856,4.707022
facade390::DJ_Wall_149.JPG,degraded,facade390,-0.2150445641743772,4.069666,6.4402485,4.7265716
facade390::DJ_Wall_15.JPG,neutral,facade390,-0.0089967893391458,4.038756,8.888916,4.296032
facade390::DJ_Wall_150.JPG,degraded,facade390,-0.0385217584168788,3.9612174,7.3566594,4.291701
facade390::DJ_Wall_151.JPG,improved,facade390,0.0231595811708369,3.8794067,7.500819,4.152536
facade390::DJ_Wall_152.JPG,degraded,facade390,-0.0929182161800403,4.04757,7.0282965,4.4932466
facade390::DJ_Wall_153.JPG,degraded,facade390,-0.1324631932434974,3.995865,6.5141907,4.6695275
facade390::DJ_Wall_154.JPG,degraded,facade390,-0.2454073418616574,3.9394739,6.531212,4.6594343
facade390::DJ_Wall_155.JPG,degraded,facade390,-0.3417827107554721,4.159851,6.439469,4.7832184
facade390::DJ_Wall_156.JPG,degraded,facade390,-0.0665887340838909,3.8272142,6.615773,4.5963855
facade390::DJ_Wall_157.JPG,degraded,facade390,-0.1379102298161636,4.054545,7.220978,4.416422
facade390::DJ_Wall_158.JPG,degraded,facade390,-0.3120925036643431,4.1310425,6.462338,4.7818294
facade390::DJ_Wall_159.JPG,degraded,facade390,-0.019629112119614,4.102319,6.452006,4.7510023
facade390::DJ_Wall_16.JPG,improved,facade390,0.0224119221587209,4.720916,7.8679347,6.069572
facade390::DJ_Wall_160.JPG,degraded,facade390,-0.155258118099687,4.2365456,6.4110928,4.83367
facade390::DJ_Wall_161.JPG,degraded,facade390,-0.1692106722026592,4.1882358,6.4354863,4.794674
facade390::DJ_Wall_162.JPG,degraded,facade390,-0.0627973125046031,3.8925743,6.5639787,4.647634
facade390::DJ_Wall_163.JPG,degraded,facade390,-0.2014323787743039,4.0731525,6.4564333,4.7235312
facade390::DJ_Wall_164.JPG,degraded,facade390,-0.1013240511350285,4.015752,6.5513,4.730237
facade390::DJ_Wall_165.JPG,degraded,facade390,-0.1919349535168744,4.038112,6.4762793,4.6918573
facade390::DJ_Wall_166.JPG,degraded,facade390,-0.031999146142147,4.208185,6.4234123,4.8075404
facade390::DJ_Wall_167.JPG,degraded,facade390,-0.0403456084017564,3.9396849,6.5487604,4.692825
facade390::DJ_Wall_168.JPG,degraded,facade390,-0.110867685114109,4.0810976,6.4230437,4.6965637
facade390::DJ_Wall_169.JPG,degraded,facade390,-0.0998304011189673,4.120806,6.4154625,4.74245
facade390::DJ_Wall_17.JPG,improved,facade390,0.0117314967128275,3.6603343,8.086446,5.3458977
facade390::DJ_Wall_170.JPG,degraded,facade390,-0.1328690453736581,4.047662,6.4298363,4.705112
facade390::DJ_Wall_171.JPG,degraded,facade390,-0.1520839380582623,4.088257,6.4214025,4.743251
facade390::DJ_Wall_172.JPG,degraded,facade390,-0.1142607615428007,4.0611005,6.4717436,4.747325
facade390::DJ_Wall_173.JPG,degraded,facade390,-0.0116008004585031,3.8838475,6.5626426,4.6625385
facade390::DJ_Wall_174.JPG,degraded,facade390,-0.1040587171754572,4.0316305,6.447269,4.7064686
facade390::DJ_Wall_175.JPG,neutral,facade390,-0.0037884236171891,3.8451133,6.627591,4.725807
facade390::DJ_Wall_176.JPG,degraded,facade390,-0.0945925523433128,3.9628735,6.493598,4.666409
facade390::DJ_Wall_177.JPG,neutral,facade390,-0.0068459560352959,4.8893237,7.046938,5.492812
facade390::DJ_Wall_178.JPG,degraded,facade390,-0.1435737027263134,4.09253,6.456545,4.780935
facade390::DJ_Wall_179.JPG,degraded,facade390,-0.1806388513145326,4.062108,6.4475126,4.7130394
facade390::DJ_Wall_18.JPG,degraded,facade390,-0.0598513771025788,4.76904,7.9182453,6.0698996
facade390::DJ_Wall_180.JPG,degraded,facade390,-0.108954449890945,4.148308,6.436575,4.77348
facade390::DJ_Wall_181.JPG,degraded,facade390,-0.1363549629700302,4.141692,6.4525642,4.7766414
facade390::DJ_Wall_182.JPG,degraded,facade390,-0.0313446650216614,4.0657797,6.488714,4.7429357
facade390::DJ_Wall_183.JPG,degraded,facade390,-0.1305651310597743,4.009112,6.4199386,4.659849
facade390::DJ_Wall_184.JPG,improved,facade390,0.0132686356628272,4.175907,6.4105306,4.8113647
facade390::DJ_Wall_185.JPG,degraded,facade390,-0.0517773587988511,4.859077,6.9142194,5.355997
facade390::DJ_Wall_186.JPG,degraded,facade390,-0.0477404318113079,3.9266632,6.6389303,4.72106
facade390::DJ_Wall_187.JPG,degraded,facade390,-0.0354084995368415,3.9249625,6.590704,4.7283306
facade390::DJ_Wall_188.JPG,degraded,facade390,-0.0341022455448754,3.8243463,6.689468,4.7708516
facade390::DJ_Wall_189.JPG,degraded,facade390,-0.117886824883111,4.0065846,6.5444074,4.7462335
facade390::DJ_Wall_19.JPG,degraded,facade390,-0.0644705131065009,4.898663,7.7163596,5.870848
facade390::DJ_Wall_190.JPG,degraded,facade390,-0.0853394670034878,4.875681,7.074789,5.527147
facade390::DJ_Wall_191.JPG,degraded,facade390,-0.1451553451643363,4.0239472,6.5058775,4.7367764
facade390::DJ_Wall_192.JPG,degraded,facade390,-0.1178053750601786,4.0060463,6.5115976,4.7341323
facade390::DJ_Wall_193.JPG,neutral,facade390,0.0081032985688369,4.6421213,7.845352,6.231329
facade390::DJ_Wall_194.JPG,degraded,facade390,-0.0433663888793435,4.639138,7.8463993,6.2579217
facade390::DJ_Wall_195.JPG,degraded,facade390,-0.1961923865912376,4.881643,7.0816183,5.5155463
facade390::DJ_Wall_196.JPG,degraded,facade390,-0.0301591432413859,4.05554,6.8524976,4.9195585
facade390::DJ_Wall_197.JPG,degraded,facade390,-0.2427198863289424,4.1101274,6.5403366,4.784463
facade390::DJ_Wall_198.JPG,degraded,facade390,-0.0848443097648192,3.4809642,6.7952313,4.590827
facade390::DJ_Wall_199.JPG,improved,facade390,0.0183619720642354,3.76752,7.1382475,4.8314404
facade390::DJ_Wall_2.JPG,improved,facade390,0.0494007377521018,3.3413408,7.8084846,5.701468
facade390::DJ_Wall_20.JPG,improved,facade390,0.013201818191231,3.5282311,7.818221,5.936171
facade390::DJ_Wall_200.JPG,neutral,facade390,0.0061399229902535,4.0132384,7.146867,4.960407
facade390::DJ_Wall_201.JPG,improved,facade390,0.1105914265711432,4.0835695,7.2580624,5.222599
facade390::DJ_Wall_202.JPG,improved,facade390,0.1674988083302944,4.623928,7.4131246,5.5720162
facade390::DJ_Wall_203.JPG,improved,facade390,0.102339100990541,4.609625,7.830175,5.8182206
facade390::DJ_Wall_204.JPG,improved,facade390,0.0500664143751736,3.3110301,6.8411317,4.672409
facade390::DJ_Wall_205.JPG,improved,facade390,0.0416856665146678,3.1782255,6.7272987,4.862119
facade390::DJ_Wall_206.JPG,improved,facade390,0.0189880683045428,3.206147,6.7343554,4.8473573
facade390::DJ_Wall_207.JPG,degraded,facade390,-0.0345604555747371,-2.8829908,4.856932,7.5408916
facade390::DJ_Wall_208.JPG,improved,facade390,0.0563673498366505,3.2324197,6.793902,4.8592033
facade390::DJ_Wall_209.JPG,improved,facade390,0.039997873146052,3.3007662,6.7925873,4.8036485
facade390::DJ_Wall_21.JPG,improved,facade390,0.0332701368832383,3.7353306,8.1259165,5.3775325
facade390::DJ_Wall_210.JPG,improved,facade390,0.0456618391478137,3.2605956,6.78847,4.8001666
facade390::DJ_Wall_211.JPG,improved,facade390,0.0341759205049082,3.305056,6.809643,4.749154
facade390::DJ_Wall_212.JPG,improved,facade390,0.034726062428617,3.2694879,6.8885074,4.7575846
facade390::DJ_Wall_213.JPG,degraded,facade390,-0.0319648884574361,3.2228613,6.776712,4.8683305
facade390::DJ_Wall_214.JPG,improved,facade390,0.0413673030175326,3.3167956,6.889715,4.68655
facade390::DJ_Wall_215.JPG,degraded,facade390,-0.0607955039332434,3.370066,6.7696476,4.803495
facade390::DJ_Wall_216.JPG,degraded,facade390,-0.1900185205971489,4.8871117,7.18612,5.613444
facade390::DJ_Wall_217.JPG,neutral,facade390,-0.0070172443005837,-2.4433181,2.064858,5.603747
facade390::DJ_Wall_218.JPG,degraded,facade390,-0.0859880752674883,-2.5515702,2.046713,5.4466977
facade390::DJ_Wall_219.JPG,improved,facade390,0.5069052102950408,-3.1598225,4.5679617,8.153097
facade390::DJ_Wall_22.JPG,improved,facade390,0.0547570436441592,3.8007143,7.9309473,5.880406
facade390::DJ_Wall_220.JPG,improved,facade390,0.0194004314648669,3.2666805,6.8539443,4.7525477
facade390::DJ_Wall_221.JPG,degraded,facade390,-0.089953946180242,7.14348,4.7167587,2.9456186
facade390::DJ_Wall_222.JPG,degraded,facade390,-0.184923661127587,7.155466,4.704565,2.9336092
facade390::DJ_Wall_223.JPG,improved,facade390,0.1433938242613649,7.135491,4.725127,2.955306
facade390::DJ_Wall_224.JPG,degraded,facade390,-0.2147747827826771,7.1653357,4.694688,2.9228096
facade390::DJ_Wall_225.JPG,degraded,facade390,-0.1783527213976024,7.131568,4.728508,2.958588
facade390::DJ_Wall_226.JPG,improved,facade390,0.3328137559978179,7.1326485,4.72742,2.9613447
facade390::DJ_Wall_227.JPG,improved,facade390,0.0131272878670725,7.1009855,4.760652,2.9882483
facade390::DJ_Wall_228.JPG,degraded,facade390,-0.1828411742365818,7.098729,4.762881,2.9946022
facade390::DJ_Wall_229.JPG,degraded,facade390,-0.0333384096826561,7.04971,4.8151846,3.0543087
facade390::DJ_Wall_23.JPG,neutral,facade390,-0.0039912911026393,3.9875884,8.230664,5.2791257
facade390::DJ_Wall_230.JPG,degraded,facade390,-0.0720716859951032,7.081928,4.7818127,3.0199735
facade390::DJ_Wall_231.JPG,degraded,facade390,-0.4563664418790719,7.099697,4.7620564,2.991512
facade390::DJ_Wall_232.JPG,neutral,facade390,0.0025365695908605,7.072167,4.7918215,3.0291831
facade390::DJ_Wall_233.JPG,degraded,facade390,-0.1178986373765071,7.0975437,4.764822,2.9946184
facade390::DJ_Wall_234.JPG,degraded,facade390,-0.3666645350653058,7.0652075,4.7980275,3.0309112
facade390::DJ_Wall_235.JPG,degraded,facade390,-0.0280016354021529,7.116126,4.7433677,2.9744558
facade390::DJ_Wall_236.JPG,improved,facade390,0.0473420409519064,7.062843,4.7933044,2.9980009
facade390::DJ_Wall_237.JPG,degraded,facade390,-0.3033997024556729,7.111377,4.7450485,2.9723814
facade390::DJ_Wall_238.JPG,degraded,facade390,-0.1678433396586528,7.1259704,4.73167,2.9548917
facade390::DJ_Wall_239.JPG,degraded,facade390,-0.1613190210804495,7.1219544,4.7373643,2.9670427
facade390::DJ_Wall_24.JPG,improved,facade390,0.0127076376570761,3.4526696,7.750115,6.255576
facade390::DJ_Wall_240.JPG,degraded,facade390,-0.1883006242668996,7.1152563,4.7460027,2.9745147
facade390::DJ_Wall_241.JPG,degraded,facade390,-0.3370011931281078,7.112247,4.7472997,2.9745395
facade390::DJ_Wall_242.JPG,degraded,facade390,-0.3993236162962945,7.176813,4.6816463,2.907475
facade390::DJ_Wall_243.JPG,improved,facade390,0.3344822822678005,6.9956374,4.8802624,3.1497278
facade390::DJ_Wall_244.JPG,degraded,facade390,-0.2364991241872754,7.1047683,4.7569566,2.9860163
facade390::DJ_Wall_245.JPG,degraded,facade390,-0.1785075350898289,7.1251855,4.7326417,2.9575582
facade390::DJ_Wall_246.JPG,degraded,facade390,-0.1797170058798619,7.1208005,4.7400007,2.9683583
facade390::DJ_Wall_247.JPG,improved,facade390,0.242845655522334,5.1649137,7.555798,6.0529304
facade390::DJ_Wall_248.JPG,improved,facade390,0.2552411388490499,6.758192,8.241775,9.410804
facade390::DJ_Wall_249.JPG,improved,facade390,0.1702430204865397,7.042399,4.823391,3.0655043
facade390::DJ_Wall_25.JPG,improved,facade390,0.1045989438716319,3.8605256,7.8161006,6.1393003
facade390::DJ_Wall_250.JPG,improved,facade390,0.1280831452757067,6.9744744,4.9003253,3.1666431
facade390::DJ_Wall_251.JPG,improved,facade390,0.2061569807428911,6.9868026,4.884462,3.140856
facade390::DJ_Wall_252.JPG,improved,facade390,0.1604444293654491,6.984351,4.8878365,3.1481674
facade390::DJ_Wall_253.JPG,improved,facade390,0.3422849805905271,6.9681396,4.9045076,3.164179
facade390::DJ_Wall_254.JPG,improved,facade390,0.3654206680185178,6.973664,4.897684,3.1542945
facade390::DJ_Wall_255.JPG,improved,facade390,0.2326413492828061,6.9621897,4.913515,3.1792855
facade390::DJ_Wall_256.JPG,improved,facade390,0.2242732392439408,6.9917684,4.8794026,3.1342638
facade390::DJ_Wall_257.JPG,degraded,facade390,-0.0222199343690108,6.986293,4.8898935,3.1577022
facade390::DJ_Wall_258.JPG,improved,facade390,0.2080560435105736,6.9831047,4.88676,3.1392722
facade390::DJ_Wall_259.JPG,degraded,facade390,-0.0464538670598032,6.972047,4.901597,3.163537
facade390::DJ_Wall_26.JPG,degraded,facade390,-0.2201629782905282,4.050142,7.9492884,5.8857374
facade390::DJ_Wall_260.JPG,improved,facade390,0.0992097685491979,7.002614,4.8682613,3.122025
facade390::DJ_Wall_261.JPG,improved,facade390,0.0797066527012488,6.9723434,4.898772,3.154708
facade390::DJ_Wall_262.JPG,improved,facade390,0.1057719386351054,6.943069,4.9360576,3.2080247
facade390::DJ_Wall_263.JPG,improved,facade390,0.240394855242191,6.9683146,4.9021144,3.1562634
facade390::DJ_Wall_264.JPG,improved,facade390,0.2071977805745544,7.0483646,4.8167105,3.0559394
facade390::DJ_Wall_265.JPG,improved,facade390,0.1539160088870617,7.0537257,4.810546,3.0473812
facade390::DJ_Wall_266.JPG,improved,facade390,0.2869408443975921,6.962936,4.90891,3.1656516
facade390::DJ_Wall_267.JPG,improved,facade390,0.2413111145505511,7.0128613,4.8543444,3.0995612
facade390::DJ_Wall_268.JPG,degraded,facade390,-0.2433978648733648,7.128811,4.739523,2.9858017
facade390::DJ_Wall_269.JPG,improved,facade390,0.0837371757062779,7.068937,4.793915,3.0291045
facade390::DJ_Wall_27.JPG,neutral,facade390,-0.0050606557607818,4.5155973,7.9006386,5.9558187
facade390::DJ_Wall_270.JPG,degraded,facade390,-0.0737250403291345,7.1088195,4.753556,2.9850645
facade390::DJ_Wall_271.JPG,improved,facade390,0.0154336429509659,7.0465536,4.816045,3.049866
facade390::DJ_Wall_272.JPG,degraded,facade390,-0.0244744805873332,7.0470257,4.8172154,3.0535934
facade390::DJ_Wall_273.JPG,neutral,facade390,-0.0033278307060056,7.0851264,4.777927,3.013009
facade390::DJ_Wall_274.JPG,improved,facade390,0.0421307609029441,7.075883,4.789346,3.0293057
facade390::DJ_Wall_275.JPG,degraded,facade390,-0.1153228115100399,7.0912895,4.7724276,3.0046015
facade390::DJ_Wall_276.JPG,improved,facade390,0.0978344549241474,7.040945,4.8217664,3.0539482
facade390::DJ_Wall_277.JPG,degraded,facade390,-0.2073926386820964,7.120878,4.7412868,2.9708278
facade390::DJ_Wall_278.JPG,degraded,facade390,-0.1930349435190975,7.0980873,4.7647204,2.9958792
facade390::DJ_Wall_279.JPG,neutral,facade390,0.0062126665602028,7.0050936,4.8650236,3.106391
facade390::DJ_Wall_28.JPG,improved,facade390,0.0457516339869281,4.8374214,7.776776,6.0513954
facade390::DJ_Wall_280.JPG,degraded,facade390,-0.0549142219083801,7.098575,4.765108,2.9977555
facade390::DJ_Wall_281.JPG,neutral,facade390,0.0064807717491741,7.104108,4.758666,2.9894836
facade390::DJ_Wall_282.JPG,degraded,facade390,-0.0218547195312063,7.1235824,4.737787,2.9668593
facade390::DJ_Wall_283.JPG,improved,facade390,0.2010812964386188,7.106903,4.756795,2.9917102
facade390::DJ_Wall_284.JPG,improved,facade390,0.435050667453398,7.104498,4.756753,2.9850202
facade390::DJ_Wall_285.JPG,improved,facade390,0.2305875731668457,7.099779,4.762133,2.9920802
facade390::DJ_Wall_286.JPG,degraded,facade390,-0.0656099689349273,7.1127872,4.7488065,2.977601
facade390::DJ_Wall_287.JPG,improved,facade390,0.0367134691078352,7.0762258,4.7863007,3.0187893
facade390::DJ_Wall_288.JPG,improved,facade390,0.1167165749606211,7.097354,4.7643595,2.9932196
facade390::DJ_Wall_289.JPG,improved,facade390,0.047041794230188,7.0959663,4.766104,2.9963017
facade390::DJ_Wall_29.JPG,improved,facade390,0.0633417393052281,4.6926885,7.8869023,6.0373945
facade390::DJ_Wall_290.JPG,improved,facade390,0.0706295019955611,6.764462,8.339203,9.402184
facade390::DJ_Wall_291.JPG,degraded,facade390,-0.0478286767180088,6.7770085,8.3517,9.45665
facade390::DJ_Wall_292.JPG,degraded,facade390,-0.1270081609266627,3.6161056,6.4532933,4.694275
facade390::DJ_Wall_293.JPG,degraded,facade390,-0.1547948598854312,3.7221358,6.3972225,4.7482705
facade390::DJ_Wall_294.JPG,degraded,facade390,-0.140359162891601,3.656105,6.420813,4.710887
facade390::DJ_Wall_295.JPG,degraded,facade390,-0.0878998643181068,3.6462634,6.3593097,4.7134247
facade390::DJ_Wall_296.JPG,degraded,facade390,-0.097018522133169,3.6533818,6.374638,4.7457314
facade390::DJ_Wall_297.JPG,degraded,facade390,-0.0819571871837546,3.4588,6.853369,4.5016065
facade390::DJ_Wall_298.JPG,degraded,facade390,-0.1128776182050325,3.4121737,6.806685,4.5148606
facade390::DJ_Wall_299.JPG,degraded,facade390,-0.1160220879269763,3.4473712,6.735845,4.5306473
facade390::DJ_Wall_3.JPG,improved,facade390,0.0417069215620894,3.9787807,8.8219795,4.285485
facade390::DJ_Wall_30.JPG,improved,facade390,0.0197005146127045,3.5294468,7.9467587,5.513976
facade390::DJ_Wall_300.JPG,degraded,facade390,-0.1970309409597442,3.3239553,6.8776865,4.46022
facade390::DJ_Wall_301.JPG,degraded,facade390,-0.1781371738702597,3.4957771,6.711904,4.5514855
facade390::DJ_Wall_302.JPG,degraded,facade390,-0.0959494524285164,3.7614958,7.1522884,4.342838
facade390::DJ_Wall_303.JPG,degraded,facade390,-0.0716518012629041,3.4163637,6.8167486,4.4922934
facade390::DJ_Wall_304.JPG,degraded,facade390,-0.08193552141922,3.519047,6.8528233,4.4631147
facade390::DJ_Wall_305.JPG,degraded,facade390,-0.0711383568355401,3.3371937,6.8325276,4.4707785
facade390::DJ_Wall_306.JPG,degraded,facade390,-0.0377742542570214,4.200145,7.7401657,4.2365584
facade390::DJ_Wall_307.JPG,degraded,facade390,-0.0250369525126433,4.1613593,7.7519393,4.220738
facade390::DJ_Wall_308.JPG,neutral,facade390,0.0017823824977474,3.389802,6.873093,4.5237727
facade390::DJ_Wall_309.JPG,degraded,facade390,-0.0611984736250881,3.2756076,6.9211884,4.4713697
facade390::DJ_Wall_31.JPG,improved,facade390,0.0332728461235867,3.935439,8.164325,5.34349
facade390::DJ_Wall_310.JPG,degraded,facade390,-0.1027710121989982,3.4497252,6.86106,4.551683
facade390::DJ_Wall_311.JPG,improved,facade390,0.1515050274932583,3.2862241,7.672315,6.624742
facade390::DJ_Wall_312.JPG,improved,facade390,0.234467860960356,3.2730174,7.6459465,6.6590476
facade390::DJ_Wall_313.JPG,improved,facade390,0.2434558882302989,3.229516,7.6165104,6.6898193
facade390::DJ_Wall_314.JPG,degraded,facade390,-0.0491661250048519,3.4666097,6.788024,4.5642776
facade390::DJ_Wall_315.JPG,improved,facade390,0.1901830958008084,3.2740262,7.6521363,6.642968
facade390::DJ_Wall_316.JPG,degraded,facade390,-0.0528318575081105,3.2449222,6.937217,4.530147
facade390::DJ_Wall_317.JPG,degraded,facade390,-0.0344517378777127,3.3420453,6.8457656,4.500331
facade390::DJ_Wall_318.JPG,improved,facade390,0.026554928529574,3.3851225,6.8215227,4.5699334
facade390::DJ_Wall_319.JPG,improved,facade390,0.0129722646441153,3.3560212,6.8767533,4.5404344
facade390::DJ_Wall_32.JPG,degraded,facade390,-0.0106706232466126,3.8366995,8.236716,5.1684914
facade390::DJ_Wall_320.JPG,degraded,facade390,-0.0472294141348552,3.3519576,6.8530617,4.501179
facade390::DJ_Wall_321.JPG,degraded,facade390,-0.0492121465315464,3.296229,6.90536,4.5200744
facade390::DJ_Wall_322.JPG,improved,facade390,0.0438035969540517,3.2299547,6.9682875,4.5162225
facade390::DJ_Wall_323.JPG,degraded,facade390,-0.0712555087046762,3.3379176,6.8547144,4.471281
facade390::DJ_Wall_324.JPG,degraded,facade390,-0.0436846730346466,3.2478683,6.891007,4.481656
facade390::DJ_Wall_325.JPG,improved,facade390,0.0215448923827428,3.3889074,7.756004,5.974634
facade390::DJ_Wall_326.JPG,degraded,facade390,-0.012824126838255,3.321393,6.799765,4.5152197
facade390::DJ_Wall_327.JPG,improved,facade390,0.046798636348624,3.2032561,7.0760446,4.3992586
facade390::DJ_Wall_328.JPG,neutral,facade390,-0.0093452710197558,3.2113397,6.9961905,4.483728
facade390::DJ_Wall_329.JPG,neutral,facade390,-0.0049182064672022,3.2269034,6.8675556,4.4141984
facade390::DJ_Wall_33.JPG,degraded,facade390,-0.0149436474661446,3.5603547,7.918331,5.6680574
facade390::DJ_Wall_330.JPG,degraded,facade390,-0.0426329355729224,3.34716,6.908819,4.5609345
facade390::DJ_Wall_331.JPG,degraded,facade390,-0.0251223827620811,4.882146,6.8525524,5.6998997
facade390::DJ_Wall_332.JPG,neutral,facade390,0.0077330242285214,4.8571568,6.888995,5.655034
facade390::DJ_Wall_333.JPG,degraded,facade390,-0.1906062773659748,3.8089745,6.4302716,4.7056828
facade390::DJ_Wall_334.JPG,degraded,facade390,-0.0691879321742746,4.8286567,6.827949,5.668188
facade390::DJ_Wall_335.JPG,degraded,facade390,-0.1322877199611258,3.6595664,6.40587,4.6922536
facade390::DJ_Wall_336.JPG,degraded,facade390,-0.0434986913313893,3.5644457,6.3107123,4.7030277
facade390::DJ_Wall_337.JPG,degraded,facade390,-0.0531962001893779,3.5270522,6.320108,4.6679716
facade390::DJ_Wall_338.JPG,degraded,facade390,-0.0680802265933372,3.5599966,6.371359,4.6618743
facade390::DJ_Wall_339.JPG,degraded,facade390,-0.1293369680868101,4.9182105,6.8462963,5.7513847
facade390::DJ_Wall_34.JPG,improved,facade390,0.0124777183600712,3.6577797,8.008112,5.437942
facade390::DJ_Wall_340.JPG,degraded,facade390,-0.1276914403587129,3.621928,6.407601,4.6797523
facade390::DJ_Wall_341.JPG,degraded,facade390,-0.1033558073643458,3.576597,6.296437,4.7104483
facade390::DJ_Wall_342.JPG,degraded,facade390,-0.1011672292726003,3.5632374,6.3144636,4.6944327
facade390::DJ_Wall_343.JPG,neutral,facade390,0.0,6.375925,6.711855,7.710041
facade390::DJ_Wall_344.JPG,degraded,facade390,-0.1826060813383206,4.9392037,6.9171457,5.777173
facade390::DJ_Wall_345.JPG,improved,facade390,0.3809228534046123,4.911236,6.909021,5.7070518
facade390::DJ_Wall_346.JPG,improved,facade390,0.1234654743683023,4.9111223,6.8674726,5.706502
facade390::DJ_Wall_347.JPG,neutral,facade390,0.0,6.4214764,6.676327,7.781396
facade390::DJ_Wall_348.JPG,improved,facade390,0.1470750890534219,3.6209755,7.751368,6.361418
facade390::DJ_Wall_349.JPG,improved,facade390,0.097240331597153,3.4541488,7.7063575,6.4853535
facade390::DJ_Wall_35.JPG,improved,facade390,0.1583191634906674,4.0203648,7.9572673,6.0881815
facade390::DJ_Wall_350.JPG,improved,facade390,0.1210756332209946,3.3453906,7.757981,5.846618
facade390::DJ_Wall_351.JPG,improved,facade390,0.1774175959475147,3.3937929,7.6769686,5.549563
facade390::DJ_Wall_352.JPG,improved,facade390,0.0438262126983546,4.0316286,8.159275,5.0780425
facade390::DJ_Wall_353.JPG,improved,facade390,0.0203956929188104,3.9779618,8.197487,5.221376
facade390::DJ_Wall_354.JPG,improved,facade390,0.0620775846640485,4.022005,8.100674,5.023516
facade390::DJ_Wall_355.JPG,improved,facade390,0.1039903300007642,3.3670304,7.7702346,5.760821
facade390::DJ_Wall_356.JPG,neutral,facade390,0.0040808082761392,3.5243137,7.872189,5.724721
facade390::DJ_Wall_357.JPG,improved,facade390,0.1495337126293595,3.3344984,7.773278,5.8441167
facade390::DJ_Wall_358.JPG,neutral,facade390,0.0085913092120171,3.9526,8.195728,5.195811
facade390::DJ_Wall_359.JPG,improved,facade390,0.0383497559055153,3.9597847,8.1864805,5.236256
facade390::DJ_Wall_36.JPG,degraded,facade390,-0.0226781865395507,4.0285325,7.956566,6.0243583
facade390::DJ_Wall_360.JPG,improved,facade390,0.0987598949305791,3.827239,8.108073,5.4329805
facade390::DJ_Wall_361.JPG,improved,facade390,0.0227757039768131,3.9613523,8.226499,5.179073
facade390::DJ_Wall_362.JPG,neutral,facade390,-0.0021313835403884,4.0577726,8.1463995,5.265963
facade390::DJ_Wall_363.JPG,improved,facade390,0.08911745963646,3.4876914,7.8178034,5.7648764
facade390::DJ_Wall_364.JPG,improved,facade390,0.0117499036322738,4.005142,8.185683,5.223717
facade390::DJ_Wall_365.JPG,improved,facade390,0.1809093332647858,4.2567444,7.9981318,5.491434
facade390::DJ_Wall_366.JPG,degraded,facade390,-0.0535496941403302,3.7326925,7.9703164,5.565428
facade390::DJ_Wall_367.JPG,degraded,facade390,-0.0271932996666457,3.653945,7.885378,5.7472434
facade390::DJ_Wall_368.JPG,degraded,facade390,-0.0156345752232888,5.7797084,6.2350793,7.3083167
facade390::DJ_Wall_369.JPG,degraded,facade390,-0.0107982841953316,4.0194206,8.085682,4.975855
facade390::DJ_Wall_37.JPG,neutral,facade390,0.0019198504287208,3.9980938,8.156898,5.4320207
facade390::DJ_Wall_370.JPG,improved,facade390,0.1006982578257204,3.9480193,8.018978,5.0870905
facade390::DJ_Wall_371.JPG,improved,facade390,0.016455340607883,4.02902,8.089518,4.874399
facade390::DJ_Wall_372.JPG,degraded,facade390,-0.1307958568663965,4.0231595,8.079755,4.988709
facade390::DJ_Wall_373.JPG,degraded,facade390,-0.1142181756872536,4.01326,8.055102,5.0025096
facade390::DJ_Wall_374.JPG,degraded,facade390,-0.0826279995771521,4.0178347,8.065606,5.0064654
facade390::DJ_Wall_375.JPG,neutral,facade390,0.0083524527782273,4.082057,8.1376295,5.312264
facade390::DJ_Wall_376.JPG,improved,facade390,0.114417457545161,5.1802945,7.5085135,5.986027
facade390::DJ_Wall_377.JPG,neutral,facade390,-0.0090684374142723,4.871078,7.172507,5.6355796
facade390::DJ_Wall_378.JPG,neutral,facade390,-0.0089631857157072,4.859764,7.072838,5.652524
facade390::DJ_Wall_379.JPG,neutral,facade390,0.0007544779110839,4.8513584,7.1954336,5.5791655
facade390::DJ_Wall_38.JPG,improved,facade390,0.0471540843057871,3.940933,8.169278,5.3558197
facade390::DJ_Wall_380.JPG,neutral,facade390,0.0051295567643369,4.84091,7.4226646,5.5955596
facade390::DJ_Wall_381.JPG,neutral,facade390,0.0060677236249755,4.7812085,7.41984,5.515932
facade390::DJ_Wall_382.JPG,improved,facade390,0.1402133720961076,4.991146,7.4030027,5.7832084
facade390::DJ_Wall_383.JPG,degraded,facade390,-0.0232299953554948,4.7077436,7.3202834,5.4765472
facade390::DJ_Wall_384.JPG,degraded,facade390,-0.0591058073628741,4.74041,7.399536,5.467071
facade390::DJ_Wall_385.JPG,degraded,facade390,-0.1263879013003751,3.4282649,6.859448,4.475023
facade390::DJ_Wall_386.JPG,degraded,facade390,-0.0654677628392998,4.7295384,7.321373,5.467202
facade390::DJ_Wall_387.JPG,improved,facade390,0.0661443882269735,3.9046433,8.475541,4.0246353
facade390::DJ_Wall_388.JPG,degraded,facade390,-0.0591333412947478,4.3270583,7.8892145,5.677922
facade390::DJ_Wall_389.JPG,degraded,facade390,-0.2205393589309224,3.5754862,7.6879654,5.284959
facade390::DJ_Wall_39.JPG,improved,facade390,0.031607027802139,3.944263,7.9745007,6.0035706
facade390::DJ_Wall_390.JPG,neutral,facade390,-0.0057631268144802,3.4762855,6.6465354,4.588803
facade390::DJ_Wall_4.JPG,degraded,facade390,-0.0164498379263082,4.0309076,8.875779,4.255347
facade390::DJ_Wall_40.JPG,degraded,facade390,-0.052857384166621,4.7416873,7.831375,6.0734496
facade390::DJ_Wall_41.JPG,degraded,facade390,-0.1101948678186658,4.7829022,7.839195,6.0710797
facade390::DJ_Wall_42.JPG,improved,facade390,0.1038782341640066,4.2380686,7.881274,6.1547513
facade390::DJ_Wall_43.JPG,degraded,facade390,-0.0839082745503121,4.5394645,7.8654356,5.8789444
facade390::DJ_Wall_44.JPG,improved,facade390,0.0491754324015702,3.3536508,7.731561,6.1929398
facade390::DJ_Wall_45.JPG,degraded,facade390,-0.1230729838518843,4.0238614,7.912698,5.1490593
facade390::DJ_Wall_46.JPG,neutral,facade390,0.0025973401151274,4.4371977,7.8186083,5.899495
facade390::DJ_Wall_47.JPG,improved,facade390,0.0363807199031309,3.497784,7.856268,5.42999
facade390::DJ_Wall_48.JPG,improved,facade390,0.0117524864963749,4.016331,8.033123,5.094322
facade390::DJ_Wall_49.JPG,improved,facade390,0.0321418479542267,3.3969018,7.8012695,5.7474165
facade390::DJ_Wall_5.JPG,degraded,facade390,-0.072330573523632,3.8892045,8.901242,4.156192
facade390::DJ_Wall_50.JPG,improved,facade390,0.0181092996167472,3.4611313,7.8641987,5.5207286
facade390::DJ_Wall_51.JPG,degraded,facade390,-0.0283223370964342,3.668445,7.907579,5.554995
facade390::DJ_Wall_52.JPG,improved,facade390,0.1120242756165086,3.3166735,7.707264,6.3452067
facade390::DJ_Wall_53.JPG,improved,facade390,0.3075933075933076,4.6720567,7.839877,6.0198717
facade390::DJ_Wall_54.JPG,improved,facade390,0.0620354385885114,4.093872,7.8922796,5.961279
facade390::DJ_Wall_55.JPG,degraded,facade390,-0.0384653521598341,4.512721,7.842394,6.011423
facade390::DJ_Wall_56.JPG,improved,facade390,0.1191093805545679,4.7709465,7.785016,6.047491
facade390::DJ_Wall_57.JPG,improved,facade390,0.0199797667923004,4.8040924,7.7707295,6.0370383
facade390::DJ_Wall_58.JPG,neutral,facade390,0.0050660270757713,4.8724213,7.6961946,5.9976115
facade390::DJ_Wall_59.JPG,improved,facade390,0.0314434980175925,4.5533915,7.840373,6.0368404
facade390::DJ_Wall_6.JPG,neutral,facade390,-0.0016957620837524,4.0184364,8.892292,4.2703176
facade390::DJ_Wall_60.JPG,degraded,facade390,-0.1130415188363718,4.3586364,7.831038,5.9454803
facade390::DJ_Wall_61.JPG,degraded,facade390,-0.028624209472513,3.620639,7.9885416,5.377435
facade390::DJ_Wall_62.JPG,degraded,facade390,-0.103106663451491,4.830073,7.746898,6.0360355
facade390::DJ_Wall_63.JPG,degraded,facade390,-0.0425566792728409,4.7784686,7.776591,6.039291
facade390::DJ_Wall_64.JPG,degraded,facade390,-0.1083186537258362,3.4611154,7.7992153,5.838036
facade390::DJ_Wall_65.JPG,improved,facade390,0.0705851971042377,4.364929,7.83253,5.9164143
facade390::DJ_Wall_66.JPG,improved,facade390,0.5394883203559511,4.9058876,7.678402,5.984369
facade390::DJ_Wall_67.JPG,improved,facade390,0.1494562808427646,4.8724785,7.722376,6.0231576
facade390::DJ_Wall_68.JPG,neutral,facade390,-0.0008367621708001,4.8300233,7.7249556,6.0268507
facade390::DJ_Wall_69.JPG,degraded,facade390,-0.236719752733435,4.6943636,7.801026,6.00574
facade390::DJ_Wall_7.JPG,degraded,facade390,-0.0340658295074825,4.0675673,8.855487,4.243754
facade390::DJ_Wall_70.JPG,degraded,facade390,-0.0158949027646968,4.742681,7.7834315,6.0129166
facade390::DJ_Wall_71.JPG,degraded,facade390,-0.0967660804482828,4.263911,7.8634453,5.9946027
facade390::DJ_Wall_72.JPG,degraded,facade390,-0.2015884758462026,4.6083865,7.830074,5.9843817
facade390::DJ_Wall_73.JPG,degraded,facade390,-0.0460199261283759,3.9128258,7.7861795,6.1158943
facade390::DJ_Wall_74.JPG,improved,facade390,0.1072501289672495,4.7664847,7.772446,6.0211754
facade390::DJ_Wall_75.JPG,degraded,facade390,-0.0113281078758865,4.8697767,7.672338,5.9966874
facade390::DJ_Wall_76.JPG,degraded,facade390,-0.0274892414142267,4.797599,7.750063,6.0151753
facade390::DJ_Wall_77.JPG,improved,facade390,0.037490636431735,4.7759733,7.7817116,6.031592
facade390::DJ_Wall_78.JPG,degraded,facade390,-0.2228799380973293,4.752399,7.7852917,6.0274997
facade390::DJ_Wall_79.JPG,improved,facade390,0.0171913049246558,6.1237164,8.62246,7.0347166
facade390::DJ_Wall_8.JPG,degraded,facade390,-0.0227566642506958,3.8642194,8.85301,4.039579
facade390::DJ_Wall_80.JPG,degraded,facade390,-0.0307025259046964,5.031126,7.6728168,5.7727966
facade390::DJ_Wall_81.JPG,improved,facade390,0.0188196527247107,4.939417,7.5189905,5.817949
facade390::DJ_Wall_82.JPG,neutral,facade390,-0.002673779150927,4.135869,6.7117553,4.713824
facade390::DJ_Wall_83.JPG,neutral,facade390,-0.0017748397273213,4.983161,6.7018933,5.187981
facade390::DJ_Wall_84.JPG,improved,facade390,0.0130864888113811,6.1753383,8.64071,7.0904794
facade390::DJ_Wall_85.JPG,degraded,facade390,-0.0662224542654595,4.9124002,6.7704816,5.2487493
facade390::DJ_Wall_86.JPG,improved,facade390,0.1357211933838963,4.9172816,6.7580466,5.246734
facade390::DJ_Wall_87.JPG,improved,facade390,0.3580964222038646,6.972665,4.897817,3.1570368
facade390::DJ_Wall_88.JPG,neutral,facade390,-0.0002727290113717,5.0163603,6.969462,5.4374995
facade390::DJ_Wall_89.JPG,neutral,facade390,-0.006680418759604,4.8973255,6.790503,5.2421694
facade390::DJ_Wall_9.JPG,improved,facade390,0.0502317664727638,-2.581628,2.035312,5.254069
facade390::DJ_Wall_90.JPG,improved,facade390,0.2791802079644989,4.915955,6.746107,5.219037
facade390::DJ_Wall_91.JPG,improved,facade390,0.0703323988786543,4.9124303,7.368013,5.656165
facade390::DJ_Wall_92.JPG,degraded,facade390,-0.1511702886932414,4.942186,7.382472,5.5913525
facade390::DJ_Wall_93.JPG,improved,facade390,0.0166367549755745,4.8010364,7.487036,5.5519753
facade390::DJ_Wall_94.JPG,degraded,facade390,-0.1968947412431526,4.905189,6.745255,5.18926
facade390::DJ_Wall_95.JPG,degraded,facade390,-0.1101384676511079,4.871035,6.7663836,5.194609
facade390::DJ_Wall_96.JPG,degraded,facade390,-0.0279297213603783,4.7739797,6.9237494,5.227758
facade390::DJ_Wall_97.JPG,improved,facade390,0.0119339017606072,4.91822,6.7217984,5.2054143
facade390::DJ_Wall_98.JPG,improved,facade390,0.0460540638247622,4.921723,6.730338,5.209345
facade390::DJ_Wall_99.JPG,improved,facade390,0.0228059138213114,4.891848,6.739615,5.205833
concrete3k::001_14.jpg,improved,concrete3k,0.1185719669606643,-2.950164,2.5756006,5.069148
concrete3k::001_2.jpg,degraded,concrete3k,-0.0278182126441958,-2.5525796,3.3682265,5.8884816
concrete3k::001_6.jpg,improved,concrete3k,0.0357401069707316,-2.6248994,3.1899383,5.793141
concrete3k::011_5.jpg,neutral,concrete3k,-0.0026443758640161,-3.0887034,4.602306,7.3482504
concrete3k::017_0.jpg,improved,concrete3k,0.3515937021561057,-2.9658403,2.4638355,4.993648
concrete3k::017_20.jpg,improved,concrete3k,0.1179018313935478,-2.9696538,2.483122,5.0553055
concrete3k::017_24.jpg,improved,concrete3k,0.3219005780868361,-2.872132,2.7344363,5.393348
concrete3k::017_28.jpg,improved,concrete3k,0.1553583842710392,-3.0197663,2.774793,5.431204
concrete3k::017_36.jpg,improved,concrete3k,0.2874596849580189,-2.9226353,2.535027,5.7026796
concrete3k::017_44.jpg,improved,concrete3k,0.2287921098358481,-2.859118,2.5259933,5.661476
concrete3k::017_8.jpg,improved,concrete3k,0.3170314378777983,-2.941915,2.399838,4.9714174
concrete3k::018_11.jpg,improved,concrete3k,0.1180913166019984,-2.700595,2.6878836,5.4320755
concrete3k::018_15.jpg,neutral,concrete3k,-0.0040358873585255,-2.8454602,2.5088708,5.794159
concrete3k::018_27.jpg,improved,concrete3k,0.0700154580547108,-2.813444,3.3395498,6.4541783
concrete3k::018_3.jpg,improved,concrete3k,0.1550716536258509,-2.805886,2.426529,5.2088594
concrete3k::018_43.jpg,improved,concrete3k,0.0842212897626242,-3.4503086,4.0308137,7.2559395
concrete3k::018_7.jpg,improved,concrete3k,0.1262936341515379,-2.8959255,2.6227446,5.218817
concrete3k::019_11.jpg,degraded,concrete3k,-0.0239247675335023,-2.6278996,2.336977,6.437049
concrete3k::019_2.jpg,degraded,concrete3k,-0.0467223989947334,-3.1965013,3.942388,6.571876
concrete3k::019_3.jpg,degraded,concrete3k,-0.1298828398310773,-2.972047,2.8605604,5.5578575
concrete3k::019_36.jpg,improved,concrete3k,0.0773879903327756,-2.805731,2.6963012,5.4188356
concrete3k::019_44.jpg,neutral,concrete3k,-0.0096660506456479,-2.8413727,2.6142197,5.435069
concrete3k::019_8.jpg,neutral,concrete3k,0.0,-3.2069902,4.6277204,7.7057714
concrete3k::020_10.jpg,degraded,concrete3k,-0.0328701223071881,-2.545355,2.5319533,6.4942408
concrete3k::020_19.jpg,degraded,concrete3k,-0.0465383261600222,-3.1087594,3.130605,6.375235
concrete3k::020_28.jpg,degraded,concrete3k,-0.01077902988731,-2.9950235,2.4882004,5.686824
concrete3k::020_33.jpg,improved,concrete3k,0.0727566656231957,-3.1229784,3.5076375,6.8623905
concrete3k::020_34.jpg,improved,concrete3k,0.0677509227006289,-3.158346,3.824765,6.4825387
concrete3k::020_40.jpg,neutral,concrete3k,-0.0038380471782369,-2.6665146,3.433967,7.9609346
concrete3k::020_41.jpg,degraded,concrete3k,-0.0992662294313543,-2.6929736,3.4665363,8.1661625
concrete3k::020_46.jpg,degraded,concrete3k,-0.0512648537369174,-3.1714227,4.0439816,6.5959888
concrete3k::020_9.jpg,neutral,concrete3k,0.0,-3.0966654,4.286143,8.210902
concrete3k::021_13.jpg,degraded,concrete3k,-0.0107823765451313,-3.302025,4.4778557,6.9505115
concrete3k::021_29.jpg,degraded,concrete3k,-0.0156643957532106,-2.6073644,2.5112493,6.2840166
concrete3k::021_37.jpg,degraded,concrete3k,-0.0127397576096417,-3.1732626,2.9720528,6.969491
concrete3k::021_38.jpg,degraded,concrete3k,-0.0500032724152172,-3.320025,3.7551858,6.7042823
concrete3k::021_4.jpg,degraded,concrete3k,-0.0173611990379173,-2.977015,2.3225737,5.5813694
concrete3k::021_46.jpg,neutral,concrete3k,0.0035137184092207,-2.6751664,2.174407,5.4082446
concrete3k::023_10.jpg,degraded,concrete3k,-0.0367595470037618,-2.7004068,1.8534992,5.222324
concrete3k::023_11.jpg,degraded,concrete3k,-0.0166445635448757,-2.9497986,2.8352737,5.841165
concrete3k::023_18.jpg,neutral,concrete3k,0.0045007561542096,-3.1608725,2.224203,5.5111384
concrete3k::023_20.jpg,degraded,concrete3k,-0.0297628164079295,-2.7511148,1.6071799,5.196579
concrete3k::023_21.jpg,neutral,concrete3k,-0.0073959812456839,-2.7037513,2.049022,5.3606277
concrete3k::023_22.jpg,improved,concrete3k,0.1097122302158273,-3.258167,4.567378,6.942675
concrete3k::023_31.jpg,degraded,concrete3k,-0.0364255359912056,-2.7325914,1.3746947,5.250203
concrete3k::023_39.jpg,improved,concrete3k,0.3466666666666667,-3.1800747,4.7839484,7.578918
concrete3k::023_8.jpg,degraded,concrete3k,-0.0313628627703448,-3.2173405,4.0321174,6.466177
concrete3k::024_16.jpg,degraded,concrete3k,-0.0244890048206201,-3.2780108,2.9145658,6.351073
concrete3k::024_17.jpg,degraded,concrete3k,-0.0581240038036308,-2.802108,1.2065628,4.921468
concrete3k::024_18.jpg,neutral,concrete3k,-0.0045417702223168,-3.2254727,3.9612556,6.7339845
concrete3k::024_26.jpg,neutral,concrete3k,-0.0039808106575621,-3.3681915,2.332201,6.3924403
concrete3k::024_28.jpg,degraded,concrete3k,-0.0135807674347078,-3.1868265,1.308711,5.6669817
concrete3k::024_30.jpg,degraded,concrete3k,-0.0489672514576493,-3.0755959,1.8997375,6.2690163
concrete3k::024_31.jpg,improved,concrete3k,0.0354010808105088,-2.9516056,2.9458497,5.939052
concrete3k::024_8.jpg,improved,concrete3k,0.0707189830314715,-2.9778006,2.6552732,5.1465373
concrete3k::025_16.jpg,degraded,concrete3k,-0.1212404921901743,-2.737031,2.2112584,5.6059
concrete3k::025_26.jpg,neutral,concrete3k,0.0004454000921517,-3.5216172,4.2269816,7.4037237
concrete3k::025_27.jpg,degraded,concrete3k,-0.0542977103883535,-2.7397652,1.7564881,5.6875954
concrete3k::025_28.jpg,degraded,concrete3k,-0.1104751597390577,-2.8800962,2.0692472,5.1580405
concrete3k::025_29.jpg,degraded,concrete3k,-0.0244724038421324,-2.97866,2.5715218,6.455283
concrete3k::025_31.jpg,degraded,concrete3k,-0.0355297025075632,-2.7869399,2.871273,6.164451
concrete3k::026_17.jpg,degraded,concrete3k,-0.1108648653249523,-2.7711678,2.9012084,6.4146457
concrete3k::026_18.jpg,neutral,concrete3k,0.0002467430595868,-2.838702,1.9204502,5.799771
concrete3k::026_19.jpg,neutral,concrete3k,0.0032744406915506,-3.0141804,3.1057785,6.503236
concrete3k::026_27.jpg,neutral,concrete3k,-0.0090678941311853,-3.5144353,3.9662344,7.542291
concrete3k::026_28.jpg,degraded,concrete3k,-0.1061689638563012,-2.78026,1.853723,5.1106434
concrete3k::026_29.jpg,degraded,concrete3k,-0.0435063181190363,-2.9403558,2.5068612,6.3173575
concrete3k::026_31.jpg,degraded,concrete3k,-0.0623458078540213,-2.7072334,2.6716805,6.041706
concrete3k::026_8.jpg,neutral,concrete3k,0.0,-3.242971,4.6182137,7.6657925
concrete3k::027_10.jpg,neutral,concrete3k,-0.0044199054812493,-3.2851903,4.1883125,6.765891
concrete3k::027_19.jpg,degraded,concrete3k,-0.1265260256990061,-2.968329,1.8099765,5.763581
concrete3k::027_20.jpg,degraded,concrete3k,-0.0687061775990938,-3.223593,3.0882418,6.3745737
concrete3k::027_30.jpg,improved,concrete3k,0.0561900858511079,-3.4190466,3.802856,7.315419
concrete3k::027_38.jpg,degraded,concrete3k,-0.1477940951309183,-3.4389582,3.6165884,7.381535
concrete3k::027_39.jpg,neutral,concrete3k,0.0,-3.2130735,4.738959,7.4395027
concrete3k::028_17.jpg,degraded,concrete3k,-0.0840107908507361,-3.2709944,1.8511645,5.76937
concrete3k::028_18.jpg,improved,concrete3k,0.0330476546292135,-3.0063705,2.2343395,5.217236
concrete3k::028_19.jpg,degraded,concrete3k,-0.1259402781616854,-3.011608,2.212892,5.3254232
concrete3k::028_28.jpg,improved,concrete3k,0.029561289858202,-3.2906713,3.8710525,6.713356
concrete3k::029_26.jpg,degraded,concrete3k,-0.0547813894008671,-3.2941825,2.3117852,6.9847956
concrete3k::029_27.jpg,neutral,concrete3k,-0.0001734906315059,-3.4337592,4.451699,7.698271
concrete3k::029_29.jpg,degraded,concrete3k,-0.1599521661026862,-2.870286,1.831095,5.704297
concrete3k::030_17.jpg,degraded,concrete3k,-0.1058311353954817,-3.2066271,1.9494785,6.139086
concrete3k::030_21.jpg,improved,concrete3k,0.2289540209576362,-3.3038404,4.508403,6.908452
concrete3k::030_26.jpg,improved,concrete3k,0.1927166815604949,-3.1654963,4.500383,7.7303557
concrete3k::030_29.jpg,degraded,concrete3k,-0.2086796052399457,-3.6482258,3.1062613,7.448307
concrete3k::030_30.jpg,degraded,concrete3k,-0.1539661977156893,-2.9727128,2.5828502,5.6864057
concrete3k::031_18.jpg,degraded,concrete3k,-0.0830586816517029,-3.210765,3.3031332,6.263488
concrete3k::031_19.jpg,improved,concrete3k,0.2793773275733652,-3.5235982,4.1708503,7.34109
concrete3k::031_26.jpg,degraded,concrete3k,-0.1571785775819734,-3.7395947,3.3254192,7.699561
concrete3k::031_27.jpg,degraded,concrete3k,-0.1038395082254901,-3.5782259,3.0757551,7.486834
concrete3k::031_28.jpg,degraded,concrete3k,-0.2052138336435464,-3.3889508,2.6307144,6.184952
concrete3k::031_29.jpg,degraded,concrete3k,-0.1002579594993435,-3.083861,2.2554283,5.4465647
concrete3k::031_31.jpg,degraded,concrete3k,-0.1603891792668438,-3.0035002,2.4651213,5.3931317
concrete3k::032_10.jpg,neutral,concrete3k,-0.0036363636363636,-3.3297203,4.5590982,7.445531
concrete3k::032_11.jpg,degraded,concrete3k,-0.1462215272252578,-3.0470288,2.4573717,5.5382824
concrete3k::032_19.jpg,degraded,concrete3k,-0.1772324110559752,-3.2805088,2.6926875,6.2320166
concrete3k::032_2.jpg,degraded,concrete3k,-0.1231100555575056,-2.7950466,2.804451,6.9298797
concrete3k::032_20.jpg,improved,concrete3k,0.0898774226943079,-3.347802,3.8237948,6.69852
concrete3k::032_28.jpg,degraded,concrete3k,-0.1902124438721386,-2.9736328,2.496289,6.1088457
concrete3k::032_37.jpg,improved,concrete3k,0.2610663645414908,-3.166589,3.56953,6.6699452
concrete3k::032_45.jpg,improved,concrete3k,0.0488014054723408,-3.4020295,3.3086953,7.162693
concrete3k::034_10.jpg,degraded,concrete3k,-0.0549069520000552,-3.7224402,3.7023637,7.948554
concrete3k::034_11.jpg,degraded,concrete3k,-0.0261858792974331,-2.7916858,1.7983205,5.820609
concrete3k::034_19.jpg,degraded,concrete3k,-0.0355053663656524,-2.8517082,1.5345311,6.994907
concrete3k::034_2.jpg,degraded,concrete3k,-0.0523269800857568,-2.9529653,1.7889814,5.0366554
concrete3k::034_28.jpg,neutral,concrete3k,0.0054925537815673,-2.9521258,1.5113676,6.399259
concrete3k::034_37.jpg,neutral,concrete3k,0.0090337408958242,-2.9556196,2.9766116,7.260138
concrete3k::034_45.jpg,degraded,concrete3k,-0.0285487508880821,-3.2530098,2.4829879,7.009344
concrete3k::034_46.jpg,degraded,concrete3k,-0.0243337345571891,-3.4868522,4.0638757,7.657934
concrete3k::035_10.jpg,degraded,concrete3k,-0.0235909225934163,-3.473313,3.8524332,7.867573
concrete3k::035_19.jpg,degraded,concrete3k,-0.0252346870505726,-3.115982,2.673624,6.5970597
concrete3k::035_37.jpg,improved,concrete3k,0.1622176551448597,-2.9035406,1.8409736,5.9988236
concrete3k::035_46.jpg,degraded,concrete3k,-0.014254397842241,-3.1126237,3.5948262,7.105249
concrete3k::035_9.jpg,degraded,concrete3k,-0.0260048961541498,-2.7108142,1.8773706,7.0434284
concrete3k::036_11.jpg,degraded,concrete3k,-0.1674926699541088,-3.1518214,2.1543925,5.9074197
concrete3k::036_21.jpg,degraded,concrete3k,-0.0926026622090184,-2.7869542,2.2247903,6.405161
concrete3k::036_29.jpg,degraded,concrete3k,-0.046373536338771,-3.3653126,1.8349895,7.071097
concrete3k::036_30.jpg,degraded,concrete3k,-0.2791485827469603,-2.6748347,1.8611593,5.2596927
concrete3k::036_39.jpg,improved,concrete3k,0.1726976569608084,-2.738632,2.00168,5.3418694
concrete3k::036_8.jpg,degraded,concrete3k,-0.042141119349406,-3.1862962,1.8720417,5.9801435
concrete3k::036_9.jpg,degraded,concrete3k,-0.0444921794561261,-3.196785,2.0248888,6.0172715
concrete3k::037_16.jpg,degraded,concrete3k,-0.0571728703273206,-3.365753,2.2121782,6.4579
concrete3k::037_19.jpg,degraded,concrete3k,-0.0135309822464393,-3.4252079,1.4341502,7.1001964
concrete3k::037_20.jpg,neutral,concrete3k,-0.0029752863009403,-3.3225334,1.6523153,6.917673
concrete3k::037_22.jpg,improved,concrete3k,0.0798259802318593,-3.4676228,3.8501182,7.304563
concrete3k::037_31.jpg,degraded,concrete3k,-0.0152475116707002,-2.9343097,2.8241243,7.039325
concrete3k::037_39.jpg,neutral,concrete3k,-0.0085150405857074,-3.6151152,4.179421,8.002254
concrete3k::038_0.jpg,improved,concrete3k,0.1019921174536759,-2.82305,3.8643532,8.378765
concrete3k::038_1.jpg,degraded,concrete3k,-0.0904928463195092,-3.011314,2.1410253,5.843617
concrete3k::038_10.jpg,degraded,concrete3k,-0.0238031858256314,-3.1548126,4.0406556,6.613387
concrete3k::038_18.jpg,degraded,concrete3k,-0.1169292899854801,-2.9133244,1.9293475,4.9129004
concrete3k::038_19.jpg,degraded,concrete3k,-0.0446632530496072,-2.9940538,2.935146,5.5195704
concrete3k::038_8.jpg,degraded,concrete3k,-0.0536816016319222,-2.7368953,3.3783903,7.9950385
concrete3k::039_20.jpg,neutral,concrete3k,-0.0088986329636316,-3.5749435,1.7991722,7.35402
concrete3k::039_24.jpg,degraded,concrete3k,-0.0175915987128013,-3.2159936,1.7707056,6.5695705
concrete3k::039_37.jpg,degraded,concrete3k,-0.0176167731735998,-3.3095508,3.5918717,6.610784
concrete3k::040_21.jpg,neutral,concrete3k,0.0062305836449487,-3.347586,1.4110513,7.1766443
concrete3k::040_23.jpg,neutral,concrete3k,-0.0099587077969395,-3.3573446,1.592902,6.9415765
concrete3k::040_26.jpg,degraded,concrete3k,-0.0123935056248543,-3.3570588,2.583785,7.273685
concrete3k::040_28.jpg,neutral,concrete3k,-0.0020525978191148,-3.5193505,1.9246714,7.4077773
concrete3k::040_33.jpg,neutral,concrete3k,-0.0057241622566049,-2.7678835,1.0833535,4.9399586
concrete3k::040_34.jpg,degraded,concrete3k,-0.3204953010516266,-3.2857604,1.4416661,6.3895817
concrete3k::041_0.jpg,degraded,concrete3k,-0.020958685603223,-2.9961243,2.0681634,6.1418195
concrete3k::041_1.jpg,degraded,concrete3k,-0.0264742401694496,-2.8721313,3.8954644,8.355484
concrete3k::041_10.jpg,degraded,concrete3k,-0.0227898530894664,-2.9121902,1.2732792,5.1402116
concrete3k::041_11.jpg,degraded,concrete3k,-0.0181458754603358,-3.5165884,3.5006013,7.8819113
concrete3k::041_19.jpg,neutral,concrete3k,-0.0014191270688694,-3.198978,1.7684902,6.7895694
concrete3k::041_21.jpg,degraded,concrete3k,-0.0513358456938417,-2.8903127,0.7452305,6.556526
concrete3k::041_22.jpg,improved,concrete3k,0.0397637260595485,-3.041274,0.9025072,6.468836
concrete3k::041_28.jpg,neutral,concrete3k,-0.0033136460301436,-3.689571,2.3205934,7.7003484
concrete3k::041_30.jpg,degraded,concrete3k,-0.0243561339449301,-3.5790086,2.664704,7.7242827
concrete3k::041_31.jpg,improved,concrete3k,0.0228301081466393,-3.6215715,2.9751458,7.7911
concrete3k::041_8.jpg,improved,concrete3k,0.1239993277169168,-2.7310855,3.5906577,8.117582
concrete3k::042_17.jpg,improved,concrete3k,0.0149340800373352,-3.077805,1.8213245,6.5364776
concrete3k::042_28.jpg,improved,concrete3k,0.0155793608299934,-3.4064934,2.3763182,7.154213
concrete3k::042_37.jpg,neutral,concrete3k,-0.0075185560954771,-3.715401,3.0018075,7.788887
concrete3k::043_12.jpg,improved,concrete3k,0.1055254662339674,-3.3042867,3.4623284,6.7151275
concrete3k::043_14.jpg,degraded,concrete3k,-0.0858895705521472,-3.471424,4.393525,7.306962
concrete3k::043_20.jpg,degraded,concrete3k,-0.0141623953531588,-2.8178813,1.1199632,5.908733
concrete3k::043_23.jpg,degraded,concrete3k,-0.0232795912735001,-2.8813896,1.7600782,5.850146
concrete3k::043_25.jpg,degraded,concrete3k,-0.0247909195922456,-3.229946,3.5952392,6.9501724
concrete3k::043_26.jpg,degraded,concrete3k,-0.015198027326278,-2.9038346,1.0074149,5.931231
concrete3k::043_33.jpg,degraded,concrete3k,-0.0958090254014266,-3.2092502,2.637781,7.101285
concrete3k::045_1.jpg,degraded,concrete3k,-0.0427193685814621,-2.8019679,1.3700553,5.112981
concrete3k::045_19.jpg,degraded,concrete3k,-0.0213677363192092,-2.968809,1.6588105,5.3811855
concrete3k::045_2.jpg,improved,concrete3k,0.0613616558072028,-3.0741236,4.0841317,7.522415
concrete3k::045_29.jpg,degraded,concrete3k,-0.0266568876936404,-2.7605324,1.3106484,5.8457685
concrete3k::046_10.jpg,neutral,concrete3k,0.0077925825652134,-2.8263073,2.8759964,6.4422193
concrete3k::046_11.jpg,neutral,concrete3k,0.0,-3.3413603,4.5953293,7.9874496
concrete3k::046_27.jpg,degraded,concrete3k,-0.0317679558011049,-2.740547,2.7093945,6.3280416
concrete3k::046_29.jpg,degraded,concrete3k,-0.0218930192614403,-3.530994,3.9495091,7.5281367
concrete3k::046_3.jpg,improved,concrete3k,0.0238768632316694,-3.15451,3.618833,6.7329946
concrete3k::046_35.jpg,degraded,concrete3k,-0.1072061530147414,-2.8407342,2.0014663,5.827156
concrete3k::046_39.jpg,improved,concrete3k,0.0243290555965315,-3.1667898,2.1746829,6.460577
concrete3k::046_43.jpg,degraded,concrete3k,-0.0118336870357655,-3.3916473,4.269092,7.085122
concrete3k::046_44.jpg,improved,concrete3k,0.0317714322357615,-3.3233156,3.992215,6.6741357
concrete3k::046_8.jpg,neutral,concrete3k,-0.0040742708837474,-2.8387673,2.1437926,6.6444197
concrete3k::046_9.jpg,improved,concrete3k,0.0172934394729618,-3.004576,1.5069077,7.1290026
concrete3k::047_18.jpg,degraded,concrete3k,-0.0213586702535781,-2.8250408,1.6508226,6.0206385
concrete3k::047_19.jpg,neutral,concrete3k,-0.0096398240069818,-2.9278836,1.8532293,5.3113604
concrete3k::047_20.jpg,neutral,concrete3k,-0.0035747800930507,-2.936066,1.8796014,5.8166237
concrete3k::047_21.jpg,neutral,concrete3k,0.0012142804036171,-2.9038439,1.1305802,5.9578786
concrete3k::047_23.jpg,degraded,concrete3k,-0.0215563137465817,-3.3345757,3.595201,6.924443
concrete3k::047_26.jpg,improved,concrete3k,0.2410941261163978,-3.4864066,4.2013383,7.2443953
concrete3k::047_28.jpg,improved,concrete3k,0.0821223519384002,-3.260022,3.0061836,6.954132
concrete3k::047_8.jpg,degraded,concrete3k,-0.0358764016689502,-2.8253453,1.2495165,4.9192367
concrete3k::047_9.jpg,degraded,concrete3k,-0.0441010712805924,-2.8465278,1.6244704,6.284889
concrete3k::048_12.jpg,improved,concrete3k,0.1087056322975225,-3.1021879,2.8008406,5.86966
concrete3k::048_18.jpg,degraded,concrete3k,-0.0457450961354168,-3.3098443,3.8066435,6.7088137
concrete3k::048_20.jpg,degraded,concrete3k,-0.0353372706403494,-2.795586,1.0765644,5.731233
concrete3k::048_21.jpg,degraded,concrete3k,-0.0255653739923542,-3.1813006,2.8284347,6.561005
concrete3k::048_25.jpg,neutral,concrete3k,-0.0028034759376381,-3.4807763,1.8693863,6.7918925
concrete3k::048_26.jpg,neutral,concrete3k,-0.0016961446258743,-3.475749,2.343095,7.110857
concrete3k::048_27.jpg,neutral,concrete3k,0.0,-3.3807962,4.6158404,7.473757
concrete3k::048_29.jpg,degraded,concrete3k,-0.036025956589841,-3.4867673,3.734528,7.5363846
concrete3k::048_5.jpg,improved,concrete3k,0.2209512685391427,-2.9225676,4.030395,7.92521
concrete3k::048_6.jpg,improved,concrete3k,0.2290906266987652,-3.0471265,4.1427402,7.640519
concrete3k::049_18.jpg,neutral,concrete3k,0.006861164592265,-2.8764062,1.8296777,5.638687
concrete3k::049_19.jpg,improved,concrete3k,0.0243561768655284,-3.511972,4.2934213,7.4745603
concrete3k::049_22.jpg,degraded,concrete3k,-0.011633257961724,-2.665528,1.8061451,5.885533
concrete3k::049_23.jpg,degraded,concrete3k,-0.0801418593552409,-2.797562,1.1705863,5.8973646
concrete3k::049_26.jpg,neutral,concrete3k,0.0,-3.4685016,4.483016,7.380174
concrete3k::049_27.jpg,neutral,concrete3k,0.001761723445515,-3.5139158,1.873748,6.988778
concrete3k::049_28.jpg,neutral,concrete3k,0.0001196680258985,-3.4699006,1.6480825,6.9181366
concrete3k::050_11.jpg,degraded,concrete3k,-0.1396070966481232,-2.97759,2.540183,5.835533
concrete3k::050_20.jpg,neutral,concrete3k,0.0024745111934275,-2.555925,1.756451,6.0658174
concrete3k::050_27.jpg,improved,concrete3k,0.0712976437200901,-2.5368173,1.9146929,6.1627436
concrete3k::050_28.jpg,improved,concrete3k,0.0121288027849251,-2.8709538,2.4816263,6.8517785
concrete3k::050_35.jpg,degraded,concrete3k,-0.0189535235406794,-2.592635,2.212759,6.2076154
concrete3k::050_38.jpg,degraded,concrete3k,-0.0174854427164822,-2.720197,1.8160518,5.891389
concrete3k::050_43.jpg,degraded,concrete3k,-0.0100259933160044,-2.4469285,2.1515481,6.9753823
concrete3k::050_45.jpg,improved,concrete3k,0.0184477187928258,-2.434195,1.6562979,7.5969067
concrete3k::050_47.jpg,degraded,concrete3k,-0.0162798426376467,-3.297933,3.8136396,7.5656366
concrete3k::051_12.jpg,degraded,concrete3k,-0.02225374532051,-2.599745,1.9395784,5.9588943
concrete3k::051_13.jpg,improved,concrete3k,0.0204851690045928,-2.669363,1.2246013,5.9196153
concrete3k::051_14.jpg,degraded,concrete3k,-0.0112224917770629,-3.582863,3.953866,7.735361
concrete3k::051_20.jpg,improved,concrete3k,0.0554561227224524,-2.637265,0.88126826,5.692008
concrete3k::051_35.jpg,improved,concrete3k,0.0227081040520259,-2.535352,1.3756269,5.741988
concrete3k::051_4.jpg,neutral,concrete3k,-0.0003217503217504,-3.501588,4.3446307,7.3416486
concrete3k::051_41.jpg,improved,concrete3k,0.0294080617971533,8.863941,6.201466,11.395087
concrete3k::051_42.jpg,degraded,concrete3k,-0.0945906014355677,-2.5190706,1.6926575,5.765534
concrete3k::051_5.jpg,improved,concrete3k,0.0151304788095418,-2.6217659,2.763863,6.529934
concrete3k::051_6.jpg,degraded,concrete3k,-0.0427084531392308,-2.7477565,2.0264025,6.342735
concrete3k::052_36.jpg,degraded,concrete3k,-0.0234952865641354,-2.6219993,1.7454512,5.537125
concrete3k::052_37.jpg,degraded,concrete3k,-0.0355405910961466,-3.3359187,4.249805,7.0977054
concrete3k::052_4.jpg,neutral,concrete3k,0.0,-3.3270295,4.671839,7.5143337
concrete3k::052_44.jpg,neutral,concrete3k,0.0,-3.3685563,4.3959527,7.0625324
concrete3k::053_1.jpg,degraded,concrete3k,-0.0181223187954412,-3.1164315,2.0461712,5.5929747
concrete3k::053_10.jpg,degraded,concrete3k,-0.0474295218990014,-2.7401674,1.3439008,6.1298018
concrete3k::053_28.jpg,degraded,concrete3k,-0.1452241613092393,-3.0294323,1.5650558,5.4411383
concrete3k::053_29.jpg,degraded,concrete3k,-0.0440813634864867,-2.9699516,1.8418546,5.218311
concrete3k::053_36.jpg,improved,concrete3k,0.1643145244015526,-3.374226,4.3820105,7.1602836
concrete3k::053_38.jpg,degraded,concrete3k,-0.033921265843731,-3.1423504,2.5068028,5.685105
concrete3k::053_46.jpg,degraded,concrete3k,-0.0279491308325364,-2.9873595,2.762737,6.6346684
concrete3k::053_47.jpg,degraded,concrete3k,-0.0396067915423605,-2.894523,3.4734533,7.75595
concrete3k::054_10.jpg,degraded,concrete3k,-0.0354518865890676,-3.202375,3.8654344,7.899704
concrete3k::054_11.jpg,degraded,concrete3k,-0.0101763789645269,-2.53173,2.3924148,6.963877
concrete3k::054_20.jpg,improved,concrete3k,0.0653905809362662,-3.3924181,4.4725547,7.218843
concrete3k::054_28.jpg,degraded,concrete3k,-0.1432569926328026,-2.7166011,1.6872396,5.2146106
concrete3k::054_37.jpg,neutral,concrete3k,-0.0091453872982777,-3.2842548,3.7284794,6.7196684
concrete3k::054_46.jpg,degraded,concrete3k,-0.0158833720100446,-3.3029954,2.0303183,5.9211254
concrete3k::056_18.jpg,neutral,concrete3k,-0.0083984971323534,-3.0303583,1.6759943,5.1990595
concrete3k::056_19.jpg,degraded,concrete3k,-0.0156235886053237,-3.2347026,2.8087015,6.148336
concrete3k::056_28.jpg,neutral,concrete3k,-0.0037700361174001,-2.8753083,1.6040857,5.5700374
concrete3k::056_29.jpg,degraded,concrete3k,-0.0196249764158322,-3.048828,2.936275,6.3099694
concrete3k::056_38.jpg,degraded,concrete3k,-0.0143607872947113,-2.8164842,1.7365634,5.445779
concrete3k::057_0.jpg,degraded,concrete3k,-0.0510018214936247,-3.2853324,4.5909643,7.2616887
concrete3k::057_1.jpg,degraded,concrete3k,-0.0230304392498705,-3.107902,1.8255341,5.4177322
concrete3k::057_10.jpg,degraded,concrete3k,-0.064025279006706,-2.9069674,1.151001,5.2676473
concrete3k::057_19.jpg,improved,concrete3k,0.0199616345546417,-3.4183676,1.6883848,6.0822854
concrete3k::057_29.jpg,degraded,concrete3k,-0.0147051454056871,-3.5209892,1.5549337,6.955984
concrete3k::057_30.jpg,degraded,concrete3k,-0.0326567214417296,-2.6934621,2.5374262,7.1890864
concrete3k::057_39.jpg,neutral,concrete3k,-0.0074968526358935,-2.674697,1.3333298,5.280928
concrete3k::058_17.jpg,neutral,concrete3k,0.0015007503751875,-3.7584436,2.821071,7.9071126
concrete3k::058_19.jpg,degraded,concrete3k,-0.1320722767539913,-3.4446893,1.3930224,6.5628037
concrete3k::058_21.jpg,improved,concrete3k,0.0493936618576287,-3.236251,2.971744,7.385857
concrete3k::058_27.jpg,neutral,concrete3k,-0.000830564784053,-3.7113788,3.3286846,7.9638233
concrete3k::058_28.jpg,improved,concrete3k,0.0198132364704718,-3.5331476,1.4260396,6.9331923
concrete3k::058_37.jpg,improved,concrete3k,0.0877192982456139,-3.6929648,4.2441745,8.1576395
concrete3k::058_38.jpg,neutral,concrete3k,-0.0059334871809669,-3.6507359,1.8835461,7.2011976
concrete3k::058_39.jpg,degraded,concrete3k,-0.0141599025732197,-3.402093,1.4757681,5.7362313
concrete3k::059_0.jpg,neutral,concrete3k,0.0091283156693748,-3.084863,1.6493204,5.227802
concrete3k::059_1.jpg,degraded,concrete3k,-0.1208348338181967,-3.2859898,2.8957078,6.183617
concrete3k::059_12.jpg,improved,concrete3k,0.02241562903893,-3.4823923,3.7392092,7.0388865
concrete3k::059_20.jpg,improved,concrete3k,0.0428814679398731,-2.7560074,2.5351665,7.122238
concrete3k::059_27.jpg,improved,concrete3k,0.0504955766497092,-3.7753277,3.6092706,8.249695
concrete3k::059_36.jpg,improved,concrete3k,0.0134642069303829,-3.0422068,1.1480865,6.166275
concrete3k::059_37.jpg,neutral,concrete3k,-0.0025387700426464,-3.4864037,1.4536325,6.7462916
concrete3k::059_44.jpg,neutral,concrete3k,0.0,-3.680156,4.2302322,8.181095
concrete3k::059_46.jpg,neutral,concrete3k,-0.0022905152697413,-3.2842371,1.7081941,5.5491185
concrete3k::059_47.jpg,degraded,concrete3k,-0.0398139226700895,-3.5122128,3.812906,7.077607
concrete3k::060_0.jpg,improved,concrete3k,0.079204222072415,-3.0424018,2.4561818,6.509636
concrete3k::060_10.jpg,neutral,concrete3k,0.0017892099404694,-3.0500596,1.5927958,5.1570888
concrete3k::060_11.jpg,neutral,concrete3k,0.004726478076464,-3.6270764,3.5808582,7.806546
concrete3k::060_19.jpg,neutral,concrete3k,0.0046997024864612,-3.1853158,1.2447542,6.4657373
concrete3k::060_27.jpg,improved,concrete3k,0.010370377571834,-3.736216,3.3808765,8.075312
concrete3k::060_28.jpg,degraded,concrete3k,-0.0293169545330127,-3.198403,1.143147,5.8915677
concrete3k::060_39.jpg,neutral,concrete3k,-0.000171341383944,-3.603057,4.080009,7.8519855
concrete3k::060_45.jpg,neutral,concrete3k,-0.0088851329606666,-3.271623,1.6841295,6.5584207
concrete3k::060_47.jpg,degraded,concrete3k,-0.2925069982614696,-3.21021,2.5935676,6.1711693
concrete3k::061_19.jpg,degraded,concrete3k,-0.1167596397608077,-2.9812963,1.4590207,6.8273168
concrete3k::061_28.jpg,degraded,concrete3k,-0.051443869386433,-3.310689,2.6097028,6.4776
concrete3k::061_45.jpg,degraded,concrete3k,-0.0121760716761689,-3.443218,3.7875605,8.183058
concrete3k::061_46.jpg,neutral,concrete3k,-0.0064591135180294,-3.153691,1.10409,6.0062923
concrete3k::061_47.jpg,degraded,concrete3k,-0.0146153421812093,-3.3210514,3.0994112,6.567087
concrete3k::061_9.jpg,degraded,concrete3k,-0.0110820617565781,-3.0351548,1.8343526,7.3431153
concrete3k::062_10.jpg,improved,concrete3k,0.1088235294117646,-3.4404578,3.8034275,6.997737
concrete3k::062_16.jpg,degraded,concrete3k,-0.0509465065088073,-3.3484573,1.3678751,5.782637
concrete3k::062_18.jpg,improved,concrete3k,0.0825635214200148,-3.5006592,1.135638,6.4065266
concrete3k::062_19.jpg,degraded,concrete3k,-0.1160250012737896,-3.4283638,1.1188481,6.231494
concrete3k::062_20.jpg,neutral,concrete3k,0.002733372963348,-2.9242952,0.9675726,5.6708775
concrete3k::062_21.jpg,neutral,concrete3k,-0.0039154666498908,-2.8389237,0.83635336,6.162173
concrete3k::062_29.jpg,degraded,concrete3k,-0.0100032076803482,-3.1498735,1.2113756,6.446063
concrete3k::062_30.jpg,degraded,concrete3k,-0.0152835154757152,-3.40323,1.4208087,6.297168
concrete3k::062_31.jpg,degraded,concrete3k,-0.0262683267893857,-3.5669532,3.4353724,7.6709943
concrete3k::062_39.jpg,degraded,concrete3k,-0.0357312706150464,-3.4051518,1.3207612,5.9586997
concrete3k::062_5.jpg,degraded,concrete3k,-0.1167191193178107,-3.4298987,3.6277375,7.424409
concrete3k::062_9.jpg,improved,concrete3k,0.0286303577458888,-3.3785932,3.7378576,6.823195
concrete3k::063_0.jpg,degraded,concrete3k,-0.0312392702246175,-3.0360281,1.565092,5.2300215
concrete3k::063_1.jpg,neutral,concrete3k,-0.0081131528549887,-3.0584314,1.7243388,5.3274264
concrete3k::063_11.jpg,improved,concrete3k,0.0182911114726793,-2.8706844,1.1431383,6.466806
concrete3k::063_29.jpg,improved,concrete3k,0.011995132702213,-3.2403457,2.7262068,7.6583347
concrete3k::063_3.jpg,improved,concrete3k,0.0751466398525222,-3.4351146,4.1191134,7.0311866
concrete3k::063_37.jpg,degraded,concrete3k,-0.01966902452468,-3.0948327,1.1932998,6.2062726
concrete3k::063_38.jpg,neutral,concrete3k,-0.0062425041048501,-2.73156,0.98386765,5.282935
concrete3k::063_39.jpg,improved,concrete3k,0.13268470043485,-3.357454,4.3528695,6.8926997
concrete3k::063_46.jpg,degraded,concrete3k,-0.0304308690544424,-3.3809278,3.1064012,7.0751977
concrete3k::063_47.jpg,degraded,concrete3k,-0.022181856005203,-2.7799063,1.1116152,5.003251
concrete3k::064_12.jpg,neutral,concrete3k,-0.0023165754500665,-2.943339,1.1412784,5.34676
concrete3k::064_21.jpg,degraded,concrete3k,-0.013074666214632,-3.5076575,3.1003485,7.033849
concrete3k::064_28.jpg,degraded,concrete3k,-0.0156532209512342,-3.6395128,3.25333,8.05172
concrete3k::064_29.jpg,improved,concrete3k,0.0525394568468233,-2.6178842,0.85505563,5.4630733
concrete3k::064_36.jpg,neutral,concrete3k,-0.0094285005375899,-3.0393403,1.3207699,5.563993
concrete3k::064_4.jpg,degraded,concrete3k,-0.0324542640039507,-3.1862357,2.823686,6.1648827
concrete3k::064_46.jpg,improved,concrete3k,0.117252827448358,-3.0857239,2.7695107,5.978829
concrete3k::064_5.jpg,neutral,concrete3k,0.0065102933535369,-2.95852,1.1892929,5.512378
concrete3k::065_12.jpg,improved,concrete3k,0.028577240566438,-3.1097567,1.9159213,6.5910587
concrete3k::065_13.jpg,degraded,concrete3k,-0.0920651937689225,-2.687649,2.390997,6.297569
concrete3k::065_27.jpg,improved,concrete3k,0.026810431168598,-2.8253064,1.4918255,6.3624907
concrete3k::065_28.jpg,degraded,concrete3k,-0.0421622538207008,-3.3876657,2.8827164,6.998912
concrete3k::065_35.jpg,improved,concrete3k,0.0242696770114194,-2.8345418,1.1336004,5.8416505
concrete3k::065_42.jpg,improved,concrete3k,0.062112565970958,-3.2410967,2.2927854,6.4024186
concrete3k::065_43.jpg,improved,concrete3k,0.0577439689336914,-2.8868,2.2911525,6.0402713
concrete3k::065_7.jpg,improved,concrete3k,0.2618456433434407,-2.9436054,2.073303,4.9292808
concrete3k::067_14.jpg,degraded,concrete3k,-0.0362540448216374,-3.4572616,3.5480745,6.7896004
concrete3k::067_28.jpg,neutral,concrete3k,-0.0044919954598625,-3.0479097,1.2815555,5.238822
concrete3k::067_32.jpg,improved,concrete3k,0.0179922437910922,-2.9734936,3.7565343,7.11468
concrete3k::067_34.jpg,degraded,concrete3k,-0.0224248345804236,-3.074295,1.5936472,5.0782604
concrete3k::067_36.jpg,degraded,concrete3k,-0.0200146236732742,-3.849346,3.539042,7.740324
concrete3k::067_41.jpg,degraded,concrete3k,-0.1615023823704586,-3.2362206,3.063613,6.7492776
concrete3k::067_43.jpg,improved,concrete3k,0.1874297438748746,-3.3122025,4.1598983,6.8304033
concrete3k::068_12.jpg,improved,concrete3k,0.0879586668564843,-3.3280096,4.503792,7.3076305
concrete3k::068_15.jpg,degraded,concrete3k,-0.0623320404557145,-3.2390032,3.7579193,6.5845685
concrete3k::068_21.jpg,neutral,concrete3k,-0.0073765388370384,-3.4897609,1.4516914,5.986233
concrete3k::068_26.jpg,degraded,concrete3k,-0.0173187444266983,-2.952524,1.1919668,5.171703
concrete3k::068_27.jpg,neutral,concrete3k,-0.0037217089761537,-3.7980595,3.6347218,7.8764687
concrete3k::068_32.jpg,degraded,concrete3k,-0.0230108590174561,-3.003964,2.2828894,6.232961
concrete3k::068_37.jpg,degraded,concrete3k,-0.0109950046636593,-3.1003964,2.6328561,5.6284804
concrete3k::068_40.jpg,degraded,concrete3k,-0.0314270396512966,-2.8420568,1.3873227,4.9485197
concrete3k::069_14.jpg,improved,concrete3k,0.0147733438563606,-3.4291265,4.504081,7.903625
concrete3k::069_15.jpg,degraded,concrete3k,-0.0149780665417911,-3.1518404,2.408508,6.34663
concrete3k::069_19.jpg,degraded,concrete3k,-0.0149700598802395,-3.313848,3.5175421,8.032549
concrete3k::069_20.jpg,degraded,concrete3k,-0.1216239473845964,-3.567387,4.368917,7.7119856
concrete3k::069_22.jpg,degraded,concrete3k,-0.0173117136738801,-2.770971,1.0549988,5.050818
concrete3k::069_24.jpg,degraded,concrete3k,-0.2302281346978986,-2.7392771,1.0043787,5.052694
concrete3k::069_27.jpg,neutral,concrete3k,0.0030865613971069,-3.5753558,1.5840803,7.100237
concrete3k::069_30.jpg,neutral,concrete3k,0.0053423584694562,-3.6854923,4.155655,8.144818
concrete3k::069_32.jpg,neutral,concrete3k,0.002987328548519,-2.8133695,3.8235407,8.364442
concrete3k::070_21.jpg,improved,concrete3k,0.033487555174384,-2.6968288,0.89822096,5.165728
concrete3k::070_26.jpg,improved,concrete3k,0.1944886062533121,-3.5332198,4.367367,8.002575
concrete3k::070_27.jpg,improved,concrete3k,0.0600825657031611,-3.370467,1.6000061,7.030715
concrete3k::070_28.jpg,neutral,concrete3k,-0.0022432735098141,-3.2098958,1.033139,5.920874
concrete3k::070_33.jpg,degraded,concrete3k,-0.022020725388601,-3.4088004,4.1502976,8.151973
concrete3k::070_35.jpg,improved,concrete3k,0.0259974049469569,-3.7785656,3.0938408,7.892249
concrete3k::070_40.jpg,degraded,concrete3k,-0.0277078703416285,-2.6677427,2.9972563,7.4306455
concrete3k::070_41.jpg,neutral,concrete3k,0.0023934551391547,-3.084001,1.1394818,6.0866566
concrete3k::070_42.jpg,improved,concrete3k,0.1026727509778357,-3.6496127,4.145376,8.231016
concrete3k::071_16.jpg,neutral,concrete3k,-0.0032489864420035,-2.9212172,2.2203014,6.2471027
concrete3k::071_24.jpg,degraded,concrete3k,-0.0254361790167269,-2.8247414,1.9613525,7.0669107
concrete3k::071_26.jpg,neutral,concrete3k,-0.0099042252569471,-3.3902857,1.3742318,6.2362566
concrete3k::071_27.jpg,degraded,concrete3k,-0.0209413992911466,-3.1844864,1.4291536,6.4913483
concrete3k::071_30.jpg,neutral,concrete3k,0.006046309938976,-3.5618916,1.4856212,6.4015794
concrete3k::071_37.jpg,improved,concrete3k,0.0349946567026428,-3.5288308,3.6276352,7.3156767
concrete3k::072_25.jpg,neutral,concrete3k,-0.0020714295137116,-3.2092118,1.0660769,6.4075193
concrete3k::072_29.jpg,degraded,concrete3k,-0.0206170648169842,-3.4466987,1.5012443,6.9006195
concrete3k::072_37.jpg,neutral,concrete3k,-0.0086353467561521,-3.6425283,4.252253,8.010364
concrete3k::072_38.jpg,neutral,concrete3k,0.0017989973889999,-3.6491804,1.9435973,7.158763
concrete3k::073_1.jpg,degraded,concrete3k,-0.0573005393422957,-2.655403,2.4098308,7.196713
concrete3k::073_17.jpg,degraded,concrete3k,-0.0477828161128762,-2.7650344,2.5446959,8.008902
concrete3k::073_24.jpg,degraded,concrete3k,-0.0430877075509406,-2.753005,1.0458837,4.9271865
concrete3k::073_34.jpg,degraded,concrete3k,-0.0302110722252847,-3.4738438,1.353849,6.0776014
concrete3k::073_35.jpg,neutral,concrete3k,-0.0061171926322703,-3.4502194,1.1942666,5.9176536
concrete3k::073_37.jpg,degraded,concrete3k,-0.0235250402176075,-3.4104347,1.1833841,5.9164357
concrete3k::073_47.jpg,degraded,concrete3k,-0.0920729805647649,-3.1385446,2.4253232,5.702593
concrete3k::073_9.jpg,degraded,concrete3k,-0.0797869663191371,-2.686095,2.5782323,7.9324102
concrete3k::074_20.jpg,improved,concrete3k,0.0780591866376179,-3.594724,4.0749702,7.939289
concrete3k::074_21.jpg,improved,concrete3k,0.1121521009636884,-3.3891442,3.385454,7.4018316
concrete3k::074_22.jpg,neutral,concrete3k,-0.0094531061827209,-3.677576,3.5577714,7.943337
concrete3k::074_23.jpg,degraded,concrete3k,-0.0799528572553587,-2.907635,1.8217356,6.2048297
concrete3k::074_33.jpg,neutral,concrete3k,-0.0052829409111884,-2.9307961,1.4008449,5.0053234
concrete3k::074_35.jpg,neutral,concrete3k,9.466312431793966e-05,-3.4701176,1.2918987,5.9573984
concrete3k::074_40.jpg,improved,concrete3k,0.1501384430931682,-3.292447,4.2716784,6.704999
concrete3k::074_42.jpg,improved,concrete3k,0.1276258737434294,-3.4546537,4.280917,7.196199
concrete3k::074_43.jpg,improved,concrete3k,0.1863533151962882,-3.159165,3.442195,6.4721417
concrete3k::075_16.jpg,degraded,concrete3k,-0.0560735683021241,-3.210187,1.1158462,5.9981236
concrete3k::075_17.jpg,degraded,concrete3k,-0.0206728388556413,-2.7263157,0.9822545,5.017567
concrete3k::075_27.jpg,degraded,concrete3k,-0.0292827092629036,-3.1225934,1.1757965,5.576897
concrete3k::075_28.jpg,neutral,concrete3k,0.0,-3.6534886,4.2273436,8.209455
concrete3k::075_37.jpg,degraded,concrete3k,-0.0300141956970584,-3.3875961,1.3725964,5.9459662
concrete3k::075_39.jpg,neutral,concrete3k,-0.0001669040413031,-3.5304446,3.4483325,7.173301
concrete3k::075_46.jpg,neutral,concrete3k,-0.0093981337521468,-3.453935,2.5248187,7.260223
concrete3k::075_47.jpg,degraded,concrete3k,-0.0213525119552384,-3.3468332,1.5135525,5.8905625
concrete3k::076_16.jpg,degraded,concrete3k,-0.0618245301777095,-2.975663,1.3545831,5.3663545
concrete3k::076_17.jpg,neutral,concrete3k,0.0027678939583078,-3.2468934,1.402093,6.4194436
concrete3k::076_18.jpg,degraded,concrete3k,-0.0377488716339212,-3.1050663,1.2514951,5.3079534
concrete3k::076_20.jpg,degraded,concrete3k,-0.0201574339733686,-3.2183168,1.1896427,6.0706587
concrete3k::076_21.jpg,degraded,concrete3k,-0.015559453896795,-3.398278,1.5079478,6.884802
concrete3k::076_30.jpg,degraded,concrete3k,-0.0135052596798475,-3.100255,1.121957,5.596672
concrete3k::076_33.jpg,degraded,concrete3k,-0.1609973904091551,-3.446091,4.031157,7.1463094
concrete3k::076_34.jpg,improved,concrete3k,0.1948620103163674,-3.5735264,3.8246028,7.573181
concrete3k::076_39.jpg,degraded,concrete3k,-0.0191553470842802,-3.4624097,2.671833,7.1093335
concrete3k::078_17.jpg,degraded,concrete3k,-0.0699260943718021,-3.3771136,3.5925636,8.601918
concrete3k::078_19.jpg,neutral,concrete3k,-0.0096750076960288,-2.9882808,1.5644815,6.1168985
concrete3k::078_20.jpg,degraded,concrete3k,-0.0199335548172757,-3.4344642,3.7734747,7.0233054
concrete3k::078_24.jpg,degraded,concrete3k,-0.0527633280814385,-3.195476,1.2969893,5.507425
concrete3k::078_26.jpg,neutral,concrete3k,-0.0047725996631106,-3.1431253,1.0625671,6.454237
concrete3k::078_27.jpg,improved,concrete3k,0.0738379568844604,-3.605818,3.0097282,7.5785537
concrete3k::078_31.jpg,improved,concrete3k,0.0196078431372549,-3.5994308,4.1271663,8.378544
concrete3k::078_9.jpg,degraded,concrete3k,-0.0426907455396035,-3.0388384,3.4746954,8.469454
concrete3k::079_21.jpg,improved,concrete3k,0.1572579415105676,-3.608264,3.4975555,7.7740498
concrete3k::079_22.jpg,degraded,concrete3k,-0.0220530758403965,-3.3281045,3.125319,7.2414756
concrete3k::079_23.jpg,neutral,concrete3k,0.0,-3.559053,4.310195,7.3217416
concrete3k::079_24.jpg,degraded,concrete3k,-0.0350650351253207,-3.5566933,1.5648279,6.264663
concrete3k::079_28.jpg,improved,concrete3k,0.0193068928049884,-3.3128948,0.9349215,6.7806745
concrete3k::079_30.jpg,improved,concrete3k,0.021790229621276,-2.9535916,0.8220201,6.312603
concrete3k::079_31.jpg,improved,concrete3k,0.0336423279753551,-3.136702,1.606621,6.080467
concrete3k::080_18.jpg,improved,concrete3k,0.0272169928875635,-2.7728,0.91999817,5.427568
concrete3k::080_19.jpg,degraded,concrete3k,-0.3492434016931505,-3.4623399,3.121927,7.649961
concrete3k::080_24.jpg,neutral,concrete3k,-0.009657516291492,-3.4203658,1.250032,5.830538
concrete3k::080_25.jpg,improved,concrete3k,0.0496351363964504,-3.452943,2.8604956,7.3708906
concrete3k::080_26.jpg,improved,concrete3k,0.0301104048176648,-3.4258432,2.7849517,7.431482
concrete3k::080_28.jpg,neutral,concrete3k,-0.0023033570203382,-3.192158,1.0017333,6.749437
concrete3k::080_39.jpg,degraded,concrete3k,-0.0163002011514185,-3.3249705,2.6739082,6.3433237
concrete3k::080_47.jpg,degraded,concrete3k,-0.0177072385230507,-3.4595034,3.1593497,7.288191
concrete3k::081_11.jpg,neutral,concrete3k,0.0046781092756001,-2.8559115,1.6564091,6.874698
concrete3k::081_16.jpg,degraded,concrete3k,-0.0161823078843206,-3.2505155,2.0337403,5.8375287
concrete3k::081_18.jpg,improved,concrete3k,0.0170058920579178,-3.2164402,1.0868094,5.765017
concrete3k::081_26.jpg,improved,concrete3k,0.0114681170775634,-2.845976,1.6105928,6.069309
concrete3k::081_27.jpg,improved,concrete3k,0.0962286756150212,-2.9132712,0.8132425,6.425749
concrete3k::081_28.jpg,improved,concrete3k,0.029546691407891,-2.760878,0.88333213,5.94577
concrete3k::081_29.jpg,neutral,concrete3k,0.005524198390777,-3.3176212,2.8673115,7.788992
concrete3k::081_3.jpg,degraded,concrete3k,-0.0628482594790008,-2.6833637,1.3182281,5.5316896
concrete3k::081_36.jpg,degraded,concrete3k,-0.0117444418292768,-3.543258,2.9491987,7.6361074
concrete3k::081_4.jpg,improved,concrete3k,0.0964659282189293,-3.5098035,3.7267306,7.253571
concrete3k::081_46.jpg,neutral,concrete3k,0.0043986427045368,-2.9060133,2.0880566,6.789129
concrete3k::082_14.jpg,degraded,concrete3k,-0.0988161272803963,-2.6510587,1.5387458,6.745917
concrete3k::082_16.jpg,degraded,concrete3k,-0.0462545561982863,-2.6788745,2.2986338,6.108967
concrete3k::082_17.jpg,degraded,concrete3k,-0.0578886736268797,-2.9289548,2.376422,6.1064897
concrete3k::082_21.jpg,neutral,concrete3k,0.0002153450731131,-3.578879,4.0963683,7.4987187
concrete3k::082_22.jpg,degraded,concrete3k,-0.0119514017182026,-2.7459369,1.5574654,6.7398973
concrete3k::082_24.jpg,improved,concrete3k,0.0520438068355267,-2.7953584,2.3149872,5.8762913
concrete3k::082_25.jpg,neutral,concrete3k,0.0034536349507856,-2.9666483,1.8251247,7.2417774
concrete3k::082_26.jpg,neutral,concrete3k,-0.0036822857211616,-2.9279919,0.8159128,6.37155
concrete3k::082_27.jpg,improved,concrete3k,0.0135499754829044,-3.0522077,1.0787153,5.811229
concrete3k::082_30.jpg,improved,concrete3k,0.0343773144905326,-2.681576,0.8801358,5.254533
concrete3k::082_37.jpg,degraded,concrete3k,-0.0258257232918944,-3.294884,2.4201403,6.9935904
concrete3k::082_5.jpg,improved,concrete3k,0.0720241568078398,-2.6852021,2.1266885,5.881136
concrete3k::082_6.jpg,degraded,concrete3k,-0.0355364586388345,-2.959086,3.1087894,6.449452
concrete3k::083_26.jpg,degraded,concrete3k,-0.0203536579406063,-2.7147956,2.6130774,6.3243914
concrete3k::083_27.jpg,degraded,concrete3k,-0.0818874020455815,-2.6988742,1.0256007,5.689265
concrete3k::083_42.jpg,degraded,concrete3k,-0.1213597836781958,-2.929609,1.497272,5.4395595
concrete3k::083_6.jpg,improved,concrete3k,0.5209991574839812,-3.5899458,3.5420325,8.654642
concrete3k::083_7.jpg,neutral,concrete3k,0.0078812225567256,-3.314778,1.3541497,6.643341
concrete3k::084_12.jpg,neutral,concrete3k,-0.0035337166192416,-2.867428,1.1664367,6.8894224
concrete3k::084_19.jpg,degraded,concrete3k,-0.0238935650285093,-3.3465426,2.7970226,7.783659
concrete3k::084_20.jpg,improved,concrete3k,0.0334490208072705,-2.9505012,1.7919589,7.485347
concrete3k::084_27.jpg,improved,concrete3k,0.0367307596988505,-2.8361247,0.8332188,6.3063817
concrete3k::084_4.jpg,degraded,concrete3k,-0.0121659213439846,-2.9042075,1.63232,6.891223
concrete3k::084_5.jpg,neutral,concrete3k,-0.0014058106841612,-3.7839546,3.3399384,8.275847
concrete3k::085_27.jpg,degraded,concrete3k,-0.0570017953321364,-3.674387,3.4715912,8.142717
concrete3k::085_3.jpg,improved,concrete3k,0.1388370232061883,-3.5271955,3.6420612,8.103298
concrete3k::085_44.jpg,neutral,concrete3k,0.0,-3.4038033,4.5134525,7.7232294
concrete3k::085_5.jpg,degraded,concrete3k,-0.1264664394938537,-3.095561,2.72509,5.9818745
concrete3k::086_11.jpg,degraded,concrete3k,-0.0116511660358927,-2.8909886,1.5010015,7.005998
concrete3k::086_19.jpg,degraded,concrete3k,-0.0307805772344319,-2.8242037,1.2838755,6.7428904
concrete3k::086_3.jpg,degraded,concrete3k,-0.0702231121281464,-3.5152292,4.0781717,7.464613
concrete3k::086_35.jpg,degraded,concrete3k,-0.0370479792512977,-3.072288,2.0144398,6.672525
concrete3k::086_4.jpg,degraded,concrete3k,-0.0799457816238298,-3.1837618,1.4055908,5.5024905
concrete3k::086_43.jpg,degraded,concrete3k,-0.0438728897715988,-3.0874195,3.0831213,7.310029
concrete3k::087_11.jpg,neutral,concrete3k,0.0029730934977072,-2.8891046,1.6564552,6.9499483
concrete3k::087_12.jpg,degraded,concrete3k,-0.0415193695684195,-3.659242,4.245002,8.052769
concrete3k::087_19.jpg,neutral,concrete3k,-0.0066889921661416,-2.6930366,1.1041507,6.473111
concrete3k::087_36.jpg,improved,concrete3k,0.1519169180120221,-3.605452,3.9503183,7.4913507
concrete3k::087_43.jpg,degraded,concrete3k,-0.0356314311720542,-3.028064,1.6565497,5.665592
concrete3k::089_28.jpg,degraded,concrete3k,-0.0850942734775593,-3.7560718,3.6162949,8.103632
concrete3k::089_36.jpg,degraded,concrete3k,-0.0252006018054162,-2.976647,1.7053523,6.7764907
concrete3k::089_43.jpg,degraded,concrete3k,-0.0317295188451822,-2.920241,3.097309,7.3225293
concrete3k::089_5.jpg,improved,concrete3k,0.0591230152540771,-3.123446,3.7513142,7.440712
concrete3k::090_11.jpg,degraded,concrete3k,-0.0328705470831302,-3.0052743,3.9998198,8.156195
concrete3k::090_2.jpg,degraded,concrete3k,-0.0342588206828169,-2.8407683,3.600457,7.730115
concrete3k::090_27.jpg,degraded,concrete3k,-0.0299174042547576,-2.7891822,1.679075,6.706436
concrete3k::090_3.jpg,degraded,concrete3k,-0.0388708064559742,-2.5547032,2.5696714,7.5409584
concrete3k::091_12.jpg,degraded,concrete3k,-0.0114905538413202,-3.0253398,1.4344873,7.0666766
concrete3k::091_20.jpg,improved,concrete3k,0.0268316874311328,-2.777838,0.74895936,6.6767063
concrete3k::091_21.jpg,neutral,concrete3k,0.0,-3.6428733,4.04627,8.40759
concrete3k::091_28.jpg,improved,concrete3k,0.0374648304457277,-3.3513322,2.6238003,8.2515545
concrete3k::091_29.jpg,neutral,concrete3k,-0.0007287946798819,-3.5139863,3.2619784,8.241414
concrete3k::091_4.jpg,degraded,concrete3k,-0.041456771321462,-2.7074323,1.9739785,5.9739623
concrete3k::091_44.jpg,degraded,concrete3k,-0.0608713628186768,-3.589939,4.24128,8.158848
concrete3k::092_36.jpg,degraded,concrete3k,-0.014289544979407,-2.7929318,1.6412709,7.6759057
concrete3k::093_11.jpg,improved,concrete3k,0.0553391537493578,-2.8263607,1.2343636,7.2685614
concrete3k::093_20.jpg,degraded,concrete3k,-0.0600743451033017,-2.7492275,0.7982677,7.329739
concrete3k::093_28.jpg,improved,concrete3k,0.0854166793887015,-2.751416,0.80265963,7.4112287
concrete3k::093_29.jpg,degraded,concrete3k,-0.0377406920036036,-2.766711,0.9657081,7.512501
concrete3k::093_3.jpg,neutral,concrete3k,-0.0042622713206296,-3.6398697,2.9669552,8.210451
concrete3k::093_36.jpg,degraded,concrete3k,-0.0591010227137704,-2.7774193,1.0459676,7.581085
concrete3k::093_37.jpg,improved,concrete3k,0.0443565538095461,-2.7676356,0.827628,7.4067097
concrete3k::093_4.jpg,neutral,concrete3k,0.0067625895819728,-2.8140926,0.97973686,7.111344
concrete3k::093_45.jpg,neutral,concrete3k,-0.0060289668160253,-3.649108,3.1654825,8.585635
concrete3k::094_13.jpg,degraded,concrete3k,-0.015834932821497,-3.5891848,3.1218834,8.399869
concrete3k::094_36.jpg,degraded,concrete3k,-0.0205866473683,-3.6792135,3.1858711,8.384552
concrete3k::095_12.jpg,degraded,concrete3k,-0.0164975829038466,-2.9308646,1.5386515,6.926305
concrete3k::095_13.jpg,degraded,concrete3k,-0.016618691236844,-2.744077,2.8611991,6.4573336
concrete3k::095_20.jpg,degraded,concrete3k,-0.0146422494168134,-2.9440632,1.0151911,6.6456556
concrete3k::095_43.jpg,neutral,concrete3k,-0.0005638400157237,-2.7301679,0.8948029,5.510927
concrete3k::095_44.jpg,neutral,concrete3k,0.0078828828828828,-3.6517289,4.105393,8.305346
concrete3k::095_5.jpg,degraded,concrete3k,-0.0319026800639248,-2.7404234,0.98847973,5.083372
concrete3k::096_13.jpg,degraded,concrete3k,-0.0280033369711478,-2.7976587,0.90231335,5.366578
concrete3k::096_28.jpg,improved,concrete3k,0.0168738245678988,-2.8500016,0.8393997,6.5831075
concrete3k::096_36.jpg,improved,concrete3k,0.0305330205355934,-2.8227105,0.8830908,6.439975
concrete3k::097_13.jpg,degraded,concrete3k,-0.0296185236069991,-2.7830856,1.7107149,6.489765
concrete3k::097_14.jpg,degraded,concrete3k,-0.0610899062977584,-3.4610515,3.2431355,7.273611
concrete3k::097_21.jpg,degraded,concrete3k,-0.0248551020652969,-2.9581358,1.1878308,6.836842
concrete3k::097_29.jpg,improved,concrete3k,0.0121025007718431,-2.843392,1.0680381,7.299263
concrete3k::097_37.jpg,degraded,concrete3k,-0.0110803324099723,-3.7341447,3.2929792,8.509732
concrete3k::097_39.jpg,improved,concrete3k,0.1491255060240237,-3.6126409,3.616719,7.4531665
concrete3k::097_45.jpg,neutral,concrete3k,0.0,-3.6592288,3.8760986,8.549119
concrete3k::097_46.jpg,degraded,concrete3k,-0.0725623692023752,-3.6069748,3.101281,7.5339365
concrete3k::097_6.jpg,degraded,concrete3k,-0.0457113700538686,-2.7055173,1.9662613,6.223895
concrete3k::098_13.jpg,degraded,concrete3k,-0.0355337979999837,-3.6171527,3.0529373,8.453002
concrete3k::098_28.jpg,improved,concrete3k,0.0267604000024518,-3.1786375,0.87177324,6.9721518
concrete3k::098_29.jpg,degraded,concrete3k,-0.0270952746958508,-3.357015,1.4190753,7.5904636
concrete3k::098_34.jpg,neutral,concrete3k,0.0057171989618412,-3.6561477,3.1895242,8.461161
concrete3k::098_36.jpg,improved,concrete3k,0.0255418084756857,-3.1879077,0.87014747,6.7850375
concrete3k::098_37.jpg,improved,concrete3k,0.0163137405626451,-3.3574755,1.317985,7.5062985
concrete3k::098_40.jpg,degraded,concrete3k,-0.0206630156284094,-3.135365,1.0171093,5.589668
concrete3k::098_42.jpg,degraded,concrete3k,-0.0424607963132246,-3.5219555,1.021855,6.809984
concrete3k::098_43.jpg,degraded,concrete3k,-0.0146986771190592,-3.7345445,3.2176385,8.525131
concrete3k::098_6.jpg,neutral,concrete3k,-5.911743714659412e-05,-3.4823143,1.1242073,6.8765
concrete3k::100_15.jpg,neutral,concrete3k,-0.0034794202894469,-3.517462,1.0480686,6.889034
concrete3k::100_21.jpg,improved,concrete3k,0.0948357937423025,-3.2213988,1.2674409,7.5355167
concrete3k::100_22.jpg,neutral,concrete3k,0.0099489082294509,-3.4269288,1.4320644,7.5196824
concrete3k::100_26.jpg,improved,concrete3k,0.0102463479589951,-3.1579065,0.7776634,6.781921
concrete3k::100_28.jpg,degraded,concrete3k,-0.0146560921102113,-3.21448,0.84090096,6.9556284
concrete3k::100_30.jpg,neutral,concrete3k,0.008363027823432,-2.8221035,0.6684312,6.374466
concrete3k::100_31.jpg,improved,concrete3k,0.0114874232521291,-3.7171192,3.3028867,8.564569
concrete3k::100_32.jpg,neutral,concrete3k,0.0066717607051207,-3.3014452,1.061879,5.957503
concrete3k::100_7.jpg,degraded,concrete3k,-0.0230507713671923,-3.5564406,2.6384943,8.184031
concrete3k::101_18.jpg,degraded,concrete3k,-0.6462450592885375,-3.6499555,3.499919,8.663265
concrete3k::101_20.jpg,improved,concrete3k,0.014412187244801,-3.3074841,0.9142152,6.922777
concrete3k::101_22.jpg,neutral,concrete3k,0.0004621460964685,-3.3364108,0.8773255,6.8577485
concrete3k::101_33.jpg,neutral,concrete3k,-0.0031536045319785,-3.2899308,1.1178968,6.6622353
concrete3k::101_34.jpg,degraded,concrete3k,-0.1246980470097074,-3.7580109,3.157145,8.447179
concrete3k::101_40.jpg,neutral,concrete3k,0.0002659304676987,-3.3974485,1.1430345,6.63122
concrete3k::101_41.jpg,improved,concrete3k,0.015016142797098,-3.726038,3.1771936,8.448011
concrete3k::102_14.jpg,degraded,concrete3k,-0.022284491219136,-3.5475454,2.5672612,8.125712
concrete3k::102_15.jpg,improved,concrete3k,0.0117621354509236,-3.3941085,1.0700619,6.7563157
concrete3k::102_26.jpg,neutral,concrete3k,0.0043955462777669,-3.3253942,1.7852066,7.7741027
concrete3k::102_32.jpg,degraded,concrete3k,-0.0256148485583724,-3.4613042,1.3729563,6.9876175
concrete3k::102_33.jpg,degraded,concrete3k,-0.0105445262281936,-3.4248474,1.0619493,6.7325077
concrete3k::102_40.jpg,neutral,concrete3k,0.0,-3.1871743,3.5837278,8.655077
concrete3k::102_41.jpg,improved,concrete3k,0.0264970423790616,-3.4966831,3.6751635,8.594803
concrete3k::103_10.jpg,degraded,concrete3k,-0.0878062288893304,-3.5894747,2.5767467,7.935518
concrete3k::103_17.jpg,neutral,concrete3k,0.0031691455462651,-3.70056,3.371739,8.620606
concrete3k::103_19.jpg,improved,concrete3k,0.0470959729251405,-3.0702372,1.0020472,7.2625856
concrete3k::103_31.jpg,neutral,concrete3k,0.0005560704355884,-3.235713,0.83508086,6.844918
concrete3k::103_32.jpg,degraded,concrete3k,-0.0340709632341003,-3.5063648,1.1290512,6.750228
concrete3k::103_33.jpg,improved,concrete3k,0.1638464231532267,-3.7338784,3.258654,8.556618
concrete3k::103_9.jpg,neutral,concrete3k,0.0031976496742169,-3.5170624,1.3169072,7.200659
concrete3k::104_0.jpg,degraded,concrete3k,-0.0278915405054174,-3.4045413,1.1290542,6.590813
concrete3k::104_1.jpg,neutral,concrete3k,-0.0046334321779555,-3.4375741,1.1585046,6.8171387
concrete3k::104_11.jpg,degraded,concrete3k,-0.0594812164579606,-3.6554275,3.6664462,8.601258
concrete3k::104_12.jpg,degraded,concrete3k,-0.0213066443137767,-3.4212377,0.9014711,6.731809
concrete3k::104_13.jpg,neutral,concrete3k,0.0028885266817749,-3.3612235,0.981935,6.9587135
concrete3k::104_14.jpg,degraded,concrete3k,-0.0221604053879952,-3.582984,2.7390194,8.1446
concrete3k::104_2.jpg,degraded,concrete3k,-0.0198931777609288,-3.519807,1.0281075,6.814984
concrete3k::104_22.jpg,neutral,concrete3k,0.0026618522596111,-3.553837,1.0798353,6.964341
concrete3k::104_23.jpg,neutral,concrete3k,0.004836930763766,-3.4647887,0.98066765,6.80669
concrete3k::104_34.jpg,degraded,concrete3k,-0.0378067479319595,-3.5429046,1.4370778,7.289593
concrete3k::104_35.jpg,improved,concrete3k,0.0140402079395894,-3.4614887,1.2583674,7.2860765
concrete3k::104_40.jpg,degraded,concrete3k,-0.0125354425702974,-3.054428,3.8921077,7.5620346
concrete3k::104_42.jpg,neutral,concrete3k,0.0,-3.6524427,3.9752092,8.468114
concrete3k::105_27.jpg,neutral,concrete3k,0.0046460815563408,-3.3440878,1.4989071,7.3651853
concrete3k::105_28.jpg,improved,concrete3k,0.0224726457699534,-3.2078214,0.8207538,6.759096
concrete3k::105_31.jpg,degraded,concrete3k,-0.0132451144697239,-3.4660563,1.0745827,6.7408776
concrete3k::105_34.jpg,neutral,concrete3k,0.0076884401456344,-3.2567267,0.96779263,6.040675
concrete3k::105_38.jpg,neutral,concrete3k,0.0024588202639713,-3.613015,2.4599407,7.3613186
concrete3k::105_40.jpg,degraded,concrete3k,-0.0305598198478771,-3.515945,3.7196827,8.510674
concrete3k::106_17.jpg,neutral,concrete3k,0.0043852958690535,-3.519291,2.9647207,8.491047
concrete3k::106_18.jpg,neutral,concrete3k,-0.000123593220269,-3.4328678,1.3203675,6.7639933
concrete3k::106_26.jpg,degraded,concrete3k,-0.2471877067862656,-3.6972566,3.534999,8.564684
concrete3k::106_32.jpg,improved,concrete3k,0.0642168166910274,-3.2039225,1.906415,6.4853954
concrete3k::106_33.jpg,degraded,concrete3k,-0.076815837785392,-3.6136963,2.1536653,7.207122
concrete3k::106_34.jpg,degraded,concrete3k,-0.0250602606853662,-3.577287,1.5530823,7.144488
concrete3k::106_37.jpg,improved,concrete3k,0.0445538016805119,-2.831526,0.64159316,6.5155625
concrete3k::106_38.jpg,improved,concrete3k,0.0340614727303272,-3.3078868,0.8933697,6.642793
concrete3k::107_20.jpg,degraded,concrete3k,-0.0369325468068735,-3.4522302,2.5808938,7.9269433
concrete3k::107_24.jpg,degraded,concrete3k,-0.022430836234964,-3.2301087,1.0956177,6.1452785
concrete3k::107_26.jpg,degraded,concrete3k,-0.0266922846497544,-3.4570146,1.2076412,6.771249
concrete3k::107_27.jpg,neutral,concrete3k,0.0004696420897538,-3.351281,1.1991125,7.0361643
concrete3k::108_22.jpg,degraded,concrete3k,-0.0429426743409238,-3.328149,1.0007747,6.400273
concrete3k::108_25.jpg,neutral,concrete3k,-0.0077456040458702,-3.4705212,1.0744925,6.8088017
concrete3k::108_27.jpg,degraded,concrete3k,-0.0162801412993396,-3.635151,2.2787569,7.7216516
concrete3k::108_28.jpg,degraded,concrete3k,-0.0340654166707209,-3.6599724,2.2897556,7.7322297
concrete3k::108_29.jpg,neutral,concrete3k,0.0008146330173287,-3.3869839,1.6266481,7.74284
concrete3k::109_1.jpg,degraded,concrete3k,-0.0497980207821804,-2.6838837,3.3946652,6.1540604
concrete3k::109_14.jpg,improved,concrete3k,0.2396760289739984,-3.0122323,3.6865308,6.0427194
concrete3k::109_15.jpg,neutral,concrete3k,0.0063705914528786,-2.9999514,3.2257676,5.5119047
concrete3k::109_2.jpg,degraded,concrete3k,-0.2430509744181055,-2.780872,3.8971667,6.35836
concrete3k::111_16.jpg,degraded,concrete3k,-0.0310728130656841,-3.1205108,2.2923179,5.6450825
concrete3k::111_25.jpg,degraded,concrete3k,-0.0106371771968413,-3.4566472,3.9175885,7.8378377
concrete3k::111_26.jpg,degraded,concrete3k,-0.017232073021854,-3.536272,1.4998287,6.592503
concrete3k::111_29.jpg,neutral,concrete3k,-0.0013965567746258,-3.4937901,3.164436,7.06041
concrete3k::111_36.jpg,degraded,concrete3k,-0.0247303539719071,-3.5127556,4.0349755,7.790702
concrete3k::112_20.jpg,neutral,concrete3k,-0.0053025240166982,-3.2443986,2.6947234,7.8129907
concrete3k::112_24.jpg,degraded,concrete3k,-0.0195125549676279,-3.0408936,1.3683091,6.3376355
concrete3k::112_26.jpg,neutral,concrete3k,-0.0070346256548728,-3.2275531,1.6845965,7.007525
concrete3k::112_28.jpg,degraded,concrete3k,-0.015589284897888,-3.2703898,2.1432157,7.033394
concrete3k::112_29.jpg,degraded,concrete3k,-0.0763389288569145,-3.5736635,3.9662867,7.5600214
concrete3k::112_31.jpg,neutral,concrete3k,0.0080350485051629,-2.4307086,2.1627536,6.0627956
concrete3k::113_21.jpg,improved,concrete3k,0.0217391304347827,-3.7302983,4.167376,8.256847
concrete3k::113_22.jpg,improved,concrete3k,0.1468036529680365,-3.6920128,4.211699,8.19903
concrete3k::113_25.jpg,neutral,concrete3k,-0.0005940253454462,-3.3247206,1.402271,7.139108
concrete3k::113_27.jpg,degraded,concrete3k,-0.0145180243356961,-3.5450988,2.1978886,7.7184668
concrete3k::114_21.jpg,degraded,concrete3k,-0.1236914872714227,-3.3890085,3.8401089,7.472273
concrete3k::114_22.jpg,degraded,concrete3k,-0.0281330527962067,-3.0744545,2.7384727,6.3403983
concrete3k::114_25.jpg,degraded,concrete3k,-0.0236350446127248,-3.2152636,2.9543948,6.944032
concrete3k::114_27.jpg,improved,concrete3k,0.0260552762310768,-3.2309012,1.6002742,7.088528
concrete3k::114_28.jpg,neutral,concrete3k,0.0018435067595247,-3.4200473,1.8724499,7.052806
concrete3k::114_30.jpg,degraded,concrete3k,-0.0600910470409711,-3.6275795,3.932694,8.200419
concrete3k::114_31.jpg,degraded,concrete3k,-0.0282172927649542,-3.2654686,1.8472904,6.9297943
concrete3k::114_33.jpg,degraded,concrete3k,-0.1313791611955773,-3.6682727,3.7722769,8.4295635
concrete3k::115_13.jpg,neutral,concrete3k,0.0,-3.6625817,4.2199736,8.312551
concrete3k::115_16.jpg,degraded,concrete3k,-0.0134091651164324,-3.1777728,2.2636893,5.5679336
concrete3k::115_17.jpg,degraded,concrete3k,-0.0144787045445265,-3.4006565,1.3078121,6.657036
concrete3k::115_18.jpg,degraded,concrete3k,-0.0262909994005309,-3.42527,1.4438462,6.940296
concrete3k::115_20.jpg,neutral,concrete3k,0.0085909425253034,-3.2738025,1.3776245,7.051483
concrete3k::115_22.jpg,neutral,concrete3k,-0.0082078800457444,-3.5629437,1.3247586,6.9616957
concrete3k::116_17.jpg,degraded,concrete3k,-0.0329740850501679,-3.4850261,1.4761755,7.0795727
concrete3k::116_19.jpg,degraded,concrete3k,-0.023953827272624,-3.3464622,1.5101787,7.409531
concrete3k::116_20.jpg,degraded,concrete3k,-0.0256179064290201,-3.3026772,1.5523309,7.5324607
concrete3k::116_21.jpg,neutral,concrete3k,-0.0002337307177686,-3.266037,1.2583067,7.159975
concrete3k::116_22.jpg,neutral,concrete3k,-0.0099824430450278,-3.437115,1.2857034,6.82816
concrete3k::116_23.jpg,neutral,concrete3k,-0.0097792991000466,-3.444809,1.2608408,6.797057
concrete3k::116_26.jpg,degraded,concrete3k,-0.1052215407194628,-3.2634132,2.6394434,8.164513
concrete3k::116_35.jpg,neutral,concrete3k,0.0057692766785942,-3.685338,4.1406307,8.315455
concrete3k::116_8.jpg,degraded,concrete3k,-0.0422851761161562,-3.0798779,1.9311969,6.278585
concrete3k::116_9.jpg,degraded,concrete3k,-0.0805162141546581,-2.9432938,3.5781434,8.141438
concrete3k::117_16.jpg,degraded,concrete3k,-0.0704482664648642,-2.856928,1.2330427,4.948521
concrete3k::117_22.jpg,degraded,concrete3k,-0.0432198126676581,-3.4747522,2.887022,7.355573
concrete3k::117_29.jpg,improved,concrete3k,0.2900390625,-3.6717489,4.1635227,8.30972
concrete3k::117_37.jpg,neutral,concrete3k,-0.0060287291782424,-3.7267325,3.9799507,8.258666
concrete3k::117_39.jpg,degraded,concrete3k,-0.0644989869462746,-3.6005442,2.2890913,7.326333
concrete3k::117_9.jpg,improved,concrete3k,0.157258064516129,-3.037615,4.0752935,8.362797
concrete3k::118_16.jpg,degraded,concrete3k,-0.0309983964891551,-2.671279,2.898071,6.7922297
concrete3k::118_20.jpg,neutral,concrete3k,-0.0084187379316632,-3.3221338,2.2406797,5.9276686
concrete3k::118_24.jpg,neutral,concrete3k,0.0088536490243686,-2.9555728,3.6097007,7.8676977
concrete3k::118_28.jpg,degraded,concrete3k,-0.0264735189165501,-3.8124568,3.1306212,7.975192
concrete3k::118_29.jpg,neutral,concrete3k,0.0032616087078563,-3.5704668,2.2444353,7.49762
concrete3k::118_33.jpg,degraded,concrete3k,-0.1350985469939678,-3.0318375,2.2545366,5.8451443
concrete3k::119_17.jpg,degraded,concrete3k,-0.0674312027423782,-2.972698,2.8767867,7.3729086
concrete3k::119_28.jpg,degraded,concrete3k,-0.0261101869609723,-3.1839805,2.9170425,5.934107
concrete3k::119_36.jpg,degraded,concrete3k,-0.0553241584163272,-3.831558,3.361169,7.5674014
concrete3k::119_38.jpg,degraded,concrete3k,-0.1564637093770078,-3.1605253,3.1778488,5.8628983
concrete3k::119_39.jpg,improved,concrete3k,0.0565137064372343,-2.9524775,2.1432571,4.953165
concrete3k::119_46.jpg,neutral,concrete3k,-0.0097655413302151,-2.932849,2.1292338,4.9618177
concrete3k::119_47.jpg,degraded,concrete3k,-0.0186792121513652,-3.2928128,4.48535,6.8125806
concrete3k::120_14.jpg,neutral,concrete3k,0.0083761508980476,-2.822636,2.392849,7.0172663
concrete3k::120_20.jpg,degraded,concrete3k,-0.0624038893072118,-3.692175,3.6739,7.6651764
concrete3k::120_24.jpg,degraded,concrete3k,-0.0573505248281762,-3.118243,1.7340232,5.329376
concrete3k::120_28.jpg,degraded,concrete3k,-0.0266724347897683,-2.9026966,0.8395419,6.6279273
concrete3k::120_33.jpg,degraded,concrete3k,-0.2289242438176661,-3.2244751,2.6757817,6.144732
concrete3k::120_39.jpg,degraded,concrete3k,-0.1457516906783758,-3.0621622,3.1710942,6.0266814
concrete3k::121_19.jpg,degraded,concrete3k,-0.0908982285593369,-2.8718913,0.7407524,6.5015764
concrete3k::121_24.jpg,degraded,concrete3k,-0.0508413081614577,-2.9181473,1.9345186,4.948659
concrete3k::121_26.jpg,neutral,concrete3k,1.0571676020809662e-05,-3.4738708,1.4953637,7.0802913
concrete3k::121_27.jpg,degraded,concrete3k,-0.1143330571665285,-3.7150095,3.4771607,8.494407
concrete3k::121_28.jpg,neutral,concrete3k,-0.0039098136322168,-3.5472772,1.9905963,7.583332
concrete3k::122_19.jpg,degraded,concrete3k,-0.030710899981545,-2.2636154,2.7126708,5.7989845
concrete3k::122_20.jpg,neutral,concrete3k,-0.0020398683174115,-2.9988058,4.83879,7.117791
concrete3k::122_26.jpg,degraded,concrete3k,-0.0452250592575415,-2.2451794,3.067109,6.0479975
concrete3k::122_4.jpg,degraded,concrete3k,-0.0886735146146013,-2.6421597,3.1324067,6.015233
concrete3k::122_41.jpg,degraded,concrete3k,-0.0992066813500766,-2.617468,2.8232963,5.4594564
concrete3k::123_19.jpg,degraded,concrete3k,-0.053337148269932,-2.0970008,2.998452,6.3036776
concrete3k::123_27.jpg,degraded,concrete3k,-0.0208394090135271,-2.148487,2.9670675,6.2565985
concrete3k::123_39.jpg,neutral,concrete3k,0.0060479136494649,-2.976711,4.821827,7.049874
concrete3k::123_43.jpg,neutral,concrete3k,-0.0029075864288324,-2.1541193,3.093982,6.133111
concrete3k::124_2.jpg,degraded,concrete3k,-0.052885176481064,-2.7376604,2.5049708,5.2876625
concrete3k::124_36.jpg,degraded,concrete3k,-0.0818161349063892,-2.6738122,2.179249,5.2995324
concrete3k::124_37.jpg,degraded,concrete3k,-0.0421598607781763,-3.2370791,4.2458487,6.7394457
concrete3k::124_44.jpg,improved,concrete3k,0.0689915458937198,-3.05949,4.7791615,6.996544
concrete3k::124_45.jpg,degraded,concrete3k,-0.1846511934235103,-2.667301,2.3116426,5.1803303
concrete3k::125_10.jpg,degraded,concrete3k,-0.0365420770828829,-2.5455074,2.569559,5.4457827
concrete3k::125_19.jpg,degraded,concrete3k,-0.04617802824839,-2.1870282,3.3056743,6.3137517
concrete3k::125_27.jpg,degraded,concrete3k,-0.0239571857041052,-2.2535155,4.5351343,7.0073857
concrete3k::125_28.jpg,degraded,concrete3k,-0.0248831107711315,-2.238894,2.7907662,5.9378023
concrete3k::125_37.jpg,degraded,concrete3k,-0.0750633692073013,-3.0057611,4.6724,6.9784627
concrete3k::126_0.jpg,degraded,concrete3k,-0.0212688233321775,-2.6842487,1.8299059,5.041558
concrete3k::126_10.jpg,degraded,concrete3k,-0.0518537028858778,-2.6593246,1.7008672,5.181243
concrete3k::126_11.jpg,neutral,concrete3k,0.0053934259041342,-3.4350672,4.094414,7.0596137
concrete3k::126_19.jpg,improved,concrete3k,0.0152660543436725,-2.520571,1.369026,5.590602
concrete3k::126_20.jpg,degraded,concrete3k,-0.0696055684454756,-3.3356042,4.081454,6.87817
concrete3k::126_27.jpg,neutral,concrete3k,0.0024713880759457,-3.4376988,4.144194,7.0373125
concrete3k::126_28.jpg,neutral,concrete3k,-0.0001726030653937,-2.7473965,1.5253826,5.290982
concrete3k::126_29.jpg,neutral,concrete3k,0.0027909572983533,-2.460735,2.4357297,5.653169
concrete3k::126_34.jpg,improved,concrete3k,0.0337410548938018,-3.3909054,4.474749,7.109091
concrete3k::126_38.jpg,neutral,concrete3k,1.2078208285637436e-05,-2.5911584,2.766618,5.7613125
concrete3k::126_41.jpg,improved,concrete3k,0.1154429550397873,-3.1368067,4.6132736,6.880456
concrete3k::126_42.jpg,improved,concrete3k,0.0186541931375373,-3.0680273,4.728476,6.965468
concrete3k::126_47.jpg,degraded,concrete3k,-0.0369356546062469,-2.5338335,2.5343783,5.3697867
concrete3k::126_8.jpg,degraded,concrete3k,-0.0318976276571079,-3.3103187,3.9676092,6.7099137
concrete3k::126_9.jpg,degraded,concrete3k,-0.0293502085968357,-2.631539,1.8818419,5.45806
concrete3k::127_16.jpg,neutral,concrete3k,0.0061962793788229,-3.174629,3.9919636,6.390708
concrete3k::127_17.jpg,degraded,concrete3k,-0.0423229992928886,-2.69496,2.4489048,5.281882
concrete3k::127_18.jpg,degraded,concrete3k,-0.0598060686690171,-2.4127378,2.7061872,5.647912
concrete3k::127_22.jpg,degraded,concrete3k,-0.0377864383191487,-2.3305576,2.7156348,5.7423153
concrete3k::127_23.jpg,degraded,concrete3k,-0.017112123820234,-2.2589943,2.8369546,5.8849273
concrete3k::127_27.jpg,degraded,concrete3k,-0.0224357841794833,-2.5497603,4.569952,7.1785173
concrete3k::127_28.jpg,neutral,concrete3k,-0.007240926541266,-2.3696556,2.3043053,5.730265
concrete3k::127_8.jpg,degraded,concrete3k,-0.0335186534572158,-2.6782691,2.5300875,5.2454367
concrete3k::128_18.jpg,degraded,concrete3k,-0.0523724136722876,-2.581997,1.796257,5.3992205
concrete3k::128_20.jpg,neutral,concrete3k,-0.0053103835671353,-2.2498517,2.8405557,6.035662
concrete3k::128_21.jpg,degraded,concrete3k,-0.0171334928689992,-2.131386,2.9926312,6.120975
concrete3k::128_23.jpg,degraded,concrete3k,-0.8669950738916257,-2.926871,4.8786964,7.250274
concrete3k::128_25.jpg,improved,concrete3k,0.0490831404664412,-2.86672,4.904484,7.2384105
concrete3k::128_31.jpg,degraded,concrete3k,-0.0277925798969399,-2.4693959,2.4885705,5.4994245
concrete3k::129_21.jpg,improved,concrete3k,0.0284913616165655,-2.1430466,3.182065,6.2362065
concrete3k::129_35.jpg,neutral,concrete3k,0.0020491058949648,-2.3137114,2.8044212,5.797457
concrete3k::129_36.jpg,degraded,concrete3k,-0.0306956379701208,-2.8813453,4.3032956,6.9491396
concrete3k::129_42.jpg,degraded,concrete3k,-0.0321470786896318,-2.5989666,2.6411352,5.4052453
concrete3k::129_5.jpg,degraded,concrete3k,-0.0570135531843917,-2.6532853,2.532495,5.2639284
concrete3k::130_18.jpg,degraded,concrete3k,-0.0504069799807816,-2.496665,2.8989847,5.7271557
concrete3k::130_19.jpg,neutral,concrete3k,-0.0031634518029821,-2.7525578,4.89367,7.202911
concrete3k::130_20.jpg,degraded,concrete3k,-0.0967216830940803,-2.2725496,3.005934,5.9708557
concrete3k::130_21.jpg,degraded,concrete3k,-0.0234535820570516,-2.6891224,4.856378,7.204318
concrete3k::130_22.jpg,degraded,concrete3k,-0.0707104789173226,-2.879982,4.790331,7.192807
concrete3k::130_26.jpg,neutral,concrete3k,-0.0031830686850115,-2.8144975,4.729115,7.163675
concrete3k::130_28.jpg,degraded,concrete3k,-0.0219214950809842,-2.4910085,4.566924,7.106326
concrete3k::130_29.jpg,degraded,concrete3k,-0.0355324120327864,-2.2852852,4.619795,7.0525503
concrete3k::131_19.jpg,degraded,concrete3k,-0.0435334942669081,-2.8910208,4.331999,7.175727
concrete3k::131_21.jpg,degraded,concrete3k,-0.0125648976420823,-2.308425,2.8420563,5.8708467
concrete3k::131_22.jpg,degraded,concrete3k,-0.0254416208981197,-2.5501683,2.8197865,5.6239038
concrete3k::131_27.jpg,neutral,concrete3k,-0.0067317380081567,-2.4929438,2.8856604,6.554147
concrete3k::131_32.jpg,degraded,concrete3k,-0.0236138197760636,-2.758759,2.5997503,5.383776
concrete3k::131_33.jpg,degraded,concrete3k,-0.0461812582134654,-2.8534544,2.0677137,5.2549148
concrete3k::131_34.jpg,neutral,concrete3k,0.0001713683522692,-3.1674256,4.4935226,6.873531
concrete3k::131_42.jpg,degraded,concrete3k,-0.0264287683642522,-3.072065,4.7972255,7.1611266
concrete3k::131_43.jpg,improved,concrete3k,0.0309552369562736,-2.7078176,3.4943516,6.3779745
concrete3k::132_19.jpg,degraded,concrete3k,-0.046271310707002,-3.2426178,3.9275815,6.8970895
concrete3k::132_20.jpg,degraded,concrete3k,-0.0288022648295939,-3.0656717,3.2220805,6.64997
concrete3k::132_27.jpg,neutral,concrete3k,-0.0071725856542036,-2.9992464,3.101041,7.1761384
concrete3k::132_28.jpg,neutral,concrete3k,0.008135527798449,-3.0360389,4.8417606,7.3467216
concrete3k::132_36.jpg,neutral,concrete3k,0.0022680631244481,-2.0665722,3.2795794,6.2856426
concrete3k::132_4.jpg,degraded,concrete3k,-0.0198223354536172,-2.9493268,2.447156,6.0378036
concrete3k::132_43.jpg,degraded,concrete3k,-0.0146644358137381,-2.0626142,3.2258806,6.2379956
concrete3k::133_19.jpg,improved,concrete3k,0.0176945164249991,-3.2906904,2.6824985,7.892412
concrete3k::133_28.jpg,neutral,concrete3k,0.0053505994286818,-2.4764438,1.6802713,6.945046
concrete3k::133_38.jpg,degraded,concrete3k,-0.0155603081822052,-3.046886,4.478343,6.9003763
concrete3k::134_1.jpg,improved,concrete3k,0.0644317101333437,-3.16147,4.632716,7.648903
concrete3k::134_10.jpg,degraded,concrete3k,-0.0186713166437438,-2.6098828,1.4316375,5.5040197
concrete3k::134_19.jpg,degraded,concrete3k,-0.0415623435152728,-3.5802279,3.592805,8.175154
concrete3k::134_2.jpg,degraded,concrete3k,-0.0108149907432789,-2.657402,1.5049944,5.3026986
concrete3k::134_36.jpg,degraded,concrete3k,-0.0183130076488373,-3.7207198,3.1030552,7.760975
concrete3k::134_37.jpg,improved,concrete3k,0.0344263307336212,-2.677178,0.9326459,5.804663
concrete3k::134_38.jpg,improved,concrete3k,0.0687363950545018,-3.5177903,4.179613,7.643077
concrete3k::134_9.jpg,degraded,concrete3k,-0.0126130645103862,-2.9978123,4.0413504,7.7159734
concrete3k::135_10.jpg,degraded,concrete3k,-0.013813451767537,-2.7372649,2.7395432,6.09723
concrete3k::135_20.jpg,neutral,concrete3k,0.0022182500330779,-3.0883417,3.5345263,6.896012
concrete3k::135_29.jpg,neutral,concrete3k,0.0,-3.5495346,4.4381104,8.159194
concrete3k::135_45.jpg,degraded,concrete3k,-0.0697710759107782,-2.5509193,1.6691618,6.001693
concrete3k::136_0.jpg,neutral,concrete3k,-0.003734943239772,-3.3244195,1.4124641,6.13182
concrete3k::136_20.jpg,neutral,concrete3k,0.0081676418606976,-2.639676,1.6348585,6.0566688
concrete3k::136_21.jpg,neutral,concrete3k,0.0,-3.6463957,4.118557,8.317872
concrete3k::136_45.jpg,neutral,concrete3k,0.0,-3.4272463,4.5899816,7.8995953
concrete3k::136_47.jpg,degraded,concrete3k,-0.0802761993282856,-3.3145266,3.979455,7.085236
concrete3k::137_16.jpg,improved,concrete3k,0.0666666666666666,-3.0863733,4.0436773,8.45314
concrete3k::137_18.jpg,neutral,concrete3k,-0.0099403578528827,-3.5823917,4.275489,7.860294
concrete3k::137_25.jpg,neutral,concrete3k,-0.0045802779834878,-2.7079847,1.6702123,5.9694266
concrete3k::137_29.jpg,neutral,concrete3k,-0.0096195148629626,-2.6489277,1.4262326,5.8554506
concrete3k::137_39.jpg,improved,concrete3k,0.0112683758578496,-2.4792855,2.235604,5.7471447
concrete3k::138_17.jpg,neutral,concrete3k,-0.0007258953863595,-2.8341618,1.7006209,6.3161545
concrete3k::138_36.jpg,degraded,concrete3k,-0.0367718053714368,-3.5944397,3.1709485,7.4819136
concrete3k::138_37.jpg,neutral,concrete3k,0.0031571278232008,-3.1742485,1.182645,5.976766
concrete3k::138_39.jpg,degraded,concrete3k,-0.016673577173448,-3.0106518,2.0090594,5.6482005
concrete3k::138_8.jpg,improved,concrete3k,0.0151412507013868,-3.1630762,1.9392853,5.4228835
concrete3k::138_9.jpg,degraded,concrete3k,-0.0180891300772899,-3.1146379,3.708692,7.377303
concrete3k::139_17.jpg,degraded,concrete3k,-0.02645801018801,-3.0598698,2.1075113,5.6274614
concrete3k::139_25.jpg,neutral,concrete3k,-0.0083756430995484,-3.704166,3.889029,8.324498
concrete3k::139_26.jpg,degraded,concrete3k,-0.0359499585914714,-3.1806302,1.7149438,6.1555357
concrete3k::139_29.jpg,neutral,concrete3k,0.0052167959138358,-2.7985368,0.7031792,6.2228947
concrete3k::139_30.jpg,neutral,concrete3k,-0.0006963217825838,-2.723386,0.9634594,5.567791
concrete3k::140_14.jpg,degraded,concrete3k,-0.0315258068082496,-2.6665235,3.4312582,6.0636625
concrete3k::140_18.jpg,degraded,concrete3k,-0.0684753411591828,-2.682434,3.614449,6.178766
concrete3k::140_19.jpg,degraded,concrete3k,-0.1531574672916349,-3.0896792,4.666171,7.018368
concrete3k::140_22.jpg,degraded,concrete3k,-0.0830164273957931,-2.6802535,3.7417064,6.377657
concrete3k::140_23.jpg,degraded,concrete3k,-0.0438695057806368,6.9231706,8.761213,7.478845
concrete3k::140_3.jpg,degraded,concrete3k,-0.0539704047846022,-2.5114288,3.5118601,6.096107
concrete3k::140_6.jpg,improved,concrete3k,0.0108916428672579,-2.7570894,3.4995234,6.0361495
concrete3k::141_19.jpg,improved,concrete3k,0.0927368250976122,-3.543454,3.429389,7.5977674
concrete3k::141_27.jpg,improved,concrete3k,0.0127005457373567,-3.3495448,1.546594,7.1323357
concrete3k::141_30.jpg,neutral,concrete3k,0.0,-3.4344912,4.639791,7.4188385
concrete3k::142_10.jpg,improved,concrete3k,0.0677976936079292,-2.8035045,2.54673,6.0384626
concrete3k::142_17.jpg,degraded,concrete3k,-0.034093404325685,-3.2480516,3.4825308,6.767442
concrete3k::142_2.jpg,improved,concrete3k,0.1177898858978082,-3.066061,3.0673356,5.866419
concrete3k::142_25.jpg,neutral,concrete3k,-0.0097640597105652,-2.8003273,1.6784389,5.875564
concrete3k::142_26.jpg,neutral,concrete3k,-0.0051465184941179,-3.1107647,1.3332691,5.9813976
concrete3k::142_30.jpg,degraded,concrete3k,-0.0522989768759309,-3.241137,3.8825245,6.9502473
concrete3k::142_37.jpg,improved,concrete3k,0.0266107375018573,-3.1716063,2.683658,7.06262
concrete3k::142_38.jpg,degraded,concrete3k,-0.0999205018358857,-2.8093824,1.7361264,5.575424
concrete3k::142_47.jpg,neutral,concrete3k,0.0,7.0151305,8.354658,6.732484
concrete3k::143_12.jpg,improved,concrete3k,0.0213038997753584,-3.3485749,4.557051,7.198555
concrete3k::143_13.jpg,degraded,concrete3k,-0.0108253802521131,-3.2682807,4.37211,6.9844384
concrete3k::143_15.jpg,improved,concrete3k,0.0365501422987831,-3.2161875,4.4611464,6.930921
concrete3k::143_20.jpg,neutral,concrete3k,-0.0009164917364385,-3.4025006,4.4857016,7.4172025
concrete3k::143_21.jpg,improved,concrete3k,0.0772396843393896,-3.2595937,4.0804963,6.9096546
concrete3k::143_23.jpg,neutral,concrete3k,-0.0095043941548318,-3.2302668,4.707763,7.601395
concrete3k::143_28.jpg,degraded,concrete3k,-0.0199185548527368,-3.4219766,4.5145483,7.3212776
concrete3k::143_3.jpg,degraded,concrete3k,-0.0405172818201807,-2.6437404,1.9215721,5.2059193
concrete3k::143_36.jpg,neutral,concrete3k,-0.0035871984665941,-2.8485253,2.5329578,5.9904103
concrete3k::144_11.jpg,improved,concrete3k,0.0109401269712474,-2.8295836,2.3953674,6.8755193
concrete3k::144_19.jpg,degraded,concrete3k,-0.0355264566760513,-3.533159,3.9134011,7.482986
concrete3k::144_20.jpg,degraded,concrete3k,-0.0134382969604863,-2.6992023,1.6294508,5.217407
concrete3k::144_3.jpg,degraded,concrete3k,-0.0599463874173176,-2.4918673,2.214303,5.849441
concrete3k::144_36.jpg,neutral,concrete3k,0.0,-3.3320932,4.755586,7.3943257
concrete3k::144_4.jpg,degraded,concrete3k,-0.1308282146871385,-3.2343848,3.6596887,6.5903635
concrete3k::144_45.jpg,degraded,concrete3k,-0.0540720849049718,-2.6084552,2.3920262,6.383516
concrete3k::145_36.jpg,degraded,concrete3k,-0.0105957475869604,-2.8983808,2.9543152,6.41092
concrete3k::145_4.jpg,degraded,concrete3k,-0.1367153087903833,-2.6956217,2.1587489,5.3514776
concrete3k::145_44.jpg,degraded,concrete3k,-0.0435766157169844,-2.8472378,3.0925045,6.344602
concrete3k::146_20.jpg,degraded,concrete3k,-0.0345992028257331,-2.6651084,1.9764948,6.478274
concrete3k::146_36.jpg,degraded,concrete3k,-0.0202804341614539,-2.908983,2.7465749,5.774277
concrete3k::146_43.jpg,degraded,concrete3k,-0.3438545296577305,-3.0784783,3.6173203,7.0015316
concrete3k::146_44.jpg,degraded,concrete3k,-0.0490991030691897,-2.9531631,2.8729153,5.9395556
concrete3k::146_5.jpg,degraded,concrete3k,-0.0369520785211722,-2.6534872,2.751205,6.009053
concrete3k::147_10.jpg,improved,concrete3k,0.0706538216994061,-3.2249959,3.2636402,7.408718
concrete3k::147_13.jpg,improved,concrete3k,0.0218454064999955,-3.152293,1.6474992,6.6606374
concrete3k::147_15.jpg,improved,concrete3k,0.0250247916409637,-2.681145,2.31046,5.694043
concrete3k::147_2.jpg,neutral,concrete3k,-0.0039603960396039,-3.0085351,4.324966,8.089008
concrete3k::147_28.jpg,degraded,concrete3k,-0.0530256568257853,-3.7883918,3.710474,7.868335
concrete3k::147_40.jpg,neutral,concrete3k,0.0,-3.1311634,4.7054467,7.60333
concrete3k::147_41.jpg,degraded,concrete3k,-0.0378189119567154,-2.8817866,1.9434719,5.7625604
concrete3k::147_6.jpg,improved,concrete3k,0.0760334441213128,-3.3189585,4.4234357,6.862465
concrete3k::147_7.jpg,degraded,concrete3k,-0.0721468945018151,-3.061704,2.4316351,5.268186
concrete3k::148_15.jpg,degraded,concrete3k,-0.0510825183594337,-2.6924987,3.1505802,7.3659034
concrete3k::148_21.jpg,neutral,concrete3k,0.0020980653106625,-3.451033,4.517568,7.890477
concrete3k::148_23.jpg,improved,concrete3k,0.7226946666890309,-3.0922217,4.26767,7.831236
concrete3k::148_24.jpg,degraded,concrete3k,-0.1535060184737656,5.210314,6.884936,8.033474
concrete3k::148_27.jpg,degraded,concrete3k,-0.0156094357632995,-2.985614,2.4807699,6.249294
concrete3k::148_28.jpg,degraded,concrete3k,-0.0391957163395458,-3.165054,1.6069729,5.8371506
concrete3k::148_29.jpg,degraded,concrete3k,-0.0363410596026489,-3.285463,1.7823391,6.4803095
concrete3k::148_30.jpg,neutral,concrete3k,0.0,-3.4464326,4.522184,7.9052234
concrete3k::148_32.jpg,degraded,concrete3k,-0.05989225892777,-2.486955,2.718697,5.5308237
concrete3k::148_35.jpg,improved,concrete3k,0.4360864948726048,-3.7074301,3.9188476,7.954478
concrete3k::149_21.jpg,degraded,concrete3k,-0.0265071827853579,-3.0328927,4.7526054,7.296941
concrete3k::149_22.jpg,degraded,concrete3k,-0.0419031466085036,-2.7785149,2.6569562,5.287113
concrete3k::149_26.jpg,degraded,concrete3k,-0.0172165576022825,-2.7713127,2.6132457,5.628325
concrete3k::149_27.jpg,neutral,concrete3k,0.0054297143696493,-2.9328055,2.597968,6.7073216
concrete3k::149_28.jpg,neutral,concrete3k,-0.001771137614361,-2.612334,2.7005377,6.2783117
concrete3k::150_13.jpg,neutral,concrete3k,-0.0008896265086693,5.2884197,6.945532,7.589632
concrete3k::150_24.jpg,degraded,concrete3k,-0.0449161932780403,-2.9538174,2.612834,5.1322627
concrete3k::150_26.jpg,neutral,concrete3k,-0.0092733560599707,-2.5611582,2.3251078,5.549036
concrete3k::150_28.jpg,improved,concrete3k,0.0259101740692242,-3.393206,4.191946,7.7529693
concrete3k::150_29.jpg,degraded,concrete3k,-0.0113543457727757,-2.3148963,2.7112508,5.9127374
concrete3k::150_31.jpg,degraded,concrete3k,-0.0928405710978176,-2.666691,2.8630142,5.6686797
concrete3k::167_13.jpg,neutral,concrete3k,-0.0062701533830337,-3.005169,1.2382131,5.408043
concrete3k::167_14.jpg,improved,concrete3k,0.1649881109124137,-3.61827,3.8649576,7.4593134
concrete3k::167_19.jpg,neutral,concrete3k,0.0007006579735379,-2.79937,1.8908833,5.1662884
concrete3k::167_21.jpg,degraded,concrete3k,-0.0331161132909602,-3.6245563,1.959084,7.330472
concrete3k::167_27.jpg,neutral,concrete3k,0.0009354678376127,-2.799284,1.476572,6.5533295
concrete3k::167_34.jpg,improved,concrete3k,0.0169805332204824,-3.5476491,4.3234186,7.5713863
concrete3k::167_43.jpg,neutral,concrete3k,-0.0040111801714338,-3.638046,3.7893677,7.8652954
concrete3k::167_5.jpg,degraded,concrete3k,-0.5220588235294118,-3.545572,4.4279876,7.8602176
concrete3k::168_12.jpg,degraded,concrete3k,-0.0511107543028209,-2.8714979,2.1075861,6.341321
concrete3k::169_25.jpg,degraded,concrete3k,-0.0414361626422967,-3.382236,2.4958413,6.3203325
concrete3k::169_26.jpg,degraded,concrete3k,-0.0315034148141026,-3.3972461,1.5970025,5.768082
concrete3k::169_28.jpg,degraded,concrete3k,-0.0419766864124748,-3.2891738,1.9999645,5.610651
concrete3k::169_29.jpg,degraded,concrete3k,-0.0470817528945399,-3.3429945,2.7476947,6.447302
concrete3k::169_31.jpg,degraded,concrete3k,-0.0484148785070803,-3.2219725,2.5195014,5.574444
concrete3k::169_37.jpg,degraded,concrete3k,-0.0958946499793701,-3.1399024,3.7076907,7.845076
concrete3k::169_38.jpg,degraded,concrete3k,-0.0367330496516445,-3.038973,1.6856682,5.1449256
concrete3k::170_10.jpg,improved,concrete3k,0.2405843823401375,-3.0772362,2.5868022,5.4221463
concrete3k::170_19.jpg,degraded,concrete3k,-0.0538618741640711,-2.9025881,1.0606543,6.0608993
concrete3k::170_20.jpg,degraded,concrete3k,-0.0896737774860518,-3.6805322,3.599291,7.441938
concrete3k::170_25.jpg,degraded,concrete3k,-0.0413795772444869,-3.1336572,0.98241717,6.2912445
concrete3k::170_27.jpg,neutral,concrete3k,0.0,-3.697014,4.1374593,8.262606
concrete3k::170_29.jpg,neutral,concrete3k,-0.0018447868298332,-3.3112578,1.3019453,6.8195453
concrete3k::170_31.jpg,degraded,concrete3k,-0.1159970734932667,-3.5095332,3.4361765,7.0026817
concrete3k::170_38.jpg,degraded,concrete3k,-0.0139820119165366,-3.5638158,2.3010268,7.1256022
concrete3k::170_39.jpg,degraded,concrete3k,-0.0478520239991004,-3.185184,1.4889878,5.340805
concrete3k::170_9.jpg,improved,concrete3k,0.0862348502938029,-2.8542907,2.2516553,6.2012033
concrete3k::171_25.jpg,neutral,concrete3k,-0.0009387473833392,-3.2616713,3.6750128,8.352885
concrete3k::171_26.jpg,neutral,concrete3k,-0.007831482884074,-3.6198735,1.7220659,7.0738792
concrete3k::171_27.jpg,neutral,concrete3k,-0.0035765619453096,-3.5086474,1.4441155,7.009817
concrete3k::171_28.jpg,degraded,concrete3k,-0.0252706665738335,-3.4480972,1.3167071,6.778298
concrete3k::171_29.jpg,neutral,concrete3k,-0.0015333126906627,-3.4505503,1.3506811,7.1041164
concrete3k::171_39.jpg,degraded,concrete3k,-0.0253247250647227,-3.6718748,2.906326,7.3618326
concrete3k::172_10.jpg,improved,concrete3k,0.1373397465286602,-3.0142446,2.5466826,5.109399
concrete3k::172_18.jpg,degraded,concrete3k,-0.0627200888786799,-3.463132,2.2594771,6.241417
concrete3k::172_19.jpg,degraded,concrete3k,-0.062583843453562,-3.0885682,1.5764469,5.3727813
concrete3k::172_27.jpg,degraded,concrete3k,-0.12341691723319,-3.720658,3.39663,7.653712
concrete3k::172_28.jpg,degraded,concrete3k,-0.039153568519995,-3.496259,1.5551817,6.336181
concrete3k::172_30.jpg,neutral,concrete3k,0.0057075137802887,-3.4031312,1.4206623,6.335001
concrete3k::172_8.jpg,degraded,concrete3k,-0.0265399231642533,-3.062755,1.8927406,6.243525
concrete3k::174_18.jpg,degraded,concrete3k,-0.0333352949154456,-3.457816,1.3915782,6.356304
concrete3k::174_19.jpg,degraded,concrete3k,-0.0271738253076976,-3.418332,1.3868817,6.459409
concrete3k::174_29.jpg,degraded,concrete3k,-0.0262196973701945,-3.6177642,2.8109055,7.7645946
concrete3k::174_30.jpg,degraded,concrete3k,-0.039759712622255,-2.8344438,2.5527103,6.5183735
concrete3k::174_38.jpg,degraded,concrete3k,-0.0475155279503105,-3.730019,3.3637807,7.481751
concrete3k::174_39.jpg,degraded,concrete3k,-0.0319951916570676,-2.9417524,2.3984208,5.1772957
concrete3k::175_20.jpg,degraded,concrete3k,-0.082877110036886,-3.2994397,2.8823438,6.5302444
concrete3k::175_22.jpg,degraded,concrete3k,-0.0115035776548295,-3.0529976,1.1525189,5.8563075
concrete3k::175_23.jpg,neutral,concrete3k,-0.0046376793065535,-2.8859992,1.4702231,5.77518
concrete3k::175_25.jpg,degraded,concrete3k,-0.0468252760158321,-3.0978415,2.0340865,5.2786427
concrete3k::176_21.jpg,degraded,concrete3k,-0.0115680238041082,-3.2098281,1.15851,6.66411
concrete3k::176_24.jpg,degraded,concrete3k,-0.0486087587521606,-2.9707675,2.657598,5.416651
concrete3k::176_26.jpg,degraded,concrete3k,-0.0211373929189436,-3.299019,2.9744685,6.556221
concrete3k::176_28.jpg,degraded,concrete3k,-0.0344590750132562,-3.442813,1.9073349,6.2068067
concrete3k::176_29.jpg,degraded,concrete3k,-0.026330532212885,-3.6892304,3.7933304,7.8222885
concrete3k::176_35.jpg,neutral,concrete3k,0.0090525207375252,-3.3641598,4.474586,7.052118
concrete3k::177_21.jpg,degraded,concrete3k,-0.0299606420094067,-3.2096305,2.7526772,7.642883
concrete3k::177_22.jpg,neutral,concrete3k,-0.0091733696346213,-3.4818985,1.362864,7.067543
concrete3k::177_25.jpg,neutral,concrete3k,-0.0084535873842473,-3.0849175,1.1856747,6.0063086
concrete3k::177_26.jpg,degraded,concrete3k,-0.0102427857754214,-3.5536048,1.3861672,7.0512133
concrete3k::178_23.jpg,degraded,concrete3k,-0.0430509727942038,-3.1517549,1.2368762,5.653001
concrete3k::178_25.jpg,degraded,concrete3k,-0.0301531161405372,-3.4848833,1.5822177,6.146789
concrete3k::178_26.jpg,degraded,concrete3k,-0.0159139165581555,-3.5541713,1.3691416,6.64032
concrete3k::178_27.jpg,neutral,concrete3k,0.0059789111835086,-3.5770473,1.5598695,7.23309
concrete3k::178_28.jpg,degraded,concrete3k,-0.0174611759252105,-2.9912791,0.9714077,6.107058
concrete3k::178_29.jpg,neutral,concrete3k,0.004467255964262,-3.6031837,1.9708788,7.486586
concrete3k::179_16.jpg,degraded,concrete3k,-0.0301138271460139,-3.0395072,2.5399485,6.2335253
concrete3k::179_24.jpg,degraded,concrete3k,-0.029323016974963,-3.0862956,4.457056,7.8230643
concrete3k::179_30.jpg,degraded,concrete3k,-0.0241338876728784,-3.2053206,2.0808098,5.486253
concrete3k::179_31.jpg,degraded,concrete3k,-0.0223595386224149,-3.0548925,1.2935867,5.747428
concrete3k::179_33.jpg,neutral,concrete3k,-0.0004003740139857,-3.3814437,4.4227977,7.9521565
concrete3k::179_36.jpg,degraded,concrete3k,-0.0222086455456882,-3.4161863,1.263685,5.860535
concrete3k::179_37.jpg,degraded,concrete3k,-0.0180577593294131,-3.3531706,1.2264781,5.772435
concrete3k::180_16.jpg,degraded,concrete3k,-0.0386622115723915,-3.0237272,1.9218545,5.1192145
concrete3k::180_17.jpg,degraded,concrete3k,-0.0455784004696666,-2.9960835,1.9133989,5.1904345
concrete3k::180_25.jpg,improved,concrete3k,0.0372580627211347,-3.0339417,4.5135274,7.825446
concrete3k::180_26.jpg,degraded,concrete3k,-0.0273572137868357,-3.0618534,1.5497793,5.0727873
concrete3k::180_28.jpg,degraded,concrete3k,-0.0398224223316627,-3.2936966,3.6018944,6.3975563
concrete3k::180_29.jpg,degraded,concrete3k,-0.0183641247401677,-3.0981884,1.861943,5.274993
concrete3k::180_30.jpg,degraded,concrete3k,-0.0330433489201875,-3.0733943,1.4856303,5.102288
concrete3k::180_35.jpg,degraded,concrete3k,-0.0153459197036286,-3.4361649,2.4394538,6.0051064
concrete3k::180_36.jpg,degraded,concrete3k,-0.0573246391491516,-3.3651266,2.464312,5.861148
concrete3k::181_20.jpg,degraded,concrete3k,-0.0479651283505235,-3.2868738,3.659255,6.4178147
concrete3k::181_24.jpg,degraded,concrete3k,-0.0115592603735882,-2.91589,1.8192257,4.9023185
concrete3k::181_25.jpg,degraded,concrete3k,-0.0121653900196281,-2.8646522,1.365591,5.9341016
concrete3k::181_27.jpg,degraded,concrete3k,-0.0342889785397988,-3.1452315,1.6381712,5.6035156
concrete3k::181_28.jpg,degraded,concrete3k,-0.0426991603522425,-3.4571853,2.1077437,6.1493435
concrete3k::181_29.jpg,degraded,concrete3k,-0.0161713213566591,-2.7816625,1.5156438,5.369766
concrete3k::181_30.jpg,degraded,concrete3k,-0.1126874240942366,-2.811366,1.3370004,4.986461
concrete3k::182_19.jpg,neutral,concrete3k,-0.0074994731072648,-2.9972348,2.8516464,6.311628
concrete3k::182_23.jpg,degraded,concrete3k,-0.0487154629180803,-3.3499954,4.3697042,7.032789
concrete3k::182_27.jpg,neutral,concrete3k,-0.0091911381383543,-2.9805598,2.0146794,6.7606854
concrete3k::182_30.jpg,degraded,concrete3k,-0.0126849790223397,-3.350019,1.867311,6.395555
concrete3k::182_31.jpg,degraded,concrete3k,-0.0324416207671125,-3.0496657,1.4263738,5.539872
concrete3k::183_25.jpg,neutral,concrete3k,-0.0092783708279543,-2.7367601,1.747867,5.5665894
concrete3k::183_27.jpg,neutral,concrete3k,-0.0030292792880088,-2.9193904,1.2974178,5.6584735
concrete3k::183_28.jpg,degraded,concrete3k,-0.0243821114555616,-2.8606887,1.3956192,5.304254
concrete3k::183_30.jpg,degraded,concrete3k,-0.2557258098250325,-2.7705326,0.8509874,6.040461
concrete3k::183_33.jpg,degraded,concrete3k,-0.0577841074545278,-3.2067902,3.52992,6.60883
concrete3k::183_38.jpg,degraded,concrete3k,-0.0243815559225459,-3.1154258,1.6517432,6.1394496
concrete3k::184_16.jpg,neutral,concrete3k,-0.0022795220987583,-2.794291,1.6030071,5.23367
concrete3k::184_18.jpg,neutral,concrete3k,0.0039908406934903,-3.2540026,1.2003955,6.718439
concrete3k::184_19.jpg,neutral,concrete3k,-0.0056006420242813,-3.3175511,1.8719008,6.812681
concrete3k::184_23.jpg,neutral,concrete3k,0.0001837965867875,-3.4333165,2.448131,7.29987
concrete3k::184_30.jpg,neutral,concrete3k,0.0006498101222014,-3.3931055,1.1408325,6.6590776
concrete3k::185_19.jpg,improved,concrete3k,0.0315630197958197,-3.1304598,0.91187334,6.66871
concrete3k::185_37.jpg,neutral,concrete3k,0.0049969822230775,-2.6126356,1.3722947,5.682531
concrete3k::185_38.jpg,degraded,concrete3k,-0.0513824038221125,-2.8426104,1.6233358,5.8694463
concrete3k::185_39.jpg,degraded,concrete3k,-0.0161922172891094,-3.3466177,4.0730996,6.9712543
concrete3k::185_47.jpg,neutral,concrete3k,0.0034212298894131,-2.7565525,2.762631,6.143748
concrete3k::185_9.jpg,neutral,concrete3k,0.0063398554051377,-3.3362541,1.1763563,6.495403
concrete3k::186_0.jpg,neutral,concrete3k,-0.0077054635404663,-3.1762817,2.1524792,5.3806953
concrete3k::186_1.jpg,neutral,concrete3k,-0.0059151507025517,-3.3072188,2.9785008,6.552582
concrete3k::186_10.jpg,improved,concrete3k,0.0187323912748007,-3.3082745,1.0258867,6.9787097
concrete3k::186_18.jpg,improved,concrete3k,0.0323115161557581,-3.7255921,3.3510082,8.309745
concrete3k::186_19.jpg,improved,concrete3k,0.024106013185057,-3.3110576,0.996835,7.137429
concrete3k::186_20.jpg,improved,concrete3k,0.020406761027896,-3.3836622,1.0281655,7.1091413
concrete3k::186_30.jpg,improved,concrete3k,0.013959827030731,-3.3490677,1.0068144,7.173045
concrete3k::186_9.jpg,neutral,concrete3k,-0.0019415692829702,-3.7120678,2.7189534,8.055155
concrete3k::187_16.jpg,improved,concrete3k,0.0329886096845529,-2.872181,1.5257045,5.4456096
concrete3k::187_18.jpg,neutral,concrete3k,0.0033970309916638,-3.2811608,0.92915463,6.8885207
concrete3k::187_20.jpg,improved,concrete3k,0.0824581354534338,-3.6022534,2.572277,7.869677
concrete3k::187_30.jpg,improved,concrete3k,0.0176407613700295,-3.4277744,1.1041068,7.1476855
concrete3k::188_14.jpg,neutral,concrete3k,-0.0007028054642805,-3.1245732,3.217582,6.2244883
concrete3k::188_15.jpg,degraded,concrete3k,-0.0262851076184617,-2.582429,1.8051057,5.617176
concrete3k::188_17.jpg,improved,concrete3k,0.3317399617590822,-3.332275,4.6309643,7.226253
concrete3k::188_18.jpg,neutral,concrete3k,-0.0094667190775681,-3.3469706,4.5918193,7.1540904
concrete3k::188_20.jpg,neutral,concrete3k,-0.0031283156824214,-3.055099,1.5093193,6.172518
concrete3k::188_21.jpg,degraded,concrete3k,-0.0279895054954266,-2.715852,1.4426872,5.3688784
concrete3k::188_22.jpg,degraded,concrete3k,-0.0237635112667897,-3.5553555,2.7483866,7.0029807
concrete3k::188_26.jpg,degraded,concrete3k,-0.0271652638172074,-2.6861765,2.616935,6.22163
concrete3k::188_32.jpg,improved,concrete3k,0.0564625289251076,-2.8727462,3.2527769,6.325173
concrete3k::189_11.jpg,neutral,concrete3k,0.0,-3.1760728,4.72503,7.5338492
concrete3k::189_13.jpg,degraded,concrete3k,-0.0550024558597239,-3.1497006,2.2205505,5.5336037
concrete3k::189_20.jpg,degraded,concrete3k,-0.0298468658909482,-3.6779191,2.9949923,7.447853
concrete3k::189_21.jpg,degraded,concrete3k,-0.0256496093561058,-3.5943184,3.0577545,7.6166525
concrete3k::189_25.jpg,degraded,concrete3k,-0.0147324592943728,-3.295555,3.6587396,7.6354313
concrete3k::189_26.jpg,degraded,concrete3k,-0.0216999596654327,-2.88572,1.1361217,5.729946
concrete3k::189_32.jpg,degraded,concrete3k,-0.0191145288811225,-2.8735318,1.8472012,4.9343457
concrete3k::189_33.jpg,degraded,concrete3k,-0.0145448277217553,-3.233844,1.627715,5.6890903
concrete3k::189_40.jpg,degraded,concrete3k,-0.0503477141873063,-3.2868173,4.162228,6.6719575
concrete3k::189_7.jpg,degraded,concrete3k,-0.0716324849894135,-3.276992,3.687741,6.41139
concrete3k::190_14.jpg,degraded,concrete3k,-0.0464608031822459,-3.0791173,1.2670861,5.4760427
concrete3k::190_20.jpg,degraded,concrete3k,-0.0125580284499989,-3.1522963,1.3935847,5.8872156
concrete3k::190_27.jpg,degraded,concrete3k,-0.0412463263571034,-3.2528691,1.36239,6.26848
concrete3k::190_28.jpg,neutral,concrete3k,-0.0028619049259283,-3.3622775,2.9488554,7.210258
concrete3k::190_33.jpg,neutral,concrete3k,-0.0015969278859161,-3.3647327,1.3993334,5.793607
concrete3k::190_7.jpg,degraded,concrete3k,-0.0114097079351827,-3.0466528,1.3076916,5.2788696
concrete3k::191_10.jpg,degraded,concrete3k,-0.0129114608192349,-2.925879,2.3035972,6.127555
concrete3k::191_18.jpg,neutral,concrete3k,0.0088274585576515,-3.2688394,1.966281,6.773937
concrete3k::191_2.jpg,improved,concrete3k,0.0160504145229233,-3.1909082,3.8436923,7.9680705
concrete3k::191_20.jpg,neutral,concrete3k,0.0043847798399575,-3.3000789,2.7378786,6.1653123
concrete3k::191_28.jpg,improved,concrete3k,0.0144112754217324,-3.454197,2.124805,6.914246
concrete3k::191_29.jpg,neutral,concrete3k,-0.0020293896043088,-3.2038424,2.677769,6.2936573
concrete3k::191_46.jpg,improved,concrete3k,0.025453349284643,-3.1430767,2.1927927,6.7832823
concrete3k::191_47.jpg,improved,concrete3k,0.0135742865936772,-3.0346568,2.3797405,5.234735
concrete3k::192_1.jpg,improved,concrete3k,0.1773385012919897,-3.1266596,4.6679153,7.611759
concrete3k::192_25.jpg,improved,concrete3k,0.0227331341520358,-2.7615294,3.4962924,8.258046
concrete3k::192_28.jpg,degraded,concrete3k,-0.0453378790385691,-3.3099234,2.8782861,6.200637
concrete3k::192_37.jpg,neutral,concrete3k,-6.387483976633135e-06,-3.2874763,1.46267,5.758293
concrete3k::192_39.jpg,neutral,concrete3k,0.0045186229175882,-2.9742181,2.3486936,5.419636
concrete3k::192_8.jpg,neutral,concrete3k,0.0014876059423966,-3.0202596,4.4825497,7.8417172
concrete3k::192_9.jpg,improved,concrete3k,0.0217660634734931,-3.0496447,2.269068,5.5396843
concrete3k::193_20.jpg,degraded,concrete3k,-0.0183348109135955,-3.0072403,1.8777359,5.327664
concrete3k::193_24.jpg,neutral,concrete3k,0.0011819777424648,-3.1698794,2.3347332,5.652767
concrete3k::193_25.jpg,improved,concrete3k,0.0288869754439524,-3.0229719,2.1370766,6.2712536
concrete3k::193_26.jpg,degraded,concrete3k,-0.0850817779743662,-3.307393,1.641998,5.9692483
concrete3k::193_27.jpg,improved,concrete3k,0.0137046449230812,-3.366994,1.3732082,6.0880766
concrete3k::193_29.jpg,neutral,concrete3k,0.0011024712402327,-3.2100208,1.9271663,6.117141
concrete3k::193_31.jpg,improved,concrete3k,0.014594053876871,-3.3536692,1.4714819,5.8130426
concrete3k::194_16.jpg,neutral,concrete3k,0.0075475864420043,-2.790459,1.8213037,4.996427
concrete3k::194_26.jpg,neutral,concrete3k,-0.0011295322571354,-2.8208106,1.6771637,5.3022923
concrete3k::194_29.jpg,degraded,concrete3k,-0.0279214949825287,-3.0339515,1.0989926,5.771851
concrete3k::194_30.jpg,neutral,concrete3k,0.0047400668291885,-3.2839215,1.5672632,5.95163
concrete3k::195_11.jpg,degraded,concrete3k,-0.0629496402877698,-3.308906,4.75317,7.2523828
concrete3k::195_18.jpg,neutral,concrete3k,0.0,-3.286124,4.728455,7.6221375
concrete3k::195_20.jpg,degraded,concrete3k,-0.0755166893223698,-3.518306,4.054658,7.3589807
concrete3k::195_27.jpg,neutral,concrete3k,0.0047156744638496,-3.373779,4.6662455,7.6616225
concrete3k::195_29.jpg,improved,concrete3k,0.0140938867353961,-3.3443832,1.4798591,5.97371
concrete3k::195_38.jpg,improved,concrete3k,0.0190771228925816,-3.0463257,1.3861545,5.152245
concrete3k::195_39.jpg,neutral,concrete3k,0.0053119278190464,-3.2531226,4.526521,7.0185537
concrete3k::195_47.jpg,degraded,concrete3k,-0.0240109181559228,-3.085067,1.3241552,5.6540995
concrete3k::195_8.jpg,improved,concrete3k,0.0265080669201409,-3.0628157,1.8115847,5.1439185
concrete3k::195_9.jpg,improved,concrete3k,0.0116622107905621,-3.1134,1.5771093,6.458278
concrete3k::196_18.jpg,neutral,concrete3k,0.0002240508391723,-3.0253813,2.717264,6.1580424
concrete3k::196_26.jpg,neutral,concrete3k,0.0050744184811268,-3.7278662,3.0138867,7.7879887
concrete3k::196_34.jpg,improved,concrete3k,0.3642960608292396,-3.1474805,2.6998339,5.8677387
concrete3k::196_35.jpg,improved,concrete3k,0.2081242012315556,-3.455657,3.794113,7.2076
concrete3k::196_39.jpg,degraded,concrete3k,-0.0228282307474854,-3.2856288,1.3459103,5.676754
concrete3k::197_19.jpg,neutral,concrete3k,-0.0026764472088733,-3.3144293,1.4823439,5.919589
concrete3k::197_20.jpg,degraded,concrete3k,-0.0106905218492006,-3.3042574,2.0131214,5.746761
concrete3k::197_24.jpg,degraded,concrete3k,-0.029311891109402,-3.3451152,2.442481,6.8964767
concrete3k::197_28.jpg,degraded,concrete3k,-0.0379338744629415,-3.4112864,4.306695,7.087995
concrete3k::197_29.jpg,improved,concrete3k,0.0365434540413783,-3.5794883,1.4977466,6.744294
concrete3k::197_31.jpg,degraded,concrete3k,-0.0599307155534368,-3.4034348,1.7721664,6.051471
concrete3k::197_39.jpg,degraded,concrete3k,-0.0855636871639974,-3.1914709,3.8192496,6.546751
concrete3k::198_14.jpg,improved,concrete3k,0.0249019856346521,-3.4930165,3.5140107,7.1613784
concrete3k::198_15.jpg,degraded,concrete3k,-0.0210476109093001,-3.344687,3.7401989,6.9405036
concrete3k::198_20.jpg,degraded,concrete3k,-0.0571629077070429,-3.3417354,2.8727708,6.8852124
concrete3k::198_22.jpg,neutral,concrete3k,0.0070081683884317,-3.7219617,2.756417,7.442198
concrete3k::198_24.jpg,degraded,concrete3k,-0.0321922743894376,-3.1445298,1.6303194,5.6235843
concrete3k::198_25.jpg,neutral,concrete3k,-0.0074762440691774,-2.9423718,1.3312244,5.654888
concrete3k::198_26.jpg,neutral,concrete3k,0.0004626548564465,-3.399652,1.2367039,7.1393886
concrete3k::198_27.jpg,neutral,concrete3k,0.0031558029087533,-2.9989035,0.9070915,6.504537
concrete3k::198_28.jpg,neutral,concrete3k,-0.0057997557997557,-3.1988995,1.8868557,7.0704827
concrete3k::198_32.jpg,neutral,concrete3k,-0.0012134954992097,-2.8029504,3.6340196,8.305045
concrete3k::199_12.jpg,degraded,concrete3k,-0.1080954603551066,-2.8074534,2.3690753,6.861742
concrete3k::199_14.jpg,neutral,concrete3k,-0.0036448461874909,-3.1502728,1.4812101,7.0415387
concrete3k::199_15.jpg,neutral,concrete3k,-0.0005148694819279,-2.9244115,0.79515314,6.3135676
concrete3k::199_19.jpg,degraded,concrete3k,-0.0226932475887369,-2.9269912,0.8538439,6.538492
concrete3k::199_20.jpg,improved,concrete3k,0.0314097838677018,-2.8847408,0.78401756,6.3534184
concrete3k::199_21.jpg,improved,concrete3k,0.0129964682975529,-2.859748,0.72862995,6.289644
concrete3k::199_26.jpg,improved,concrete3k,0.0116796914310699,-3.4996183,1.3985767,7.121463
concrete3k::199_27.jpg,neutral,concrete3k,-0.0098870060445388,-3.4976718,2.9461462,7.9398937
concrete3k::199_40.jpg,degraded,concrete3k,-0.0585424755139856,-2.8713827,1.2581187,5.371908
concrete3k::201_13.jpg,neutral,concrete3k,0.0018464131692806,-2.9979248,2.2560942,6.542566
concrete3k::201_26.jpg,neutral,concrete3k,2.518058198119899e-05,-3.0472243,2.5401504,6.5919814
concrete3k::201_40.jpg,neutral,concrete3k,-0.0014974986849225,-2.9203124,2.7669244,5.3410096
concrete3k::201_5.jpg,improved,concrete3k,0.0612135920336721,-3.449686,3.8432236,7.606368
concrete3k::203_13.jpg,neutral,concrete3k,0.0058220709504862,-2.5983982,3.0683384,6.5569468
concrete3k::203_17.jpg,improved,concrete3k,0.0621875204887433,-3.0652626,3.5516028,6.8556657
concrete3k::203_18.jpg,improved,concrete3k,0.0179075059744328,-3.1969922,2.2744982,5.5464683
concrete3k::203_21.jpg,degraded,concrete3k,-0.0123620022922806,-2.6539116,2.6470122,6.2337513
concrete3k::203_24.jpg,degraded,concrete3k,-0.0378177014858055,-3.0004296,2.282206,6.5676336
concrete3k::203_25.jpg,improved,concrete3k,0.0136962836923901,-3.1449058,4.6988006,7.686223
concrete3k::203_29.jpg,neutral,concrete3k,-0.0011557347484256,-2.6997535,2.9167209,6.4151487
concrete3k::203_32.jpg,improved,concrete3k,0.0598973781809832,-2.70214,3.131849,7.4060264
concrete3k::203_37.jpg,improved,concrete3k,0.0435091258085632,-2.813482,2.9342873,6.2350044
concrete3k::203_40.jpg,degraded,concrete3k,-0.0459891307694225,-2.656733,3.3114774,7.675545
concrete3k::203_45.jpg,improved,concrete3k,0.0324438768056836,-2.5977776,3.1526413,6.501932
concrete3k::203_5.jpg,degraded,concrete3k,-0.0184265949984826,-2.8865535,2.4729376,5.751842
concrete3k::203_6.jpg,neutral,concrete3k,-0.0002685381583821,-3.217287,4.7225394,7.57965
concrete3k::204_0.jpg,degraded,concrete3k,-0.0811303265268861,-2.9934387,2.2157238,5.086828
concrete3k::204_1.jpg,neutral,concrete3k,0.0024462308678686,-3.1989014,3.879448,6.4197693
concrete3k::204_15.jpg,degraded,concrete3k,-0.0472015886592935,-3.170551,3.9017482,7.0093875
concrete3k::204_23.jpg,degraded,concrete3k,-0.0550091186908517,-3.0673137,3.4511013,6.5068846
concrete3k::204_28.jpg,improved,concrete3k,0.0410123902452169,-2.8809426,2.5538533,6.3962283
concrete3k::204_29.jpg,neutral,concrete3k,-0.0083669939662146,-2.8372746,2.4864469,6.7197766
concrete3k::204_35.jpg,degraded,concrete3k,-0.0751922093383974,-3.3663833,3.7687268,7.4895744
concrete3k::204_36.jpg,degraded,concrete3k,-0.0395733833368428,-3.2049685,3.3900461,6.853283
concrete3k::204_8.jpg,degraded,concrete3k,-0.2008892571112951,-3.172607,4.3424406,6.984302
concrete3k::205_17.jpg,degraded,concrete3k,-0.1131059321770773,-3.079383,2.54749,5.4940276
concrete3k::205_22.jpg,degraded,concrete3k,-0.1887159833159452,-3.1675963,3.5970862,6.214625
concrete3k::205_25.jpg,improved,concrete3k,0.0927884334676242,-3.1929882,4.4473405,7.6783204
concrete3k::205_26.jpg,degraded,concrete3k,-0.0277015310255187,-3.460034,2.3206997,6.2377834
concrete3k::205_29.jpg,neutral,concrete3k,0.0036807027602496,-3.3914611,2.510071,7.2235336
concrete3k::205_30.jpg,degraded,concrete3k,-0.1315108689639295,-3.415811,2.3027296,6.188539
concrete3k::206_0.jpg,degraded,concrete3k,-0.0630224631371593,-2.9769418,2.6609588,5.14252
concrete3k::206_1.jpg,degraded,concrete3k,-0.0111526093927595,-3.0448081,3.095307,5.736716
concrete3k::206_10.jpg,neutral,concrete3k,-0.0029540158856561,-2.9531236,2.145944,5.1909575
concrete3k::206_11.jpg,neutral,concrete3k,-0.0097963197078241,-3.2103868,4.562549,7.5232453
concrete3k::206_19.jpg,neutral,concrete3k,-0.0044591416719677,-2.6706843,2.975304,6.377998
concrete3k::206_2.jpg,degraded,concrete3k,-0.8135593220338984,-3.1597774,4.723356,7.6479063
concrete3k::206_28.jpg,neutral,concrete3k,0.003792528656023,-2.7196677,2.690089,6.080804
concrete3k::206_37.jpg,degraded,concrete3k,-0.024475566976166,-2.5317683,2.524968,5.5924377
concrete3k::206_38.jpg,degraded,concrete3k,-0.0122113702971667,-2.7090359,2.8091545,5.594216
concrete3k::206_39.jpg,degraded,concrete3k,-0.0257249117996555,-2.8244963,2.5375957,5.240072
concrete3k::206_9.jpg,improved,concrete3k,0.0419866871479774,-3.0992045,4.8316936,7.487758
concrete3k::207_0.jpg,degraded,concrete3k,-0.1048093703859871,-3.1737518,2.1786764,5.7263107
concrete3k::207_1.jpg,degraded,concrete3k,-0.0306870753349666,-2.607023,2.9511008,7.673936
concrete3k::207_10.jpg,degraded,concrete3k,-0.0173878367924484,-3.2618372,2.498829,6.998646
concrete3k::207_12.jpg,neutral,concrete3k,0.0059356714989878,-3.2718897,4.0526223,6.9200344
concrete3k::207_29.jpg,degraded,concrete3k,-0.0703638269882628,-2.7104688,1.4346961,5.2275257
concrete3k::207_30.jpg,degraded,concrete3k,-0.1050154531971132,-3.195544,4.664666,7.4605856
concrete3k::207_38.jpg,degraded,concrete3k,-0.01046868462113,-2.8042943,2.4676914,5.1256604
concrete3k::207_8.jpg,neutral,concrete3k,0.0,-2.8864112,4.0264463,8.395287
concrete3k::207_9.jpg,degraded,concrete3k,-0.0195068106917817,-2.7036328,3.5387263,8.348056
concrete3k::210_13.jpg,degraded,concrete3k,-0.0479775935527148,-2.702718,1.5587631,5.2181396
concrete3k::210_14.jpg,degraded,concrete3k,-0.1326276919294267,-3.2147605,4.6509585,6.9257812
concrete3k::210_15.jpg,degraded,concrete3k,-0.14985890098457,-2.8789256,2.6807501,5.3496323
concrete3k::210_22.jpg,degraded,concrete3k,-0.136426642320469,-3.1381898,3.8139899,6.4554324
concrete3k::210_28.jpg,degraded,concrete3k,-0.0122396655660077,-2.8751636,2.2132576,5.3626647
concrete3k::210_29.jpg,improved,concrete3k,0.1969387372310218,-3.1937494,4.7713685,7.548606
concrete3k::210_36.jpg,degraded,concrete3k,-0.0189730904890284,-3.2262433,3.468952,6.6900115
concrete3k::211_22.jpg,degraded,concrete3k,-0.0688154246710295,-2.8542128,3.8394527,6.1747494
concrete3k::212_12.jpg,degraded,concrete3k,-0.0529113594942409,-3.098664,3.3057225,5.7524824
concrete3k::212_13.jpg,degraded,concrete3k,-0.0285888061356222,-3.1475632,4.0795407,6.8920937
concrete3k::212_20.jpg,degraded,concrete3k,-0.0465073259501915,-2.7915015,2.015238,5.198076
concrete3k::212_28.jpg,degraded,concrete3k,-0.0230735289236448,-2.8943532,2.6576262,5.3191447
concrete3k::212_42.jpg,improved,concrete3k,0.3904017857142857,-3.230099,4.689153,6.9729047
concrete3k::213_14.jpg,neutral,concrete3k,-0.002745028969959,-3.3042529,2.9920425,6.388875
concrete3k::213_21.jpg,improved,concrete3k,0.0183335537432127,-3.4866579,1.62967,6.056186
concrete3k::213_26.jpg,degraded,concrete3k,-0.0121466855973159,-3.2944987,4.615955,7.019036
concrete3k::213_27.jpg,improved,concrete3k,0.0243047658231485,-3.4174843,1.4425509,6.2005296
concrete3k::213_28.jpg,improved,concrete3k,0.0275142916162197,-3.1246645,3.023044,6.6766744
concrete3k::213_34.jpg,neutral,concrete3k,-0.0082020140154301,-2.7834256,1.1124182,4.9335113
concrete3k::214_20.jpg,neutral,concrete3k,-0.0023579790341349,-3.140689,2.0387743,5.555881
concrete3k::214_34.jpg,improved,concrete3k,0.018389691084881,-3.0854928,1.5514417,5.0331516
concrete3k::214_7.jpg,improved,concrete3k,0.0155612928013472,-3.2078743,3.671868,6.596651
concrete3k::215_20.jpg,improved,concrete3k,0.0614002750963765,-3.153348,2.1876454,5.5787673
concrete3k::215_22.jpg,neutral,concrete3k,-0.0095082170496951,-3.3523827,3.9772964,6.7295337
concrete3k::215_32.jpg,improved,concrete3k,0.0387087951534336,-3.208644,3.5640657,6.0669084
concrete3k::215_35.jpg,improved,concrete3k,0.024524198306736,-3.4437323,3.9903603,7.786527
concrete3k::215_6.jpg,improved,concrete3k,0.0531692142023869,-3.263183,4.5808544,6.91319
concrete3k::215_7.jpg,improved,concrete3k,0.0617174833556033,-2.8095982,1.2356001,4.8899355
concrete3k::216_17.jpg,neutral,concrete3k,0.0024002094981631,-3.0460753,2.3547392,6.3336463
concrete3k::216_18.jpg,improved,concrete3k,0.0169807321955248,-3.4992611,1.9459916,6.3812046
concrete3k::216_19.jpg,improved,concrete3k,0.0273902416241125,-3.1299925,1.2995006,6.0404778
concrete3k::216_20.jpg,improved,concrete3k,0.0105359301442862,-3.3804724,1.5728209,5.9712462
concrete3k::216_21.jpg,improved,concrete3k,0.0109839347604727,-3.3968368,1.4075148,6.2606907
concrete3k::216_24.jpg,improved,concrete3k,0.0254845413939597,-3.1373508,3.6465886,6.4505124
concrete3k::216_28.jpg,neutral,concrete3k,0.0006864945036033,-2.8168395,2.035165,7.292231
concrete3k::217_16.jpg,degraded,concrete3k,-0.021211580903327,-2.893519,1.3043789,4.883866
concrete3k::217_17.jpg,degraded,concrete3k,-0.0136683417085426,-2.8206587,2.167765,5.7440233
concrete3k::217_20.jpg,degraded,concrete3k,-0.0374179819116864,-3.632066,3.69614,7.615318
concrete3k::217_22.jpg,degraded,concrete3k,-0.0236452741790325,-3.0319324,2.9571078,6.952596
concrete3k::217_23.jpg,degraded,concrete3k,-0.0410593045379411,-3.3204572,1.5521488,5.7203074
concrete3k::217_25.jpg,degraded,concrete3k,-0.0246409688692315,-3.3676214,3.9666219,7.6114874
concrete3k::217_26.jpg,neutral,concrete3k,-0.0013733703464304,-2.7428966,1.1783091,5.347272
concrete3k::217_29.jpg,degraded,concrete3k,-0.0130091237060099,-3.261122,1.3156955,6.1493807
concrete3k::218_29.jpg,improved,concrete3k,0.0362896068760387,-3.8141336,3.5482223,7.752152
concrete3k::219_17.jpg,improved,concrete3k,0.021782755988957,-2.9560113,1.5820589,5.3659296
concrete3k::219_26.jpg,degraded,concrete3k,-0.0139170011825439,-3.5054796,2.3408566,7.322737
concrete3k::219_27.jpg,neutral,concrete3k,-0.0033399805863316,-2.9241,1.2798427,6.3142257
concrete3k::219_28.jpg,improved,concrete3k,0.0205813708861801,-3.4495697,1.895461,6.9391274
concrete3k::219_29.jpg,improved,concrete3k,0.0143452551585605,-3.3554592,1.654604,6.9031177
concrete3k::219_30.jpg,improved,concrete3k,0.0485297926578239,-3.5250943,4.397781,7.885377
concrete3k::219_8.jpg,improved,concrete3k,0.0425013290018226,-2.912632,2.0088513,4.9618106
concrete3k::219_9.jpg,improved,concrete3k,0.0389058086506446,-3.3250067,4.3564487,7.6165495
concrete3k::220_19.jpg,improved,concrete3k,0.013782539936386,-3.156207,3.1572552,6.3091187
concrete3k::220_21.jpg,improved,concrete3k,0.0123325588421849,-3.2865345,2.921174,6.5429816
concrete3k::220_22.jpg,improved,concrete3k,0.0256450516363146,-3.184948,1.9952364,5.5819473
concrete3k::220_23.jpg,neutral,concrete3k,0.0033061397264028,-3.0360186,2.5571146,5.7267222
concrete3k::220_24.jpg,improved,concrete3k,0.0477467418574871,-3.139018,3.1536665,5.6861367
concrete3k::220_27.jpg,improved,concrete3k,0.0419307006868381,-3.5426009,2.4030864,7.290494
concrete3k::220_28.jpg,improved,concrete3k,0.0124474729287701,-3.2812157,3.948029,7.0591044
concrete3k::220_6.jpg,degraded,concrete3k,-0.1640787181311805,-3.2560887,4.7052965,7.2223744
concrete3k::220_7.jpg,improved,concrete3k,0.058912109570947,-3.0824912,3.6736717,6.309201
concrete3k::221_17.jpg,degraded,concrete3k,-0.0266260388887126,-3.1240482,2.090751,5.2510767
concrete3k::221_18.jpg,degraded,concrete3k,-0.0988414875434653,-3.5184658,3.5468972,6.951265
concrete3k::221_25.jpg,degraded,concrete3k,-0.131714291197298,-3.3711958,4.0327187,7.6981683
concrete3k::221_26.jpg,degraded,concrete3k,-0.0203799402068642,-3.3066401,1.7054286,5.708138
concrete3k::221_29.jpg,degraded,concrete3k,-0.0153565952012086,-3.4566655,1.6695179,6.044928
concrete3k::221_30.jpg,degraded,concrete3k,-0.0101544954125414,-2.7497785,1.623482,5.332219
concrete3k::221_31.jpg,improved,concrete3k,0.0992310853854847,-3.2888951,4.480112,7.6753297
concrete3k::221_39.jpg,degraded,concrete3k,-0.0344515709781311,-2.8003643,1.1694165,4.9430523
concrete3k::223_16.jpg,improved,concrete3k,0.0869827711845505,-3.1796043,3.6508782,6.19951
concrete3k::223_18.jpg,degraded,concrete3k,-0.0485101492456784,-3.4897532,4.2279787,7.606255
concrete3k::223_19.jpg,neutral,concrete3k,-0.0087350363136247,-2.7699413,1.5728902,5.194386
concrete3k::223_20.jpg,degraded,concrete3k,-0.1208096610873563,-3.4024594,4.3797274,7.073936
concrete3k::223_21.jpg,improved,concrete3k,0.0819020064758812,-3.285451,4.6040115,6.9944067
concrete3k::223_22.jpg,neutral,concrete3k,0.0029416883082689,-2.83316,2.1134915,5.1549916
concrete3k::223_23.jpg,neutral,concrete3k,0.0049872367611081,-2.9292288,2.0197039,5.0590672
concrete3k::223_28.jpg,degraded,concrete3k,-0.1238374708272358,-3.0849934,1.657307,5.491822
concrete3k::223_29.jpg,neutral,concrete3k,-0.0006025299138048,-2.7160025,1.496368,5.2598143
concrete3k::223_9.jpg,degraded,concrete3k,-0.0311479630772895,-3.0619707,1.9235861,5.2535777
concrete3k::224_16.jpg,degraded,concrete3k,-0.0313567464933448,-3.0128326,2.354787,5.095477
concrete3k::224_17.jpg,neutral,concrete3k,-0.0051920196058552,-3.1925585,2.1305857,5.530918
concrete3k::224_18.jpg,degraded,concrete3k,-0.0274724426637619,-3.0357656,2.859791,5.989923
concrete3k::224_19.jpg,improved,concrete3k,0.068190692256492,-3.233947,4.0998964,6.9712863
concrete3k::224_29.jpg,neutral,concrete3k,-0.0088285800130644,-3.0090904,2.5238438,6.4810286
concrete3k::224_30.jpg,degraded,concrete3k,-0.0448342751919335,-3.4541628,3.3386316,6.971843
concrete3k::224_31.jpg,degraded,concrete3k,-0.0317321873080123,-3.4350305,3.587403,6.9146776
concrete3k::224_37.jpg,improved,concrete3k,0.9160935350756534,-3.361835,4.1641564,7.105708
concrete3k::224_38.jpg,degraded,concrete3k,-0.0787568629529634,-3.2835984,3.9301775,6.650441
concrete3k::225_10.jpg,degraded,concrete3k,-0.0275983077308507,-3.0417435,2.933198,5.7641125
concrete3k::225_20.jpg,improved,concrete3k,0.1677032740374139,-3.326786,4.193437,6.8559875
concrete3k::225_22.jpg,neutral,concrete3k,0.0,-3.3151543,4.761926,7.2099113
concrete3k::225_31.jpg,degraded,concrete3k,-0.0286553332183981,-2.6628397,1.818669,5.3850784
concrete3k::225_9.jpg,degraded,concrete3k,-0.0347916327559267,-3.1645076,3.8304892,6.918089
concrete3k::226_21.jpg,degraded,concrete3k,-0.0255353841142988,-2.7339535,2.7452304,6.042868
concrete3k::226_24.jpg,degraded,concrete3k,-0.0296067109540342,-2.8143544,1.5036422,4.8482265
concrete3k::226_26.jpg,degraded,concrete3k,-0.0242984176773517,-2.6619081,1.8459474,5.481216
concrete3k::226_31.jpg,degraded,concrete3k,-0.0409279958222685,-3.3006494,4.5061717,6.920347
concrete3k::226_39.jpg,degraded,concrete3k,-0.0308082862047299,-2.7809982,2.6343148,5.520168
concrete3k::227_19.jpg,degraded,concrete3k,-0.0601869362289246,-2.7419035,2.2659082,5.2667236
concrete3k::227_20.jpg,degraded,concrete3k,-0.4865730614766759,-3.179443,4.218112,6.54426
concrete3k::227_21.jpg,neutral,concrete3k,0.0082576837009863,-3.2062044,4.522901,6.8209023
concrete3k::227_38.jpg,neutral,concrete3k,-0.0008904969341931,-2.9783378,2.3952498,5.2282104
concrete3k::227_8.jpg,improved,concrete3k,0.0217321114975572,-3.03286,1.9322872,5.157287
concrete3k::228_16.jpg,degraded,concrete3k,-0.0669186198402475,-3.260741,3.588197,6.5287395
concrete3k::228_21.jpg,degraded,concrete3k,-0.0341339532993456,-3.700885,3.6441019,7.786487
concrete3k::228_25.jpg,degraded,concrete3k,-0.0229434010987409,-3.7150035,2.5811973,7.6533113
concrete3k::228_28.jpg,neutral,concrete3k,-0.0093823471422308,-3.297558,1.7289286,6.1626916
concrete3k::228_30.jpg,degraded,concrete3k,-0.0102239271439239,-3.681104,2.8976524,7.8172727
concrete3k::228_31.jpg,degraded,concrete3k,-0.0537449430221876,-3.1091697,1.7429589,5.6216965
concrete3k::229_16.jpg,neutral,concrete3k,0.0002500455703159,-3.7604961,2.1782362,7.3257
concrete3k::229_28.jpg,neutral,concrete3k,-0.0069250305514103,-3.8764777,2.0684614,7.33025
concrete3k::229_29.jpg,neutral,concrete3k,0.0085939238281247,-3.861292,2.0640056,7.3471737
concrete3k::230_10.jpg,degraded,concrete3k,-0.1079197906806341,-2.6184192,0.83516383,5.434467
concrete3k::230_11.jpg,improved,concrete3k,0.0490849006062878,-3.8763952,2.3375075,7.488848
concrete3k::230_19.jpg,neutral,concrete3k,-0.0003328858039084,-3.8948336,2.2748218,7.515632
concrete3k::230_2.jpg,improved,concrete3k,0.0874015851882498,-3.8526556,2.475281,7.55838
concrete3k::230_25.jpg,neutral,concrete3k,0.0004983965666075,-2.7367935,1.2192128,6.2854824
concrete3k::230_26.jpg,degraded,concrete3k,-0.0221322210805748,-3.907236,2.2619915,7.503237
concrete3k::230_27.jpg,degraded,concrete3k,-0.0451659590708449,-3.9433746,2.1233134,7.416297
concrete3k::230_28.jpg,improved,concrete3k,0.016686830706838,-3.9231138,2.083317,7.409602
concrete3k::230_3.jpg,degraded,concrete3k,-0.0141549604244126,-3.111506,1.1466105,6.135664
concrete3k::230_30.jpg,neutral,concrete3k,0.0043438288412376,-3.9277189,2.0911238,7.400892
concrete3k::230_31.jpg,neutral,concrete3k,0.0027349091619456,-3.9185534,2.2112799,7.4685006
concrete3k::230_33.jpg,neutral,concrete3k,0.0011142737697754,-3.754185,2.4970722,7.58541
concrete3k::230_34.jpg,neutral,concrete3k,-0.0076907225067289,-3.8813791,2.4106505,7.513606
concrete3k::230_42.jpg,degraded,concrete3k,-0.3105045424235625,-2.650417,1.2455416,6.2074113
concrete3k::231_1.jpg,neutral,concrete3k,-0.0079048627759729,-3.1884208,2.069631,5.6849914
concrete3k::231_19.jpg,improved,concrete3k,0.0200691735195504,-3.0064652,1.016671,6.286705
concrete3k::231_20.jpg,improved,concrete3k,0.0186583765626037,-3.1721725,1.1346058,6.1607037
concrete3k::231_28.jpg,improved,concrete3k,0.035242569846699,-3.590167,1.7814337,7.3726845
concrete3k::231_29.jpg,degraded,concrete3k,-0.011958316685725,-3.072533,1.0450226,5.927491
concrete3k::231_37.jpg,improved,concrete3k,0.0209864136898351,-3.5971456,2.5089025,8.021352
concrete3k::231_38.jpg,improved,concrete3k,0.0130039471356857,-3.5678127,3.122872,7.323533
concrete3k::231_45.jpg,neutral,concrete3k,0.0051007071259716,-3.3442261,2.2559476,7.755671
concrete3k::231_46.jpg,degraded,concrete3k,-0.0141083849600442,-3.8064752,2.582615,7.3756804
concrete3k::231_9.jpg,degraded,concrete3k,-0.061988262710341,-3.7008896,3.1551318,8.436076
concrete3k::232_0.jpg,neutral,concrete3k,0.0094344312002306,-3.1175168,4.1829824,7.1734424
concrete3k::232_13.jpg,degraded,concrete3k,-0.0874334675223996,-2.7872424,1.4857204,5.5268497
concrete3k::232_18.jpg,neutral,concrete3k,0.0022575912367692,-3.5197692,1.4682425,6.651805
concrete3k::232_30.jpg,improved,concrete3k,0.0116805108458546,-2.7339537,1.0132134,5.187601
concrete3k::232_36.jpg,improved,concrete3k,0.3862581244196843,-3.5743067,4.501208,8.014633
concrete3k::232_38.jpg,neutral,concrete3k,0.0077277680903649,-3.6354616,1.6545929,7.014602
concrete3k::232_39.jpg,degraded,concrete3k,-0.0145777542339006,-2.942634,1.3836169,5.163001
concrete3k::232_44.jpg,neutral,concrete3k,0.0069060653114894,-2.9983883,3.2899477,6.660258
concrete3k::232_45.jpg,neutral,concrete3k,0.0,-3.5139718,4.4473867,7.927493
concrete3k::233_21.jpg,degraded,concrete3k,-0.0222191828437625,-3.1145582,2.5616016,6.5117097
concrete3k::233_22.jpg,neutral,concrete3k,0.0018496069572885,-3.3280063,2.985669,6.8598857
concrete3k::233_23.jpg,improved,concrete3k,0.0104148880558787,-3.5259871,4.1782055,7.4392824
concrete3k::233_27.jpg,neutral,concrete3k,-0.0002242091054105,-2.7624533,1.6305482,6.1257796
concrete3k::233_28.jpg,degraded,concrete3k,-0.0307327497373829,-2.940313,2.2605805,6.058562
concrete3k::233_30.jpg,improved,concrete3k,0.2171596029126056,-3.4499376,3.3928487,7.342305
concrete3k::233_44.jpg,improved,concrete3k,0.2098277882057529,-3.165041,3.8178155,6.504253
concrete3k::233_9.jpg,improved,concrete3k,0.0142114786068924,-2.9734306,2.7770731,6.7611194
concrete3k::234_1.jpg,neutral,concrete3k,0.006276974078612,-2.9060667,2.0748754,5.360846
concrete3k::234_11.jpg,neutral,concrete3k,0.0009921690989918,-2.717984,1.6845974,5.1285553
concrete3k::234_19.jpg,improved,concrete3k,0.0140435525521575,-3.605388,2.6642857,7.4305754
concrete3k::234_2.jpg,improved,concrete3k,0.0189655286695709,-2.9775178,2.682219,5.418853
concrete3k::234_20.jpg,neutral,concrete3k,-0.0079625618688962,-2.8249836,2.110991,5.4575243
concrete3k::234_38.jpg,neutral,concrete3k,-0.0074950508410154,-3.0420852,2.1336644,5.195142
concrete3k::235_18.jpg,neutral,concrete3k,-0.0099635946502392,-2.7620826,1.0320312,5.0605836
concrete3k::235_19.jpg,degraded,concrete3k,-0.0134077934056291,-3.270604,2.5103881,6.3988833
concrete3k::235_24.jpg,neutral,concrete3k,-0.0033995240666306,-3.5766416,3.1868868,7.22406
concrete3k::235_25.jpg,neutral,concrete3k,-0.0072168763878608,-3.3963916,4.822125,7.270505
concrete3k::235_29.jpg,neutral,concrete3k,0.0016489589613029,-3.2420776,1.0788925,6.185034
concrete3k::235_31.jpg,improved,concrete3k,0.0124305305504425,-3.4277403,2.5469227,6.6467295
concrete3k::235_38.jpg,improved,concrete3k,0.0337574823431188,-3.598263,2.967855,7.6809864
concrete3k::235_46.jpg,neutral,concrete3k,0.0027170597881895,-3.2285624,3.586953,6.969152
concrete3k::235_47.jpg,neutral,concrete3k,0.0053541025072237,-3.523878,4.2301083,7.3310018
concrete3k::236_17.jpg,degraded,concrete3k,-0.0209844471683961,-2.7532842,1.0423551,4.959017
concrete3k::236_19.jpg,neutral,concrete3k,-0.0003901179834914,-3.0871363,1.3780818,5.1260705
concrete3k::236_25.jpg,improved,concrete3k,0.1899466173861863,-3.4335473,4.174507,7.036923
concrete3k::236_28.jpg,neutral,concrete3k,-0.0075829064330154,-2.7733026,1.7915452,5.07562
concrete3k::236_37.jpg,degraded,concrete3k,-0.0358201483971726,-2.7133331,1.7961366,5.2601757
concrete3k::236_39.jpg,improved,concrete3k,0.0401535992821936,-3.0122325,1.7371366,4.9778686
concrete3k::236_45.jpg,neutral,concrete3k,0.0,-3.1238544,4.6527767,7.666045
concrete3k::236_47.jpg,improved,concrete3k,0.1495422026825044,-2.88901,2.1792588,5.007102
concrete3k::236_9.jpg,improved,concrete3k,0.0970099153875987,-2.8384876,2.0438323,5.0092263
concrete3k::237_16.jpg,improved,concrete3k,0.045873117521363,-2.760404,1.4617188,5.2406387
concrete3k::237_18.jpg,improved,concrete3k,0.0116891751398674,-2.9339726,1.419718,5.2039876
concrete3k::237_24.jpg,degraded,concrete3k,-0.043967166436802,-3.1274774,4.2449374,8.013258
concrete3k::237_8.jpg,improved,concrete3k,0.0732564571262458,-3.111978,4.307439,7.26034
concrete3k::238_17.jpg,neutral,concrete3k,0.0057582629179131,-2.6821606,1.8029271,5.1325765
concrete3k::238_22.jpg,improved,concrete3k,0.0220449062905919,-2.872953,1.4414233,5.4031873
concrete3k::238_25.jpg,degraded,concrete3k,-0.1213965862684345,-3.4060576,4.0217066,7.003466
concrete3k::238_26.jpg,degraded,concrete3k,-0.0204590595278292,-3.1831203,1.669274,5.915341
concrete3k::238_33.jpg,improved,concrete3k,0.0279278535184726,-2.8237855,2.4505854,5.1686177
concrete3k::238_35.jpg,degraded,concrete3k,-0.0479590863670035,-3.2872777,3.882857,6.825143
concrete3k::239_16.jpg,neutral,concrete3k,0.0024453881875329,-2.7807183,1.7347416,5.1506734
concrete3k::239_17.jpg,neutral,concrete3k,-0.0024495279702081,-3.172209,1.5314246,6.564033
concrete3k::239_18.jpg,neutral,concrete3k,0.0001898433792121,-3.4521096,4.3387566,8.208984
concrete3k::239_26.jpg,neutral,concrete3k,0.006650276170628,-2.9823978,1.1737591,5.535601
concrete3k::239_27.jpg,improved,concrete3k,0.0417193170493386,-3.168194,1.3753146,6.717657
concrete3k::239_28.jpg,improved,concrete3k,0.017021008733968,-3.1832047,1.1858058,5.7797513
concrete3k::239_29.jpg,neutral,concrete3k,0.0072636851661813,-3.12018,1.2885659,5.627888
concrete3k::239_30.jpg,neutral,concrete3k,0.0034340598209455,-3.159175,1.1986351,5.742072
concrete3k::240_29.jpg,improved,concrete3k,0.0113699807225422,-3.2160091,2.3801794,6.388198
concrete3k::240_37.jpg,neutral,concrete3k,0.0069351409891299,-3.6626983,3.0085623,7.7505383
concrete3k::241_17.jpg,improved,concrete3k,0.0115437997697703,-3.6962852,3.194567,7.9797716
concrete3k::241_34.jpg,degraded,concrete3k,-0.0456094018743544,-3.4115026,4.480173,7.226803
concrete3k::241_35.jpg,degraded,concrete3k,-0.0649567943070146,-3.3613615,4.3568196,7.17267
concrete3k::241_36.jpg,degraded,concrete3k,-0.0105436177036561,-2.7869828,1.3687111,5.169886
concrete3k::241_42.jpg,neutral,concrete3k,0.0,-3.4407892,4.462446,7.30176
concrete3k::241_43.jpg,improved,concrete3k,0.0879041238753469,-3.2329962,4.749412,7.111144
concrete3k::241_44.jpg,degraded,concrete3k,-0.1088188905538796,-3.122311,3.462472,6.484512
concrete3k::241_8.jpg,degraded,concrete3k,-0.0143714260322007,-3.4156706,1.9119961,5.9952464
concrete3k::242_17.jpg,degraded,concrete3k,-0.0289953077127498,-2.9729989,1.9524486,5.269151
concrete3k::242_19.jpg,neutral,concrete3k,-0.0058594011315176,-2.9305305,2.0064423,5.435083
concrete3k::242_20.jpg,degraded,concrete3k,-0.028109088105687,-2.8356867,1.5360454,5.2061653
concrete3k::242_46.jpg,degraded,concrete3k,-0.0226685564996951,-3.1870072,3.5775046,6.5329194
concrete3k::243_16.jpg,improved,concrete3k,0.0176461175484509,-2.8523445,1.8854256,4.9023013
concrete3k::243_18.jpg,neutral,concrete3k,0.0045438772325366,-3.1922624,2.8722446,6.2160397
concrete3k::243_19.jpg,neutral,concrete3k,0.0063773741285539,-3.0625885,2.4582136,6.2241335
concrete3k::243_29.jpg,improved,concrete3k,0.0109393569644345,-2.6207464,1.617026,5.8663654
concrete3k::243_37.jpg,improved,concrete3k,0.0101181778608144,-3.2476895,3.9823794,6.5903244
concrete3k::243_47.jpg,degraded,concrete3k,-0.035112530491578,-2.7512217,2.7515635,5.721548
concrete3k::244_10.jpg,degraded,concrete3k,-0.0182886057648865,-3.146165,2.915412,6.71297
concrete3k::244_18.jpg,degraded,concrete3k,-0.0160434593654932,-3.2394693,2.5431697,5.941789
concrete3k::244_19.jpg,neutral,concrete3k,-0.0078114493105837,-3.0029936,1.6683464,5.137677
concrete3k::244_29.jpg,degraded,concrete3k,-0.042247967968099,-3.3865948,3.633094,6.76818
concrete3k::244_38.jpg,neutral,concrete3k,-0.002448775231497,-2.9263337,1.7174957,4.9611464
concrete3k::244_8.jpg,degraded,concrete3k,-0.0138117118165974,-3.3283496,2.7934296,6.4431667
concrete3k::244_9.jpg,degraded,concrete3k,-0.0122363496815605,-3.0022442,1.678571,5.138171
concrete3k::245_17.jpg,degraded,concrete3k,-0.0177872751475689,-2.9961708,3.759635,8.027892
concrete3k::245_18.jpg,neutral,concrete3k,-0.0010143091070528,-3.1959777,1.7976205,5.7664766
concrete3k::245_19.jpg,degraded,concrete3k,-0.0291607087587002,-3.2835746,3.779092,6.5861506
concrete3k::245_27.jpg,degraded,concrete3k,-0.0445847814820749,-3.4415772,2.438488,7.20147
concrete3k::245_38.jpg,improved,concrete3k,0.1349298478686231,-3.329094,4.2183695,6.73289
concrete3k::245_8.jpg,degraded,concrete3k,-0.0135850200635038,-3.0467415,1.7127571,6.605967
concrete3k::245_9.jpg,degraded,concrete3k,-0.0268423036026283,-2.7339678,1.5316042,6.2541194
concrete3k::246_12.jpg,neutral,concrete3k,0.0012311438274068,-3.1738935,3.5841746,6.4709997
concrete3k::246_14.jpg,improved,concrete3k,0.02382049673394,-3.2120013,3.430542,6.438101
concrete3k::246_18.jpg,improved,concrete3k,0.0111856597281566,-2.890563,3.0852857,5.7899413
concrete3k::246_24.jpg,improved,concrete3k,0.0126293857670386,-2.9660602,2.5128646,5.0363903
concrete3k::246_25.jpg,degraded,concrete3k,-0.0128045193365372,-3.037421,3.785807,6.589552
concrete3k::246_5.jpg,neutral,concrete3k,0.0,-3.237996,4.641235,6.941858
concrete3k::246_6.jpg,improved,concrete3k,0.0184958713253331,-3.179123,3.561531,6.338871
concrete3k::247_19.jpg,neutral,concrete3k,-0.0072216748710675,-3.322813,2.7861981,6.117328
concrete3k::247_28.jpg,neutral,concrete3k,-0.0074709233325421,-3.511133,3.658421,6.9653416
concrete3k::247_36.jpg,neutral,concrete3k,0.0045555321667952,-3.0397074,1.3403043,5.1264477
concrete3k::247_37.jpg,improved,concrete3k,0.0189580572512726,-3.3165853,3.1941843,6.3326826
concrete3k::247_46.jpg,degraded,concrete3k,-0.1035225977548912,-2.945511,3.6518042,7.10108
concrete3k::247_8.jpg,degraded,concrete3k,-0.0803142393922832,-2.6473901,3.226492,8.229729
concrete3k::247_9.jpg,neutral,concrete3k,-0.008165384524965,-2.94631,1.1596001,5.362211
concrete3k::248_0.jpg,degraded,concrete3k,-0.0131903240544988,-2.9155269,1.267025,5.0219316
concrete3k::248_1.jpg,degraded,concrete3k,-0.0272731921883603,-3.104135,2.1573613,5.8806252
concrete3k::248_19.jpg,improved,concrete3k,0.0114871868782425,-3.2152812,2.0902882,5.502928
concrete3k::248_37.jpg,degraded,concrete3k,-0.1181296090198731,-3.146597,1.8847171,5.228939
concrete3k::248_45.jpg,degraded,concrete3k,-0.0640684772958626,-3.391189,2.704401,6.5200977
concrete3k::248_47.jpg,degraded,concrete3k,-0.01594038598542,-3.194467,1.9371367,5.4036636
concrete3k::248_9.jpg,degraded,concrete3k,-0.0291377829866199,-3.007028,1.5411383,6.080238
concrete3k::249_11.jpg,degraded,concrete3k,-0.069194567753215,-2.698872,2.7328427,7.218625
concrete3k::249_17.jpg,degraded,concrete3k,-0.0166163255916035,-3.288444,1.9916509,5.513227
concrete3k::249_18.jpg,degraded,concrete3k,-0.0564820897637793,-2.8390105,1.2256436,4.9333344
concrete3k::249_25.jpg,neutral,concrete3k,0.0,-3.1003718,4.5151005,7.6746073
concrete3k::249_27.jpg,neutral,concrete3k,-0.0088811528007995,-3.0927386,2.1402776,6.764357
concrete3k::249_29.jpg,neutral,concrete3k,-0.0077883044442781,-2.8359797,1.0063809,5.398725
concrete3k::249_3.jpg,improved,concrete3k,0.1528568566484747,-2.8586104,3.8194885,7.610682
concrete3k::249_30.jpg,degraded,concrete3k,-0.0187119253555071,-3.079944,1.3639106,5.242798
concrete3k::249_39.jpg,degraded,concrete3k,-0.0303066710467913,-3.3551786,1.7030468,5.7594643
concrete3k::249_4.jpg,degraded,concrete3k,-0.0217591813106873,-2.5073774,2.1969523,6.360939
concrete3k::250_21.jpg,improved,concrete3k,0.1785135656824285,-3.1090271,3.97995,6.976886
concrete3k::250_26.jpg,degraded,concrete3k,-0.061705048347036,-3.0635772,1.5610543,5.0853505
concrete3k::250_29.jpg,neutral,concrete3k,-0.0073237810431502,-3.471497,2.256673,6.128476
concrete3k::251_0.jpg,neutral,concrete3k,0.0,-2.857355,3.986114,8.386843
concrete3k::251_11.jpg,neutral,concrete3k,-0.0098391736401673,-3.6887891,3.704402,7.488541
concrete3k::251_20.jpg,degraded,concrete3k,-0.0162934765883714,-3.639491,3.653963,7.5282373
concrete3k::251_31.jpg,neutral,concrete3k,0.0,-3.4518003,4.4793444,7.951017
concrete3k::251_36.jpg,improved,concrete3k,0.1363919714357286,-3.1432507,2.6951423,5.831861
concrete3k::251_37.jpg,neutral,concrete3k,0.0066204051266202,-3.0235984,1.1899389,5.2988496
concrete3k::251_38.jpg,improved,concrete3k,0.0298272874844456,-3.3488,1.2842562,5.776392
concrete3k::251_39.jpg,degraded,concrete3k,-0.1321015124361375,-3.0344484,1.4789182,5.268669
concrete3k::252_17.jpg,improved,concrete3k,0.0241026346550123,-3.3427927,4.3409,7.6679554
concrete3k::252_25.jpg,degraded,concrete3k,-0.0451822336160679,-3.5445857,2.2697847,6.972318
concrete3k::252_36.jpg,neutral,concrete3k,0.0079951474486391,-3.611464,4.1905756,7.9495964
concrete3k::252_37.jpg,degraded,concrete3k,-0.0592825472166665,-3.2391784,1.3909044,5.5888596
concrete3k::252_38.jpg,neutral,concrete3k,-0.0001138842266121,-3.5660658,2.2888048,6.7492294
concrete3k::253_10.jpg,degraded,concrete3k,-0.0176131630303916,-2.793504,3.0842905,6.367612
concrete3k::253_11.jpg,degraded,concrete3k,-0.0157848168035983,-2.7784145,2.340765,6.2508416
concrete3k::253_12.jpg,improved,concrete3k,0.0101965704683781,-2.9390767,2.7933743,6.126594
concrete3k::253_17.jpg,degraded,concrete3k,-0.0380384809992618,-2.8920867,1.7572337,5.0687227
concrete3k::253_20.jpg,improved,concrete3k,0.025906839888798,-3.2767816,1.4444946,6.0499578
concrete3k::253_22.jpg,neutral,concrete3k,-0.0010645057229573,-2.918739,1.4621394,5.08594
concrete3k::253_23.jpg,degraded,concrete3k,-0.0212324590727185,-3.6813586,3.6077957,7.574231
concrete3k::253_24.jpg,degraded,concrete3k,-0.0288208229350062,-2.8477955,1.8633016,4.8745656
concrete3k::253_3.jpg,neutral,concrete3k,0.0045533344884504,-2.9351215,2.829401,5.859657
concrete3k::253_31.jpg,neutral,concrete3k,-0.0039159352681079,-3.3608074,1.188604,5.8526187
concrete3k::254_1.jpg,degraded,concrete3k,-0.0465488094966675,-3.0283008,3.3477974,7.030923
concrete3k::254_10.jpg,degraded,concrete3k,-0.019466906259359,-3.4303014,4.358641,7.6902647
concrete3k::254_3.jpg,degraded,concrete3k,-0.0216168860274642,-3.3727026,4.358487,6.9116144
concrete3k::255_17.jpg,neutral,concrete3k,0.0014128859815017,-2.880434,2.7913306,6.5321283
concrete3k::255_18.jpg,degraded,concrete3k,-0.0451248928478614,-2.8118124,2.1328385,5.6517224
concrete3k::255_19.jpg,degraded,concrete3k,-0.0408577687044428,-3.4317422,3.7278924,6.977968
concrete3k::255_21.jpg,improved,concrete3k,0.2214492686011673,-3.3831663,4.1545863,7.223319
concrete3k::255_22.jpg,degraded,concrete3k,-0.0213957750064414,-2.6507454,2.1823616,5.870068
concrete3k::255_23.jpg,neutral,concrete3k,0.0042827761417061,-2.6688356,2.0798428,5.9118233
concrete3k::255_28.jpg,degraded,concrete3k,-0.0484269548031927,-2.7696264,2.2203398,6.117089
concrete3k::256_27.jpg,degraded,concrete3k,-0.0452326928936682,-2.7570746,2.2066271,5.450875
concrete3k::256_35.jpg,degraded,concrete3k,-0.0179967718173711,-2.6725888,2.0203106,5.3523827
concrete3k::256_36.jpg,degraded,concrete3k,-0.0323968914082352,-3.15435,4.686224,7.16951
concrete3k::256_4.jpg,degraded,concrete3k,-0.019335293356655,-2.7980862,2.6847718,6.598667
concrete3k::256_41.jpg,improved,concrete3k,0.112362473981564,-3.064793,4.801763,7.0375166
concrete3k::256_43.jpg,degraded,concrete3k,-0.0354156303307205,-2.9817567,4.000317,6.7552185
concrete3k::257_22.jpg,degraded,concrete3k,-0.0646935866865159,-3.2293098,3.7532728,6.9196095
concrete3k::257_23.jpg,degraded,concrete3k,-0.0462662359862481,-2.6220407,1.6170967,5.3082395
concrete3k::257_26.jpg,degraded,concrete3k,-0.0573800402295852,-3.146017,1.6742617,5.4921784
concrete3k::257_30.jpg,degraded,concrete3k,-0.049190582623893,-3.1447167,3.5130668,6.5405483
concrete3k::257_34.jpg,neutral,concrete3k,-0.0066249045072573,-3.1440494,4.4732957,7.7297416
concrete3k::257_37.jpg,improved,concrete3k,0.1070386162868887,-3.2506142,4.614958,7.024725
concrete3k::257_8.jpg,degraded,concrete3k,-0.0423410197919256,-2.8027153,3.4094238,7.3575664
concrete3k::258_25.jpg,degraded,concrete3k,-0.0190555997708358,-3.1435785,2.1218705,5.8802347
concrete3k::258_30.jpg,neutral,concrete3k,0.0048594055004875,-2.9299078,2.621512,6.308436
concrete3k::258_32.jpg,degraded,concrete3k,-0.0877575291714192,-2.8723454,3.9329166,8.025201
concrete3k::259_0.jpg,degraded,concrete3k,-0.0407230770529776,-2.8688846,3.6803253,7.248441
concrete3k::259_10.jpg,degraded,concrete3k,-0.0212354751213839,-2.9855435,2.139914,5.7784963
concrete3k::259_11.jpg,improved,concrete3k,0.05149511213341,-3.4450667,4.3666563,7.5423937
concrete3k::259_18.jpg,degraded,concrete3k,-0.0724137931034483,-3.527952,4.3488073,8.141765
concrete3k::259_29.jpg,degraded,concrete3k,-0.0177597150474627,-3.1231518,1.9996608,5.954526
concrete3k::260_0.jpg,improved,concrete3k,0.0322013341419041,-2.9755828,3.733773,7.0072975
concrete3k::260_18.jpg,degraded,concrete3k,-0.0458457283551815,-3.2840414,2.2411783,6.3269386
concrete3k::260_27.jpg,degraded,concrete3k,-0.0895333039433909,-3.773741,3.1808274,7.689636
concrete3k::260_30.jpg,degraded,concrete3k,-0.0252834431827663,-3.2001874,2.2012856,6.5657415
concrete3k::261_21.jpg,degraded,concrete3k,-0.0364217962618713,-3.2237036,1.3822544,5.489114
concrete3k::261_22.jpg,degraded,concrete3k,-0.0329810558012747,-3.2222276,1.2434063,5.4925084
concrete3k::261_29.jpg,degraded,concrete3k,-1.0,-3.453363,4.442923,7.513026
concrete3k::261_33.jpg,degraded,concrete3k,-0.0138839910116336,-3.3036299,2.6500282,6.70732
concrete3k::261_34.jpg,degraded,concrete3k,-0.0253497605817079,-3.3804846,1.2412432,5.7717667
concrete3k::261_40.jpg,degraded,concrete3k,-0.0235791084369508,-3.1586537,2.190703,5.515641
concrete3k::261_41.jpg,neutral,concrete3k,-0.0048168590065227,-3.195615,2.0256863,6.729379
concrete3k::262_14.jpg,improved,concrete3k,0.0639474207761531,-2.8892803,1.9097606,4.8651505
concrete3k::262_15.jpg,improved,concrete3k,0.017626321974148,-3.0324974,4.383694,7.9519887
concrete3k::262_22.jpg,degraded,concrete3k,-0.0462186186816163,-3.1332831,2.307787,5.499754
concrete3k::262_23.jpg,degraded,concrete3k,-0.05409886160562,-3.1788206,3.982614,7.301527
concrete3k::262_29.jpg,improved,concrete3k,0.0570725959557921,-3.5574641,1.5035357,6.3289876
concrete3k::262_33.jpg,degraded,concrete3k,-0.1236403262678261,-3.3242111,3.7640889,6.43609
concrete3k::262_40.jpg,improved,concrete3k,0.0308344940562228,-3.3030472,2.6625364,5.8962536
concrete3k::263_12.jpg,improved,concrete3k,0.1936034662487919,-2.6614788,3.6546633,6.2189503
concrete3k::263_13.jpg,neutral,concrete3k,0.0,-3.1072538,4.699458,7.2235484
concrete3k::263_16.jpg,degraded,concrete3k,-0.0899725300571517,-3.1158397,2.6081824,5.3671045
concrete3k::263_18.jpg,degraded,concrete3k,-0.1343501761902183,-2.9730923,4.2252855,7.6368995
concrete3k::263_19.jpg,degraded,concrete3k,-0.6213964717770697,-2.8145075,3.6334076,6.2248936
concrete3k::263_20.jpg,neutral,concrete3k,0.0039318479685452,-2.9415264,4.037344,6.381307
concrete3k::264_16.jpg,degraded,concrete3k,-0.0180700078754669,-2.9633424,3.7897644,7.4960885
concrete3k::264_25.jpg,neutral,concrete3k,-0.0061456349115081,-3.219093,2.025686,5.429528
concrete3k::264_26.jpg,degraded,concrete3k,-0.0190578343760717,-3.3082225,1.9785736,5.8457923
concrete3k::264_38.jpg,degraded,concrete3k,-0.0849224659871079,-3.1146665,2.0502257,5.064509
concrete3k::264_39.jpg,degraded,concrete3k,-0.0762568138380296,-3.0191908,1.9837914,4.965543
concrete3k::264_45.jpg,degraded,concrete3k,-0.0686835667666035,-3.7416728,3.3824255,7.6891236
concrete3k::265_18.jpg,degraded,concrete3k,-0.0178946958229269,-3.2159412,2.51037,6.636579
concrete3k::265_26.jpg,improved,concrete3k,0.0154004106776181,-3.7836912,3.6205747,8.060166
concrete3k::265_28.jpg,degraded,concrete3k,-0.0420191308162545,-3.724176,3.745149,7.753499
concrete3k::265_36.jpg,degraded,concrete3k,-0.0543910569657524,-3.1377146,1.5399897,5.3601704
concrete3k::265_39.jpg,neutral,concrete3k,-0.0025526327320078,-2.8386421,1.3057338,4.896665
concrete3k::265_46.jpg,neutral,concrete3k,0.0,-2.9774482,4.2003145,8.232766
concrete3k::265_9.jpg,degraded,concrete3k,-0.0138941814083206,-2.997578,2.8608153,6.639148
concrete3k::266_27.jpg,degraded,concrete3k,-0.054731804301869,-3.0268059,2.234818,5.235228
concrete3k::266_28.jpg,degraded,concrete3k,-0.0673470026714188,-2.9670272,2.2258685,4.934118
concrete3k::266_37.jpg,degraded,concrete3k,-0.0865056649035785,-3.1036398,2.5971925,5.344366
concrete3k::266_38.jpg,degraded,concrete3k,-0.0775992300262946,-2.9803789,1.873589,4.8174276
concrete3k::267_22.jpg,neutral,concrete3k,-0.0084621460002256,-2.9954,2.3575008,6.583406
concrete3k::267_23.jpg,degraded,concrete3k,-0.0311934488345114,-3.144444,3.4873936,7.6666255
concrete3k::267_24.jpg,improved,concrete3k,0.0181228209183123,-2.9204168,3.9971027,8.037301
concrete3k::267_26.jpg,degraded,concrete3k,-0.0244857234429721,-3.2388062,1.179603,6.2992616
concrete3k::267_28.jpg,neutral,concrete3k,0.0065278051349629,-3.2784724,1.4742955,7.089217
concrete3k::267_32.jpg,degraded,concrete3k,-0.025214285857635,-3.396716,1.8342781,6.3649006
concrete3k::267_33.jpg,neutral,concrete3k,0.002688949700204,-2.6412542,2.5987017,7.778834
concrete3k::268_1.jpg,improved,concrete3k,0.0245592478594671,-3.127079,4.0833454,6.7759542
concrete3k::268_18.jpg,degraded,concrete3k,-0.0139843741474016,-3.122375,1.4282082,5.301643
concrete3k::268_27.jpg,degraded,concrete3k,-0.0215345541486902,-3.2411873,2.008158,6.2223372
concrete3k::268_29.jpg,degraded,concrete3k,-0.3181818181818181,-3.514376,4.3429217,7.6639204
concrete3k::268_37.jpg,neutral,concrete3k,-0.0099531313019635,-3.4783366,1.4430517,6.007517
concrete3k::268_39.jpg,degraded,concrete3k,-0.1254177186060964,-3.4941845,3.1890924,6.9849844
concrete3k::268_47.jpg,degraded,concrete3k,-0.038720031310712,-3.7346764,3.2727232,7.8189425
concrete3k::268_8.jpg,improved,concrete3k,0.2469376724084298,-2.9000056,3.9528227,8.052569
concrete3k::268_9.jpg,degraded,concrete3k,-0.0700408812267634,-2.8067367,1.2793369,5.1770964
concrete3k::269_17.jpg,improved,concrete3k,0.0283929585462805,-3.0335114,3.2429857,8.336398
concrete3k::269_18.jpg,degraded,concrete3k,-0.0179409849925911,-3.1033845,1.2852614,5.447954
concrete3k::269_19.jpg,degraded,concrete3k,-0.0330083633364406,-3.5101254,3.6069744,7.1506343
concrete3k::269_28.jpg,degraded,concrete3k,-0.0148223300378657,-3.6893137,2.915195,7.7251463
concrete3k::269_30.jpg,degraded,concrete3k,-0.0489390188169018,-2.7080202,2.495373,7.0727344
concrete3k::269_38.jpg,neutral,concrete3k,-0.0061489455862516,-3.531571,2.3959506,7.423323
concrete3k::269_39.jpg,neutral,concrete3k,0.0012815432672037,-3.4738524,1.397767,6.9221325
concrete3k::270_16.jpg,degraded,concrete3k,-0.0204871524030531,-3.4669306,2.2366803,6.2990274
concrete3k::270_17.jpg,neutral,concrete3k,-0.0050312236799513,-3.1684973,1.2202073,5.3756657
concrete3k::270_18.jpg,degraded,concrete3k,-0.0368537439887033,-3.6355925,4.124359,8.125979
concrete3k::270_34.jpg,degraded,concrete3k,-0.0196872103849145,-3.7933977,3.3779445,7.6101766
concrete3k::270_36.jpg,degraded,concrete3k,-0.0126225949572225,-3.4649036,1.3538406,6.328182
concrete3k::270_37.jpg,neutral,concrete3k,-0.0070690160065021,-3.4177794,1.5563432,6.301298
concrete3k::270_38.jpg,degraded,concrete3k,-0.0224127324032586,-3.430267,2.5914674,6.533415
concrete3k::270_47.jpg,neutral,concrete3k,0.0,-3.1966512,3.9354808,7.730456
concrete3k::270_8.jpg,neutral,concrete3k,0.0049691625318781,-2.7691684,3.3377068,6.992843
concrete3k::271_0.jpg,degraded,concrete3k,-0.0228007499746629,-3.0405328,3.938379,7.266604
concrete3k::271_11.jpg,degraded,concrete3k,-0.0186180883615985,-3.4363515,3.1344109,7.5111074
concrete3k::271_19.jpg,neutral,concrete3k,-0.0008880349384906,-3.4976995,1.5948356,7.070991
concrete3k::271_20.jpg,improved,concrete3k,0.1328557668243907,-3.447103,2.9616394,7.4616313
concrete3k::271_38.jpg,degraded,concrete3k,-0.0252089059779252,-3.1042848,1.3129027,5.2935777
concrete3k::271_39.jpg,degraded,concrete3k,-0.02217300017406,-3.07962,4.0049696,7.798444
concrete3k::271_46.jpg,neutral,concrete3k,-0.0090614195475294,-3.3115997,3.6969345,7.943657
concrete3k::271_8.jpg,degraded,concrete3k,-0.0231286453073961,-3.3530736,1.9269537,6.449316
concrete3k::271_9.jpg,neutral,concrete3k,-0.0093180659067693,-3.25987,1.2399883,5.783025
concrete3k::272_16.jpg,degraded,concrete3k,-0.0364395765329035,-3.5208588,1.5595785,6.123077
concrete3k::272_17.jpg,improved,concrete3k,0.0327036063919206,-3.7779438,3.4567358,8.156772
concrete3k::272_28.jpg,neutral,concrete3k,0.0002331733683212,-3.1828206,1.199397,7.57066
concrete3k::272_29.jpg,improved,concrete3k,0.0169972143146103,-3.2283056,1.1625063,7.4626403
concrete3k::272_30.jpg,neutral,concrete3k,-0.0074721668026145,-3.284785,1.5046425,7.5586634
concrete3k::272_38.jpg,neutral,concrete3k,-0.0091982036166513,-3.6502726,2.925189,8.463782
concrete3k::272_8.jpg,improved,concrete3k,0.614406779661017,-3.249949,4.6145372,7.7080154
concrete3k::272_9.jpg,degraded,concrete3k,-0.0237103806965452,-3.2918642,2.6569877,6.62798
concrete3k::273_16.jpg,neutral,concrete3k,0.0,-3.2309222,4.7465873,7.635727
concrete3k::273_19.jpg,improved,concrete3k,0.0570121079421727,-3.07785,1.4138618,5.564036
concrete3k::273_20.jpg,neutral,concrete3k,-0.0033946902007955,-3.2895894,1.3164771,5.5330267
concrete3k::273_21.jpg,improved,concrete3k,0.0309986592877066,-3.0224898,1.446648,5.9969897
concrete3k::273_22.jpg,neutral,concrete3k,-0.0001672874187236,-3.3226333,1.6190616,6.0308466
concrete3k::273_25.jpg,degraded,concrete3k,-0.020562982987731,-3.221097,1.1909025,5.973712
concrete3k::273_26.jpg,degraded,concrete3k,-0.010991205139773,-3.244454,1.3611411,5.8797526
concrete3k::273_28.jpg,degraded,concrete3k,-0.1676087334780328,-3.6200285,2.4238358,7.0542407
concrete3k::273_29.jpg,improved,concrete3k,0.0342172589817273,-3.6586888,4.068955,8.136389
concrete3k::273_30.jpg,improved,concrete3k,0.8664383561643836,-2.6454751,2.7903757,6.41236
concrete3k::273_31.jpg,degraded,concrete3k,-0.0240267759606149,-3.3153358,1.2892635,5.822738
concrete3k::274_15.jpg,degraded,concrete3k,-0.0530183370475522,-3.105786,3.1693919,5.7443542
concrete3k::274_17.jpg,degraded,concrete3k,-0.0784310887324311,-2.5603287,3.3034348,5.8604884
concrete3k::274_21.jpg,degraded,concrete3k,-0.2658157602663707,-2.924883,3.991265,6.3410444
concrete3k::274_22.jpg,degraded,concrete3k,-0.4439320234240306,-2.8916183,3.8167818,6.2038207
concrete3k::275_24.jpg,degraded,concrete3k,-0.029970404087009,-2.9823766,1.3811065,5.1357985
concrete3k::275_25.jpg,improved,concrete3k,0.0324491819484841,-3.4368033,1.3670336,6.0879717
concrete3k::275_29.jpg,neutral,concrete3k,-0.0015078417216025,-3.379277,1.2927313,6.6888866
concrete3k::275_36.jpg,neutral,concrete3k,0.0,-3.664282,4.1841483,8.299289
concrete3k::275_39.jpg,neutral,concrete3k,-0.0053851980015703,-3.6894696,4.1933503,8.293287
concrete3k::276_14.jpg,neutral,concrete3k,0.0034572499442178,-3.1422281,0.8931998,6.3550262
concrete3k::276_20.jpg,degraded,concrete3k,-0.0188273126017016,-3.0000706,0.9936644,6.8532987
concrete3k::276_21.jpg,neutral,concrete3k,-0.0002565987447595,-3.614705,3.122393,8.335804
concrete3k::276_27.jpg,neutral,concrete3k,0.0061562017434044,-2.7450614,0.97178,6.3255424
concrete3k::276_28.jpg,degraded,concrete3k,-0.0103597122302159,-3.6301155,3.0490842,8.179596
concrete3k::276_33.jpg,neutral,concrete3k,0.0084124830393487,-3.450982,4.3353677,7.563131
concrete3k::276_34.jpg,neutral,concrete3k,-0.0056852098705657,-3.0587206,1.8213304,6.8327246
concrete3k::276_41.jpg,neutral,concrete3k,-0.0044883574889391,-3.0685763,1.4987736,5.5533147
concrete3k::276_6.jpg,neutral,concrete3k,0.0,-3.591565,4.338379,7.853048
concrete3k::276_7.jpg,neutral,concrete3k,-0.0062427117026743,-3.0299952,1.071587,5.8402324
concrete3k::277_10.jpg,degraded,concrete3k,-0.0115728434036768,-3.190663,2.2310061,6.749678
concrete3k::277_11.jpg,degraded,concrete3k,-0.0343513158229258,-3.1065402,1.5951357,6.231774
concrete3k::277_13.jpg,improved,concrete3k,0.0253982678810648,-3.07924,3.4707174,6.6736126
concrete3k::277_16.jpg,improved,concrete3k,0.2740009795498888,-3.440952,4.5159287,7.3208013
concrete3k::277_18.jpg,degraded,concrete3k,-0.0105846160363022,-3.760207,3.527142,8.085769
concrete3k::277_22.jpg,degraded,concrete3k,-0.034452121200619,-3.4230654,1.2838633,5.776408
concrete3k::277_23.jpg,neutral,concrete3k,-0.0005207321099398,-3.5297878,3.1079702,7.613415
concrete3k::277_28.jpg,neutral,concrete3k,-0.0069838407610524,-3.4129112,2.9387684,7.0236025
concrete3k::277_32.jpg,degraded,concrete3k,-0.0705562973354745,-3.3220632,4.0055285,6.78139
concrete3k::277_34.jpg,degraded,concrete3k,-0.0246495539034231,-3.218706,2.7218702,5.9905257
concrete3k::277_35.jpg,neutral,concrete3k,0.0052316765382015,-2.94521,1.3937054,5.724705
concrete3k::278_19.jpg,improved,concrete3k,0.0559145453820306,-2.552376,1.7874436,6.020974
concrete3k::278_20.jpg,improved,concrete3k,0.0397935871851001,-3.5064044,1.3758214,6.5196686
concrete3k::278_22.jpg,improved,concrete3k,0.0180605247526446,-3.3009474,1.2395583,5.7979703
concrete3k::278_25.jpg,degraded,concrete3k,-0.0795199762300192,-3.141413,2.4519527,5.7843156
concrete3k::278_27.jpg,degraded,concrete3k,-0.093332406176269,-2.7830272,1.5980605,5.603812
concrete3k::280_27.jpg,improved,concrete3k,0.01243016288163,-3.2934933,1.3462214,7.127057
concrete3k::280_30.jpg,improved,concrete3k,0.0128836747938202,-3.2803092,1.3573962,7.2347817
concrete3k::280_32.jpg,degraded,concrete3k,-0.0686541087878224,-2.931183,2.140451,5.0072584
concrete3k::280_33.jpg,neutral,concrete3k,-0.0059654890486526,-2.991175,1.5378002,5.9418097
concrete3k::280_36.jpg,neutral,concrete3k,0.0030578507327186,-3.662772,2.1727011,7.6531687
concrete3k::280_37.jpg,degraded,concrete3k,-0.0117250889614973,-3.7213516,3.0922234,8.381195
concrete3k::281_17.jpg,degraded,concrete3k,-0.0200399398188892,-3.1723654,2.1620965,5.511563
concrete3k::281_27.jpg,degraded,concrete3k,-0.0179384124316963,-3.0880404,2.5957189,6.2347255
concrete3k::281_28.jpg,improved,concrete3k,1.0,-3.4764674,4.5287895,7.7605047
concrete3k::281_31.jpg,degraded,concrete3k,-0.0118017499942136,-3.2732286,2.202326,5.9255323
concrete3k::281_35.jpg,degraded,concrete3k,-0.0490280986541959,-3.8385165,3.3389926,7.5870013
concrete3k::281_36.jpg,degraded,concrete3k,-0.032448836075109,-3.1190002,1.7106007,5.2947726
concrete3k::281_37.jpg,degraded,concrete3k,-0.0132017668924695,-3.2761593,2.6054657,5.8212523
concrete3k::281_44.jpg,improved,concrete3k,0.1785718459650558,-2.9617145,2.4280956,4.9174466
concrete3k::281_45.jpg,degraded,concrete3k,-0.0428525581737655,-3.190142,3.0832596,7.270651
concrete3k::282_16.jpg,improved,concrete3k,0.1703821531887684,-3.3065739,4.483699,6.886215
concrete3k::282_18.jpg,degraded,concrete3k,-0.1287871805518166,-3.6081293,3.7691376,7.5506234
concrete3k::282_25.jpg,improved,concrete3k,0.0254237288135593,-3.4989078,4.462275,7.944118
concrete3k::282_27.jpg,neutral,concrete3k,-0.0036975899999067,-3.5889184,2.1380043,7.52955
concrete3k::282_28.jpg,degraded,concrete3k,-0.0679597867153357,-2.9446387,1.255283,5.079696
concrete3k::282_31.jpg,degraded,concrete3k,-0.0185601317193985,-3.1033413,1.8572959,6.3984375
concrete3k::283_16.jpg,improved,concrete3k,0.2034408364134691,-3.0056322,2.6727324,5.1017556
concrete3k::283_19.jpg,degraded,concrete3k,-0.0116532128479572,-3.2547545,2.8161693,6.2436433
concrete3k::283_20.jpg,degraded,concrete3k,-0.0789493165252532,-3.1756632,2.4551954,5.521004
concrete3k::283_21.jpg,degraded,concrete3k,-0.0235689201908376,-3.1017756,2.393216,6.0739
concrete3k::283_26.jpg,degraded,concrete3k,-0.0282516969363419,-3.2424786,2.3863018,5.6356063
concrete3k::283_27.jpg,improved,concrete3k,0.4555256064690027,-3.3096986,4.162242,6.825548
concrete3k::284_0.jpg,improved,concrete3k,0.0469483568075117,-2.7366312,3.724463,8.464822
concrete3k::284_10.jpg,degraded,concrete3k,-0.0583834150768028,-3.1630833,2.088799,5.6454477
concrete3k::284_36.jpg,degraded,concrete3k,-0.0629964153637673,-3.1991408,2.2102168,5.7456436
concrete3k::284_37.jpg,degraded,concrete3k,-0.0761007706857455,-3.1406658,1.9874588,5.8748603
concrete3k::284_38.jpg,improved,concrete3k,0.0898896661525342,-2.9740636,2.479746,4.970974
concrete3k::284_39.jpg,improved,concrete3k,0.0352393527729668,-3.2674916,4.464259,6.7952747
concrete3k::284_42.jpg,degraded,concrete3k,-0.082587262662766,-3.0171375,1.9613696,6.01327
concrete3k::284_47.jpg,improved,concrete3k,0.0132307725855339,-2.6636934,2.770905,5.703469
concrete3k::284_8.jpg,neutral,concrete3k,-0.0090901472791953,-2.6168544,2.7734742,7.9629993
concrete3k::284_9.jpg,neutral,concrete3k,0.008459196757119,-2.9306405,1.2616447,5.912951
concrete3k::285_14.jpg,degraded,concrete3k,-0.0859656659495579,-2.9633496,1.9778874,4.8766484
concrete3k::285_16.jpg,degraded,concrete3k,-0.054778890937323,-2.9819882,1.971504,4.845347
concrete3k::285_17.jpg,degraded,concrete3k,-0.7511993067366828,-2.8775518,3.8413522,6.2200227
concrete3k::285_20.jpg,improved,concrete3k,0.0961246568800305,-2.891312,3.9332886,6.234208
concrete3k::285_21.jpg,improved,concrete3k,0.141455854225633,-2.9949343,2.9968812,5.340184
concrete3k::286_17.jpg,degraded,concrete3k,-0.0299305944240787,-2.907596,2.7925081,6.4336133
concrete3k::286_27.jpg,neutral,concrete3k,-0.0002178443221395,-2.5928721,1.8245616,5.545033
concrete3k::286_29.jpg,degraded,concrete3k,-0.0256894169890113,-2.9926047,2.992229,6.1897655
concrete3k::286_39.jpg,degraded,concrete3k,-0.0260754890389951,-2.718426,1.5338672,5.123407
concrete3k::287_20.jpg,improved,concrete3k,0.0911452161147161,-2.8442378,1.990122,4.9614043
concrete3k::287_23.jpg,improved,concrete3k,0.0268382611731518,-2.52609,3.1404452,6.0171404
concrete3k::287_24.jpg,improved,concrete3k,0.0365179252479024,-3.195466,4.325509,7.5941157
concrete3k::287_27.jpg,degraded,concrete3k,-0.0458798272565283,-2.901131,1.7195531,5.1394634
concrete3k::287_29.jpg,neutral,concrete3k,-0.0089357854338412,-3.1502104,2.698603,6.854229
concrete3k::287_30.jpg,degraded,concrete3k,-0.1333333333333333,-3.1739004,4.8241973,7.4645586
concrete3k::287_9.jpg,degraded,concrete3k,-0.1181351981351981,-3.2000568,4.5252495,7.734841
concrete3k::288_19.jpg,degraded,concrete3k,-0.0571097308052964,-3.3369968,2.8864617,6.2537613
concrete3k::288_20.jpg,degraded,concrete3k,-0.0294692450113145,-3.34816,3.011614,6.364616
concrete3k::288_21.jpg,degraded,concrete3k,-0.0153097275653607,-3.3607755,3.1837592,6.7618546
concrete3k::288_22.jpg,degraded,concrete3k,-0.0239415282577772,-3.0904324,2.0029886,5.1889553
concrete3k::288_23.jpg,degraded,concrete3k,-0.0364041001347202,-3.1969705,3.739785,6.731377
concrete3k::288_29.jpg,degraded,concrete3k,-0.2492403380772216,-3.412625,1.7967207,6.046312
concrete3k::288_30.jpg,improved,concrete3k,0.2032493818936472,-3.1745067,3.8464262,6.555703
concrete3k::288_31.jpg,degraded,concrete3k,-0.0217866062300811,-3.184709,3.4554305,6.6005883
concrete3k::289_26.jpg,degraded,concrete3k,-0.0474609933727706,-3.7540972,3.0540745,7.705276
concrete3k::289_29.jpg,improved,concrete3k,0.0156155077462583,-3.5079317,1.4569943,5.993709
concrete3k::289_31.jpg,degraded,concrete3k,-0.0223251093782296,-3.038296,1.2922746,5.2865257
concrete3k::290_17.jpg,degraded,concrete3k,-0.0227782627935728,-3.1223505,1.3300189,5.266653
concrete3k::290_20.jpg,improved,concrete3k,0.019930649781396,-3.576272,4.288971,7.7406664
concrete3k::290_27.jpg,neutral,concrete3k,0.005333654986025,-3.4997065,3.9438143,7.461241
concrete3k::290_28.jpg,neutral,concrete3k,-0.0017197643830804,-3.4127233,1.2038618,5.7520814
concrete3k::290_30.jpg,improved,concrete3k,0.0260872404335902,-3.6941023,4.0895867,8.216379
concrete3k::290_31.jpg,neutral,concrete3k,0.0079857224399042,-3.5614932,2.1009555,6.2852945
concrete3k::291_12.jpg,degraded,concrete3k,-0.0120736146440258,-3.1153667,3.7924976,7.1253953
concrete3k::291_20.jpg,improved,concrete3k,0.0739717262977595,-2.8660412,1.2231784,5.041252
concrete3k::291_23.jpg,neutral,concrete3k,0.0082701862320013,-3.1126263,1.6526912,5.2370567
concrete3k::291_29.jpg,degraded,concrete3k,-0.0536975754446383,-2.721612,2.1122942,6.011747
concrete3k::291_34.jpg,degraded,concrete3k,-0.0226333485854791,-3.0828722,2.141982,5.63857
concrete3k::291_35.jpg,neutral,concrete3k,0.0021834046094326,-3.088176,2.6605563,6.1334887
concrete3k::291_42.jpg,neutral,concrete3k,-0.0069913103461757,-3.4678626,4.2342057,7.7138166
concrete3k::291_43.jpg,improved,concrete3k,0.0238994232604455,-3.2821321,4.7019324,7.6355805
concrete3k::291_44.jpg,neutral,concrete3k,-0.0059750656343464,-3.0250664,2.652283,6.559951
concrete3k::291_8.jpg,improved,concrete3k,0.0635372286029515,-2.9800549,4.233593,7.852229
concrete3k::293_1.jpg,improved,concrete3k,0.072700287899437,-2.666716,3.492648,6.0793667
concrete3k::293_12.jpg,improved,concrete3k,0.1167390116305664,-2.9417233,2.5751605,5.164642
concrete3k::293_19.jpg,degraded,concrete3k,-0.0903939532120352,-2.980217,2.9972312,5.31385
concrete3k::293_9.jpg,improved,concrete3k,0.149521960462494,-2.8657525,3.9456909,6.283161
concrete3k::295_13.jpg,degraded,concrete3k,-0.0613290396434001,-2.956701,4.0127754,6.333839
concrete3k::295_16.jpg,neutral,concrete3k,-0.001549441794598,-2.9710004,2.2683625,5.1791725
concrete3k::295_18.jpg,degraded,concrete3k,-0.0325368632257078,-2.5685174,3.3600106,5.907294
concrete3k::297_10.jpg,improved,concrete3k,0.2770181617612238,-2.9844563,2.9810195,5.300583
concrete3k::297_21.jpg,degraded,concrete3k,-0.1496744098728664,-2.5808773,3.374337,5.9356027
concrete3k::297_9.jpg,improved,concrete3k,0.1573192750381536,-2.9492958,2.5412781,5.051148
concrete3k::300_13.jpg,degraded,concrete3k,-0.1127558663443878,-2.6103146,3.4238315,6.168983
concrete3k::300_14.jpg,degraded,concrete3k,-0.084367740015341,-2.9225144,3.5445204,6.1258216
concrete3k::300_18.jpg,improved,concrete3k,0.3323693289546415,-2.9766433,2.624466,5.0681133
concrete3k::300_4.jpg,degraded,concrete3k,-0.075110624672546,-2.766592,3.4139552,5.951063
concrete3k::300_5.jpg,degraded,concrete3k,-0.059815367492634,-2.7258873,3.5830123,6.1788783
concrete3k::300_7.jpg,improved,concrete3k,0.0182618576552852,-2.6147559,3.412869,6.030511
concrete3k::300_9.jpg,degraded,concrete3k,-0.104014753217703,-2.9728017,2.4378018,5.251577
concrete3k::301_0.jpg,degraded,concrete3k,-0.1209151712570429,-2.5698705,3.251333,5.8214774
concrete3k::301_10.jpg,improved,concrete3k,0.0544600357533134,-2.7150202,3.4017713,5.949137
concrete3k::301_11.jpg,degraded,concrete3k,-0.0453304811271086,-2.44457,3.6011453,6.0236254
concrete3k::301_15.jpg,degraded,concrete3k,-0.0580121874057019,-3.0047302,2.5910437,5.319006
concrete3k::301_19.jpg,degraded,concrete3k,-0.0559701714585895,-2.5652614,3.2536845,5.870303
concrete3k::301_20.jpg,degraded,concrete3k,-0.1215659845757346,-2.8888648,3.6983352,6.1392894
concrete3k::306_12.jpg,degraded,concrete3k,-0.0111849003844809,-2.5617015,3.3823006,5.8668623
concrete3k::306_13.jpg,improved,concrete3k,0.0110601087307372,-2.4823112,3.4912493,6.0104456
concrete3k::306_14.jpg,degraded,concrete3k,-0.0134388692637688,-2.545802,3.3684325,5.930749
concrete3k::306_15.jpg,neutral,concrete3k,-0.006476074233165,-2.6200607,3.1369057,6.266463
concrete3k::313_17.jpg,neutral,concrete3k,-0.0015219583579844,-2.6478047,2.87825,7.225095
concrete3k::313_23.jpg,neutral,concrete3k,-0.0009973894433706,-2.5596056,2.9311929,7.105411
concrete3k::313_5.jpg,degraded,concrete3k,-0.0209438094178318,-2.4563847,3.4639592,6.162068
concrete3k::321_10.jpg,degraded,concrete3k,-0.1085517098179773,-2.9869428,3.1896937,5.6044436
concrete3k::321_15.jpg,degraded,concrete3k,-0.0919065896484958,-3.0033824,3.0648413,5.467503
concrete3k::321_19.jpg,degraded,concrete3k,-0.0946751348261039,-2.6506078,3.330698,5.9292736
concrete3k::321_5.jpg,degraded,concrete3k,-0.1343925279946674,-2.9973645,3.1734931,5.451594
concrete3k::322_10.jpg,degraded,concrete3k,-0.0599910774852153,-2.5352037,3.3405776,5.8521132
concrete3k::322_11.jpg,degraded,concrete3k,-0.0384119910694579,-3.1358263,4.395673,7.602379
concrete3k::322_19.jpg,degraded,concrete3k,-0.0512197862206093,-2.5428512,3.3841057,6.046472
concrete3k::322_9.jpg,degraded,concrete3k,-0.0854910612528375,-2.5195422,3.3148973,5.850769
concrete3k::323_15.jpg,degraded,concrete3k,-0.0618611619231197,-2.6439278,3.735153,6.48588
concrete3k::323_19.jpg,degraded,concrete3k,-0.0752372325962161,-2.5389578,3.13792,5.8763266
concrete3k::323_23.jpg,degraded,concrete3k,-0.0649977111825974,-3.0306551,4.0534797,8.223568
concrete3k::324_10.jpg,degraded,concrete3k,-0.0351635727845374,-2.5292463,3.3146439,5.90837
concrete3k::324_5.jpg,improved,concrete3k,0.0807090665388219,-2.8065825,2.6009226,5.239685
concrete3k::324_6.jpg,degraded,concrete3k,-0.034602566750356,-2.5363019,3.3171916,5.8421526
concrete3k::324_7.jpg,degraded,concrete3k,-0.0939388702599426,-2.5394263,3.3384724,5.8345113
concrete3k::324_8.jpg,degraded,concrete3k,-0.1043368789551635,-2.529581,3.35728,5.848338
concrete3k::324_9.jpg,degraded,concrete3k,-0.0932018579465234,-2.526053,3.3191466,5.8559885
concrete3k::328_3.jpg,degraded,concrete3k,-0.0953348405386977,-2.4747715,3.639035,6.1559844
concrete3k::357_18.jpg,neutral,concrete3k,-0.0086511373108512,-2.0817523,3.1447108,6.1825447
concrete3k::357_22.jpg,neutral,concrete3k,-0.0034370056004489,-2.0696533,3.041034,6.1517186
concrete3k::357_23.jpg,degraded,concrete3k,-0.0104255649593296,-2.0632906,3.1929958,6.208999
concrete3k::357_42.jpg,improved,concrete3k,0.3644289450741064,-2.814168,4.9234896,7.228591
concrete3k::358_16.jpg,degraded,concrete3k,-0.2259598009980448,-2.9939432,4.8511004,7.2908626
concrete3k::358_17.jpg,degraded,concrete3k,-0.0256675595281085,-2.545862,2.95378,5.8049817
concrete3k::358_21.jpg,degraded,concrete3k,-0.0164996654049058,-2.6293354,1.432094,5.583103
concrete3k::358_22.jpg,degraded,concrete3k,-0.0472156344203091,-2.5207925,2.6579244,5.688785
concrete3k::358_25.jpg,degraded,concrete3k,-0.0854713990943883,-2.3841126,2.614949,5.8028727
concrete3k::358_30.jpg,degraded,concrete3k,-0.0256135160267871,-2.6341968,2.2434444,5.223182
concrete3k::359_10.jpg,degraded,concrete3k,-0.0262878572633047,-3.1660385,4.2573633,6.826838
concrete3k::359_11.jpg,degraded,concrete3k,-0.0239750749376084,-2.6264088,2.8399234,5.790956
concrete3k::359_16.jpg,degraded,concrete3k,-0.022449071913018,-2.2824278,2.6989942,5.8853807
concrete3k::359_21.jpg,degraded,concrete3k,-0.026910768366599,-2.050013,3.2866757,6.3295093
concrete3k::359_32.jpg,degraded,concrete3k,-0.0134476678950886,-2.0231762,3.3584027,6.3468604
concrete3k::359_42.jpg,degraded,concrete3k,-0.1147240144513915,-2.3626037,3.4570096,6.267062
concrete3k::359_43.jpg,degraded,concrete3k,-0.0477419284552294,-2.5517778,3.8854797,6.5343766
concrete3k::360_12.jpg,improved,concrete3k,0.0376411835556665,-3.0090265,4.861544,7.2163963
concrete3k::360_13.jpg,improved,concrete3k,0.033208402825928,-3.431646,4.4446235,7.2032766
concrete3k::360_14.jpg,degraded,concrete3k,-0.0388868024083521,-2.9359207,3.1487563,6.689451
concrete3k::360_20.jpg,degraded,concrete3k,-0.0558677198049024,-3.4379697,4.0527368,7.0341554
concrete3k::360_22.jpg,degraded,concrete3k,-0.0148441365660564,-3.4445143,4.02638,7.0671835
concrete3k::360_27.jpg,improved,concrete3k,0.0192575832429675,-3.406421,4.0008183,6.9010096
concrete3k::360_32.jpg,neutral,concrete3k,0.0041017188692353,-2.3307698,2.5446992,6.248944
concrete3k::360_5.jpg,degraded,concrete3k,-0.0247691754092448,-2.5486743,2.1269176,5.31599
concrete3k::360_6.jpg,improved,concrete3k,0.0363935301874509,-3.1144352,4.6588206,6.9289494
concrete3k::361_20.jpg,degraded,concrete3k,-0.0233392740311172,-2.512056,4.5965085,7.190322
concrete3k::361_26.jpg,neutral,concrete3k,-0.0025922148563658,-2.0767083,2.9320529,6.350336
concrete3k::361_32.jpg,degraded,concrete3k,-0.0353280172750946,-2.0589461,3.1200395,6.244489
concrete3k::361_33.jpg,degraded,concrete3k,-0.0600024542414912,-2.4516356,4.5463157,7.175156
concrete3k::361_46.jpg,degraded,concrete3k,-0.0377844096746041,-2.7529457,4.835152,7.1858187
concrete3k::362_15.jpg,improved,concrete3k,0.0192848309775176,-2.1163864,2.8475242,6.192906
concrete3k::362_3.jpg,degraded,concrete3k,-0.7126760563380282,-2.8190415,4.93068,7.264555
concrete3k::362_39.jpg,degraded,concrete3k,-0.0184662573406619,-2.1049771,3.2336333,6.3985066
concrete3k::362_44.jpg,degraded,concrete3k,-0.0271035567626993,-2.162997,2.9106154,6.0737944
concrete3k::362_45.jpg,degraded,concrete3k,-0.111762809203402,-2.8074305,4.9260364,7.283371
concrete3k::362_8.jpg,neutral,concrete3k,0.0,-2.8298712,4.9426513,7.293399
concrete3k::363_19.jpg,degraded,concrete3k,-0.0327459862839604,-2.0492795,3.1598992,6.23942
concrete3k::363_33.jpg,improved,concrete3k,0.0190994149189505,-2.1075244,3.0154264,6.12594
concrete3k::363_34.jpg,degraded,concrete3k,-0.0248150189164467,-2.300938,2.7920873,5.9041677
concrete3k::363_35.jpg,degraded,concrete3k,-0.0326562668213925,-2.4656541,2.5883427,5.5341086
concrete3k::364_15.jpg,neutral,concrete3k,-0.0001480561026874,-2.049329,3.3614311,6.3557153
concrete3k::364_2.jpg,degraded,concrete3k,-0.0277905963469087,-2.4703898,3.4682548,6.2431245
concrete3k::364_20.jpg,neutral,concrete3k,0.0013073319533718,-2.1650498,4.5326324,6.977276
concrete3k::364_26.jpg,degraded,concrete3k,-0.0177977880335037,-2.3549662,4.6750565,7.1295576
concrete3k::364_28.jpg,degraded,concrete3k,-0.0421755765461098,-2.699563,4.962053,7.1992936
concrete3k::364_29.jpg,degraded,concrete3k,-0.0160092675585958,-2.752825,4.915307,7.185523
concrete3k::364_33.jpg,degraded,concrete3k,-0.0146564029424333,-2.013702,3.624722,6.4763594
concrete3k::364_38.jpg,degraded,concrete3k,-0.0191880054967367,-2.4521508,4.692964,7.153997
concrete3k::364_44.jpg,degraded,concrete3k,-0.0434963111316114,-2.1348565,3.108848,6.1577673
concrete3k::364_8.jpg,degraded,concrete3k,-0.0487162728184923,-2.8502564,4.78979,7.1370077
concrete3k::365_1.jpg,degraded,concrete3k,-0.0130330157644705,-2.4459841,3.4919543,6.297344
concrete3k::365_13.jpg,improved,concrete3k,0.0815635113268608,-2.92508,4.8801527,7.2932773
concrete3k::365_14.jpg,improved,concrete3k,0.0202079900034833,-2.4292939,1.6359441,5.725849
concrete3k::365_18.jpg,degraded,concrete3k,-0.0401046179531993,-2.7670052,3.5842094,6.460701
concrete3k::365_27.jpg,improved,concrete3k,0.0153230961275306,-2.070261,3.3276057,6.3712826
concrete3k::365_45.jpg,degraded,concrete3k,-0.0175845593127543,-2.3281336,3.3928201,6.324264
concrete3k::366_18.jpg,neutral,concrete3k,0.0019924054890236,-1.9965439,3.216892,6.271435
concrete3k::366_19.jpg,degraded,concrete3k,-0.0427690206694256,-2.6721334,1.8938016,5.369158
concrete3k::366_20.jpg,neutral,concrete3k,0.0011701427928992,-3.26703,2.9162745,6.6623917
concrete3k::366_21.jpg,improved,concrete3k,0.0293955100580525,-3.1386094,3.8237703,7.2388387
concrete3k::366_24.jpg,improved,concrete3k,0.0301755116920994,-3.0221086,4.763375,7.3314037
concrete3k::366_28.jpg,neutral,concrete3k,0.0041909319657346,-3.2852848,1.6627713,7.101053
concrete3k::366_29.jpg,degraded,concrete3k,-0.014999617146795,-2.8329768,2.7909517,6.6849823
concrete3k::368_21.jpg,improved,concrete3k,0.0237592093635984,-3.2435048,2.676767,7.8419824
concrete3k::368_23.jpg,degraded,concrete3k,-0.0450575561701881,-2.820176,0.98315895,5.9310083
concrete3k::368_26.jpg,improved,concrete3k,0.0116876185906654,-2.9961345,0.93326104,6.642781
concrete3k::368_27.jpg,neutral,concrete3k,-0.0066598723704136,-3.6701555,3.054735,8.134672
concrete3k::368_29.jpg,neutral,concrete3k,0.006877667738216,-3.5787263,3.797149,8.430995
concrete3k::368_37.jpg,degraded,concrete3k,-0.1005099872503187,-2.6196501,4.6657705,7.1922956
concrete3k::368_43.jpg,degraded,concrete3k,-0.0573229600533278,-2.6808095,5.0045,7.229175
concrete3k::369_14.jpg,improved,concrete3k,0.0467643746526067,-3.3566353,4.4724097,8.121128
concrete3k::369_15.jpg,degraded,concrete3k,-0.1028540421616678,-2.6998763,0.874937,5.4317913
concrete3k::369_17.jpg,improved,concrete3k,0.0152087213442362,-2.89431,1.0380572,5.879639
concrete3k::369_20.jpg,neutral,concrete3k,0.0051975051975052,-2.8773794,2.3153865,7.0941954
concrete3k::369_21.jpg,degraded,concrete3k,-0.033700583279326,-3.5848582,3.6579857,8.28127
concrete3k::369_26.jpg,neutral,concrete3k,-0.0038189712400404,-2.7858655,2.5861373,7.449175
concrete3k::369_30.jpg,improved,concrete3k,0.011196675811394,-3.547558,4.232729,7.9856534
concrete3k::369_31.jpg,improved,concrete3k,0.0308020426603626,-2.676204,1.0447946,6.098811
concrete3k::369_32.jpg,degraded,concrete3k,-0.0369108749809344,-3.619844,4.150619,8.262429
concrete3k::369_9.jpg,neutral,concrete3k,0.0,-3.3119295,4.3755345,8.240727
concrete3k::370_17.jpg,improved,concrete3k,0.0280126105330521,-2.9403327,2.4105573,6.669653
concrete3k::370_21.jpg,neutral,concrete3k,0.0021749475443766,-3.0395424,2.242142,7.471998
concrete3k::370_22.jpg,neutral,concrete3k,-0.0088210075618971,-3.396215,2.4634366,7.693757
concrete3k::370_25.jpg,degraded,concrete3k,-0.0581327069876688,-3.5890822,4.176871,8.167215
concrete3k::370_26.jpg,neutral,concrete3k,0.002328869405606,-3.0933592,1.2930889,7.117747
concrete3k::370_31.jpg,improved,concrete3k,0.0174773627742433,-3.2695138,1.9199641,7.0998325
concrete3k::370_32.jpg,neutral,concrete3k,0.0,-3.638743,4.200355,8.305216
concrete3k::371_11.jpg,degraded,concrete3k,-0.0593670972339479,-2.6136305,0.94681466,6.1002502
concrete3k::371_15.jpg,neutral,concrete3k,-0.00230322451432,-3.0773513,1.8274384,7.570373
concrete3k::371_16.jpg,neutral,concrete3k,0.0045216766786132,-3.2548797,1.4357681,7.1326084
concrete3k::371_17.jpg,improved,concrete3k,0.0166852057842047,-3.5891278,3.6438003,8.316965
concrete3k::371_21.jpg,degraded,concrete3k,-0.0260396053848149,-2.5109751,1.2569369,6.6892815
concrete3k::371_27.jpg,neutral,concrete3k,-0.0006135457870782,-2.5031817,1.4177245,6.5624185
concrete3k::371_32.jpg,neutral,concrete3k,0.0093706659623431,-3.2986603,1.3674276,7.4197936
concrete3k::371_37.jpg,improved,concrete3k,0.0158497610080678,-3.2461472,2.7599957,7.7581196
concrete3k::371_5.jpg,degraded,concrete3k,-0.0136558013258029,-2.7194452,1.578537,7.028782
concrete3k::372_10.jpg,degraded,concrete3k,-0.104868125701459,-2.7256956,2.8421307,8.006663
concrete3k::372_11.jpg,degraded,concrete3k,-0.037476274629948,-2.6594238,2.8972135,8.073025
concrete3k::372_15.jpg,neutral,concrete3k,-0.0033407572383072,-3.5906658,3.7844255,8.210541
concrete3k::372_38.jpg,degraded,concrete3k,-0.0220725069460397,-3.6582127,3.833104,8.321678
concrete3k::372_43.jpg,neutral,concrete3k,-0.0045313398315603,-2.5108943,2.588197,6.701993
concrete3k::372_8.jpg,degraded,concrete3k,-0.0128000184144375,-2.446413,1.5215753,6.418451
concrete3k::372_9.jpg,degraded,concrete3k,-0.108450704225352,-3.404916,2.922026,8.176229
concrete3k::373_14.jpg,neutral,concrete3k,-0.0020057813698306,-3.153513,2.546738,7.887144
concrete3k::373_21.jpg,degraded,concrete3k,-0.0852459016393443,-3.5684493,3.6297836,8.588071
concrete3k::373_26.jpg,improved,concrete3k,0.2454644763520502,-3.211643,2.3339705,7.784882
concrete3k::373_37.jpg,neutral,concrete3k,-0.0043342445047183,-2.807565,2.1746602,7.278423
concrete3k::373_9.jpg,degraded,concrete3k,-0.010910694345891,-2.774065,2.3015678,6.711477
concrete3k::374_20.jpg,improved,concrete3k,0.0252027133979949,-2.7185721,2.5109746,7.4709835
concrete3k::374_3.jpg,degraded,concrete3k,-0.0224206930428293,-2.6494162,2.23867,6.9049525
concrete3k::374_38.jpg,neutral,concrete3k,0.0004337453914551,-2.5378327,1.1887378,6.3678265
concrete3k::374_43.jpg,neutral,concrete3k,-0.0079893475366178,-2.733083,2.3394792,6.6907916
concrete3k::374_8.jpg,degraded,concrete3k,-0.0408304498269895,-3.674443,3.940197,8.252266
concrete3k::375_21.jpg,improved,concrete3k,0.0334620150410377,-3.6453288,2.773351,8.035271
concrete3k::375_26.jpg,neutral,concrete3k,0.000350483667461,-2.6697276,2.165761,7.299993
concrete3k::375_3.jpg,degraded,concrete3k,-0.0239562868732471,-2.797249,2.7734134,7.52535
concrete3k::375_31.jpg,degraded,concrete3k,-0.1265014072022292,-2.9387844,2.2159843,7.3200264
concrete3k::375_38.jpg,degraded,concrete3k,-0.2367256637168141,-3.5444338,4.3916535,8.016555
concrete3k::375_44.jpg,degraded,concrete3k,-0.0473131427693798,-2.5539951,2.3015654,6.3878474
concrete3k::375_9.jpg,neutral,concrete3k,-0.0038923218609329,-2.8882642,1.8550649,7.186765
concrete3k::376_10.jpg,degraded,concrete3k,-0.048527609647351,-3.1826384,3.3450234,7.493852
concrete3k::376_37.jpg,degraded,concrete3k,-0.0424992504800971,-2.569797,2.1305475,6.200318
concrete3k::376_8.jpg,neutral,concrete3k,-0.0096777721969357,-2.625425,1.7451718,6.2799535
concrete3k::377_20.jpg,degraded,concrete3k,-0.0183397398545928,-3.1836054,2.7481966,6.6195793
concrete3k::377_21.jpg,degraded,concrete3k,-0.0304912122399388,-2.9655545,2.016272,6.5944047
concrete3k::377_22.jpg,degraded,concrete3k,-0.0119782875111505,-2.5991116,1.9254693,6.001102
concrete3k::377_29.jpg,improved,concrete3k,0.0663991883044985,-2.7607882,3.417284,6.6490693
concrete3k::377_34.jpg,neutral,concrete3k,0.0076743218948744,-3.3550448,4.283401,7.1801205
concrete3k::379_22.jpg,neutral,concrete3k,0.0048984867143426,-3.0086071,2.2556958,6.8501186
concrete3k::379_23.jpg,degraded,concrete3k,-0.0636358559304761,-2.7701254,1.6368463,5.8766394
concrete3k::379_25.jpg,neutral,concrete3k,0.0,-3.4220355,4.5894027,8.006838
concrete3k::379_26.jpg,neutral,concrete3k,-0.0073693504129788,-3.4865315,3.554122,7.553691
concrete3k::379_27.jpg,improved,concrete3k,0.0686335016300159,-2.6719441,1.0399367,5.9951396
concrete3k::379_28.jpg,improved,concrete3k,0.7566844919786097,-3.5315614,4.35052,8.25132
concrete3k::379_29.jpg,degraded,concrete3k,-0.0425818043451592,-3.6574383,2.9373739,7.809362
concrete3k::380_24.jpg,neutral,concrete3k,-0.0057808915971969,-3.3674881,2.3669128,6.941014
concrete3k::380_27.jpg,neutral,concrete3k,-0.0002325584768237,-3.1243474,1.8053454,7.041242
concrete3k::380_28.jpg,neutral,concrete3k,0.002022175791282,-3.2875068,1.7930349,7.1801705
concrete3k::381_25.jpg,degraded,concrete3k,-0.0141389797874269,-2.760002,2.3608406,6.6439342
concrete3k::381_26.jpg,improved,concrete3k,0.0297909674422697,-2.7924538,2.3396583,6.8932214
concrete3k::381_34.jpg,neutral,concrete3k,0.0038947771676669,-3.5294757,2.3581204,7.479418
concrete3k::382_0.jpg,neutral,concrete3k,-0.0077365227494254,-3.0554535,4.436353,7.9160933
concrete3k::382_11.jpg,neutral,concrete3k,0.0,-3.0370197,4.2003775,8.308404
concrete3k::382_17.jpg,improved,concrete3k,0.0348255046367728,-3.0517163,4.260852,8.074344
concrete3k::382_26.jpg,degraded,concrete3k,-0.0606246172688303,-3.6782146,3.8109236,8.319128
concrete3k::382_39.jpg,degraded,concrete3k,-0.0284608895261611,-3.571592,4.2224464,8.152108
concrete3k::382_40.jpg,improved,concrete3k,0.0200638849563359,-3.1669178,2.6202416,7.842843
concrete3k::382_6.jpg,neutral,concrete3k,-0.0031848321684058,-2.720251,1.449793,6.3686724
concrete3k::383_0.jpg,neutral,concrete3k,-0.0098970334710195,-2.845555,4.8791585,7.1652517
concrete3k::383_12.jpg,neutral,concrete3k,0.0,-3.2679853,4.7261596,7.599482
concrete3k::383_13.jpg,degraded,concrete3k,-0.0518652308737941,-2.5389047,1.2285281,5.896841
concrete3k::383_14.jpg,degraded,concrete3k,-0.013157894736842,-3.4189796,4.502937,7.7731256
concrete3k::383_19.jpg,neutral,concrete3k,0.0,-3.2856665,4.2929764,8.298557
concrete3k::383_33.jpg,improved,concrete3k,0.0330526911195231,-3.5662925,4.0285845,8.228673
concrete3k::383_39.jpg,neutral,concrete3k,0.0007985646375016,-2.7497082,1.8298681,6.0719204
concrete3k::383_46.jpg,degraded,concrete3k,-0.049303479450883,-2.6066658,2.6971488,7.582924
concrete3k::383_6.jpg,degraded,concrete3k,-0.0627631009128051,-2.8366828,2.8265975,5.6280284
concrete3k::384_14.jpg,degraded,concrete3k,-0.0442393492349479,-2.5377467,2.7630668,6.0560555
concrete3k::384_2.jpg,degraded,concrete3k,-0.0796783763804187,-2.8052871,2.7380097,5.428832
concrete3k::384_32.jpg,degraded,concrete3k,-0.0162044012961215,-2.6268802,3.0965834,6.332782
concrete3k::384_33.jpg,improved,concrete3k,0.0567655378029202,-3.0418599,4.6919823,7.322175
concrete3k::384_39.jpg,degraded,concrete3k,-0.0111919511488849,-2.4854105,3.2977376,6.3063536
concrete3k::384_45.jpg,neutral,concrete3k,-0.0075897336846419,-2.6349332,3.4519603,6.340475
concrete3k::384_46.jpg,degraded,concrete3k,-0.0354300752929731,-2.9854994,4.7533236,7.1149287
concrete3k::384_8.jpg,neutral,concrete3k,-0.0046847162794665,-2.8031075,3.6110096,6.7120275
concrete3k::385_14.jpg,neutral,concrete3k,0.008986024904439,-2.5091846,2.6738348,5.975832
concrete3k::385_15.jpg,degraded,concrete3k,-0.0208333333333333,-3.0002606,4.8868475,7.3705277
concrete3k::385_28.jpg,improved,concrete3k,0.1252015725726705,-2.3342752,4.7608886,7.1499615
concrete3k::385_34.jpg,neutral,concrete3k,-0.0083271365605513,5.466624,6.84932,7.6123166
concrete3k::385_38.jpg,degraded,concrete3k,-0.2012554704311233,-2.4383075,2.4243512,5.810487
concrete3k::385_44.jpg,degraded,concrete3k,-0.0203897862536924,-2.3180075,3.2564292,6.2311378
concrete3k::385_8.jpg,degraded,concrete3k,-0.0576916354857427,-2.473689,2.2953064,5.6570477
concrete3k::402_12.jpg,neutral,concrete3k,-0.0069260905189602,-3.3710837,1.3273492,7.0432224
concrete3k::402_20.jpg,neutral,concrete3k,0.0029564605150895,-3.1230226,1.1593353,7.0443096
concrete3k::402_21.jpg,improved,concrete3k,0.0274374237379073,-3.2678754,2.9283257,7.756315
concrete3k::402_26.jpg,improved,concrete3k,0.0104227673662604,-3.1759183,1.3020023,7.6782637
concrete3k::402_27.jpg,neutral,concrete3k,-0.002855490760562,-3.2237563,1.4010891,7.4987736
concrete3k::402_35.jpg,improved,concrete3k,0.0452448566327569,-3.64568,3.608138,8.174813
concrete3k::402_41.jpg,improved,concrete3k,0.0252227760876785,-3.3952203,1.4328449,7.0870657
concrete3k::403_24.jpg,neutral,concrete3k,-0.0097577048542359,-3.1682196,1.1000823,6.7432303
concrete3k::403_34.jpg,improved,concrete3k,0.054147738582021,-3.5296788,3.571946,7.949906
concrete3k::404_26.jpg,improved,concrete3k,0.0373533561551083,-2.5399947,1.7689185,7.308632
concrete3k::404_3.jpg,improved,concrete3k,0.0141856786232297,-2.6540701,2.8828046,6.5168
concrete3k::404_32.jpg,degraded,concrete3k,-0.0116991393074304,-2.634901,1.745703,7.5573554
concrete3k::404_37.jpg,improved,concrete3k,0.0775881650606792,-2.5875301,1.9684744,6.56029
concrete3k::404_38.jpg,improved,concrete3k,0.057024102744546,-2.6841686,2.7991989,7.121747
concrete3k::404_8.jpg,improved,concrete3k,0.056657730864268,-3.1283863,3.8602388,7.3351574
concrete3k::405_15.jpg,improved,concrete3k,0.0220001901759704,-2.751943,2.2998345,7.411031
concrete3k::405_21.jpg,degraded,concrete3k,-0.0131794149812159,-2.498401,1.3385572,7.025216
concrete3k::405_32.jpg,neutral,concrete3k,0.0030808313111295,-2.6179702,1.5436081,7.380649
concrete3k::405_37.jpg,neutral,concrete3k,-0.0018282519781375,-3.127921,2.582319,7.7865767
concrete3k::405_38.jpg,neutral,concrete3k,-0.0057042270906955,-2.765511,1.8526793,7.648792
concrete3k::406_20.jpg,neutral,concrete3k,0.008473081306622,-2.834508,1.6649439,7.5386295
concrete3k::406_26.jpg,neutral,concrete3k,0.0082428461777552,-2.7427666,1.4049691,7.464078
concrete3k::406_4.jpg,neutral,concrete3k,0.0061811091129405,-2.9288683,2.0613399,5.356778
concrete3k::406_43.jpg,improved,concrete3k,0.0221559240500474,-3.4321477,3.7345955,8.109927
concrete3k::406_5.jpg,improved,concrete3k,0.0546874574789297,-3.2017224,4.0333047,6.5775204
concrete3k::406_8.jpg,improved,concrete3k,0.0140303664646322,-3.3460755,3.7300732,8.324879
concrete3k::406_9.jpg,neutral,concrete3k,0.005957998682495,-2.9517386,1.6611223,6.5486393
concrete3k::407_15.jpg,improved,concrete3k,0.050166325750532,-3.1956449,3.3419871,7.537236
concrete3k::407_20.jpg,improved,concrete3k,0.0725747311573262,-3.4640622,3.6499538,8.020233
concrete3k::407_21.jpg,improved,concrete3k,0.0198940130251085,-2.6508646,1.1209347,6.2221045
concrete3k::407_26.jpg,neutral,concrete3k,0.0082921961998062,-2.7547445,1.6336782,7.524806
concrete3k::407_32.jpg,improved,concrete3k,0.0215199015339601,-2.5658379,1.6870806,7.331214
concrete3k::407_38.jpg,neutral,concrete3k,0.0048391971566373,-2.5102363,1.6164306,7.3891425
concrete3k::407_44.jpg,neutral,concrete3k,0.0084506259698038,-2.6607413,1.663536,6.908755
concrete3k::408_10.jpg,degraded,concrete3k,-0.0317448333076094,-2.7993817,2.7931898,7.6341186
concrete3k::408_27.jpg,degraded,concrete3k,-0.039956568946797,-2.717012,2.1943204,7.5267835
concrete3k::408_32.jpg,degraded,concrete3k,-0.0233381143917342,-3.1868954,2.7391338,7.90615
concrete3k::408_37.jpg,neutral,concrete3k,0.0081850533807829,-3.4429798,3.625903,7.8930516
concrete3k::408_38.jpg,degraded,concrete3k,-0.0203823419787458,-2.8034396,1.9359821,7.2436476
concrete3k::408_9.jpg,degraded,concrete3k,-0.0336755462503022,-2.9214113,2.518165,7.877863
concrete3k::409_14.jpg,degraded,concrete3k,-0.0267709980195631,-2.5726357,1.7736734,6.6147184
concrete3k::409_2.jpg,degraded,concrete3k,-0.0764878169147266,-2.7239974,2.712681,6.555526
concrete3k::409_20.jpg,neutral,concrete3k,-0.0045245627458313,-3.006744,2.442721,7.789953
concrete3k::409_27.jpg,neutral,concrete3k,-0.0016368568500257,-2.9415388,2.5726416,7.782094
concrete3k::409_33.jpg,degraded,concrete3k,-0.0100820174885339,-2.457321,1.6008137,7.147741
concrete3k::409_39.jpg,degraded,concrete3k,-0.012324472149954,-2.4792626,1.3240619,7.1904273
concrete3k::409_45.jpg,neutral,concrete3k,4.020564150142292e-05,-2.7187603,1.2004088,7.3853984
concrete3k::410_2.jpg,degraded,concrete3k,-0.0323144478079178,-2.6145525,3.102067,6.60636
concrete3k::410_26.jpg,neutral,concrete3k,-0.0062842042136035,-2.9713721,2.522398,7.720669
concrete3k::410_27.jpg,degraded,concrete3k,-0.0185353172435089,-3.3563898,3.1993716,8.160141
concrete3k::410_32.jpg,degraded,concrete3k,-0.056908335094765,-3.6061897,3.9527907,8.202564
concrete3k::410_8.jpg,neutral,concrete3k,0.0098083196236445,-2.6110055,3.0279734,6.6354003
concrete3k::412_21.jpg,improved,concrete3k,0.7823529411764706,-3.695042,4.22479,8.347878
concrete3k::412_39.jpg,neutral,concrete3k,0.001035680103111,-2.8402328,1.8308729,7.5826635
concrete3k::412_45.jpg,neutral,concrete3k,-0.0026900056536045,-2.859788,2.4875538,7.397093
concrete3k::412_8.jpg,improved,concrete3k,0.0150679553837091,-2.6698487,1.2266945,6.3658257
concrete3k::413_14.jpg,neutral,concrete3k,0.0092639791334669,-2.869183,1.5859762,7.4185205
concrete3k::413_20.jpg,neutral,concrete3k,-0.0047440924245998,-2.8460445,1.6174285,7.6917167
concrete3k::413_3.jpg,degraded,concrete3k,-0.0665286150772999,-2.5495453,1.9308053,6.2619247
concrete3k::413_8.jpg,improved,concrete3k,0.0362768205146554,-2.9306455,2.337972,7.406796
concrete3k::415_14.jpg,degraded,concrete3k,-0.0275609574536823,-2.9887269,1.9029198,5.7230554
concrete3k::415_19.jpg,degraded,concrete3k,-0.0640034364261168,-3.1978981,3.6814904,7.0824265
concrete3k::415_3.jpg,neutral,concrete3k,0.000141807327436,-2.9119806,1.9485601,5.438146
concrete3k::415_32.jpg,degraded,concrete3k,-0.0253316335759552,-2.5860913,1.8444089,6.2108507
concrete3k::415_44.jpg,degraded,concrete3k,-0.0218160370504179,-2.567927,1.7966255,6.544375
concrete3k::415_8.jpg,improved,concrete3k,0.0655968468468468,-3.3873708,4.6187935,7.171971
concrete3k::416_14.jpg,neutral,concrete3k,0.0034532064056493,-2.6259198,1.1335553,6.4053755
concrete3k::416_2.jpg,degraded,concrete3k,-0.0144517592270226,-2.4794276,1.719224,6.4838943
concrete3k::416_21.jpg,improved,concrete3k,0.042571931884909,-3.487076,3.6163363,8.203861
concrete3k::416_27.jpg,improved,concrete3k,0.0183130082446776,-2.8308523,2.8964806,7.5604486
concrete3k::416_32.jpg,degraded,concrete3k,-0.0282326466833608,-2.459104,1.7969376,6.0755086
concrete3k::416_44.jpg,degraded,concrete3k,-0.1010214819324064,-2.527143,2.4503918,6.4013834
concrete3k::417_21.jpg,degraded,concrete3k,-0.0141567086247176,-2.755484,2.0882025,7.3952923
concrete3k::417_26.jpg,degraded,concrete3k,-0.0401424567806406,-2.5308714,1.5100152,6.945484
concrete3k::417_44.jpg,degraded,concrete3k,-0.0435806549430554,-2.9775245,2.360818,7.513946
concrete3k::418_20.jpg,neutral,concrete3k,-0.0056559515413983,-2.4784842,1.3869772,6.3815255
concrete3k::418_32.jpg,neutral,concrete3k,0.0064913595485804,-3.494651,3.0954542,7.739114
concrete3k::418_44.jpg,degraded,concrete3k,-0.0416745612596032,-2.6191382,0.7943886,5.726271
concrete3k::418_8.jpg,degraded,concrete3k,-0.0168992952053749,-2.3819897,1.746524,6.327231
concrete3k::419_21.jpg,neutral,concrete3k,-0.0037589221674433,-2.754654,1.9431144,7.499261
concrete3k::419_38.jpg,degraded,concrete3k,-0.0351611311075437,-2.947678,1.3166361,7.621044
concrete3k::419_44.jpg,degraded,concrete3k,-0.4400713780749874,-3.5654914,2.913763,8.537995
concrete3k::419_45.jpg,neutral,concrete3k,0.0026393863200099,-2.859928,1.6702296,7.7540245
concrete3k::420_22.jpg,improved,concrete3k,0.1320034723364782,-3.561115,4.013929,7.582485
concrete3k::420_25.jpg,neutral,concrete3k,0.0,-3.5308006,4.2695136,7.3796434
concrete3k::420_26.jpg,degraded,concrete3k,-0.040880238728766,-2.9401457,1.2193063,5.8327208
concrete3k::420_37.jpg,degraded,concrete3k,-0.013031279030268,-2.464917,1.6144767,5.841592
concrete3k::420_42.jpg,neutral,concrete3k,0.0,-3.3039892,4.7499933,7.248827
concrete3k::421_10.jpg,neutral,concrete3k,0.0013117324009289,-3.0359063,1.8242267,7.3149385
concrete3k::421_15.jpg,neutral,concrete3k,-0.0048707224899969,-3.423382,3.2826688,7.519719
concrete3k::421_21.jpg,neutral,concrete3k,1.508089562640702e-05,-3.0218873,0.94691366,6.8577304
concrete3k::421_26.jpg,degraded,concrete3k,-0.0308178375672311,-2.8661845,0.7786637,6.383551
concrete3k::421_27.jpg,improved,concrete3k,0.018542765566951,-3.7241235,3.2604933,8.387089
concrete3k::421_37.jpg,improved,concrete3k,0.0279149747161601,-2.3547504,1.4994173,6.2108183
concrete3k::423_16.jpg,improved,concrete3k,0.016210783717617,-3.072856,1.0616343,7.1524625
concrete3k::423_32.jpg,improved,concrete3k,0.0318949343339587,-3.626238,2.9154391,8.257918
concrete3k::423_38.jpg,improved,concrete3k,0.0135717070586757,-3.110869,1.5275214,7.5153217
concrete3k::423_39.jpg,improved,concrete3k,0.0318066157760813,-3.7022297,3.2845428,8.412569
concrete3k::423_4.jpg,degraded,concrete3k,-0.0688572424628815,-3.5245643,3.5828993,8.571301
concrete3k::423_44.jpg,improved,concrete3k,0.0178568764823755,-2.7940197,1.131415,7.2692814
concrete3k::424_15.jpg,neutral,concrete3k,-0.0049035504083966,-2.8090417,1.2886132,7.489337
concrete3k::424_26.jpg,improved,concrete3k,0.0244877695807231,-3.2852902,1.8819652,7.7788587
concrete3k::424_27.jpg,improved,concrete3k,0.0484342355060661,-3.8263128,2.4800572,7.602406
concrete3k::424_3.jpg,degraded,concrete3k,-0.0178662257529855,-2.4808416,1.3692775,6.7946515
concrete3k::424_37.jpg,neutral,concrete3k,0.0054655519726134,-3.258157,1.7515815,7.6988173
concrete3k::424_9.jpg,neutral,concrete3k,-0.0039948205453184,-2.4871817,1.4073225,6.6488976
concrete3k::425_0.jpg,degraded,concrete3k,-0.047390666558442,-2.8782535,2.444088,6.5704126
concrete3k::425_14.jpg,neutral,concrete3k,0.0041720867208672,-2.4359193,1.9153266,7.164889
concrete3k::425_26.jpg,degraded,concrete3k,-0.0475663440164726,-3.6631076,3.7421112,8.231037
concrete3k::425_27.jpg,degraded,concrete3k,-0.2169025989422331,-2.4508798,1.3995335,6.619381
concrete3k::425_46.jpg,neutral,concrete3k,-0.0001463242298931,-2.2956374,1.6947898,6.324129
concrete3k::425_8.jpg,improved,concrete3k,0.0789651676010974,-2.8388262,3.3211348,7.592953
concrete3k::425_9.jpg,improved,concrete3k,0.2718040638284174,-2.9253352,3.315429,7.571478
concrete3k::426_14.jpg,degraded,concrete3k,-0.0268911104891454,-2.5167887,1.4453969,6.722885
concrete3k::426_28.jpg,degraded,concrete3k,-0.0176862751178513,-3.2404988,3.7610688,7.715287
concrete3k::426_34.jpg,degraded,concrete3k,-0.066338993286227,-2.6687129,2.9131134,6.998884
concrete3k::426_40.jpg,degraded,concrete3k,-0.0109452052549912,-2.6445358,2.724769,6.841304
concrete3k::426_7.jpg,degraded,concrete3k,-0.0116818073219524,-2.5069804,1.7701646,6.3382473
concrete3k::427_1.jpg,neutral,concrete3k,-0.0061019217157345,-2.5310216,1.7091739,6.2189426
concrete3k::427_19.jpg,degraded,concrete3k,-0.0257147748673172,-3.6518152,3.949788,8.252364
concrete3k::427_40.jpg,neutral,concrete3k,-0.0059001727577741,-2.6001673,1.3124194,6.5158825
concrete3k::427_47.jpg,degraded,concrete3k,-0.0152103301954411,-2.6152272,1.3736571,6.4614544
concrete3k::427_7.jpg,degraded,concrete3k,-0.0129155291386824,-2.7587776,2.0560338,7.0947175
concrete3k::428_10.jpg,improved,concrete3k,0.0211438370356868,-3.4129393,3.553266,7.763473
concrete3k::428_15.jpg,neutral,concrete3k,0.0048116838008024,-2.7730742,1.8640004,7.064025
concrete3k::428_21.jpg,neutral,concrete3k,-0.0064014458187205,-2.6805766,1.4349989,7.20853
concrete3k::428_26.jpg,degraded,concrete3k,-0.0183704868253044,-2.9166522,1.8834361,7.3475223
concrete3k::428_32.jpg,neutral,concrete3k,-0.0078634007454055,-3.40298,1.6074578,7.1846623
concrete3k::428_36.jpg,neutral,concrete3k,0.0085880367075041,-3.3203077,2.933819,6.702967
concrete3k::428_42.jpg,neutral,concrete3k,0.0067136902092691,-2.8318443,2.1617029,6.0025434
concrete3k::429_10.jpg,degraded,concrete3k,-0.0316273943644773,-3.2964294,1.5129521,5.86321
concrete3k::429_14.jpg,neutral,concrete3k,-0.0074980229712054,-2.6102722,1.4613147,6.3730087
concrete3k::429_25.jpg,improved,concrete3k,0.0871436175858179,-3.4495645,3.4881496,7.857343
concrete3k::429_26.jpg,degraded,concrete3k,-0.0385989967629131,-2.796955,2.3520467,7.3830175
concrete3k::429_5.jpg,neutral,concrete3k,0.0029087976243734,-2.9774957,2.0093877,5.1477575
concrete3k::429_9.jpg,neutral,concrete3k,0.001511815900032,-3.0910208,1.8996658,6.2117243
concrete3k::430_14.jpg,neutral,concrete3k,0.0082121627769748,-2.6354916,1.9622568,6.797002
concrete3k::430_2.jpg,neutral,concrete3k,-0.0043717019071038,-2.5167637,2.1121707,6.429494
concrete3k::430_20.jpg,improved,concrete3k,0.0340924550190051,-2.627235,1.9055164,6.8577614
concrete3k::430_33.jpg,degraded,concrete3k,-0.0203853873756165,-2.8075514,2.6966314,7.156436
concrete3k::430_38.jpg,neutral,concrete3k,0.0067405777063134,-2.6468577,2.0704386,6.710715
concrete3k::430_44.jpg,improved,concrete3k,0.0106595228029602,-2.5726917,1.9871473,6.68572
concrete3k::430_8.jpg,improved,concrete3k,0.0160977393086866,-2.6610765,2.5631816,6.7059956
concrete3k::431_26.jpg,neutral,concrete3k,0.0016236291202958,-2.5466137,1.4845933,6.865295
concrete3k::431_27.jpg,improved,concrete3k,0.0536149471974004,-3.605143,4.0529237,8.102559
concrete3k::431_38.jpg,degraded,concrete3k,-0.013958162651112,-2.5659308,2.371677,7.226111
concrete3k::431_8.jpg,degraded,concrete3k,-0.0185923266384996,-3.146004,3.4418454,6.521586
concrete3k::433_10.jpg,degraded,concrete3k,-0.0166702414272427,-2.6518052,2.0321016,6.8932824
concrete3k::433_16.jpg,neutral,concrete3k,-0.009363644421315,-2.6135912,1.8787905,6.375547
concrete3k::433_26.jpg,improved,concrete3k,0.0244350849992043,-3.2128582,2.7206683,7.7516227
concrete3k::433_37.jpg,improved,concrete3k,0.0113520484639797,-2.8983004,1.4542614,6.0715094
concrete3k::433_38.jpg,degraded,concrete3k,-0.0338417155242812,-3.6046443,3.1734016,7.9032035
concrete3k::433_4.jpg,degraded,concrete3k,-0.048263986094474,-2.5915523,2.221546,6.563855
concrete3k::434_14.jpg,neutral,concrete3k,0.0061973860788481,-3.5171978,3.530683,8.021037
concrete3k::434_15.jpg,degraded,concrete3k,-0.0254369170215503,-3.2068644,1.9246718,7.1660156
concrete3k::434_20.jpg,neutral,concrete3k,-0.0071600724161464,-2.5940917,1.0943798,6.11437
concrete3k::435_15.jpg,neutral,concrete3k,-0.0012548943198055,-2.691727,2.5767052,7.4225354
concrete3k::435_21.jpg,neutral,concrete3k,-0.0045170026897138,-2.540849,2.359917,7.0044007
concrete3k::435_26.jpg,degraded,concrete3k,-0.0403084323712507,-3.35375,4.6617837,7.6237617
concrete3k::435_27.jpg,neutral,concrete3k,-0.0044736426268913,-2.6066232,2.2498565,7.2660656
concrete3k::435_32.jpg,neutral,concrete3k,-0.0095944950422413,-2.9952857,2.3746157,7.55345
concrete3k::435_33.jpg,improved,concrete3k,0.7041432114131613,-3.5031183,3.7873902,7.820711
concrete3k::435_43.jpg,improved,concrete3k,0.029553427302856,-3.3021703,4.0341926,7.5509133
concrete3k::435_44.jpg,degraded,concrete3k,-0.0275984657124146,-2.6097562,2.1667874,7.4318
concrete3k::435_9.jpg,degraded,concrete3k,-0.0648800952970697,-2.7828696,2.9536636,7.438613
concrete3k::436_14.jpg,neutral,concrete3k,0.0021293867599928,-2.7615435,1.5260247,7.569767
concrete3k::436_20.jpg,improved,concrete3k,0.012150326313585,-2.6204658,1.413882,7.2878747
concrete3k::436_26.jpg,neutral,concrete3k,-0.0059744054543978,-3.086624,2.3357265,7.634748
concrete3k::436_27.jpg,neutral,concrete3k,0.0031751990138769,-2.951915,2.7051895,7.6034293
concrete3k::436_39.jpg,neutral,concrete3k,0.0060423424261872,-3.5643473,3.8294904,7.818728
concrete3k::436_45.jpg,neutral,concrete3k,-0.0075328325212721,-3.113911,2.6106715,7.6885653
concrete3k::436_8.jpg,neutral,concrete3k,-0.0077715449232155,-2.451322,1.4929832,6.2754664
concrete3k::437_0.jpg,degraded,concrete3k,-0.0170804037105092,-2.6187494,1.7451748,6.9527264
concrete3k::437_1.jpg,neutral,concrete3k,0.0076271818095214,-3.2165134,3.3189104,8.0565605
concrete3k::437_14.jpg,improved,concrete3k,0.0129353347580636,-2.8492725,1.6991737,7.5368166
concrete3k::437_27.jpg,improved,concrete3k,0.0325254675283875,-2.6473987,1.2625533,6.785546
concrete3k::437_28.jpg,degraded,concrete3k,-0.0998388903580741,-2.9941947,2.312728,7.392743
concrete3k::437_33.jpg,improved,concrete3k,0.012056307959795,-2.568243,1.3428361,6.854734
concrete3k::437_35.jpg,degraded,concrete3k,-0.0634753513005409,-3.4942524,3.026776,8.088461
concrete3k::437_8.jpg,degraded,concrete3k,-0.0116544804406617,-2.9431107,2.7922883,7.53104
concrete3k::439_13.jpg,improved,concrete3k,0.0142366224840451,-3.5972931,4.2748117,8.133339
concrete3k::439_14.jpg,improved,concrete3k,0.0188110234955518,-2.6159232,2.3723454,7.1683574
concrete3k::439_27.jpg,degraded,concrete3k,-0.0512624125662189,-3.68634,3.0388458,8.013102
concrete3k::439_28.jpg,degraded,concrete3k,-0.0107913338126185,-3.1602573,3.367292,7.820639
concrete3k::439_34.jpg,neutral,concrete3k,0.0031240080939407,-2.6051595,1.8541342,6.9023676
concrete3k::439_8.jpg,degraded,concrete3k,-0.0226448027192136,-3.502178,4.3814826,8.089096
concrete3k::441_14.jpg,improved,concrete3k,0.6875,-3.3861666,4.46924,8.183538
concrete3k::441_19.jpg,neutral,concrete3k,-0.0079723044795535,-3.2875204,4.272435,7.752775
concrete3k::441_20.jpg,improved,concrete3k,0.0183534325325114,-2.8028762,2.2464159,7.427856
concrete3k::441_24.jpg,degraded,concrete3k,-0.0719282761531001,-3.137782,3.6220832,6.8422155
concrete3k::441_33.jpg,degraded,concrete3k,-0.1666666666666666,-3.3316362,4.5598044,8.07478
concrete3k::441_46.jpg,degraded,concrete3k,-0.0320412693917034,-3.203568,3.9608078,7.2095566
concrete3k::442_14.jpg,degraded,concrete3k,-0.0243731530102376,-3.1737149,3.7091422,7.361478
concrete3k::442_2.jpg,degraded,concrete3k,-0.0751528203706787,-2.8913321,2.710803,6.627276
concrete3k::442_21.jpg,neutral,concrete3k,0.0,-3.3602815,4.4721417,8.177522
concrete3k::442_3.jpg,degraded,concrete3k,-0.0293041139973073,-3.2801192,4.395434,6.8179107
concrete3k::442_32.jpg,improved,concrete3k,0.0153450309997822,-2.8844788,2.8619232,7.538954
concrete3k::442_38.jpg,degraded,concrete3k,-0.1806751872663244,-3.0900345,3.4586287,6.936075
concrete3k::442_39.jpg,degraded,concrete3k,-0.0594530082191669,-2.8366413,3.3296428,7.3047915
concrete3k::442_9.jpg,degraded,concrete3k,-0.0435987175182298,-2.5085354,2.2141063,6.3038383
concrete3k::444_11.jpg,degraded,concrete3k,-0.020419426048565,-2.634174,3.1188235,6.549
concrete3k::444_16.jpg,degraded,concrete3k,-0.0106696794634123,-2.6851218,2.4652228,6.241359
concrete3k::444_22.jpg,degraded,concrete3k,-0.0299540348242431,-3.6086688,3.9283483,8.089639
concrete3k::444_26.jpg,neutral,concrete3k,-0.0050093094748447,-2.357583,2.5382197,6.9858007
concrete3k::444_5.jpg,degraded,concrete3k,-0.0409421123258361,-2.6507778,3.382153,6.410021
concrete3k::445_10.jpg,degraded,concrete3k,-0.0200091019417475,-2.8962467,4.06146,8.376348
concrete3k::445_16.jpg,neutral,concrete3k,-0.0061992322893366,-2.7833486,3.070291,7.3747025
concrete3k::445_22.jpg,degraded,concrete3k,-0.011901075518839,-2.6278248,2.2729845,6.4672384
concrete3k::445_33.jpg,degraded,concrete3k,-0.0891018814341497,-3.4983268,3.9628842,8.021657
concrete3k::445_38.jpg,degraded,concrete3k,-0.0501766784452296,-3.556717,4.1605597,7.9222255
concrete3k::445_43.jpg,degraded,concrete3k,-0.0328526071942396,-2.5705113,3.2712543,6.368514
concrete3k::445_5.jpg,degraded,concrete3k,-0.0286576833693,-2.5084944,2.4523778,6.582003
concrete3k::446_18.jpg,degraded,concrete3k,-0.0177093386777522,-3.412054,1.9465218,5.9692073
concrete3k::446_19.jpg,degraded,concrete3k,-0.0225007213678345,-2.692004,1.5524333,5.3493233
concrete3k::446_25.jpg,improved,concrete3k,0.0297629007822461,-3.1959498,3.7804477,7.421492
concrete3k::446_27.jpg,improved,concrete3k,0.0121265171028115,-3.3641264,3.7993991,7.0822783
concrete3k::446_33.jpg,degraded,concrete3k,-0.0135246183581264,-2.9986522,1.834971,5.698139
concrete3k::446_41.jpg,improved,concrete3k,0.0751809628144779,-3.0923414,3.7767031,6.52193
concrete3k::447_18.jpg,improved,concrete3k,0.0647220852532603,-3.2157335,4.3775973,6.7730756
concrete3k::447_28.jpg,degraded,concrete3k,-0.0329306443083504,-3.05849,2.923129,5.675691
concrete3k::447_35.jpg,degraded,concrete3k,-0.0489806055736148,-2.6289508,2.3988166,5.576298
concrete3k::448_13.jpg,neutral,concrete3k,-0.0051406014865906,-2.7083824,1.2293253,5.1742086
concrete3k::448_20.jpg,degraded,concrete3k,-0.02040154411721,-2.5285118,2.4558117,7.11971
concrete3k::448_26.jpg,neutral,concrete3k,0.0052369521420213,-3.6468122,2.8684824,7.792876
concrete3k::448_27.jpg,neutral,concrete3k,-0.0078783556591727,-2.9839895,2.7611601,6.367911
concrete3k::448_33.jpg,improved,concrete3k,0.0153481374805679,-2.9125438,2.4169064,7.3436346
concrete3k::448_40.jpg,degraded,concrete3k,-0.0124745420883662,-2.676127,2.8641279,7.2271757
concrete3k::448_46.jpg,degraded,concrete3k,-0.0211369133098142,-2.5658987,2.0949428,6.511048
concrete3k::449_0.jpg,degraded,concrete3k,-0.0634888455396055,-2.734658,2.444928,6.3542404
concrete3k::449_13.jpg,degraded,concrete3k,-0.0366729136959252,-2.718783,1.7223111,5.742882
concrete3k::449_19.jpg,degraded,concrete3k,-0.0143985269153695,-3.178663,2.7432034,7.376335
concrete3k::449_20.jpg,neutral,concrete3k,-0.0031028957372126,-2.717028,2.6972234,6.721327
concrete3k::449_26.jpg,degraded,concrete3k,-0.0623813071607228,-3.7124467,3.0336773,7.5698514
concrete3k::449_33.jpg,degraded,concrete3k,-0.0387537410789654,-3.3402753,4.376953,7.580223
concrete3k::449_34.jpg,degraded,concrete3k,-0.4272525643434044,-2.773615,1.2928164,5.2009406
concrete3k::449_41.jpg,degraded,concrete3k,-0.0137833622634785,-3.2101724,4.401328,7.6847425
concrete3k::449_46.jpg,degraded,concrete3k,-0.0462805932259174,-2.8684394,3.4563491,7.7171254
concrete3k::449_7.jpg,degraded,concrete3k,-0.047815896332172,-2.7819602,2.8827105,6.430223
concrete3k::451_36.jpg,degraded,concrete3k,-0.0200911640953716,-3.3412004,4.748364,7.251097
concrete3k::451_39.jpg,degraded,concrete3k,-0.029970555953813,-3.4246273,4.341547,7.54647
concrete3k::451_40.jpg,neutral,concrete3k,-0.0097662259527332,-2.696013,1.7728148,5.5450683
concrete3k::451_41.jpg,improved,concrete3k,0.0275238017071569,-3.201478,4.50534,7.446923
concrete3k::451_47.jpg,neutral,concrete3k,0.0041300655036304,-2.6954298,1.4350616,5.3425493
concrete3k::451_7.jpg,neutral,concrete3k,-0.0089296938209579,-2.6330173,2.3949256,6.3344245
concrete3k::452_2.jpg,neutral,concrete3k,0.0018573954848241,-3.149925,3.5591888,7.3095584
concrete3k::452_21.jpg,degraded,concrete3k,-0.0155868417412278,-2.6431477,1.9001206,6.576225
concrete3k::452_25.jpg,neutral,concrete3k,0.0059645531263456,-3.2183375,1.7014087,7.4020514
concrete3k::452_27.jpg,neutral,concrete3k,-0.0024964294844967,-2.641288,2.0042458,7.095833
concrete3k::452_3.jpg,degraded,concrete3k,-0.0319472171647904,-3.1400557,4.0819936,7.1082587
concrete3k::452_39.jpg,degraded,concrete3k,-0.0187429685742144,-2.492511,2.3597097,7.1731534
concrete3k::452_45.jpg,degraded,concrete3k,-0.0290341290858574,-2.6251922,2.6385136,7.208636
concrete3k::452_9.jpg,degraded,concrete3k,-0.0145501533342885,-2.5256507,2.4548485,7.135096
concrete3k::453_15.jpg,degraded,concrete3k,-0.047377151473008,-2.4607518,1.3750781,6.5310636
concrete3k::453_21.jpg,neutral,concrete3k,-0.0088318373520815,-2.8896723,2.8400908,7.6307483
concrete3k::453_27.jpg,degraded,concrete3k,-0.0168401889370993,-2.985146,2.8762221,7.612533
concrete3k::453_3.jpg,degraded,concrete3k,-0.0236478058531131,-2.4614697,1.619129,6.12278
concrete3k::453_33.jpg,neutral,concrete3k,0.0,-3.3292735,4.6373515,8.002695
concrete3k::453_38.jpg,degraded,concrete3k,-0.0149436049092489,-3.184608,2.6115134,7.2179976
concrete3k::453_39.jpg,degraded,concrete3k,-0.0541583087494614,-2.925487,2.9232795,7.4303465
concrete3k::453_45.jpg,degraded,concrete3k,-0.0255451534629052,-2.7143533,2.3714757,6.9268746
concrete3k::454_14.jpg,improved,concrete3k,0.0336190745775163,-2.8765862,1.5733025,5.467913
concrete3k::454_20.jpg,degraded,concrete3k,-0.0227905460816494,-2.5365229,2.0160778,6.4130826
concrete3k::454_26.jpg,improved,concrete3k,0.0138052357278609,-2.5173995,1.7481074,6.5310326
concrete3k::454_27.jpg,neutral,concrete3k,0.0,-3.3620453,4.7522535,7.3130064
concrete3k::454_32.jpg,improved,concrete3k,0.025850119934769,-3.5347142,3.8307693,8.000291
concrete3k::454_39.jpg,degraded,concrete3k,-0.0137063386689465,-2.551203,2.1339066,6.7003384
concrete3k::454_44.jpg,improved,concrete3k,0.3832837668335718,-3.131524,3.7325075,6.5676103
concrete3k::454_8.jpg,degraded,concrete3k,-0.0268507452220128,-2.6883638,2.326004,6.1060414
concrete3k::455_10.jpg,degraded,concrete3k,-0.0284855091147899,-3.3627307,3.9066403,7.943111
concrete3k::455_14.jpg,neutral,concrete3k,-0.0071020263379595,-3.1030676,2.5436199,7.814065
concrete3k::455_26.jpg,degraded,concrete3k,-0.0286347859622059,-2.7600107,2.4249063,7.5240955
concrete3k::455_32.jpg,neutral,concrete3k,-0.0006111022426831,-2.8114822,2.179687,7.4498343
concrete3k::455_45.jpg,degraded,concrete3k,-0.0254473623053683,-2.4917765,2.3225157,7.195724
concrete3k::456_2.jpg,degraded,concrete3k,-0.0340267449816928,-2.7146096,3.2902505,6.62754
concrete3k::456_20.jpg,degraded,concrete3k,-0.0824932057418162,-3.2722588,2.6416998,7.823567
concrete3k::456_33.jpg,degraded,concrete3k,-0.0297820305346212,-2.6619883,2.637899,7.3207736
concrete3k::456_41.jpg,neutral,concrete3k,-0.0011522900207661,-3.3571246,4.7521124,7.285089
concrete3k::456_45.jpg,degraded,concrete3k,-0.0274540859619087,-2.6272204,2.205021,5.980473
concrete3k::456_46.jpg,neutral,concrete3k,0.0,-3.318163,4.705564,7.56776
concrete3k::456_47.jpg,improved,concrete3k,0.1140707826782186,-3.071032,3.6139557,6.5151067
concrete3k::456_8.jpg,degraded,concrete3k,-0.0313417458771697,-2.5083704,2.148766,6.270867
concrete3k::457_27.jpg,degraded,concrete3k,-0.0505738936244127,-2.894001,3.0538602,7.463476
concrete3k::457_3.jpg,degraded,concrete3k,-0.0355068080617336,-2.7081974,2.35662,5.991909
concrete3k::457_32.jpg,neutral,concrete3k,-0.00794185426589,-2.9999418,2.5175898,7.564349
concrete3k::457_39.jpg,improved,concrete3k,0.0820750325307238,-3.222969,3.6569905,7.454878
concrete3k::457_42.jpg,degraded,concrete3k,-0.0240170721537376,-3.3513637,4.6586986,7.158726
concrete3k::457_44.jpg,improved,concrete3k,0.0179057660626029,-3.5170467,3.9695559,8.006289
concrete3k::457_8.jpg,improved,concrete3k,0.0697270471464019,-3.3410137,4.347377,7.646925
concrete3k::458_10.jpg,degraded,concrete3k,-0.0173822255229925,-2.445427,2.1227777,6.0861244
concrete3k::458_26.jpg,degraded,concrete3k,-0.0372276354743322,-2.6231184,1.9134077,6.9274573
concrete3k::458_27.jpg,degraded,concrete3k,-0.1127595023288091,-3.4726765,3.9393008,8.021889
concrete3k::458_39.jpg,neutral,concrete3k,-0.0006491033562017,-2.4293098,2.1898468,6.0640326
concrete3k::458_45.jpg,neutral,concrete3k,-0.0053490342452896,-2.528969,2.339069,5.861889
concrete3k::458_9.jpg,degraded,concrete3k,-0.0118195650053993,-3.1340625,3.69276,7.5106397
concrete3k::459_14.jpg,degraded,concrete3k,-0.049423116978789,-3.162751,3.7334738,7.0102825
concrete3k::459_15.jpg,degraded,concrete3k,-0.1190271306447573,-2.5345364,2.4486165,6.409232
concrete3k::459_26.jpg,degraded,concrete3k,-0.0135339460107165,-2.4181213,2.391835,6.3703923
concrete3k::459_31.jpg,neutral,concrete3k,0.0,-3.291443,4.6577835,7.2627554
concrete3k::459_32.jpg,degraded,concrete3k,-0.0115200179565497,-2.4424584,2.3903713,6.8361526
concrete3k::459_38.jpg,degraded,concrete3k,-0.0413800500691317,-2.6823943,2.9228761,7.242833
concrete3k::459_44.jpg,degraded,concrete3k,-0.021437256491384,-2.8240623,3.0782008,7.44624
concrete3k::460_15.jpg,degraded,concrete3k,-0.0548926117301863,-3.2025254,3.3574152,6.836708
concrete3k::460_20.jpg,neutral,concrete3k,0.0,-3.2769487,4.7182035,7.795623
concrete3k::460_3.jpg,degraded,concrete3k,-0.0143263411473543,-2.7096405,2.5255134,6.386701
concrete3k::460_32.jpg,neutral,concrete3k,0.0014843751993716,-2.7838705,2.420974,7.3108764
concrete3k::460_38.jpg,degraded,concrete3k,-0.0114151037500952,-2.7799432,2.650374,6.8042555
concrete3k::460_39.jpg,improved,concrete3k,0.0522368541500477,-3.2378907,4.789392,7.593065
concrete3k::460_9.jpg,neutral,concrete3k,0.003149650320508,-3.0446928,3.3262773,7.3476396
concrete3k::463_2.jpg,neutral,concrete3k,-0.0068685850601335,-2.6521468,1.6596726,5.2571964
concrete3k::463_21.jpg,improved,concrete3k,0.0152659913881114,-2.592187,2.8641634,7.167201
concrete3k::463_33.jpg,neutral,concrete3k,0.0038639414276795,-2.5658042,2.548453,6.7088857
concrete3k::463_38.jpg,degraded,concrete3k,-0.0112061418309364,-2.4047801,2.5252829,6.0440187
concrete3k::463_43.jpg,degraded,concrete3k,-0.029944357872557,-2.4213479,3.2424288,6.191416
concrete3k::463_44.jpg,degraded,concrete3k,-0.0186101941450617,-3.1373,4.398282,7.5217905
concrete3k::463_8.jpg,degraded,concrete3k,-0.0186916102090478,-2.4527705,2.022966,5.696977
concrete3k::464_10.jpg,improved,concrete3k,0.0194804565022402,-2.7201493,2.5159054,5.8795905
concrete3k::464_16.jpg,neutral,concrete3k,-0.0097009410549206,-2.6549487,2.50463,5.6474266
concrete3k::464_22.jpg,improved,concrete3k,0.0505504507041053,-2.627784,2.5972252,5.70863
concrete3k::464_28.jpg,neutral,concrete3k,-0.0088739037799792,-3.2228134,4.360742,6.7722144
concrete3k::464_4.jpg,degraded,concrete3k,-0.3673546530458226,-2.6083972,2.7625048,7.3625813
concrete3k::464_45.jpg,neutral,concrete3k,0.0,-3.1912825,4.796815,7.5512166
concrete3k::465_2.jpg,neutral,concrete3k,-0.0061859281081317,-3.7047858,3.7381,8.1636915
concrete3k::465_20.jpg,degraded,concrete3k,-0.0169725511574144,-3.5324018,2.2446704,7.9044366
concrete3k::465_26.jpg,improved,concrete3k,0.0609125457441236,-3.47072,2.1931782,7.849087
concrete3k::465_33.jpg,neutral,concrete3k,0.0029436269886184,-3.6931217,3.7169423,8.090416
concrete3k::465_38.jpg,neutral,concrete3k,0.0096107640557424,-3.641137,3.3854823,8.073538
concrete3k::466_15.jpg,improved,concrete3k,0.0158342618725415,-3.5769427,2.2673342,7.9283085
concrete3k::466_3.jpg,neutral,concrete3k,-0.0088547299394742,-3.5826678,2.420766,7.990097
concrete3k::466_32.jpg,neutral,concrete3k,0.0029025421502336,-3.5667374,2.1617522,7.889732
concrete3k::466_38.jpg,improved,concrete3k,0.0127162049197111,-3.5530086,2.1761432,7.89229
concrete3k::466_44.jpg,neutral,concrete3k,-0.0064179813266671,-3.5646884,2.1950414,7.9268694
concrete3k::466_9.jpg,neutral,concrete3k,-0.0080146557429143,-3.5497355,2.1818123,7.8982387
concrete3k::468_11.jpg,neutral,concrete3k,-0.0057112760479585,-3.3349063,1.2182939,5.8178167
concrete3k::468_20.jpg,degraded,concrete3k,-0.0671021768384191,-3.5794098,2.4587502,7.646088
concrete3k::468_21.jpg,improved,concrete3k,0.0132658498588238,-3.1088996,0.9005383,6.3765464
concrete3k::468_27.jpg,neutral,concrete3k,0.0047700188372971,-2.8130772,0.8809079,6.1867967
concrete3k::468_30.jpg,improved,concrete3k,0.1376440209620091,-3.4953344,1.6982214,7.0605845
concrete3k::469_15.jpg,neutral,concrete3k,-0.0075583561523731,-2.892276,1.8996301,7.3275833
concrete3k::469_18.jpg,degraded,concrete3k,-0.0132163119967997,-3.5517352,3.9984899,8.435239
concrete3k::469_24.jpg,improved,concrete3k,0.0302479057081629,-3.4122825,2.4725754,7.5178375
concrete3k::469_27.jpg,degraded,concrete3k,-0.0108297296836511,-2.7649016,2.1238065,7.3661675
concrete3k::469_31.jpg,neutral,concrete3k,-0.0001655798220796,-3.5714176,3.8772433,8.54102
concrete3k::469_34.jpg,neutral,concrete3k,0.007987895413228,-2.674794,1.4635872,6.111911
concrete3k::469_35.jpg,neutral,concrete3k,-0.0095286890652925,-3.0046275,2.3488367,6.8726063
concrete3k::469_37.jpg,degraded,concrete3k,-0.0118932515385906,-3.4196265,2.378148,7.545495
concrete3k::469_40.jpg,degraded,concrete3k,-0.0208712608944825,-3.7019017,3.8761864,8.1636
concrete3k::469_43.jpg,improved,concrete3k,0.0131438628661889,-2.7141926,1.0161716,6.1277037
concrete3k::469_5.jpg,improved,concrete3k,0.0261325608525468,-3.059786,3.422118,7.760943
concrete3k::469_9.jpg,neutral,concrete3k,-0.005514473151631,-3.3856711,2.30659,7.557511
concrete3k::470_15.jpg,neutral,concrete3k,-0.0049085161217599,-2.6721175,1.4007144,6.1405015
concrete3k::470_19.jpg,improved,concrete3k,0.0283311353926329,-3.102643,3.6229908,6.7596846
concrete3k::470_20.jpg,neutral,concrete3k,0.0048879323415167,-2.7310514,1.192907,6.145523
concrete3k::470_24.jpg,improved,concrete3k,0.0563100734281151,-3.1565232,3.1504612,6.8673005
concrete3k::470_25.jpg,degraded,concrete3k,-0.334750265674814,-3.3249114,4.722347,7.173591
concrete3k::470_27.jpg,neutral,concrete3k,-0.0055063347591832,-2.939807,2.3141758,7.457691
concrete3k::470_28.jpg,improved,concrete3k,0.2502732373157166,-3.542302,4.559647,7.9897695
concrete3k::470_32.jpg,degraded,concrete3k,-0.0236819434679531,-2.847717,2.4422853,7.439527
concrete3k::470_33.jpg,degraded,concrete3k,-0.0204037354231192,-2.735991,2.3561573,7.22167
concrete3k::470_38.jpg,improved,concrete3k,0.0510826088485701,-3.1316657,3.1259117,7.3768497
concrete3k::470_4.jpg,neutral,concrete3k,0.0054394774556246,-3.1587687,3.1211274,6.9994063
concrete3k::470_44.jpg,improved,concrete3k,0.011824909157574,-3.2015653,2.662377,7.2191424
concrete3k::470_45.jpg,neutral,concrete3k,-0.0063994541148064,-3.2889152,4.1319447,6.995724
concrete3k::470_5.jpg,improved,concrete3k,0.0259710160840419,-2.9525628,3.0831025,7.544383
concrete3k::470_9.jpg,neutral,concrete3k,-0.0094704823551255,-3.2295036,2.8385398,7.3058624
concrete3k::471_21.jpg,improved,concrete3k,0.0109181894002577,-3.148234,3.0688243,7.126269
concrete3k::471_26.jpg,neutral,concrete3k,0.0055920623377689,-3.2325392,3.013207,6.3956766
concrete3k::471_27.jpg,improved,concrete3k,0.0631037476547636,-2.7266395,1.4743402,5.934683
concrete3k::471_28.jpg,neutral,concrete3k,0.0021328616879953,-3.4365485,4.6051345,7.215751
concrete3k::471_31.jpg,neutral,concrete3k,0.0070401831899322,-2.7365513,1.9176642,4.9966416
concrete3k::471_32.jpg,neutral,concrete3k,0.0020769412214198,-3.2760737,3.0391917,6.914393
concrete3k::471_37.jpg,degraded,concrete3k,-0.0108524508808733,-2.722752,2.3970282,5.742854
concrete3k::472_2.jpg,improved,concrete3k,0.0145818067622736,-3.415161,4.4436803,7.3019514
concrete3k::472_20.jpg,neutral,concrete3k,-0.0052176910362392,-3.3205688,2.7876225,7.9372444
concrete3k::472_26.jpg,neutral,concrete3k,0.0035610620461287,-2.5953019,1.6176124,6.7908516
concrete3k::472_32.jpg,neutral,concrete3k,-0.0070768995214164,-2.61805,1.4728119,7.033534
concrete3k::472_42.jpg,degraded,concrete3k,-0.0755334104255945,-3.618276,4.004567,8.097556
concrete3k::472_9.jpg,degraded,concrete3k,-0.0306581026702958,-2.5041015,1.67679,6.1652102
concrete3k::475_20.jpg,neutral,concrete3k,0.0023668379202285,-2.6694121,1.9084159,6.864818
concrete3k::475_31.jpg,neutral,concrete3k,0.0009626194419913,-2.6264288,0.8421326,5.4832134
concrete3k::475_4.jpg,neutral,concrete3k,0.0036725801389341,-2.8779807,3.243241,7.302966
concrete3k::476_26.jpg,degraded,concrete3k,-0.0154368049612456,-2.5260596,1.1796649,5.807547
concrete3k::476_27.jpg,degraded,concrete3k,-0.0169411564633419,-3.3214161,3.4090831,7.1450753
concrete3k::476_3.jpg,improved,concrete3k,0.0195243944163107,-2.4573185,1.706019,5.9152536
concrete3k::476_33.jpg,degraded,concrete3k,-0.0506486026794803,-2.5178142,1.0318934,5.6716413
concrete3k::476_39.jpg,improved,concrete3k,0.0310297619285028,-2.5093577,1.2868122,6.661929
concrete3k::476_45.jpg,neutral,concrete3k,0.0067389873779422,-2.613014,0.83864427,5.4739814
concrete3k::476_7.jpg,improved,concrete3k,0.1295477718443135,-2.6896849,3.288647,6.6159587
concrete3k::476_9.jpg,neutral,concrete3k,0.0030607500159952,-2.421094,1.480962,5.9242887
concrete3k::477_14.jpg,degraded,concrete3k,-0.0351841715705998,-2.628544,1.7152761,6.0554037
concrete3k::477_26.jpg,improved,concrete3k,0.0163170427330351,-2.6570394,1.1189181,6.5696983
concrete3k::477_38.jpg,improved,concrete3k,0.0129761688253714,-2.5356948,1.2200581,6.7160754
concrete3k::477_44.jpg,improved,concrete3k,0.0131307475632463,-2.4887316,1.4284997,7.21114
concrete3k::478_31.jpg,improved,concrete3k,0.027531816156868,-3.5416276,3.8321245,7.609069
concrete3k::478_38.jpg,neutral,concrete3k,0.0,-3.4862623,4.1333528,7.337488
concrete3k::479_18.jpg,degraded,concrete3k,-0.0114112260524424,-3.3550549,4.7826395,7.2645125
concrete3k::479_19.jpg,improved,concrete3k,0.0392670157068063,-3.39898,4.0788026,7.703367
concrete3k::479_21.jpg,improved,concrete3k,0.0101610904584882,-3.49759,3.5532017,8.47391
concrete3k::479_24.jpg,degraded,concrete3k,-0.1320467858676317,-3.0990326,3.473616,7.203995
concrete3k::479_31.jpg,neutral,concrete3k,0.0055074744295829,-3.4883568,4.1106834,7.9489655
concrete3k::479_36.jpg,degraded,concrete3k,-0.0158405602830814,-2.7748942,2.222325,6.7266326
concrete3k::479_4.jpg,degraded,concrete3k,-0.021289286042002,-2.658153,2.5501652,7.056422
concrete3k::479_5.jpg,improved,concrete3k,0.1316119866521293,-2.9315639,3.8700538,8.081275
concrete3k::479_9.jpg,neutral,concrete3k,0.0091173996635424,-3.4360983,3.651302,8.098917
concrete3k::480_33.jpg,neutral,concrete3k,-0.007230657989877,-2.564506,2.7356462,6.919819
concrete3k::480_36.jpg,degraded,concrete3k,-0.0361621926301698,-3.2209728,3.562245,6.467153
concrete3k::480_37.jpg,degraded,concrete3k,-0.0213902404793614,-2.7275438,1.5582337,5.854874
concrete3k::480_38.jpg,degraded,concrete3k,-0.0158940152726677,-2.6275308,2.9271586,6.843465
concrete3k::480_9.jpg,degraded,concrete3k,-0.0381713487050963,-2.8036456,2.5617008,6.332333
concrete3k::482_20.jpg,degraded,concrete3k,-0.0160778526855897,-3.484485,4.416307,7.3685727
concrete3k::482_26.jpg,neutral,concrete3k,0.0086631500328495,-2.6672914,1.1290712,6.122028
concrete3k::482_31.jpg,degraded,concrete3k,-0.0260235072148474,-2.6235392,1.8620787,6.9257746
concrete3k::482_32.jpg,improved,concrete3k,0.0175757812659985,-2.6815329,2.8317428,7.444319
concrete3k::482_37.jpg,degraded,concrete3k,-0.0246298983494573,-2.5774643,1.4070556,6.118824
concrete3k::482_4.jpg,neutral,concrete3k,-0.0075172868709562,-3.0588145,3.4162982,7.411998
concrete3k::482_42.jpg,neutral,concrete3k,0.0022779736266037,-2.574595,2.1635528,5.8132906
concrete3k::482_43.jpg,neutral,concrete3k,0.0047051798775936,-3.4918933,4.0834856,7.196803
concrete3k::482_5.jpg,degraded,concrete3k,-0.0268852236951637,-2.722196,2.5522065,5.8460917
concrete3k::483_15.jpg,degraded,concrete3k,-0.0165815369676544,-2.6136556,1.8956707,6.747546
concrete3k::483_32.jpg,neutral,concrete3k,-0.0007382769514748,-2.6569855,3.4415517,6.8072515
concrete3k::483_37.jpg,degraded,concrete3k,-0.0429163662341767,-3.2834482,4.122829,7.7134643
concrete3k::483_5.jpg,neutral,concrete3k,-0.0091127523871165,-2.7154605,3.4686916,8.286697
concrete3k::485_16.jpg,neutral,concrete3k,0.0004321977536092,-2.5786834,2.0775697,5.3234615
concrete3k::485_34.jpg,degraded,concrete3k,-0.0965470855084971,-2.8279388,2.4179523,5.749639
concrete3k::485_4.jpg,degraded,concrete3k,-0.7180139361288347,-2.5596027,2.3151865,5.4751554
concrete3k::485_41.jpg,improved,concrete3k,0.0153922794746914,-2.689752,3.107073,6.8428197
concrete3k::485_46.jpg,degraded,concrete3k,-0.0384263875041541,-2.992955,4.2538643,7.855323
concrete3k::485_9.jpg,degraded,concrete3k,-0.0154149196869582,-3.0007842,2.8061838,5.7456164
concrete3k::486_10.jpg,neutral,concrete3k,-0.0043512467095784,-2.6646109,1.0887936,6.183679
concrete3k::486_26.jpg,neutral,concrete3k,-0.0028758025937473,-3.5785177,2.7836394,7.8850803
concrete3k::486_31.jpg,degraded,concrete3k,-0.0205863815782653,-3.4008942,2.3436065,7.609712
concrete3k::486_4.jpg,neutral,concrete3k,0.007366037553254,-2.7187457,3.4670732,8.310443
concrete3k::486_5.jpg,neutral,concrete3k,-0.0041190740085076,-2.5684428,1.980094,7.343881
concrete3k::487_10.jpg,degraded,concrete3k,-0.0297235385218261,-2.5989192,2.0008824,7.26883
concrete3k::487_11.jpg,degraded,concrete3k,-0.1025172538451484,-2.4747806,2.2277775,6.5858035
concrete3k::487_15.jpg,degraded,concrete3k,-0.0224075682304698,-2.7396288,2.8237085,7.722061
concrete3k::487_16.jpg,neutral,concrete3k,-0.0075642887255049,-2.6324172,1.4191654,6.342828
concrete3k::487_21.jpg,improved,concrete3k,0.0250813740045802,-2.883029,1.4296178,6.665321
concrete3k::487_25.jpg,degraded,concrete3k,-0.0398249867194879,-2.6300075,2.0660486,6.4647946
concrete3k::487_26.jpg,neutral,concrete3k,0.0008894900851179,-3.4514022,2.3557801,7.660521
concrete3k::487_31.jpg,degraded,concrete3k,-0.1084501730549226,-2.6771429,1.3095722,6.5899997
concrete3k::487_5.jpg,degraded,concrete3k,-0.0132574503868146,-2.6896355,1.379604,5.742988
concrete3k::488_20.jpg,degraded,concrete3k,-0.0458935128077102,-2.6885176,2.707724,7.5449953
concrete3k::488_21.jpg,degraded,concrete3k,-0.0153155164700267,-2.6294892,1.08609,6.0699596
concrete3k::488_23.jpg,degraded,concrete3k,-0.1229655962831147,-2.9530253,3.65696,8.039324
concrete3k::488_27.jpg,degraded,concrete3k,-0.0183757589057128,-2.6510541,2.6138287,7.6980786
concrete3k::488_29.jpg,degraded,concrete3k,-0.0437674752512657,-2.7273827,2.8290715,7.9517303
concrete3k::488_38.jpg,neutral,concrete3k,-0.0023299341896367,-2.591696,1.2103485,6.3111134
concrete3k::488_43.jpg,degraded,concrete3k,-0.014283998825863,-2.6278539,2.417491,7.352273
concrete3k::488_44.jpg,neutral,concrete3k,-0.0091064787893146,-2.8693864,2.9301765,7.814318
concrete3k::488_9.jpg,degraded,concrete3k,-0.1287721953676308,-2.4587152,1.4561647,6.6679125
concrete3k::489_14.jpg,degraded,concrete3k,-0.0143006186611107,-2.4804945,1.6576784,6.5436134
concrete3k::489_2.jpg,degraded,concrete3k,-0.0191842229277008,-2.406164,1.8430641,6.511599
concrete3k::489_20.jpg,degraded,concrete3k,-0.3756482142011031,-3.2550285,2.6668766,7.289793
concrete3k::489_27.jpg,degraded,concrete3k,-0.0243289831912257,-2.5835288,2.5656333,7.5961833
concrete3k::489_33.jpg,improved,concrete3k,0.0363639253297237,-2.9622033,3.382086,7.6822953
concrete3k::489_38.jpg,degraded,concrete3k,-0.0249956150762918,-2.5168056,1.6490539,6.459554
concrete3k::489_8.jpg,degraded,concrete3k,-0.0110984465123998,-2.481838,1.6298054,6.4365726
concrete3k::490_15.jpg,neutral,concrete3k,-0.0041477418801953,-2.880498,2.202689,7.0394664
concrete3k::490_26.jpg,degraded,concrete3k,-0.0100910550226618,-3.0118263,1.113077,6.7649183
concrete3k::490_32.jpg,degraded,concrete3k,-0.0210583153347732,-3.6538208,3.4380538,8.331748
concrete3k::490_44.jpg,neutral,concrete3k,-0.0052550908692795,-3.5281928,3.6291447,8.279622
concrete3k::490_5.jpg,degraded,concrete3k,-0.0364261168384879,-2.8505206,3.9478896,8.391684
concrete3k::491_14.jpg,degraded,concrete3k,-0.0475919685660728,-2.563828,1.7123367,6.8783727
concrete3k::491_15.jpg,degraded,concrete3k,-0.4960831489351738,-3.5284193,4.2017937,7.628951
concrete3k::491_2.jpg,neutral,concrete3k,-0.0061207609594705,-3.525948,4.081375,8.278005
concrete3k::491_21.jpg,neutral,concrete3k,-0.0001994160496056,-3.4383588,3.8560996,7.6651006
concrete3k::491_25.jpg,neutral,concrete3k,-0.0068393003440255,-3.4603198,4.417446,8.160557
concrete3k::491_26.jpg,neutral,concrete3k,-0.0022880742392172,-2.729394,1.2082931,6.7012014
concrete3k::491_3.jpg,neutral,concrete3k,0.0097503733076919,-2.6639607,1.1810148,6.882308
concrete3k::491_31.jpg,degraded,concrete3k,-0.0378900550769609,-2.6911967,1.8535672,7.075194
concrete3k::491_38.jpg,neutral,concrete3k,0.0068527547213516,-3.225412,3.2892036,8.032293
concrete3k::491_43.jpg,improved,concrete3k,0.2426254034799453,-3.5617745,3.930132,8.075899
concrete3k::491_44.jpg,neutral,concrete3k,-0.0014712180780549,-2.4602952,1.7323316,6.888047
concrete3k::493_11.jpg,neutral,concrete3k,0.0089036843238523,-2.744066,3.3205273,7.735901
concrete3k::493_28.jpg,neutral,concrete3k,0.0060342026694767,-2.5183082,2.4142349,7.099893
concrete3k::493_33.jpg,degraded,concrete3k,-0.0135538334830788,-3.4931831,3.692229,7.801335
concrete3k::493_34.jpg,neutral,concrete3k,0.0006944318531518,-2.8343759,3.1297905,7.475411
concrete3k::493_39.jpg,neutral,concrete3k,0.0082706959145063,-2.4913096,2.5365653,7.081911
concrete3k::493_45.jpg,neutral,concrete3k,0.0012896670860382,-3.126644,3.622252,7.753107
concrete3k::496_12.jpg,degraded,concrete3k,-0.0247886562491723,-2.5036235,2.2888918,5.597234
concrete3k::496_18.jpg,degraded,concrete3k,-0.0454584897007842,-3.0435429,4.5115857,7.23921
concrete3k::496_21.jpg,degraded,concrete3k,-0.0293062479045813,-3.1621253,2.7894244,6.4507074
concrete3k::496_26.jpg,improved,concrete3k,0.0436997482311731,-3.013141,3.6560137,7.0349402
concrete3k::496_6.jpg,improved,concrete3k,0.1096179201389129,-3.056527,4.8047485,7.0935574
concrete3k::497_11.jpg,improved,concrete3k,0.0271689400407303,-2.983997,4.218244,7.8632226
concrete3k::497_12.jpg,improved,concrete3k,0.0817031100873895,-2.8932154,3.8873446,7.8729215
concrete3k::497_18.jpg,neutral,concrete3k,0.0020104729126183,-2.7022848,2.3184628,6.3255777
concrete3k::497_22.jpg,degraded,concrete3k,-0.0451584777415784,-2.6235547,2.7987835,7.906775
concrete3k::497_25.jpg,degraded,concrete3k,-0.0375642934418856,-3.1694498,3.6308622,7.767343
concrete3k::497_31.jpg,degraded,concrete3k,-0.0483678191044695,-2.5849829,2.6550393,7.7029743
concrete3k::497_39.jpg,degraded,concrete3k,-0.0206149814301658,-2.66258,3.1404324,8.202099
concrete3k::498_14.jpg,neutral,concrete3k,0.0,-2.9742477,4.080991,8.366814
concrete3k::498_15.jpg,improved,concrete3k,0.0488262719213229,-2.9326994,4.0018764,8.358183
concrete3k::498_18.jpg,degraded,concrete3k,-0.0156733347081873,-3.1442647,3.4080708,7.59746
concrete3k::498_21.jpg,neutral,concrete3k,-0.0032791389027285,-2.9962587,2.136448,6.8912163
concrete3k::498_27.jpg,improved,concrete3k,0.0190027393898528,-3.288321,1.710917,7.1667795
concrete3k::498_28.jpg,degraded,concrete3k,-0.0138067753416085,-3.1842344,2.1643348,7.3456993
concrete3k::498_8.jpg,improved,concrete3k,0.0239785007172188,-2.5995266,2.7253058,6.0746303
concrete3k::498_9.jpg,degraded,concrete3k,-0.0253233806222623,-3.4237955,4.31115,7.8071938
concrete3k::499_16.jpg,improved,concrete3k,0.0182321715436178,-2.5236497,2.6890728,6.106389
concrete3k::499_19.jpg,degraded,concrete3k,-0.0101020730295695,-2.7004426,2.5946324,7.141457
concrete3k::499_28.jpg,degraded,concrete3k,-0.0193859917106976,-2.7226596,2.1868556,7.2034373
concrete3k::499_38.jpg,degraded,concrete3k,-0.0127782536796113,-2.704831,2.4174998,7.4813304
concrete3k::499_47.jpg,neutral,concrete3k,-0.0061694651369765,-2.6507509,3.1961315,8.197535
concrete3k::500_16.jpg,neutral,concrete3k,0.00890814975322,-2.8355532,2.6058934,7.1606307
concrete3k::500_17.jpg,degraded,concrete3k,-0.0166040100250626,-2.884769,2.3663566,6.961524
concrete3k::500_19.jpg,neutral,concrete3k,-0.0077192597411758,-2.751296,2.608084,7.0777144
concrete3k::500_20.jpg,degraded,concrete3k,-0.073857308429454,-3.5802815,4.0033326,8.182881
concrete3k::500_28.jpg,neutral,concrete3k,-0.0086068820027486,-3.5552793,2.4123755,7.7066374
concrete3k::500_37.jpg,degraded,concrete3k,-0.0821570961527504,-2.9877434,3.665179,8.215235
concrete3k::500_38.jpg,degraded,concrete3k,-0.0291901233521904,-2.7316606,2.7836485,7.790155
concrete3k::501_13.jpg,improved,concrete3k,0.0139201699655401,-3.2879534,1.3904556,7.236926
concrete3k::501_19.jpg,neutral,concrete3k,0.0032899414145963,-3.1412106,1.7134669,7.0579805
concrete3k::501_20.jpg,improved,concrete3k,0.0185630297553286,-3.285227,2.1456327,7.5389256
concrete3k::501_25.jpg,improved,concrete3k,0.0690131742892135,-3.1086583,1.0680457,6.9037495
concrete3k::501_26.jpg,neutral,concrete3k,0.0095762166797683,-3.0281844,1.3444474,6.702927
concrete3k::501_32.jpg,degraded,concrete3k,-0.0732872178148619,-3.727129,2.9849606,7.9264045
concrete3k::501_6.jpg,improved,concrete3k,0.0106817540822987,-2.901341,2.6095185,7.842441
concrete3k::501_7.jpg,improved,concrete3k,0.0372311579153457,-3.0589092,1.6237601,7.027282
concrete3k::503_1.jpg,improved,concrete3k,0.0149362634444296,-3.130809,3.9953282,7.4962406
concrete3k::503_12.jpg,degraded,concrete3k,-0.0248266615821578,-2.88319,2.7503815,7.227932
concrete3k::503_20.jpg,degraded,concrete3k,-0.0353673285613813,-3.7066457,3.3275566,8.370407
concrete3k::503_8.jpg,degraded,concrete3k,-0.0292956553432989,-2.7888744,2.0785873,6.3339014
concrete3k::504_11.jpg,neutral,concrete3k,0.0078405077613015,-2.8551395,1.0896752,6.7385273
concrete3k::504_2.jpg,degraded,concrete3k,-1.0,-3.0901487,4.1757865,8.337942
concrete3k::504_20.jpg,neutral,concrete3k,-0.0026413100898046,-3.0237882,1.4206549,7.1996813
concrete3k::504_21.jpg,degraded,concrete3k,-0.0277847262755125,-3.6451066,3.8698294,8.141288
concrete3k::504_29.jpg,improved,concrete3k,0.0150839358318101,-3.3005915,1.738561,7.2727633
concrete3k::504_39.jpg,degraded,concrete3k,-0.016636160925201,-3.0583413,2.4057226,6.910691
concrete3k::504_9.jpg,degraded,concrete3k,-0.022319173625075,-2.9143753,1.6478096,6.5987334
concrete3k::506_16.jpg,neutral,concrete3k,-0.0093961017944615,-2.6781259,1.5864122,6.9132223
concrete3k::506_38.jpg,improved,concrete3k,0.042873929061221,-3.4258463,2.926086,8.139191
concrete3k::506_39.jpg,improved,concrete3k,0.0219882351306661,-2.7190392,1.3761691,7.4812617
concrete3k::506_4.jpg,degraded,concrete3k,-0.0214661132509585,-2.7140033,3.5098534,7.981253
concrete3k::506_44.jpg,improved,concrete3k,0.0920433277139088,-3.2874923,3.0916014,8.133234
concrete3k::506_45.jpg,improved,concrete3k,0.0171746059180567,-2.7078574,1.4198639,7.6657066
concrete3k::507_15.jpg,neutral,concrete3k,0.009177747837555,-2.5703616,2.5472727,7.696405
concrete3k::507_20.jpg,improved,concrete3k,0.0132211538461538,-3.0902066,1.454556,7.223257
concrete3k::507_21.jpg,neutral,concrete3k,-0.0041139629129313,-3.0892081,1.2735342,7.021455
concrete3k::507_22.jpg,improved,concrete3k,0.0103619048085283,-2.7097752,2.8404114,8.048742
concrete3k::507_23.jpg,degraded,concrete3k,-0.021404978696533,-2.8243675,3.3182979,8.277002
concrete3k::507_24.jpg,degraded,concrete3k,-0.0824871677778917,-2.995417,3.8645213,7.3865185
concrete3k::507_25.jpg,neutral,concrete3k,-0.0086022011671106,-2.6342385,2.5606284,7.0131874
concrete3k::507_26.jpg,degraded,concrete3k,-0.0108031079201891,-2.7631555,2.2714121,6.9411373
concrete3k::507_32.jpg,degraded,concrete3k,-0.0186090183785697,-3.2014189,3.8554318,7.781872
concrete3k::508_11.jpg,neutral,concrete3k,0.0011674245758153,-3.5491529,4.280132,8.080197
concrete3k::508_20.jpg,degraded,concrete3k,-0.0183499968268564,-2.8729224,2.4262657,6.3976207
concrete3k::508_46.jpg,degraded,concrete3k,-0.0683735512648248,-2.909075,3.8639174,7.8591957
concrete3k::508_47.jpg,degraded,concrete3k,-0.0398497921647188,-2.920012,1.7960613,6.6003757
concrete3k::508_8.jpg,degraded,concrete3k,-0.1581406493350905,-3.6005533,2.4034297,7.736026
concrete3k::508_9.jpg,improved,concrete3k,0.0142029239158669,-3.2297673,1.4683982,6.8474474
concrete3k::509_17.jpg,degraded,concrete3k,-0.015912061622421,-3.2723475,2.4010208,7.821646
concrete3k::509_19.jpg,degraded,concrete3k,-0.0131387429910114,-3.4671633,3.7017338,7.8099136
concrete3k::509_21.jpg,degraded,concrete3k,-0.0532220244653501,-3.4882684,4.320114,8.028059
concrete3k::509_27.jpg,degraded,concrete3k,-0.0105861796729974,-3.6970584,2.9281363,7.8886304
concrete3k::509_28.jpg,degraded,concrete3k,-0.0491934807351347,-3.6332912,2.4531715,7.7587953
concrete3k::509_29.jpg,degraded,concrete3k,-0.0152794204863706,-2.905629,0.95513374,6.7371244
concrete3k::509_9.jpg,degraded,concrete3k,-0.0141583054626532,-3.0187707,2.6961925,7.7297387
concrete3k::510_1.jpg,neutral,concrete3k,0.0,-3.2832596,4.4660983,8.188392
concrete3k::510_11.jpg,neutral,concrete3k,-0.0042477602718566,-3.1648917,1.0940077,7.0345902
concrete3k::510_12.jpg,neutral,concrete3k,-0.0096200147632831,-3.0597718,1.0385058,6.859919
concrete3k::510_13.jpg,degraded,concrete3k,-0.0113088891521541,-3.3308342,3.6347203,8.084639
concrete3k::510_21.jpg,improved,concrete3k,0.0189783532362363,-2.9797807,1.0255246,6.8921485
concrete3k::510_31.jpg,neutral,concrete3k,-0.0089076143724049,-2.615489,2.7072997,7.7240925
concrete3k::510_9.jpg,degraded,concrete3k,-0.0198473282442748,-3.3939621,1.5831414,7.481413
concrete3k::511_1.jpg,degraded,concrete3k,-0.0496041411210487,-3.1722176,3.7832835,7.807058
concrete3k::511_17.jpg,degraded,concrete3k,-0.0128317668540705,-3.578232,2.9802108,8.51666
concrete3k::511_19.jpg,neutral,concrete3k,0.0023829381627545,-3.1172614,1.4742104,7.707418
concrete3k::511_27.jpg,neutral,concrete3k,-0.0099380302748811,-3.519734,2.6630905,8.393166
concrete3k::511_37.jpg,degraded,concrete3k,-0.013919464982009,-3.3026316,1.3641232,7.297687
concrete3k::511_38.jpg,degraded,concrete3k,-0.0225069594604407,-3.1005712,1.0406559,6.846839
concrete3k::511_39.jpg,neutral,concrete3k,-0.0051247441002452,-2.8794775,2.5008965,7.235125
concrete3k::511_8.jpg,degraded,concrete3k,-0.0243852139462247,-3.0668223,3.6429424,8.270666
concrete3k::512_17.jpg,improved,concrete3k,0.0548489132398269,-3.264123,1.3366487,7.688172
concrete3k::512_18.jpg,improved,concrete3k,0.0244516889946805,-3.2048907,1.1572005,7.4995017
concrete3k::512_19.jpg,neutral,concrete3k,0.0001093228837801,-3.1687596,1.2287642,7.5618873
concrete3k::512_27.jpg,neutral,concrete3k,0.0021743626426897,-3.2519195,1.4329237,7.8289113
concrete3k::512_29.jpg,neutral,concrete3k,0.0042675567163464,-3.1553097,1.3038844,7.463642
concrete3k::512_30.jpg,neutral,concrete3k,0.0,-3.319708,3.7494745,8.649985
concrete3k::512_31.jpg,degraded,concrete3k,-0.0222584517795716,-2.6286802,2.7347128,7.7733936
concrete3k::512_37.jpg,improved,concrete3k,0.019835136527563,-3.6114483,3.0302894,8.557671
concrete3k::513_16.jpg,neutral,concrete3k,-0.0077805708922591,-2.7466197,1.56509,6.090434
concrete3k::513_17.jpg,neutral,concrete3k,0.0,-2.5898926,2.8344936,6.489413
concrete3k::513_19.jpg,degraded,concrete3k,-0.0747456208150181,-3.3966367,4.3037314,7.5476108
concrete3k::513_22.jpg,neutral,concrete3k,-0.0052967532038891,-2.7835646,1.5976619,5.994016
concrete3k::513_23.jpg,neutral,concrete3k,-0.0037217103647437,-3.0848112,2.7217867,6.588027
concrete3k::513_26.jpg,neutral,concrete3k,-0.0096141860115118,-3.0056422,0.7874512,6.4425077
concrete3k::513_27.jpg,neutral,concrete3k,0.0090646214402566,-2.9366198,0.7971053,6.555579
concrete3k::514_16.jpg,degraded,concrete3k,-0.0116392740299092,-2.958683,0.8304316,6.7716193
concrete3k::514_18.jpg,neutral,concrete3k,-0.0047949049055009,-3.3149068,1.2722803,7.3705006
concrete3k::514_19.jpg,degraded,concrete3k,-0.0135286961727072,-2.9801447,0.8071068,6.779892
concrete3k::514_21.jpg,improved,concrete3k,0.0108217364184807,-3.281283,1.2601616,7.2734833
concrete3k::514_23.jpg,improved,concrete3k,0.0244420155944815,-2.9837625,1.7885424,6.433025
concrete3k::515_13.jpg,improved,concrete3k,0.0121679980190156,-3.0114045,0.88104856,6.798379
concrete3k::515_14.jpg,neutral,concrete3k,-0.0011976355850626,-3.059499,0.8873264,6.605684
concrete3k::515_15.jpg,improved,concrete3k,0.0169180051904327,-3.6572547,3.4871879,8.4014845
concrete3k::515_20.jpg,degraded,concrete3k,-0.0247822412916626,-3.0337555,1.0857978,7.1636243
concrete3k::515_33.jpg,neutral,concrete3k,-0.0049481684142773,-3.2431908,3.8933766,8.486485
concrete3k::515_40.jpg,degraded,concrete3k,-0.0550107503003017,-2.99883,4.077869,8.389564
concrete3k::515_41.jpg,degraded,concrete3k,-0.0111900281205212,-2.7118042,1.3662318,6.4615936
concrete3k::515_6.jpg,neutral,concrete3k,0.0,-3.6279476,3.878456,8.45635
concrete3k::516_10.jpg,degraded,concrete3k,-0.0208305965878248,-3.0443072,1.9651178,7.3289456
concrete3k::516_14.jpg,neutral,concrete3k,0.0,-3.1133907,4.1943064,8.3724165
concrete3k::516_22.jpg,degraded,concrete3k,-0.016171160523291,-3.06139,1.2806946,6.8074565
concrete3k::516_24.jpg,neutral,concrete3k,-0.0035513144483529,-3.4117806,1.6287799,7.2288365
concrete3k::516_29.jpg,neutral,concrete3k,0.0027757920320138,-3.1238585,2.1816695,7.4619308
concrete3k::516_33.jpg,neutral,concrete3k,0.0078469455598192,-3.0052056,2.5069132,6.9022775
concrete3k::516_34.jpg,neutral,concrete3k,-0.0097780002647422,-3.0589652,2.5774581,6.639096
concrete3k::516_35.jpg,improved,concrete3k,0.0175924796432792,-2.8057466,1.5898529,6.77709
concrete3k::516_36.jpg,neutral,concrete3k,0.0064939814925392,-3.5697336,2.5118098,7.8073654
concrete3k::516_40.jpg,neutral,concrete3k,0.0079865414330695,-3.1023319,2.640337,7.160226
concrete3k::517_15.jpg,neutral,concrete3k,0.0013325207687701,-2.6847806,1.9193919,7.5688353
concrete3k::517_21.jpg,neutral,concrete3k,-0.0020669521078028,-2.8623674,1.7775459,7.5390377
concrete3k::517_27.jpg,neutral,concrete3k,0.0063772886237399,-3.311053,3.023296,8.120108
concrete3k::517_3.jpg,degraded,concrete3k,-0.0365649992299783,-2.6198025,1.5448099,6.5912337
concrete3k::517_31.jpg,improved,concrete3k,0.0381756172233088,-3.6331046,3.7871382,8.3029375
concrete3k::517_32.jpg,neutral,concrete3k,-0.0081602089848882,-2.5312765,1.8384142,7.254619
concrete3k::517_37.jpg,degraded,concrete3k,-0.0524138275845346,-2.511789,1.8348032,7.0917816
concrete3k::517_9.jpg,neutral,concrete3k,-0.0096007493267766,-2.6155858,2.0368946,7.521657
concrete3k::518_20.jpg,improved,concrete3k,0.0426633207614943,-3.3331146,1.3792552,7.2360587
concrete3k::518_21.jpg,improved,concrete3k,0.0412975006757067,-3.1133878,1.1102321,6.946429
concrete3k::518_22.jpg,improved,concrete3k,0.0115194529475659,-3.2017434,1.2307353,6.918211
concrete3k::518_23.jpg,improved,concrete3k,0.0107373732487294,-3.5745118,1.7805141,7.2723465
concrete3k::518_26.jpg,degraded,concrete3k,-0.0113014597555182,-3.0224216,1.1817421,5.819486
concrete3k::520_27.jpg,neutral,concrete3k,0.0087254361544217,-3.2737465,1.4130931,7.2319064
concrete3k::520_29.jpg,degraded,concrete3k,-0.0280014772450164,-3.2422285,2.5152476,7.8717823
concrete3k::520_31.jpg,neutral,concrete3k,0.0018267181248294,-3.2042687,1.1722105,7.291587
concrete3k::520_37.jpg,degraded,concrete3k,-0.0231503273136424,-3.6854162,3.156305,8.557908
concrete3k::520_38.jpg,improved,concrete3k,0.2479967948717948,-3.5711815,3.687434,8.588679
concrete3k::521_16.jpg,improved,concrete3k,0.0148843651763302,-2.850651,1.7671144,6.431632
concrete3k::521_17.jpg,neutral,concrete3k,-0.0007370737260488,-2.9649067,1.8858004,6.452446
concrete3k::521_27.jpg,neutral,concrete3k,-0.004090909090909,-2.839968,2.5019915,6.8582397
concrete3k::521_37.jpg,degraded,concrete3k,-0.0207808373683016,-2.9577801,2.459243,6.899538
concrete3k::521_38.jpg,degraded,concrete3k,-0.0124375790451088,-2.8879304,1.6749566,7.0835457
concrete3k::521_44.jpg,improved,concrete3k,0.197565438253454,-2.7883713,2.1632571,6.058632
concrete3k::521_45.jpg,improved,concrete3k,0.0178525312792199,-2.743686,3.3698804,8.084042
concrete3k::522_16.jpg,degraded,concrete3k,-0.0204206072672971,-3.4283986,4.5405326,7.7718077
concrete3k::522_18.jpg,degraded,concrete3k,-0.0498974709501024,-3.5939777,3.8455093,7.9836106
concrete3k::522_24.jpg,neutral,concrete3k,-0.0090332005631958,-3.5140102,2.2717614,7.5126977
concrete3k::522_25.jpg,improved,concrete3k,0.4112554112554112,-3.6622846,4.08268,8.234196
concrete3k::522_28.jpg,degraded,concrete3k,-0.0223731019654688,-2.9131672,0.96042794,6.1712947
concrete3k::522_30.jpg,improved,concrete3k,0.0132892945629513,-2.9701455,1.906462,6.5739884
concrete3k::523_18.jpg,neutral,concrete3k,-0.0032596348550449,-3.377181,4.0066595,7.4299774
concrete3k::523_20.jpg,degraded,concrete3k,-0.0227813945736529,-3.0301893,2.4614706,6.4996176
concrete3k::523_21.jpg,neutral,concrete3k,-0.004576155385623,-2.9282289,2.4632115,6.8920403
concrete3k::523_22.jpg,degraded,concrete3k,-0.0212969443861164,-3.1043715,1.9436177,6.272318
concrete3k::523_25.jpg,degraded,concrete3k,-0.0551589356427935,-2.8962898,1.3152461,5.9127154
concrete3k::523_26.jpg,degraded,concrete3k,-0.0240300831591446,-3.1380773,2.5426035,6.975527
concrete3k::523_27.jpg,improved,concrete3k,0.3355704697986577,-3.4151652,4.3786983,7.7915616
concrete3k::523_28.jpg,degraded,concrete3k,-0.0206475291121304,-3.764089,3.4499123,8.099041
concrete3k::525_26.jpg,neutral,concrete3k,-0.0018888511115401,-2.4151204,2.2707798,6.012657
concrete3k::525_32.jpg,improved,concrete3k,0.0106625258799172,-2.4098094,2.2916815,5.9925904
concrete3k::525_37.jpg,neutral,concrete3k,-0.0087776116147312,-2.5194504,1.6828861,5.8440027
concrete3k::526_14.jpg,neutral,concrete3k,-0.0095843842502604,-2.9115727,1.4728734,5.492439
concrete3k::526_16.jpg,neutral,concrete3k,0.0025903492485184,-3.0490437,3.252869,6.6595664
concrete3k::526_17.jpg,neutral,concrete3k,-0.001769479684202,-2.8685956,3.7851691,8.08902
concrete3k::526_2.jpg,improved,concrete3k,0.0839150145420857,-3.0942569,4.222212,7.909023
concrete3k::526_21.jpg,improved,concrete3k,0.124238321861187,-2.7786956,2.4764106,5.592819
concrete3k::526_32.jpg,neutral,concrete3k,0.0003250476167064,-2.9642613,2.8196845,7.541574
concrete3k::526_33.jpg,improved,concrete3k,0.0580837046041752,-2.474631,3.4206495,6.70458
concrete3k::526_45.jpg,degraded,concrete3k,-0.1557232823646485,-2.2632737,3.434317,6.4939756
concrete3k::527_15.jpg,degraded,concrete3k,-0.0427658810063577,-2.4891467,1.3963615,6.5557456
concrete3k::527_20.jpg,degraded,concrete3k,-0.0237857415454689,-3.325135,4.0729976,7.5287247
concrete3k::527_26.jpg,improved,concrete3k,0.0136731713792645,-3.0085294,2.3099592,7.473001
concrete3k::527_27.jpg,neutral,concrete3k,0.0047961630695443,-2.7583888,2.7832341,7.583003
concrete3k::527_45.jpg,degraded,concrete3k,-0.0114203949521345,-2.7866988,2.988711,7.616793
concrete3k::527_8.jpg,neutral,concrete3k,-0.003038622547654,-3.1615026,2.704757,7.234791
concrete3k::528_20.jpg,improved,concrete3k,0.0763732129420616,-3.4568107,3.915368,7.6334205
concrete3k::528_21.jpg,degraded,concrete3k,-0.0125880781784419,-3.0949297,2.8211515,8.01232
concrete3k::528_27.jpg,degraded,concrete3k,-0.0224825630522893,-2.6097007,1.1304096,6.935619
concrete3k::528_33.jpg,degraded,concrete3k,-0.0212202132411489,-2.3780067,1.5366889,7.2756243
concrete3k::528_34.jpg,improved,concrete3k,0.0801771832527589,-2.9262433,2.509624,7.6019197
concrete3k::528_39.jpg,degraded,concrete3k,-0.0149138477706743,-2.4951682,1.2766222,6.2135777
concrete3k::528_45.jpg,neutral,concrete3k,-0.006946670941541,-2.444869,2.2699347,7.047195
concrete3k::528_8.jpg,neutral,concrete3k,0.0020249397475776,-2.6154175,2.8066597,7.6201735
concrete3k::529_15.jpg,neutral,concrete3k,0.0010707178977337,-2.536329,1.4086947,7.2161674
concrete3k::529_2.jpg,degraded,concrete3k,-0.0333356361613488,-2.9737325,2.1797423,7.453118
concrete3k::529_27.jpg,degraded,concrete3k,-0.0169664831080917,-2.5298698,1.62403,7.361842
concrete3k::529_3.jpg,degraded,concrete3k,-0.0240322361650863,-2.9896,2.9282987,7.920035
concrete3k::529_38.jpg,neutral,concrete3k,-0.0078793329461623,-3.0880916,2.3305626,7.5217724
concrete3k::529_39.jpg,neutral,concrete3k,-0.0008072544827134,-2.9718835,2.783103,7.908348
concrete3k::529_44.jpg,degraded,concrete3k,-0.0160724166172711,-2.6316829,1.1688583,6.345306
concrete3k::529_8.jpg,neutral,concrete3k,0.0066446032350554,-3.0207965,2.2404277,7.536911
concrete3k::529_9.jpg,improved,concrete3k,0.0194489116741075,-2.9343054,2.6842315,7.7925673
concrete3k::530_15.jpg,neutral,concrete3k,-0.0031257828742903,-2.5359228,1.2827765,6.9770994
concrete3k::530_3.jpg,degraded,concrete3k,-0.0115426150721047,-2.4834206,1.5647125,6.6331863
concrete3k::530_38.jpg,degraded,concrete3k,-0.0917843388960205,-3.5721617,4.2108283,8.287375
concrete3k::530_39.jpg,degraded,concrete3k,-0.0526797968159779,-2.4996128,1.2201647,6.6573753
concrete3k::532_11.jpg,degraded,concrete3k,-0.0543011565998834,-2.6372592,1.2798095,6.0353203
concrete3k::532_16.jpg,degraded,concrete3k,-0.0304444016044389,-2.6669574,1.033158,5.99171
concrete3k::532_17.jpg,neutral,concrete3k,-0.006825778091562,-2.8206804,3.5685563,8.283499
concrete3k::532_21.jpg,neutral,concrete3k,0.0080574232928181,-2.6502273,1.7182554,6.9416304
concrete3k::532_22.jpg,improved,concrete3k,0.0156213017751479,-3.46644,3.3802085,8.2770605
concrete3k::532_26.jpg,degraded,concrete3k,-0.0101301297292968,-3.326816,3.8331435,7.7595444
concrete3k::532_27.jpg,degraded,concrete3k,-0.0192059455959852,-2.6870403,2.686658,7.455176
concrete3k::532_31.jpg,neutral,concrete3k,0.0,-3.491585,4.3039756,7.2580214
concrete3k::532_44.jpg,neutral,concrete3k,0.0037023896595272,-2.5321593,1.6541317,7.1434226
concrete3k::533_10.jpg,improved,concrete3k,0.0183292514671866,-2.7206457,1.6643916,7.6901784
concrete3k::533_15.jpg,neutral,concrete3k,-0.0020511439171461,-2.8520057,2.1159863,7.4710627
concrete3k::533_18.jpg,improved,concrete3k,0.0224179348776107,-3.4464734,4.0734115,7.58861
concrete3k::533_25.jpg,neutral,concrete3k,0.0031023906721495,-3.2579024,2.6672843,7.7941656
concrete3k::533_26.jpg,neutral,concrete3k,0.0097544861938587,-2.4143782,1.9839422,7.064194
concrete3k::533_43.jpg,degraded,concrete3k,-0.0192820734163686,-2.5669572,1.8599824,6.862806
concrete3k::533_9.jpg,degraded,concrete3k,-0.0849898499629487,-2.9708483,3.4101264,8.155573
concrete3k::534_15.jpg,improved,concrete3k,0.0149671505634743,-2.4893303,1.6989056,7.016068
concrete3k::534_21.jpg,neutral,concrete3k,0.001761550846936,-2.4306467,2.2873924,6.8163004
concrete3k::534_26.jpg,improved,concrete3k,0.0518666390476839,-3.335204,2.9111333,7.8566427
concrete3k::534_27.jpg,neutral,concrete3k,0.0032679030166242,-2.4276857,2.11957,6.9478726
concrete3k::534_33.jpg,neutral,concrete3k,-0.0041562969717615,-2.5083616,1.3876468,6.5472956
concrete3k::534_38.jpg,neutral,concrete3k,0.0,-3.496046,4.4665937,8.076562
concrete3k::534_39.jpg,degraded,concrete3k,-0.0440341583923227,-2.537045,2.6668267,6.703615
concrete3k::534_44.jpg,improved,concrete3k,0.0645381437214106,-3.522426,4.3291917,7.3629627
concrete3k::534_45.jpg,neutral,concrete3k,-0.0095329129928518,-2.7355542,2.957707,7.4373007
concrete3k::534_5.jpg,neutral,concrete3k,-0.0081342055795163,-2.8045552,3.7316444,8.014802
concrete3k::535_18.jpg,improved,concrete3k,0.0171661071580343,-3.4245756,4.357749,7.268212
concrete3k::535_19.jpg,degraded,concrete3k,-0.053809837552084,-3.0512323,2.9234347,6.3050733
concrete3k::535_21.jpg,degraded,concrete3k,-0.0159833482086907,-2.5367525,2.4539797,6.2248096
concrete3k::535_23.jpg,degraded,concrete3k,-0.0817421899580085,-2.6800573,2.4690733,6.116266
concrete3k::535_45.jpg,degraded,concrete3k,-0.625,-3.1844327,4.7412663,7.6217284
concrete3k::535_46.jpg,degraded,concrete3k,-0.0373127147403652,-2.9624605,3.2065344,6.296981
concrete3k::535_47.jpg,degraded,concrete3k,-0.0115916998265807,-2.9013345,2.7697203,6.441292
concrete3k::536_14.jpg,neutral,concrete3k,0.0062834965810386,-3.2055013,2.6559992,7.8705144
concrete3k::536_15.jpg,improved,concrete3k,0.0157511423237316,-3.2704368,3.4949265,7.4492445
concrete3k::536_27.jpg,degraded,concrete3k,-0.0441587093243881,-2.4662087,1.4537532,6.8384295
concrete3k::536_3.jpg,degraded,concrete3k,-0.0232123749919738,-2.5414917,2.4844224,6.7472243
concrete3k::536_9.jpg,neutral,concrete3k,0.0,-3.472812,4.501399,8.075792
concrete3k::537_15.jpg,neutral,concrete3k,-0.0072920934043424,-2.5394003,2.373161,6.2669935
concrete3k::537_20.jpg,degraded,concrete3k,-0.0141206705795329,-2.9794815,2.393708,7.537509
concrete3k::537_26.jpg,degraded,concrete3k,-0.0155699118349497,-2.765518,2.0257277,7.4765615
concrete3k::537_39.jpg,degraded,concrete3k,-0.0235573876099228,-2.3169925,1.9885114,6.366528
concrete3k::537_4.jpg,degraded,concrete3k,-0.032934105810893,-2.5174167,2.35432,5.7970576
concrete3k::537_9.jpg,degraded,concrete3k,-0.0531808522681761,-3.1503766,3.533149,7.171515
concrete3k::540_19.jpg,improved,concrete3k,0.0204503156489241,-2.8437955,3.3823597,6.4720087
concrete3k::540_20.jpg,neutral,concrete3k,0.005800925819285,-2.683051,1.6372125,5.981521
concrete3k::540_25.jpg,degraded,concrete3k,-0.0240371226638581,-2.4505515,1.8210655,6.0385575
concrete3k::540_30.jpg,neutral,concrete3k,-0.0070760934486752,-2.719904,2.28776,6.408605
concrete3k::541_11.jpg,degraded,concrete3k,-0.0177274903236582,-2.5949779,1.9636873,7.25049
concrete3k::541_17.jpg,neutral,concrete3k,-0.0065727858485995,-2.781248,3.4964557,8.353226
concrete3k::541_22.jpg,degraded,concrete3k,-0.0180748213535099,-3.6193244,3.6981773,8.271035
concrete3k::541_27.jpg,neutral,concrete3k,-0.0028501306309872,-3.1680517,1.8062333,7.198612
concrete3k::541_32.jpg,degraded,concrete3k,-0.0699581101111589,-2.544858,1.4567587,6.357326
concrete3k::541_37.jpg,neutral,concrete3k,-0.0060117131824791,-3.023862,1.8314587,6.9001656
concrete3k::541_38.jpg,improved,concrete3k,0.2610881894104676,-3.2886293,4.381019,8.242821
concrete3k::541_39.jpg,neutral,concrete3k,0.0,-3.4496968,4.4862227,8.127035
concrete3k::542_11.jpg,degraded,concrete3k,-0.0343277031053896,-2.6851923,3.4056659,7.9702644
concrete3k::542_16.jpg,neutral,concrete3k,-0.0069162674672729,-3.3594625,3.766932,8.048442
concrete3k::542_20.jpg,degraded,concrete3k,-0.0115377340646869,-3.250122,3.768876,7.4111133
concrete3k::542_27.jpg,degraded,concrete3k,-0.0546021840873635,-3.6819115,3.9249918,8.315181
concrete3k::542_30.jpg,degraded,concrete3k,-0.0171838578811113,-3.0536036,3.5972455,6.9625244
concrete3k::542_31.jpg,neutral,concrete3k,0.006575369622491,-2.9571414,3.2533925,7.689996
concrete3k::542_36.jpg,degraded,concrete3k,-0.0143255114166088,-2.717695,2.4852445,6.8744407
concrete3k::543_15.jpg,neutral,concrete3k,0.0062574471635713,-2.6181417,1.7509022,6.7343264
concrete3k::543_21.jpg,improved,concrete3k,0.0124728238879725,-2.5975487,2.724857,7.332583
concrete3k::543_3.jpg,degraded,concrete3k,-0.0350169598392149,-2.728573,3.453261,7.8785067
concrete3k::543_31.jpg,degraded,concrete3k,-0.0457951706910907,-3.2782216,4.600645,7.623556
concrete3k::543_37.jpg,degraded,concrete3k,-0.0123919058513324,-2.494959,2.3306646,6.2311945
concrete3k::543_43.jpg,degraded,concrete3k,-0.0231501998609662,-3.4359598,4.3206477,7.822698
concrete3k::544_16.jpg,neutral,concrete3k,-0.0090851114769551,-2.667357,1.0019479,6.147226
concrete3k::544_21.jpg,improved,concrete3k,0.0368586036042226,-2.9492567,1.8357728,6.8602843
concrete3k::544_22.jpg,degraded,concrete3k,-0.0161017736230035,-3.1290157,2.7593772,7.427506
concrete3k::544_32.jpg,neutral,concrete3k,0.0038511609730663,-2.8371744,1.6711755,7.6089344
concrete3k::544_33.jpg,degraded,concrete3k,-0.0160477505341932,-3.5810175,3.54523,8.302651
concrete3k::544_37.jpg,neutral,concrete3k,0.0064186617406358,-3.3759196,3.137321,7.9069824
concrete3k::546_17.jpg,degraded,concrete3k,-0.0550922552723183,-3.180951,3.93182,7.0212393
concrete3k::546_19.jpg,degraded,concrete3k,-0.050733838489209,-2.8377507,3.0202253,6.3743687
concrete3k::546_20.jpg,neutral,concrete3k,0.0052862490101741,-2.81223,2.4942653,6.910882
concrete3k::546_21.jpg,degraded,concrete3k,-0.0161127895266868,-2.8351638,2.7089126,6.4269657
concrete3k::546_23.jpg,degraded,concrete3k,-0.0294703197622878,-2.760376,2.5622926,6.6702447
concrete3k::546_25.jpg,degraded,concrete3k,-0.0324211033460384,-2.55609,3.0473769,6.7567024
concrete3k::546_30.jpg,degraded,concrete3k,-0.0277270003310087,-2.7386744,2.8898153,7.197097
concrete3k::547_11.jpg,degraded,concrete3k,-0.0173613349877657,-3.198473,2.037927,7.3416486
concrete3k::547_16.jpg,degraded,concrete3k,-0.0201337162563306,-2.9392054,1.4846205,7.0141106
concrete3k::547_20.jpg,improved,concrete3k,0.0306970431675038,-3.7599356,3.829865,8.294063
concrete3k::547_21.jpg,neutral,concrete3k,-0.0099701392558338,-3.1560848,0.9817736,6.8239236
concrete3k::547_25.jpg,neutral,concrete3k,0.003480929100633,-3.1264002,0.873824,6.5925074
concrete3k::547_30.jpg,improved,concrete3k,0.1186479427578499,-3.52311,2.6708775,7.7147274
concrete3k::547_31.jpg,neutral,concrete3k,-0.0071677820071246,-3.2021997,1.8589092,7.2909503
concrete3k::548_10.jpg,degraded,concrete3k,-0.0152524457314622,-3.1464405,3.5173957,7.3092127
concrete3k::548_11.jpg,degraded,concrete3k,-0.0109119104432412,-2.830642,1.1988704,5.1115775
concrete3k::548_16.jpg,improved,concrete3k,0.0130233045362725,-2.6361578,1.1075245,6.115936
concrete3k::548_20.jpg,neutral,concrete3k,-0.0071939657031698,-3.6708925,3.4749608,8.085959
concrete3k::548_21.jpg,degraded,concrete3k,-0.0115418962534995,-3.1745648,1.0672313,6.890873
concrete3k::548_22.jpg,improved,concrete3k,0.0671962172216054,-3.7672224,3.1172495,8.234625
concrete3k::548_26.jpg,degraded,concrete3k,-0.0223364308163072,-3.0851936,0.92001295,6.653001
concrete3k::548_37.jpg,neutral,concrete3k,0.0,-3.6506925,3.8586519,8.219999
concrete3k::548_42.jpg,improved,concrete3k,0.116451911349729,-3.028669,1.9101257,6.9882827
concrete3k::549_10.jpg,degraded,concrete3k,-0.0128711173912817,-3.2183645,1.7799624,7.526823
concrete3k::549_11.jpg,neutral,concrete3k,0.0014094876950788,-3.0868075,0.92856723,6.186194
concrete3k::549_14.jpg,degraded,concrete3k,-0.0122353855117498,-3.649327,3.1759183,8.223274
concrete3k::549_15.jpg,neutral,concrete3k,-0.0032191050055057,-3.2128088,1.0492088,6.966633
concrete3k::549_16.jpg,neutral,concrete3k,-0.0027808208888951,-2.7591877,0.87859064,6.243567
concrete3k::549_21.jpg,neutral,concrete3k,-0.0012529412054401,-3.0946848,1.2827247,7.33192
concrete3k::549_25.jpg,neutral,concrete3k,-0.0090485902736363,-2.707879,1.6485467,7.021435
concrete3k::549_42.jpg,degraded,concrete3k,-0.0119660469106002,-2.7672024,2.3300931,7.2486243
concrete3k::550_10.jpg,neutral,concrete3k,-0.0043241237582565,-3.1021984,2.8213453,7.443812
concrete3k::550_15.jpg,improved,concrete3k,0.1029044736615434,-3.0513663,1.6260765,7.6319175
concrete3k::550_16.jpg,degraded,concrete3k,-0.0967496118331781,-3.188026,2.9173203,7.3986974
concrete3k::550_21.jpg,degraded,concrete3k,-0.0644953931862009,-2.936482,1.4336269,7.504724
concrete3k::550_3.jpg,degraded,concrete3k,-0.0416875312969453,-2.7746665,1.7037264,7.121158
concrete3k::550_34.jpg,improved,concrete3k,0.09402460456942,-3.5435262,4.0513287,7.7550125
concrete3k::550_38.jpg,degraded,concrete3k,-0.0282188673036318,-2.5817301,1.6671606,7.293561
concrete3k::550_40.jpg,degraded,concrete3k,-0.0873810998266039,-3.5223925,2.8232076,8.023785
concrete3k::550_41.jpg,degraded,concrete3k,-0.095829790835725,-3.5501604,2.9966776,7.9970775
concrete3k::551_17.jpg,degraded,concrete3k,-0.0205407094766928,-2.6103704,1.0204424,6.4680343
concrete3k::551_20.jpg,neutral,concrete3k,0.007766990291262,-3.6118963,3.456591,7.913561
concrete3k::551_22.jpg,neutral,concrete3k,0.0051755458708327,-2.899134,0.8161705,6.3775306
concrete3k::551_32.jpg,degraded,concrete3k,-0.0183929400836043,-2.917418,1.8912467,7.7166924
concrete3k::551_37.jpg,degraded,concrete3k,-0.0294780324544898,-2.6411858,0.8256961,5.587564
concrete3k::551_42.jpg,neutral,concrete3k,-0.0087530341999145,-2.6706376,0.8208368,5.513112
concrete3k::551_43.jpg,neutral,concrete3k,0.0032945913791525,-3.7352538,3.5666108,8.015671
concrete3k::552_12.jpg,degraded,concrete3k,-0.0167406527059427,-2.8807821,3.3761036,8.262187
concrete3k::552_24.jpg,degraded,concrete3k,-0.0318695400939994,-3.2221901,1.8930687,6.9103613
concrete3k::552_25.jpg,neutral,concrete3k,0.0034446699883127,-3.236568,1.2695802,6.7065
concrete3k::552_27.jpg,neutral,concrete3k,-0.0067095638783478,-3.2499888,1.704477,7.554705
concrete3k::552_29.jpg,neutral,concrete3k,-0.0095440181593853,-3.5433524,2.5005794,7.8047023
concrete3k::552_30.jpg,neutral,concrete3k,-0.0035800334970191,-3.623179,2.382768,7.8043137
concrete3k::552_32.jpg,neutral,concrete3k,0.0060310247108974,-2.6586628,0.7387689,5.638441
concrete3k::552_33.jpg,neutral,concrete3k,0.0041120426357724,-3.5676467,2.449757,7.853179
concrete3k::552_34.jpg,improved,concrete3k,0.0241369818200677,-3.752565,3.049114,8.233351
concrete3k::552_35.jpg,neutral,concrete3k,0.0096269377640217,-3.2223742,0.97698265,6.4623613
concrete3k::552_36.jpg,degraded,concrete3k,-0.053432667893312,-3.057106,1.8607235,6.9923406
concrete3k::552_37.jpg,degraded,concrete3k,-0.036939430204841,-3.5185132,2.4376416,7.804495
concrete3k::552_38.jpg,neutral,concrete3k,0.0,-3.6094017,4.0500045,8.389611
concrete3k::553_12.jpg,improved,concrete3k,0.0368207623682076,-3.1786222,3.1764317,7.4189844
concrete3k::553_20.jpg,improved,concrete3k,0.0636919591798951,-3.2282324,1.6308765,6.53312
concrete3k::553_27.jpg,improved,concrete3k,0.1841432521365456,-3.0485506,0.82303655,6.3178854
concrete3k::553_47.jpg,neutral,concrete3k,-0.0006683839071938,-2.7858684,2.2093554,6.4762015
concrete3k::554_0.jpg,degraded,concrete3k,-0.0175815721255312,-2.802829,1.157311,5.3161473
concrete3k::554_18.jpg,improved,concrete3k,0.0669675053860576,-3.5451305,4.052849,8.146056
concrete3k::554_32.jpg,neutral,concrete3k,-0.0066400249715162,-3.6204715,2.4174693,7.6217837
concrete3k::554_33.jpg,degraded,concrete3k,-0.0177396214189845,-3.3986795,1.262293,6.0131936
concrete3k::554_40.jpg,degraded,concrete3k,-0.0128397701842245,-3.7378156,3.4137526,7.9023223
concrete3k::554_6.jpg,degraded,concrete3k,-0.1156462585034013,-2.936961,3.9253073,8.28663
concrete3k::554_7.jpg,neutral,concrete3k,0.0005023303310246,-2.5404491,2.5778463,7.6477113
concrete3k::555_13.jpg,improved,concrete3k,0.0155146928304517,-3.3017056,2.1636505,7.2818413
concrete3k::555_14.jpg,improved,concrete3k,0.0129147204888681,-2.8937826,1.0355017,5.4102473
concrete3k::555_15.jpg,degraded,concrete3k,-0.0390070921985815,-3.5250654,4.0705137,8.284255
concrete3k::555_21.jpg,degraded,concrete3k,-0.0244963487692323,-2.8809218,1.0852859,5.2919297
concrete3k::555_22.jpg,improved,concrete3k,0.2000566087287937,-2.9767818,3.8111813,8.185561
concrete3k::555_28.jpg,degraded,concrete3k,-0.0391907150010583,-3.0411272,3.2650852,7.8056827
concrete3k::555_33.jpg,degraded,concrete3k,-0.0199247847765012,-2.9266648,1.6751391,6.900044
concrete3k::555_38.jpg,improved,concrete3k,0.0405748836932227,-3.4806292,3.77822,7.6004586
concrete3k::555_39.jpg,improved,concrete3k,0.0191027882246956,-2.689824,1.6324495,5.9169993
concrete3k::555_46.jpg,degraded,concrete3k,-0.0285847703670495,-2.8201492,3.313344,7.075745
concrete3k::555_7.jpg,neutral,concrete3k,0.0067918061033169,-2.5224898,1.6878473,6.5502224
concrete3k::556_1.jpg,degraded,concrete3k,-0.0470178688818502,-2.854393,3.803588,8.404206
concrete3k::556_20.jpg,neutral,concrete3k,0.0086570189320932,-3.1840334,1.9632995,7.5212016
concrete3k::556_21.jpg,neutral,concrete3k,-0.0069058778478943,-3.2853959,3.1806517,8.167856
concrete3k::556_38.jpg,neutral,concrete3k,0.0,-3.660452,4.0200505,8.331967
concrete3k::556_39.jpg,neutral,concrete3k,0.0046134573724918,-2.671766,0.84268904,5.506273
concrete3k::556_8.jpg,neutral,concrete3k,-0.0031840665917866,-2.758222,1.1036855,6.633343
concrete3k::556_9.jpg,neutral,concrete3k,0.009393396954253,-3.0782595,3.5593088,8.593264
concrete3k::558_14.jpg,neutral,concrete3k,-0.0093283582089552,-3.6162946,3.8239026,8.288195
concrete3k::558_19.jpg,neutral,concrete3k,0.0084224008665026,-3.6735914,3.0920007,8.498969
concrete3k::558_26.jpg,neutral,concrete3k,0.0072474126977064,-2.8021982,1.0506089,6.673209
concrete3k::558_33.jpg,neutral,concrete3k,-0.0024184579867301,-2.6331441,0.7729426,5.5369787
concrete3k::558_45.jpg,neutral,concrete3k,-0.0024719272043367,-3.0115707,2.142654,7.417268
concrete3k::558_46.jpg,degraded,concrete3k,-0.0234176975237764,-3.3040533,3.540838,8.149427
concrete3k::558_7.jpg,degraded,concrete3k,-0.0471209503497086,-3.3912504,3.6526752,8.369119
concrete3k::559_3.jpg,degraded,concrete3k,-0.0254775010015903,-2.8306668,1.9419683,7.320617
concrete3k::559_39.jpg,degraded,concrete3k,-0.5742953020134227,-3.7053993,3.9378672,8.329854
concrete3k::559_44.jpg,degraded,concrete3k,-0.0241710054448587,-3.6692858,3.3285255,8.174206
concrete3k::559_45.jpg,neutral,concrete3k,-0.0066220603582693,-2.7669182,2.639164,6.925968
concrete3k::559_8.jpg,degraded,concrete3k,-0.020352673723719,-2.7405264,1.3233802,7.4350905
concrete3k::560_12.jpg,degraded,concrete3k,-0.0622208001170189,-3.2880855,3.6862535,7.2904
concrete3k::560_13.jpg,degraded,concrete3k,-0.1244650092606045,-3.3407238,2.355015,7.6791615
concrete3k::560_14.jpg,neutral,concrete3k,-0.008137719722803,-2.8666396,0.90951014,6.2781935
concrete3k::560_2.jpg,degraded,concrete3k,-0.0182137418091123,-2.7370036,1.7498931,7.54856
concrete3k::560_20.jpg,degraded,concrete3k,-0.0325441138239097,-3.3660042,2.7866411,8.0846195
concrete3k::560_43.jpg,neutral,concrete3k,0.0054735542463174,-2.6670928,1.0093017,6.417069
concrete3k::560_8.jpg,neutral,concrete3k,-0.0051462947367383,-2.7578816,1.4716125,7.325485
concrete3k::561_13.jpg,degraded,concrete3k,-0.0129834678741632,-2.809557,1.5545963,7.3814306
concrete3k::561_36.jpg,improved,concrete3k,0.1983767072578863,-3.4306948,4.065918,7.4648294
concrete3k::561_37.jpg,degraded,concrete3k,-0.1111699142214586,-2.7114823,1.1499475,6.5937023
concrete3k::561_42.jpg,degraded,concrete3k,-0.2103661113984049,-3.1454234,2.8462508,7.394922
concrete3k::561_43.jpg,degraded,concrete3k,-0.032908030714162,-2.8729696,2.2251785,7.383906
concrete3k::561_8.jpg,degraded,concrete3k,-0.0766957231056858,-2.6361222,0.7581862,5.6596427
concrete3k::561_9.jpg,degraded,concrete3k,-0.0772833024745477,-2.7319846,2.8139944,8.084121
concrete3k::562_0.jpg,degraded,concrete3k,-0.0395820250235802,-3.049341,3.81655,7.5233793
concrete3k::562_20.jpg,neutral,concrete3k,0.0076940476834161,-2.8868144,1.2949371,7.485801
concrete3k::562_26.jpg,neutral,concrete3k,-0.0029882651509304,-2.615603,0.6962256,6.1630797
concrete3k::562_28.jpg,neutral,concrete3k,0.0,-3.5309823,3.4806473,8.711715
concrete3k::562_32.jpg,neutral,concrete3k,0.0024273288244275,-2.6356897,0.7709125,5.719194
concrete3k::562_33.jpg,improved,concrete3k,0.031115779228317,-3.292729,2.9435947,8.045121
concrete3k::562_39.jpg,neutral,concrete3k,-0.0034044685314315,-3.4172618,3.2723305,8.3472805
concrete3k::562_45.jpg,degraded,concrete3k,-0.1010327525409099,-2.7782006,1.3037399,7.3726835
concrete3k::562_46.jpg,improved,concrete3k,0.1292851592851592,-3.0459058,2.987381,8.087605
concrete3k::562_47.jpg,degraded,concrete3k,-0.0641611564487432,-2.677824,2.729576,7.930081
concrete3k::562_7.jpg,neutral,concrete3k,-0.0055748922713501,-2.5732837,0.98679686,6.1827006
concrete3k::563_15.jpg,neutral,concrete3k,0.0062691633501987,-3.6087058,2.4897757,7.902
concrete3k::563_19.jpg,degraded,concrete3k,-0.0618714819991689,-3.7314634,3.7419307,8.290977
concrete3k::563_20.jpg,degraded,concrete3k,-0.0441806312586209,-2.7360795,0.9425935,6.2976313
concrete3k::563_31.jpg,improved,concrete3k,0.0423651347309427,-2.6509366,1.5054029,6.9825554
concrete3k::563_37.jpg,degraded,concrete3k,-0.0294109992286489,-2.9195013,2.1578982,7.4786377
concrete3k::563_9.jpg,degraded,concrete3k,-0.0526282918070706,-2.6575332,0.79149115,5.5544925
concrete3k::564_27.jpg,neutral,concrete3k,-0.0024450708051754,-2.6157906,1.2005653,7.170419
concrete3k::564_3.jpg,degraded,concrete3k,-0.0122596641345501,-2.54097,1.272851,6.981578
concrete3k::564_33.jpg,neutral,concrete3k,-0.0010163480667762,-2.6940875,1.3376791,7.429731
concrete3k::564_38.jpg,neutral,concrete3k,-0.0094819621553843,-2.640558,0.96489483,6.4298673
concrete3k::564_43.jpg,degraded,concrete3k,-0.0306816775949524,-3.1979096,2.8420782,7.850249
concrete3k::564_8.jpg,degraded,concrete3k,-0.1179482382902751,-2.6706774,2.8406124,6.5081143
concrete3k::564_9.jpg,neutral,concrete3k,-0.0021140831742221,-2.5144908,1.3069879,6.9212337
concrete3k::565_21.jpg,degraded,concrete3k,-0.0695592006186657,-2.3981342,1.5484594,6.271668
concrete3k::565_27.jpg,improved,concrete3k,0.0201134975935637,-2.8112934,1.9619119,7.675019
concrete3k::565_3.jpg,neutral,concrete3k,0.0,-3.1750727,3.6073306,8.647692
concrete3k::565_36.jpg,degraded,concrete3k,-0.0218004159693521,-3.3295033,2.991503,7.8416667
concrete3k::565_4.jpg,improved,concrete3k,0.0171842243738794,-2.789916,3.320526,8.291647
concrete3k::565_8.jpg,neutral,concrete3k,-0.0058554545691867,-2.8268132,1.3672915,7.100236
concrete3k::565_9.jpg,neutral,concrete3k,-0.0023980815347721,-3.4904418,3.5190268,8.636763
concrete3k::566_15.jpg,neutral,concrete3k,0.0,-3.5236979,3.530306,8.685298
concrete3k::566_2.jpg,degraded,concrete3k,-0.0213173026457622,-2.9121745,1.9575869,7.6751947
concrete3k::566_20.jpg,degraded,concrete3k,-0.0195203175253181,-2.6647234,1.2611983,7.252282
concrete3k::566_38.jpg,neutral,concrete3k,-0.0072622132926791,-2.5340579,1.4942527,7.045749
concrete3k::566_8.jpg,degraded,concrete3k,-0.0186635581920645,-2.7998345,1.5474721,7.303396
concrete3k::567_14.jpg,degraded,concrete3k,-0.4201624891934399,-3.461153,3.0901515,7.5932846
concrete3k::567_2.jpg,neutral,concrete3k,-0.0054411214029669,-2.7754037,1.5927042,7.104101
concrete3k::567_31.jpg,degraded,concrete3k,-0.0106053321495692,-3.4643846,3.168984,7.914589
concrete3k::567_32.jpg,degraded,concrete3k,-0.0212218311708778,-2.826617,1.6963702,7.7907505
concrete3k::567_37.jpg,improved,concrete3k,0.0819789364191913,-2.6702077,1.0192482,6.4416265
concrete3k::567_38.jpg,degraded,concrete3k,-0.0211837431860321,-3.7108996,3.2578623,8.404808
concrete3k::568_28.jpg,neutral,concrete3k,-0.0068406584093794,-2.9541838,2.0384407,6.4305973
concrete3k::568_29.jpg,degraded,concrete3k,-0.030331911785519,-2.7020738,2.4546793,6.503397
concrete3k::568_30.jpg,degraded,concrete3k,-0.1266960467532136,-3.3384728,4.7694573,7.1897902
concrete3k::568_32.jpg,degraded,concrete3k,-0.0120775324180251,-3.0632699,1.6885815,6.931985
concrete3k::568_36.jpg,degraded,concrete3k,-0.0329875264009857,-2.454637,2.2772627,5.92485
concrete3k::568_37.jpg,degraded,concrete3k,-0.0338609992495234,-3.6787212,3.03415,7.84466
concrete3k::568_40.jpg,degraded,concrete3k,-0.0919542086563111,-3.3748662,4.816533,7.3041854
concrete3k::568_42.jpg,neutral,concrete3k,0.0,-3.32524,4.845486,7.380791
concrete3k::568_46.jpg,degraded,concrete3k,-0.1034482758620689,-3.3673613,4.8423295,7.2924423
concrete3k::571_13.jpg,degraded,concrete3k,-0.0127604776398969,-2.9853776,2.5245676,6.9857283
concrete3k::571_14.jpg,degraded,concrete3k,-0.09996328471519,-2.7033925,2.8353915,6.537229
concrete3k::571_20.jpg,neutral,concrete3k,0.0068586637516022,-2.7510037,1.0136768,6.255344
concrete3k::571_21.jpg,degraded,concrete3k,-0.117771926603081,-2.6286368,2.482249,6.7376943
concrete3k::571_33.jpg,neutral,concrete3k,0.0031326918773774,-3.5382934,2.8443177,8.27947
concrete3k::571_34.jpg,improved,concrete3k,0.0698397947799022,-2.9963505,1.3662586,7.336136
concrete3k::571_46.jpg,neutral,concrete3k,0.0,-3.5109222,3.3874784,8.521529
concrete3k::572_13.jpg,improved,concrete3k,0.0109922835926294,-3.1882823,1.3604217,7.5099535
concrete3k::572_19.jpg,neutral,concrete3k,-0.0043668122270741,-3.6617684,3.1243563,8.63077
concrete3k::572_21.jpg,neutral,concrete3k,-0.0063399170933918,-3.3486233,2.7585049,8.071775
concrete3k::572_27.jpg,neutral,concrete3k,0.0060153639639136,-3.2344518,1.2885627,7.717946
concrete3k::572_28.jpg,improved,concrete3k,0.0135874695312582,-3.1689074,1.1625956,7.1483307
concrete3k::573_19.jpg,improved,concrete3k,0.0149430757969794,-3.1395829,1.5232583,6.5919895
concrete3k::573_20.jpg,neutral,concrete3k,-0.0083182640144665,-3.521097,3.591753,8.187811
concrete3k::573_26.jpg,neutral,concrete3k,0.0078545298041746,-3.2977095,1.4415611,7.6162744
concrete3k::573_28.jpg,neutral,concrete3k,-0.0087998312994391,-2.8805673,0.9105535,6.262916
concrete3k::573_29.jpg,neutral,concrete3k,-0.0066420944198527,-3.2511728,1.5178686,7.125855
concrete3k::573_35.jpg,neutral,concrete3k,0.0099404513762278,-3.3592362,1.8512669,7.600831
concrete3k::574_21.jpg,neutral,concrete3k,0.0006367098798035,-3.0997918,0.979742,6.851525
concrete3k::574_29.jpg,degraded,concrete3k,-0.0199730324530054,-2.9679768,1.3144348,6.8997
concrete3k::575_19.jpg,neutral,concrete3k,-0.0069828293950831,-3.1956458,1.6142486,7.5922494
concrete3k::575_21.jpg,improved,concrete3k,0.0209267796055905,-3.0717242,0.9187957,6.8784966
concrete3k::575_23.jpg,degraded,concrete3k,-0.0399357945425361,-3.068459,4.0240016,8.41762
concrete3k::575_29.jpg,neutral,concrete3k,-7.224493236401841e-05,-3.2345066,1.5575379,7.162483
concrete3k::576_26.jpg,improved,concrete3k,0.0304166666666667,-3.6241884,3.4343429,8.319902
concrete3k::576_28.jpg,improved,concrete3k,0.0127230985624474,-3.217021,1.3427341,7.1978264
concrete3k::576_32.jpg,improved,concrete3k,0.0111755748534732,-3.572638,2.3272762,7.842904
concrete3k::576_35.jpg,improved,concrete3k,0.0665087362743671,-2.9343448,3.3077374,8.035735
concrete3k::577_14.jpg,neutral,concrete3k,0.0,-2.972167,3.8434434,8.190363
concrete3k::577_16.jpg,degraded,concrete3k,-0.037104904741447,-2.7468047,2.8151965,7.8618903
concrete3k::577_18.jpg,degraded,concrete3k,-0.0651846674909951,-3.0918314,3.8906908,7.514102
concrete3k::577_19.jpg,degraded,concrete3k,-0.0278175648761223,-2.9308124,2.0391636,6.461152
concrete3k::577_20.jpg,improved,concrete3k,0.024789370890372,-2.9848654,1.6935884,7.0032496
concrete3k::577_21.jpg,degraded,concrete3k,-0.0186435360862929,-3.0791142,1.746579,7.0975046
concrete3k::578_25.jpg,degraded,concrete3k,-0.0270380073968918,-3.2873073,2.0798357,7.994152
concrete3k::578_26.jpg,neutral,concrete3k,0.0090322580645161,-3.348966,2.215615,8.119457
concrete3k::578_27.jpg,degraded,concrete3k,-0.0214921079640818,-2.9633195,0.7062075,6.7392316
concrete3k::578_29.jpg,neutral,concrete3k,0.0091361354097782,-3.3713346,1.2998772,7.244271
concrete3k::578_32.jpg,neutral,concrete3k,-0.0032573400326514,-3.5689213,2.8149712,8.430349
concrete3k::578_33.jpg,neutral,concrete3k,0.0,-3.593233,3.5351977,8.694813
concrete3k::579_10.jpg,degraded,concrete3k,-0.0458158770026055,-2.7039573,2.131717,5.284846
concrete3k::579_3.jpg,degraded,concrete3k,-0.093164755505582,-2.6969094,2.5570245,5.772753
concrete3k::579_33.jpg,neutral,concrete3k,0.0010729031578041,-2.611089,2.0565476,5.784706
concrete3k::579_38.jpg,improved,concrete3k,0.0125377282904032,-2.7222874,2.171432,5.5939593
concrete3k::579_39.jpg,improved,concrete3k,0.059374860747335,-3.3463986,4.247201,7.7383013
concrete3k::579_4.jpg,degraded,concrete3k,-0.0492610095465858,-3.2449293,4.127161,6.743703
concrete3k::579_44.jpg,neutral,concrete3k,-0.0056300963584828,-2.431146,1.8280207,6.110348
concrete3k::580_18.jpg,neutral,concrete3k,-0.0042863413678229,-3.1679962,1.4527363,7.6357455
concrete3k::580_19.jpg,neutral,concrete3k,-0.0096506465933218,-3.4491136,3.0110419,8.232707
concrete3k::580_27.jpg,neutral,concrete3k,0.0073871090539179,-3.1611063,1.1050051,7.48488
concrete3k::580_28.jpg,degraded,concrete3k,-0.0103048180234524,-3.1556609,1.0973655,7.1989565
concrete3k::581_26.jpg,neutral,concrete3k,0.0024123040226675,-2.8597136,0.62775195,6.653305
concrete3k::581_30.jpg,improved,concrete3k,0.0126262626262626,-3.6444871,3.1687531,8.733136
concrete3k::581_36.jpg,improved,concrete3k,0.014414219139482,-3.0429153,1.092199,7.5494475
concrete3k::582_18.jpg,degraded,concrete3k,-0.0148113158131819,-2.7598622,0.6244477,6.240263
concrete3k::582_20.jpg,neutral,concrete3k,0.0,-3.6045332,3.2058005,8.751961
concrete3k::582_25.jpg,improved,concrete3k,0.0378996238834038,-3.6627195,3.076986,8.705942
concrete3k::582_26.jpg,neutral,concrete3k,0.006791715390369,-3.0303767,0.77361125,7.221504
concrete3k::582_34.jpg,degraded,concrete3k,-0.0141442715700141,-3.612429,2.912907,8.649334
concrete3k::583_19.jpg,improved,concrete3k,0.0294985250737462,-3.4837675,3.1765404,8.447468
concrete3k::583_24.jpg,improved,concrete3k,0.197463768115942,-3.5765643,3.2398865,8.764197
concrete3k::583_27.jpg,improved,concrete3k,0.0127186568882774,-2.9539766,1.0022311,7.4417944
concrete3k::584_40.jpg,neutral,concrete3k,0.0034013605442176,-3.5374672,3.2326367,8.651885
concrete3k::585_24.jpg,degraded,concrete3k,-0.0302487775747183,-3.2359262,1.3067544,7.605075
concrete3k::585_31.jpg,degraded,concrete3k,-0.0263157894736842,-3.652796,3.2171564,8.720146
concrete3k::585_34.jpg,degraded,concrete3k,-0.042682467334326,-3.1979306,1.5797105,6.7246833
concrete3k::585_41.jpg,degraded,concrete3k,-0.025540951579954,-3.4585824,1.4023217,6.5714393
concrete3k::586_0.jpg,neutral,concrete3k,-0.0064384419609216,-2.8464782,0.7885421,7.071245
concrete3k::586_12.jpg,degraded,concrete3k,-0.0240996121797845,-2.9811037,1.2880068,7.7060423
concrete3k::586_18.jpg,degraded,concrete3k,-0.2902278536081353,-3.6316793,3.2161133,8.776621
concrete3k::586_19.jpg,improved,concrete3k,0.03112703103359,-2.7514153,0.6224942,6.5175295
concrete3k::586_26.jpg,improved,concrete3k,0.0297762253628407,-2.8898628,1.010298,7.576086
concrete3k::586_32.jpg,degraded,concrete3k,-0.0287590311491684,-3.004749,1.4345436,7.9224715
concrete3k::586_38.jpg,degraded,concrete3k,-0.0734259734750616,-3.0702264,1.1910552,7.689805
concrete3k::586_39.jpg,improved,concrete3k,0.0749726327312534,-3.5955029,3.263354,8.806958
concrete3k::586_40.jpg,neutral,concrete3k,-0.0050599924889602,-2.9561176,1.2930748,7.72582
concrete3k::586_41.jpg,improved,concrete3k,0.0160119569189697,-2.976604,1.3452343,7.642054
concrete3k::586_45.jpg,degraded,concrete3k,-0.1846147940905523,-3.190205,2.904537,8.1179285
concrete3k::586_46.jpg,neutral,concrete3k,0.0,-3.232576,3.4260435,8.658667
concrete3k::586_6.jpg,degraded,concrete3k,-0.0159930203414544,-2.9705677,1.2831241,7.7067285
concrete3k::587_1.jpg,degraded,concrete3k,-0.0172576244408582,-2.8793883,0.9136642,7.311148
concrete3k::587_13.jpg,improved,concrete3k,0.0341551720928501,-3.6477742,3.1078317,8.7315235
concrete3k::587_14.jpg,improved,concrete3k,0.0243388497165744,-2.837002,0.75226796,7.334671
concrete3k::587_20.jpg,improved,concrete3k,0.0123560747073779,-2.8470592,0.78584325,7.4285393
concrete3k::587_32.jpg,neutral,concrete3k,0.0036488260804704,-2.7788706,0.72929126,7.3935704
concrete3k::587_33.jpg,neutral,concrete3k,0.0038079975921998,-3.0073235,1.0497249,7.600132
concrete3k::587_38.jpg,neutral,concrete3k,-0.0066673872259531,-2.77386,0.62030536,6.5691524
concrete3k::587_44.jpg,neutral,concrete3k,0.0,-3.6163628,3.242676,8.784296
concrete3k::588_0.jpg,neutral,concrete3k,-0.0032011901325537,-2.769921,1.6240185,7.6885157
concrete3k::588_1.jpg,degraded,concrete3k,-0.0158936676555522,-3.226189,3.5273945,8.62442
concrete3k::588_13.jpg,neutral,concrete3k,-0.0025148938486206,-3.6286447,3.1024382,8.6791725
concrete3k::588_14.jpg,improved,concrete3k,0.0101901606442668,-2.8429635,0.7268266,6.77753
concrete3k::588_39.jpg,neutral,concrete3k,4.882385950433221e-05,-2.833049,0.79752433,7.4536943
concrete3k::588_45.jpg,degraded,concrete3k,-0.013346468816257,-2.8582957,0.9824133,7.538968
concrete3k::588_6.jpg,degraded,concrete3k,-0.0172714259638201,-3.5911484,3.1826627,8.753245
concrete3k::588_8.jpg,neutral,concrete3k,0.0,-3.5456824,3.3746278,8.773479
concrete3k::589_1.jpg,degraded,concrete3k,-0.0240845608199056,-2.8185215,1.4488842,7.806872
concrete3k::589_13.jpg,degraded,concrete3k,-0.0172768745181236,-3.5735655,3.041039,8.641183
concrete3k::589_32.jpg,degraded,concrete3k,-0.0241274728593721,-2.8155835,0.75069594,7.3465877
concrete3k::589_40.jpg,degraded,concrete3k,-0.0184566295947914,-3.0609071,1.6237866,7.983031
concrete3k::590_12.jpg,neutral,concrete3k,0.001445922498554,-2.6743257,3.3628478,8.200901
concrete3k::590_15.jpg,degraded,concrete3k,-0.0218024781993184,-3.1518424,3.1051297,6.707467
concrete3k::590_20.jpg,degraded,concrete3k,-0.0147472397625714,-2.5516195,1.6576989,6.6806602
concrete3k::590_38.jpg,neutral,concrete3k,-0.0043754205564234,-2.5085912,1.6837363,7.3145723
concrete3k::590_9.jpg,degraded,concrete3k,-0.0700604574715796,-2.7304494,1.3431745,5.193981
concrete3k::591_1.jpg,degraded,concrete3k,-0.0250109919796658,-2.8220227,1.5348681,7.7892127
concrete3k::591_15.jpg,neutral,concrete3k,-0.0048079508885431,-2.773393,0.7824276,7.4062314
concrete3k::591_2.jpg,degraded,concrete3k,-0.0478642370419358,-3.5763535,3.355254,8.780781
concrete3k::591_26.jpg,neutral,concrete3k,0.0054106793697482,-2.7012806,0.6043484,6.744326
concrete3k::591_44.jpg,neutral,concrete3k,-0.0050042719394605,-2.8268807,0.8564316,7.440094
concrete3k::591_8.jpg,improved,concrete3k,0.0360547794425494,-2.9322386,1.5134935,7.9439254
concrete3k::591_9.jpg,improved,concrete3k,0.0111935083962583,-3.6402283,3.2775588,8.808734
concrete3k::593_1.jpg,improved,concrete3k,0.0143578785260937,-2.735323,1.2895896,7.50565
concrete3k::593_13.jpg,neutral,concrete3k,0.0020419769232025,-2.805711,0.91629344,7.491222
concrete3k::593_20.jpg,neutral,concrete3k,0.0025224151967498,-2.833699,1.3176256,7.7914786
concrete3k::593_26.jpg,improved,concrete3k,0.0144351910890186,-2.8159332,0.86435896,7.5080013
concrete3k::593_31.jpg,neutral,concrete3k,0.0028175081606581,-2.8123958,1.2494847,7.745191
concrete3k::593_32.jpg,neutral,concrete3k,-0.0052733524099631,-2.8466396,1.421105,7.85441
concrete3k::593_43.jpg,neutral,concrete3k,0.0,-3.5577881,3.3761182,8.746595
concrete3k::593_7.jpg,degraded,concrete3k,-0.0286420876578471,-2.7469795,1.092997,7.503696
concrete3k::595_27.jpg,neutral,concrete3k,-0.00354314297624,-2.9833236,1.702573,8.033833
concrete3k::595_33.jpg,degraded,concrete3k,-0.0118422659015993,-2.874053,1.4433602,7.8545933
concrete3k::596_2.jpg,degraded,concrete3k,-0.0124770031511018,-2.7619572,1.5503738,7.4913955
concrete3k::596_20.jpg,neutral,concrete3k,-0.0065928270042194,-3.554554,2.9683206,8.541064
concrete3k::596_27.jpg,neutral,concrete3k,-0.0093546352743325,-2.9166145,1.5946506,7.9615216
concrete3k::596_32.jpg,degraded,concrete3k,-0.0336331096934847,-3.1603823,1.5704945,7.9554996
concrete3k::596_39.jpg,degraded,concrete3k,-0.0802302910151335,-2.7784941,1.1006496,7.5791416
concrete3k::596_45.jpg,improved,concrete3k,0.1309577763564564,-2.7875464,1.1339786,7.611088
concrete3k::600_26.jpg,improved,concrete3k,0.0142754826410912,-3.11789,2.555668,7.8532357
concrete3k::600_32.jpg,degraded,concrete3k,-0.1058662524101622,-3.6076381,4.067862,8.092653
concrete3k::600_44.jpg,improved,concrete3k,0.0147820309891448,6.494621,5.6088104,8.799376
concrete3k::602_14.jpg,degraded,concrete3k,-0.0103367018062117,-2.7769997,1.4607369,7.808151
concrete3k::602_20.jpg,neutral,concrete3k,-0.0032205974421729,-3.4468746,2.7043564,8.389824
concrete3k::602_3.jpg,neutral,concrete3k,0.0,-3.1615598,3.604977,8.63096
concrete3k::602_32.jpg,neutral,concrete3k,-0.0024691358024691,-2.745766,1.5730634,7.8335404
concrete3k::602_44.jpg,neutral,concrete3k,0.0061184491092168,-2.7664433,1.7254957,7.8423605
concrete3k::603_13.jpg,improved,concrete3k,0.6627155172413793,-3.6306527,4.1306295,8.356529
concrete3k::603_2.jpg,degraded,concrete3k,-0.0213397214519508,-2.5949926,1.8642827,7.479459
concrete3k::603_39.jpg,improved,concrete3k,0.021036042209127,-2.6034312,2.2622561,7.4931555
concrete3k::603_44.jpg,improved,concrete3k,0.0208780823094767,-2.579858,1.7724466,7.780409
concrete3k::603_45.jpg,neutral,concrete3k,0.0,-3.2110531,4.417262,8.314353
concrete3k::604_27.jpg,neutral,concrete3k,0.0079381729968764,-2.4944,1.5319064,7.6476874
concrete3k::604_34.jpg,degraded,concrete3k,-0.0219724067450178,-3.533458,3.4383717,8.543361
concrete3k::604_39.jpg,neutral,concrete3k,-0.0017152658662092,-2.8146002,1.6822503,7.856822
concrete3k::604_40.jpg,improved,concrete3k,0.493956554216381,-3.5593767,3.3803213,8.677965
concrete3k::604_45.jpg,degraded,concrete3k,-0.0314580916942895,-3.646239,3.3190255,8.607634
concrete3k::604_9.jpg,neutral,concrete3k,-0.0074063386716683,-2.6099658,2.0139437,7.5696964
concrete3k::605_10.jpg,degraded,concrete3k,-0.0457593688362918,-2.9667747,3.1868558,8.044478
concrete3k::605_14.jpg,degraded,concrete3k,-0.1351229547285882,-3.1953187,2.2860959,8.064768
concrete3k::605_15.jpg,improved,concrete3k,0.0210346655583026,-2.6681411,1.1408271,7.2893333
concrete3k::605_19.jpg,improved,concrete3k,0.0907628799656892,-3.5800796,3.578175,8.644936
concrete3k::605_20.jpg,improved,concrete3k,0.0881993803535629,-3.6518755,3.4319122,8.618831
concrete3k::605_21.jpg,neutral,concrete3k,0.0028040389141817,-2.8519819,1.5344069,7.895131
concrete3k::605_27.jpg,neutral,concrete3k,-0.0009874917709019,-2.8880918,1.636962,7.96014
concrete3k::605_39.jpg,neutral,concrete3k,-0.0079677042388186,-2.7839622,1.4543332,7.774699
concrete3k::605_45.jpg,degraded,concrete3k,-0.0150169740470953,-2.5558736,1.4285984,7.608008
concrete3k::605_9.jpg,degraded,concrete3k,-0.0134587893010778,-2.8438747,1.7837816,7.7276344
concrete3k::606_15.jpg,neutral,concrete3k,-0.0039357515157961,-2.8175464,1.6810923,7.710094
concrete3k::606_21.jpg,improved,concrete3k,0.0785133077097971,-2.7633243,1.6322579,7.673442
concrete3k::606_3.jpg,degraded,concrete3k,-0.0358787490489728,-2.5779223,1.3076355,6.6305437
concrete3k::606_31.jpg,improved,concrete3k,0.1705134474327628,-3.6159286,3.641185,8.587982
concrete3k::606_37.jpg,neutral,concrete3k,0.0,-3.5721288,3.7607362,8.610663
concrete3k::606_43.jpg,degraded,concrete3k,-0.0711038129727319,-3.1771598,2.547796,8.136668
concrete3k::606_9.jpg,degraded,concrete3k,-0.0124334790194224,-2.8759792,1.8608309,7.758623
concrete3k::607_2.jpg,degraded,concrete3k,-0.0453323088743757,-2.9460022,3.902367,8.372223
concrete3k::607_21.jpg,degraded,concrete3k,-0.0103092783505154,-3.4831176,3.5362136,8.56319
concrete3k::607_26.jpg,neutral,concrete3k,0.0,-3.5507164,3.7304215,8.630705
concrete3k::607_3.jpg,degraded,concrete3k,-0.0235205684489697,-2.5414786,2.524316,7.6528025
concrete3k::607_32.jpg,degraded,concrete3k,-0.0163885364154601,-2.9211519,2.0589032,7.881307
concrete3k::607_33.jpg,degraded,concrete3k,-0.0187690226580994,-3.47427,3.3807938,8.496203
concrete3k::607_38.jpg,neutral,concrete3k,0.0055459820430214,-2.716987,1.5790339,7.798405
concrete3k::607_44.jpg,improved,concrete3k,0.0190920390954082,-2.4907153,1.745814,7.6146154
concrete3k::607_6.jpg,degraded,concrete3k,-0.0537753113324819,-2.835024,3.4750938,7.757461
concrete3k::607_7.jpg,degraded,concrete3k,-0.0233535858342716,-2.9671352,2.0053022,7.20251
concrete3k::607_8.jpg,degraded,concrete3k,-0.0319190583846619,-2.5508776,1.261917,6.382732
concrete3k::608_10.jpg,degraded,concrete3k,-0.0906820911051818,-2.5207431,2.4385748,7.302486
concrete3k::608_26.jpg,degraded,concrete3k,-0.0319043904752632,-2.9963107,2.4850862,7.121778
concrete3k::608_31.jpg,degraded,concrete3k,-0.023017635899177,-2.7052348,1.7238973,6.860464
concrete3k::608_43.jpg,degraded,concrete3k,-0.0404687454166788,-2.537815,2.1496756,6.2913003
concrete3k::608_9.jpg,degraded,concrete3k,-0.0601873257613254,-2.778391,3.4249392,7.809341
concrete3k::609_21.jpg,neutral,concrete3k,0.0044571792422795,-3.4846826,3.1910598,8.333314
concrete3k::609_31.jpg,degraded,concrete3k,-0.0509254516272239,-3.5496573,3.6918104,8.385391
concrete3k::609_32.jpg,neutral,concrete3k,-0.0078523226083565,-2.584797,2.0254738,7.610516
concrete3k::609_33.jpg,degraded,concrete3k,-0.1955845852332383,-2.82963,2.0389705,7.681626
concrete3k::609_37.jpg,degraded,concrete3k,-0.0218221056071521,-2.8533566,1.6679626,7.1581903
concrete3k::609_40.jpg,improved,concrete3k,0.0497113661452882,-2.8175416,2.4737144,7.210566
concrete3k::609_41.jpg,degraded,concrete3k,-0.055372897145049,-2.885794,3.3985817,8.109889
concrete3k::609_46.jpg,degraded,concrete3k,-0.0172117565599407,-2.572336,2.6590126,7.323069
concrete3k::609_8.jpg,neutral,concrete3k,0.0041407293875125,-2.56751,1.7828797,7.6087136
concrete3k::610_10.jpg,neutral,concrete3k,0.0,-3.3110564,4.8033466,7.2899346
concrete3k::610_2.jpg,degraded,concrete3k,-0.0667662248771078,-2.5329905,1.5655048,6.4489427
concrete3k::610_26.jpg,neutral,concrete3k,-0.0023076923076923,-2.8623745,1.8933545,7.88823
concrete3k::610_27.jpg,degraded,concrete3k,-0.1670502737232668,-2.9523156,1.9961505,7.964617
concrete3k::610_32.jpg,improved,concrete3k,0.0178526936476864,-2.6647077,1.765187,7.6588335
concrete3k::610_43.jpg,neutral,concrete3k,-0.0017001177018619,-2.419368,1.7873019,7.58813
concrete3k::610_8.jpg,degraded,concrete3k,-0.0257098056912266,-2.7991621,2.3755937,7.415126
