{
  "blas_threads_per_worker": 1,
  "cost_entries": {
    "max": 5445318788.0,
    "min": 0.0,
    "p50": 25348975.0,
    "p90": 219134607.60000014,
    "p95": 376020705.09999985,
    "p99": 1047076341.3999995
  },
  "empty_prediction": 1081,
  "empty_target": 688,
  "estimated_gib": {
    "max": 243.42471903562546,
    "min": 0.0,
    "p50": 1.1331874877214432,
    "p90": 9.796080332994467,
    "p95": 16.809435416758056,
    "p99": 46.807960036396956
  },
  "matrix_bytes_per_entry_estimate": 48,
  "prediction_points": {
    "max": 67538.0,
    "min": 0.0,
    "p50": 5054.0,
    "p90": 13931.6,
    "p95": 18233.6,
    "p99": 30844.41999999997
  },
  "target_points": {
    "max": 141658.0,
    "min": 0.0,
    "p50": 5472.0,
    "p90": 16328.800000000005,
    "p95": 21264.0,
    "p99": 36854.0
  },
  "tasks": 8895
}
