{
  "blas_threads_per_worker": 1,
  "cost_entries": {
    "max": 5457170810.0,
    "min": 0.0,
    "p50": 26590746.0,
    "p90": 221622044.00000012,
    "p95": 379433530.39999855,
    "p99": 1048742651.1599932
  },
  "empty_prediction": 1060,
  "empty_target": 688,
  "estimated_gib": {
    "max": 243.95454570651054,
    "min": 0.0,
    "p50": 1.1886989772319794,
    "p90": 9.907277405261999,
    "p95": 16.962000596523218,
    "p99": 46.8824498873946
  },
  "matrix_bytes_per_entry_estimate": 48,
  "prediction_points": {
    "max": 67685.0,
    "min": 0.0,
    "p50": 5259.0,
    "p90": 14129.800000000001,
    "p95": 18532.59999999999,
    "p99": 31586.839999999993
  },
  "target_points": {
    "max": 141658.0,
    "min": 0.0,
    "p50": 5472.0,
    "p90": 16328.800000000005,
    "p95": 21264.0,
    "p99": 36854.0
  },
  "tasks": 8895
}
