{
  "blas_threads_per_worker": 1,
  "cost_entries": {
    "max": 5432579880.0,
    "min": 0.0,
    "p50": 24972250.0,
    "p90": 215971461.20000005,
    "p95": 372682255.1999993,
    "p99": 1035583300.1199992
  },
  "empty_prediction": 1107,
  "empty_target": 688,
  "estimated_gib": {
    "max": 242.85524547100067,
    "min": 0.0,
    "p50": 1.1163465678691864,
    "p90": 9.654676669836046,
    "p95": 16.660195076465573,
    "p99": 46.29418105423447
  },
  "matrix_bytes_per_entry_estimate": 48,
  "prediction_points": {
    "max": 67380.0,
    "min": 0.0,
    "p50": 5003.0,
    "p90": 13866.000000000004,
    "p95": 18121.0,
    "p99": 30591.899999999994
  },
  "target_points": {
    "max": 141658.0,
    "min": 0.0,
    "p50": 5472.0,
    "p90": 16328.800000000005,
    "p95": 21264.0,
    "p99": 36854.0
  },
  "tasks": 8895
}
