{
  "blas_threads_per_worker": 1,
  "cost_entries": {
    "max": 5432176750.0,
    "min": 0.0,
    "p50": 24997500.0,
    "p90": 216348966.20000014,
    "p95": 372877042.1999997,
    "p99": 1031214144.9999968
  },
  "empty_prediction": 1105,
  "empty_target": 688,
  "estimated_gib": {
    "max": 242.83722415566444,
    "min": 0.0,
    "p50": 1.1174753308296204,
    "p90": 9.6715524584055,
    "p95": 16.668902733921993,
    "p99": 46.09886460006223
  },
  "matrix_bytes_per_entry_estimate": 48,
  "prediction_points": {
    "max": 67375.0,
    "min": 0.0,
    "p50": 4990.0,
    "p90": 13855.400000000001,
    "p95": 18118.899999999983,
    "p99": 30597.099999999933
  },
  "target_points": {
    "max": 141658.0,
    "min": 0.0,
    "p50": 5472.0,
    "p90": 16328.800000000005,
    "p95": 21264.0,
    "p99": 36854.0
  },
  "tasks": 8895
}
