{
  "blas_threads_per_worker": 1,
  "cost_entries": {
    "max": 5465152784.0,
    "min": 0.0,
    "p50": 28084686.0,
    "p90": 224964381.60000008,
    "p95": 382128623.7999998,
    "p99": 1076949754.5399988
  },
  "empty_prediction": 948,
  "empty_target": 688,
  "estimated_gib": {
    "max": 244.31136775016785,
    "min": 0.0,
    "p50": 1.2554832994937897,
    "p90": 10.05669153928757,
    "p95": 17.0824806600809,
    "p99": 48.14340567022557
  },
  "matrix_bytes_per_entry_estimate": 48,
  "prediction_points": {
    "max": 67784.0,
    "min": 0.0,
    "p50": 5384.0,
    "p90": 14307.200000000003,
    "p95": 18524.69999999998,
    "p99": 30725.33999999993
  },
  "target_points": {
    "max": 141658.0,
    "min": 0.0,
    "p50": 5472.0,
    "p90": 16328.800000000005,
    "p95": 21264.0,
    "p99": 36854.0
  },
  "tasks": 8895
}
