image_id,degraded,neutral,improved
khanhha_original::CFD_001.jpg,0.5160293753901999,0.1891263925140729,0.2948442320957272
khanhha_original::CFD_040.jpg,0.3948887076422264,0.46056435218835107,0.14454694016942263
khanhha_original::CFD_088.jpg,0.18352051878732228,0.5894498485215931,0.22702963269108464
khanhha_original::CFD_118.jpg,0.21284806416668836,0.44686810041585495,0.34028383541745677
khanhha_original::CRACK500_20160222_081031_641_361.jpg,0.27781555922627016,0.6114405894833429,0.1107438512903868
khanhha_original::CRACK500_20160222_115833_1921_1081.jpg,0.4165489737920287,0.38835207025184665,0.19509895595612473
khanhha_original::CRACK500_20160222_115833_641_361.jpg,0.25452245982187527,0.6367389959880937,0.108738544190031
khanhha_original::CRACK500_20160222_115843_1281_361.jpg,0.09227598550177393,0.7890939074342767,0.11863010706394941
khanhha_original::CRACK500_20160222_115847_1281_361.jpg,0.025493032146066068,0.9327484596726079,0.041758508181326086
khanhha_original::CRACK500_20160222_115847_641_361.jpg,0.04523884016351567,0.9251354896699869,0.029625670166497392
khanhha_original::CRACK500_20160222_164936_641_361.jpg,0.3718795177848274,0.40476179843330207,0.22335868378187057
khanhha_original::CRACK500_20160222_165037_1921_361.jpg,0.26162177985317114,0.606247471970162,0.1321307481766667
khanhha_original::CRACK500_20160222_165037_1_361.jpg,0.47050992668519326,0.38850960514248434,0.14098046817232243
khanhha_original::CRACK500_20160222_165037_641_361.jpg,0.4071235145333188,0.4680457774750425,0.1248307079916386
khanhha_original::CRACK500_20160222_165256_1281_1.jpg,0.12666902851376982,0.710728534849561,0.16260243663666912
khanhha_original::CRACK500_20160222_165256_1281_721.jpg,0.1098199223690271,0.7600444807466585,0.1301355968843145
khanhha_original::CRACK500_20160222_165256_641_1.jpg,0.3787767593288905,0.38919388368140134,0.23202935698970822
khanhha_original::CRACK500_20160225_114503_1_361.jpg,0.24967319184218345,0.6623735628653526,0.08795324529246375
khanhha_original::CRACK500_20160302_155919_1281_721.jpg,0.26890354192243854,0.5189825866586408,0.21211387141892063
khanhha_original::CRACK500_20160302_155919_641_1.jpg,0.46390504224305446,0.27234190263585784,0.26375305512108765
khanhha_original::CRACK500_20160302_155919_641_1081.jpg,0.43126278810747887,0.35551026043898165,0.2132269514535395
khanhha_original::CRACK500_20160306_103613_1_721.jpg,0.11148952454286959,0.5381925175632669,0.35031795789386344
khanhha_original::CRACK500_20160306_103638_1921_1081.jpg,0.23888501405861437,0.3790974018474279,0.38201758409395764
khanhha_original::CRACK500_20160306_103638_1_361.jpg,0.2774166589885691,0.4098548512179296,0.3127284897935013
khanhha_original::CRACK500_20160306_103816_1_721.jpg,0.04953348572452747,0.5748783632179637,0.3755881510575088
khanhha_original::CRACK500_20160306_104527_1921_721.jpg,0.2807886260002513,0.520811984337283,0.1983993896624656
khanhha_original::CRACK500_20160306_104527_641_361.jpg,0.21608871258038984,0.6807600482874743,0.10315123913213582
khanhha_original::CRACK500_20160307_144202_1281_361.jpg,0.3718376980246612,0.19326835478519913,0.43489394719013974
khanhha_original::CRACK500_20160307_144202_1281_721.jpg,0.3106860940698535,0.4063932745695458,0.28292063136060064
khanhha_original::CRACK500_20160307_144842_1281_1.jpg,0.1796557863704299,0.45629128602713287,0.3640529276024371
khanhha_original::CRACK500_20160307_144842_1281_1081.jpg,0.1565442332116082,0.7390216737612239,0.10443409302716797
khanhha_original::CRACK500_20160307_145059_1921_361.jpg,0.14627344223242586,0.7237916514969136,0.12993490627066057
khanhha_original::CRACK500_20160307_163627_641_721.jpg,0.5142183071910973,0.30281713577261077,0.182964557036292
khanhha_original::CRACK500_20160307_163641_1921_361.jpg,0.20812358562000416,0.13835375738527772,0.6535226569947182
khanhha_original::CRACK500_20160307_164400_641_1.jpg,0.2062398519543106,0.5327129978652935,0.261047150180396
khanhha_original::CRACK500_20160308_072824_641_1.jpg,0.2088493716745774,0.41679229207141677,0.37435833625400583
khanhha_original::CRACK500_20160308_074330_1921_721.jpg,0.5510270834744543,0.26682126223971997,0.18215165428582578
khanhha_original::CRACK500_20160308_155737_1281_1.jpg,0.16642446370645486,0.6845909095639623,0.14898462672958274
khanhha_original::CRACK500_20160308_155737_1281_361.jpg,0.21570660618783247,0.591814359863275,0.19247903394889243
khanhha_original::CRACK500_20160308_155737_1281_721.jpg,0.25034388779623407,0.5417852266385071,0.2078708855652587
khanhha_original::CRACK500_20160308_155737_1921_1.jpg,0.27844052914658896,0.2982012069377207,0.4233582639156904
khanhha_original::CRACK500_20160308_155737_1_1081.jpg,0.10241107089478449,0.7576115895328468,0.13997733957236863
khanhha_original::CRACK500_20160308_155737_641_721.jpg,0.20827783879025683,0.5140407503595253,0.2776814108502177
khanhha_original::CRACK500_20160308_155828_1281_721.jpg,0.1302448580429626,0.8014038874797749,0.06835125447726248
khanhha_original::CRACK500_20160308_155836_1921_361.jpg,0.36920730703364507,0.21102334863986055,0.4197693443264944
khanhha_original::CRACK500_20160308_155836_1921_721.jpg,0.46423492816438244,0.325855157853787,0.2099099139818306
khanhha_original::CRACK500_20160310_114446_641_1081.jpg,0.184483360301216,0.682292477854735,0.13322416184404898
khanhha_original::CRACK500_20160316_142009_1281_361.jpg,0.27075129673608106,0.5754078558361844,0.15384084742773455
khanhha_original::CRACK500_20160316_142009_1281_721.jpg,0.3734836081933565,0.36122016955180924,0.2652962222548342
khanhha_original::CRACK500_20160316_142027_1281_721.jpg,0.4495215233482424,0.376290866932181,0.17418760971957645
khanhha_original::CRACK500_20160316_143433_641_361.jpg,0.12864087194771429,0.5539256031111925,0.31743352494109317
khanhha_original::CRACK500_20160316_144230_641_1.jpg,0.19035909967930809,0.47300902797199595,0.33663187234869585
khanhha_original::CRACK500_20160316_183217_1281_1.jpg,0.1889097709169141,0.4349925325006692,0.37609769658241676
khanhha_original::CRACK500_20160321_185637_1_1081.jpg,0.09694823677128807,0.4989785429513966,0.4040732202773153
khanhha_original::CRACK500_20160324_170309_641_1.jpg,0.04891786249040243,0.8591842617279082,0.09189787578168958
khanhha_original::CRACK500_20160324_170309_641_361.jpg,0.146107529944942,0.7226936676912548,0.13119880236380316
khanhha_original::CRACK500_20160324_170309_641_721.jpg,0.30420223112718,0.519073879544355,0.17672388932846508
khanhha_original::CRACK500_20160324_170542_1_721.jpg,0.30818721088938855,0.21039657715561735,0.4814162119549941
khanhha_original::CRACK500_20160326_142309_1281_721.jpg,0.1947227877103044,0.5624809810066166,0.24279623128307903
khanhha_original::CRACK500_20160328_150820_641_361.jpg,0.49575297345580005,0.12286068992601555,0.3813863366181844
khanhha_original::CRACK500_20160328_150940_1281_361.jpg,0.1418957061331923,0.5996715197070503,0.2584327741597574
khanhha_original::CRACK500_20160328_150940_1_1081.jpg,0.18920739948385845,0.4130990669493285,0.39769353356681303
khanhha_original::CRACK500_20160328_150940_641_1081.jpg,0.09491028302456274,0.8600108782628917,0.04507883871254561
khanhha_original::CRACK500_20160328_150940_641_361.jpg,0.1724770365118067,0.6986690079207583,0.12885395556743506
khanhha_original::CRACK500_20160328_151056_1_361.jpg,0.24028152638534098,0.6725264830856675,0.08719199052899138
khanhha_original::CRACK500_20160328_151056_641_1081.jpg,0.11962688620100365,0.7980009516574337,0.08237216214156276
khanhha_original::CRACK500_20160328_151151_1921_721.jpg,0.2361886783164286,0.6731363780865267,0.09067494359704488
khanhha_original::CRACK500_20160328_151151_1_1.jpg,0.3586083873450288,0.5485617875208206,0.0928298251341505
khanhha_original::CRACK500_20160328_151151_641_1081.jpg,0.4476779296326716,0.4404537538433282,0.11186831652400024
khanhha_original::CRACK500_20160328_151151_641_361.jpg,0.5295695058493347,0.40925429051476925,0.061176203635896036
khanhha_original::CRACK500_20160328_151241_1_1.jpg,0.2791882762281682,0.6180644677008226,0.10274725607100921
khanhha_original::CRACK500_20160328_151241_641_721.jpg,0.0911640850580723,0.8593723255619918,0.049463589379935925
khanhha_original::CRACK500_20160328_151244_1921_1081.jpg,0.24849733397353474,0.26254896590185617,0.48895370012460915
khanhha_original::CRACK500_20160328_151244_641_721.jpg,0.26530153334707346,0.40032569011311214,0.3343727765398145
khanhha_original::CRACK500_20160328_151343_1281_1.jpg,0.33698884528269857,0.5634001261926196,0.09961102852468189
khanhha_original::CRACK500_20160328_151343_641_721.jpg,0.4402475846395508,0.4558042336057405,0.10394818175470878
khanhha_original::CRACK500_20160328_153241_1281_721.jpg,0.03863126066446745,0.8765859108237711,0.08478282851176155
khanhha_original::CRACK500_20160328_153404_641_721.jpg,0.023648282220305614,0.9331357756231272,0.04321594215656729
khanhha_original::CRACK500_20160328_153544_1_1081.jpg,0.1402750699178495,0.5426210427168989,0.31710388736525164
khanhha_original::CRACK500_20160328_153544_1_721.jpg,0.10199512805355593,0.8203143830025755,0.07769048894386849
khanhha_original::CRACK500_20160328_153548_1281_721.jpg,0.1261162104585846,0.7267683355314355,0.14711545400998005
khanhha_original::CRACK500_20160328_153548_1921_721.jpg,0.11999036538081867,0.8037681618145248,0.07624147280465654
khanhha_original::CRACK500_20160328_153623_1_721.jpg,0.20985763077780098,0.47568950942051497,0.3144528598016841
khanhha_original::CRACK500_20160328_153657_1921_1081.jpg,0.18775067179806496,0.6994350902063325,0.11281423799560257
khanhha_original::CRACK500_20160328_153821_1_1.jpg,0.04547422696452284,0.8894107053533916,0.06511506768208554
khanhha_original::CRACK500_20160328_153848_1921_1.jpg,0.41971831896146483,0.2542846334813522,0.32599704755718295
khanhha_original::CRACK500_20160328_153918_1_361.jpg,0.1219144795827356,0.836488752813399,0.041596767603865235
khanhha_original::CRACK500_20160328_153918_1_721.jpg,0.29110021119391216,0.387419540196053,0.3214802486100349
khanhha_original::CRACK500_20160328_154318_1281_361.jpg,0.2966752045620982,0.45609762692058564,0.2472271685173161
khanhha_original::CRACK500_20160328_154318_641_1.jpg,0.08511607598787073,0.6960641960858416,0.2188197279262877
khanhha_original::CRACK500_20160328_154318_641_721.jpg,0.20298337206611242,0.38958495609293914,0.4074316718409485
khanhha_original::CRACK500_20160329_094025_1921_361.jpg,0.46249645281132945,0.23117182146469345,0.3063317257239771
khanhha_original::CRACK500_20160329_094025_1_721.jpg,0.3171784577823283,0.5304261762048631,0.15239536601280868
khanhha_original::CRACK500_20160329_094527_1_361.jpg,0.06281908730186919,0.8628542692117802,0.07432664348635043
khanhha_original::CRACK500_20160329_103626_1281_721.jpg,0.3058898367306836,0.4506348159730092,0.24347534729630727
khanhha_original::CRACK500_20160329_103626_641_721.jpg,0.12229689234268444,0.8139606939040988,0.06374241375321674
khanhha_original::CRACK500_20160329_103800_361_641.jpg,0.05661914487766458,0.6590935088852637,0.28428734623707164
khanhha_original::CRACK500_20160329_103807_721_1281.jpg,0.06277230799780122,0.5330743087089255,0.4041533832932734
khanhha_original::CRACK500_20160330_163725_1921_361.jpg,0.3257257531257054,0.10367781803807652,0.570596428836218
khanhha_original::CRACK500_20160330_163725_641_1081.jpg,0.1650479442566212,0.6352954071278848,0.19965664861549406
khanhha_original::CRACK500_20160330_165644_641_1081.jpg,0.057123080445402076,0.8850277971915546,0.05784912236304334
khanhha_original::CRACK500_20160330_170114_1281_361.jpg,0.32059091040584675,0.29798073663639735,0.3814283529577559
khanhha_original::CRACK500_20160330_170114_641_721.jpg,0.36421933661204886,0.15058551192621442,0.48519515146173675
khanhha_original::CRACK500_20160402_151049_641_721.jpg,0.14525872317135238,0.8209807411978182,0.03376053563082953
khanhha_original::CRACK500_20160402_151054_1281_361.jpg,0.0826000790392294,0.8132520223243709,0.10414789863639985
khanhha_original::CRACK500_20160402_151054_641_721.jpg,0.04686846283522836,0.9399975198005688,0.013134017364202675
khanhha_original::CRACK500_20160405_171431_641_1.jpg,0.27813280196490986,0.5346055310851285,0.1872616669499616
khanhha_original::CRACK500_20160405_171431_641_361.jpg,0.14733352998330365,0.6945306413670036,0.15813582864969267
khanhha_original::CRACK500_20160405_171712_1281_1.jpg,0.2102680868998229,0.5660189306138599,0.22371298248631724
khanhha_original::CRACK500_20160405_171712_1281_361.jpg,0.4367167217179293,0.26140130653898436,0.30188197174308623
khanhha_original::CRACK500_20160405_171712_1921_1.jpg,0.20065992931180632,0.4857492832491987,0.31359078743899504
khanhha_original::CRACK500_20160407_163257_1281_721.jpg,0.2519648209187421,0.631174027989494,0.11686115109176384
khanhha_original::CRACK500_20160407_163257_641_361.jpg,0.07536648432441667,0.8753434033959471,0.04929011227963629
khanhha_original::CRACK500_IMG_2933_649_969.jpg,0.5902915960929346,0.18836547572374351,0.22134292818332185
khanhha_original::DeepCrack_11218-3.jpg,0.14602924343832413,0.6513100759185064,0.20266068064316936
khanhha_original::DeepCrack_11266-3.jpg,0.11371412906723229,0.6113319998472527,0.27495387108551483
khanhha_original::DeepCrack_11286-2.jpg,0.13468052149488974,0.28198167461840534,0.583337803886705
khanhha_original::DeepCrack_11304.jpg,0.6397383593856574,0.03264088608053461,0.3276207545338079
khanhha_original::GAPS384_test_0016_541_1.jpg,0.5481715233325994,0.27687705650372507,0.17495142016367551
khanhha_original::GAPS384_test_0016_541_641.jpg,0.37382196904896914,0.4620209688847743,0.16415706206625647
khanhha_original::GAPS384_train_0423_1_1.jpg,0.10776404220224983,0.755307818819997,0.1369281389777533
khanhha_original::GAPS384_train_0538_541_1.jpg,0.47782767368595636,0.27547266761164296,0.2466996587024006
khanhha_original::GAPS384_train_0544_541_1.jpg,0.40694465004484515,0.26103766694666314,0.3320176830084918
khanhha_original::GAPS384_train_0552_1_641.jpg,0.09025032519595017,0.6120087054520952,0.2977409693519547
khanhha_original::GAPS384_train_0607_541_641.jpg,0.7821574810588263,0.05282221963278954,0.16502029930838405
khanhha_original::GAPS384_train_0609_541_641.jpg,0.5822135542098512,0.27111586511239244,0.14667058067775646
khanhha_original::GAPS384_train_0799_541_1.jpg,0.717934782597143,0.12246707669714106,0.15959814070571587
khanhha_original::GAPS384_train_0942_541_1.jpg,0.15756146589117012,0.17731340264079665,0.6651251314680333
khanhha_original::GAPS384_train_0996_1_641.jpg,0.541425759035617,0.29655311284186625,0.16202112812251676
khanhha_original::GAPS384_train_1117_1_1.jpg,0.04370776596089653,0.19936379586305122,0.7569284381760523
khanhha_original::GAPS384_train_1171_541_641.jpg,0.3889234363704144,0.22490670197075907,0.38616986165882655
khanhha_original::GAPS384_train_1374_541_1.jpg,0.46105863074307535,0.2916441833781719,0.24729718587875268
khanhha_original::GAPS384_train_1375_541_641.jpg,0.4366779639009912,0.1654484262992576,0.3978736097997513
khanhha_original::GAPS384_valid_0016_541_1.jpg,0.3686594388072201,0.40474678974754685,0.22659377144523296
khanhha_original::Rissbilder_for_Florian_9S6A2786_1709_1270_2041_2349.jpg,0.35014962759795665,0.44805743536728243,0.20179293703476084
khanhha_original::Rissbilder_for_Florian_9S6A2786_641_1214_2289_2280.jpg,0.28339958172589463,0.5331470494049831,0.18345336886912228
khanhha_original::Rissbilder_for_Florian_9S6A2788_0_0_3840_5760.jpg,0.11115382844908159,0.8433520427556808,0.04549412879523763
khanhha_original::Rissbilder_for_Florian_9S6A2788_827_2151_2719_2314.jpg,0.04538462987058022,0.9101162006680943,0.044499169461325365
khanhha_original::Rissbilder_for_Florian_9S6A2790_213_1721_2871_3688.jpg,0.09706662221929317,0.8830471756833945,0.01988620209731228
khanhha_original::Rissbilder_for_Florian_9S6A2790_415_1305_3121_2371.jpg,0.10446040080859732,0.8660754168432486,0.029464182348154056
khanhha_original::Rissbilder_for_Florian_9S6A2790_750_1920_2101_2560.jpg,0.16838955352350418,0.8115409322999927,0.02006951417650304
khanhha_original::Rissbilder_for_Florian_9S6A2793_377_1016_2309_2713.jpg,0.0762360053850536,0.8505906626636035,0.07317333195134301
khanhha_original::Rissbilder_for_Florian_9S6A2793_811_444_2800_3267.jpg,0.10839404232366448,0.8562807859514966,0.03532517172483905
khanhha_original::Rissbilder_for_Florian_9S6A2808_19_37_3435_3257.jpg,0.2723517987823886,0.5958670020082103,0.13178119920940104
khanhha_original::Rissbilder_for_Florian_9S6A2808_222_2951_3443_2623.jpg,0.1021935760229287,0.4146425851431733,0.4831638388338979
khanhha_original::Rissbilder_for_Florian_9S6A2808_30_709_3501_4305.jpg,0.21064167114068047,0.5562890623986458,0.23306926646067358
khanhha_original::Rissbilder_for_Florian_9S6A2818_205_138_2610_2193.jpg,0.007953748074087743,0.9502139476845235,0.04183230424138867
khanhha_original::Rissbilder_for_Florian_9S6A2818_208_545_3096_3152.jpg,0.012415321218154623,0.9081796315524319,0.07940504722941355
khanhha_original::Rissbilder_for_Florian_9S6A2818_22_73_3648_4328.jpg,0.008745428481395213,0.9387359234732903,0.052518648045314725
khanhha_original::Rissbilder_for_Florian_9S6A2818_287_1431_3198_4185.jpg,0.02062288775475614,0.9023463232563473,0.07703078898889643
khanhha_original::Rissbilder_for_Florian_9S6A2818_819_1604_2582_2762.jpg,0.019715604108073496,0.9521414596257476,0.02814293626617895
khanhha_original::Rissbilder_for_Florian_9S6A2818_952_1532_2829_2875.jpg,0.008950579701069146,0.9682565180793186,0.02279290221961232
khanhha_original::Rissbilder_for_Florian_9S6A2823_106_892_3634_4471.jpg,0.1555876936351311,0.2888291702350279,0.555583136129841
khanhha_original::Rissbilder_for_Florian_9S6A2827_1172_836_2226_2545.jpg,0.16213396661666546,0.7004514368637594,0.1374145965195752
khanhha_original::Rissbilder_for_Florian_9S6A2827_1553_813_2699_2293.jpg,0.2556573864778575,0.5809958339640307,0.16334677955811186
khanhha_original::Rissbilder_for_Florian_9S6A2828_111_1161_3542_4005.jpg,0.11319817354559213,0.7411759287245224,0.14562589772988543
khanhha_original::Rissbilder_for_Florian_9S6A2828_81_1831_3515_3918.jpg,0.05951029094693451,0.8754061664313068,0.0650835426217588
khanhha_original::Rissbilder_for_Florian_9S6A2828_958_2102_2564_2428.jpg,0.12307771711366791,0.7612645161784984,0.11565776670783354
khanhha_original::Rissbilder_for_Florian_9S6A2829_248_0_4607_3807.jpg,0.08682879483233832,0.8143015899126774,0.09886961525498432
khanhha_original::Rissbilder_for_Florian_9S6A2829_465_128_3261_3385.jpg,0.06253011829583165,0.8304388433482184,0.10703103835594999
khanhha_original::Rissbilder_for_Florian_9S6A2840_408_2141_3112_2692.jpg,0.10244406776639765,0.8624702504457108,0.03508568178789166
khanhha_original::Rissbilder_for_Florian_9S6A2840_520_1171_3029_3249.jpg,0.1639000451702512,0.7974552790097658,0.03864467581998316
khanhha_original::Rissbilder_for_Florian_9S6A2840_73_1408_3251_2521.jpg,0.15576277319292992,0.8125575476361524,0.03167967917091753
khanhha_original::Rissbilder_for_Florian_9S6A2840_7_1394_3830_4317.jpg,0.20796048270913248,0.7406038926931161,0.0514356245977513
khanhha_original::Rissbilder_for_Florian_9S6A2844_0_0_3840_5760.jpg,0.029249893424550106,0.733803210035782,0.23694689653966786
khanhha_original::Rissbilder_for_Florian_9S6A2844_443_437_3072_2992.jpg,0.044198416864878035,0.8765223341847579,0.07927924895036403
khanhha_original::Rissbilder_for_Florian_9S6A2844_736_848_3078_2427.jpg,0.05677508497916792,0.8443886102855858,0.09883630473524622
khanhha_original::Rissbilder_for_Florian_9S6A2847_112_411_3688_4096.jpg,0.04165453408003288,0.8532707842020792,0.10507468171788782
khanhha_original::Rissbilder_for_Florian_9S6A2847_422_1541_2737_2708.jpg,0.03442380321383789,0.8984029052439484,0.06717329154221376
khanhha_original::Rissbilder_for_Florian_9S6A2847_57_1886_3694_3848.jpg,0.04144625555350632,0.8229470240073163,0.1356067204391773
khanhha_original::Rissbilder_for_Florian_9S6A2852_1108_175_3570_3421.jpg,0.234867082622176,0.6838024345062653,0.08133048287155878
khanhha_original::Rissbilder_for_Florian_9S6A2852_356_540_3667_2981.jpg,0.1126882719728041,0.7809388564024385,0.10637287162475743
khanhha_original::Rissbilder_for_Florian_9S6A2853_1127_1463_2379_2376.jpg,0.1391392523722192,0.72745779719153,0.1334029504362507
khanhha_original::Rissbilder_for_Florian_9S6A2853_826_286_2004_2464.jpg,0.2045041727612935,0.6832294280580137,0.1122663991806929
khanhha_original::Rissbilder_for_Florian_9S6A2858_103_1887_2963_2745.jpg,0.18592837604778295,0.7649681805983811,0.049103443353836033
khanhha_original::Rissbilder_for_Florian_9S6A2858_138_1397_3695_4304.jpg,0.11298832702619023,0.851437365091691,0.03557430788211887
khanhha_original::Rissbilder_for_Florian_9S6A2858_203_242_3312_2597.jpg,0.05878425822667717,0.9128793580525753,0.028336383720747482
khanhha_original::Rissbilder_for_Florian_9S6A2858_24_161_2934_2248.jpg,0.018909095315637815,0.9705758914731016,0.010515013211260605
khanhha_original::Rissbilder_for_Florian_9S6A2858_559_619_3260_3533.jpg,0.1652411515845655,0.7948853991397633,0.03987344927567112
khanhha_original::Rissbilder_for_Florian_9S6A2858_58_840_3696_4727.jpg,0.10090149718009368,0.8534741109379086,0.04562439188199766
khanhha_original::Rissbilder_for_Florian_9S6A2858_74_2277_2849_2285.jpg,0.17752632195893364,0.7535611315406718,0.06891254650039451
khanhha_original::Rissbilder_for_Florian_9S6A2858_825_486_2361_2715.jpg,0.10348159695173868,0.8651813923211208,0.031337010727140416
khanhha_original::Rissbilder_for_Florian_9S6A2861_1002_825_2601_2341.jpg,0.15907858004027936,0.7946353833803245,0.04628603657939632
khanhha_original::Rissbilder_for_Florian_9S6A2861_327_851_2964_3474.jpg,0.1763330768000234,0.7633799807340045,0.06028694246597198
khanhha_original::Rissbilder_for_Florian_9S6A2861_716_324_2856_3710.jpg,0.07139031225447881,0.8739574900420305,0.05465219770349058
khanhha_original::Rissbilder_for_Florian_9S6A2865_215_1866_2936_3607.jpg,0.2651994807729597,0.6579979225973311,0.07680259662970913
khanhha_original::Rissbilder_for_Florian_9S6A2865_321_3005_2468_2755.jpg,0.38345403737360617,0.5020548483839328,0.114491114242461
khanhha_original::Rissbilder_for_Florian_9S6A2865_402_376_2830_3345.jpg,0.26246836837615356,0.6192331206816024,0.11829851094224392
khanhha_original::Rissbilder_for_Florian_9S6A2865_415_206_2924_3039.jpg,0.2798579158173667,0.500606731085814,0.21953535309681932
khanhha_original::Rissbilder_for_Florian_9S6A2865_48_35_3665_3847.jpg,0.3271165014599346,0.5380877340041557,0.13479576453590977
khanhha_original::Rissbilder_for_Florian_9S6A2865_874_516_2613_2236.jpg,0.5752997751979116,0.15531208877117186,0.26938813603091644
khanhha_original::Rissbilder_for_Florian_9S6A2874_251_526_2458_2696.jpg,0.3932751485946906,0.1944261401449084,0.4122987112604011
khanhha_original::Rissbilder_for_Florian_9S6A2884_103_1141_3407_4451.jpg,0.15588589881981071,0.7091863669868521,0.1349277341933372
khanhha_original::Rissbilder_for_Florian_9S6A2884_158_1281_3498_4054.jpg,0.21246387804798436,0.6165778160275057,0.1709583059245099
khanhha_original::Rissbilder_for_Florian_9S6A2884_197_1323_3592_3665.jpg,0.25320830787755305,0.6279691120276336,0.11882258009481331
khanhha_original::Rissbilder_for_Florian_9S6A2884_19_1803_3537_2796.jpg,0.1962929163823165,0.6603539281439531,0.14335315547373056
khanhha_original::Rissbilder_for_Florian_9S6A2895_46_163_3635_3331.jpg,0.11021043883060783,0.8019985183904617,0.08779104277893054
khanhha_original::Rissbilder_for_Florian_9S6A2897_1309_1879_2158_2129.jpg,0.2956582381897404,0.4274659169760315,0.27687584483422806
khanhha_original::Rissbilder_for_Florian_9S6A2897_161_1181_3216_3670.jpg,0.48111806795340406,0.26125161331589397,0.2576303187307021
khanhha_original::Rissbilder_for_Florian_9S6A2897_480_85_2898_3545.jpg,0.27581486510109643,0.5331183886620708,0.19106674623683262
khanhha_original::Rissbilder_for_Florian_9S6A2897_575_1892_2708_3567.jpg,0.3926651867253963,0.42898967188089354,0.17834514139371005
khanhha_original::Rissbilder_for_Florian_9S6A2897_9_818_3756_3081.jpg,0.3401299556658273,0.5205182650734889,0.13935177926068376
khanhha_original::Rissbilder_for_Florian_9S6A2901_0_0_3840_5760.jpg,0.37509699113270634,0.5317079980508908,0.093195010816403
khanhha_original::Rissbilder_for_Florian_9S6A2901_55_3400_2984_2240.jpg,0.36677401526539366,0.5595161472341798,0.07370983750042663
khanhha_original::Rissbilder_for_Florian_9S6A2901_67_161_3343_3273.jpg,0.2358354849503852,0.720624007931142,0.04354050711847277
khanhha_original::Rissbilder_for_Florian_9S6A2902_0_0_3840_5760.jpg,0.2808676643519398,0.2469019210397705,0.4722304146082896
khanhha_original::Rissbilder_for_Florian_9S6A2902_163_2262_3171_3274.jpg,0.3042710197988582,0.4727541473453424,0.22297483285579953
khanhha_original::Rissbilder_for_Florian_9S6A2902_192_967_2598_2117.jpg,0.2341800104181867,0.5481450364437221,0.21767495313809118
khanhha_original::Rissbilder_for_Florian_9S6A2903_385_511_3375_3468.jpg,0.4205891240603234,0.3752285137235949,0.20418236221608174
khanhha_original::Rissbilder_for_Florian_9S6A2903_438_739_2998_2746.jpg,0.4495213863574764,0.33569279709827143,0.214785816544252
khanhha_original::Rissbilder_for_Florian_9S6A2910_0_0_3840_5760.jpg,0.7889531308699184,0.11033456579781889,0.10071230333226275
khanhha_original::Rissbilder_for_Florian_9S6A2910_113_175_3097_2360.jpg,0.4158159428142447,0.41814898934938055,0.1660350678363747
khanhha_original::Rissbilder_for_Florian_9S6A2910_43_1959_3615_3077.jpg,0.6335484720454789,0.25689973842593467,0.10955178952858641
khanhha_original::Rissbilder_for_Florian_9S6A2910_59_1878_2063_2153.jpg,0.4657167806721697,0.3353026479898568,0.1989805713379736
khanhha_original::Rissbilder_for_Florian_9S6A2910_880_2365_2685_2887.jpg,0.5932798591047492,0.27445977981016695,0.13226036108508385
khanhha_original::Rissbilder_for_Florian_9S6A2915_1128_2752_2373_2395.jpg,0.35546546820074265,0.23093914505889698,0.4135953867403604
khanhha_original::Rissbilder_for_Florian_9S6A2915_757_2194_2406_2383.jpg,0.2704212291414754,0.5232372794636352,0.2063414913948893
khanhha_original::Rissbilder_for_Florian_9S6A2919_1008_848_2956_2327.jpg,0.4358600393795103,0.23580484498151205,0.3283351156389777
khanhha_original::Rissbilder_for_Florian_9S6A2919_1139_6_3401_3091.jpg,0.4661321575228849,0.3676426465594577,0.16622519591765744
khanhha_original::Rissbilder_for_Florian_9S6A2919_311_375_3331_2605.jpg,0.534793926225183,0.32702250257305415,0.13818357120176278
khanhha_original::Rissbilder_for_Florian_9S6A2919_910_611_3253_2887.jpg,0.4081282917686305,0.3891302352723711,0.20274147295899841
khanhha_original::Rissbilder_for_Florian_9S6A3103_225_1283_3432_3981.jpg,0.15150030175670548,0.7365125662184332,0.1119871320248613
khanhha_original::Rissbilder_for_Florian_9S6A3103_43_936_3780_4403.jpg,0.15934207866934896,0.7500103826032587,0.09064753872739234
khanhha_original::Rissbilder_for_Florian_9S6A3103_446_1371_3306_4182.jpg,0.13612063593299237,0.6383285837682147,0.2255507802987931
khanhha_original::Rissbilder_for_Florian_9S6A3103_513_1787_2538_2641.jpg,0.27723325014168926,0.5545315758739058,0.1682351739844049
khanhha_original::Rissbilder_for_Florian_9S6A3116_390_1097_2997_3963.jpg,0.08910642233219397,0.7910749217139463,0.1198186559538597
khanhha_original::Rissbilder_for_Florian_9S6A3116_555_2380_2956_2340.jpg,0.10419219740439797,0.7123677003166282,0.18344010227897384
khanhha_original::Rissbilder_for_Florian_9S6A3119_1583_2261_2214_2879.jpg,0.15238291895446268,0.602662500232652,0.24495458081288532
khanhha_original::Rissbilder_for_Florian_9S6A3119_179_1656_3530_3136.jpg,0.15736358088845742,0.590377134227727,0.2522592848838156
khanhha_original::Rissbilder_for_Florian_9S6A3119_520_1811_3242_3051.jpg,0.11808778836244696,0.6645099587832473,0.2174022528543059
khanhha_original::Rissbilder_for_Florian_9S6A3120_14_1099_3666_4059.jpg,0.1046954446214957,0.7570265538638353,0.13827800151466885
khanhha_original::Rissbilder_for_Florian_9S6A3120_217_1113_3331_4192.jpg,0.10174165631854847,0.7804957038087289,0.11776263987272284
khanhha_original::Rissbilder_for_Florian_9S6A3120_236_1671_2928_2310.jpg,0.16097378541760785,0.715668364882723,0.12335784969966912
khanhha_original::Rissbilder_for_Florian_9S6A3120_875_1120_2089_2571.jpg,0.11954437819175924,0.6991783924668873,0.18127722934135335
khanhha_original::Rissbilder_for_Florian_9S6A3127_114_2737_3530_2753.jpg,0.07277880110413976,0.753014578848874,0.17420662004698634
khanhha_original::Rissbilder_for_Florian_9S6A3127_54_1984_3083_3305.jpg,0.062489818037905216,0.7351504522302619,0.20235972973183303
khanhha_original::Rissbilder_for_Florian_9S6A3127_595_2880_2296_2633.jpg,0.11695387968168376,0.6183904619952695,0.2646556583230468
khanhha_original::Rissbilder_for_Florian_9S6A3127_653_1639_2788_3252.jpg,0.09714369518626646,0.7089853594542697,0.19387094535946386
khanhha_original::Rissbilder_for_Florian_9S6A3127_89_657_3259_3858.jpg,0.055000451563312985,0.6903246875879187,0.2546748608487684
khanhha_original::Rissbilder_for_Florian_9S6A3127_9_1051_3792_3003.jpg,0.07913869198232669,0.7249611048242975,0.19590020319337575
khanhha_original::Rissbilder_for_Florian_9S6A3130_190_1907_3510_2920.jpg,0.11543151817898847,0.7259616928157804,0.1586067890052312
khanhha_original::Rissbilder_for_Florian_9S6A3130_24_518_3753_4265.jpg,0.10530469749727354,0.6904773225197491,0.20421797998297736
khanhha_original::Rissbilder_for_Florian_9S6A3130_35_1947_3497_3753.jpg,0.08075769887508003,0.6847068750988635,0.23453542602605648
khanhha_original::Rissbilder_for_Florian_9S6A3130_485_279_2724_2520.jpg,0.08295135009241128,0.766489805302116,0.15055884460547284
khanhha_original::Rissbilder_for_Florian_9S6A3130_741_2592_3069_3082.jpg,0.12575056114707683,0.6343939522155737,0.23985548663734935
khanhha_original::Rissbilder_for_Florian_9S6A3137_1104_2295_2445_3107.jpg,0.1587248126628925,0.552494999164072,0.2887801881730355
khanhha_original::Rissbilder_for_Florian_9S6A3137_1228_1792_2559_2477.jpg,0.16932074629437882,0.7112245272873503,0.11945472641827093
khanhha_original::Rissbilder_for_Florian_9S6A3137_182_823_3574_4047.jpg,0.09779949521742673,0.8167903861983787,0.0854101185841945
khanhha_original::Rissbilder_for_Florian_9S6A3137_201_2087_3465_3669.jpg,0.19209224747227416,0.6111779205763502,0.19672983195137567
khanhha_original::Rissbilder_for_Florian_9S6A3137_313_2279_2337_2933.jpg,0.12772311602987302,0.756737943458412,0.11553894051171501
khanhha_original::Rissbilder_for_Florian_9S6A3137_507_1097_2555_2213.jpg,0.17253549848467678,0.7040629947016348,0.12340150681368851
khanhha_original::Sylvie_Chambon_022.jpg,0.669254081477066,0.16677155522933573,0.1639743632935983
khanhha_original::Sylvie_Chambon_038.jpg,0.30877075235115686,0.4726415719842492,0.21858767566459394
khanhha_original::Sylvie_Chambon_039.jpg,0.5884817564543645,0.19868895276588885,0.2128292907797467
khanhha_original::Sylvie_Chambon_056.jpg,0.2758957605680478,0.5773482485593945,0.14675599087255772
khanhha_original::Sylvie_Chambon_073.jpg,0.08426889528225621,0.7672162580137655,0.1485148467039784
khanhha_original::Sylvie_Chambon_087.jpg,0.4298115175604485,0.09615899380765247,0.47402948863189903
khanhha_original::Sylvie_Chambon_105.jpg,0.34005550971844795,0.34339161691181247,0.3165528733697397
khanhha_original::Sylvie_Chambon_116.jpg,0.35181224418100016,0.30685864205550323,0.34132911376349667
khanhha_original::Sylvie_Chambon_314.jpg,0.6622223052887184,0.1099637588025403,0.2278139359087413
khanhha_original::Sylvie_Chambon_319.jpg,0.4375687369455837,0.19688014592916522,0.3655511171252511
khanhha_original::Volker_DSC01624_0_0_2736_1824.jpg,0.055274570546864514,0.19107814648879426,0.7536472829643411
khanhha_original::Volker_DSC01632_0_0_1824_2736.jpg,0.27491328640377155,0.34882656032698817,0.37626015326924034
khanhha_original::Volker_DSC01632_109_353_1680_1636.jpg,0.5115934573498342,0.23748498179100583,0.25092156085915995
khanhha_original::Volker_DSC01639_1065_321_1284_1200.jpg,0.29856147112191866,0.3665296399971413,0.33490888888094006
khanhha_original::Volker_DSC01639_165_52_1412_1364.jpg,0.16947804877266956,0.4445069766688257,0.38601497455850464
khanhha_original::Volker_DSC01646_226_19_1273_1645.jpg,0.2806770134427236,0.34328677916276923,0.3760362073945071
khanhha_original::Volker_DSC01646_456_54_2117_1728.jpg,0.18148399169801846,0.4216344101548076,0.39688159814717394
khanhha_original::Volker_DSC01651_163_249_1349_1454.jpg,0.44592830418172724,0.21680075919732392,0.3372709366209489
khanhha_original::Volker_DSC01651_61_82_1347_1168.jpg,0.2722090456787351,0.15060520964429872,0.5771857446769662
khanhha_original::Volker_DSC01657_130_62_1583_1831.jpg,0.20934702959050946,0.44265960382406466,0.347993366585426
khanhha_original::Volker_DSC01657_290_50_1476_1614.jpg,0.30804741835262817,0.3967227464778376,0.29522983516953427
khanhha_original::Volker_DSC01657_665_1068_1125_1350.jpg,0.112516978971444,0.46037431083202934,0.4271087101965267
khanhha_original::Volker_DSC01657_8_1012_1813_1672.jpg,0.12953811371966398,0.5450462732896953,0.3254156129906407
khanhha_original::Volker_DSC01658_0_0_1824_2736.jpg,0.14143387692977635,0.4247835555584198,0.4337825675118039
khanhha_original::Volker_DSC01658_167_371_1635_1643.jpg,0.28465380911502036,0.3322741934019665,0.38307199748301307
khanhha_original::Volker_DSC01658_352_1474_1034_1008.jpg,0.20011784298369625,0.34803847107455216,0.45184368594175156
khanhha_original::Volker_DSC01658_470_825_1327_1606.jpg,0.1673859413989025,0.2834776018762829,0.5491364567248146
khanhha_original::Volker_DSC01660_192_247_1588_1991.jpg,0.16938856369808472,0.5530030136023627,0.2776084226995526
khanhha_original::Volker_DSC01669_0_0_1824_2736.jpg,0.21834475895252592,0.37535767703809264,0.4062975640093815
khanhha_original::Volker_DSC01669_9_1042_1814_1517.jpg,0.26119393896924975,0.36184014466763315,0.3769659163631171
khanhha_original::Volker_DSC01695_0_0_2736_1824.jpg,0.22304160466404496,0.5875145320373664,0.18944386329858862
khanhha_original::Volker_DSC01702_39_31_1703_1771.jpg,0.06073609778837288,0.2831705189185365,0.6560933832930906
khanhha_original::Volker_DSC01702_418_156_1024_1333.jpg,0.1398834453110305,0.3892830113111828,0.47083354337778666
khanhha_original::cracktree200_6203.jpg,0.10701197349239555,0.3900966459290997,0.5028913805785047
khanhha_original::cracktree200_6243.jpg,0.04200255919979809,0.2469664645553743,0.7110309762448276
khanhha_original::cracktree200_6247.jpg,0.6279678659117637,0.2149555126786566,0.15707662140957973
khanhha_original::cracktree200_6310.jpg,0.2318727393700129,0.659555104567063,0.10857215606292396
khanhha_original::cracktree200_6635.jpg,0.26696714649384795,0.35938598868044885,0.3736468648257031
khanhha_original::cracktree200_6774.jpg,0.21414031513490772,0.24035369951397806,0.5455059853511142
khanhha_original::forest_022.jpg,0.669254081477066,0.16677155522933573,0.1639743632935983
khanhha_original::forest_082.jpg,0.3428795849386778,0.21185099471623928,0.44526942034508293
khanhha_original::forest_083.jpg,0.22786468700691065,0.5126354752690485,0.25949983772404084
khanhha_original::forest_104.jpg,0.3538767982993659,0.2826230532423557,0.3635001484582783
khanhha_original::noncrack_noncrack_concrete_wall_0_0.jpg.jpg,0.0005419170334710947,0.9405148008877974,0.05894328207873153
khanhha_original::noncrack_noncrack_concrete_wall_0_3.jpg.jpg,0.0002980383027376584,0.905835953086055,0.0938660086112075
khanhha_original::noncrack_noncrack_concrete_wall_11_4.jpg.jpg,0.002896649054838333,0.9938802060740461,0.0032231448711155858
khanhha_original::noncrack_noncrack_concrete_wall_16_1.jpg.jpg,0.04383938839984663,0.8237050066509509,0.13245560494920258
khanhha_original::noncrack_noncrack_concrete_wall_16_5.jpg.jpg,0.030754959158560538,0.8825748590444562,0.08667018179698338
khanhha_original::noncrack_noncrack_concrete_wall_18_1.jpg.jpg,0.21856938930642392,0.7466627175294537,0.03476789316412242
khanhha_original::noncrack_noncrack_concrete_wall_18_11.jpg.jpg,0.3903691733679367,0.5062961813240703,0.10333464530799304
khanhha_original::noncrack_noncrack_concrete_wall_18_12.jpg.jpg,0.27075551254885644,0.6818839168533162,0.04736057059782733
khanhha_original::noncrack_noncrack_concrete_wall_18_18.jpg.jpg,0.21953711829356745,0.7419507134016858,0.038512168304746866
khanhha_original::noncrack_noncrack_concrete_wall_18_19.jpg.jpg,0.14858665136211544,0.8166489495973568,0.03476439904052774
khanhha_original::noncrack_noncrack_concrete_wall_18_3.jpg.jpg,0.16063533617937104,0.8035512177496292,0.03581344607099955
khanhha_original::noncrack_noncrack_concrete_wall_18_9.jpg.jpg,0.1856983682242221,0.7773554217682146,0.03694621000756329
khanhha_original::noncrack_noncrack_concrete_wall_24_19.jpg.jpg,0.20869779658204854,0.766356207886163,0.024945995531788397
khanhha_original::noncrack_noncrack_concrete_wall_24_31.jpg.jpg,0.058969922446544566,0.9296933405235788,0.011336737029876729
khanhha_original::noncrack_noncrack_concrete_wall_24_35.jpg.jpg,0.05327992476231289,0.9373682170232766,0.009351858214410584
khanhha_original::noncrack_noncrack_concrete_wall_24_38.jpg.jpg,0.13104066095760672,0.8508000823234828,0.018159256718910527
khanhha_original::noncrack_noncrack_concrete_wall_24_4.jpg.jpg,0.09802352956259432,0.8861003799161322,0.01587609052127349
khanhha_original::noncrack_noncrack_concrete_wall_24_8.jpg.jpg,0.1687591179650795,0.7954052465065286,0.03583563552839195
khanhha_original::noncrack_noncrack_concrete_wall_29_6.jpg.jpg,0.006720002489268844,0.9699132240074639,0.023366773503267362
khanhha_original::noncrack_noncrack_concrete_wall_33_4.jpg.jpg,0.007175227639101528,0.6555019162311643,0.3373228561297341
khanhha_original::noncrack_noncrack_concrete_wall_38_4.jpg.jpg,0.000925763868660053,0.9949053870297131,0.004168849101626889
khanhha_original::noncrack_noncrack_concrete_wall_38_5.jpg.jpg,0.0011093921857931457,0.9934752612950034,0.005415346519203364
khanhha_original::noncrack_noncrack_concrete_wall_38_6.jpg.jpg,0.0010246222239876242,0.9896752230051694,0.009300154770842792
khanhha_original::noncrack_noncrack_concrete_wall_43_14.jpg.jpg,0.036598150253356006,0.8691424294414797,0.09425942030516422
khanhha_original::noncrack_noncrack_concrete_wall_43_15.jpg.jpg,0.04423258306819807,0.8244978438905569,0.13126957304124492
khanhha_original::noncrack_noncrack_concrete_wall_43_18.jpg.jpg,0.04313054718758829,0.8693388364051913,0.08753061640722033
khanhha_original::noncrack_noncrack_concrete_wall_43_2.jpg.jpg,0.07860475792567043,0.7422133106805768,0.17918193139375282
khanhha_original::noncrack_noncrack_concrete_wall_43_25.jpg.jpg,0.08848186707085116,0.7687550362262433,0.1427630967029056
khanhha_original::noncrack_noncrack_concrete_wall_43_34.jpg.jpg,0.05985360726654412,0.7350394047198242,0.20510698801363164
khanhha_original::noncrack_noncrack_concrete_wall_43_42.jpg.jpg,0.061186707835938596,0.8628053741280929,0.07600791803596854
khanhha_original::noncrack_noncrack_concrete_wall_43_44.jpg.jpg,0.05826188352296836,0.8150305063606991,0.12670761011633272
khanhha_original::noncrack_noncrack_concrete_wall_43_48.jpg.jpg,0.028169456788892846,0.8905723954097094,0.08125814780139767
khanhha_original::noncrack_noncrack_concrete_wall_43_50.jpg.jpg,0.04777585663752829,0.8938383984682003,0.058385744894271285
khanhha_original::noncrack_noncrack_concrete_wall_47_4.jpg.jpg,0.015975986794948646,0.978091924966915,0.005932088238136135
khanhha_original::noncrack_noncrack_concrete_wall_47_6.jpg.jpg,0.015975986794948646,0.978091924966915,0.005932088238136135
khanhha_original::noncrack_noncrack_concrete_wall_55_10.jpg.jpg,0.00963504527871044,0.9845055109970771,0.005859443724212542
khanhha_original::noncrack_noncrack_concrete_wall_55_24.jpg.jpg,0.018280563681341597,0.9688430247930229,0.012876411525635465
khanhha_original::noncrack_noncrack_concrete_wall_55_29.jpg.jpg,0.10945844502028557,0.8497964930769591,0.040745061902755286
khanhha_original::noncrack_noncrack_concrete_wall_55_32.jpg.jpg,0.047399367184871186,0.9369784378747479,0.015622194940380965
khanhha_original::noncrack_noncrack_concrete_wall_55_38.jpg.jpg,0.08766504831731842,0.89325222593474,0.019082725747941676
khanhha_original::noncrack_noncrack_concrete_wall_55_4.jpg.jpg,0.022939351155164142,0.9668033214565095,0.010257327388326406
khanhha_original::noncrack_noncrack_concrete_wall_55_41.jpg.jpg,0.10321562617174831,0.876633054931302,0.0201513188969497
khanhha_original::noncrack_noncrack_concrete_wall_55_49.jpg.jpg,0.019058698601055652,0.9733317781574206,0.007609523241523877
khanhha_original::noncrack_noncrack_concrete_wall_55_6.jpg.jpg,0.044900015202519884,0.8961988121226768,0.05890117267480335
khanhha_original::noncrack_noncrack_concrete_wall_57_11.jpg.jpg,0.002254803155032031,0.9899766242742108,0.007768572570757253
khanhha_original::noncrack_noncrack_concrete_wall_57_6.jpg.jpg,0.0021437942083109927,0.9940577462139736,0.003798459577715399
khanhha_original::noncrack_noncrack_concrete_wall_66_1.jpg.jpg,0.002893916707554806,0.9812433038619431,0.01586277943050206
khanhha_original::noncrack_noncrack_concrete_wall_66_10.jpg.jpg,0.007551698704298044,0.9842804858795403,0.00816781541616174
khanhha_original::noncrack_noncrack_concrete_wall_66_21.jpg.jpg,0.007119247375988298,0.9826358372706626,0.010244915353349001
khanhha_original::noncrack_noncrack_concrete_wall_66_8.jpg.jpg,0.0019378962532546613,0.9895710566321699,0.008491047114575491
khanhha_original::noncrack_noncrack_concrete_wall_79_2.jpg.jpg,0.10656664753332895,0.8430726278140834,0.0503607246525875
khanhha_original::noncrack_noncrack_concrete_wall_79_6.jpg.jpg,0.06951666185761038,0.8896351718634525,0.04084816627893714
khanhha_original::noncrack_noncrack_concrete_wall_99_2.jpg.jpg,0.013492219186559712,0.9717341470502412,0.014773633763199033
khanhha_noisy1::CFD_001.jpg,0.36108143923914443,0.34102518099795043,0.2978933797629052
khanhha_noisy1::CFD_040.jpg,0.49648384852450067,0.14962093216979303,0.3538952193057063
khanhha_noisy1::CFD_088.jpg,0.17608390031580587,0.6061368715725713,0.21777922811162276
khanhha_noisy1::CFD_118.jpg,0.42592125624957294,0.3497140891141374,0.22436465463628957
khanhha_noisy1::CRACK500_20160222_081031_641_361.jpg,0.3118639984698865,0.3780756947684186,0.31006030676169494
khanhha_noisy1::CRACK500_20160222_115833_1921_1081.jpg,0.17355897301556267,0.6361702279795063,0.190270799004931
khanhha_noisy1::CRACK500_20160222_115833_641_361.jpg,0.26665367839339676,0.6587595083924104,0.07458681321419282
khanhha_noisy1::CRACK500_20160222_115843_1281_361.jpg,0.19957096344237202,0.7573053041533132,0.043123732404314725
khanhha_noisy1::CRACK500_20160222_115847_1281_361.jpg,0.09424751793103396,0.8664937739483618,0.03925870812060428
khanhha_noisy1::CRACK500_20160222_115847_641_361.jpg,0.09216236979195487,0.872670985576208,0.03516664463183709
khanhha_noisy1::CRACK500_20160222_164936_641_361.jpg,0.6386635765490627,0.1600928498955142,0.20124357355542322
khanhha_noisy1::CRACK500_20160222_165037_1921_361.jpg,0.41480634942690303,0.3472290871973055,0.23796456337579153
khanhha_noisy1::CRACK500_20160222_165037_1_361.jpg,0.24655517357062307,0.1499520540135593,0.6034927724158177
khanhha_noisy1::CRACK500_20160222_165037_641_361.jpg,0.40411755505293645,0.2041620562663399,0.3917203886807236
khanhha_noisy1::CRACK500_20160222_165256_1281_1.jpg,0.43447442471041187,0.3666792098252887,0.19884636546429943
khanhha_noisy1::CRACK500_20160222_165256_1281_721.jpg,0.34809326673637914,0.38812590460579827,0.2637808286578226
khanhha_noisy1::CRACK500_20160222_165256_641_1.jpg,0.5829069994042259,0.23644697865814707,0.18064602193762713
khanhha_noisy1::CRACK500_20160225_114503_1_361.jpg,0.4719676666403232,0.3746077291720544,0.15342460418762255
khanhha_noisy1::CRACK500_20160302_155919_1281_721.jpg,0.3893870191440869,0.3418197820115303,0.2687931988443829
khanhha_noisy1::CRACK500_20160302_155919_641_1.jpg,0.43687786592816596,0.19159557811549177,0.3715265559563423
khanhha_noisy1::CRACK500_20160302_155919_641_1081.jpg,0.6649773931480699,0.165443293346386,0.16957931350554412
khanhha_noisy1::CRACK500_20160306_103613_1_721.jpg,0.24702647083708199,0.28524190854711096,0.467731620615807
khanhha_noisy1::CRACK500_20160306_103638_1921_1081.jpg,0.34052569875686817,0.17055036920375324,0.4889239320393786
khanhha_noisy1::CRACK500_20160306_103638_1_361.jpg,0.3817988117927679,0.20528252425999707,0.4129186639472351
khanhha_noisy1::CRACK500_20160306_103816_1_721.jpg,0.23343491585819562,0.23225650836157355,0.5343085757802308
khanhha_noisy1::CRACK500_20160306_104527_1921_721.jpg,0.3397768733512531,0.19804689446676071,0.46217623218198606
khanhha_noisy1::CRACK500_20160306_104527_641_361.jpg,0.30425148505045724,0.507043700476406,0.18870481447313672
khanhha_noisy1::CRACK500_20160307_144202_1281_361.jpg,0.5559295973119012,0.10662660763944204,0.3374437950486569
khanhha_noisy1::CRACK500_20160307_144202_1281_721.jpg,0.551619415710838,0.29218105393844324,0.15619953035071887
khanhha_noisy1::CRACK500_20160307_144842_1281_1.jpg,0.42344123664028066,0.12225881258694987,0.45429995077276947
khanhha_noisy1::CRACK500_20160307_144842_1281_1081.jpg,0.3898746135422203,0.40839592255889334,0.20172946389888646
khanhha_noisy1::CRACK500_20160307_145059_1921_361.jpg,0.19062081910075315,0.4399600998714358,0.369419081027811
khanhha_noisy1::CRACK500_20160307_163627_641_721.jpg,0.46193790008902763,0.2005533389724701,0.3375087609385023
khanhha_noisy1::CRACK500_20160307_163641_1921_361.jpg,0.2400387276784764,0.10487280640515746,0.6550884659163662
khanhha_noisy1::CRACK500_20160307_164400_641_1.jpg,0.43376740710124817,0.28816918444359263,0.2780634084551592
khanhha_noisy1::CRACK500_20160308_072824_641_1.jpg,0.15757414782028328,0.245433915126604,0.5969919370531127
khanhha_noisy1::CRACK500_20160308_074330_1921_721.jpg,0.4175825683639063,0.15322370780818143,0.4291937238279124
khanhha_noisy1::CRACK500_20160308_155737_1281_1.jpg,0.34954459371172647,0.19345549707655232,0.4569999092117211
khanhha_noisy1::CRACK500_20160308_155737_1281_361.jpg,0.5299026804076913,0.2328550541966196,0.23724226539568918
khanhha_noisy1::CRACK500_20160308_155737_1281_721.jpg,0.39861735012312,0.3037402900065309,0.29764235987034904
khanhha_noisy1::CRACK500_20160308_155737_1921_1.jpg,0.500564545114876,0.13452642871324166,0.36490902617188226
khanhha_noisy1::CRACK500_20160308_155737_1_1081.jpg,0.2201257555420367,0.3165276627282806,0.4633465817296827
khanhha_noisy1::CRACK500_20160308_155737_641_721.jpg,0.3401083859317321,0.16405512420337723,0.49583648986489065
khanhha_noisy1::CRACK500_20160308_155828_1281_721.jpg,0.27407236906275584,0.5717710950912739,0.15415653584597033
khanhha_noisy1::CRACK500_20160308_155836_1921_361.jpg,0.5442225541785918,0.30291110607204097,0.1528663397493674
khanhha_noisy1::CRACK500_20160308_155836_1921_721.jpg,0.44212262916334766,0.22000819549277945,0.33786917534387284
khanhha_noisy1::CRACK500_20160310_114446_641_1081.jpg,0.36059014724062133,0.16330678502391272,0.4761030677354659
khanhha_noisy1::CRACK500_20160316_142009_1281_361.jpg,0.47732799490113786,0.2462192045447361,0.27645280055412597
khanhha_noisy1::CRACK500_20160316_142009_1281_721.jpg,0.5465935164032293,0.22640355462509482,0.22700292897167587
khanhha_noisy1::CRACK500_20160316_142027_1281_721.jpg,0.5399381135780134,0.24527931535889555,0.21478257106309115
khanhha_noisy1::CRACK500_20160316_143433_641_361.jpg,0.4852714396568585,0.22696843338943273,0.28776012695370884
khanhha_noisy1::CRACK500_20160316_144230_641_1.jpg,0.3559889299526412,0.14736918188933926,0.4966418881580195
khanhha_noisy1::CRACK500_20160316_183217_1281_1.jpg,0.3603629969528502,0.1334486542123925,0.5061883488347574
khanhha_noisy1::CRACK500_20160321_185637_1_1081.jpg,0.4521531096871755,0.2022360343769057,0.3456108559359188
khanhha_noisy1::CRACK500_20160324_170309_641_1.jpg,0.37258670616326056,0.38890944180646214,0.23850385203027724
khanhha_noisy1::CRACK500_20160324_170309_641_361.jpg,0.2578815687690326,0.593356893965277,0.14876153726569036
khanhha_noisy1::CRACK500_20160324_170309_641_721.jpg,0.3112379950644441,0.5159141296015142,0.1728478753340417
khanhha_noisy1::CRACK500_20160324_170542_1_721.jpg,0.43308307381813227,0.2626454818929158,0.30427144428895186
khanhha_noisy1::CRACK500_20160326_142309_1281_721.jpg,0.2008436513319405,0.5189799033716432,0.28017644529641633
khanhha_noisy1::CRACK500_20160328_150820_641_361.jpg,0.3545011466080162,0.38498161276138915,0.2605172406305947
khanhha_noisy1::CRACK500_20160328_150940_1281_361.jpg,0.4568404169122209,0.3522024867498021,0.19095709633797708
khanhha_noisy1::CRACK500_20160328_150940_1_1081.jpg,0.354757776822521,0.2892419155846725,0.35600030759280654
khanhha_noisy1::CRACK500_20160328_150940_641_1081.jpg,0.42504070782984577,0.42408430895792254,0.15087498321223167
khanhha_noisy1::CRACK500_20160328_150940_641_361.jpg,0.3803030842248676,0.3264474366027783,0.2932494791723541
khanhha_noisy1::CRACK500_20160328_151056_1_361.jpg,0.5039021724069442,0.34443068678444133,0.1516671408086145
khanhha_noisy1::CRACK500_20160328_151056_641_1081.jpg,0.38679908468229046,0.5014789337058975,0.11172198161181218
khanhha_noisy1::CRACK500_20160328_151151_1921_721.jpg,0.355306548826814,0.4711008391709572,0.1735926120022287
khanhha_noisy1::CRACK500_20160328_151151_1_1.jpg,0.6380453827491761,0.16551328606025606,0.19644133119056775
khanhha_noisy1::CRACK500_20160328_151151_641_1081.jpg,0.3953461582124807,0.40248363759914896,0.20217020418837037
khanhha_noisy1::CRACK500_20160328_151151_641_361.jpg,0.3957766106650336,0.3964799025864206,0.20774348674854595
khanhha_noisy1::CRACK500_20160328_151241_1_1.jpg,0.49767645863753623,0.3212384073757226,0.18108513398674106
khanhha_noisy1::CRACK500_20160328_151241_641_721.jpg,0.35772293861964677,0.4087476026397983,0.23352945874055495
khanhha_noisy1::CRACK500_20160328_151244_1921_1081.jpg,0.29436437773136104,0.060067393988874763,0.6455682282797642
khanhha_noisy1::CRACK500_20160328_151244_641_721.jpg,0.2556383329868261,0.25689092839508904,0.4874707386180849
khanhha_noisy1::CRACK500_20160328_151343_1281_1.jpg,0.3806814289383265,0.32699819924657303,0.29232037181510057
khanhha_noisy1::CRACK500_20160328_151343_641_721.jpg,0.29297205683630523,0.3531290104642245,0.3538989326994702
khanhha_noisy1::CRACK500_20160328_153241_1281_721.jpg,0.24223364975750045,0.23712949892651303,0.5206368513159866
khanhha_noisy1::CRACK500_20160328_153404_641_721.jpg,0.2227018823800924,0.4109646969483506,0.36633342067155705
khanhha_noisy1::CRACK500_20160328_153544_1_1081.jpg,0.21001731504471363,0.4435463552321355,0.3464363297231508
khanhha_noisy1::CRACK500_20160328_153544_1_721.jpg,0.1380163626606734,0.6963180386817709,0.16566559865755576
khanhha_noisy1::CRACK500_20160328_153548_1281_721.jpg,0.24669538595315277,0.5527461902267351,0.20055842382011219
khanhha_noisy1::CRACK500_20160328_153548_1921_721.jpg,0.17351660734092822,0.6812542520225138,0.14522914063655806
khanhha_noisy1::CRACK500_20160328_153623_1_721.jpg,0.2995802955629455,0.36107605794631104,0.33934364649074344
khanhha_noisy1::CRACK500_20160328_153657_1921_1081.jpg,0.17503847456529592,0.521868533362853,0.30309299207185114
khanhha_noisy1::CRACK500_20160328_153821_1_1.jpg,0.11018635212081535,0.4456303477106467,0.44418330016853785
khanhha_noisy1::CRACK500_20160328_153848_1921_1.jpg,0.21242146837474485,0.38042955705912,0.40714897456613514
khanhha_noisy1::CRACK500_20160328_153918_1_361.jpg,0.2731015721120323,0.539887891899253,0.18701053598871478
khanhha_noisy1::CRACK500_20160328_153918_1_721.jpg,0.3654547356501904,0.39358006461659006,0.2409651997332196
khanhha_noisy1::CRACK500_20160328_154318_1281_361.jpg,0.38538625767166373,0.30909239025879603,0.3055213520695402
khanhha_noisy1::CRACK500_20160328_154318_641_1.jpg,0.5413430585052511,0.09331262079995442,0.3653443206947945
khanhha_noisy1::CRACK500_20160328_154318_641_721.jpg,0.6832980601055972,0.09586401338480792,0.22083792650959472
khanhha_noisy1::CRACK500_20160329_094025_1921_361.jpg,0.5563070689300479,0.11819980552863571,0.3254931255413165
khanhha_noisy1::CRACK500_20160329_094025_1_721.jpg,0.49042283885313426,0.31925526605461046,0.19032189509225533
khanhha_noisy1::CRACK500_20160329_094527_1_361.jpg,0.2658183937018726,0.2937106246955522,0.44047098160257514
khanhha_noisy1::CRACK500_20160329_103626_1281_721.jpg,0.5340876476305341,0.14556630437472431,0.3203460479947416
khanhha_noisy1::CRACK500_20160329_103626_641_721.jpg,0.28682686788646317,0.5555278251788951,0.15764530693464182
khanhha_noisy1::CRACK500_20160329_103800_361_641.jpg,0.1274558673639328,0.6057311165795505,0.26681301605651675
khanhha_noisy1::CRACK500_20160329_103807_721_1281.jpg,0.11218736365292076,0.6757589394878671,0.21205369685921208
khanhha_noisy1::CRACK500_20160330_163725_1921_361.jpg,0.5585073991575051,0.19951332366726124,0.24197927717523363
khanhha_noisy1::CRACK500_20160330_163725_641_1081.jpg,0.4343080254858309,0.2599651549277711,0.3057268195863981
khanhha_noisy1::CRACK500_20160330_165644_641_1081.jpg,0.19232281338954224,0.6567538784967497,0.15092330811370808
khanhha_noisy1::CRACK500_20160330_170114_1281_361.jpg,0.4181737983430882,0.35027450035314117,0.23155170130377056
khanhha_noisy1::CRACK500_20160330_170114_641_721.jpg,0.3209558322845948,0.19366485533695818,0.48537931237844706
khanhha_noisy1::CRACK500_20160402_151049_641_721.jpg,0.14133353885032632,0.6069983910573095,0.25166807009236436
khanhha_noisy1::CRACK500_20160402_151054_1281_361.jpg,0.22123442071452792,0.3349402378762261,0.4438253414092459
khanhha_noisy1::CRACK500_20160402_151054_641_721.jpg,0.15372853166909753,0.5849087200119195,0.26136274831898304
khanhha_noisy1::CRACK500_20160405_171431_641_1.jpg,0.5152162166338045,0.06559535811460813,0.4191884252515875
khanhha_noisy1::CRACK500_20160405_171431_641_361.jpg,0.6850816765107295,0.046588115856768565,0.26833020763250187
khanhha_noisy1::CRACK500_20160405_171712_1281_1.jpg,0.4316374254546961,0.3290733979634548,0.2392891765818491
khanhha_noisy1::CRACK500_20160405_171712_1281_361.jpg,0.5318337419938534,0.10529056784270467,0.36287569016344184
khanhha_noisy1::CRACK500_20160405_171712_1921_1.jpg,0.5782563114258622,0.1299321742142155,0.29181151435992225
khanhha_noisy1::CRACK500_20160407_163257_1281_721.jpg,0.4018181785923808,0.3153413131895083,0.2828405082181108
khanhha_noisy1::CRACK500_20160407_163257_641_361.jpg,0.4706345533370428,0.27803155775932276,0.25133388890363445
khanhha_noisy1::CRACK500_IMG_2933_649_969.jpg,0.5488720861424901,0.15794981158346919,0.2931781022740408
khanhha_noisy1::DeepCrack_11218-3.jpg,0.15669652466128792,0.5757475052192708,0.2675559701194412
khanhha_noisy1::DeepCrack_11266-3.jpg,0.11544859665083325,0.7150541000663619,0.1694973032828048
khanhha_noisy1::DeepCrack_11286-2.jpg,0.15393447869388044,0.633098786305046,0.21296673500107355
khanhha_noisy1::DeepCrack_11304.jpg,0.16430582024435736,0.4843075622196188,0.3513866175360238
khanhha_noisy1::GAPS384_test_0016_541_1.jpg,0.6914794166645623,0.13110429745102806,0.1774162858844097
khanhha_noisy1::GAPS384_test_0016_541_641.jpg,0.7106621290744249,0.16798281573717672,0.12135505518839826
khanhha_noisy1::GAPS384_train_0423_1_1.jpg,0.2876587892777645,0.3321869555521483,0.38015425517008716
khanhha_noisy1::GAPS384_train_0538_541_1.jpg,0.5817375098944858,0.23074396688112878,0.1875185232243854
khanhha_noisy1::GAPS384_train_0544_541_1.jpg,0.4490012676871499,0.17148745306601554,0.37951127924683453
khanhha_noisy1::GAPS384_train_0552_1_641.jpg,0.15169902672375818,0.4730521414350076,0.37524883184123425
khanhha_noisy1::GAPS384_train_0607_541_641.jpg,0.8339219931168101,0.06255106699733243,0.10352693988585723
khanhha_noisy1::GAPS384_train_0609_541_641.jpg,0.7175386403062436,0.1360258465519359,0.1464355131418206
khanhha_noisy1::GAPS384_train_0799_541_1.jpg,0.7778301414000162,0.10730739325848689,0.11486246534149702
khanhha_noisy1::GAPS384_train_0942_541_1.jpg,0.4805067688076538,0.16968066558668035,0.3498125656056659
khanhha_noisy1::GAPS384_train_0996_1_641.jpg,0.7894097275849205,0.1377871227921236,0.07280314962295584
khanhha_noisy1::GAPS384_train_1117_1_1.jpg,0.08835646062559563,0.4294114466434665,0.4822320927309379
khanhha_noisy1::GAPS384_train_1171_541_641.jpg,0.39400978566376516,0.24877875736788668,0.3572114569683482
khanhha_noisy1::GAPS384_train_1374_541_1.jpg,0.4347425537119991,0.23916857253603444,0.32608887375196655
khanhha_noisy1::GAPS384_train_1375_541_641.jpg,0.4918355122894977,0.2808872948437467,0.22727719286675568
khanhha_noisy1::GAPS384_valid_0016_541_1.jpg,0.2177035982285549,0.4633304792355222,0.318965922535923
khanhha_noisy1::Rissbilder_for_Florian_9S6A2786_1709_1270_2041_2349.jpg,0.516921521536597,0.33727936868646397,0.1457991097769391
khanhha_noisy1::Rissbilder_for_Florian_9S6A2786_641_1214_2289_2280.jpg,0.3170378078036219,0.5040215812376797,0.17894061095869834
khanhha_noisy1::Rissbilder_for_Florian_9S6A2788_0_0_3840_5760.jpg,0.5925801104080737,0.29371890402944184,0.11370098556248445
khanhha_noisy1::Rissbilder_for_Florian_9S6A2788_827_2151_2719_2314.jpg,0.4312470418074445,0.3151527281652436,0.2536002300273119
khanhha_noisy1::Rissbilder_for_Florian_9S6A2790_213_1721_2871_3688.jpg,0.5439513954426158,0.30443031579438795,0.1516182887629962
khanhha_noisy1::Rissbilder_for_Florian_9S6A2790_415_1305_3121_2371.jpg,0.6413464239887884,0.15886291315498194,0.19979066285622962
khanhha_noisy1::Rissbilder_for_Florian_9S6A2790_750_1920_2101_2560.jpg,0.46337764320245056,0.3808847803282716,0.15573757646927777
khanhha_noisy1::Rissbilder_for_Florian_9S6A2793_377_1016_2309_2713.jpg,0.5700227410202426,0.24366585986630704,0.18631139911345038
khanhha_noisy1::Rissbilder_for_Florian_9S6A2793_811_444_2800_3267.jpg,0.45424873018010137,0.465273468133496,0.08047780168640259
khanhha_noisy1::Rissbilder_for_Florian_9S6A2808_19_37_3435_3257.jpg,0.6253623332769175,0.1766148684274593,0.19802279829562336
khanhha_noisy1::Rissbilder_for_Florian_9S6A2808_222_2951_3443_2623.jpg,0.2334745508971689,0.1093005592429922,0.6572248898598388
khanhha_noisy1::Rissbilder_for_Florian_9S6A2808_30_709_3501_4305.jpg,0.6380787795996433,0.1656354976725939,0.19628572272776285
khanhha_noisy1::Rissbilder_for_Florian_9S6A2818_205_138_2610_2193.jpg,0.390073652275077,0.455086162683479,0.15484018504144398
khanhha_noisy1::Rissbilder_for_Florian_9S6A2818_208_545_3096_3152.jpg,0.35517091823831426,0.49635472562211963,0.14847435613956608
khanhha_noisy1::Rissbilder_for_Florian_9S6A2818_22_73_3648_4328.jpg,0.30120733360258845,0.613399044918401,0.0853936214790105
khanhha_noisy1::Rissbilder_for_Florian_9S6A2818_287_1431_3198_4185.jpg,0.3098783553935423,0.6125927740413504,0.0775288705651074
khanhha_noisy1::Rissbilder_for_Florian_9S6A2818_819_1604_2582_2762.jpg,0.5668860743597868,0.3324597018427015,0.10065422379751175
khanhha_noisy1::Rissbilder_for_Florian_9S6A2818_952_1532_2829_2875.jpg,0.7005084702913993,0.22353349380993057,0.07595803589867002
khanhha_noisy1::Rissbilder_for_Florian_9S6A2823_106_892_3634_4471.jpg,0.4607564582325287,0.36897343065626076,0.17027011111121051
khanhha_noisy1::Rissbilder_for_Florian_9S6A2827_1172_836_2226_2545.jpg,0.11190672664700863,0.6944959031928986,0.19359737016009293
khanhha_noisy1::Rissbilder_for_Florian_9S6A2827_1553_813_2699_2293.jpg,0.16856583979871942,0.6105507356858176,0.2208834245154629
khanhha_noisy1::Rissbilder_for_Florian_9S6A2828_111_1161_3542_4005.jpg,0.1870773253602539,0.6089656525673219,0.20395702207242425
khanhha_noisy1::Rissbilder_for_Florian_9S6A2828_81_1831_3515_3918.jpg,0.34464545288341514,0.5078687344232525,0.14748581269333233
khanhha_noisy1::Rissbilder_for_Florian_9S6A2828_958_2102_2564_2428.jpg,0.13394901844465162,0.6970223229059433,0.16902865864940503
khanhha_noisy1::Rissbilder_for_Florian_9S6A2829_248_0_4607_3807.jpg,0.5547809722959891,0.3183383084558387,0.1268807192481722
khanhha_noisy1::Rissbilder_for_Florian_9S6A2829_465_128_3261_3385.jpg,0.46410540968085295,0.40408377559204295,0.13181081472710404
khanhha_noisy1::Rissbilder_for_Florian_9S6A2840_408_2141_3112_2692.jpg,0.6364354133728181,0.2262323949442402,0.13733219168294186
khanhha_noisy1::Rissbilder_for_Florian_9S6A2840_520_1171_3029_3249.jpg,0.6912254590577904,0.17660043851869042,0.13217410242351912
khanhha_noisy1::Rissbilder_for_Florian_9S6A2840_73_1408_3251_2521.jpg,0.8220605096630811,0.10217446423761463,0.07576502609930427
khanhha_noisy1::Rissbilder_for_Florian_9S6A2840_7_1394_3830_4317.jpg,0.6651353740892955,0.22725516814629493,0.10760945776440968
khanhha_noisy1::Rissbilder_for_Florian_9S6A2844_0_0_3840_5760.jpg,0.16580464416321183,0.5662422251841278,0.26795313065266024
khanhha_noisy1::Rissbilder_for_Florian_9S6A2844_443_437_3072_2992.jpg,0.1350014645084877,0.776230314706232,0.08876822078528024
khanhha_noisy1::Rissbilder_for_Florian_9S6A2844_736_848_3078_2427.jpg,0.2545343866770568,0.6295741413540079,0.11589147196893525
khanhha_noisy1::Rissbilder_for_Florian_9S6A2847_112_411_3688_4096.jpg,0.06466623686150343,0.734898235431529,0.20043552770696754
khanhha_noisy1::Rissbilder_for_Florian_9S6A2847_422_1541_2737_2708.jpg,0.2594437876469806,0.4001815411704668,0.3403746711825525
khanhha_noisy1::Rissbilder_for_Florian_9S6A2847_57_1886_3694_3848.jpg,0.06800614816521174,0.7072430281933892,0.22475082364139887
khanhha_noisy1::Rissbilder_for_Florian_9S6A2852_1108_175_3570_3421.jpg,0.591818381828191,0.31755863008253676,0.09062298808927213
khanhha_noisy1::Rissbilder_for_Florian_9S6A2852_356_540_3667_2981.jpg,0.4727130868662889,0.3955761215658636,0.13171079156784748
khanhha_noisy1::Rissbilder_for_Florian_9S6A2853_1127_1463_2379_2376.jpg,0.39874717038574514,0.3920297935845983,0.20922303602965667
khanhha_noisy1::Rissbilder_for_Florian_9S6A2853_826_286_2004_2464.jpg,0.44790488194644046,0.4128350513789983,0.1392600666745612
khanhha_noisy1::Rissbilder_for_Florian_9S6A2858_103_1887_2963_2745.jpg,0.4244074485646688,0.4132618798912578,0.16233067154407335
khanhha_noisy1::Rissbilder_for_Florian_9S6A2858_138_1397_3695_4304.jpg,0.4054368328417592,0.45954402998667976,0.13501913717156114
khanhha_noisy1::Rissbilder_for_Florian_9S6A2858_203_242_3312_2597.jpg,0.43367912074360837,0.4050075854100154,0.16131329384637622
khanhha_noisy1::Rissbilder_for_Florian_9S6A2858_24_161_2934_2248.jpg,0.22265379830627327,0.6752401432526963,0.10210605844103045
khanhha_noisy1::Rissbilder_for_Florian_9S6A2858_559_619_3260_3533.jpg,0.5078573473601102,0.37958331296792464,0.11255933967196505
khanhha_noisy1::Rissbilder_for_Florian_9S6A2858_58_840_3696_4727.jpg,0.3542251538981395,0.4801673498298889,0.16560749627197158
khanhha_noisy1::Rissbilder_for_Florian_9S6A2858_74_2277_2849_2285.jpg,0.463667442579261,0.3902862664148807,0.1460462910058583
khanhha_noisy1::Rissbilder_for_Florian_9S6A2858_825_486_2361_2715.jpg,0.35558912488486216,0.5650438719158045,0.07936700319933335
khanhha_noisy1::Rissbilder_for_Florian_9S6A2861_1002_825_2601_2341.jpg,0.42154926334005,0.48260324910362157,0.09584748755632842
khanhha_noisy1::Rissbilder_for_Florian_9S6A2861_327_851_2964_3474.jpg,0.5207415393844794,0.37387470848695864,0.10538375212856205
khanhha_noisy1::Rissbilder_for_Florian_9S6A2861_716_324_2856_3710.jpg,0.5271879127713616,0.3067543794035239,0.16605770782511448
khanhha_noisy1::Rissbilder_for_Florian_9S6A2865_215_1866_2936_3607.jpg,0.19322050493034532,0.6312134939879674,0.17556600108168727
khanhha_noisy1::Rissbilder_for_Florian_9S6A2865_321_3005_2468_2755.jpg,0.24041596847963395,0.6330809587036533,0.12650307281671266
khanhha_noisy1::Rissbilder_for_Florian_9S6A2865_402_376_2830_3345.jpg,0.2096319545643992,0.5431990424152099,0.2471690030203908
khanhha_noisy1::Rissbilder_for_Florian_9S6A2865_415_206_2924_3039.jpg,0.2417983695318755,0.4762247070168409,0.28197692345128367
khanhha_noisy1::Rissbilder_for_Florian_9S6A2865_48_35_3665_3847.jpg,0.2638462141488549,0.520148276286769,0.21600550956437614
khanhha_noisy1::Rissbilder_for_Florian_9S6A2865_874_516_2613_2236.jpg,0.3916692121483478,0.41627505208911475,0.19205573576253737
khanhha_noisy1::Rissbilder_for_Florian_9S6A2874_251_526_2458_2696.jpg,0.574950480346396,0.1857353162640321,0.23931420338957174
khanhha_noisy1::Rissbilder_for_Florian_9S6A2884_103_1141_3407_4451.jpg,0.21340987670474806,0.5794158889639595,0.20717423433129248
khanhha_noisy1::Rissbilder_for_Florian_9S6A2884_158_1281_3498_4054.jpg,0.323964876090191,0.434649669896404,0.24138545401340514
khanhha_noisy1::Rissbilder_for_Florian_9S6A2884_197_1323_3592_3665.jpg,0.3245783437047921,0.38325074209042703,0.29217091420478075
khanhha_noisy1::Rissbilder_for_Florian_9S6A2884_19_1803_3537_2796.jpg,0.3612528541417459,0.35394631483218947,0.2848008310260646
khanhha_noisy1::Rissbilder_for_Florian_9S6A2895_46_163_3635_3331.jpg,0.08115795015226823,0.2699202842881176,0.6489217655596142
khanhha_noisy1::Rissbilder_for_Florian_9S6A2897_1309_1879_2158_2129.jpg,0.5462268589786176,0.3069523101058977,0.14682083091548478
khanhha_noisy1::Rissbilder_for_Florian_9S6A2897_161_1181_3216_3670.jpg,0.430949127929047,0.2925700554470509,0.2764808166239022
khanhha_noisy1::Rissbilder_for_Florian_9S6A2897_480_85_2898_3545.jpg,0.46063596450292554,0.3460537341299334,0.19331030136714095
khanhha_noisy1::Rissbilder_for_Florian_9S6A2897_575_1892_2708_3567.jpg,0.40807737372152214,0.36883369760587265,0.22308892867260532
khanhha_noisy1::Rissbilder_for_Florian_9S6A2897_9_818_3756_3081.jpg,0.44816118190027165,0.2783980703513681,0.27344074774836025
khanhha_noisy1::Rissbilder_for_Florian_9S6A2901_0_0_3840_5760.jpg,0.1649608822350702,0.5048485182303704,0.3301905995345594
khanhha_noisy1::Rissbilder_for_Florian_9S6A2901_55_3400_2984_2240.jpg,0.14952776176662708,0.3193942437838555,0.5310779944495174
khanhha_noisy1::Rissbilder_for_Florian_9S6A2901_67_161_3343_3273.jpg,0.19912975295414706,0.4035839401662324,0.3972863068796206
khanhha_noisy1::Rissbilder_for_Florian_9S6A2902_0_0_3840_5760.jpg,0.3312650788374307,0.47937161514216337,0.18936330602040596
khanhha_noisy1::Rissbilder_for_Florian_9S6A2902_163_2262_3171_3274.jpg,0.4117271430456791,0.4539421591087305,0.13433069784559032
khanhha_noisy1::Rissbilder_for_Florian_9S6A2902_192_967_2598_2117.jpg,0.6375939924568625,0.22529137814783926,0.13711462939529823
khanhha_noisy1::Rissbilder_for_Florian_9S6A2903_385_511_3375_3468.jpg,0.7087292072700895,0.13872350959944385,0.15254728313046664
khanhha_noisy1::Rissbilder_for_Florian_9S6A2903_438_739_2998_2746.jpg,0.7414597615547809,0.1120435281057427,0.1464967103394764
khanhha_noisy1::Rissbilder_for_Florian_9S6A2910_0_0_3840_5760.jpg,0.7386617443461653,0.07580660812457914,0.18553164752925566
khanhha_noisy1::Rissbilder_for_Florian_9S6A2910_113_175_3097_2360.jpg,0.5216236410317802,0.07856239879381464,0.39981396017440507
khanhha_noisy1::Rissbilder_for_Florian_9S6A2910_43_1959_3615_3077.jpg,0.6129610540228395,0.06007156535850493,0.3269673806186555
khanhha_noisy1::Rissbilder_for_Florian_9S6A2910_59_1878_2063_2153.jpg,0.4733335987372588,0.08961854147698431,0.43704785978575694
khanhha_noisy1::Rissbilder_for_Florian_9S6A2910_880_2365_2685_2887.jpg,0.50981504842324,0.06862069307184601,0.421564258504914
khanhha_noisy1::Rissbilder_for_Florian_9S6A2915_1128_2752_2373_2395.jpg,0.4471401034925824,0.2626836340519366,0.29017626245548106
khanhha_noisy1::Rissbilder_for_Florian_9S6A2915_757_2194_2406_2383.jpg,0.4544932122009736,0.262126237607656,0.2833805501913703
khanhha_noisy1::Rissbilder_for_Florian_9S6A2919_1008_848_2956_2327.jpg,0.4960616418133563,0.20660353867069525,0.29733481951594853
khanhha_noisy1::Rissbilder_for_Florian_9S6A2919_1139_6_3401_3091.jpg,0.5921147023526211,0.18353436879465213,0.22435092885272673
khanhha_noisy1::Rissbilder_for_Florian_9S6A2919_311_375_3331_2605.jpg,0.6282283890822269,0.08302721544524488,0.28874439547252817
khanhha_noisy1::Rissbilder_for_Florian_9S6A2919_910_611_3253_2887.jpg,0.5759006103543116,0.1741775918917585,0.2499217977539298
khanhha_noisy1::Rissbilder_for_Florian_9S6A3103_225_1283_3432_3981.jpg,0.4539123535770374,0.3239702449522608,0.2221174014707018
khanhha_noisy1::Rissbilder_for_Florian_9S6A3103_43_936_3780_4403.jpg,0.5505310537378224,0.2974713710079513,0.15199757525422636
khanhha_noisy1::Rissbilder_for_Florian_9S6A3103_446_1371_3306_4182.jpg,0.4801618112573988,0.34299813374740207,0.1768400549951992
khanhha_noisy1::Rissbilder_for_Florian_9S6A3103_513_1787_2538_2641.jpg,0.565028382135138,0.2727772923331333,0.16219432553172877
khanhha_noisy1::Rissbilder_for_Florian_9S6A3116_390_1097_2997_3963.jpg,0.12129528638505825,0.3309034326220763,0.5478012809928655
khanhha_noisy1::Rissbilder_for_Florian_9S6A3116_555_2380_2956_2340.jpg,0.11099794942971399,0.441622740644803,0.44737930992548297
khanhha_noisy1::Rissbilder_for_Florian_9S6A3119_1583_2261_2214_2879.jpg,0.043213675019988185,0.42998140353312647,0.5268049214468854
khanhha_noisy1::Rissbilder_for_Florian_9S6A3119_179_1656_3530_3136.jpg,0.019396249409931492,0.31446619805631265,0.6661375525337558
khanhha_noisy1::Rissbilder_for_Florian_9S6A3119_520_1811_3242_3051.jpg,0.026708187483433527,0.28191178617866886,0.6913800263378976
khanhha_noisy1::Rissbilder_for_Florian_9S6A3120_14_1099_3666_4059.jpg,0.07198920930303288,0.17104026329003574,0.7569705274069314
khanhha_noisy1::Rissbilder_for_Florian_9S6A3120_217_1113_3331_4192.jpg,0.08928999066489762,0.14751317736692893,0.7631968319681736
khanhha_noisy1::Rissbilder_for_Florian_9S6A3120_236_1671_2928_2310.jpg,0.19569968054215175,0.3093118461398584,0.49498847331798984
khanhha_noisy1::Rissbilder_for_Florian_9S6A3120_875_1120_2089_2571.jpg,0.21966317050183373,0.23549490216772612,0.5448419273304402
khanhha_noisy1::Rissbilder_for_Florian_9S6A3127_114_2737_3530_2753.jpg,0.3096289123513878,0.0883942463532194,0.6019768412953929
khanhha_noisy1::Rissbilder_for_Florian_9S6A3127_54_1984_3083_3305.jpg,0.24574888277893908,0.2607489022550904,0.4935022149659705
khanhha_noisy1::Rissbilder_for_Florian_9S6A3127_595_2880_2296_2633.jpg,0.1744017935340213,0.18389121180964382,0.6417069946563349
khanhha_noisy1::Rissbilder_for_Florian_9S6A3127_653_1639_2788_3252.jpg,0.16722392739623718,0.27849604350518586,0.554280029098577
khanhha_noisy1::Rissbilder_for_Florian_9S6A3127_89_657_3259_3858.jpg,0.20903547935107153,0.22798546340430567,0.5629790572446227
khanhha_noisy1::Rissbilder_for_Florian_9S6A3127_9_1051_3792_3003.jpg,0.24754710672277278,0.2041246557253189,0.5483282375519083
khanhha_noisy1::Rissbilder_for_Florian_9S6A3130_190_1907_3510_2920.jpg,0.18802902974506655,0.28363768472029866,0.5283332855346349
khanhha_noisy1::Rissbilder_for_Florian_9S6A3130_24_518_3753_4265.jpg,0.15694999194343007,0.3135590535549212,0.5294909545016486
khanhha_noisy1::Rissbilder_for_Florian_9S6A3130_35_1947_3497_3753.jpg,0.3587859703743747,0.19715853232973507,0.4440554972958902
khanhha_noisy1::Rissbilder_for_Florian_9S6A3130_485_279_2724_2520.jpg,0.27590700319897316,0.32255554914664847,0.4015374476543784
khanhha_noisy1::Rissbilder_for_Florian_9S6A3130_741_2592_3069_3082.jpg,0.4015056594584791,0.0682154838442903,0.5302788566972306
khanhha_noisy1::Rissbilder_for_Florian_9S6A3137_1104_2295_2445_3107.jpg,0.17266356273659106,0.12003346713527714,0.7073029701281318
khanhha_noisy1::Rissbilder_for_Florian_9S6A3137_1228_1792_2559_2477.jpg,0.2612824729752285,0.2192992943779372,0.5194182326468343
khanhha_noisy1::Rissbilder_for_Florian_9S6A3137_182_823_3574_4047.jpg,0.36600338199262966,0.21122498342499305,0.42277163458237715
khanhha_noisy1::Rissbilder_for_Florian_9S6A3137_201_2087_3465_3669.jpg,0.1815073819949087,0.1127536356524672,0.705738982352624
khanhha_noisy1::Rissbilder_for_Florian_9S6A3137_313_2279_2337_2933.jpg,0.30584772422130063,0.24568003579371187,0.44847223998498753
khanhha_noisy1::Rissbilder_for_Florian_9S6A3137_507_1097_2555_2213.jpg,0.4350153611136516,0.30843882799559863,0.25654581089074996
khanhha_noisy1::Sylvie_Chambon_022.jpg,0.4164091234738927,0.3570712820231575,0.22651959450294984
khanhha_noisy1::Sylvie_Chambon_038.jpg,0.24399347156562654,0.33907098895137083,0.41693553948300266
khanhha_noisy1::Sylvie_Chambon_039.jpg,0.49473691684621024,0.22736388953347758,0.2778991936203123
khanhha_noisy1::Sylvie_Chambon_056.jpg,0.5897692288364378,0.19765682261700165,0.21257394854656056
khanhha_noisy1::Sylvie_Chambon_073.jpg,0.19609478573549288,0.617060806973385,0.18684440729112223
khanhha_noisy1::Sylvie_Chambon_087.jpg,0.40195055993558276,0.23786087011930312,0.3601885699451141
khanhha_noisy1::Sylvie_Chambon_105.jpg,0.5503471691267998,0.10100990648309209,0.3486429243901081
khanhha_noisy1::Sylvie_Chambon_116.jpg,0.4542594340840732,0.2255000343979978,0.3202405315179291
khanhha_noisy1::Sylvie_Chambon_314.jpg,0.4032921900763685,0.22561246923271727,0.37109534069091415
khanhha_noisy1::Sylvie_Chambon_319.jpg,0.07036986166436184,0.3756667302717563,0.5539634080638818
khanhha_noisy1::Volker_DSC01624_0_0_2736_1824.jpg,0.5521106303824491,0.15756106339025497,0.29032830622729605
khanhha_noisy1::Volker_DSC01632_0_0_1824_2736.jpg,0.24588253049361888,0.3796597775169905,0.3744576919893907
khanhha_noisy1::Volker_DSC01632_109_353_1680_1636.jpg,0.24419440721054742,0.37658568383179064,0.37921990895766206
khanhha_noisy1::Volker_DSC01639_1065_321_1284_1200.jpg,0.06966735718288355,0.12560588987635243,0.804726752940764
khanhha_noisy1::Volker_DSC01639_165_52_1412_1364.jpg,0.03588469458489766,0.06660184306993634,0.897513462345166
khanhha_noisy1::Volker_DSC01646_226_19_1273_1645.jpg,0.29594283847673764,0.4339485017633795,0.2701086597598829
khanhha_noisy1::Volker_DSC01646_456_54_2117_1728.jpg,0.17286250192361588,0.5288734824496902,0.2982640156266938
khanhha_noisy1::Volker_DSC01651_163_249_1349_1454.jpg,0.3783294391360182,0.24207764025251136,0.37959292061147043
khanhha_noisy1::Volker_DSC01651_61_82_1347_1168.jpg,0.23435269911646614,0.17528576413313018,0.5903615367504037
khanhha_noisy1::Volker_DSC01657_130_62_1583_1831.jpg,0.1258357696924845,0.23972256963321287,0.6344416606743026
khanhha_noisy1::Volker_DSC01657_290_50_1476_1614.jpg,0.1547506412714878,0.2668373223962332,0.578412036332279
khanhha_noisy1::Volker_DSC01657_665_1068_1125_1350.jpg,0.12842021969380793,0.267514651613902,0.6040651286922901
khanhha_noisy1::Volker_DSC01657_8_1012_1813_1672.jpg,0.12712707962615033,0.29264416112431396,0.5802287592495358
khanhha_noisy1::Volker_DSC01658_0_0_1824_2736.jpg,0.13994148473826842,0.4331084700732564,0.4269500451884752
khanhha_noisy1::Volker_DSC01658_167_371_1635_1643.jpg,0.1721361740592214,0.3510940120319062,0.47676981390887235
khanhha_noisy1::Volker_DSC01658_352_1474_1034_1008.jpg,0.19818751553364275,0.28453015413147725,0.51728233033488
khanhha_noisy1::Volker_DSC01658_470_825_1327_1606.jpg,0.2721878710590395,0.2108733908694248,0.5169387380715357
khanhha_noisy1::Volker_DSC01660_192_247_1588_1991.jpg,0.4286202446989903,0.323513260336244,0.24786649496476568
khanhha_noisy1::Volker_DSC01669_0_0_1824_2736.jpg,0.3499481402396913,0.20789434957025396,0.4421575101900548
khanhha_noisy1::Volker_DSC01669_9_1042_1814_1517.jpg,0.5059529009661482,0.20202675192046693,0.29202034711338487
khanhha_noisy1::Volker_DSC01695_0_0_2736_1824.jpg,0.30163636103706176,0.29255877126443525,0.40580486769850294
khanhha_noisy1::Volker_DSC01702_39_31_1703_1771.jpg,0.41947912933687737,0.079525599268006,0.5009952713951166
khanhha_noisy1::Volker_DSC01702_418_156_1024_1333.jpg,0.34614277931767307,0.2514662170766463,0.4023910036056806
khanhha_noisy1::cracktree200_6203.jpg,0.5304429071687583,0.28619255195373294,0.18336454087750864
khanhha_noisy1::cracktree200_6243.jpg,0.2774953085203051,0.6015099094665103,0.12099478201318471
khanhha_noisy1::cracktree200_6247.jpg,0.3883986397047697,0.5303351893174619,0.08126617097776831
khanhha_noisy1::cracktree200_6310.jpg,0.1964398494832399,0.6857607970144479,0.11779935350231206
khanhha_noisy1::cracktree200_6635.jpg,0.5357900799344685,0.1866937619144481,0.27751615815108344
khanhha_noisy1::cracktree200_6774.jpg,0.1428502408466318,0.7298566632648483,0.1272930958885198
khanhha_noisy1::forest_022.jpg,0.4164091234738927,0.3570712820231575,0.22651959450294984
khanhha_noisy1::forest_082.jpg,0.45383012800609984,0.22488106506184005,0.32128880693206
khanhha_noisy1::forest_083.jpg,0.22367783280559175,0.41489847650595935,0.3614236906884489
khanhha_noisy1::forest_104.jpg,0.3182963890348276,0.18439351248014965,0.4973100984850228
khanhha_noisy1::noncrack_noncrack_concrete_wall_0_0.jpg.jpg,0.0007661916150107402,0.9880335423665263,0.011200266018462834
khanhha_noisy1::noncrack_noncrack_concrete_wall_0_3.jpg.jpg,0.00042997427567853985,0.9763425396307229,0.023227486093598624
khanhha_noisy1::noncrack_noncrack_concrete_wall_11_4.jpg.jpg,0.03160905703383236,0.9446601364315298,0.023730806534637737
khanhha_noisy1::noncrack_noncrack_concrete_wall_16_1.jpg.jpg,0.059944040182349397,0.8500471775825993,0.09000878223505122
khanhha_noisy1::noncrack_noncrack_concrete_wall_16_5.jpg.jpg,0.07357237117318659,0.8596768744882801,0.06675075433853332
khanhha_noisy1::noncrack_noncrack_concrete_wall_18_1.jpg.jpg,0.05489714467544737,0.8648909475521165,0.0802119077724362
khanhha_noisy1::noncrack_noncrack_concrete_wall_18_11.jpg.jpg,0.07681428144727825,0.7834113907170097,0.13977432783571223
khanhha_noisy1::noncrack_noncrack_concrete_wall_18_12.jpg.jpg,0.048343977787940466,0.8601115300497033,0.09154449216235606
khanhha_noisy1::noncrack_noncrack_concrete_wall_18_18.jpg.jpg,0.0395449686312195,0.8959659929344638,0.06448903843431662
khanhha_noisy1::noncrack_noncrack_concrete_wall_18_19.jpg.jpg,0.05810259026388094,0.8023172537717823,0.13958015596433673
khanhha_noisy1::noncrack_noncrack_concrete_wall_18_3.jpg.jpg,0.04758609882901621,0.8331375241854475,0.11927637698553625
khanhha_noisy1::noncrack_noncrack_concrete_wall_18_9.jpg.jpg,0.05814065861586539,0.8619773909817506,0.07988195040238408
khanhha_noisy1::noncrack_noncrack_concrete_wall_24_19.jpg.jpg,0.0425503894052345,0.918565417871971,0.0388841927227945
khanhha_noisy1::noncrack_noncrack_concrete_wall_24_31.jpg.jpg,0.03620183395902939,0.9248005469408696,0.03899761910010092
khanhha_noisy1::noncrack_noncrack_concrete_wall_24_35.jpg.jpg,0.01859387749692276,0.9663576873327971,0.015048435170280107
khanhha_noisy1::noncrack_noncrack_concrete_wall_24_38.jpg.jpg,0.06468092469031665,0.878480426698788,0.05683864861089524
khanhha_noisy1::noncrack_noncrack_concrete_wall_24_4.jpg.jpg,0.029151117602265218,0.9465853412683027,0.02426354112943211
khanhha_noisy1::noncrack_noncrack_concrete_wall_24_8.jpg.jpg,0.07685923198993336,0.8594193843229967,0.06372138368706984
khanhha_noisy1::noncrack_noncrack_concrete_wall_29_6.jpg.jpg,0.09732784310459051,0.8208635274589906,0.08180862943641883
khanhha_noisy1::noncrack_noncrack_concrete_wall_33_4.jpg.jpg,0.04720934308461594,0.8387866004749409,0.11400405644044316
khanhha_noisy1::noncrack_noncrack_concrete_wall_38_4.jpg.jpg,0.0005308784851171704,0.9982650583681567,0.0012040631467260467
khanhha_noisy1::noncrack_noncrack_concrete_wall_38_5.jpg.jpg,0.0009933621306328832,0.9965713506783127,0.0024352871910545094
khanhha_noisy1::noncrack_noncrack_concrete_wall_38_6.jpg.jpg,0.000306236181442017,0.9977767261778264,0.0019170376407315723
khanhha_noisy1::noncrack_noncrack_concrete_wall_43_14.jpg.jpg,0.06946232672172097,0.9041894850586495,0.026348188219629563
khanhha_noisy1::noncrack_noncrack_concrete_wall_43_15.jpg.jpg,0.041131300265634246,0.9404452172929156,0.018423482441450083
khanhha_noisy1::noncrack_noncrack_concrete_wall_43_18.jpg.jpg,0.09656434290431289,0.8507504080834815,0.05268524901220568
khanhha_noisy1::noncrack_noncrack_concrete_wall_43_2.jpg.jpg,0.0897285237708535,0.8841614250848914,0.026110051144255214
khanhha_noisy1::noncrack_noncrack_concrete_wall_43_25.jpg.jpg,0.10018720885734908,0.875101048401998,0.02471174274065289
khanhha_noisy1::noncrack_noncrack_concrete_wall_43_34.jpg.jpg,0.09037937892152288,0.8852304443349516,0.024390176743525695
khanhha_noisy1::noncrack_noncrack_concrete_wall_43_42.jpg.jpg,0.07159520268719742,0.9025880412964418,0.02581675601636092
khanhha_noisy1::noncrack_noncrack_concrete_wall_43_44.jpg.jpg,0.12516983562939543,0.8342834201398874,0.04054674423071728
khanhha_noisy1::noncrack_noncrack_concrete_wall_43_48.jpg.jpg,0.09080486639831725,0.8691573202663936,0.040037813335288996
khanhha_noisy1::noncrack_noncrack_concrete_wall_43_50.jpg.jpg,0.07115068621049854,0.9020131459714302,0.026836167818071216
khanhha_noisy1::noncrack_noncrack_concrete_wall_47_4.jpg.jpg,0.051132556817345305,0.912503479496426,0.036363963686228774
khanhha_noisy1::noncrack_noncrack_concrete_wall_47_6.jpg.jpg,0.051132556817345305,0.912503479496426,0.036363963686228774
khanhha_noisy1::noncrack_noncrack_concrete_wall_55_10.jpg.jpg,0.05779997488826547,0.9280872493515744,0.014112775760160297
khanhha_noisy1::noncrack_noncrack_concrete_wall_55_24.jpg.jpg,0.08713991191238664,0.8941208312119957,0.0187392568756177
khanhha_noisy1::noncrack_noncrack_concrete_wall_55_29.jpg.jpg,0.0938996413121069,0.8643704458556244,0.04172991283226868
khanhha_noisy1::noncrack_noncrack_concrete_wall_55_32.jpg.jpg,0.07192237823601902,0.884141247006458,0.043936374757522836
khanhha_noisy1::noncrack_noncrack_concrete_wall_55_38.jpg.jpg,0.09001931023925858,0.8800607997637132,0.02991988999702819
khanhha_noisy1::noncrack_noncrack_concrete_wall_55_4.jpg.jpg,0.07645879031092731,0.8990524183177528,0.02448879137131992
khanhha_noisy1::noncrack_noncrack_concrete_wall_55_41.jpg.jpg,0.08860750021922376,0.8832697389185897,0.028122760862186482
khanhha_noisy1::noncrack_noncrack_concrete_wall_55_49.jpg.jpg,0.09970060866022855,0.8789908259999175,0.021308565339853845
khanhha_noisy1::noncrack_noncrack_concrete_wall_55_6.jpg.jpg,0.12542131560389835,0.8154663558898608,0.05911232850624087
khanhha_noisy1::noncrack_noncrack_concrete_wall_57_11.jpg.jpg,0.07820323690214649,0.9115357295507085,0.010261033547144959
khanhha_noisy1::noncrack_noncrack_concrete_wall_57_6.jpg.jpg,0.1463634243462215,0.8292468750702513,0.024389700583527237
khanhha_noisy1::noncrack_noncrack_concrete_wall_66_1.jpg.jpg,0.04471753082130255,0.9217441647025665,0.03353830447613088
khanhha_noisy1::noncrack_noncrack_concrete_wall_66_10.jpg.jpg,0.02039083901224594,0.9700241046651041,0.009585056322649806
khanhha_noisy1::noncrack_noncrack_concrete_wall_66_21.jpg.jpg,0.021831682554701113,0.9625650788842679,0.015603238561031001
khanhha_noisy1::noncrack_noncrack_concrete_wall_66_8.jpg.jpg,0.015832065144635435,0.9661559202795245,0.01801201457584
khanhha_noisy1::noncrack_noncrack_concrete_wall_79_2.jpg.jpg,0.09878093388023108,0.8597717668302154,0.04144729928955353
khanhha_noisy1::noncrack_noncrack_concrete_wall_79_6.jpg.jpg,0.07426855235367426,0.8889370454891923,0.03679440215713339
khanhha_noisy1::noncrack_noncrack_concrete_wall_99_2.jpg.jpg,0.03924721302093252,0.9495284071750162,0.011224379804051124
khanhha_noisy2::CFD_001.jpg,0.28156092906686225,0.5801662236912675,0.1382728472418703
khanhha_noisy2::CFD_040.jpg,0.7057102533658395,0.10611442623625165,0.1881753203979089
khanhha_noisy2::CFD_088.jpg,0.226948864871217,0.5026444358483585,0.27040669928042455
khanhha_noisy2::CFD_118.jpg,0.4794863474334668,0.13421897365623506,0.3862946789102982
khanhha_noisy2::CRACK500_20160222_081031_641_361.jpg,0.21426313848976153,0.6057177791270499,0.18001908238318856
khanhha_noisy2::CRACK500_20160222_115833_1921_1081.jpg,0.32111632948712127,0.5878055159963712,0.09107815451650754
khanhha_noisy2::CRACK500_20160222_115833_641_361.jpg,0.5878352665037717,0.3615501745350824,0.05061455896114584
khanhha_noisy2::CRACK500_20160222_115843_1281_361.jpg,0.26527794346510564,0.7165036533326897,0.01821840320220466
khanhha_noisy2::CRACK500_20160222_115847_1281_361.jpg,0.09426768687744035,0.8886219921785721,0.017110320943987622
khanhha_noisy2::CRACK500_20160222_115847_641_361.jpg,0.09790911059287813,0.8890256213451074,0.013065268062014327
khanhha_noisy2::CRACK500_20160222_164936_641_361.jpg,0.6867114066463432,0.17211278821286236,0.14117580514079442
khanhha_noisy2::CRACK500_20160222_165037_1921_361.jpg,0.18374489416848389,0.6785107709152304,0.13774433491628565
khanhha_noisy2::CRACK500_20160222_165037_1_361.jpg,0.3014659716922547,0.3844530611080639,0.31408096719968137
khanhha_noisy2::CRACK500_20160222_165037_641_361.jpg,0.21610455033967205,0.5912728481063708,0.19262260155395708
khanhha_noisy2::CRACK500_20160222_165256_1281_1.jpg,0.1813851915030501,0.7267287118439127,0.09188609665303708
khanhha_noisy2::CRACK500_20160222_165256_1281_721.jpg,0.5853127398429739,0.26485406601395994,0.14983319414306606
khanhha_noisy2::CRACK500_20160222_165256_641_1.jpg,0.5996920363036297,0.2474092282244362,0.1528987354719341
khanhha_noisy2::CRACK500_20160225_114503_1_361.jpg,0.24862037703437137,0.6888599530511065,0.06251966991452217
khanhha_noisy2::CRACK500_20160302_155919_1281_721.jpg,0.450539513848162,0.38300721429010126,0.16645327186173675
khanhha_noisy2::CRACK500_20160302_155919_641_1.jpg,0.5965462909890502,0.17239406829794943,0.23105964071300028
khanhha_noisy2::CRACK500_20160302_155919_641_1081.jpg,0.6385960673366138,0.2852082547921513,0.07619567787123496
khanhha_noisy2::CRACK500_20160306_103613_1_721.jpg,0.31863852084891553,0.429812639720022,0.2515488394310625
khanhha_noisy2::CRACK500_20160306_103638_1921_1081.jpg,0.562605998101341,0.113469167404754,0.3239248344939051
khanhha_noisy2::CRACK500_20160306_103638_1_361.jpg,0.3263470060726095,0.4927965769854045,0.18085641694198587
khanhha_noisy2::CRACK500_20160306_103816_1_721.jpg,0.42123816585321805,0.38738122075783193,0.19138061338895015
khanhha_noisy2::CRACK500_20160306_104527_1921_721.jpg,0.5275571455109359,0.2689651860636704,0.20347766842539364
khanhha_noisy2::CRACK500_20160306_104527_641_361.jpg,0.10636231081774765,0.8094366266888908,0.08420106249336151
khanhha_noisy2::CRACK500_20160307_144202_1281_361.jpg,0.5276326742071855,0.30816181633059647,0.164205509462218
khanhha_noisy2::CRACK500_20160307_144202_1281_721.jpg,0.3532885994169938,0.5329784325435428,0.11373296803946345
khanhha_noisy2::CRACK500_20160307_144842_1281_1.jpg,0.5034011900982607,0.29916704474271105,0.19743176515902824
khanhha_noisy2::CRACK500_20160307_144842_1281_1081.jpg,0.37126908748496595,0.48858492909181905,0.140145983423215
khanhha_noisy2::CRACK500_20160307_145059_1921_361.jpg,0.13299276827497597,0.680976909021736,0.1860303227032879
khanhha_noisy2::CRACK500_20160307_163627_641_721.jpg,0.4297724051409833,0.3223704229788991,0.24785717188011758
khanhha_noisy2::CRACK500_20160307_163641_1921_361.jpg,0.6663428573643665,0.1359122178240015,0.19774492481163194
khanhha_noisy2::CRACK500_20160307_164400_641_1.jpg,0.35958958327815627,0.48549306073948567,0.154917355982358
khanhha_noisy2::CRACK500_20160308_072824_641_1.jpg,0.12994970986527896,0.6486747622895601,0.22137552784516099
khanhha_noisy2::CRACK500_20160308_074330_1921_721.jpg,0.7169290672838402,0.10080862444601237,0.18226230827014744
khanhha_noisy2::CRACK500_20160308_155737_1281_1.jpg,0.28679658035571937,0.47664271522646795,0.2365607044178126
khanhha_noisy2::CRACK500_20160308_155737_1281_361.jpg,0.3869921566394037,0.3779639876020003,0.23504385575859604
khanhha_noisy2::CRACK500_20160308_155737_1281_721.jpg,0.26583446996436955,0.5872820953730555,0.14688343466257486
khanhha_noisy2::CRACK500_20160308_155737_1921_1.jpg,0.49981630429757046,0.2767476226734231,0.22343607302900634
khanhha_noisy2::CRACK500_20160308_155737_1_1081.jpg,0.4704495471420231,0.23956557591639543,0.2899848769415815
khanhha_noisy2::CRACK500_20160308_155737_641_721.jpg,0.4112085509042017,0.2902705853085648,0.29852086378723347
khanhha_noisy2::CRACK500_20160308_155828_1281_721.jpg,0.42559429978522356,0.4124279767856677,0.16197772342910874
khanhha_noisy2::CRACK500_20160308_155836_1921_361.jpg,0.3092988342090121,0.6222101887175162,0.06849097707347164
khanhha_noisy2::CRACK500_20160308_155836_1921_721.jpg,0.582088582854053,0.3222903849596821,0.09562103218626496
khanhha_noisy2::CRACK500_20160310_114446_641_1081.jpg,0.4838645822517662,0.18814278940505585,0.3279926283431779
khanhha_noisy2::CRACK500_20160316_142009_1281_361.jpg,0.3718276088071667,0.4702546178882896,0.15791777330454362
khanhha_noisy2::CRACK500_20160316_142009_1281_721.jpg,0.4364793645736452,0.39295245582866084,0.17056817959769396
khanhha_noisy2::CRACK500_20160316_142027_1281_721.jpg,0.7521972301285973,0.13308118248337175,0.11472158738803101
khanhha_noisy2::CRACK500_20160316_143433_641_361.jpg,0.26919497472359943,0.5275640573415827,0.2032409679348178
khanhha_noisy2::CRACK500_20160316_144230_641_1.jpg,0.38222100751140337,0.4339928752988454,0.1837861171897513
khanhha_noisy2::CRACK500_20160316_183217_1281_1.jpg,0.4181403305902323,0.4261748103958328,0.15568485901393483
khanhha_noisy2::CRACK500_20160321_185637_1_1081.jpg,0.7013673996186598,0.16138009288171237,0.1372525074996278
khanhha_noisy2::CRACK500_20160324_170309_641_1.jpg,0.2548779170993241,0.6143891958798987,0.13073288702077718
khanhha_noisy2::CRACK500_20160324_170309_641_361.jpg,0.1692816193409459,0.7081644055400104,0.12255397511904365
khanhha_noisy2::CRACK500_20160324_170309_641_721.jpg,0.2873314571310121,0.5745519358200519,0.13811660704893597
khanhha_noisy2::CRACK500_20160324_170542_1_721.jpg,0.6062659881898693,0.22885650513253575,0.16487750667759485
khanhha_noisy2::CRACK500_20160326_142309_1281_721.jpg,0.2821632500379974,0.4379109043090416,0.27992584565296086
khanhha_noisy2::CRACK500_20160328_150820_641_361.jpg,0.11393761252584869,0.7649897491912067,0.12107263828294464
khanhha_noisy2::CRACK500_20160328_150940_1281_361.jpg,0.34450178600226716,0.37686731045891125,0.27863090353882164
khanhha_noisy2::CRACK500_20160328_150940_1_1081.jpg,0.7102976000076423,0.12588341695419902,0.16381898303815862
khanhha_noisy2::CRACK500_20160328_150940_641_1081.jpg,0.3603183806593955,0.46710332738648797,0.17257829195411648
khanhha_noisy2::CRACK500_20160328_150940_641_361.jpg,0.5805936043286005,0.18007386265526967,0.23933253301612986
khanhha_noisy2::CRACK500_20160328_151056_1_361.jpg,0.2755955992623367,0.6401836860352401,0.08422071470242311
khanhha_noisy2::CRACK500_20160328_151056_641_1081.jpg,0.19692083599899254,0.7544300338187541,0.04864913018225345
khanhha_noisy2::CRACK500_20160328_151151_1921_721.jpg,0.25575368332094334,0.5286632216842518,0.21558309499480482
khanhha_noisy2::CRACK500_20160328_151151_1_1.jpg,0.45915344158387816,0.44621035508184737,0.09463620333427435
khanhha_noisy2::CRACK500_20160328_151151_641_1081.jpg,0.43408090711515557,0.44618728104795496,0.11973181183688945
khanhha_noisy2::CRACK500_20160328_151151_641_361.jpg,0.28326632040207483,0.6171526330760331,0.09958104652189198
khanhha_noisy2::CRACK500_20160328_151241_1_1.jpg,0.3502455542877879,0.5002525473040647,0.14950189840814732
khanhha_noisy2::CRACK500_20160328_151241_641_721.jpg,0.5177632458358391,0.2474068957593588,0.23482985840480208
khanhha_noisy2::CRACK500_20160328_151244_1921_1081.jpg,0.37224603120780203,0.3700706278705983,0.2576833409215997
khanhha_noisy2::CRACK500_20160328_151244_641_721.jpg,0.6203037826563187,0.21819461041416555,0.16150160692951565
khanhha_noisy2::CRACK500_20160328_151343_1281_1.jpg,0.6284484703363584,0.20531501218826978,0.16623651747537183
khanhha_noisy2::CRACK500_20160328_151343_641_721.jpg,0.3429035835658732,0.46469146240257303,0.1924049540315538
khanhha_noisy2::CRACK500_20160328_153241_1281_721.jpg,0.30713883060199754,0.3459497909504261,0.34691137844757636
khanhha_noisy2::CRACK500_20160328_153404_641_721.jpg,0.4115310804642984,0.3687680373669681,0.21970088216873357
khanhha_noisy2::CRACK500_20160328_153544_1_1081.jpg,0.41580654652695515,0.3658782468215849,0.21831520665145998
khanhha_noisy2::CRACK500_20160328_153544_1_721.jpg,0.0834431875434044,0.87037922496994,0.04617758748665557
khanhha_noisy2::CRACK500_20160328_153548_1281_721.jpg,0.35107266225753675,0.49917265184035214,0.14975468590211097
khanhha_noisy2::CRACK500_20160328_153548_1921_721.jpg,0.2239511852147411,0.6677709692483347,0.10827784553692424
khanhha_noisy2::CRACK500_20160328_153623_1_721.jpg,0.45608856443361456,0.3924775938473114,0.15143384171907417
khanhha_noisy2::CRACK500_20160328_153657_1921_1081.jpg,0.2514226793716436,0.5102881739918712,0.23828914663648523
khanhha_noisy2::CRACK500_20160328_153821_1_1.jpg,0.1862733071003281,0.6466882153584528,0.1670384775412192
khanhha_noisy2::CRACK500_20160328_153848_1921_1.jpg,0.1680287183247173,0.646119951904771,0.18585132977051164
khanhha_noisy2::CRACK500_20160328_153918_1_361.jpg,0.22899539922892492,0.6862771164635165,0.0847274843075586
khanhha_noisy2::CRACK500_20160328_153918_1_721.jpg,0.246803330536505,0.5384681246209888,0.21472854484250625
khanhha_noisy2::CRACK500_20160328_154318_1281_361.jpg,0.32154980459677435,0.5904403641403786,0.08800983126284705
khanhha_noisy2::CRACK500_20160328_154318_641_1.jpg,0.4992979812759086,0.3150307465277896,0.18567127219630192
khanhha_noisy2::CRACK500_20160328_154318_641_721.jpg,0.4783292135062938,0.2893968758443633,0.23227391064934283
khanhha_noisy2::CRACK500_20160329_094025_1921_361.jpg,0.40693029988567,0.2540951920448526,0.3389745080694775
khanhha_noisy2::CRACK500_20160329_094025_1_721.jpg,0.35651347072132583,0.5445448545447765,0.09894167473389762
khanhha_noisy2::CRACK500_20160329_094527_1_361.jpg,0.5389580822314617,0.1684850494722155,0.2925568682963228
khanhha_noisy2::CRACK500_20160329_103626_1281_721.jpg,0.4632469047044647,0.264434792397291,0.2723183028982443
khanhha_noisy2::CRACK500_20160329_103626_641_721.jpg,0.3182281574958479,0.49870799978186076,0.1830638427222914
khanhha_noisy2::CRACK500_20160329_103800_361_641.jpg,0.32948195764981714,0.4252449489923847,0.2452730933577981
khanhha_noisy2::CRACK500_20160329_103807_721_1281.jpg,0.13754435822871133,0.6128074179268974,0.24964822384439134
khanhha_noisy2::CRACK500_20160330_163725_1921_361.jpg,0.38590245646341503,0.5365052591772724,0.07759228435931258
khanhha_noisy2::CRACK500_20160330_163725_641_1081.jpg,0.3369398022506077,0.6182391255137701,0.044821072235622136
khanhha_noisy2::CRACK500_20160330_165644_641_1081.jpg,0.29026456988695026,0.6033276335275712,0.10640779658547844
khanhha_noisy2::CRACK500_20160330_170114_1281_361.jpg,0.34475448961082467,0.5406232190960454,0.11462229129312997
khanhha_noisy2::CRACK500_20160330_170114_641_721.jpg,0.5689025019293874,0.1698482726780712,0.2612492253925413
khanhha_noisy2::CRACK500_20160402_151049_641_721.jpg,0.1860543892100016,0.6964841825977098,0.11746142819228858
khanhha_noisy2::CRACK500_20160402_151054_1281_361.jpg,0.23056117512562385,0.6253067533458634,0.1441320715285128
khanhha_noisy2::CRACK500_20160402_151054_641_721.jpg,0.20925767196159697,0.6267179246085351,0.1640244034298679
khanhha_noisy2::CRACK500_20160405_171431_641_1.jpg,0.618750932005051,0.18002942787510895,0.20121964011983992
khanhha_noisy2::CRACK500_20160405_171431_641_361.jpg,0.7321123619765066,0.08842818323165032,0.1794594547918431
khanhha_noisy2::CRACK500_20160405_171712_1281_1.jpg,0.3661240115070293,0.4576153647412888,0.17626062375168203
khanhha_noisy2::CRACK500_20160405_171712_1281_361.jpg,0.48918986451184093,0.2960523391352948,0.2147577963528644
khanhha_noisy2::CRACK500_20160405_171712_1921_1.jpg,0.5320794007862896,0.14426081048889047,0.32365978872481993
khanhha_noisy2::CRACK500_20160407_163257_1281_721.jpg,0.28351048475704593,0.5594023241718202,0.1570871910711337
khanhha_noisy2::CRACK500_20160407_163257_641_361.jpg,0.19130020475068946,0.5742386026037667,0.23446119264554383
khanhha_noisy2::CRACK500_IMG_2933_649_969.jpg,0.6385571939284801,0.11102164867467514,0.25042115739684484
khanhha_noisy2::DeepCrack_11218-3.jpg,0.06503163463021772,0.5861328932367,0.34883547213308225
khanhha_noisy2::DeepCrack_11266-3.jpg,0.10414809118000087,0.646462314698448,0.2493895941215513
khanhha_noisy2::DeepCrack_11286-2.jpg,0.36415159310359685,0.284653246944043,0.35119515995236017
khanhha_noisy2::DeepCrack_11304.jpg,0.29504071176406177,0.45159959936178357,0.25335968887415483
khanhha_noisy2::GAPS384_test_0016_541_1.jpg,0.4371068188412384,0.4086782404780772,0.15421494068068434
khanhha_noisy2::GAPS384_test_0016_541_641.jpg,0.4757593459444765,0.3525664599138121,0.17167419414171137
khanhha_noisy2::GAPS384_train_0423_1_1.jpg,0.0726648534396388,0.8263244155135578,0.10101073104680339
khanhha_noisy2::GAPS384_train_0538_541_1.jpg,0.4373558938205519,0.4370220879725908,0.12562201820685737
khanhha_noisy2::GAPS384_train_0544_541_1.jpg,0.3690777709656254,0.5270330695052949,0.10388915952907962
khanhha_noisy2::GAPS384_train_0552_1_641.jpg,0.1138429414137549,0.6183625811325392,0.26779447745370594
khanhha_noisy2::GAPS384_train_0607_541_641.jpg,0.9031003671303522,0.050814025673276,0.04608560719637173
khanhha_noisy2::GAPS384_train_0609_541_641.jpg,0.48913129938488314,0.4520584374173538,0.05881026319776309
khanhha_noisy2::GAPS384_train_0799_541_1.jpg,0.6259858180156715,0.28021778814653503,0.09379639383779348
khanhha_noisy2::GAPS384_train_0942_541_1.jpg,0.399433346949242,0.3556393601246159,0.24492729292614204
khanhha_noisy2::GAPS384_train_0996_1_641.jpg,0.4567856743273177,0.46933506302730016,0.07387926264538222
khanhha_noisy2::GAPS384_train_1117_1_1.jpg,0.0463529273445726,0.48643687366267974,0.4672101989927476
khanhha_noisy2::GAPS384_train_1171_541_641.jpg,0.5612374695261017,0.36228287590221525,0.07647965457168308
khanhha_noisy2::GAPS384_train_1374_541_1.jpg,0.4081364481299133,0.4543993294336788,0.13746422243640805
khanhha_noisy2::GAPS384_train_1375_541_641.jpg,0.7892526036231843,0.17447726424919718,0.03627013212761856
khanhha_noisy2::GAPS384_valid_0016_541_1.jpg,0.15197650456736095,0.7644994234714502,0.08352407196118886
khanhha_noisy2::Rissbilder_for_Florian_9S6A2786_1709_1270_2041_2349.jpg,0.275747033126113,0.6193546253603298,0.10489834151355722
khanhha_noisy2::Rissbilder_for_Florian_9S6A2786_641_1214_2289_2280.jpg,0.20600571404431503,0.6923749895344062,0.10161929642127876
khanhha_noisy2::Rissbilder_for_Florian_9S6A2788_0_0_3840_5760.jpg,0.7100201767993716,0.2429901394732685,0.046989683727359906
khanhha_noisy2::Rissbilder_for_Florian_9S6A2788_827_2151_2719_2314.jpg,0.6134457193772356,0.3028192284734868,0.08373505214927777
khanhha_noisy2::Rissbilder_for_Florian_9S6A2790_213_1721_2871_3688.jpg,0.5859825481810582,0.3543142556242645,0.05970319619467729
khanhha_noisy2::Rissbilder_for_Florian_9S6A2790_415_1305_3121_2371.jpg,0.5674963718231719,0.35775958232088373,0.07474404585594427
khanhha_noisy2::Rissbilder_for_Florian_9S6A2790_750_1920_2101_2560.jpg,0.5386828233011874,0.4102160639724462,0.051101112726366395
khanhha_noisy2::Rissbilder_for_Florian_9S6A2793_377_1016_2309_2713.jpg,0.3165923733470112,0.643662257379052,0.03974536927393675
khanhha_noisy2::Rissbilder_for_Florian_9S6A2793_811_444_2800_3267.jpg,0.26250740433825226,0.7178887719769389,0.01960382368480879
khanhha_noisy2::Rissbilder_for_Florian_9S6A2808_19_37_3435_3257.jpg,0.6332434663844859,0.23396784651388572,0.13278868710162822
khanhha_noisy2::Rissbilder_for_Florian_9S6A2808_222_2951_3443_2623.jpg,0.29461013760930477,0.2807140822247747,0.42467578016592056
khanhha_noisy2::Rissbilder_for_Florian_9S6A2808_30_709_3501_4305.jpg,0.600918711432109,0.11947731370586868,0.27960397486202243
khanhha_noisy2::Rissbilder_for_Florian_9S6A2818_205_138_2610_2193.jpg,0.3070729121314197,0.6442000912807202,0.048726996587860054
khanhha_noisy2::Rissbilder_for_Florian_9S6A2818_208_545_3096_3152.jpg,0.2922553098723102,0.635111354753802,0.07263333537388784
khanhha_noisy2::Rissbilder_for_Florian_9S6A2818_22_73_3648_4328.jpg,0.1040678523878396,0.8608006298021843,0.035131517809976164
khanhha_noisy2::Rissbilder_for_Florian_9S6A2818_287_1431_3198_4185.jpg,0.13054548218576673,0.8256887218698464,0.04376579594438666
khanhha_noisy2::Rissbilder_for_Florian_9S6A2818_819_1604_2582_2762.jpg,0.5722566938492457,0.39149867142876316,0.03624463472199121
khanhha_noisy2::Rissbilder_for_Florian_9S6A2818_952_1532_2829_2875.jpg,0.2272842432354742,0.745903604416812,0.026812152347713756
khanhha_noisy2::Rissbilder_for_Florian_9S6A2823_106_892_3634_4471.jpg,0.25095015535708753,0.674689799419797,0.07436004522311546
khanhha_noisy2::Rissbilder_for_Florian_9S6A2827_1172_836_2226_2545.jpg,0.1820481463432908,0.7356933259492469,0.08225852770746234
khanhha_noisy2::Rissbilder_for_Florian_9S6A2827_1553_813_2699_2293.jpg,0.22328278716521455,0.6500275775028346,0.12668963533195074
khanhha_noisy2::Rissbilder_for_Florian_9S6A2828_111_1161_3542_4005.jpg,0.16382905972102435,0.6243748549859313,0.2117960852930444
khanhha_noisy2::Rissbilder_for_Florian_9S6A2828_81_1831_3515_3918.jpg,0.26676098284613226,0.5926692260721351,0.14056979108173254
khanhha_noisy2::Rissbilder_for_Florian_9S6A2828_958_2102_2564_2428.jpg,0.21756956940908911,0.6544617143435636,0.1279687162473473
khanhha_noisy2::Rissbilder_for_Florian_9S6A2829_248_0_4607_3807.jpg,0.5947295286665678,0.32495150048795507,0.08031897084547703
khanhha_noisy2::Rissbilder_for_Florian_9S6A2829_465_128_3261_3385.jpg,0.32034747391566715,0.5602801244573189,0.119372401627014
khanhha_noisy2::Rissbilder_for_Florian_9S6A2840_408_2141_3112_2692.jpg,0.6367318206142926,0.2405625552470127,0.12270562413869478
khanhha_noisy2::Rissbilder_for_Florian_9S6A2840_520_1171_3029_3249.jpg,0.635119553738528,0.20456341249393548,0.16031703376753648
khanhha_noisy2::Rissbilder_for_Florian_9S6A2840_73_1408_3251_2521.jpg,0.6473121241346127,0.26344184122421016,0.08924603464117714
khanhha_noisy2::Rissbilder_for_Florian_9S6A2840_7_1394_3830_4317.jpg,0.44183112929525065,0.35779675392658356,0.20037211677816577
khanhha_noisy2::Rissbilder_for_Florian_9S6A2844_0_0_3840_5760.jpg,0.05037717206696317,0.8777313764313693,0.07189145150166759
khanhha_noisy2::Rissbilder_for_Florian_9S6A2844_443_437_3072_2992.jpg,0.13256584377775996,0.7311771237548573,0.13625703246738277
khanhha_noisy2::Rissbilder_for_Florian_9S6A2844_736_848_3078_2427.jpg,0.22784180310888974,0.6723513053807918,0.09980689151031838
khanhha_noisy2::Rissbilder_for_Florian_9S6A2847_112_411_3688_4096.jpg,0.009926217218975849,0.9621625974433311,0.027911185337693257
khanhha_noisy2::Rissbilder_for_Florian_9S6A2847_422_1541_2737_2708.jpg,0.01876501337621149,0.9312147695879436,0.05002021703584499
khanhha_noisy2::Rissbilder_for_Florian_9S6A2847_57_1886_3694_3848.jpg,0.005489638698595362,0.9766667796891023,0.01784358161230244
khanhha_noisy2::Rissbilder_for_Florian_9S6A2852_1108_175_3570_3421.jpg,0.6991785973003866,0.24118255989193796,0.05963884280767553
khanhha_noisy2::Rissbilder_for_Florian_9S6A2852_356_540_3667_2981.jpg,0.7323651483267956,0.21802055880480892,0.049614292868395526
khanhha_noisy2::Rissbilder_for_Florian_9S6A2853_1127_1463_2379_2376.jpg,0.6758113663596976,0.2797836494645585,0.044404984175744004
khanhha_noisy2::Rissbilder_for_Florian_9S6A2853_826_286_2004_2464.jpg,0.5440431080600159,0.40725479581359025,0.04870209612639392
khanhha_noisy2::Rissbilder_for_Florian_9S6A2858_103_1887_2963_2745.jpg,0.6003090449232449,0.2900920925358476,0.1095988625409075
khanhha_noisy2::Rissbilder_for_Florian_9S6A2858_138_1397_3695_4304.jpg,0.6982023656984692,0.21473022219793844,0.08706741210359241
khanhha_noisy2::Rissbilder_for_Florian_9S6A2858_203_242_3312_2597.jpg,0.3739528312158862,0.5778938786822854,0.048153290101828415
khanhha_noisy2::Rissbilder_for_Florian_9S6A2858_24_161_2934_2248.jpg,0.30645607352331145,0.6471800450823078,0.04636388139438093
khanhha_noisy2::Rissbilder_for_Florian_9S6A2858_559_619_3260_3533.jpg,0.6792056937106886,0.25286235527026923,0.06793195101904206
khanhha_noisy2::Rissbilder_for_Florian_9S6A2858_58_840_3696_4727.jpg,0.6385327046044167,0.2610084810036622,0.10045881439192104
khanhha_noisy2::Rissbilder_for_Florian_9S6A2858_74_2277_2849_2285.jpg,0.6994192830536368,0.21506112298944055,0.08551959395692262
khanhha_noisy2::Rissbilder_for_Florian_9S6A2858_825_486_2361_2715.jpg,0.5074166278319071,0.44392936788546256,0.04865400428263026
khanhha_noisy2::Rissbilder_for_Florian_9S6A2861_1002_825_2601_2341.jpg,0.5586155128940106,0.3836951919918447,0.05768929511414467
khanhha_noisy2::Rissbilder_for_Florian_9S6A2861_327_851_2964_3474.jpg,0.7386493070653273,0.17970265675677255,0.08164803617790023
khanhha_noisy2::Rissbilder_for_Florian_9S6A2861_716_324_2856_3710.jpg,0.6427420546476728,0.2663685690717619,0.09088937628056523
khanhha_noisy2::Rissbilder_for_Florian_9S6A2865_215_1866_2936_3607.jpg,0.5711351693983105,0.30102905013278997,0.1278357804688995
khanhha_noisy2::Rissbilder_for_Florian_9S6A2865_321_3005_2468_2755.jpg,0.5689438460817684,0.32150522409302723,0.10955092982520442
khanhha_noisy2::Rissbilder_for_Florian_9S6A2865_402_376_2830_3345.jpg,0.5423804033877814,0.3629383379542434,0.09468125865797529
khanhha_noisy2::Rissbilder_for_Florian_9S6A2865_415_206_2924_3039.jpg,0.33172871951904837,0.5449288529160395,0.12334242756491202
khanhha_noisy2::Rissbilder_for_Florian_9S6A2865_48_35_3665_3847.jpg,0.6335624972902305,0.29747322333981296,0.06896427936995647
khanhha_noisy2::Rissbilder_for_Florian_9S6A2865_874_516_2613_2236.jpg,0.5580262324785659,0.218847158207852,0.22312660931358216
khanhha_noisy2::Rissbilder_for_Florian_9S6A2874_251_526_2458_2696.jpg,0.2976474905064203,0.22802867047511063,0.474323839018469
khanhha_noisy2::Rissbilder_for_Florian_9S6A2884_103_1141_3407_4451.jpg,0.15252797978117702,0.48671932695229303,0.3607526932665301
khanhha_noisy2::Rissbilder_for_Florian_9S6A2884_158_1281_3498_4054.jpg,0.19100978906561417,0.4117189675910681,0.39727124334331765
khanhha_noisy2::Rissbilder_for_Florian_9S6A2884_197_1323_3592_3665.jpg,0.09043755940937187,0.46437780934167333,0.4451846312489548
khanhha_noisy2::Rissbilder_for_Florian_9S6A2884_19_1803_3537_2796.jpg,0.12211920968490322,0.5205045826960003,0.35737620761909644
khanhha_noisy2::Rissbilder_for_Florian_9S6A2895_46_163_3635_3331.jpg,0.03857091191079225,0.4222011581481229,0.5392279299410848
khanhha_noisy2::Rissbilder_for_Florian_9S6A2897_1309_1879_2158_2129.jpg,0.26037758631343544,0.4028179572068529,0.3368044564797118
khanhha_noisy2::Rissbilder_for_Florian_9S6A2897_161_1181_3216_3670.jpg,0.1502314842521387,0.3071064172750004,0.542662098472861
khanhha_noisy2::Rissbilder_for_Florian_9S6A2897_480_85_2898_3545.jpg,0.12553950847606046,0.40558440918016947,0.46887608234377015
khanhha_noisy2::Rissbilder_for_Florian_9S6A2897_575_1892_2708_3567.jpg,0.15372410610003465,0.37513206446750813,0.47114382943245714
khanhha_noisy2::Rissbilder_for_Florian_9S6A2897_9_818_3756_3081.jpg,0.08373764037548774,0.4122778668758101,0.5039844927487022
khanhha_noisy2::Rissbilder_for_Florian_9S6A2901_0_0_3840_5760.jpg,0.35910731850511723,0.40483275116745376,0.23605993032742906
khanhha_noisy2::Rissbilder_for_Florian_9S6A2901_55_3400_2984_2240.jpg,0.2590714696730956,0.541749416843783,0.19917911348312145
khanhha_noisy2::Rissbilder_for_Florian_9S6A2901_67_161_3343_3273.jpg,0.10913089928384062,0.8476283060369105,0.04324079467924893
khanhha_noisy2::Rissbilder_for_Florian_9S6A2902_0_0_3840_5760.jpg,0.16424960174399791,0.7817192809084968,0.05403111734750532
khanhha_noisy2::Rissbilder_for_Florian_9S6A2902_163_2262_3171_3274.jpg,0.13202110833934316,0.8327773001097334,0.03520159155092354
khanhha_noisy2::Rissbilder_for_Florian_9S6A2902_192_967_2598_2117.jpg,0.3084025741427622,0.6050171626742923,0.08658026318294551
khanhha_noisy2::Rissbilder_for_Florian_9S6A2903_385_511_3375_3468.jpg,0.5300900366966341,0.27724359714519303,0.19266636615817292
khanhha_noisy2::Rissbilder_for_Florian_9S6A2903_438_739_2998_2746.jpg,0.5769002209540617,0.24437317249594354,0.17872660654999478
khanhha_noisy2::Rissbilder_for_Florian_9S6A2910_0_0_3840_5760.jpg,0.5078391293303804,0.3080050418992407,0.18415582877037875
khanhha_noisy2::Rissbilder_for_Florian_9S6A2910_113_175_3097_2360.jpg,0.5774632666221561,0.227286520025253,0.19525021335259082
khanhha_noisy2::Rissbilder_for_Florian_9S6A2910_43_1959_3615_3077.jpg,0.41922152842078014,0.3380844224446696,0.24269404913455014
khanhha_noisy2::Rissbilder_for_Florian_9S6A2910_59_1878_2063_2153.jpg,0.4015024313674571,0.3147364364081662,0.2837611322243768
khanhha_noisy2::Rissbilder_for_Florian_9S6A2910_880_2365_2685_2887.jpg,0.4889265962267115,0.2872812595992871,0.22379214417400145
khanhha_noisy2::Rissbilder_for_Florian_9S6A2915_1128_2752_2373_2395.jpg,0.5369383044968542,0.36507569657012423,0.09798599893302157
khanhha_noisy2::Rissbilder_for_Florian_9S6A2915_757_2194_2406_2383.jpg,0.7669923758520071,0.1266715142340672,0.1063361099139257
khanhha_noisy2::Rissbilder_for_Florian_9S6A2919_1008_848_2956_2327.jpg,0.6567066490034692,0.23351291634582777,0.1097804346507031
khanhha_noisy2::Rissbilder_for_Florian_9S6A2919_1139_6_3401_3091.jpg,0.5491675743595964,0.30741556269085063,0.14341686294955303
khanhha_noisy2::Rissbilder_for_Florian_9S6A2919_311_375_3331_2605.jpg,0.6765971647319151,0.09614058261649791,0.227262252651587
khanhha_noisy2::Rissbilder_for_Florian_9S6A2919_910_611_3253_2887.jpg,0.4420332221472751,0.38728082158075616,0.17068595627196875
khanhha_noisy2::Rissbilder_for_Florian_9S6A3103_225_1283_3432_3981.jpg,0.22532203257127614,0.6952449988714541,0.0794329685572697
khanhha_noisy2::Rissbilder_for_Florian_9S6A3103_43_936_3780_4403.jpg,0.372861201997453,0.5268162068592008,0.10032259114334618
khanhha_noisy2::Rissbilder_for_Florian_9S6A3103_446_1371_3306_4182.jpg,0.17112454537039912,0.7562710560460649,0.07260439858353589
khanhha_noisy2::Rissbilder_for_Florian_9S6A3103_513_1787_2538_2641.jpg,0.5013598493906588,0.3868262185454007,0.1118139320639405
khanhha_noisy2::Rissbilder_for_Florian_9S6A3116_390_1097_2997_3963.jpg,0.33379617780315607,0.3222865671614942,0.3439172550353497
khanhha_noisy2::Rissbilder_for_Florian_9S6A3116_555_2380_2956_2340.jpg,0.2664391319118583,0.4143553209997972,0.3192055470883444
khanhha_noisy2::Rissbilder_for_Florian_9S6A3119_1583_2261_2214_2879.jpg,0.32000835926481724,0.20819397490114191,0.471797665834041
khanhha_noisy2::Rissbilder_for_Florian_9S6A3119_179_1656_3530_3136.jpg,0.10077526408197036,0.15925406186085156,0.7399706740571781
khanhha_noisy2::Rissbilder_for_Florian_9S6A3119_520_1811_3242_3051.jpg,0.14144107468894004,0.25384909290503693,0.6047098324060229
khanhha_noisy2::Rissbilder_for_Florian_9S6A3120_14_1099_3666_4059.jpg,0.3372405189012815,0.34214829524409135,0.32061118585462717
khanhha_noisy2::Rissbilder_for_Florian_9S6A3120_217_1113_3331_4192.jpg,0.3327718578409879,0.3105986374139502,0.3566295047450618
khanhha_noisy2::Rissbilder_for_Florian_9S6A3120_236_1671_2928_2310.jpg,0.17846023468307948,0.4078782506916866,0.4136615146252339
khanhha_noisy2::Rissbilder_for_Florian_9S6A3120_875_1120_2089_2571.jpg,0.21863136084621332,0.395455548521597,0.38591309063218976
khanhha_noisy2::Rissbilder_for_Florian_9S6A3127_114_2737_3530_2753.jpg,0.48228703091760666,0.0959284393920648,0.4217845296903285
khanhha_noisy2::Rissbilder_for_Florian_9S6A3127_54_1984_3083_3305.jpg,0.4362581165073954,0.21942463965124362,0.34431724384136103
khanhha_noisy2::Rissbilder_for_Florian_9S6A3127_595_2880_2296_2633.jpg,0.17262113089906903,0.10981653113090178,0.7175623379700292
khanhha_noisy2::Rissbilder_for_Florian_9S6A3127_653_1639_2788_3252.jpg,0.23574991622974567,0.1798308864541369,0.5844191973161175
khanhha_noisy2::Rissbilder_for_Florian_9S6A3127_89_657_3259_3858.jpg,0.43626362094397253,0.1513962020090966,0.4123401770469309
khanhha_noisy2::Rissbilder_for_Florian_9S6A3127_9_1051_3792_3003.jpg,0.4003965217265792,0.1220582267081595,0.47754525156526123
khanhha_noisy2::Rissbilder_for_Florian_9S6A3130_190_1907_3510_2920.jpg,0.4234184218032646,0.1412686051296838,0.4353129730670516
khanhha_noisy2::Rissbilder_for_Florian_9S6A3130_24_518_3753_4265.jpg,0.46603446653957686,0.18158275298981763,0.3523827804706055
khanhha_noisy2::Rissbilder_for_Florian_9S6A3130_35_1947_3497_3753.jpg,0.37228824438254005,0.10295840509632359,0.5247533505211363
khanhha_noisy2::Rissbilder_for_Florian_9S6A3130_485_279_2724_2520.jpg,0.40794038579596187,0.487142913706453,0.10491670049758514
khanhha_noisy2::Rissbilder_for_Florian_9S6A3130_741_2592_3069_3082.jpg,0.4976284009002024,0.039361197132970455,0.46301040196682713
khanhha_noisy2::Rissbilder_for_Florian_9S6A3137_1104_2295_2445_3107.jpg,0.29230484450085087,0.18520554485075816,0.5224896106483911
khanhha_noisy2::Rissbilder_for_Florian_9S6A3137_1228_1792_2559_2477.jpg,0.5488152159924128,0.18895744401010273,0.26222733999748454
khanhha_noisy2::Rissbilder_for_Florian_9S6A3137_182_823_3574_4047.jpg,0.6643289327223293,0.13917951281064392,0.1964915544670267
khanhha_noisy2::Rissbilder_for_Florian_9S6A3137_201_2087_3465_3669.jpg,0.33549507365655906,0.20891297045556909,0.4555919558878718
khanhha_noisy2::Rissbilder_for_Florian_9S6A3137_313_2279_2337_2933.jpg,0.33382349846217574,0.26239875406401963,0.40377774747380457
khanhha_noisy2::Rissbilder_for_Florian_9S6A3137_507_1097_2555_2213.jpg,0.5889684821113174,0.2529733954846253,0.15805812240405742
khanhha_noisy2::Sylvie_Chambon_022.jpg,0.6173631534323565,0.19842720687159393,0.18420963969604964
khanhha_noisy2::Sylvie_Chambon_038.jpg,0.4747541270877221,0.14491615287686488,0.38032972003541304
khanhha_noisy2::Sylvie_Chambon_039.jpg,0.23451527708282857,0.6543317222309212,0.11115300068625031
khanhha_noisy2::Sylvie_Chambon_056.jpg,0.7767823369325053,0.1614779701012769,0.06173969296621774
khanhha_noisy2::Sylvie_Chambon_073.jpg,0.13786845531170056,0.754852928090164,0.10727861659813541
khanhha_noisy2::Sylvie_Chambon_087.jpg,0.6261658765830113,0.1260246586205686,0.24780946479642021
khanhha_noisy2::Sylvie_Chambon_105.jpg,0.452694607600768,0.0956647399968296,0.4516406524024023
khanhha_noisy2::Sylvie_Chambon_116.jpg,0.2901080998823878,0.3582985241600531,0.3515933759575591
khanhha_noisy2::Sylvie_Chambon_314.jpg,0.7499037900797214,0.10126576829113597,0.14883044162914272
khanhha_noisy2::Sylvie_Chambon_319.jpg,0.36211510233404826,0.3132768250719665,0.3246080725939851
khanhha_noisy2::Volker_DSC01624_0_0_2736_1824.jpg,0.02951980643463026,0.9170102684610496,0.053469925104320144
khanhha_noisy2::Volker_DSC01632_0_0_1824_2736.jpg,0.21778307672226313,0.5026513348389593,0.2795655884387776
khanhha_noisy2::Volker_DSC01632_109_353_1680_1636.jpg,0.26870640035004517,0.4931519652839565,0.23814163436599828
khanhha_noisy2::Volker_DSC01639_1065_321_1284_1200.jpg,0.02603901261626627,0.19114290507074347,0.7828180823129902
khanhha_noisy2::Volker_DSC01639_165_52_1412_1364.jpg,0.01951167881268648,0.07722843185037578,0.9032598893369378
khanhha_noisy2::Volker_DSC01646_226_19_1273_1645.jpg,0.049243573042853844,0.5731996093933864,0.3775568175637597
khanhha_noisy2::Volker_DSC01646_456_54_2117_1728.jpg,0.1112302664084714,0.35927361021923687,0.5294961233722918
khanhha_noisy2::Volker_DSC01651_163_249_1349_1454.jpg,0.06187514113889305,0.6347487404268405,0.3033761184342664
khanhha_noisy2::Volker_DSC01651_61_82_1347_1168.jpg,0.2200902169896676,0.26589113467541636,0.5140186483349161
khanhha_noisy2::Volker_DSC01657_130_62_1583_1831.jpg,0.6573968006282436,0.07405996558732038,0.26854323378443595
khanhha_noisy2::Volker_DSC01657_290_50_1476_1614.jpg,0.6953700442453783,0.09616888722317408,0.2084610685314476
khanhha_noisy2::Volker_DSC01657_665_1068_1125_1350.jpg,0.5408347624196381,0.1893265071145071,0.26983873046585466
khanhha_noisy2::Volker_DSC01657_8_1012_1813_1672.jpg,0.5072887959869762,0.22837142127487448,0.26433978273814934
khanhha_noisy2::Volker_DSC01658_0_0_1824_2736.jpg,0.4989486241866226,0.2568609864251815,0.24419038938819576
khanhha_noisy2::Volker_DSC01658_167_371_1635_1643.jpg,0.41760664307038275,0.3203432224537667,0.2620501344758505
khanhha_noisy2::Volker_DSC01658_352_1474_1034_1008.jpg,0.3422297798446227,0.30660019127077254,0.35117002888460475
khanhha_noisy2::Volker_DSC01658_470_825_1327_1606.jpg,0.6466442175528372,0.15096267976961414,0.20239310267754868
khanhha_noisy2::Volker_DSC01660_192_247_1588_1991.jpg,0.8184351867587188,0.08006875938490383,0.10149605385637725
khanhha_noisy2::Volker_DSC01669_0_0_1824_2736.jpg,0.6067782696929247,0.11390273990243874,0.2793189904046366
khanhha_noisy2::Volker_DSC01669_9_1042_1814_1517.jpg,0.7180519874464498,0.11501682026473635,0.16693119228881367
khanhha_noisy2::Volker_DSC01695_0_0_2736_1824.jpg,0.04018064529897893,0.9264250921263721,0.03339426257464883
khanhha_noisy2::Volker_DSC01702_39_31_1703_1771.jpg,0.7574874894776622,0.1387345483107137,0.10377796221162415
khanhha_noisy2::Volker_DSC01702_418_156_1024_1333.jpg,0.6757587422463686,0.22656402670299042,0.09767723105064091
khanhha_noisy2::cracktree200_6203.jpg,0.6073253746209,0.32767542426338686,0.06499920111571317
khanhha_noisy2::cracktree200_6243.jpg,0.5282372536918107,0.3576699428829381,0.11409280342525106
khanhha_noisy2::cracktree200_6247.jpg,0.35639105518665426,0.5467078911910975,0.09690105362224831
khanhha_noisy2::cracktree200_6310.jpg,0.10354697517552679,0.8301333749596091,0.06631964986486401
khanhha_noisy2::cracktree200_6635.jpg,0.8419440291149585,0.05030225626651449,0.10775371461852701
khanhha_noisy2::cracktree200_6774.jpg,0.30483788004876794,0.6394693050060727,0.05569281494515933
khanhha_noisy2::forest_022.jpg,0.6173631534323565,0.19842720687159393,0.18420963969604964
khanhha_noisy2::forest_082.jpg,0.48553760859467754,0.1503205454508524,0.3641418459544699
khanhha_noisy2::forest_083.jpg,0.27651030736336796,0.40680100408458564,0.31668868855204635
khanhha_noisy2::forest_104.jpg,0.33638585568980683,0.15334553788365857,0.5102686064265346
khanhha_noisy2::noncrack_noncrack_concrete_wall_0_0.jpg.jpg,0.00016173431567979412,0.730103617387243,0.26973464829707705
khanhha_noisy2::noncrack_noncrack_concrete_wall_0_3.jpg.jpg,0.00011865105644465861,0.6475872499883742,0.35229409895518116
khanhha_noisy2::noncrack_noncrack_concrete_wall_11_4.jpg.jpg,0.056460064610492626,0.857421276580878,0.08611865880862933
khanhha_noisy2::noncrack_noncrack_concrete_wall_16_1.jpg.jpg,0.12300188332219808,0.8530152653634476,0.023982851314354268
khanhha_noisy2::noncrack_noncrack_concrete_wall_16_5.jpg.jpg,0.10706750214461985,0.8703038502200422,0.022628647635337947
khanhha_noisy2::noncrack_noncrack_concrete_wall_18_1.jpg.jpg,0.08219059972840356,0.8983000934885672,0.019509306783029257
khanhha_noisy2::noncrack_noncrack_concrete_wall_18_11.jpg.jpg,0.1984769339732905,0.7724965611599985,0.029026504866710993
khanhha_noisy2::noncrack_noncrack_concrete_wall_18_12.jpg.jpg,0.07911190880610719,0.9031973339678042,0.017690757226088667
khanhha_noisy2::noncrack_noncrack_concrete_wall_18_18.jpg.jpg,0.06552734744953065,0.918879809064836,0.01559284348563338
khanhha_noisy2::noncrack_noncrack_concrete_wall_18_19.jpg.jpg,0.1311710686598594,0.8436852732267376,0.025143658113403074
khanhha_noisy2::noncrack_noncrack_concrete_wall_18_3.jpg.jpg,0.09449276049340792,0.8789292658009278,0.026577973705664212
khanhha_noisy2::noncrack_noncrack_concrete_wall_18_9.jpg.jpg,0.08956675005178265,0.8934727943306262,0.016960455617591085
khanhha_noisy2::noncrack_noncrack_concrete_wall_24_19.jpg.jpg,0.03990012909647319,0.9581059383979323,0.0019939325055944325
khanhha_noisy2::noncrack_noncrack_concrete_wall_24_31.jpg.jpg,0.01529809898989487,0.9835117151371556,0.0011901858729494756
khanhha_noisy2::noncrack_noncrack_concrete_wall_24_35.jpg.jpg,0.015492009953738423,0.9838671798720259,0.0006408101742355904
khanhha_noisy2::noncrack_noncrack_concrete_wall_24_38.jpg.jpg,0.023349182321683346,0.9754345749515497,0.0012162427267669216
khanhha_noisy2::noncrack_noncrack_concrete_wall_24_4.jpg.jpg,0.009599573895960535,0.9898518867000055,0.0005485394040340658
khanhha_noisy2::noncrack_noncrack_concrete_wall_24_8.jpg.jpg,0.0742781609577988,0.9218482300010359,0.0038736090411654028
khanhha_noisy2::noncrack_noncrack_concrete_wall_29_6.jpg.jpg,0.15753637034562293,0.8290211413019226,0.013442488352454497
khanhha_noisy2::noncrack_noncrack_concrete_wall_33_4.jpg.jpg,0.11401462878532766,0.7490446015491263,0.13694076966554605
khanhha_noisy2::noncrack_noncrack_concrete_wall_38_4.jpg.jpg,0.0011541787806110375,0.9954622016204004,0.0033836195989886317
khanhha_noisy2::noncrack_noncrack_concrete_wall_38_5.jpg.jpg,0.0019503991281059746,0.9953690808905433,0.0026805199813506675
khanhha_noisy2::noncrack_noncrack_concrete_wall_38_6.jpg.jpg,0.0010616457757186071,0.994963625154137,0.003974729070144381
khanhha_noisy2::noncrack_noncrack_concrete_wall_43_14.jpg.jpg,0.020600677564376526,0.971271837225875,0.008127485209748432
khanhha_noisy2::noncrack_noncrack_concrete_wall_43_15.jpg.jpg,0.02611450019499977,0.9602200479594066,0.013665451845593639
khanhha_noisy2::noncrack_noncrack_concrete_wall_43_18.jpg.jpg,0.04193379458115483,0.938919052035361,0.01914715338348427
khanhha_noisy2::noncrack_noncrack_concrete_wall_43_2.jpg.jpg,0.09391343484575915,0.8478372750965171,0.05824929005772384
khanhha_noisy2::noncrack_noncrack_concrete_wall_43_25.jpg.jpg,0.07388421652806816,0.8842370308027254,0.041878752669206494
khanhha_noisy2::noncrack_noncrack_concrete_wall_43_34.jpg.jpg,0.0420875216853853,0.9322630079886651,0.025649470325949792
khanhha_noisy2::noncrack_noncrack_concrete_wall_43_42.jpg.jpg,0.03541362432708371,0.9426491099086037,0.02193726576431259
khanhha_noisy2::noncrack_noncrack_concrete_wall_43_44.jpg.jpg,0.03809438742329326,0.9390343748123439,0.022871237764362944
khanhha_noisy2::noncrack_noncrack_concrete_wall_43_48.jpg.jpg,0.03436423239203349,0.948713081738651,0.01692268586931552
khanhha_noisy2::noncrack_noncrack_concrete_wall_43_50.jpg.jpg,0.05007516584282565,0.9267114034339858,0.0232134307231885
khanhha_noisy2::noncrack_noncrack_concrete_wall_47_4.jpg.jpg,0.0225065890894951,0.9589834100960831,0.018510000814421976
khanhha_noisy2::noncrack_noncrack_concrete_wall_47_6.jpg.jpg,0.0225065890894951,0.9589834100960831,0.018510000814421976
khanhha_noisy2::noncrack_noncrack_concrete_wall_55_10.jpg.jpg,0.04475365114344999,0.9496190383218752,0.005627310534674806
khanhha_noisy2::noncrack_noncrack_concrete_wall_55_24.jpg.jpg,0.05694550089384904,0.9351333193846734,0.007921179721477725
khanhha_noisy2::noncrack_noncrack_concrete_wall_55_29.jpg.jpg,0.13397412166247546,0.854466917882894,0.011558960454630455
khanhha_noisy2::noncrack_noncrack_concrete_wall_55_32.jpg.jpg,0.0518466912752027,0.9344907693383765,0.013662539386420876
khanhha_noisy2::noncrack_noncrack_concrete_wall_55_38.jpg.jpg,0.03765288416445358,0.9488726910529436,0.013474424782602785
khanhha_noisy2::noncrack_noncrack_concrete_wall_55_4.jpg.jpg,0.038832527545289576,0.9528534447730965,0.0083140276816139
khanhha_noisy2::noncrack_noncrack_concrete_wall_55_41.jpg.jpg,0.1091629267744218,0.876137169913134,0.014699903312444315
khanhha_noisy2::noncrack_noncrack_concrete_wall_55_49.jpg.jpg,0.04530216276425034,0.9460919439446339,0.008605893291115819
khanhha_noisy2::noncrack_noncrack_concrete_wall_55_6.jpg.jpg,0.08967491915652495,0.8822419530869293,0.02808312775654587
khanhha_noisy2::noncrack_noncrack_concrete_wall_57_11.jpg.jpg,0.033892209820590574,0.9398739420473238,0.02623384813208557
khanhha_noisy2::noncrack_noncrack_concrete_wall_57_6.jpg.jpg,0.05681290741780192,0.8952170776280927,0.047970014954105404
khanhha_noisy2::noncrack_noncrack_concrete_wall_66_1.jpg.jpg,0.01686162281947555,0.9528574876884514,0.030280889492073127
khanhha_noisy2::noncrack_noncrack_concrete_wall_66_10.jpg.jpg,0.036313826712342095,0.9434021211808864,0.020284052106771585
khanhha_noisy2::noncrack_noncrack_concrete_wall_66_21.jpg.jpg,0.023794843289934784,0.9490949886074874,0.027110168102577905
khanhha_noisy2::noncrack_noncrack_concrete_wall_66_8.jpg.jpg,0.05285097241548921,0.8617655219163886,0.08538350566812226
khanhha_noisy2::noncrack_noncrack_concrete_wall_79_2.jpg.jpg,0.12109426710599167,0.8173819884301078,0.061523744463900486
khanhha_noisy2::noncrack_noncrack_concrete_wall_79_6.jpg.jpg,0.07301430009836722,0.8718715876966936,0.05511411220493911
khanhha_noisy2::noncrack_noncrack_concrete_wall_99_2.jpg.jpg,0.03543355186394682,0.9437624583854689,0.02080398975058409
road420::2023_10_30_15_44_IMG_5890.jpg,0.25832030504910947,0.14752191167147605,0.5941577832794145
road420::2023_10_30_15_51_IMG_5908.jpg,0.9064289646207178,0.030261613052166295,0.06330942232711588
road420::2023_10_30_15_56_IMG_5919.jpg,0.36532658597332407,0.008139341002314022,0.6265340730243619
road420::2023_10_30_15_59_IMG_5927.jpg,0.8924670059890818,0.05565425503266009,0.05187873897825807
road420::2023_10_30_16_15_IMG_5933.jpg,0.23117753139975672,0.033985971461162535,0.7348364971390807
road420::2023_10_30_16_15_IMG_5935.jpg,0.8132004816308431,0.06880036962019993,0.11799914874895687
road420::2023_10_30_16_15_IMG_5936.jpg,0.5783531771700764,0.11316142673812908,0.30848539609179443
road420::2023_10_30_16_17_IMG_5941.jpg,0.5022304398269873,0.032443550202938744,0.46532600997007395
road420::2023_10_30_16_19_IMG_5953.jpg,0.5772048821074502,0.032881489775295814,0.3899136281172539
road420::2023_10_30_16_20_IMG_5955.jpg,0.1854663192911684,0.3013049382504077,0.5132287424584239
road420::2023_10_30_16_22_IMG_5961.jpg,0.31594948716586513,0.2293173743926618,0.454733138441473
road420::2023_10_30_16_24_IMG_5970.jpg,0.6244278287744072,0.33957276760402655,0.03599940362156628
road420::2023_10_30_16_25_IMG_5973.jpg,0.32499753867557385,0.10597053857854788,0.5690319227458782
road420::2023_10_30_16_28_IMG_5981.jpg,0.2441956796651202,0.2606819492294189,0.49512237110546103
road420::2023_10_30_16_29_IMG_5983.jpg,0.7377070194720722,0.09267433048265682,0.16961865004527094
road420::2023_10_30_16_30_IMG_5987.jpg,0.7959051570255209,0.09133476730627761,0.11276007566820145
road420::2023_10_30_16_38_IMG_6011.jpg,0.22309893020961563,0.12972952880306232,0.6471715409873221
road420::2023_10_30_16_39_IMG_6014.jpg,0.6816206676462764,0.030778423574244852,0.28760090877947875
road420::2023_10_30_16_39_IMG_6015.jpg,0.2973325946224375,0.13276411105343486,0.5699032943241277
road420::2023_10_30_16_41_IMG_6025.jpg,0.49143411074215615,0.07211285006949178,0.43645303918835204
road420::2023_10_30_16_41_IMG_6029.jpg,0.6224206065356426,0.02131047358346817,0.35626891988088916
road420::2023_10_30_16_47_IMG_6043.jpg,0.24413039151223775,0.05458394245344194,0.7012856660343203
road420::2023_10_30_16_47_IMG_6044.jpg,0.3317343567210901,0.06773146131034757,0.6005341819685623
road420::2023_10_30_16_47_IMG_6046.jpg,0.31071837653200524,0.04636976151519692,0.6429118619527978
road420::2023_10_30_16_48_IMG_6049.jpg,0.34470858429295437,0.032475882345332475,0.6228155333617131
road420::2023_10_30_16_48_IMG_6050.jpg,0.7408638821975128,0.03529909573880756,0.22383702206367972
road420::2023_10_30_16_49_IMG_6053.jpg,0.6899763675427091,0.14111323433541456,0.1689103981218764
road420::2023_10_30_16_55_IMG_6072.jpg,0.5335117591519463,0.17748613338090252,0.28900210746715116
road420::2023_10_30_16_56_IMG_6074.jpg,0.4694192146144066,0.06500251632616916,0.4655782690594242
road420::2023_10_30_16_57_IMG_6079.jpg,0.38857907490831683,0.05187909033769651,0.5595418347539867
road420::2023_10_30_16_57_IMG_6081.jpg,0.43128438652287465,0.06350779579371918,0.5052078176834062
road420::2023_10_30_17_01_IMG_6108.jpg,0.5607010478570722,0.053748570762997105,0.3855503813799307
road420::2023_10_30_17_03_IMG_6115.jpg,0.43375343936147126,0.1401217776829559,0.4261247829555729
road420::2023_10_30_17_03_IMG_6121.jpg,0.25662926465662134,0.26319473166864416,0.4801760036747344
road420::2023_10_30_17_04_IMG_6125.jpg,0.5730422086094741,0.1449565343955816,0.2820012569949444
road420::2023_10_30_17_04_IMG_6126.jpg,0.35325354931306785,0.09174468699957519,0.555001763687357
road420::2023_10_30_17_06_IMG_6139.jpg,0.6324626030685765,0.19493359586284703,0.17260380106857648
road420::2023_10_30_17_25_IMG_6153.jpg,0.7309813310166944,0.02827650845704156,0.24074216052626396
road420::2023_10_30_17_25_IMG_6154.jpg,0.7789318795416786,0.03344914206116264,0.18761897839715874
road420::2023_10_30_17_28_IMG_6161.jpg,0.6296742339440377,0.062423960556755996,0.30790180549920637
road420::2023_10_30_17_29_IMG_6162.jpg,0.20613014232999002,0.11569570535486205,0.6781741523151479
road420::2023_10_30_17_31_IMG_6169.jpg,0.47956823718545954,0.13216160165479743,0.38827016115974305
road420::2023_10_30_17_32_IMG_6176.jpg,0.5424486939510207,0.07471106311080625,0.382840242938173
road420::2023_10_30_17_33_IMG_6179.jpg,0.24369738624030102,0.1520259343613037,0.6042766793983954
road420::2023_10_30_17_35_IMG_6187.jpg,0.09048613143820512,0.026260600590347134,0.8832532679714478
road420::2023_10_30_17_35_IMG_6189.jpg,0.15295290043385543,0.07091242939583162,0.7761346701703129
road420::2023_10_31_13_43_IMG_6217.jpg,0.7273490433854715,0.10108663151020789,0.17156432510432074
road420::2023_10_31_13_44_IMG_6218.jpg,0.9020878173234669,0.0054574929134631935,0.09245468976306993
road420::2023_10_31_13_57_IMG_6228.jpg,0.6794333685448887,0.2641936476078119,0.05637298384729943
road420::2023_10_31_14_15_IMG_6237.jpg,0.45139350984954224,0.03608379910369584,0.512522691046762
road420::2023_10_31_14_15_IMG_6240.jpg,0.008030431881197035,0.6324414057655295,0.3595281623532735
road420::2023_10_31_14_27_IMG_6255.jpg,0.7254134523263194,0.03146749756280866,0.24311905011087204
road420::2023_10_31_14_29_IMG_6263.jpg,0.6910435531926278,0.008260739006258837,0.3006957078011134
road420::2023_10_31_14_30_IMG_6267.jpg,0.7208238899701148,0.07925187525382563,0.1999242347760596
road420::2023_10_31_14_35_IMG_6271.jpg,0.8895729534537872,0.006470351157785556,0.10395669538842729
road420::2023_10_31_14_36_IMG_6277.jpg,0.8776101517085023,0.015421175682260632,0.10696867260923706
road420::2023_10_31_14_43_IMG_6288.jpg,0.677107540699306,0.03565494702394701,0.28723751227674704
road420::2023_10_31_14_44_IMG_6289.jpg,0.7399762984386365,0.0017512609380673386,0.25827244062329613
road420::2023_10_31_14_47_IMG_6295.jpg,0.6457578591590175,0.010920031017576834,0.3433221098234056
road420::2023_10_31_14_49_IMG_6303.jpg,0.8009168144701512,0.009416279919232792,0.18966690561061594
road420::2023_11_01_20_21_IMG_6340.jpg,0.013841561340676682,0.2574027345818654,0.7287557040774579
road420::2023_11_01_20_23_IMG_6342.jpg,0.08736391659002472,0.1698400514361771,0.7427960319737983
road420::2023_11_01_20_33_IMG_6353.jpg,0.4234879933804314,0.4056997182504684,0.17081228836910026
road420::2023_11_01_20_36_IMG_6356.jpg,0.48891719754912544,0.007234438416212594,0.5038483640346619
road420::2023_11_01_20_42_IMG_6368.jpg,0.849676699293426,0.05396321751835019,0.09636008318822378
road420::2023_11_01_20_44_IMG_6371.jpg,0.20681973790381253,0.06459025230474537,0.7285900097914421
road420::2023_11_01_20_46_IMG_6373.jpg,0.528948125925864,0.28488268316621446,0.1861691909079214
road420::2023_11_05_21_01_IMG_6442.jpg,0.3140447204841989,0.26622755871984666,0.4197277207959545
road420::2023_11_05_21_05_IMG_6451.jpg,0.4780132032662234,0.42811325343584666,0.09387354329793005
road420::2023_11_05_21_07_IMG_6455.jpg,0.4157620291728742,0.07721302174563338,0.5070249490814923
road420::2023_11_05_21_08_IMG_6456.jpg,0.8098747128555849,0.06471143183762727,0.12541385530678772
road420::2023_11_05_21_22_IMG_6475.jpg,0.7413113557070401,0.18730474424298849,0.07138390004997132
road420::2023_11_05_21_25_IMG_6484.jpg,0.6005438219683693,0.003647464217344196,0.39580871381428656
road420::2023_11_05_21_25_IMG_6485.jpg,0.6064715559510546,0.037823489351463874,0.35570495469748153
road420::2023_11_05_21_27_IMG_6492.jpg,0.7362134323032491,0.06833862676537983,0.1954479409313711
road420::2023_11_05_21_30_IMG_6499.jpg,0.5531249837285843,0.05085938503857153,0.39601563123284406
road420::2023_11_05_21_34_IMG_6509.jpg,0.3264113783747303,0.00594264909134373,0.667645972533926
road420::2023_11_05_21_35_IMG_6510.jpg,0.08018488786789472,0.12861276830340887,0.7912023438286965
road420::2023_11_05_21_39_IMG_6518.jpg,0.061762956386483825,0.22215103378888623,0.7160860098246299
road420::2023_11_05_21_39_IMG_6521.jpg,0.026694476533952783,0.548378443356324,0.4249270801097232
road420::2023_11_05_21_40_IMG_6525.jpg,0.18473407269187622,0.7065177118592432,0.10874821544888058
road420::2023_11_05_21_41_IMG_6527.jpg,0.6997697443644529,0.2566805621360294,0.04354969349951762
facade390::DJ_Wall_105.JPG,0.5785223710777841,0.1202647161650671,0.30121291275714884
facade390::DJ_Wall_108.JPG,0.4865479897074579,0.19175546818511258,0.32169654210742965
facade390::DJ_Wall_117.JPG,0.2805371111148719,0.6119547559293733,0.10750813295575479
facade390::DJ_Wall_120.JPG,0.6581409478386662,0.03883499958151727,0.30302405257981657
facade390::DJ_Wall_134.JPG,0.8551690570744167,0.05372450756178192,0.09110643536380153
facade390::DJ_Wall_140.JPG,0.7412335368635308,0.1026560738644768,0.15611038927199253
facade390::DJ_Wall_145.JPG,0.7982166037165123,0.03561945744880593,0.16616393883468183
facade390::DJ_Wall_146.JPG,0.6848042274553495,0.15900379775696905,0.15619197478768151
facade390::DJ_Wall_147.JPG,0.939315329973766,0.030741068620219452,0.029943601406014635
facade390::DJ_Wall_149.JPG,0.8879399862673556,0.013156024569420905,0.09890398916322361
facade390::DJ_Wall_153.JPG,0.894186865853169,0.0474839694220784,0.05832916472475251
facade390::DJ_Wall_154.JPG,0.911192422995051,0.01800321934088567,0.07080435766406343
facade390::DJ_Wall_155.JPG,0.8895316431549894,0.02759419440751479,0.08287416243749562
facade390::DJ_Wall_160.JPG,0.7548403300348014,0.025581318873447764,0.21957835109175083
facade390::DJ_Wall_173.JPG,0.71368414971427,0.24052940838527057,0.04578644190045942
facade390::DJ_Wall_178.JPG,0.7118909523312833,0.13863643061196076,0.14947261705675605
facade390::DJ_Wall_180.JPG,0.784140701183476,0.07940731370425631,0.1364519851122677
facade390::DJ_Wall_181.JPG,0.809989665071455,0.03227177975596836,0.15773855517257668
facade390::DJ_Wall_185.JPG,0.46212095521976904,0.22821753422726226,0.3096615105529687
facade390::DJ_Wall_186.JPG,0.720350111818885,0.05585945143200765,0.22379043674910748
facade390::DJ_Wall_192.JPG,0.7774713812723514,0.0961782910750589,0.1263503276525897
facade390::DJ_Wall_194.JPG,0.5134689391517506,0.35512084471332545,0.13141021613492382
facade390::DJ_Wall_2.JPG,0.345463362000287,0.16021263330228977,0.4943240046974233
facade390::DJ_Wall_203.JPG,0.2798825123408324,0.4674985763799627,0.25261891127920505
facade390::DJ_Wall_207.JPG,0.4454254312299627,0.08540407020795543,0.469170498562082
facade390::DJ_Wall_209.JPG,0.649693829802086,0.02847695898423542,0.3218292112136785
facade390::DJ_Wall_21.JPG,0.22505750328415938,0.11985163559048734,0.6550908611253532
facade390::DJ_Wall_212.JPG,0.49491493236927014,0.058380527091082254,0.4467045405396477
facade390::DJ_Wall_218.JPG,0.7586168472155448,0.0022912109926521663,0.23909194179180324
facade390::DJ_Wall_226.JPG,0.20714371700766854,0.0038006230685261565,0.7890556599238052
facade390::DJ_Wall_233.JPG,0.622666617222273,0.018514278098148085,0.3588191046795787
facade390::DJ_Wall_234.JPG,0.37875908882669285,0.0318762609199792,0.5893646502533278
facade390::DJ_Wall_236.JPG,0.44908489745530533,0.019670546081757573,0.5312445564629371
facade390::DJ_Wall_245.JPG,0.5444808587243781,0.009957936056459216,0.4455612052191627
facade390::DJ_Wall_248.JPG,0.10171502208831824,0.00028201803069096565,0.8980029598809908
facade390::DJ_Wall_249.JPG,0.18073060691516388,0.025152295450907674,0.7941170976339285
facade390::DJ_Wall_25.JPG,0.38866959385860206,0.13560569890555088,0.4757247072358471
facade390::DJ_Wall_257.JPG,0.40431719250541026,0.0018866788321472419,0.5937961286624425
facade390::DJ_Wall_26.JPG,0.5609820236049542,0.06952428530996071,0.3694936910850851
facade390::DJ_Wall_262.JPG,0.325552214498522,0.0028581382439368977,0.6715896472575411
facade390::DJ_Wall_266.JPG,0.1996384612105454,0.006347323677752012,0.7940142151117026
facade390::DJ_Wall_267.JPG,0.13597187121319831,0.03454353405079456,0.8294845947360072
facade390::DJ_Wall_269.JPG,0.3778076204666296,0.027072179171648832,0.5951202003617215
facade390::DJ_Wall_270.JPG,0.5677037088146397,0.09461733328788016,0.3376789578974801
facade390::DJ_Wall_280.JPG,0.6238329485060095,0.13573969881407047,0.24042735267992002
facade390::DJ_Wall_284.JPG,0.2645179304186803,0.03796555308816058,0.697516516493159
facade390::DJ_Wall_285.JPG,0.5635465063202829,0.04269703154136613,0.3937564621383509
facade390::DJ_Wall_288.JPG,0.4207054655008531,0.11555538459366495,0.4637391499054821
facade390::DJ_Wall_291.JPG,0.07007590393711227,0.0017368113937914612,0.9281872846690963
facade390::DJ_Wall_298.JPG,0.6595354912454214,0.08716605498584502,0.2532984537687335
facade390::DJ_Wall_30.JPG,0.23030373640878732,0.3412519105050935,0.4284443530861191
facade390::DJ_Wall_307.JPG,0.2627812332284964,0.5151328030487541,0.2220859637227495
facade390::DJ_Wall_311.JPG,0.13246717686181214,0.280483923602077,0.587048899536111
facade390::DJ_Wall_312.JPG,0.15379922697216128,0.3252527636622673,0.5209480093655715
facade390::DJ_Wall_314.JPG,0.5653690472538352,0.08432583191459549,0.3503051208315693
facade390::DJ_Wall_324.JPG,0.4941988217475779,0.13738639560055535,0.3684147826518667
facade390::DJ_Wall_330.JPG,0.571866289671225,0.052092073077254074,0.3760416372515209
facade390::DJ_Wall_338.JPG,0.6227874173040724,0.1689043972753467,0.2083081854205809
facade390::DJ_Wall_339.JPG,0.5068471222677212,0.14131611387436036,0.35183676385791846
facade390::DJ_Wall_340.JPG,0.6098167320888787,0.226195539891391,0.16398772801973022
facade390::DJ_Wall_345.JPG,0.25108659225010677,0.05065002930403177,0.6982633784458615
facade390::DJ_Wall_346.JPG,0.4740345679542896,0.2048122897838089,0.3211531422619016
facade390::DJ_Wall_348.JPG,0.3890238703772042,0.03214795065598033,0.5788281789668154
facade390::DJ_Wall_351.JPG,0.6333828639593563,0.08585849372779256,0.2807586423128511
facade390::DJ_Wall_357.JPG,0.24370286047235176,0.1728139602795777,0.5834831792480705
facade390::DJ_Wall_363.JPG,0.28071739413500546,0.10734522523547516,0.6119373806295194
facade390::DJ_Wall_37.JPG,0.21065999270949376,0.3461454683228918,0.4431945389676144
facade390::DJ_Wall_372.JPG,0.49944754978553285,0.1805918254131914,0.3199606248012758
facade390::DJ_Wall_38.JPG,0.38692700108672407,0.36249548146078114,0.25057751745249474
facade390::DJ_Wall_382.JPG,0.1615019314460464,0.7069380421872735,0.13156002636668
facade390::DJ_Wall_386.JPG,0.6213598716883003,0.12046911416723174,0.2581710141444679
facade390::DJ_Wall_389.JPG,0.6558617603327533,0.07027006624237729,0.27386817342486935
facade390::DJ_Wall_41.JPG,0.06324760596403897,0.09380373641510524,0.8429486576208558
facade390::DJ_Wall_5.JPG,0.2641256586183179,0.5174743772318733,0.21839996414980878
facade390::DJ_Wall_53.JPG,0.13102258027435887,0.23448836286921942,0.6344890568564215
facade390::DJ_Wall_55.JPG,0.37697075773684097,0.08841562365020679,0.5346136186129523
facade390::DJ_Wall_59.JPG,0.18690844297651288,0.09577474234724594,0.7173168146762412
facade390::DJ_Wall_62.JPG,0.2508639464678691,0.2981822349059609,0.45095381862617
facade390::DJ_Wall_63.JPG,0.1941605696714584,0.1962931424768036,0.6095462878517379
facade390::DJ_Wall_64.JPG,0.5151888969350372,0.05499042552130672,0.4298206775436561
facade390::DJ_Wall_69.JPG,0.4300895537723637,0.09333494592357747,0.47657550030405893
facade390::DJ_Wall_7.JPG,0.04308446901587856,0.8443896632424593,0.11252586774166201
facade390::DJ_Wall_82.JPG,0.6094642566367634,0.16555227670795045,0.2249834666552861
facade390::DJ_Wall_9.JPG,0.6204050059270702,0.10330461864766895,0.27629037542526075
facade390::DJ_Wall_90.JPG,0.12426064772518769,0.1578646121922288,0.7178747400825835
facade390::DJ_Wall_97.JPG,0.32578261360163374,0.3171382496806052,0.35707913671776104
facade390::DJ_Wall_98.JPG,0.3880074330565544,0.14217512986502728,0.46981743707841833
concrete3k::027_10.jpg,0.44067369875744455,0.1565279626745133,0.4027983385680422
concrete3k::027_19.jpg,0.7555498224154348,0.06410565477164887,0.18034452281291627
concrete3k::027_20.jpg,0.7153906212988062,0.09126262371868729,0.19334675498250659
concrete3k::027_30.jpg,0.3889634024737686,0.4959382766917523,0.11509832083447932
concrete3k::027_38.jpg,0.35834305210341144,0.4031786952510896,0.2384782526454988
concrete3k::027_39.jpg,0.16237815387696825,0.5600445496056832,0.2775772965173486
concrete3k::037_16.jpg,0.8293679431995993,0.08832017619399858,0.08231188060640211
concrete3k::037_19.jpg,0.45700778102482414,0.21704214285263337,0.32595007612254256
concrete3k::037_20.jpg,0.4135585699361499,0.47232345897990374,0.11411797108394639
concrete3k::037_22.jpg,0.4214636167425196,0.15006061430333104,0.4284757689541493
concrete3k::037_31.jpg,0.4937204115597885,0.41840946640433446,0.08787012203587695
concrete3k::037_39.jpg,0.17620570681447303,0.5014156686092922,0.3223786245762348
concrete3k::039_20.jpg,0.4123931748433846,0.4970688088750408,0.0905380162815745
concrete3k::039_24.jpg,0.690547767331833,0.19651616228435,0.11293607038381691
concrete3k::039_37.jpg,0.43889702177138085,0.12296365635460006,0.4381393218740191
concrete3k::043_12.jpg,0.2683530780374196,0.18032172795959153,0.5513251940029888
concrete3k::043_14.jpg,0.40971424482450036,0.13181189870878704,0.4584738564667127
concrete3k::043_20.jpg,0.5021573379828559,0.22103838840850884,0.27680427360863513
concrete3k::043_23.jpg,0.7288944353918301,0.22075930655539572,0.050346258052774116
concrete3k::043_25.jpg,0.7348995824076141,0.08160177140767452,0.18349864618471134
concrete3k::043_26.jpg,0.583602239489387,0.20736273273002678,0.20903502778058625
concrete3k::043_33.jpg,0.6895803040046717,0.08313818484323124,0.2272815111520971
concrete3k::047_18.jpg,0.523124866617327,0.3760477454190377,0.10082738796363518
concrete3k::047_19.jpg,0.6220922842113497,0.1873339381190214,0.19057377766962902
concrete3k::047_20.jpg,0.30065022899209587,0.5268025643619074,0.1725472066459967
concrete3k::047_21.jpg,0.6079519065656074,0.2788059696229235,0.11324212381146918
concrete3k::047_23.jpg,0.5148883626665774,0.14321845889366472,0.3418931784397579
concrete3k::047_26.jpg,0.3924177207871039,0.3253028082758494,0.28227947093704675
concrete3k::047_28.jpg,0.39413757064191834,0.2616913113777792,0.34417111798030237
concrete3k::047_8.jpg,0.6130800029161142,0.17409791208545164,0.21282208499843414
concrete3k::047_9.jpg,0.5352983807769502,0.35237241714681183,0.11232920207623788
concrete3k::052_36.jpg,0.345806215325299,0.3907259063643211,0.26346787831037993
concrete3k::052_37.jpg,0.23618640273325067,0.3935320400194125,0.37028155724733697
concrete3k::052_4.jpg,0.21305347242359138,0.4062936850085608,0.38065284256784776
concrete3k::052_44.jpg,0.06791618339682634,0.6648069480903717,0.2672768685128019
concrete3k::062_10.jpg,0.2471827485029087,0.1351915433176536,0.6176257081794377
concrete3k::062_16.jpg,0.43002243131782913,0.35130744868448094,0.21867011999768995
concrete3k::062_18.jpg,0.3501637593640179,0.49800794659469155,0.15182829404129067
concrete3k::062_19.jpg,0.23599030045210462,0.4943115627247259,0.2696981368231695
concrete3k::062_20.jpg,0.20627396310317744,0.5542583972246151,0.23946763967220752
concrete3k::062_21.jpg,0.47750927814255484,0.2992365567435025,0.22325416511394255
concrete3k::062_29.jpg,0.4174918615270044,0.45008694851107056,0.13242118996192515
concrete3k::062_30.jpg,0.35219385772987555,0.4718007836875679,0.17600535858255648
concrete3k::062_31.jpg,0.4416132360961531,0.32365786427944676,0.23472889962440013
concrete3k::062_39.jpg,0.5562712203173252,0.2530306166202441,0.19069816306243068
concrete3k::062_5.jpg,0.5285503144275049,0.18448076577475303,0.2869689197977421
concrete3k::062_9.jpg,0.22380409722587324,0.11108690334445964,0.6651089994296671
concrete3k::072_25.jpg,0.4081724794213642,0.4978705149023183,0.09395700567631736
concrete3k::072_29.jpg,0.49739944538710956,0.42869197912903156,0.07390857548385887
concrete3k::072_37.jpg,0.24470989703179766,0.33817755359441903,0.4171125493737833
concrete3k::072_38.jpg,0.17761492871762605,0.766363347282422,0.056021723999952
concrete3k::073_1.jpg,0.8085594089445157,0.06064162285577654,0.13079896819970782
concrete3k::073_17.jpg,0.5977278768473681,0.1760736916586885,0.22619843149394342
concrete3k::073_24.jpg,0.6191269111956422,0.34686254690941287,0.03401054189494497
concrete3k::073_34.jpg,0.40948050098658695,0.5372763323168289,0.05324316669658406
concrete3k::073_35.jpg,0.427732079290309,0.41887855396999923,0.15338936673969183
concrete3k::073_37.jpg,0.4521900807981935,0.39472997423569106,0.15307994496611546
concrete3k::073_47.jpg,0.630075088610983,0.08267739046288805,0.28724752092612893
concrete3k::073_9.jpg,0.773990827867698,0.08264925425311381,0.14335991787918823
concrete3k::081_11.jpg,0.6506052810580878,0.21839963922606992,0.13099507971584223
concrete3k::081_16.jpg,0.8180954723526676,0.12855479042342338,0.05334973722390897
concrete3k::081_18.jpg,0.49986393896572184,0.33661509047951377,0.16352097055476442
concrete3k::081_26.jpg,0.3267820049636883,0.20989888211854435,0.4633191129177673
concrete3k::081_27.jpg,0.276211513536212,0.4806595960694316,0.24312889039435648
concrete3k::081_28.jpg,0.32287907837950663,0.5223899132586304,0.15473100836186304
concrete3k::081_29.jpg,0.26941183834105614,0.455142618879001,0.27544554277994276
concrete3k::081_3.jpg,0.7295481234973792,0.07059450658676754,0.19985736991585318
concrete3k::081_36.jpg,0.37785541849845244,0.31537126951711986,0.3067733119844278
concrete3k::081_4.jpg,0.29148950470728613,0.08883011073525791,0.619680384557456
concrete3k::081_46.jpg,0.37073060801435115,0.3472227426833017,0.28204664930234713
concrete3k::087_11.jpg,0.6179312274627113,0.3019357464222845,0.08013302611500416
concrete3k::087_12.jpg,0.351039424901021,0.44855842466783585,0.20040215043114307
concrete3k::087_19.jpg,0.559098247727502,0.16547252524286615,0.2754292270296317
concrete3k::087_36.jpg,0.3895566690339415,0.0635874704925897,0.5468558604734689
concrete3k::087_43.jpg,0.8251788495893175,0.09372588230318905,0.08109526810749339
concrete3k::091_12.jpg,0.42723971209024725,0.32448012419428196,0.2482801637154707
concrete3k::091_20.jpg,0.4356115777710659,0.3004834464815102,0.26390497574742383
concrete3k::091_21.jpg,0.09652659539802737,0.5982258545032865,0.30524755009868615
concrete3k::091_28.jpg,0.3651730296479195,0.42476048605908623,0.2100664842929944
concrete3k::091_29.jpg,0.3032874982933929,0.3847698072328966,0.3119426944737104
concrete3k::091_4.jpg,0.47847483761304826,0.0942055158806811,0.42731964650627074
concrete3k::091_44.jpg,0.3116181354908277,0.32238029514532507,0.36600156936384726
concrete3k::094_13.jpg,0.337113341419498,0.2448306444597066,0.4180560141207955
concrete3k::094_36.jpg,0.19104520099692313,0.5057320817998612,0.30322271720321564
concrete3k::113_21.jpg,0.2027325566811214,0.6596268149986048,0.137640628320274
concrete3k::113_22.jpg,0.2298376205112765,0.17898922851599816,0.5911731509727254
concrete3k::113_25.jpg,0.3896895065912787,0.5175873885516634,0.09272310485705784
concrete3k::113_27.jpg,0.40379954621598546,0.4797645268904326,0.11643592689358188
concrete3k::114_21.jpg,0.6705928507248348,0.2218520775428126,0.10755507173235251
concrete3k::114_22.jpg,0.6103844944107951,0.3424977023761387,0.047117803213066106
concrete3k::114_25.jpg,0.7638104425884014,0.18403131201812575,0.05215824539347299
concrete3k::114_27.jpg,0.35729320795804737,0.5930467087514836,0.049660083290469045
concrete3k::114_28.jpg,0.5271758040483815,0.4104389399137456,0.06238525603787296
concrete3k::114_30.jpg,0.41775576713342233,0.5130458560062348,0.06919837686034298
concrete3k::114_31.jpg,0.4796907451671457,0.4463502394129123,0.07395901541994186
concrete3k::114_33.jpg,0.5906981007486835,0.29931746986794533,0.10998442938337114
concrete3k::120_14.jpg,0.775035343741116,0.06634461455428861,0.15862004170459534
concrete3k::120_20.jpg,0.7259804012541149,0.04913819074138175,0.22488140800450335
concrete3k::120_24.jpg,0.8592853727929021,0.06943128630580651,0.07128334090129124
concrete3k::120_28.jpg,0.6332025137012234,0.09877126425751827,0.2680262220412583
concrete3k::120_33.jpg,0.7005444698659261,0.028171334378480323,0.27128419575559354
concrete3k::120_39.jpg,0.8622684810017306,0.028006228210468907,0.10972529078780068
concrete3k::126_0.jpg,0.4511824438484963,0.315145528527433,0.2336720276240706
concrete3k::126_10.jpg,0.5504426269425869,0.3935409476404881,0.05601642541692499
concrete3k::126_11.jpg,0.6459788842141635,0.154205359577133,0.19981575620870348
concrete3k::126_19.jpg,0.6426386434860396,0.22997412077555213,0.12738723573840838
concrete3k::126_20.jpg,0.44090893098559414,0.08747355990705032,0.47161750910735556
concrete3k::126_27.jpg,0.6031716941533204,0.09272118774768187,0.30410711809899776
concrete3k::126_28.jpg,0.5564318390338074,0.3947007294403859,0.04886743152580668
concrete3k::126_29.jpg,0.7550793933948293,0.182720962683537,0.062199643921633546
concrete3k::126_34.jpg,0.1637078994427262,0.4845862804365399,0.351705820120734
concrete3k::126_38.jpg,0.6636847281424082,0.18220778372916802,0.15410748812842368
concrete3k::126_41.jpg,0.30370183592877764,0.24820407430427333,0.44809408976694903
concrete3k::126_42.jpg,0.26557923911312326,0.26627084083104546,0.4681499200558312
concrete3k::126_47.jpg,0.6037465883686584,0.35619187886035336,0.04006153277098814
concrete3k::126_8.jpg,0.4158660277900493,0.2890296166545491,0.2951043555554016
concrete3k::126_9.jpg,0.616795510213725,0.3060560445129465,0.07714844527332855
concrete3k::129_21.jpg,0.9119656970347586,0.04813320769962881,0.039901095265612474
concrete3k::129_35.jpg,0.7187370775967167,0.2095891347219057,0.07167378768137762
concrete3k::129_36.jpg,0.5299125254606797,0.34261343469198,0.1274740398473403
concrete3k::129_42.jpg,0.8097049538144331,0.08558191993792783,0.10471312624763912
concrete3k::129_5.jpg,0.8366401607917638,0.03206230494248566,0.13129753426575042
concrete3k::133_19.jpg,0.24258248768811705,0.6015522779313816,0.15586523438050137
concrete3k::133_28.jpg,0.5697038039641741,0.29690777834732734,0.13338841768849857
concrete3k::133_38.jpg,0.5867018439816084,0.24481197434290558,0.168486181675486
concrete3k::142_10.jpg,0.4362217737003238,0.0950171282959457,0.46876109800373056
concrete3k::142_17.jpg,0.5460730471407199,0.12275291530978506,0.3311740375494949
concrete3k::142_2.jpg,0.3606285920870742,0.051831639064735736,0.58753976884819
concrete3k::142_25.jpg,0.3439462664663756,0.5449635632910941,0.11109017024253036
concrete3k::142_26.jpg,0.36805884230552816,0.5071407128261569,0.12480044486831486
concrete3k::142_30.jpg,0.5517429665324032,0.09628752106671129,0.3519695124008856
concrete3k::142_37.jpg,0.592987577996657,0.2149620652981944,0.19205035670514864
concrete3k::142_38.jpg,0.6932316143060839,0.15845120644665797,0.14831717924725818
concrete3k::142_47.jpg,0.17376794560522404,0.7715817225637689,0.05465033183100708
concrete3k::145_36.jpg,0.666960526270466,0.15234523274094833,0.18069424098858566
concrete3k::145_4.jpg,0.5989236522671108,0.1036229003060811,0.2974534474268081
concrete3k::145_44.jpg,0.6593709988902325,0.23551222644787567,0.10511677466189177
concrete3k::148_15.jpg,0.7201408585598478,0.21721070914837046,0.06264843229178176
concrete3k::148_21.jpg,0.4160952807003444,0.3160190449637111,0.26788567433594457
concrete3k::148_23.jpg,0.5937790260814231,0.13530813274105863,0.27091284117751824
concrete3k::148_24.jpg,0.48610110462326,0.3578633986517784,0.1560354967249615
concrete3k::148_27.jpg,0.5480123527919177,0.3598472946349187,0.09214035257316347
concrete3k::148_28.jpg,0.5232337853795989,0.2887637564178284,0.18800245820257283
concrete3k::148_29.jpg,0.659015072315993,0.23715086348240602,0.10383406420160102
concrete3k::148_30.jpg,0.28772597160722824,0.2834876817237543,0.42878634666901755
concrete3k::148_32.jpg,0.6688687395752233,0.1677010975398881,0.16343016288488846
concrete3k::148_35.jpg,0.561761982288862,0.10783714186331367,0.33040087584782435
concrete3k::171_25.jpg,0.3153627965838141,0.2285133664697444,0.45612383694644143
concrete3k::171_26.jpg,0.28848499581350867,0.5244082275802031,0.18710677660628822
concrete3k::171_27.jpg,0.28216928160256505,0.6039641314731364,0.11386658692429856
concrete3k::171_28.jpg,0.2664967872832392,0.4362174386159726,0.2972857741007882
concrete3k::171_29.jpg,0.27850323743737215,0.5271380320877254,0.19435873047490254
concrete3k::171_39.jpg,0.7148591845491955,0.08448581765357473,0.2006549977972298
concrete3k::172_10.jpg,0.5316231287927717,0.1088966720342323,0.359480199172996
concrete3k::172_18.jpg,0.5250408392027078,0.26490082533668163,0.2100583354606106
concrete3k::172_19.jpg,0.5740889160472359,0.12748694476138875,0.2984241391913755
concrete3k::172_27.jpg,0.6318084211350999,0.16606893768503928,0.20212264117986076
concrete3k::172_28.jpg,0.5302308933742749,0.2532311223143668,0.21653798431135837
concrete3k::172_30.jpg,0.6009757180766316,0.2725755169747722,0.1264487649485961
concrete3k::172_8.jpg,0.5091031519272531,0.23661535113261747,0.25428149694012936
concrete3k::178_23.jpg,0.44336680195346606,0.41870451871878167,0.13792867932775216
concrete3k::178_25.jpg,0.4882974049486332,0.33470869546284915,0.17699389958851755
concrete3k::178_26.jpg,0.25996160441438243,0.5527962290340178,0.1872421665515998
concrete3k::178_27.jpg,0.2109886331709135,0.5552874484961389,0.2337239183329477
concrete3k::178_28.jpg,0.28667542718360906,0.3265790884492107,0.3867454843671802
concrete3k::178_29.jpg,0.30847580382407125,0.4919895053491818,0.1995346908267469
concrete3k::184_16.jpg,0.2165891342715855,0.5571922740795621,0.22621859164885244
concrete3k::184_18.jpg,0.14594076183267518,0.7485584096434919,0.10550082852383297
concrete3k::184_19.jpg,0.236463539555194,0.4801825148115294,0.2833539456332765
concrete3k::184_23.jpg,0.45423754556756596,0.37091285938009416,0.17484959505233996
concrete3k::184_30.jpg,0.29234834487199146,0.5409619847491469,0.16668967037886165
concrete3k::185_19.jpg,0.22351009730297697,0.49345973124306425,0.28303017145395876
concrete3k::185_37.jpg,0.26321769941024553,0.5665750728836751,0.17020722770607924
concrete3k::185_38.jpg,0.41140116187275827,0.33512828627034025,0.2534705518569015
concrete3k::185_39.jpg,0.5001699744885756,0.36319120377531444,0.1366388217361099
concrete3k::185_47.jpg,0.5376259147579294,0.2568338046092694,0.20554028063280116
concrete3k::185_9.jpg,0.38759301808020985,0.22366067830815362,0.3887463036116366
concrete3k::194_16.jpg,0.3257924443792989,0.1833833008294411,0.49082425479126013
concrete3k::194_26.jpg,0.26587424985029695,0.1521013925718346,0.5820243575778684
concrete3k::194_29.jpg,0.4038794112871016,0.22454520987109344,0.37157537884180497
concrete3k::194_30.jpg,0.4074134747976298,0.45732934948366755,0.1352571757187026
concrete3k::201_13.jpg,0.5587612670731585,0.35788953997271844,0.08334919295412307
concrete3k::201_26.jpg,0.6908277477474866,0.21380520681335147,0.09536704543916188
concrete3k::201_40.jpg,0.5440645327318003,0.1310563326234398,0.3248791346447599
concrete3k::201_5.jpg,0.472921888102099,0.1343703325479195,0.39270777934998163
concrete3k::204_0.jpg,0.6188017856445928,0.11894036306094707,0.26225785129446016
concrete3k::204_1.jpg,0.7401154027553543,0.05766082851114083,0.2022237687335049
concrete3k::204_15.jpg,0.6942920376094733,0.1455801793577669,0.16012778303275985
concrete3k::204_23.jpg,0.6783551967693527,0.15514818745026374,0.16649661578038358
concrete3k::204_28.jpg,0.656127446215793,0.17258265517717739,0.17128989860702953
concrete3k::204_29.jpg,0.672570818167324,0.18744159201982702,0.1399875898128491
concrete3k::204_35.jpg,0.41626608447568286,0.22040095075848326,0.3633329647658339
concrete3k::204_36.jpg,0.42005874686217337,0.09788966103248913,0.4820515921053375
concrete3k::204_8.jpg,0.39714027899446364,0.19025913674549352,0.41260058426004287
concrete3k::212_12.jpg,0.5947503585967132,0.0959371181837326,0.3093125232195544
concrete3k::212_13.jpg,0.5193371656520478,0.09570737591308909,0.3849554584348632
concrete3k::212_20.jpg,0.8087995621361586,0.07917778512799464,0.11202265273584683
concrete3k::212_28.jpg,0.7356446622547601,0.11721198312051462,0.14714335462472547
concrete3k::212_42.jpg,0.11873184364732817,0.3087449843555285,0.5725231719971434
concrete3k::213_14.jpg,0.42606699996666747,0.21939840569663382,0.35453459433669876
concrete3k::213_21.jpg,0.6818176738465854,0.21779288633033766,0.10038943982307685
concrete3k::213_26.jpg,0.32250991201087814,0.13211081581596726,0.5453792721731546
concrete3k::213_27.jpg,0.5545820374016961,0.3464526513090367,0.0989653112892673
concrete3k::213_28.jpg,0.5049280574135006,0.14738538768921242,0.34768655489728695
concrete3k::213_34.jpg,0.6454469735273538,0.17759132272765715,0.17696170374498907
concrete3k::219_17.jpg,0.6018550838555692,0.2464418721038964,0.1517030440405344
concrete3k::219_26.jpg,0.3212889654406663,0.5716441278300765,0.10706690672925734
concrete3k::219_27.jpg,0.32381969529539056,0.548366774838741,0.12781352986586847
concrete3k::219_28.jpg,0.22958190902935882,0.6656483004478095,0.10476979052283159
concrete3k::219_29.jpg,0.3141790519331007,0.5695806163961277,0.11624033167077157
concrete3k::219_30.jpg,0.33537406477320203,0.41993733134397193,0.24468860388282604
concrete3k::219_8.jpg,0.6847643713118834,0.16912086905467635,0.14611475963344023
concrete3k::219_9.jpg,0.5776940164764253,0.2943306786799759,0.12797530484359876
concrete3k::227_19.jpg,0.5836649733649902,0.23282038320053283,0.18351464343447704
concrete3k::227_20.jpg,0.4306702155577244,0.04521392084830421,0.5241158635939714
concrete3k::227_21.jpg,0.4905046776284562,0.17458804427003752,0.3349072781015062
concrete3k::227_38.jpg,0.7083366889054954,0.09008608208174695,0.20157722901275765
concrete3k::227_8.jpg,0.5636585231533946,0.13450662422053605,0.30183485262606924
concrete3k::229_16.jpg,0.254173045432473,0.5337833610390318,0.21204359352849522
concrete3k::229_28.jpg,0.07098585488863304,0.6569287532488418,0.27208539186252506
concrete3k::229_29.jpg,0.09272742820885507,0.6573393570760616,0.24993321471508329
concrete3k::231_1.jpg,0.42948574446985144,0.355097785937769,0.21541646959237953
concrete3k::231_19.jpg,0.11221295937400777,0.7660699851792377,0.12171705544675451
concrete3k::231_20.jpg,0.14081830346098329,0.6786579256485923,0.18052377089042446
concrete3k::231_28.jpg,0.11871938846824664,0.4536838718242129,0.42759673970754053
concrete3k::231_29.jpg,0.15939581585269016,0.5701063516915765,0.2704978324557334
concrete3k::231_37.jpg,0.11188478020414142,0.5480496599237955,0.34006555987206316
concrete3k::231_38.jpg,0.31562372767561553,0.3244674295282812,0.35990884279610325
concrete3k::231_45.jpg,0.07377709931365795,0.650079764805202,0.27614313588114
concrete3k::231_46.jpg,0.49372707485761774,0.2551446061299719,0.2511283190124103
concrete3k::231_9.jpg,0.13746474810017145,0.5838803426035807,0.2786549092962479
concrete3k::239_16.jpg,0.3298985860108415,0.18521913869114026,0.48488227529801814
concrete3k::239_17.jpg,0.2383770153736326,0.622156799325294,0.13946618530107346
concrete3k::239_18.jpg,0.3332263771190776,0.3970225605479748,0.26975106233294754
concrete3k::239_26.jpg,0.13602659599215977,0.6398949831219608,0.22407842088587934
concrete3k::239_27.jpg,0.1084842732907319,0.6697729994763694,0.2217427272328987
concrete3k::239_28.jpg,0.20138593931062368,0.44980596748934504,0.34880809320003126
concrete3k::239_29.jpg,0.20828686876313043,0.3467354222125873,0.44497770902428235
concrete3k::239_30.jpg,0.1561002380552826,0.5143210175273862,0.3295787444173312
concrete3k::251_0.jpg,0.36071738145808435,0.44282252703159997,0.1964600915103157
concrete3k::251_11.jpg,0.8177694023358358,0.054041607158823265,0.12818899050534077
concrete3k::251_20.jpg,0.6098905113351496,0.09968523416152261,0.2904242545033277
concrete3k::251_31.jpg,0.32908391745509097,0.5165200990885932,0.15439598345631586
concrete3k::251_36.jpg,0.21435646330818106,0.11599919071436174,0.6696443459774571
concrete3k::251_37.jpg,0.5706170466266496,0.26455601794250805,0.1648269354308423
concrete3k::251_38.jpg,0.5377242307171682,0.32350501157421413,0.1387707577086176
concrete3k::251_39.jpg,0.8230089767402216,0.11101205609154531,0.06597896716823315
concrete3k::257_22.jpg,0.7892756786373463,0.1194565286982721,0.09126779266438156
concrete3k::257_23.jpg,0.7537970948135249,0.08631349183672954,0.15988941334974552
concrete3k::257_26.jpg,0.8655949679762637,0.07634668191347187,0.058058350110264556
concrete3k::257_30.jpg,0.735236602851779,0.10557520781180668,0.15918818933641415
concrete3k::257_34.jpg,0.5357013618087499,0.1664327303761704,0.29786590781507966
concrete3k::257_37.jpg,0.4262007795258304,0.1023119652737962,0.4714872552003735
concrete3k::257_8.jpg,0.8350293540411756,0.04479215481528511,0.12017849114353925
concrete3k::260_0.jpg,0.9079592328426006,0.03733095931581798,0.05470980784158148
concrete3k::260_18.jpg,0.7997079903847709,0.11201128256780285,0.08828072704742615
concrete3k::260_27.jpg,0.8185431929233739,0.10482903577829669,0.07662777129832943
concrete3k::260_30.jpg,0.6483451977310635,0.24337547848557398,0.10827932378336255
concrete3k::261_21.jpg,0.5186135144848225,0.3795098275459216,0.10187665796925595
concrete3k::261_22.jpg,0.6699196259256139,0.13368859703386424,0.19639177704052177
concrete3k::261_29.jpg,0.24331004938450468,0.35376462046291657,0.4029253301525787
concrete3k::261_33.jpg,0.6787495547421537,0.15477875326777302,0.16647169199007317
concrete3k::261_34.jpg,0.6324519519396437,0.26127289180913843,0.10627515625121785
concrete3k::261_40.jpg,0.6932953597975087,0.09603647080529037,0.2106681693972009
concrete3k::261_41.jpg,0.7661640250045685,0.10857531610270217,0.12526065889272942
concrete3k::263_12.jpg,0.14855438057169343,0.08089546614847072,0.7705501532798359
concrete3k::263_13.jpg,0.30388223715239177,0.2605227041841736,0.4355950586634346
concrete3k::263_16.jpg,0.8024695902095876,0.10793570188292262,0.0895947079074897
concrete3k::263_18.jpg,0.4874626964822637,0.08912023220175931,0.423417071315977
concrete3k::263_19.jpg,0.5605362964111751,0.13806990203291425,0.3013938015559108
concrete3k::263_20.jpg,0.48526225265765865,0.24685569981005576,0.26788204753228556
concrete3k::266_27.jpg,0.6390855083973124,0.09760767600155149,0.2633068156011361
concrete3k::266_28.jpg,0.4392056794509993,0.24951964005082253,0.3112746804981782
concrete3k::266_37.jpg,0.732542403431392,0.03854509743546556,0.2289124991331425
concrete3k::266_38.jpg,0.7696698022905197,0.11594861853824336,0.11438157917123692
concrete3k::270_16.jpg,0.75378263611396,0.04316130793825952,0.20305605594778056
concrete3k::270_17.jpg,0.7296076863192711,0.1117786343501269,0.15861367933060197
concrete3k::270_18.jpg,0.5852936597936329,0.2435785545409851,0.17112778566538195
concrete3k::270_34.jpg,0.7878656328550168,0.06405639629357815,0.14807797085140503
concrete3k::270_36.jpg,0.4733986202903762,0.1465403964867315,0.3800609832228923
concrete3k::270_37.jpg,0.7017461364435436,0.18497295637199584,0.11328090718446077
concrete3k::270_38.jpg,0.8515182484580083,0.032527982429648314,0.11595376911234344
concrete3k::270_47.jpg,0.4163946597434718,0.37029609995346585,0.2133092403030624
concrete3k::270_8.jpg,0.8366120674650428,0.06725126562971713,0.09613666690523999
concrete3k::273_16.jpg,0.4241851517638266,0.422386280337751,0.15342856789842232
concrete3k::273_19.jpg,0.551907921645153,0.06215840436174748,0.3859336739930995
concrete3k::273_20.jpg,0.5221128367096141,0.30785917440779337,0.17002798888259252
concrete3k::273_21.jpg,0.7341319853235954,0.1576162786996346,0.10825173597677003
concrete3k::273_22.jpg,0.7563982004461896,0.17382891340198922,0.06977288615182117
concrete3k::273_25.jpg,0.46473404994197737,0.4511415993470347,0.08412435071098798
concrete3k::273_26.jpg,0.4071162480757289,0.4617900450922853,0.13109370683198582
concrete3k::273_28.jpg,0.47864082486811965,0.240935475493305,0.28042369963857544
concrete3k::273_29.jpg,0.3276581333639219,0.3771290362928242,0.29521283034325385
concrete3k::273_30.jpg,0.631233731145971,0.2461207272384945,0.1226455416155345
concrete3k::273_31.jpg,0.48402871327727115,0.456835571686124,0.059135715036604745
concrete3k::274_15.jpg,0.8283027255907566,0.0880580649428966,0.08363920946634681
concrete3k::274_17.jpg,0.9110448772009851,0.038774925673949294,0.05018019712506546
concrete3k::274_21.jpg,0.496477429659084,0.22606616644573208,0.27745640389518395
concrete3k::274_22.jpg,0.6835047972773933,0.16624115905748543,0.15025404366512124
concrete3k::290_17.jpg,0.5747447908031783,0.23793308611999964,0.18732212307682203
concrete3k::290_20.jpg,0.4690452259125183,0.24794597336665475,0.2830088007208268
concrete3k::290_27.jpg,0.7618408321179008,0.07444368362171985,0.16371548426037938
concrete3k::290_28.jpg,0.48043774013625773,0.45008344156692637,0.06947881829681586
concrete3k::290_30.jpg,0.5123924893945007,0.26723720696816283,0.22037030363733645
concrete3k::290_31.jpg,0.6108069721291399,0.1805634634612394,0.2086295644096207
concrete3k::293_1.jpg,0.48469435382346315,0.05373357017332395,0.46157207600321287
concrete3k::293_12.jpg,0.451336276160311,0.035751810141866555,0.5129119136978224
concrete3k::293_19.jpg,0.6756602596006955,0.033465214716550507,0.2908745256827539
concrete3k::293_9.jpg,0.4645851561546203,0.16127601022390525,0.3741388336214743
concrete3k::300_13.jpg,0.8040438146229153,0.02264044461568002,0.1733157407614047
concrete3k::300_14.jpg,0.6511741310504997,0.18225280238224692,0.1665730665672535
concrete3k::300_18.jpg,0.480266080776604,0.026174578383623918,0.49355934083977226
concrete3k::300_4.jpg,0.7085026302500963,0.08925836932487587,0.20223900042502785
concrete3k::300_5.jpg,0.7908795793614275,0.08035831732749064,0.12876210331108187
concrete3k::300_7.jpg,0.7655269674720835,0.05202251932766827,0.18245051320024816
concrete3k::300_9.jpg,0.6632283994780446,0.1324640964847649,0.20430750403719064
concrete3k::313_17.jpg,0.5485974730825168,0.30166783455482865,0.14973469236265452
concrete3k::313_23.jpg,0.5985007229464351,0.25366752114145885,0.14783175591210607
concrete3k::313_5.jpg,0.455494911700826,0.06985760624636736,0.4746474820528067
concrete3k::328_3.jpg,0.724298444779696,0.04557043221728669,0.2301311230030173
concrete3k::362_15.jpg,0.7750650418508214,0.1800642217806713,0.044870736368507254
concrete3k::362_3.jpg,0.2995083176772388,0.586660659587272,0.1138310227354893
concrete3k::362_39.jpg,0.7579831204338595,0.21437685082890456,0.027640028737235957
concrete3k::362_44.jpg,0.7923934103940519,0.15301067694647819,0.05459591265946993
concrete3k::362_45.jpg,0.3299224571834905,0.560606184010252,0.1094713588062575
concrete3k::362_8.jpg,0.2644878684630504,0.6593663605728541,0.07614577096409546
concrete3k::365_1.jpg,0.7596221592230273,0.1802185319986018,0.06015930877837069
concrete3k::365_13.jpg,0.5154351145342135,0.19981342073001768,0.2847514647357688
concrete3k::365_14.jpg,0.8657943307485975,0.07111273008300889,0.0630929391683937
concrete3k::365_18.jpg,0.6234569304708518,0.12424501180948935,0.2522980577196587
concrete3k::365_27.jpg,0.6783295400071273,0.26133834363798747,0.06033211635488517
concrete3k::365_45.jpg,0.832990606452,0.0868403366731006,0.08016905687489942
concrete3k::371_11.jpg,0.2895658027917672,0.6188980593859882,0.09153613782224457
concrete3k::371_15.jpg,0.43742473324394593,0.40112398870426436,0.16145127805178977
concrete3k::371_16.jpg,0.11089055293616722,0.8552911747672316,0.033818272296601226
concrete3k::371_17.jpg,0.3433714974024672,0.49244099532642926,0.1641875072711036
concrete3k::371_21.jpg,0.31668255809721374,0.4323569821606338,0.2509604597421526
concrete3k::371_27.jpg,0.4582897425471658,0.439161232425685,0.1025490250271493
concrete3k::371_32.jpg,0.2017927740795777,0.673948831244433,0.12425839467598912
concrete3k::371_37.jpg,0.5859761941158342,0.307467936647871,0.10655586923629475
concrete3k::371_5.jpg,0.5951361274191551,0.33513532049743316,0.06972855208341171
concrete3k::385_14.jpg,0.5547226241952294,0.2400896971315649,0.20518767867320573
concrete3k::385_15.jpg,0.22369900001902523,0.6062502603785592,0.1700507396024155
concrete3k::385_28.jpg,0.45799242290186803,0.43749051818986867,0.10451705890826327
concrete3k::385_34.jpg,0.7704479743762126,0.09036300239616116,0.1391890232276262
concrete3k::385_38.jpg,0.8593869909805056,0.06845415123041189,0.07215885778908249
concrete3k::385_44.jpg,0.6788902834534479,0.2304287268464592,0.09068098970009278
concrete3k::385_8.jpg,0.5906921973899117,0.034709653740166664,0.37459814886992165
concrete3k::403_24.jpg,0.46799419885615606,0.43422567275598706,0.09778012838785677
concrete3k::403_34.jpg,0.28239899329235296,0.24655651767298,0.4710444890346671
concrete3k::404_26.jpg,0.5052109731756762,0.26899924108149714,0.22578978574282663
concrete3k::404_3.jpg,0.5562401161639927,0.3582041681266582,0.08555571570934908
concrete3k::404_32.jpg,0.5204258045310727,0.2145253507670896,0.2650488447018378
concrete3k::404_37.jpg,0.36423987426006804,0.044631941279507786,0.5911281844604241
concrete3k::404_38.jpg,0.7906702635885662,0.1159786305496876,0.0933511058617462
concrete3k::404_8.jpg,0.6443809893414311,0.10294154792379245,0.25267746273477654
concrete3k::419_21.jpg,0.2254164042956698,0.3721450108441815,0.4024385848601487
concrete3k::419_38.jpg,0.5217618661576447,0.34996510557133165,0.12827302827102363
concrete3k::419_44.jpg,0.20315809799640638,0.4134922969368832,0.38334960506671034
concrete3k::419_45.jpg,0.18162438375155848,0.6124742901576706,0.20590132609077086
concrete3k::434_14.jpg,0.26309425358309363,0.4070075016967227,0.3298982447201837
concrete3k::434_15.jpg,0.3836093308342464,0.4289729315953404,0.18741773757041325
concrete3k::434_20.jpg,0.3503820626581775,0.518283561963865,0.13133437537795747
concrete3k::437_0.jpg,0.4037431497843345,0.5037372727161629,0.09251957749950261
concrete3k::437_1.jpg,0.3342017799174916,0.40919172795093484,0.2566064921315735
concrete3k::437_14.jpg,0.1326215229638273,0.6246853633984211,0.24269311363775165
concrete3k::437_27.jpg,0.1692323333181228,0.6163375840494543,0.214430082632423
concrete3k::437_28.jpg,0.5396961393938883,0.17215566055333706,0.28814820005277464
concrete3k::437_33.jpg,0.3303731558365145,0.4521056335632455,0.2175212106002399
concrete3k::437_35.jpg,0.1376966263629832,0.5720543018905576,0.29024907174645914
concrete3k::437_8.jpg,0.23026901418028856,0.5195230731201466,0.250207912699565
concrete3k::453_15.jpg,0.6020763000055414,0.1614708584512466,0.23645284154321192
concrete3k::453_21.jpg,0.6153231236547562,0.2908717641113464,0.09380511223389744
concrete3k::453_27.jpg,0.5452310225866679,0.3577017250769646,0.09706725233636747
concrete3k::453_3.jpg,0.8455166149223514,0.08071630128963965,0.07376708378800896
concrete3k::453_33.jpg,0.12766281813166197,0.7790576329546188,0.09327954891371923
concrete3k::453_38.jpg,0.6711075101976246,0.21282491341422896,0.11606757638814644
concrete3k::453_39.jpg,0.4328397930678638,0.4619435590260736,0.10521664790606258
concrete3k::453_45.jpg,0.6791140515817978,0.26722908469389595,0.053656863724306184
concrete3k::457_27.jpg,0.6184031501434512,0.29503335588263524,0.08656349397391368
concrete3k::457_3.jpg,0.7850344160713136,0.08857594705807824,0.12638963687060814
concrete3k::457_32.jpg,0.3427708461629353,0.526477833731535,0.1307513201055297
concrete3k::457_39.jpg,0.43496681174528873,0.21358474541355574,0.3514484428411555
concrete3k::457_42.jpg,0.36136171220841207,0.08503173626658084,0.553606551525007
concrete3k::457_44.jpg,0.6065287683649333,0.21847062150106256,0.17500061013400414
concrete3k::457_8.jpg,0.5679254529315544,0.11636439373978537,0.31571015332866026
concrete3k::460_15.jpg,0.6119412213723986,0.22661059375406017,0.1614481848735412
concrete3k::460_20.jpg,0.15724521838802236,0.701337827964331,0.14141695364764664
concrete3k::460_3.jpg,0.43647282794769254,0.4676968927812523,0.09583027927105518
concrete3k::460_32.jpg,0.4307182186204347,0.37702391384914274,0.19225786753042268
concrete3k::460_38.jpg,0.6193627796944661,0.2581900434446498,0.12244717686088413
concrete3k::460_39.jpg,0.3773165437763847,0.3556788078030831,0.2670046484205322
concrete3k::460_9.jpg,0.6898590665422376,0.20213714197637106,0.1080037914813913
concrete3k::478_31.jpg,0.2556216524476701,0.39307433471582,0.3513040128365099
concrete3k::478_38.jpg,0.1865893889008433,0.536123246034291,0.27728736506486584
concrete3k::486_10.jpg,0.5475909612558336,0.31444958262027295,0.13795945612389351
concrete3k::486_26.jpg,0.31728299687933337,0.5334382280440735,0.14927877507659318
concrete3k::486_31.jpg,0.45487082875860946,0.344124767711136,0.2010044035302545
concrete3k::486_4.jpg,0.4026126585319222,0.43510815115839674,0.16227919030968105
concrete3k::486_5.jpg,0.1381223113994319,0.6623092090465443,0.1995684795540236
concrete3k::491_14.jpg,0.500851059070879,0.22579963095987424,0.2733493099692468
concrete3k::491_15.jpg,0.28573324271334566,0.23599438829559932,0.478272368991055
concrete3k::491_2.jpg,0.18879350717990825,0.5869209207383035,0.2242855720817883
concrete3k::491_21.jpg,0.5154368349508893,0.12005670906829652,0.3645064559808141
concrete3k::491_25.jpg,0.22007025556812504,0.582048790937962,0.197880953493913
concrete3k::491_26.jpg,0.23260721277252294,0.6218682795750217,0.14552450765245545
concrete3k::491_3.jpg,0.36759955964803365,0.440909961048704,0.1914904793032624
concrete3k::491_31.jpg,0.5503644963201537,0.2238787049732595,0.22575679870658666
concrete3k::491_38.jpg,0.4957468265531335,0.36070955333111,0.14354362011575644
concrete3k::491_43.jpg,0.40293559108432925,0.2913727692566522,0.3056916396590185
concrete3k::491_44.jpg,0.5150149477255442,0.21325254889716097,0.2717325033772947
concrete3k::493_11.jpg,0.537575411129155,0.2676729051361254,0.19475168373471968
concrete3k::493_28.jpg,0.2962277724275394,0.5033830869687833,0.2003891406036773
concrete3k::493_33.jpg,0.38233532276424353,0.4014379039995259,0.21622677323623052
concrete3k::493_34.jpg,0.6524093519809531,0.21383937163769884,0.13375127638134815
concrete3k::493_39.jpg,0.6763862305928801,0.21456543486420585,0.10904833454291403
concrete3k::493_45.jpg,0.5662386240997213,0.3683901414793227,0.06537123442095605
concrete3k::507_15.jpg,0.6675840341279171,0.1984367528458935,0.1339792130261895
concrete3k::507_20.jpg,0.37684501342628757,0.3981735653845395,0.2249814211891729
concrete3k::507_21.jpg,0.39297522936602625,0.37227271973906095,0.23475205089491283
concrete3k::507_22.jpg,0.5131346631873126,0.37681990962739215,0.11004542718529521
concrete3k::507_23.jpg,0.3935664315347361,0.3854440730859607,0.22098949537930315
concrete3k::507_24.jpg,0.7021928131264624,0.23857856540686193,0.05922862146667571
concrete3k::507_25.jpg,0.5865072242520316,0.3553564251141744,0.05813635063379398
concrete3k::507_26.jpg,0.5591155270173506,0.27740660635791203,0.16347786662473737
concrete3k::507_32.jpg,0.6224199614397709,0.2993825879611193,0.07819745059910986
concrete3k::512_17.jpg,0.17350752839510059,0.7262593203393318,0.10023315126556764
concrete3k::512_18.jpg,0.15514305557261732,0.636540873015599,0.20831607141178365
concrete3k::512_19.jpg,0.2535995293657764,0.39175350882161664,0.35464696181260696
concrete3k::512_27.jpg,0.3460450075485929,0.3568217367297156,0.2971332557216914
concrete3k::512_29.jpg,0.3503297751509384,0.4671896509783724,0.18248057387068928
concrete3k::512_30.jpg,0.15967918855487845,0.705186937774017,0.1351338736711045
concrete3k::512_31.jpg,0.5049978222927684,0.38061702981319806,0.11438514789403353
concrete3k::512_37.jpg,0.4441506032106033,0.31878832392368706,0.23706107286570968
concrete3k::517_15.jpg,0.20111604751617923,0.6348772331721405,0.16400671931168023
concrete3k::517_21.jpg,0.3137692028085142,0.48683733070641183,0.19939346648507406
concrete3k::517_27.jpg,0.21838234957623695,0.5693748145650431,0.21224283585871986
concrete3k::517_3.jpg,0.5161904524871235,0.2269165604522122,0.25689298706066427
concrete3k::517_31.jpg,0.25261625735497795,0.6150930643146076,0.1322906783304144
concrete3k::517_32.jpg,0.6371464578669299,0.24386243236796118,0.11899110976510889
concrete3k::517_37.jpg,0.4616854163702886,0.34562770049811564,0.19268688313159593
concrete3k::517_9.jpg,0.21556598719805428,0.6530103330697105,0.13142367973223518
concrete3k::518_20.jpg,0.16441733177335735,0.6409027526767492,0.19467991554989333
concrete3k::518_21.jpg,0.28232623444028504,0.43614203950776614,0.2815317260519488
concrete3k::518_22.jpg,0.2687134992020939,0.3352207242915388,0.39606577650636726
concrete3k::518_23.jpg,0.3995613614548969,0.19430166484027458,0.40613697370482854
concrete3k::518_26.jpg,0.3092738826077283,0.03999137595840513,0.6507347414338666
concrete3k::527_15.jpg,0.586890487638804,0.23202592960915155,0.1810835827520445
concrete3k::527_20.jpg,0.3147934588063482,0.5526566907827357,0.13254985041091624
concrete3k::527_26.jpg,0.5279643014185132,0.2906622239783439,0.18137347460314285
concrete3k::527_27.jpg,0.2816210458275237,0.5144777584987658,0.20390119567371054
concrete3k::527_45.jpg,0.5891371912554786,0.32792570889861794,0.08293709984590347
concrete3k::527_8.jpg,0.4643550093100994,0.2338878958017546,0.30175709488814617
concrete3k::532_11.jpg,0.6955896732855488,0.21550206673281155,0.08890825998163963
concrete3k::532_16.jpg,0.275059332134873,0.6797432536507033,0.04519741421442367
concrete3k::532_17.jpg,0.4890784113112808,0.356474685137383,0.1544469035513362
concrete3k::532_21.jpg,0.3508504874197692,0.5569868763731183,0.09216263620711251
concrete3k::532_22.jpg,0.3337884713835023,0.552807860373887,0.11340366824261075
concrete3k::532_26.jpg,0.563548821099138,0.20141280211153953,0.2350383767893225
concrete3k::532_27.jpg,0.37633003385299146,0.47909830280664933,0.14457166334035915
concrete3k::532_31.jpg,0.1376404160597195,0.7278861530922633,0.13447343084801705
concrete3k::532_44.jpg,0.6917379473366341,0.18566737807038583,0.12259467459298021
concrete3k::537_15.jpg,0.533121087702221,0.41440253493635604,0.05247637736142302
concrete3k::537_20.jpg,0.4667075570499208,0.4270842114246562,0.1062082315254231
concrete3k::537_26.jpg,0.2901652812870113,0.5827033726282684,0.1271313460847203
concrete3k::537_39.jpg,0.6027283742075118,0.13967426459886417,0.25759736119362414
concrete3k::537_4.jpg,0.768092568918183,0.1632585164817363,0.06864891460008067
concrete3k::537_9.jpg,0.6182898987850078,0.22636212442655723,0.1553479767884348
concrete3k::544_16.jpg,0.27854775038791535,0.40310299002873873,0.31834925958334587
concrete3k::544_21.jpg,0.426984777396152,0.2994075929034756,0.27360762970037256
concrete3k::544_22.jpg,0.39974057405378016,0.27905362627641755,0.32120579966980234
concrete3k::544_32.jpg,0.2868190353740454,0.46811096703611604,0.24506999758983847
concrete3k::544_33.jpg,0.20286660704844864,0.538316643064824,0.2588167498867274
concrete3k::544_37.jpg,0.38729004746694023,0.3735381434604978,0.23917180907256191
concrete3k::550_10.jpg,0.35204901413942974,0.36118488281290895,0.2867661030476613
concrete3k::550_15.jpg,0.3979281739574179,0.2021067740797823,0.3999650519627997
concrete3k::550_16.jpg,0.3037931494752363,0.2799313097098069,0.41627554081495677
concrete3k::550_21.jpg,0.4255035353659807,0.20454728167051076,0.3699491829635085
concrete3k::550_3.jpg,0.5772428002579139,0.2531009168893884,0.16965628285269768
concrete3k::550_34.jpg,0.26301849172576214,0.4337058410088762,0.30327566726536165
concrete3k::550_38.jpg,0.2633047310099934,0.5861098775478427,0.1505853914421639
concrete3k::550_40.jpg,0.501812276728141,0.37461029906126914,0.12357742421058995
concrete3k::550_41.jpg,0.5257046722378101,0.36357873020527437,0.11071659755691557
concrete3k::559_3.jpg,0.6343402694488083,0.22774188490688071,0.13791784564431114
concrete3k::559_39.jpg,0.17352132502898382,0.6645067943676641,0.16197188060335213
concrete3k::559_44.jpg,0.5898395718998491,0.1935591183209338,0.21660130977921707
concrete3k::559_45.jpg,0.5296243198963698,0.2738177167456544,0.19655796335797585
concrete3k::559_8.jpg,0.28046687111101254,0.6039914289329174,0.11554169995607015
concrete3k::562_0.jpg,0.6250644596622813,0.163273765924976,0.21166177441274273
concrete3k::562_20.jpg,0.43554744460760997,0.34816968771723533,0.21628286767515476
concrete3k::562_26.jpg,0.3142983476502796,0.5583445180507133,0.12735713429900727
concrete3k::562_28.jpg,0.14179672249944286,0.6355255387501384,0.22267773875041866
concrete3k::562_32.jpg,0.3152954756364548,0.5672781285567193,0.11742639580682585
concrete3k::562_33.jpg,0.38747739410288196,0.17496109392758533,0.4375615119695327
concrete3k::562_39.jpg,0.272850712135369,0.3590722276142837,0.3680770602503473
concrete3k::562_45.jpg,0.7123084010214554,0.08948208045511856,0.1982095185234261
concrete3k::562_46.jpg,0.6101169998884768,0.15084377422030776,0.2390392258912155
concrete3k::562_47.jpg,0.6175341626212143,0.10932997854180847,0.2731358588369773
concrete3k::562_7.jpg,0.6170221837328341,0.28669647620299327,0.09628134006417263
concrete3k::573_19.jpg,0.5814057721545237,0.3445048345291983,0.07408939331627797
concrete3k::573_20.jpg,0.6637319441185008,0.2114761210374583,0.12479193484404086
concrete3k::573_26.jpg,0.20366916749403038,0.7045533080803359,0.09177752442563372
concrete3k::573_28.jpg,0.5969945123301941,0.2899980339346743,0.11300745373513163
concrete3k::573_29.jpg,0.5527239104131714,0.36057917743774753,0.08669691214908104
concrete3k::573_35.jpg,0.7004677671121865,0.12224377073147616,0.17728846215633728
concrete3k::576_26.jpg,0.4770490860993905,0.3042801950630545,0.21867071883755507
concrete3k::576_28.jpg,0.41239481676656303,0.5204156762468009,0.06718950698663609
concrete3k::576_32.jpg,0.44027719309033564,0.37534576296855077,0.18437704394111354
concrete3k::576_35.jpg,0.6417932044283894,0.09162025184990963,0.266586543721701
concrete3k::581_26.jpg,0.5434715569498423,0.2535298639780616,0.20299857907209612
concrete3k::581_30.jpg,0.4742285436940666,0.29663274197798745,0.22913871432794608
concrete3k::581_36.jpg,0.272259044102918,0.5407945212368996,0.1869464346601824
concrete3k::585_24.jpg,0.17312661236387672,0.735933459223627,0.0909399284124963
concrete3k::585_31.jpg,0.17456484950969134,0.6544880842962028,0.17094706619410582
concrete3k::585_34.jpg,0.6447984711813646,0.17470804671098394,0.18049348210765137
concrete3k::585_41.jpg,0.8134911306869267,0.1506900005066331,0.035818868806440265
concrete3k::586_0.jpg,0.4932313793936872,0.3438281723383874,0.16294044826792548
concrete3k::586_12.jpg,0.20239672174993695,0.35892857926496247,0.4386746989851006
concrete3k::586_18.jpg,0.1007721437329034,0.6049093409946983,0.2943185152723983
concrete3k::586_19.jpg,0.2845187208010383,0.5597674152651239,0.1557138639338378
concrete3k::586_26.jpg,0.1582891044929366,0.49044675825458606,0.35126413725247746
concrete3k::586_32.jpg,0.2950641911776195,0.2741687002346756,0.43076710858770495
concrete3k::586_38.jpg,0.5303553539782088,0.14992125682606658,0.3197233891957245
concrete3k::586_39.jpg,0.22318414237531975,0.5901152110280671,0.18670064659661312
concrete3k::586_40.jpg,0.23693345047594963,0.6532656413767162,0.1098009081473343
concrete3k::586_41.jpg,0.6233345660114912,0.23441568235426652,0.14224975163424244
concrete3k::586_45.jpg,0.7141648730314356,0.0414308284532382,0.24440429851532627
concrete3k::586_46.jpg,0.22990745370428786,0.5058608755594409,0.2642316707362712
concrete3k::586_6.jpg,0.19892891429265855,0.646489897124928,0.1545811885824135
concrete3k::590_12.jpg,0.6235713683935447,0.07343044949234645,0.302998182114109
concrete3k::590_15.jpg,0.5389858775284708,0.15734962083126355,0.30366450164026554
concrete3k::590_20.jpg,0.45756076856358924,0.3953818694881979,0.1470573619482128
concrete3k::590_38.jpg,0.2922368351420347,0.20994911223795024,0.49781405262001516
concrete3k::590_9.jpg,0.5511624733170398,0.29450871606445145,0.1543288106185088
concrete3k::591_1.jpg,0.3997448464921572,0.3345706200217885,0.26568453348605425
concrete3k::591_15.jpg,0.1828045213507266,0.09375319917292742,0.723442279476346
concrete3k::591_2.jpg,0.21919796131183264,0.5318300325771846,0.24897200611098275
concrete3k::591_26.jpg,0.1800459112321363,0.6589422733613757,0.16101181540648807
concrete3k::591_44.jpg,0.19484059599812112,0.7284015971778397,0.07675780682403918
concrete3k::591_8.jpg,0.27387133020861204,0.4193311300334818,0.306797539757906
concrete3k::591_9.jpg,0.13111421608508209,0.6209607390772681,0.2479250448376497
concrete3k::595_27.jpg,0.2608186634774235,0.4989740081465683,0.2402073283760081
concrete3k::595_33.jpg,0.2013294440176605,0.6237464480485374,0.17492410793380217
concrete3k::604_27.jpg,0.297891422926366,0.49457086819401047,0.20753770887962344
concrete3k::604_34.jpg,0.14832220519481634,0.6156566223505855,0.23602117245459822
concrete3k::604_39.jpg,0.2823331162755654,0.44582204403419984,0.2718448396902347
concrete3k::604_40.jpg,0.1742542347954711,0.5899793836296008,0.23576638157492805
concrete3k::604_45.jpg,0.2992836562122827,0.4719467577673905,0.22876958602032682
concrete3k::604_9.jpg,0.2686546469939925,0.41303608946876097,0.3183092635372465
concrete3k::609_21.jpg,0.29456872559103653,0.42143710357758507,0.2839941708313785
concrete3k::609_31.jpg,0.3461591710136623,0.37297004569090453,0.2808707832954332
concrete3k::609_32.jpg,0.4142225231709982,0.3204891374855379,0.26528833934346374
concrete3k::609_33.jpg,0.5501217280184942,0.07873932223445523,0.37113894974705053
concrete3k::609_37.jpg,0.5978671202550908,0.2808062732709086,0.1213266064740005
concrete3k::609_40.jpg,0.651095813079682,0.08949540921114174,0.25940877770917625
concrete3k::609_41.jpg,0.7026916870895011,0.07015320909161622,0.2271551038188827
concrete3k::609_46.jpg,0.7721878799825912,0.06529958613007326,0.16251253388733553
concrete3k::609_8.jpg,0.42695911910722356,0.31424155114354063,0.2587993297492359
