image_id,p_degraded,p_neutral,p_improved
khanhha_original::CFD_011.jpg,0.23207527,0.21057801,0.5573467
khanhha_original::CFD_080.jpg,0.34655774,0.24545957,0.40798268
khanhha_original::CRACK500_20160222_081908_641_721.jpg,0.13458441,0.5314501,0.33396554
khanhha_original::CRACK500_20160222_115519_641_721.jpg,0.2964644,0.3200834,0.38345215
khanhha_original::CRACK500_20160222_163940_1281_1081.jpg,0.13640459,0.47408426,0.38951117
khanhha_original::CRACK500_20160222_163940_1_1081.jpg,0.16686304,0.79071975,0.042417195
khanhha_original::CRACK500_20160222_163940_1_361.jpg,0.3621899,0.55548304,0.082327105
khanhha_original::CRACK500_20160222_163940_641_1081.jpg,0.11259132,0.69552183,0.19188683
khanhha_original::CRACK500_20160222_165919_1_721.jpg,0.7585709,0.110393174,0.1310359
khanhha_original::CRACK500_20160225_114514_721_1281.jpg,0.5178833,0.30570686,0.1764099
khanhha_original::CRACK500_20160225_114514_721_641.jpg,0.444016,0.3137292,0.24225473
khanhha_original::CRACK500_20160302_155857_1281_1.jpg,0.2272861,0.20767374,0.5650402
khanhha_original::CRACK500_20160302_155857_1_721.jpg,0.16002919,0.31009096,0.52987987
khanhha_original::CRACK500_20160302_155914_1081_641.jpg,0.24562031,0.1064291,0.6479506
khanhha_original::CRACK500_20160303_092806_1281_721.jpg,0.114006184,0.20100364,0.6849902
khanhha_original::CRACK500_20160303_092806_1_721.jpg,0.14641954,0.30427685,0.54930365
khanhha_original::CRACK500_20160306_103830_1921_1081.jpg,0.16512088,0.3404881,0.494391
khanhha_original::CRACK500_20160307_143827_1_721.jpg,0.28021264,0.30306587,0.4167215
khanhha_original::CRACK500_20160307_144150_1281_721.jpg,0.11811028,0.7189508,0.1629389
khanhha_original::CRACK500_20160307_144150_641_361.jpg,0.11876746,0.67741185,0.20382066
khanhha_original::CRACK500_20160307_144931_1281_1.jpg,0.12500235,0.4406792,0.43431845
khanhha_original::CRACK500_20160307_144931_641_721.jpg,0.18995443,0.5407607,0.2692849
khanhha_original::CRACK500_20160307_163537_1281_721.jpg,0.24617402,0.32425606,0.42956987
khanhha_original::CRACK500_20160307_163537_641_361.jpg,0.17529185,0.30813423,0.51657397
khanhha_original::CRACK500_20160307_163537_641_721.jpg,0.14189993,0.24700952,0.61109054
khanhha_original::CRACK500_20160307_164334_641_1.jpg,0.22994763,0.5521809,0.2178715
khanhha_original::CRACK500_20160307_164334_641_361.jpg,0.41175038,0.38322875,0.2050208
khanhha_original::CRACK500_20160308_072921_1281_1081.jpg,0.14052153,0.30798063,0.5514979
khanhha_original::CRACK500_20160308_072921_1281_361.jpg,0.10718792,0.47431007,0.41850197
khanhha_original::CRACK500_20160308_072921_641_1081.jpg,0.07675244,0.55681753,0.36643007
khanhha_original::CRACK500_20160308_072921_641_721.jpg,0.09651753,0.29891914,0.60456336
khanhha_original::CRACK500_20160308_073014_1281_721.jpg,0.046350356,0.8048334,0.14881624
khanhha_original::CRACK500_20160308_073406_641_721.jpg,0.23628636,0.23621592,0.52749777
khanhha_original::CRACK500_20160308_160053_1_361.jpg,0.24531813,0.38307917,0.37160268
khanhha_original::CRACK500_20160310_114418_641_361.jpg,0.1947272,0.61199605,0.19327672
khanhha_original::CRACK500_20160318_181602_1281_361.jpg,0.1956333,0.44238868,0.36197802
khanhha_original::CRACK500_20160318_181627_1_721.jpg,0.15551889,0.52200073,0.3224804
khanhha_original::CRACK500_20160321_183951_1_361.jpg,0.112348385,0.7823786,0.10527302
khanhha_original::CRACK500_20160321_185457_1281_1.jpg,0.2211407,0.4133923,0.36546698
khanhha_original::CRACK500_20160321_185457_1921_1.jpg,0.15767029,0.38656133,0.45576835
khanhha_original::CRACK500_20160324_170323_1_721.jpg,0.15373702,0.7576918,0.08857114
khanhha_original::CRACK500_20160324_170347_1281_361.jpg,0.16605712,0.6254561,0.20848672
khanhha_original::CRACK500_20160324_170347_1281_721.jpg,0.2575305,0.5450148,0.19745468
khanhha_original::CRACK500_20160326_142354_641_1081.jpg,0.25035125,0.44204804,0.30760074
khanhha_original::CRACK500_20160328_150827_1281_1081.jpg,0.10892452,0.80321515,0.08786036
khanhha_original::CRACK500_20160328_150932_1921_361.jpg,0.426136,0.14187679,0.43198723
khanhha_original::CRACK500_20160328_150932_641_361.jpg,0.35383463,0.35118398,0.29498133
khanhha_original::CRACK500_20160328_151013_361_1921.jpg,0.12588175,0.45757484,0.41654336
khanhha_original::CRACK500_20160328_151057_1281_721.jpg,0.19336432,0.6509542,0.15568155
khanhha_original::CRACK500_20160328_151413_1_361.jpg,0.13935092,0.79650354,0.0641455
khanhha_original::CRACK500_20160328_151413_641_721.jpg,0.3006687,0.41270033,0.28663102
khanhha_original::CRACK500_20160328_151728_1921_721.jpg,0.35039112,0.21444839,0.4351605
khanhha_original::CRACK500_20160328_151808_1281_721.jpg,0.42111972,0.31190574,0.26697457
khanhha_original::CRACK500_20160328_152305_1921_361.jpg,0.18583547,0.24453159,0.5696329
khanhha_original::CRACK500_20160328_153020_1921_361.jpg,0.3646836,0.3944556,0.24086079
khanhha_original::CRACK500_20160328_153540_641_361.jpg,0.152154,0.7235009,0.12434511
khanhha_original::CRACK500_20160328_153540_641_721.jpg,0.21943626,0.36169186,0.41887188
khanhha_original::CRACK500_20160328_153556_1_361.jpg,0.15536718,0.7132139,0.13141891
khanhha_original::CRACK500_20160328_153645_1_361.jpg,0.107376754,0.7540128,0.1386105
khanhha_original::CRACK500_20160328_153702_1281_721.jpg,0.26120052,0.24604139,0.49275807
khanhha_original::CRACK500_20160328_153702_1_1081.jpg,0.1046232,0.47373012,0.4216467
khanhha_original::CRACK500_20160328_153724_1_1081.jpg,0.22150183,0.3250132,0.45348498
khanhha_original::CRACK500_20160328_153724_641_721.jpg,0.072684534,0.8062979,0.12101751
khanhha_original::CRACK500_20160328_153829_1921_361.jpg,0.33661243,0.24313359,0.42025393
khanhha_original::CRACK500_20160328_153829_641_1.jpg,0.090585984,0.778306,0.13110797
khanhha_original::CRACK500_20160328_154334_641_721.jpg,0.16559356,0.45457214,0.37983423
khanhha_original::CRACK500_20160328_154352_1281_721.jpg,0.25450858,0.49297154,0.25251982
khanhha_original::CRACK500_20160329_093924_1921_721.jpg,0.1749327,0.27687997,0.5481873
khanhha_original::CRACK500_20160329_094003_641_361.jpg,0.17788756,0.29809958,0.5240128
khanhha_original::CRACK500_20160329_094512_1281_1081.jpg,0.21345028,0.5008045,0.28574526
khanhha_original::CRACK500_20160329_094512_1281_721.jpg,0.1906681,0.54409486,0.26523706
khanhha_original::CRACK500_20160329_094512_1921_721.jpg,0.114377744,0.697603,0.18801932
khanhha_original::CRACK500_20160329_101503_641_721.jpg,0.18353236,0.61444193,0.20202568
khanhha_original::CRACK500_20160329_104120_1921_721.jpg,0.18768935,0.4956192,0.31669143
khanhha_original::CRACK500_20160329_104120_1_361.jpg,0.15088405,0.36877856,0.4803374
khanhha_original::CRACK500_20160329_104120_1_721.jpg,0.19867061,0.45643938,0.34489
khanhha_original::CRACK500_20160329_104120_641_721.jpg,0.27364755,0.4407144,0.28563806
khanhha_original::CRACK500_20160329_115531_641_721.jpg,0.17191765,0.5263717,0.30171058
khanhha_original::CRACK500_20160330_164743_1_361.jpg,0.34662768,0.15009221,0.5032801
khanhha_original::CRACK500_20160330_164743_641_361.jpg,0.30955175,0.26188147,0.4285668
khanhha_original::CRACK500_20160330_170501_1_721.jpg,0.19297473,0.58150136,0.2255239
khanhha_original::CRACK500_20160330_170504_641_721.jpg,0.18421067,0.5290201,0.28676927
khanhha_original::CRACK500_20160402_150105_1_1.jpg,0.15652427,0.6667237,0.17675196
khanhha_original::CRACK500_20160402_150317_641_361.jpg,0.30387062,0.47130415,0.22482528
khanhha_original::CRACK500_20160402_150317_641_721.jpg,0.11986931,0.7255798,0.1545509
khanhha_original::CRACK500_20160402_150938_641_361.jpg,0.2273344,0.5622248,0.21044074
khanhha_original::CRACK500_20160402_150938_641_721.jpg,0.12310517,0.75934917,0.117545635
khanhha_original::CRACK500_20160405_171333_1281_361.jpg,0.081357114,0.06821899,0.85042393
khanhha_original::CRACK500_20160405_171453_1281_361.jpg,0.039132755,0.7921592,0.16870807
khanhha_original::CRACK500_20160405_171453_1_721.jpg,0.1309797,0.26366863,0.6053517
khanhha_original::CRACK500_20160405_171453_641_361.jpg,0.104813196,0.4506767,0.4445101
khanhha_original::CRACK500_20160405_171716_1921_721.jpg,0.25686538,0.31073716,0.4323974
khanhha_original::CRACK500_20160407_163522_1921_721.jpg,0.18375066,0.5260846,0.2901648
khanhha_original::CRACK500_20160407_163522_641_721.jpg,0.16299821,0.4432975,0.3937043
khanhha_original::CRACK500_20160407_165001_641_1081.jpg,0.23164125,0.5479081,0.22045064
khanhha_original::CRACK500_20160407_165210_1921_721.jpg,0.09916193,0.8043766,0.09646146
khanhha_original::CRACK500_IMG_2932_1297_969.jpg,0.3877565,0.4150114,0.19723208
khanhha_original::DeepCrack_11113.jpg,0.46345782,0.22352797,0.31301427
khanhha_original::DeepCrack_11116-2.jpg,0.22356297,0.6791402,0.09729691
khanhha_original::DeepCrack_11116-3.jpg,0.1615224,0.74281657,0.09566103
khanhha_original::DeepCrack_11125-1.jpg,0.6711262,0.15109295,0.17778088
khanhha_original::DeepCrack_11151-2.jpg,0.47717273,0.34543726,0.17739001
khanhha_original::DeepCrack_11155-1.jpg,0.09467802,0.82872576,0.0765963
khanhha_original::DeepCrack_11155.jpg,0.088035084,0.347047,0.564918
khanhha_original::DeepCrack_11184-1.jpg,0.039952137,0.06378144,0.8962664
khanhha_original::DeepCrack_11215-15.jpg,0.10941302,0.5554405,0.33514643
khanhha_original::DeepCrack_11215-3.jpg,0.066922344,0.79678863,0.13628906
khanhha_original::DeepCrack_11240-6.jpg,0.1726413,0.39664096,0.4307177
khanhha_original::DeepCrack_11240-8.jpg,0.23820724,0.29687625,0.46491647
khanhha_original::DeepCrack_11247-12.jpg,0.20503455,0.21478161,0.58018386
khanhha_original::DeepCrack_11269-1.jpg,0.6089763,0.13496666,0.25605702
khanhha_original::DeepCrack_11271-2.jpg,0.18167044,0.5216238,0.29670575
khanhha_original::DeepCrack_11271-5.jpg,0.26457763,0.52977943,0.20564297
khanhha_original::DeepCrack_11301-6.jpg,0.33271623,0.038414124,0.62886965
khanhha_original::DeepCrack_7Q3A9064-12.jpg,0.33007395,0.52011,0.14981605
khanhha_original::DeepCrack_7Q3A9064-17.jpg,0.22607309,0.6669127,0.10701425
khanhha_original::DeepCrack_7Q3A9064-19.jpg,0.24183068,0.56113213,0.1970372
khanhha_original::DeepCrack_7Q3A9064-20.jpg,0.3714221,0.25116938,0.37740853
khanhha_original::DeepCrack_IMG11-6.jpg,0.14869726,0.5486697,0.30263296
khanhha_original::DeepCrack_IMG_6469-2.jpg,0.3232512,0.34760123,0.32914758
khanhha_original::DeepCrack_IMG_6514-3.jpg,0.43826222,0.2560132,0.30572453
khanhha_original::Eugen_Muller_7723_0_0_714_429.jpg,0.17441338,0.045089275,0.7804973
khanhha_original::GAPS384_test_0058_1_1.jpg,0.22961123,0.6228263,0.14756247
khanhha_original::GAPS384_test_0203_1_1.jpg,0.41671586,0.25982174,0.32346237
khanhha_original::GAPS384_test_0203_541_1.jpg,0.30838254,0.18241563,0.5092018
khanhha_original::GAPS384_train_0449_1_1.jpg,0.33380765,0.35036,0.31583232
khanhha_original::GAPS384_train_0516_541_641.jpg,0.19760391,0.117740795,0.6846553
khanhha_original::GAPS384_train_0542_1_641.jpg,0.25927594,0.47831315,0.26241085
khanhha_original::GAPS384_train_0681_541_641.jpg,0.3122685,0.27732438,0.4104072
khanhha_original::GAPS384_train_0700_1_1.jpg,0.25708503,0.31059664,0.43231833
khanhha_original::GAPS384_train_0918_1_641.jpg,0.15417679,0.46210638,0.3837168
khanhha_original::GAPS384_train_0922_1_641.jpg,0.31247914,0.34616128,0.34135953
khanhha_original::GAPS384_train_0959_1_641.jpg,0.29493833,0.39430562,0.3107561
khanhha_original::GAPS384_train_1028_1_1.jpg,0.44006574,0.13570158,0.4242327
khanhha_original::GAPS384_train_1126_541_1.jpg,0.23130205,0.10797606,0.6607219
khanhha_original::GAPS384_train_1128_541_1.jpg,0.4379496,0.08152108,0.4805293
khanhha_original::GAPS384_train_1247_541_1.jpg,0.15917808,0.20321284,0.63760906
khanhha_original::GAPS384_train_1284_541_641.jpg,0.40986124,0.17772186,0.41241693
khanhha_original::GAPS384_train_1347_541_1.jpg,0.25985733,0.094967745,0.645175
khanhha_original::GAPS384_train_1347_541_641.jpg,0.60487664,0.03623769,0.35888565
khanhha_original::GAPS384_train_1366_541_1.jpg,0.2581143,0.15818478,0.5837009
khanhha_original::GAPS384_train_1381_541_1.jpg,0.44847134,0.18314198,0.36838663
khanhha_original::Rissbilder_for_Florian_9S6A2782_0_0_3840_5760.jpg,0.22636907,0.672768,0.10086297
khanhha_original::Rissbilder_for_Florian_9S6A2784_100_1539_3455_3308.jpg,0.075731315,0.88770247,0.036566168
khanhha_original::Rissbilder_for_Florian_9S6A2784_1029_155_2671_3164.jpg,0.14039868,0.75699425,0.10260709
khanhha_original::Rissbilder_for_Florian_9S6A2784_241_1425_3582_3991.jpg,0.10986747,0.8548033,0.03532922
khanhha_original::Rissbilder_for_Florian_9S6A2785_118_523_3535_4238.jpg,0.57892436,0.30346578,0.11760982
khanhha_original::Rissbilder_for_Florian_9S6A2785_197_1269_2404_2359.jpg,0.61164296,0.19140899,0.196948
khanhha_original::Rissbilder_for_Florian_9S6A2785_239_136_3078_2666.jpg,0.55255723,0.3213417,0.12610109
khanhha_original::Rissbilder_for_Florian_9S6A2785_493_901_3299_3768.jpg,0.44019705,0.41025317,0.14954983
khanhha_original::Rissbilder_for_Florian_9S6A2785_51_1717_2854_3381.jpg,0.536435,0.27247354,0.19109145
khanhha_original::Rissbilder_for_Florian_9S6A2792_0_0_5760_3840.jpg,0.2084159,0.69117594,0.10040819
khanhha_original::Rissbilder_for_Florian_9S6A2792_1773_105_2717_3479.jpg,0.224695,0.59082264,0.18448232
khanhha_original::Rissbilder_for_Florian_9S6A2792_1778_280_3876_3455.jpg,0.20797783,0.6539673,0.1380548
khanhha_original::Rissbilder_for_Florian_9S6A2792_2643_751_3074_3028.jpg,0.12782067,0.7080471,0.16413225
khanhha_original::Rissbilder_for_Florian_9S6A2792_753_1245_2029_2585.jpg,0.1487724,0.7569539,0.094273746
khanhha_original::Rissbilder_for_Florian_9S6A2797_0_0_3840_5760.jpg,0.39968848,0.5009412,0.09937033
khanhha_original::Rissbilder_for_Florian_9S6A2797_211_1594_3203_4094.jpg,0.41170233,0.4907808,0.09751689
khanhha_original::Rissbilder_for_Florian_9S6A2797_27_2177_3736_3368.jpg,0.41726023,0.46020713,0.12253268
khanhha_original::Rissbilder_for_Florian_9S6A2797_331_75_3433_4182.jpg,0.4195812,0.40623534,0.17418355
khanhha_original::Rissbilder_for_Florian_9S6A2802_251_84_3754_3687.jpg,0.13676159,0.63501203,0.22822638
khanhha_original::Rissbilder_for_Florian_9S6A2802_2931_279_2589_2739.jpg,0.3112206,0.42103556,0.2677439
khanhha_original::Rissbilder_for_Florian_9S6A2802_631_103_2560_2012.jpg,0.17365347,0.5848661,0.24148044
khanhha_original::Rissbilder_for_Florian_9S6A2803_209_1110_2922_3685.jpg,0.13186108,0.80061924,0.06751967
khanhha_original::Rissbilder_for_Florian_9S6A2803_247_1248_3459_4462.jpg,0.10431887,0.8441573,0.051523916
khanhha_original::Rissbilder_for_Florian_9S6A2803_272_142_3359_3107.jpg,0.17694189,0.73848975,0.084568284
khanhha_original::Rissbilder_for_Florian_9S6A2803_612_408_2717_3030.jpg,0.16399275,0.72125614,0.114751145
khanhha_original::Rissbilder_for_Florian_9S6A2810_309_181_3327_4094.jpg,0.15730807,0.65198374,0.1907082
khanhha_original::Rissbilder_for_Florian_9S6A2810_43_528_3225_4185.jpg,0.19922447,0.6354411,0.16533445
khanhha_original::Rissbilder_for_Florian_9S6A2810_65_655_2748_2720.jpg,0.20093495,0.66896707,0.13009802
khanhha_original::Rissbilder_for_Florian_9S6A2822_1030_155_3516_3590.jpg,0.11738125,0.70437884,0.17823996
khanhha_original::Rissbilder_for_Florian_9S6A2822_1137_465_2983_2428.jpg,0.13103954,0.7011435,0.16781689
khanhha_original::Rissbilder_for_Florian_9S6A2822_2401_400_2963_3258.jpg,0.104669586,0.6977859,0.19754443
khanhha_original::Rissbilder_for_Florian_9S6A2835_373_1783_2745_2384.jpg,0.2056679,0.7057786,0.0885535
khanhha_original::Rissbilder_for_Florian_9S6A2835_459_1693_3011_2424.jpg,0.20797472,0.6821383,0.10988694
khanhha_original::Rissbilder_for_Florian_9S6A2835_468_2521_2391_2304.jpg,0.28923845,0.6242185,0.08654302
khanhha_original::Rissbilder_for_Florian_9S6A2835_469_1050_2755_3142.jpg,0.20416465,0.682532,0.11330333
khanhha_original::Rissbilder_for_Florian_9S6A2835_637_235_2191_2778.jpg,0.3108402,0.4634298,0.22573003
khanhha_original::Rissbilder_for_Florian_9S6A2835_964_2753_2392_2184.jpg,0.37141827,0.52079403,0.107787654
khanhha_original::Rissbilder_for_Florian_9S6A2836_0_0_3840_5760.jpg,0.25932214,0.48926386,0.25141403
khanhha_original::Rissbilder_for_Florian_9S6A2836_391_1220_2381_3118.jpg,0.3004653,0.5840176,0.115517154
khanhha_original::Rissbilder_for_Florian_9S6A2837_523_803_3305_3454.jpg,0.402613,0.35181484,0.24557218
khanhha_original::Rissbilder_for_Florian_9S6A2848_105_342_3183_3261.jpg,0.09938447,0.7528595,0.1477561
khanhha_original::Rissbilder_for_Florian_9S6A2848_1214_523_4329_3293.jpg,0.07164399,0.86078215,0.067573905
khanhha_original::Rissbilder_for_Florian_9S6A2850_1113_51_4606_3781.jpg,0.15028085,0.78380525,0.06591389
khanhha_original::Rissbilder_for_Florian_9S6A2850_1408_904_2105_2792.jpg,0.122369036,0.742926,0.13470493
khanhha_original::Rissbilder_for_Florian_9S6A2854_162_1195_3169_2569.jpg,0.12468291,0.72247076,0.15284632
khanhha_original::Rissbilder_for_Florian_9S6A2856_1840_62_3055_3769.jpg,0.06747105,0.8310143,0.10151471
khanhha_original::Rissbilder_for_Florian_9S6A2856_2611_839_1919_2466.jpg,0.087846376,0.7935631,0.118590504
khanhha_original::Rissbilder_for_Florian_9S6A2856_3030_1197_2337_2140.jpg,0.20506424,0.630625,0.16431075
khanhha_original::Rissbilder_for_Florian_9S6A2856_3095_641_2548_2416.jpg,0.073893845,0.84143305,0.08467302
khanhha_original::Rissbilder_for_Florian_9S6A2862_13_1221_3798_4291.jpg,0.18006255,0.5990822,0.22085528
khanhha_original::Rissbilder_for_Florian_9S6A2862_16_760_3062_2984.jpg,0.13559596,0.67145765,0.19294643
khanhha_original::Rissbilder_for_Florian_9S6A2862_54_2006_3577_3513.jpg,0.19506046,0.58223367,0.22270587
khanhha_original::Rissbilder_for_Florian_9S6A2862_550_1911_3038_3042.jpg,0.22377372,0.54454285,0.2316834
khanhha_original::Rissbilder_for_Florian_9S6A2863_312_1094_3025_3361.jpg,0.18234158,0.6269093,0.19074912
khanhha_original::Rissbilder_for_Florian_9S6A2863_423_3163_2502_2009.jpg,0.13964646,0.5544341,0.30591947
khanhha_original::Rissbilder_for_Florian_9S6A2867_114_180_3373_2642.jpg,0.23210439,0.53375846,0.23413718
khanhha_original::Rissbilder_for_Florian_9S6A2867_249_168_3377_3485.jpg,0.40775698,0.33983225,0.25241077
khanhha_original::Rissbilder_for_Florian_9S6A2867_26_155_3813_3142.jpg,0.26565343,0.502666,0.23168063
khanhha_original::Rissbilder_for_Florian_9S6A2867_515_377_2926_3568.jpg,0.24352816,0.52665937,0.22981249
khanhha_original::Rissbilder_for_Florian_9S6A2867_657_766_2790_3388.jpg,0.27227947,0.48114145,0.24657905
khanhha_original::Rissbilder_for_Florian_9S6A2873_0_0_5760_3840.jpg,0.08568919,0.7408931,0.17341772
khanhha_original::Rissbilder_for_Florian_9S6A2873_244_84_4072_3620.jpg,0.14086592,0.49243024,0.3667039
khanhha_original::Rissbilder_for_Florian_9S6A2873_904_515_2792_2550.jpg,0.22066951,0.39073884,0.38859165
khanhha_original::Rissbilder_for_Florian_9S6A2873_905_438_3442_2738.jpg,0.16199641,0.49715596,0.3408477
khanhha_original::Rissbilder_for_Florian_9S6A2873_930_236_3379_3204.jpg,0.1969422,0.46158046,0.3414773
khanhha_original::Rissbilder_for_Florian_9S6A2878_186_801_3630_3688.jpg,0.18229361,0.4581137,0.35959274
khanhha_original::Rissbilder_for_Florian_9S6A2878_287_270_3223_3935.jpg,0.13586825,0.490024,0.37410778
khanhha_original::Rissbilder_for_Florian_9S6A2878_29_861_3713_4568.jpg,0.1856293,0.5610906,0.25328013
khanhha_original::Rissbilder_for_Florian_9S6A2878_373_2066_2452_3245.jpg,0.17885438,0.5454739,0.27567175
khanhha_original::Rissbilder_for_Florian_9S6A2878_67_878_2624_2752.jpg,0.2590662,0.3904983,0.35043553
khanhha_original::Rissbilder_for_Florian_9S6A2878_861_28_2800_2885.jpg,0.16795711,0.4789114,0.35313144
khanhha_original::Rissbilder_for_Florian_9S6A2890_0_0_3840_5760.jpg,0.27735418,0.42460695,0.29803884
khanhha_original::Rissbilder_for_Florian_9S6A2890_1213_1864_1830_2425.jpg,0.3604203,0.43967086,0.1999089
khanhha_original::Rissbilder_for_Florian_9S6A2894_2035_188_3164_3103.jpg,0.36676103,0.41307658,0.22016235
khanhha_original::Rissbilder_for_Florian_9S6A2894_2274_588_3314_3190.jpg,0.28843856,0.5122384,0.19932309
khanhha_original::Rissbilder_for_Florian_9S6A2904_447_893_3086_3169.jpg,0.28415635,0.4236923,0.29215136
khanhha_original::Rissbilder_for_Florian_9S6A2904_78_719_3211_3093.jpg,0.38087994,0.26597002,0.35315007
khanhha_original::Rissbilder_for_Florian_9S6A2904_86_208_2615_2808.jpg,0.36244306,0.43140933,0.2061476
khanhha_original::Rissbilder_for_Florian_9S6A2905_1082_994_2878_2819.jpg,0.1730904,0.22000483,0.6069048
khanhha_original::Rissbilder_for_Florian_9S6A2905_153_412_3269_2899.jpg,0.3033372,0.3557666,0.3408962
khanhha_original::Rissbilder_for_Florian_9S6A2905_2363_42_2827_2612.jpg,0.35142925,0.38065898,0.26791173
khanhha_original::Rissbilder_for_Florian_9S6A2905_795_159_2896_2675.jpg,0.32125342,0.30219,0.37655655
khanhha_original::Rissbilder_for_Florian_9S6A2905_928_88_4020_3658.jpg,0.36401722,0.27820796,0.35777476
khanhha_original::Rissbilder_for_Florian_9S6A2912_0_0_3840_5760.jpg,0.23786767,0.55705386,0.2050785
khanhha_original::Rissbilder_for_Florian_9S6A2912_255_1175_3429_3203.jpg,0.29321006,0.48931,0.21748
khanhha_original::Rissbilder_for_Florian_9S6A2912_85_369_3711_3429.jpg,0.35421836,0.34774306,0.29803854
khanhha_original::Rissbilder_for_Florian_9S6A2913_20_297_2640_2502.jpg,0.43157962,0.2870675,0.28135288
khanhha_original::Rissbilder_for_Florian_9S6A2913_320_3010_3339_2578.jpg,0.5358877,0.1379658,0.32614654
khanhha_original::Rissbilder_for_Florian_9S6A2913_321_16_3485_4543.jpg,0.32114547,0.2594441,0.41941047
khanhha_original::Rissbilder_for_Florian_9S6A2923_1668_185_3721_3137.jpg,0.40430692,0.4227608,0.17293225
khanhha_original::Rissbilder_for_Florian_9S6A2923_49_326_3736_3442.jpg,0.45537448,0.25901654,0.28560895
khanhha_original::Rissbilder_for_Florian_9S6A2923_875_539_3052_2796.jpg,0.28853202,0.47408506,0.23738289
khanhha_original::Rissbilder_for_Florian_9S6A3088_370_2375_2620_2464.jpg,0.19070062,0.636491,0.1728084
khanhha_original::Rissbilder_for_Florian_9S6A3098_1300_3220_2283_2309.jpg,0.503173,0.16820922,0.32861778
khanhha_original::Rissbilder_for_Florian_9S6A3098_64_1239_3474_2730.jpg,0.5100027,0.2520418,0.23795554
khanhha_original::Rissbilder_for_Florian_9S6A3098_88_800_3751_4641.jpg,0.31411076,0.36294132,0.32294786
khanhha_original::Rissbilder_for_Florian_9S6A3101_1262_2535_2488_2185.jpg,0.6049881,0.13174538,0.26326647
khanhha_original::Rissbilder_for_Florian_9S6A3101_148_599_2929_2917.jpg,0.52351356,0.29598075,0.18050565
khanhha_original::Rissbilder_for_Florian_9S6A3101_487_946_2726_3042.jpg,0.62772155,0.116738394,0.25554004
khanhha_original::Rissbilder_for_Florian_9S6A3106_108_1927_3275_2664.jpg,0.30328485,0.5469685,0.1497466
khanhha_original::Rissbilder_for_Florian_9S6A3106_228_1483_2823_2920.jpg,0.32001182,0.48821086,0.19177735
khanhha_original::Rissbilder_for_Florian_9S6A3106_310_2925_3257_2813.jpg,0.26167944,0.58108544,0.15723503
khanhha_original::Rissbilder_for_Florian_9S6A3106_333_1784_3162_3278.jpg,0.31669125,0.46214008,0.22116868
khanhha_original::Rissbilder_for_Florian_9S6A3106_521_315_3058_2943.jpg,0.21233025,0.634214,0.15345578
khanhha_original::Rissbilder_for_Florian_9S6A3106_85_2598_2058_2287.jpg,0.38567114,0.40953854,0.20479035
khanhha_original::Rissbilder_for_Florian_9S6A3106_9_406_3814_4267.jpg,0.34035435,0.46035397,0.19929165
khanhha_original::Rissbilder_for_Florian_9S6A3108_130_372_2601_2517.jpg,0.15604396,0.6344112,0.20954485
khanhha_original::Rissbilder_for_Florian_9S6A3108_134_412_3328_4228.jpg,0.10404667,0.71016186,0.18579149
khanhha_original::Rissbilder_for_Florian_9S6A3108_160_1043_3170_3960.jpg,0.12977445,0.66028714,0.2099384
khanhha_original::Rissbilder_for_Florian_9S6A3108_365_3231_2323_2320.jpg,0.14901797,0.6746786,0.17630342
khanhha_original::Rissbilder_for_Florian_9S6A3108_43_1162_3415_3672.jpg,0.1019061,0.70120066,0.19689317
khanhha_original::Rissbilder_for_Florian_9S6A3108_651_10_2896_3045.jpg,0.12471318,0.7006075,0.17467932
khanhha_original::Rissbilder_for_Florian_9S6A3112_1296_2688_2055_2721.jpg,0.22431783,0.43093765,0.34474456
khanhha_original::Rissbilder_for_Florian_9S6A3112_1349_1614_2446_2337.jpg,0.26442957,0.5051049,0.23046549
khanhha_original::Rissbilder_for_Florian_9S6A3117_0_0_3840_5760.jpg,0.15376434,0.6304865,0.2157492
khanhha_original::Rissbilder_for_Florian_9S6A3117_155_109_3546_2785.jpg,0.19431661,0.60071194,0.20497145
khanhha_original::Rissbilder_for_Florian_9S6A3117_911_680_2749_2883.jpg,0.15673247,0.6618718,0.18139571
khanhha_original::Rissbilder_for_Florian_9S6A3121_1095_2665_2007_2602.jpg,0.13411862,0.7338436,0.13203777
khanhha_original::Rissbilder_for_Florian_9S6A3121_224_1466_3238_3220.jpg,0.11547426,0.73729014,0.14723562
khanhha_original::Rissbilder_for_Florian_9S6A3121_408_826_2841_3663.jpg,0.112213254,0.73707104,0.15071575
khanhha_original::Rissbilder_for_Florian_9S6A3133_207_186_4184_3281.jpg,0.3460099,0.48566186,0.16832824
khanhha_original::Rissbilder_for_Florian_9S6A3138_115_569_2228_2606.jpg,0.10212867,0.77689207,0.12097917
khanhha_original::Sylvie_Chambon_069.jpg,0.2968898,0.45208535,0.2510249
khanhha_original::Volker_DSC01629_412_54_1933_1766.jpg,0.29116243,0.29105833,0.4177792
khanhha_original::Volker_DSC01630_176_437_1360_1040.jpg,0.3401077,0.2607248,0.3991675
khanhha_original::Volker_DSC01630_374_343_1233_1342.jpg,0.2715036,0.2906682,0.4378282
khanhha_original::Volker_DSC01631_2_30_1821_2154.jpg,0.14608164,0.48635173,0.3675667
khanhha_original::Volker_DSC01642_220_63_1843_1585.jpg,0.14848816,0.37333018,0.47818172
khanhha_original::Volker_DSC01648_211_212_1177_955.jpg,0.16306981,0.23735823,0.599572
khanhha_original::Volker_DSC01661_0_0_1824_2736.jpg,0.07438017,0.5239358,0.401684
khanhha_original::Volker_DSC01661_290_595_1071_1180.jpg,0.057031754,0.5179919,0.42497635
khanhha_original::Volker_DSC01661_400_1545_1179_1103.jpg,0.1295707,0.31835634,0.552073
khanhha_original::Volker_DSC01667_0_0_1824_2736.jpg,0.049151335,0.31881443,0.6320342
khanhha_original::Volker_DSC01667_106_338_1708_2132.jpg,0.053866718,0.3777883,0.56834495
khanhha_original::Volker_DSC01670_3_833_1821_1836.jpg,0.08955987,0.33552903,0.57491106
khanhha_original::Volker_DSC01670_678_871_1022_989.jpg,0.07288419,0.41206157,0.5150542
khanhha_original::Volker_DSC01678_0_0_1824_2736.jpg,0.028119108,0.5048741,0.46700677
khanhha_original::Volker_DSC01678_14_998_1278_1270.jpg,0.14251935,0.40972823,0.44775245
khanhha_original::Volker_DSC01678_282_907_1086_1149.jpg,0.08742684,0.35695672,0.55561644
khanhha_original::Volker_DSC01686_297_570_1208_1271.jpg,0.1310143,0.462716,0.4062696
khanhha_original::Volker_DSC01690_763_1051_1043_1097.jpg,0.058396358,0.24726248,0.6943412
khanhha_original::Volker_DSC01691_35_741_1602_1808.jpg,0.08326513,0.44396803,0.47276688
khanhha_original::Volker_DSC01691_6_526_1388_1598.jpg,0.05149724,0.4380045,0.5104983
khanhha_original::Volker_DSC01701_103_539_1579_1680.jpg,0.12639298,0.26889887,0.60470814
khanhha_original::cracktree200_6258.jpg,0.08178336,0.23822038,0.67999625
khanhha_original::cracktree200_6266.jpg,0.17448577,0.5434962,0.282018
khanhha_original::cracktree200_6278.jpg,0.23975083,0.16691162,0.5933376
khanhha_original::cracktree200_6297.jpg,0.0817625,0.25310317,0.6651344
khanhha_original::cracktree200_6298.jpg,0.28593108,0.29206732,0.42200166
khanhha_original::cracktree200_6710.jpg,0.18436193,0.24012233,0.57551575
khanhha_original::forest_018.jpg,0.3533782,0.39584452,0.25077727
khanhha_original::forest_054.jpg,0.50633353,0.1888058,0.30486062
khanhha_original::forest_117.jpg,0.26000634,0.51767075,0.22232293
khanhha_original::noncrack_noncrack_concrete_wall_102_5.jpg.jpg,0.045598697,0.8260912,0.12831008
khanhha_original::noncrack_noncrack_concrete_wall_15_5.jpg.jpg,0.21637833,0.3529271,0.43069458
khanhha_original::noncrack_noncrack_concrete_wall_15_7.jpg.jpg,0.2594271,0.2546651,0.4859078
khanhha_original::noncrack_noncrack_concrete_wall_20_1.jpg.jpg,0.050258327,0.88069904,0.06904259
khanhha_original::noncrack_noncrack_concrete_wall_20_15.jpg.jpg,0.057354923,0.8288378,0.11380725
khanhha_original::noncrack_noncrack_concrete_wall_20_32.jpg.jpg,0.04664904,0.88782656,0.06552448
khanhha_original::noncrack_noncrack_concrete_wall_20_52.jpg.jpg,0.042999316,0.87683547,0.08016521
khanhha_original::noncrack_noncrack_concrete_wall_20_54.jpg.jpg,0.037235484,0.8760522,0.08671229
khanhha_original::noncrack_noncrack_concrete_wall_20_59.jpg.jpg,0.049302377,0.90513515,0.04556248
khanhha_original::noncrack_noncrack_concrete_wall_20_62.jpg.jpg,0.043582417,0.9001962,0.056221362
khanhha_original::noncrack_noncrack_concrete_wall_20_68.jpg.jpg,0.038174026,0.8806429,0.08118307
khanhha_original::noncrack_noncrack_concrete_wall_20_70.jpg.jpg,0.059279818,0.8616024,0.079117656
khanhha_original::noncrack_noncrack_concrete_wall_35_4.jpg.jpg,0.065141276,0.80325013,0.13160858
khanhha_original::noncrack_noncrack_concrete_wall_3_2.jpg.jpg,0.0117108915,0.74510837,0.24318077
khanhha_original::noncrack_noncrack_concrete_wall_44_0.jpg.jpg,0.08673666,0.29998568,0.6132777
khanhha_original::noncrack_noncrack_concrete_wall_44_4.jpg.jpg,0.11115523,0.1436318,0.745213
khanhha_original::noncrack_noncrack_concrete_wall_46_8.jpg.jpg,0.003989889,0.98405623,0.011953825
khanhha_original::noncrack_noncrack_concrete_wall_48_0.jpg.jpg,0.07426966,0.7358238,0.18990648
khanhha_original::noncrack_noncrack_concrete_wall_48_1.jpg.jpg,0.114329524,0.70635957,0.17931096
khanhha_original::noncrack_noncrack_concrete_wall_48_5.jpg.jpg,0.10596436,0.57315135,0.32088426
khanhha_original::noncrack_noncrack_concrete_wall_59_0.jpg.jpg,0.006219417,0.8241951,0.16958554
khanhha_original::noncrack_noncrack_concrete_wall_59_3.jpg.jpg,0.009504108,0.9042789,0.086216934
khanhha_original::noncrack_noncrack_concrete_wall_65_0.jpg.jpg,0.13589656,0.6926836,0.17141993
khanhha_original::noncrack_noncrack_concrete_wall_65_10.jpg.jpg,0.074294046,0.8316949,0.094011016
khanhha_original::noncrack_noncrack_concrete_wall_68_0.jpg.jpg,0.07805778,0.8358011,0.0861411
khanhha_original::noncrack_noncrack_concrete_wall_68_1.jpg.jpg,0.11759838,0.8248478,0.05755381
khanhha_original::noncrack_noncrack_concrete_wall_74_10.jpg.jpg,0.14683588,0.6039499,0.24921422
khanhha_original::noncrack_noncrack_concrete_wall_82_14.jpg.jpg,0.0036339683,0.83222604,0.16413999
khanhha_original::noncrack_noncrack_concrete_wall_82_23.jpg.jpg,0.0034709654,0.84839,0.14813903
khanhha_original::noncrack_noncrack_concrete_wall_82_24.jpg.jpg,0.0021180268,0.91989166,0.07799031
khanhha_original::noncrack_noncrack_concrete_wall_82_27.jpg.jpg,0.0029746655,0.7704806,0.22654474
khanhha_original::noncrack_noncrack_concrete_wall_82_32.jpg.jpg,0.002818442,0.8333997,0.16378182
khanhha_original::noncrack_noncrack_concrete_wall_82_4.jpg.jpg,0.0040060123,0.8251345,0.17085943
khanhha_original::noncrack_noncrack_concrete_wall_82_5.jpg.jpg,0.003383348,0.90727544,0.08934123
khanhha_original::noncrack_noncrack_concrete_wall_86_1.jpg.jpg,0.10606685,0.73073477,0.16319841
khanhha_original::noncrack_noncrack_concrete_wall_86_2.jpg.jpg,0.14157628,0.61740863,0.24101512
khanhha_original::noncrack_noncrack_concrete_wall_93_5.jpg.jpg,0.07124906,0.6708302,0.25792077
khanhha_original::noncrack_noncrack_concrete_wall_96_1.jpg.jpg,0.14054342,0.7448218,0.11463485
khanhha_original::noncrack_noncrack_concrete_wall_96_12.jpg.jpg,0.050652117,0.8795256,0.06982236
khanhha_original::noncrack_noncrack_concrete_wall_96_2.jpg.jpg,0.1694505,0.7001163,0.13043322
khanhha_original::noncrack_noncrack_concrete_wall_96_27.jpg.jpg,0.08158121,0.8499005,0.06851826
khanhha_noisy1::CFD_011.jpg,0.37651184,0.29853255,0.3249556
khanhha_noisy1::CFD_080.jpg,0.36936513,0.3083857,0.32224914
khanhha_noisy1::CRACK500_20160222_081908_641_721.jpg,0.23297293,0.28381684,0.48321018
khanhha_noisy1::CRACK500_20160222_115519_641_721.jpg,0.22653341,0.26364276,0.5098238
khanhha_noisy1::CRACK500_20160222_163940_1281_1081.jpg,0.2936289,0.31683388,0.3895372
khanhha_noisy1::CRACK500_20160222_163940_1_1081.jpg,0.32942492,0.38528433,0.28529072
khanhha_noisy1::CRACK500_20160222_163940_1_361.jpg,0.4000432,0.40232137,0.19763543
khanhha_noisy1::CRACK500_20160222_163940_641_1081.jpg,0.28974414,0.3047363,0.40551957
khanhha_noisy1::CRACK500_20160222_165919_1_721.jpg,0.55025774,0.1418787,0.30786356
khanhha_noisy1::CRACK500_20160225_114514_721_1281.jpg,0.4900549,0.35270923,0.15723582
khanhha_noisy1::CRACK500_20160225_114514_721_641.jpg,0.6146663,0.26132017,0.12401356
khanhha_noisy1::CRACK500_20160302_155857_1281_1.jpg,0.27982116,0.117143504,0.60303533
khanhha_noisy1::CRACK500_20160302_155857_1_721.jpg,0.24212572,0.23772001,0.5201543
khanhha_noisy1::CRACK500_20160302_155914_1081_641.jpg,0.14732012,0.3259605,0.5267194
khanhha_noisy1::CRACK500_20160303_092806_1281_721.jpg,0.1920164,0.30563378,0.50234985
khanhha_noisy1::CRACK500_20160303_092806_1_721.jpg,0.33396694,0.3457373,0.32029578
khanhha_noisy1::CRACK500_20160306_103830_1921_1081.jpg,0.22619575,0.1303824,0.6434219
khanhha_noisy1::CRACK500_20160307_143827_1_721.jpg,0.22291651,0.2240503,0.5530332
khanhha_noisy1::CRACK500_20160307_144150_1281_721.jpg,0.250932,0.53582054,0.21324745
khanhha_noisy1::CRACK500_20160307_144150_641_361.jpg,0.33098397,0.32008782,0.34892827
khanhha_noisy1::CRACK500_20160307_144931_1281_1.jpg,0.18442106,0.23445833,0.5811206
khanhha_noisy1::CRACK500_20160307_144931_641_721.jpg,0.2144704,0.3784425,0.40708706
khanhha_noisy1::CRACK500_20160307_163537_1281_721.jpg,0.26335582,0.23767067,0.49897352
khanhha_noisy1::CRACK500_20160307_163537_641_361.jpg,0.27673343,0.24999568,0.47327092
khanhha_noisy1::CRACK500_20160307_163537_641_721.jpg,0.15617509,0.10667175,0.7371531
khanhha_noisy1::CRACK500_20160307_164334_641_1.jpg,0.23496635,0.337307,0.4277267
khanhha_noisy1::CRACK500_20160307_164334_641_361.jpg,0.3771741,0.1847378,0.43808815
khanhha_noisy1::CRACK500_20160308_072921_1281_1081.jpg,0.13659346,0.28757465,0.57583195
khanhha_noisy1::CRACK500_20160308_072921_1281_361.jpg,0.1337026,0.19059044,0.675707
khanhha_noisy1::CRACK500_20160308_072921_641_1081.jpg,0.17094669,0.24048254,0.5885708
khanhha_noisy1::CRACK500_20160308_072921_641_721.jpg,0.09671274,0.15457721,0.7487101
khanhha_noisy1::CRACK500_20160308_073014_1281_721.jpg,0.21805723,0.25723153,0.52471125
khanhha_noisy1::CRACK500_20160308_073406_641_721.jpg,0.22633521,0.16884357,0.6048212
khanhha_noisy1::CRACK500_20160308_160053_1_361.jpg,0.3529312,0.22495648,0.42211235
khanhha_noisy1::CRACK500_20160310_114418_641_361.jpg,0.40306413,0.28463662,0.31229916
khanhha_noisy1::CRACK500_20160318_181602_1281_361.jpg,0.36095536,0.15488689,0.4841578
khanhha_noisy1::CRACK500_20160318_181627_1_721.jpg,0.217904,0.29683265,0.48526338
khanhha_noisy1::CRACK500_20160321_183951_1_361.jpg,0.2261217,0.42521024,0.34866804
khanhha_noisy1::CRACK500_20160321_185457_1281_1.jpg,0.14944208,0.14783464,0.7027233
khanhha_noisy1::CRACK500_20160321_185457_1921_1.jpg,0.16446625,0.18083104,0.65470266
khanhha_noisy1::CRACK500_20160324_170323_1_721.jpg,0.2185106,0.37266412,0.40882528
khanhha_noisy1::CRACK500_20160324_170347_1281_361.jpg,0.1620192,0.33572784,0.502253
khanhha_noisy1::CRACK500_20160324_170347_1281_721.jpg,0.19094753,0.38803577,0.4210167
khanhha_noisy1::CRACK500_20160326_142354_641_1081.jpg,0.44857246,0.25573823,0.29568937
khanhha_noisy1::CRACK500_20160328_150827_1281_1081.jpg,0.2005985,0.5430165,0.25638503
khanhha_noisy1::CRACK500_20160328_150932_1921_361.jpg,0.3228634,0.1186256,0.55851096
khanhha_noisy1::CRACK500_20160328_150932_641_361.jpg,0.42829192,0.18834259,0.38336545
khanhha_noisy1::CRACK500_20160328_151013_361_1921.jpg,0.30808502,0.27600446,0.4159105
khanhha_noisy1::CRACK500_20160328_151057_1281_721.jpg,0.35669237,0.30849928,0.33480832
khanhha_noisy1::CRACK500_20160328_151413_1_361.jpg,0.33892825,0.32635128,0.33472046
khanhha_noisy1::CRACK500_20160328_151413_641_721.jpg,0.30867672,0.2568641,0.43445918
khanhha_noisy1::CRACK500_20160328_151728_1921_721.jpg,0.29851434,0.2486419,0.45284376
khanhha_noisy1::CRACK500_20160328_151808_1281_721.jpg,0.41516653,0.27040258,0.31443086
khanhha_noisy1::CRACK500_20160328_152305_1921_361.jpg,0.15990843,0.23223495,0.6078566
khanhha_noisy1::CRACK500_20160328_153020_1921_361.jpg,0.30137467,0.26448876,0.4341366
khanhha_noisy1::CRACK500_20160328_153540_641_361.jpg,0.19133645,0.42006412,0.38859946
khanhha_noisy1::CRACK500_20160328_153540_641_721.jpg,0.21915232,0.25052053,0.53032714
khanhha_noisy1::CRACK500_20160328_153556_1_361.jpg,0.15540016,0.45509157,0.3895083
khanhha_noisy1::CRACK500_20160328_153645_1_361.jpg,0.16829474,0.47486305,0.35684216
khanhha_noisy1::CRACK500_20160328_153702_1281_721.jpg,0.23028895,0.30642194,0.4632891
khanhha_noisy1::CRACK500_20160328_153702_1_1081.jpg,0.17770164,0.24739707,0.5749013
khanhha_noisy1::CRACK500_20160328_153724_1_1081.jpg,0.1312587,0.24443394,0.62430733
khanhha_noisy1::CRACK500_20160328_153724_641_721.jpg,0.21703613,0.3380957,0.44486818
khanhha_noisy1::CRACK500_20160328_153829_1921_361.jpg,0.23207547,0.16997756,0.59794694
khanhha_noisy1::CRACK500_20160328_153829_641_1.jpg,0.10959229,0.55920047,0.33120728
khanhha_noisy1::CRACK500_20160328_154334_641_721.jpg,0.32883123,0.22232679,0.44884202
khanhha_noisy1::CRACK500_20160328_154352_1281_721.jpg,0.60406107,0.12852898,0.26740992
khanhha_noisy1::CRACK500_20160329_093924_1921_721.jpg,0.13017344,0.28967422,0.58015233
khanhha_noisy1::CRACK500_20160329_094003_641_361.jpg,0.33541244,0.19666503,0.4679225
khanhha_noisy1::CRACK500_20160329_094512_1281_1081.jpg,0.39567313,0.20342417,0.40090272
khanhha_noisy1::CRACK500_20160329_094512_1281_721.jpg,0.3642017,0.11083648,0.52496177
khanhha_noisy1::CRACK500_20160329_094512_1921_721.jpg,0.29748452,0.17657652,0.5259389
khanhha_noisy1::CRACK500_20160329_101503_641_721.jpg,0.4234707,0.23848952,0.3380398
khanhha_noisy1::CRACK500_20160329_104120_1921_721.jpg,0.122432396,0.37901467,0.49855295
khanhha_noisy1::CRACK500_20160329_104120_1_361.jpg,0.1457381,0.24601997,0.6082419
khanhha_noisy1::CRACK500_20160329_104120_1_721.jpg,0.2680203,0.23749162,0.49448812
khanhha_noisy1::CRACK500_20160329_104120_641_721.jpg,0.2753811,0.36542922,0.3591897
khanhha_noisy1::CRACK500_20160329_115531_641_721.jpg,0.22843117,0.17193083,0.59963804
khanhha_noisy1::CRACK500_20160330_164743_1_361.jpg,0.2817851,0.23377682,0.484438
khanhha_noisy1::CRACK500_20160330_164743_641_361.jpg,0.39906606,0.23830229,0.36263168
khanhha_noisy1::CRACK500_20160330_170501_1_721.jpg,0.22860278,0.47421515,0.29718205
khanhha_noisy1::CRACK500_20160330_170504_641_721.jpg,0.39090145,0.3720928,0.23700571
khanhha_noisy1::CRACK500_20160402_150105_1_1.jpg,0.23557645,0.3982767,0.36614683
khanhha_noisy1::CRACK500_20160402_150317_641_361.jpg,0.27400935,0.3596719,0.3663188
khanhha_noisy1::CRACK500_20160402_150317_641_721.jpg,0.23553167,0.39177123,0.3726971
khanhha_noisy1::CRACK500_20160402_150938_641_361.jpg,0.27032107,0.3153926,0.41428638
khanhha_noisy1::CRACK500_20160402_150938_641_721.jpg,0.26232216,0.4505432,0.28713462
khanhha_noisy1::CRACK500_20160405_171333_1281_361.jpg,0.123531215,0.378079,0.4983898
khanhha_noisy1::CRACK500_20160405_171453_1281_361.jpg,0.25704235,0.15692112,0.5860365
khanhha_noisy1::CRACK500_20160405_171453_1_721.jpg,0.12797357,0.0861403,0.7858861
khanhha_noisy1::CRACK500_20160405_171453_641_361.jpg,0.28892425,0.14230455,0.56877124
khanhha_noisy1::CRACK500_20160405_171716_1921_721.jpg,0.21722662,0.109235585,0.6735378
khanhha_noisy1::CRACK500_20160407_163522_1921_721.jpg,0.32639456,0.1444425,0.529163
khanhha_noisy1::CRACK500_20160407_163522_641_721.jpg,0.20418277,0.17561795,0.62019926
khanhha_noisy1::CRACK500_20160407_165001_641_1081.jpg,0.3626118,0.3306189,0.30676934
khanhha_noisy1::CRACK500_20160407_165210_1921_721.jpg,0.27092838,0.37230626,0.35676527
khanhha_noisy1::CRACK500_IMG_2932_1297_969.jpg,0.27316013,0.3583024,0.36853752
khanhha_noisy1::DeepCrack_11113.jpg,0.1818358,0.2841378,0.53402644
khanhha_noisy1::DeepCrack_11116-2.jpg,0.20297243,0.5135522,0.28347543
khanhha_noisy1::DeepCrack_11116-3.jpg,0.3445808,0.38245526,0.27296388
khanhha_noisy1::DeepCrack_11125-1.jpg,0.3108698,0.18042754,0.50870264
khanhha_noisy1::DeepCrack_11151-2.jpg,0.35324213,0.4036076,0.24315028
khanhha_noisy1::DeepCrack_11155-1.jpg,0.085837245,0.7936049,0.12055781
khanhha_noisy1::DeepCrack_11155.jpg,0.072253145,0.65929693,0.26844987
khanhha_noisy1::DeepCrack_11184-1.jpg,0.15467413,0.27965447,0.5656714
khanhha_noisy1::DeepCrack_11215-15.jpg,0.16887143,0.4486007,0.38252783
khanhha_noisy1::DeepCrack_11215-3.jpg,0.11822858,0.7063006,0.1754708
khanhha_noisy1::DeepCrack_11240-6.jpg,0.24244602,0.47076163,0.28679234
khanhha_noisy1::DeepCrack_11240-8.jpg,0.33552316,0.36018297,0.3042939
khanhha_noisy1::DeepCrack_11247-12.jpg,0.21399464,0.111535236,0.6744702
khanhha_noisy1::DeepCrack_11269-1.jpg,0.39234558,0.22154915,0.38610524
khanhha_noisy1::DeepCrack_11271-2.jpg,0.24967885,0.30422974,0.4460914
khanhha_noisy1::DeepCrack_11271-5.jpg,0.22982909,0.416811,0.35335994
khanhha_noisy1::DeepCrack_11301-6.jpg,0.16514799,0.3082216,0.52663046
khanhha_noisy1::DeepCrack_7Q3A9064-12.jpg,0.35432622,0.12036865,0.52530515
khanhha_noisy1::DeepCrack_7Q3A9064-17.jpg,0.41060278,0.19845885,0.39093837
khanhha_noisy1::DeepCrack_7Q3A9064-19.jpg,0.40541434,0.12946756,0.4651181
khanhha_noisy1::DeepCrack_7Q3A9064-20.jpg,0.3784095,0.13240518,0.4891854
khanhha_noisy1::DeepCrack_IMG11-6.jpg,0.5049385,0.17667261,0.31838888
khanhha_noisy1::DeepCrack_IMG_6469-2.jpg,0.14413503,0.58145386,0.27441105
khanhha_noisy1::DeepCrack_IMG_6514-3.jpg,0.45518503,0.0822703,0.4625447
khanhha_noisy1::Eugen_Muller_7723_0_0_714_429.jpg,0.29881442,0.14752294,0.55366266
khanhha_noisy1::GAPS384_test_0058_1_1.jpg,0.56949526,0.29954502,0.13095967
khanhha_noisy1::GAPS384_test_0203_1_1.jpg,0.4330732,0.17954819,0.3873786
khanhha_noisy1::GAPS384_test_0203_541_1.jpg,0.28184637,0.22248226,0.4956714
khanhha_noisy1::GAPS384_train_0449_1_1.jpg,0.37142318,0.07706227,0.5515145
khanhha_noisy1::GAPS384_train_0516_541_641.jpg,0.36500472,0.13720348,0.4977918
khanhha_noisy1::GAPS384_train_0542_1_641.jpg,0.2151315,0.36440673,0.4204617
khanhha_noisy1::GAPS384_train_0681_541_641.jpg,0.39967978,0.20648669,0.39383352
khanhha_noisy1::GAPS384_train_0700_1_1.jpg,0.29586154,0.21357453,0.49056393
khanhha_noisy1::GAPS384_train_0918_1_641.jpg,0.37835476,0.07585186,0.5457934
khanhha_noisy1::GAPS384_train_0922_1_641.jpg,0.53771544,0.16067195,0.30161265
khanhha_noisy1::GAPS384_train_0959_1_641.jpg,0.59357136,0.10605094,0.30037773
khanhha_noisy1::GAPS384_train_1028_1_1.jpg,0.5483533,0.09992864,0.351718
khanhha_noisy1::GAPS384_train_1126_541_1.jpg,0.52375644,0.088230394,0.38801318
khanhha_noisy1::GAPS384_train_1128_541_1.jpg,0.38139665,0.018237123,0.60036623
khanhha_noisy1::GAPS384_train_1247_541_1.jpg,0.250506,0.16757448,0.5819195
khanhha_noisy1::GAPS384_train_1284_541_641.jpg,0.67171556,0.10024753,0.2280369
khanhha_noisy1::GAPS384_train_1347_541_1.jpg,0.3541999,0.14768718,0.49811298
khanhha_noisy1::GAPS384_train_1347_541_641.jpg,0.5479121,0.063662834,0.38842505
khanhha_noisy1::GAPS384_train_1366_541_1.jpg,0.36061618,0.12285117,0.51653266
khanhha_noisy1::GAPS384_train_1381_541_1.jpg,0.47916836,0.091304496,0.4295271
khanhha_noisy1::Rissbilder_for_Florian_9S6A2782_0_0_3840_5760.jpg,0.49478245,0.3068515,0.19836602
khanhha_noisy1::Rissbilder_for_Florian_9S6A2784_100_1539_3455_3308.jpg,0.505877,0.23507059,0.2590524
khanhha_noisy1::Rissbilder_for_Florian_9S6A2784_1029_155_2671_3164.jpg,0.49739867,0.29844877,0.20415255
khanhha_noisy1::Rissbilder_for_Florian_9S6A2784_241_1425_3582_3991.jpg,0.44252455,0.2602224,0.297253
khanhha_noisy1::Rissbilder_for_Florian_9S6A2785_118_523_3535_4238.jpg,0.09297165,0.88782215,0.0192062
khanhha_noisy1::Rissbilder_for_Florian_9S6A2785_197_1269_2404_2359.jpg,0.07970638,0.8905773,0.029716246
khanhha_noisy1::Rissbilder_for_Florian_9S6A2785_239_136_3078_2666.jpg,0.07761329,0.89556205,0.026824689
khanhha_noisy1::Rissbilder_for_Florian_9S6A2785_493_901_3299_3768.jpg,0.11030302,0.8576411,0.03205594
khanhha_noisy1::Rissbilder_for_Florian_9S6A2785_51_1717_2854_3381.jpg,0.037154354,0.9413777,0.02146796
khanhha_noisy1::Rissbilder_for_Florian_9S6A2792_0_0_5760_3840.jpg,0.6500657,0.20940678,0.14052758
khanhha_noisy1::Rissbilder_for_Florian_9S6A2792_1773_105_2717_3479.jpg,0.4414085,0.30255026,0.25604126
khanhha_noisy1::Rissbilder_for_Florian_9S6A2792_1778_280_3876_3455.jpg,0.56955534,0.20839383,0.22205082
khanhha_noisy1::Rissbilder_for_Florian_9S6A2792_2643_751_3074_3028.jpg,0.5035938,0.26913956,0.2272666
khanhha_noisy1::Rissbilder_for_Florian_9S6A2792_753_1245_2029_2585.jpg,0.29072148,0.5463593,0.16291922
khanhha_noisy1::Rissbilder_for_Florian_9S6A2797_0_0_3840_5760.jpg,0.4581216,0.34825733,0.19362104
khanhha_noisy1::Rissbilder_for_Florian_9S6A2797_211_1594_3203_4094.jpg,0.3607018,0.37538645,0.26391178
khanhha_noisy1::Rissbilder_for_Florian_9S6A2797_27_2177_3736_3368.jpg,0.36389285,0.36346635,0.27264076
khanhha_noisy1::Rissbilder_for_Florian_9S6A2797_331_75_3433_4182.jpg,0.4892434,0.22731291,0.28344378
khanhha_noisy1::Rissbilder_for_Florian_9S6A2802_251_84_3754_3687.jpg,0.22647619,0.50507456,0.26844925
khanhha_noisy1::Rissbilder_for_Florian_9S6A2802_2931_279_2589_2739.jpg,0.29225248,0.5011772,0.20657031
khanhha_noisy1::Rissbilder_for_Florian_9S6A2802_631_103_2560_2012.jpg,0.39141095,0.38574716,0.22284193
khanhha_noisy1::Rissbilder_for_Florian_9S6A2803_209_1110_2922_3685.jpg,0.5573937,0.21044092,0.23216532
khanhha_noisy1::Rissbilder_for_Florian_9S6A2803_247_1248_3459_4462.jpg,0.48732042,0.29375404,0.2189256
khanhha_noisy1::Rissbilder_for_Florian_9S6A2803_272_142_3359_3107.jpg,0.4498079,0.19583333,0.3543588
khanhha_noisy1::Rissbilder_for_Florian_9S6A2803_612_408_2717_3030.jpg,0.4791542,0.16432558,0.35652027
khanhha_noisy1::Rissbilder_for_Florian_9S6A2810_309_181_3327_4094.jpg,0.4411476,0.44120604,0.11764637
khanhha_noisy1::Rissbilder_for_Florian_9S6A2810_43_528_3225_4185.jpg,0.33313423,0.5386094,0.12825635
khanhha_noisy1::Rissbilder_for_Florian_9S6A2810_65_655_2748_2720.jpg,0.39778447,0.51280737,0.08940817
khanhha_noisy1::Rissbilder_for_Florian_9S6A2822_1030_155_3516_3590.jpg,0.31780365,0.34759432,0.33460206
khanhha_noisy1::Rissbilder_for_Florian_9S6A2822_1137_465_2983_2428.jpg,0.35903063,0.41941828,0.22155109
khanhha_noisy1::Rissbilder_for_Florian_9S6A2822_2401_400_2963_3258.jpg,0.33684313,0.39362386,0.26953304
khanhha_noisy1::Rissbilder_for_Florian_9S6A2835_373_1783_2745_2384.jpg,0.26467767,0.48282608,0.25249627
khanhha_noisy1::Rissbilder_for_Florian_9S6A2835_459_1693_3011_2424.jpg,0.27775082,0.4640987,0.25815052
khanhha_noisy1::Rissbilder_for_Florian_9S6A2835_468_2521_2391_2304.jpg,0.3522852,0.430754,0.21696071
khanhha_noisy1::Rissbilder_for_Florian_9S6A2835_469_1050_2755_3142.jpg,0.32260698,0.4113898,0.2660033
khanhha_noisy1::Rissbilder_for_Florian_9S6A2835_637_235_2191_2778.jpg,0.3695527,0.33347902,0.2969683
khanhha_noisy1::Rissbilder_for_Florian_9S6A2835_964_2753_2392_2184.jpg,0.40618515,0.2869696,0.30684525
khanhha_noisy1::Rissbilder_for_Florian_9S6A2836_0_0_3840_5760.jpg,0.18135688,0.2650866,0.55355656
khanhha_noisy1::Rissbilder_for_Florian_9S6A2836_391_1220_2381_3118.jpg,0.16668604,0.2638342,0.56947976
khanhha_noisy1::Rissbilder_for_Florian_9S6A2837_523_803_3305_3454.jpg,0.24401604,0.35057163,0.4054123
khanhha_noisy1::Rissbilder_for_Florian_9S6A2848_105_342_3183_3261.jpg,0.4102838,0.1790499,0.4106663
khanhha_noisy1::Rissbilder_for_Florian_9S6A2848_1214_523_4329_3293.jpg,0.3694412,0.27106082,0.359498
khanhha_noisy1::Rissbilder_for_Florian_9S6A2850_1113_51_4606_3781.jpg,0.5602513,0.27006844,0.1696803
khanhha_noisy1::Rissbilder_for_Florian_9S6A2850_1408_904_2105_2792.jpg,0.43213433,0.37225854,0.19560711
khanhha_noisy1::Rissbilder_for_Florian_9S6A2854_162_1195_3169_2569.jpg,0.41374832,0.2866131,0.29963866
khanhha_noisy1::Rissbilder_for_Florian_9S6A2856_1840_62_3055_3769.jpg,0.4184686,0.27903578,0.3024956
khanhha_noisy1::Rissbilder_for_Florian_9S6A2856_2611_839_1919_2466.jpg,0.39617366,0.4008252,0.2030012
khanhha_noisy1::Rissbilder_for_Florian_9S6A2856_3030_1197_2337_2140.jpg,0.49697766,0.2742776,0.22874478
khanhha_noisy1::Rissbilder_for_Florian_9S6A2856_3095_641_2548_2416.jpg,0.42837492,0.33276126,0.23886378
khanhha_noisy1::Rissbilder_for_Florian_9S6A2862_13_1221_3798_4291.jpg,0.45592135,0.15168877,0.3923899
khanhha_noisy1::Rissbilder_for_Florian_9S6A2862_16_760_3062_2984.jpg,0.3082482,0.14350498,0.54824686
khanhha_noisy1::Rissbilder_for_Florian_9S6A2862_54_2006_3577_3513.jpg,0.47387013,0.1327577,0.39337215
khanhha_noisy1::Rissbilder_for_Florian_9S6A2862_550_1911_3038_3042.jpg,0.46782768,0.13846673,0.3937056
khanhha_noisy1::Rissbilder_for_Florian_9S6A2863_312_1094_3025_3361.jpg,0.4450184,0.2952178,0.25976375
khanhha_noisy1::Rissbilder_for_Florian_9S6A2863_423_3163_2502_2009.jpg,0.4289424,0.2681193,0.30293834
khanhha_noisy1::Rissbilder_for_Florian_9S6A2867_114_180_3373_2642.jpg,0.36828497,0.32425383,0.30746123
khanhha_noisy1::Rissbilder_for_Florian_9S6A2867_249_168_3377_3485.jpg,0.5742709,0.16932602,0.25640306
khanhha_noisy1::Rissbilder_for_Florian_9S6A2867_26_155_3813_3142.jpg,0.3663367,0.3674835,0.26617983
khanhha_noisy1::Rissbilder_for_Florian_9S6A2867_515_377_2926_3568.jpg,0.44009113,0.31882116,0.2410877
khanhha_noisy1::Rissbilder_for_Florian_9S6A2867_657_766_2790_3388.jpg,0.5748374,0.21241549,0.2127471
khanhha_noisy1::Rissbilder_for_Florian_9S6A2873_0_0_5760_3840.jpg,0.21747145,0.24102002,0.5415085
khanhha_noisy1::Rissbilder_for_Florian_9S6A2873_244_84_4072_3620.jpg,0.24337083,0.23001769,0.52661145
khanhha_noisy1::Rissbilder_for_Florian_9S6A2873_904_515_2792_2550.jpg,0.28984606,0.26423138,0.44592252
khanhha_noisy1::Rissbilder_for_Florian_9S6A2873_905_438_3442_2738.jpg,0.2915017,0.21798503,0.49051327
khanhha_noisy1::Rissbilder_for_Florian_9S6A2873_930_236_3379_3204.jpg,0.30845165,0.18437366,0.5071747
khanhha_noisy1::Rissbilder_for_Florian_9S6A2878_186_801_3630_3688.jpg,0.39351773,0.3309082,0.2755741
khanhha_noisy1::Rissbilder_for_Florian_9S6A2878_287_270_3223_3935.jpg,0.38937414,0.26775137,0.34287447
khanhha_noisy1::Rissbilder_for_Florian_9S6A2878_29_861_3713_4568.jpg,0.5155723,0.27746305,0.20696464
khanhha_noisy1::Rissbilder_for_Florian_9S6A2878_373_2066_2452_3245.jpg,0.30740398,0.43832213,0.25427386
khanhha_noisy1::Rissbilder_for_Florian_9S6A2878_67_878_2624_2752.jpg,0.3804002,0.2918404,0.32775941
khanhha_noisy1::Rissbilder_for_Florian_9S6A2878_861_28_2800_2885.jpg,0.45594206,0.18321927,0.36083865
khanhha_noisy1::Rissbilder_for_Florian_9S6A2890_0_0_3840_5760.jpg,0.22126989,0.27294058,0.5057895
khanhha_noisy1::Rissbilder_for_Florian_9S6A2890_1213_1864_1830_2425.jpg,0.51194304,0.29763213,0.19042484
khanhha_noisy1::Rissbilder_for_Florian_9S6A2894_2035_188_3164_3103.jpg,0.5786157,0.20080301,0.22058117
khanhha_noisy1::Rissbilder_for_Florian_9S6A2894_2274_588_3314_3190.jpg,0.62056446,0.13165918,0.24777634
khanhha_noisy1::Rissbilder_for_Florian_9S6A2904_447_893_3086_3169.jpg,0.37995243,0.3246645,0.29538313
khanhha_noisy1::Rissbilder_for_Florian_9S6A2904_78_719_3211_3093.jpg,0.42348185,0.29979652,0.27672166
khanhha_noisy1::Rissbilder_for_Florian_9S6A2904_86_208_2615_2808.jpg,0.6274766,0.2051477,0.16737574
khanhha_noisy1::Rissbilder_for_Florian_9S6A2905_1082_994_2878_2819.jpg,0.4207166,0.27716652,0.3021169
khanhha_noisy1::Rissbilder_for_Florian_9S6A2905_153_412_3269_2899.jpg,0.34792966,0.4344478,0.2176226
khanhha_noisy1::Rissbilder_for_Florian_9S6A2905_2363_42_2827_2612.jpg,0.5681337,0.1401763,0.29169002
khanhha_noisy1::Rissbilder_for_Florian_9S6A2905_795_159_2896_2675.jpg,0.57492256,0.22783703,0.19724041
khanhha_noisy1::Rissbilder_for_Florian_9S6A2905_928_88_4020_3658.jpg,0.51055527,0.12393446,0.36551028
khanhha_noisy1::Rissbilder_for_Florian_9S6A2912_0_0_3840_5760.jpg,0.4124941,0.31647015,0.27103573
khanhha_noisy1::Rissbilder_for_Florian_9S6A2912_255_1175_3429_3203.jpg,0.49727136,0.2288625,0.27386618
khanhha_noisy1::Rissbilder_for_Florian_9S6A2912_85_369_3711_3429.jpg,0.54478353,0.19963819,0.2555783
khanhha_noisy1::Rissbilder_for_Florian_9S6A2913_20_297_2640_2502.jpg,0.37125328,0.33155662,0.29719013
khanhha_noisy1::Rissbilder_for_Florian_9S6A2913_320_3010_3339_2578.jpg,0.5049112,0.19448823,0.30060056
khanhha_noisy1::Rissbilder_for_Florian_9S6A2913_321_16_3485_4543.jpg,0.36069226,0.332261,0.3070467
khanhha_noisy1::Rissbilder_for_Florian_9S6A2923_1668_185_3721_3137.jpg,0.6695663,0.1745458,0.15588798
khanhha_noisy1::Rissbilder_for_Florian_9S6A2923_49_326_3736_3442.jpg,0.37533522,0.43953168,0.18513314
khanhha_noisy1::Rissbilder_for_Florian_9S6A2923_875_539_3052_2796.jpg,0.52043575,0.18774353,0.2918208
khanhha_noisy1::Rissbilder_for_Florian_9S6A3088_370_2375_2620_2464.jpg,0.6161403,0.21065612,0.1732036
khanhha_noisy1::Rissbilder_for_Florian_9S6A3098_1300_3220_2283_2309.jpg,0.41787228,0.24043743,0.34169027
khanhha_noisy1::Rissbilder_for_Florian_9S6A3098_64_1239_3474_2730.jpg,0.46460965,0.25650236,0.27888802
khanhha_noisy1::Rissbilder_for_Florian_9S6A3098_88_800_3751_4641.jpg,0.3426823,0.44223177,0.21508588
khanhha_noisy1::Rissbilder_for_Florian_9S6A3101_1262_2535_2488_2185.jpg,0.56606793,0.21239525,0.2215368
khanhha_noisy1::Rissbilder_for_Florian_9S6A3101_148_599_2929_2917.jpg,0.44502446,0.313377,0.24159846
khanhha_noisy1::Rissbilder_for_Florian_9S6A3101_487_946_2726_3042.jpg,0.38478208,0.2539046,0.36131328
khanhha_noisy1::Rissbilder_for_Florian_9S6A3106_108_1927_3275_2664.jpg,0.50483036,0.21936944,0.2758002
khanhha_noisy1::Rissbilder_for_Florian_9S6A3106_228_1483_2823_2920.jpg,0.38442436,0.3051591,0.31041655
khanhha_noisy1::Rissbilder_for_Florian_9S6A3106_310_2925_3257_2813.jpg,0.48402733,0.16735916,0.34861347
khanhha_noisy1::Rissbilder_for_Florian_9S6A3106_333_1784_3162_3278.jpg,0.45555133,0.22007668,0.324372
khanhha_noisy1::Rissbilder_for_Florian_9S6A3106_521_315_3058_2943.jpg,0.23417643,0.5644841,0.20133938
khanhha_noisy1::Rissbilder_for_Florian_9S6A3106_85_2598_2058_2287.jpg,0.3566733,0.29913944,0.3441872
khanhha_noisy1::Rissbilder_for_Florian_9S6A3106_9_406_3814_4267.jpg,0.50593454,0.22380668,0.27025875
khanhha_noisy1::Rissbilder_for_Florian_9S6A3108_130_372_2601_2517.jpg,0.079101115,0.018167732,0.9027312
khanhha_noisy1::Rissbilder_for_Florian_9S6A3108_134_412_3328_4228.jpg,0.10852917,0.0124906,0.8789803
khanhha_noisy1::Rissbilder_for_Florian_9S6A3108_160_1043_3170_3960.jpg,0.1504012,0.01292841,0.8366704
khanhha_noisy1::Rissbilder_for_Florian_9S6A3108_365_3231_2323_2320.jpg,0.12902687,0.00645047,0.8645227
khanhha_noisy1::Rissbilder_for_Florian_9S6A3108_43_1162_3415_3672.jpg,0.113894135,0.01105389,0.875052
khanhha_noisy1::Rissbilder_for_Florian_9S6A3108_651_10_2896_3045.jpg,0.051845297,0.014477483,0.9336772
khanhha_noisy1::Rissbilder_for_Florian_9S6A3112_1296_2688_2055_2721.jpg,0.18676323,0.07707609,0.73616064
khanhha_noisy1::Rissbilder_for_Florian_9S6A3112_1349_1614_2446_2337.jpg,0.34158063,0.073777825,0.5846415
khanhha_noisy1::Rissbilder_for_Florian_9S6A3117_0_0_3840_5760.jpg,0.47113928,0.043299474,0.48556134
khanhha_noisy1::Rissbilder_for_Florian_9S6A3117_155_109_3546_2785.jpg,0.30062142,0.048214886,0.65116364
khanhha_noisy1::Rissbilder_for_Florian_9S6A3117_911_680_2749_2883.jpg,0.38394338,0.08429233,0.5317643
khanhha_noisy1::Rissbilder_for_Florian_9S6A3121_1095_2665_2007_2602.jpg,0.38647327,0.058457483,0.5550693
khanhha_noisy1::Rissbilder_for_Florian_9S6A3121_224_1466_3238_3220.jpg,0.41759178,0.071009204,0.51139903
khanhha_noisy1::Rissbilder_for_Florian_9S6A3121_408_826_2841_3663.jpg,0.38829356,0.032207906,0.5794985
khanhha_noisy1::Rissbilder_for_Florian_9S6A3133_207_186_4184_3281.jpg,0.13542755,0.042933732,0.82163876
khanhha_noisy1::Rissbilder_for_Florian_9S6A3138_115_569_2228_2606.jpg,0.10716887,0.06622639,0.8266047
khanhha_noisy1::Sylvie_Chambon_069.jpg,0.19678101,0.5285699,0.27464914
khanhha_noisy1::Volker_DSC01629_412_54_1933_1766.jpg,0.33569118,0.3266348,0.33767402
khanhha_noisy1::Volker_DSC01630_176_437_1360_1040.jpg,0.180582,0.2547564,0.56466156
khanhha_noisy1::Volker_DSC01630_374_343_1233_1342.jpg,0.1977707,0.2078653,0.594364
khanhha_noisy1::Volker_DSC01631_2_30_1821_2154.jpg,0.39698073,0.3389904,0.26402882
khanhha_noisy1::Volker_DSC01642_220_63_1843_1585.jpg,0.24786879,0.27735195,0.4747793
khanhha_noisy1::Volker_DSC01648_211_212_1177_955.jpg,0.24701674,0.332003,0.42098027
khanhha_noisy1::Volker_DSC01661_0_0_1824_2736.jpg,0.20004837,0.2547729,0.5451787
khanhha_noisy1::Volker_DSC01661_290_595_1071_1180.jpg,0.22560029,0.30185425,0.47254544
khanhha_noisy1::Volker_DSC01661_400_1545_1179_1103.jpg,0.2664649,0.23408629,0.49944884
khanhha_noisy1::Volker_DSC01667_0_0_1824_2736.jpg,0.43386844,0.08028954,0.485842
khanhha_noisy1::Volker_DSC01667_106_338_1708_2132.jpg,0.32105425,0.13918546,0.5397603
khanhha_noisy1::Volker_DSC01670_3_833_1821_1836.jpg,0.46310797,0.13367878,0.40321323
khanhha_noisy1::Volker_DSC01670_678_871_1022_989.jpg,0.2817673,0.28749174,0.43074092
khanhha_noisy1::Volker_DSC01678_0_0_1824_2736.jpg,0.4971377,0.28349546,0.21936679
khanhha_noisy1::Volker_DSC01678_14_998_1278_1270.jpg,0.41447785,0.34598422,0.23953795
khanhha_noisy1::Volker_DSC01678_282_907_1086_1149.jpg,0.4531344,0.20699145,0.33987415
khanhha_noisy1::Volker_DSC01686_297_570_1208_1271.jpg,0.23378898,0.38918063,0.37703043
khanhha_noisy1::Volker_DSC01690_763_1051_1043_1097.jpg,0.30313802,0.22821592,0.46864602
khanhha_noisy1::Volker_DSC01691_35_741_1602_1808.jpg,0.39427954,0.25353774,0.35218275
khanhha_noisy1::Volker_DSC01691_6_526_1388_1598.jpg,0.22283787,0.32023144,0.4569307
khanhha_noisy1::Volker_DSC01701_103_539_1579_1680.jpg,0.37834352,0.20122321,0.42043322
khanhha_noisy1::cracktree200_6258.jpg,0.40023622,0.39446452,0.20529924
khanhha_noisy1::cracktree200_6266.jpg,0.61254066,0.20250747,0.18495189
khanhha_noisy1::cracktree200_6278.jpg,0.3488944,0.42447948,0.2266261
khanhha_noisy1::cracktree200_6297.jpg,0.38434485,0.4754378,0.14021732
khanhha_noisy1::cracktree200_6298.jpg,0.2863558,0.5312152,0.18242908
khanhha_noisy1::cracktree200_6710.jpg,0.33525747,0.38969654,0.27504605
khanhha_noisy1::forest_018.jpg,0.17723215,0.4316986,0.39106926
khanhha_noisy1::forest_054.jpg,0.25083566,0.27579755,0.4733668
khanhha_noisy1::forest_117.jpg,0.28242007,0.38272172,0.3348582
khanhha_noisy1::noncrack_noncrack_concrete_wall_102_5.jpg.jpg,0.060638484,0.814033,0.12532857
khanhha_noisy1::noncrack_noncrack_concrete_wall_15_5.jpg.jpg,0.18503448,0.34243506,0.47253045
khanhha_noisy1::noncrack_noncrack_concrete_wall_15_7.jpg.jpg,0.2684697,0.34760937,0.38392097
khanhha_noisy1::noncrack_noncrack_concrete_wall_20_1.jpg.jpg,0.22835319,0.6814422,0.09020458
khanhha_noisy1::noncrack_noncrack_concrete_wall_20_15.jpg.jpg,0.34337404,0.49557033,0.16105562
khanhha_noisy1::noncrack_noncrack_concrete_wall_20_32.jpg.jpg,0.2006814,0.6952078,0.10411082
khanhha_noisy1::noncrack_noncrack_concrete_wall_20_52.jpg.jpg,0.24019781,0.6639405,0.09586165
khanhha_noisy1::noncrack_noncrack_concrete_wall_20_54.jpg.jpg,0.2009734,0.6877602,0.111266434
khanhha_noisy1::noncrack_noncrack_concrete_wall_20_59.jpg.jpg,0.27635038,0.6224063,0.10124338
khanhha_noisy1::noncrack_noncrack_concrete_wall_20_62.jpg.jpg,0.2502638,0.65067846,0.09905776
khanhha_noisy1::noncrack_noncrack_concrete_wall_20_68.jpg.jpg,0.2526682,0.65453756,0.09279424
khanhha_noisy1::noncrack_noncrack_concrete_wall_20_70.jpg.jpg,0.38772145,0.473995,0.13828354
khanhha_noisy1::noncrack_noncrack_concrete_wall_35_4.jpg.jpg,0.027874371,0.888299,0.08382662
khanhha_noisy1::noncrack_noncrack_concrete_wall_3_2.jpg.jpg,0.007103884,0.91951704,0.07337903
khanhha_noisy1::noncrack_noncrack_concrete_wall_44_0.jpg.jpg,0.10918484,0.58563757,0.3051776
khanhha_noisy1::noncrack_noncrack_concrete_wall_44_4.jpg.jpg,0.13831614,0.47817764,0.3835062
khanhha_noisy1::noncrack_noncrack_concrete_wall_46_8.jpg.jpg,0.008316772,0.984136,0.007547186
khanhha_noisy1::noncrack_noncrack_concrete_wall_48_0.jpg.jpg,0.28494602,0.5063397,0.2087143
khanhha_noisy1::noncrack_noncrack_concrete_wall_48_1.jpg.jpg,0.37532774,0.40338767,0.22128463
khanhha_noisy1::noncrack_noncrack_concrete_wall_48_5.jpg.jpg,0.5120547,0.2388391,0.24910626
khanhha_noisy1::noncrack_noncrack_concrete_wall_59_0.jpg.jpg,0.005845561,0.97127634,0.022878094
khanhha_noisy1::noncrack_noncrack_concrete_wall_59_3.jpg.jpg,0.0098989075,0.96802664,0.02207448
khanhha_noisy1::noncrack_noncrack_concrete_wall_65_0.jpg.jpg,0.16033736,0.5556619,0.2840007
khanhha_noisy1::noncrack_noncrack_concrete_wall_65_10.jpg.jpg,0.0677592,0.75511044,0.17713031
khanhha_noisy1::noncrack_noncrack_concrete_wall_68_0.jpg.jpg,0.052190274,0.88854206,0.059267603
khanhha_noisy1::noncrack_noncrack_concrete_wall_68_1.jpg.jpg,0.084765136,0.87145704,0.043777797
khanhha_noisy1::noncrack_noncrack_concrete_wall_74_10.jpg.jpg,0.117465034,0.71538156,0.16715342
khanhha_noisy1::noncrack_noncrack_concrete_wall_82_14.jpg.jpg,0.0047686235,0.8763542,0.11887721
khanhha_noisy1::noncrack_noncrack_concrete_wall_82_23.jpg.jpg,0.0050748703,0.8659221,0.12900303
khanhha_noisy1::noncrack_noncrack_concrete_wall_82_24.jpg.jpg,0.0028133437,0.93143964,0.06574697
khanhha_noisy1::noncrack_noncrack_concrete_wall_82_27.jpg.jpg,0.005141119,0.82537377,0.16948515
khanhha_noisy1::noncrack_noncrack_concrete_wall_82_32.jpg.jpg,0.0044802367,0.82972497,0.16579477
khanhha_noisy1::noncrack_noncrack_concrete_wall_82_4.jpg.jpg,0.0050983895,0.8749289,0.11997274
khanhha_noisy1::noncrack_noncrack_concrete_wall_82_5.jpg.jpg,0.0046370733,0.9279105,0.06745234
khanhha_noisy1::noncrack_noncrack_concrete_wall_86_1.jpg.jpg,0.12390419,0.79878235,0.07731346
khanhha_noisy1::noncrack_noncrack_concrete_wall_86_2.jpg.jpg,0.12560451,0.789489,0.084906496
khanhha_noisy1::noncrack_noncrack_concrete_wall_93_5.jpg.jpg,0.053200047,0.81528723,0.13151267
khanhha_noisy1::noncrack_noncrack_concrete_wall_96_1.jpg.jpg,0.15658836,0.77714753,0.06626416
khanhha_noisy1::noncrack_noncrack_concrete_wall_96_12.jpg.jpg,0.056870475,0.8882713,0.054858282
khanhha_noisy1::noncrack_noncrack_concrete_wall_96_2.jpg.jpg,0.14856179,0.7843152,0.06712304
khanhha_noisy1::noncrack_noncrack_concrete_wall_96_27.jpg.jpg,0.08741487,0.86491096,0.04767422
khanhha_noisy2::CFD_011.jpg,0.43566144,0.15793565,0.40640292
khanhha_noisy2::CFD_080.jpg,0.3467662,0.37533933,0.27789447
khanhha_noisy2::CRACK500_20160222_081908_641_721.jpg,0.3599021,0.3449669,0.29513097
khanhha_noisy2::CRACK500_20160222_115519_641_721.jpg,0.46390134,0.2105404,0.32555825
khanhha_noisy2::CRACK500_20160222_163940_1281_1081.jpg,0.24971372,0.35636607,0.39392024
khanhha_noisy2::CRACK500_20160222_163940_1_1081.jpg,0.43602768,0.4224072,0.14156511
khanhha_noisy2::CRACK500_20160222_163940_1_361.jpg,0.6859313,0.15732932,0.15673935
khanhha_noisy2::CRACK500_20160222_163940_641_1081.jpg,0.38346896,0.36357126,0.25295982
khanhha_noisy2::CRACK500_20160222_165919_1_721.jpg,0.56860405,0.31068918,0.12070677
khanhha_noisy2::CRACK500_20160225_114514_721_1281.jpg,0.2728676,0.55641556,0.17071688
khanhha_noisy2::CRACK500_20160225_114514_721_641.jpg,0.36350024,0.5147967,0.12170304
khanhha_noisy2::CRACK500_20160302_155857_1281_1.jpg,0.45287886,0.1720281,0.37509307
khanhha_noisy2::CRACK500_20160302_155857_1_721.jpg,0.2723351,0.24862893,0.47903597
khanhha_noisy2::CRACK500_20160302_155914_1081_641.jpg,0.3203266,0.08834688,0.5913265
khanhha_noisy2::CRACK500_20160303_092806_1281_721.jpg,0.28543454,0.30544508,0.4091204
khanhha_noisy2::CRACK500_20160303_092806_1_721.jpg,0.2082575,0.54171884,0.25002366
khanhha_noisy2::CRACK500_20160306_103830_1921_1081.jpg,0.3256735,0.27567384,0.3986527
khanhha_noisy2::CRACK500_20160307_143827_1_721.jpg,0.2829871,0.2215629,0.49545002
khanhha_noisy2::CRACK500_20160307_144150_1281_721.jpg,0.26116624,0.59080786,0.14802584
khanhha_noisy2::CRACK500_20160307_144150_641_361.jpg,0.36920726,0.37495106,0.2558416
khanhha_noisy2::CRACK500_20160307_144931_1281_1.jpg,0.31669527,0.34002343,0.3432813
khanhha_noisy2::CRACK500_20160307_144931_641_721.jpg,0.34465128,0.3070316,0.34831715
khanhha_noisy2::CRACK500_20160307_163537_1281_721.jpg,0.3141142,0.37937397,0.30651176
khanhha_noisy2::CRACK500_20160307_163537_641_361.jpg,0.4017953,0.34129298,0.25691172
khanhha_noisy2::CRACK500_20160307_163537_641_721.jpg,0.2716731,0.049874835,0.6784521
khanhha_noisy2::CRACK500_20160307_164334_641_1.jpg,0.17676531,0.62995446,0.19328023
khanhha_noisy2::CRACK500_20160307_164334_641_361.jpg,0.46776775,0.27410957,0.25812265
khanhha_noisy2::CRACK500_20160308_072921_1281_1081.jpg,0.17270759,0.34946868,0.47782376
khanhha_noisy2::CRACK500_20160308_072921_1281_361.jpg,0.18595648,0.20431232,0.60973126
khanhha_noisy2::CRACK500_20160308_072921_641_1081.jpg,0.15810707,0.217641,0.6242519
khanhha_noisy2::CRACK500_20160308_072921_641_721.jpg,0.10678279,0.1865131,0.7067041
khanhha_noisy2::CRACK500_20160308_073014_1281_721.jpg,0.38022032,0.13915063,0.480629
khanhha_noisy2::CRACK500_20160308_073406_641_721.jpg,0.5635951,0.10451806,0.33188683
khanhha_noisy2::CRACK500_20160308_160053_1_361.jpg,0.2537661,0.46880022,0.2774337
khanhha_noisy2::CRACK500_20160310_114418_641_361.jpg,0.41528898,0.30243632,0.28227475
khanhha_noisy2::CRACK500_20160318_181602_1281_361.jpg,0.31396753,0.21816343,0.46786907
khanhha_noisy2::CRACK500_20160318_181627_1_721.jpg,0.17779663,0.21840616,0.6037972
khanhha_noisy2::CRACK500_20160321_183951_1_361.jpg,0.24989441,0.46531728,0.28478825
khanhha_noisy2::CRACK500_20160321_185457_1281_1.jpg,0.23301043,0.29180184,0.4751878
khanhha_noisy2::CRACK500_20160321_185457_1921_1.jpg,0.17980245,0.19086806,0.62932944
khanhha_noisy2::CRACK500_20160324_170323_1_721.jpg,0.30403048,0.4367931,0.2591764
khanhha_noisy2::CRACK500_20160324_170347_1281_361.jpg,0.23498149,0.43002537,0.33499312
khanhha_noisy2::CRACK500_20160324_170347_1281_721.jpg,0.2960489,0.43275326,0.2711978
khanhha_noisy2::CRACK500_20160326_142354_641_1081.jpg,0.3739918,0.2912984,0.33470985
khanhha_noisy2::CRACK500_20160328_150827_1281_1081.jpg,0.23365737,0.54602945,0.22031322
khanhha_noisy2::CRACK500_20160328_150932_1921_361.jpg,0.45127073,0.075427316,0.47330192
khanhha_noisy2::CRACK500_20160328_150932_641_361.jpg,0.42339626,0.27981627,0.2967874
khanhha_noisy2::CRACK500_20160328_151013_361_1921.jpg,0.30538613,0.31404975,0.38056415
khanhha_noisy2::CRACK500_20160328_151057_1281_721.jpg,0.27917185,0.54036516,0.18046296
khanhha_noisy2::CRACK500_20160328_151413_1_361.jpg,0.21285398,0.65121084,0.13593519
khanhha_noisy2::CRACK500_20160328_151413_641_721.jpg,0.16910887,0.53080773,0.3000834
khanhha_noisy2::CRACK500_20160328_151728_1921_721.jpg,0.24835703,0.4237692,0.32787374
khanhha_noisy2::CRACK500_20160328_151808_1281_721.jpg,0.33936796,0.42792335,0.23270868
khanhha_noisy2::CRACK500_20160328_152305_1921_361.jpg,0.13100795,0.539221,0.32977104
khanhha_noisy2::CRACK500_20160328_153020_1921_361.jpg,0.2563861,0.3945176,0.34909633
khanhha_noisy2::CRACK500_20160328_153540_641_361.jpg,0.062103234,0.76345134,0.17444542
khanhha_noisy2::CRACK500_20160328_153540_641_721.jpg,0.26573178,0.31046262,0.4238056
khanhha_noisy2::CRACK500_20160328_153556_1_361.jpg,0.124104924,0.65978783,0.21610725
khanhha_noisy2::CRACK500_20160328_153645_1_361.jpg,0.14160639,0.66331893,0.19507472
khanhha_noisy2::CRACK500_20160328_153702_1281_721.jpg,0.21982576,0.5084356,0.27173868
khanhha_noisy2::CRACK500_20160328_153702_1_1081.jpg,0.19377248,0.39707854,0.40914893
khanhha_noisy2::CRACK500_20160328_153724_1_1081.jpg,0.17640266,0.3711831,0.4524143
khanhha_noisy2::CRACK500_20160328_153724_641_721.jpg,0.17788395,0.45931587,0.36280015
khanhha_noisy2::CRACK500_20160328_153829_1921_361.jpg,0.2981294,0.367795,0.33407557
khanhha_noisy2::CRACK500_20160328_153829_641_1.jpg,0.103781074,0.65256435,0.2436546
khanhha_noisy2::CRACK500_20160328_154334_641_721.jpg,0.27152434,0.3566973,0.3717783
khanhha_noisy2::CRACK500_20160328_154352_1281_721.jpg,0.4127471,0.24359061,0.3436622
khanhha_noisy2::CRACK500_20160329_093924_1921_721.jpg,0.27122766,0.23418711,0.4945853
khanhha_noisy2::CRACK500_20160329_094003_641_361.jpg,0.19910724,0.23824932,0.5626434
khanhha_noisy2::CRACK500_20160329_094512_1281_1081.jpg,0.34519374,0.2425015,0.4123047
khanhha_noisy2::CRACK500_20160329_094512_1281_721.jpg,0.35608783,0.2024906,0.44142157
khanhha_noisy2::CRACK500_20160329_094512_1921_721.jpg,0.3176469,0.17541394,0.50693923
khanhha_noisy2::CRACK500_20160329_101503_641_721.jpg,0.31333965,0.425984,0.26067632
khanhha_noisy2::CRACK500_20160329_104120_1921_721.jpg,0.18007518,0.49214536,0.32777944
khanhha_noisy2::CRACK500_20160329_104120_1_361.jpg,0.21327788,0.3566831,0.43003902
khanhha_noisy2::CRACK500_20160329_104120_1_721.jpg,0.40494153,0.18614998,0.40890852
khanhha_noisy2::CRACK500_20160329_104120_641_721.jpg,0.2600735,0.3910446,0.34888184
khanhha_noisy2::CRACK500_20160329_115531_641_721.jpg,0.32347053,0.14179614,0.53473336
khanhha_noisy2::CRACK500_20160330_164743_1_361.jpg,0.29417557,0.39915273,0.30667168
khanhha_noisy2::CRACK500_20160330_164743_641_361.jpg,0.32113898,0.47241905,0.20644192
khanhha_noisy2::CRACK500_20160330_170501_1_721.jpg,0.20339604,0.5804368,0.2161671
khanhha_noisy2::CRACK500_20160330_170504_641_721.jpg,0.28556636,0.39754197,0.31689164
khanhha_noisy2::CRACK500_20160402_150105_1_1.jpg,0.41912955,0.35908267,0.22178786
khanhha_noisy2::CRACK500_20160402_150317_641_361.jpg,0.31378904,0.49807447,0.18813647
khanhha_noisy2::CRACK500_20160402_150317_641_721.jpg,0.3440536,0.48217225,0.17377421
khanhha_noisy2::CRACK500_20160402_150938_641_361.jpg,0.3082231,0.3195992,0.3721777
khanhha_noisy2::CRACK500_20160402_150938_641_721.jpg,0.1644342,0.65403,0.18153577
khanhha_noisy2::CRACK500_20160405_171333_1281_361.jpg,0.37335843,0.30909693,0.31754464
khanhha_noisy2::CRACK500_20160405_171453_1281_361.jpg,0.18015571,0.14879271,0.6710516
khanhha_noisy2::CRACK500_20160405_171453_1_721.jpg,0.21291625,0.15914178,0.62794197
khanhha_noisy2::CRACK500_20160405_171453_641_361.jpg,0.17556554,0.25158325,0.57285124
khanhha_noisy2::CRACK500_20160405_171716_1921_721.jpg,0.18304025,0.1174333,0.6995265
khanhha_noisy2::CRACK500_20160407_163522_1921_721.jpg,0.25988168,0.2682337,0.47188467
khanhha_noisy2::CRACK500_20160407_163522_641_721.jpg,0.24481802,0.19967036,0.5555116
khanhha_noisy2::CRACK500_20160407_165001_641_1081.jpg,0.5206817,0.22616298,0.25315535
khanhha_noisy2::CRACK500_20160407_165210_1921_721.jpg,0.17998512,0.34738562,0.47262928
khanhha_noisy2::CRACK500_IMG_2932_1297_969.jpg,0.27013496,0.39825132,0.3316137
khanhha_noisy2::DeepCrack_11113.jpg,0.12834422,0.5137778,0.357878
khanhha_noisy2::DeepCrack_11116-2.jpg,0.098656856,0.70969826,0.19164488
khanhha_noisy2::DeepCrack_11116-3.jpg,0.15126967,0.60055476,0.24817558
khanhha_noisy2::DeepCrack_11125-1.jpg,0.4454831,0.31152886,0.24298802
khanhha_noisy2::DeepCrack_11151-2.jpg,0.19956136,0.37449762,0.425941
khanhha_noisy2::DeepCrack_11155-1.jpg,0.024490532,0.8142685,0.16124094
khanhha_noisy2::DeepCrack_11155.jpg,0.16224648,0.20837842,0.6293751
khanhha_noisy2::DeepCrack_11184-1.jpg,0.14702119,0.36696088,0.48601785
khanhha_noisy2::DeepCrack_11215-15.jpg,0.13086884,0.7133631,0.15576807
khanhha_noisy2::DeepCrack_11215-3.jpg,0.056971364,0.8456038,0.097424775
khanhha_noisy2::DeepCrack_11240-6.jpg,0.17246993,0.55793154,0.26959857
khanhha_noisy2::DeepCrack_11240-8.jpg,0.18369639,0.55587286,0.26043075
khanhha_noisy2::DeepCrack_11247-12.jpg,0.115305215,0.041634303,0.8430605
khanhha_noisy2::DeepCrack_11269-1.jpg,0.37793827,0.24801338,0.37404838
khanhha_noisy2::DeepCrack_11271-2.jpg,0.16968764,0.20997271,0.6203397
khanhha_noisy2::DeepCrack_11271-5.jpg,0.0924725,0.6182226,0.28930494
khanhha_noisy2::DeepCrack_11301-6.jpg,0.25321266,0.36760506,0.37918228
khanhha_noisy2::DeepCrack_7Q3A9064-12.jpg,0.2310077,0.42053422,0.34845802
khanhha_noisy2::DeepCrack_7Q3A9064-17.jpg,0.2673598,0.52700275,0.20563751
khanhha_noisy2::DeepCrack_7Q3A9064-19.jpg,0.20907515,0.5194835,0.27144137
khanhha_noisy2::DeepCrack_7Q3A9064-20.jpg,0.35806364,0.29752243,0.3444139
khanhha_noisy2::DeepCrack_IMG11-6.jpg,0.29849446,0.4997034,0.20180218
khanhha_noisy2::DeepCrack_IMG_6469-2.jpg,0.17927542,0.43000102,0.3907235
khanhha_noisy2::DeepCrack_IMG_6514-3.jpg,0.41992852,0.22059453,0.35947692
khanhha_noisy2::Eugen_Muller_7723_0_0_714_429.jpg,0.51108325,0.13574077,0.35317594
khanhha_noisy2::GAPS384_test_0058_1_1.jpg,0.15448654,0.72538406,0.12012944
khanhha_noisy2::GAPS384_test_0203_1_1.jpg,0.47955164,0.2168063,0.3036421
khanhha_noisy2::GAPS384_test_0203_541_1.jpg,0.2631375,0.4911447,0.24571784
khanhha_noisy2::GAPS384_train_0449_1_1.jpg,0.12951148,0.7115454,0.15894313
khanhha_noisy2::GAPS384_train_0516_541_641.jpg,0.21075833,0.5647047,0.22453691
khanhha_noisy2::GAPS384_train_0542_1_641.jpg,0.2825306,0.47239345,0.24507596
khanhha_noisy2::GAPS384_train_0681_541_641.jpg,0.50279194,0.23963112,0.257577
khanhha_noisy2::GAPS384_train_0700_1_1.jpg,0.48184398,0.22471546,0.29344058
khanhha_noisy2::GAPS384_train_0918_1_641.jpg,0.23918696,0.3530202,0.40779284
khanhha_noisy2::GAPS384_train_0922_1_641.jpg,0.25257656,0.6247596,0.1226638
khanhha_noisy2::GAPS384_train_0959_1_641.jpg,0.21672003,0.47320434,0.3100756
khanhha_noisy2::GAPS384_train_1028_1_1.jpg,0.29624408,0.31450933,0.38924658
khanhha_noisy2::GAPS384_train_1126_541_1.jpg,0.43269596,0.28610516,0.2811989
khanhha_noisy2::GAPS384_train_1128_541_1.jpg,0.46780142,0.03503538,0.4971632
khanhha_noisy2::GAPS384_train_1247_541_1.jpg,0.3257703,0.35242257,0.32180712
khanhha_noisy2::GAPS384_train_1284_541_641.jpg,0.37499622,0.48474425,0.14025953
khanhha_noisy2::GAPS384_train_1347_541_1.jpg,0.2284389,0.4279193,0.34364182
khanhha_noisy2::GAPS384_train_1347_541_641.jpg,0.5033419,0.11168563,0.38497245
khanhha_noisy2::GAPS384_train_1366_541_1.jpg,0.3028008,0.28696856,0.4102306
khanhha_noisy2::GAPS384_train_1381_541_1.jpg,0.41534704,0.20946012,0.37519282
khanhha_noisy2::Rissbilder_for_Florian_9S6A2782_0_0_3840_5760.jpg,0.6756274,0.18313526,0.14123738
khanhha_noisy2::Rissbilder_for_Florian_9S6A2784_100_1539_3455_3308.jpg,0.31971318,0.3514441,0.32884273
khanhha_noisy2::Rissbilder_for_Florian_9S6A2784_1029_155_2671_3164.jpg,0.35437602,0.46346766,0.18215635
khanhha_noisy2::Rissbilder_for_Florian_9S6A2784_241_1425_3582_3991.jpg,0.38624743,0.34338018,0.27037233
khanhha_noisy2::Rissbilder_for_Florian_9S6A2785_118_523_3535_4238.jpg,0.060578357,0.9317331,0.0076885973
khanhha_noisy2::Rissbilder_for_Florian_9S6A2785_197_1269_2404_2359.jpg,0.056887727,0.92521244,0.017899834
khanhha_noisy2::Rissbilder_for_Florian_9S6A2785_239_136_3078_2666.jpg,0.10742753,0.8728326,0.01973995
khanhha_noisy2::Rissbilder_for_Florian_9S6A2785_493_901_3299_3768.jpg,0.06164028,0.9265183,0.01184139
khanhha_noisy2::Rissbilder_for_Florian_9S6A2785_51_1717_2854_3381.jpg,0.07405263,0.90997994,0.015967468
khanhha_noisy2::Rissbilder_for_Florian_9S6A2792_0_0_5760_3840.jpg,0.64230794,0.28046906,0.07722294
khanhha_noisy2::Rissbilder_for_Florian_9S6A2792_1773_105_2717_3479.jpg,0.21535479,0.7117231,0.07292218
khanhha_noisy2::Rissbilder_for_Florian_9S6A2792_1778_280_3876_3455.jpg,0.556974,0.31752867,0.1254973
khanhha_noisy2::Rissbilder_for_Florian_9S6A2792_2643_751_3074_3028.jpg,0.31100407,0.57298017,0.11601586
khanhha_noisy2::Rissbilder_for_Florian_9S6A2792_753_1245_2029_2585.jpg,0.21967572,0.6998158,0.08050848
khanhha_noisy2::Rissbilder_for_Florian_9S6A2797_0_0_3840_5760.jpg,0.76856345,0.10979456,0.12164203
khanhha_noisy2::Rissbilder_for_Florian_9S6A2797_211_1594_3203_4094.jpg,0.5382844,0.2662287,0.19548686
khanhha_noisy2::Rissbilder_for_Florian_9S6A2797_27_2177_3736_3368.jpg,0.6116932,0.23248006,0.15582669
khanhha_noisy2::Rissbilder_for_Florian_9S6A2797_331_75_3433_4182.jpg,0.6828508,0.15564159,0.16150765
khanhha_noisy2::Rissbilder_for_Florian_9S6A2802_251_84_3754_3687.jpg,0.057278458,0.6176462,0.32507533
khanhha_noisy2::Rissbilder_for_Florian_9S6A2802_2931_279_2589_2739.jpg,0.035339102,0.5789183,0.3857426
khanhha_noisy2::Rissbilder_for_Florian_9S6A2802_631_103_2560_2012.jpg,0.12953064,0.50150627,0.36896315
khanhha_noisy2::Rissbilder_for_Florian_9S6A2803_209_1110_2922_3685.jpg,0.13224435,0.28563717,0.58211845
khanhha_noisy2::Rissbilder_for_Florian_9S6A2803_247_1248_3459_4462.jpg,0.11915784,0.48964673,0.3911955
khanhha_noisy2::Rissbilder_for_Florian_9S6A2803_272_142_3359_3107.jpg,0.14982632,0.4094862,0.44068745
khanhha_noisy2::Rissbilder_for_Florian_9S6A2803_612_408_2717_3030.jpg,0.15814528,0.38929135,0.45256335
khanhha_noisy2::Rissbilder_for_Florian_9S6A2810_309_181_3327_4094.jpg,0.081797,0.81581247,0.102390595
khanhha_noisy2::Rissbilder_for_Florian_9S6A2810_43_528_3225_4185.jpg,0.12425393,0.78322864,0.092517465
khanhha_noisy2::Rissbilder_for_Florian_9S6A2810_65_655_2748_2720.jpg,0.089986235,0.87381333,0.036200423
khanhha_noisy2::Rissbilder_for_Florian_9S6A2822_1030_155_3516_3590.jpg,0.68266314,0.14008935,0.17724746
khanhha_noisy2::Rissbilder_for_Florian_9S6A2822_1137_465_2983_2428.jpg,0.5616781,0.29872438,0.1395975
khanhha_noisy2::Rissbilder_for_Florian_9S6A2822_2401_400_2963_3258.jpg,0.613133,0.19261104,0.19425593
khanhha_noisy2::Rissbilder_for_Florian_9S6A2835_373_1783_2745_2384.jpg,0.5835625,0.2311488,0.18528877
khanhha_noisy2::Rissbilder_for_Florian_9S6A2835_459_1693_3011_2424.jpg,0.6235306,0.20284294,0.1736264
khanhha_noisy2::Rissbilder_for_Florian_9S6A2835_468_2521_2391_2304.jpg,0.6681036,0.17977166,0.15212482
khanhha_noisy2::Rissbilder_for_Florian_9S6A2835_469_1050_2755_3142.jpg,0.48808047,0.3344724,0.1774471
khanhha_noisy2::Rissbilder_for_Florian_9S6A2835_637_235_2191_2778.jpg,0.43713936,0.36825508,0.19460556
khanhha_noisy2::Rissbilder_for_Florian_9S6A2835_964_2753_2392_2184.jpg,0.65126175,0.16677974,0.18195854
khanhha_noisy2::Rissbilder_for_Florian_9S6A2836_0_0_3840_5760.jpg,0.32462016,0.25990218,0.41547772
khanhha_noisy2::Rissbilder_for_Florian_9S6A2836_391_1220_2381_3118.jpg,0.39120963,0.33549288,0.2732975
khanhha_noisy2::Rissbilder_for_Florian_9S6A2837_523_803_3305_3454.jpg,0.47781092,0.30840492,0.2137842
khanhha_noisy2::Rissbilder_for_Florian_9S6A2848_105_342_3183_3261.jpg,0.39773402,0.12081669,0.48144937
khanhha_noisy2::Rissbilder_for_Florian_9S6A2848_1214_523_4329_3293.jpg,0.32983643,0.2995882,0.37057537
khanhha_noisy2::Rissbilder_for_Florian_9S6A2850_1113_51_4606_3781.jpg,0.16095725,0.7828773,0.056165375
khanhha_noisy2::Rissbilder_for_Florian_9S6A2850_1408_904_2105_2792.jpg,0.16136189,0.770882,0.06775605
khanhha_noisy2::Rissbilder_for_Florian_9S6A2854_162_1195_3169_2569.jpg,0.6035807,0.18136008,0.21505915
khanhha_noisy2::Rissbilder_for_Florian_9S6A2856_1840_62_3055_3769.jpg,0.64358854,0.17659785,0.17981361
khanhha_noisy2::Rissbilder_for_Florian_9S6A2856_2611_839_1919_2466.jpg,0.63515294,0.180209,0.18463805
khanhha_noisy2::Rissbilder_for_Florian_9S6A2856_3030_1197_2337_2140.jpg,0.72398293,0.09290482,0.18311223
khanhha_noisy2::Rissbilder_for_Florian_9S6A2856_3095_641_2548_2416.jpg,0.7573089,0.08390267,0.15878841
khanhha_noisy2::Rissbilder_for_Florian_9S6A2862_13_1221_3798_4291.jpg,0.46064216,0.24210985,0.29724792
khanhha_noisy2::Rissbilder_for_Florian_9S6A2862_16_760_3062_2984.jpg,0.41466212,0.20069107,0.38464686
khanhha_noisy2::Rissbilder_for_Florian_9S6A2862_54_2006_3577_3513.jpg,0.5062629,0.1949392,0.29879788
khanhha_noisy2::Rissbilder_for_Florian_9S6A2862_550_1911_3038_3042.jpg,0.5532768,0.17755073,0.26917255
khanhha_noisy2::Rissbilder_for_Florian_9S6A2863_312_1094_3025_3361.jpg,0.65748614,0.12416066,0.21835321
khanhha_noisy2::Rissbilder_for_Florian_9S6A2863_423_3163_2502_2009.jpg,0.49772048,0.23765552,0.26462403
khanhha_noisy2::Rissbilder_for_Florian_9S6A2867_114_180_3373_2642.jpg,0.35282958,0.5347829,0.1123875
khanhha_noisy2::Rissbilder_for_Florian_9S6A2867_249_168_3377_3485.jpg,0.49751782,0.3933229,0.10915932
khanhha_noisy2::Rissbilder_for_Florian_9S6A2867_26_155_3813_3142.jpg,0.29257083,0.6469052,0.060523946
khanhha_noisy2::Rissbilder_for_Florian_9S6A2867_515_377_2926_3568.jpg,0.32214049,0.5920997,0.08575982
khanhha_noisy2::Rissbilder_for_Florian_9S6A2867_657_766_2790_3388.jpg,0.45279002,0.43566993,0.11154006
khanhha_noisy2::Rissbilder_for_Florian_9S6A2873_0_0_5760_3840.jpg,0.30233872,0.3696331,0.32802823
khanhha_noisy2::Rissbilder_for_Florian_9S6A2873_244_84_4072_3620.jpg,0.21953611,0.29517162,0.4852923
khanhha_noisy2::Rissbilder_for_Florian_9S6A2873_904_515_2792_2550.jpg,0.24533372,0.31084308,0.4438232
khanhha_noisy2::Rissbilder_for_Florian_9S6A2873_905_438_3442_2738.jpg,0.2684018,0.30998293,0.4216153
khanhha_noisy2::Rissbilder_for_Florian_9S6A2873_930_236_3379_3204.jpg,0.280675,0.25538918,0.46393582
khanhha_noisy2::Rissbilder_for_Florian_9S6A2878_186_801_3630_3688.jpg,0.28800452,0.44806394,0.26393157
khanhha_noisy2::Rissbilder_for_Florian_9S6A2878_287_270_3223_3935.jpg,0.3514066,0.35159233,0.29700103
khanhha_noisy2::Rissbilder_for_Florian_9S6A2878_29_861_3713_4568.jpg,0.415322,0.39964285,0.1850352
khanhha_noisy2::Rissbilder_for_Florian_9S6A2878_373_2066_2452_3245.jpg,0.38381776,0.46295154,0.15323077
khanhha_noisy2::Rissbilder_for_Florian_9S6A2878_67_878_2624_2752.jpg,0.35553113,0.33145833,0.31301057
khanhha_noisy2::Rissbilder_for_Florian_9S6A2878_861_28_2800_2885.jpg,0.34141445,0.277942,0.38064352
khanhha_noisy2::Rissbilder_for_Florian_9S6A2890_0_0_3840_5760.jpg,0.4251454,0.2756693,0.2991853
khanhha_noisy2::Rissbilder_for_Florian_9S6A2890_1213_1864_1830_2425.jpg,0.43806008,0.4105014,0.1514385
khanhha_noisy2::Rissbilder_for_Florian_9S6A2894_2035_188_3164_3103.jpg,0.14299221,0.554133,0.30287477
khanhha_noisy2::Rissbilder_for_Florian_9S6A2894_2274_588_3314_3190.jpg,0.058333788,0.65130067,0.29036552
khanhha_noisy2::Rissbilder_for_Florian_9S6A2904_447_893_3086_3169.jpg,0.24940047,0.5093637,0.24123582
khanhha_noisy2::Rissbilder_for_Florian_9S6A2904_78_719_3211_3093.jpg,0.23085555,0.5425188,0.22662568
khanhha_noisy2::Rissbilder_for_Florian_9S6A2904_86_208_2615_2808.jpg,0.19907317,0.6648996,0.13602723
khanhha_noisy2::Rissbilder_for_Florian_9S6A2905_1082_994_2878_2819.jpg,0.4995573,0.25677142,0.24367134
khanhha_noisy2::Rissbilder_for_Florian_9S6A2905_153_412_3269_2899.jpg,0.37853137,0.37893867,0.24252991
khanhha_noisy2::Rissbilder_for_Florian_9S6A2905_2363_42_2827_2612.jpg,0.22635902,0.5734365,0.20020443
khanhha_noisy2::Rissbilder_for_Florian_9S6A2905_795_159_2896_2675.jpg,0.32168618,0.5182484,0.16006544
khanhha_noisy2::Rissbilder_for_Florian_9S6A2905_928_88_4020_3658.jpg,0.46672142,0.17836012,0.35491845
khanhha_noisy2::Rissbilder_for_Florian_9S6A2912_0_0_3840_5760.jpg,0.066041045,0.86314857,0.070810415
khanhha_noisy2::Rissbilder_for_Florian_9S6A2912_255_1175_3429_3203.jpg,0.4507634,0.41093802,0.13829854
khanhha_noisy2::Rissbilder_for_Florian_9S6A2912_85_369_3711_3429.jpg,0.52886194,0.30158272,0.16955535
khanhha_noisy2::Rissbilder_for_Florian_9S6A2913_20_297_2640_2502.jpg,0.24941607,0.6128787,0.13770522
khanhha_noisy2::Rissbilder_for_Florian_9S6A2913_320_3010_3339_2578.jpg,0.5869027,0.2105744,0.20252287
khanhha_noisy2::Rissbilder_for_Florian_9S6A2913_321_16_3485_4543.jpg,0.34275678,0.48965305,0.16759008
khanhha_noisy2::Rissbilder_for_Florian_9S6A2923_1668_185_3721_3137.jpg,0.50772977,0.40410677,0.08816349
khanhha_noisy2::Rissbilder_for_Florian_9S6A2923_49_326_3736_3442.jpg,0.10002827,0.8774583,0.022513522
khanhha_noisy2::Rissbilder_for_Florian_9S6A2923_875_539_3052_2796.jpg,0.534967,0.34109646,0.12393656
khanhha_noisy2::Rissbilder_for_Florian_9S6A3088_370_2375_2620_2464.jpg,0.41144392,0.43408656,0.15446955
khanhha_noisy2::Rissbilder_for_Florian_9S6A3098_1300_3220_2283_2309.jpg,0.16073191,0.7320628,0.107205346
khanhha_noisy2::Rissbilder_for_Florian_9S6A3098_64_1239_3474_2730.jpg,0.13214695,0.8082866,0.059566446
khanhha_noisy2::Rissbilder_for_Florian_9S6A3098_88_800_3751_4641.jpg,0.15144856,0.76326436,0.08528702
khanhha_noisy2::Rissbilder_for_Florian_9S6A3101_1262_2535_2488_2185.jpg,0.5568893,0.23184806,0.21126267
khanhha_noisy2::Rissbilder_for_Florian_9S6A3101_148_599_2929_2917.jpg,0.38248897,0.44937846,0.16813256
khanhha_noisy2::Rissbilder_for_Florian_9S6A3101_487_946_2726_3042.jpg,0.5436919,0.24050948,0.21579869
khanhha_noisy2::Rissbilder_for_Florian_9S6A3106_108_1927_3275_2664.jpg,0.2406509,0.5096927,0.24965638
khanhha_noisy2::Rissbilder_for_Florian_9S6A3106_228_1483_2823_2920.jpg,0.3860465,0.2879971,0.32595646
khanhha_noisy2::Rissbilder_for_Florian_9S6A3106_310_2925_3257_2813.jpg,0.22360118,0.57439137,0.20200749
khanhha_noisy2::Rissbilder_for_Florian_9S6A3106_333_1784_3162_3278.jpg,0.29163763,0.4674736,0.24088882
khanhha_noisy2::Rissbilder_for_Florian_9S6A3106_521_315_3058_2943.jpg,0.24945213,0.504896,0.24565187
khanhha_noisy2::Rissbilder_for_Florian_9S6A3106_85_2598_2058_2287.jpg,0.2786133,0.51295906,0.20842765
khanhha_noisy2::Rissbilder_for_Florian_9S6A3106_9_406_3814_4267.jpg,0.36730835,0.3628995,0.26979214
khanhha_noisy2::Rissbilder_for_Florian_9S6A3108_130_372_2601_2517.jpg,0.23095168,0.050044,0.7190043
khanhha_noisy2::Rissbilder_for_Florian_9S6A3108_134_412_3328_4228.jpg,0.51347643,0.08536311,0.40116042
khanhha_noisy2::Rissbilder_for_Florian_9S6A3108_160_1043_3170_3960.jpg,0.42301124,0.04767086,0.5293179
khanhha_noisy2::Rissbilder_for_Florian_9S6A3108_365_3231_2323_2320.jpg,0.3872691,0.030289745,0.5824412
khanhha_noisy2::Rissbilder_for_Florian_9S6A3108_43_1162_3415_3672.jpg,0.3853002,0.05044095,0.5642589
khanhha_noisy2::Rissbilder_for_Florian_9S6A3108_651_10_2896_3045.jpg,0.1691802,0.057398655,0.77342117
khanhha_noisy2::Rissbilder_for_Florian_9S6A3112_1296_2688_2055_2721.jpg,0.45343503,0.18175986,0.364805
khanhha_noisy2::Rissbilder_for_Florian_9S6A3112_1349_1614_2446_2337.jpg,0.32386675,0.22073838,0.45539483
khanhha_noisy2::Rissbilder_for_Florian_9S6A3117_0_0_3840_5760.jpg,0.6187326,0.090327226,0.29094023
khanhha_noisy2::Rissbilder_for_Florian_9S6A3117_155_109_3546_2785.jpg,0.43430287,0.067903884,0.4977932
khanhha_noisy2::Rissbilder_for_Florian_9S6A3117_911_680_2749_2883.jpg,0.35394594,0.06906902,0.57698506
khanhha_noisy2::Rissbilder_for_Florian_9S6A3121_1095_2665_2007_2602.jpg,0.28949943,0.13916127,0.5713393
khanhha_noisy2::Rissbilder_for_Florian_9S6A3121_224_1466_3238_3220.jpg,0.3086614,0.18750173,0.50383687
khanhha_noisy2::Rissbilder_for_Florian_9S6A3121_408_826_2841_3663.jpg,0.31183916,0.24302389,0.44513696
khanhha_noisy2::Rissbilder_for_Florian_9S6A3133_207_186_4184_3281.jpg,0.38882217,0.04881089,0.5623669
khanhha_noisy2::Rissbilder_for_Florian_9S6A3138_115_569_2228_2606.jpg,0.27157524,0.36289692,0.3655279
khanhha_noisy2::Sylvie_Chambon_069.jpg,0.3139159,0.4907686,0.19531555
khanhha_noisy2::Volker_DSC01629_412_54_1933_1766.jpg,0.44350463,0.2996095,0.2568858
khanhha_noisy2::Volker_DSC01630_176_437_1360_1040.jpg,0.23561281,0.29409054,0.47029665
khanhha_noisy2::Volker_DSC01630_374_343_1233_1342.jpg,0.39650533,0.24211745,0.36137727
khanhha_noisy2::Volker_DSC01631_2_30_1821_2154.jpg,0.6348782,0.22647028,0.13865148
khanhha_noisy2::Volker_DSC01642_220_63_1843_1585.jpg,0.23232943,0.28374338,0.48392713
khanhha_noisy2::Volker_DSC01648_211_212_1177_955.jpg,0.12182296,0.42747644,0.45070064
khanhha_noisy2::Volker_DSC01661_0_0_1824_2736.jpg,0.3779428,0.14008366,0.48197356
khanhha_noisy2::Volker_DSC01661_290_595_1071_1180.jpg,0.35324314,0.33708167,0.30967522
khanhha_noisy2::Volker_DSC01661_400_1545_1179_1103.jpg,0.46082917,0.22020346,0.3189674
khanhha_noisy2::Volker_DSC01667_0_0_1824_2736.jpg,0.32080674,0.22854294,0.45065033
khanhha_noisy2::Volker_DSC01667_106_338_1708_2132.jpg,0.27764615,0.1783599,0.54399395
khanhha_noisy2::Volker_DSC01670_3_833_1821_1836.jpg,0.5450821,0.09723715,0.35768083
khanhha_noisy2::Volker_DSC01670_678_871_1022_989.jpg,0.46633244,0.22712307,0.30654448
khanhha_noisy2::Volker_DSC01678_0_0_1824_2736.jpg,0.44073656,0.37782404,0.1814394
khanhha_noisy2::Volker_DSC01678_14_998_1278_1270.jpg,0.63684505,0.16994208,0.19321284
khanhha_noisy2::Volker_DSC01678_282_907_1086_1149.jpg,0.7000448,0.06295871,0.23699647
khanhha_noisy2::Volker_DSC01686_297_570_1208_1271.jpg,0.46495417,0.25738227,0.27766365
khanhha_noisy2::Volker_DSC01690_763_1051_1043_1097.jpg,0.47964954,0.14552653,0.3748239
khanhha_noisy2::Volker_DSC01691_35_741_1602_1808.jpg,0.51424223,0.30220383,0.18355395
khanhha_noisy2::Volker_DSC01691_6_526_1388_1598.jpg,0.26667756,0.45641425,0.27690825
khanhha_noisy2::Volker_DSC01701_103_539_1579_1680.jpg,0.53146714,0.21690233,0.2516305
khanhha_noisy2::cracktree200_6258.jpg,0.4460616,0.33240706,0.2215313
khanhha_noisy2::cracktree200_6266.jpg,0.6120118,0.16532496,0.22266325
khanhha_noisy2::cracktree200_6278.jpg,0.6112216,0.1639337,0.22484468
khanhha_noisy2::cracktree200_6297.jpg,0.71569973,0.15162915,0.1326711
khanhha_noisy2::cracktree200_6298.jpg,0.16054122,0.7275612,0.1118976
khanhha_noisy2::cracktree200_6710.jpg,0.36700037,0.3299575,0.30304223
khanhha_noisy2::forest_018.jpg,0.3192528,0.36192268,0.31882456
khanhha_noisy2::forest_054.jpg,0.4005983,0.17430893,0.42509276
khanhha_noisy2::forest_117.jpg,0.41510692,0.30289125,0.28200182
khanhha_noisy2::noncrack_noncrack_concrete_wall_102_5.jpg.jpg,0.0207748,0.82789105,0.1513341
khanhha_noisy2::noncrack_noncrack_concrete_wall_15_5.jpg.jpg,0.1451716,0.62227005,0.23255835
khanhha_noisy2::noncrack_noncrack_concrete_wall_15_7.jpg.jpg,0.21418831,0.570109,0.21570262
khanhha_noisy2::noncrack_noncrack_concrete_wall_20_1.jpg.jpg,0.156776,0.7713575,0.071866594
khanhha_noisy2::noncrack_noncrack_concrete_wall_20_15.jpg.jpg,0.17542136,0.74246824,0.08211039
khanhha_noisy2::noncrack_noncrack_concrete_wall_20_32.jpg.jpg,0.13669904,0.7846491,0.07865187
khanhha_noisy2::noncrack_noncrack_concrete_wall_20_52.jpg.jpg,0.123213515,0.8052945,0.07149196
khanhha_noisy2::noncrack_noncrack_concrete_wall_20_54.jpg.jpg,0.088664055,0.8377374,0.07359853
khanhha_noisy2::noncrack_noncrack_concrete_wall_20_59.jpg.jpg,0.11039811,0.82574624,0.063855626
khanhha_noisy2::noncrack_noncrack_concrete_wall_20_62.jpg.jpg,0.116075,0.80888855,0.07503645
khanhha_noisy2::noncrack_noncrack_concrete_wall_20_68.jpg.jpg,0.10726934,0.8304498,0.062280815
khanhha_noisy2::noncrack_noncrack_concrete_wall_20_70.jpg.jpg,0.1270922,0.8085853,0.06432249
khanhha_noisy2::noncrack_noncrack_concrete_wall_35_4.jpg.jpg,0.013100501,0.91281366,0.07408583
khanhha_noisy2::noncrack_noncrack_concrete_wall_3_2.jpg.jpg,0.012366795,0.8866445,0.10098879
khanhha_noisy2::noncrack_noncrack_concrete_wall_44_0.jpg.jpg,0.057491396,0.7687871,0.1737216
khanhha_noisy2::noncrack_noncrack_concrete_wall_44_4.jpg.jpg,0.084950835,0.75482726,0.16022193
khanhha_noisy2::noncrack_noncrack_concrete_wall_46_8.jpg.jpg,0.007841905,0.98110604,0.011052125
khanhha_noisy2::noncrack_noncrack_concrete_wall_48_0.jpg.jpg,0.20626156,0.6973885,0.096349835
khanhha_noisy2::noncrack_noncrack_concrete_wall_48_1.jpg.jpg,0.2071271,0.7023417,0.09053129
khanhha_noisy2::noncrack_noncrack_concrete_wall_48_5.jpg.jpg,0.1950146,0.7195813,0.08540415
khanhha_noisy2::noncrack_noncrack_concrete_wall_59_0.jpg.jpg,0.003163956,0.96083045,0.036005653
khanhha_noisy2::noncrack_noncrack_concrete_wall_59_3.jpg.jpg,0.0033755994,0.9677336,0.028890815
khanhha_noisy2::noncrack_noncrack_concrete_wall_65_0.jpg.jpg,0.0438788,0.78095347,0.17516771
khanhha_noisy2::noncrack_noncrack_concrete_wall_65_10.jpg.jpg,0.016556518,0.8971119,0.08633156
khanhha_noisy2::noncrack_noncrack_concrete_wall_68_0.jpg.jpg,0.030446038,0.7569981,0.21255587
khanhha_noisy2::noncrack_noncrack_concrete_wall_68_1.jpg.jpg,0.03465378,0.81565523,0.14969091
khanhha_noisy2::noncrack_noncrack_concrete_wall_74_10.jpg.jpg,0.13768089,0.7228332,0.13948597
khanhha_noisy2::noncrack_noncrack_concrete_wall_82_14.jpg.jpg,0.010130827,0.86112446,0.12874469
khanhha_noisy2::noncrack_noncrack_concrete_wall_82_23.jpg.jpg,0.010971781,0.8895779,0.09945018
khanhha_noisy2::noncrack_noncrack_concrete_wall_82_24.jpg.jpg,0.006920602,0.91156507,0.08151434
khanhha_noisy2::noncrack_noncrack_concrete_wall_82_27.jpg.jpg,0.011219614,0.85369384,0.13508655
khanhha_noisy2::noncrack_noncrack_concrete_wall_82_32.jpg.jpg,0.0086529385,0.8673326,0.12401453
khanhha_noisy2::noncrack_noncrack_concrete_wall_82_4.jpg.jpg,0.0066502355,0.9376623,0.0556875
khanhha_noisy2::noncrack_noncrack_concrete_wall_82_5.jpg.jpg,0.0058089294,0.954064,0.04012708
khanhha_noisy2::noncrack_noncrack_concrete_wall_86_1.jpg.jpg,0.0343884,0.8824036,0.083207905
khanhha_noisy2::noncrack_noncrack_concrete_wall_86_2.jpg.jpg,0.03351268,0.9217632,0.04472418
khanhha_noisy2::noncrack_noncrack_concrete_wall_93_5.jpg.jpg,0.05414943,0.81125915,0.13459142
khanhha_noisy2::noncrack_noncrack_concrete_wall_96_1.jpg.jpg,0.08019273,0.6857039,0.23410329
khanhha_noisy2::noncrack_noncrack_concrete_wall_96_12.jpg.jpg,0.03620063,0.8286517,0.13514769
khanhha_noisy2::noncrack_noncrack_concrete_wall_96_2.jpg.jpg,0.08107141,0.6917041,0.2272245
khanhha_noisy2::noncrack_noncrack_concrete_wall_96_27.jpg.jpg,0.046424188,0.8465203,0.10705561
road420::2023_10_30_15_44_IMG_5889.jpg,0.24872914,0.5653921,0.18587881
road420::2023_10_30_15_48_IMG_5896.jpg,0.42962474,0.06615036,0.5042249
road420::2023_10_30_15_53_IMG_5914.jpg,0.2569754,0.49045414,0.25257045
road420::2023_10_30_15_55_IMG_5917.jpg,0.52668846,0.30193987,0.17137161
road420::2023_10_30_15_57_IMG_5922.jpg,0.105269425,0.25606325,0.63866735
road420::2023_10_30_16_17_IMG_5942.jpg,0.36861518,0.09979447,0.53159034
road420::2023_10_30_16_17_IMG_5944.jpg,0.46143577,0.1604002,0.37816408
road420::2023_10_30_16_21_IMG_5960.jpg,0.28830072,0.25195915,0.4597401
road420::2023_10_30_16_22_IMG_5963.jpg,0.50230986,0.08019062,0.4174995
road420::2023_10_30_16_30_IMG_5989.jpg,0.44160903,0.14590143,0.41248956
road420::2023_10_30_16_31_IMG_5992.jpg,0.50410575,0.06629336,0.42960095
road420::2023_10_30_16_32_IMG_5995.jpg,0.1310579,0.049105495,0.81983656
road420::2023_10_30_16_40_IMG_6019.jpg,0.37971476,0.13050461,0.48978063
road420::2023_10_30_16_41_IMG_6022.jpg,0.21142827,0.049959756,0.73861194
road420::2023_10_30_16_41_IMG_6024.jpg,0.40233535,0.04300072,0.55466396
road420::2023_10_30_16_43_IMG_6031.jpg,0.12325012,0.11868687,0.75806296
road420::2023_10_30_16_46_IMG_6039.jpg,0.54160404,0.27664444,0.18175152
road420::2023_10_30_16_48_IMG_6051.jpg,0.41116574,0.07728943,0.5115448
road420::2023_10_30_16_49_IMG_6052.jpg,0.5692932,0.07745986,0.35324693
road420::2023_10_30_16_49_IMG_6054.jpg,0.43568692,0.15915264,0.40516046
road420::2023_10_30_16_57_IMG_6077.jpg,0.32664713,0.04226009,0.6310928
road420::2023_10_30_16_59_IMG_6092.jpg,0.45343733,0.089586884,0.45697582
road420::2023_10_30_17_00_IMG_6098.jpg,0.4449377,0.1044061,0.45065618
road420::2023_10_30_17_00_IMG_6099.jpg,0.6349192,0.08407736,0.28100345
road420::2023_10_30_17_02_IMG_6110.jpg,0.35645327,0.2267526,0.41679418
road420::2023_10_30_17_02_IMG_6113.jpg,0.3722617,0.17408006,0.45365828
road420::2023_10_30_17_03_IMG_6118.jpg,0.4012904,0.16339463,0.43531495
road420::2023_10_30_17_06_IMG_6135.jpg,0.31321695,0.10943937,0.57734364
road420::2023_10_30_17_06_IMG_6136.jpg,0.5853565,0.14603327,0.26861027
road420::2023_10_30_17_22_IMG_6149.jpg,0.32599032,0.10599811,0.5680116
road420::2023_10_30_17_27_IMG_6156.jpg,0.4839965,0.115213245,0.4007903
road420::2023_10_30_17_28_IMG_6158.jpg,0.27083412,0.063695356,0.6654705
road420::2023_10_30_17_28_IMG_6159.jpg,0.30292562,0.03150311,0.66557133
road420::2023_10_30_17_28_IMG_6160.jpg,0.33535904,0.03953671,0.62510425
road420::2023_10_30_17_30_IMG_6165.jpg,0.15238757,0.18788338,0.65972906
road420::2023_10_30_17_31_IMG_6171.jpg,0.17343414,0.050978594,0.7755873
road420::2023_10_30_17_33_IMG_6180.jpg,0.13277432,0.12917276,0.73805296
road420::2023_10_30_17_35_IMG_6186.jpg,0.15523082,0.03976866,0.80500054
road420::2023_10_30_17_36_IMG_6193.jpg,0.32944462,0.13689469,0.5336607
road420::2023_10_31_13_39_IMG_6213.jpg,0.39277166,0.118424304,0.48880413
road420::2023_10_31_13_46_IMG_6220.jpg,0.5650105,0.37444693,0.060542528
road420::2023_10_31_13_58_IMG_6229.jpg,0.33844975,0.12896428,0.532586
road420::2023_10_31_14_10_IMG_6235.jpg,0.32868502,0.25821456,0.41310042
road420::2023_10_31_14_14_IMG_6236.jpg,0.43774176,0.30494875,0.25730956
road420::2023_10_31_14_26_IMG_6249.jpg,0.71079314,0.0956065,0.19360031
road420::2023_10_31_14_27_IMG_6254.jpg,0.7056675,0.10823338,0.18609914
road420::2023_10_31_14_31_IMG_6268.jpg,0.35444257,0.18507537,0.460482
road420::2023_10_31_14_37_IMG_6278.jpg,0.26710397,0.055868886,0.67702717
road420::2023_10_31_14_38_IMG_6279.jpg,0.6768679,0.0758269,0.24730527
road420::2023_10_31_14_42_IMG_6286.jpg,0.6876962,0.032032736,0.28027108
road420::2023_11_01_20_31_IMG_6350.jpg,0.7487575,0.026521275,0.22472122
road420::2023_11_01_20_36_IMG_6357.jpg,0.48574588,0.10541788,0.4088363
road420::2023_11_01_20_39_IMG_6363.jpg,0.33523887,0.20201766,0.46274346
road420::2023_11_01_20_43_IMG_6370.jpg,0.14698642,0.3675035,0.48551008
road420::2023_11_01_20_48_IMG_6375.jpg,0.4614811,0.06363066,0.47488824
road420::2023_11_01_20_49_IMG_6377.jpg,0.7979057,0.004363876,0.19773039
road420::2023_11_05_21_01_IMG_6443.jpg,0.46948212,0.2966883,0.23382963
road420::2023_11_05_21_03_IMG_6446.jpg,0.460827,0.21158859,0.3275844
road420::2023_11_05_21_03_IMG_6447.jpg,0.7963788,0.07158794,0.13203333
road420::2023_11_05_21_09_IMG_6459.jpg,0.30493024,0.012207788,0.6828619
road420::2023_11_05_21_13_IMG_6461.jpg,0.2573462,0.036866166,0.70578766
road420::2023_11_05_21_16_IMG_6467.jpg,0.21517235,0.07268047,0.7121472
road420::2023_11_05_21_22_IMG_6476.jpg,0.47003925,0.066083156,0.46387756
road420::2023_11_05_21_23_IMG_6478.jpg,0.16584475,0.077806726,0.7563485
road420::2023_11_05_21_24_IMG_6482.jpg,0.25543484,0.08527711,0.65928805
road420::2023_11_05_21_26_IMG_6487.jpg,0.15050152,0.21954857,0.6299499
road420::2023_11_05_21_26_IMG_6488.jpg,0.15595898,0.08275973,0.7612813
road420::2023_11_05_21_28_IMG_6494.jpg,0.80662036,0.036045868,0.1573338
road420::2023_11_05_21_31_IMG_6502.jpg,0.13562275,0.041734077,0.82264316
road420::2023_11_05_21_31_IMG_6503.jpg,0.22391453,0.10262111,0.67346436
road420::2023_11_05_21_37_IMG_6514.jpg,0.6342302,0.033521894,0.33224794
road420::2023_11_05_21_39_IMG_6517.jpg,0.51309687,0.356208,0.13069515
road420::2023_11_05_21_40_IMG_6522.jpg,0.14933772,0.37377307,0.4768892
road420::2023_11_05_21_44_IMG_6531.jpg,0.43555114,0.08944388,0.47500494
facade390::DJ_Wall_10.JPG,0.3675821,0.09616517,0.53625274
facade390::DJ_Wall_101.JPG,0.57198036,0.26494387,0.16307572
facade390::DJ_Wall_102.JPG,0.4451589,0.11884038,0.4360008
facade390::DJ_Wall_103.JPG,0.65099514,0.22686033,0.12214454
facade390::DJ_Wall_107.JPG,0.6093972,0.08619609,0.30440673
facade390::DJ_Wall_112.JPG,0.5254459,0.19464132,0.2799128
facade390::DJ_Wall_118.JPG,0.28703535,0.19397697,0.51898766
facade390::DJ_Wall_119.JPG,0.23427749,0.19685926,0.5688632
facade390::DJ_Wall_121.JPG,0.52706945,0.19492933,0.27800122
facade390::DJ_Wall_133.JPG,0.774696,0.036445666,0.18885837
facade390::DJ_Wall_137.JPG,0.56264305,0.13940845,0.29794857
facade390::DJ_Wall_148.JPG,0.72274625,0.079343595,0.19791019
facade390::DJ_Wall_15.JPG,0.24040684,0.40136304,0.35823008
facade390::DJ_Wall_150.JPG,0.52269363,0.28113982,0.19616655
facade390::DJ_Wall_151.JPG,0.5146362,0.3800404,0.1053234
facade390::DJ_Wall_166.JPG,0.76457906,0.0959766,0.13944437
facade390::DJ_Wall_167.JPG,0.873253,0.047674853,0.07907218
facade390::DJ_Wall_174.JPG,0.7075811,0.12006976,0.17234914
facade390::DJ_Wall_176.JPG,0.7753029,0.089149095,0.13554807
facade390::DJ_Wall_179.JPG,0.91191244,0.013609177,0.07447834
facade390::DJ_Wall_18.JPG,0.13044539,0.33112764,0.538427
facade390::DJ_Wall_183.JPG,0.8135272,0.022869298,0.16360345
facade390::DJ_Wall_188.JPG,0.749615,0.06685078,0.18353422
facade390::DJ_Wall_19.JPG,0.052752532,0.91210204,0.03514544
facade390::DJ_Wall_191.JPG,0.8617004,0.026318323,0.111981295
facade390::DJ_Wall_199.JPG,0.4788279,0.15387087,0.36730126
facade390::DJ_Wall_200.JPG,0.28049296,0.3056001,0.41390693
facade390::DJ_Wall_201.JPG,0.4451841,0.15789688,0.39691895
facade390::DJ_Wall_213.JPG,0.4517221,0.025802026,0.5224759
facade390::DJ_Wall_22.JPG,0.47583687,0.21057038,0.31359276
facade390::DJ_Wall_220.JPG,0.5311458,0.044097885,0.42475635
facade390::DJ_Wall_222.JPG,0.30536267,0.014288354,0.680349
facade390::DJ_Wall_223.JPG,0.18687046,0.015214474,0.79791504
facade390::DJ_Wall_227.JPG,0.20570752,0.07380331,0.7204892
facade390::DJ_Wall_230.JPG,0.39327547,0.08423893,0.5224856
facade390::DJ_Wall_24.JPG,0.38990098,0.08313031,0.5269687
facade390::DJ_Wall_241.JPG,0.3967717,0.030302363,0.572926
facade390::DJ_Wall_243.JPG,0.37666392,0.038299624,0.58503646
facade390::DJ_Wall_246.JPG,0.4247903,0.025934353,0.54927534
facade390::DJ_Wall_247.JPG,0.13203724,0.0203644,0.8475984
facade390::DJ_Wall_255.JPG,0.23680368,0.039481193,0.7237151
facade390::DJ_Wall_263.JPG,0.13714695,0.026966289,0.8358867
facade390::DJ_Wall_268.JPG,0.44665805,0.026268754,0.5270732
facade390::DJ_Wall_27.JPG,0.21593128,0.46028236,0.32378635
facade390::DJ_Wall_275.JPG,0.73174495,0.09766272,0.17059231
facade390::DJ_Wall_279.JPG,0.48332885,0.07057507,0.44609606
facade390::DJ_Wall_281.JPG,0.59428495,0.12929976,0.27641526
facade390::DJ_Wall_282.JPG,0.54319394,0.14506508,0.31174096
facade390::DJ_Wall_289.JPG,0.31033504,0.08990306,0.5997619
facade390::DJ_Wall_292.JPG,0.2990815,0.096687876,0.60423064
facade390::DJ_Wall_299.JPG,0.6536323,0.07646313,0.2699046
facade390::DJ_Wall_304.JPG,0.5256438,0.17381902,0.30053717
facade390::DJ_Wall_310.JPG,0.3515889,0.25269452,0.39571652
facade390::DJ_Wall_313.JPG,0.10809477,0.08820801,0.8036973
facade390::DJ_Wall_318.JPG,0.34668943,0.14884943,0.50446117
facade390::DJ_Wall_322.JPG,0.22937588,0.22605452,0.5445696
facade390::DJ_Wall_328.JPG,0.26700613,0.35642493,0.37656897
facade390::DJ_Wall_329.JPG,0.32293293,0.09006263,0.5870044
facade390::DJ_Wall_337.JPG,0.30772316,0.17866248,0.51361436
facade390::DJ_Wall_34.JPG,0.1784507,0.66931146,0.15223785
facade390::DJ_Wall_341.JPG,0.48939848,0.24435294,0.26624855
facade390::DJ_Wall_349.JPG,0.08584456,0.18197595,0.73217946
facade390::DJ_Wall_352.JPG,0.19447522,0.6468557,0.15866907
facade390::DJ_Wall_354.JPG,0.20402327,0.40214854,0.39382824
facade390::DJ_Wall_356.JPG,0.37032866,0.2534541,0.3762172
facade390::DJ_Wall_36.JPG,0.7151842,0.05350861,0.23130724
facade390::DJ_Wall_361.JPG,0.100898035,0.5170525,0.38204944
facade390::DJ_Wall_362.JPG,0.18370615,0.49850792,0.3177859
facade390::DJ_Wall_371.JPG,0.34012416,0.36717874,0.2926971
facade390::DJ_Wall_379.JPG,0.16880251,0.6896052,0.14159226
facade390::DJ_Wall_383.JPG,0.47982007,0.21491078,0.3052692
facade390::DJ_Wall_4.JPG,0.047165714,0.83767617,0.115158096
facade390::DJ_Wall_51.JPG,0.44125858,0.26023248,0.29850888
facade390::DJ_Wall_52.JPG,0.17691709,0.08662911,0.73645383
facade390::DJ_Wall_70.JPG,0.3404817,0.133362,0.5261563
facade390::DJ_Wall_73.JPG,0.54571134,0.051331524,0.4029571
facade390::DJ_Wall_76.JPG,0.29305136,0.114684746,0.5922639
facade390::DJ_Wall_79.JPG,0.15471223,0.59425896,0.25102884
facade390::DJ_Wall_81.JPG,0.10125213,0.17251801,0.72622985
facade390::DJ_Wall_93.JPG,0.4181492,0.16762365,0.41422722
concrete3k::011_5.jpg,0.64192146,0.107084155,0.2509944
concrete3k::017_0.jpg,0.357893,0.08575759,0.55634946
concrete3k::017_20.jpg,0.18878375,0.06777736,0.7434389
concrete3k::017_24.jpg,0.4239767,0.08361468,0.49240872
concrete3k::017_28.jpg,0.30001217,0.06338904,0.63659877
concrete3k::017_36.jpg,0.38704777,0.11200426,0.50094795
concrete3k::017_44.jpg,0.30632222,0.23078145,0.46289626
concrete3k::017_8.jpg,0.20116112,0.15893933,0.63989955
concrete3k::021_13.jpg,0.3108102,0.17261128,0.5165785
concrete3k::021_29.jpg,0.5758251,0.21863666,0.20553826
concrete3k::021_37.jpg,0.4171165,0.23035796,0.3525255
concrete3k::021_38.jpg,0.32431465,0.16851653,0.5071688
concrete3k::021_4.jpg,0.47340837,0.18465306,0.34193856
concrete3k::021_46.jpg,0.6020883,0.17223306,0.2256787
concrete3k::030_17.jpg,0.5102226,0.14302431,0.34675306
concrete3k::030_21.jpg,0.29464868,0.13459581,0.57075554
concrete3k::030_26.jpg,0.4832825,0.14893164,0.3677858
concrete3k::030_29.jpg,0.6960363,0.12804158,0.17592214
concrete3k::030_30.jpg,0.5805779,0.13209614,0.2873259
concrete3k::031_18.jpg,0.56118137,0.10286801,0.3359506
concrete3k::031_19.jpg,0.3396346,0.053262793,0.6071026
concrete3k::031_26.jpg,0.5719731,0.13297606,0.29505083
concrete3k::031_27.jpg,0.47487828,0.22400914,0.3011126
concrete3k::031_28.jpg,0.43899027,0.13196735,0.42904237
concrete3k::031_29.jpg,0.5199374,0.12362833,0.35643426
concrete3k::031_31.jpg,0.5182924,0.06118101,0.42052656
concrete3k::034_10.jpg,0.46693695,0.31492472,0.21813832
concrete3k::034_11.jpg,0.4976413,0.24672322,0.25563556
concrete3k::034_19.jpg,0.41852045,0.27100667,0.31047288
concrete3k::034_2.jpg,0.42426705,0.26881683,0.30691612
concrete3k::034_28.jpg,0.41893077,0.31822538,0.26284382
concrete3k::034_37.jpg,0.37239856,0.38217488,0.24542654
concrete3k::034_45.jpg,0.53154826,0.25772178,0.2107299
concrete3k::034_46.jpg,0.5183064,0.24903245,0.2326612
concrete3k::042_17.jpg,0.49730906,0.30758363,0.19510734
concrete3k::042_28.jpg,0.5131215,0.21405055,0.27282792
concrete3k::042_37.jpg,0.47094268,0.35414627,0.1749111
concrete3k::046_10.jpg,0.5193514,0.24607782,0.23457073
concrete3k::046_11.jpg,0.16190585,0.6236287,0.21446542
concrete3k::046_27.jpg,0.57198066,0.19295526,0.23506407
concrete3k::046_29.jpg,0.44395706,0.22678788,0.3292551
concrete3k::046_3.jpg,0.29426193,0.11226686,0.59347117
concrete3k::046_35.jpg,0.4950192,0.084607355,0.4203735
concrete3k::046_39.jpg,0.3743006,0.38124335,0.24445605
concrete3k::046_43.jpg,0.2241106,0.1901991,0.5856903
concrete3k::046_44.jpg,0.20265469,0.0977818,0.6995635
concrete3k::046_8.jpg,0.5634912,0.2861247,0.1503841
concrete3k::046_9.jpg,0.25392675,0.61615956,0.12991373
concrete3k::049_18.jpg,0.5481733,0.3043287,0.14749795
concrete3k::049_19.jpg,0.1491027,0.3139744,0.5369229
concrete3k::049_22.jpg,0.4181193,0.28583345,0.29604727
concrete3k::049_23.jpg,0.5988797,0.25418875,0.14693157
concrete3k::049_26.jpg,0.14882997,0.5581747,0.29299533
concrete3k::049_27.jpg,0.31979135,0.57795256,0.10225612
concrete3k::049_28.jpg,0.29259846,0.503852,0.20354949
concrete3k::053_1.jpg,0.5847543,0.30400786,0.11123792
concrete3k::053_10.jpg,0.4850826,0.39490104,0.12001645
concrete3k::053_28.jpg,0.5092351,0.2272434,0.2635215
concrete3k::053_29.jpg,0.4909497,0.22576793,0.2832824
concrete3k::053_36.jpg,0.32026082,0.053870883,0.6258683
concrete3k::053_38.jpg,0.58553135,0.25469443,0.15977418
concrete3k::053_46.jpg,0.4532619,0.27631664,0.27042142
concrete3k::053_47.jpg,0.35602328,0.33876628,0.3052104
concrete3k::068_12.jpg,0.56189734,0.13946702,0.29863563
concrete3k::068_15.jpg,0.602129,0.09480948,0.30306157
concrete3k::068_21.jpg,0.65615827,0.14897513,0.1948666
concrete3k::068_26.jpg,0.30489573,0.47008634,0.22501796
concrete3k::068_27.jpg,0.40669578,0.12480796,0.46849623
concrete3k::068_32.jpg,0.41598743,0.35419112,0.22982143
concrete3k::068_37.jpg,0.14527722,0.044724703,0.80999804
concrete3k::068_40.jpg,0.61154,0.17820877,0.21025123
concrete3k::074_20.jpg,0.20464388,0.18334411,0.612012
concrete3k::074_21.jpg,0.5059839,0.06818095,0.42583516
concrete3k::074_22.jpg,0.5055999,0.12010491,0.37429523
concrete3k::074_23.jpg,0.63412756,0.03141441,0.3344581
concrete3k::074_33.jpg,0.6134747,0.2038257,0.18269956
concrete3k::074_35.jpg,0.3583144,0.45935264,0.18233293
concrete3k::074_40.jpg,0.2683865,0.057735123,0.6738783
concrete3k::074_42.jpg,0.4226571,0.105473936,0.4718689
concrete3k::074_43.jpg,0.4711071,0.04538089,0.4835121
concrete3k::078_17.jpg,0.3319338,0.31060272,0.35746354
concrete3k::078_19.jpg,0.39837256,0.20733097,0.39429647
concrete3k::078_20.jpg,0.23607574,0.122447,0.6414772
concrete3k::078_24.jpg,0.6703226,0.19233526,0.1373422
concrete3k::078_26.jpg,0.23323801,0.085404105,0.68135786
concrete3k::078_27.jpg,0.23650034,0.19354862,0.56995106
concrete3k::078_31.jpg,0.24648073,0.46707228,0.28644702
concrete3k::078_9.jpg,0.405652,0.25889423,0.33545378
concrete3k::089_28.jpg,0.40360537,0.26830214,0.32809246
concrete3k::089_36.jpg,0.47204703,0.19567302,0.33227995
concrete3k::089_43.jpg,0.6426494,0.086587474,0.2707632
concrete3k::089_5.jpg,0.5797867,0.059920885,0.36029235
concrete3k::093_11.jpg,0.4022614,0.22214796,0.37559065
concrete3k::093_20.jpg,0.49180427,0.15373304,0.35446268
concrete3k::093_28.jpg,0.34723467,0.17272289,0.48004243
concrete3k::093_29.jpg,0.49656156,0.15278834,0.3506501
concrete3k::093_3.jpg,0.56985456,0.14558332,0.2845621
concrete3k::093_36.jpg,0.27381468,0.22115679,0.50502855
concrete3k::093_37.jpg,0.2962288,0.36623338,0.33753783
concrete3k::093_4.jpg,0.45198235,0.17605926,0.37195837
concrete3k::093_45.jpg,0.26093504,0.4531864,0.2858786
concrete3k::096_13.jpg,0.6205978,0.22558083,0.15382136
concrete3k::096_28.jpg,0.44371697,0.3212068,0.2350762
concrete3k::096_36.jpg,0.30075055,0.28527904,0.4139704
concrete3k::097_13.jpg,0.53704256,0.19244592,0.27051154
concrete3k::097_14.jpg,0.5980279,0.1332773,0.26869482
concrete3k::097_21.jpg,0.36888868,0.39074516,0.24036612
concrete3k::097_29.jpg,0.2564225,0.573614,0.16996346
concrete3k::097_37.jpg,0.19370708,0.15672521,0.64956766
concrete3k::097_39.jpg,0.45129955,0.12455735,0.4241431
concrete3k::097_45.jpg,0.11969681,0.7394459,0.14085726
concrete3k::097_46.jpg,0.4916725,0.14622653,0.36210096
concrete3k::097_6.jpg,0.811737,0.08857141,0.09969155
concrete3k::103_10.jpg,0.5293306,0.18823399,0.2824354
concrete3k::103_17.jpg,0.4246208,0.20663795,0.3687412
concrete3k::103_19.jpg,0.43014196,0.19299453,0.37686357
concrete3k::103_31.jpg,0.53456885,0.21535675,0.25007436
concrete3k::103_32.jpg,0.5488205,0.2648426,0.18633692
concrete3k::103_33.jpg,0.61852205,0.092728004,0.28875
concrete3k::103_9.jpg,0.52339077,0.31243816,0.16417108
concrete3k::105_27.jpg,0.4619547,0.33620444,0.20184088
concrete3k::105_28.jpg,0.54466236,0.2821782,0.17315951
concrete3k::105_31.jpg,0.3592506,0.47105834,0.16969098
concrete3k::105_34.jpg,0.4980592,0.1364489,0.3654919
concrete3k::105_38.jpg,0.38823465,0.13457331,0.477192
concrete3k::105_40.jpg,0.40405306,0.32047504,0.2754719
concrete3k::112_20.jpg,0.44383776,0.2382354,0.31792682
concrete3k::112_24.jpg,0.653093,0.17123152,0.17567548
concrete3k::112_26.jpg,0.44361854,0.26348537,0.29289612
concrete3k::112_28.jpg,0.53833836,0.12700288,0.33465874
concrete3k::112_29.jpg,0.34216693,0.39467645,0.26315665
concrete3k::112_31.jpg,0.5818844,0.22074987,0.19736572
concrete3k::117_16.jpg,0.5069417,0.14974388,0.34331444
concrete3k::117_22.jpg,0.53917444,0.19199267,0.2688329
concrete3k::117_29.jpg,0.1793196,0.5276525,0.29302794
concrete3k::117_37.jpg,0.35373208,0.22056325,0.4257047
concrete3k::117_39.jpg,0.5984282,0.12026086,0.28131095
concrete3k::117_9.jpg,0.46459365,0.30287188,0.23253444
concrete3k::118_16.jpg,0.71530443,0.15739857,0.12729709
concrete3k::118_20.jpg,0.695266,0.11997328,0.18476075
concrete3k::118_24.jpg,0.7132959,0.09910878,0.18759528
concrete3k::118_28.jpg,0.56115735,0.18122138,0.25762126
concrete3k::118_29.jpg,0.47905055,0.27100688,0.2499425
concrete3k::118_33.jpg,0.69003856,0.087626465,0.22233492
concrete3k::127_16.jpg,0.33420816,0.3023014,0.36349043
concrete3k::127_17.jpg,0.6258207,0.21864834,0.15553094
concrete3k::127_18.jpg,0.73857707,0.1581797,0.10324316
concrete3k::127_22.jpg,0.69898623,0.08621415,0.21479964
concrete3k::127_23.jpg,0.7206495,0.108337425,0.1710131
concrete3k::127_27.jpg,0.46840918,0.43121478,0.10037598
concrete3k::127_28.jpg,0.6370309,0.14954555,0.21342355
concrete3k::127_8.jpg,0.544954,0.28835756,0.16668844
concrete3k::134_1.jpg,0.33051983,0.17736709,0.49211302
concrete3k::134_10.jpg,0.6957744,0.083011426,0.22121422
concrete3k::134_19.jpg,0.39648968,0.28947356,0.31403676
concrete3k::134_2.jpg,0.75155103,0.098966464,0.14948246
concrete3k::134_36.jpg,0.2939874,0.37417418,0.33183843
concrete3k::134_37.jpg,0.44493422,0.2331732,0.32189256
concrete3k::134_38.jpg,0.25725177,0.2613177,0.48143047
concrete3k::134_9.jpg,0.43963897,0.2127341,0.34762695
concrete3k::143_12.jpg,0.29565874,0.14814745,0.5561938
concrete3k::143_13.jpg,0.3631887,0.12116448,0.5156468
concrete3k::143_15.jpg,0.30265844,0.10861142,0.5887301
concrete3k::143_20.jpg,0.39988518,0.13278161,0.4673333
concrete3k::143_21.jpg,0.34099317,0.07246825,0.5865386
concrete3k::143_23.jpg,0.4219785,0.16258498,0.41543648
concrete3k::143_28.jpg,0.2957998,0.06569813,0.6385021
concrete3k::143_3.jpg,0.583213,0.18856852,0.22821851
concrete3k::143_36.jpg,0.52997184,0.27807936,0.19194889
concrete3k::169_25.jpg,0.6517134,0.11731172,0.23097493
concrete3k::169_26.jpg,0.5946766,0.20643045,0.19889294
concrete3k::169_28.jpg,0.44021156,0.23073615,0.32905233
concrete3k::169_29.jpg,0.5695234,0.13233101,0.2981456
concrete3k::169_31.jpg,0.54756814,0.10576249,0.34666935
concrete3k::169_37.jpg,0.56790966,0.16023842,0.27185193
concrete3k::169_38.jpg,0.5967976,0.08569,0.31751236
concrete3k::175_20.jpg,0.41471568,0.24874642,0.3365379
concrete3k::175_22.jpg,0.37468028,0.24171811,0.38360155
concrete3k::175_23.jpg,0.6066886,0.1727366,0.22057478
concrete3k::175_25.jpg,0.38987353,0.3372939,0.27283254
concrete3k::177_21.jpg,0.36902982,0.35703897,0.27393124
concrete3k::177_22.jpg,0.20512936,0.47833735,0.3165333
concrete3k::177_25.jpg,0.46272132,0.2887605,0.24851821
concrete3k::177_26.jpg,0.19521601,0.5731949,0.2315891
concrete3k::181_20.jpg,0.3445345,0.17605856,0.47940695
concrete3k::181_24.jpg,0.6566469,0.13999051,0.20336257
concrete3k::181_25.jpg,0.2468505,0.49102643,0.26212308
concrete3k::181_27.jpg,0.52250195,0.29257312,0.18492486
concrete3k::181_28.jpg,0.56146437,0.21448508,0.22405058
concrete3k::181_29.jpg,0.4937268,0.12455835,0.3817148
concrete3k::181_30.jpg,0.5475265,0.19270158,0.25977197
concrete3k::186_0.jpg,0.7451462,0.12451261,0.13034114
concrete3k::186_1.jpg,0.36929482,0.24501187,0.38569334
concrete3k::186_10.jpg,0.24334617,0.5817623,0.1748915
concrete3k::186_18.jpg,0.17236683,0.31880975,0.50882345
concrete3k::186_19.jpg,0.20103826,0.46150523,0.33745655
concrete3k::186_20.jpg,0.24718273,0.4112409,0.34157637
concrete3k::186_30.jpg,0.2279054,0.50866073,0.26343387
concrete3k::186_9.jpg,0.39430785,0.3761504,0.2295417
concrete3k::187_16.jpg,0.22960687,0.12819882,0.64219433
concrete3k::187_18.jpg,0.228584,0.29783285,0.47358316
concrete3k::187_20.jpg,0.36077374,0.15139025,0.48783597
concrete3k::187_30.jpg,0.2833071,0.34907365,0.36761925
concrete3k::188_14.jpg,0.420755,0.13723671,0.44200832
concrete3k::188_15.jpg,0.41945472,0.15747836,0.4230669
concrete3k::188_17.jpg,0.4056354,0.19808899,0.39627564
concrete3k::188_18.jpg,0.58351356,0.14141402,0.27507243
concrete3k::188_20.jpg,0.5066186,0.12834236,0.36503902
concrete3k::188_21.jpg,0.3320422,0.17580262,0.4921552
concrete3k::188_22.jpg,0.66574246,0.07646479,0.2577928
concrete3k::188_26.jpg,0.43926933,0.12990887,0.43082178
concrete3k::188_32.jpg,0.4733446,0.1332404,0.39341497
concrete3k::197_19.jpg,0.38292545,0.2157776,0.401297
concrete3k::197_20.jpg,0.51586,0.24408804,0.24005194
concrete3k::197_24.jpg,0.61238235,0.19844432,0.18917328
concrete3k::197_28.jpg,0.36982808,0.10526051,0.5249114
concrete3k::197_29.jpg,0.555438,0.13358812,0.3109739
concrete3k::197_31.jpg,0.5188468,0.25570008,0.22545311
concrete3k::197_39.jpg,0.4294138,0.0761725,0.49441367
concrete3k::205_17.jpg,0.70618606,0.08804089,0.20577304
concrete3k::205_22.jpg,0.60336953,0.082069635,0.31456083
concrete3k::205_25.jpg,0.6149489,0.115575306,0.2694758
concrete3k::205_26.jpg,0.6932598,0.1358638,0.17087644
concrete3k::205_29.jpg,0.56048536,0.26862967,0.170885
concrete3k::205_30.jpg,0.7355892,0.063674755,0.20073605
concrete3k::207_0.jpg,0.5728742,0.15435141,0.27277437
concrete3k::207_1.jpg,0.34869918,0.43024364,0.22105724
concrete3k::207_10.jpg,0.50951546,0.22198272,0.26850182
concrete3k::207_12.jpg,0.55561894,0.19001701,0.254364
concrete3k::207_29.jpg,0.6769832,0.1779822,0.14503463
concrete3k::207_30.jpg,0.4670886,0.20469533,0.32821608
concrete3k::207_38.jpg,0.46900633,0.3082442,0.22274944
concrete3k::207_8.jpg,0.13396887,0.7615522,0.10447893
concrete3k::207_9.jpg,0.24981247,0.39921743,0.3509701
concrete3k::235_18.jpg,0.3689192,0.47309878,0.15798202
concrete3k::235_19.jpg,0.5396304,0.27699158,0.183378
concrete3k::235_24.jpg,0.6269394,0.10336318,0.26969737
concrete3k::235_25.jpg,0.23276614,0.24837014,0.5188637
concrete3k::235_29.jpg,0.40793693,0.30502158,0.28704152
concrete3k::235_31.jpg,0.6603483,0.12621325,0.21343838
concrete3k::235_38.jpg,0.4885744,0.12002847,0.39139718
concrete3k::235_46.jpg,0.53004986,0.26736358,0.20258655
concrete3k::235_47.jpg,0.24621688,0.43650663,0.31727654
concrete3k::240_29.jpg,0.1536207,0.2833811,0.5629982
concrete3k::240_37.jpg,0.35380873,0.33995265,0.30623862
concrete3k::242_17.jpg,0.44002578,0.35172802,0.20824622
concrete3k::242_19.jpg,0.30208334,0.3088879,0.38902873
concrete3k::242_20.jpg,0.2817107,0.25587177,0.4624175
concrete3k::242_46.jpg,0.41242892,0.24319743,0.3443737
concrete3k::258_25.jpg,0.6178862,0.22918276,0.15293102
concrete3k::258_30.jpg,0.6509485,0.18683529,0.16221611
concrete3k::258_32.jpg,0.55699587,0.21615763,0.22684656
concrete3k::275_24.jpg,0.7402007,0.121096715,0.13870254
concrete3k::275_25.jpg,0.7211135,0.14443296,0.13445352
concrete3k::275_29.jpg,0.7363645,0.10531562,0.15831983
concrete3k::275_36.jpg,0.18830608,0.4964395,0.3152544
concrete3k::275_39.jpg,0.3493362,0.22024734,0.43041644
concrete3k::280_27.jpg,0.38154155,0.38678986,0.23166856
concrete3k::280_30.jpg,0.31367615,0.43426096,0.2520629
concrete3k::280_32.jpg,0.47588184,0.21803975,0.30607843
concrete3k::280_33.jpg,0.46766108,0.35731432,0.17502454
concrete3k::280_36.jpg,0.39772654,0.3031542,0.2991192
concrete3k::280_37.jpg,0.34791702,0.2780907,0.37399223
concrete3k::287_20.jpg,0.20783328,0.023405783,0.7687609
concrete3k::287_23.jpg,0.6604441,0.09608747,0.24346843
concrete3k::287_24.jpg,0.43928343,0.0991203,0.4615963
concrete3k::287_27.jpg,0.30084977,0.383096,0.31605422
concrete3k::287_29.jpg,0.60737956,0.22676885,0.16585161
concrete3k::287_30.jpg,0.1440839,0.5763932,0.27952296
concrete3k::287_9.jpg,0.3587506,0.14310686,0.49814254
concrete3k::288_19.jpg,0.51741207,0.2720721,0.21051584
concrete3k::288_20.jpg,0.49070972,0.23570167,0.27358857
concrete3k::288_21.jpg,0.43590564,0.37326634,0.19082801
concrete3k::288_22.jpg,0.462873,0.29251266,0.24461433
concrete3k::288_23.jpg,0.4134175,0.31231734,0.27426523
concrete3k::288_29.jpg,0.6168254,0.17265166,0.21052295
concrete3k::288_30.jpg,0.38426653,0.044925135,0.57080835
concrete3k::288_31.jpg,0.58352906,0.1896029,0.22686803
concrete3k::289_26.jpg,0.5471187,0.13157879,0.32130253
concrete3k::289_29.jpg,0.43181735,0.29391503,0.27426767
concrete3k::289_31.jpg,0.6383155,0.08000101,0.2816836
concrete3k::297_10.jpg,0.3509523,0.048070725,0.600977
concrete3k::297_21.jpg,0.7120917,0.07250665,0.21540162
concrete3k::297_9.jpg,0.23802619,0.09490215,0.6670717
concrete3k::321_10.jpg,0.75986755,0.015456363,0.22467604
concrete3k::321_15.jpg,0.5414505,0.045619253,0.41293022
concrete3k::321_19.jpg,0.7457995,0.04458981,0.2096107
concrete3k::321_5.jpg,0.78836954,0.026839714,0.18479073
concrete3k::322_10.jpg,0.69133395,0.04900418,0.2596619
concrete3k::322_11.jpg,0.65686595,0.054076552,0.28905746
concrete3k::322_19.jpg,0.761774,0.06517816,0.17304787
concrete3k::322_9.jpg,0.74074066,0.05038314,0.20887615
concrete3k::358_16.jpg,0.37248918,0.37551185,0.251999
concrete3k::358_17.jpg,0.8047983,0.09028729,0.10491448
concrete3k::358_21.jpg,0.7219673,0.060500503,0.21753225
concrete3k::358_22.jpg,0.7175037,0.108148,0.1743483
concrete3k::358_25.jpg,0.7743868,0.09340929,0.13220383
concrete3k::358_30.jpg,0.5785292,0.16941877,0.2520521
concrete3k::364_15.jpg,0.56393474,0.23079674,0.20526849
concrete3k::364_2.jpg,0.60202205,0.1243581,0.27361983
concrete3k::364_20.jpg,0.40251687,0.34080628,0.25667685
concrete3k::364_26.jpg,0.35361814,0.44738683,0.19899505
concrete3k::364_28.jpg,0.3776188,0.33235088,0.29003033
concrete3k::364_29.jpg,0.39409497,0.32523656,0.28066844
concrete3k::364_33.jpg,0.4658267,0.321358,0.21281527
concrete3k::364_38.jpg,0.39205015,0.42679778,0.181152
concrete3k::364_44.jpg,0.6814717,0.19052954,0.12799877
concrete3k::364_8.jpg,0.47284225,0.22119288,0.30596483
concrete3k::374_20.jpg,0.37043813,0.45640323,0.17315859
concrete3k::374_3.jpg,0.5876738,0.23090665,0.18141958
concrete3k::374_38.jpg,0.25444812,0.53457105,0.2109808
concrete3k::374_43.jpg,0.5495209,0.3412631,0.10921599
concrete3k::374_8.jpg,0.38527045,0.3004243,0.31430528
concrete3k::376_10.jpg,0.44217318,0.15781258,0.40001422
concrete3k::376_37.jpg,0.54350746,0.21999356,0.23649901
concrete3k::376_8.jpg,0.56825376,0.23181279,0.19993347
concrete3k::380_24.jpg,0.6750701,0.21333745,0.11159244
concrete3k::380_27.jpg,0.5062141,0.29778424,0.19600162
concrete3k::380_28.jpg,0.37971625,0.30078185,0.31950197
concrete3k::402_12.jpg,0.55939543,0.28701597,0.15358861
concrete3k::402_20.jpg,0.5736921,0.16842644,0.2578815
concrete3k::402_21.jpg,0.5071408,0.067573376,0.4252858
concrete3k::402_26.jpg,0.29051858,0.54531056,0.16417088
concrete3k::402_27.jpg,0.28675094,0.5437203,0.1695287
concrete3k::402_35.jpg,0.35372394,0.2575865,0.38868952
concrete3k::402_41.jpg,0.4738844,0.33657876,0.18953687
concrete3k::406_20.jpg,0.26504308,0.41083762,0.3241193
concrete3k::406_26.jpg,0.21874441,0.31790406,0.46335158
concrete3k::406_4.jpg,0.6946523,0.10785961,0.19748804
concrete3k::406_43.jpg,0.3464221,0.28396416,0.3696137
concrete3k::406_5.jpg,0.6705956,0.0766859,0.2527186
concrete3k::406_8.jpg,0.4007323,0.22370686,0.37556082
concrete3k::406_9.jpg,0.3499673,0.44773418,0.20229852
concrete3k::420_22.jpg,0.30502096,0.31512126,0.37985772
concrete3k::420_25.jpg,0.37320414,0.18263051,0.44416535
concrete3k::420_26.jpg,0.38942924,0.25063428,0.35993642
concrete3k::420_37.jpg,0.52208537,0.1593768,0.31853786
concrete3k::420_42.jpg,0.264244,0.20530602,0.53045
concrete3k::429_10.jpg,0.47592407,0.3071212,0.21695478
concrete3k::429_14.jpg,0.41337258,0.3754188,0.21120863
concrete3k::429_25.jpg,0.418107,0.16318615,0.41870683
concrete3k::429_26.jpg,0.43968254,0.3505294,0.20978805
concrete3k::429_5.jpg,0.51574373,0.24569948,0.23855679
concrete3k::429_9.jpg,0.61992025,0.20370372,0.1763761
concrete3k::433_10.jpg,0.4555122,0.14268456,0.40180323
concrete3k::433_16.jpg,0.37638566,0.32359955,0.30001476
concrete3k::433_26.jpg,0.29572645,0.2628077,0.44146585
concrete3k::433_37.jpg,0.4091088,0.23848787,0.35240337
concrete3k::433_38.jpg,0.38483164,0.28699508,0.32817334
concrete3k::433_4.jpg,0.6470792,0.115596674,0.23732409
concrete3k::449_0.jpg,0.51376027,0.24364741,0.24259229
concrete3k::449_13.jpg,0.35448208,0.27494165,0.37057626
concrete3k::449_19.jpg,0.42295817,0.22689536,0.3501465
concrete3k::449_20.jpg,0.42144248,0.3242253,0.2543322
concrete3k::449_26.jpg,0.46138462,0.19187465,0.3467407
concrete3k::449_33.jpg,0.3286905,0.15519015,0.51611936
concrete3k::449_34.jpg,0.53887,0.24936154,0.21176851
concrete3k::449_41.jpg,0.5079947,0.14735857,0.34464675
concrete3k::449_46.jpg,0.52997243,0.22686292,0.24316464
concrete3k::449_7.jpg,0.4934998,0.16202521,0.34447497
concrete3k::451_36.jpg,0.51829606,0.1214708,0.36023316
concrete3k::451_39.jpg,0.37494898,0.13116582,0.49388516
concrete3k::451_40.jpg,0.53593403,0.27339366,0.19067232
concrete3k::451_41.jpg,0.5756313,0.16106406,0.26330456
concrete3k::451_47.jpg,0.53436446,0.25341213,0.21222341
concrete3k::451_7.jpg,0.56085527,0.28414282,0.15500186
concrete3k::456_2.jpg,0.69934976,0.13778883,0.16286136
concrete3k::456_20.jpg,0.44267023,0.1655538,0.391776
concrete3k::456_33.jpg,0.36716646,0.28984863,0.3429849
concrete3k::456_41.jpg,0.3716404,0.13763477,0.49072477
concrete3k::456_45.jpg,0.62775266,0.20783709,0.16441025
concrete3k::456_46.jpg,0.2514569,0.31535965,0.4331835
concrete3k::456_47.jpg,0.32030082,0.1424719,0.53722733
concrete3k::456_8.jpg,0.6929591,0.11858184,0.18845902
concrete3k::464_10.jpg,0.69144136,0.10550098,0.20305766
concrete3k::464_16.jpg,0.7636991,0.07496563,0.16133519
concrete3k::464_22.jpg,0.5994855,0.10724233,0.2932722
concrete3k::464_28.jpg,0.6491601,0.07365213,0.2771878
concrete3k::464_4.jpg,0.48632616,0.31803265,0.19564117
concrete3k::464_45.jpg,0.27351522,0.5475531,0.17893167
concrete3k::466_15.jpg,0.112078205,0.70293224,0.18498947
concrete3k::466_3.jpg,0.35693288,0.25889885,0.3841682
concrete3k::466_32.jpg,0.10232909,0.6453117,0.25235912
concrete3k::466_38.jpg,0.107977375,0.7053273,0.1866954
concrete3k::466_44.jpg,0.097258605,0.59479827,0.30794308
concrete3k::466_9.jpg,0.2557589,0.5013404,0.24290067
concrete3k::475_20.jpg,0.2929624,0.43272653,0.2743111
concrete3k::475_31.jpg,0.3798023,0.30877328,0.31142443
concrete3k::475_4.jpg,0.65168065,0.21503635,0.13328293
concrete3k::479_18.jpg,0.26652426,0.1442619,0.58921385
concrete3k::479_19.jpg,0.44308966,0.28447548,0.27243486
concrete3k::479_21.jpg,0.5260725,0.21496499,0.25896248
concrete3k::479_24.jpg,0.53679913,0.0986877,0.36451316
concrete3k::479_31.jpg,0.37856072,0.13014472,0.49129456
concrete3k::479_36.jpg,0.5305715,0.21481417,0.25461432
concrete3k::479_4.jpg,0.70409745,0.13777001,0.15813257
concrete3k::479_5.jpg,0.57953775,0.18115295,0.23930928
concrete3k::479_9.jpg,0.5981865,0.18457913,0.21723436
concrete3k::480_33.jpg,0.37349147,0.3155559,0.31095263
concrete3k::480_36.jpg,0.49761173,0.26621848,0.23616976
concrete3k::480_37.jpg,0.36636624,0.30270684,0.33092695
concrete3k::480_38.jpg,0.3943292,0.23309143,0.37257934
concrete3k::480_9.jpg,0.5546757,0.27770546,0.16761878
concrete3k::490_15.jpg,0.35418266,0.33166435,0.31415293
concrete3k::490_26.jpg,0.32583806,0.45110616,0.22305568
concrete3k::490_32.jpg,0.2767531,0.5281036,0.19514328
concrete3k::490_44.jpg,0.21324179,0.39852107,0.38823718
concrete3k::490_5.jpg,0.18691614,0.47323596,0.33984795
concrete3k::501_13.jpg,0.342943,0.4938907,0.16316627
concrete3k::501_19.jpg,0.4233521,0.2984053,0.27824256
concrete3k::501_20.jpg,0.3875782,0.3377646,0.27465722
concrete3k::501_25.jpg,0.4789407,0.23035191,0.29070747
concrete3k::501_26.jpg,0.2936723,0.48150462,0.22482309
concrete3k::501_32.jpg,0.6456814,0.153048,0.20127058
concrete3k::501_6.jpg,0.44712028,0.32196105,0.2309186
concrete3k::501_7.jpg,0.5107023,0.23785827,0.25143945
concrete3k::503_1.jpg,0.55431163,0.15700799,0.28868034
concrete3k::503_12.jpg,0.5735278,0.20265494,0.22381726
concrete3k::503_20.jpg,0.31625223,0.37633643,0.30741137
concrete3k::503_8.jpg,0.65207106,0.111848064,0.23608088
concrete3k::504_11.jpg,0.6094448,0.14391612,0.24663906
concrete3k::504_2.jpg,0.3081507,0.43916968,0.25267965
concrete3k::504_20.jpg,0.52369446,0.30190313,0.17440242
concrete3k::504_21.jpg,0.42567176,0.29230058,0.2820277
concrete3k::504_29.jpg,0.45138356,0.35527015,0.19334625
concrete3k::504_39.jpg,0.72674584,0.1952326,0.078021556
concrete3k::504_9.jpg,0.5555704,0.20871939,0.23571014
concrete3k::513_16.jpg,0.29822066,0.5374036,0.16437574
concrete3k::513_17.jpg,0.37952805,0.16314599,0.45732588
concrete3k::513_19.jpg,0.21644403,0.26395723,0.5195987
concrete3k::513_22.jpg,0.29671466,0.5629527,0.14033264
concrete3k::513_23.jpg,0.47701746,0.28819397,0.23478846
concrete3k::513_26.jpg,0.34248146,0.25522527,0.4022933
concrete3k::513_27.jpg,0.38697827,0.43793446,0.17508724
concrete3k::516_10.jpg,0.26972207,0.3924786,0.3377993
concrete3k::516_14.jpg,0.25084174,0.5362465,0.21291175
concrete3k::516_22.jpg,0.3479105,0.4817852,0.17030431
concrete3k::516_24.jpg,0.24710959,0.085498616,0.6673918
concrete3k::516_29.jpg,0.28653142,0.41001377,0.30345476
concrete3k::516_33.jpg,0.18822639,0.6012595,0.21051408
concrete3k::516_34.jpg,0.43775314,0.20959096,0.35265595
concrete3k::516_35.jpg,0.3266869,0.44219285,0.23112029
concrete3k::516_36.jpg,0.26353523,0.60498124,0.13148355
concrete3k::516_40.jpg,0.4201172,0.35548985,0.22439294
concrete3k::522_16.jpg,0.29537573,0.35661176,0.34801254
concrete3k::522_18.jpg,0.35745353,0.2564419,0.38610458
concrete3k::522_24.jpg,0.4994216,0.26006225,0.24051613
concrete3k::522_25.jpg,0.31045058,0.21323675,0.47631273
concrete3k::522_28.jpg,0.49707702,0.22901212,0.27391082
concrete3k::522_30.jpg,0.58005404,0.24856429,0.17138164
concrete3k::534_15.jpg,0.31492585,0.38501334,0.3000608
concrete3k::534_21.jpg,0.40910015,0.31670743,0.2741924
concrete3k::534_26.jpg,0.44207227,0.18332857,0.37459916
concrete3k::534_27.jpg,0.4391327,0.30456766,0.25629964
concrete3k::534_33.jpg,0.5167746,0.20451555,0.27870983
concrete3k::534_38.jpg,0.1914997,0.6075598,0.20094047
concrete3k::534_39.jpg,0.51793075,0.1712567,0.31081256
concrete3k::534_44.jpg,0.3508804,0.07862294,0.5704966
concrete3k::534_45.jpg,0.3984427,0.35156196,0.2499954
concrete3k::534_5.jpg,0.51752645,0.27224287,0.21023065
concrete3k::535_18.jpg,0.39388606,0.2038164,0.40229756
concrete3k::535_19.jpg,0.67805576,0.17167729,0.15026698
concrete3k::535_21.jpg,0.59249324,0.1683815,0.23912531
concrete3k::535_23.jpg,0.5964883,0.20094003,0.20257163
concrete3k::535_45.jpg,0.2809526,0.4333817,0.28566572
concrete3k::535_46.jpg,0.45768923,0.2472548,0.29505596
concrete3k::535_47.jpg,0.5408547,0.25518015,0.20396517
concrete3k::547_11.jpg,0.34055376,0.22573987,0.43370637
concrete3k::547_16.jpg,0.38355434,0.2590692,0.3573764
concrete3k::547_20.jpg,0.21007375,0.31902117,0.47090504
concrete3k::547_21.jpg,0.23536406,0.33098942,0.4336465
concrete3k::547_25.jpg,0.43368033,0.30724537,0.25907427
concrete3k::547_30.jpg,0.62111264,0.12091144,0.25797585
concrete3k::547_31.jpg,0.3730048,0.31040168,0.31659347
concrete3k::553_12.jpg,0.59962684,0.13328837,0.26708478
concrete3k::553_20.jpg,0.5640173,0.19033058,0.24565208
concrete3k::553_27.jpg,0.29979467,0.41099474,0.28921056
concrete3k::553_47.jpg,0.5916832,0.084880635,0.3234361
concrete3k::554_0.jpg,0.70524347,0.17374954,0.121007
concrete3k::554_18.jpg,0.5356782,0.10899756,0.3553242
concrete3k::554_32.jpg,0.46314293,0.22092764,0.31592938
concrete3k::554_33.jpg,0.38748536,0.37400085,0.2385138
concrete3k::554_40.jpg,0.5870221,0.0883253,0.32465255
concrete3k::554_6.jpg,0.47702047,0.20966223,0.3133173
concrete3k::554_7.jpg,0.57667494,0.15619974,0.26712528
concrete3k::567_14.jpg,0.33657587,0.27805176,0.38537243
concrete3k::567_2.jpg,0.5757327,0.2536938,0.17057352
concrete3k::567_31.jpg,0.20084226,0.23436585,0.56479186
concrete3k::567_32.jpg,0.17999431,0.60369444,0.21631126
concrete3k::567_37.jpg,0.33278814,0.36180645,0.3054054
concrete3k::567_38.jpg,0.28706867,0.1081219,0.60480946
concrete3k::572_13.jpg,0.3527277,0.45287493,0.19439732
concrete3k::572_19.jpg,0.32247257,0.2692216,0.40830582
concrete3k::572_21.jpg,0.31203645,0.33522448,0.352739
concrete3k::572_27.jpg,0.17970312,0.44341207,0.37688485
concrete3k::572_28.jpg,0.21346632,0.61907375,0.16745998
concrete3k::574_21.jpg,0.44152516,0.28938997,0.26908487
concrete3k::574_29.jpg,0.5652432,0.29659316,0.13816361
concrete3k::587_1.jpg,0.35881737,0.39604917,0.2451335
concrete3k::587_13.jpg,0.45822516,0.19139981,0.35037506
concrete3k::587_14.jpg,0.26063567,0.42128745,0.31807688
concrete3k::587_20.jpg,0.10550969,0.56794584,0.32654446
concrete3k::587_32.jpg,0.22465813,0.3961884,0.3791534
concrete3k::587_33.jpg,0.35516995,0.3561705,0.28865954
concrete3k::587_38.jpg,0.28818065,0.147836,0.5639833
concrete3k::587_44.jpg,0.19517395,0.49621543,0.30861062
concrete3k::596_2.jpg,0.54938895,0.2548483,0.19576272
concrete3k::596_20.jpg,0.30834776,0.43957043,0.25208187
concrete3k::596_27.jpg,0.25817296,0.45569152,0.28613552
concrete3k::596_32.jpg,0.2749001,0.3442624,0.38083747
concrete3k::596_39.jpg,0.3435233,0.3908968,0.26557994
concrete3k::596_45.jpg,0.19852747,0.4259545,0.375518
concrete3k::607_2.jpg,0.4763391,0.31625625,0.20740458
concrete3k::607_21.jpg,0.3568831,0.3171935,0.32592338
concrete3k::607_26.jpg,0.14251615,0.56348,0.29400384
concrete3k::607_3.jpg,0.4775709,0.32754117,0.19488801
concrete3k::607_32.jpg,0.25340125,0.33631337,0.41028538
concrete3k::607_33.jpg,0.32824847,0.30516148,0.36659008
concrete3k::607_38.jpg,0.34544605,0.30918416,0.34536976
concrete3k::607_44.jpg,0.4229568,0.26142246,0.31562075
concrete3k::607_6.jpg,0.53043604,0.13017881,0.3393851
concrete3k::607_7.jpg,0.56394213,0.25059745,0.18546046
concrete3k::607_8.jpg,0.68124807,0.17133184,0.14742008
concrete3k::610_10.jpg,0.26686913,0.21152882,0.5216021
concrete3k::610_2.jpg,0.4531734,0.06543542,0.48139116
concrete3k::610_26.jpg,0.3694977,0.21867438,0.4118279
concrete3k::610_27.jpg,0.47780356,0.082885034,0.43931133
concrete3k::610_32.jpg,0.4279549,0.22753565,0.34450942
concrete3k::610_43.jpg,0.3588562,0.24524802,0.39589578
concrete3k::610_8.jpg,0.543925,0.24243039,0.21364462
