image_id,p_degraded,p_neutral,p_improved
khanhha_original::CFD_001.jpg,0.65905905,0.0514837,0.2894573
khanhha_original::CFD_007.jpg,0.6307302,0.038321234,0.33094862
khanhha_original::CFD_011.jpg,0.074837014,0.015436411,0.9097266
khanhha_original::CFD_013.jpg,0.7250283,0.060958683,0.21401307
khanhha_original::CFD_014.jpg,0.7233029,0.026690466,0.25000674
khanhha_original::CFD_019.jpg,0.72657394,0.05124416,0.22218189
khanhha_original::CFD_037.jpg,0.5301075,0.034777697,0.43511477
khanhha_original::CFD_040.jpg,0.8834842,0.02787232,0.08864359
khanhha_original::CFD_047.jpg,0.36009067,0.032288916,0.6076204
khanhha_original::CFD_070.jpg,0.61319256,0.111151434,0.27565596
khanhha_original::CFD_080.jpg,0.31056774,0.09671009,0.5927221
khanhha_original::CFD_082.jpg,0.5631924,0.046547446,0.3902601
khanhha_original::CFD_084.jpg,0.66088754,0.064633,0.27447945
khanhha_original::CFD_088.jpg,0.7888036,0.08278661,0.12840989
khanhha_original::CFD_108.jpg,0.7298594,0.16544244,0.10469808
khanhha_original::CFD_109.jpg,0.66140705,0.22853556,0.11005738
khanhha_original::CFD_111.jpg,0.767332,0.09528911,0.13737889
khanhha_original::CFD_118.jpg,0.65459806,0.10383225,0.24156968
khanhha_original::CRACK500_20160222_080933_361_1.jpg,0.14329821,0.38364875,0.47305298
khanhha_original::CRACK500_20160222_081031_641_361.jpg,0.18736573,0.14203404,0.67060024
khanhha_original::CRACK500_20160222_081102_1921_721.jpg,0.25013852,0.35318914,0.3966723
khanhha_original::CRACK500_20160222_081102_1_721.jpg,0.2257781,0.4420488,0.332173
khanhha_original::CRACK500_20160222_081111_641_361.jpg,0.3189514,0.29026002,0.39078864
khanhha_original::CRACK500_20160222_081113_1921_721.jpg,0.37048295,0.1897151,0.439802
khanhha_original::CRACK500_20160222_081839_1_721.jpg,0.37888172,0.11177996,0.50933826
khanhha_original::CRACK500_20160222_081908_641_721.jpg,0.44535568,0.08001964,0.4746247
khanhha_original::CRACK500_20160222_114759_1921_361.jpg,0.2183173,0.14393742,0.63774526
khanhha_original::CRACK500_20160222_114759_1921_721.jpg,0.18059902,0.0839142,0.7354868
khanhha_original::CRACK500_20160222_114759_641_361.jpg,0.18419854,0.07642411,0.7393774
khanhha_original::CRACK500_20160222_115219_1281_721.jpg,0.2059009,0.088563785,0.7055353
khanhha_original::CRACK500_20160222_115224_1281_1081.jpg,0.20870753,0.18833427,0.6029582
khanhha_original::CRACK500_20160222_115224_1281_361.jpg,0.22374384,0.1232819,0.65297425
khanhha_original::CRACK500_20160222_115305_1281_1081.jpg,0.25781968,0.13507828,0.60710204
khanhha_original::CRACK500_20160222_115305_1921_361.jpg,0.18719222,0.078458555,0.73434925
khanhha_original::CRACK500_20160222_115305_641_1.jpg,0.085261256,0.047312465,0.8674263
khanhha_original::CRACK500_20160222_115305_641_721.jpg,0.053068947,0.059052218,0.88787884
khanhha_original::CRACK500_20160222_115324_1281_721.jpg,0.07828042,0.09710072,0.8246189
khanhha_original::CRACK500_20160222_115324_641_1081.jpg,0.06437646,0.26021886,0.67540467
khanhha_original::CRACK500_20160222_115519_641_721.jpg,0.02767524,0.32580948,0.64651525
khanhha_original::CRACK500_20160222_115828_641_1.jpg,0.023306612,0.6284523,0.3482411
khanhha_original::CRACK500_20160222_115833_1921_1081.jpg,0.068735436,0.5907017,0.34056285
khanhha_original::CRACK500_20160222_115833_641_361.jpg,0.02403141,0.6202723,0.35569635
khanhha_original::CRACK500_20160222_115843_1281_361.jpg,0.033745285,0.65635884,0.3098959
khanhha_original::CRACK500_20160222_115847_1281_361.jpg,0.034418494,0.7365883,0.22899316
khanhha_original::CRACK500_20160222_115847_641_361.jpg,0.029140906,0.75116336,0.21969567
khanhha_original::CRACK500_20160222_163940_1281_1081.jpg,0.14982186,0.37539467,0.4747835
khanhha_original::CRACK500_20160222_163940_1_1081.jpg,0.31305322,0.1744612,0.5124855
khanhha_original::CRACK500_20160222_163940_1_361.jpg,0.2298455,0.19530228,0.5748522
khanhha_original::CRACK500_20160222_163940_641_1081.jpg,0.20373422,0.22997993,0.5662858
khanhha_original::CRACK500_20160222_164141_1281_1.jpg,0.109604396,0.056541074,0.8338545
khanhha_original::CRACK500_20160222_164141_1921_721.jpg,0.18402763,0.09780925,0.71816313
khanhha_original::CRACK500_20160222_164141_1_1081.jpg,0.09500393,0.2723249,0.6326712
khanhha_original::CRACK500_20160222_164822_1281_1.jpg,0.1270892,0.09076607,0.7821447
khanhha_original::CRACK500_20160222_164822_641_1.jpg,0.10795404,0.26450098,0.62754494
khanhha_original::CRACK500_20160222_164822_641_361.jpg,0.09117931,0.28051403,0.6283066
khanhha_original::CRACK500_20160222_164825_641_721.jpg,0.14867683,0.1645546,0.68676853
khanhha_original::CRACK500_20160222_164851_641_1081.jpg,0.10482538,0.1791758,0.7159988
khanhha_original::CRACK500_20160222_164936_641_361.jpg,0.10791419,0.16647634,0.7256095
khanhha_original::CRACK500_20160222_165037_1921_361.jpg,0.3008892,0.3646491,0.33446175
khanhha_original::CRACK500_20160222_165037_1_361.jpg,0.12792745,0.36647785,0.50559473
khanhha_original::CRACK500_20160222_165037_641_361.jpg,0.18759371,0.32629523,0.48611107
khanhha_original::CRACK500_20160222_165218_641_1.jpg,0.091218844,0.19327337,0.7155078
khanhha_original::CRACK500_20160222_165225_1281_721.jpg,0.33339587,0.31776512,0.34883893
khanhha_original::CRACK500_20160222_165256_1281_1.jpg,0.25855562,0.2949016,0.44654277
khanhha_original::CRACK500_20160222_165256_1281_721.jpg,0.44315085,0.11686118,0.43998796
khanhha_original::CRACK500_20160222_165256_641_1.jpg,0.17098069,0.26762548,0.5613939
khanhha_original::CRACK500_20160222_165715_1921_721.jpg,0.43772402,0.11950188,0.44277412
khanhha_original::CRACK500_20160222_165909_1281_1081.jpg,0.18042831,0.062865615,0.7567061
khanhha_original::CRACK500_20160222_165919_1_721.jpg,0.42243963,0.22614688,0.35141352
khanhha_original::CRACK500_20160222_165926_1281_721.jpg,0.33793014,0.10291017,0.55915964
khanhha_original::CRACK500_20160222_165947_1921_721.jpg,0.17393462,0.41459107,0.41147426
khanhha_original::CRACK500_20160222_165951_1921_1.jpg,0.097017474,0.099762276,0.8032202
khanhha_original::CRACK500_20160225_114503_1_361.jpg,0.31418097,0.16522151,0.52059746
khanhha_original::CRACK500_20160225_114514_721_1281.jpg,0.24911022,0.07622448,0.6746653
khanhha_original::CRACK500_20160225_114514_721_641.jpg,0.25869724,0.044995427,0.69630736
khanhha_original::CRACK500_20160225_114535_1281_1081.jpg,0.2548513,0.3521016,0.39304703
khanhha_original::CRACK500_20160225_114535_1921_1081.jpg,0.3192354,0.34286952,0.33789507
khanhha_original::CRACK500_20160225_114535_1_1.jpg,0.1716312,0.4768635,0.35150534
khanhha_original::CRACK500_20160302_155848_1281_361.jpg,0.117753334,0.34004942,0.5421972
khanhha_original::CRACK500_20160302_155848_1921_361.jpg,0.17810068,0.24062954,0.5812698
khanhha_original::CRACK500_20160302_155848_641_721.jpg,0.23232812,0.224898,0.5427739
khanhha_original::CRACK500_20160302_155857_1281_1.jpg,0.14455211,0.5676941,0.2877537
khanhha_original::CRACK500_20160302_155857_1_721.jpg,0.11825635,0.5235463,0.35819733
khanhha_original::CRACK500_20160302_155914_1081_641.jpg,0.18467538,0.081974775,0.7333498
khanhha_original::CRACK500_20160302_155919_1281_721.jpg,0.220185,0.32682714,0.45298794
khanhha_original::CRACK500_20160302_155919_641_1.jpg,0.18496679,0.4613427,0.35369053
khanhha_original::CRACK500_20160302_155919_641_1081.jpg,0.19573204,0.5271427,0.27712524
khanhha_original::CRACK500_20160302_155925_1281_361.jpg,0.121650256,0.65937257,0.21897714
khanhha_original::CRACK500_20160302_155925_641_361.jpg,0.08288342,0.60797703,0.30913952
khanhha_original::CRACK500_20160302_160033_641_361.jpg,0.39061832,0.27675405,0.3326276
khanhha_original::CRACK500_20160303_091830_361_1281.jpg,0.09904651,0.63559806,0.2653554
khanhha_original::CRACK500_20160303_092627_641_721.jpg,0.161322,0.20900027,0.6296778
khanhha_original::CRACK500_20160303_092806_1281_721.jpg,0.114696756,0.07623833,0.809065
khanhha_original::CRACK500_20160303_092806_1_721.jpg,0.0885132,0.07279318,0.83869356
khanhha_original::CRACK500_20160303_092839_1281_361.jpg,0.38165638,0.09415394,0.5241897
khanhha_original::CRACK500_20160303_092839_1281_721.jpg,0.3582975,0.08192087,0.55978155
khanhha_original::CRACK500_20160303_092839_641_721.jpg,0.49855223,0.09673043,0.40471727
khanhha_original::CRACK500_20160303_093353_1921_361.jpg,0.2755772,0.3358368,0.38858604
khanhha_original::CRACK500_20160303_093353_1921_721.jpg,0.277488,0.35778394,0.36472797
khanhha_original::CRACK500_20160303_093400_641_1.jpg,0.13313343,0.20905814,0.65780836
khanhha_original::CRACK500_20160303_093400_641_721.jpg,0.19171661,0.23443533,0.5738481
khanhha_original::CRACK500_20160303_093527_1281_361.jpg,0.22093436,0.34491003,0.43415555
khanhha_original::CRACK500_20160303_093537_1921_1081.jpg,0.1819168,0.48491815,0.333165
khanhha_original::CRACK500_20160306_103613_1_721.jpg,0.31569695,0.2696687,0.41463432
khanhha_original::CRACK500_20160306_103638_1921_1081.jpg,0.13507453,0.32317966,0.5417458
khanhha_original::CRACK500_20160306_103638_1_361.jpg,0.2890011,0.17249171,0.53850716
khanhha_original::CRACK500_20160306_103657_1921_721.jpg,0.15699895,0.15787345,0.6851276
khanhha_original::CRACK500_20160306_103657_641_721.jpg,0.21525277,0.55035925,0.23438789
khanhha_original::CRACK500_20160306_103816_1_721.jpg,0.112808675,0.5206751,0.36651626
khanhha_original::CRACK500_20160306_103830_1921_1081.jpg,0.2592869,0.4564314,0.2842818
khanhha_original::CRACK500_20160306_103903_1281_361.jpg,0.28509894,0.449891,0.2650101
khanhha_original::CRACK500_20160306_103903_641_361.jpg,0.17141135,0.27376938,0.5548193
khanhha_original::CRACK500_20160306_104522_1921_361.jpg,0.28684282,0.44085747,0.27229968
khanhha_original::CRACK500_20160306_104522_1921_721.jpg,0.20616175,0.48084855,0.31298965
khanhha_original::CRACK500_20160306_104522_641_721.jpg,0.21697503,0.43291095,0.35011405
khanhha_original::CRACK500_20160306_104527_1921_721.jpg,0.19428577,0.25162816,0.554086
khanhha_original::CRACK500_20160306_104527_641_361.jpg,0.20867129,0.3723814,0.41894734
khanhha_original::CRACK500_20160307_143827_1_721.jpg,0.28555307,0.343082,0.37136486
khanhha_original::CRACK500_20160307_144115_1281_1.jpg,0.2758484,0.5536661,0.17048554
khanhha_original::CRACK500_20160307_144150_1281_721.jpg,0.27766165,0.27623084,0.44610745
khanhha_original::CRACK500_20160307_144150_641_361.jpg,0.16895306,0.198957,0.6320899
khanhha_original::CRACK500_20160307_144202_1281_361.jpg,0.11045283,0.33939612,0.550151
khanhha_original::CRACK500_20160307_144202_1281_721.jpg,0.17661732,0.24114573,0.5822369
khanhha_original::CRACK500_20160307_144842_1281_1.jpg,0.09859816,0.6660635,0.2353383
khanhha_original::CRACK500_20160307_144842_1281_1081.jpg,0.15866958,0.63863486,0.20269558
khanhha_original::CRACK500_20160307_144916_1281_361.jpg,0.20388433,0.5513978,0.24471784
khanhha_original::CRACK500_20160307_144916_1921_721.jpg,0.17456092,0.47901553,0.3464235
khanhha_original::CRACK500_20160307_144924_1281_361.jpg,0.13567054,0.74608815,0.118241206
khanhha_original::CRACK500_20160307_144924_641_361.jpg,0.28797352,0.62539077,0.08663577
khanhha_original::CRACK500_20160307_144931_1281_1.jpg,0.17193133,0.68578833,0.1422804
khanhha_original::CRACK500_20160307_144931_641_721.jpg,0.22349443,0.5535892,0.22291633
khanhha_original::CRACK500_20160307_145059_1921_361.jpg,0.14529155,0.13781893,0.7168895
khanhha_original::CRACK500_20160307_145107_1281_721.jpg,0.44835216,0.2622826,0.2893652
khanhha_original::CRACK500_20160307_145107_1_1.jpg,0.544857,0.18947704,0.26566586
khanhha_original::CRACK500_20160307_145259_1921_721.jpg,0.22644381,0.33368662,0.4398696
khanhha_original::CRACK500_20160307_145259_1_361.jpg,0.19401908,0.25624466,0.54973626
khanhha_original::CRACK500_20160307_162438_1921_1081.jpg,0.06974063,0.34542215,0.5848372
khanhha_original::CRACK500_20160307_162438_1921_721.jpg,0.12784237,0.10623059,0.7659271
khanhha_original::CRACK500_20160307_163537_1281_721.jpg,0.306846,0.12860319,0.5645508
khanhha_original::CRACK500_20160307_163537_641_361.jpg,0.15203926,0.2544078,0.59355295
khanhha_original::CRACK500_20160307_163537_641_721.jpg,0.48265573,0.066094294,0.45124993
khanhha_original::CRACK500_20160307_163627_641_721.jpg,0.33935377,0.34927523,0.31137103
khanhha_original::CRACK500_20160307_163641_1921_361.jpg,0.366491,0.3419479,0.29156113
khanhha_original::CRACK500_20160307_164214_1281_1081.jpg,0.28466094,0.21858944,0.49674958
khanhha_original::CRACK500_20160307_164214_1_721.jpg,0.37867174,0.2962605,0.32506782
khanhha_original::CRACK500_20160307_164226_1921_721.jpg,0.37752593,0.37184867,0.25062537
khanhha_original::CRACK500_20160307_164226_1_721.jpg,0.44843537,0.0914589,0.46010578
khanhha_original::CRACK500_20160307_164226_641_721.jpg,0.25416622,0.23284894,0.5129848
khanhha_original::CRACK500_20160307_164301_641_361.jpg,0.23959085,0.3213972,0.4390119
khanhha_original::CRACK500_20160307_164334_641_1.jpg,0.1589936,0.6714351,0.16957138
khanhha_original::CRACK500_20160307_164334_641_361.jpg,0.19604592,0.51338804,0.290566
khanhha_original::CRACK500_20160307_164400_641_1.jpg,0.18199818,0.110956594,0.7070452
khanhha_original::CRACK500_20160307_164517_1921_361.jpg,0.20478433,0.3029742,0.49224147
khanhha_original::CRACK500_20160308_072824_641_1.jpg,0.20176482,0.66165537,0.13657983
khanhha_original::CRACK500_20160308_072921_1281_1081.jpg,0.19729498,0.6942529,0.10845215
khanhha_original::CRACK500_20160308_072921_1281_361.jpg,0.17376167,0.6970822,0.12915614
khanhha_original::CRACK500_20160308_072921_641_1081.jpg,0.07478338,0.6409524,0.28426424
khanhha_original::CRACK500_20160308_072921_641_721.jpg,0.06734656,0.56958324,0.3630702
khanhha_original::CRACK500_20160308_072951_641_721.jpg,0.15396485,0.6092531,0.23678206
khanhha_original::CRACK500_20160308_073014_1281_721.jpg,0.29098275,0.37563375,0.33338353
khanhha_original::CRACK500_20160308_073245_1_361.jpg,0.290839,0.4946419,0.21451916
khanhha_original::CRACK500_20160308_073245_641_1.jpg,0.1991138,0.5761841,0.22470215
khanhha_original::CRACK500_20160308_073356_1281_1081.jpg,0.21647026,0.48862326,0.29490647
khanhha_original::CRACK500_20160308_073356_641_1.jpg,0.16226144,0.74640363,0.091334924
khanhha_original::CRACK500_20160308_073406_641_721.jpg,0.26799744,0.2685941,0.4634084
khanhha_original::CRACK500_20160308_073532_1_361.jpg,0.40017387,0.44612694,0.15369911
khanhha_original::CRACK500_20160308_073736_1281_361.jpg,0.107909806,0.5591519,0.33293825
khanhha_original::CRACK500_20160308_073736_641_721.jpg,0.2510337,0.5784817,0.17048465
khanhha_original::CRACK500_20160308_074321_1921_361.jpg,0.19696617,0.62011397,0.18291986
khanhha_original::CRACK500_20160308_074330_1921_721.jpg,0.36868665,0.5455313,0.085782155
khanhha_original::CRACK500_20160308_074702_1281_361.jpg,0.25415018,0.43929496,0.30655482
khanhha_original::CRACK500_20160308_074702_1921_361.jpg,0.14590585,0.2980801,0.556014
khanhha_original::CRACK500_20160308_074702_641_721.jpg,0.20625436,0.35668468,0.437061
khanhha_original::CRACK500_20160308_155720_1281_361.jpg,0.21627292,0.058167942,0.7255592
khanhha_original::CRACK500_20160308_155720_1_1.jpg,0.20379557,0.037979253,0.75822514
khanhha_original::CRACK500_20160308_155720_641_721.jpg,0.14958301,0.04895845,0.8014585
khanhha_original::CRACK500_20160308_155731_1281_1.jpg,0.089648366,0.05342362,0.856928
khanhha_original::CRACK500_20160308_155731_641_1081.jpg,0.17535342,0.06281552,0.761831
khanhha_original::CRACK500_20160308_155737_1281_1.jpg,0.09237353,0.029522171,0.8781043
khanhha_original::CRACK500_20160308_155737_1281_361.jpg,0.17843959,0.0729046,0.7486558
khanhha_original::CRACK500_20160308_155737_1281_721.jpg,0.10454162,0.03934562,0.8561128
khanhha_original::CRACK500_20160308_155737_1921_1.jpg,0.09602349,0.04928091,0.85469556
khanhha_original::CRACK500_20160308_155737_1_1081.jpg,0.21410124,0.09366917,0.69222957
khanhha_original::CRACK500_20160308_155737_641_721.jpg,0.09703728,0.08440136,0.8185614
khanhha_original::CRACK500_20160308_155828_1281_721.jpg,0.2956662,0.37974775,0.32458615
khanhha_original::CRACK500_20160308_155836_1921_361.jpg,0.20163484,0.32994452,0.46842065
khanhha_original::CRACK500_20160308_155836_1921_721.jpg,0.5036799,0.18342009,0.31290004
khanhha_original::CRACK500_20160308_160053_1_361.jpg,0.08916405,0.2703986,0.6404374
khanhha_original::CRACK500_20160308_160128_641_361.jpg,0.31515348,0.34196296,0.34288356
khanhha_original::CRACK500_20160308_160128_641_721.jpg,0.36802247,0.24546495,0.38651258
khanhha_original::CRACK500_20160310_114418_641_361.jpg,0.19144662,0.29964092,0.5089125
khanhha_original::CRACK500_20160310_114441_641_1.jpg,0.22529253,0.1851475,0.58956
khanhha_original::CRACK500_20160310_114441_641_1081.jpg,0.15913065,0.22577545,0.61509395
khanhha_original::CRACK500_20160310_114446_641_1081.jpg,0.16998126,0.3279213,0.5020974
khanhha_original::CRACK500_20160310_114505_641_361.jpg,0.19188522,0.45653924,0.35157558
khanhha_original::CRACK500_20160310_114658_641_721.jpg,0.1952272,0.4447236,0.3600492
khanhha_original::CRACK500_20160316_141721_1_721.jpg,0.25319818,0.4717853,0.2750165
khanhha_original::CRACK500_20160316_141721_641_721.jpg,0.3345521,0.31907427,0.3463736
khanhha_original::CRACK500_20160316_142009_1281_361.jpg,0.23319782,0.6151486,0.15165357
khanhha_original::CRACK500_20160316_142009_1281_721.jpg,0.32093722,0.50456035,0.17450252
khanhha_original::CRACK500_20160316_142027_1281_721.jpg,0.52464116,0.34438646,0.13097239
khanhha_original::CRACK500_20160316_142449_1_361.jpg,0.37756556,0.44790316,0.17453125
khanhha_original::CRACK500_20160316_142539_1_721.jpg,0.29854885,0.22811458,0.47333652
khanhha_original::CRACK500_20160316_143433_641_361.jpg,0.1683885,0.4926801,0.3389314
khanhha_original::CRACK500_20160316_143445_1281_361.jpg,0.20260939,0.4637586,0.3336321
khanhha_original::CRACK500_20160316_143527_641_1.jpg,0.15503293,0.56563854,0.27932853
khanhha_original::CRACK500_20160316_143547_1281_1081.jpg,0.26438013,0.6107223,0.1248976
khanhha_original::CRACK500_20160316_143603_1921_361.jpg,0.18913281,0.51078296,0.30008426
khanhha_original::CRACK500_20160316_143624_1_641.jpg,0.1568893,0.50862366,0.33448705
khanhha_original::CRACK500_20160316_143629_1281_721.jpg,0.16432856,0.64822435,0.18744709
khanhha_original::CRACK500_20160316_143629_1921_721.jpg,0.21018772,0.69848526,0.091327034
khanhha_original::CRACK500_20160316_144203_1281_721.jpg,0.18132198,0.29989716,0.5187809
khanhha_original::CRACK500_20160316_144212_1921_721.jpg,0.18789037,0.74018854,0.071921095
khanhha_original::CRACK500_20160316_144212_641_721.jpg,0.14055705,0.6460748,0.2133682
khanhha_original::CRACK500_20160316_144230_641_1.jpg,0.09895937,0.6923092,0.2087314
khanhha_original::CRACK500_20160316_144241_641_361.jpg,0.13260487,0.76742727,0.09996777
khanhha_original::CRACK500_20160316_144431_641_1081.jpg,0.25261635,0.38267243,0.36471123
khanhha_original::CRACK500_20160316_183217_1281_1.jpg,0.2524755,0.4508072,0.29671735
khanhha_original::CRACK500_20160318_084343_1281_361.jpg,0.07396684,0.5264703,0.39956287
khanhha_original::CRACK500_20160318_181602_1281_361.jpg,0.29751047,0.4566221,0.24586749
khanhha_original::CRACK500_20160318_181627_1_721.jpg,0.31729114,0.3680298,0.31467897
khanhha_original::CRACK500_20160318_181632_1_1.jpg,0.20654298,0.29244173,0.5010153
khanhha_original::CRACK500_20160318_181632_1_361.jpg,0.20863035,0.48121515,0.31015444
khanhha_original::CRACK500_20160318_181632_641_1.jpg,0.3125091,0.53158265,0.15590827
khanhha_original::CRACK500_20160321_183951_1_361.jpg,0.23303433,0.30200356,0.46496215
khanhha_original::CRACK500_20160321_185457_1281_1.jpg,0.09772813,0.70629936,0.19597252
khanhha_original::CRACK500_20160321_185457_1921_1.jpg,0.11050966,0.68282294,0.20666738
khanhha_original::CRACK500_20160321_185518_1921_721.jpg,0.052676108,0.48416606,0.46315783
khanhha_original::CRACK500_20160321_185518_1_721.jpg,0.039140254,0.55413854,0.40672123
khanhha_original::CRACK500_20160321_185534_1281_721.jpg,0.04159239,0.68744665,0.27096084
khanhha_original::CRACK500_20160321_185557_1_361.jpg,0.046050925,0.33089584,0.62305325
khanhha_original::CRACK500_20160321_185557_641_721.jpg,0.07671045,0.80982506,0.11346453
khanhha_original::CRACK500_20160321_185637_1_1081.jpg,0.07182928,0.5238274,0.4043433
khanhha_original::CRACK500_20160324_165857_1281_361.jpg,0.19458845,0.25269753,0.552714
khanhha_original::CRACK500_20160324_165857_641_361.jpg,0.12293556,0.16727962,0.70978487
khanhha_original::CRACK500_20160324_170309_641_1.jpg,0.31518558,0.394038,0.29077646
khanhha_original::CRACK500_20160324_170309_641_361.jpg,0.34725764,0.28627467,0.3664677
khanhha_original::CRACK500_20160324_170309_641_721.jpg,0.4020662,0.24360034,0.3543335
khanhha_original::CRACK500_20160324_170323_1_721.jpg,0.32430938,0.4568675,0.21882308
khanhha_original::CRACK500_20160324_170347_1281_361.jpg,0.21625182,0.39401135,0.3897368
khanhha_original::CRACK500_20160324_170347_1281_721.jpg,0.43216833,0.17124335,0.3965883
khanhha_original::CRACK500_20160324_170542_1_721.jpg,0.25995624,0.14875935,0.5912844
khanhha_original::CRACK500_20160325_185829_641_361.jpg,0.19271065,0.25806996,0.5492194
khanhha_original::CRACK500_20160326_141812_1281_721.jpg,0.36348796,0.4238115,0.21270052
khanhha_original::CRACK500_20160326_141812_1921_721.jpg,0.21270315,0.7086297,0.07866709
khanhha_original::CRACK500_20160326_142309_1281_721.jpg,0.28305396,0.28939956,0.4275465
khanhha_original::CRACK500_20160326_142354_641_1081.jpg,0.17858207,0.34300622,0.47841167
khanhha_original::CRACK500_20160326_142403_1921_361.jpg,0.27310914,0.25885352,0.46803728
khanhha_original::CRACK500_20160326_150104_1921_361.jpg,0.17618388,0.31588805,0.5079281
khanhha_original::CRACK500_20160326_150104_1_361.jpg,0.263035,0.146958,0.590007
khanhha_original::CRACK500_20160326_162529_641_361.jpg,0.22778346,0.39458686,0.37762973
khanhha_original::CRACK500_20160326_162532_1921_361.jpg,0.22789812,0.21539827,0.5567036
khanhha_original::CRACK500_20160326_162532_1_721.jpg,0.2615885,0.22963415,0.5087773
khanhha_original::CRACK500_20160326_174634_1921_361.jpg,0.19408095,0.4462007,0.35971838
khanhha_original::CRACK500_20160326_174634_641_721.jpg,0.2801261,0.23860604,0.48126793
khanhha_original::CRACK500_20160328_150820_641_361.jpg,0.22162323,0.47203076,0.30634606
khanhha_original::CRACK500_20160328_150821_1281_361.jpg,0.2951955,0.49965078,0.20515373
khanhha_original::CRACK500_20160328_150821_1_721.jpg,0.33410743,0.3793553,0.28653726
khanhha_original::CRACK500_20160328_150821_641_361.jpg,0.19814004,0.4846989,0.317161
khanhha_original::CRACK500_20160328_150827_1281_1081.jpg,0.18903871,0.27894372,0.5320176
khanhha_original::CRACK500_20160328_150927_1281_721.jpg,0.53950214,0.23894972,0.22154817
khanhha_original::CRACK500_20160328_150932_1921_361.jpg,0.20787482,0.2449233,0.54720193
khanhha_original::CRACK500_20160328_150932_641_361.jpg,0.33549863,0.21423931,0.4502621
khanhha_original::CRACK500_20160328_150933_1921_361.jpg,0.28833967,0.49660406,0.21505624
khanhha_original::CRACK500_20160328_150940_1281_361.jpg,0.21932729,0.533131,0.2475417
khanhha_original::CRACK500_20160328_150940_1_1081.jpg,0.24244435,0.42006454,0.33749115
khanhha_original::CRACK500_20160328_150940_641_1081.jpg,0.31989136,0.4535613,0.22654738
khanhha_original::CRACK500_20160328_150940_641_361.jpg,0.48118833,0.2842179,0.23459384
khanhha_original::CRACK500_20160328_151013_361_1921.jpg,0.33530653,0.3718465,0.29284695
khanhha_original::CRACK500_20160328_151020_641_721.jpg,0.2684568,0.26177135,0.46977186
khanhha_original::CRACK500_20160328_151027_1921_1.jpg,0.33874324,0.27449712,0.3867596
khanhha_original::CRACK500_20160328_151027_641_361.jpg,0.35470256,0.16104361,0.48425388
khanhha_original::CRACK500_20160328_151056_1_361.jpg,0.33599922,0.3761943,0.2878064
khanhha_original::CRACK500_20160328_151056_641_1081.jpg,0.2670511,0.60503334,0.1279156
khanhha_original::CRACK500_20160328_151057_1281_721.jpg,0.38716945,0.19421066,0.41861987
khanhha_original::CRACK500_20160328_151151_1921_721.jpg,0.24244677,0.56897146,0.18858176
khanhha_original::CRACK500_20160328_151151_1_1.jpg,0.17207757,0.6429696,0.18495281
khanhha_original::CRACK500_20160328_151151_641_1081.jpg,0.17875545,0.59027237,0.2309722
khanhha_original::CRACK500_20160328_151151_641_361.jpg,0.1795867,0.5475908,0.2728225
khanhha_original::CRACK500_20160328_151201_1281_721.jpg,0.32485908,0.19345452,0.48168644
khanhha_original::CRACK500_20160328_151201_1_1.jpg,0.21382573,0.45904025,0.32713398
khanhha_original::CRACK500_20160328_151241_1_1.jpg,0.23384836,0.5920886,0.17406301
khanhha_original::CRACK500_20160328_151241_641_721.jpg,0.36895818,0.42668912,0.20435272
khanhha_original::CRACK500_20160328_151243_1_361.jpg,0.13871677,0.45023417,0.41104907
khanhha_original::CRACK500_20160328_151244_1921_1081.jpg,0.30269018,0.52734977,0.16996007
khanhha_original::CRACK500_20160328_151244_641_721.jpg,0.33022588,0.35862038,0.31115374
khanhha_original::CRACK500_20160328_151247_641_1.jpg,0.2206165,0.5692051,0.21017838
khanhha_original::CRACK500_20160328_151343_1281_1.jpg,0.225721,0.5571355,0.2171434
khanhha_original::CRACK500_20160328_151343_641_721.jpg,0.26409465,0.4127328,0.3231726
khanhha_original::CRACK500_20160328_151355_1281_361.jpg,0.4807429,0.25672305,0.26253408
khanhha_original::CRACK500_20160328_151355_641_721.jpg,0.25220993,0.59487605,0.15291406
khanhha_original::CRACK500_20160328_151409_1921_1081.jpg,0.30443507,0.43568403,0.25988087
khanhha_original::CRACK500_20160328_151413_1_361.jpg,0.094024755,0.57086587,0.33510935
khanhha_original::CRACK500_20160328_151413_641_721.jpg,0.27535915,0.5011795,0.22346132
khanhha_original::CRACK500_20160328_151423_641_1081.jpg,0.27278072,0.4327534,0.29446593
khanhha_original::CRACK500_20160328_151504_1_361.jpg,0.27231666,0.5855244,0.14215897
khanhha_original::CRACK500_20160328_151657_1281_1.jpg,0.35745773,0.35670066,0.2858416
khanhha_original::CRACK500_20160328_151657_1921_721.jpg,0.31500107,0.3598966,0.3251024
khanhha_original::CRACK500_20160328_151657_1_361.jpg,0.3622379,0.1278456,0.5099164
khanhha_original::CRACK500_20160328_151657_641_361.jpg,0.30460683,0.23011264,0.46528053
khanhha_original::CRACK500_20160328_151657_641_721.jpg,0.22603624,0.094131134,0.67983264
khanhha_original::CRACK500_20160328_151728_1921_721.jpg,0.20377,0.34612435,0.45010564
khanhha_original::CRACK500_20160328_151808_1281_721.jpg,0.30271283,0.38929522,0.30799192
khanhha_original::CRACK500_20160328_152022_1921_1.jpg,0.14799589,0.71436006,0.1376441
khanhha_original::CRACK500_20160328_152022_641_721.jpg,0.23667458,0.4202602,0.34306517
khanhha_original::CRACK500_20160328_152305_1921_361.jpg,0.10829626,0.5434604,0.34824333
khanhha_original::CRACK500_20160328_152308_1_361.jpg,0.14506368,0.44806585,0.40687048
khanhha_original::CRACK500_20160328_152322_1281_721.jpg,0.27190998,0.25011653,0.47797355
khanhha_original::CRACK500_20160328_152322_1_721.jpg,0.40636325,0.38380393,0.20983277
khanhha_original::CRACK500_20160328_152328_1281_361.jpg,0.2420386,0.3908724,0.36708897
khanhha_original::CRACK500_20160328_152328_1921_361.jpg,0.24610843,0.44854817,0.3053434
khanhha_original::CRACK500_20160328_152328_641_361.jpg,0.19908893,0.55767316,0.24323791
khanhha_original::CRACK500_20160328_152511_1921_721.jpg,0.27474293,0.5198223,0.20543483
khanhha_original::CRACK500_20160328_153020_1921_361.jpg,0.1919414,0.5899767,0.21808186
khanhha_original::CRACK500_20160328_153241_1281_721.jpg,0.099645145,0.4634027,0.43695214
khanhha_original::CRACK500_20160328_153327_1_721.jpg,0.10000082,0.70661014,0.193389
khanhha_original::CRACK500_20160328_153357_1281_361.jpg,0.19256409,0.5046677,0.30276823
khanhha_original::CRACK500_20160328_153357_641_1.jpg,0.37311256,0.3720252,0.2548623
khanhha_original::CRACK500_20160328_153404_641_721.jpg,0.19921097,0.18119842,0.6195906
khanhha_original::CRACK500_20160328_153421_641_1.jpg,0.10706547,0.7749312,0.118003234
khanhha_original::CRACK500_20160328_153524_641_361.jpg,0.11807263,0.39184868,0.49007866
khanhha_original::CRACK500_20160328_153533_1281_1.jpg,0.22277339,0.4459832,0.3312434
khanhha_original::CRACK500_20160328_153533_1281_721.jpg,0.21340886,0.28926274,0.4973284
khanhha_original::CRACK500_20160328_153533_1_1081.jpg,0.22934815,0.3365506,0.4341012
khanhha_original::CRACK500_20160328_153536_1281_1081.jpg,0.26938882,0.55950046,0.17111069
khanhha_original::CRACK500_20160328_153536_1_1081.jpg,0.23660801,0.52204156,0.24135044
khanhha_original::CRACK500_20160328_153536_641_1081.jpg,0.1200025,0.4865299,0.3934676
khanhha_original::CRACK500_20160328_153540_641_361.jpg,0.15942663,0.60210663,0.23846677
khanhha_original::CRACK500_20160328_153540_641_721.jpg,0.30079895,0.4478123,0.2513888
khanhha_original::CRACK500_20160328_153544_1_1081.jpg,0.27770096,0.33128235,0.3910167
khanhha_original::CRACK500_20160328_153544_1_721.jpg,0.16897115,0.50211346,0.32891533
khanhha_original::CRACK500_20160328_153548_1281_721.jpg,0.24297093,0.32817096,0.42885807
khanhha_original::CRACK500_20160328_153548_1921_721.jpg,0.25301355,0.5579319,0.1890545
khanhha_original::CRACK500_20160328_153553_1281_721.jpg,0.14253543,0.605133,0.25233153
khanhha_original::CRACK500_20160328_153556_1_361.jpg,0.17370033,0.68182915,0.1444705
khanhha_original::CRACK500_20160328_153559_1281_361.jpg,0.22200267,0.68316865,0.09482874
khanhha_original::CRACK500_20160328_153559_1_361.jpg,0.091558665,0.6696649,0.23877643
khanhha_original::CRACK500_20160328_153604_1_361.jpg,0.10105009,0.73307997,0.16586994
khanhha_original::CRACK500_20160328_153604_641_1.jpg,0.07508085,0.80867726,0.11624187
khanhha_original::CRACK500_20160328_153604_641_721.jpg,0.10442705,0.6513078,0.24426511
khanhha_original::CRACK500_20160328_153612_1281_1081.jpg,0.2032083,0.5471506,0.24964112
khanhha_original::CRACK500_20160328_153616_1281_361.jpg,0.16494295,0.33638337,0.49867368
khanhha_original::CRACK500_20160328_153623_1_721.jpg,0.19796321,0.6735021,0.12853466
khanhha_original::CRACK500_20160328_153629_1921_361.jpg,0.04366809,0.5656905,0.39064142
khanhha_original::CRACK500_20160328_153645_1_361.jpg,0.17711657,0.45640534,0.36647806
khanhha_original::CRACK500_20160328_153657_1921_1081.jpg,0.27934518,0.51465917,0.20599563
khanhha_original::CRACK500_20160328_153702_1281_721.jpg,0.29706183,0.33034846,0.37258968
khanhha_original::CRACK500_20160328_153702_1_1081.jpg,0.15041253,0.362595,0.48699254
khanhha_original::CRACK500_20160328_153706_1281_1.jpg,0.324168,0.47867632,0.19715568
khanhha_original::CRACK500_20160328_153706_1281_1081.jpg,0.121701516,0.60426974,0.27402875
khanhha_original::CRACK500_20160328_153706_1921_1.jpg,0.3583027,0.4826687,0.15902868
khanhha_original::CRACK500_20160328_153714_1_1.jpg,0.24234499,0.45936212,0.29829293
khanhha_original::CRACK500_20160328_153714_1_1081.jpg,0.3324938,0.5406247,0.12688144
khanhha_original::CRACK500_20160328_153714_641_721.jpg,0.34822035,0.41584268,0.23593694
khanhha_original::CRACK500_20160328_153718_1281_1.jpg,0.24421886,0.56800383,0.18777733
khanhha_original::CRACK500_20160328_153718_1921_1.jpg,0.2712536,0.49136874,0.23737764
khanhha_original::CRACK500_20160328_153724_1_1081.jpg,0.23728557,0.40591884,0.3567956
khanhha_original::CRACK500_20160328_153724_641_721.jpg,0.20368512,0.46953645,0.32677835
khanhha_original::CRACK500_20160328_153813_1281_1081.jpg,0.0781333,0.6759248,0.24594195
khanhha_original::CRACK500_20160328_153813_1921_1081.jpg,0.17136717,0.12148545,0.70714736
khanhha_original::CRACK500_20160328_153821_1_1.jpg,0.11770651,0.77136564,0.1109279
khanhha_original::CRACK500_20160328_153829_1921_361.jpg,0.30080774,0.5302272,0.16896497
khanhha_original::CRACK500_20160328_153829_641_1.jpg,0.16864237,0.69488454,0.13647307
khanhha_original::CRACK500_20160328_153845_1281_721.jpg,0.25957045,0.32583094,0.41459867
khanhha_original::CRACK500_20160328_153845_1_361.jpg,0.22558308,0.5022189,0.272198
khanhha_original::CRACK500_20160328_153845_641_721.jpg,0.21912995,0.21275845,0.56811154
khanhha_original::CRACK500_20160328_153848_1921_1.jpg,0.32518038,0.4067502,0.2680694
khanhha_original::CRACK500_20160328_153915_1921_721.jpg,0.071996436,0.7346561,0.19334753
khanhha_original::CRACK500_20160328_153918_1_361.jpg,0.13032942,0.5292008,0.3404698
khanhha_original::CRACK500_20160328_153918_1_721.jpg,0.19580488,0.6409812,0.16321391
khanhha_original::CRACK500_20160328_154011_1921_1.jpg,0.36247504,0.32375222,0.31377277
khanhha_original::CRACK500_20160328_154159_1921_1081.jpg,0.1528441,0.34129253,0.50586337
khanhha_original::CRACK500_20160328_154159_1_361.jpg,0.10589244,0.41007915,0.48402846
khanhha_original::CRACK500_20160328_154202_1281_1.jpg,0.20506783,0.71770763,0.077224575
khanhha_original::CRACK500_20160328_154202_1281_1081.jpg,0.20366274,0.41047636,0.38586092
khanhha_original::CRACK500_20160328_154202_1921_361.jpg,0.24057034,0.6790896,0.080339976
khanhha_original::CRACK500_20160328_154202_641_1081.jpg,0.235025,0.27486423,0.49011075
khanhha_original::CRACK500_20160328_154318_1281_361.jpg,0.21787211,0.66840315,0.1137247
khanhha_original::CRACK500_20160328_154318_641_1.jpg,0.12561826,0.73581684,0.13856483
khanhha_original::CRACK500_20160328_154318_641_721.jpg,0.11088513,0.48952472,0.3995902
khanhha_original::CRACK500_20160328_154321_1281_1.jpg,0.10976714,0.846263,0.043969873
khanhha_original::CRACK500_20160328_154334_641_721.jpg,0.18859306,0.5297656,0.28164133
khanhha_original::CRACK500_20160328_154352_1281_721.jpg,0.13070598,0.63131136,0.2379827
khanhha_original::CRACK500_20160328_154356_1921_721.jpg,0.19353548,0.4663156,0.34014896
khanhha_original::CRACK500_20160328_154429_641_721.jpg,0.10916765,0.73925376,0.15157858
khanhha_original::CRACK500_20160328_154454_1_721.jpg,0.3428796,0.37689722,0.28022322
khanhha_original::CRACK500_20160328_154454_721_1.jpg,0.29589906,0.30000883,0.4040921
khanhha_original::CRACK500_20160328_154535_1281_721.jpg,0.17308481,0.33362874,0.4932865
khanhha_original::CRACK500_20160328_154535_641_721.jpg,0.097645104,0.27054632,0.6318085
khanhha_original::CRACK500_20160329_093924_1921_721.jpg,0.15631904,0.71624094,0.12744002
khanhha_original::CRACK500_20160329_094003_641_361.jpg,0.112331375,0.69599134,0.19167729
khanhha_original::CRACK500_20160329_094010_1281_361.jpg,0.086737156,0.775434,0.13782884
khanhha_original::CRACK500_20160329_094010_1_361.jpg,0.057057094,0.8052654,0.13767745
khanhha_original::CRACK500_20160329_094010_641_721.jpg,0.1081879,0.71183306,0.1799791
khanhha_original::CRACK500_20160329_094025_1921_361.jpg,0.12859856,0.7621224,0.10927903
khanhha_original::CRACK500_20160329_094025_1_721.jpg,0.059813272,0.787764,0.15242282
khanhha_original::CRACK500_20160329_094055_1_721.jpg,0.13502,0.66607445,0.19890559
khanhha_original::CRACK500_20160329_094452_1_721.jpg,0.09907341,0.8353337,0.06559292
khanhha_original::CRACK500_20160329_094459_1281_1.jpg,0.13073707,0.7334822,0.13578086
khanhha_original::CRACK500_20160329_094459_641_361.jpg,0.13455124,0.74266815,0.12278068
khanhha_original::CRACK500_20160329_094512_1281_1081.jpg,0.10789577,0.7412356,0.15086862
khanhha_original::CRACK500_20160329_094512_1281_721.jpg,0.20340852,0.47078726,0.32580414
khanhha_original::CRACK500_20160329_094512_1921_721.jpg,0.13536547,0.70790553,0.15672907
khanhha_original::CRACK500_20160329_094527_1_361.jpg,0.1691647,0.73201096,0.09882423
khanhha_original::CRACK500_20160329_101342_1281_721.jpg,0.21200788,0.6329299,0.15506224
khanhha_original::CRACK500_20160329_101342_641_721.jpg,0.22257032,0.5820531,0.19537653
khanhha_original::CRACK500_20160329_101347_1921_721.jpg,0.055345524,0.79228824,0.15236613
khanhha_original::CRACK500_20160329_101503_641_721.jpg,0.11409415,0.56143546,0.32447034
khanhha_original::CRACK500_20160329_101511_1921_361.jpg,0.17779894,0.69276726,0.12943383
khanhha_original::CRACK500_20160329_103609_1281_721.jpg,0.11900426,0.5527693,0.32822645
khanhha_original::CRACK500_20160329_103609_1921_721.jpg,0.18531169,0.4245422,0.39014617
khanhha_original::CRACK500_20160329_103609_1_721.jpg,0.12102385,0.6140767,0.26489943
khanhha_original::CRACK500_20160329_103609_641_361.jpg,0.122042194,0.646564,0.23139375
khanhha_original::CRACK500_20160329_103626_1281_721.jpg,0.18169929,0.6718706,0.14643013
khanhha_original::CRACK500_20160329_103626_641_721.jpg,0.17248355,0.7013945,0.12612194
khanhha_original::CRACK500_20160329_103800_361_641.jpg,0.17733191,0.22915831,0.59350973
khanhha_original::CRACK500_20160329_103807_721_1281.jpg,0.17999202,0.35187954,0.46812838
khanhha_original::CRACK500_20160329_104031_1281_721.jpg,0.13744228,0.6914662,0.17109151
khanhha_original::CRACK500_20160329_104031_1921_721.jpg,0.28056514,0.5245101,0.19492474
khanhha_original::CRACK500_20160329_104031_641_1081.jpg,0.23699614,0.4831666,0.27983725
khanhha_original::CRACK500_20160329_104035_1921_721.jpg,0.11675057,0.7009282,0.18232125
khanhha_original::CRACK500_20160329_104035_641_1.jpg,0.15795125,0.742463,0.099585764
khanhha_original::CRACK500_20160329_104107_1921_721.jpg,0.15466648,0.6353619,0.20997159
khanhha_original::CRACK500_20160329_104107_1_721.jpg,0.23851219,0.34841543,0.41307235
khanhha_original::CRACK500_20160329_104111_1281_721.jpg,0.105622806,0.7313235,0.16305374
khanhha_original::CRACK500_20160329_104117_1281_361.jpg,0.08655745,0.85965633,0.053786173
khanhha_original::CRACK500_20160329_104117_1921_361.jpg,0.13310876,0.7976706,0.06922067
khanhha_original::CRACK500_20160329_104120_1921_721.jpg,0.20196767,0.72367835,0.07435396
khanhha_original::CRACK500_20160329_104120_1_361.jpg,0.22383082,0.6160594,0.16010968
khanhha_original::CRACK500_20160329_104120_1_721.jpg,0.15995644,0.5942851,0.24575853
khanhha_original::CRACK500_20160329_104120_641_721.jpg,0.18338141,0.6621954,0.15442322
khanhha_original::CRACK500_20160329_104152_1_721.jpg,0.17453831,0.6190771,0.20638458
khanhha_original::CRACK500_20160329_104152_641_721.jpg,0.11029968,0.6922514,0.19744895
khanhha_original::CRACK500_20160329_104205_1921_361.jpg,0.21548063,0.5825568,0.20196255
khanhha_original::CRACK500_20160329_111111_1921_361.jpg,0.2279193,0.6680488,0.10403187
khanhha_original::CRACK500_20160329_115529_1_721.jpg,0.14864671,0.59814847,0.25320482
khanhha_original::CRACK500_20160329_115531_641_721.jpg,0.18564478,0.313709,0.5006462
khanhha_original::CRACK500_20160330_160957_1921_1081.jpg,0.35922605,0.13703816,0.5037358
khanhha_original::CRACK500_20160330_160957_1_721.jpg,0.23745978,0.35498452,0.40755573
khanhha_original::CRACK500_20160330_163725_1921_361.jpg,0.17582928,0.39829174,0.42587903
khanhha_original::CRACK500_20160330_163725_641_1081.jpg,0.07104389,0.51744163,0.4115145
khanhha_original::CRACK500_20160330_163946_641_361.jpg,0.051990844,0.10223498,0.8457742
khanhha_original::CRACK500_20160330_164743_1_361.jpg,0.12518924,0.5058077,0.36900303
khanhha_original::CRACK500_20160330_164743_641_361.jpg,0.117100745,0.53523976,0.34765947
khanhha_original::CRACK500_20160330_165325_1921_361.jpg,0.4012974,0.25172067,0.34698203
khanhha_original::CRACK500_20160330_165325_1921_721.jpg,0.47284043,0.30202982,0.22512981
khanhha_original::CRACK500_20160330_165325_1_721.jpg,0.51374155,0.1491804,0.3370781
khanhha_original::CRACK500_20160330_165333_1921_1081.jpg,0.2715161,0.46943468,0.25904924
khanhha_original::CRACK500_20160330_165333_1_721.jpg,0.3292998,0.1667301,0.5039701
khanhha_original::CRACK500_20160330_165644_641_1081.jpg,0.10347008,0.81156164,0.08496824
khanhha_original::CRACK500_20160330_170014_641_361.jpg,0.23474589,0.48193762,0.28331643
khanhha_original::CRACK500_20160330_170014_641_721.jpg,0.36260244,0.36801696,0.26938057
khanhha_original::CRACK500_20160330_170114_1281_361.jpg,0.2570953,0.5736588,0.1692459
khanhha_original::CRACK500_20160330_170114_641_721.jpg,0.37642807,0.24201179,0.38156018
khanhha_original::CRACK500_20160330_170302_1_721.jpg,0.07333601,0.5397315,0.3869325
khanhha_original::CRACK500_20160330_170308_1281_361.jpg,0.075071044,0.69126356,0.23366529
khanhha_original::CRACK500_20160330_170308_1921_1081.jpg,0.15957214,0.6645353,0.1758926
khanhha_original::CRACK500_20160330_170308_1921_361.jpg,0.085139714,0.79841655,0.116443776
khanhha_original::CRACK500_20160330_170308_1921_721.jpg,0.06267087,0.7740981,0.16323107
khanhha_original::CRACK500_20160330_170501_1_721.jpg,0.26298544,0.40772665,0.3292879
khanhha_original::CRACK500_20160330_170504_641_721.jpg,0.22574377,0.2585008,0.5157554
khanhha_original::CRACK500_20160330_170848_641_361.jpg,0.031729218,0.7351211,0.23314965
khanhha_original::CRACK500_20160330_172305_1_1081.jpg,0.13480167,0.59476995,0.27042845
khanhha_original::CRACK500_20160330_172305_1_721.jpg,0.18336165,0.52018225,0.29645613
khanhha_original::CRACK500_20160330_172309_1_721.jpg,0.19633584,0.56074536,0.24291879
khanhha_original::CRACK500_20160402_150105_1_1.jpg,0.2793487,0.28624567,0.43440562
khanhha_original::CRACK500_20160402_150110_1281_361.jpg,0.44615856,0.36888817,0.18495326
khanhha_original::CRACK500_20160402_150110_1921_361.jpg,0.22126727,0.52186346,0.2568693
khanhha_original::CRACK500_20160402_150110_641_721.jpg,0.4417824,0.22416738,0.33405027
khanhha_original::CRACK500_20160402_150300_1281_721.jpg,0.44670466,0.1372193,0.41607597
khanhha_original::CRACK500_20160402_150314_641_361.jpg,0.30803168,0.48762697,0.2043414
khanhha_original::CRACK500_20160402_150317_641_361.jpg,0.43347722,0.39764148,0.16888134
khanhha_original::CRACK500_20160402_150317_641_721.jpg,0.32971132,0.3341545,0.3361342
khanhha_original::CRACK500_20160402_150938_641_361.jpg,0.6767594,0.16871426,0.15452637
khanhha_original::CRACK500_20160402_150938_641_721.jpg,0.4092628,0.123942584,0.46679455
khanhha_original::CRACK500_20160402_151049_641_721.jpg,0.16498414,0.25130993,0.5837059
khanhha_original::CRACK500_20160402_151054_1281_361.jpg,0.18017206,0.63890016,0.18092786
khanhha_original::CRACK500_20160402_151054_641_721.jpg,0.31239635,0.5110156,0.17658803
khanhha_original::CRACK500_20160402_151837_1921_721.jpg,0.20361903,0.6676264,0.12875462
khanhha_original::CRACK500_20160405_171219_1281_721.jpg,0.11109957,0.5823399,0.30656058
khanhha_original::CRACK500_20160405_171219_641_721.jpg,0.13615346,0.7792349,0.08461165
khanhha_original::CRACK500_20160405_171333_1281_361.jpg,0.26910576,0.24019629,0.490698
khanhha_original::CRACK500_20160405_171336_641_361.jpg,0.18363126,0.30124423,0.5151245
khanhha_original::CRACK500_20160405_171348_1921_721.jpg,0.14791846,0.5492243,0.30285722
khanhha_original::CRACK500_20160405_171431_641_1.jpg,0.06480183,0.8050556,0.13014254
khanhha_original::CRACK500_20160405_171431_641_361.jpg,0.081741296,0.46103072,0.45722798
khanhha_original::CRACK500_20160405_171453_1281_361.jpg,0.113037735,0.5335765,0.3533858
khanhha_original::CRACK500_20160405_171453_1_721.jpg,0.10861162,0.5311398,0.36024866
khanhha_original::CRACK500_20160405_171453_641_361.jpg,0.08116253,0.69210804,0.22672953
khanhha_original::CRACK500_20160405_171456_1_361.jpg,0.0975047,0.6779558,0.22453953
khanhha_original::CRACK500_20160405_171712_1281_1.jpg,0.058757428,0.8783424,0.06290015
khanhha_original::CRACK500_20160405_171712_1281_361.jpg,0.06630486,0.5820731,0.351622
khanhha_original::CRACK500_20160405_171712_1921_1.jpg,0.0838231,0.70048666,0.21569021
khanhha_original::CRACK500_20160405_171716_1921_721.jpg,0.0809298,0.58448416,0.33458602
khanhha_original::CRACK500_20160405_171723_1281_361.jpg,0.067544706,0.7253291,0.20712624
khanhha_original::CRACK500_20160405_172849_1921_1.jpg,0.1520547,0.6106173,0.23732807
khanhha_original::CRACK500_20160405_172854_1921_1.jpg,0.085746154,0.5730074,0.3412464
khanhha_original::CRACK500_20160405_172908_1281_1.jpg,0.07431727,0.8764731,0.049209524
khanhha_original::CRACK500_20160407_163125_1_721.jpg,0.2695439,0.15019172,0.58026445
khanhha_original::CRACK500_20160407_163257_1281_721.jpg,0.20598094,0.29581097,0.49820805
khanhha_original::CRACK500_20160407_163257_641_361.jpg,0.23368031,0.27444708,0.4918726
khanhha_original::CRACK500_20160407_163515_1281_721.jpg,0.11503206,0.78607696,0.09889095
khanhha_original::CRACK500_20160407_163515_1_361.jpg,0.05413635,0.836058,0.10980564
khanhha_original::CRACK500_20160407_163522_1921_721.jpg,0.18709518,0.48875788,0.324147
khanhha_original::CRACK500_20160407_163522_641_721.jpg,0.3093935,0.28928357,0.40132296
khanhha_original::CRACK500_20160407_165001_641_1081.jpg,0.36235127,0.45703182,0.1806169
khanhha_original::CRACK500_20160407_165009_1281_721.jpg,0.32107008,0.48985106,0.18907894
khanhha_original::CRACK500_20160407_165009_1_721.jpg,0.23204471,0.5844604,0.18349484
khanhha_original::CRACK500_20160407_165210_1921_721.jpg,0.30891365,0.18050826,0.5105781
khanhha_original::CRACK500_20160415_191330_1921_361.jpg,0.040931877,0.2971032,0.66196483
khanhha_original::CRACK500_20160415_191330_641_721.jpg,0.10313076,0.46616793,0.4307013
khanhha_original::CRACK500_IMG_2931_1297_485.jpg,0.19713613,0.33994025,0.46292365
khanhha_original::CRACK500_IMG_2931_1297_969.jpg,0.23522885,0.36002782,0.4047433
khanhha_original::CRACK500_IMG_2931_1945_485.jpg,0.09031869,0.26644295,0.6432383
khanhha_original::CRACK500_IMG_2931_1945_969.jpg,0.23370865,0.3761716,0.39011976
khanhha_original::CRACK500_IMG_2931_1_485.jpg,0.13512625,0.3215188,0.543355
khanhha_original::CRACK500_IMG_2932_1297_969.jpg,0.21591957,0.41392708,0.3701533
khanhha_original::CRACK500_IMG_2933_649_969.jpg,0.2808556,0.31073523,0.40840915
khanhha_original::CRACK500_IMG_2934_649_969.jpg,0.34937975,0.33248097,0.31813926
khanhha_original::CRACK500_IMG_2935_649_969.jpg,0.28926548,0.2966432,0.41409132
khanhha_original::CRACK500_IMG_2937_1297_969.jpg,0.20100494,0.37458354,0.42441154
khanhha_original::CRACK500_IMG_2938_1297_969.jpg,0.20140229,0.31260285,0.48599488
khanhha_original::CRACK500_IMG_2942_649_485.jpg,0.6473415,0.21617676,0.13648172
khanhha_original::DeepCrack_11113.jpg,0.7299715,0.1322517,0.13777676
khanhha_original::DeepCrack_11114.jpg,0.56562465,0.03684329,0.39753202
khanhha_original::DeepCrack_11116-2.jpg,0.24671412,0.19500516,0.55828077
khanhha_original::DeepCrack_11116-3.jpg,0.15332067,0.4197177,0.42696163
khanhha_original::DeepCrack_11118.jpg,0.9146739,0.059056465,0.026269715
khanhha_original::DeepCrack_11123.jpg,0.06363222,0.04802836,0.88833946
khanhha_original::DeepCrack_11125-1.jpg,0.6579073,0.10228778,0.23980486
khanhha_original::DeepCrack_11134-3.jpg,0.021359017,0.08094043,0.8977006
khanhha_original::DeepCrack_11134-4.jpg,0.045200367,0.17644818,0.7783514
khanhha_original::DeepCrack_11134.jpg,0.059830338,0.17573944,0.7644302
khanhha_original::DeepCrack_11151-2.jpg,0.41640562,0.37678382,0.20681049
khanhha_original::DeepCrack_11153.jpg,0.8599398,0.03704134,0.103018805
khanhha_original::DeepCrack_11155-1.jpg,0.1591499,0.14476503,0.6960851
khanhha_original::DeepCrack_11155.jpg,0.19798581,0.14942385,0.6525904
khanhha_original::DeepCrack_11156-1.jpg,0.12921993,0.08821059,0.78256947
khanhha_original::DeepCrack_11163-1.jpg,0.0934918,0.131806,0.7747022
khanhha_original::DeepCrack_11164-2.jpg,0.48684126,0.16831455,0.3448441
khanhha_original::DeepCrack_11164-4.jpg,0.24893379,0.27084807,0.48021814
khanhha_original::DeepCrack_11165-2.jpg,0.79772687,0.12484561,0.07742753
khanhha_original::DeepCrack_11165.jpg,0.7488407,0.14275225,0.10840702
khanhha_original::DeepCrack_11178-3.jpg,0.30333212,0.41475886,0.28190905
khanhha_original::DeepCrack_11184-1.jpg,0.07557663,0.045193426,0.87922996
khanhha_original::DeepCrack_11188-2.jpg,0.14882421,0.27811825,0.5730576
khanhha_original::DeepCrack_11188.jpg,0.24959645,0.25026548,0.5001381
khanhha_original::DeepCrack_11197-2.jpg,0.040108528,0.1362633,0.8236282
khanhha_original::DeepCrack_11197-4.jpg,0.14337586,0.2889845,0.56763965
khanhha_original::DeepCrack_11204.jpg,0.73116666,0.14347306,0.12536028
khanhha_original::DeepCrack_11215-15.jpg,0.05883886,0.12106965,0.8200914
khanhha_original::DeepCrack_11215-3.jpg,0.07882986,0.24076718,0.680403
khanhha_original::DeepCrack_11218-3.jpg,0.32111704,0.5614892,0.117393725
khanhha_original::DeepCrack_11231-3.jpg,0.15359926,0.165945,0.68045574
khanhha_original::DeepCrack_11231-4.jpg,0.23177294,0.12992616,0.63830084
khanhha_original::DeepCrack_11236-1.jpg,0.20113266,0.46553302,0.3333343
khanhha_original::DeepCrack_11236-4.jpg,0.1554614,0.25057733,0.59396124
khanhha_original::DeepCrack_11240-6.jpg,0.12987815,0.21817158,0.6519503
khanhha_original::DeepCrack_11240-8.jpg,0.09198143,0.16571383,0.74230474
khanhha_original::DeepCrack_11247-12.jpg,0.044972863,0.00921924,0.94580793
khanhha_original::DeepCrack_11249-4.jpg,0.09258343,0.16392359,0.74349296
khanhha_original::DeepCrack_11249-7.jpg,0.0751601,0.15650886,0.76833105
khanhha_original::DeepCrack_11266-3.jpg,0.02438695,0.17210957,0.80350345
khanhha_original::DeepCrack_11269-1.jpg,0.7206466,0.14272012,0.13663326
khanhha_original::DeepCrack_11270-2.jpg,0.12503408,0.43873903,0.43622687
khanhha_original::DeepCrack_11271-2.jpg,0.10988426,0.6507242,0.23939158
khanhha_original::DeepCrack_11271-5.jpg,0.2401663,0.48759127,0.2722424
khanhha_original::DeepCrack_11286-2.jpg,0.09839186,0.11654568,0.78506243
khanhha_original::DeepCrack_11289-9.jpg,0.34306023,0.4890894,0.16785043
khanhha_original::DeepCrack_11294.jpg,0.28017023,0.099319816,0.6205099
khanhha_original::DeepCrack_11296-18.jpg,0.21804263,0.3328751,0.44908223
khanhha_original::DeepCrack_11296-19.jpg,0.25728244,0.28507656,0.45764095
khanhha_original::DeepCrack_11296-4.jpg,0.40948394,0.34110415,0.24941182
khanhha_original::DeepCrack_11296-7.jpg,0.50216484,0.3569382,0.1408969
khanhha_original::DeepCrack_11301-6.jpg,0.05498275,0.12091333,0.8241039
khanhha_original::DeepCrack_11304.jpg,0.10655963,0.029425215,0.8640151
khanhha_original::DeepCrack_7Q3A9060-3.jpg,0.29192537,0.5830022,0.12507251
khanhha_original::DeepCrack_7Q3A9060-9.jpg,0.14110145,0.602915,0.2559836
khanhha_original::DeepCrack_7Q3A9064-12.jpg,0.042135075,0.785161,0.17270394
khanhha_original::DeepCrack_7Q3A9064-17.jpg,0.05010933,0.7994433,0.15044741
khanhha_original::DeepCrack_7Q3A9064-19.jpg,0.03041868,0.8326498,0.1369315
khanhha_original::DeepCrack_7Q3A9064-20.jpg,0.5482532,0.3888875,0.062859334
khanhha_original::DeepCrack_IMG109-1.jpg,0.11153452,0.17449068,0.71397483
khanhha_original::DeepCrack_IMG11-6.jpg,0.0626788,0.07438104,0.86294013
khanhha_original::DeepCrack_IMG14-1.jpg,0.033462793,0.08385856,0.8826786
khanhha_original::DeepCrack_IMG14-3.jpg,0.022641705,0.08621209,0.89114624
khanhha_original::DeepCrack_IMG25-6.jpg,0.18314253,0.55522794,0.26162952
khanhha_original::DeepCrack_IMG27-3.jpg,0.022181332,0.014968926,0.96284974
khanhha_original::DeepCrack_IMG27-7.jpg,0.07170252,0.03281776,0.89547974
khanhha_original::DeepCrack_IMG27-8.jpg,0.06849666,0.038643878,0.8928595
khanhha_original::DeepCrack_IMG27-9.jpg,0.05749536,0.03610575,0.90639895
khanhha_original::DeepCrack_IMG33-12.jpg,0.16947067,0.18407652,0.64645284
khanhha_original::DeepCrack_IMG33-16.jpg,0.12772109,0.29552057,0.5767583
khanhha_original::DeepCrack_IMG33-9.jpg,0.1455499,0.24108443,0.6133657
khanhha_original::DeepCrack_IMG36-2.jpg,0.10663788,0.1784973,0.7148648
khanhha_original::DeepCrack_IMG_6469-2.jpg,0.24024697,0.24581406,0.513939
khanhha_original::DeepCrack_IMG_6472-1.jpg,0.14818227,0.6582205,0.19359718
khanhha_original::DeepCrack_IMG_6514-3.jpg,0.25521898,0.33839607,0.40638492
khanhha_original::DeepCrack_IMG_6516-1.jpg,0.12114921,0.21394621,0.6649046
khanhha_original::DeepCrack_IMG_6522-1.jpg,0.21342002,0.40064627,0.38593373
khanhha_original::DeepCrack_IMG_6537-1.jpg,0.23934487,0.56018364,0.20047148
khanhha_original::Eugen_Muller_4470_327_315_563_732.jpg,0.15086463,0.0197324,0.8294029
khanhha_original::Eugen_Muller_7723_0_0_714_429.jpg,0.2425921,0.01942641,0.73798144
khanhha_original::Eugen_Muller_8980_79_365_456_521.jpg,0.005125886,0.0024433683,0.99243075
khanhha_original::Eugen_Muller_8980a_123_420_527_438.jpg,0.011823878,0.004501202,0.98367494
khanhha_original::Eugen_Muller_8980a_25_22_747_752.jpg,0.47144476,0.13763681,0.39091837
khanhha_original::Eugen_Muller_9360_329_209_632_479.jpg,0.034736995,0.010684215,0.95457876
khanhha_original::Eugen_Muller_9360_7_26_751_632.jpg,0.043074574,0.0263245,0.93060094
khanhha_original::Eugen_Muller_9360_99_556_518_594.jpg,0.12730518,0.03876321,0.8339316
khanhha_original::GAPS384_test_0005_541_641.jpg,0.048945952,0.4736293,0.47742477
khanhha_original::GAPS384_test_0016_541_1.jpg,0.05983749,0.5526855,0.38747698
khanhha_original::GAPS384_test_0016_541_641.jpg,0.21361293,0.25012296,0.53626406
khanhha_original::GAPS384_test_0040_541_1.jpg,0.052514035,0.48554322,0.46194264
khanhha_original::GAPS384_test_0042_541_1.jpg,0.07982856,0.5541212,0.36605024
khanhha_original::GAPS384_test_0058_1_1.jpg,0.2577446,0.45111418,0.29114124
khanhha_original::GAPS384_test_0203_1_1.jpg,0.19849479,0.30774254,0.4937626
khanhha_original::GAPS384_test_0203_541_1.jpg,0.059486367,0.29593992,0.64457375
khanhha_original::GAPS384_test_0274_541_1.jpg,0.37038144,0.3442718,0.28534678
khanhha_original::GAPS384_train_0423_1_1.jpg,0.07298758,0.6417201,0.28529236
khanhha_original::GAPS384_train_0449_1_1.jpg,0.17016296,0.5859369,0.24390018
khanhha_original::GAPS384_train_0455_541_1.jpg,0.04722593,0.28153872,0.6712353
khanhha_original::GAPS384_train_0503_541_1.jpg,0.097863376,0.46662214,0.43551442
khanhha_original::GAPS384_train_0514_541_1.jpg,0.07291714,0.22812709,0.6989558
khanhha_original::GAPS384_train_0516_541_641.jpg,0.055217627,0.16393214,0.7808503
khanhha_original::GAPS384_train_0533_541_1.jpg,0.08084741,0.43362647,0.48552614
khanhha_original::GAPS384_train_0538_541_1.jpg,0.0908379,0.32480878,0.5843533
khanhha_original::GAPS384_train_0542_1_641.jpg,0.057660867,0.3473059,0.5950332
khanhha_original::GAPS384_train_0544_541_1.jpg,0.071600445,0.37666744,0.55173206
khanhha_original::GAPS384_train_0552_1_641.jpg,0.10467042,0.441971,0.4533586
khanhha_original::GAPS384_train_0559_541_641.jpg,0.07527017,0.25886542,0.6658644
khanhha_original::GAPS384_train_0597_1_1.jpg,0.14550376,0.37642717,0.47806913
khanhha_original::GAPS384_train_0599_1_1.jpg,0.04980933,0.20070446,0.7494862
khanhha_original::GAPS384_train_0607_541_641.jpg,0.19173014,0.17230792,0.6359619
khanhha_original::GAPS384_train_0608_1_1.jpg,0.2810654,0.27783543,0.44109914
khanhha_original::GAPS384_train_0609_541_641.jpg,0.13284531,0.333899,0.53325576
khanhha_original::GAPS384_train_0641_1_1.jpg,0.23314564,0.28706914,0.47978517
khanhha_original::GAPS384_train_0641_541_641.jpg,0.08463563,0.48035327,0.43501106
khanhha_original::GAPS384_train_0649_1_641.jpg,0.22898337,0.38568568,0.3853309
khanhha_original::GAPS384_train_0664_1_1.jpg,0.10625907,0.3765909,0.51715004
khanhha_original::GAPS384_train_0664_541_641.jpg,0.08770742,0.18798669,0.72430587
khanhha_original::GAPS384_train_0680_541_641.jpg,0.1060691,0.14405404,0.7498768
khanhha_original::GAPS384_train_0681_541_641.jpg,0.15949525,0.19296724,0.64753747
khanhha_original::GAPS384_train_0690_541_1.jpg,0.13782483,0.31027186,0.5519033
khanhha_original::GAPS384_train_0695_541_1.jpg,0.09973961,0.1594116,0.7408487
khanhha_original::GAPS384_train_0698_1_641.jpg,0.13521262,0.41860318,0.44618422
khanhha_original::GAPS384_train_0700_1_1.jpg,0.09958636,0.3785054,0.5219082
khanhha_original::GAPS384_train_0799_541_1.jpg,0.14975679,0.35713112,0.4931121
khanhha_original::GAPS384_train_0809_541_1.jpg,0.06748489,0.15976611,0.772749
khanhha_original::GAPS384_train_0918_1_641.jpg,0.07574424,0.42137486,0.50288093
khanhha_original::GAPS384_train_0922_1_641.jpg,0.1684786,0.310778,0.5207434
khanhha_original::GAPS384_train_0942_541_1.jpg,0.06692714,0.08464239,0.8484304
khanhha_original::GAPS384_train_0959_1_641.jpg,0.04121083,0.42937002,0.5294191
khanhha_original::GAPS384_train_0961_1_1.jpg,0.04180346,0.39111498,0.5670815
khanhha_original::GAPS384_train_0996_1_641.jpg,0.026339576,0.10131822,0.87234217
khanhha_original::GAPS384_train_1010_541_641.jpg,0.090720795,0.32261568,0.5866635
khanhha_original::GAPS384_train_1015_1_641.jpg,0.07074668,0.3238327,0.60542065
khanhha_original::GAPS384_train_1028_1_1.jpg,0.4296907,0.28385222,0.28645715
khanhha_original::GAPS384_train_1048_1_1.jpg,0.32402268,0.3311465,0.34483087
khanhha_original::GAPS384_train_1048_541_1.jpg,0.22306883,0.49213383,0.2847973
khanhha_original::GAPS384_train_1085_541_1.jpg,0.07277004,0.34546462,0.5817653
khanhha_original::GAPS384_train_1117_1_1.jpg,0.11478699,0.20096126,0.6842518
khanhha_original::GAPS384_train_1120_541_641.jpg,0.18431993,0.1828361,0.632844
khanhha_original::GAPS384_train_1124_1_641.jpg,0.15284544,0.18284574,0.66430885
khanhha_original::GAPS384_train_1126_541_1.jpg,0.040997338,0.10545835,0.8535443
khanhha_original::GAPS384_train_1128_541_1.jpg,0.3853169,0.32811117,0.28657192
khanhha_original::GAPS384_train_1171_541_641.jpg,0.069834664,0.17226377,0.7579016
khanhha_original::GAPS384_train_1172_541_641.jpg,0.110211134,0.26722452,0.6225644
khanhha_original::GAPS384_train_1173_541_1.jpg,0.117048204,0.24808419,0.6348676
khanhha_original::GAPS384_train_1173_541_641.jpg,0.10065195,0.15511353,0.7442345
khanhha_original::GAPS384_train_1183_541_1.jpg,0.11539237,0.3653769,0.5192308
khanhha_original::GAPS384_train_1187_1_1.jpg,0.14938483,0.39678267,0.45383254
khanhha_original::GAPS384_train_1218_541_1.jpg,0.09852849,0.48984957,0.41162196
khanhha_original::GAPS384_train_1238_1_1.jpg,0.31691328,0.27230418,0.41078252
khanhha_original::GAPS384_train_1247_541_1.jpg,0.12581372,0.3734615,0.5007248
khanhha_original::GAPS384_train_1281_541_1.jpg,0.13460194,0.30312833,0.5622698
khanhha_original::GAPS384_train_1284_541_641.jpg,0.13545951,0.15483823,0.70970225
khanhha_original::GAPS384_train_1347_541_1.jpg,0.22890185,0.2729253,0.49817285
khanhha_original::GAPS384_train_1347_541_641.jpg,0.23329481,0.095991686,0.67071354
khanhha_original::GAPS384_train_1361_541_641.jpg,0.13389722,0.1611168,0.7049859
khanhha_original::GAPS384_train_1366_541_1.jpg,0.23097119,0.24807984,0.5209489
khanhha_original::GAPS384_train_1370_541_641.jpg,0.13364929,0.16764377,0.6987069
khanhha_original::GAPS384_train_1374_541_1.jpg,0.13487007,0.26163688,0.6034931
khanhha_original::GAPS384_train_1375_541_641.jpg,0.088473,0.19510424,0.71642274
khanhha_original::GAPS384_train_1381_541_1.jpg,0.27485776,0.36082605,0.36431617
khanhha_original::GAPS384_valid_0016_541_1.jpg,0.28056586,0.44975358,0.2696805
khanhha_original::Rissbilder_for_Florian_9S6A2782_0_0_3840_5760.jpg,0.8051363,0.14566964,0.04919411
khanhha_original::Rissbilder_for_Florian_9S6A2783_485_963_3019_3865.jpg,0.70889133,0.20503137,0.08607731
khanhha_original::Rissbilder_for_Florian_9S6A2783_510_849_2889_2880.jpg,0.6598358,0.23706199,0.103102244
khanhha_original::Rissbilder_for_Florian_9S6A2783_555_1445_2892_3793.jpg,0.77033013,0.18141282,0.048257045
khanhha_original::Rissbilder_for_Florian_9S6A2783_96_1214_3516_4173.jpg,0.82229686,0.14062579,0.03707737
khanhha_original::Rissbilder_for_Florian_9S6A2784_100_1539_3455_3308.jpg,0.8331567,0.09458232,0.072260946
khanhha_original::Rissbilder_for_Florian_9S6A2784_1029_155_2671_3164.jpg,0.7264897,0.13643558,0.13707474
khanhha_original::Rissbilder_for_Florian_9S6A2784_241_1425_3582_3991.jpg,0.8429252,0.0901735,0.066901274
khanhha_original::Rissbilder_for_Florian_9S6A2785_118_523_3535_4238.jpg,0.6526661,0.13651967,0.2108142
khanhha_original::Rissbilder_for_Florian_9S6A2785_197_1269_2404_2359.jpg,0.53801215,0.15189834,0.31008953
khanhha_original::Rissbilder_for_Florian_9S6A2785_239_136_3078_2666.jpg,0.7016241,0.113423325,0.1849525
khanhha_original::Rissbilder_for_Florian_9S6A2785_493_901_3299_3768.jpg,0.6884159,0.12577954,0.1858046
khanhha_original::Rissbilder_for_Florian_9S6A2785_51_1717_2854_3381.jpg,0.6015261,0.17754954,0.22092435
khanhha_original::Rissbilder_for_Florian_9S6A2786_1709_1270_2041_2349.jpg,0.15920943,0.21791865,0.62287194
khanhha_original::Rissbilder_for_Florian_9S6A2786_641_1214_2289_2280.jpg,0.17381461,0.3059715,0.5202139
khanhha_original::Rissbilder_for_Florian_9S6A2787_1034_2113_2702_3383.jpg,0.096502,0.06944998,0.83404803
khanhha_original::Rissbilder_for_Florian_9S6A2787_114_2564_2503_2920.jpg,0.09325758,0.060382947,0.84635943
khanhha_original::Rissbilder_for_Florian_9S6A2787_1217_749_2520_2686.jpg,0.12167891,0.056226492,0.8220946
khanhha_original::Rissbilder_for_Florian_9S6A2787_1287_2060_2196_2885.jpg,0.08677164,0.07735922,0.83586913
khanhha_original::Rissbilder_for_Florian_9S6A2787_38_553_3789_4026.jpg,0.27767235,0.11929881,0.6030289
khanhha_original::Rissbilder_for_Florian_9S6A2787_469_792_2677_2506.jpg,0.091207616,0.049712993,0.8590794
khanhha_original::Rissbilder_for_Florian_9S6A2788_0_0_3840_5760.jpg,0.77177626,0.13524982,0.09297401
khanhha_original::Rissbilder_for_Florian_9S6A2788_827_2151_2719_2314.jpg,0.42099202,0.18653259,0.3924753
khanhha_original::Rissbilder_for_Florian_9S6A2789_29_2188_3523_3363.jpg,0.83322406,0.10916002,0.057615966
khanhha_original::Rissbilder_for_Florian_9S6A2789_79_2844_3130_2630.jpg,0.7779318,0.14839791,0.073670276
khanhha_original::Rissbilder_for_Florian_9S6A2790_213_1721_2871_3688.jpg,0.7155579,0.23863518,0.04580698
khanhha_original::Rissbilder_for_Florian_9S6A2790_415_1305_3121_2371.jpg,0.634359,0.2481815,0.11745943
khanhha_original::Rissbilder_for_Florian_9S6A2790_750_1920_2101_2560.jpg,0.69760364,0.22985962,0.07253671
khanhha_original::Rissbilder_for_Florian_9S6A2791_180_347_3514_4469.jpg,0.5996303,0.27764797,0.12272167
khanhha_original::Rissbilder_for_Florian_9S6A2791_268_477_2530_3149.jpg,0.5454725,0.29854906,0.15597841
khanhha_original::Rissbilder_for_Florian_9S6A2791_454_1477_3234_3143.jpg,0.60325634,0.232191,0.1645527
khanhha_original::Rissbilder_for_Florian_9S6A2792_0_0_5760_3840.jpg,0.56332666,0.34825617,0.088417105
khanhha_original::Rissbilder_for_Florian_9S6A2792_1773_105_2717_3479.jpg,0.31907076,0.49574447,0.18518473
khanhha_original::Rissbilder_for_Florian_9S6A2792_1778_280_3876_3455.jpg,0.36941698,0.49737793,0.13320504
khanhha_original::Rissbilder_for_Florian_9S6A2792_2643_751_3074_3028.jpg,0.33796176,0.47183675,0.19020157
khanhha_original::Rissbilder_for_Florian_9S6A2792_753_1245_2029_2585.jpg,0.42911682,0.47128695,0.09959621
khanhha_original::Rissbilder_for_Florian_9S6A2793_377_1016_2309_2713.jpg,0.6568865,0.29469213,0.048421387
khanhha_original::Rissbilder_for_Florian_9S6A2793_811_444_2800_3267.jpg,0.60987073,0.3131917,0.07693752
khanhha_original::Rissbilder_for_Florian_9S6A2795_244_2755_3348_2948.jpg,0.6434086,0.28269583,0.07389562
khanhha_original::Rissbilder_for_Florian_9S6A2795_345_1636_2968_2382.jpg,0.7447388,0.19370459,0.06155655
khanhha_original::Rissbilder_for_Florian_9S6A2795_726_782_2478_3159.jpg,0.6716958,0.25545272,0.07285156
khanhha_original::Rissbilder_for_Florian_9S6A2796_352_1675_3345_3505.jpg,0.7309413,0.21275553,0.056303274
khanhha_original::Rissbilder_for_Florian_9S6A2796_360_1209_3312_4152.jpg,0.82992804,0.13177729,0.038294766
khanhha_original::Rissbilder_for_Florian_9S6A2796_365_740_3391_4131.jpg,0.8049962,0.15058045,0.04442334
khanhha_original::Rissbilder_for_Florian_9S6A2797_0_0_3840_5760.jpg,0.92450696,0.057059307,0.018433815
khanhha_original::Rissbilder_for_Florian_9S6A2797_211_1594_3203_4094.jpg,0.9227605,0.058772177,0.01846733
khanhha_original::Rissbilder_for_Florian_9S6A2797_27_2177_3736_3368.jpg,0.9353113,0.04958206,0.0151066
khanhha_original::Rissbilder_for_Florian_9S6A2797_331_75_3433_4182.jpg,0.92442065,0.059019383,0.01655999
khanhha_original::Rissbilder_for_Florian_9S6A2798_499_1239_3234_3324.jpg,0.63024867,0.11056489,0.25918645
khanhha_original::Rissbilder_for_Florian_9S6A2798_614_1857_2201_2501.jpg,0.52304566,0.1329098,0.34404457
khanhha_original::Rissbilder_for_Florian_9S6A2798_697_1777_2994_3062.jpg,0.73139834,0.121840276,0.14676139
khanhha_original::Rissbilder_for_Florian_9S6A2799_133_2058_3555_3079.jpg,0.31503236,0.16773097,0.51723665
khanhha_original::Rissbilder_for_Florian_9S6A2799_275_471_3176_4152.jpg,0.21987431,0.097779945,0.6823457
khanhha_original::Rissbilder_for_Florian_9S6A2799_288_786_3196_3304.jpg,0.32516673,0.14772807,0.52710515
khanhha_original::Rissbilder_for_Florian_9S6A2800_191_3241_2390_2435.jpg,0.13827725,0.4328891,0.42883363
khanhha_original::Rissbilder_for_Florian_9S6A2800_195_2531_3219_2684.jpg,0.10434649,0.13746375,0.75818974
khanhha_original::Rissbilder_for_Florian_9S6A2800_382_814_2795_2670.jpg,0.06874533,0.08787404,0.84338063
khanhha_original::Rissbilder_for_Florian_9S6A2800_48_573_3788_4425.jpg,0.108644605,0.13987593,0.75147945
khanhha_original::Rissbilder_for_Florian_9S6A2800_552_1819_3171_3588.jpg,0.074779175,0.10891618,0.8163047
khanhha_original::Rissbilder_for_Florian_9S6A2800_817_399_2611_2043.jpg,0.13847592,0.503179,0.35834503
khanhha_original::Rissbilder_for_Florian_9S6A2802_251_84_3754_3687.jpg,0.07340788,0.26647952,0.6601126
khanhha_original::Rissbilder_for_Florian_9S6A2802_2931_279_2589_2739.jpg,0.032757726,0.068263635,0.89897865
khanhha_original::Rissbilder_for_Florian_9S6A2802_631_103_2560_2012.jpg,0.12102704,0.16324456,0.7157284
khanhha_original::Rissbilder_for_Florian_9S6A2803_209_1110_2922_3685.jpg,0.7944349,0.07724636,0.12831877
khanhha_original::Rissbilder_for_Florian_9S6A2803_247_1248_3459_4462.jpg,0.8413193,0.07107496,0.087605745
khanhha_original::Rissbilder_for_Florian_9S6A2803_272_142_3359_3107.jpg,0.61658037,0.110844575,0.27257505
khanhha_original::Rissbilder_for_Florian_9S6A2803_612_408_2717_3030.jpg,0.65149313,0.13321218,0.21529473
khanhha_original::Rissbilder_for_Florian_9S6A2804_118_1818_2606_2570.jpg,0.75707996,0.094529636,0.14839037
khanhha_original::Rissbilder_for_Florian_9S6A2805_1632_240_3224_2475.jpg,0.7027024,0.2388553,0.058442365
khanhha_original::Rissbilder_for_Florian_9S6A2805_3150_203_1998_2621.jpg,0.63194543,0.2904872,0.07756735
khanhha_original::Rissbilder_for_Florian_9S6A2805_565_1400_2938_2247.jpg,0.77547646,0.1938945,0.03062899
khanhha_original::Rissbilder_for_Florian_9S6A2806_1082_397_4233_3223.jpg,0.7641504,0.18568881,0.050160825
khanhha_original::Rissbilder_for_Florian_9S6A2806_3363_1303_2009_2459.jpg,0.67854035,0.25594503,0.06551461
khanhha_original::Rissbilder_for_Florian_9S6A2806_368_348_2093_2759.jpg,0.62768984,0.23900758,0.13330269
khanhha_original::Rissbilder_for_Florian_9S6A2807_112_2167_3474_2842.jpg,0.88048047,0.093062565,0.026456919
khanhha_original::Rissbilder_for_Florian_9S6A2807_149_637_3674_3362.jpg,0.89827573,0.08333002,0.018394215
khanhha_original::Rissbilder_for_Florian_9S6A2807_224_1187_3581_3340.jpg,0.88142663,0.098506816,0.020066533
khanhha_original::Rissbilder_for_Florian_9S6A2807_577_1818_2154_2452.jpg,0.8108663,0.13300495,0.056128833
khanhha_original::Rissbilder_for_Florian_9S6A2808_19_37_3435_3257.jpg,0.8476368,0.11932799,0.033035256
khanhha_original::Rissbilder_for_Florian_9S6A2808_222_2951_3443_2623.jpg,0.747229,0.22901879,0.023752173
khanhha_original::Rissbilder_for_Florian_9S6A2808_30_709_3501_4305.jpg,0.84259415,0.13355684,0.023848956
khanhha_original::Rissbilder_for_Florian_9S6A2810_309_181_3327_4094.jpg,0.3679256,0.3708672,0.26120716
khanhha_original::Rissbilder_for_Florian_9S6A2810_43_528_3225_4185.jpg,0.51302135,0.22438201,0.2625966
khanhha_original::Rissbilder_for_Florian_9S6A2810_65_655_2748_2720.jpg,0.5728957,0.23927541,0.18782891
khanhha_original::Rissbilder_for_Florian_9S6A2811_119_80_3414_3691.jpg,0.46375844,0.27621332,0.26002824
khanhha_original::Rissbilder_for_Florian_9S6A2811_1873_211_2406_2890.jpg,0.2981351,0.44588432,0.25598058
khanhha_original::Rissbilder_for_Florian_9S6A2812_1545_131_2276_2406.jpg,0.3111718,0.53357285,0.15525542
khanhha_original::Rissbilder_for_Florian_9S6A2812_372_1081_3294_3264.jpg,0.46124274,0.36209038,0.1766669
khanhha_original::Rissbilder_for_Florian_9S6A2812_6_41_3627_3234.jpg,0.4360057,0.37128428,0.19271
khanhha_original::Rissbilder_for_Florian_9S6A2813_90_1297_3435_4044.jpg,0.36742333,0.3694564,0.26312026
khanhha_original::Rissbilder_for_Florian_9S6A2815_1237_159_3590_2891.jpg,0.28723016,0.37929624,0.33347362
khanhha_original::Rissbilder_for_Florian_9S6A2816_0_0_3840_5760.jpg,0.18357924,0.45228443,0.36413628
khanhha_original::Rissbilder_for_Florian_9S6A2816_113_51_3722_4201.jpg,0.2590184,0.43409836,0.30688325
khanhha_original::Rissbilder_for_Florian_9S6A2816_1644_2004_1934_2558.jpg,0.15639445,0.211774,0.6318316
khanhha_original::Rissbilder_for_Florian_9S6A2816_255_1654_2762_3248.jpg,0.1831924,0.3981493,0.41865832
khanhha_original::Rissbilder_for_Florian_9S6A2816_375_1185_3365_3750.jpg,0.19021949,0.34828708,0.4614934
khanhha_original::Rissbilder_for_Florian_9S6A2816_48_1105_3458_4373.jpg,0.2214162,0.41405714,0.36452666
khanhha_original::Rissbilder_for_Florian_9S6A2817_266_1535_2877_3827.jpg,0.4184331,0.31356344,0.2680035
khanhha_original::Rissbilder_for_Florian_9S6A2817_362_2779_2835_2376.jpg,0.4395394,0.33657527,0.22388527
khanhha_original::Rissbilder_for_Florian_9S6A2817_378_2811_2792_2576.jpg,0.40478694,0.36459064,0.23062237
khanhha_original::Rissbilder_for_Florian_9S6A2817_515_925_2769_3395.jpg,0.33909565,0.3009906,0.35991377
khanhha_original::Rissbilder_for_Florian_9S6A2817_67_221_2558_2411.jpg,0.27208745,0.51832694,0.20958558
khanhha_original::Rissbilder_for_Florian_9S6A2818_205_138_2610_2193.jpg,0.4686898,0.3232816,0.20802861
khanhha_original::Rissbilder_for_Florian_9S6A2818_208_545_3096_3152.jpg,0.5836826,0.23315768,0.18315972
khanhha_original::Rissbilder_for_Florian_9S6A2818_22_73_3648_4328.jpg,0.5501039,0.24852045,0.20137563
khanhha_original::Rissbilder_for_Florian_9S6A2818_287_1431_3198_4185.jpg,0.62711966,0.23455353,0.13832675
khanhha_original::Rissbilder_for_Florian_9S6A2818_819_1604_2582_2762.jpg,0.6584809,0.25244027,0.08907884
khanhha_original::Rissbilder_for_Florian_9S6A2818_952_1532_2829_2875.jpg,0.57001007,0.2996744,0.1303155
khanhha_original::Rissbilder_for_Florian_9S6A2820_304_486_3141_3670.jpg,0.105344094,0.21843274,0.67622316
khanhha_original::Rissbilder_for_Florian_9S6A2820_366_660_2637_3456.jpg,0.09543668,0.20618725,0.6983761
khanhha_original::Rissbilder_for_Florian_9S6A2821_1009_504_3415_2649.jpg,0.35177353,0.2272959,0.4209306
khanhha_original::Rissbilder_for_Florian_9S6A2821_1089_894_2343_2903.jpg,0.23349571,0.28093624,0.48556796
khanhha_original::Rissbilder_for_Florian_9S6A2821_2779_46_2936_3794.jpg,0.32846755,0.34818706,0.32334542
khanhha_original::Rissbilder_for_Florian_9S6A2822_1030_155_3516_3590.jpg,0.35879412,0.36649093,0.2747149
khanhha_original::Rissbilder_for_Florian_9S6A2822_1137_465_2983_2428.jpg,0.30214143,0.2818239,0.41603473
khanhha_original::Rissbilder_for_Florian_9S6A2822_2401_400_2963_3258.jpg,0.3419207,0.316496,0.34158328
khanhha_original::Rissbilder_for_Florian_9S6A2823_106_892_3634_4471.jpg,0.24756663,0.29648316,0.4559503
khanhha_original::Rissbilder_for_Florian_9S6A2825_325_1707_3330_2732.jpg,0.4387764,0.15003182,0.4111918
khanhha_original::Rissbilder_for_Florian_9S6A2825_340_882_2590_2354.jpg,0.18375131,0.18363592,0.63261276
khanhha_original::Rissbilder_for_Florian_9S6A2825_565_2563_2166_2123.jpg,0.056867097,0.09546468,0.84766823
khanhha_original::Rissbilder_for_Florian_9S6A2825_65_315_3693_4161.jpg,0.46857366,0.24146488,0.28996152
khanhha_original::Rissbilder_for_Florian_9S6A2825_711_1408_2863_2522.jpg,0.40171587,0.1781241,0.42015997
khanhha_original::Rissbilder_for_Florian_9S6A2825_71_1920_3644_3801.jpg,0.5486264,0.18759304,0.26378053
khanhha_original::Rissbilder_for_Florian_9S6A2826_0_0_3840_5760.jpg,0.57231575,0.2641583,0.16352597
khanhha_original::Rissbilder_for_Florian_9S6A2826_418_1200_2774_3626.jpg,0.69762075,0.20642841,0.095950805
khanhha_original::Rissbilder_for_Florian_9S6A2826_65_1595_3304_2654.jpg,0.45940995,0.33305573,0.2075343
khanhha_original::Rissbilder_for_Florian_9S6A2826_985_495_2477_3280.jpg,0.7502526,0.12425455,0.12549281
khanhha_original::Rissbilder_for_Florian_9S6A2827_1172_836_2226_2545.jpg,0.7535125,0.20633817,0.040149417
khanhha_original::Rissbilder_for_Florian_9S6A2827_1553_813_2699_2293.jpg,0.7524081,0.1913748,0.056217182
khanhha_original::Rissbilder_for_Florian_9S6A2828_111_1161_3542_4005.jpg,0.67456394,0.23897643,0.08645962
khanhha_original::Rissbilder_for_Florian_9S6A2828_81_1831_3515_3918.jpg,0.7091513,0.23190886,0.05893981
khanhha_original::Rissbilder_for_Florian_9S6A2828_958_2102_2564_2428.jpg,0.58476377,0.29997218,0.11526407
khanhha_original::Rissbilder_for_Florian_9S6A2829_248_0_4607_3807.jpg,0.5111943,0.31676278,0.17204297
khanhha_original::Rissbilder_for_Florian_9S6A2829_465_128_3261_3385.jpg,0.43633553,0.38838083,0.17528372
khanhha_original::Rissbilder_for_Florian_9S6A2830_317_1218_3139_3120.jpg,0.7003969,0.23713058,0.06247246
khanhha_original::Rissbilder_for_Florian_9S6A2830_356_323_2546_2076.jpg,0.7388897,0.21728288,0.043827455
khanhha_original::Rissbilder_for_Florian_9S6A2830_715_2986_2996_2571.jpg,0.69437075,0.2488104,0.05681892
khanhha_original::Rissbilder_for_Florian_9S6A2830_87_511_3003_3652.jpg,0.6550434,0.25527644,0.08968011
khanhha_original::Rissbilder_for_Florian_9S6A2831_130_3142_3148_2567.jpg,0.94238126,0.04036989,0.017248731
khanhha_original::Rissbilder_for_Florian_9S6A2831_1392_523_2363_2146.jpg,0.86895335,0.06457653,0.06647014
khanhha_original::Rissbilder_for_Florian_9S6A2831_14_1354_3612_3768.jpg,0.920339,0.054495983,0.025165118
khanhha_original::Rissbilder_for_Florian_9S6A2831_183_1551_2640_2168.jpg,0.8712553,0.0918419,0.036902774
khanhha_original::Rissbilder_for_Florian_9S6A2831_237_201_3399_4522.jpg,0.9152202,0.060652778,0.024127107
khanhha_original::Rissbilder_for_Florian_9S6A2831_277_1810_3479_3118.jpg,0.92767626,0.05122458,0.021099145
khanhha_original::Rissbilder_for_Florian_9S6A2831_343_1804_2873_2254.jpg,0.8818031,0.06957314,0.048623748
khanhha_original::Rissbilder_for_Florian_9S6A2832_1234_336_2375_2845.jpg,0.9018963,0.07466688,0.023436807
khanhha_original::Rissbilder_for_Florian_9S6A2832_185_2346_3101_2742.jpg,0.85628253,0.105822675,0.037894785
khanhha_original::Rissbilder_for_Florian_9S6A2832_375_1408_3366_3866.jpg,0.834691,0.120837264,0.044471785
khanhha_original::Rissbilder_for_Florian_9S6A2833_0_720_3814_3967.jpg,0.7260472,0.21345133,0.060501438
khanhha_original::Rissbilder_for_Florian_9S6A2833_11_1057_3805_3303.jpg,0.71308786,0.22258978,0.06432236
khanhha_original::Rissbilder_for_Florian_9S6A2833_596_837_3205_3950.jpg,0.75656337,0.20285267,0.04058399
khanhha_original::Rissbilder_for_Florian_9S6A2834_1012_1643_2453_3015.jpg,0.8934294,0.07521767,0.0313529
khanhha_original::Rissbilder_for_Florian_9S6A2834_18_332_3392_3333.jpg,0.9093892,0.06430251,0.026308257
khanhha_original::Rissbilder_for_Florian_9S6A2834_196_114_2762_3611.jpg,0.9011563,0.06845152,0.030392112
khanhha_original::Rissbilder_for_Florian_9S6A2834_40_1275_3784_4195.jpg,0.91705865,0.06263606,0.02030521
khanhha_original::Rissbilder_for_Florian_9S6A2835_373_1783_2745_2384.jpg,0.9122551,0.06601787,0.021726983
khanhha_original::Rissbilder_for_Florian_9S6A2835_459_1693_3011_2424.jpg,0.92181623,0.059091143,0.019092616
khanhha_original::Rissbilder_for_Florian_9S6A2835_468_2521_2391_2304.jpg,0.8921334,0.07769013,0.030176481
khanhha_original::Rissbilder_for_Florian_9S6A2835_469_1050_2755_3142.jpg,0.8934954,0.08148294,0.025021717
khanhha_original::Rissbilder_for_Florian_9S6A2835_637_235_2191_2778.jpg,0.85835624,0.10482398,0.03681973
khanhha_original::Rissbilder_for_Florian_9S6A2835_964_2753_2392_2184.jpg,0.8890924,0.07829203,0.03261563
khanhha_original::Rissbilder_for_Florian_9S6A2836_0_0_3840_5760.jpg,0.894248,0.08862269,0.01712936
khanhha_original::Rissbilder_for_Florian_9S6A2836_391_1220_2381_3118.jpg,0.7927968,0.1236503,0.0835529
khanhha_original::Rissbilder_for_Florian_9S6A2837_523_803_3305_3454.jpg,0.8861188,0.091574684,0.022306403
khanhha_original::Rissbilder_for_Florian_9S6A2838_1264_697_1978_2438.jpg,0.69132835,0.16011733,0.14855425
khanhha_original::Rissbilder_for_Florian_9S6A2838_419_638_3373_4346.jpg,0.84823173,0.11825951,0.03350881
khanhha_original::Rissbilder_for_Florian_9S6A2838_565_1405_2810_2334.jpg,0.7553558,0.11290237,0.13174182
khanhha_original::Rissbilder_for_Florian_9S6A2839_132_1745_2786_3604.jpg,0.5431068,0.34931922,0.10757389
khanhha_original::Rissbilder_for_Florian_9S6A2839_8_923_3789_4181.jpg,0.60385585,0.24544156,0.15070261
khanhha_original::Rissbilder_for_Florian_9S6A2840_408_2141_3112_2692.jpg,0.7775276,0.13065025,0.0918222
khanhha_original::Rissbilder_for_Florian_9S6A2840_520_1171_3029_3249.jpg,0.7534244,0.1702852,0.07629033
khanhha_original::Rissbilder_for_Florian_9S6A2840_73_1408_3251_2521.jpg,0.7537485,0.16443789,0.08181361
khanhha_original::Rissbilder_for_Florian_9S6A2840_7_1394_3830_4317.jpg,0.7406139,0.1635737,0.095812514
khanhha_original::Rissbilder_for_Florian_9S6A2841_19_570_3460_3784.jpg,0.54497975,0.3090221,0.14599817
khanhha_original::Rissbilder_for_Florian_9S6A2841_217_2299_3214_2878.jpg,0.6112112,0.17764509,0.21114373
khanhha_original::Rissbilder_for_Florian_9S6A2841_247_162_2749_3393.jpg,0.57493985,0.30043477,0.12462545
khanhha_original::Rissbilder_for_Florian_9S6A2841_319_1106_2769_3450.jpg,0.5704765,0.27849987,0.15102366
khanhha_original::Rissbilder_for_Florian_9S6A2841_341_1075_3324_3954.jpg,0.6148576,0.22908166,0.15606079
khanhha_original::Rissbilder_for_Florian_9S6A2841_542_955_3068_2456.jpg,0.5501033,0.31325898,0.13663769
khanhha_original::Rissbilder_for_Florian_9S6A2842_321_767_3019_3008.jpg,0.5301743,0.19793703,0.2718887
khanhha_original::Rissbilder_for_Florian_9S6A2842_635_1731_1931_2541.jpg,0.37673235,0.17666619,0.4466015
khanhha_original::Rissbilder_for_Florian_9S6A2842_70_2154_3631_3282.jpg,0.49999106,0.27013105,0.22987792
khanhha_original::Rissbilder_for_Florian_9S6A2843_12_1425_2920_2441.jpg,0.54915816,0.21176802,0.23907384
khanhha_original::Rissbilder_for_Florian_9S6A2843_178_404_2380_2116.jpg,0.29961455,0.6311845,0.06920088
khanhha_original::Rissbilder_for_Florian_9S6A2843_369_1526_1885_2389.jpg,0.48152918,0.2188935,0.29957727
khanhha_original::Rissbilder_for_Florian_9S6A2843_734_2194_2503_2654.jpg,0.59975576,0.24020514,0.1600391
khanhha_original::Rissbilder_for_Florian_9S6A2843_81_439_3537_3036.jpg,0.58069795,0.31481466,0.10448739
khanhha_original::Rissbilder_for_Florian_9S6A2844_0_0_3840_5760.jpg,0.32220602,0.40485963,0.27293438
khanhha_original::Rissbilder_for_Florian_9S6A2844_443_437_3072_2992.jpg,0.31893298,0.29543144,0.38563552
khanhha_original::Rissbilder_for_Florian_9S6A2844_736_848_3078_2427.jpg,0.33426383,0.24898566,0.41675043
khanhha_original::Rissbilder_for_Florian_9S6A2845_0_0_5760_3840.jpg,0.34203574,0.25130662,0.4066577
khanhha_original::Rissbilder_for_Florian_9S6A2845_1333_32_4399_3805.jpg,0.3844177,0.27958056,0.33600175
khanhha_original::Rissbilder_for_Florian_9S6A2845_1480_64_3182_3685.jpg,0.28128815,0.2615515,0.45716035
khanhha_original::Rissbilder_for_Florian_9S6A2845_1641_474_2958_3084.jpg,0.21205439,0.21273503,0.57521063
khanhha_original::Rissbilder_for_Florian_9S6A2845_2026_3_2804_3214.jpg,0.24841557,0.2535851,0.4979993
khanhha_original::Rissbilder_for_Florian_9S6A2845_2181_159_3010_3511.jpg,0.34697026,0.26237932,0.39065045
khanhha_original::Rissbilder_for_Florian_9S6A2845_628_184_3360_3293.jpg,0.27229777,0.2503736,0.47732866
khanhha_original::Rissbilder_for_Florian_9S6A2846_230_168_2768_2605.jpg,0.18900298,0.6776294,0.13336761
khanhha_original::Rissbilder_for_Florian_9S6A2846_268_1498_2452_2689.jpg,0.36300918,0.40939063,0.2276002
khanhha_original::Rissbilder_for_Florian_9S6A2846_330_640_3250_2553.jpg,0.35784423,0.396906,0.24524981
khanhha_original::Rissbilder_for_Florian_9S6A2846_392_1024_2627_3077.jpg,0.34181014,0.36763155,0.29055828
khanhha_original::Rissbilder_for_Florian_9S6A2846_64_1600_3177_3483.jpg,0.40242717,0.42417592,0.17339684
khanhha_original::Rissbilder_for_Florian_9S6A2847_112_411_3688_4096.jpg,0.4458962,0.4276142,0.12648964
khanhha_original::Rissbilder_for_Florian_9S6A2847_422_1541_2737_2708.jpg,0.5415128,0.2932688,0.1652184
khanhha_original::Rissbilder_for_Florian_9S6A2847_57_1886_3694_3848.jpg,0.516507,0.35844624,0.12504672
khanhha_original::Rissbilder_for_Florian_9S6A2848_105_342_3183_3261.jpg,0.3473014,0.25536385,0.3973347
khanhha_original::Rissbilder_for_Florian_9S6A2848_1214_523_4329_3293.jpg,0.529108,0.24319701,0.22769503
khanhha_original::Rissbilder_for_Florian_9S6A2849_1010_1722_2676_2957.jpg,0.48502925,0.36544836,0.14952233
khanhha_original::Rissbilder_for_Florian_9S6A2849_239_1191_3521_3188.jpg,0.67558163,0.23863398,0.08578441
khanhha_original::Rissbilder_for_Florian_9S6A2849_465_1014_2857_3753.jpg,0.4715101,0.35522148,0.17326842
khanhha_original::Rissbilder_for_Florian_9S6A2850_1113_51_4606_3781.jpg,0.65026915,0.22003,0.12970087
khanhha_original::Rissbilder_for_Florian_9S6A2850_1408_904_2105_2792.jpg,0.54697454,0.27426732,0.17875817
khanhha_original::Rissbilder_for_Florian_9S6A2851_1713_30_3619_3365.jpg,0.4298035,0.22139308,0.34880337
khanhha_original::Rissbilder_for_Florian_9S6A2851_1976_734_2746_2491.jpg,0.3828421,0.21987046,0.39728743
khanhha_original::Rissbilder_for_Florian_9S6A2851_2413_175_2645_3485.jpg,0.46452427,0.24658446,0.2888913
khanhha_original::Rissbilder_for_Florian_9S6A2851_512_50_2972_2678.jpg,0.34072372,0.23406109,0.42521515
khanhha_original::Rissbilder_for_Florian_9S6A2852_1108_175_3570_3421.jpg,0.2440849,0.22524787,0.53066725
khanhha_original::Rissbilder_for_Florian_9S6A2852_356_540_3667_2981.jpg,0.09364145,0.12131862,0.78503996
khanhha_original::Rissbilder_for_Florian_9S6A2853_1127_1463_2379_2376.jpg,0.42614412,0.15842448,0.41543135
khanhha_original::Rissbilder_for_Florian_9S6A2853_826_286_2004_2464.jpg,0.33159718,0.21684647,0.45155638
khanhha_original::Rissbilder_for_Florian_9S6A2854_162_1195_3169_2569.jpg,0.42509004,0.21922539,0.35568464
khanhha_original::Rissbilder_for_Florian_9S6A2856_1840_62_3055_3769.jpg,0.32866123,0.46319327,0.20814544
khanhha_original::Rissbilder_for_Florian_9S6A2856_2611_839_1919_2466.jpg,0.3010293,0.3587015,0.3402692
khanhha_original::Rissbilder_for_Florian_9S6A2856_3030_1197_2337_2140.jpg,0.36544415,0.3264859,0.30807
khanhha_original::Rissbilder_for_Florian_9S6A2856_3095_641_2548_2416.jpg,0.3716777,0.42355806,0.20476423
khanhha_original::Rissbilder_for_Florian_9S6A2857_1203_1130_2423_3169.jpg,0.2922527,0.39816806,0.30957922
khanhha_original::Rissbilder_for_Florian_9S6A2857_148_211_2303_2832.jpg,0.29797944,0.3151894,0.38683116
khanhha_original::Rissbilder_for_Florian_9S6A2857_159_2331_3518_2794.jpg,0.31270447,0.31006458,0.37723097
khanhha_original::Rissbilder_for_Florian_9S6A2857_585_241_3220_4175.jpg,0.27955887,0.40350106,0.31694007
khanhha_original::Rissbilder_for_Florian_9S6A2857_807_939_2369_1886.jpg,0.21413064,0.6070323,0.17883699
khanhha_original::Rissbilder_for_Florian_9S6A2857_89_2266_3467_3213.jpg,0.27861917,0.32384378,0.397537
khanhha_original::Rissbilder_for_Florian_9S6A2858_103_1887_2963_2745.jpg,0.4058929,0.3717389,0.22236824
khanhha_original::Rissbilder_for_Florian_9S6A2858_138_1397_3695_4304.jpg,0.42227846,0.40332067,0.1744008
khanhha_original::Rissbilder_for_Florian_9S6A2858_203_242_3312_2597.jpg,0.24050449,0.49053088,0.2689647
khanhha_original::Rissbilder_for_Florian_9S6A2858_24_161_2934_2248.jpg,0.15437134,0.73105544,0.11457324
khanhha_original::Rissbilder_for_Florian_9S6A2858_559_619_3260_3533.jpg,0.327071,0.40536785,0.26756108
khanhha_original::Rissbilder_for_Florian_9S6A2858_58_840_3696_4727.jpg,0.3885855,0.4129779,0.1984366
khanhha_original::Rissbilder_for_Florian_9S6A2858_74_2277_2849_2285.jpg,0.38605657,0.2732137,0.34072968
khanhha_original::Rissbilder_for_Florian_9S6A2858_825_486_2361_2715.jpg,0.33409938,0.26109958,0.4048011
khanhha_original::Rissbilder_for_Florian_9S6A2859_1580_320_3896_3471.jpg,0.41551402,0.38158125,0.20290479
khanhha_original::Rissbilder_for_Florian_9S6A2859_1796_34_3392_3713.jpg,0.4054812,0.35605744,0.2384613
khanhha_original::Rissbilder_for_Florian_9S6A2859_2073_725_3430_2687.jpg,0.49820402,0.2587178,0.24307819
khanhha_original::Rissbilder_for_Florian_9S6A2860_109_355_3609_3381.jpg,0.39486074,0.40922263,0.19591661
khanhha_original::Rissbilder_for_Florian_9S6A2860_2652_869_3027_2537.jpg,0.36430666,0.30192748,0.3337659
khanhha_original::Rissbilder_for_Florian_9S6A2860_476_406_3989_3027.jpg,0.44105974,0.39503622,0.163904
khanhha_original::Rissbilder_for_Florian_9S6A2860_707_1403_2200_2149.jpg,0.24440059,0.22606637,0.529533
khanhha_original::Rissbilder_for_Florian_9S6A2861_1002_825_2601_2341.jpg,0.31120634,0.33914495,0.34964874
khanhha_original::Rissbilder_for_Florian_9S6A2861_327_851_2964_3474.jpg,0.2945871,0.4008394,0.30457357
khanhha_original::Rissbilder_for_Florian_9S6A2861_716_324_2856_3710.jpg,0.33229864,0.4263199,0.24138142
khanhha_original::Rissbilder_for_Florian_9S6A2862_13_1221_3798_4291.jpg,0.32196018,0.4269593,0.25108045
khanhha_original::Rissbilder_for_Florian_9S6A2862_16_760_3062_2984.jpg,0.3127669,0.44440183,0.24283126
khanhha_original::Rissbilder_for_Florian_9S6A2862_54_2006_3577_3513.jpg,0.29662406,0.46355858,0.23981737
khanhha_original::Rissbilder_for_Florian_9S6A2862_550_1911_3038_3042.jpg,0.33796015,0.3988473,0.26319253
khanhha_original::Rissbilder_for_Florian_9S6A2863_312_1094_3025_3361.jpg,0.59263027,0.23038025,0.17698944
khanhha_original::Rissbilder_for_Florian_9S6A2863_423_3163_2502_2009.jpg,0.19893655,0.10990249,0.691161
khanhha_original::Rissbilder_for_Florian_9S6A2864_0_0_3840_5760.jpg,0.6494035,0.30170152,0.048895013
khanhha_original::Rissbilder_for_Florian_9S6A2864_474_1863_3308_2536.jpg,0.60502744,0.32291472,0.07205789
khanhha_original::Rissbilder_for_Florian_9S6A2864_95_886_3690_4688.jpg,0.6193561,0.3266068,0.05403713
khanhha_original::Rissbilder_for_Florian_9S6A2865_215_1866_2936_3607.jpg,0.6197493,0.34950754,0.030743167
khanhha_original::Rissbilder_for_Florian_9S6A2865_321_3005_2468_2755.jpg,0.6387821,0.3266561,0.034561783
khanhha_original::Rissbilder_for_Florian_9S6A2865_402_376_2830_3345.jpg,0.74494404,0.23377725,0.021278638
khanhha_original::Rissbilder_for_Florian_9S6A2865_415_206_2924_3039.jpg,0.7022609,0.27471092,0.023028115
khanhha_original::Rissbilder_for_Florian_9S6A2865_48_35_3665_3847.jpg,0.70917684,0.2634037,0.027419446
khanhha_original::Rissbilder_for_Florian_9S6A2865_874_516_2613_2236.jpg,0.5098725,0.3896406,0.10048698
khanhha_original::Rissbilder_for_Florian_9S6A2866_277_585_3310_3706.jpg,0.46746024,0.21626559,0.3162741
khanhha_original::Rissbilder_for_Florian_9S6A2866_643_1201_2050_2536.jpg,0.4201024,0.22325662,0.35664096
khanhha_original::Rissbilder_for_Florian_9S6A2867_114_180_3373_2642.jpg,0.37064186,0.47667202,0.1526861
khanhha_original::Rissbilder_for_Florian_9S6A2867_249_168_3377_3485.jpg,0.40315828,0.3638318,0.23301
khanhha_original::Rissbilder_for_Florian_9S6A2867_26_155_3813_3142.jpg,0.5108179,0.33674675,0.15243542
khanhha_original::Rissbilder_for_Florian_9S6A2867_515_377_2926_3568.jpg,0.38322043,0.398106,0.21867351
khanhha_original::Rissbilder_for_Florian_9S6A2867_657_766_2790_3388.jpg,0.41851887,0.2766386,0.30484262
khanhha_original::Rissbilder_for_Florian_9S6A2868_169_34_3542_2947.jpg,0.47138432,0.121678635,0.406937
khanhha_original::Rissbilder_for_Florian_9S6A2868_252_1319_2263_2294.jpg,0.36069745,0.10254904,0.5367535
khanhha_original::Rissbilder_for_Florian_9S6A2868_257_950_3108_3346.jpg,0.40244246,0.105723195,0.4918343
khanhha_original::Rissbilder_for_Florian_9S6A2868_353_804_2737_3193.jpg,0.446636,0.14127281,0.41209114
khanhha_original::Rissbilder_for_Florian_9S6A2868_867_2101_2821_2989.jpg,0.4989633,0.13887168,0.36216503
khanhha_original::Rissbilder_for_Florian_9S6A2869_107_1230_3580_4395.jpg,0.6904381,0.1606628,0.14889914
khanhha_original::Rissbilder_for_Florian_9S6A2869_1234_372_2013_2272.jpg,0.2621953,0.6201666,0.11763804
khanhha_original::Rissbilder_for_Florian_9S6A2869_171_1902_3454_3763.jpg,0.64892006,0.20404713,0.14703281
khanhha_original::Rissbilder_for_Florian_9S6A2869_37_1430_3692_3865.jpg,0.7179931,0.16271645,0.1192905
khanhha_original::Rissbilder_for_Florian_9S6A2869_6_538_3621_3662.jpg,0.62265277,0.2513479,0.12599929
khanhha_original::Rissbilder_for_Florian_9S6A2869_855_1425_2447_2662.jpg,0.63890994,0.21290024,0.14818974
khanhha_original::Rissbilder_for_Florian_9S6A2869_878_3059_2683_2082.jpg,0.38770765,0.42560148,0.18669084
khanhha_original::Rissbilder_for_Florian_9S6A2870_121_518_3261_3345.jpg,0.36105755,0.17817838,0.46076408
khanhha_original::Rissbilder_for_Florian_9S6A2870_504_1261_2761_3438.jpg,0.21353191,0.53941786,0.24705027
khanhha_original::Rissbilder_for_Florian_9S6A2873_0_0_5760_3840.jpg,0.44315365,0.24230579,0.3145406
khanhha_original::Rissbilder_for_Florian_9S6A2873_244_84_4072_3620.jpg,0.22233933,0.13248664,0.6451741
khanhha_original::Rissbilder_for_Florian_9S6A2873_904_515_2792_2550.jpg,0.19505762,0.084985316,0.719957
khanhha_original::Rissbilder_for_Florian_9S6A2873_905_438_3442_2738.jpg,0.22487977,0.10996184,0.6651584
khanhha_original::Rissbilder_for_Florian_9S6A2873_930_236_3379_3204.jpg,0.21134834,0.1118208,0.6768309
khanhha_original::Rissbilder_for_Florian_9S6A2874_251_526_2458_2696.jpg,0.046870735,0.015310184,0.9378191
khanhha_original::Rissbilder_for_Florian_9S6A2875_169_1864_3516_3562.jpg,0.25569895,0.2381219,0.50617915
khanhha_original::Rissbilder_for_Florian_9S6A2875_228_47_2676_2777.jpg,0.101533435,0.07499876,0.8234678
khanhha_original::Rissbilder_for_Florian_9S6A2875_36_523_3631_3027.jpg,0.22796775,0.17965917,0.59237313
khanhha_original::Rissbilder_for_Florian_9S6A2875_97_864_3672_4225.jpg,0.24905393,0.2647269,0.48621923
khanhha_original::Rissbilder_for_Florian_9S6A2876_169_722_2977_3880.jpg,0.4565654,0.14962013,0.39381436
khanhha_original::Rissbilder_for_Florian_9S6A2876_79_1349_3734_3387.jpg,0.3003575,0.091943726,0.60769886
khanhha_original::Rissbilder_for_Florian_9S6A2876_800_744_2945_3705.jpg,0.51368445,0.14051586,0.34579977
khanhha_original::Rissbilder_for_Florian_9S6A2877_304_1360_2589_2329.jpg,0.10545977,0.08984028,0.8046999
khanhha_original::Rissbilder_for_Florian_9S6A2877_417_140_3357_4443.jpg,0.3242572,0.11089618,0.56484663
khanhha_original::Rissbilder_for_Florian_9S6A2877_472_1716_2206_2901.jpg,0.18373103,0.083901934,0.73236704
khanhha_original::Rissbilder_for_Florian_9S6A2878_186_801_3630_3688.jpg,0.09026954,0.028097026,0.8816334
khanhha_original::Rissbilder_for_Florian_9S6A2878_287_270_3223_3935.jpg,0.12231853,0.05864071,0.8190408
khanhha_original::Rissbilder_for_Florian_9S6A2878_29_861_3713_4568.jpg,0.15272546,0.06031397,0.7869606
khanhha_original::Rissbilder_for_Florian_9S6A2878_373_2066_2452_3245.jpg,0.08306423,0.035807103,0.8811286
khanhha_original::Rissbilder_for_Florian_9S6A2878_67_878_2624_2752.jpg,0.15490147,0.04644402,0.79865456
khanhha_original::Rissbilder_for_Florian_9S6A2878_861_28_2800_2885.jpg,0.21913242,0.039239917,0.74162763
khanhha_original::Rissbilder_for_Florian_9S6A2879_0_0_5760_3840.jpg,0.19942376,0.13019165,0.6703846
khanhha_original::Rissbilder_for_Florian_9S6A2879_1312_923_2418_2909.jpg,0.18772796,0.088531494,0.7237406
khanhha_original::Rissbilder_for_Florian_9S6A2879_1320_542_3826_3214.jpg,0.12202991,0.078208014,0.799762
khanhha_original::Rissbilder_for_Florian_9S6A2880_1244_1022_2375_2527.jpg,0.18456922,0.29210564,0.5233251
khanhha_original::Rissbilder_for_Florian_9S6A2880_131_2019_3358_3435.jpg,0.31113088,0.3190003,0.36986887
khanhha_original::Rissbilder_for_Florian_9S6A2880_1_709_3836_3003.jpg,0.24522449,0.27025798,0.48451748
khanhha_original::Rissbilder_for_Florian_9S6A2880_277_388_3305_4321.jpg,0.2634579,0.34358212,0.39296007
khanhha_original::Rissbilder_for_Florian_9S6A2881_0_0_3840_5760.jpg,0.15128519,0.062074147,0.7866406
khanhha_original::Rissbilder_for_Florian_9S6A2881_1046_39_2575_3270.jpg,0.16436897,0.06331352,0.77231747
khanhha_original::Rissbilder_for_Florian_9S6A2881_277_1792_3424_2971.jpg,0.2134876,0.091579914,0.6949325
khanhha_original::Rissbilder_for_Florian_9S6A2881_77_297_3144_3819.jpg,0.08806831,0.031262904,0.8806688
khanhha_original::Rissbilder_for_Florian_9S6A2882_346_490_2497_1975.jpg,0.54278356,0.24119072,0.2160257
khanhha_original::Rissbilder_for_Florian_9S6A2882_458_1944_3282_2844.jpg,0.23414825,0.2883019,0.47754994
khanhha_original::Rissbilder_for_Florian_9S6A2883_0_0_3840_5760.jpg,0.3366408,0.18409885,0.4792603
khanhha_original::Rissbilder_for_Florian_9S6A2883_290_1780_2688_2984.jpg,0.16090569,0.13500395,0.7040903
khanhha_original::Rissbilder_for_Florian_9S6A2884_103_1141_3407_4451.jpg,0.2908567,0.21612675,0.4930165
khanhha_original::Rissbilder_for_Florian_9S6A2884_158_1281_3498_4054.jpg,0.40520668,0.21982847,0.37496486
khanhha_original::Rissbilder_for_Florian_9S6A2884_197_1323_3592_3665.jpg,0.5133062,0.20969082,0.27700296
khanhha_original::Rissbilder_for_Florian_9S6A2884_19_1803_3537_2796.jpg,0.42767903,0.32689407,0.24542679
khanhha_original::Rissbilder_for_Florian_9S6A2885_167_1375_2073_2363.jpg,0.18235041,0.25613925,0.5615104
khanhha_original::Rissbilder_for_Florian_9S6A2885_67_973_3621_3313.jpg,0.16121574,0.20239884,0.6363855
khanhha_original::Rissbilder_for_Florian_9S6A2885_82_1409_2816_3479.jpg,0.19937177,0.20627896,0.5943493
khanhha_original::Rissbilder_for_Florian_9S6A2886_106_479_3642_4594.jpg,0.3448814,0.36063695,0.29448166
khanhha_original::Rissbilder_for_Florian_9S6A2886_110_1312_3454_3075.jpg,0.32438025,0.39375594,0.28186384
khanhha_original::Rissbilder_for_Florian_9S6A2886_12_1171_3583_2973.jpg,0.32732636,0.3789315,0.29374215
khanhha_original::Rissbilder_for_Florian_9S6A2886_273_2665_2929_2302.jpg,0.22200894,0.5643461,0.21364494
khanhha_original::Rissbilder_for_Florian_9S6A2886_695_71_2627_3457.jpg,0.2620155,0.40764117,0.33034334
khanhha_original::Rissbilder_for_Florian_9S6A2886_984_32_2437_2598.jpg,0.1888009,0.635555,0.1756441
khanhha_original::Rissbilder_for_Florian_9S6A2887_452_483_3013_2564.jpg,0.4224127,0.09111413,0.48647317
khanhha_original::Rissbilder_for_Florian_9S6A2887_749_2501_3000_2991.jpg,0.4460421,0.04200902,0.5119489
khanhha_original::Rissbilder_for_Florian_9S6A2888_133_918_3617_3712.jpg,0.45971152,0.22250116,0.3177873
khanhha_original::Rissbilder_for_Florian_9S6A2889_470_1014_3063_3785.jpg,0.4241241,0.31365034,0.2622256
khanhha_original::Rissbilder_for_Florian_9S6A2889_671_2114_2686_3238.jpg,0.39756972,0.3025605,0.2998698
khanhha_original::Rissbilder_for_Florian_9S6A2890_0_0_3840_5760.jpg,0.32068533,0.35009116,0.32922348
khanhha_original::Rissbilder_for_Florian_9S6A2890_1213_1864_1830_2425.jpg,0.6027948,0.30717194,0.0900332
khanhha_original::Rissbilder_for_Florian_9S6A2892_103_890_2526_2526.jpg,0.5561708,0.2926592,0.15116988
khanhha_original::Rissbilder_for_Florian_9S6A2892_1086_390_3050_2813.jpg,0.6444673,0.23051555,0.12501714
khanhha_original::Rissbilder_for_Florian_9S6A2892_1754_604_2639_2889.jpg,0.6299897,0.26550794,0.10450245
khanhha_original::Rissbilder_for_Florian_9S6A2893_46_3035_3311_2720.jpg,0.4171058,0.43840903,0.14448512
khanhha_original::Rissbilder_for_Florian_9S6A2893_986_2947_2387_2036.jpg,0.30258963,0.15190043,0.54551
khanhha_original::Rissbilder_for_Florian_9S6A2894_2035_188_3164_3103.jpg,0.5295278,0.074864104,0.39560813
khanhha_original::Rissbilder_for_Florian_9S6A2894_2274_588_3314_3190.jpg,0.45595247,0.08242319,0.46162435
khanhha_original::Rissbilder_for_Florian_9S6A2895_46_163_3635_3331.jpg,0.24329247,0.053406868,0.70330065
khanhha_original::Rissbilder_for_Florian_9S6A2896_0_0_3840_5760.jpg,0.33700025,0.10232595,0.56067383
khanhha_original::Rissbilder_for_Florian_9S6A2896_1287_1184_2528_1916.jpg,0.34921685,0.04281926,0.6079639
khanhha_original::Rissbilder_for_Florian_9S6A2896_1446_730_2288_2912.jpg,0.40504038,0.042156782,0.5528028
khanhha_original::Rissbilder_for_Florian_9S6A2896_28_1443_3701_3540.jpg,0.3965968,0.10003333,0.50336987
khanhha_original::Rissbilder_for_Florian_9S6A2896_616_2037_3008_3401.jpg,0.5264485,0.1592447,0.31430686
khanhha_original::Rissbilder_for_Florian_9S6A2896_788_3134_2243_2150.jpg,0.39689308,0.18886717,0.41423976
khanhha_original::Rissbilder_for_Florian_9S6A2897_1309_1879_2158_2129.jpg,0.31320024,0.045928873,0.6408709
khanhha_original::Rissbilder_for_Florian_9S6A2897_161_1181_3216_3670.jpg,0.62322646,0.054046072,0.32272744
khanhha_original::Rissbilder_for_Florian_9S6A2897_480_85_2898_3545.jpg,0.4718568,0.10106315,0.42708012
khanhha_original::Rissbilder_for_Florian_9S6A2897_575_1892_2708_3567.jpg,0.72995067,0.042627487,0.22742178
khanhha_original::Rissbilder_for_Florian_9S6A2897_9_818_3756_3081.jpg,0.6085464,0.07942489,0.31202868
khanhha_original::Rissbilder_for_Florian_9S6A2900_113_3085_3124_2494.jpg,0.3003886,0.19535208,0.50425935
khanhha_original::Rissbilder_for_Florian_9S6A2900_163_3290_2437_2240.jpg,0.15409864,0.16418353,0.6817179
khanhha_original::Rissbilder_for_Florian_9S6A2900_197_1041_3309_3760.jpg,0.23079464,0.10490285,0.66430247
khanhha_original::Rissbilder_for_Florian_9S6A2901_0_0_3840_5760.jpg,0.9250718,0.036367398,0.038560808
khanhha_original::Rissbilder_for_Florian_9S6A2901_55_3400_2984_2240.jpg,0.9663753,0.017670156,0.015954562
khanhha_original::Rissbilder_for_Florian_9S6A2901_67_161_3343_3273.jpg,0.82349724,0.0456163,0.13088652
khanhha_original::Rissbilder_for_Florian_9S6A2902_0_0_3840_5760.jpg,0.6673651,0.06172836,0.27090657
khanhha_original::Rissbilder_for_Florian_9S6A2902_163_2262_3171_3274.jpg,0.70633477,0.093008816,0.2006564
khanhha_original::Rissbilder_for_Florian_9S6A2902_192_967_2598_2117.jpg,0.32434967,0.2385961,0.43705422
khanhha_original::Rissbilder_for_Florian_9S6A2903_385_511_3375_3468.jpg,0.73541397,0.11055734,0.15402868
khanhha_original::Rissbilder_for_Florian_9S6A2903_438_739_2998_2746.jpg,0.64395183,0.13644616,0.219602
khanhha_original::Rissbilder_for_Florian_9S6A2904_447_893_3086_3169.jpg,0.40124786,0.067277566,0.53147453
khanhha_original::Rissbilder_for_Florian_9S6A2904_78_719_3211_3093.jpg,0.42490268,0.051034063,0.5240632
khanhha_original::Rissbilder_for_Florian_9S6A2904_86_208_2615_2808.jpg,0.2955691,0.41100335,0.29342762
khanhha_original::Rissbilder_for_Florian_9S6A2905_1082_994_2878_2819.jpg,0.18342221,0.046335395,0.7702424
khanhha_original::Rissbilder_for_Florian_9S6A2905_153_412_3269_2899.jpg,0.31779662,0.10697838,0.57522506
khanhha_original::Rissbilder_for_Florian_9S6A2905_2363_42_2827_2612.jpg,0.38664034,0.09217885,0.5211808
khanhha_original::Rissbilder_for_Florian_9S6A2905_795_159_2896_2675.jpg,0.2211829,0.099592805,0.6792243
khanhha_original::Rissbilder_for_Florian_9S6A2905_928_88_4020_3658.jpg,0.27228364,0.06001338,0.66770303
khanhha_original::Rissbilder_for_Florian_9S6A2906_0_0_3840_5760.jpg,0.75731933,0.17421098,0.06846971
khanhha_original::Rissbilder_for_Florian_9S6A2906_358_658_3398_3904.jpg,0.75018626,0.17449977,0.07531399
khanhha_original::Rissbilder_for_Florian_9S6A2906_52_256_3772_3845.jpg,0.79308504,0.13724618,0.06966882
khanhha_original::Rissbilder_for_Florian_9S6A2906_54_350_3631_4518.jpg,0.76217115,0.17369689,0.064131945
khanhha_original::Rissbilder_for_Florian_9S6A2906_67_759_3263_3857.jpg,0.7223907,0.17623694,0.10137236
khanhha_original::Rissbilder_for_Florian_9S6A2908_1091_77_2830_3744.jpg,0.54745215,0.26245356,0.19009426
khanhha_original::Rissbilder_for_Florian_9S6A2908_1096_896_2445_1861.jpg,0.48508853,0.18132359,0.33358786
khanhha_original::Rissbilder_for_Florian_9S6A2908_1599_736_3074_2729.jpg,0.67069525,0.18565369,0.1436511
khanhha_original::Rissbilder_for_Florian_9S6A2909_191_2009_3191_3109.jpg,0.9159115,0.033364274,0.050724275
khanhha_original::Rissbilder_for_Florian_9S6A2909_36_61_3613_3826.jpg,0.9004183,0.042213477,0.057368364
khanhha_original::Rissbilder_for_Florian_9S6A2909_485_850_3106_4081.jpg,0.93822354,0.02397134,0.037805203
khanhha_original::Rissbilder_for_Florian_9S6A2910_0_0_3840_5760.jpg,0.56486386,0.045967195,0.3891689
khanhha_original::Rissbilder_for_Florian_9S6A2910_113_175_3097_2360.jpg,0.77992564,0.048949182,0.17112525
khanhha_original::Rissbilder_for_Florian_9S6A2910_43_1959_3615_3077.jpg,0.8418292,0.041031644,0.11713916
khanhha_original::Rissbilder_for_Florian_9S6A2910_59_1878_2063_2153.jpg,0.54976827,0.13607046,0.3141613
khanhha_original::Rissbilder_for_Florian_9S6A2910_880_2365_2685_2887.jpg,0.8530189,0.05467631,0.09230485
khanhha_original::Rissbilder_for_Florian_9S6A2911_1125_1393_2108_2755.jpg,0.54866064,0.19077782,0.26056156
khanhha_original::Rissbilder_for_Florian_9S6A2911_323_1692_3460_3572.jpg,0.6693851,0.12519038,0.20542456
khanhha_original::Rissbilder_for_Florian_9S6A2912_0_0_3840_5760.jpg,0.58440727,0.23084803,0.1847447
khanhha_original::Rissbilder_for_Florian_9S6A2912_255_1175_3429_3203.jpg,0.56784195,0.116171144,0.31598678
khanhha_original::Rissbilder_for_Florian_9S6A2912_85_369_3711_3429.jpg,0.5297714,0.11318267,0.35704598
khanhha_original::Rissbilder_for_Florian_9S6A2913_20_297_2640_2502.jpg,0.69605076,0.22231093,0.08163828
khanhha_original::Rissbilder_for_Florian_9S6A2913_320_3010_3339_2578.jpg,0.79776853,0.1496075,0.05262396
khanhha_original::Rissbilder_for_Florian_9S6A2913_321_16_3485_4543.jpg,0.5920555,0.27077457,0.13716982
khanhha_original::Rissbilder_for_Florian_9S6A2914_10_816_3799_4560.jpg,0.7092275,0.19994016,0.09083234
khanhha_original::Rissbilder_for_Florian_9S6A2914_165_203_2511_2307.jpg,0.6308687,0.20176253,0.16736883
khanhha_original::Rissbilder_for_Florian_9S6A2914_601_1274_2657_3363.jpg,0.6881142,0.11917603,0.19270974
khanhha_original::Rissbilder_for_Florian_9S6A2914_61_827_3521_3770.jpg,0.76133364,0.13338971,0.10527661
khanhha_original::Rissbilder_for_Florian_9S6A2914_864_1519_2861_3089.jpg,0.6893415,0.103274636,0.20738389
khanhha_original::Rissbilder_for_Florian_9S6A2915_1128_2752_2373_2395.jpg,0.6576657,0.13942623,0.20290805
khanhha_original::Rissbilder_for_Florian_9S6A2915_757_2194_2406_2383.jpg,0.77329326,0.09110689,0.13559991
khanhha_original::Rissbilder_for_Florian_9S6A2916_1381_1379_2811_2259.jpg,0.63084704,0.1293789,0.23977405
khanhha_original::Rissbilder_for_Florian_9S6A2916_1475_441_4120_3342.jpg,0.615733,0.1936758,0.19059114
khanhha_original::Rissbilder_for_Florian_9S6A2916_2449_405_2485_3276.jpg,0.61389524,0.14330485,0.24279995
khanhha_original::Rissbilder_for_Florian_9S6A2916_26_880_2781_2363.jpg,0.31829602,0.08681387,0.5948902
khanhha_original::Rissbilder_for_Florian_9S6A2916_361_66_3733_3710.jpg,0.6161298,0.18629211,0.19757812
khanhha_original::Rissbilder_for_Florian_9S6A2917_0_74_3825_4343.jpg,0.766474,0.113937154,0.119588874
khanhha_original::Rissbilder_for_Florian_9S6A2917_313_1519_3434_4037.jpg,0.7654593,0.116046645,0.11849404
khanhha_original::Rissbilder_for_Florian_9S6A2917_486_1027_3148_3681.jpg,0.85679775,0.082931355,0.06027085
khanhha_original::Rissbilder_for_Florian_9S6A2917_599_2662_2081_2529.jpg,0.6781428,0.20559084,0.11626637
khanhha_original::Rissbilder_for_Florian_9S6A2918_430_1739_2794_3223.jpg,0.45696947,0.22021279,0.3228177
khanhha_original::Rissbilder_for_Florian_9S6A2919_1008_848_2956_2327.jpg,0.29291746,0.07704241,0.63004017
khanhha_original::Rissbilder_for_Florian_9S6A2919_1139_6_3401_3091.jpg,0.28772584,0.11293618,0.59933794
khanhha_original::Rissbilder_for_Florian_9S6A2919_311_375_3331_2605.jpg,0.3652076,0.08272369,0.5520687
khanhha_original::Rissbilder_for_Florian_9S6A2919_910_611_3253_2887.jpg,0.33041432,0.123409465,0.54617614
khanhha_original::Rissbilder_for_Florian_9S6A2923_1668_185_3721_3137.jpg,0.7865467,0.1290683,0.08438495
khanhha_original::Rissbilder_for_Florian_9S6A2923_49_326_3736_3442.jpg,0.7064172,0.12057011,0.17301267
khanhha_original::Rissbilder_for_Florian_9S6A2923_875_539_3052_2796.jpg,0.69773996,0.15379083,0.14846914
khanhha_original::Rissbilder_for_Florian_9S6A3085_46_1568_3730_4175.jpg,0.3362586,0.3502341,0.31350735
khanhha_original::Rissbilder_for_Florian_9S6A3085_497_692_2640_2077.jpg,0.6620079,0.2347197,0.10327228
khanhha_original::Rissbilder_for_Florian_9S6A3085_67_497_3262_3700.jpg,0.45987272,0.31094274,0.2291845
khanhha_original::Rissbilder_for_Florian_9S6A3087_146_59_3684_4477.jpg,0.23771429,0.21814016,0.5441455
khanhha_original::Rissbilder_for_Florian_9S6A3088_370_2375_2620_2464.jpg,0.56960815,0.21269639,0.21769542
khanhha_original::Rissbilder_for_Florian_9S6A3089_0_0_3840_5760.jpg,0.30433223,0.27058578,0.42508203
khanhha_original::Rissbilder_for_Florian_9S6A3089_369_1679_3470_3717.jpg,0.4623929,0.20262872,0.3349784
khanhha_original::Rissbilder_for_Florian_9S6A3090_836_130_3789_3301.jpg,0.5598067,0.2634712,0.17672212
khanhha_original::Rissbilder_for_Florian_9S6A3090_960_1737_2204_2039.jpg,0.4516848,0.36108473,0.18723042
khanhha_original::Rissbilder_for_Florian_9S6A3091_375_333_2309_2364.jpg,0.5590002,0.109930314,0.33106947
khanhha_original::Rissbilder_for_Florian_9S6A3091_481_1320_3311_3035.jpg,0.37396955,0.22527297,0.40075743
khanhha_original::Rissbilder_for_Florian_9S6A3092_272_70_2808_2402.jpg,0.31605232,0.30358794,0.38035974
khanhha_original::Rissbilder_for_Florian_9S6A3092_3399_925_2286_2829.jpg,0.6705823,0.07536872,0.25404906
khanhha_original::Rissbilder_for_Florian_9S6A3092_623_215_3689_2974.jpg,0.32824752,0.27108145,0.40067104
khanhha_original::Rissbilder_for_Florian_9S6A3093_157_2766_2021_2677.jpg,0.53336346,0.05313935,0.41349718
khanhha_original::Rissbilder_for_Florian_9S6A3093_616_1617_3135_4052.jpg,0.43519008,0.12273945,0.44207045
khanhha_original::Rissbilder_for_Florian_9S6A3093_895_2172_2481_2123.jpg,0.6563661,0.071721666,0.27191222
khanhha_original::Rissbilder_for_Florian_9S6A3094_17_1195_3751_3661.jpg,0.6301461,0.1439677,0.2258862
khanhha_original::Rissbilder_for_Florian_9S6A3094_504_2131_3084_3443.jpg,0.5947794,0.2032403,0.2019804
khanhha_original::Rissbilder_for_Florian_9S6A3094_596_1754_2681_3046.jpg,0.6025496,0.18742888,0.2100215
khanhha_original::Rissbilder_for_Florian_9S6A3095_418_2347_2757_3271.jpg,0.6180722,0.09537913,0.2865487
khanhha_original::Rissbilder_for_Florian_9S6A3095_514_444_3123_3906.jpg,0.48042434,0.10799308,0.41158256
khanhha_original::Rissbilder_for_Florian_9S6A3095_592_717_2568_2704.jpg,0.40822366,0.1236015,0.4681748
khanhha_original::Rissbilder_for_Florian_9S6A3095_89_2165_3402_3441.jpg,0.49113056,0.112062804,0.39680663
khanhha_original::Rissbilder_for_Florian_9S6A3096_347_506_3372_3116.jpg,0.5806074,0.23336141,0.18603115
khanhha_original::Rissbilder_for_Florian_9S6A3096_515_1896_2914_2761.jpg,0.5180458,0.30132464,0.18062955
khanhha_original::Rissbilder_for_Florian_9S6A3096_899_155_2326_2742.jpg,0.4563409,0.33261257,0.21104647
khanhha_original::Rissbilder_for_Florian_9S6A3098_1300_3220_2283_2309.jpg,0.6093144,0.22313195,0.16755366
khanhha_original::Rissbilder_for_Florian_9S6A3098_64_1239_3474_2730.jpg,0.40409812,0.36904043,0.22686143
khanhha_original::Rissbilder_for_Florian_9S6A3098_88_800_3751_4641.jpg,0.40173078,0.36325487,0.23501433
khanhha_original::Rissbilder_for_Florian_9S6A3099_120_26_3496_4484.jpg,0.5844266,0.13618647,0.27938694
khanhha_original::Rissbilder_for_Florian_9S6A3099_12_492_3822_3921.jpg,0.68402606,0.11413416,0.20183985
khanhha_original::Rissbilder_for_Florian_9S6A3099_441_1535_3289_4016.jpg,0.4372157,0.09908204,0.4637023
khanhha_original::Rissbilder_for_Florian_9S6A3099_86_2659_2827_2257.jpg,0.58845234,0.077733584,0.33381405
khanhha_original::Rissbilder_for_Florian_9S6A3100_374_2397_2891_2543.jpg,0.44317797,0.14509971,0.4117223
khanhha_original::Rissbilder_for_Florian_9S6A3100_62_648_2874_2646.jpg,0.6302365,0.13297486,0.23678868
khanhha_original::Rissbilder_for_Florian_9S6A3100_765_387_2677_2632.jpg,0.64480555,0.19305325,0.1621412
khanhha_original::Rissbilder_for_Florian_9S6A3101_1262_2535_2488_2185.jpg,0.58722746,0.15867382,0.25409865
khanhha_original::Rissbilder_for_Florian_9S6A3101_148_599_2929_2917.jpg,0.7203112,0.12389795,0.15579082
khanhha_original::Rissbilder_for_Florian_9S6A3101_487_946_2726_3042.jpg,0.6935786,0.16494228,0.14147913
khanhha_original::Rissbilder_for_Florian_9S6A3102_100_448_3704_4115.jpg,0.26097324,0.23459135,0.5044354
khanhha_original::Rissbilder_for_Florian_9S6A3103_225_1283_3432_3981.jpg,0.70036507,0.16540614,0.13422884
khanhha_original::Rissbilder_for_Florian_9S6A3103_43_936_3780_4403.jpg,0.70538896,0.15141353,0.14319754
khanhha_original::Rissbilder_for_Florian_9S6A3103_446_1371_3306_4182.jpg,0.56596535,0.18245883,0.25157583
khanhha_original::Rissbilder_for_Florian_9S6A3103_513_1787_2538_2641.jpg,0.7004841,0.11016279,0.18935318
khanhha_original::Rissbilder_for_Florian_9S6A3104_1061_1181_3086_2630.jpg,0.44393292,0.19333386,0.36273316
khanhha_original::Rissbilder_for_Florian_9S6A3104_151_147_3971_3570.jpg,0.5789997,0.20646603,0.21453428
khanhha_original::Rissbilder_for_Florian_9S6A3104_783_263_3586_3511.jpg,0.40162927,0.2582175,0.34015322
khanhha_original::Rissbilder_for_Florian_9S6A3105_186_619_3616_4246.jpg,0.1450008,0.15239912,0.70260006
khanhha_original::Rissbilder_for_Florian_9S6A3105_871_2904_2401_2180.jpg,0.10850625,0.16344662,0.72804713
khanhha_original::Rissbilder_for_Florian_9S6A3105_95_40_3736_3924.jpg,0.094415985,0.12534991,0.7802341
khanhha_original::Rissbilder_for_Florian_9S6A3106_108_1927_3275_2664.jpg,0.6097261,0.13111402,0.2591599
khanhha_original::Rissbilder_for_Florian_9S6A3106_228_1483_2823_2920.jpg,0.5555932,0.10259562,0.3418112
khanhha_original::Rissbilder_for_Florian_9S6A3106_310_2925_3257_2813.jpg,0.6161736,0.17106359,0.21276283
khanhha_original::Rissbilder_for_Florian_9S6A3106_333_1784_3162_3278.jpg,0.48147446,0.13543478,0.38309076
khanhha_original::Rissbilder_for_Florian_9S6A3106_521_315_3058_2943.jpg,0.30636305,0.116860546,0.5767764
khanhha_original::Rissbilder_for_Florian_9S6A3106_85_2598_2058_2287.jpg,0.61386406,0.11832665,0.26780924
khanhha_original::Rissbilder_for_Florian_9S6A3106_9_406_3814_4267.jpg,0.4019877,0.14019826,0.45781398
khanhha_original::Rissbilder_for_Florian_9S6A3108_130_372_2601_2517.jpg,0.6456039,0.18539913,0.16899705
khanhha_original::Rissbilder_for_Florian_9S6A3108_134_412_3328_4228.jpg,0.6176117,0.19639751,0.18599081
khanhha_original::Rissbilder_for_Florian_9S6A3108_160_1043_3170_3960.jpg,0.63168734,0.16037072,0.20794193
khanhha_original::Rissbilder_for_Florian_9S6A3108_365_3231_2323_2320.jpg,0.7365654,0.12936768,0.13406688
khanhha_original::Rissbilder_for_Florian_9S6A3108_43_1162_3415_3672.jpg,0.6502538,0.16905402,0.18069215
khanhha_original::Rissbilder_for_Florian_9S6A3108_651_10_2896_3045.jpg,0.645558,0.19012675,0.1643152
khanhha_original::Rissbilder_for_Florian_9S6A3109_163_622_3006_3321.jpg,0.40997833,0.47227857,0.117743045
khanhha_original::Rissbilder_for_Florian_9S6A3109_440_362_3337_4316.jpg,0.32708022,0.4782092,0.19471064
khanhha_original::Rissbilder_for_Florian_9S6A3109_793_2237_2466_2142.jpg,0.42135897,0.42454073,0.15410033
khanhha_original::Rissbilder_for_Florian_9S6A3110_0_0_3840_5760.jpg,0.51092803,0.19370197,0.29536995
khanhha_original::Rissbilder_for_Florian_9S6A3110_52_945_3558_4432.jpg,0.56697184,0.2316838,0.20134433
khanhha_original::Rissbilder_for_Florian_9S6A3111_42_1509_3500_3908.jpg,0.75747293,0.14599116,0.096535966
khanhha_original::Rissbilder_for_Florian_9S6A3111_601_683_2556_3338.jpg,0.70359284,0.115074135,0.18133307
khanhha_original::Rissbilder_for_Florian_9S6A3112_1296_2688_2055_2721.jpg,0.7296255,0.19077137,0.0796031
khanhha_original::Rissbilder_for_Florian_9S6A3112_1349_1614_2446_2337.jpg,0.5777647,0.2920893,0.13014595
khanhha_original::Rissbilder_for_Florian_9S6A3113_104_526_3717_3372.jpg,0.36354858,0.4906219,0.14582957
khanhha_original::Rissbilder_for_Florian_9S6A3114_1215_3118_2077_2478.jpg,0.72153026,0.20769173,0.07077807
khanhha_original::Rissbilder_for_Florian_9S6A3114_358_1983_3344_3063.jpg,0.7158892,0.21566515,0.06844558
khanhha_original::Rissbilder_for_Florian_9S6A3114_871_3543_2822_2137.jpg,0.73978525,0.18171054,0.07850419
khanhha_original::Rissbilder_for_Florian_9S6A3115_1009_154_4329_3598.jpg,0.54912996,0.29290435,0.15796569
khanhha_original::Rissbilder_for_Florian_9S6A3115_1837_674_2470_3120.jpg,0.40691176,0.42350656,0.16958171
khanhha_original::Rissbilder_for_Florian_9S6A3115_1867_748_3166_2919.jpg,0.6064423,0.28001714,0.11354053
khanhha_original::Rissbilder_for_Florian_9S6A3116_390_1097_2997_3963.jpg,0.55036664,0.33524826,0.1143851
khanhha_original::Rissbilder_for_Florian_9S6A3116_555_2380_2956_2340.jpg,0.45491627,0.4178416,0.12724206
khanhha_original::Rissbilder_for_Florian_9S6A3117_0_0_3840_5760.jpg,0.5960089,0.20240694,0.2015842
khanhha_original::Rissbilder_for_Florian_9S6A3117_155_109_3546_2785.jpg,0.57483107,0.3032184,0.121950515
khanhha_original::Rissbilder_for_Florian_9S6A3117_911_680_2749_2883.jpg,0.67710847,0.2196101,0.1032814
khanhha_original::Rissbilder_for_Florian_9S6A3118_1132_115_4379_3677.jpg,0.69956386,0.19627899,0.10415716
khanhha_original::Rissbilder_for_Florian_9S6A3118_2514_38_2922_3514.jpg,0.6949776,0.16166145,0.14336094
khanhha_original::Rissbilder_for_Florian_9S6A3119_1583_2261_2214_2879.jpg,0.39558724,0.49564007,0.108772695
khanhha_original::Rissbilder_for_Florian_9S6A3119_179_1656_3530_3136.jpg,0.4462206,0.35638994,0.19738953
khanhha_original::Rissbilder_for_Florian_9S6A3119_520_1811_3242_3051.jpg,0.50279903,0.3434178,0.15378316
khanhha_original::Rissbilder_for_Florian_9S6A3120_14_1099_3666_4059.jpg,0.5417987,0.2836242,0.17457697
khanhha_original::Rissbilder_for_Florian_9S6A3120_217_1113_3331_4192.jpg,0.599872,0.21534787,0.18478015
khanhha_original::Rissbilder_for_Florian_9S6A3120_236_1671_2928_2310.jpg,0.71664697,0.1749682,0.1083848
khanhha_original::Rissbilder_for_Florian_9S6A3120_875_1120_2089_2571.jpg,0.59082675,0.26927337,0.13989991
khanhha_original::Rissbilder_for_Florian_9S6A3121_1095_2665_2007_2602.jpg,0.7486286,0.12545991,0.12591149
khanhha_original::Rissbilder_for_Florian_9S6A3121_224_1466_3238_3220.jpg,0.7377747,0.11997882,0.14224643
khanhha_original::Rissbilder_for_Florian_9S6A3121_408_826_2841_3663.jpg,0.7399695,0.09368413,0.16634634
khanhha_original::Rissbilder_for_Florian_9S6A3122_155_390_2741_3264.jpg,0.6279167,0.20281948,0.16926387
khanhha_original::Rissbilder_for_Florian_9S6A3122_463_1629_3085_3858.jpg,0.58300054,0.22895662,0.18804274
khanhha_original::Rissbilder_for_Florian_9S6A3123_240_2905_2709_2486.jpg,0.80009043,0.11538418,0.084525414
khanhha_original::Rissbilder_for_Florian_9S6A3123_372_1209_3339_4319.jpg,0.8758311,0.08238206,0.04178682
khanhha_original::Rissbilder_for_Florian_9S6A3124_1300_898_2343_2899.jpg,0.5699615,0.2317687,0.19826983
khanhha_original::Rissbilder_for_Florian_9S6A3124_465_2434_3240_3146.jpg,0.601289,0.2788078,0.11990329
khanhha_original::Rissbilder_for_Florian_9S6A3126_162_642_3629_3769.jpg,0.73217595,0.15448178,0.113342285
khanhha_original::Rissbilder_for_Florian_9S6A3126_206_1216_3376_3686.jpg,0.7750961,0.11718037,0.107723564
khanhha_original::Rissbilder_for_Florian_9S6A3126_264_1533_3180_4043.jpg,0.6985549,0.11412484,0.18732032
khanhha_original::Rissbilder_for_Florian_9S6A3126_429_167_3310_4297.jpg,0.69733214,0.17229788,0.13036999
khanhha_original::Rissbilder_for_Florian_9S6A3127_114_2737_3530_2753.jpg,0.7632077,0.15064093,0.086151406
khanhha_original::Rissbilder_for_Florian_9S6A3127_54_1984_3083_3305.jpg,0.6481791,0.2067232,0.14509761
khanhha_original::Rissbilder_for_Florian_9S6A3127_595_2880_2296_2633.jpg,0.6046342,0.2736122,0.12175359
khanhha_original::Rissbilder_for_Florian_9S6A3127_653_1639_2788_3252.jpg,0.62540036,0.2929507,0.08164895
khanhha_original::Rissbilder_for_Florian_9S6A3127_89_657_3259_3858.jpg,0.6528407,0.22519019,0.12196914
khanhha_original::Rissbilder_for_Florian_9S6A3127_9_1051_3792_3003.jpg,0.6907195,0.19758238,0.11169813
khanhha_original::Rissbilder_for_Florian_9S6A3128_304_338_2449_2867.jpg,0.74021775,0.1794287,0.080353536
khanhha_original::Rissbilder_for_Florian_9S6A3128_580_813_2343_2413.jpg,0.7346232,0.18773443,0.07764236
khanhha_original::Rissbilder_for_Florian_9S6A3128_7_578_2768_3056.jpg,0.7926887,0.16163848,0.045672815
khanhha_original::Rissbilder_for_Florian_9S6A3129_141_412_2185_2751.jpg,0.66067475,0.2676162,0.07170897
khanhha_original::Rissbilder_for_Florian_9S6A3129_78_688_3494_3199.jpg,0.65785366,0.2576406,0.08450569
khanhha_original::Rissbilder_for_Florian_9S6A3129_882_707_2680_2479.jpg,0.6541779,0.2890262,0.056795944
khanhha_original::Rissbilder_for_Florian_9S6A3130_190_1907_3510_2920.jpg,0.64449143,0.2647427,0.09076581
khanhha_original::Rissbilder_for_Florian_9S6A3130_24_518_3753_4265.jpg,0.6107473,0.26844597,0.1208068
khanhha_original::Rissbilder_for_Florian_9S6A3130_35_1947_3497_3753.jpg,0.5792331,0.31658274,0.10418409
khanhha_original::Rissbilder_for_Florian_9S6A3130_485_279_2724_2520.jpg,0.5741801,0.33757707,0.08824277
khanhha_original::Rissbilder_for_Florian_9S6A3130_741_2592_3069_3082.jpg,0.55844295,0.34295595,0.098601155
khanhha_original::Rissbilder_for_Florian_9S6A3131_308_1998_2814_2860.jpg,0.49337456,0.3996714,0.10695405
khanhha_original::Rissbilder_for_Florian_9S6A3131_389_1670_3375_3959.jpg,0.4546847,0.3981975,0.14711775
khanhha_original::Rissbilder_for_Florian_9S6A3131_542_1698_3243_3761.jpg,0.42928603,0.4105955,0.16011839
khanhha_original::Rissbilder_for_Florian_9S6A3132_2349_1232_2560_2243.jpg,0.52057123,0.4092653,0.07016342
khanhha_original::Rissbilder_for_Florian_9S6A3132_2998_275_2346_3000.jpg,0.4629751,0.471646,0.0653789
khanhha_original::Rissbilder_for_Florian_9S6A3133_207_186_4184_3281.jpg,0.49735144,0.3886717,0.11397684
khanhha_original::Rissbilder_for_Florian_9S6A3134_140_2003_2431_2080.jpg,0.56399,0.30439734,0.13161257
khanhha_original::Rissbilder_for_Florian_9S6A3134_417_310_2997_3294.jpg,0.5035801,0.3548604,0.14155954
khanhha_original::Rissbilder_for_Florian_9S6A3134_422_2625_3386_2683.jpg,0.44748837,0.38321522,0.16929646
khanhha_original::Rissbilder_for_Florian_9S6A3134_750_425_1978_2414.jpg,0.4347115,0.45905834,0.10623013
khanhha_original::Rissbilder_for_Florian_9S6A3134_76_855_3718_4555.jpg,0.5159911,0.34444904,0.13955982
khanhha_original::Rissbilder_for_Florian_9S6A3135_339_1311_2661_3168.jpg,0.57151824,0.32710245,0.10137922
khanhha_original::Rissbilder_for_Florian_9S6A3136_0_0_5760_3840.jpg,0.570358,0.34550956,0.084132455
khanhha_original::Rissbilder_for_Florian_9S6A3136_1628_12_2911_3801.jpg,0.5635852,0.3172301,0.119184695
khanhha_original::Rissbilder_for_Florian_9S6A3137_1104_2295_2445_3107.jpg,0.4560796,0.4429102,0.101010285
khanhha_original::Rissbilder_for_Florian_9S6A3137_1228_1792_2559_2477.jpg,0.5460792,0.39558563,0.058335114
khanhha_original::Rissbilder_for_Florian_9S6A3137_182_823_3574_4047.jpg,0.5765492,0.32525268,0.09819816
khanhha_original::Rissbilder_for_Florian_9S6A3137_201_2087_3465_3669.jpg,0.61303836,0.31368515,0.073276505
khanhha_original::Rissbilder_for_Florian_9S6A3137_313_2279_2337_2933.jpg,0.56865215,0.34595248,0.08539535
khanhha_original::Rissbilder_for_Florian_9S6A3137_507_1097_2555_2213.jpg,0.5666238,0.35638702,0.076989174
khanhha_original::Rissbilder_for_Florian_9S6A3138_115_569_2228_2606.jpg,0.7667518,0.19409458,0.039153513
khanhha_original::Sylvie_Chambon_006.jpg,0.7895436,0.0335267,0.17692965
khanhha_original::Sylvie_Chambon_022.jpg,0.8430382,0.046924543,0.110037215
khanhha_original::Sylvie_Chambon_025.jpg,0.3932546,0.027363833,0.5793816
khanhha_original::Sylvie_Chambon_038.jpg,0.65488714,0.100370474,0.24474238
khanhha_original::Sylvie_Chambon_039.jpg,0.85244673,0.027131872,0.12042133
khanhha_original::Sylvie_Chambon_056.jpg,0.3282066,0.49934906,0.17244433
khanhha_original::Sylvie_Chambon_057.jpg,0.21248622,0.20639455,0.5811192
khanhha_original::Sylvie_Chambon_058.jpg,0.49387935,0.24769887,0.25842178
khanhha_original::Sylvie_Chambon_062.jpg,0.68915915,0.15582915,0.15501167
khanhha_original::Sylvie_Chambon_068.jpg,0.66445875,0.123112775,0.21242851
khanhha_original::Sylvie_Chambon_069.jpg,0.6767298,0.11448919,0.20878102
khanhha_original::Sylvie_Chambon_073.jpg,0.57277215,0.2584798,0.168748
khanhha_original::Sylvie_Chambon_087.jpg,0.38433567,0.048316512,0.56734776
khanhha_original::Sylvie_Chambon_089.jpg,0.75999445,0.12177362,0.11823194
khanhha_original::Sylvie_Chambon_094.jpg,0.85807306,0.0625359,0.07939111
khanhha_original::Sylvie_Chambon_105.jpg,0.6334815,0.0975912,0.26892728
khanhha_original::Sylvie_Chambon_107.jpg,0.6321291,0.17653945,0.1913315
khanhha_original::Sylvie_Chambon_116.jpg,0.7329925,0.07613833,0.19086917
khanhha_original::Sylvie_Chambon_206.jpg,0.3018623,0.419992,0.27814573
khanhha_original::Sylvie_Chambon_207.jpg,0.31196398,0.44719124,0.24084479
khanhha_original::Sylvie_Chambon_208.jpg,0.24008809,0.31382594,0.446086
khanhha_original::Sylvie_Chambon_303.jpg,0.01586146,0.015998574,0.96814
khanhha_original::Sylvie_Chambon_306.jpg,0.7368568,0.13472854,0.12841465
khanhha_original::Sylvie_Chambon_314.jpg,0.25024152,0.026529232,0.7232292
khanhha_original::Sylvie_Chambon_319.jpg,0.35892642,0.055547245,0.58552635
khanhha_original::Sylvie_Chambon_323.jpg,0.07165004,0.01801237,0.91033757
khanhha_original::Sylvie_Chambon_Im_noGT_ESAR_21a.jpg,0.0030326555,0.0006520012,0.9963154
khanhha_original::Sylvie_Chambon_Im_noGT_ESAR_33a.jpg,0.18457869,0.04743789,0.76798344
khanhha_original::Volker_DSC01608_969_117_1674_1684.jpg,0.010850842,0.0055327737,0.98361635
khanhha_original::Volker_DSC01610_123_687_1549_1614.jpg,0.015687477,0.013143203,0.9711693
khanhha_original::Volker_DSC01610_142_1014_1353_1352.jpg,0.022269117,0.017834866,0.959896
khanhha_original::Volker_DSC01610_303_207_1284_1603.jpg,0.042478703,0.028463727,0.9290576
khanhha_original::Volker_DSC01612_211_482_1550_1714.jpg,0.0028134082,0.003799277,0.99338734
khanhha_original::Volker_DSC01612_8_444_1816_1750.jpg,0.0025731502,0.0036115805,0.9938153
khanhha_original::Volker_DSC01623_0_0_1824_2736.jpg,0.0011020462,0.0016728727,0.99722517
khanhha_original::Volker_DSC01623_134_615_1595_1694.jpg,0.005169853,0.005508615,0.9893216
khanhha_original::Volker_DSC01623_22_364_1793_1961.jpg,0.00319033,0.0031114623,0.9936982
khanhha_original::Volker_DSC01623_32_1414_1144_1043.jpg,0.1389985,0.039677326,0.8213242
khanhha_original::Volker_DSC01624_0_0_2736_1824.jpg,0.004117759,0.004741777,0.99114054
khanhha_original::Volker_DSC01625_69_1101_1754_1427.jpg,0.057948396,0.08442994,0.8576216
khanhha_original::Volker_DSC01626_121_195_1176_1486.jpg,0.22674398,0.0691881,0.7040678
khanhha_original::Volker_DSC01626_24_407_1783_1611.jpg,0.12557513,0.10331017,0.77111465
khanhha_original::Volker_DSC01628_0_0_1824_2736.jpg,0.07351402,0.009007663,0.9174783
khanhha_original::Volker_DSC01628_628_1158_1128_1084.jpg,0.01595589,0.004054509,0.9799896
khanhha_original::Volker_DSC01629_412_54_1933_1766.jpg,0.51991993,0.053823262,0.42625675
khanhha_original::Volker_DSC01630_176_437_1360_1040.jpg,0.075237624,0.013797179,0.91096526
khanhha_original::Volker_DSC01630_374_343_1233_1342.jpg,0.061970875,0.012448687,0.92558044
khanhha_original::Volker_DSC01631_2_30_1821_2154.jpg,0.005997726,0.009944067,0.9840582
khanhha_original::Volker_DSC01632_0_0_1824_2736.jpg,0.028132206,0.022167768,0.9497
khanhha_original::Volker_DSC01632_109_353_1680_1636.jpg,0.033669073,0.022907764,0.9434231
khanhha_original::Volker_DSC01633_217_183_1290_1578.jpg,0.025750238,0.011692236,0.96255755
khanhha_original::Volker_DSC01634_192_653_1400_1605.jpg,0.008629209,0.009621237,0.98174953
khanhha_original::Volker_DSC01634_193_315_1605_1896.jpg,0.005066062,0.008488354,0.9864456
khanhha_original::Volker_DSC01634_213_873_1583_1809.jpg,0.0070472094,0.010280458,0.98267233
khanhha_original::Volker_DSC01634_30_959_1479_1599.jpg,0.035655756,0.018735504,0.9456088
khanhha_original::Volker_DSC01635_0_0_2736_1824.jpg,0.41596606,0.05168144,0.53235257
khanhha_original::Volker_DSC01635_130_334_986_1295.jpg,0.8133108,0.09147967,0.095209524
khanhha_original::Volker_DSC01635_548_45_1336_1686.jpg,0.17993748,0.026185445,0.793877
khanhha_original::Volker_DSC01636_1084_9_1476_1810.jpg,0.016200712,0.014404697,0.9693946
khanhha_original::Volker_DSC01637_274_432_1128_1113.jpg,0.70872265,0.1939241,0.09735327
khanhha_original::Volker_DSC01637_616_1353_1168_1288.jpg,0.44414678,0.33754298,0.21831027
khanhha_original::Volker_DSC01638_447_153_1384_1576.jpg,0.010831474,0.0045875814,0.98458093
khanhha_original::Volker_DSC01638_708_382_1525_1354.jpg,0.0069168475,0.0025473777,0.9905358
khanhha_original::Volker_DSC01638_937_538_1159_1162.jpg,0.005263337,0.0014686054,0.9932681
khanhha_original::Volker_DSC01639_1065_321_1284_1200.jpg,0.022591846,0.015377561,0.96203065
khanhha_original::Volker_DSC01639_165_52_1412_1364.jpg,0.017879069,0.02248788,0.959633
khanhha_original::Volker_DSC01640_376_6_2132_1787.jpg,0.09402241,0.014013553,0.8919641
khanhha_original::Volker_DSC01640_747_235_1398_1374.jpg,0.688795,0.03300037,0.2782046
khanhha_original::Volker_DSC01641_300_104_1322_1459.jpg,0.035970487,0.00387335,0.9601562
khanhha_original::Volker_DSC01641_437_407_1733_1413.jpg,0.01681298,0.0032737202,0.97991335
khanhha_original::Volker_DSC01641_929_30_1600_1758.jpg,0.023592582,0.0027361359,0.97367126
khanhha_original::Volker_DSC01642_220_63_1843_1585.jpg,0.016394204,0.016433401,0.9671724
khanhha_original::Volker_DSC01643_1311_276_1242_1009.jpg,0.05530522,0.0036062207,0.9410885
khanhha_original::Volker_DSC01643_157_235_1785_1431.jpg,0.045314007,0.0076634455,0.9470225
khanhha_original::Volker_DSC01644_612_414_1320_1175.jpg,0.236423,0.027566334,0.7360107
khanhha_original::Volker_DSC01646_226_19_1273_1645.jpg,0.06606413,0.004166711,0.92976916
khanhha_original::Volker_DSC01646_456_54_2117_1728.jpg,0.02493145,0.005826165,0.9692424
khanhha_original::Volker_DSC01648_211_212_1177_955.jpg,0.038246702,0.005238152,0.95651513
khanhha_original::Volker_DSC01649_0_0_1824_2736.jpg,0.04237629,0.012565263,0.9450584
khanhha_original::Volker_DSC01649_128_1341_1226_1195.jpg,0.0061048293,0.0045976494,0.9892975
khanhha_original::Volker_DSC01650_983_400_1710_1295.jpg,0.0063402154,0.0012516133,0.99240816
khanhha_original::Volker_DSC01651_163_249_1349_1454.jpg,0.031054856,0.010120449,0.95882475
khanhha_original::Volker_DSC01651_61_82_1347_1168.jpg,0.013817468,0.009817371,0.97636515
khanhha_original::Volker_DSC01652_217_429_1194_1007.jpg,0.003351561,0.0030443466,0.9936041
khanhha_original::Volker_DSC01652_699_100_1925_1592.jpg,0.0027477085,0.0022191373,0.99503314
khanhha_original::Volker_DSC01653_120_360_1526_1294.jpg,0.0132723,0.0025346843,0.984193
khanhha_original::Volker_DSC01653_441_257_1154_966.jpg,0.11327902,0.0055780597,0.881143
khanhha_original::Volker_DSC01653_635_9_1390_1253.jpg,0.015663292,0.0024050877,0.98193157
khanhha_original::Volker_DSC01653_791_41_1849_1670.jpg,0.010121002,0.003746298,0.98613274
khanhha_original::Volker_DSC01655_613_606_1092_1056.jpg,0.14592928,0.09509412,0.75897664
khanhha_original::Volker_DSC01656_140_1416_1684_1279.jpg,0.022276605,0.0075038555,0.9702195
khanhha_original::Volker_DSC01657_130_62_1583_1831.jpg,0.0032901242,0.0011248162,0.9955851
khanhha_original::Volker_DSC01657_290_50_1476_1614.jpg,0.01300834,0.0018082584,0.9851834
khanhha_original::Volker_DSC01657_665_1068_1125_1350.jpg,0.0021000449,0.0010213983,0.9968785
khanhha_original::Volker_DSC01657_8_1012_1813_1672.jpg,0.0029829175,0.0011639594,0.9958532
khanhha_original::Volker_DSC01658_0_0_1824_2736.jpg,0.008418831,0.0048769945,0.98670423
khanhha_original::Volker_DSC01658_167_371_1635_1643.jpg,0.0936911,0.012952607,0.89335626
khanhha_original::Volker_DSC01658_352_1474_1034_1008.jpg,0.019922145,0.0047314065,0.9753465
khanhha_original::Volker_DSC01658_470_825_1327_1606.jpg,0.006559201,0.0038503956,0.98959035
khanhha_original::Volker_DSC01659_516_815_948_1199.jpg,0.010332459,0.0036128797,0.9860547
khanhha_original::Volker_DSC01660_192_247_1588_1991.jpg,0.030584477,0.008543996,0.9608715
khanhha_original::Volker_DSC01661_0_0_1824_2736.jpg,0.0075564417,0.007988785,0.98445475
khanhha_original::Volker_DSC01661_290_595_1071_1180.jpg,0.005650175,0.004010693,0.9903391
khanhha_original::Volker_DSC01661_400_1545_1179_1103.jpg,0.013530307,0.0075204372,0.9789492
khanhha_original::Volker_DSC01664_168_876_1650_1486.jpg,0.03696095,0.014318229,0.94872075
khanhha_original::Volker_DSC01664_41_897_1611_1239.jpg,0.03246641,0.011046121,0.9564874
khanhha_original::Volker_DSC01664_84_855_1625_1542.jpg,0.017472181,0.014383682,0.9681442
khanhha_original::Volker_DSC01665_11_415_1778_1890.jpg,0.0038573258,0.002307144,0.9938355
khanhha_original::Volker_DSC01665_74_990_1563_1266.jpg,0.0028803456,0.0020925973,0.995027
khanhha_original::Volker_DSC01666_185_540_876_1155.jpg,0.007908009,0.008210521,0.9838815
khanhha_original::Volker_DSC01667_0_0_1824_2736.jpg,0.0008486498,0.002008937,0.9971424
khanhha_original::Volker_DSC01667_106_338_1708_2132.jpg,0.0014409175,0.0017692364,0.9967899
khanhha_original::Volker_DSC01669_0_0_1824_2736.jpg,0.006808792,0.00819099,0.98500025
khanhha_original::Volker_DSC01669_9_1042_1814_1517.jpg,0.008825425,0.010805107,0.9803695
khanhha_original::Volker_DSC01670_3_833_1821_1836.jpg,0.013405876,0.004140344,0.98245376
khanhha_original::Volker_DSC01670_678_871_1022_989.jpg,0.017900426,0.0049022427,0.97719735
khanhha_original::Volker_DSC01671_63_417_1630_2053.jpg,0.00039832323,0.000618398,0.9989832
khanhha_original::Volker_DSC01672_140_255_1259_1633.jpg,0.027427407,0.0035525498,0.96902007
khanhha_original::Volker_DSC01672_236_664_1240_1592.jpg,0.001665968,0.0013912305,0.9969428
khanhha_original::Volker_DSC01672_39_1294_1098_1354.jpg,0.0013957074,0.0017918947,0.9968124
khanhha_original::Volker_DSC01673_0_0_1824_2736.jpg,0.0015398583,0.0028234182,0.99563676
khanhha_original::Volker_DSC01674_0_1080_1601_1598.jpg,2.666689e-05,0.00018367176,0.99978966
khanhha_original::Volker_DSC01674_53_426_1730_2092.jpg,0.0001173966,0.0004994921,0.9993831
khanhha_original::Volker_DSC01674_748_1007_996_1190.jpg,0.0015824458,0.0005036165,0.9979139
khanhha_original::Volker_DSC01676_146_1254_955_1190.jpg,0.044664055,0.0046592467,0.95067674
khanhha_original::Volker_DSC01676_35_128_1239_1463.jpg,0.0017240508,0.0011348847,0.9971411
khanhha_original::Volker_DSC01677_185_223_1446_1163.jpg,0.0065975026,0.0019226543,0.9914799
khanhha_original::Volker_DSC01677_26_956_1697_1698.jpg,0.0026067502,0.000997441,0.99639577
khanhha_original::Volker_DSC01677_40_7_1782_1399.jpg,0.009651547,0.0032804885,0.987068
khanhha_original::Volker_DSC01678_0_0_1824_2736.jpg,0.0005804975,0.00032530152,0.99909425
khanhha_original::Volker_DSC01678_14_998_1278_1270.jpg,0.006194384,0.0012153226,0.9925903
khanhha_original::Volker_DSC01678_282_907_1086_1149.jpg,0.0015073736,0.00091630087,0.9975763
khanhha_original::Volker_DSC01679_0_0_1824_2736.jpg,0.026785348,0.058757927,0.9144567
khanhha_original::Volker_DSC01679_0_789_1823_1945.jpg,0.0051030777,0.019957995,0.974939
khanhha_original::Volker_DSC01679_67_383_1713_2223.jpg,0.020566104,0.04250028,0.9369336
khanhha_original::Volker_DSC01680_0_0_1824_2736.jpg,0.06038779,0.035794225,0.903818
khanhha_original::Volker_DSC01680_146_194_1555_1973.jpg,0.12161762,0.063810475,0.8145719
khanhha_original::Volker_DSC01680_168_539_1554_1946.jpg,0.088891335,0.04485082,0.86625785
khanhha_original::Volker_DSC01680_63_445_1729_1300.jpg,0.2022043,0.09047871,0.70731694
khanhha_original::Volker_DSC01683_67_1024_1660_1636.jpg,0.006194713,0.003945322,0.98986
khanhha_original::Volker_DSC01685_202_585_1600_1686.jpg,0.025111716,0.0061327475,0.9687555
khanhha_original::Volker_DSC01685_252_569_1566_2047.jpg,0.011785727,0.003223489,0.9849908
khanhha_original::Volker_DSC01686_297_570_1208_1271.jpg,0.005870577,0.0028353026,0.9912941
khanhha_original::Volker_DSC01687_13_413_1695_1782.jpg,0.0053692223,0.0031604513,0.9914703
khanhha_original::Volker_DSC01687_256_1075_1494_1234.jpg,0.011256651,0.0055827233,0.9831607
khanhha_original::Volker_DSC01688_29_115_1785_2096.jpg,0.0017651767,0.0037397419,0.9944951
khanhha_original::Volker_DSC01688_89_1104_1613_1250.jpg,0.002554951,0.0033100313,0.9941351
khanhha_original::Volker_DSC01690_763_1051_1043_1097.jpg,0.00198672,0.0021078228,0.9959054
khanhha_original::Volker_DSC01691_35_741_1602_1808.jpg,0.0074248654,0.006122442,0.98645264
khanhha_original::Volker_DSC01691_6_526_1388_1598.jpg,0.0018685431,0.0029132643,0.9952182
khanhha_original::Volker_DSC01692_28_197_1636_1369.jpg,0.018449659,0.0031954246,0.97835493
khanhha_original::Volker_DSC01693_1323_467_1353_1116.jpg,0.25850305,0.059367333,0.6821296
khanhha_original::Volker_DSC01693_166_276_1259_1362.jpg,0.33415332,0.036629513,0.6292172
khanhha_original::Volker_DSC01695_0_0_2736_1824.jpg,0.29313958,0.36802948,0.3388309
khanhha_original::Volker_DSC01696_0_0_2736_1824.jpg,0.071953535,0.014058462,0.91398805
khanhha_original::Volker_DSC01698_213_356_1899_1462.jpg,0.2466594,0.07452623,0.67881435
khanhha_original::Volker_DSC01699_0_0_1824_2736.jpg,0.010787028,0.004024912,0.985188
khanhha_original::Volker_DSC01699_751_408_1048_1101.jpg,0.022860117,0.01052027,0.9666196
khanhha_original::Volker_DSC01700_158_517_1605_1442.jpg,0.058455236,0.028127166,0.9134176
khanhha_original::Volker_DSC01701_103_539_1579_1680.jpg,0.01395548,0.0060668164,0.97997767
khanhha_original::Volker_DSC01702_39_31_1703_1771.jpg,0.004221942,0.0020814296,0.99369663
khanhha_original::Volker_DSC01702_418_156_1024_1333.jpg,0.013021976,0.005083567,0.98189443
khanhha_original::Volker_DSC01703_23_907_1787_1745.jpg,0.19376877,0.021837521,0.7843937
khanhha_original::Volker_DSC01703_413_202_1272_965.jpg,0.74542344,0.043845385,0.21073113
khanhha_original::Volker_DSC01703_599_1250_1072_1001.jpg,0.3421815,0.047575723,0.6102427
khanhha_original::Volker_DSC01705_103_1212_1149_941.jpg,0.43637344,0.066782594,0.49684396
khanhha_original::Volker_DSC01705_286_514_1483_1229.jpg,0.53231114,0.0744851,0.39320374
khanhha_original::Volker_DSC01705_35_261_1646_1312.jpg,0.24625118,0.064393945,0.6893549
khanhha_original::Volker_DSC01705_493_958_1260_1668.jpg,0.08313749,0.067700006,0.8491625
khanhha_original::Volker_DSC01706_613_680_974_1043.jpg,0.25490534,0.025408242,0.7196863
khanhha_original::Volker_DSC01707_33_309_1713_1946.jpg,0.08183041,0.006020884,0.91214865
khanhha_original::Volker_DSC01707_44_131_1757_2144.jpg,0.061927933,0.0051270565,0.932945
khanhha_original::Volker_DSC01707_540_967_1161_1226.jpg,0.013904208,0.005985906,0.98010993
khanhha_original::Volker_DSC01708_274_347_1439_1315.jpg,0.13820764,0.03140659,0.83038574
khanhha_original::Volker_DSC01709_269_118_1281_1314.jpg,0.0026523499,0.002573951,0.9947737
khanhha_original::Volker_DSC01709_71_801_1387_1771.jpg,0.008042593,0.0051052743,0.9868521
khanhha_original::cracktree200_6201.jpg,0.024325386,0.06632743,0.90934724
khanhha_original::cracktree200_6203.jpg,0.045664553,0.10183748,0.85249794
khanhha_original::cracktree200_6234.jpg,0.016044779,0.048367776,0.93558747
khanhha_original::cracktree200_6243.jpg,0.07843252,0.21851495,0.7030526
khanhha_original::cracktree200_6247.jpg,0.12160962,0.18526441,0.693126
khanhha_original::cracktree200_6258.jpg,0.091311425,0.1692989,0.73938966
khanhha_original::cracktree200_6259.jpg,0.10809882,0.13450187,0.7573993
khanhha_original::cracktree200_6261.jpg,0.44016397,0.1761066,0.38372943
khanhha_original::cracktree200_6266.jpg,0.23062791,0.3061302,0.46324188
khanhha_original::cracktree200_6268.jpg,0.22172084,0.16084813,0.61743104
khanhha_original::cracktree200_6278.jpg,0.12312777,0.18525754,0.6916146
khanhha_original::cracktree200_6281.jpg,0.15934293,0.11976748,0.7208895
khanhha_original::cracktree200_6297.jpg,0.047037683,0.08206847,0.87089384
khanhha_original::cracktree200_6298.jpg,0.26193804,0.24881376,0.48924822
khanhha_original::cracktree200_6301.jpg,0.29278123,0.34326687,0.3639519
khanhha_original::cracktree200_6310.jpg,0.155569,0.23672612,0.6077048
khanhha_original::cracktree200_6321.jpg,0.13475803,0.25887138,0.6063706
khanhha_original::cracktree200_6327.jpg,0.047222655,0.13486572,0.8179116
khanhha_original::cracktree200_6328.jpg,0.124165334,0.18586792,0.6899668
khanhha_original::cracktree200_6329.jpg,0.06322291,0.10505926,0.83171785
khanhha_original::cracktree200_6330.jpg,0.055220332,0.13059932,0.8141804
khanhha_original::cracktree200_6334.jpg,0.06429826,0.21922179,0.71648
khanhha_original::cracktree200_6340.jpg,0.14034767,0.22260785,0.6370445
khanhha_original::cracktree200_6351.jpg,0.02738765,0.07825423,0.89435816
khanhha_original::cracktree200_6623.jpg,0.14261623,0.06284067,0.7945431
khanhha_original::cracktree200_6635.jpg,0.09516583,0.043412417,0.86142176
khanhha_original::cracktree200_6645.jpg,0.10139204,0.061462976,0.837145
khanhha_original::cracktree200_6647.jpg,0.087331675,0.08952254,0.8231458
khanhha_original::cracktree200_6658.jpg,0.06467598,0.08730698,0.84801704
khanhha_original::cracktree200_6710.jpg,0.33939672,0.19972016,0.4608831
khanhha_original::cracktree200_6774.jpg,0.15130983,0.11392627,0.73476386
khanhha_original::forest_003.jpg,0.07479643,0.011383192,0.9138204
khanhha_original::forest_006.jpg,0.7895436,0.0335267,0.17692965
khanhha_original::forest_018.jpg,0.7349633,0.07591746,0.18911923
khanhha_original::forest_022.jpg,0.8430382,0.046924543,0.110037215
khanhha_original::forest_038.jpg,0.65488714,0.100370474,0.24474238
khanhha_original::forest_048.jpg,0.6009506,0.0362833,0.36276615
khanhha_original::forest_054.jpg,0.7567701,0.17140955,0.071820386
khanhha_original::forest_069.jpg,0.6767298,0.11448919,0.20878102
khanhha_original::forest_076.jpg,0.7790517,0.0832011,0.13774708
khanhha_original::forest_082.jpg,0.5631924,0.046547446,0.3902601
khanhha_original::forest_083.jpg,0.69712555,0.15109818,0.15177631
khanhha_original::forest_087.jpg,0.38433567,0.048316512,0.56734776
khanhha_original::forest_091.jpg,0.8507125,0.062356073,0.08693143
khanhha_original::forest_094.jpg,0.85807306,0.0625359,0.07939111
khanhha_original::forest_098.jpg,0.73240393,0.18217997,0.0854161
khanhha_original::forest_104.jpg,0.7319349,0.0465794,0.22148572
khanhha_original::forest_109.jpg,0.66140705,0.22853556,0.11005738
khanhha_original::forest_117.jpg,0.7354561,0.1407405,0.12380339
khanhha_original::noncrack_noncrack_concrete_wall_0_0.jpg.jpg,0.034579642,0.030095015,0.9353254
khanhha_original::noncrack_noncrack_concrete_wall_0_3.jpg.jpg,0.026778268,0.03559784,0.9376239
khanhha_original::noncrack_noncrack_concrete_wall_100_4.jpg.jpg,0.34346306,0.39802995,0.25850692
khanhha_original::noncrack_noncrack_concrete_wall_101_2.jpg.jpg,0.23718035,0.46463266,0.29818696
khanhha_original::noncrack_noncrack_concrete_wall_101_8.jpg.jpg,0.23718035,0.46463266,0.29818696
khanhha_original::noncrack_noncrack_concrete_wall_101_9.jpg.jpg,0.21102563,0.461729,0.32724538
khanhha_original::noncrack_noncrack_concrete_wall_102_5.jpg.jpg,0.0853183,0.4992381,0.41544363
khanhha_original::noncrack_noncrack_concrete_wall_103_0.jpg.jpg,0.07551302,0.3658957,0.55859137
khanhha_original::noncrack_noncrack_concrete_wall_103_1.jpg.jpg,0.084522486,0.36570555,0.54977196
khanhha_original::noncrack_noncrack_concrete_wall_11_4.jpg.jpg,0.12344444,0.5716799,0.30487558
khanhha_original::noncrack_noncrack_concrete_wall_12_3.jpg.jpg,0.44975802,0.30675247,0.24348946
khanhha_original::noncrack_noncrack_concrete_wall_12_9.jpg.jpg,0.6959147,0.11855223,0.185533
khanhha_original::noncrack_noncrack_concrete_wall_13_2.jpg.jpg,0.17593299,0.4664121,0.35765487
khanhha_original::noncrack_noncrack_concrete_wall_13_4.jpg.jpg,0.16308993,0.47060376,0.3663064
khanhha_original::noncrack_noncrack_concrete_wall_13_6.jpg.jpg,0.15537564,0.42911026,0.415514
khanhha_original::noncrack_noncrack_concrete_wall_14_11.jpg.jpg,0.187021,0.53453785,0.27844116
khanhha_original::noncrack_noncrack_concrete_wall_14_25.jpg.jpg,0.12388172,0.5020472,0.37407112
khanhha_original::noncrack_noncrack_concrete_wall_15_5.jpg.jpg,0.106840774,0.49017867,0.40298048
khanhha_original::noncrack_noncrack_concrete_wall_15_7.jpg.jpg,0.0940289,0.30775285,0.59821826
khanhha_original::noncrack_noncrack_concrete_wall_16_1.jpg.jpg,0.12679508,0.5744632,0.29874173
khanhha_original::noncrack_noncrack_concrete_wall_16_5.jpg.jpg,0.045796655,0.6058078,0.34839556
khanhha_original::noncrack_noncrack_concrete_wall_18_1.jpg.jpg,0.30044287,0.56160915,0.13794798
khanhha_original::noncrack_noncrack_concrete_wall_18_11.jpg.jpg,0.38565394,0.49542385,0.11892218
khanhha_original::noncrack_noncrack_concrete_wall_18_12.jpg.jpg,0.27263585,0.58360773,0.1437565
khanhha_original::noncrack_noncrack_concrete_wall_18_18.jpg.jpg,0.19184689,0.6826051,0.12554806
khanhha_original::noncrack_noncrack_concrete_wall_18_19.jpg.jpg,0.28393787,0.62064815,0.09541398
khanhha_original::noncrack_noncrack_concrete_wall_18_3.jpg.jpg,0.18997483,0.68655854,0.12346657
khanhha_original::noncrack_noncrack_concrete_wall_18_9.jpg.jpg,0.26022542,0.64971054,0.090064056
khanhha_original::noncrack_noncrack_concrete_wall_19_1.jpg.jpg,0.16655621,0.49498495,0.33845884
khanhha_original::noncrack_noncrack_concrete_wall_19_3.jpg.jpg,0.17158885,0.5299473,0.29846385
khanhha_original::noncrack_noncrack_concrete_wall_19_6.jpg.jpg,0.18818091,0.5735315,0.23828757
khanhha_original::noncrack_noncrack_concrete_wall_19_7.jpg.jpg,0.16739386,0.5553591,0.27724698
khanhha_original::noncrack_noncrack_concrete_wall_19_8.jpg.jpg,0.10983029,0.45851249,0.43165722
khanhha_original::noncrack_noncrack_concrete_wall_20_1.jpg.jpg,0.11665082,0.6370229,0.24632627
khanhha_original::noncrack_noncrack_concrete_wall_20_15.jpg.jpg,0.1581742,0.5076823,0.33414346
khanhha_original::noncrack_noncrack_concrete_wall_20_32.jpg.jpg,0.17941874,0.5434013,0.2771799
khanhha_original::noncrack_noncrack_concrete_wall_20_52.jpg.jpg,0.10653044,0.62021226,0.27325723
khanhha_original::noncrack_noncrack_concrete_wall_20_54.jpg.jpg,0.13787833,0.5064196,0.35570207
khanhha_original::noncrack_noncrack_concrete_wall_20_59.jpg.jpg,0.16006291,0.61876094,0.22117619
khanhha_original::noncrack_noncrack_concrete_wall_20_62.jpg.jpg,0.10708618,0.6372152,0.25569868
khanhha_original::noncrack_noncrack_concrete_wall_20_68.jpg.jpg,0.09241681,0.66396487,0.24361838
khanhha_original::noncrack_noncrack_concrete_wall_20_70.jpg.jpg,0.15723023,0.5460249,0.29674485
khanhha_original::noncrack_noncrack_concrete_wall_21_0.jpg.jpg,0.53435546,0.058024995,0.40761957
khanhha_original::noncrack_noncrack_concrete_wall_23_1.jpg.jpg,0.06789528,0.6757046,0.2564001
khanhha_original::noncrack_noncrack_concrete_wall_23_4.jpg.jpg,0.05956992,0.7348044,0.20562562
khanhha_original::noncrack_noncrack_concrete_wall_23_5.jpg.jpg,0.066567734,0.63340443,0.30002785
khanhha_original::noncrack_noncrack_concrete_wall_23_7.jpg.jpg,0.078266084,0.60524726,0.31648672
khanhha_original::noncrack_noncrack_concrete_wall_24_19.jpg.jpg,0.33367795,0.5524003,0.113921836
khanhha_original::noncrack_noncrack_concrete_wall_24_31.jpg.jpg,0.19756433,0.6540909,0.14834484
khanhha_original::noncrack_noncrack_concrete_wall_24_35.jpg.jpg,0.13579115,0.74762815,0.11658063
khanhha_original::noncrack_noncrack_concrete_wall_24_38.jpg.jpg,0.31474933,0.58258736,0.10266337
khanhha_original::noncrack_noncrack_concrete_wall_24_4.jpg.jpg,0.18555713,0.72327733,0.09116557
khanhha_original::noncrack_noncrack_concrete_wall_24_8.jpg.jpg,0.30390936,0.6146493,0.081441365
khanhha_original::noncrack_noncrack_concrete_wall_26_0.jpg.jpg,0.076574825,0.63300896,0.2904162
khanhha_original::noncrack_noncrack_concrete_wall_27_5.jpg.jpg,0.22884338,0.21806498,0.55309165
khanhha_original::noncrack_noncrack_concrete_wall_28_0.jpg.jpg,0.11283675,0.73999083,0.1471724
khanhha_original::noncrack_noncrack_concrete_wall_29_6.jpg.jpg,0.035000928,0.2913782,0.67362094
khanhha_original::noncrack_noncrack_concrete_wall_30_2.jpg.jpg,0.029658254,0.77458453,0.19575723
khanhha_original::noncrack_noncrack_concrete_wall_31_0.jpg.jpg,0.036434624,0.1680541,0.7955113
khanhha_original::noncrack_noncrack_concrete_wall_31_4.jpg.jpg,0.058787826,0.29757893,0.6436332
khanhha_original::noncrack_noncrack_concrete_wall_33_4.jpg.jpg,0.020571643,0.14029388,0.8391345
khanhha_original::noncrack_noncrack_concrete_wall_34_0.jpg.jpg,0.052937876,0.68821675,0.25884536
khanhha_original::noncrack_noncrack_concrete_wall_35_4.jpg.jpg,0.1206752,0.49992013,0.3794047
khanhha_original::noncrack_noncrack_concrete_wall_37_1.jpg.jpg,0.14475834,0.13341351,0.72182816
khanhha_original::noncrack_noncrack_concrete_wall_37_4.jpg.jpg,0.09893426,0.1267688,0.774297
khanhha_original::noncrack_noncrack_concrete_wall_38_4.jpg.jpg,0.1473303,0.120480664,0.73218906
khanhha_original::noncrack_noncrack_concrete_wall_38_5.jpg.jpg,0.1657414,0.16793078,0.66632783
khanhha_original::noncrack_noncrack_concrete_wall_38_6.jpg.jpg,0.17389774,0.11907455,0.70702773
khanhha_original::noncrack_noncrack_concrete_wall_39_9.jpg.jpg,0.09117403,0.7086798,0.2001462
khanhha_original::noncrack_noncrack_concrete_wall_3_2.jpg.jpg,0.11761892,0.031812694,0.85056835
khanhha_original::noncrack_noncrack_concrete_wall_40_0.jpg.jpg,0.15044113,0.14401685,0.705542
khanhha_original::noncrack_noncrack_concrete_wall_40_5.jpg.jpg,0.16035195,0.0984123,0.74123573
khanhha_original::noncrack_noncrack_concrete_wall_41_11.jpg.jpg,0.17151462,0.729179,0.09930646
khanhha_original::noncrack_noncrack_concrete_wall_41_12.jpg.jpg,0.13641056,0.7539726,0.109616764
khanhha_original::noncrack_noncrack_concrete_wall_41_2.jpg.jpg,0.1790348,0.70105976,0.119905405
khanhha_original::noncrack_noncrack_concrete_wall_41_35.jpg.jpg,0.14695743,0.74899364,0.10404892
khanhha_original::noncrack_noncrack_concrete_wall_41_37.jpg.jpg,0.18103625,0.6761918,0.142772
khanhha_original::noncrack_noncrack_concrete_wall_41_38.jpg.jpg,0.23814486,0.62816304,0.13369207
khanhha_original::noncrack_noncrack_concrete_wall_41_4.jpg.jpg,0.12270968,0.7804037,0.09688672
khanhha_original::noncrack_noncrack_concrete_wall_41_43.jpg.jpg,0.19498175,0.7137903,0.091227956
khanhha_original::noncrack_noncrack_concrete_wall_41_48.jpg.jpg,0.18308033,0.7178797,0.099040054
khanhha_original::noncrack_noncrack_concrete_wall_41_58.jpg.jpg,0.2155622,0.67441547,0.11002233
khanhha_original::noncrack_noncrack_concrete_wall_41_63.jpg.jpg,0.1856326,0.69621193,0.11815547
khanhha_original::noncrack_noncrack_concrete_wall_41_65.jpg.jpg,0.19264513,0.7005506,0.106804244
khanhha_original::noncrack_noncrack_concrete_wall_42_6.jpg.jpg,0.21015638,0.113997355,0.6758463
khanhha_original::noncrack_noncrack_concrete_wall_43_14.jpg.jpg,0.04231171,0.7404463,0.21724191
khanhha_original::noncrack_noncrack_concrete_wall_43_15.jpg.jpg,0.05044441,0.75929123,0.19026431
khanhha_original::noncrack_noncrack_concrete_wall_43_18.jpg.jpg,0.12520407,0.68922406,0.18557186
khanhha_original::noncrack_noncrack_concrete_wall_43_2.jpg.jpg,0.06981381,0.74945074,0.18073544
khanhha_original::noncrack_noncrack_concrete_wall_43_25.jpg.jpg,0.07152849,0.78549093,0.14298055
khanhha_original::noncrack_noncrack_concrete_wall_43_34.jpg.jpg,0.051351286,0.7747259,0.17392282
khanhha_original::noncrack_noncrack_concrete_wall_43_42.jpg.jpg,0.09660925,0.791963,0.11142772
khanhha_original::noncrack_noncrack_concrete_wall_43_44.jpg.jpg,0.06009793,0.79236156,0.14754052
khanhha_original::noncrack_noncrack_concrete_wall_43_48.jpg.jpg,0.06602599,0.69945335,0.23452063
khanhha_original::noncrack_noncrack_concrete_wall_43_50.jpg.jpg,0.09420248,0.79499686,0.11080065
khanhha_original::noncrack_noncrack_concrete_wall_44_0.jpg.jpg,0.07701473,0.24781945,0.67516583
khanhha_original::noncrack_noncrack_concrete_wall_44_4.jpg.jpg,0.10192021,0.14843774,0.7496421
khanhha_original::noncrack_noncrack_concrete_wall_45_13.jpg.jpg,0.12615734,0.7009009,0.17294167
khanhha_original::noncrack_noncrack_concrete_wall_45_4.jpg.jpg,0.12615734,0.7009009,0.17294167
khanhha_original::noncrack_noncrack_concrete_wall_45_5.jpg.jpg,0.12615734,0.7009009,0.17294167
khanhha_original::noncrack_noncrack_concrete_wall_46_8.jpg.jpg,0.04886441,0.4898189,0.4613167
khanhha_original::noncrack_noncrack_concrete_wall_47_4.jpg.jpg,0.47859448,0.13268211,0.38872334
khanhha_original::noncrack_noncrack_concrete_wall_47_6.jpg.jpg,0.47859448,0.13268211,0.38872334
khanhha_original::noncrack_noncrack_concrete_wall_48_0.jpg.jpg,0.19697182,0.7221653,0.080862865
khanhha_original::noncrack_noncrack_concrete_wall_48_1.jpg.jpg,0.19508399,0.70334935,0.10156667
khanhha_original::noncrack_noncrack_concrete_wall_48_5.jpg.jpg,0.11827147,0.77949494,0.10223352
khanhha_original::noncrack_noncrack_concrete_wall_49_4.jpg.jpg,0.11576103,0.56065744,0.32358152
khanhha_original::noncrack_noncrack_concrete_wall_50_2.jpg.jpg,0.27808687,0.5469345,0.17497855
khanhha_original::noncrack_noncrack_concrete_wall_53_3.jpg.jpg,0.19767077,0.4292284,0.37310082
khanhha_original::noncrack_noncrack_concrete_wall_54_24.jpg.jpg,0.40834993,0.5358819,0.055768136
khanhha_original::noncrack_noncrack_concrete_wall_54_27.jpg.jpg,0.374494,0.52949554,0.096010536
khanhha_original::noncrack_noncrack_concrete_wall_54_28.jpg.jpg,0.4118671,0.51772314,0.070409715
khanhha_original::noncrack_noncrack_concrete_wall_54_31.jpg.jpg,0.3842564,0.5362912,0.079452425
khanhha_original::noncrack_noncrack_concrete_wall_54_33.jpg.jpg,0.36864796,0.57385546,0.05749653
khanhha_original::noncrack_noncrack_concrete_wall_54_36.jpg.jpg,0.37049547,0.58374953,0.045755014
khanhha_original::noncrack_noncrack_concrete_wall_54_4.jpg.jpg,0.3484579,0.5886374,0.06290471
khanhha_original::noncrack_noncrack_concrete_wall_54_40.jpg.jpg,0.53805864,0.39164752,0.07029386
khanhha_original::noncrack_noncrack_concrete_wall_54_44.jpg.jpg,0.41057983,0.5126578,0.07676232
khanhha_original::noncrack_noncrack_concrete_wall_54_48.jpg.jpg,0.4146468,0.51710117,0.06825201
khanhha_original::noncrack_noncrack_concrete_wall_54_53.jpg.jpg,0.41192216,0.5359881,0.052089773
khanhha_original::noncrack_noncrack_concrete_wall_54_54.jpg.jpg,0.38664827,0.56068134,0.052670397
khanhha_original::noncrack_noncrack_concrete_wall_54_57.jpg.jpg,0.39858642,0.5330848,0.06832872
khanhha_original::noncrack_noncrack_concrete_wall_54_72.jpg.jpg,0.33623165,0.5924798,0.07128855
khanhha_original::noncrack_noncrack_concrete_wall_55_10.jpg.jpg,0.09527047,0.83642393,0.068305545
khanhha_original::noncrack_noncrack_concrete_wall_55_24.jpg.jpg,0.10965444,0.8115304,0.078815244
khanhha_original::noncrack_noncrack_concrete_wall_55_29.jpg.jpg,0.16360393,0.77087015,0.06552591
khanhha_original::noncrack_noncrack_concrete_wall_55_32.jpg.jpg,0.18604414,0.7317942,0.0821617
khanhha_original::noncrack_noncrack_concrete_wall_55_38.jpg.jpg,0.2138572,0.70754904,0.078593716
khanhha_original::noncrack_noncrack_concrete_wall_55_4.jpg.jpg,0.12121323,0.82825583,0.05053099
khanhha_original::noncrack_noncrack_concrete_wall_55_41.jpg.jpg,0.2007103,0.7381461,0.061143525
khanhha_original::noncrack_noncrack_concrete_wall_55_49.jpg.jpg,0.106438965,0.85300887,0.04055209
khanhha_original::noncrack_noncrack_concrete_wall_55_6.jpg.jpg,0.10956704,0.8203323,0.07010069
khanhha_original::noncrack_noncrack_concrete_wall_57_11.jpg.jpg,0.047333598,0.32790217,0.6247642
khanhha_original::noncrack_noncrack_concrete_wall_57_6.jpg.jpg,0.04955307,0.4303045,0.52014244
khanhha_original::noncrack_noncrack_concrete_wall_58_0.jpg.jpg,0.25685096,0.5488272,0.19432193
khanhha_original::noncrack_noncrack_concrete_wall_58_11.jpg.jpg,0.23248631,0.52216613,0.24534766
khanhha_original::noncrack_noncrack_concrete_wall_58_12.jpg.jpg,0.218741,0.5551441,0.2261149
khanhha_original::noncrack_noncrack_concrete_wall_58_13.jpg.jpg,0.23896477,0.54003,0.2210053
khanhha_original::noncrack_noncrack_concrete_wall_58_6.jpg.jpg,0.18593882,0.605001,0.20906028
khanhha_original::noncrack_noncrack_concrete_wall_58_8.jpg.jpg,0.2739827,0.5322469,0.19377036
khanhha_original::noncrack_noncrack_concrete_wall_59_0.jpg.jpg,0.022720763,0.035201155,0.94207805
khanhha_original::noncrack_noncrack_concrete_wall_59_3.jpg.jpg,0.022835487,0.041527357,0.9356371
khanhha_original::noncrack_noncrack_concrete_wall_5_10.jpg.jpg,0.062096063,0.33809456,0.59980935
khanhha_original::noncrack_noncrack_concrete_wall_60_13.jpg.jpg,0.21729064,0.38763726,0.39507216
khanhha_original::noncrack_noncrack_concrete_wall_60_6.jpg.jpg,0.3140332,0.33309227,0.3528745
khanhha_original::noncrack_noncrack_concrete_wall_60_8.jpg.jpg,0.22773756,0.4309103,0.34135213
khanhha_original::noncrack_noncrack_concrete_wall_63_1.jpg.jpg,0.09988734,0.479402,0.42071065
khanhha_original::noncrack_noncrack_concrete_wall_65_0.jpg.jpg,0.13382791,0.3058704,0.56030166
khanhha_original::noncrack_noncrack_concrete_wall_65_10.jpg.jpg,0.10882496,0.2866228,0.60455227
khanhha_original::noncrack_noncrack_concrete_wall_66_1.jpg.jpg,0.018715449,0.17733355,0.803951
khanhha_original::noncrack_noncrack_concrete_wall_66_10.jpg.jpg,0.029130466,0.13325483,0.8376148
khanhha_original::noncrack_noncrack_concrete_wall_66_21.jpg.jpg,0.02477549,0.20093575,0.7742888
khanhha_original::noncrack_noncrack_concrete_wall_66_8.jpg.jpg,0.026477544,0.17877622,0.7947463
khanhha_original::noncrack_noncrack_concrete_wall_67_1.jpg.jpg,0.08801987,0.5799656,0.33201453
khanhha_original::noncrack_noncrack_concrete_wall_67_2.jpg.jpg,0.107014395,0.5828413,0.31014434
khanhha_original::noncrack_noncrack_concrete_wall_68_0.jpg.jpg,0.15600902,0.5623114,0.28167957
khanhha_original::noncrack_noncrack_concrete_wall_68_1.jpg.jpg,0.1591602,0.56592524,0.27491453
khanhha_original::noncrack_noncrack_concrete_wall_69_6.jpg.jpg,0.1740086,0.16018297,0.6658084
khanhha_original::noncrack_noncrack_concrete_wall_6_0.jpg.jpg,0.07590888,0.17531808,0.74877304
khanhha_original::noncrack_noncrack_concrete_wall_70_3.jpg.jpg,0.9033653,0.015973639,0.080661096
khanhha_original::noncrack_noncrack_concrete_wall_72_0.jpg.jpg,0.13996886,0.13890874,0.72112244
khanhha_original::noncrack_noncrack_concrete_wall_73_1.jpg.jpg,0.63466805,0.05980346,0.3055285
khanhha_original::noncrack_noncrack_concrete_wall_73_2.jpg.jpg,0.63466805,0.05980346,0.3055285
khanhha_original::noncrack_noncrack_concrete_wall_73_4.jpg.jpg,0.66146284,0.05954659,0.27899066
khanhha_original::noncrack_noncrack_concrete_wall_74_10.jpg.jpg,0.10862779,0.73963237,0.15173984
khanhha_original::noncrack_noncrack_concrete_wall_75_0.jpg.jpg,0.057196412,0.11445304,0.82835054
khanhha_original::noncrack_noncrack_concrete_wall_75_18.jpg.jpg,0.024812182,0.09356956,0.8816182
khanhha_original::noncrack_noncrack_concrete_wall_75_24.jpg.jpg,0.03628655,0.11268344,0.85103
khanhha_original::noncrack_noncrack_concrete_wall_76_1.jpg.jpg,0.22710963,0.61809444,0.15479589
khanhha_original::noncrack_noncrack_concrete_wall_76_22.jpg.jpg,0.26780435,0.5650802,0.16711538
khanhha_original::noncrack_noncrack_concrete_wall_76_30.jpg.jpg,0.29411,0.5403881,0.16550188
khanhha_original::noncrack_noncrack_concrete_wall_76_36.jpg.jpg,0.26160297,0.5378999,0.20049709
khanhha_original::noncrack_noncrack_concrete_wall_76_38.jpg.jpg,0.19829267,0.63426924,0.16743806
khanhha_original::noncrack_noncrack_concrete_wall_76_49.jpg.jpg,0.24338588,0.5772983,0.17931582
khanhha_original::noncrack_noncrack_concrete_wall_76_5.jpg.jpg,0.2060776,0.6348454,0.15907699
khanhha_original::noncrack_noncrack_concrete_wall_76_62.jpg.jpg,0.26016593,0.60278594,0.13704816
khanhha_original::noncrack_noncrack_concrete_wall_77_1.jpg.jpg,0.7397124,0.123372465,0.13691509
khanhha_original::noncrack_noncrack_concrete_wall_77_5.jpg.jpg,0.61839443,0.14371642,0.23788916
khanhha_original::noncrack_noncrack_concrete_wall_79_2.jpg.jpg,0.209236,0.510685,0.28007898
khanhha_original::noncrack_noncrack_concrete_wall_79_6.jpg.jpg,0.1300604,0.57315534,0.29678425
khanhha_original::noncrack_noncrack_concrete_wall_7_0.jpg.jpg,0.6088351,0.21725214,0.17391276
khanhha_original::noncrack_noncrack_concrete_wall_7_1.jpg.jpg,0.72857696,0.1706584,0.10076458
khanhha_original::noncrack_noncrack_concrete_wall_81_4.jpg.jpg,0.054786954,0.17601797,0.769195
khanhha_original::noncrack_noncrack_concrete_wall_82_14.jpg.jpg,0.0113737425,0.11225534,0.87637085
khanhha_original::noncrack_noncrack_concrete_wall_82_23.jpg.jpg,0.014547211,0.13109,0.8543628
khanhha_original::noncrack_noncrack_concrete_wall_82_24.jpg.jpg,0.011019173,0.09920945,0.8897714
khanhha_original::noncrack_noncrack_concrete_wall_82_27.jpg.jpg,0.009747356,0.11378623,0.8764664
khanhha_original::noncrack_noncrack_concrete_wall_82_32.jpg.jpg,0.014833112,0.1224169,0.86275
khanhha_original::noncrack_noncrack_concrete_wall_82_4.jpg.jpg,0.014121496,0.13173357,0.85414493
khanhha_original::noncrack_noncrack_concrete_wall_82_5.jpg.jpg,0.01624772,0.120170176,0.86358213
khanhha_original::noncrack_noncrack_concrete_wall_83_10.jpg.jpg,0.061984863,0.8688769,0.06913834
khanhha_original::noncrack_noncrack_concrete_wall_83_4.jpg.jpg,0.059232324,0.85565037,0.085117325
khanhha_original::noncrack_noncrack_concrete_wall_83_9.jpg.jpg,0.059413154,0.8706836,0.06990332
khanhha_original::noncrack_noncrack_concrete_wall_86_1.jpg.jpg,0.110992014,0.31915706,0.56985086
khanhha_original::noncrack_noncrack_concrete_wall_86_2.jpg.jpg,0.14157058,0.39023095,0.4681985
khanhha_original::noncrack_noncrack_concrete_wall_88_3.jpg.jpg,0.141245,0.77018523,0.088569775
khanhha_original::noncrack_noncrack_concrete_wall_89_0.jpg.jpg,0.09820436,0.4666963,0.43509942
khanhha_original::noncrack_noncrack_concrete_wall_89_1.jpg.jpg,0.12014493,0.51742595,0.3624291
khanhha_original::noncrack_noncrack_concrete_wall_91_1.jpg.jpg,0.48588616,0.15090086,0.36321294
khanhha_original::noncrack_noncrack_concrete_wall_92_7.jpg.jpg,0.20656987,0.6437566,0.14967346
khanhha_original::noncrack_noncrack_concrete_wall_93_5.jpg.jpg,0.44013813,0.09035422,0.46950772
khanhha_original::noncrack_noncrack_concrete_wall_94_4.jpg.jpg,0.06348344,0.4430037,0.49351284
khanhha_original::noncrack_noncrack_concrete_wall_96_1.jpg.jpg,0.101872,0.56830394,0.32982406
khanhha_original::noncrack_noncrack_concrete_wall_96_12.jpg.jpg,0.11016878,0.46871734,0.42111397
khanhha_original::noncrack_noncrack_concrete_wall_96_2.jpg.jpg,0.07648741,0.6868067,0.2367059
khanhha_original::noncrack_noncrack_concrete_wall_96_27.jpg.jpg,0.10928821,0.51925844,0.3714534
khanhha_original::noncrack_noncrack_concrete_wall_99_2.jpg.jpg,0.088551775,0.59684426,0.31460392
khanhha_original::noncrack_noncrack_concrete_wall_9_14.jpg.jpg,0.054530066,0.113065794,0.8324042
khanhha_original::noncrack_noncrack_concrete_wall_9_22.jpg.jpg,0.03464402,0.06655413,0.8988019
khanhha_original::noncrack_noncrack_concrete_wall_9_29.jpg.jpg,0.04867163,0.103088364,0.84823996
khanhha_original::noncrack_noncrack_concrete_wall_9_32.jpg.jpg,0.059169486,0.12788974,0.81294084
khanhha_original::noncrack_noncrack_concrete_wall_9_33.jpg.jpg,0.031775843,0.080138706,0.8880854
khanhha_noisy1::CFD_001.jpg,0.5100035,0.29238197,0.19761452
khanhha_noisy1::CFD_007.jpg,0.33518338,0.36533692,0.2994797
khanhha_noisy1::CFD_011.jpg,0.5075915,0.2754084,0.21700008
khanhha_noisy1::CFD_013.jpg,0.55954635,0.199954,0.24049962
khanhha_noisy1::CFD_014.jpg,0.57003236,0.19692396,0.23304366
khanhha_noisy1::CFD_019.jpg,0.48340243,0.23864023,0.2779574
khanhha_noisy1::CFD_037.jpg,0.40802082,0.28355086,0.30842835
khanhha_noisy1::CFD_040.jpg,0.6416345,0.20832184,0.15004362
khanhha_noisy1::CFD_047.jpg,0.5401211,0.1306082,0.32927072
khanhha_noisy1::CFD_070.jpg,0.47452083,0.33880177,0.18667734
khanhha_noisy1::CFD_080.jpg,0.32612178,0.26441592,0.40946233
khanhha_noisy1::CFD_082.jpg,0.6010785,0.20900184,0.18991975
khanhha_noisy1::CFD_084.jpg,0.34531522,0.30599102,0.34869376
khanhha_noisy1::CFD_088.jpg,0.34818423,0.28187785,0.3699379
khanhha_noisy1::CFD_108.jpg,0.28769326,0.2605862,0.45172057
khanhha_noisy1::CFD_109.jpg,0.2492285,0.3757367,0.37503478
khanhha_noisy1::CFD_111.jpg,0.5132042,0.2940894,0.19270645
khanhha_noisy1::CFD_118.jpg,0.53142405,0.28719908,0.1813769
khanhha_noisy1::CRACK500_20160222_080933_361_1.jpg,0.24305025,0.32945132,0.42749846
khanhha_noisy1::CRACK500_20160222_081031_641_361.jpg,0.16693465,0.6410113,0.192054
khanhha_noisy1::CRACK500_20160222_081102_1921_721.jpg,0.20804894,0.39530322,0.3966479
khanhha_noisy1::CRACK500_20160222_081102_1_721.jpg,0.26729324,0.5209531,0.21175368
khanhha_noisy1::CRACK500_20160222_081111_641_361.jpg,0.31851995,0.3004454,0.3810346
khanhha_noisy1::CRACK500_20160222_081113_1921_721.jpg,0.46700546,0.33551258,0.19748196
khanhha_noisy1::CRACK500_20160222_081839_1_721.jpg,0.21980996,0.27911618,0.50107384
khanhha_noisy1::CRACK500_20160222_081908_641_721.jpg,0.06262504,0.10910347,0.8282715
khanhha_noisy1::CRACK500_20160222_114759_1921_361.jpg,0.32138607,0.50041825,0.17819566
khanhha_noisy1::CRACK500_20160222_114759_1921_721.jpg,0.31391284,0.49520475,0.19088237
khanhha_noisy1::CRACK500_20160222_114759_641_361.jpg,0.24083267,0.489497,0.26967037
khanhha_noisy1::CRACK500_20160222_115219_1281_721.jpg,0.2690868,0.21990024,0.5110129
khanhha_noisy1::CRACK500_20160222_115224_1281_1081.jpg,0.26741543,0.3184338,0.4141508
khanhha_noisy1::CRACK500_20160222_115224_1281_361.jpg,0.1254409,0.20606332,0.66849583
khanhha_noisy1::CRACK500_20160222_115305_1281_1081.jpg,0.17185925,0.3452945,0.48284626
khanhha_noisy1::CRACK500_20160222_115305_1921_361.jpg,0.16010906,0.26669717,0.5731938
khanhha_noisy1::CRACK500_20160222_115305_641_1.jpg,0.08828883,0.17975898,0.73195213
khanhha_noisy1::CRACK500_20160222_115305_641_721.jpg,0.10273415,0.23873967,0.6585262
khanhha_noisy1::CRACK500_20160222_115324_1281_721.jpg,0.1740833,0.34701157,0.47890514
khanhha_noisy1::CRACK500_20160222_115324_641_1081.jpg,0.14638348,0.51330936,0.34030724
khanhha_noisy1::CRACK500_20160222_115519_641_721.jpg,0.0062519577,0.2467027,0.74704534
khanhha_noisy1::CRACK500_20160222_115828_641_1.jpg,0.016196981,0.5247076,0.45909545
khanhha_noisy1::CRACK500_20160222_115833_1921_1081.jpg,0.024807364,0.42445406,0.5507385
khanhha_noisy1::CRACK500_20160222_115833_641_361.jpg,0.018599795,0.5663666,0.41503358
khanhha_noisy1::CRACK500_20160222_115843_1281_361.jpg,0.01749712,0.5560547,0.42644817
khanhha_noisy1::CRACK500_20160222_115847_1281_361.jpg,0.02106701,0.6488717,0.33006126
khanhha_noisy1::CRACK500_20160222_115847_641_361.jpg,0.0113230925,0.61672187,0.371955
khanhha_noisy1::CRACK500_20160222_163940_1281_1081.jpg,0.15621978,0.49940777,0.34437242
khanhha_noisy1::CRACK500_20160222_163940_1_1081.jpg,0.14718688,0.46348143,0.38933164
khanhha_noisy1::CRACK500_20160222_163940_1_361.jpg,0.10814872,0.5116705,0.38018075
khanhha_noisy1::CRACK500_20160222_163940_641_1081.jpg,0.124016576,0.43361425,0.44236913
khanhha_noisy1::CRACK500_20160222_164141_1281_1.jpg,0.067221075,0.27764878,0.65513015
khanhha_noisy1::CRACK500_20160222_164141_1921_721.jpg,0.055382922,0.20109092,0.74352616
khanhha_noisy1::CRACK500_20160222_164141_1_1081.jpg,0.07373268,0.42113367,0.50513357
khanhha_noisy1::CRACK500_20160222_164822_1281_1.jpg,0.21721916,0.36199322,0.4207876
khanhha_noisy1::CRACK500_20160222_164822_641_1.jpg,0.21571998,0.3080036,0.47627637
khanhha_noisy1::CRACK500_20160222_164822_641_361.jpg,0.21870916,0.40892634,0.37236452
khanhha_noisy1::CRACK500_20160222_164825_641_721.jpg,0.13102491,0.31468952,0.5542856
khanhha_noisy1::CRACK500_20160222_164851_641_1081.jpg,0.23770896,0.32821324,0.43407774
khanhha_noisy1::CRACK500_20160222_164936_641_361.jpg,0.26493204,0.40617085,0.32889715
khanhha_noisy1::CRACK500_20160222_165037_1921_361.jpg,0.21848777,0.4771287,0.30438355
khanhha_noisy1::CRACK500_20160222_165037_1_361.jpg,0.11870837,0.36387962,0.51741207
khanhha_noisy1::CRACK500_20160222_165037_641_361.jpg,0.25091156,0.37926158,0.36982688
khanhha_noisy1::CRACK500_20160222_165218_641_1.jpg,0.19632947,0.3194745,0.48419607
khanhha_noisy1::CRACK500_20160222_165225_1281_721.jpg,0.3490656,0.30935368,0.34158066
khanhha_noisy1::CRACK500_20160222_165256_1281_1.jpg,0.20814261,0.48378292,0.30807447
khanhha_noisy1::CRACK500_20160222_165256_1281_721.jpg,0.2568286,0.33837727,0.4047941
khanhha_noisy1::CRACK500_20160222_165256_641_1.jpg,0.22547708,0.2999869,0.47453597
khanhha_noisy1::CRACK500_20160222_165715_1921_721.jpg,0.37160698,0.32906392,0.29932916
khanhha_noisy1::CRACK500_20160222_165909_1281_1081.jpg,0.2251533,0.29796058,0.47688612
khanhha_noisy1::CRACK500_20160222_165919_1_721.jpg,0.36700588,0.3595849,0.2734092
khanhha_noisy1::CRACK500_20160222_165926_1281_721.jpg,0.32052383,0.26842287,0.4110534
khanhha_noisy1::CRACK500_20160222_165947_1921_721.jpg,0.36852336,0.35582808,0.2756486
khanhha_noisy1::CRACK500_20160222_165951_1921_1.jpg,0.30622718,0.30642194,0.38735086
khanhha_noisy1::CRACK500_20160225_114503_1_361.jpg,0.21911697,0.40550077,0.3753823
khanhha_noisy1::CRACK500_20160225_114514_721_1281.jpg,0.18719114,0.38981366,0.42299524
khanhha_noisy1::CRACK500_20160225_114514_721_641.jpg,0.24278376,0.35336363,0.40385264
khanhha_noisy1::CRACK500_20160225_114535_1281_1081.jpg,0.27607748,0.4387046,0.28521785
khanhha_noisy1::CRACK500_20160225_114535_1921_1081.jpg,0.2738975,0.4754752,0.2506273
khanhha_noisy1::CRACK500_20160225_114535_1_1.jpg,0.25864336,0.573032,0.1683246
khanhha_noisy1::CRACK500_20160302_155848_1281_361.jpg,0.057532802,0.8694368,0.07303041
khanhha_noisy1::CRACK500_20160302_155848_1921_361.jpg,0.23961093,0.59159946,0.16878971
khanhha_noisy1::CRACK500_20160302_155848_641_721.jpg,0.18447278,0.58409345,0.2314338
khanhha_noisy1::CRACK500_20160302_155857_1281_1.jpg,0.13098338,0.75423944,0.11477719
khanhha_noisy1::CRACK500_20160302_155857_1_721.jpg,0.094253115,0.8128017,0.09294521
khanhha_noisy1::CRACK500_20160302_155914_1081_641.jpg,0.1473128,0.59557676,0.2571105
khanhha_noisy1::CRACK500_20160302_155919_1281_721.jpg,0.12767914,0.56667876,0.30564213
khanhha_noisy1::CRACK500_20160302_155919_641_1.jpg,0.19726342,0.7465146,0.056221936
khanhha_noisy1::CRACK500_20160302_155919_641_1081.jpg,0.16829841,0.76325095,0.06845064
khanhha_noisy1::CRACK500_20160302_155925_1281_361.jpg,0.12470794,0.8172818,0.058010355
khanhha_noisy1::CRACK500_20160302_155925_641_361.jpg,0.08901916,0.84728396,0.063696824
khanhha_noisy1::CRACK500_20160302_160033_641_361.jpg,0.2165096,0.6593952,0.124095194
khanhha_noisy1::CRACK500_20160303_091830_361_1281.jpg,0.112641916,0.8160767,0.07128142
khanhha_noisy1::CRACK500_20160303_092627_641_721.jpg,0.17314266,0.56849617,0.2583612
khanhha_noisy1::CRACK500_20160303_092806_1281_721.jpg,0.0704817,0.21518418,0.7143341
khanhha_noisy1::CRACK500_20160303_092806_1_721.jpg,0.1489917,0.34237677,0.5086315
khanhha_noisy1::CRACK500_20160303_092839_1281_361.jpg,0.22632211,0.36842158,0.40525627
khanhha_noisy1::CRACK500_20160303_092839_1281_721.jpg,0.18900602,0.2909926,0.52000135
khanhha_noisy1::CRACK500_20160303_092839_641_721.jpg,0.17159542,0.35415676,0.47424775
khanhha_noisy1::CRACK500_20160303_093353_1921_361.jpg,0.32983068,0.5745125,0.095656894
khanhha_noisy1::CRACK500_20160303_093353_1921_721.jpg,0.29799187,0.6093808,0.092627294
khanhha_noisy1::CRACK500_20160303_093400_641_1.jpg,0.21626906,0.4416578,0.3420731
khanhha_noisy1::CRACK500_20160303_093400_641_721.jpg,0.26606792,0.59944326,0.13448887
khanhha_noisy1::CRACK500_20160303_093527_1281_361.jpg,0.22189729,0.6598423,0.11826035
khanhha_noisy1::CRACK500_20160303_093537_1921_1081.jpg,0.18718164,0.6662515,0.14656687
khanhha_noisy1::CRACK500_20160306_103613_1_721.jpg,0.17017062,0.706948,0.1228814
khanhha_noisy1::CRACK500_20160306_103638_1921_1081.jpg,0.1882751,0.6805866,0.13113831
khanhha_noisy1::CRACK500_20160306_103638_1_361.jpg,0.2672912,0.6021413,0.13056757
khanhha_noisy1::CRACK500_20160306_103657_1921_721.jpg,0.28864187,0.63101035,0.08034778
khanhha_noisy1::CRACK500_20160306_103657_641_721.jpg,0.10736979,0.8674369,0.025193376
khanhha_noisy1::CRACK500_20160306_103816_1_721.jpg,0.18882959,0.7492162,0.06195419
khanhha_noisy1::CRACK500_20160306_103830_1921_1081.jpg,0.16542493,0.7403358,0.094239295
khanhha_noisy1::CRACK500_20160306_103903_1281_361.jpg,0.18310688,0.76192546,0.05496765
khanhha_noisy1::CRACK500_20160306_103903_641_361.jpg,0.1939928,0.71724796,0.088759206
khanhha_noisy1::CRACK500_20160306_104522_1921_361.jpg,0.22228916,0.7175221,0.060188837
khanhha_noisy1::CRACK500_20160306_104522_1921_721.jpg,0.2260753,0.66031915,0.113605544
khanhha_noisy1::CRACK500_20160306_104522_641_721.jpg,0.18730807,0.6872673,0.12542462
khanhha_noisy1::CRACK500_20160306_104527_1921_721.jpg,0.21182024,0.73180914,0.05637058
khanhha_noisy1::CRACK500_20160306_104527_641_361.jpg,0.12173071,0.8266751,0.051594198
khanhha_noisy1::CRACK500_20160307_143827_1_721.jpg,0.26477325,0.6538109,0.081415795
khanhha_noisy1::CRACK500_20160307_144115_1281_1.jpg,0.11984553,0.7708758,0.10927874
khanhha_noisy1::CRACK500_20160307_144150_1281_721.jpg,0.17220375,0.66903245,0.15876381
khanhha_noisy1::CRACK500_20160307_144150_641_361.jpg,0.25561127,0.50988203,0.2345067
khanhha_noisy1::CRACK500_20160307_144202_1281_361.jpg,0.09244509,0.7719715,0.13558339
khanhha_noisy1::CRACK500_20160307_144202_1281_721.jpg,0.13857648,0.6297568,0.23166674
khanhha_noisy1::CRACK500_20160307_144842_1281_1.jpg,0.17466728,0.79373515,0.031597573
khanhha_noisy1::CRACK500_20160307_144842_1281_1081.jpg,0.14817904,0.8054665,0.046354454
khanhha_noisy1::CRACK500_20160307_144916_1281_361.jpg,0.159845,0.7943705,0.045784503
khanhha_noisy1::CRACK500_20160307_144916_1921_721.jpg,0.18605064,0.75194263,0.062006716
khanhha_noisy1::CRACK500_20160307_144924_1281_361.jpg,0.16903009,0.79665744,0.034312382
khanhha_noisy1::CRACK500_20160307_144924_641_361.jpg,0.2583539,0.7072151,0.034431096
khanhha_noisy1::CRACK500_20160307_144931_1281_1.jpg,0.15905052,0.7712358,0.0697136
khanhha_noisy1::CRACK500_20160307_144931_641_721.jpg,0.25430113,0.6862953,0.059403565
khanhha_noisy1::CRACK500_20160307_145059_1921_361.jpg,0.082483925,0.33660808,0.580908
khanhha_noisy1::CRACK500_20160307_145107_1281_721.jpg,0.23550409,0.2920778,0.47241804
khanhha_noisy1::CRACK500_20160307_145107_1_1.jpg,0.058559265,0.16076624,0.78067446
khanhha_noisy1::CRACK500_20160307_145259_1921_721.jpg,0.2330699,0.19154616,0.5753839
khanhha_noisy1::CRACK500_20160307_145259_1_361.jpg,0.21620034,0.2773446,0.506455
khanhha_noisy1::CRACK500_20160307_162438_1921_1081.jpg,0.20921372,0.34615275,0.4446335
khanhha_noisy1::CRACK500_20160307_162438_1921_721.jpg,0.40918112,0.29311883,0.2977001
khanhha_noisy1::CRACK500_20160307_163537_1281_721.jpg,0.25718653,0.43846142,0.30435205
khanhha_noisy1::CRACK500_20160307_163537_641_361.jpg,0.16275346,0.6349345,0.20231204
khanhha_noisy1::CRACK500_20160307_163537_641_721.jpg,0.23315129,0.47337723,0.29347154
khanhha_noisy1::CRACK500_20160307_163627_641_721.jpg,0.2883418,0.5257146,0.18594357
khanhha_noisy1::CRACK500_20160307_163641_1921_361.jpg,0.21172021,0.6617415,0.12653825
khanhha_noisy1::CRACK500_20160307_164214_1281_1081.jpg,0.26212943,0.31678587,0.4210847
khanhha_noisy1::CRACK500_20160307_164214_1_721.jpg,0.38243645,0.36275887,0.25480467
khanhha_noisy1::CRACK500_20160307_164226_1921_721.jpg,0.32334337,0.3561946,0.3204621
khanhha_noisy1::CRACK500_20160307_164226_1_721.jpg,0.54198587,0.30703992,0.15097429
khanhha_noisy1::CRACK500_20160307_164226_641_721.jpg,0.22040215,0.26451588,0.515082
khanhha_noisy1::CRACK500_20160307_164301_641_361.jpg,0.28625804,0.2788661,0.43487585
khanhha_noisy1::CRACK500_20160307_164334_641_1.jpg,0.1780416,0.6044803,0.2174781
khanhha_noisy1::CRACK500_20160307_164334_641_361.jpg,0.22324255,0.43395928,0.34279817
khanhha_noisy1::CRACK500_20160307_164400_641_1.jpg,0.26120916,0.2486978,0.490093
khanhha_noisy1::CRACK500_20160307_164517_1921_361.jpg,0.16006899,0.35650328,0.48342773
khanhha_noisy1::CRACK500_20160308_072824_641_1.jpg,0.15258776,0.7733514,0.07406089
khanhha_noisy1::CRACK500_20160308_072921_1281_1081.jpg,0.19868006,0.7512899,0.05002993
khanhha_noisy1::CRACK500_20160308_072921_1281_361.jpg,0.22889742,0.7014847,0.06961788
khanhha_noisy1::CRACK500_20160308_072921_641_1081.jpg,0.12272456,0.8023758,0.074899636
khanhha_noisy1::CRACK500_20160308_072921_641_721.jpg,0.12661286,0.78102136,0.09236584
khanhha_noisy1::CRACK500_20160308_072951_641_721.jpg,0.159268,0.7761276,0.06460446
khanhha_noisy1::CRACK500_20160308_073014_1281_721.jpg,0.23762502,0.6736155,0.088759474
khanhha_noisy1::CRACK500_20160308_073245_1_361.jpg,0.34222016,0.39038113,0.26739874
khanhha_noisy1::CRACK500_20160308_073245_641_1.jpg,0.13200144,0.7889973,0.07900124
khanhha_noisy1::CRACK500_20160308_073356_1281_1081.jpg,0.26601088,0.5743514,0.15963778
khanhha_noisy1::CRACK500_20160308_073356_641_1.jpg,0.17888284,0.7244926,0.09662455
khanhha_noisy1::CRACK500_20160308_073406_641_721.jpg,0.31514525,0.5608777,0.123977125
khanhha_noisy1::CRACK500_20160308_073532_1_361.jpg,0.39281556,0.52022576,0.08695872
khanhha_noisy1::CRACK500_20160308_073736_1281_361.jpg,0.17946205,0.7385287,0.08200918
khanhha_noisy1::CRACK500_20160308_073736_641_721.jpg,0.1362519,0.80941945,0.0543287
khanhha_noisy1::CRACK500_20160308_074321_1921_361.jpg,0.22993653,0.7081939,0.061869495
khanhha_noisy1::CRACK500_20160308_074330_1921_721.jpg,0.23422392,0.6845496,0.08122646
khanhha_noisy1::CRACK500_20160308_074702_1281_361.jpg,0.12515253,0.82250345,0.052343994
khanhha_noisy1::CRACK500_20160308_074702_1921_361.jpg,0.16980103,0.77137935,0.058819555
khanhha_noisy1::CRACK500_20160308_074702_641_721.jpg,0.1954424,0.69704384,0.10751376
khanhha_noisy1::CRACK500_20160308_155720_1281_361.jpg,0.09014955,0.21020964,0.6996408
khanhha_noisy1::CRACK500_20160308_155720_1_1.jpg,0.15455164,0.15729733,0.68815106
khanhha_noisy1::CRACK500_20160308_155720_641_721.jpg,0.05360293,0.12502244,0.82137465
khanhha_noisy1::CRACK500_20160308_155731_1281_1.jpg,0.091670826,0.25191128,0.65641785
khanhha_noisy1::CRACK500_20160308_155731_641_1081.jpg,0.14619361,0.27027535,0.583531
khanhha_noisy1::CRACK500_20160308_155737_1281_1.jpg,0.09048334,0.17862333,0.7308933
khanhha_noisy1::CRACK500_20160308_155737_1281_361.jpg,0.13408534,0.19033432,0.6755803
khanhha_noisy1::CRACK500_20160308_155737_1281_721.jpg,0.068698116,0.19133557,0.7399664
khanhha_noisy1::CRACK500_20160308_155737_1921_1.jpg,0.09011667,0.23645449,0.67342883
khanhha_noisy1::CRACK500_20160308_155737_1_1081.jpg,0.20113833,0.22405536,0.5748063
khanhha_noisy1::CRACK500_20160308_155737_641_721.jpg,0.14556636,0.36753687,0.48689675
khanhha_noisy1::CRACK500_20160308_155828_1281_721.jpg,0.27347642,0.35721698,0.3693066
khanhha_noisy1::CRACK500_20160308_155836_1921_361.jpg,0.16620748,0.7016561,0.13213639
khanhha_noisy1::CRACK500_20160308_155836_1921_721.jpg,0.38334125,0.41638327,0.20027545
khanhha_noisy1::CRACK500_20160308_160053_1_361.jpg,0.117333815,0.5025366,0.3801296
khanhha_noisy1::CRACK500_20160308_160128_641_361.jpg,0.30717158,0.46376622,0.22906227
khanhha_noisy1::CRACK500_20160308_160128_641_721.jpg,0.33757615,0.46172622,0.2006976
khanhha_noisy1::CRACK500_20160310_114418_641_361.jpg,0.23706333,0.4615012,0.3014354
khanhha_noisy1::CRACK500_20160310_114441_641_1.jpg,0.23476835,0.47032428,0.29490733
khanhha_noisy1::CRACK500_20160310_114441_641_1081.jpg,0.17321025,0.67277145,0.15401837
khanhha_noisy1::CRACK500_20160310_114446_641_1081.jpg,0.27346465,0.5863824,0.14015295
khanhha_noisy1::CRACK500_20160310_114505_641_361.jpg,0.16976012,0.5928545,0.23738533
khanhha_noisy1::CRACK500_20160310_114658_641_721.jpg,0.16086656,0.6250761,0.2140573
khanhha_noisy1::CRACK500_20160316_141721_1_721.jpg,0.26420125,0.61637795,0.119420834
khanhha_noisy1::CRACK500_20160316_141721_641_721.jpg,0.24286777,0.5696867,0.1874455
khanhha_noisy1::CRACK500_20160316_142009_1281_361.jpg,0.20788313,0.74612796,0.045988843
khanhha_noisy1::CRACK500_20160316_142009_1281_721.jpg,0.35903275,0.5330651,0.1079022
khanhha_noisy1::CRACK500_20160316_142027_1281_721.jpg,0.34863245,0.5581581,0.09320949
khanhha_noisy1::CRACK500_20160316_142449_1_361.jpg,0.26617494,0.6746494,0.059175625
khanhha_noisy1::CRACK500_20160316_142539_1_721.jpg,0.29571515,0.54983175,0.15445311
khanhha_noisy1::CRACK500_20160316_143433_641_361.jpg,0.24433012,0.6318345,0.1238353
khanhha_noisy1::CRACK500_20160316_143445_1281_361.jpg,0.13818535,0.7533901,0.108424604
khanhha_noisy1::CRACK500_20160316_143527_641_1.jpg,0.16688624,0.7258133,0.10730043
khanhha_noisy1::CRACK500_20160316_143547_1281_1081.jpg,0.23117173,0.7042553,0.06457299
khanhha_noisy1::CRACK500_20160316_143603_1921_361.jpg,0.22546071,0.67143726,0.10310205
khanhha_noisy1::CRACK500_20160316_143624_1_641.jpg,0.2283329,0.667172,0.10449501
khanhha_noisy1::CRACK500_20160316_143629_1281_721.jpg,0.19235149,0.7684688,0.03917961
khanhha_noisy1::CRACK500_20160316_143629_1921_721.jpg,0.20327023,0.76686484,0.029864844
khanhha_noisy1::CRACK500_20160316_144203_1281_721.jpg,0.23365705,0.59207755,0.1742654
khanhha_noisy1::CRACK500_20160316_144212_1921_721.jpg,0.21915358,0.7331947,0.047651727
khanhha_noisy1::CRACK500_20160316_144212_641_721.jpg,0.2415183,0.7083779,0.050103758
khanhha_noisy1::CRACK500_20160316_144230_641_1.jpg,0.1386251,0.7309692,0.13040572
khanhha_noisy1::CRACK500_20160316_144241_641_361.jpg,0.11044424,0.7775693,0.11198639
khanhha_noisy1::CRACK500_20160316_144431_641_1081.jpg,0.20528048,0.7029035,0.091816045
khanhha_noisy1::CRACK500_20160316_183217_1281_1.jpg,0.107156835,0.74532586,0.14751735
khanhha_noisy1::CRACK500_20160318_084343_1281_361.jpg,0.093661994,0.8298539,0.07648411
khanhha_noisy1::CRACK500_20160318_181602_1281_361.jpg,0.21625914,0.7434573,0.04028359
khanhha_noisy1::CRACK500_20160318_181627_1_721.jpg,0.21048957,0.7177025,0.07180792
khanhha_noisy1::CRACK500_20160318_181632_1_1.jpg,0.1446528,0.77952796,0.07581918
khanhha_noisy1::CRACK500_20160318_181632_1_361.jpg,0.3263897,0.53533316,0.13827716
khanhha_noisy1::CRACK500_20160318_181632_641_1.jpg,0.399864,0.5216786,0.07845741
khanhha_noisy1::CRACK500_20160321_183951_1_361.jpg,0.27068147,0.671819,0.057499547
khanhha_noisy1::CRACK500_20160321_185457_1281_1.jpg,0.114008784,0.8347194,0.051271867
khanhha_noisy1::CRACK500_20160321_185457_1921_1.jpg,0.12001424,0.8239281,0.05605766
khanhha_noisy1::CRACK500_20160321_185518_1921_721.jpg,0.092741966,0.8510579,0.056200188
khanhha_noisy1::CRACK500_20160321_185518_1_721.jpg,0.10896477,0.8320559,0.058979332
khanhha_noisy1::CRACK500_20160321_185534_1281_721.jpg,0.12937984,0.80224323,0.06837698
khanhha_noisy1::CRACK500_20160321_185557_1_361.jpg,0.10664658,0.8325224,0.06083105
khanhha_noisy1::CRACK500_20160321_185557_641_721.jpg,0.17679158,0.7659448,0.057263657
khanhha_noisy1::CRACK500_20160321_185637_1_1081.jpg,0.118753254,0.82735807,0.053888645
khanhha_noisy1::CRACK500_20160324_165857_1281_361.jpg,0.0859158,0.62421775,0.28986648
khanhha_noisy1::CRACK500_20160324_165857_641_361.jpg,0.08897998,0.5026442,0.40837586
khanhha_noisy1::CRACK500_20160324_170309_641_1.jpg,0.29805955,0.55361885,0.14832166
khanhha_noisy1::CRACK500_20160324_170309_641_361.jpg,0.25999942,0.3625054,0.37749514
khanhha_noisy1::CRACK500_20160324_170309_641_721.jpg,0.24127094,0.43133515,0.32739386
khanhha_noisy1::CRACK500_20160324_170323_1_721.jpg,0.3347243,0.34394315,0.32133254
khanhha_noisy1::CRACK500_20160324_170347_1281_361.jpg,0.17535038,0.38885534,0.4357942
khanhha_noisy1::CRACK500_20160324_170347_1281_721.jpg,0.28199556,0.40706626,0.31093818
khanhha_noisy1::CRACK500_20160324_170542_1_721.jpg,0.20150986,0.5609904,0.23749967
khanhha_noisy1::CRACK500_20160325_185829_641_361.jpg,0.14631282,0.75932246,0.0943647
khanhha_noisy1::CRACK500_20160326_141812_1281_721.jpg,0.41001704,0.5151203,0.07486265
khanhha_noisy1::CRACK500_20160326_141812_1921_721.jpg,0.22070982,0.67881566,0.100474544
khanhha_noisy1::CRACK500_20160326_142309_1281_721.jpg,0.37906858,0.531257,0.0896744
khanhha_noisy1::CRACK500_20160326_142354_641_1081.jpg,0.16633838,0.71291125,0.1207503
khanhha_noisy1::CRACK500_20160326_142403_1921_361.jpg,0.31865883,0.61435455,0.06698666
khanhha_noisy1::CRACK500_20160326_150104_1921_361.jpg,0.24004161,0.6432579,0.1167005
khanhha_noisy1::CRACK500_20160326_150104_1_361.jpg,0.34019142,0.5174944,0.14231421
khanhha_noisy1::CRACK500_20160326_162529_641_361.jpg,0.19150966,0.73028904,0.07820133
khanhha_noisy1::CRACK500_20160326_162532_1921_361.jpg,0.18885289,0.66290647,0.14824073
khanhha_noisy1::CRACK500_20160326_162532_1_721.jpg,0.24274717,0.664947,0.09230585
khanhha_noisy1::CRACK500_20160326_174634_1921_361.jpg,0.20009534,0.7074646,0.09244006
khanhha_noisy1::CRACK500_20160326_174634_641_721.jpg,0.2590041,0.6357334,0.10526249
khanhha_noisy1::CRACK500_20160328_150820_641_361.jpg,0.14230938,0.7318798,0.12581086
khanhha_noisy1::CRACK500_20160328_150821_1281_361.jpg,0.18772386,0.7413916,0.07088457
khanhha_noisy1::CRACK500_20160328_150821_1_721.jpg,0.32576105,0.5120158,0.16222312
khanhha_noisy1::CRACK500_20160328_150821_641_361.jpg,0.26914936,0.54664755,0.18420316
khanhha_noisy1::CRACK500_20160328_150827_1281_1081.jpg,0.16749358,0.6852913,0.14721516
khanhha_noisy1::CRACK500_20160328_150927_1281_721.jpg,0.33687937,0.56922746,0.09389313
khanhha_noisy1::CRACK500_20160328_150932_1921_361.jpg,0.23372442,0.6678859,0.0983897
khanhha_noisy1::CRACK500_20160328_150932_641_361.jpg,0.2133239,0.7118451,0.074831076
khanhha_noisy1::CRACK500_20160328_150933_1921_361.jpg,0.25242966,0.704831,0.042739328
khanhha_noisy1::CRACK500_20160328_150940_1281_361.jpg,0.23966882,0.6714793,0.08885192
khanhha_noisy1::CRACK500_20160328_150940_1_1081.jpg,0.24388182,0.6564546,0.09966351
khanhha_noisy1::CRACK500_20160328_150940_641_1081.jpg,0.2624868,0.6612564,0.076256774
khanhha_noisy1::CRACK500_20160328_150940_641_361.jpg,0.21455999,0.66628623,0.11915381
khanhha_noisy1::CRACK500_20160328_151013_361_1921.jpg,0.27578402,0.6174976,0.10671834
khanhha_noisy1::CRACK500_20160328_151020_641_721.jpg,0.36673746,0.5350896,0.098172955
khanhha_noisy1::CRACK500_20160328_151027_1921_1.jpg,0.24228895,0.5480861,0.20962493
khanhha_noisy1::CRACK500_20160328_151027_641_361.jpg,0.23676392,0.42439926,0.3388368
khanhha_noisy1::CRACK500_20160328_151056_1_361.jpg,0.30374599,0.53233004,0.16392393
khanhha_noisy1::CRACK500_20160328_151056_641_1081.jpg,0.17933595,0.6918355,0.1288285
khanhha_noisy1::CRACK500_20160328_151057_1281_721.jpg,0.20258418,0.6044762,0.1929396
khanhha_noisy1::CRACK500_20160328_151151_1921_721.jpg,0.28071237,0.5771701,0.14211763
khanhha_noisy1::CRACK500_20160328_151151_1_1.jpg,0.27650973,0.48185185,0.24163845
khanhha_noisy1::CRACK500_20160328_151151_641_1081.jpg,0.1991768,0.6725688,0.12825444
khanhha_noisy1::CRACK500_20160328_151151_641_361.jpg,0.2376584,0.6083794,0.1539622
khanhha_noisy1::CRACK500_20160328_151201_1281_721.jpg,0.38978273,0.4447895,0.16542771
khanhha_noisy1::CRACK500_20160328_151201_1_1.jpg,0.22917774,0.661417,0.10940519
khanhha_noisy1::CRACK500_20160328_151241_1_1.jpg,0.20191297,0.73093235,0.06715462
khanhha_noisy1::CRACK500_20160328_151241_641_721.jpg,0.4185834,0.5101982,0.07121845
khanhha_noisy1::CRACK500_20160328_151243_1_361.jpg,0.25131765,0.5762351,0.17244728
khanhha_noisy1::CRACK500_20160328_151244_1921_1081.jpg,0.16332982,0.6969884,0.13968183
khanhha_noisy1::CRACK500_20160328_151244_641_721.jpg,0.23739737,0.62983525,0.13276741
khanhha_noisy1::CRACK500_20160328_151247_641_1.jpg,0.17115927,0.73527133,0.09356937
khanhha_noisy1::CRACK500_20160328_151343_1281_1.jpg,0.27646062,0.5959407,0.12759866
khanhha_noisy1::CRACK500_20160328_151343_641_721.jpg,0.2634071,0.59840876,0.13818407
khanhha_noisy1::CRACK500_20160328_151355_1281_361.jpg,0.25576055,0.5515027,0.19273674
khanhha_noisy1::CRACK500_20160328_151355_641_721.jpg,0.2616626,0.56888306,0.1694543
khanhha_noisy1::CRACK500_20160328_151409_1921_1081.jpg,0.29344103,0.4926613,0.21389768
khanhha_noisy1::CRACK500_20160328_151413_1_361.jpg,0.2808658,0.46271652,0.25641766
khanhha_noisy1::CRACK500_20160328_151413_641_721.jpg,0.36203018,0.45632783,0.181642
khanhha_noisy1::CRACK500_20160328_151423_641_1081.jpg,0.3001095,0.56823945,0.13165109
khanhha_noisy1::CRACK500_20160328_151504_1_361.jpg,0.34606498,0.5106881,0.14324689
khanhha_noisy1::CRACK500_20160328_151657_1281_1.jpg,0.2182515,0.56400216,0.21774627
khanhha_noisy1::CRACK500_20160328_151657_1921_721.jpg,0.30365855,0.5379709,0.15837047
khanhha_noisy1::CRACK500_20160328_151657_1_361.jpg,0.20100963,0.29980084,0.4991895
khanhha_noisy1::CRACK500_20160328_151657_641_361.jpg,0.20647068,0.48475385,0.30877548
khanhha_noisy1::CRACK500_20160328_151657_641_721.jpg,0.1290258,0.42700085,0.44397327
khanhha_noisy1::CRACK500_20160328_151728_1921_721.jpg,0.1738889,0.7190246,0.10708653
khanhha_noisy1::CRACK500_20160328_151808_1281_721.jpg,0.2525688,0.5485314,0.19889976
khanhha_noisy1::CRACK500_20160328_152022_1921_1.jpg,0.17942688,0.77501786,0.045555204
khanhha_noisy1::CRACK500_20160328_152022_641_721.jpg,0.32245427,0.5885034,0.08904233
khanhha_noisy1::CRACK500_20160328_152305_1921_361.jpg,0.114662506,0.81821805,0.067119434
khanhha_noisy1::CRACK500_20160328_152308_1_361.jpg,0.11541336,0.81896365,0.065622985
khanhha_noisy1::CRACK500_20160328_152322_1281_721.jpg,0.16102321,0.6256936,0.21328318
khanhha_noisy1::CRACK500_20160328_152322_1_721.jpg,0.24788472,0.61365765,0.13845761
khanhha_noisy1::CRACK500_20160328_152328_1281_361.jpg,0.095984936,0.8445793,0.05943587
khanhha_noisy1::CRACK500_20160328_152328_1921_361.jpg,0.15156966,0.77834576,0.07008465
khanhha_noisy1::CRACK500_20160328_152328_641_361.jpg,0.098934546,0.78637093,0.11469452
khanhha_noisy1::CRACK500_20160328_152511_1921_721.jpg,0.24147335,0.688785,0.06974163
khanhha_noisy1::CRACK500_20160328_153020_1921_361.jpg,0.15226282,0.78312963,0.06460753
khanhha_noisy1::CRACK500_20160328_153241_1281_721.jpg,0.12791578,0.7403538,0.13173038
khanhha_noisy1::CRACK500_20160328_153327_1_721.jpg,0.20875038,0.72370696,0.067542695
khanhha_noisy1::CRACK500_20160328_153357_1281_361.jpg,0.18336092,0.6040208,0.2126183
khanhha_noisy1::CRACK500_20160328_153357_641_1.jpg,0.25747427,0.6277038,0.1148219
khanhha_noisy1::CRACK500_20160328_153404_641_721.jpg,0.41512123,0.41344625,0.17143255
khanhha_noisy1::CRACK500_20160328_153421_641_1.jpg,0.1269887,0.7565759,0.1164354
khanhha_noisy1::CRACK500_20160328_153524_641_361.jpg,0.12463225,0.68007135,0.1952964
khanhha_noisy1::CRACK500_20160328_153533_1281_1.jpg,0.20557688,0.6852958,0.10912736
khanhha_noisy1::CRACK500_20160328_153533_1281_721.jpg,0.21390937,0.670615,0.11547557
khanhha_noisy1::CRACK500_20160328_153533_1_1081.jpg,0.19815539,0.6435378,0.15830678
khanhha_noisy1::CRACK500_20160328_153536_1281_1081.jpg,0.28434968,0.63076186,0.0848885
khanhha_noisy1::CRACK500_20160328_153536_1_1081.jpg,0.22035564,0.6952918,0.08435255
khanhha_noisy1::CRACK500_20160328_153536_641_1081.jpg,0.1486267,0.8019325,0.049440812
khanhha_noisy1::CRACK500_20160328_153540_641_361.jpg,0.16798635,0.780022,0.05199166
khanhha_noisy1::CRACK500_20160328_153540_641_721.jpg,0.31672934,0.55395424,0.12931639
khanhha_noisy1::CRACK500_20160328_153544_1_1081.jpg,0.32744512,0.5727405,0.099814355
khanhha_noisy1::CRACK500_20160328_153544_1_721.jpg,0.2131439,0.67274445,0.11411164
khanhha_noisy1::CRACK500_20160328_153548_1281_721.jpg,0.25227925,0.62410057,0.12362015
khanhha_noisy1::CRACK500_20160328_153548_1921_721.jpg,0.34428787,0.5553911,0.100321084
khanhha_noisy1::CRACK500_20160328_153553_1281_721.jpg,0.16207789,0.67990714,0.15801498
khanhha_noisy1::CRACK500_20160328_153556_1_361.jpg,0.15491137,0.68039364,0.16469501
khanhha_noisy1::CRACK500_20160328_153559_1281_361.jpg,0.17811245,0.7636569,0.058230616
khanhha_noisy1::CRACK500_20160328_153559_1_361.jpg,0.18617712,0.693347,0.12047592
khanhha_noisy1::CRACK500_20160328_153604_1_361.jpg,0.12133176,0.80326194,0.07540633
khanhha_noisy1::CRACK500_20160328_153604_641_1.jpg,0.08074273,0.8240765,0.095180765
khanhha_noisy1::CRACK500_20160328_153604_641_721.jpg,0.10224018,0.7176439,0.18011594
khanhha_noisy1::CRACK500_20160328_153612_1281_1081.jpg,0.19000281,0.6922678,0.1177294
khanhha_noisy1::CRACK500_20160328_153616_1281_361.jpg,0.1915269,0.4715835,0.33688962
khanhha_noisy1::CRACK500_20160328_153623_1_721.jpg,0.18397017,0.70553666,0.110493146
khanhha_noisy1::CRACK500_20160328_153629_1921_361.jpg,0.1439391,0.5512447,0.30481622
khanhha_noisy1::CRACK500_20160328_153645_1_361.jpg,0.16808262,0.7728284,0.05908897
khanhha_noisy1::CRACK500_20160328_153657_1921_1081.jpg,0.20388624,0.714792,0.081321776
khanhha_noisy1::CRACK500_20160328_153702_1281_721.jpg,0.29663342,0.56087047,0.14249615
khanhha_noisy1::CRACK500_20160328_153702_1_1081.jpg,0.14460468,0.626852,0.22854336
khanhha_noisy1::CRACK500_20160328_153706_1281_1.jpg,0.1263514,0.7628533,0.1107953
khanhha_noisy1::CRACK500_20160328_153706_1281_1081.jpg,0.14583506,0.6556241,0.19854079
khanhha_noisy1::CRACK500_20160328_153706_1921_1.jpg,0.1937454,0.57682204,0.22943258
khanhha_noisy1::CRACK500_20160328_153714_1_1.jpg,0.1346868,0.4426209,0.4226923
khanhha_noisy1::CRACK500_20160328_153714_1_1081.jpg,0.3105359,0.56458646,0.124877535
khanhha_noisy1::CRACK500_20160328_153714_641_721.jpg,0.22520721,0.5017156,0.2730771
khanhha_noisy1::CRACK500_20160328_153718_1281_1.jpg,0.16518742,0.7440082,0.09080439
khanhha_noisy1::CRACK500_20160328_153718_1921_1.jpg,0.23457241,0.6234757,0.14195193
khanhha_noisy1::CRACK500_20160328_153724_1_1081.jpg,0.21337734,0.68318564,0.10343708
khanhha_noisy1::CRACK500_20160328_153724_641_721.jpg,0.21811382,0.6503563,0.13152985
khanhha_noisy1::CRACK500_20160328_153813_1281_1081.jpg,0.10057416,0.4867137,0.41271207
khanhha_noisy1::CRACK500_20160328_153813_1921_1081.jpg,0.34310865,0.48824206,0.16864923
khanhha_noisy1::CRACK500_20160328_153821_1_1.jpg,0.09354322,0.6363037,0.27015305
khanhha_noisy1::CRACK500_20160328_153829_1921_361.jpg,0.22728752,0.6186441,0.15406835
khanhha_noisy1::CRACK500_20160328_153829_641_1.jpg,0.11334601,0.73767805,0.14897586
khanhha_noisy1::CRACK500_20160328_153845_1281_721.jpg,0.16706234,0.6711128,0.16182488
khanhha_noisy1::CRACK500_20160328_153845_1_361.jpg,0.25463685,0.5197218,0.22564133
khanhha_noisy1::CRACK500_20160328_153845_641_721.jpg,0.23490456,0.5831684,0.18192701
khanhha_noisy1::CRACK500_20160328_153848_1921_1.jpg,0.31309894,0.6091003,0.07780076
khanhha_noisy1::CRACK500_20160328_153915_1921_721.jpg,0.19261406,0.685085,0.1223009
khanhha_noisy1::CRACK500_20160328_153918_1_361.jpg,0.1276841,0.72700673,0.14530912
khanhha_noisy1::CRACK500_20160328_153918_1_721.jpg,0.18372789,0.7194962,0.096775934
khanhha_noisy1::CRACK500_20160328_154011_1921_1.jpg,0.276226,0.6537001,0.0700739
khanhha_noisy1::CRACK500_20160328_154159_1921_1081.jpg,0.21861035,0.68310505,0.09828455
khanhha_noisy1::CRACK500_20160328_154159_1_361.jpg,0.13817598,0.7879755,0.0738486
khanhha_noisy1::CRACK500_20160328_154202_1281_1.jpg,0.23864923,0.6946495,0.06670125
khanhha_noisy1::CRACK500_20160328_154202_1281_1081.jpg,0.22983724,0.68856794,0.081594855
khanhha_noisy1::CRACK500_20160328_154202_1921_361.jpg,0.20324796,0.744787,0.051965013
khanhha_noisy1::CRACK500_20160328_154202_641_1081.jpg,0.23084894,0.6664876,0.10266352
khanhha_noisy1::CRACK500_20160328_154318_1281_361.jpg,0.22091722,0.7418744,0.03720837
khanhha_noisy1::CRACK500_20160328_154318_641_1.jpg,0.24574593,0.70863765,0.04561641
khanhha_noisy1::CRACK500_20160328_154318_641_721.jpg,0.21592858,0.70636624,0.07770514
khanhha_noisy1::CRACK500_20160328_154321_1281_1.jpg,0.16380933,0.8075904,0.028600268
khanhha_noisy1::CRACK500_20160328_154334_641_721.jpg,0.24251503,0.67642653,0.081058435
khanhha_noisy1::CRACK500_20160328_154352_1281_721.jpg,0.1650693,0.7592543,0.07567646
khanhha_noisy1::CRACK500_20160328_154356_1921_721.jpg,0.21923432,0.71924365,0.061521955
khanhha_noisy1::CRACK500_20160328_154429_641_721.jpg,0.15022685,0.7974954,0.052277703
khanhha_noisy1::CRACK500_20160328_154454_1_721.jpg,0.33982578,0.53075784,0.12941632
khanhha_noisy1::CRACK500_20160328_154454_721_1.jpg,0.23805551,0.6434003,0.11854422
khanhha_noisy1::CRACK500_20160328_154535_1281_721.jpg,0.18761662,0.67055583,0.14182757
khanhha_noisy1::CRACK500_20160328_154535_641_721.jpg,0.18376245,0.64841825,0.16781928
khanhha_noisy1::CRACK500_20160329_093924_1921_721.jpg,0.11497169,0.8519114,0.033116978
khanhha_noisy1::CRACK500_20160329_094003_641_361.jpg,0.14191821,0.8185479,0.039533958
khanhha_noisy1::CRACK500_20160329_094010_1281_361.jpg,0.10302983,0.87310064,0.023869459
khanhha_noisy1::CRACK500_20160329_094010_1_361.jpg,0.070304446,0.8918074,0.037888158
khanhha_noisy1::CRACK500_20160329_094010_641_721.jpg,0.16137536,0.755582,0.083042674
khanhha_noisy1::CRACK500_20160329_094025_1921_361.jpg,0.21016467,0.75023633,0.039598927
khanhha_noisy1::CRACK500_20160329_094025_1_721.jpg,0.10610085,0.8466603,0.047238827
khanhha_noisy1::CRACK500_20160329_094055_1_721.jpg,0.14006962,0.8064191,0.053511366
khanhha_noisy1::CRACK500_20160329_094452_1_721.jpg,0.123442814,0.8298101,0.04674718
khanhha_noisy1::CRACK500_20160329_094459_1281_1.jpg,0.117618166,0.83517474,0.04720702
khanhha_noisy1::CRACK500_20160329_094459_641_361.jpg,0.15553933,0.7843579,0.060102843
khanhha_noisy1::CRACK500_20160329_094512_1281_1081.jpg,0.12499799,0.81699616,0.05800587
khanhha_noisy1::CRACK500_20160329_094512_1281_721.jpg,0.26984635,0.641244,0.08890965
khanhha_noisy1::CRACK500_20160329_094512_1921_721.jpg,0.18217832,0.75548613,0.062335603
khanhha_noisy1::CRACK500_20160329_094527_1_361.jpg,0.23686323,0.70877975,0.05435706
khanhha_noisy1::CRACK500_20160329_101342_1281_721.jpg,0.16461317,0.76912,0.066266775
khanhha_noisy1::CRACK500_20160329_101342_641_721.jpg,0.19047213,0.71703166,0.0924962
khanhha_noisy1::CRACK500_20160329_101347_1921_721.jpg,0.07313924,0.8982251,0.02863569
khanhha_noisy1::CRACK500_20160329_101503_641_721.jpg,0.13220875,0.818228,0.049563203
khanhha_noisy1::CRACK500_20160329_101511_1921_361.jpg,0.13783737,0.83400506,0.028157543
khanhha_noisy1::CRACK500_20160329_103609_1281_721.jpg,0.11065239,0.7879995,0.10134814
khanhha_noisy1::CRACK500_20160329_103609_1921_721.jpg,0.16399401,0.7353033,0.10070269
khanhha_noisy1::CRACK500_20160329_103609_1_721.jpg,0.12894946,0.80441844,0.066632174
khanhha_noisy1::CRACK500_20160329_103609_641_361.jpg,0.16357332,0.75109625,0.08533042
khanhha_noisy1::CRACK500_20160329_103626_1281_721.jpg,0.19811685,0.7565192,0.04536393
khanhha_noisy1::CRACK500_20160329_103626_641_721.jpg,0.17819062,0.7771704,0.044638943
khanhha_noisy1::CRACK500_20160329_103800_361_641.jpg,0.18300213,0.6606757,0.15632217
khanhha_noisy1::CRACK500_20160329_103807_721_1281.jpg,0.18554458,0.7258618,0.08859363
khanhha_noisy1::CRACK500_20160329_104031_1281_721.jpg,0.18958072,0.7368281,0.07359121
khanhha_noisy1::CRACK500_20160329_104031_1921_721.jpg,0.33419266,0.5624005,0.10340675
khanhha_noisy1::CRACK500_20160329_104031_641_1081.jpg,0.16760252,0.76837736,0.064020075
khanhha_noisy1::CRACK500_20160329_104035_1921_721.jpg,0.23071226,0.6891213,0.080166474
khanhha_noisy1::CRACK500_20160329_104035_641_1.jpg,0.15555143,0.8057644,0.038684305
khanhha_noisy1::CRACK500_20160329_104107_1921_721.jpg,0.12283718,0.7869161,0.09024672
khanhha_noisy1::CRACK500_20160329_104107_1_721.jpg,0.15018836,0.652625,0.19718662
khanhha_noisy1::CRACK500_20160329_104111_1281_721.jpg,0.10720308,0.85067636,0.04212056
khanhha_noisy1::CRACK500_20160329_104117_1281_361.jpg,0.12550177,0.84706956,0.027428595
khanhha_noisy1::CRACK500_20160329_104117_1921_361.jpg,0.109049454,0.8561652,0.034785412
khanhha_noisy1::CRACK500_20160329_104120_1921_721.jpg,0.1409895,0.8204672,0.038543273
khanhha_noisy1::CRACK500_20160329_104120_1_361.jpg,0.17545404,0.7623973,0.06214865
khanhha_noisy1::CRACK500_20160329_104120_1_721.jpg,0.21075925,0.70228875,0.08695196
khanhha_noisy1::CRACK500_20160329_104120_641_721.jpg,0.20473422,0.7205767,0.07468909
khanhha_noisy1::CRACK500_20160329_104152_1_721.jpg,0.15092042,0.7834395,0.06564011
khanhha_noisy1::CRACK500_20160329_104152_641_721.jpg,0.13078475,0.8229902,0.046225127
khanhha_noisy1::CRACK500_20160329_104205_1921_361.jpg,0.14930342,0.7798835,0.07081312
khanhha_noisy1::CRACK500_20160329_111111_1921_361.jpg,0.16734022,0.7926475,0.04001232
khanhha_noisy1::CRACK500_20160329_115529_1_721.jpg,0.23443773,0.73047143,0.035090912
khanhha_noisy1::CRACK500_20160329_115531_641_721.jpg,0.2068718,0.7161276,0.07700066
khanhha_noisy1::CRACK500_20160330_160957_1921_1081.jpg,0.32026392,0.4218229,0.25791317
khanhha_noisy1::CRACK500_20160330_160957_1_721.jpg,0.19297488,0.65797037,0.1490548
khanhha_noisy1::CRACK500_20160330_163725_1921_361.jpg,0.10511061,0.62207216,0.27281722
khanhha_noisy1::CRACK500_20160330_163725_641_1081.jpg,0.11299788,0.69295484,0.1940472
khanhha_noisy1::CRACK500_20160330_163946_641_361.jpg,0.05968491,0.41875204,0.5215631
khanhha_noisy1::CRACK500_20160330_164743_1_361.jpg,0.09103911,0.8245576,0.084403336
khanhha_noisy1::CRACK500_20160330_164743_641_361.jpg,0.1141088,0.80609065,0.0798006
khanhha_noisy1::CRACK500_20160330_165325_1921_361.jpg,0.34082514,0.4826623,0.17651258
khanhha_noisy1::CRACK500_20160330_165325_1921_721.jpg,0.34128565,0.50361025,0.15510406
khanhha_noisy1::CRACK500_20160330_165325_1_721.jpg,0.29487857,0.56830883,0.13681261
khanhha_noisy1::CRACK500_20160330_165333_1921_1081.jpg,0.21754573,0.67029256,0.112161726
khanhha_noisy1::CRACK500_20160330_165333_1_721.jpg,0.35234305,0.51853305,0.12912394
khanhha_noisy1::CRACK500_20160330_165644_641_1081.jpg,0.1433707,0.8328096,0.023819726
khanhha_noisy1::CRACK500_20160330_170014_641_361.jpg,0.36898127,0.4737082,0.15731049
khanhha_noisy1::CRACK500_20160330_170014_641_721.jpg,0.35045055,0.5035249,0.14602453
khanhha_noisy1::CRACK500_20160330_170114_1281_361.jpg,0.23890969,0.650135,0.11095531
khanhha_noisy1::CRACK500_20160330_170114_641_721.jpg,0.30456606,0.5615433,0.13389072
khanhha_noisy1::CRACK500_20160330_170302_1_721.jpg,0.089735806,0.8596069,0.050657324
khanhha_noisy1::CRACK500_20160330_170308_1281_361.jpg,0.05946005,0.9212122,0.019327814
khanhha_noisy1::CRACK500_20160330_170308_1921_1081.jpg,0.10490784,0.8602186,0.034873597
khanhha_noisy1::CRACK500_20160330_170308_1921_361.jpg,0.09301948,0.8779898,0.02899067
khanhha_noisy1::CRACK500_20160330_170308_1921_721.jpg,0.08472108,0.89638984,0.018889075
khanhha_noisy1::CRACK500_20160330_170501_1_721.jpg,0.18344998,0.7153285,0.10122153
khanhha_noisy1::CRACK500_20160330_170504_641_721.jpg,0.20649493,0.6694433,0.12406181
khanhha_noisy1::CRACK500_20160330_170848_641_361.jpg,0.13201684,0.6501427,0.21784043
khanhha_noisy1::CRACK500_20160330_172305_1_1081.jpg,0.27369645,0.5909909,0.13531257
khanhha_noisy1::CRACK500_20160330_172305_1_721.jpg,0.37904617,0.540301,0.08065284
khanhha_noisy1::CRACK500_20160330_172309_1_721.jpg,0.27017245,0.5999057,0.1299219
khanhha_noisy1::CRACK500_20160402_150105_1_1.jpg,0.2348993,0.47298592,0.2921148
khanhha_noisy1::CRACK500_20160402_150110_1281_361.jpg,0.26063058,0.5205453,0.21882413
khanhha_noisy1::CRACK500_20160402_150110_1921_361.jpg,0.3126554,0.5468891,0.14045545
khanhha_noisy1::CRACK500_20160402_150110_641_721.jpg,0.23503198,0.5100683,0.25489974
khanhha_noisy1::CRACK500_20160402_150300_1281_721.jpg,0.259704,0.43582302,0.304473
khanhha_noisy1::CRACK500_20160402_150314_641_361.jpg,0.24797033,0.65320855,0.09882115
khanhha_noisy1::CRACK500_20160402_150317_641_361.jpg,0.2944349,0.6036916,0.10187348
khanhha_noisy1::CRACK500_20160402_150317_641_721.jpg,0.43418267,0.42164603,0.14417128
khanhha_noisy1::CRACK500_20160402_150938_641_361.jpg,0.414238,0.44492722,0.14083475
khanhha_noisy1::CRACK500_20160402_150938_641_721.jpg,0.32254463,0.42578718,0.25166816
khanhha_noisy1::CRACK500_20160402_151049_641_721.jpg,0.267486,0.51860774,0.21390624
khanhha_noisy1::CRACK500_20160402_151054_1281_361.jpg,0.15414084,0.765642,0.080217205
khanhha_noisy1::CRACK500_20160402_151054_641_721.jpg,0.32337824,0.53892547,0.13769633
khanhha_noisy1::CRACK500_20160402_151837_1921_721.jpg,0.25362647,0.61942905,0.12694453
khanhha_noisy1::CRACK500_20160405_171219_1281_721.jpg,0.115854844,0.82948494,0.054660164
khanhha_noisy1::CRACK500_20160405_171219_641_721.jpg,0.09940752,0.87313884,0.027453642
khanhha_noisy1::CRACK500_20160405_171333_1281_361.jpg,0.193205,0.7049203,0.10187468
khanhha_noisy1::CRACK500_20160405_171336_641_361.jpg,0.17615761,0.5855876,0.23825471
khanhha_noisy1::CRACK500_20160405_171348_1921_721.jpg,0.21790376,0.72278273,0.059313487
khanhha_noisy1::CRACK500_20160405_171431_641_1.jpg,0.14141801,0.8062635,0.052318443
khanhha_noisy1::CRACK500_20160405_171431_641_361.jpg,0.12327267,0.7904956,0.0862317
khanhha_noisy1::CRACK500_20160405_171453_1281_361.jpg,0.1466603,0.745025,0.10831466
khanhha_noisy1::CRACK500_20160405_171453_1_721.jpg,0.1470413,0.8183447,0.034613937
khanhha_noisy1::CRACK500_20160405_171453_641_361.jpg,0.10025057,0.84837836,0.051371124
khanhha_noisy1::CRACK500_20160405_171456_1_361.jpg,0.10736627,0.80597526,0.08665858
khanhha_noisy1::CRACK500_20160405_171712_1281_1.jpg,0.106387734,0.87403613,0.019576116
khanhha_noisy1::CRACK500_20160405_171712_1281_361.jpg,0.10910153,0.83731496,0.053583514
khanhha_noisy1::CRACK500_20160405_171712_1921_1.jpg,0.16334045,0.8016943,0.03496535
khanhha_noisy1::CRACK500_20160405_171716_1921_721.jpg,0.119614616,0.7773202,0.10306519
khanhha_noisy1::CRACK500_20160405_171723_1281_361.jpg,0.14309704,0.80008876,0.05681418
khanhha_noisy1::CRACK500_20160405_172849_1921_1.jpg,0.1431146,0.76307404,0.093811356
khanhha_noisy1::CRACK500_20160405_172854_1921_1.jpg,0.107419565,0.80030626,0.09227409
khanhha_noisy1::CRACK500_20160405_172908_1281_1.jpg,0.102518715,0.8747089,0.022772387
khanhha_noisy1::CRACK500_20160407_163125_1_721.jpg,0.28439048,0.40586948,0.30973998
khanhha_noisy1::CRACK500_20160407_163257_1281_721.jpg,0.22159702,0.37109327,0.40730968
khanhha_noisy1::CRACK500_20160407_163257_641_361.jpg,0.24246702,0.2357299,0.5218031
khanhha_noisy1::CRACK500_20160407_163515_1281_721.jpg,0.19611478,0.7355751,0.06831015
khanhha_noisy1::CRACK500_20160407_163515_1_361.jpg,0.08902468,0.8764837,0.034491632
khanhha_noisy1::CRACK500_20160407_163522_1921_721.jpg,0.21902376,0.68670404,0.09427231
khanhha_noisy1::CRACK500_20160407_163522_641_721.jpg,0.16457658,0.67093766,0.16448578
khanhha_noisy1::CRACK500_20160407_165001_641_1081.jpg,0.27790663,0.64458746,0.07750586
khanhha_noisy1::CRACK500_20160407_165009_1281_721.jpg,0.2240515,0.5735587,0.20238984
khanhha_noisy1::CRACK500_20160407_165009_1_721.jpg,0.20715718,0.7222686,0.07057421
khanhha_noisy1::CRACK500_20160407_165210_1921_721.jpg,0.35070148,0.42755854,0.22173996
khanhha_noisy1::CRACK500_20160415_191330_1921_361.jpg,0.10011205,0.82392585,0.07596212
khanhha_noisy1::CRACK500_20160415_191330_641_721.jpg,0.26374957,0.6321076,0.10414284
khanhha_noisy1::CRACK500_IMG_2931_1297_485.jpg,0.13180724,0.7088483,0.15934446
khanhha_noisy1::CRACK500_IMG_2931_1297_969.jpg,0.14368176,0.49562883,0.36068943
khanhha_noisy1::CRACK500_IMG_2931_1945_485.jpg,0.09788428,0.68171334,0.22040239
khanhha_noisy1::CRACK500_IMG_2931_1945_969.jpg,0.17394261,0.59845096,0.22760645
khanhha_noisy1::CRACK500_IMG_2931_1_485.jpg,0.08380437,0.71129525,0.20490038
khanhha_noisy1::CRACK500_IMG_2932_1297_969.jpg,0.13023268,0.61574763,0.25401965
khanhha_noisy1::CRACK500_IMG_2933_649_969.jpg,0.38087675,0.42936152,0.18976164
khanhha_noisy1::CRACK500_IMG_2934_649_969.jpg,0.20913804,0.5604275,0.23043454
khanhha_noisy1::CRACK500_IMG_2935_649_969.jpg,0.18435891,0.43126678,0.38437438
khanhha_noisy1::CRACK500_IMG_2937_1297_969.jpg,0.16476205,0.6047648,0.23047318
khanhha_noisy1::CRACK500_IMG_2938_1297_969.jpg,0.15441908,0.6921834,0.15339755
khanhha_noisy1::CRACK500_IMG_2942_649_485.jpg,0.5392861,0.30060592,0.160108
khanhha_noisy1::DeepCrack_11113.jpg,0.39033902,0.10040714,0.5092538
khanhha_noisy1::DeepCrack_11114.jpg,0.3160716,0.101768985,0.58215946
khanhha_noisy1::DeepCrack_11116-2.jpg,0.119011916,0.28282705,0.59816104
khanhha_noisy1::DeepCrack_11116-3.jpg,0.097564496,0.46935913,0.43307638
khanhha_noisy1::DeepCrack_11118.jpg,0.7968572,0.13043039,0.07271239
khanhha_noisy1::DeepCrack_11123.jpg,0.0331892,0.105687745,0.8611231
khanhha_noisy1::DeepCrack_11125-1.jpg,0.19651437,0.18931738,0.6141682
khanhha_noisy1::DeepCrack_11134-3.jpg,0.012318819,0.105211,0.8824702
khanhha_noisy1::DeepCrack_11134-4.jpg,0.032815915,0.20616074,0.76102334
khanhha_noisy1::DeepCrack_11134.jpg,0.101766154,0.4544306,0.44380328
khanhha_noisy1::DeepCrack_11151-2.jpg,0.23176514,0.31403732,0.4541976
khanhha_noisy1::DeepCrack_11153.jpg,0.5468191,0.10626887,0.346912
khanhha_noisy1::DeepCrack_11155-1.jpg,0.03167584,0.13954738,0.8287767
khanhha_noisy1::DeepCrack_11155.jpg,0.029603656,0.054967504,0.9154288
khanhha_noisy1::DeepCrack_11156-1.jpg,0.23691128,0.13443412,0.62865466
khanhha_noisy1::DeepCrack_11163-1.jpg,0.061134376,0.20441481,0.7344508
khanhha_noisy1::DeepCrack_11164-2.jpg,0.14398178,0.3006313,0.5553869
khanhha_noisy1::DeepCrack_11164-4.jpg,0.09055899,0.32232052,0.5871205
khanhha_noisy1::DeepCrack_11165-2.jpg,0.19092737,0.28557786,0.5234947
khanhha_noisy1::DeepCrack_11165.jpg,0.20410362,0.18954422,0.6063522
khanhha_noisy1::DeepCrack_11178-3.jpg,0.3613287,0.38735974,0.25131157
khanhha_noisy1::DeepCrack_11184-1.jpg,0.42934382,0.15594257,0.41471365
khanhha_noisy1::DeepCrack_11188-2.jpg,0.20038494,0.25016263,0.5494524
khanhha_noisy1::DeepCrack_11188.jpg,0.35045505,0.25078323,0.3987617
khanhha_noisy1::DeepCrack_11197-2.jpg,0.12029836,0.46715516,0.41254646
khanhha_noisy1::DeepCrack_11197-4.jpg,0.13145529,0.27189973,0.596645
khanhha_noisy1::DeepCrack_11204.jpg,0.39828774,0.13830797,0.46340433
khanhha_noisy1::DeepCrack_11215-15.jpg,0.023318904,0.09371727,0.8829638
khanhha_noisy1::DeepCrack_11215-3.jpg,0.041857164,0.30351758,0.65462524
khanhha_noisy1::DeepCrack_11218-3.jpg,0.21168374,0.41746762,0.37084863
khanhha_noisy1::DeepCrack_11231-3.jpg,0.05467645,0.09749418,0.8478293
khanhha_noisy1::DeepCrack_11231-4.jpg,0.081507996,0.15737712,0.7611149
khanhha_noisy1::DeepCrack_11236-1.jpg,0.1723342,0.46325937,0.36440644
khanhha_noisy1::DeepCrack_11236-4.jpg,0.11935058,0.44663817,0.43401122
khanhha_noisy1::DeepCrack_11240-6.jpg,0.09583493,0.29366204,0.6105031
khanhha_noisy1::DeepCrack_11240-8.jpg,0.105286375,0.38322127,0.5114924
khanhha_noisy1::DeepCrack_11247-12.jpg,0.59324986,0.13220282,0.27454734
khanhha_noisy1::DeepCrack_11249-4.jpg,0.04196137,0.1712093,0.78682935
khanhha_noisy1::DeepCrack_11249-7.jpg,0.03610942,0.21431078,0.74957985
khanhha_noisy1::DeepCrack_11266-3.jpg,0.017298436,0.28806594,0.6946357
khanhha_noisy1::DeepCrack_11269-1.jpg,0.6556924,0.13486034,0.20944725
khanhha_noisy1::DeepCrack_11270-2.jpg,0.05969985,0.2837064,0.6565938
khanhha_noisy1::DeepCrack_11271-2.jpg,0.108955614,0.58428746,0.30675694
khanhha_noisy1::DeepCrack_11271-5.jpg,0.17247169,0.33368683,0.4938415
khanhha_noisy1::DeepCrack_11286-2.jpg,0.057727646,0.106948316,0.83532405
khanhha_noisy1::DeepCrack_11289-9.jpg,0.089024045,0.40174365,0.50923234
khanhha_noisy1::DeepCrack_11294.jpg,0.35692504,0.19756503,0.44550994
khanhha_noisy1::DeepCrack_11296-18.jpg,0.20812814,0.38465586,0.40721598
khanhha_noisy1::DeepCrack_11296-19.jpg,0.17539607,0.28865895,0.535945
khanhha_noisy1::DeepCrack_11296-4.jpg,0.19934109,0.31777075,0.48288813
khanhha_noisy1::DeepCrack_11296-7.jpg,0.23376648,0.27758047,0.48865303
khanhha_noisy1::DeepCrack_11301-6.jpg,0.23892741,0.22917312,0.53189945
khanhha_noisy1::DeepCrack_11304.jpg,0.09835637,0.047413312,0.8542303
khanhha_noisy1::DeepCrack_7Q3A9060-3.jpg,0.36432177,0.44349948,0.19217877
khanhha_noisy1::DeepCrack_7Q3A9060-9.jpg,0.071005434,0.24675255,0.68224204
khanhha_noisy1::DeepCrack_7Q3A9064-12.jpg,0.10543974,0.50718457,0.3873757
khanhha_noisy1::DeepCrack_7Q3A9064-17.jpg,0.13036455,0.5350062,0.3346292
khanhha_noisy1::DeepCrack_7Q3A9064-19.jpg,0.101295955,0.587872,0.31083202
khanhha_noisy1::DeepCrack_7Q3A9064-20.jpg,0.42127466,0.46903488,0.10969054
khanhha_noisy1::DeepCrack_IMG109-1.jpg,0.18098097,0.18802929,0.63098973
khanhha_noisy1::DeepCrack_IMG11-6.jpg,0.56660295,0.08022105,0.35317594
khanhha_noisy1::DeepCrack_IMG14-1.jpg,0.1632155,0.1723194,0.664465
khanhha_noisy1::DeepCrack_IMG14-3.jpg,0.33041486,0.2942169,0.37536824
khanhha_noisy1::DeepCrack_IMG25-6.jpg,0.06938903,0.34836534,0.58224565
khanhha_noisy1::DeepCrack_IMG27-3.jpg,0.37794983,0.17611274,0.44593742
khanhha_noisy1::DeepCrack_IMG27-7.jpg,0.58859897,0.16520646,0.24619457
khanhha_noisy1::DeepCrack_IMG27-8.jpg,0.36194175,0.19504936,0.44300893
khanhha_noisy1::DeepCrack_IMG27-9.jpg,0.36182424,0.25875643,0.3794193
khanhha_noisy1::DeepCrack_IMG33-12.jpg,0.06827826,0.30454713,0.62717456
khanhha_noisy1::DeepCrack_IMG33-16.jpg,0.07204353,0.37839952,0.549557
khanhha_noisy1::DeepCrack_IMG33-9.jpg,0.04857083,0.26585904,0.6855702
khanhha_noisy1::DeepCrack_IMG36-2.jpg,0.50855595,0.14371772,0.34772632
khanhha_noisy1::DeepCrack_IMG_6469-2.jpg,0.32079414,0.39465255,0.2845534
khanhha_noisy1::DeepCrack_IMG_6472-1.jpg,0.23859426,0.35760403,0.40380174
khanhha_noisy1::DeepCrack_IMG_6514-3.jpg,0.18419012,0.56157,0.25423998
khanhha_noisy1::DeepCrack_IMG_6516-1.jpg,0.19430587,0.120329104,0.6853651
khanhha_noisy1::DeepCrack_IMG_6522-1.jpg,0.1963457,0.29275203,0.5109023
khanhha_noisy1::DeepCrack_IMG_6537-1.jpg,0.14790747,0.5961578,0.2559347
khanhha_noisy1::Eugen_Muller_4470_327_315_563_732.jpg,0.60701525,0.053424142,0.33956054
khanhha_noisy1::Eugen_Muller_7723_0_0_714_429.jpg,0.5151943,0.048254553,0.43655115
khanhha_noisy1::Eugen_Muller_8980_79_365_456_521.jpg,0.4110453,0.058428787,0.5305259
khanhha_noisy1::Eugen_Muller_8980a_123_420_527_438.jpg,0.4639111,0.086623095,0.4494658
khanhha_noisy1::Eugen_Muller_8980a_25_22_747_752.jpg,0.8228617,0.12081679,0.056321543
khanhha_noisy1::Eugen_Muller_9360_329_209_632_479.jpg,0.2871583,0.09011621,0.6227254
khanhha_noisy1::Eugen_Muller_9360_7_26_751_632.jpg,0.4746522,0.10446769,0.42088008
khanhha_noisy1::Eugen_Muller_9360_99_556_518_594.jpg,0.56423855,0.098327205,0.33743432
khanhha_noisy1::GAPS384_test_0005_541_641.jpg,0.06445782,0.4667726,0.4687696
khanhha_noisy1::GAPS384_test_0016_541_1.jpg,0.12185892,0.55126584,0.3268753
khanhha_noisy1::GAPS384_test_0016_541_641.jpg,0.25265762,0.38481227,0.36253008
khanhha_noisy1::GAPS384_test_0040_541_1.jpg,0.13409847,0.6369849,0.2289167
khanhha_noisy1::GAPS384_test_0042_541_1.jpg,0.14437053,0.5396491,0.3159804
khanhha_noisy1::GAPS384_test_0058_1_1.jpg,0.1426443,0.49433303,0.36302263
khanhha_noisy1::GAPS384_test_0203_1_1.jpg,0.22473049,0.39923024,0.37603936
khanhha_noisy1::GAPS384_test_0203_541_1.jpg,0.10641145,0.46513003,0.42845854
khanhha_noisy1::GAPS384_test_0274_541_1.jpg,0.29370865,0.43244857,0.27384284
khanhha_noisy1::GAPS384_train_0423_1_1.jpg,0.07279931,0.56896657,0.35823414
khanhha_noisy1::GAPS384_train_0449_1_1.jpg,0.109266,0.47944054,0.4112935
khanhha_noisy1::GAPS384_train_0455_541_1.jpg,0.110905886,0.45297852,0.4361156
khanhha_noisy1::GAPS384_train_0503_541_1.jpg,0.12842527,0.40216994,0.46940473
khanhha_noisy1::GAPS384_train_0514_541_1.jpg,0.16847317,0.20831487,0.623212
khanhha_noisy1::GAPS384_train_0516_541_641.jpg,0.112059176,0.2812597,0.6066811
khanhha_noisy1::GAPS384_train_0533_541_1.jpg,0.09134576,0.38688836,0.5217658
khanhha_noisy1::GAPS384_train_0538_541_1.jpg,0.12236919,0.42584905,0.45178178
khanhha_noisy1::GAPS384_train_0542_1_641.jpg,0.044349868,0.46196118,0.49368897
khanhha_noisy1::GAPS384_train_0544_541_1.jpg,0.124531016,0.4590894,0.41637957
khanhha_noisy1::GAPS384_train_0552_1_641.jpg,0.03808268,0.6710667,0.29085064
khanhha_noisy1::GAPS384_train_0559_541_641.jpg,0.1454984,0.4405314,0.4139701
khanhha_noisy1::GAPS384_train_0597_1_1.jpg,0.065489784,0.4584696,0.47604063
khanhha_noisy1::GAPS384_train_0599_1_1.jpg,0.038701195,0.30456656,0.65673226
khanhha_noisy1::GAPS384_train_0607_541_641.jpg,0.2718949,0.4210513,0.30705383
khanhha_noisy1::GAPS384_train_0608_1_1.jpg,0.15378214,0.5932389,0.25297892
khanhha_noisy1::GAPS384_train_0609_541_641.jpg,0.14790004,0.5374168,0.31468308
khanhha_noisy1::GAPS384_train_0641_1_1.jpg,0.33090645,0.14440194,0.52469164
khanhha_noisy1::GAPS384_train_0641_541_641.jpg,0.15162303,0.4883747,0.36000228
khanhha_noisy1::GAPS384_train_0649_1_641.jpg,0.2188349,0.43823332,0.3429317
khanhha_noisy1::GAPS384_train_0664_1_1.jpg,0.058735672,0.3039235,0.63734084
khanhha_noisy1::GAPS384_train_0664_541_641.jpg,0.1467928,0.53150004,0.32170713
khanhha_noisy1::GAPS384_train_0680_541_641.jpg,0.106632486,0.3242774,0.5690901
khanhha_noisy1::GAPS384_train_0681_541_641.jpg,0.20016834,0.36404094,0.4357907
khanhha_noisy1::GAPS384_train_0690_541_1.jpg,0.148091,0.40357122,0.4483378
khanhha_noisy1::GAPS384_train_0695_541_1.jpg,0.16023794,0.4151446,0.4246175
khanhha_noisy1::GAPS384_train_0698_1_641.jpg,0.14472881,0.34458023,0.5106909
khanhha_noisy1::GAPS384_train_0700_1_1.jpg,0.06503987,0.42798585,0.50697434
khanhha_noisy1::GAPS384_train_0799_541_1.jpg,0.19219844,0.52517664,0.28262484
khanhha_noisy1::GAPS384_train_0809_541_1.jpg,0.10978002,0.36348113,0.52673876
khanhha_noisy1::GAPS384_train_0918_1_641.jpg,0.06701151,0.21414763,0.71884084
khanhha_noisy1::GAPS384_train_0922_1_641.jpg,0.13795833,0.5038035,0.3582382
khanhha_noisy1::GAPS384_train_0942_541_1.jpg,0.10450364,0.16506544,0.73043096
khanhha_noisy1::GAPS384_train_0959_1_641.jpg,0.081187405,0.6350431,0.28376955
khanhha_noisy1::GAPS384_train_0961_1_1.jpg,0.09152177,0.59741336,0.3110649
khanhha_noisy1::GAPS384_train_0996_1_641.jpg,0.085497886,0.54252905,0.37197307
khanhha_noisy1::GAPS384_train_1010_541_641.jpg,0.16187595,0.1933239,0.6448001
khanhha_noisy1::GAPS384_train_1015_1_641.jpg,0.15122272,0.4847424,0.3640349
khanhha_noisy1::GAPS384_train_1028_1_1.jpg,0.31000814,0.4669415,0.22305036
khanhha_noisy1::GAPS384_train_1048_1_1.jpg,0.316309,0.46150208,0.22218889
khanhha_noisy1::GAPS384_train_1048_541_1.jpg,0.1931378,0.59705126,0.20981094
khanhha_noisy1::GAPS384_train_1085_541_1.jpg,0.1484916,0.5865684,0.26494002
khanhha_noisy1::GAPS384_train_1117_1_1.jpg,0.021218343,0.72760034,0.25118136
khanhha_noisy1::GAPS384_train_1120_541_641.jpg,0.27513197,0.34172744,0.38314062
khanhha_noisy1::GAPS384_train_1124_1_641.jpg,0.13227858,0.558127,0.30959445
khanhha_noisy1::GAPS384_train_1126_541_1.jpg,0.096357845,0.39766112,0.5059811
khanhha_noisy1::GAPS384_train_1128_541_1.jpg,0.11571775,0.6810084,0.20327385
khanhha_noisy1::GAPS384_train_1171_541_641.jpg,0.13543615,0.37721008,0.48735377
khanhha_noisy1::GAPS384_train_1172_541_641.jpg,0.14971694,0.34753722,0.5027458
khanhha_noisy1::GAPS384_train_1173_541_1.jpg,0.20256516,0.5038157,0.29361913
khanhha_noisy1::GAPS384_train_1173_541_641.jpg,0.16980398,0.31476766,0.5154284
khanhha_noisy1::GAPS384_train_1183_541_1.jpg,0.12682183,0.6562024,0.21697572
khanhha_noisy1::GAPS384_train_1187_1_1.jpg,0.090659626,0.5978495,0.31149086
khanhha_noisy1::GAPS384_train_1218_541_1.jpg,0.14288688,0.6133127,0.24380042
khanhha_noisy1::GAPS384_train_1238_1_1.jpg,0.25382942,0.5200583,0.22611225
khanhha_noisy1::GAPS384_train_1247_541_1.jpg,0.14485607,0.50124764,0.35389632
khanhha_noisy1::GAPS384_train_1281_541_1.jpg,0.1954547,0.47185257,0.33269274
khanhha_noisy1::GAPS384_train_1284_541_641.jpg,0.16230606,0.48308712,0.35460678
khanhha_noisy1::GAPS384_train_1347_541_1.jpg,0.20357361,0.50153697,0.2948894
khanhha_noisy1::GAPS384_train_1347_541_641.jpg,0.34444034,0.37985605,0.2757036
khanhha_noisy1::GAPS384_train_1361_541_641.jpg,0.2791277,0.44303784,0.2778345
khanhha_noisy1::GAPS384_train_1366_541_1.jpg,0.22879018,0.4504056,0.32080418
khanhha_noisy1::GAPS384_train_1370_541_641.jpg,0.16467433,0.5594626,0.27586308
khanhha_noisy1::GAPS384_train_1374_541_1.jpg,0.12301318,0.57020855,0.30677834
khanhha_noisy1::GAPS384_train_1375_541_641.jpg,0.114756376,0.6644412,0.22080243
khanhha_noisy1::GAPS384_train_1381_541_1.jpg,0.26404053,0.43280855,0.30315095
khanhha_noisy1::GAPS384_valid_0016_541_1.jpg,0.23680381,0.5329722,0.23022392
khanhha_noisy1::Rissbilder_for_Florian_9S6A2782_0_0_3840_5760.jpg,0.7411458,0.18004502,0.07880924
khanhha_noisy1::Rissbilder_for_Florian_9S6A2783_485_963_3019_3865.jpg,0.71387285,0.18022145,0.10590565
khanhha_noisy1::Rissbilder_for_Florian_9S6A2783_510_849_2889_2880.jpg,0.6928933,0.18526274,0.121843934
khanhha_noisy1::Rissbilder_for_Florian_9S6A2783_555_1445_2892_3793.jpg,0.6843099,0.19426103,0.121429026
khanhha_noisy1::Rissbilder_for_Florian_9S6A2783_96_1214_3516_4173.jpg,0.75749815,0.15461484,0.08788701
khanhha_noisy1::Rissbilder_for_Florian_9S6A2784_100_1539_3455_3308.jpg,0.6420389,0.11011952,0.24784154
khanhha_noisy1::Rissbilder_for_Florian_9S6A2784_1029_155_2671_3164.jpg,0.63444495,0.15876867,0.20678629
khanhha_noisy1::Rissbilder_for_Florian_9S6A2784_241_1425_3582_3991.jpg,0.5316469,0.116474934,0.35187814
khanhha_noisy1::Rissbilder_for_Florian_9S6A2785_118_523_3535_4238.jpg,0.2467927,0.2924745,0.46073273
khanhha_noisy1::Rissbilder_for_Florian_9S6A2785_197_1269_2404_2359.jpg,0.189041,0.36861438,0.44234464
khanhha_noisy1::Rissbilder_for_Florian_9S6A2785_239_136_3078_2666.jpg,0.22484292,0.29133368,0.48382336
khanhha_noisy1::Rissbilder_for_Florian_9S6A2785_493_901_3299_3768.jpg,0.28856775,0.3129124,0.3985199
khanhha_noisy1::Rissbilder_for_Florian_9S6A2785_51_1717_2854_3381.jpg,0.12066945,0.411329,0.46800157
khanhha_noisy1::Rissbilder_for_Florian_9S6A2786_1709_1270_2041_2349.jpg,0.38152802,0.13985887,0.47861305
khanhha_noisy1::Rissbilder_for_Florian_9S6A2786_641_1214_2289_2280.jpg,0.15787281,0.13070865,0.71141857
khanhha_noisy1::Rissbilder_for_Florian_9S6A2787_1034_2113_2702_3383.jpg,0.5082797,0.15670726,0.3350131
khanhha_noisy1::Rissbilder_for_Florian_9S6A2787_114_2564_2503_2920.jpg,0.5492875,0.16691759,0.2837949
khanhha_noisy1::Rissbilder_for_Florian_9S6A2787_1217_749_2520_2686.jpg,0.72725844,0.108221956,0.16451965
khanhha_noisy1::Rissbilder_for_Florian_9S6A2787_1287_2060_2196_2885.jpg,0.5284447,0.22256039,0.24899495
khanhha_noisy1::Rissbilder_for_Florian_9S6A2787_38_553_3789_4026.jpg,0.59618133,0.1183306,0.2854881
khanhha_noisy1::Rissbilder_for_Florian_9S6A2787_469_792_2677_2506.jpg,0.6225343,0.08597199,0.29149377
khanhha_noisy1::Rissbilder_for_Florian_9S6A2788_0_0_3840_5760.jpg,0.4510763,0.22647081,0.3224529
khanhha_noisy1::Rissbilder_for_Florian_9S6A2788_827_2151_2719_2314.jpg,0.5804249,0.27782527,0.14174986
khanhha_noisy1::Rissbilder_for_Florian_9S6A2789_29_2188_3523_3363.jpg,0.53432053,0.2889055,0.176774
khanhha_noisy1::Rissbilder_for_Florian_9S6A2789_79_2844_3130_2630.jpg,0.56398916,0.23287931,0.20313154
khanhha_noisy1::Rissbilder_for_Florian_9S6A2790_213_1721_2871_3688.jpg,0.55682504,0.3663606,0.076814346
khanhha_noisy1::Rissbilder_for_Florian_9S6A2790_415_1305_3121_2371.jpg,0.61309505,0.26349097,0.1234139
khanhha_noisy1::Rissbilder_for_Florian_9S6A2790_750_1920_2101_2560.jpg,0.6139608,0.29144266,0.09459654
khanhha_noisy1::Rissbilder_for_Florian_9S6A2791_180_347_3514_4469.jpg,0.44960278,0.36314625,0.18725094
khanhha_noisy1::Rissbilder_for_Florian_9S6A2791_268_477_2530_3149.jpg,0.55236834,0.2517698,0.19586183
khanhha_noisy1::Rissbilder_for_Florian_9S6A2791_454_1477_3234_3143.jpg,0.44638285,0.33196563,0.22165148
khanhha_noisy1::Rissbilder_for_Florian_9S6A2792_0_0_5760_3840.jpg,0.58026016,0.25703317,0.16270672
khanhha_noisy1::Rissbilder_for_Florian_9S6A2792_1773_105_2717_3479.jpg,0.29410028,0.44291976,0.26297992
khanhha_noisy1::Rissbilder_for_Florian_9S6A2792_1778_280_3876_3455.jpg,0.43691123,0.27967146,0.28341737
khanhha_noisy1::Rissbilder_for_Florian_9S6A2792_2643_751_3074_3028.jpg,0.41868323,0.28523245,0.2960843
khanhha_noisy1::Rissbilder_for_Florian_9S6A2792_753_1245_2029_2585.jpg,0.27778864,0.60533667,0.11687466
khanhha_noisy1::Rissbilder_for_Florian_9S6A2793_377_1016_2309_2713.jpg,0.24989548,0.6579195,0.092185035
khanhha_noisy1::Rissbilder_for_Florian_9S6A2793_811_444_2800_3267.jpg,0.26993647,0.5497034,0.1803602
khanhha_noisy1::Rissbilder_for_Florian_9S6A2795_244_2755_3348_2948.jpg,0.39853057,0.43117204,0.17029743
khanhha_noisy1::Rissbilder_for_Florian_9S6A2795_345_1636_2968_2382.jpg,0.355515,0.38046384,0.26402128
khanhha_noisy1::Rissbilder_for_Florian_9S6A2795_726_782_2478_3159.jpg,0.31086564,0.2793142,0.4098201
khanhha_noisy1::Rissbilder_for_Florian_9S6A2796_352_1675_3345_3505.jpg,0.45537493,0.30780962,0.23681545
khanhha_noisy1::Rissbilder_for_Florian_9S6A2796_360_1209_3312_4152.jpg,0.5147867,0.26164165,0.22357163
khanhha_noisy1::Rissbilder_for_Florian_9S6A2796_365_740_3391_4131.jpg,0.5022346,0.26408908,0.23367634
khanhha_noisy1::Rissbilder_for_Florian_9S6A2797_0_0_3840_5760.jpg,0.7460997,0.17636172,0.0775386
khanhha_noisy1::Rissbilder_for_Florian_9S6A2797_211_1594_3203_4094.jpg,0.6719488,0.23668468,0.09136653
khanhha_noisy1::Rissbilder_for_Florian_9S6A2797_27_2177_3736_3368.jpg,0.76741797,0.15978965,0.07279237
khanhha_noisy1::Rissbilder_for_Florian_9S6A2797_331_75_3433_4182.jpg,0.812398,0.12686902,0.06073297
khanhha_noisy1::Rissbilder_for_Florian_9S6A2798_499_1239_3234_3324.jpg,0.61801606,0.20592217,0.17606167
khanhha_noisy1::Rissbilder_for_Florian_9S6A2798_614_1857_2201_2501.jpg,0.2711724,0.2559777,0.47284997
khanhha_noisy1::Rissbilder_for_Florian_9S6A2798_697_1777_2994_3062.jpg,0.58315176,0.2381493,0.17869894
khanhha_noisy1::Rissbilder_for_Florian_9S6A2799_133_2058_3555_3079.jpg,0.50662625,0.13931087,0.35406289
khanhha_noisy1::Rissbilder_for_Florian_9S6A2799_275_471_3176_4152.jpg,0.2620755,0.21958902,0.5183355
khanhha_noisy1::Rissbilder_for_Florian_9S6A2799_288_786_3196_3304.jpg,0.22795622,0.2384768,0.53356695
khanhha_noisy1::Rissbilder_for_Florian_9S6A2800_191_3241_2390_2435.jpg,0.2150439,0.24101095,0.54394513
khanhha_noisy1::Rissbilder_for_Florian_9S6A2800_195_2531_3219_2684.jpg,0.107642606,0.11374821,0.7786092
khanhha_noisy1::Rissbilder_for_Florian_9S6A2800_382_814_2795_2670.jpg,0.22857372,0.069388084,0.70203817
khanhha_noisy1::Rissbilder_for_Florian_9S6A2800_48_573_3788_4425.jpg,0.16341934,0.17370015,0.6628805
khanhha_noisy1::Rissbilder_for_Florian_9S6A2800_552_1819_3171_3588.jpg,0.16438606,0.1662408,0.6693731
khanhha_noisy1::Rissbilder_for_Florian_9S6A2800_817_399_2611_2043.jpg,0.22650291,0.41014633,0.36335075
khanhha_noisy1::Rissbilder_for_Florian_9S6A2802_251_84_3754_3687.jpg,0.12781812,0.09398795,0.7781939
khanhha_noisy1::Rissbilder_for_Florian_9S6A2802_2931_279_2589_2739.jpg,0.2631574,0.09891301,0.6379296
khanhha_noisy1::Rissbilder_for_Florian_9S6A2802_631_103_2560_2012.jpg,0.31632668,0.10453968,0.5791336
khanhha_noisy1::Rissbilder_for_Florian_9S6A2803_209_1110_2922_3685.jpg,0.86431134,0.01577384,0.11991479
khanhha_noisy1::Rissbilder_for_Florian_9S6A2803_247_1248_3459_4462.jpg,0.77047837,0.040356737,0.18916488
khanhha_noisy1::Rissbilder_for_Florian_9S6A2803_272_142_3359_3107.jpg,0.36721724,0.026944669,0.60583806
khanhha_noisy1::Rissbilder_for_Florian_9S6A2803_612_408_2717_3030.jpg,0.54242074,0.030709557,0.4268697
khanhha_noisy1::Rissbilder_for_Florian_9S6A2804_118_1818_2606_2570.jpg,0.6545226,0.13853647,0.20694084
khanhha_noisy1::Rissbilder_for_Florian_9S6A2805_1632_240_3224_2475.jpg,0.47653252,0.38897148,0.13449596
khanhha_noisy1::Rissbilder_for_Florian_9S6A2805_3150_203_1998_2621.jpg,0.5112632,0.34578001,0.14295675
khanhha_noisy1::Rissbilder_for_Florian_9S6A2805_565_1400_2938_2247.jpg,0.7162355,0.2029598,0.08080464
khanhha_noisy1::Rissbilder_for_Florian_9S6A2806_1082_397_4233_3223.jpg,0.5205923,0.3104601,0.16894762
khanhha_noisy1::Rissbilder_for_Florian_9S6A2806_3363_1303_2009_2459.jpg,0.6108489,0.24708411,0.14206697
khanhha_noisy1::Rissbilder_for_Florian_9S6A2806_368_348_2093_2759.jpg,0.6323177,0.19471467,0.1729676
khanhha_noisy1::Rissbilder_for_Florian_9S6A2807_112_2167_3474_2842.jpg,0.76806116,0.20151593,0.030422967
khanhha_noisy1::Rissbilder_for_Florian_9S6A2807_149_637_3674_3362.jpg,0.64311314,0.30842558,0.048461188
khanhha_noisy1::Rissbilder_for_Florian_9S6A2807_224_1187_3581_3340.jpg,0.6911848,0.2643496,0.044465564
khanhha_noisy1::Rissbilder_for_Florian_9S6A2807_577_1818_2154_2452.jpg,0.6359506,0.2778587,0.08619063
khanhha_noisy1::Rissbilder_for_Florian_9S6A2808_19_37_3435_3257.jpg,0.7721133,0.17201065,0.055876017
khanhha_noisy1::Rissbilder_for_Florian_9S6A2808_222_2951_3443_2623.jpg,0.52321327,0.40141314,0.07537363
khanhha_noisy1::Rissbilder_for_Florian_9S6A2808_30_709_3501_4305.jpg,0.67998034,0.2735144,0.046505272
khanhha_noisy1::Rissbilder_for_Florian_9S6A2810_309_181_3327_4094.jpg,0.34524405,0.27881274,0.37594318
khanhha_noisy1::Rissbilder_for_Florian_9S6A2810_43_528_3225_4185.jpg,0.15014808,0.12843879,0.72141314
khanhha_noisy1::Rissbilder_for_Florian_9S6A2810_65_655_2748_2720.jpg,0.27040374,0.3250851,0.40451118
khanhha_noisy1::Rissbilder_for_Florian_9S6A2811_119_80_3414_3691.jpg,0.34922245,0.27770334,0.37307417
khanhha_noisy1::Rissbilder_for_Florian_9S6A2811_1873_211_2406_2890.jpg,0.24860938,0.4270912,0.32429937
khanhha_noisy1::Rissbilder_for_Florian_9S6A2812_1545_131_2276_2406.jpg,0.28824946,0.37813917,0.3336114
khanhha_noisy1::Rissbilder_for_Florian_9S6A2812_372_1081_3294_3264.jpg,0.23300305,0.39147022,0.37552673
khanhha_noisy1::Rissbilder_for_Florian_9S6A2812_6_41_3627_3234.jpg,0.26785696,0.30976617,0.4223769
khanhha_noisy1::Rissbilder_for_Florian_9S6A2813_90_1297_3435_4044.jpg,0.2800957,0.25789604,0.46200824
khanhha_noisy1::Rissbilder_for_Florian_9S6A2815_1237_159_3590_2891.jpg,0.21758954,0.24889241,0.5335181
khanhha_noisy1::Rissbilder_for_Florian_9S6A2816_0_0_3840_5760.jpg,0.07252435,0.27966306,0.6478126
khanhha_noisy1::Rissbilder_for_Florian_9S6A2816_113_51_3722_4201.jpg,0.14320499,0.3014793,0.55531573
khanhha_noisy1::Rissbilder_for_Florian_9S6A2816_1644_2004_1934_2558.jpg,0.18565229,0.25365615,0.5606916
khanhha_noisy1::Rissbilder_for_Florian_9S6A2816_255_1654_2762_3248.jpg,0.12585807,0.32654342,0.54759854
khanhha_noisy1::Rissbilder_for_Florian_9S6A2816_375_1185_3365_3750.jpg,0.15718585,0.19906965,0.6437444
khanhha_noisy1::Rissbilder_for_Florian_9S6A2816_48_1105_3458_4373.jpg,0.08317972,0.26083457,0.6559858
khanhha_noisy1::Rissbilder_for_Florian_9S6A2817_266_1535_2877_3827.jpg,0.33621624,0.39317054,0.2706132
khanhha_noisy1::Rissbilder_for_Florian_9S6A2817_362_2779_2835_2376.jpg,0.46914804,0.3094269,0.22142509
khanhha_noisy1::Rissbilder_for_Florian_9S6A2817_378_2811_2792_2576.jpg,0.47679186,0.31910092,0.20410727
khanhha_noisy1::Rissbilder_for_Florian_9S6A2817_515_925_2769_3395.jpg,0.3260922,0.33815587,0.33575192
khanhha_noisy1::Rissbilder_for_Florian_9S6A2817_67_221_2558_2411.jpg,0.21238329,0.52717775,0.260439
khanhha_noisy1::Rissbilder_for_Florian_9S6A2818_205_138_2610_2193.jpg,0.13560992,0.5383405,0.3260495
khanhha_noisy1::Rissbilder_for_Florian_9S6A2818_208_545_3096_3152.jpg,0.11861182,0.37514752,0.5062407
khanhha_noisy1::Rissbilder_for_Florian_9S6A2818_22_73_3648_4328.jpg,0.056779955,0.39637735,0.54684263
khanhha_noisy1::Rissbilder_for_Florian_9S6A2818_287_1431_3198_4185.jpg,0.062443066,0.49039388,0.4471631
khanhha_noisy1::Rissbilder_for_Florian_9S6A2818_819_1604_2582_2762.jpg,0.20360003,0.29069594,0.50570405
khanhha_noisy1::Rissbilder_for_Florian_9S6A2818_952_1532_2829_2875.jpg,0.20207581,0.5415485,0.2563757
khanhha_noisy1::Rissbilder_for_Florian_9S6A2820_304_486_3141_3670.jpg,0.29851025,0.13658045,0.56490934
khanhha_noisy1::Rissbilder_for_Florian_9S6A2820_366_660_2637_3456.jpg,0.258547,0.12156101,0.61989194
khanhha_noisy1::Rissbilder_for_Florian_9S6A2821_1009_504_3415_2649.jpg,0.4408431,0.27987534,0.2792815
khanhha_noisy1::Rissbilder_for_Florian_9S6A2821_1089_894_2343_2903.jpg,0.31231812,0.39074364,0.29693818
khanhha_noisy1::Rissbilder_for_Florian_9S6A2821_2779_46_2936_3794.jpg,0.319743,0.4034954,0.27676165
khanhha_noisy1::Rissbilder_for_Florian_9S6A2822_1030_155_3516_3590.jpg,0.34078506,0.2913261,0.3678888
khanhha_noisy1::Rissbilder_for_Florian_9S6A2822_1137_465_2983_2428.jpg,0.35514894,0.303076,0.3417751
khanhha_noisy1::Rissbilder_for_Florian_9S6A2822_2401_400_2963_3258.jpg,0.29804072,0.24894504,0.45301425
khanhha_noisy1::Rissbilder_for_Florian_9S6A2823_106_892_3634_4471.jpg,0.24693024,0.6010686,0.15200114
khanhha_noisy1::Rissbilder_for_Florian_9S6A2825_325_1707_3330_2732.jpg,0.57182527,0.097686924,0.3304878
khanhha_noisy1::Rissbilder_for_Florian_9S6A2825_340_882_2590_2354.jpg,0.4535775,0.21499674,0.33142576
khanhha_noisy1::Rissbilder_for_Florian_9S6A2825_565_2563_2166_2123.jpg,0.43653208,0.19594927,0.36751875
khanhha_noisy1::Rissbilder_for_Florian_9S6A2825_65_315_3693_4161.jpg,0.4004554,0.21742104,0.38212362
khanhha_noisy1::Rissbilder_for_Florian_9S6A2825_711_1408_2863_2522.jpg,0.519215,0.12906118,0.35172382
khanhha_noisy1::Rissbilder_for_Florian_9S6A2825_71_1920_3644_3801.jpg,0.54042625,0.13938554,0.32018822
khanhha_noisy1::Rissbilder_for_Florian_9S6A2826_0_0_3840_5760.jpg,0.13324176,0.30159265,0.56516564
khanhha_noisy1::Rissbilder_for_Florian_9S6A2826_418_1200_2774_3626.jpg,0.13704666,0.3830567,0.47989672
khanhha_noisy1::Rissbilder_for_Florian_9S6A2826_65_1595_3304_2654.jpg,0.060728155,0.3986763,0.5405956
khanhha_noisy1::Rissbilder_for_Florian_9S6A2826_985_495_2477_3280.jpg,0.0921423,0.30247137,0.6053864
khanhha_noisy1::Rissbilder_for_Florian_9S6A2827_1172_836_2226_2545.jpg,0.20499626,0.3908811,0.40412265
khanhha_noisy1::Rissbilder_for_Florian_9S6A2827_1553_813_2699_2293.jpg,0.25339416,0.32158545,0.42502043
khanhha_noisy1::Rissbilder_for_Florian_9S6A2828_111_1161_3542_4005.jpg,0.5335069,0.35915643,0.10733677
khanhha_noisy1::Rissbilder_for_Florian_9S6A2828_81_1831_3515_3918.jpg,0.643012,0.22363214,0.13335584
khanhha_noisy1::Rissbilder_for_Florian_9S6A2828_958_2102_2564_2428.jpg,0.47201315,0.3720625,0.15592428
khanhha_noisy1::Rissbilder_for_Florian_9S6A2829_248_0_4607_3807.jpg,0.47381648,0.19288178,0.33330178
khanhha_noisy1::Rissbilder_for_Florian_9S6A2829_465_128_3261_3385.jpg,0.45860428,0.19958818,0.34180754
khanhha_noisy1::Rissbilder_for_Florian_9S6A2830_317_1218_3139_3120.jpg,0.65945166,0.15200867,0.18853962
khanhha_noisy1::Rissbilder_for_Florian_9S6A2830_356_323_2546_2076.jpg,0.66344076,0.1999867,0.13657254
khanhha_noisy1::Rissbilder_for_Florian_9S6A2830_715_2986_2996_2571.jpg,0.76005536,0.1230908,0.11685385
khanhha_noisy1::Rissbilder_for_Florian_9S6A2830_87_511_3003_3652.jpg,0.6791406,0.10738957,0.21346979
khanhha_noisy1::Rissbilder_for_Florian_9S6A2831_130_3142_3148_2567.jpg,0.5996304,0.26520592,0.13516368
khanhha_noisy1::Rissbilder_for_Florian_9S6A2831_1392_523_2363_2146.jpg,0.40318173,0.3395143,0.25730395
khanhha_noisy1::Rissbilder_for_Florian_9S6A2831_14_1354_3612_3768.jpg,0.5470635,0.34327444,0.10966203
khanhha_noisy1::Rissbilder_for_Florian_9S6A2831_183_1551_2640_2168.jpg,0.5884109,0.26388812,0.14770103
khanhha_noisy1::Rissbilder_for_Florian_9S6A2831_237_201_3399_4522.jpg,0.55158174,0.3303166,0.11810167
khanhha_noisy1::Rissbilder_for_Florian_9S6A2831_277_1810_3479_3118.jpg,0.5533533,0.32322937,0.123417325
khanhha_noisy1::Rissbilder_for_Florian_9S6A2831_343_1804_2873_2254.jpg,0.60438436,0.24584971,0.14976597
khanhha_noisy1::Rissbilder_for_Florian_9S6A2832_1234_336_2375_2845.jpg,0.47799894,0.32496527,0.19703582
khanhha_noisy1::Rissbilder_for_Florian_9S6A2832_185_2346_3101_2742.jpg,0.57408875,0.2586877,0.16722357
khanhha_noisy1::Rissbilder_for_Florian_9S6A2832_375_1408_3366_3866.jpg,0.49680254,0.34007376,0.16312367
khanhha_noisy1::Rissbilder_for_Florian_9S6A2833_0_720_3814_3967.jpg,0.22091654,0.40513778,0.37394574
khanhha_noisy1::Rissbilder_for_Florian_9S6A2833_11_1057_3805_3303.jpg,0.23343062,0.35208076,0.4144886
khanhha_noisy1::Rissbilder_for_Florian_9S6A2833_596_837_3205_3950.jpg,0.23137125,0.4138767,0.354752
khanhha_noisy1::Rissbilder_for_Florian_9S6A2834_1012_1643_2453_3015.jpg,0.56997263,0.29497457,0.13505283
khanhha_noisy1::Rissbilder_for_Florian_9S6A2834_18_332_3392_3333.jpg,0.4410603,0.3549063,0.20403339
khanhha_noisy1::Rissbilder_for_Florian_9S6A2834_196_114_2762_3611.jpg,0.42583436,0.36996636,0.20419925
khanhha_noisy1::Rissbilder_for_Florian_9S6A2834_40_1275_3784_4195.jpg,0.5414849,0.29887885,0.15963621
khanhha_noisy1::Rissbilder_for_Florian_9S6A2835_373_1783_2745_2384.jpg,0.40040997,0.38389438,0.21569566
khanhha_noisy1::Rissbilder_for_Florian_9S6A2835_459_1693_3011_2424.jpg,0.409301,0.39452437,0.19617465
khanhha_noisy1::Rissbilder_for_Florian_9S6A2835_468_2521_2391_2304.jpg,0.53473353,0.32028422,0.14498219
khanhha_noisy1::Rissbilder_for_Florian_9S6A2835_469_1050_2755_3142.jpg,0.5364241,0.3269481,0.13662778
khanhha_noisy1::Rissbilder_for_Florian_9S6A2835_637_235_2191_2778.jpg,0.4509902,0.3922083,0.15680149
khanhha_noisy1::Rissbilder_for_Florian_9S6A2835_964_2753_2392_2184.jpg,0.67958814,0.21297637,0.10743543
khanhha_noisy1::Rissbilder_for_Florian_9S6A2836_0_0_3840_5760.jpg,0.48305818,0.37548736,0.14145449
khanhha_noisy1::Rissbilder_for_Florian_9S6A2836_391_1220_2381_3118.jpg,0.17649141,0.37753257,0.44597602
khanhha_noisy1::Rissbilder_for_Florian_9S6A2837_523_803_3305_3454.jpg,0.5233879,0.3552525,0.12135952
khanhha_noisy1::Rissbilder_for_Florian_9S6A2838_1264_697_1978_2438.jpg,0.5538306,0.30846396,0.13770543
khanhha_noisy1::Rissbilder_for_Florian_9S6A2838_419_638_3373_4346.jpg,0.4776486,0.3800561,0.14229521
khanhha_noisy1::Rissbilder_for_Florian_9S6A2838_565_1405_2810_2334.jpg,0.5704319,0.29769433,0.1318738
khanhha_noisy1::Rissbilder_for_Florian_9S6A2839_132_1745_2786_3604.jpg,0.22433506,0.19701058,0.5786544
khanhha_noisy1::Rissbilder_for_Florian_9S6A2839_8_923_3789_4181.jpg,0.26229638,0.12101423,0.6166894
khanhha_noisy1::Rissbilder_for_Florian_9S6A2840_408_2141_3112_2692.jpg,0.5813719,0.15234101,0.26628712
khanhha_noisy1::Rissbilder_for_Florian_9S6A2840_520_1171_3029_3249.jpg,0.63021916,0.14159243,0.22818843
khanhha_noisy1::Rissbilder_for_Florian_9S6A2840_73_1408_3251_2521.jpg,0.7215522,0.13488661,0.14356115
khanhha_noisy1::Rissbilder_for_Florian_9S6A2840_7_1394_3830_4317.jpg,0.5652556,0.11819651,0.3165479
khanhha_noisy1::Rissbilder_for_Florian_9S6A2841_19_570_3460_3784.jpg,0.47154367,0.15089498,0.3775614
khanhha_noisy1::Rissbilder_for_Florian_9S6A2841_217_2299_3214_2878.jpg,0.7708735,0.07629739,0.1528292
khanhha_noisy1::Rissbilder_for_Florian_9S6A2841_247_162_2749_3393.jpg,0.5460583,0.17778116,0.27616045
khanhha_noisy1::Rissbilder_for_Florian_9S6A2841_319_1106_2769_3450.jpg,0.648203,0.13884705,0.21294995
khanhha_noisy1::Rissbilder_for_Florian_9S6A2841_341_1075_3324_3954.jpg,0.60807097,0.12369819,0.2682308
khanhha_noisy1::Rissbilder_for_Florian_9S6A2841_542_955_3068_2456.jpg,0.54742604,0.20814402,0.24442993
khanhha_noisy1::Rissbilder_for_Florian_9S6A2842_321_767_3019_3008.jpg,0.5455934,0.14415757,0.310249
khanhha_noisy1::Rissbilder_for_Florian_9S6A2842_635_1731_1931_2541.jpg,0.61471784,0.23250374,0.15277843
khanhha_noisy1::Rissbilder_for_Florian_9S6A2842_70_2154_3631_3282.jpg,0.56495154,0.19936673,0.23568182
khanhha_noisy1::Rissbilder_for_Florian_9S6A2843_12_1425_2920_2441.jpg,0.7162119,0.13483769,0.14895034
khanhha_noisy1::Rissbilder_for_Florian_9S6A2843_178_404_2380_2116.jpg,0.39913544,0.5006754,0.10018917
khanhha_noisy1::Rissbilder_for_Florian_9S6A2843_369_1526_1885_2389.jpg,0.6475664,0.13982782,0.21260577
khanhha_noisy1::Rissbilder_for_Florian_9S6A2843_734_2194_2503_2654.jpg,0.6817946,0.16333859,0.15486689
khanhha_noisy1::Rissbilder_for_Florian_9S6A2843_81_439_3537_3036.jpg,0.60056347,0.22995007,0.16948645
khanhha_noisy1::Rissbilder_for_Florian_9S6A2844_0_0_3840_5760.jpg,0.19166188,0.32596725,0.48237082
khanhha_noisy1::Rissbilder_for_Florian_9S6A2844_443_437_3072_2992.jpg,0.29762128,0.2614255,0.4409532
khanhha_noisy1::Rissbilder_for_Florian_9S6A2844_736_848_3078_2427.jpg,0.42391184,0.18599765,0.39009058
khanhha_noisy1::Rissbilder_for_Florian_9S6A2845_0_0_5760_3840.jpg,0.29288125,0.08009235,0.62702644
khanhha_noisy1::Rissbilder_for_Florian_9S6A2845_1333_32_4399_3805.jpg,0.27015063,0.074471265,0.6553781
khanhha_noisy1::Rissbilder_for_Florian_9S6A2845_1480_64_3182_3685.jpg,0.30039355,0.115505636,0.5841008
khanhha_noisy1::Rissbilder_for_Florian_9S6A2845_1641_474_2958_3084.jpg,0.3046341,0.11980001,0.5755658
khanhha_noisy1::Rissbilder_for_Florian_9S6A2845_2026_3_2804_3214.jpg,0.31974903,0.118664555,0.56158644
khanhha_noisy1::Rissbilder_for_Florian_9S6A2845_2181_159_3010_3511.jpg,0.2250182,0.11018812,0.66479367
khanhha_noisy1::Rissbilder_for_Florian_9S6A2845_628_184_3360_3293.jpg,0.22513665,0.09954914,0.6753142
khanhha_noisy1::Rissbilder_for_Florian_9S6A2846_230_168_2768_2605.jpg,0.30656293,0.55731237,0.13612463
khanhha_noisy1::Rissbilder_for_Florian_9S6A2846_268_1498_2452_2689.jpg,0.35471493,0.30951732,0.33576772
khanhha_noisy1::Rissbilder_for_Florian_9S6A2846_330_640_3250_2553.jpg,0.35604623,0.18149735,0.46245643
khanhha_noisy1::Rissbilder_for_Florian_9S6A2846_392_1024_2627_3077.jpg,0.39138347,0.30783647,0.30078006
khanhha_noisy1::Rissbilder_for_Florian_9S6A2846_64_1600_3177_3483.jpg,0.43478698,0.35548282,0.20973015
khanhha_noisy1::Rissbilder_for_Florian_9S6A2847_112_411_3688_4096.jpg,0.38319337,0.45318374,0.16362286
khanhha_noisy1::Rissbilder_for_Florian_9S6A2847_422_1541_2737_2708.jpg,0.6072475,0.23515554,0.15759702
khanhha_noisy1::Rissbilder_for_Florian_9S6A2847_57_1886_3694_3848.jpg,0.49338147,0.3768897,0.12972881
khanhha_noisy1::Rissbilder_for_Florian_9S6A2848_105_342_3183_3261.jpg,0.3651404,0.118241146,0.51661843
khanhha_noisy1::Rissbilder_for_Florian_9S6A2848_1214_523_4329_3293.jpg,0.5601048,0.1532355,0.2866597
khanhha_noisy1::Rissbilder_for_Florian_9S6A2849_1010_1722_2676_2957.jpg,0.57462794,0.10177348,0.32359853
khanhha_noisy1::Rissbilder_for_Florian_9S6A2849_239_1191_3521_3188.jpg,0.39821213,0.097041756,0.5047461
khanhha_noisy1::Rissbilder_for_Florian_9S6A2849_465_1014_2857_3753.jpg,0.38691235,0.07715574,0.5359319
khanhha_noisy1::Rissbilder_for_Florian_9S6A2850_1113_51_4606_3781.jpg,0.35001162,0.40071014,0.24927823
khanhha_noisy1::Rissbilder_for_Florian_9S6A2850_1408_904_2105_2792.jpg,0.34563196,0.34070468,0.31366333
khanhha_noisy1::Rissbilder_for_Florian_9S6A2851_1713_30_3619_3365.jpg,0.36339116,0.2568439,0.37976494
khanhha_noisy1::Rissbilder_for_Florian_9S6A2851_1976_734_2746_2491.jpg,0.3497641,0.251507,0.3987289
khanhha_noisy1::Rissbilder_for_Florian_9S6A2851_2413_175_2645_3485.jpg,0.33552617,0.30149922,0.36297464
khanhha_noisy1::Rissbilder_for_Florian_9S6A2851_512_50_2972_2678.jpg,0.48618218,0.24649873,0.26731902
khanhha_noisy1::Rissbilder_for_Florian_9S6A2852_1108_175_3570_3421.jpg,0.45399523,0.1764934,0.36951137
khanhha_noisy1::Rissbilder_for_Florian_9S6A2852_356_540_3667_2981.jpg,0.38008058,0.21274875,0.40717065
khanhha_noisy1::Rissbilder_for_Florian_9S6A2853_1127_1463_2379_2376.jpg,0.42803472,0.26028204,0.31168324
khanhha_noisy1::Rissbilder_for_Florian_9S6A2853_826_286_2004_2464.jpg,0.42356363,0.24767259,0.32876375
khanhha_noisy1::Rissbilder_for_Florian_9S6A2854_162_1195_3169_2569.jpg,0.5020806,0.12427754,0.3736419
khanhha_noisy1::Rissbilder_for_Florian_9S6A2856_1840_62_3055_3769.jpg,0.34424323,0.23088282,0.42487398
khanhha_noisy1::Rissbilder_for_Florian_9S6A2856_2611_839_1919_2466.jpg,0.3627124,0.26347664,0.37381092
khanhha_noisy1::Rissbilder_for_Florian_9S6A2856_3030_1197_2337_2140.jpg,0.50493735,0.20113438,0.29392824
khanhha_noisy1::Rissbilder_for_Florian_9S6A2856_3095_641_2548_2416.jpg,0.40678468,0.2238211,0.36939424
khanhha_noisy1::Rissbilder_for_Florian_9S6A2857_1203_1130_2423_3169.jpg,0.2625917,0.12346432,0.613944
khanhha_noisy1::Rissbilder_for_Florian_9S6A2857_148_211_2303_2832.jpg,0.3067852,0.14675668,0.5464581
khanhha_noisy1::Rissbilder_for_Florian_9S6A2857_159_2331_3518_2794.jpg,0.41256222,0.06706083,0.5203769
khanhha_noisy1::Rissbilder_for_Florian_9S6A2857_585_241_3220_4175.jpg,0.28531733,0.093829796,0.6208529
khanhha_noisy1::Rissbilder_for_Florian_9S6A2857_807_939_2369_1886.jpg,0.39037004,0.30836877,0.30126122
khanhha_noisy1::Rissbilder_for_Florian_9S6A2857_89_2266_3467_3213.jpg,0.37901515,0.07036579,0.55061907
khanhha_noisy1::Rissbilder_for_Florian_9S6A2858_103_1887_2963_2745.jpg,0.3331179,0.27711233,0.38976973
khanhha_noisy1::Rissbilder_for_Florian_9S6A2858_138_1397_3695_4304.jpg,0.37377897,0.32102612,0.30519482
khanhha_noisy1::Rissbilder_for_Florian_9S6A2858_203_242_3312_2597.jpg,0.31989682,0.32735562,0.35274756
khanhha_noisy1::Rissbilder_for_Florian_9S6A2858_24_161_2934_2248.jpg,0.34636706,0.5006245,0.15300848
khanhha_noisy1::Rissbilder_for_Florian_9S6A2858_559_619_3260_3533.jpg,0.2875733,0.2944877,0.41793904
khanhha_noisy1::Rissbilder_for_Florian_9S6A2858_58_840_3696_4727.jpg,0.26949188,0.26409516,0.46641296
khanhha_noisy1::Rissbilder_for_Florian_9S6A2858_74_2277_2849_2285.jpg,0.35609078,0.20376983,0.44013935
khanhha_noisy1::Rissbilder_for_Florian_9S6A2858_825_486_2361_2715.jpg,0.34910658,0.26854086,0.38235253
khanhha_noisy1::Rissbilder_for_Florian_9S6A2859_1580_320_3896_3471.jpg,0.23387605,0.41526732,0.35085663
khanhha_noisy1::Rissbilder_for_Florian_9S6A2859_1796_34_3392_3713.jpg,0.22924492,0.42865095,0.3421041
khanhha_noisy1::Rissbilder_for_Florian_9S6A2859_2073_725_3430_2687.jpg,0.43153647,0.34711826,0.22134534
khanhha_noisy1::Rissbilder_for_Florian_9S6A2860_109_355_3609_3381.jpg,0.4202061,0.30535832,0.2744356
khanhha_noisy1::Rissbilder_for_Florian_9S6A2860_2652_869_3027_2537.jpg,0.46735728,0.23048192,0.3021608
khanhha_noisy1::Rissbilder_for_Florian_9S6A2860_476_406_3989_3027.jpg,0.45835567,0.2951037,0.24654068
khanhha_noisy1::Rissbilder_for_Florian_9S6A2860_707_1403_2200_2149.jpg,0.3942177,0.2970189,0.3087634
khanhha_noisy1::Rissbilder_for_Florian_9S6A2861_1002_825_2601_2341.jpg,0.54771954,0.2059272,0.24635331
khanhha_noisy1::Rissbilder_for_Florian_9S6A2861_327_851_2964_3474.jpg,0.40516448,0.2771751,0.31766036
khanhha_noisy1::Rissbilder_for_Florian_9S6A2861_716_324_2856_3710.jpg,0.424592,0.24121182,0.33419618
khanhha_noisy1::Rissbilder_for_Florian_9S6A2862_13_1221_3798_4291.jpg,0.40468046,0.14686693,0.44845253
khanhha_noisy1::Rissbilder_for_Florian_9S6A2862_16_760_3062_2984.jpg,0.3424631,0.11319334,0.54434353
khanhha_noisy1::Rissbilder_for_Florian_9S6A2862_54_2006_3577_3513.jpg,0.4548889,0.13084385,0.4142672
khanhha_noisy1::Rissbilder_for_Florian_9S6A2862_550_1911_3038_3042.jpg,0.4193226,0.112331115,0.46834627
khanhha_noisy1::Rissbilder_for_Florian_9S6A2863_312_1094_3025_3361.jpg,0.6145138,0.22384728,0.16163889
khanhha_noisy1::Rissbilder_for_Florian_9S6A2863_423_3163_2502_2009.jpg,0.50096965,0.13745765,0.36157265
khanhha_noisy1::Rissbilder_for_Florian_9S6A2864_0_0_3840_5760.jpg,0.22610766,0.6297804,0.14411198
khanhha_noisy1::Rissbilder_for_Florian_9S6A2864_474_1863_3308_2536.jpg,0.5257677,0.31699935,0.15723294
khanhha_noisy1::Rissbilder_for_Florian_9S6A2864_95_886_3690_4688.jpg,0.33714077,0.5102595,0.15259972
khanhha_noisy1::Rissbilder_for_Florian_9S6A2865_215_1866_2936_3607.jpg,0.5093074,0.32897976,0.16171293
khanhha_noisy1::Rissbilder_for_Florian_9S6A2865_321_3005_2468_2755.jpg,0.49321565,0.3210629,0.18572149
khanhha_noisy1::Rissbilder_for_Florian_9S6A2865_402_376_2830_3345.jpg,0.43293434,0.35032603,0.2167396
khanhha_noisy1::Rissbilder_for_Florian_9S6A2865_415_206_2924_3039.jpg,0.4962563,0.321826,0.18191774
khanhha_noisy1::Rissbilder_for_Florian_9S6A2865_48_35_3665_3847.jpg,0.5159775,0.33728224,0.14674024
khanhha_noisy1::Rissbilder_for_Florian_9S6A2865_874_516_2613_2236.jpg,0.5221289,0.31907424,0.15879688
khanhha_noisy1::Rissbilder_for_Florian_9S6A2866_277_585_3310_3706.jpg,0.50814825,0.20355299,0.28829876
khanhha_noisy1::Rissbilder_for_Florian_9S6A2866_643_1201_2050_2536.jpg,0.48042232,0.32352304,0.19605464
khanhha_noisy1::Rissbilder_for_Florian_9S6A2867_114_180_3373_2642.jpg,0.42635044,0.44581175,0.12783782
khanhha_noisy1::Rissbilder_for_Florian_9S6A2867_249_168_3377_3485.jpg,0.5293256,0.3453577,0.12531671
khanhha_noisy1::Rissbilder_for_Florian_9S6A2867_26_155_3813_3142.jpg,0.37844282,0.4292323,0.19232483
khanhha_noisy1::Rissbilder_for_Florian_9S6A2867_515_377_2926_3568.jpg,0.3306016,0.4914189,0.17797954
khanhha_noisy1::Rissbilder_for_Florian_9S6A2867_657_766_2790_3388.jpg,0.36406094,0.41853458,0.21740447
khanhha_noisy1::Rissbilder_for_Florian_9S6A2868_169_34_3542_2947.jpg,0.3353257,0.44899204,0.21568227
khanhha_noisy1::Rissbilder_for_Florian_9S6A2868_252_1319_2263_2294.jpg,0.2309331,0.42656782,0.3424991
khanhha_noisy1::Rissbilder_for_Florian_9S6A2868_257_950_3108_3346.jpg,0.27245802,0.39769924,0.3298428
khanhha_noisy1::Rissbilder_for_Florian_9S6A2868_353_804_2737_3193.jpg,0.23178017,0.4301687,0.3380511
khanhha_noisy1::Rissbilder_for_Florian_9S6A2868_867_2101_2821_2989.jpg,0.37780854,0.37643805,0.24575342
khanhha_noisy1::Rissbilder_for_Florian_9S6A2869_107_1230_3580_4395.jpg,0.16486993,0.5474318,0.28769818
khanhha_noisy1::Rissbilder_for_Florian_9S6A2869_1234_372_2013_2272.jpg,0.30402425,0.5637256,0.1322501
khanhha_noisy1::Rissbilder_for_Florian_9S6A2869_171_1902_3454_3763.jpg,0.17524442,0.56680334,0.25795224
khanhha_noisy1::Rissbilder_for_Florian_9S6A2869_37_1430_3692_3865.jpg,0.21288644,0.516497,0.27061653
khanhha_noisy1::Rissbilder_for_Florian_9S6A2869_6_538_3621_3662.jpg,0.19035669,0.59773517,0.21190812
khanhha_noisy1::Rissbilder_for_Florian_9S6A2869_855_1425_2447_2662.jpg,0.18655169,0.590165,0.22328334
khanhha_noisy1::Rissbilder_for_Florian_9S6A2869_878_3059_2683_2082.jpg,0.43403542,0.41758052,0.148384
khanhha_noisy1::Rissbilder_for_Florian_9S6A2870_121_518_3261_3345.jpg,0.33827117,0.47030383,0.19142498
khanhha_noisy1::Rissbilder_for_Florian_9S6A2870_504_1261_2761_3438.jpg,0.3824214,0.4883736,0.12920503
khanhha_noisy1::Rissbilder_for_Florian_9S6A2873_0_0_5760_3840.jpg,0.4807596,0.09585941,0.4233809
khanhha_noisy1::Rissbilder_for_Florian_9S6A2873_244_84_4072_3620.jpg,0.3744158,0.053500887,0.57208335
khanhha_noisy1::Rissbilder_for_Florian_9S6A2873_904_515_2792_2550.jpg,0.41463643,0.06254258,0.522821
khanhha_noisy1::Rissbilder_for_Florian_9S6A2873_905_438_3442_2738.jpg,0.41625637,0.061583884,0.5221598
khanhha_noisy1::Rissbilder_for_Florian_9S6A2873_930_236_3379_3204.jpg,0.40661007,0.051403753,0.54198617
khanhha_noisy1::Rissbilder_for_Florian_9S6A2874_251_526_2458_2696.jpg,0.14051032,0.025859797,0.83362985
khanhha_noisy1::Rissbilder_for_Florian_9S6A2875_169_1864_3516_3562.jpg,0.40495232,0.09603739,0.49901032
khanhha_noisy1::Rissbilder_for_Florian_9S6A2875_228_47_2676_2777.jpg,0.56790227,0.07414146,0.35795626
khanhha_noisy1::Rissbilder_for_Florian_9S6A2875_36_523_3631_3027.jpg,0.60871875,0.095944755,0.29533643
khanhha_noisy1::Rissbilder_for_Florian_9S6A2875_97_864_3672_4225.jpg,0.5640579,0.12562428,0.31031778
khanhha_noisy1::Rissbilder_for_Florian_9S6A2876_169_722_2977_3880.jpg,0.6368641,0.10276375,0.26037216
khanhha_noisy1::Rissbilder_for_Florian_9S6A2876_79_1349_3734_3387.jpg,0.5747522,0.0880246,0.3372232
khanhha_noisy1::Rissbilder_for_Florian_9S6A2876_800_744_2945_3705.jpg,0.68665993,0.0934178,0.21992226
khanhha_noisy1::Rissbilder_for_Florian_9S6A2877_304_1360_2589_2329.jpg,0.5428544,0.23358262,0.22356291
khanhha_noisy1::Rissbilder_for_Florian_9S6A2877_417_140_3357_4443.jpg,0.6733148,0.08604853,0.24063678
khanhha_noisy1::Rissbilder_for_Florian_9S6A2877_472_1716_2206_2901.jpg,0.56677216,0.16114558,0.27208218
khanhha_noisy1::Rissbilder_for_Florian_9S6A2878_186_801_3630_3688.jpg,0.51932204,0.23163162,0.2490464
khanhha_noisy1::Rissbilder_for_Florian_9S6A2878_287_270_3223_3935.jpg,0.4459953,0.25072712,0.30327758
khanhha_noisy1::Rissbilder_for_Florian_9S6A2878_29_861_3713_4568.jpg,0.65407115,0.14752343,0.19840539
khanhha_noisy1::Rissbilder_for_Florian_9S6A2878_373_2066_2452_3245.jpg,0.4504547,0.1964287,0.35311663
khanhha_noisy1::Rissbilder_for_Florian_9S6A2878_67_878_2624_2752.jpg,0.50022155,0.22388305,0.27589542
khanhha_noisy1::Rissbilder_for_Florian_9S6A2878_861_28_2800_2885.jpg,0.53707355,0.1879961,0.27493033
khanhha_noisy1::Rissbilder_for_Florian_9S6A2879_0_0_5760_3840.jpg,0.5083474,0.053917557,0.43773505
khanhha_noisy1::Rissbilder_for_Florian_9S6A2879_1312_923_2418_2909.jpg,0.59870493,0.08211892,0.31917617
khanhha_noisy1::Rissbilder_for_Florian_9S6A2879_1320_542_3826_3214.jpg,0.5205132,0.06867338,0.41081342
khanhha_noisy1::Rissbilder_for_Florian_9S6A2880_1244_1022_2375_2527.jpg,0.17281298,0.08607898,0.74110806
khanhha_noisy1::Rissbilder_for_Florian_9S6A2880_131_2019_3358_3435.jpg,0.25905097,0.08561796,0.65533113
khanhha_noisy1::Rissbilder_for_Florian_9S6A2880_1_709_3836_3003.jpg,0.32281,0.102060996,0.57512903
khanhha_noisy1::Rissbilder_for_Florian_9S6A2880_277_388_3305_4321.jpg,0.086627856,0.0337609,0.87961125
khanhha_noisy1::Rissbilder_for_Florian_9S6A2881_0_0_3840_5760.jpg,0.33143914,0.077484384,0.59107643
khanhha_noisy1::Rissbilder_for_Florian_9S6A2881_1046_39_2575_3270.jpg,0.48330662,0.047326192,0.46936727
khanhha_noisy1::Rissbilder_for_Florian_9S6A2881_277_1792_3424_2971.jpg,0.35858703,0.08510621,0.5563068
khanhha_noisy1::Rissbilder_for_Florian_9S6A2881_77_297_3144_3819.jpg,0.3004474,0.03860358,0.660949
khanhha_noisy1::Rissbilder_for_Florian_9S6A2882_346_490_2497_1975.jpg,0.54310834,0.073287226,0.3836044
khanhha_noisy1::Rissbilder_for_Florian_9S6A2882_458_1944_3282_2844.jpg,0.407674,0.1372587,0.45506728
khanhha_noisy1::Rissbilder_for_Florian_9S6A2883_0_0_3840_5760.jpg,0.19213645,0.039514914,0.7683487
khanhha_noisy1::Rissbilder_for_Florian_9S6A2883_290_1780_2688_2984.jpg,0.3088459,0.057149973,0.6340041
khanhha_noisy1::Rissbilder_for_Florian_9S6A2884_103_1141_3407_4451.jpg,0.4278779,0.1143015,0.45782068
khanhha_noisy1::Rissbilder_for_Florian_9S6A2884_158_1281_3498_4054.jpg,0.6814156,0.13651505,0.18206932
khanhha_noisy1::Rissbilder_for_Florian_9S6A2884_197_1323_3592_3665.jpg,0.65127546,0.13440277,0.21432173
khanhha_noisy1::Rissbilder_for_Florian_9S6A2884_19_1803_3537_2796.jpg,0.65543425,0.1842716,0.16029418
khanhha_noisy1::Rissbilder_for_Florian_9S6A2885_167_1375_2073_2363.jpg,0.45550507,0.17350282,0.37099212
khanhha_noisy1::Rissbilder_for_Florian_9S6A2885_67_973_3621_3313.jpg,0.4354906,0.17707202,0.38743734
khanhha_noisy1::Rissbilder_for_Florian_9S6A2885_82_1409_2816_3479.jpg,0.33089334,0.13771579,0.53139085
khanhha_noisy1::Rissbilder_for_Florian_9S6A2886_106_479_3642_4594.jpg,0.41458943,0.17541358,0.409997
khanhha_noisy1::Rissbilder_for_Florian_9S6A2886_110_1312_3454_3075.jpg,0.40967053,0.117887236,0.47244218
khanhha_noisy1::Rissbilder_for_Florian_9S6A2886_12_1171_3583_2973.jpg,0.39856714,0.08313854,0.5182943
khanhha_noisy1::Rissbilder_for_Florian_9S6A2886_273_2665_2929_2302.jpg,0.29990035,0.098745346,0.60135436
khanhha_noisy1::Rissbilder_for_Florian_9S6A2886_695_71_2627_3457.jpg,0.2970636,0.13563082,0.5673056
khanhha_noisy1::Rissbilder_for_Florian_9S6A2886_984_32_2437_2598.jpg,0.22319022,0.29693243,0.47987738
khanhha_noisy1::Rissbilder_for_Florian_9S6A2887_452_483_3013_2564.jpg,0.361618,0.42390954,0.21447244
khanhha_noisy1::Rissbilder_for_Florian_9S6A2887_749_2501_3000_2991.jpg,0.43898314,0.23280643,0.3282104
khanhha_noisy1::Rissbilder_for_Florian_9S6A2888_133_918_3617_3712.jpg,0.35342857,0.19107644,0.45549503
khanhha_noisy1::Rissbilder_for_Florian_9S6A2889_470_1014_3063_3785.jpg,0.69340044,0.1760317,0.13056792
khanhha_noisy1::Rissbilder_for_Florian_9S6A2889_671_2114_2686_3238.jpg,0.68031454,0.17970833,0.13997717
khanhha_noisy1::Rissbilder_for_Florian_9S6A2890_0_0_3840_5760.jpg,0.4194231,0.14412773,0.4364492
khanhha_noisy1::Rissbilder_for_Florian_9S6A2890_1213_1864_1830_2425.jpg,0.77176255,0.18730858,0.040928878
khanhha_noisy1::Rissbilder_for_Florian_9S6A2892_103_890_2526_2526.jpg,0.67746156,0.075760365,0.24677806
khanhha_noisy1::Rissbilder_for_Florian_9S6A2892_1086_390_3050_2813.jpg,0.7226711,0.044114772,0.23321408
khanhha_noisy1::Rissbilder_for_Florian_9S6A2892_1754_604_2639_2889.jpg,0.6620514,0.06095708,0.27699152
khanhha_noisy1::Rissbilder_for_Florian_9S6A2893_46_3035_3311_2720.jpg,0.13635297,0.4512574,0.41238958
khanhha_noisy1::Rissbilder_for_Florian_9S6A2893_986_2947_2387_2036.jpg,0.14218745,0.4570678,0.40074474
khanhha_noisy1::Rissbilder_for_Florian_9S6A2894_2035_188_3164_3103.jpg,0.701866,0.068536684,0.22959739
khanhha_noisy1::Rissbilder_for_Florian_9S6A2894_2274_588_3314_3190.jpg,0.66605407,0.052129276,0.2818167
khanhha_noisy1::Rissbilder_for_Florian_9S6A2895_46_163_3635_3331.jpg,0.18757997,0.09266494,0.719755
khanhha_noisy1::Rissbilder_for_Florian_9S6A2896_0_0_3840_5760.jpg,0.4128678,0.16921179,0.41792038
khanhha_noisy1::Rissbilder_for_Florian_9S6A2896_1287_1184_2528_1916.jpg,0.67656314,0.09940717,0.22402969
khanhha_noisy1::Rissbilder_for_Florian_9S6A2896_1446_730_2288_2912.jpg,0.57311094,0.097410776,0.32947817
khanhha_noisy1::Rissbilder_for_Florian_9S6A2896_28_1443_3701_3540.jpg,0.6118991,0.16138752,0.22671333
khanhha_noisy1::Rissbilder_for_Florian_9S6A2896_616_2037_3008_3401.jpg,0.68730634,0.1119646,0.20072904
khanhha_noisy1::Rissbilder_for_Florian_9S6A2896_788_3134_2243_2150.jpg,0.629279,0.097887754,0.27283317
khanhha_noisy1::Rissbilder_for_Florian_9S6A2897_1309_1879_2158_2129.jpg,0.7980471,0.037116118,0.1648367
khanhha_noisy1::Rissbilder_for_Florian_9S6A2897_161_1181_3216_3670.jpg,0.72160095,0.056614343,0.22178464
khanhha_noisy1::Rissbilder_for_Florian_9S6A2897_480_85_2898_3545.jpg,0.7298683,0.06642311,0.20370854
khanhha_noisy1::Rissbilder_for_Florian_9S6A2897_575_1892_2708_3567.jpg,0.7872237,0.03217449,0.1806018
khanhha_noisy1::Rissbilder_for_Florian_9S6A2897_9_818_3756_3081.jpg,0.75165546,0.07948325,0.16886133
khanhha_noisy1::Rissbilder_for_Florian_9S6A2900_113_3085_3124_2494.jpg,0.50903285,0.10019942,0.39076772
khanhha_noisy1::Rissbilder_for_Florian_9S6A2900_163_3290_2437_2240.jpg,0.42266923,0.18687382,0.39045694
khanhha_noisy1::Rissbilder_for_Florian_9S6A2900_197_1041_3309_3760.jpg,0.35491583,0.07468644,0.5703977
khanhha_noisy1::Rissbilder_for_Florian_9S6A2901_0_0_3840_5760.jpg,0.30880797,0.1752548,0.5159372
khanhha_noisy1::Rissbilder_for_Florian_9S6A2901_55_3400_2984_2240.jpg,0.6530939,0.119650714,0.22725545
khanhha_noisy1::Rissbilder_for_Florian_9S6A2901_67_161_3343_3273.jpg,0.38955098,0.2435748,0.3668742
khanhha_noisy1::Rissbilder_for_Florian_9S6A2902_0_0_3840_5760.jpg,0.7841095,0.088607624,0.1272828
khanhha_noisy1::Rissbilder_for_Florian_9S6A2902_163_2262_3171_3274.jpg,0.7824174,0.10153968,0.116042875
khanhha_noisy1::Rissbilder_for_Florian_9S6A2902_192_967_2598_2117.jpg,0.59861106,0.18120706,0.22018187
khanhha_noisy1::Rissbilder_for_Florian_9S6A2903_385_511_3375_3468.jpg,0.7541316,0.12788655,0.11798186
khanhha_noisy1::Rissbilder_for_Florian_9S6A2903_438_739_2998_2746.jpg,0.7120657,0.15889095,0.12904336
khanhha_noisy1::Rissbilder_for_Florian_9S6A2904_447_893_3086_3169.jpg,0.36691165,0.30350178,0.32958657
khanhha_noisy1::Rissbilder_for_Florian_9S6A2904_78_719_3211_3093.jpg,0.54101264,0.2225557,0.23643161
khanhha_noisy1::Rissbilder_for_Florian_9S6A2904_86_208_2615_2808.jpg,0.20356612,0.66520786,0.131226
khanhha_noisy1::Rissbilder_for_Florian_9S6A2905_1082_994_2878_2819.jpg,0.47695184,0.32692182,0.19612633
khanhha_noisy1::Rissbilder_for_Florian_9S6A2905_153_412_3269_2899.jpg,0.39450037,0.4340114,0.1714882
khanhha_noisy1::Rissbilder_for_Florian_9S6A2905_2363_42_2827_2612.jpg,0.4118559,0.20421511,0.38392898
khanhha_noisy1::Rissbilder_for_Florian_9S6A2905_795_159_2896_2675.jpg,0.311027,0.4461935,0.24277951
khanhha_noisy1::Rissbilder_for_Florian_9S6A2905_928_88_4020_3658.jpg,0.3304933,0.16770327,0.50180346
khanhha_noisy1::Rissbilder_for_Florian_9S6A2906_0_0_3840_5760.jpg,0.71918464,0.11052631,0.17028902
khanhha_noisy1::Rissbilder_for_Florian_9S6A2906_358_658_3398_3904.jpg,0.7563249,0.14652316,0.097151965
khanhha_noisy1::Rissbilder_for_Florian_9S6A2906_52_256_3772_3845.jpg,0.82755244,0.09020357,0.08224396
khanhha_noisy1::Rissbilder_for_Florian_9S6A2906_54_350_3631_4518.jpg,0.725628,0.14163962,0.13273242
khanhha_noisy1::Rissbilder_for_Florian_9S6A2906_67_759_3263_3857.jpg,0.74516535,0.15725859,0.09757613
khanhha_noisy1::Rissbilder_for_Florian_9S6A2908_1091_77_2830_3744.jpg,0.52738327,0.23526238,0.23735438
khanhha_noisy1::Rissbilder_for_Florian_9S6A2908_1096_896_2445_1861.jpg,0.6754786,0.19193909,0.13258232
khanhha_noisy1::Rissbilder_for_Florian_9S6A2908_1599_736_3074_2729.jpg,0.66281587,0.148956,0.18822812
khanhha_noisy1::Rissbilder_for_Florian_9S6A2909_191_2009_3191_3109.jpg,0.77335364,0.05360045,0.17304587
khanhha_noisy1::Rissbilder_for_Florian_9S6A2909_36_61_3613_3826.jpg,0.66582334,0.046600446,0.28757617
khanhha_noisy1::Rissbilder_for_Florian_9S6A2909_485_850_3106_4081.jpg,0.4697533,0.052427925,0.47781876
khanhha_noisy1::Rissbilder_for_Florian_9S6A2910_0_0_3840_5760.jpg,0.815623,0.06854891,0.11582818
khanhha_noisy1::Rissbilder_for_Florian_9S6A2910_113_175_3097_2360.jpg,0.733771,0.07260038,0.19362861
khanhha_noisy1::Rissbilder_for_Florian_9S6A2910_43_1959_3615_3077.jpg,0.9062732,0.03523328,0.058493517
khanhha_noisy1::Rissbilder_for_Florian_9S6A2910_59_1878_2063_2153.jpg,0.70524186,0.12112629,0.17363182
khanhha_noisy1::Rissbilder_for_Florian_9S6A2910_880_2365_2685_2887.jpg,0.7441241,0.08388983,0.17198601
khanhha_noisy1::Rissbilder_for_Florian_9S6A2911_1125_1393_2108_2755.jpg,0.53893566,0.16296403,0.29810032
khanhha_noisy1::Rissbilder_for_Florian_9S6A2911_323_1692_3460_3572.jpg,0.48102713,0.092061706,0.42691118
khanhha_noisy1::Rissbilder_for_Florian_9S6A2912_0_0_3840_5760.jpg,0.4331719,0.25451678,0.31231132
khanhha_noisy1::Rissbilder_for_Florian_9S6A2912_255_1175_3429_3203.jpg,0.25549603,0.3452057,0.39929825
khanhha_noisy1::Rissbilder_for_Florian_9S6A2912_85_369_3711_3429.jpg,0.5230652,0.26754746,0.20938736
khanhha_noisy1::Rissbilder_for_Florian_9S6A2913_20_297_2640_2502.jpg,0.61546177,0.29095003,0.09358823
khanhha_noisy1::Rissbilder_for_Florian_9S6A2913_320_3010_3339_2578.jpg,0.65473026,0.26478273,0.08048703
khanhha_noisy1::Rissbilder_for_Florian_9S6A2913_321_16_3485_4543.jpg,0.6033222,0.30662435,0.09005337
khanhha_noisy1::Rissbilder_for_Florian_9S6A2914_10_816_3799_4560.jpg,0.4949684,0.3624826,0.14254892
khanhha_noisy1::Rissbilder_for_Florian_9S6A2914_165_203_2511_2307.jpg,0.6326055,0.26181516,0.10557943
khanhha_noisy1::Rissbilder_for_Florian_9S6A2914_601_1274_2657_3363.jpg,0.5611124,0.31372014,0.12516741
khanhha_noisy1::Rissbilder_for_Florian_9S6A2914_61_827_3521_3770.jpg,0.58605725,0.30671746,0.10722524
khanhha_noisy1::Rissbilder_for_Florian_9S6A2914_864_1519_2861_3089.jpg,0.6264082,0.25455996,0.11903179
khanhha_noisy1::Rissbilder_for_Florian_9S6A2915_1128_2752_2373_2395.jpg,0.62293124,0.24646722,0.13060158
khanhha_noisy1::Rissbilder_for_Florian_9S6A2915_757_2194_2406_2383.jpg,0.6724707,0.22226486,0.10526444
khanhha_noisy1::Rissbilder_for_Florian_9S6A2916_1381_1379_2811_2259.jpg,0.6401973,0.2022356,0.15756708
khanhha_noisy1::Rissbilder_for_Florian_9S6A2916_1475_441_4120_3342.jpg,0.5606279,0.25060233,0.18876982
khanhha_noisy1::Rissbilder_for_Florian_9S6A2916_2449_405_2485_3276.jpg,0.5040073,0.29300138,0.20299134
khanhha_noisy1::Rissbilder_for_Florian_9S6A2916_26_880_2781_2363.jpg,0.54982615,0.3045415,0.14563242
khanhha_noisy1::Rissbilder_for_Florian_9S6A2916_361_66_3733_3710.jpg,0.5071348,0.3113529,0.18151239
khanhha_noisy1::Rissbilder_for_Florian_9S6A2917_0_74_3825_4343.jpg,0.53923225,0.33866513,0.12210256
khanhha_noisy1::Rissbilder_for_Florian_9S6A2917_313_1519_3434_4037.jpg,0.591524,0.32163006,0.0868459
khanhha_noisy1::Rissbilder_for_Florian_9S6A2917_486_1027_3148_3681.jpg,0.58202595,0.30849305,0.10948099
khanhha_noisy1::Rissbilder_for_Florian_9S6A2917_599_2662_2081_2529.jpg,0.3324346,0.39868885,0.2688766
khanhha_noisy1::Rissbilder_for_Florian_9S6A2918_430_1739_2794_3223.jpg,0.44057634,0.24635172,0.31307194
khanhha_noisy1::Rissbilder_for_Florian_9S6A2919_1008_848_2956_2327.jpg,0.47731763,0.1881398,0.3345426
khanhha_noisy1::Rissbilder_for_Florian_9S6A2919_1139_6_3401_3091.jpg,0.5500675,0.16285875,0.28707382
khanhha_noisy1::Rissbilder_for_Florian_9S6A2919_311_375_3331_2605.jpg,0.55724823,0.1185861,0.32416567
khanhha_noisy1::Rissbilder_for_Florian_9S6A2919_910_611_3253_2887.jpg,0.44128695,0.17314853,0.38556454
khanhha_noisy1::Rissbilder_for_Florian_9S6A2923_1668_185_3721_3137.jpg,0.61468405,0.20832941,0.17698659
khanhha_noisy1::Rissbilder_for_Florian_9S6A2923_49_326_3736_3442.jpg,0.2597564,0.4255872,0.3146564
khanhha_noisy1::Rissbilder_for_Florian_9S6A2923_875_539_3052_2796.jpg,0.45230064,0.277877,0.26982236
khanhha_noisy1::Rissbilder_for_Florian_9S6A3085_46_1568_3730_4175.jpg,0.18822715,0.2115382,0.6002347
khanhha_noisy1::Rissbilder_for_Florian_9S6A3085_497_692_2640_2077.jpg,0.12425869,0.03924403,0.83649725
khanhha_noisy1::Rissbilder_for_Florian_9S6A3085_67_497_3262_3700.jpg,0.18129697,0.059824623,0.75887835
khanhha_noisy1::Rissbilder_for_Florian_9S6A3087_146_59_3684_4477.jpg,0.73295623,0.16684341,0.10020033
khanhha_noisy1::Rissbilder_for_Florian_9S6A3088_370_2375_2620_2464.jpg,0.58954823,0.2803817,0.13007009
khanhha_noisy1::Rissbilder_for_Florian_9S6A3089_0_0_3840_5760.jpg,0.45628506,0.37496287,0.16875209
khanhha_noisy1::Rissbilder_for_Florian_9S6A3089_369_1679_3470_3717.jpg,0.6130358,0.22631368,0.16065049
khanhha_noisy1::Rissbilder_for_Florian_9S6A3090_836_130_3789_3301.jpg,0.45586494,0.27654544,0.2675897
khanhha_noisy1::Rissbilder_for_Florian_9S6A3090_960_1737_2204_2039.jpg,0.3131537,0.44400534,0.24284096
khanhha_noisy1::Rissbilder_for_Florian_9S6A3091_375_333_2309_2364.jpg,0.41994897,0.16731714,0.4127339
khanhha_noisy1::Rissbilder_for_Florian_9S6A3091_481_1320_3311_3035.jpg,0.41784668,0.18632928,0.395824
khanhha_noisy1::Rissbilder_for_Florian_9S6A3092_272_70_2808_2402.jpg,0.45714658,0.20898826,0.33386514
khanhha_noisy1::Rissbilder_for_Florian_9S6A3092_3399_925_2286_2829.jpg,0.4941504,0.20951353,0.29633602
khanhha_noisy1::Rissbilder_for_Florian_9S6A3092_623_215_3689_2974.jpg,0.41457173,0.14595973,0.4394686
khanhha_noisy1::Rissbilder_for_Florian_9S6A3093_157_2766_2021_2677.jpg,0.44243377,0.23107746,0.3264887
khanhha_noisy1::Rissbilder_for_Florian_9S6A3093_616_1617_3135_4052.jpg,0.365635,0.23498152,0.39938343
khanhha_noisy1::Rissbilder_for_Florian_9S6A3093_895_2172_2481_2123.jpg,0.43264034,0.16947003,0.3978896
khanhha_noisy1::Rissbilder_for_Florian_9S6A3094_17_1195_3751_3661.jpg,0.60718644,0.22890352,0.16391
khanhha_noisy1::Rissbilder_for_Florian_9S6A3094_504_2131_3084_3443.jpg,0.5505724,0.2501709,0.19925672
khanhha_noisy1::Rissbilder_for_Florian_9S6A3094_596_1754_2681_3046.jpg,0.59790355,0.21235088,0.18974562
khanhha_noisy1::Rissbilder_for_Florian_9S6A3095_418_2347_2757_3271.jpg,0.41846788,0.25798634,0.32354578
khanhha_noisy1::Rissbilder_for_Florian_9S6A3095_514_444_3123_3906.jpg,0.57015103,0.13781497,0.292034
khanhha_noisy1::Rissbilder_for_Florian_9S6A3095_592_717_2568_2704.jpg,0.5853867,0.22585359,0.18875971
khanhha_noisy1::Rissbilder_for_Florian_9S6A3095_89_2165_3402_3441.jpg,0.56509435,0.180698,0.25420767
khanhha_noisy1::Rissbilder_for_Florian_9S6A3096_347_506_3372_3116.jpg,0.13231888,0.019545197,0.84813595
khanhha_noisy1::Rissbilder_for_Florian_9S6A3096_515_1896_2914_2761.jpg,0.24830796,0.040614642,0.71107733
khanhha_noisy1::Rissbilder_for_Florian_9S6A3096_899_155_2326_2742.jpg,0.16590199,0.035638727,0.79845923
khanhha_noisy1::Rissbilder_for_Florian_9S6A3098_1300_3220_2283_2309.jpg,0.60953313,0.22738008,0.16308676
khanhha_noisy1::Rissbilder_for_Florian_9S6A3098_64_1239_3474_2730.jpg,0.39358044,0.38133258,0.22508706
khanhha_noisy1::Rissbilder_for_Florian_9S6A3098_88_800_3751_4641.jpg,0.46371296,0.2800151,0.256272
khanhha_noisy1::Rissbilder_for_Florian_9S6A3099_120_26_3496_4484.jpg,0.47138155,0.28321865,0.24539979
khanhha_noisy1::Rissbilder_for_Florian_9S6A3099_12_492_3822_3921.jpg,0.57456785,0.2438435,0.1815886
khanhha_noisy1::Rissbilder_for_Florian_9S6A3099_441_1535_3289_4016.jpg,0.5801991,0.21406674,0.20573415
khanhha_noisy1::Rissbilder_for_Florian_9S6A3099_86_2659_2827_2257.jpg,0.4966571,0.2889726,0.21437025
khanhha_noisy1::Rissbilder_for_Florian_9S6A3100_374_2397_2891_2543.jpg,0.52723694,0.23470101,0.238062
khanhha_noisy1::Rissbilder_for_Florian_9S6A3100_62_648_2874_2646.jpg,0.42373928,0.34143695,0.23482376
khanhha_noisy1::Rissbilder_for_Florian_9S6A3100_765_387_2677_2632.jpg,0.4000782,0.38336402,0.2165578
khanhha_noisy1::Rissbilder_for_Florian_9S6A3101_1262_2535_2488_2185.jpg,0.5400128,0.24849364,0.21149355
khanhha_noisy1::Rissbilder_for_Florian_9S6A3101_148_599_2929_2917.jpg,0.4978209,0.19929312,0.3028859
khanhha_noisy1::Rissbilder_for_Florian_9S6A3101_487_946_2726_3042.jpg,0.39016604,0.28916162,0.3206724
khanhha_noisy1::Rissbilder_for_Florian_9S6A3102_100_448_3704_4115.jpg,0.44548428,0.22087137,0.33364433
khanhha_noisy1::Rissbilder_for_Florian_9S6A3103_225_1283_3432_3981.jpg,0.5365475,0.079989895,0.3834626
khanhha_noisy1::Rissbilder_for_Florian_9S6A3103_43_936_3780_4403.jpg,0.59858084,0.08397839,0.31744078
khanhha_noisy1::Rissbilder_for_Florian_9S6A3103_446_1371_3306_4182.jpg,0.5894137,0.085563324,0.325023
khanhha_noisy1::Rissbilder_for_Florian_9S6A3103_513_1787_2538_2641.jpg,0.7460825,0.092171505,0.16174601
khanhha_noisy1::Rissbilder_for_Florian_9S6A3104_1061_1181_3086_2630.jpg,0.65226734,0.138048,0.2096847
khanhha_noisy1::Rissbilder_for_Florian_9S6A3104_151_147_3971_3570.jpg,0.6440708,0.23577495,0.12015429
khanhha_noisy1::Rissbilder_for_Florian_9S6A3104_783_263_3586_3511.jpg,0.4815414,0.22951265,0.28894594
khanhha_noisy1::Rissbilder_for_Florian_9S6A3105_186_619_3616_4246.jpg,0.4121799,0.09818102,0.48963907
khanhha_noisy1::Rissbilder_for_Florian_9S6A3105_871_2904_2401_2180.jpg,0.4023156,0.11384953,0.48383486
khanhha_noisy1::Rissbilder_for_Florian_9S6A3105_95_40_3736_3924.jpg,0.37960872,0.11593525,0.50445604
khanhha_noisy1::Rissbilder_for_Florian_9S6A3106_108_1927_3275_2664.jpg,0.6547077,0.22898154,0.11631083
khanhha_noisy1::Rissbilder_for_Florian_9S6A3106_228_1483_2823_2920.jpg,0.6400676,0.2474442,0.1124882
khanhha_noisy1::Rissbilder_for_Florian_9S6A3106_310_2925_3257_2813.jpg,0.66031814,0.24650247,0.093179375
khanhha_noisy1::Rissbilder_for_Florian_9S6A3106_333_1784_3162_3278.jpg,0.6480428,0.22866581,0.12329144
khanhha_noisy1::Rissbilder_for_Florian_9S6A3106_521_315_3058_2943.jpg,0.5556059,0.3005508,0.14384331
khanhha_noisy1::Rissbilder_for_Florian_9S6A3106_85_2598_2058_2287.jpg,0.52934825,0.32011268,0.15053903
khanhha_noisy1::Rissbilder_for_Florian_9S6A3106_9_406_3814_4267.jpg,0.53450364,0.3059352,0.15956119
khanhha_noisy1::Rissbilder_for_Florian_9S6A3108_130_372_2601_2517.jpg,0.17131214,0.12011967,0.7085682
khanhha_noisy1::Rissbilder_for_Florian_9S6A3108_134_412_3328_4228.jpg,0.16825035,0.118515566,0.7132341
khanhha_noisy1::Rissbilder_for_Florian_9S6A3108_160_1043_3170_3960.jpg,0.22070648,0.107074276,0.6722193
khanhha_noisy1::Rissbilder_for_Florian_9S6A3108_365_3231_2323_2320.jpg,0.4454489,0.17560995,0.37894115
khanhha_noisy1::Rissbilder_for_Florian_9S6A3108_43_1162_3415_3672.jpg,0.23379841,0.12149361,0.644708
khanhha_noisy1::Rissbilder_for_Florian_9S6A3108_651_10_2896_3045.jpg,0.14923663,0.089204684,0.7615587
khanhha_noisy1::Rissbilder_for_Florian_9S6A3109_163_622_3006_3321.jpg,0.3951759,0.19426978,0.4105543
khanhha_noisy1::Rissbilder_for_Florian_9S6A3109_440_362_3337_4316.jpg,0.17208925,0.10046846,0.72744226
khanhha_noisy1::Rissbilder_for_Florian_9S6A3109_793_2237_2466_2142.jpg,0.30059606,0.14765504,0.55174893
khanhha_noisy1::Rissbilder_for_Florian_9S6A3110_0_0_3840_5760.jpg,0.41589096,0.20290898,0.38120005
khanhha_noisy1::Rissbilder_for_Florian_9S6A3110_52_945_3558_4432.jpg,0.5389366,0.1802814,0.28078192
khanhha_noisy1::Rissbilder_for_Florian_9S6A3111_42_1509_3500_3908.jpg,0.6581608,0.19639263,0.14544654
khanhha_noisy1::Rissbilder_for_Florian_9S6A3111_601_683_2556_3338.jpg,0.68075407,0.20608258,0.11316331
khanhha_noisy1::Rissbilder_for_Florian_9S6A3112_1296_2688_2055_2721.jpg,0.54020023,0.3145905,0.1452093
khanhha_noisy1::Rissbilder_for_Florian_9S6A3112_1349_1614_2446_2337.jpg,0.655794,0.13993539,0.20427056
khanhha_noisy1::Rissbilder_for_Florian_9S6A3113_104_526_3717_3372.jpg,0.49524692,0.26339376,0.2413594
khanhha_noisy1::Rissbilder_for_Florian_9S6A3114_1215_3118_2077_2478.jpg,0.685992,0.15386862,0.16013937
khanhha_noisy1::Rissbilder_for_Florian_9S6A3114_358_1983_3344_3063.jpg,0.59369123,0.30573702,0.10057173
khanhha_noisy1::Rissbilder_for_Florian_9S6A3114_871_3543_2822_2137.jpg,0.64719623,0.21296382,0.13983999
khanhha_noisy1::Rissbilder_for_Florian_9S6A3115_1009_154_4329_3598.jpg,0.1256601,0.088778734,0.7855611
khanhha_noisy1::Rissbilder_for_Florian_9S6A3115_1837_674_2470_3120.jpg,0.21437153,0.07452223,0.71110624
khanhha_noisy1::Rissbilder_for_Florian_9S6A3115_1867_748_3166_2919.jpg,0.08896093,0.032568283,0.8784708
khanhha_noisy1::Rissbilder_for_Florian_9S6A3116_390_1097_2997_3963.jpg,0.33166572,0.1404595,0.5278748
khanhha_noisy1::Rissbilder_for_Florian_9S6A3116_555_2380_2956_2340.jpg,0.4951766,0.27785078,0.22697258
khanhha_noisy1::Rissbilder_for_Florian_9S6A3117_0_0_3840_5760.jpg,0.4674598,0.3829028,0.14963739
khanhha_noisy1::Rissbilder_for_Florian_9S6A3117_155_109_3546_2785.jpg,0.43239477,0.4265588,0.14104643
khanhha_noisy1::Rissbilder_for_Florian_9S6A3117_911_680_2749_2883.jpg,0.42321634,0.42823684,0.1485468
khanhha_noisy1::Rissbilder_for_Florian_9S6A3118_1132_115_4379_3677.jpg,0.50112414,0.09107125,0.40780464
khanhha_noisy1::Rissbilder_for_Florian_9S6A3118_2514_38_2922_3514.jpg,0.44703674,0.10731074,0.44565248
khanhha_noisy1::Rissbilder_for_Florian_9S6A3119_1583_2261_2214_2879.jpg,0.44767293,0.33939394,0.2129332
khanhha_noisy1::Rissbilder_for_Florian_9S6A3119_179_1656_3530_3136.jpg,0.25380898,0.1380774,0.6081136
khanhha_noisy1::Rissbilder_for_Florian_9S6A3119_520_1811_3242_3051.jpg,0.32796696,0.15413126,0.51790184
khanhha_noisy1::Rissbilder_for_Florian_9S6A3120_14_1099_3666_4059.jpg,0.070422046,0.06395954,0.86561847
khanhha_noisy1::Rissbilder_for_Florian_9S6A3120_217_1113_3331_4192.jpg,0.044406604,0.035275843,0.92031753
khanhha_noisy1::Rissbilder_for_Florian_9S6A3120_236_1671_2928_2310.jpg,0.38968787,0.21988222,0.39042997
khanhha_noisy1::Rissbilder_for_Florian_9S6A3120_875_1120_2089_2571.jpg,0.42615262,0.29342926,0.28041807
khanhha_noisy1::Rissbilder_for_Florian_9S6A3121_1095_2665_2007_2602.jpg,0.4112957,0.36380103,0.22490323
khanhha_noisy1::Rissbilder_for_Florian_9S6A3121_224_1466_3238_3220.jpg,0.38227132,0.37845227,0.23927636
khanhha_noisy1::Rissbilder_for_Florian_9S6A3121_408_826_2841_3663.jpg,0.3839708,0.34732965,0.26869953
khanhha_noisy1::Rissbilder_for_Florian_9S6A3122_155_390_2741_3264.jpg,0.25880507,0.26445964,0.47673532
khanhha_noisy1::Rissbilder_for_Florian_9S6A3122_463_1629_3085_3858.jpg,0.29189357,0.13304384,0.57506263
khanhha_noisy1::Rissbilder_for_Florian_9S6A3123_240_2905_2709_2486.jpg,0.25059217,0.084528394,0.6648794
khanhha_noisy1::Rissbilder_for_Florian_9S6A3123_372_1209_3339_4319.jpg,0.14110376,0.08582425,0.773072
khanhha_noisy1::Rissbilder_for_Florian_9S6A3124_1300_898_2343_2899.jpg,0.5751621,0.16508727,0.2597506
khanhha_noisy1::Rissbilder_for_Florian_9S6A3124_465_2434_3240_3146.jpg,0.37864968,0.09417263,0.52717763
khanhha_noisy1::Rissbilder_for_Florian_9S6A3126_162_642_3629_3769.jpg,0.14700915,0.6406474,0.21234338
khanhha_noisy1::Rissbilder_for_Florian_9S6A3126_206_1216_3376_3686.jpg,0.16831173,0.63745767,0.19423056
khanhha_noisy1::Rissbilder_for_Florian_9S6A3126_264_1533_3180_4043.jpg,0.15558691,0.63711315,0.20729998
khanhha_noisy1::Rissbilder_for_Florian_9S6A3126_429_167_3310_4297.jpg,0.1218654,0.7064909,0.1716437
khanhha_noisy1::Rissbilder_for_Florian_9S6A3127_114_2737_3530_2753.jpg,0.5666758,0.29025704,0.14306708
khanhha_noisy1::Rissbilder_for_Florian_9S6A3127_54_1984_3083_3305.jpg,0.5403869,0.33798313,0.12162991
khanhha_noisy1::Rissbilder_for_Florian_9S6A3127_595_2880_2296_2633.jpg,0.42852297,0.36179408,0.20968291
khanhha_noisy1::Rissbilder_for_Florian_9S6A3127_653_1639_2788_3252.jpg,0.5057643,0.31854984,0.17568591
khanhha_noisy1::Rissbilder_for_Florian_9S6A3127_89_657_3259_3858.jpg,0.68137586,0.19910294,0.11952112
khanhha_noisy1::Rissbilder_for_Florian_9S6A3127_9_1051_3792_3003.jpg,0.68329275,0.21035272,0.10635456
khanhha_noisy1::Rissbilder_for_Florian_9S6A3128_304_338_2449_2867.jpg,0.5742263,0.16167422,0.26409942
khanhha_noisy1::Rissbilder_for_Florian_9S6A3128_580_813_2343_2413.jpg,0.59579235,0.17048346,0.23372425
khanhha_noisy1::Rissbilder_for_Florian_9S6A3128_7_578_2768_3056.jpg,0.58794826,0.16432314,0.24772868
khanhha_noisy1::Rissbilder_for_Florian_9S6A3129_141_412_2185_2751.jpg,0.51390725,0.3834611,0.10263169
khanhha_noisy1::Rissbilder_for_Florian_9S6A3129_78_688_3494_3199.jpg,0.49030736,0.19473219,0.31496042
khanhha_noisy1::Rissbilder_for_Florian_9S6A3129_882_707_2680_2479.jpg,0.6600314,0.1485648,0.19140382
khanhha_noisy1::Rissbilder_for_Florian_9S6A3130_190_1907_3510_2920.jpg,0.3098523,0.28996363,0.40018407
khanhha_noisy1::Rissbilder_for_Florian_9S6A3130_24_518_3753_4265.jpg,0.28542206,0.21777253,0.49680534
khanhha_noisy1::Rissbilder_for_Florian_9S6A3130_35_1947_3497_3753.jpg,0.3998722,0.2813901,0.31873772
khanhha_noisy1::Rissbilder_for_Florian_9S6A3130_485_279_2724_2520.jpg,0.4506993,0.35565227,0.19364849
khanhha_noisy1::Rissbilder_for_Florian_9S6A3130_741_2592_3069_3082.jpg,0.3837938,0.18202955,0.43417665
khanhha_noisy1::Rissbilder_for_Florian_9S6A3131_308_1998_2814_2860.jpg,0.5609412,0.2710593,0.16799949
khanhha_noisy1::Rissbilder_for_Florian_9S6A3131_389_1670_3375_3959.jpg,0.41665155,0.20042482,0.38292366
khanhha_noisy1::Rissbilder_for_Florian_9S6A3131_542_1698_3243_3761.jpg,0.52912545,0.19868158,0.27219304
khanhha_noisy1::Rissbilder_for_Florian_9S6A3132_2349_1232_2560_2243.jpg,0.348852,0.266233,0.384915
khanhha_noisy1::Rissbilder_for_Florian_9S6A3132_2998_275_2346_3000.jpg,0.3627262,0.3951243,0.2421495
khanhha_noisy1::Rissbilder_for_Florian_9S6A3133_207_186_4184_3281.jpg,0.12376474,0.044690065,0.8315452
khanhha_noisy1::Rissbilder_for_Florian_9S6A3134_140_2003_2431_2080.jpg,0.24525543,0.120142944,0.63460165
khanhha_noisy1::Rissbilder_for_Florian_9S6A3134_417_310_2997_3294.jpg,0.20186272,0.36019504,0.43794227
khanhha_noisy1::Rissbilder_for_Florian_9S6A3134_422_2625_3386_2683.jpg,0.26989964,0.19668186,0.53341854
khanhha_noisy1::Rissbilder_for_Florian_9S6A3134_750_425_1978_2414.jpg,0.26242834,0.27849358,0.45907807
khanhha_noisy1::Rissbilder_for_Florian_9S6A3134_76_855_3718_4555.jpg,0.2390764,0.31473896,0.44618466
khanhha_noisy1::Rissbilder_for_Florian_9S6A3135_339_1311_2661_3168.jpg,0.4429787,0.2521371,0.3048842
khanhha_noisy1::Rissbilder_for_Florian_9S6A3136_0_0_5760_3840.jpg,0.32945958,0.21017939,0.460361
khanhha_noisy1::Rissbilder_for_Florian_9S6A3136_1628_12_2911_3801.jpg,0.34102592,0.12195604,0.53701806
khanhha_noisy1::Rissbilder_for_Florian_9S6A3137_1104_2295_2445_3107.jpg,0.53836167,0.11137743,0.35026082
khanhha_noisy1::Rissbilder_for_Florian_9S6A3137_1228_1792_2559_2477.jpg,0.72221994,0.16533564,0.11244433
khanhha_noisy1::Rissbilder_for_Florian_9S6A3137_182_823_3574_4047.jpg,0.588293,0.1602528,0.25145423
khanhha_noisy1::Rissbilder_for_Florian_9S6A3137_201_2087_3465_3669.jpg,0.44180772,0.09036272,0.46782956
khanhha_noisy1::Rissbilder_for_Florian_9S6A3137_313_2279_2337_2933.jpg,0.5889771,0.22031333,0.1907096
khanhha_noisy1::Rissbilder_for_Florian_9S6A3137_507_1097_2555_2213.jpg,0.60704744,0.2959029,0.09704963
khanhha_noisy1::Rissbilder_for_Florian_9S6A3138_115_569_2228_2606.jpg,0.40832916,0.25035655,0.34131432
khanhha_noisy1::Sylvie_Chambon_006.jpg,0.6909953,0.15379542,0.15520933
khanhha_noisy1::Sylvie_Chambon_022.jpg,0.42992598,0.13741314,0.43266088
khanhha_noisy1::Sylvie_Chambon_025.jpg,0.47531497,0.29529658,0.22938839
khanhha_noisy1::Sylvie_Chambon_038.jpg,0.33993483,0.3552417,0.30482352
khanhha_noisy1::Sylvie_Chambon_039.jpg,0.44476232,0.27301097,0.28222674
khanhha_noisy1::Sylvie_Chambon_056.jpg,0.32130992,0.3467887,0.3319013
khanhha_noisy1::Sylvie_Chambon_057.jpg,0.16491644,0.22651294,0.60857064
khanhha_noisy1::Sylvie_Chambon_058.jpg,0.33659458,0.39024454,0.2731609
khanhha_noisy1::Sylvie_Chambon_062.jpg,0.48129272,0.37743562,0.14127162
khanhha_noisy1::Sylvie_Chambon_068.jpg,0.7124582,0.17509425,0.112447605
khanhha_noisy1::Sylvie_Chambon_069.jpg,0.44935867,0.36184794,0.18879339
khanhha_noisy1::Sylvie_Chambon_073.jpg,0.30432913,0.48462984,0.21104105
khanhha_noisy1::Sylvie_Chambon_087.jpg,0.5194962,0.29018945,0.19031435
khanhha_noisy1::Sylvie_Chambon_089.jpg,0.26596233,0.2927035,0.44133407
khanhha_noisy1::Sylvie_Chambon_094.jpg,0.37014136,0.25833774,0.37152097
khanhha_noisy1::Sylvie_Chambon_105.jpg,0.64254427,0.14053015,0.21692567
khanhha_noisy1::Sylvie_Chambon_107.jpg,0.26867974,0.3896469,0.34167343
khanhha_noisy1::Sylvie_Chambon_116.jpg,0.58059865,0.2545693,0.16483209
khanhha_noisy1::Sylvie_Chambon_206.jpg,0.29188678,0.5401248,0.16798843
khanhha_noisy1::Sylvie_Chambon_207.jpg,0.29508704,0.5394313,0.16548172
khanhha_noisy1::Sylvie_Chambon_208.jpg,0.34160742,0.4817699,0.1766227
khanhha_noisy1::Sylvie_Chambon_303.jpg,0.35150903,0.44766828,0.20082273
khanhha_noisy1::Sylvie_Chambon_306.jpg,0.7842477,0.12709904,0.08865333
khanhha_noisy1::Sylvie_Chambon_314.jpg,0.68532026,0.11320576,0.20147397
khanhha_noisy1::Sylvie_Chambon_319.jpg,0.21385919,0.05586,0.73028076
khanhha_noisy1::Sylvie_Chambon_323.jpg,0.46223173,0.23150492,0.3062634
khanhha_noisy1::Sylvie_Chambon_Im_noGT_ESAR_21a.jpg,0.33210954,0.2803481,0.38754234
khanhha_noisy1::Sylvie_Chambon_Im_noGT_ESAR_33a.jpg,0.26969352,0.50809515,0.22221135
khanhha_noisy1::Volker_DSC01608_969_117_1674_1684.jpg,0.15800096,0.033430178,0.80856884
khanhha_noisy1::Volker_DSC01610_123_687_1549_1614.jpg,0.3022367,0.10756964,0.59019357
khanhha_noisy1::Volker_DSC01610_142_1014_1353_1352.jpg,0.33194295,0.13311134,0.53494567
khanhha_noisy1::Volker_DSC01610_303_207_1284_1603.jpg,0.48371807,0.19295834,0.32332364
khanhha_noisy1::Volker_DSC01612_211_482_1550_1714.jpg,0.09234965,0.047922052,0.8597283
khanhha_noisy1::Volker_DSC01612_8_444_1816_1750.jpg,0.077734284,0.05118309,0.87108266
khanhha_noisy1::Volker_DSC01623_0_0_1824_2736.jpg,0.055364747,0.028475307,0.91616
khanhha_noisy1::Volker_DSC01623_134_615_1595_1694.jpg,0.19091883,0.0752935,0.7337877
khanhha_noisy1::Volker_DSC01623_22_364_1793_1961.jpg,0.08531279,0.05360032,0.8610869
khanhha_noisy1::Volker_DSC01623_32_1414_1144_1043.jpg,0.61920905,0.14945282,0.23133811
khanhha_noisy1::Volker_DSC01624_0_0_2736_1824.jpg,0.40919837,0.0532928,0.5375088
khanhha_noisy1::Volker_DSC01625_69_1101_1754_1427.jpg,0.345856,0.524619,0.12952496
khanhha_noisy1::Volker_DSC01626_121_195_1176_1486.jpg,0.26136205,0.5967948,0.1418432
khanhha_noisy1::Volker_DSC01626_24_407_1783_1611.jpg,0.31583646,0.54576254,0.13840106
khanhha_noisy1::Volker_DSC01628_0_0_1824_2736.jpg,0.28733322,0.2150846,0.49758214
khanhha_noisy1::Volker_DSC01628_628_1158_1128_1084.jpg,0.5160429,0.21197292,0.27198416
khanhha_noisy1::Volker_DSC01629_412_54_1933_1766.jpg,0.299268,0.47318038,0.22755165
khanhha_noisy1::Volker_DSC01630_176_437_1360_1040.jpg,0.3036271,0.012690142,0.6836828
khanhha_noisy1::Volker_DSC01630_374_343_1233_1342.jpg,0.2336433,0.011028518,0.7553282
khanhha_noisy1::Volker_DSC01631_2_30_1821_2154.jpg,0.44948158,0.09845105,0.45206735
khanhha_noisy1::Volker_DSC01632_0_0_1824_2736.jpg,0.21477649,0.03296731,0.7522563
khanhha_noisy1::Volker_DSC01632_109_353_1680_1636.jpg,0.13991986,0.046887975,0.8131921
khanhha_noisy1::Volker_DSC01633_217_183_1290_1578.jpg,0.32621577,0.051623818,0.62216043
khanhha_noisy1::Volker_DSC01634_192_653_1400_1605.jpg,0.7106945,0.16511828,0.12418727
khanhha_noisy1::Volker_DSC01634_193_315_1605_1896.jpg,0.75942826,0.09762708,0.14294463
khanhha_noisy1::Volker_DSC01634_213_873_1583_1809.jpg,0.86022455,0.07288414,0.06689125
khanhha_noisy1::Volker_DSC01634_30_959_1479_1599.jpg,0.7680245,0.13056451,0.10141103
khanhha_noisy1::Volker_DSC01635_0_0_2736_1824.jpg,0.7522709,0.12536953,0.12235957
khanhha_noisy1::Volker_DSC01635_130_334_986_1295.jpg,0.6357367,0.2679754,0.09628787
khanhha_noisy1::Volker_DSC01635_548_45_1336_1686.jpg,0.5426945,0.16017392,0.29713163
khanhha_noisy1::Volker_DSC01636_1084_9_1476_1810.jpg,0.23271343,0.029574791,0.7377118
khanhha_noisy1::Volker_DSC01637_274_432_1128_1113.jpg,0.18827645,0.43157265,0.38015088
khanhha_noisy1::Volker_DSC01637_616_1353_1168_1288.jpg,0.25827304,0.5057567,0.23597029
khanhha_noisy1::Volker_DSC01638_447_153_1384_1576.jpg,0.21184632,0.055757698,0.73239607
khanhha_noisy1::Volker_DSC01638_708_382_1525_1354.jpg,0.3719743,0.058076985,0.56994873
khanhha_noisy1::Volker_DSC01638_937_538_1159_1162.jpg,0.48257235,0.07648952,0.44093812
khanhha_noisy1::Volker_DSC01639_1065_321_1284_1200.jpg,0.51671094,0.11414316,0.3691459
khanhha_noisy1::Volker_DSC01639_165_52_1412_1364.jpg,0.21004163,0.083027884,0.70693046
khanhha_noisy1::Volker_DSC01640_376_6_2132_1787.jpg,0.3669899,0.26835784,0.36465222
khanhha_noisy1::Volker_DSC01640_747_235_1398_1374.jpg,0.38377723,0.3254077,0.29081511
khanhha_noisy1::Volker_DSC01641_300_104_1322_1459.jpg,0.31732786,0.101291195,0.5813809
khanhha_noisy1::Volker_DSC01641_437_407_1733_1413.jpg,0.52759856,0.12381831,0.3485832
khanhha_noisy1::Volker_DSC01641_929_30_1600_1758.jpg,0.41671598,0.073110014,0.510174
khanhha_noisy1::Volker_DSC01642_220_63_1843_1585.jpg,0.26239166,0.18520303,0.55240536
khanhha_noisy1::Volker_DSC01643_1311_276_1242_1009.jpg,0.3919782,0.120499305,0.48752248
khanhha_noisy1::Volker_DSC01643_157_235_1785_1431.jpg,0.32231903,0.07580289,0.6018781
khanhha_noisy1::Volker_DSC01644_612_414_1320_1175.jpg,0.4795369,0.18066621,0.33979684
khanhha_noisy1::Volker_DSC01646_226_19_1273_1645.jpg,0.42371678,0.05180195,0.5244813
khanhha_noisy1::Volker_DSC01646_456_54_2117_1728.jpg,0.34355843,0.027479433,0.62896204
khanhha_noisy1::Volker_DSC01648_211_212_1177_955.jpg,0.4576381,0.12110257,0.42125937
khanhha_noisy1::Volker_DSC01649_0_0_1824_2736.jpg,0.23899762,0.121081725,0.63992065
khanhha_noisy1::Volker_DSC01649_128_1341_1226_1195.jpg,0.45141846,0.20706487,0.34151664
khanhha_noisy1::Volker_DSC01650_983_400_1710_1295.jpg,0.1403836,0.16117616,0.69844025
khanhha_noisy1::Volker_DSC01651_163_249_1349_1454.jpg,0.21904327,0.10965554,0.6713012
khanhha_noisy1::Volker_DSC01651_61_82_1347_1168.jpg,0.15716347,0.074410684,0.7684258
khanhha_noisy1::Volker_DSC01652_217_429_1194_1007.jpg,0.100735545,0.03324541,0.86601907
khanhha_noisy1::Volker_DSC01652_699_100_1925_1592.jpg,0.16468315,0.04881046,0.78650635
khanhha_noisy1::Volker_DSC01653_120_360_1526_1294.jpg,0.13965859,0.028719999,0.83162147
khanhha_noisy1::Volker_DSC01653_441_257_1154_966.jpg,0.13322762,0.018111432,0.84866095
khanhha_noisy1::Volker_DSC01653_635_9_1390_1253.jpg,0.17836218,0.04824072,0.7733971
khanhha_noisy1::Volker_DSC01653_791_41_1849_1670.jpg,0.2358767,0.078929245,0.685194
khanhha_noisy1::Volker_DSC01655_613_606_1092_1056.jpg,0.33416525,0.24180679,0.42402798
khanhha_noisy1::Volker_DSC01656_140_1416_1684_1279.jpg,0.53733116,0.14838089,0.31428796
khanhha_noisy1::Volker_DSC01657_130_62_1583_1831.jpg,0.2656409,0.34962538,0.38473377
khanhha_noisy1::Volker_DSC01657_290_50_1476_1614.jpg,0.30965194,0.38772774,0.30262038
khanhha_noisy1::Volker_DSC01657_665_1068_1125_1350.jpg,0.24175653,0.3325179,0.4257256
khanhha_noisy1::Volker_DSC01657_8_1012_1813_1672.jpg,0.2870411,0.371745,0.3412139
khanhha_noisy1::Volker_DSC01658_0_0_1824_2736.jpg,0.2267122,0.42842054,0.3448673
khanhha_noisy1::Volker_DSC01658_167_371_1635_1643.jpg,0.33361462,0.3292197,0.33716574
khanhha_noisy1::Volker_DSC01658_352_1474_1034_1008.jpg,0.26421428,0.39478824,0.34099746
khanhha_noisy1::Volker_DSC01658_470_825_1327_1606.jpg,0.372002,0.3719635,0.2560345
khanhha_noisy1::Volker_DSC01659_516_815_948_1199.jpg,0.43433222,0.24244969,0.32321817
khanhha_noisy1::Volker_DSC01660_192_247_1588_1991.jpg,0.56326485,0.22887254,0.20786263
khanhha_noisy1::Volker_DSC01661_0_0_1824_2736.jpg,0.39571342,0.1684384,0.43584818
khanhha_noisy1::Volker_DSC01661_290_595_1071_1180.jpg,0.35410377,0.39125445,0.25464177
khanhha_noisy1::Volker_DSC01661_400_1545_1179_1103.jpg,0.25479412,0.46060523,0.28460065
khanhha_noisy1::Volker_DSC01664_168_876_1650_1486.jpg,0.4172036,0.2877488,0.2950476
khanhha_noisy1::Volker_DSC01664_41_897_1611_1239.jpg,0.37430498,0.3031433,0.32255173
khanhha_noisy1::Volker_DSC01664_84_855_1625_1542.jpg,0.41046515,0.2367345,0.35280034
khanhha_noisy1::Volker_DSC01665_11_415_1778_1890.jpg,0.2802108,0.40033567,0.3194535
khanhha_noisy1::Volker_DSC01665_74_990_1563_1266.jpg,0.300024,0.31785914,0.3821169
khanhha_noisy1::Volker_DSC01666_185_540_876_1155.jpg,0.24209186,0.4184158,0.3394923
khanhha_noisy1::Volker_DSC01667_0_0_1824_2736.jpg,0.5424487,0.15220113,0.3053502
khanhha_noisy1::Volker_DSC01667_106_338_1708_2132.jpg,0.4675787,0.23849086,0.2939304
khanhha_noisy1::Volker_DSC01669_0_0_1824_2736.jpg,0.500066,0.2499259,0.2500081
khanhha_noisy1::Volker_DSC01669_9_1042_1814_1517.jpg,0.64642507,0.19236311,0.16121183
khanhha_noisy1::Volker_DSC01670_3_833_1821_1836.jpg,0.64077425,0.21060722,0.14861852
khanhha_noisy1::Volker_DSC01670_678_871_1022_989.jpg,0.4408121,0.32996956,0.22921832
khanhha_noisy1::Volker_DSC01671_63_417_1630_2053.jpg,0.5553474,0.23093414,0.21371847
khanhha_noisy1::Volker_DSC01672_140_255_1259_1633.jpg,0.26438987,0.27748513,0.45812503
khanhha_noisy1::Volker_DSC01672_236_664_1240_1592.jpg,0.25734648,0.32890022,0.41375324
khanhha_noisy1::Volker_DSC01672_39_1294_1098_1354.jpg,0.34353536,0.38057098,0.2758936
khanhha_noisy1::Volker_DSC01673_0_0_1824_2736.jpg,0.58166355,0.19841672,0.21991973
khanhha_noisy1::Volker_DSC01674_0_1080_1601_1598.jpg,0.7274304,0.15323453,0.11933513
khanhha_noisy1::Volker_DSC01674_53_426_1730_2092.jpg,0.7665462,0.15569973,0.077754065
khanhha_noisy1::Volker_DSC01674_748_1007_996_1190.jpg,0.69093895,0.11668148,0.19237956
khanhha_noisy1::Volker_DSC01676_146_1254_955_1190.jpg,0.30390522,0.25693968,0.43915513
khanhha_noisy1::Volker_DSC01676_35_128_1239_1463.jpg,0.44130957,0.18550004,0.37319037
khanhha_noisy1::Volker_DSC01677_185_223_1446_1163.jpg,0.65660936,0.1898174,0.1535732
khanhha_noisy1::Volker_DSC01677_26_956_1697_1698.jpg,0.5578924,0.2531816,0.18892601
khanhha_noisy1::Volker_DSC01677_40_7_1782_1399.jpg,0.7627887,0.14013799,0.097073264
khanhha_noisy1::Volker_DSC01678_0_0_1824_2736.jpg,0.6815903,0.15677364,0.161636
khanhha_noisy1::Volker_DSC01678_14_998_1278_1270.jpg,0.60948616,0.22198966,0.16852413
khanhha_noisy1::Volker_DSC01678_282_907_1086_1149.jpg,0.4452052,0.28514647,0.26964837
khanhha_noisy1::Volker_DSC01679_0_0_1824_2736.jpg,0.41538155,0.23259096,0.3520275
khanhha_noisy1::Volker_DSC01679_0_789_1823_1945.jpg,0.4540142,0.31968167,0.22630417
khanhha_noisy1::Volker_DSC01679_67_383_1713_2223.jpg,0.3973745,0.29483804,0.30778742
khanhha_noisy1::Volker_DSC01680_0_0_1824_2736.jpg,0.23217496,0.39250433,0.37532076
khanhha_noisy1::Volker_DSC01680_146_194_1555_1973.jpg,0.26843497,0.4375002,0.29406485
khanhha_noisy1::Volker_DSC01680_168_539_1554_1946.jpg,0.19766866,0.41126245,0.3910689
khanhha_noisy1::Volker_DSC01680_63_445_1729_1300.jpg,0.28754395,0.42002043,0.29243556
khanhha_noisy1::Volker_DSC01683_67_1024_1660_1636.jpg,0.3817874,0.36460957,0.253603
khanhha_noisy1::Volker_DSC01685_202_585_1600_1686.jpg,0.41693193,0.31068364,0.27238443
khanhha_noisy1::Volker_DSC01685_252_569_1566_2047.jpg,0.48250195,0.28331265,0.23418538
khanhha_noisy1::Volker_DSC01686_297_570_1208_1271.jpg,0.36579266,0.3403041,0.29390326
khanhha_noisy1::Volker_DSC01687_13_413_1695_1782.jpg,0.3532894,0.34499866,0.30171195
khanhha_noisy1::Volker_DSC01687_256_1075_1494_1234.jpg,0.60038716,0.27067044,0.12894244
khanhha_noisy1::Volker_DSC01688_29_115_1785_2096.jpg,0.4607083,0.3139528,0.22533885
khanhha_noisy1::Volker_DSC01688_89_1104_1613_1250.jpg,0.53995645,0.22009283,0.23995076
khanhha_noisy1::Volker_DSC01690_763_1051_1043_1097.jpg,0.39314133,0.32205287,0.28480583
khanhha_noisy1::Volker_DSC01691_35_741_1602_1808.jpg,0.3595786,0.40245235,0.23796903
khanhha_noisy1::Volker_DSC01691_6_526_1388_1598.jpg,0.24423166,0.42841634,0.32735193
khanhha_noisy1::Volker_DSC01692_28_197_1636_1369.jpg,0.6654437,0.16026871,0.17428759
khanhha_noisy1::Volker_DSC01693_1323_467_1353_1116.jpg,0.6094869,0.2684127,0.12210044
khanhha_noisy1::Volker_DSC01693_166_276_1259_1362.jpg,0.26354766,0.42545718,0.3109952
khanhha_noisy1::Volker_DSC01695_0_0_2736_1824.jpg,0.62735224,0.119475745,0.25317198
khanhha_noisy1::Volker_DSC01696_0_0_2736_1824.jpg,0.47491908,0.28967956,0.23540136
khanhha_noisy1::Volker_DSC01698_213_356_1899_1462.jpg,0.44946212,0.20619117,0.34434673
khanhha_noisy1::Volker_DSC01699_0_0_1824_2736.jpg,0.38544035,0.45766786,0.15689176
khanhha_noisy1::Volker_DSC01699_751_408_1048_1101.jpg,0.41339502,0.41746768,0.16913727
khanhha_noisy1::Volker_DSC01700_158_517_1605_1442.jpg,0.53603673,0.3100642,0.15389916
khanhha_noisy1::Volker_DSC01701_103_539_1579_1680.jpg,0.4054177,0.34301692,0.25156534
khanhha_noisy1::Volker_DSC01702_39_31_1703_1771.jpg,0.6418358,0.2240803,0.13408391
khanhha_noisy1::Volker_DSC01702_418_156_1024_1333.jpg,0.32139504,0.44103262,0.23757228
khanhha_noisy1::Volker_DSC01703_23_907_1787_1745.jpg,0.47750837,0.33533758,0.18715414
khanhha_noisy1::Volker_DSC01703_413_202_1272_965.jpg,0.41881156,0.32337773,0.25781074
khanhha_noisy1::Volker_DSC01703_599_1250_1072_1001.jpg,0.31975433,0.3370111,0.34323463
khanhha_noisy1::Volker_DSC01705_103_1212_1149_941.jpg,0.39150387,0.19542865,0.41306752
khanhha_noisy1::Volker_DSC01705_286_514_1483_1229.jpg,0.6079763,0.16576475,0.22625895
khanhha_noisy1::Volker_DSC01705_35_261_1646_1312.jpg,0.49247834,0.20460102,0.30292064
khanhha_noisy1::Volker_DSC01705_493_958_1260_1668.jpg,0.479182,0.25691086,0.2639071
khanhha_noisy1::Volker_DSC01706_613_680_974_1043.jpg,0.19960551,0.45384935,0.3465452
khanhha_noisy1::Volker_DSC01707_33_309_1713_1946.jpg,0.7026609,0.11192945,0.18540959
khanhha_noisy1::Volker_DSC01707_44_131_1757_2144.jpg,0.71187896,0.121888325,0.16623278
khanhha_noisy1::Volker_DSC01707_540_967_1161_1226.jpg,0.40816084,0.2707537,0.32108548
khanhha_noisy1::Volker_DSC01708_274_347_1439_1315.jpg,0.44939238,0.3539457,0.19666192
khanhha_noisy1::Volker_DSC01709_269_118_1281_1314.jpg,0.32428804,0.4863001,0.18941185
khanhha_noisy1::Volker_DSC01709_71_801_1387_1771.jpg,0.19515774,0.4912326,0.31360966
khanhha_noisy1::cracktree200_6201.jpg,0.37431064,0.20893808,0.41675133
khanhha_noisy1::cracktree200_6203.jpg,0.63179654,0.17962444,0.188579
khanhha_noisy1::cracktree200_6234.jpg,0.4555076,0.24296553,0.30152696
khanhha_noisy1::cracktree200_6243.jpg,0.5724917,0.26252797,0.16498034
khanhha_noisy1::cracktree200_6247.jpg,0.40115047,0.39155185,0.20729774
khanhha_noisy1::cracktree200_6258.jpg,0.57115054,0.21894528,0.20990416
khanhha_noisy1::cracktree200_6259.jpg,0.49653757,0.20113736,0.30232507
khanhha_noisy1::cracktree200_6261.jpg,0.4592471,0.21060309,0.3301498
khanhha_noisy1::cracktree200_6266.jpg,0.39093027,0.3776741,0.23139572
khanhha_noisy1::cracktree200_6268.jpg,0.3379398,0.35810715,0.303953
khanhha_noisy1::cracktree200_6278.jpg,0.39737672,0.30332592,0.29929745
khanhha_noisy1::cracktree200_6281.jpg,0.46322653,0.22834755,0.308426
khanhha_noisy1::cracktree200_6297.jpg,0.2886914,0.28876078,0.42254782
khanhha_noisy1::cracktree200_6298.jpg,0.3099381,0.5343534,0.15570854
khanhha_noisy1::cracktree200_6301.jpg,0.22607246,0.40470603,0.36922157
khanhha_noisy1::cracktree200_6310.jpg,0.18446863,0.4370775,0.3784538
khanhha_noisy1::cracktree200_6321.jpg,0.4590116,0.2788243,0.26216412
khanhha_noisy1::cracktree200_6327.jpg,0.48952338,0.25969207,0.25078452
khanhha_noisy1::cracktree200_6328.jpg,0.7208407,0.17234053,0.10681872
khanhha_noisy1::cracktree200_6329.jpg,0.7719547,0.118965484,0.10907983
khanhha_noisy1::cracktree200_6330.jpg,0.6066163,0.19259772,0.200786
khanhha_noisy1::cracktree200_6334.jpg,0.6749169,0.16502102,0.16006207
khanhha_noisy1::cracktree200_6340.jpg,0.6428653,0.19690478,0.16022989
khanhha_noisy1::cracktree200_6351.jpg,0.29471192,0.26367155,0.4416165
khanhha_noisy1::cracktree200_6623.jpg,0.2606447,0.27644473,0.46291056
khanhha_noisy1::cracktree200_6635.jpg,0.2317587,0.18383038,0.58441085
khanhha_noisy1::cracktree200_6645.jpg,0.2013009,0.24098948,0.55770963
khanhha_noisy1::cracktree200_6647.jpg,0.10452374,0.22483583,0.6706404
khanhha_noisy1::cracktree200_6658.jpg,0.22940558,0.27632093,0.49427348
khanhha_noisy1::cracktree200_6710.jpg,0.40159965,0.21575642,0.38264394
khanhha_noisy1::cracktree200_6774.jpg,0.45693594,0.27877092,0.2642932
khanhha_noisy1::forest_003.jpg,0.5840977,0.1616952,0.25420707
khanhha_noisy1::forest_006.jpg,0.6909953,0.15379542,0.15520933
khanhha_noisy1::forest_018.jpg,0.38959736,0.364143,0.24625966
khanhha_noisy1::forest_022.jpg,0.42992598,0.13741314,0.43266088
khanhha_noisy1::forest_038.jpg,0.33993483,0.3552417,0.30482352
khanhha_noisy1::forest_048.jpg,0.6536841,0.22008052,0.12623541
khanhha_noisy1::forest_054.jpg,0.5124307,0.2768652,0.210704
khanhha_noisy1::forest_069.jpg,0.44935867,0.36184794,0.18879339
khanhha_noisy1::forest_076.jpg,0.4107763,0.32484195,0.2643818
khanhha_noisy1::forest_082.jpg,0.6010785,0.20900184,0.18991975
khanhha_noisy1::forest_083.jpg,0.19808702,0.3214805,0.4804325
khanhha_noisy1::forest_087.jpg,0.5194962,0.29018945,0.19031435
khanhha_noisy1::forest_091.jpg,0.510472,0.21985543,0.26967248
khanhha_noisy1::forest_094.jpg,0.37014136,0.25833774,0.37152097
khanhha_noisy1::forest_098.jpg,0.16602649,0.2831098,0.5508637
khanhha_noisy1::forest_104.jpg,0.7380163,0.122692056,0.13929163
khanhha_noisy1::forest_109.jpg,0.2492285,0.3757367,0.37503478
khanhha_noisy1::forest_117.jpg,0.49763665,0.29161322,0.21075015
khanhha_noisy1::noncrack_noncrack_concrete_wall_0_0.jpg.jpg,0.08595622,0.032950513,0.88109326
khanhha_noisy1::noncrack_noncrack_concrete_wall_0_3.jpg.jpg,0.07737043,0.033587564,0.88904196
khanhha_noisy1::noncrack_noncrack_concrete_wall_100_4.jpg.jpg,0.520804,0.30626374,0.17293227
khanhha_noisy1::noncrack_noncrack_concrete_wall_101_2.jpg.jpg,0.029760566,0.19216536,0.7780741
khanhha_noisy1::noncrack_noncrack_concrete_wall_101_8.jpg.jpg,0.029760566,0.19216536,0.7780741
khanhha_noisy1::noncrack_noncrack_concrete_wall_101_9.jpg.jpg,0.025907649,0.20903616,0.7650562
khanhha_noisy1::noncrack_noncrack_concrete_wall_102_5.jpg.jpg,0.22410911,0.45677465,0.31911623
khanhha_noisy1::noncrack_noncrack_concrete_wall_103_0.jpg.jpg,0.0965166,0.48601314,0.41747028
khanhha_noisy1::noncrack_noncrack_concrete_wall_103_1.jpg.jpg,0.09931777,0.5444366,0.3562457
khanhha_noisy1::noncrack_noncrack_concrete_wall_11_4.jpg.jpg,0.081172585,0.18890412,0.72992325
khanhha_noisy1::noncrack_noncrack_concrete_wall_12_3.jpg.jpg,0.17476329,0.40408188,0.42115477
khanhha_noisy1::noncrack_noncrack_concrete_wall_12_9.jpg.jpg,0.29853827,0.32759064,0.37387115
khanhha_noisy1::noncrack_noncrack_concrete_wall_13_2.jpg.jpg,0.11254184,0.3129271,0.5745311
khanhha_noisy1::noncrack_noncrack_concrete_wall_13_4.jpg.jpg,0.095056094,0.30140284,0.6035411
khanhha_noisy1::noncrack_noncrack_concrete_wall_13_6.jpg.jpg,0.09557276,0.30191633,0.6025109
khanhha_noisy1::noncrack_noncrack_concrete_wall_14_11.jpg.jpg,0.07235516,0.27288482,0.65476
khanhha_noisy1::noncrack_noncrack_concrete_wall_14_25.jpg.jpg,0.05612085,0.27713895,0.66674024
khanhha_noisy1::noncrack_noncrack_concrete_wall_15_5.jpg.jpg,0.3002758,0.33107832,0.36864582
khanhha_noisy1::noncrack_noncrack_concrete_wall_15_7.jpg.jpg,0.2555246,0.2611996,0.48327583
khanhha_noisy1::noncrack_noncrack_concrete_wall_16_1.jpg.jpg,0.21199635,0.5130908,0.27491277
khanhha_noisy1::noncrack_noncrack_concrete_wall_16_5.jpg.jpg,0.16310984,0.5227564,0.3141337
khanhha_noisy1::noncrack_noncrack_concrete_wall_18_1.jpg.jpg,0.2937876,0.5232678,0.18294457
khanhha_noisy1::noncrack_noncrack_concrete_wall_18_11.jpg.jpg,0.31721255,0.5181458,0.16464163
khanhha_noisy1::noncrack_noncrack_concrete_wall_18_12.jpg.jpg,0.27415454,0.57662994,0.14921553
khanhha_noisy1::noncrack_noncrack_concrete_wall_18_18.jpg.jpg,0.20582207,0.61360127,0.18057673
khanhha_noisy1::noncrack_noncrack_concrete_wall_18_19.jpg.jpg,0.30195644,0.5261834,0.17186008
khanhha_noisy1::noncrack_noncrack_concrete_wall_18_3.jpg.jpg,0.24992834,0.5425683,0.20750333
khanhha_noisy1::noncrack_noncrack_concrete_wall_18_9.jpg.jpg,0.2663691,0.5613712,0.17225963
khanhha_noisy1::noncrack_noncrack_concrete_wall_19_1.jpg.jpg,0.2844602,0.19677928,0.51876056
khanhha_noisy1::noncrack_noncrack_concrete_wall_19_3.jpg.jpg,0.15280092,0.43105412,0.416145
khanhha_noisy1::noncrack_noncrack_concrete_wall_19_6.jpg.jpg,0.15532434,0.37806422,0.4666115
khanhha_noisy1::noncrack_noncrack_concrete_wall_19_7.jpg.jpg,0.18823844,0.30875576,0.50300574
khanhha_noisy1::noncrack_noncrack_concrete_wall_19_8.jpg.jpg,0.21881436,0.2658838,0.5153018
khanhha_noisy1::noncrack_noncrack_concrete_wall_20_1.jpg.jpg,0.2695181,0.3393263,0.3911556
khanhha_noisy1::noncrack_noncrack_concrete_wall_20_15.jpg.jpg,0.2527194,0.28732494,0.4599556
khanhha_noisy1::noncrack_noncrack_concrete_wall_20_32.jpg.jpg,0.28468657,0.29304546,0.42226794
khanhha_noisy1::noncrack_noncrack_concrete_wall_20_52.jpg.jpg,0.23571506,0.3372712,0.42701364
khanhha_noisy1::noncrack_noncrack_concrete_wall_20_54.jpg.jpg,0.27353656,0.4117515,0.31471187
khanhha_noisy1::noncrack_noncrack_concrete_wall_20_59.jpg.jpg,0.275121,0.42137793,0.3035011
khanhha_noisy1::noncrack_noncrack_concrete_wall_20_62.jpg.jpg,0.2208714,0.33274052,0.44638813
khanhha_noisy1::noncrack_noncrack_concrete_wall_20_68.jpg.jpg,0.2296103,0.42298406,0.3474056
khanhha_noisy1::noncrack_noncrack_concrete_wall_20_70.jpg.jpg,0.24797295,0.2560624,0.4959647
khanhha_noisy1::noncrack_noncrack_concrete_wall_21_0.jpg.jpg,0.3809232,0.09232269,0.5267541
khanhha_noisy1::noncrack_noncrack_concrete_wall_23_1.jpg.jpg,0.10732667,0.60243875,0.29023463
khanhha_noisy1::noncrack_noncrack_concrete_wall_23_4.jpg.jpg,0.091271125,0.58221006,0.32651883
khanhha_noisy1::noncrack_noncrack_concrete_wall_23_5.jpg.jpg,0.08916165,0.57131493,0.33952338
khanhha_noisy1::noncrack_noncrack_concrete_wall_23_7.jpg.jpg,0.106459476,0.5305708,0.3629697
khanhha_noisy1::noncrack_noncrack_concrete_wall_24_19.jpg.jpg,0.29949424,0.57859796,0.12190782
khanhha_noisy1::noncrack_noncrack_concrete_wall_24_31.jpg.jpg,0.21571438,0.6559053,0.12838031
khanhha_noisy1::noncrack_noncrack_concrete_wall_24_35.jpg.jpg,0.18101849,0.6653457,0.15363574
khanhha_noisy1::noncrack_noncrack_concrete_wall_24_38.jpg.jpg,0.288865,0.5978542,0.11328074
khanhha_noisy1::noncrack_noncrack_concrete_wall_24_4.jpg.jpg,0.25223157,0.6373913,0.11037709
khanhha_noisy1::noncrack_noncrack_concrete_wall_24_8.jpg.jpg,0.36700472,0.5257789,0.10721638
khanhha_noisy1::noncrack_noncrack_concrete_wall_26_0.jpg.jpg,0.18699579,0.51876813,0.29423606
khanhha_noisy1::noncrack_noncrack_concrete_wall_27_5.jpg.jpg,0.409973,0.045976155,0.54405075
khanhha_noisy1::noncrack_noncrack_concrete_wall_28_0.jpg.jpg,0.16539116,0.6397886,0.19482023
khanhha_noisy1::noncrack_noncrack_concrete_wall_29_6.jpg.jpg,0.1504278,0.38451052,0.46506163
khanhha_noisy1::noncrack_noncrack_concrete_wall_30_2.jpg.jpg,0.120505095,0.5432352,0.3362597
khanhha_noisy1::noncrack_noncrack_concrete_wall_31_0.jpg.jpg,0.032731634,0.112590805,0.85467756
khanhha_noisy1::noncrack_noncrack_concrete_wall_31_4.jpg.jpg,0.03703801,0.16945003,0.7935119
khanhha_noisy1::noncrack_noncrack_concrete_wall_33_4.jpg.jpg,0.016176827,0.0755698,0.9082534
khanhha_noisy1::noncrack_noncrack_concrete_wall_34_0.jpg.jpg,0.103732415,0.34111848,0.5551491
khanhha_noisy1::noncrack_noncrack_concrete_wall_35_4.jpg.jpg,0.08701838,0.1402186,0.7727631
khanhha_noisy1::noncrack_noncrack_concrete_wall_37_1.jpg.jpg,0.104180254,0.11855271,0.77726704
khanhha_noisy1::noncrack_noncrack_concrete_wall_37_4.jpg.jpg,0.099382505,0.12612359,0.7744939
khanhha_noisy1::noncrack_noncrack_concrete_wall_38_4.jpg.jpg,0.055826038,0.036506377,0.90766764
khanhha_noisy1::noncrack_noncrack_concrete_wall_38_5.jpg.jpg,0.059244808,0.043878593,0.89687663
khanhha_noisy1::noncrack_noncrack_concrete_wall_38_6.jpg.jpg,0.06546062,0.06243939,0.8721
khanhha_noisy1::noncrack_noncrack_concrete_wall_39_9.jpg.jpg,0.16218846,0.5167964,0.3210152
khanhha_noisy1::noncrack_noncrack_concrete_wall_3_2.jpg.jpg,0.10876882,0.06733687,0.82389426
khanhha_noisy1::noncrack_noncrack_concrete_wall_40_0.jpg.jpg,0.051385675,0.033210278,0.915404
khanhha_noisy1::noncrack_noncrack_concrete_wall_40_5.jpg.jpg,0.038216967,0.024131348,0.9376517
khanhha_noisy1::noncrack_noncrack_concrete_wall_41_11.jpg.jpg,0.37199026,0.46292222,0.16508752
khanhha_noisy1::noncrack_noncrack_concrete_wall_41_12.jpg.jpg,0.42755815,0.44142812,0.13101374
khanhha_noisy1::noncrack_noncrack_concrete_wall_41_2.jpg.jpg,0.4086208,0.42726493,0.16411419
khanhha_noisy1::noncrack_noncrack_concrete_wall_41_35.jpg.jpg,0.35071203,0.5170399,0.13224801
khanhha_noisy1::noncrack_noncrack_concrete_wall_41_37.jpg.jpg,0.35003814,0.51108867,0.13887316
khanhha_noisy1::noncrack_noncrack_concrete_wall_41_38.jpg.jpg,0.49351907,0.379237,0.12724397
khanhha_noisy1::noncrack_noncrack_concrete_wall_41_4.jpg.jpg,0.4018875,0.45743108,0.1406814
khanhha_noisy1::noncrack_noncrack_concrete_wall_41_43.jpg.jpg,0.36541992,0.5237225,0.11085753
khanhha_noisy1::noncrack_noncrack_concrete_wall_41_48.jpg.jpg,0.4628793,0.40069678,0.13642384
khanhha_noisy1::noncrack_noncrack_concrete_wall_41_58.jpg.jpg,0.48181227,0.38929138,0.12889636
khanhha_noisy1::noncrack_noncrack_concrete_wall_41_63.jpg.jpg,0.40782547,0.41933623,0.17283837
khanhha_noisy1::noncrack_noncrack_concrete_wall_41_65.jpg.jpg,0.41494653,0.44781178,0.13724169
khanhha_noisy1::noncrack_noncrack_concrete_wall_42_6.jpg.jpg,0.13048385,0.08460346,0.78491265
khanhha_noisy1::noncrack_noncrack_concrete_wall_43_14.jpg.jpg,0.16838415,0.39132878,0.4402871
khanhha_noisy1::noncrack_noncrack_concrete_wall_43_15.jpg.jpg,0.21522549,0.40089375,0.38388073
khanhha_noisy1::noncrack_noncrack_concrete_wall_43_18.jpg.jpg,0.26602694,0.4001028,0.3338702
khanhha_noisy1::noncrack_noncrack_concrete_wall_43_2.jpg.jpg,0.21903348,0.5399804,0.24098611
khanhha_noisy1::noncrack_noncrack_concrete_wall_43_25.jpg.jpg,0.25890344,0.47024086,0.27085567
khanhha_noisy1::noncrack_noncrack_concrete_wall_43_34.jpg.jpg,0.19130892,0.4064571,0.402234
khanhha_noisy1::noncrack_noncrack_concrete_wall_43_42.jpg.jpg,0.30426136,0.47719368,0.21854487
khanhha_noisy1::noncrack_noncrack_concrete_wall_43_44.jpg.jpg,0.28257364,0.4653857,0.25204068
khanhha_noisy1::noncrack_noncrack_concrete_wall_43_48.jpg.jpg,0.15262966,0.3398673,0.5075031
khanhha_noisy1::noncrack_noncrack_concrete_wall_43_50.jpg.jpg,0.25214386,0.47614163,0.2717146
khanhha_noisy1::noncrack_noncrack_concrete_wall_44_0.jpg.jpg,0.29557213,0.49454337,0.2098845
khanhha_noisy1::noncrack_noncrack_concrete_wall_44_4.jpg.jpg,0.29547474,0.4391624,0.26536286
khanhha_noisy1::noncrack_noncrack_concrete_wall_45_13.jpg.jpg,0.086095735,0.664004,0.24990022
khanhha_noisy1::noncrack_noncrack_concrete_wall_45_4.jpg.jpg,0.086095735,0.664004,0.24990022
khanhha_noisy1::noncrack_noncrack_concrete_wall_45_5.jpg.jpg,0.086095735,0.664004,0.24990022
khanhha_noisy1::noncrack_noncrack_concrete_wall_46_8.jpg.jpg,0.03605553,0.18119325,0.78275114
khanhha_noisy1::noncrack_noncrack_concrete_wall_47_4.jpg.jpg,0.16851695,0.23394792,0.59753513
khanhha_noisy1::noncrack_noncrack_concrete_wall_47_6.jpg.jpg,0.16851695,0.23394792,0.59753513
khanhha_noisy1::noncrack_noncrack_concrete_wall_48_0.jpg.jpg,0.46956223,0.41767496,0.11276286
khanhha_noisy1::noncrack_noncrack_concrete_wall_48_1.jpg.jpg,0.39513946,0.50818074,0.096679755
khanhha_noisy1::noncrack_noncrack_concrete_wall_48_5.jpg.jpg,0.3314259,0.5385321,0.13004193
khanhha_noisy1::noncrack_noncrack_concrete_wall_49_4.jpg.jpg,0.24916048,0.57601017,0.17482936
khanhha_noisy1::noncrack_noncrack_concrete_wall_50_2.jpg.jpg,0.043904826,0.18585257,0.7702426
khanhha_noisy1::noncrack_noncrack_concrete_wall_53_3.jpg.jpg,0.34563535,0.39724028,0.25712436
khanhha_noisy1::noncrack_noncrack_concrete_wall_54_24.jpg.jpg,0.3409103,0.5527706,0.10631914
khanhha_noisy1::noncrack_noncrack_concrete_wall_54_27.jpg.jpg,0.37591985,0.53645796,0.08762215
khanhha_noisy1::noncrack_noncrack_concrete_wall_54_28.jpg.jpg,0.25123504,0.6483807,0.10038428
khanhha_noisy1::noncrack_noncrack_concrete_wall_54_31.jpg.jpg,0.38470834,0.51242346,0.10286823
khanhha_noisy1::noncrack_noncrack_concrete_wall_54_33.jpg.jpg,0.36536935,0.55187213,0.082758576
khanhha_noisy1::noncrack_noncrack_concrete_wall_54_36.jpg.jpg,0.3811024,0.5106103,0.10828728
khanhha_noisy1::noncrack_noncrack_concrete_wall_54_4.jpg.jpg,0.32835284,0.565464,0.10618316
khanhha_noisy1::noncrack_noncrack_concrete_wall_54_40.jpg.jpg,0.4112493,0.48779818,0.100952506
khanhha_noisy1::noncrack_noncrack_concrete_wall_54_44.jpg.jpg,0.3566958,0.5576854,0.08561886
khanhha_noisy1::noncrack_noncrack_concrete_wall_54_48.jpg.jpg,0.4042739,0.5120509,0.083675176
khanhha_noisy1::noncrack_noncrack_concrete_wall_54_53.jpg.jpg,0.31597677,0.5932764,0.090746775
khanhha_noisy1::noncrack_noncrack_concrete_wall_54_54.jpg.jpg,0.3358446,0.557259,0.10689646
khanhha_noisy1::noncrack_noncrack_concrete_wall_54_57.jpg.jpg,0.30934837,0.5988753,0.091776386
khanhha_noisy1::noncrack_noncrack_concrete_wall_54_72.jpg.jpg,0.31522098,0.60229605,0.082482934
khanhha_noisy1::noncrack_noncrack_concrete_wall_55_10.jpg.jpg,0.21676114,0.69963896,0.08359997
khanhha_noisy1::noncrack_noncrack_concrete_wall_55_24.jpg.jpg,0.27284345,0.597553,0.12960355
khanhha_noisy1::noncrack_noncrack_concrete_wall_55_29.jpg.jpg,0.3300958,0.5848954,0.085008815
khanhha_noisy1::noncrack_noncrack_concrete_wall_55_32.jpg.jpg,0.32173964,0.55135995,0.1269004
khanhha_noisy1::noncrack_noncrack_concrete_wall_55_38.jpg.jpg,0.36326724,0.53785557,0.09887721
khanhha_noisy1::noncrack_noncrack_concrete_wall_55_4.jpg.jpg,0.36538363,0.5236957,0.110920675
khanhha_noisy1::noncrack_noncrack_concrete_wall_55_41.jpg.jpg,0.30689007,0.61278486,0.08032511
khanhha_noisy1::noncrack_noncrack_concrete_wall_55_49.jpg.jpg,0.33067447,0.56330323,0.10602228
khanhha_noisy1::noncrack_noncrack_concrete_wall_55_6.jpg.jpg,0.24693416,0.66316444,0.089901336
khanhha_noisy1::noncrack_noncrack_concrete_wall_57_11.jpg.jpg,0.056429595,0.11098815,0.8325823
khanhha_noisy1::noncrack_noncrack_concrete_wall_57_6.jpg.jpg,0.07610961,0.18273804,0.7411524
khanhha_noisy1::noncrack_noncrack_concrete_wall_58_0.jpg.jpg,0.17754555,0.68087614,0.1415783
khanhha_noisy1::noncrack_noncrack_concrete_wall_58_11.jpg.jpg,0.17357136,0.6985675,0.12786119
khanhha_noisy1::noncrack_noncrack_concrete_wall_58_12.jpg.jpg,0.19473453,0.6636524,0.14161307
khanhha_noisy1::noncrack_noncrack_concrete_wall_58_13.jpg.jpg,0.14920726,0.72582173,0.124970965
khanhha_noisy1::noncrack_noncrack_concrete_wall_58_6.jpg.jpg,0.21957232,0.6500356,0.13039207
khanhha_noisy1::noncrack_noncrack_concrete_wall_58_8.jpg.jpg,0.18891528,0.6614505,0.14963418
khanhha_noisy1::noncrack_noncrack_concrete_wall_59_0.jpg.jpg,0.06608723,0.06365647,0.87025636
khanhha_noisy1::noncrack_noncrack_concrete_wall_59_3.jpg.jpg,0.093186356,0.05769985,0.84911376
khanhha_noisy1::noncrack_noncrack_concrete_wall_5_10.jpg.jpg,0.014717305,0.16211607,0.8231666
khanhha_noisy1::noncrack_noncrack_concrete_wall_60_13.jpg.jpg,0.42357072,0.29443178,0.28199753
khanhha_noisy1::noncrack_noncrack_concrete_wall_60_6.jpg.jpg,0.43965045,0.3041545,0.25619504
khanhha_noisy1::noncrack_noncrack_concrete_wall_60_8.jpg.jpg,0.2518917,0.3590421,0.38906616
khanhha_noisy1::noncrack_noncrack_concrete_wall_63_1.jpg.jpg,0.095850006,0.40701827,0.49713168
khanhha_noisy1::noncrack_noncrack_concrete_wall_65_0.jpg.jpg,0.3956983,0.17165276,0.43264896
khanhha_noisy1::noncrack_noncrack_concrete_wall_65_10.jpg.jpg,0.22752321,0.21749751,0.55497926
khanhha_noisy1::noncrack_noncrack_concrete_wall_66_1.jpg.jpg,0.01947677,0.049051743,0.9314715
khanhha_noisy1::noncrack_noncrack_concrete_wall_66_10.jpg.jpg,0.026466627,0.042010978,0.9315224
khanhha_noisy1::noncrack_noncrack_concrete_wall_66_21.jpg.jpg,0.021593157,0.05146018,0.9269467
khanhha_noisy1::noncrack_noncrack_concrete_wall_66_8.jpg.jpg,0.022774782,0.04934391,0.92788124
khanhha_noisy1::noncrack_noncrack_concrete_wall_67_1.jpg.jpg,0.15528035,0.47183865,0.37288094
khanhha_noisy1::noncrack_noncrack_concrete_wall_67_2.jpg.jpg,0.168932,0.5555848,0.27548316
khanhha_noisy1::noncrack_noncrack_concrete_wall_68_0.jpg.jpg,0.14018755,0.5766352,0.28317732
khanhha_noisy1::noncrack_noncrack_concrete_wall_68_1.jpg.jpg,0.20289057,0.4829815,0.31412795
khanhha_noisy1::noncrack_noncrack_concrete_wall_69_6.jpg.jpg,0.26080206,0.24186516,0.49733275
khanhha_noisy1::noncrack_noncrack_concrete_wall_6_0.jpg.jpg,0.09749796,0.19828229,0.70421976
khanhha_noisy1::noncrack_noncrack_concrete_wall_70_3.jpg.jpg,0.24922928,0.051983442,0.6987873
khanhha_noisy1::noncrack_noncrack_concrete_wall_72_0.jpg.jpg,0.1543451,0.15272005,0.6929348
khanhha_noisy1::noncrack_noncrack_concrete_wall_73_1.jpg.jpg,0.15555389,0.07386593,0.7705802
khanhha_noisy1::noncrack_noncrack_concrete_wall_73_2.jpg.jpg,0.15555389,0.07386593,0.7705802
khanhha_noisy1::noncrack_noncrack_concrete_wall_73_4.jpg.jpg,0.17489101,0.09904374,0.7260653
khanhha_noisy1::noncrack_noncrack_concrete_wall_74_10.jpg.jpg,0.33508307,0.5652521,0.09966492
khanhha_noisy1::noncrack_noncrack_concrete_wall_75_0.jpg.jpg,0.09602954,0.076345615,0.8276248
khanhha_noisy1::noncrack_noncrack_concrete_wall_75_18.jpg.jpg,0.10062112,0.110165715,0.7892131
khanhha_noisy1::noncrack_noncrack_concrete_wall_75_24.jpg.jpg,0.14058557,0.10408903,0.75532544
khanhha_noisy1::noncrack_noncrack_concrete_wall_76_1.jpg.jpg,0.38139686,0.51503384,0.10356932
khanhha_noisy1::noncrack_noncrack_concrete_wall_76_22.jpg.jpg,0.4496246,0.45216152,0.09821396
khanhha_noisy1::noncrack_noncrack_concrete_wall_76_30.jpg.jpg,0.3595778,0.55159396,0.08882829
khanhha_noisy1::noncrack_noncrack_concrete_wall_76_36.jpg.jpg,0.4273491,0.46076453,0.11188642
khanhha_noisy1::noncrack_noncrack_concrete_wall_76_38.jpg.jpg,0.39777452,0.49922687,0.10299861
khanhha_noisy1::noncrack_noncrack_concrete_wall_76_49.jpg.jpg,0.3616216,0.5197292,0.11864922
khanhha_noisy1::noncrack_noncrack_concrete_wall_76_5.jpg.jpg,0.41030386,0.4880061,0.10168994
khanhha_noisy1::noncrack_noncrack_concrete_wall_76_62.jpg.jpg,0.40231818,0.47172025,0.1259615
khanhha_noisy1::noncrack_noncrack_concrete_wall_77_1.jpg.jpg,0.2881496,0.2117627,0.5000877
khanhha_noisy1::noncrack_noncrack_concrete_wall_77_5.jpg.jpg,0.259138,0.15480201,0.58606
khanhha_noisy1::noncrack_noncrack_concrete_wall_79_2.jpg.jpg,0.27772978,0.4184514,0.30381885
khanhha_noisy1::noncrack_noncrack_concrete_wall_79_6.jpg.jpg,0.22343227,0.46146598,0.3151017
khanhha_noisy1::noncrack_noncrack_concrete_wall_7_0.jpg.jpg,0.6041458,0.23681672,0.15903753
khanhha_noisy1::noncrack_noncrack_concrete_wall_7_1.jpg.jpg,0.6894168,0.21751846,0.09306477
khanhha_noisy1::noncrack_noncrack_concrete_wall_81_4.jpg.jpg,0.072173916,0.19280371,0.73502237
khanhha_noisy1::noncrack_noncrack_concrete_wall_82_14.jpg.jpg,0.31775835,0.09396753,0.5882741
khanhha_noisy1::noncrack_noncrack_concrete_wall_82_23.jpg.jpg,0.36742204,0.08685872,0.5457192
khanhha_noisy1::noncrack_noncrack_concrete_wall_82_24.jpg.jpg,0.23965847,0.0998271,0.6605144
khanhha_noisy1::noncrack_noncrack_concrete_wall_82_27.jpg.jpg,0.38431868,0.080904834,0.53477645
khanhha_noisy1::noncrack_noncrack_concrete_wall_82_32.jpg.jpg,0.28200677,0.09073689,0.6272564
khanhha_noisy1::noncrack_noncrack_concrete_wall_82_4.jpg.jpg,0.38744277,0.09712192,0.51543534
khanhha_noisy1::noncrack_noncrack_concrete_wall_82_5.jpg.jpg,0.39151797,0.097773105,0.5107089
khanhha_noisy1::noncrack_noncrack_concrete_wall_83_10.jpg.jpg,0.1271827,0.60626394,0.26655334
khanhha_noisy1::noncrack_noncrack_concrete_wall_83_4.jpg.jpg,0.23150794,0.60301906,0.165473
khanhha_noisy1::noncrack_noncrack_concrete_wall_83_9.jpg.jpg,0.1270167,0.6095592,0.26342416
khanhha_noisy1::noncrack_noncrack_concrete_wall_86_1.jpg.jpg,0.31832325,0.42790365,0.25377306
khanhha_noisy1::noncrack_noncrack_concrete_wall_86_2.jpg.jpg,0.33316052,0.46470106,0.2021384
khanhha_noisy1::noncrack_noncrack_concrete_wall_88_3.jpg.jpg,0.13534756,0.6671617,0.19749066
khanhha_noisy1::noncrack_noncrack_concrete_wall_89_0.jpg.jpg,0.11328861,0.669353,0.21735835
khanhha_noisy1::noncrack_noncrack_concrete_wall_89_1.jpg.jpg,0.13697292,0.68905133,0.17397572
khanhha_noisy1::noncrack_noncrack_concrete_wall_91_1.jpg.jpg,0.3440346,0.26204583,0.39391953
khanhha_noisy1::noncrack_noncrack_concrete_wall_92_7.jpg.jpg,0.22822869,0.28113753,0.49063385
khanhha_noisy1::noncrack_noncrack_concrete_wall_93_5.jpg.jpg,0.44012836,0.16814332,0.39172834
khanhha_noisy1::noncrack_noncrack_concrete_wall_94_4.jpg.jpg,0.0068388344,0.09488857,0.8982726
khanhha_noisy1::noncrack_noncrack_concrete_wall_96_1.jpg.jpg,0.21002139,0.28923225,0.5007464
khanhha_noisy1::noncrack_noncrack_concrete_wall_96_12.jpg.jpg,0.13626382,0.2641403,0.59959584
khanhha_noisy1::noncrack_noncrack_concrete_wall_96_2.jpg.jpg,0.19936588,0.29661632,0.5040178
khanhha_noisy1::noncrack_noncrack_concrete_wall_96_27.jpg.jpg,0.14475715,0.30234897,0.5528938
khanhha_noisy1::noncrack_noncrack_concrete_wall_99_2.jpg.jpg,0.14541304,0.4125787,0.44200817
khanhha_noisy1::noncrack_noncrack_concrete_wall_9_14.jpg.jpg,0.20172776,0.097317085,0.70095515
khanhha_noisy1::noncrack_noncrack_concrete_wall_9_22.jpg.jpg,0.16951819,0.0431047,0.7873771
khanhha_noisy1::noncrack_noncrack_concrete_wall_9_29.jpg.jpg,0.15161589,0.09009063,0.7582935
khanhha_noisy1::noncrack_noncrack_concrete_wall_9_32.jpg.jpg,0.229771,0.10306268,0.6671663
khanhha_noisy1::noncrack_noncrack_concrete_wall_9_33.jpg.jpg,0.14573188,0.054967217,0.79930085
khanhha_noisy2::CFD_001.jpg,0.71252054,0.1757452,0.11173424
khanhha_noisy2::CFD_007.jpg,0.7950735,0.0852176,0.11970896
khanhha_noisy2::CFD_011.jpg,0.47609752,0.17026839,0.35363412
khanhha_noisy2::CFD_013.jpg,0.87063414,0.084226824,0.04513904
khanhha_noisy2::CFD_014.jpg,0.5563541,0.1547926,0.2888533
khanhha_noisy2::CFD_019.jpg,0.87991047,0.070206515,0.04988305
khanhha_noisy2::CFD_037.jpg,0.82152,0.06107944,0.117400594
khanhha_noisy2::CFD_040.jpg,0.78444135,0.13141425,0.08414438
khanhha_noisy2::CFD_047.jpg,0.38761985,0.123066396,0.48931375
khanhha_noisy2::CFD_070.jpg,0.38443688,0.31348637,0.30207673
khanhha_noisy2::CFD_080.jpg,0.5873712,0.24837506,0.16425383
khanhha_noisy2::CFD_082.jpg,0.41439435,0.18257374,0.40303195
khanhha_noisy2::CFD_084.jpg,0.73752886,0.09478809,0.16768306
khanhha_noisy2::CFD_088.jpg,0.56554544,0.22138348,0.21307106
khanhha_noisy2::CFD_108.jpg,0.6978069,0.15088981,0.15130334
khanhha_noisy2::CFD_109.jpg,0.4353688,0.32248354,0.24214758
khanhha_noisy2::CFD_111.jpg,0.5402849,0.28820089,0.1715142
khanhha_noisy2::CFD_118.jpg,0.33511323,0.36380154,0.3010852
khanhha_noisy2::CRACK500_20160222_080933_361_1.jpg,0.18213053,0.5414142,0.2764552
khanhha_noisy2::CRACK500_20160222_081031_641_361.jpg,0.34223083,0.5113187,0.14645055
khanhha_noisy2::CRACK500_20160222_081102_1921_721.jpg,0.47950137,0.37919128,0.14130732
khanhha_noisy2::CRACK500_20160222_081102_1_721.jpg,0.22132581,0.5005898,0.2780844
khanhha_noisy2::CRACK500_20160222_081111_641_361.jpg,0.42258307,0.2970669,0.28035006
khanhha_noisy2::CRACK500_20160222_081113_1921_721.jpg,0.64966416,0.2908334,0.059502393
khanhha_noisy2::CRACK500_20160222_081839_1_721.jpg,0.3476929,0.26083362,0.39147344
khanhha_noisy2::CRACK500_20160222_081908_641_721.jpg,0.27169114,0.16204064,0.5662682
khanhha_noisy2::CRACK500_20160222_114759_1921_361.jpg,0.35825735,0.43808913,0.20365347
khanhha_noisy2::CRACK500_20160222_114759_1921_721.jpg,0.35386133,0.4590525,0.18708616
khanhha_noisy2::CRACK500_20160222_114759_641_361.jpg,0.30889416,0.41864157,0.2724643
khanhha_noisy2::CRACK500_20160222_115219_1281_721.jpg,0.40562424,0.29708028,0.29729545
khanhha_noisy2::CRACK500_20160222_115224_1281_1081.jpg,0.2466342,0.4477382,0.30562764
khanhha_noisy2::CRACK500_20160222_115224_1281_361.jpg,0.152138,0.337257,0.510605
khanhha_noisy2::CRACK500_20160222_115305_1281_1081.jpg,0.20041113,0.29640043,0.5031885
khanhha_noisy2::CRACK500_20160222_115305_1921_361.jpg,0.1780956,0.29135275,0.5305517
khanhha_noisy2::CRACK500_20160222_115305_641_1.jpg,0.23971993,0.24720065,0.51307946
khanhha_noisy2::CRACK500_20160222_115305_641_721.jpg,0.24664593,0.24778356,0.5055705
khanhha_noisy2::CRACK500_20160222_115324_1281_721.jpg,0.17098963,0.4410036,0.38800684
khanhha_noisy2::CRACK500_20160222_115324_641_1081.jpg,0.13683797,0.47034612,0.39281586
khanhha_noisy2::CRACK500_20160222_115519_641_721.jpg,0.15369318,0.41459572,0.43171102
khanhha_noisy2::CRACK500_20160222_115828_641_1.jpg,0.10085389,0.5322127,0.36693344
khanhha_noisy2::CRACK500_20160222_115833_1921_1081.jpg,0.0700666,0.5647588,0.36517468
khanhha_noisy2::CRACK500_20160222_115833_641_361.jpg,0.10711944,0.61345696,0.2794236
khanhha_noisy2::CRACK500_20160222_115843_1281_361.jpg,0.077320114,0.55779815,0.36488172
khanhha_noisy2::CRACK500_20160222_115847_1281_361.jpg,0.119968586,0.5411696,0.33886182
khanhha_noisy2::CRACK500_20160222_115847_641_361.jpg,0.06928812,0.6139271,0.31678483
khanhha_noisy2::CRACK500_20160222_163940_1281_1081.jpg,0.12571234,0.5213783,0.35290945
khanhha_noisy2::CRACK500_20160222_163940_1_1081.jpg,0.27042195,0.46245718,0.26712087
khanhha_noisy2::CRACK500_20160222_163940_1_361.jpg,0.423081,0.35722452,0.21969451
khanhha_noisy2::CRACK500_20160222_163940_641_1081.jpg,0.28329214,0.51843673,0.1982711
khanhha_noisy2::CRACK500_20160222_164141_1281_1.jpg,0.24621423,0.41924995,0.33453587
khanhha_noisy2::CRACK500_20160222_164141_1921_721.jpg,0.14653195,0.31402913,0.5394389
khanhha_noisy2::CRACK500_20160222_164141_1_1081.jpg,0.14908616,0.4686713,0.38224253
khanhha_noisy2::CRACK500_20160222_164822_1281_1.jpg,0.12369877,0.56155497,0.3147463
khanhha_noisy2::CRACK500_20160222_164822_641_1.jpg,0.27053902,0.47758567,0.2518753
khanhha_noisy2::CRACK500_20160222_164822_641_361.jpg,0.2316773,0.51568574,0.252637
khanhha_noisy2::CRACK500_20160222_164825_641_721.jpg,0.3509906,0.41550484,0.23350455
khanhha_noisy2::CRACK500_20160222_164851_641_1081.jpg,0.30973002,0.42617938,0.26409063
khanhha_noisy2::CRACK500_20160222_164936_641_361.jpg,0.1288675,0.53131974,0.3398128
khanhha_noisy2::CRACK500_20160222_165037_1921_361.jpg,0.17110148,0.61206096,0.2168375
khanhha_noisy2::CRACK500_20160222_165037_1_361.jpg,0.37292254,0.39934292,0.22773452
khanhha_noisy2::CRACK500_20160222_165037_641_361.jpg,0.30512154,0.48847666,0.20640175
khanhha_noisy2::CRACK500_20160222_165218_641_1.jpg,0.21452072,0.47292256,0.3125567
khanhha_noisy2::CRACK500_20160222_165225_1281_721.jpg,0.18854102,0.46352074,0.3479383
khanhha_noisy2::CRACK500_20160222_165256_1281_1.jpg,0.09025577,0.74156255,0.1681817
khanhha_noisy2::CRACK500_20160222_165256_1281_721.jpg,0.3228048,0.5203199,0.15687531
khanhha_noisy2::CRACK500_20160222_165256_641_1.jpg,0.12763526,0.4746059,0.3977588
khanhha_noisy2::CRACK500_20160222_165715_1921_721.jpg,0.22833727,0.5602466,0.21141621
khanhha_noisy2::CRACK500_20160222_165909_1281_1081.jpg,0.14111224,0.48515728,0.3737305
khanhha_noisy2::CRACK500_20160222_165919_1_721.jpg,0.17945792,0.5896379,0.23090427
khanhha_noisy2::CRACK500_20160222_165926_1281_721.jpg,0.273215,0.44050205,0.286283
khanhha_noisy2::CRACK500_20160222_165947_1921_721.jpg,0.257137,0.53319657,0.20966642
khanhha_noisy2::CRACK500_20160222_165951_1921_1.jpg,0.27691752,0.52533895,0.19774361
khanhha_noisy2::CRACK500_20160225_114503_1_361.jpg,0.22995391,0.5696357,0.2004104
khanhha_noisy2::CRACK500_20160225_114514_721_1281.jpg,0.3476208,0.40610164,0.24627753
khanhha_noisy2::CRACK500_20160225_114514_721_641.jpg,0.4285791,0.3347557,0.23666523
khanhha_noisy2::CRACK500_20160225_114535_1281_1081.jpg,0.1964379,0.5933871,0.21017493
khanhha_noisy2::CRACK500_20160225_114535_1921_1081.jpg,0.09289667,0.7611236,0.14597976
khanhha_noisy2::CRACK500_20160225_114535_1_1.jpg,0.087853014,0.7484259,0.16372114
khanhha_noisy2::CRACK500_20160302_155848_1281_361.jpg,0.07479488,0.8486508,0.07655434
khanhha_noisy2::CRACK500_20160302_155848_1921_361.jpg,0.20866722,0.6764463,0.11488647
khanhha_noisy2::CRACK500_20160302_155848_641_721.jpg,0.20030397,0.63305396,0.1666421
khanhha_noisy2::CRACK500_20160302_155857_1281_1.jpg,0.2018655,0.67790097,0.12023348
khanhha_noisy2::CRACK500_20160302_155857_1_721.jpg,0.073079295,0.79455847,0.1323622
khanhha_noisy2::CRACK500_20160302_155914_1081_641.jpg,0.35877347,0.45824084,0.18298572
khanhha_noisy2::CRACK500_20160302_155919_1281_721.jpg,0.1147056,0.55433816,0.33095628
khanhha_noisy2::CRACK500_20160302_155919_641_1.jpg,0.21886308,0.6901261,0.09101079
khanhha_noisy2::CRACK500_20160302_155919_641_1081.jpg,0.19415997,0.6383967,0.16744332
khanhha_noisy2::CRACK500_20160302_155925_1281_361.jpg,0.16533172,0.73829716,0.09637111
khanhha_noisy2::CRACK500_20160302_155925_641_361.jpg,0.16496544,0.72213256,0.112901986
khanhha_noisy2::CRACK500_20160302_160033_641_361.jpg,0.28672025,0.5505241,0.16275565
khanhha_noisy2::CRACK500_20160303_091830_361_1281.jpg,0.104184575,0.8162644,0.07955105
khanhha_noisy2::CRACK500_20160303_092627_641_721.jpg,0.2657222,0.4984735,0.23580441
khanhha_noisy2::CRACK500_20160303_092806_1281_721.jpg,0.101960436,0.3170937,0.5809459
khanhha_noisy2::CRACK500_20160303_092806_1_721.jpg,0.21762227,0.4691432,0.3132345
khanhha_noisy2::CRACK500_20160303_092839_1281_361.jpg,0.19675978,0.314499,0.48874125
khanhha_noisy2::CRACK500_20160303_092839_1281_721.jpg,0.24578328,0.25249484,0.50172186
khanhha_noisy2::CRACK500_20160303_092839_641_721.jpg,0.19449858,0.38105735,0.42444402
khanhha_noisy2::CRACK500_20160303_093353_1921_361.jpg,0.36060664,0.53725207,0.102141194
khanhha_noisy2::CRACK500_20160303_093353_1921_721.jpg,0.18804358,0.6144007,0.19755569
khanhha_noisy2::CRACK500_20160303_093400_641_1.jpg,0.21412724,0.4949366,0.29093617
khanhha_noisy2::CRACK500_20160303_093400_641_721.jpg,0.253734,0.5865512,0.15971477
khanhha_noisy2::CRACK500_20160303_093527_1281_361.jpg,0.29437244,0.54726577,0.15836188
khanhha_noisy2::CRACK500_20160303_093537_1921_1081.jpg,0.0795925,0.60714006,0.3132675
khanhha_noisy2::CRACK500_20160306_103613_1_721.jpg,0.24940142,0.6137877,0.13681081
khanhha_noisy2::CRACK500_20160306_103638_1921_1081.jpg,0.14803801,0.6880136,0.16394839
khanhha_noisy2::CRACK500_20160306_103638_1_361.jpg,0.1602264,0.73277247,0.1070011
khanhha_noisy2::CRACK500_20160306_103657_1921_721.jpg,0.17185809,0.7396141,0.08852781
khanhha_noisy2::CRACK500_20160306_103657_641_721.jpg,0.15791063,0.7703434,0.071745954
khanhha_noisy2::CRACK500_20160306_103816_1_721.jpg,0.20303993,0.7386224,0.058337692
khanhha_noisy2::CRACK500_20160306_103830_1921_1081.jpg,0.15193546,0.7360684,0.111996174
khanhha_noisy2::CRACK500_20160306_103903_1281_361.jpg,0.17870682,0.7131839,0.108109295
khanhha_noisy2::CRACK500_20160306_103903_641_361.jpg,0.21677136,0.6678651,0.11536358
khanhha_noisy2::CRACK500_20160306_104522_1921_361.jpg,0.16665398,0.7023635,0.13098253
khanhha_noisy2::CRACK500_20160306_104522_1921_721.jpg,0.21568984,0.5632859,0.22102423
khanhha_noisy2::CRACK500_20160306_104522_641_721.jpg,0.26352012,0.5441483,0.19233158
khanhha_noisy2::CRACK500_20160306_104527_1921_721.jpg,0.22439225,0.68102765,0.09458006
khanhha_noisy2::CRACK500_20160306_104527_641_361.jpg,0.20675167,0.6820563,0.11119203
khanhha_noisy2::CRACK500_20160307_143827_1_721.jpg,0.22802225,0.62865716,0.1433206
khanhha_noisy2::CRACK500_20160307_144115_1281_1.jpg,0.3010109,0.6416679,0.05732119
khanhha_noisy2::CRACK500_20160307_144150_1281_721.jpg,0.20073414,0.59452957,0.20473628
khanhha_noisy2::CRACK500_20160307_144150_641_361.jpg,0.2470076,0.5172723,0.23572008
khanhha_noisy2::CRACK500_20160307_144202_1281_361.jpg,0.12475402,0.7393636,0.13588245
khanhha_noisy2::CRACK500_20160307_144202_1281_721.jpg,0.16890122,0.5432646,0.2878341
khanhha_noisy2::CRACK500_20160307_144842_1281_1.jpg,0.2594594,0.67290956,0.06763104
khanhha_noisy2::CRACK500_20160307_144842_1281_1081.jpg,0.09059309,0.77592534,0.13348158
khanhha_noisy2::CRACK500_20160307_144916_1281_361.jpg,0.22140059,0.66778415,0.11081525
khanhha_noisy2::CRACK500_20160307_144916_1921_721.jpg,0.39383346,0.51574683,0.09041972
khanhha_noisy2::CRACK500_20160307_144924_1281_361.jpg,0.27265888,0.6627909,0.06455024
khanhha_noisy2::CRACK500_20160307_144924_641_361.jpg,0.38721633,0.5433029,0.069480784
khanhha_noisy2::CRACK500_20160307_144931_1281_1.jpg,0.27158186,0.6146104,0.11380784
khanhha_noisy2::CRACK500_20160307_144931_641_721.jpg,0.41177398,0.49862465,0.089601345
khanhha_noisy2::CRACK500_20160307_145059_1921_361.jpg,0.52663225,0.17911379,0.29425398
khanhha_noisy2::CRACK500_20160307_145107_1281_721.jpg,0.81240654,0.14204748,0.04554586
khanhha_noisy2::CRACK500_20160307_145107_1_1.jpg,0.9124105,0.069647126,0.017942421
khanhha_noisy2::CRACK500_20160307_145259_1921_721.jpg,0.24992399,0.3406887,0.40938732
khanhha_noisy2::CRACK500_20160307_145259_1_361.jpg,0.6514623,0.23746064,0.111077
khanhha_noisy2::CRACK500_20160307_162438_1921_1081.jpg,0.21485776,0.57274187,0.21240035
khanhha_noisy2::CRACK500_20160307_162438_1921_721.jpg,0.35112286,0.45170563,0.19717151
khanhha_noisy2::CRACK500_20160307_163537_1281_721.jpg,0.26955587,0.4669803,0.2634638
khanhha_noisy2::CRACK500_20160307_163537_641_361.jpg,0.11268289,0.7023613,0.1849558
khanhha_noisy2::CRACK500_20160307_163537_641_721.jpg,0.41111156,0.37874687,0.21014154
khanhha_noisy2::CRACK500_20160307_163627_641_721.jpg,0.139537,0.7158019,0.14466101
khanhha_noisy2::CRACK500_20160307_163641_1921_361.jpg,0.14061318,0.7642781,0.095108755
khanhha_noisy2::CRACK500_20160307_164214_1281_1081.jpg,0.3986732,0.38893935,0.21238743
khanhha_noisy2::CRACK500_20160307_164214_1_721.jpg,0.45860744,0.4095629,0.13182972
khanhha_noisy2::CRACK500_20160307_164226_1921_721.jpg,0.44631195,0.35182935,0.20185871
khanhha_noisy2::CRACK500_20160307_164226_1_721.jpg,0.3121309,0.52939844,0.15847063
khanhha_noisy2::CRACK500_20160307_164226_641_721.jpg,0.54988384,0.28115785,0.16895822
khanhha_noisy2::CRACK500_20160307_164301_641_361.jpg,0.43835333,0.42785966,0.1337871
khanhha_noisy2::CRACK500_20160307_164334_641_1.jpg,0.19679713,0.6042256,0.19897728
khanhha_noisy2::CRACK500_20160307_164334_641_361.jpg,0.2650433,0.48015887,0.25479785
khanhha_noisy2::CRACK500_20160307_164400_641_1.jpg,0.32961658,0.3327811,0.3376023
khanhha_noisy2::CRACK500_20160307_164517_1921_361.jpg,0.36890382,0.42734548,0.2037507
khanhha_noisy2::CRACK500_20160308_072824_641_1.jpg,0.31723788,0.59685254,0.085909605
khanhha_noisy2::CRACK500_20160308_072921_1281_1081.jpg,0.26544368,0.61124355,0.12331278
khanhha_noisy2::CRACK500_20160308_072921_1281_361.jpg,0.36983907,0.52185565,0.108305246
khanhha_noisy2::CRACK500_20160308_072921_641_1081.jpg,0.2873367,0.61240387,0.10025948
khanhha_noisy2::CRACK500_20160308_072921_641_721.jpg,0.21152687,0.6565005,0.13197266
khanhha_noisy2::CRACK500_20160308_072951_641_721.jpg,0.30457234,0.6180669,0.07736081
khanhha_noisy2::CRACK500_20160308_073014_1281_721.jpg,0.50879455,0.403252,0.08795344
khanhha_noisy2::CRACK500_20160308_073245_1_361.jpg,0.46687722,0.41165215,0.12147064
khanhha_noisy2::CRACK500_20160308_073245_641_1.jpg,0.1727569,0.704732,0.12251117
khanhha_noisy2::CRACK500_20160308_073356_1281_1081.jpg,0.17977563,0.7149093,0.10531506
khanhha_noisy2::CRACK500_20160308_073356_641_1.jpg,0.29959926,0.624096,0.07630481
khanhha_noisy2::CRACK500_20160308_073406_641_721.jpg,0.32087728,0.57608056,0.1030422
khanhha_noisy2::CRACK500_20160308_073532_1_361.jpg,0.3192987,0.6120853,0.068615966
khanhha_noisy2::CRACK500_20160308_073736_1281_361.jpg,0.45349744,0.48551404,0.060988497
khanhha_noisy2::CRACK500_20160308_073736_641_721.jpg,0.18088646,0.75344676,0.065666705
khanhha_noisy2::CRACK500_20160308_074321_1921_361.jpg,0.2536134,0.67126137,0.075125225
khanhha_noisy2::CRACK500_20160308_074330_1921_721.jpg,0.6289292,0.31660533,0.054465476
khanhha_noisy2::CRACK500_20160308_074702_1281_361.jpg,0.121681064,0.78940237,0.08891653
khanhha_noisy2::CRACK500_20160308_074702_1921_361.jpg,0.16859327,0.73540264,0.096003994
khanhha_noisy2::CRACK500_20160308_074702_641_721.jpg,0.20106953,0.6233222,0.17560825
khanhha_noisy2::CRACK500_20160308_155720_1281_361.jpg,0.3319856,0.25708786,0.41092652
khanhha_noisy2::CRACK500_20160308_155720_1_1.jpg,0.469979,0.24071752,0.28930354
khanhha_noisy2::CRACK500_20160308_155720_641_721.jpg,0.22641015,0.29720554,0.47638428
khanhha_noisy2::CRACK500_20160308_155731_1281_1.jpg,0.12747872,0.2841909,0.5883303
khanhha_noisy2::CRACK500_20160308_155731_641_1081.jpg,0.17229363,0.27534288,0.5523635
khanhha_noisy2::CRACK500_20160308_155737_1281_1.jpg,0.12717192,0.2252287,0.64759946
khanhha_noisy2::CRACK500_20160308_155737_1281_361.jpg,0.25921002,0.22795478,0.5128352
khanhha_noisy2::CRACK500_20160308_155737_1281_721.jpg,0.15398589,0.2823954,0.5636187
khanhha_noisy2::CRACK500_20160308_155737_1921_1.jpg,0.19415545,0.33733085,0.46851373
khanhha_noisy2::CRACK500_20160308_155737_1_1081.jpg,0.3824841,0.35147518,0.26604068
khanhha_noisy2::CRACK500_20160308_155737_641_721.jpg,0.14671662,0.47390074,0.37938258
khanhha_noisy2::CRACK500_20160308_155828_1281_721.jpg,0.3405226,0.4216008,0.23787655
khanhha_noisy2::CRACK500_20160308_155836_1921_361.jpg,0.09288859,0.8196839,0.08742746
khanhha_noisy2::CRACK500_20160308_155836_1921_721.jpg,0.23206092,0.666369,0.10157008
khanhha_noisy2::CRACK500_20160308_160053_1_361.jpg,0.08139521,0.44838902,0.47021577
khanhha_noisy2::CRACK500_20160308_160128_641_361.jpg,0.29811236,0.56622124,0.13566639
khanhha_noisy2::CRACK500_20160308_160128_641_721.jpg,0.3755619,0.48181143,0.1426266
khanhha_noisy2::CRACK500_20160310_114418_641_361.jpg,0.37852517,0.4941303,0.12734458
khanhha_noisy2::CRACK500_20160310_114441_641_1.jpg,0.51425165,0.37207893,0.113669366
khanhha_noisy2::CRACK500_20160310_114441_641_1081.jpg,0.33601072,0.565466,0.0985232
khanhha_noisy2::CRACK500_20160310_114446_641_1081.jpg,0.27547598,0.6202202,0.104303844
khanhha_noisy2::CRACK500_20160310_114505_641_361.jpg,0.32083863,0.550128,0.12903342
khanhha_noisy2::CRACK500_20160310_114658_641_721.jpg,0.2641332,0.58457613,0.15129077
khanhha_noisy2::CRACK500_20160316_141721_1_721.jpg,0.3917464,0.52726847,0.080985144
khanhha_noisy2::CRACK500_20160316_141721_641_721.jpg,0.46557638,0.42410544,0.110318124
khanhha_noisy2::CRACK500_20160316_142009_1281_361.jpg,0.38298002,0.52976525,0.08725474
khanhha_noisy2::CRACK500_20160316_142009_1281_721.jpg,0.41342872,0.45713952,0.12943177
khanhha_noisy2::CRACK500_20160316_142027_1281_721.jpg,0.3088403,0.59772325,0.09343637
khanhha_noisy2::CRACK500_20160316_142449_1_361.jpg,0.34793213,0.59658134,0.055486474
khanhha_noisy2::CRACK500_20160316_142539_1_721.jpg,0.33480957,0.5296783,0.13551211
khanhha_noisy2::CRACK500_20160316_143433_641_361.jpg,0.336512,0.50060576,0.16288224
khanhha_noisy2::CRACK500_20160316_143445_1281_361.jpg,0.281141,0.5982014,0.1206576
khanhha_noisy2::CRACK500_20160316_143527_641_1.jpg,0.2745954,0.58509815,0.14030638
khanhha_noisy2::CRACK500_20160316_143547_1281_1081.jpg,0.19381446,0.6882465,0.117939
khanhha_noisy2::CRACK500_20160316_143603_1921_361.jpg,0.14280225,0.67706954,0.18012823
khanhha_noisy2::CRACK500_20160316_143624_1_641.jpg,0.34940276,0.5383152,0.11228207
khanhha_noisy2::CRACK500_20160316_143629_1281_721.jpg,0.21286704,0.6969085,0.09022447
khanhha_noisy2::CRACK500_20160316_143629_1921_721.jpg,0.23685002,0.65825266,0.10489728
khanhha_noisy2::CRACK500_20160316_144203_1281_721.jpg,0.22714213,0.66139317,0.11146472
khanhha_noisy2::CRACK500_20160316_144212_1921_721.jpg,0.26090494,0.6051245,0.13397059
khanhha_noisy2::CRACK500_20160316_144212_641_721.jpg,0.26932162,0.63985586,0.09082254
khanhha_noisy2::CRACK500_20160316_144230_641_1.jpg,0.24775663,0.6132355,0.13900787
khanhha_noisy2::CRACK500_20160316_144241_641_361.jpg,0.23921713,0.6325191,0.12826379
khanhha_noisy2::CRACK500_20160316_144431_641_1081.jpg,0.26923034,0.6512888,0.07948083
khanhha_noisy2::CRACK500_20160316_183217_1281_1.jpg,0.1748255,0.7161821,0.108992435
khanhha_noisy2::CRACK500_20160318_084343_1281_361.jpg,0.087213464,0.8090975,0.10368897
khanhha_noisy2::CRACK500_20160318_181602_1281_361.jpg,0.36716595,0.5655908,0.06724325
khanhha_noisy2::CRACK500_20160318_181627_1_721.jpg,0.3542118,0.5137342,0.13205393
khanhha_noisy2::CRACK500_20160318_181632_1_1.jpg,0.36584684,0.5081324,0.1260208
khanhha_noisy2::CRACK500_20160318_181632_1_361.jpg,0.18101652,0.55620766,0.26277584
khanhha_noisy2::CRACK500_20160318_181632_641_1.jpg,0.38136876,0.45913312,0.1594981
khanhha_noisy2::CRACK500_20160321_183951_1_361.jpg,0.16270842,0.7813451,0.0559464
khanhha_noisy2::CRACK500_20160321_185457_1281_1.jpg,0.1975425,0.7260088,0.07644877
khanhha_noisy2::CRACK500_20160321_185457_1921_1.jpg,0.17084292,0.72863257,0.1005246
khanhha_noisy2::CRACK500_20160321_185518_1921_721.jpg,0.13758709,0.7910114,0.0714015
khanhha_noisy2::CRACK500_20160321_185518_1_721.jpg,0.13836086,0.74234706,0.119292006
khanhha_noisy2::CRACK500_20160321_185534_1281_721.jpg,0.2519967,0.66693103,0.081072204
khanhha_noisy2::CRACK500_20160321_185557_1_361.jpg,0.23022923,0.6406413,0.12912947
khanhha_noisy2::CRACK500_20160321_185557_641_721.jpg,0.3162108,0.612289,0.07150024
khanhha_noisy2::CRACK500_20160321_185637_1_1081.jpg,0.19083135,0.71415997,0.09500866
khanhha_noisy2::CRACK500_20160324_165857_1281_361.jpg,0.12682587,0.6109004,0.2622737
khanhha_noisy2::CRACK500_20160324_165857_641_361.jpg,0.13748094,0.5368865,0.32563257
khanhha_noisy2::CRACK500_20160324_170309_641_1.jpg,0.2627957,0.6301097,0.107094616
khanhha_noisy2::CRACK500_20160324_170309_641_361.jpg,0.22802056,0.45589146,0.316088
khanhha_noisy2::CRACK500_20160324_170309_641_721.jpg,0.27593294,0.44872802,0.27533895
khanhha_noisy2::CRACK500_20160324_170323_1_721.jpg,0.50163627,0.31459552,0.18376829
khanhha_noisy2::CRACK500_20160324_170347_1281_361.jpg,0.20665103,0.5504383,0.2429107
khanhha_noisy2::CRACK500_20160324_170347_1281_721.jpg,0.3626036,0.4000589,0.23733753
khanhha_noisy2::CRACK500_20160324_170542_1_721.jpg,0.26808092,0.5067376,0.22518148
khanhha_noisy2::CRACK500_20160325_185829_641_361.jpg,0.07893015,0.81748813,0.10358171
khanhha_noisy2::CRACK500_20160326_141812_1281_721.jpg,0.5370364,0.37373888,0.08922474
khanhha_noisy2::CRACK500_20160326_141812_1921_721.jpg,0.35299602,0.5001392,0.14686488
khanhha_noisy2::CRACK500_20160326_142309_1281_721.jpg,0.302115,0.5286011,0.16928393
khanhha_noisy2::CRACK500_20160326_142354_641_1081.jpg,0.1658338,0.5458816,0.2882845
khanhha_noisy2::CRACK500_20160326_142403_1921_361.jpg,0.20557076,0.63361585,0.16081336
khanhha_noisy2::CRACK500_20160326_150104_1921_361.jpg,0.17553315,0.619047,0.20541984
khanhha_noisy2::CRACK500_20160326_150104_1_361.jpg,0.17907666,0.55069697,0.27022642
khanhha_noisy2::CRACK500_20160326_162529_641_361.jpg,0.23824225,0.603706,0.15805177
khanhha_noisy2::CRACK500_20160326_162532_1921_361.jpg,0.24117005,0.5032893,0.25554064
khanhha_noisy2::CRACK500_20160326_162532_1_721.jpg,0.37766585,0.5240574,0.09827678
khanhha_noisy2::CRACK500_20160326_174634_1921_361.jpg,0.18685557,0.53539395,0.27775052
khanhha_noisy2::CRACK500_20160326_174634_641_721.jpg,0.26939076,0.5056374,0.2249718
khanhha_noisy2::CRACK500_20160328_150820_641_361.jpg,0.07864092,0.82068604,0.10067304
khanhha_noisy2::CRACK500_20160328_150821_1281_361.jpg,0.29795128,0.6365147,0.06553397
khanhha_noisy2::CRACK500_20160328_150821_1_721.jpg,0.30344048,0.5621063,0.13445316
khanhha_noisy2::CRACK500_20160328_150821_641_361.jpg,0.3149373,0.60705024,0.07801253
khanhha_noisy2::CRACK500_20160328_150827_1281_1081.jpg,0.34711492,0.51527166,0.13761346
khanhha_noisy2::CRACK500_20160328_150927_1281_721.jpg,0.57597,0.3375668,0.08646323
khanhha_noisy2::CRACK500_20160328_150932_1921_361.jpg,0.45675525,0.4422018,0.10104291
khanhha_noisy2::CRACK500_20160328_150932_641_361.jpg,0.3331976,0.5777159,0.08908661
khanhha_noisy2::CRACK500_20160328_150933_1921_361.jpg,0.23456645,0.69760776,0.06782568
khanhha_noisy2::CRACK500_20160328_150940_1281_361.jpg,0.2278862,0.65900683,0.11310693
khanhha_noisy2::CRACK500_20160328_150940_1_1081.jpg,0.22778118,0.6767102,0.095508635
khanhha_noisy2::CRACK500_20160328_150940_641_1081.jpg,0.17422256,0.7397462,0.08603121
khanhha_noisy2::CRACK500_20160328_150940_641_361.jpg,0.34760866,0.57068324,0.0817081
khanhha_noisy2::CRACK500_20160328_151013_361_1921.jpg,0.26983044,0.5919075,0.13826212
khanhha_noisy2::CRACK500_20160328_151020_641_721.jpg,0.41210476,0.4383297,0.14956559
khanhha_noisy2::CRACK500_20160328_151027_1921_1.jpg,0.3923173,0.48985592,0.11782679
khanhha_noisy2::CRACK500_20160328_151027_641_361.jpg,0.5950839,0.31469533,0.09022085
khanhha_noisy2::CRACK500_20160328_151056_1_361.jpg,0.21946402,0.53429717,0.24623872
khanhha_noisy2::CRACK500_20160328_151056_641_1081.jpg,0.29496363,0.51667887,0.18835747
khanhha_noisy2::CRACK500_20160328_151057_1281_721.jpg,0.3775219,0.4799842,0.14249392
khanhha_noisy2::CRACK500_20160328_151151_1921_721.jpg,0.1890901,0.6989505,0.111959375
khanhha_noisy2::CRACK500_20160328_151151_1_1.jpg,0.28723183,0.5620675,0.1507006
khanhha_noisy2::CRACK500_20160328_151151_641_1081.jpg,0.16289254,0.65857625,0.1785312
khanhha_noisy2::CRACK500_20160328_151151_641_361.jpg,0.14820547,0.75940996,0.09238452
khanhha_noisy2::CRACK500_20160328_151201_1281_721.jpg,0.4928514,0.40856293,0.09858571
khanhha_noisy2::CRACK500_20160328_151201_1_1.jpg,0.3163512,0.6143117,0.06933706
khanhha_noisy2::CRACK500_20160328_151241_1_1.jpg,0.15030247,0.71281624,0.13688134
khanhha_noisy2::CRACK500_20160328_151241_641_721.jpg,0.33769047,0.60257876,0.059730813
khanhha_noisy2::CRACK500_20160328_151243_1_361.jpg,0.24794212,0.6166578,0.13540012
khanhha_noisy2::CRACK500_20160328_151244_1921_1081.jpg,0.14435582,0.7598658,0.09577837
khanhha_noisy2::CRACK500_20160328_151244_641_721.jpg,0.40027183,0.50198656,0.09774159
khanhha_noisy2::CRACK500_20160328_151247_641_1.jpg,0.13174893,0.7766357,0.091615334
khanhha_noisy2::CRACK500_20160328_151343_1281_1.jpg,0.3026715,0.5308537,0.16647485
khanhha_noisy2::CRACK500_20160328_151343_641_721.jpg,0.3393275,0.59014106,0.070531435
khanhha_noisy2::CRACK500_20160328_151355_1281_361.jpg,0.65959066,0.29023674,0.05017263
khanhha_noisy2::CRACK500_20160328_151355_641_721.jpg,0.39495382,0.52316445,0.08188173
khanhha_noisy2::CRACK500_20160328_151409_1921_1081.jpg,0.30479413,0.5887184,0.1064875
khanhha_noisy2::CRACK500_20160328_151413_1_361.jpg,0.32619962,0.59751284,0.07628747
khanhha_noisy2::CRACK500_20160328_151413_641_721.jpg,0.4058759,0.46681383,0.12731034
khanhha_noisy2::CRACK500_20160328_151423_641_1081.jpg,0.48256716,0.45037198,0.067060776
khanhha_noisy2::CRACK500_20160328_151504_1_361.jpg,0.4858238,0.43694094,0.07723529
khanhha_noisy2::CRACK500_20160328_151657_1281_1.jpg,0.120971784,0.7307875,0.14824077
khanhha_noisy2::CRACK500_20160328_151657_1921_721.jpg,0.24689122,0.6013521,0.1517567
khanhha_noisy2::CRACK500_20160328_151657_1_361.jpg,0.3944893,0.3788014,0.22670932
khanhha_noisy2::CRACK500_20160328_151657_641_361.jpg,0.40816835,0.42862064,0.16321105
khanhha_noisy2::CRACK500_20160328_151657_641_721.jpg,0.37527695,0.34271014,0.28201285
khanhha_noisy2::CRACK500_20160328_151728_1921_721.jpg,0.07296175,0.7343312,0.19270709
khanhha_noisy2::CRACK500_20160328_151808_1281_721.jpg,0.19440107,0.57966965,0.22592932
khanhha_noisy2::CRACK500_20160328_152022_1921_1.jpg,0.16852516,0.7196901,0.11178474
khanhha_noisy2::CRACK500_20160328_152022_641_721.jpg,0.25727344,0.64543605,0.097290486
khanhha_noisy2::CRACK500_20160328_152305_1921_361.jpg,0.18987635,0.6786166,0.13150705
khanhha_noisy2::CRACK500_20160328_152308_1_361.jpg,0.19423398,0.6971229,0.10864317
khanhha_noisy2::CRACK500_20160328_152322_1281_721.jpg,0.16661961,0.5929559,0.24042447
khanhha_noisy2::CRACK500_20160328_152322_1_721.jpg,0.18244977,0.59106314,0.22648712
khanhha_noisy2::CRACK500_20160328_152328_1281_361.jpg,0.16956905,0.70781076,0.122620136
khanhha_noisy2::CRACK500_20160328_152328_1921_361.jpg,0.11773557,0.71948326,0.16278116
khanhha_noisy2::CRACK500_20160328_152328_641_361.jpg,0.087067276,0.74561065,0.16732211
khanhha_noisy2::CRACK500_20160328_152511_1921_721.jpg,0.28619465,0.5759555,0.13784975
khanhha_noisy2::CRACK500_20160328_153020_1921_361.jpg,0.12030775,0.7696845,0.11000768
khanhha_noisy2::CRACK500_20160328_153241_1281_721.jpg,0.26918873,0.6001096,0.13070175
khanhha_noisy2::CRACK500_20160328_153327_1_721.jpg,0.27863452,0.6464272,0.07493836
khanhha_noisy2::CRACK500_20160328_153357_1281_361.jpg,0.37977508,0.45771217,0.1625128
khanhha_noisy2::CRACK500_20160328_153357_641_1.jpg,0.21590333,0.5484816,0.23561513
khanhha_noisy2::CRACK500_20160328_153404_641_721.jpg,0.40067005,0.39942566,0.19990426
khanhha_noisy2::CRACK500_20160328_153421_641_1.jpg,0.33303037,0.59131926,0.07565032
khanhha_noisy2::CRACK500_20160328_153524_641_361.jpg,0.28786102,0.4526978,0.2594412
khanhha_noisy2::CRACK500_20160328_153533_1281_1.jpg,0.28443164,0.58348316,0.13208516
khanhha_noisy2::CRACK500_20160328_153533_1281_721.jpg,0.33386052,0.48118573,0.18495375
khanhha_noisy2::CRACK500_20160328_153533_1_1081.jpg,0.5447221,0.35841098,0.096866965
khanhha_noisy2::CRACK500_20160328_153536_1281_1081.jpg,0.24961199,0.5602596,0.19012839
khanhha_noisy2::CRACK500_20160328_153536_1_1081.jpg,0.22514752,0.662491,0.11236141
khanhha_noisy2::CRACK500_20160328_153536_641_1081.jpg,0.31229594,0.5598854,0.12781867
khanhha_noisy2::CRACK500_20160328_153540_641_361.jpg,0.25511017,0.6391653,0.1057245
khanhha_noisy2::CRACK500_20160328_153540_641_721.jpg,0.3093195,0.5304313,0.16024922
khanhha_noisy2::CRACK500_20160328_153544_1_1081.jpg,0.423433,0.45201284,0.1245541
khanhha_noisy2::CRACK500_20160328_153544_1_721.jpg,0.312572,0.6042934,0.08313463
khanhha_noisy2::CRACK500_20160328_153548_1281_721.jpg,0.40410993,0.4602112,0.13567886
khanhha_noisy2::CRACK500_20160328_153548_1921_721.jpg,0.32741964,0.54982823,0.12275219
khanhha_noisy2::CRACK500_20160328_153553_1281_721.jpg,0.35583252,0.5142965,0.12987098
khanhha_noisy2::CRACK500_20160328_153556_1_361.jpg,0.32728904,0.5238865,0.14882451
khanhha_noisy2::CRACK500_20160328_153559_1281_361.jpg,0.2633549,0.6450525,0.09159263
khanhha_noisy2::CRACK500_20160328_153559_1_361.jpg,0.25776252,0.67111224,0.07112524
khanhha_noisy2::CRACK500_20160328_153604_1_361.jpg,0.35265848,0.5657821,0.08155936
khanhha_noisy2::CRACK500_20160328_153604_641_1.jpg,0.29927638,0.6067307,0.09399288
khanhha_noisy2::CRACK500_20160328_153604_641_721.jpg,0.31733385,0.54468656,0.13797961
khanhha_noisy2::CRACK500_20160328_153612_1281_1081.jpg,0.3575369,0.5343337,0.10812936
khanhha_noisy2::CRACK500_20160328_153616_1281_361.jpg,0.45508316,0.38818917,0.15672764
khanhha_noisy2::CRACK500_20160328_153623_1_721.jpg,0.26922503,0.59798485,0.13279015
khanhha_noisy2::CRACK500_20160328_153629_1921_361.jpg,0.23815876,0.503424,0.25841722
khanhha_noisy2::CRACK500_20160328_153645_1_361.jpg,0.28390992,0.6529406,0.06314946
khanhha_noisy2::CRACK500_20160328_153657_1921_1081.jpg,0.25561434,0.64065,0.10373573
khanhha_noisy2::CRACK500_20160328_153702_1281_721.jpg,0.19726501,0.6134421,0.18929294
khanhha_noisy2::CRACK500_20160328_153702_1_1081.jpg,0.3255577,0.49863562,0.17580669
khanhha_noisy2::CRACK500_20160328_153706_1281_1.jpg,0.16955714,0.6680877,0.16235517
khanhha_noisy2::CRACK500_20160328_153706_1281_1081.jpg,0.22668281,0.5823934,0.19092388
khanhha_noisy2::CRACK500_20160328_153706_1921_1.jpg,0.353825,0.50077033,0.1454047
khanhha_noisy2::CRACK500_20160328_153714_1_1.jpg,0.41697168,0.37460217,0.20842613
khanhha_noisy2::CRACK500_20160328_153714_1_1081.jpg,0.29154792,0.5205212,0.18793084
khanhha_noisy2::CRACK500_20160328_153714_641_721.jpg,0.44789147,0.2948182,0.25729033
khanhha_noisy2::CRACK500_20160328_153718_1281_1.jpg,0.34324163,0.5372475,0.11951081
khanhha_noisy2::CRACK500_20160328_153718_1921_1.jpg,0.29989907,0.48163712,0.21846388
khanhha_noisy2::CRACK500_20160328_153724_1_1081.jpg,0.24410783,0.60191286,0.15397932
khanhha_noisy2::CRACK500_20160328_153724_641_721.jpg,0.38239545,0.4980543,0.119550236
khanhha_noisy2::CRACK500_20160328_153813_1281_1081.jpg,0.31845424,0.497181,0.18436478
khanhha_noisy2::CRACK500_20160328_153813_1921_1081.jpg,0.53661025,0.30346683,0.15992297
khanhha_noisy2::CRACK500_20160328_153821_1_1.jpg,0.31070918,0.5446196,0.14467125
khanhha_noisy2::CRACK500_20160328_153829_1921_361.jpg,0.203786,0.5878717,0.20834227
khanhha_noisy2::CRACK500_20160328_153829_641_1.jpg,0.34067115,0.5257903,0.1335386
khanhha_noisy2::CRACK500_20160328_153845_1281_721.jpg,0.30988255,0.5215695,0.16854796
khanhha_noisy2::CRACK500_20160328_153845_1_361.jpg,0.3727181,0.47338074,0.1539011
khanhha_noisy2::CRACK500_20160328_153845_641_721.jpg,0.33467114,0.48694763,0.17838125
khanhha_noisy2::CRACK500_20160328_153848_1921_1.jpg,0.12583406,0.74425954,0.12990636
khanhha_noisy2::CRACK500_20160328_153915_1921_721.jpg,0.2687621,0.6242792,0.10695872
khanhha_noisy2::CRACK500_20160328_153918_1_361.jpg,0.3298697,0.5558863,0.114243954
khanhha_noisy2::CRACK500_20160328_153918_1_721.jpg,0.2534545,0.6023178,0.14422768
khanhha_noisy2::CRACK500_20160328_154011_1921_1.jpg,0.2289484,0.6182438,0.15280774
khanhha_noisy2::CRACK500_20160328_154159_1921_1081.jpg,0.40005633,0.4635055,0.13643815
khanhha_noisy2::CRACK500_20160328_154159_1_361.jpg,0.272315,0.57353085,0.15415414
khanhha_noisy2::CRACK500_20160328_154202_1281_1.jpg,0.25089124,0.6266036,0.12250511
khanhha_noisy2::CRACK500_20160328_154202_1281_1081.jpg,0.35514256,0.55494285,0.08991458
khanhha_noisy2::CRACK500_20160328_154202_1921_361.jpg,0.26961628,0.6149972,0.11538654
khanhha_noisy2::CRACK500_20160328_154202_641_1081.jpg,0.4404357,0.4635486,0.096015655
khanhha_noisy2::CRACK500_20160328_154318_1281_361.jpg,0.23722196,0.66126364,0.10151439
khanhha_noisy2::CRACK500_20160328_154318_641_1.jpg,0.37789053,0.55052656,0.071582966
khanhha_noisy2::CRACK500_20160328_154318_641_721.jpg,0.12248313,0.72918093,0.14833596
khanhha_noisy2::CRACK500_20160328_154321_1281_1.jpg,0.18965466,0.71588403,0.09446133
khanhha_noisy2::CRACK500_20160328_154334_641_721.jpg,0.283439,0.62305087,0.09351014
khanhha_noisy2::CRACK500_20160328_154352_1281_721.jpg,0.24008447,0.6720247,0.08789079
khanhha_noisy2::CRACK500_20160328_154356_1921_721.jpg,0.430731,0.50165987,0.067609124
khanhha_noisy2::CRACK500_20160328_154429_641_721.jpg,0.18812047,0.7022148,0.1096647
khanhha_noisy2::CRACK500_20160328_154454_1_721.jpg,0.250607,0.6028961,0.14649683
khanhha_noisy2::CRACK500_20160328_154454_721_1.jpg,0.25370276,0.58193046,0.16436675
khanhha_noisy2::CRACK500_20160328_154535_1281_721.jpg,0.32087725,0.57593834,0.10318436
khanhha_noisy2::CRACK500_20160328_154535_641_721.jpg,0.18125166,0.6063925,0.21235584
khanhha_noisy2::CRACK500_20160329_093924_1921_721.jpg,0.10335747,0.773939,0.12270349
khanhha_noisy2::CRACK500_20160329_094003_641_361.jpg,0.069791764,0.7754291,0.15477902
khanhha_noisy2::CRACK500_20160329_094010_1281_361.jpg,0.08344312,0.83231795,0.08423885
khanhha_noisy2::CRACK500_20160329_094010_1_361.jpg,0.066146635,0.8479439,0.08590944
khanhha_noisy2::CRACK500_20160329_094010_641_721.jpg,0.08409264,0.7479549,0.16795246
khanhha_noisy2::CRACK500_20160329_094025_1921_361.jpg,0.13265137,0.7774894,0.08985923
khanhha_noisy2::CRACK500_20160329_094025_1_721.jpg,0.097283095,0.7663377,0.13637927
khanhha_noisy2::CRACK500_20160329_094055_1_721.jpg,0.12412198,0.7362289,0.13964917
khanhha_noisy2::CRACK500_20160329_094452_1_721.jpg,0.039105732,0.8483146,0.11257967
khanhha_noisy2::CRACK500_20160329_094459_1281_1.jpg,0.11905345,0.7584266,0.12251991
khanhha_noisy2::CRACK500_20160329_094459_641_361.jpg,0.14332366,0.72652066,0.13015571
khanhha_noisy2::CRACK500_20160329_094512_1281_1081.jpg,0.13072473,0.793086,0.07618927
khanhha_noisy2::CRACK500_20160329_094512_1281_721.jpg,0.22028163,0.68421113,0.09550729
khanhha_noisy2::CRACK500_20160329_094512_1921_721.jpg,0.11950903,0.78587765,0.09461333
khanhha_noisy2::CRACK500_20160329_094527_1_361.jpg,0.15752046,0.717739,0.12474055
khanhha_noisy2::CRACK500_20160329_101342_1281_721.jpg,0.12242189,0.7015505,0.17602767
khanhha_noisy2::CRACK500_20160329_101342_641_721.jpg,0.09963186,0.6579353,0.24243289
khanhha_noisy2::CRACK500_20160329_101347_1921_721.jpg,0.065260425,0.81746674,0.11727283
khanhha_noisy2::CRACK500_20160329_101503_641_721.jpg,0.27259287,0.65862566,0.068781495
khanhha_noisy2::CRACK500_20160329_101511_1921_361.jpg,0.20188239,0.72998273,0.06813489
khanhha_noisy2::CRACK500_20160329_103609_1281_721.jpg,0.09368894,0.74048984,0.16582124
khanhha_noisy2::CRACK500_20160329_103609_1921_721.jpg,0.26516378,0.6286091,0.106227055
khanhha_noisy2::CRACK500_20160329_103609_1_721.jpg,0.20136695,0.6907493,0.107883714
khanhha_noisy2::CRACK500_20160329_103609_641_361.jpg,0.17787646,0.6675196,0.1546039
khanhha_noisy2::CRACK500_20160329_103626_1281_721.jpg,0.2634242,0.6614396,0.07513617
khanhha_noisy2::CRACK500_20160329_103626_641_721.jpg,0.18420069,0.71255696,0.10324232
khanhha_noisy2::CRACK500_20160329_103800_361_641.jpg,0.22945644,0.5804128,0.19013068
khanhha_noisy2::CRACK500_20160329_103807_721_1281.jpg,0.20747575,0.6193749,0.17314938
khanhha_noisy2::CRACK500_20160329_104031_1281_721.jpg,0.16436338,0.70336384,0.13227281
khanhha_noisy2::CRACK500_20160329_104031_1921_721.jpg,0.15603514,0.71757275,0.12639216
khanhha_noisy2::CRACK500_20160329_104031_641_1081.jpg,0.1547348,0.67244416,0.17282102
khanhha_noisy2::CRACK500_20160329_104035_1921_721.jpg,0.13914046,0.6491834,0.21167617
khanhha_noisy2::CRACK500_20160329_104035_641_1.jpg,0.22170609,0.68600214,0.092291795
khanhha_noisy2::CRACK500_20160329_104107_1921_721.jpg,0.056300484,0.6701638,0.27353573
khanhha_noisy2::CRACK500_20160329_104107_1_721.jpg,0.13074103,0.6338799,0.23537911
khanhha_noisy2::CRACK500_20160329_104111_1281_721.jpg,0.23788089,0.7005547,0.061564445
khanhha_noisy2::CRACK500_20160329_104117_1281_361.jpg,0.26549748,0.6724231,0.062079422
khanhha_noisy2::CRACK500_20160329_104117_1921_361.jpg,0.16444387,0.76000375,0.07555241
khanhha_noisy2::CRACK500_20160329_104120_1921_721.jpg,0.1512567,0.7132369,0.13550636
khanhha_noisy2::CRACK500_20160329_104120_1_361.jpg,0.20713463,0.6706102,0.122255154
khanhha_noisy2::CRACK500_20160329_104120_1_721.jpg,0.31161126,0.56846684,0.119921915
khanhha_noisy2::CRACK500_20160329_104120_641_721.jpg,0.12622686,0.6814887,0.19228438
khanhha_noisy2::CRACK500_20160329_104152_1_721.jpg,0.22866069,0.6512874,0.120051965
khanhha_noisy2::CRACK500_20160329_104152_641_721.jpg,0.27814868,0.65419734,0.06765396
khanhha_noisy2::CRACK500_20160329_104205_1921_361.jpg,0.1354849,0.72967374,0.1348414
khanhha_noisy2::CRACK500_20160329_111111_1921_361.jpg,0.111998394,0.76151234,0.12648927
khanhha_noisy2::CRACK500_20160329_115529_1_721.jpg,0.24617533,0.69180685,0.062017746
khanhha_noisy2::CRACK500_20160329_115531_641_721.jpg,0.42520207,0.48533592,0.089462034
khanhha_noisy2::CRACK500_20160330_160957_1921_1081.jpg,0.33045527,0.49248886,0.17705588
khanhha_noisy2::CRACK500_20160330_160957_1_721.jpg,0.29050398,0.5267115,0.1827845
khanhha_noisy2::CRACK500_20160330_163725_1921_361.jpg,0.06174611,0.5745113,0.36374256
khanhha_noisy2::CRACK500_20160330_163725_641_1081.jpg,0.20088442,0.5187198,0.28039578
khanhha_noisy2::CRACK500_20160330_163946_641_361.jpg,0.16566825,0.38597643,0.44835523
khanhha_noisy2::CRACK500_20160330_164743_1_361.jpg,0.10738925,0.790113,0.1024978
khanhha_noisy2::CRACK500_20160330_164743_641_361.jpg,0.18291222,0.7101309,0.10695683
khanhha_noisy2::CRACK500_20160330_165325_1921_361.jpg,0.4622636,0.47431785,0.06341848
khanhha_noisy2::CRACK500_20160330_165325_1921_721.jpg,0.22370434,0.63748384,0.13881181
khanhha_noisy2::CRACK500_20160330_165325_1_721.jpg,0.48526487,0.3706828,0.14405233
khanhha_noisy2::CRACK500_20160330_165333_1921_1081.jpg,0.20073678,0.65698147,0.1422818
khanhha_noisy2::CRACK500_20160330_165333_1_721.jpg,0.32634452,0.52434915,0.1493063
khanhha_noisy2::CRACK500_20160330_165644_641_1081.jpg,0.23590071,0.6905058,0.07359346
khanhha_noisy2::CRACK500_20160330_170014_641_361.jpg,0.35785657,0.4488058,0.1933376
khanhha_noisy2::CRACK500_20160330_170014_641_721.jpg,0.12540342,0.7597793,0.11481737
khanhha_noisy2::CRACK500_20160330_170114_1281_361.jpg,0.1856273,0.6680712,0.14630154
khanhha_noisy2::CRACK500_20160330_170114_641_721.jpg,0.3313121,0.5832879,0.08540004
khanhha_noisy2::CRACK500_20160330_170302_1_721.jpg,0.1714534,0.76260614,0.06594046
khanhha_noisy2::CRACK500_20160330_170308_1281_361.jpg,0.08767947,0.87118614,0.04113435
khanhha_noisy2::CRACK500_20160330_170308_1921_1081.jpg,0.106714286,0.82687616,0.06640955
khanhha_noisy2::CRACK500_20160330_170308_1921_361.jpg,0.11530088,0.830698,0.054001093
khanhha_noisy2::CRACK500_20160330_170308_1921_721.jpg,0.1111514,0.8388515,0.049997177
khanhha_noisy2::CRACK500_20160330_170501_1_721.jpg,0.1751413,0.7011359,0.1237228
khanhha_noisy2::CRACK500_20160330_170504_641_721.jpg,0.15244617,0.6839861,0.16356777
khanhha_noisy2::CRACK500_20160330_170848_641_361.jpg,0.0822064,0.6467895,0.2710041
khanhha_noisy2::CRACK500_20160330_172305_1_1081.jpg,0.35183567,0.5519916,0.096172675
khanhha_noisy2::CRACK500_20160330_172305_1_721.jpg,0.3542385,0.51434433,0.1314172
khanhha_noisy2::CRACK500_20160330_172309_1_721.jpg,0.395911,0.5052816,0.09880737
khanhha_noisy2::CRACK500_20160402_150105_1_1.jpg,0.47680637,0.42309633,0.10009734
khanhha_noisy2::CRACK500_20160402_150110_1281_361.jpg,0.35498884,0.51805216,0.12695897
khanhha_noisy2::CRACK500_20160402_150110_1921_361.jpg,0.16133189,0.7392819,0.099386185
khanhha_noisy2::CRACK500_20160402_150110_641_721.jpg,0.47113523,0.4159154,0.11294936
khanhha_noisy2::CRACK500_20160402_150300_1281_721.jpg,0.3105831,0.5057318,0.18368503
khanhha_noisy2::CRACK500_20160402_150314_641_361.jpg,0.16263798,0.7158254,0.1215367
khanhha_noisy2::CRACK500_20160402_150317_641_361.jpg,0.15384865,0.6895794,0.15657192
khanhha_noisy2::CRACK500_20160402_150317_641_721.jpg,0.36147588,0.54026693,0.09825719
khanhha_noisy2::CRACK500_20160402_150938_641_361.jpg,0.4066178,0.49896783,0.09441446
khanhha_noisy2::CRACK500_20160402_150938_641_721.jpg,0.41469008,0.41014192,0.17516805
khanhha_noisy2::CRACK500_20160402_151049_641_721.jpg,0.46934402,0.42333502,0.10732096
khanhha_noisy2::CRACK500_20160402_151054_1281_361.jpg,0.25118008,0.62145406,0.12736589
khanhha_noisy2::CRACK500_20160402_151054_641_721.jpg,0.34247565,0.57142425,0.08610013
khanhha_noisy2::CRACK500_20160402_151837_1921_721.jpg,0.33502942,0.55455756,0.11041295
khanhha_noisy2::CRACK500_20160405_171219_1281_721.jpg,0.1144404,0.75788426,0.12767537
khanhha_noisy2::CRACK500_20160405_171219_641_721.jpg,0.09093726,0.79613525,0.11292749
khanhha_noisy2::CRACK500_20160405_171333_1281_361.jpg,0.21144171,0.6440471,0.14451116
khanhha_noisy2::CRACK500_20160405_171336_641_361.jpg,0.18375556,0.5114543,0.30479017
khanhha_noisy2::CRACK500_20160405_171348_1921_721.jpg,0.25556192,0.64985496,0.09458308
khanhha_noisy2::CRACK500_20160405_171431_641_1.jpg,0.21382976,0.7149653,0.07120494
khanhha_noisy2::CRACK500_20160405_171431_641_361.jpg,0.26079682,0.670305,0.06889815
khanhha_noisy2::CRACK500_20160405_171453_1281_361.jpg,0.30406046,0.6033246,0.092614986
khanhha_noisy2::CRACK500_20160405_171453_1_721.jpg,0.1885736,0.74835056,0.06307579
khanhha_noisy2::CRACK500_20160405_171453_641_361.jpg,0.098560795,0.8010098,0.10042939
khanhha_noisy2::CRACK500_20160405_171456_1_361.jpg,0.07748831,0.7411099,0.1814018
khanhha_noisy2::CRACK500_20160405_171712_1281_1.jpg,0.12464083,0.8020347,0.07332454
khanhha_noisy2::CRACK500_20160405_171712_1281_361.jpg,0.09134084,0.8548181,0.05384104
khanhha_noisy2::CRACK500_20160405_171712_1921_1.jpg,0.1629101,0.7457632,0.09132675
khanhha_noisy2::CRACK500_20160405_171716_1921_721.jpg,0.1496694,0.7172122,0.13311838
khanhha_noisy2::CRACK500_20160405_171723_1281_361.jpg,0.11614503,0.7787175,0.10513749
khanhha_noisy2::CRACK500_20160405_172849_1921_1.jpg,0.093872376,0.76767874,0.13844888
khanhha_noisy2::CRACK500_20160405_172854_1921_1.jpg,0.09989661,0.7424564,0.15764694
khanhha_noisy2::CRACK500_20160405_172908_1281_1.jpg,0.12818573,0.8024065,0.06940776
khanhha_noisy2::CRACK500_20160407_163125_1_721.jpg,0.31301296,0.48870787,0.19827919
khanhha_noisy2::CRACK500_20160407_163257_1281_721.jpg,0.25841174,0.49120337,0.25038496
khanhha_noisy2::CRACK500_20160407_163257_641_361.jpg,0.27338788,0.40905035,0.3175618
khanhha_noisy2::CRACK500_20160407_163515_1281_721.jpg,0.421945,0.5276786,0.05037643
khanhha_noisy2::CRACK500_20160407_163515_1_361.jpg,0.20485269,0.7402155,0.054931905
khanhha_noisy2::CRACK500_20160407_163522_1921_721.jpg,0.20209423,0.68321913,0.11468665
khanhha_noisy2::CRACK500_20160407_163522_641_721.jpg,0.31919807,0.51442724,0.1663746
khanhha_noisy2::CRACK500_20160407_165001_641_1081.jpg,0.17677148,0.6937028,0.12952568
khanhha_noisy2::CRACK500_20160407_165009_1281_721.jpg,0.2412553,0.60546374,0.15328091
khanhha_noisy2::CRACK500_20160407_165009_1_721.jpg,0.15549862,0.7339119,0.11058961
khanhha_noisy2::CRACK500_20160407_165210_1921_721.jpg,0.42237788,0.33920968,0.23841244
khanhha_noisy2::CRACK500_20160415_191330_1921_361.jpg,0.05286356,0.79128206,0.15585436
khanhha_noisy2::CRACK500_20160415_191330_641_721.jpg,0.2501299,0.6626356,0.08723448
khanhha_noisy2::CRACK500_IMG_2931_1297_485.jpg,0.20787688,0.5395607,0.2525624
khanhha_noisy2::CRACK500_IMG_2931_1297_969.jpg,0.099623345,0.4771714,0.42320532
khanhha_noisy2::CRACK500_IMG_2931_1945_485.jpg,0.16560745,0.6263503,0.20804228
khanhha_noisy2::CRACK500_IMG_2931_1945_969.jpg,0.11404864,0.5645493,0.32140204
khanhha_noisy2::CRACK500_IMG_2931_1_485.jpg,0.06544586,0.7222285,0.21232557
khanhha_noisy2::CRACK500_IMG_2932_1297_969.jpg,0.10890693,0.6162575,0.27483556
khanhha_noisy2::CRACK500_IMG_2933_649_969.jpg,0.17804404,0.44069692,0.38125896
khanhha_noisy2::CRACK500_IMG_2934_649_969.jpg,0.14319706,0.592972,0.26383093
khanhha_noisy2::CRACK500_IMG_2935_649_969.jpg,0.19662642,0.46378443,0.3395892
khanhha_noisy2::CRACK500_IMG_2937_1297_969.jpg,0.22170687,0.45960543,0.31868768
khanhha_noisy2::CRACK500_IMG_2938_1297_969.jpg,0.11736843,0.66130304,0.22132853
khanhha_noisy2::CRACK500_IMG_2942_649_485.jpg,0.34548864,0.43648946,0.21802193
khanhha_noisy2::DeepCrack_11113.jpg,0.6274275,0.08922789,0.28334463
khanhha_noisy2::DeepCrack_11114.jpg,0.4998443,0.072833285,0.42732245
khanhha_noisy2::DeepCrack_11116-2.jpg,0.26170596,0.37980857,0.3584854
khanhha_noisy2::DeepCrack_11116-3.jpg,0.25499624,0.5363878,0.20861594
khanhha_noisy2::DeepCrack_11118.jpg,0.8431035,0.11279118,0.044105217
khanhha_noisy2::DeepCrack_11123.jpg,0.43683887,0.21814927,0.34501192
khanhha_noisy2::DeepCrack_11125-1.jpg,0.73696977,0.20418108,0.058849074
khanhha_noisy2::DeepCrack_11134-3.jpg,0.21638715,0.35115325,0.43245962
khanhha_noisy2::DeepCrack_11134-4.jpg,0.20507519,0.4192128,0.37571204
khanhha_noisy2::DeepCrack_11134.jpg,0.44557676,0.34727988,0.20714344
khanhha_noisy2::DeepCrack_11151-2.jpg,0.1473771,0.3560605,0.4965624
khanhha_noisy2::DeepCrack_11153.jpg,0.8531379,0.07384219,0.073019885
khanhha_noisy2::DeepCrack_11155-1.jpg,0.4058657,0.13430431,0.45982996
khanhha_noisy2::DeepCrack_11155.jpg,0.52212733,0.10768135,0.3701914
khanhha_noisy2::DeepCrack_11156-1.jpg,0.6965033,0.121074736,0.18242198
khanhha_noisy2::DeepCrack_11163-1.jpg,0.57591724,0.30741876,0.116663955
khanhha_noisy2::DeepCrack_11164-2.jpg,0.11817977,0.35421377,0.5276065
khanhha_noisy2::DeepCrack_11164-4.jpg,0.09188629,0.27897453,0.6291392
khanhha_noisy2::DeepCrack_11165-2.jpg,0.12569956,0.35771877,0.51658165
khanhha_noisy2::DeepCrack_11165.jpg,0.2632133,0.2126381,0.5241486
khanhha_noisy2::DeepCrack_11178-3.jpg,0.42444113,0.43829465,0.13726422
khanhha_noisy2::DeepCrack_11184-1.jpg,0.5787247,0.12528442,0.2959909
khanhha_noisy2::DeepCrack_11188-2.jpg,0.15751399,0.30538574,0.5371003
khanhha_noisy2::DeepCrack_11188.jpg,0.291378,0.30012968,0.40849236
khanhha_noisy2::DeepCrack_11197-2.jpg,0.32258004,0.3997095,0.2777105
khanhha_noisy2::DeepCrack_11197-4.jpg,0.7404133,0.20875664,0.05083008
khanhha_noisy2::DeepCrack_11204.jpg,0.66950977,0.13764551,0.19284475
khanhha_noisy2::DeepCrack_11215-15.jpg,0.4409148,0.28738,0.27170515
khanhha_noisy2::DeepCrack_11215-3.jpg,0.41712287,0.3930472,0.18982989
khanhha_noisy2::DeepCrack_11218-3.jpg,0.23135988,0.464297,0.30434316
khanhha_noisy2::DeepCrack_11231-3.jpg,0.3601817,0.14305714,0.49676123
khanhha_noisy2::DeepCrack_11231-4.jpg,0.3694906,0.19064182,0.4398676
khanhha_noisy2::DeepCrack_11236-1.jpg,0.15508154,0.3799784,0.46494004
khanhha_noisy2::DeepCrack_11236-4.jpg,0.1534215,0.4108118,0.4357667
khanhha_noisy2::DeepCrack_11240-6.jpg,0.119981304,0.31151724,0.5685014
khanhha_noisy2::DeepCrack_11240-8.jpg,0.13908653,0.298481,0.56243247
khanhha_noisy2::DeepCrack_11247-12.jpg,0.84939516,0.042642504,0.10796232
khanhha_noisy2::DeepCrack_11249-4.jpg,0.36259204,0.3149663,0.3224417
khanhha_noisy2::DeepCrack_11249-7.jpg,0.6517007,0.2563013,0.09199798
khanhha_noisy2::DeepCrack_11266-3.jpg,0.07953879,0.45996234,0.4604989
khanhha_noisy2::DeepCrack_11269-1.jpg,0.75051767,0.12653147,0.1229509
khanhha_noisy2::DeepCrack_11270-2.jpg,0.38794467,0.31003952,0.30201587
khanhha_noisy2::DeepCrack_11271-2.jpg,0.416243,0.3725877,0.21116933
khanhha_noisy2::DeepCrack_11271-5.jpg,0.51671153,0.31829622,0.16499221
khanhha_noisy2::DeepCrack_11286-2.jpg,0.78351957,0.13623439,0.08024605
khanhha_noisy2::DeepCrack_11289-9.jpg,0.32381335,0.56177753,0.11440912
khanhha_noisy2::DeepCrack_11294.jpg,0.72808903,0.12369085,0.14822012
khanhha_noisy2::DeepCrack_11296-18.jpg,0.40043744,0.4006213,0.19894122
khanhha_noisy2::DeepCrack_11296-19.jpg,0.27204615,0.34876767,0.37918624
khanhha_noisy2::DeepCrack_11296-4.jpg,0.27131766,0.38546288,0.34321952
khanhha_noisy2::DeepCrack_11296-7.jpg,0.16847606,0.3902691,0.44125482
khanhha_noisy2::DeepCrack_11301-6.jpg,0.615013,0.1969829,0.18800405
khanhha_noisy2::DeepCrack_11304.jpg,0.45041946,0.06904222,0.48053834
khanhha_noisy2::DeepCrack_7Q3A9060-3.jpg,0.5518731,0.35587424,0.0922527
khanhha_noisy2::DeepCrack_7Q3A9060-9.jpg,0.15812509,0.4518465,0.39002842
khanhha_noisy2::DeepCrack_7Q3A9064-12.jpg,0.1307062,0.6214073,0.24788648
khanhha_noisy2::DeepCrack_7Q3A9064-17.jpg,0.167865,0.5483569,0.2837781
khanhha_noisy2::DeepCrack_7Q3A9064-19.jpg,0.09868955,0.657353,0.24395745
khanhha_noisy2::DeepCrack_7Q3A9064-20.jpg,0.64869004,0.27956742,0.071742475
khanhha_noisy2::DeepCrack_IMG109-1.jpg,0.21750969,0.20631737,0.5761729
khanhha_noisy2::DeepCrack_IMG11-6.jpg,0.48497182,0.18857287,0.32645538
khanhha_noisy2::DeepCrack_IMG14-1.jpg,0.47550246,0.13278295,0.39171463
khanhha_noisy2::DeepCrack_IMG14-3.jpg,0.52290046,0.2745379,0.20256165
khanhha_noisy2::DeepCrack_IMG25-6.jpg,0.52141804,0.2624181,0.21616387
khanhha_noisy2::DeepCrack_IMG27-3.jpg,0.9344278,0.043955944,0.0216163
khanhha_noisy2::DeepCrack_IMG27-7.jpg,0.92003965,0.060367312,0.019592997
khanhha_noisy2::DeepCrack_IMG27-8.jpg,0.9037594,0.061552558,0.034688044
khanhha_noisy2::DeepCrack_IMG27-9.jpg,0.8992535,0.06578051,0.03496601
khanhha_noisy2::DeepCrack_IMG33-12.jpg,0.7766105,0.1563568,0.067032725
khanhha_noisy2::DeepCrack_IMG33-16.jpg,0.7737345,0.1456425,0.08062306
khanhha_noisy2::DeepCrack_IMG33-9.jpg,0.79908895,0.13338925,0.06752184
khanhha_noisy2::DeepCrack_IMG36-2.jpg,0.77136683,0.064350724,0.16428247
khanhha_noisy2::DeepCrack_IMG_6469-2.jpg,0.53552234,0.2546034,0.20987424
khanhha_noisy2::DeepCrack_IMG_6472-1.jpg,0.591143,0.30934393,0.09951308
khanhha_noisy2::DeepCrack_IMG_6514-3.jpg,0.5512761,0.2712101,0.17751382
khanhha_noisy2::DeepCrack_IMG_6516-1.jpg,0.4319956,0.10900655,0.45899785
khanhha_noisy2::DeepCrack_IMG_6522-1.jpg,0.6273682,0.2541233,0.118508495
khanhha_noisy2::DeepCrack_IMG_6537-1.jpg,0.5230628,0.3887511,0.08818613
khanhha_noisy2::Eugen_Muller_4470_327_315_563_732.jpg,0.4579033,0.2874784,0.25461832
khanhha_noisy2::Eugen_Muller_7723_0_0_714_429.jpg,0.67246175,0.06321283,0.26432544
khanhha_noisy2::Eugen_Muller_8980_79_365_456_521.jpg,0.58466446,0.24290878,0.17242672
khanhha_noisy2::Eugen_Muller_8980a_123_420_527_438.jpg,0.6100671,0.23258564,0.1573472
khanhha_noisy2::Eugen_Muller_8980a_25_22_747_752.jpg,0.43900996,0.45576686,0.105223104
khanhha_noisy2::Eugen_Muller_9360_329_209_632_479.jpg,0.12597817,0.17939077,0.6946311
khanhha_noisy2::Eugen_Muller_9360_7_26_751_632.jpg,0.41075927,0.2294069,0.35983384
khanhha_noisy2::Eugen_Muller_9360_99_556_518_594.jpg,0.24839854,0.23591346,0.51568794
khanhha_noisy2::GAPS384_test_0005_541_641.jpg,0.032952793,0.4490838,0.51796335
khanhha_noisy2::GAPS384_test_0016_541_1.jpg,0.026904127,0.32991812,0.64317775
khanhha_noisy2::GAPS384_test_0016_541_641.jpg,0.10319997,0.5259273,0.37087277
khanhha_noisy2::GAPS384_test_0040_541_1.jpg,0.017032992,0.32336208,0.6596049
khanhha_noisy2::GAPS384_test_0042_541_1.jpg,0.023521485,0.481869,0.4946095
khanhha_noisy2::GAPS384_test_0058_1_1.jpg,0.01969605,0.36520672,0.6150973
khanhha_noisy2::GAPS384_test_0203_1_1.jpg,0.109725334,0.30444133,0.5858334
khanhha_noisy2::GAPS384_test_0203_541_1.jpg,0.022729274,0.39442813,0.5828426
khanhha_noisy2::GAPS384_test_0274_541_1.jpg,0.07427437,0.5428159,0.38290972
khanhha_noisy2::GAPS384_train_0423_1_1.jpg,0.021533709,0.3945397,0.58392656
khanhha_noisy2::GAPS384_train_0449_1_1.jpg,0.022593863,0.6012603,0.37614578
khanhha_noisy2::GAPS384_train_0455_541_1.jpg,0.012722874,0.4431745,0.5441026
khanhha_noisy2::GAPS384_train_0503_541_1.jpg,0.0825123,0.34049568,0.576992
khanhha_noisy2::GAPS384_train_0514_541_1.jpg,0.08450628,0.18932396,0.7261697
khanhha_noisy2::GAPS384_train_0516_541_641.jpg,0.07038059,0.27462268,0.6549968
khanhha_noisy2::GAPS384_train_0533_541_1.jpg,0.041685876,0.4021204,0.5561937
khanhha_noisy2::GAPS384_train_0538_541_1.jpg,0.034933805,0.4271531,0.5379131
khanhha_noisy2::GAPS384_train_0542_1_641.jpg,0.022549538,0.39127386,0.5861766
khanhha_noisy2::GAPS384_train_0544_541_1.jpg,0.026173443,0.4202122,0.5536143
khanhha_noisy2::GAPS384_train_0552_1_641.jpg,0.02378001,0.43317673,0.5430432
khanhha_noisy2::GAPS384_train_0559_541_641.jpg,0.06037557,0.37323993,0.56638443
khanhha_noisy2::GAPS384_train_0597_1_1.jpg,0.04399593,0.31982487,0.6361792
khanhha_noisy2::GAPS384_train_0599_1_1.jpg,0.02875888,0.32797882,0.64326227
khanhha_noisy2::GAPS384_train_0607_541_641.jpg,0.07392816,0.32085952,0.6052123
khanhha_noisy2::GAPS384_train_0608_1_1.jpg,0.029421674,0.5577266,0.41285166
khanhha_noisy2::GAPS384_train_0609_541_641.jpg,0.019458486,0.6063372,0.37420428
khanhha_noisy2::GAPS384_train_0641_1_1.jpg,0.21035583,0.20917255,0.5804716
khanhha_noisy2::GAPS384_train_0641_541_641.jpg,0.028623156,0.476807,0.4945698
khanhha_noisy2::GAPS384_train_0649_1_641.jpg,0.043489765,0.2854557,0.67105454
khanhha_noisy2::GAPS384_train_0664_1_1.jpg,0.028264409,0.39686573,0.5748699
khanhha_noisy2::GAPS384_train_0664_541_641.jpg,0.034815233,0.4869827,0.47820216
khanhha_noisy2::GAPS384_train_0680_541_641.jpg,0.113817625,0.31876642,0.567416
khanhha_noisy2::GAPS384_train_0681_541_641.jpg,0.12681302,0.4281916,0.44499537
khanhha_noisy2::GAPS384_train_0690_541_1.jpg,0.04816229,0.19423541,0.75760233
khanhha_noisy2::GAPS384_train_0695_541_1.jpg,0.06975987,0.27046353,0.65977657
khanhha_noisy2::GAPS384_train_0698_1_641.jpg,0.059718367,0.25730145,0.6829802
khanhha_noisy2::GAPS384_train_0700_1_1.jpg,0.027941104,0.26545763,0.70660126
khanhha_noisy2::GAPS384_train_0799_541_1.jpg,0.044931505,0.4718659,0.4832026
khanhha_noisy2::GAPS384_train_0809_541_1.jpg,0.020663315,0.30883384,0.6705029
khanhha_noisy2::GAPS384_train_0918_1_641.jpg,0.009543556,0.2171198,0.7733367
khanhha_noisy2::GAPS384_train_0922_1_641.jpg,0.022130804,0.53879064,0.4390785
khanhha_noisy2::GAPS384_train_0942_541_1.jpg,0.02815323,0.18764798,0.78419876
khanhha_noisy2::GAPS384_train_0959_1_641.jpg,0.012024251,0.4863875,0.5015882
khanhha_noisy2::GAPS384_train_0961_1_1.jpg,0.019574959,0.5106667,0.46975836
khanhha_noisy2::GAPS384_train_0996_1_641.jpg,0.011038184,0.4495842,0.5393777
khanhha_noisy2::GAPS384_train_1010_541_641.jpg,0.050605234,0.23241737,0.71697736
khanhha_noisy2::GAPS384_train_1015_1_641.jpg,0.032571875,0.3910377,0.5763904
khanhha_noisy2::GAPS384_train_1028_1_1.jpg,0.05900593,0.6519632,0.28903088
khanhha_noisy2::GAPS384_train_1048_1_1.jpg,0.13371858,0.35365862,0.51262283
khanhha_noisy2::GAPS384_train_1048_541_1.jpg,0.04783617,0.5569867,0.3951772
khanhha_noisy2::GAPS384_train_1085_541_1.jpg,0.021063272,0.3265976,0.6523391
khanhha_noisy2::GAPS384_train_1117_1_1.jpg,0.027084326,0.6613495,0.31156623
khanhha_noisy2::GAPS384_train_1120_541_641.jpg,0.18786304,0.4662804,0.34585658
khanhha_noisy2::GAPS384_train_1124_1_641.jpg,0.052644044,0.2581792,0.6891768
khanhha_noisy2::GAPS384_train_1126_541_1.jpg,0.017115295,0.22860484,0.75427985
khanhha_noisy2::GAPS384_train_1128_541_1.jpg,0.16493279,0.48416194,0.35090527
khanhha_noisy2::GAPS384_train_1171_541_641.jpg,0.029498111,0.3325054,0.6379965
khanhha_noisy2::GAPS384_train_1172_541_641.jpg,0.029220356,0.38125265,0.58952695
khanhha_noisy2::GAPS384_train_1173_541_1.jpg,0.036054965,0.3518232,0.6121218
khanhha_noisy2::GAPS384_train_1173_541_641.jpg,0.044671696,0.46956068,0.4857676
khanhha_noisy2::GAPS384_train_1183_541_1.jpg,0.023468703,0.43853554,0.5379958
khanhha_noisy2::GAPS384_train_1187_1_1.jpg,0.05960961,0.5431188,0.39727157
khanhha_noisy2::GAPS384_train_1218_541_1.jpg,0.024145255,0.4027065,0.57314825
khanhha_noisy2::GAPS384_train_1238_1_1.jpg,0.09675445,0.52685875,0.3763868
khanhha_noisy2::GAPS384_train_1247_541_1.jpg,0.059679784,0.5991285,0.34119165
khanhha_noisy2::GAPS384_train_1281_541_1.jpg,0.022469556,0.48260272,0.4949277
khanhha_noisy2::GAPS384_train_1284_541_641.jpg,0.027070098,0.58458894,0.3883409
khanhha_noisy2::GAPS384_train_1347_541_1.jpg,0.07579972,0.66959494,0.25460532
khanhha_noisy2::GAPS384_train_1347_541_641.jpg,0.21483567,0.5760171,0.2091473
khanhha_noisy2::GAPS384_train_1361_541_641.jpg,0.15446404,0.64778364,0.1977523
khanhha_noisy2::GAPS384_train_1366_541_1.jpg,0.04310771,0.5413409,0.41555133
khanhha_noisy2::GAPS384_train_1370_541_641.jpg,0.059222907,0.41784272,0.5229344
khanhha_noisy2::GAPS384_train_1374_541_1.jpg,0.032065686,0.57307696,0.3948574
khanhha_noisy2::GAPS384_train_1375_541_641.jpg,0.06936024,0.61949193,0.31114778
khanhha_noisy2::GAPS384_train_1381_541_1.jpg,0.07950126,0.6234394,0.2970594
khanhha_noisy2::GAPS384_valid_0016_541_1.jpg,0.07351988,0.6971076,0.22937255
khanhha_noisy2::Rissbilder_for_Florian_9S6A2782_0_0_3840_5760.jpg,0.52297324,0.32562074,0.15140606
khanhha_noisy2::Rissbilder_for_Florian_9S6A2783_485_963_3019_3865.jpg,0.609718,0.22274141,0.16754055
khanhha_noisy2::Rissbilder_for_Florian_9S6A2783_510_849_2889_2880.jpg,0.476337,0.2526561,0.2710069
khanhha_noisy2::Rissbilder_for_Florian_9S6A2783_555_1445_2892_3793.jpg,0.6600562,0.19667648,0.14326729
khanhha_noisy2::Rissbilder_for_Florian_9S6A2783_96_1214_3516_4173.jpg,0.6091054,0.23509276,0.15580174
khanhha_noisy2::Rissbilder_for_Florian_9S6A2784_100_1539_3455_3308.jpg,0.30899298,0.2375834,0.45342362
khanhha_noisy2::Rissbilder_for_Florian_9S6A2784_1029_155_2671_3164.jpg,0.39064708,0.30340716,0.30594572
khanhha_noisy2::Rissbilder_for_Florian_9S6A2784_241_1425_3582_3991.jpg,0.2617199,0.23763722,0.50064284
khanhha_noisy2::Rissbilder_for_Florian_9S6A2785_118_523_3535_4238.jpg,0.26103935,0.24148607,0.4974745
khanhha_noisy2::Rissbilder_for_Florian_9S6A2785_197_1269_2404_2359.jpg,0.18699448,0.28838897,0.52461654
khanhha_noisy2::Rissbilder_for_Florian_9S6A2785_239_136_3078_2666.jpg,0.26792052,0.23085189,0.50122756
khanhha_noisy2::Rissbilder_for_Florian_9S6A2785_493_901_3299_3768.jpg,0.26290995,0.2463015,0.49078855
khanhha_noisy2::Rissbilder_for_Florian_9S6A2785_51_1717_2854_3381.jpg,0.16893353,0.26483223,0.56623423
khanhha_noisy2::Rissbilder_for_Florian_9S6A2786_1709_1270_2041_2349.jpg,0.40743026,0.3349588,0.2576109
khanhha_noisy2::Rissbilder_for_Florian_9S6A2786_641_1214_2289_2280.jpg,0.26949728,0.42485517,0.30564758
khanhha_noisy2::Rissbilder_for_Florian_9S6A2787_1034_2113_2702_3383.jpg,0.57604516,0.121445455,0.3025094
khanhha_noisy2::Rissbilder_for_Florian_9S6A2787_114_2564_2503_2920.jpg,0.51391566,0.13532394,0.35076046
khanhha_noisy2::Rissbilder_for_Florian_9S6A2787_1217_749_2520_2686.jpg,0.7146835,0.154806,0.13051054
khanhha_noisy2::Rissbilder_for_Florian_9S6A2787_1287_2060_2196_2885.jpg,0.624788,0.1520195,0.22319245
khanhha_noisy2::Rissbilder_for_Florian_9S6A2787_38_553_3789_4026.jpg,0.50022244,0.21580178,0.28397584
khanhha_noisy2::Rissbilder_for_Florian_9S6A2787_469_792_2677_2506.jpg,0.638597,0.15200847,0.20939444
khanhha_noisy2::Rissbilder_for_Florian_9S6A2788_0_0_3840_5760.jpg,0.45957047,0.2293074,0.31112215
khanhha_noisy2::Rissbilder_for_Florian_9S6A2788_827_2151_2719_2314.jpg,0.38139433,0.34531447,0.27329114
khanhha_noisy2::Rissbilder_for_Florian_9S6A2789_29_2188_3523_3363.jpg,0.56530565,0.2261273,0.2085671
khanhha_noisy2::Rissbilder_for_Florian_9S6A2789_79_2844_3130_2630.jpg,0.49431974,0.27410245,0.23157778
khanhha_noisy2::Rissbilder_for_Florian_9S6A2790_213_1721_2871_3688.jpg,0.31976655,0.52952486,0.15070857
khanhha_noisy2::Rissbilder_for_Florian_9S6A2790_415_1305_3121_2371.jpg,0.31661296,0.44102076,0.24236637
khanhha_noisy2::Rissbilder_for_Florian_9S6A2790_750_1920_2101_2560.jpg,0.35198703,0.48358083,0.16443215
khanhha_noisy2::Rissbilder_for_Florian_9S6A2791_180_347_3514_4469.jpg,0.17493145,0.59651816,0.22855036
khanhha_noisy2::Rissbilder_for_Florian_9S6A2791_268_477_2530_3149.jpg,0.23944578,0.5198187,0.24073555
khanhha_noisy2::Rissbilder_for_Florian_9S6A2791_454_1477_3234_3143.jpg,0.18231308,0.5424951,0.27519178
khanhha_noisy2::Rissbilder_for_Florian_9S6A2792_0_0_5760_3840.jpg,0.3189586,0.42351606,0.2575254
khanhha_noisy2::Rissbilder_for_Florian_9S6A2792_1773_105_2717_3479.jpg,0.19347137,0.5413696,0.26515892
khanhha_noisy2::Rissbilder_for_Florian_9S6A2792_1778_280_3876_3455.jpg,0.30555278,0.40416422,0.29028293
khanhha_noisy2::Rissbilder_for_Florian_9S6A2792_2643_751_3074_3028.jpg,0.24273798,0.41561502,0.34164703
khanhha_noisy2::Rissbilder_for_Florian_9S6A2792_753_1245_2029_2585.jpg,0.20077078,0.6356103,0.1636189
khanhha_noisy2::Rissbilder_for_Florian_9S6A2793_377_1016_2309_2713.jpg,0.24157645,0.64980453,0.10861906
khanhha_noisy2::Rissbilder_for_Florian_9S6A2793_811_444_2800_3267.jpg,0.15949574,0.64309907,0.19740522
khanhha_noisy2::Rissbilder_for_Florian_9S6A2795_244_2755_3348_2948.jpg,0.25315717,0.4458348,0.301008
khanhha_noisy2::Rissbilder_for_Florian_9S6A2795_345_1636_2968_2382.jpg,0.45700893,0.3172648,0.2257263
khanhha_noisy2::Rissbilder_for_Florian_9S6A2795_726_782_2478_3159.jpg,0.29949218,0.3632806,0.33722723
khanhha_noisy2::Rissbilder_for_Florian_9S6A2796_352_1675_3345_3505.jpg,0.2737648,0.3094574,0.41677782
khanhha_noisy2::Rissbilder_for_Florian_9S6A2796_360_1209_3312_4152.jpg,0.3797695,0.2884993,0.33173114
khanhha_noisy2::Rissbilder_for_Florian_9S6A2796_365_740_3391_4131.jpg,0.43884954,0.2351864,0.32596403
khanhha_noisy2::Rissbilder_for_Florian_9S6A2797_0_0_3840_5760.jpg,0.6027171,0.30383584,0.09344705
khanhha_noisy2::Rissbilder_for_Florian_9S6A2797_211_1594_3203_4094.jpg,0.59955883,0.31343052,0.08701068
khanhha_noisy2::Rissbilder_for_Florian_9S6A2797_27_2177_3736_3368.jpg,0.70696545,0.22988297,0.06315162
khanhha_noisy2::Rissbilder_for_Florian_9S6A2797_331_75_3433_4182.jpg,0.63069683,0.29818246,0.07112064
khanhha_noisy2::Rissbilder_for_Florian_9S6A2798_499_1239_3234_3324.jpg,0.5781459,0.14790234,0.27395177
khanhha_noisy2::Rissbilder_for_Florian_9S6A2798_614_1857_2201_2501.jpg,0.80410695,0.08808187,0.10781119
khanhha_noisy2::Rissbilder_for_Florian_9S6A2798_697_1777_2994_3062.jpg,0.6594477,0.12093828,0.21961398
khanhha_noisy2::Rissbilder_for_Florian_9S6A2799_133_2058_3555_3079.jpg,0.29797176,0.20774627,0.494282
khanhha_noisy2::Rissbilder_for_Florian_9S6A2799_275_471_3176_4152.jpg,0.23062254,0.097974226,0.6714032
khanhha_noisy2::Rissbilder_for_Florian_9S6A2799_288_786_3196_3304.jpg,0.20034473,0.10335871,0.6962966
khanhha_noisy2::Rissbilder_for_Florian_9S6A2800_191_3241_2390_2435.jpg,0.048281666,0.5372997,0.41441855
khanhha_noisy2::Rissbilder_for_Florian_9S6A2800_195_2531_3219_2684.jpg,0.040095836,0.33074534,0.62915885
khanhha_noisy2::Rissbilder_for_Florian_9S6A2800_382_814_2795_2670.jpg,0.094589226,0.23192339,0.67348737
khanhha_noisy2::Rissbilder_for_Florian_9S6A2800_48_573_3788_4425.jpg,0.025017746,0.20518173,0.76980054
khanhha_noisy2::Rissbilder_for_Florian_9S6A2800_552_1819_3171_3588.jpg,0.03801966,0.24794781,0.7140325
khanhha_noisy2::Rissbilder_for_Florian_9S6A2800_817_399_2611_2043.jpg,0.05593705,0.6211421,0.32292086
khanhha_noisy2::Rissbilder_for_Florian_9S6A2802_251_84_3754_3687.jpg,0.06988945,0.29237893,0.6377316
khanhha_noisy2::Rissbilder_for_Florian_9S6A2802_2931_279_2589_2739.jpg,0.09914124,0.3143063,0.5865525
khanhha_noisy2::Rissbilder_for_Florian_9S6A2802_631_103_2560_2012.jpg,0.17519005,0.3244811,0.5003289
khanhha_noisy2::Rissbilder_for_Florian_9S6A2803_209_1110_2922_3685.jpg,0.24010299,0.070503406,0.68939364
khanhha_noisy2::Rissbilder_for_Florian_9S6A2803_247_1248_3459_4462.jpg,0.177975,0.12264989,0.69937503
khanhha_noisy2::Rissbilder_for_Florian_9S6A2803_272_142_3359_3107.jpg,0.1487229,0.10807995,0.74319714
khanhha_noisy2::Rissbilder_for_Florian_9S6A2803_612_408_2717_3030.jpg,0.22759081,0.12249589,0.6499133
khanhha_noisy2::Rissbilder_for_Florian_9S6A2804_118_1818_2606_2570.jpg,0.6637294,0.08286738,0.2534032
khanhha_noisy2::Rissbilder_for_Florian_9S6A2805_1632_240_3224_2475.jpg,0.32303312,0.42528936,0.25167748
khanhha_noisy2::Rissbilder_for_Florian_9S6A2805_3150_203_1998_2621.jpg,0.3221285,0.45869035,0.21918106
khanhha_noisy2::Rissbilder_for_Florian_9S6A2805_565_1400_2938_2247.jpg,0.3743224,0.43346092,0.19221668
khanhha_noisy2::Rissbilder_for_Florian_9S6A2806_1082_397_4233_3223.jpg,0.34030303,0.4362609,0.22343604
khanhha_noisy2::Rissbilder_for_Florian_9S6A2806_3363_1303_2009_2459.jpg,0.30522802,0.470862,0.22390996
khanhha_noisy2::Rissbilder_for_Florian_9S6A2806_368_348_2093_2759.jpg,0.48498198,0.23470047,0.28031752
khanhha_noisy2::Rissbilder_for_Florian_9S6A2807_112_2167_3474_2842.jpg,0.71454453,0.25576305,0.029692441
khanhha_noisy2::Rissbilder_for_Florian_9S6A2807_149_637_3674_3362.jpg,0.6600962,0.30796885,0.031934902
khanhha_noisy2::Rissbilder_for_Florian_9S6A2807_224_1187_3581_3340.jpg,0.52904856,0.43517265,0.035778765
khanhha_noisy2::Rissbilder_for_Florian_9S6A2807_577_1818_2154_2452.jpg,0.6276626,0.27987617,0.09246129
khanhha_noisy2::Rissbilder_for_Florian_9S6A2808_19_37_3435_3257.jpg,0.7373323,0.15416047,0.10850723
khanhha_noisy2::Rissbilder_for_Florian_9S6A2808_222_2951_3443_2623.jpg,0.15260285,0.65918666,0.18821046
khanhha_noisy2::Rissbilder_for_Florian_9S6A2808_30_709_3501_4305.jpg,0.521748,0.33082166,0.14743036
khanhha_noisy2::Rissbilder_for_Florian_9S6A2810_309_181_3327_4094.jpg,0.110785045,0.228856,0.6603589
khanhha_noisy2::Rissbilder_for_Florian_9S6A2810_43_528_3225_4185.jpg,0.15033764,0.105875954,0.74378645
khanhha_noisy2::Rissbilder_for_Florian_9S6A2810_65_655_2748_2720.jpg,0.20623116,0.21251467,0.5812542
khanhha_noisy2::Rissbilder_for_Florian_9S6A2811_119_80_3414_3691.jpg,0.14496346,0.23698261,0.6180539
khanhha_noisy2::Rissbilder_for_Florian_9S6A2811_1873_211_2406_2890.jpg,0.14164205,0.32084107,0.5375169
khanhha_noisy2::Rissbilder_for_Florian_9S6A2812_1545_131_2276_2406.jpg,0.15680668,0.2148998,0.6282935
khanhha_noisy2::Rissbilder_for_Florian_9S6A2812_372_1081_3294_3264.jpg,0.10770029,0.26405835,0.62824136
khanhha_noisy2::Rissbilder_for_Florian_9S6A2812_6_41_3627_3234.jpg,0.20903187,0.2575651,0.53340304
khanhha_noisy2::Rissbilder_for_Florian_9S6A2813_90_1297_3435_4044.jpg,0.17451903,0.3191676,0.5063134
khanhha_noisy2::Rissbilder_for_Florian_9S6A2815_1237_159_3590_2891.jpg,0.1073812,0.20455846,0.68806034
khanhha_noisy2::Rissbilder_for_Florian_9S6A2816_0_0_3840_5760.jpg,0.043144666,0.12911503,0.82774025
khanhha_noisy2::Rissbilder_for_Florian_9S6A2816_113_51_3722_4201.jpg,0.10177133,0.24705465,0.651174
khanhha_noisy2::Rissbilder_for_Florian_9S6A2816_1644_2004_1934_2558.jpg,0.06606593,0.17685704,0.7570771
khanhha_noisy2::Rissbilder_for_Florian_9S6A2816_255_1654_2762_3248.jpg,0.05516787,0.22655639,0.7182757
khanhha_noisy2::Rissbilder_for_Florian_9S6A2816_375_1185_3365_3750.jpg,0.054211617,0.12594491,0.8198435
khanhha_noisy2::Rissbilder_for_Florian_9S6A2816_48_1105_3458_4373.jpg,0.044211116,0.13115412,0.8246348
khanhha_noisy2::Rissbilder_for_Florian_9S6A2817_266_1535_2877_3827.jpg,0.1704837,0.44361478,0.3859016
khanhha_noisy2::Rissbilder_for_Florian_9S6A2817_362_2779_2835_2376.jpg,0.23852415,0.41450632,0.34696954
khanhha_noisy2::Rissbilder_for_Florian_9S6A2817_378_2811_2792_2576.jpg,0.2113992,0.4116544,0.37694636
khanhha_noisy2::Rissbilder_for_Florian_9S6A2817_515_925_2769_3395.jpg,0.15012482,0.40529916,0.44457603
khanhha_noisy2::Rissbilder_for_Florian_9S6A2817_67_221_2558_2411.jpg,0.11640015,0.37098894,0.512611
khanhha_noisy2::Rissbilder_for_Florian_9S6A2818_205_138_2610_2193.jpg,0.09666607,0.45793945,0.4453945
khanhha_noisy2::Rissbilder_for_Florian_9S6A2818_208_545_3096_3152.jpg,0.047728933,0.3224077,0.6298634
khanhha_noisy2::Rissbilder_for_Florian_9S6A2818_22_73_3648_4328.jpg,0.059801787,0.2657099,0.6744883
khanhha_noisy2::Rissbilder_for_Florian_9S6A2818_287_1431_3198_4185.jpg,0.0960824,0.44275045,0.4611672
khanhha_noisy2::Rissbilder_for_Florian_9S6A2818_819_1604_2582_2762.jpg,0.1094369,0.4724356,0.41812754
khanhha_noisy2::Rissbilder_for_Florian_9S6A2818_952_1532_2829_2875.jpg,0.11973709,0.53627026,0.34399262
khanhha_noisy2::Rissbilder_for_Florian_9S6A2820_304_486_3141_3670.jpg,0.19421123,0.22673185,0.5790569
khanhha_noisy2::Rissbilder_for_Florian_9S6A2820_366_660_2637_3456.jpg,0.15216783,0.17972933,0.66810286
khanhha_noisy2::Rissbilder_for_Florian_9S6A2821_1009_504_3415_2649.jpg,0.27705503,0.26567236,0.45727265
khanhha_noisy2::Rissbilder_for_Florian_9S6A2821_1089_894_2343_2903.jpg,0.16972524,0.31550297,0.5147718
khanhha_noisy2::Rissbilder_for_Florian_9S6A2821_2779_46_2936_3794.jpg,0.20972249,0.30433697,0.48594055
khanhha_noisy2::Rissbilder_for_Florian_9S6A2822_1030_155_3516_3590.jpg,0.14617345,0.20809892,0.64572763
khanhha_noisy2::Rissbilder_for_Florian_9S6A2822_1137_465_2983_2428.jpg,0.2861685,0.31419876,0.39963275
khanhha_noisy2::Rissbilder_for_Florian_9S6A2822_2401_400_2963_3258.jpg,0.15379864,0.16711527,0.6790861
khanhha_noisy2::Rissbilder_for_Florian_9S6A2823_106_892_3634_4471.jpg,0.11340421,0.54702044,0.33957535
khanhha_noisy2::Rissbilder_for_Florian_9S6A2825_325_1707_3330_2732.jpg,0.2295014,0.25613102,0.51436764
khanhha_noisy2::Rissbilder_for_Florian_9S6A2825_340_882_2590_2354.jpg,0.3565079,0.3180997,0.32539237
khanhha_noisy2::Rissbilder_for_Florian_9S6A2825_565_2563_2166_2123.jpg,0.24748969,0.44718054,0.30532974
khanhha_noisy2::Rissbilder_for_Florian_9S6A2825_65_315_3693_4161.jpg,0.204583,0.28712735,0.50828964
khanhha_noisy2::Rissbilder_for_Florian_9S6A2825_711_1408_2863_2522.jpg,0.25396863,0.29882988,0.44720152
khanhha_noisy2::Rissbilder_for_Florian_9S6A2825_71_1920_3644_3801.jpg,0.20762901,0.26195353,0.5304174
khanhha_noisy2::Rissbilder_for_Florian_9S6A2826_0_0_3840_5760.jpg,0.32008615,0.2971827,0.3827312
khanhha_noisy2::Rissbilder_for_Florian_9S6A2826_418_1200_2774_3626.jpg,0.25938636,0.35962948,0.3809842
khanhha_noisy2::Rissbilder_for_Florian_9S6A2826_65_1595_3304_2654.jpg,0.1361026,0.38259667,0.48130074
khanhha_noisy2::Rissbilder_for_Florian_9S6A2826_985_495_2477_3280.jpg,0.2152352,0.25361332,0.53115153
khanhha_noisy2::Rissbilder_for_Florian_9S6A2827_1172_836_2226_2545.jpg,0.349433,0.4014591,0.2491079
khanhha_noisy2::Rissbilder_for_Florian_9S6A2827_1553_813_2699_2293.jpg,0.29413256,0.35512528,0.35074216
khanhha_noisy2::Rissbilder_for_Florian_9S6A2828_111_1161_3542_4005.jpg,0.53494424,0.31608063,0.1489751
khanhha_noisy2::Rissbilder_for_Florian_9S6A2828_81_1831_3515_3918.jpg,0.38029128,0.45319036,0.16651832
khanhha_noisy2::Rissbilder_for_Florian_9S6A2828_958_2102_2564_2428.jpg,0.477695,0.33696857,0.18533641
khanhha_noisy2::Rissbilder_for_Florian_9S6A2829_248_0_4607_3807.jpg,0.23833938,0.45359686,0.3080638
khanhha_noisy2::Rissbilder_for_Florian_9S6A2829_465_128_3261_3385.jpg,0.15483426,0.4663374,0.37882838
khanhha_noisy2::Rissbilder_for_Florian_9S6A2830_317_1218_3139_3120.jpg,0.40468767,0.30109262,0.2942197
khanhha_noisy2::Rissbilder_for_Florian_9S6A2830_356_323_2546_2076.jpg,0.60188925,0.20449357,0.19361722
khanhha_noisy2::Rissbilder_for_Florian_9S6A2830_715_2986_2996_2571.jpg,0.55334574,0.24629185,0.20036243
khanhha_noisy2::Rissbilder_for_Florian_9S6A2830_87_511_3003_3652.jpg,0.5566693,0.1489757,0.29435498
khanhha_noisy2::Rissbilder_for_Florian_9S6A2831_130_3142_3148_2567.jpg,0.67562765,0.25649294,0.0678794
khanhha_noisy2::Rissbilder_for_Florian_9S6A2831_1392_523_2363_2146.jpg,0.56562173,0.24358869,0.19078954
khanhha_noisy2::Rissbilder_for_Florian_9S6A2831_14_1354_3612_3768.jpg,0.5440043,0.38204798,0.07394767
khanhha_noisy2::Rissbilder_for_Florian_9S6A2831_183_1551_2640_2168.jpg,0.76863366,0.16747303,0.063893355
khanhha_noisy2::Rissbilder_for_Florian_9S6A2831_237_201_3399_4522.jpg,0.46129408,0.4368689,0.10183696
khanhha_noisy2::Rissbilder_for_Florian_9S6A2831_277_1810_3479_3118.jpg,0.6963955,0.25186887,0.05173557
khanhha_noisy2::Rissbilder_for_Florian_9S6A2831_343_1804_2873_2254.jpg,0.70567054,0.19678651,0.09754284
khanhha_noisy2::Rissbilder_for_Florian_9S6A2832_1234_336_2375_2845.jpg,0.5402032,0.27871257,0.18108419
khanhha_noisy2::Rissbilder_for_Florian_9S6A2832_185_2346_3101_2742.jpg,0.3958356,0.4373644,0.1668
khanhha_noisy2::Rissbilder_for_Florian_9S6A2832_375_1408_3366_3866.jpg,0.54162705,0.33185482,0.12651809
khanhha_noisy2::Rissbilder_for_Florian_9S6A2833_0_720_3814_3967.jpg,0.352409,0.42186326,0.22572778
khanhha_noisy2::Rissbilder_for_Florian_9S6A2833_11_1057_3805_3303.jpg,0.3810894,0.38467556,0.23423499
khanhha_noisy2::Rissbilder_for_Florian_9S6A2833_596_837_3205_3950.jpg,0.39832553,0.37978235,0.22189222
khanhha_noisy2::Rissbilder_for_Florian_9S6A2834_1012_1643_2453_3015.jpg,0.5328272,0.29751134,0.16966137
khanhha_noisy2::Rissbilder_for_Florian_9S6A2834_18_332_3392_3333.jpg,0.4756559,0.32409003,0.20025407
khanhha_noisy2::Rissbilder_for_Florian_9S6A2834_196_114_2762_3611.jpg,0.47028184,0.34564638,0.18407187
khanhha_noisy2::Rissbilder_for_Florian_9S6A2834_40_1275_3784_4195.jpg,0.59794873,0.2842359,0.11781548
khanhha_noisy2::Rissbilder_for_Florian_9S6A2835_373_1783_2745_2384.jpg,0.35030594,0.43373066,0.2159634
khanhha_noisy2::Rissbilder_for_Florian_9S6A2835_459_1693_3011_2424.jpg,0.42042053,0.42051917,0.1590603
khanhha_noisy2::Rissbilder_for_Florian_9S6A2835_468_2521_2391_2304.jpg,0.35288563,0.44417098,0.20294334
khanhha_noisy2::Rissbilder_for_Florian_9S6A2835_469_1050_2755_3142.jpg,0.32460636,0.40124986,0.27414376
khanhha_noisy2::Rissbilder_for_Florian_9S6A2835_637_235_2191_2778.jpg,0.32586613,0.4932355,0.18089835
khanhha_noisy2::Rissbilder_for_Florian_9S6A2835_964_2753_2392_2184.jpg,0.4194416,0.34971228,0.23084615
khanhha_noisy2::Rissbilder_for_Florian_9S6A2836_0_0_3840_5760.jpg,0.46599174,0.40201774,0.13199055
khanhha_noisy2::Rissbilder_for_Florian_9S6A2836_391_1220_2381_3118.jpg,0.35169256,0.3762529,0.27205458
khanhha_noisy2::Rissbilder_for_Florian_9S6A2837_523_803_3305_3454.jpg,0.56600124,0.33679524,0.09720356
khanhha_noisy2::Rissbilder_for_Florian_9S6A2838_1264_697_1978_2438.jpg,0.41922104,0.30319902,0.27758002
khanhha_noisy2::Rissbilder_for_Florian_9S6A2838_419_638_3373_4346.jpg,0.55312437,0.32924184,0.11763378
khanhha_noisy2::Rissbilder_for_Florian_9S6A2838_565_1405_2810_2334.jpg,0.47305048,0.38422522,0.14272432
khanhha_noisy2::Rissbilder_for_Florian_9S6A2839_132_1745_2786_3604.jpg,0.17661202,0.30786142,0.5155265
khanhha_noisy2::Rissbilder_for_Florian_9S6A2839_8_923_3789_4181.jpg,0.14742073,0.34446207,0.50811726
khanhha_noisy2::Rissbilder_for_Florian_9S6A2840_408_2141_3112_2692.jpg,0.42445228,0.20408273,0.37146506
khanhha_noisy2::Rissbilder_for_Florian_9S6A2840_520_1171_3029_3249.jpg,0.34243074,0.246108,0.4114612
khanhha_noisy2::Rissbilder_for_Florian_9S6A2840_73_1408_3251_2521.jpg,0.34915653,0.35510346,0.29573992
khanhha_noisy2::Rissbilder_for_Florian_9S6A2840_7_1394_3830_4317.jpg,0.27712312,0.33894506,0.38393188
khanhha_noisy2::Rissbilder_for_Florian_9S6A2841_19_570_3460_3784.jpg,0.19408458,0.16988608,0.6360293
khanhha_noisy2::Rissbilder_for_Florian_9S6A2841_217_2299_3214_2878.jpg,0.2846684,0.14142196,0.57390964
khanhha_noisy2::Rissbilder_for_Florian_9S6A2841_247_162_2749_3393.jpg,0.27288666,0.14649257,0.58062077
khanhha_noisy2::Rissbilder_for_Florian_9S6A2841_319_1106_2769_3450.jpg,0.22462249,0.118491925,0.6568856
khanhha_noisy2::Rissbilder_for_Florian_9S6A2841_341_1075_3324_3954.jpg,0.2562454,0.23323873,0.51051587
khanhha_noisy2::Rissbilder_for_Florian_9S6A2841_542_955_3068_2456.jpg,0.2558758,0.23200709,0.51211715
khanhha_noisy2::Rissbilder_for_Florian_9S6A2842_321_767_3019_3008.jpg,0.3078493,0.22036095,0.47178984
khanhha_noisy2::Rissbilder_for_Florian_9S6A2842_635_1731_1931_2541.jpg,0.28183642,0.32337743,0.39478618
khanhha_noisy2::Rissbilder_for_Florian_9S6A2842_70_2154_3631_3282.jpg,0.27523455,0.22128832,0.50347716
khanhha_noisy2::Rissbilder_for_Florian_9S6A2843_12_1425_2920_2441.jpg,0.44766858,0.19134988,0.36098155
khanhha_noisy2::Rissbilder_for_Florian_9S6A2843_178_404_2380_2116.jpg,0.23782063,0.5435533,0.2186261
khanhha_noisy2::Rissbilder_for_Florian_9S6A2843_369_1526_1885_2389.jpg,0.24610376,0.33664376,0.4172525
khanhha_noisy2::Rissbilder_for_Florian_9S6A2843_734_2194_2503_2654.jpg,0.216528,0.31582028,0.46765164
khanhha_noisy2::Rissbilder_for_Florian_9S6A2843_81_439_3537_3036.jpg,0.36810017,0.31503168,0.31686816
khanhha_noisy2::Rissbilder_for_Florian_9S6A2844_0_0_3840_5760.jpg,0.08913139,0.6712846,0.23958403
khanhha_noisy2::Rissbilder_for_Florian_9S6A2844_443_437_3072_2992.jpg,0.18361919,0.35861132,0.4577695
khanhha_noisy2::Rissbilder_for_Florian_9S6A2844_736_848_3078_2427.jpg,0.21706152,0.40583488,0.3771036
khanhha_noisy2::Rissbilder_for_Florian_9S6A2845_0_0_5760_3840.jpg,0.16617206,0.32660306,0.5072249
khanhha_noisy2::Rissbilder_for_Florian_9S6A2845_1333_32_4399_3805.jpg,0.17067502,0.2722563,0.55706865
khanhha_noisy2::Rissbilder_for_Florian_9S6A2845_1480_64_3182_3685.jpg,0.13635394,0.19397524,0.6696708
khanhha_noisy2::Rissbilder_for_Florian_9S6A2845_1641_474_2958_3084.jpg,0.21362852,0.24150407,0.5448674
khanhha_noisy2::Rissbilder_for_Florian_9S6A2845_2026_3_2804_3214.jpg,0.19332755,0.31316087,0.49351162
khanhha_noisy2::Rissbilder_for_Florian_9S6A2845_2181_159_3010_3511.jpg,0.11436684,0.1770976,0.70853555
khanhha_noisy2::Rissbilder_for_Florian_9S6A2845_628_184_3360_3293.jpg,0.24481796,0.21394494,0.5412372
khanhha_noisy2::Rissbilder_for_Florian_9S6A2846_230_168_2768_2605.jpg,0.21238263,0.64245504,0.14516233
khanhha_noisy2::Rissbilder_for_Florian_9S6A2846_268_1498_2452_2689.jpg,0.13109256,0.38131407,0.48759338
khanhha_noisy2::Rissbilder_for_Florian_9S6A2846_330_640_3250_2553.jpg,0.21085086,0.4144307,0.3747184
khanhha_noisy2::Rissbilder_for_Florian_9S6A2846_392_1024_2627_3077.jpg,0.17659076,0.6066927,0.21671656
khanhha_noisy2::Rissbilder_for_Florian_9S6A2846_64_1600_3177_3483.jpg,0.18415208,0.63668555,0.17916232
khanhha_noisy2::Rissbilder_for_Florian_9S6A2847_112_411_3688_4096.jpg,0.3558803,0.4664638,0.1776559
khanhha_noisy2::Rissbilder_for_Florian_9S6A2847_422_1541_2737_2708.jpg,0.39903256,0.40003216,0.20093533
khanhha_noisy2::Rissbilder_for_Florian_9S6A2847_57_1886_3694_3848.jpg,0.33888966,0.4677959,0.19331437
khanhha_noisy2::Rissbilder_for_Florian_9S6A2848_105_342_3183_3261.jpg,0.113864586,0.12333022,0.76280516
khanhha_noisy2::Rissbilder_for_Florian_9S6A2848_1214_523_4329_3293.jpg,0.22194557,0.22588865,0.55216575
khanhha_noisy2::Rissbilder_for_Florian_9S6A2849_1010_1722_2676_2957.jpg,0.22285482,0.116316915,0.66082823
khanhha_noisy2::Rissbilder_for_Florian_9S6A2849_239_1191_3521_3188.jpg,0.11408433,0.11627247,0.76964325
khanhha_noisy2::Rissbilder_for_Florian_9S6A2849_465_1014_2857_3753.jpg,0.10291351,0.06406937,0.8330171
khanhha_noisy2::Rissbilder_for_Florian_9S6A2850_1113_51_4606_3781.jpg,0.16885304,0.36843023,0.46271673
khanhha_noisy2::Rissbilder_for_Florian_9S6A2850_1408_904_2105_2792.jpg,0.18532977,0.31893572,0.4957345
khanhha_noisy2::Rissbilder_for_Florian_9S6A2851_1713_30_3619_3365.jpg,0.25480574,0.34105796,0.4041363
khanhha_noisy2::Rissbilder_for_Florian_9S6A2851_1976_734_2746_2491.jpg,0.1777081,0.2701648,0.5521271
khanhha_noisy2::Rissbilder_for_Florian_9S6A2851_2413_175_2645_3485.jpg,0.1372366,0.3553317,0.50743175
khanhha_noisy2::Rissbilder_for_Florian_9S6A2851_512_50_2972_2678.jpg,0.41481292,0.26783976,0.31734735
khanhha_noisy2::Rissbilder_for_Florian_9S6A2852_1108_175_3570_3421.jpg,0.4375862,0.19050549,0.3719083
khanhha_noisy2::Rissbilder_for_Florian_9S6A2852_356_540_3667_2981.jpg,0.42808962,0.2347888,0.33712158
khanhha_noisy2::Rissbilder_for_Florian_9S6A2853_1127_1463_2379_2376.jpg,0.35024524,0.29039976,0.359355
khanhha_noisy2::Rissbilder_for_Florian_9S6A2853_826_286_2004_2464.jpg,0.28234047,0.35709876,0.36056075
khanhha_noisy2::Rissbilder_for_Florian_9S6A2854_162_1195_3169_2569.jpg,0.399918,0.27765092,0.32243103
khanhha_noisy2::Rissbilder_for_Florian_9S6A2856_1840_62_3055_3769.jpg,0.15068619,0.35049886,0.498815
khanhha_noisy2::Rissbilder_for_Florian_9S6A2856_2611_839_1919_2466.jpg,0.1794703,0.1346928,0.68583685
khanhha_noisy2::Rissbilder_for_Florian_9S6A2856_3030_1197_2337_2140.jpg,0.3354726,0.1835859,0.48094147
khanhha_noisy2::Rissbilder_for_Florian_9S6A2856_3095_641_2548_2416.jpg,0.3549056,0.22400068,0.42109367
khanhha_noisy2::Rissbilder_for_Florian_9S6A2857_1203_1130_2423_3169.jpg,0.1305168,0.24324258,0.6262406
khanhha_noisy2::Rissbilder_for_Florian_9S6A2857_148_211_2303_2832.jpg,0.15115267,0.23883006,0.61001724
khanhha_noisy2::Rissbilder_for_Florian_9S6A2857_159_2331_3518_2794.jpg,0.22183992,0.17128685,0.6068732
khanhha_noisy2::Rissbilder_for_Florian_9S6A2857_585_241_3220_4175.jpg,0.1665958,0.2738115,0.5595927
khanhha_noisy2::Rissbilder_for_Florian_9S6A2857_807_939_2369_1886.jpg,0.23536496,0.50513333,0.25950173
khanhha_noisy2::Rissbilder_for_Florian_9S6A2857_89_2266_3467_3213.jpg,0.19646707,0.24356604,0.5599669
khanhha_noisy2::Rissbilder_for_Florian_9S6A2858_103_1887_2963_2745.jpg,0.26910564,0.36317083,0.36772355
khanhha_noisy2::Rissbilder_for_Florian_9S6A2858_138_1397_3695_4304.jpg,0.24282743,0.32294795,0.43422467
khanhha_noisy2::Rissbilder_for_Florian_9S6A2858_203_242_3312_2597.jpg,0.19707571,0.5626114,0.2403129
khanhha_noisy2::Rissbilder_for_Florian_9S6A2858_24_161_2934_2248.jpg,0.18518849,0.58743405,0.22737747
khanhha_noisy2::Rissbilder_for_Florian_9S6A2858_559_619_3260_3533.jpg,0.19061106,0.25462434,0.5547646
khanhha_noisy2::Rissbilder_for_Florian_9S6A2858_58_840_3696_4727.jpg,0.19538043,0.32455075,0.48006886
khanhha_noisy2::Rissbilder_for_Florian_9S6A2858_74_2277_2849_2285.jpg,0.28731486,0.28169528,0.4309898
khanhha_noisy2::Rissbilder_for_Florian_9S6A2858_825_486_2361_2715.jpg,0.27081436,0.29675323,0.43243238
khanhha_noisy2::Rissbilder_for_Florian_9S6A2859_1580_320_3896_3471.jpg,0.16442809,0.48745358,0.34811836
khanhha_noisy2::Rissbilder_for_Florian_9S6A2859_1796_34_3392_3713.jpg,0.109402485,0.54948187,0.3411156
khanhha_noisy2::Rissbilder_for_Florian_9S6A2859_2073_725_3430_2687.jpg,0.15577331,0.47340906,0.37081763
khanhha_noisy2::Rissbilder_for_Florian_9S6A2860_109_355_3609_3381.jpg,0.2470886,0.415789,0.33712244
khanhha_noisy2::Rissbilder_for_Florian_9S6A2860_2652_869_3027_2537.jpg,0.24661255,0.40659383,0.34679362
khanhha_noisy2::Rissbilder_for_Florian_9S6A2860_476_406_3989_3027.jpg,0.30607128,0.32945517,0.36447358
khanhha_noisy2::Rissbilder_for_Florian_9S6A2860_707_1403_2200_2149.jpg,0.27415973,0.35544372,0.37039652
khanhha_noisy2::Rissbilder_for_Florian_9S6A2861_1002_825_2601_2341.jpg,0.36658585,0.28441963,0.34899455
khanhha_noisy2::Rissbilder_for_Florian_9S6A2861_327_851_2964_3474.jpg,0.1782519,0.28387693,0.5378712
khanhha_noisy2::Rissbilder_for_Florian_9S6A2861_716_324_2856_3710.jpg,0.14092551,0.36343828,0.49563614
khanhha_noisy2::Rissbilder_for_Florian_9S6A2862_13_1221_3798_4291.jpg,0.22514924,0.56505316,0.20979755
khanhha_noisy2::Rissbilder_for_Florian_9S6A2862_16_760_3062_2984.jpg,0.24262966,0.41615283,0.34121752
khanhha_noisy2::Rissbilder_for_Florian_9S6A2862_54_2006_3577_3513.jpg,0.26283756,0.49070916,0.24645339
khanhha_noisy2::Rissbilder_for_Florian_9S6A2862_550_1911_3038_3042.jpg,0.35245544,0.33013657,0.31740797
khanhha_noisy2::Rissbilder_for_Florian_9S6A2863_312_1094_3025_3361.jpg,0.3793887,0.32455853,0.29605275
khanhha_noisy2::Rissbilder_for_Florian_9S6A2863_423_3163_2502_2009.jpg,0.31038943,0.32973886,0.35987172
khanhha_noisy2::Rissbilder_for_Florian_9S6A2864_0_0_3840_5760.jpg,0.072545394,0.62236243,0.30509216
khanhha_noisy2::Rissbilder_for_Florian_9S6A2864_474_1863_3308_2536.jpg,0.20898834,0.5199724,0.27103934
khanhha_noisy2::Rissbilder_for_Florian_9S6A2864_95_886_3690_4688.jpg,0.105346166,0.59067607,0.30397773
khanhha_noisy2::Rissbilder_for_Florian_9S6A2865_215_1866_2936_3607.jpg,0.33726415,0.5387562,0.123979665
khanhha_noisy2::Rissbilder_for_Florian_9S6A2865_321_3005_2468_2755.jpg,0.33792564,0.47749314,0.18458122
khanhha_noisy2::Rissbilder_for_Florian_9S6A2865_402_376_2830_3345.jpg,0.37528065,0.49875054,0.12596875
khanhha_noisy2::Rissbilder_for_Florian_9S6A2865_415_206_2924_3039.jpg,0.36362907,0.5101196,0.12625127
khanhha_noisy2::Rissbilder_for_Florian_9S6A2865_48_35_3665_3847.jpg,0.3080209,0.5481482,0.14383094
khanhha_noisy2::Rissbilder_for_Florian_9S6A2865_874_516_2613_2236.jpg,0.30722642,0.4648891,0.22788443
khanhha_noisy2::Rissbilder_for_Florian_9S6A2866_277_585_3310_3706.jpg,0.38427907,0.2528776,0.36284333
khanhha_noisy2::Rissbilder_for_Florian_9S6A2866_643_1201_2050_2536.jpg,0.4369723,0.27303687,0.28999084
khanhha_noisy2::Rissbilder_for_Florian_9S6A2867_114_180_3373_2642.jpg,0.20458825,0.56617093,0.22924083
khanhha_noisy2::Rissbilder_for_Florian_9S6A2867_249_168_3377_3485.jpg,0.40366533,0.36406112,0.23227358
khanhha_noisy2::Rissbilder_for_Florian_9S6A2867_26_155_3813_3142.jpg,0.35937852,0.43101674,0.20960477
khanhha_noisy2::Rissbilder_for_Florian_9S6A2867_515_377_2926_3568.jpg,0.26154765,0.35297447,0.3854778
khanhha_noisy2::Rissbilder_for_Florian_9S6A2867_657_766_2790_3388.jpg,0.36650944,0.22958891,0.40390167
khanhha_noisy2::Rissbilder_for_Florian_9S6A2868_169_34_3542_2947.jpg,0.13151209,0.33626643,0.53222144
khanhha_noisy2::Rissbilder_for_Florian_9S6A2868_252_1319_2263_2294.jpg,0.13706858,0.36924848,0.49368286
khanhha_noisy2::Rissbilder_for_Florian_9S6A2868_257_950_3108_3346.jpg,0.14539087,0.29661748,0.5579916
khanhha_noisy2::Rissbilder_for_Florian_9S6A2868_353_804_2737_3193.jpg,0.13600346,0.3254543,0.5385422
khanhha_noisy2::Rissbilder_for_Florian_9S6A2868_867_2101_2821_2989.jpg,0.1688807,0.33040187,0.5007174
khanhha_noisy2::Rissbilder_for_Florian_9S6A2869_107_1230_3580_4395.jpg,0.20306551,0.43636304,0.3605714
khanhha_noisy2::Rissbilder_for_Florian_9S6A2869_1234_372_2013_2272.jpg,0.22753553,0.5051278,0.26733667
khanhha_noisy2::Rissbilder_for_Florian_9S6A2869_171_1902_3454_3763.jpg,0.2555612,0.37657812,0.36786073
khanhha_noisy2::Rissbilder_for_Florian_9S6A2869_37_1430_3692_3865.jpg,0.3139434,0.38071617,0.3053405
khanhha_noisy2::Rissbilder_for_Florian_9S6A2869_6_538_3621_3662.jpg,0.36110112,0.398283,0.24061584
khanhha_noisy2::Rissbilder_for_Florian_9S6A2869_855_1425_2447_2662.jpg,0.29010078,0.4019013,0.3079979
khanhha_noisy2::Rissbilder_for_Florian_9S6A2869_878_3059_2683_2082.jpg,0.29282582,0.42549568,0.2816786
khanhha_noisy2::Rissbilder_for_Florian_9S6A2870_121_518_3261_3345.jpg,0.20983228,0.42713603,0.36303177
khanhha_noisy2::Rissbilder_for_Florian_9S6A2870_504_1261_2761_3438.jpg,0.26959553,0.41984382,0.3105606
khanhha_noisy2::Rissbilder_for_Florian_9S6A2873_0_0_5760_3840.jpg,0.16280158,0.32614082,0.5110576
khanhha_noisy2::Rissbilder_for_Florian_9S6A2873_244_84_4072_3620.jpg,0.07261133,0.20757195,0.71981674
khanhha_noisy2::Rissbilder_for_Florian_9S6A2873_904_515_2792_2550.jpg,0.099504955,0.20579419,0.69470084
khanhha_noisy2::Rissbilder_for_Florian_9S6A2873_905_438_3442_2738.jpg,0.14135534,0.17164828,0.6869964
khanhha_noisy2::Rissbilder_for_Florian_9S6A2873_930_236_3379_3204.jpg,0.11481667,0.16255477,0.7226286
khanhha_noisy2::Rissbilder_for_Florian_9S6A2874_251_526_2458_2696.jpg,0.110853575,0.19404806,0.69509834
khanhha_noisy2::Rissbilder_for_Florian_9S6A2875_169_1864_3516_3562.jpg,0.48635182,0.2574004,0.25624773
khanhha_noisy2::Rissbilder_for_Florian_9S6A2875_228_47_2676_2777.jpg,0.35045156,0.14208621,0.5074622
khanhha_noisy2::Rissbilder_for_Florian_9S6A2875_36_523_3631_3027.jpg,0.4519932,0.17055891,0.37744784
khanhha_noisy2::Rissbilder_for_Florian_9S6A2875_97_864_3672_4225.jpg,0.48406336,0.1880788,0.32785782
khanhha_noisy2::Rissbilder_for_Florian_9S6A2876_169_722_2977_3880.jpg,0.35758418,0.08900734,0.5534085
khanhha_noisy2::Rissbilder_for_Florian_9S6A2876_79_1349_3734_3387.jpg,0.28327394,0.057167083,0.65955895
khanhha_noisy2::Rissbilder_for_Florian_9S6A2876_800_744_2945_3705.jpg,0.45544052,0.06427102,0.48028842
khanhha_noisy2::Rissbilder_for_Florian_9S6A2877_304_1360_2589_2329.jpg,0.73961544,0.12439773,0.13598686
khanhha_noisy2::Rissbilder_for_Florian_9S6A2877_417_140_3357_4443.jpg,0.46410865,0.13923979,0.3966516
khanhha_noisy2::Rissbilder_for_Florian_9S6A2877_472_1716_2206_2901.jpg,0.6959197,0.102502614,0.20157775
khanhha_noisy2::Rissbilder_for_Florian_9S6A2878_186_801_3630_3688.jpg,0.33763725,0.26690564,0.39545715
khanhha_noisy2::Rissbilder_for_Florian_9S6A2878_287_270_3223_3935.jpg,0.39574826,0.24368042,0.3605713
khanhha_noisy2::Rissbilder_for_Florian_9S6A2878_29_861_3713_4568.jpg,0.5165041,0.20421809,0.27927774
khanhha_noisy2::Rissbilder_for_Florian_9S6A2878_373_2066_2452_3245.jpg,0.65882057,0.11984503,0.22133437
khanhha_noisy2::Rissbilder_for_Florian_9S6A2878_67_878_2624_2752.jpg,0.25718296,0.2077699,0.5350471
khanhha_noisy2::Rissbilder_for_Florian_9S6A2878_861_28_2800_2885.jpg,0.28913996,0.16824451,0.54261553
khanhha_noisy2::Rissbilder_for_Florian_9S6A2879_0_0_5760_3840.jpg,0.27318087,0.16699618,0.5598229
khanhha_noisy2::Rissbilder_for_Florian_9S6A2879_1312_923_2418_2909.jpg,0.24624838,0.19811933,0.55563223
khanhha_noisy2::Rissbilder_for_Florian_9S6A2879_1320_542_3826_3214.jpg,0.42684388,0.13020681,0.44294927
khanhha_noisy2::Rissbilder_for_Florian_9S6A2880_1244_1022_2375_2527.jpg,0.037525684,0.028761605,0.9337128
khanhha_noisy2::Rissbilder_for_Florian_9S6A2880_131_2019_3358_3435.jpg,0.07810991,0.058666315,0.86322373
khanhha_noisy2::Rissbilder_for_Florian_9S6A2880_1_709_3836_3003.jpg,0.08596438,0.046504177,0.8675314
khanhha_noisy2::Rissbilder_for_Florian_9S6A2880_277_388_3305_4321.jpg,0.008308585,0.009925948,0.9817655
khanhha_noisy2::Rissbilder_for_Florian_9S6A2881_0_0_3840_5760.jpg,0.12671085,0.11905959,0.7542296
khanhha_noisy2::Rissbilder_for_Florian_9S6A2881_1046_39_2575_3270.jpg,0.32010114,0.16132312,0.5185757
khanhha_noisy2::Rissbilder_for_Florian_9S6A2881_277_1792_3424_2971.jpg,0.2383879,0.27138233,0.4902298
khanhha_noisy2::Rissbilder_for_Florian_9S6A2881_77_297_3144_3819.jpg,0.21358238,0.20743914,0.5789785
khanhha_noisy2::Rissbilder_for_Florian_9S6A2882_346_490_2497_1975.jpg,0.34494057,0.36037672,0.29468265
khanhha_noisy2::Rissbilder_for_Florian_9S6A2882_458_1944_3282_2844.jpg,0.29282853,0.33682856,0.37034288
khanhha_noisy2::Rissbilder_for_Florian_9S6A2883_0_0_3840_5760.jpg,0.118208416,0.15165763,0.730134
khanhha_noisy2::Rissbilder_for_Florian_9S6A2883_290_1780_2688_2984.jpg,0.36050767,0.11857482,0.5209176
khanhha_noisy2::Rissbilder_for_Florian_9S6A2884_103_1141_3407_4451.jpg,0.40218332,0.36523893,0.23257773
khanhha_noisy2::Rissbilder_for_Florian_9S6A2884_158_1281_3498_4054.jpg,0.31153435,0.40740165,0.28106394
khanhha_noisy2::Rissbilder_for_Florian_9S6A2884_197_1323_3592_3665.jpg,0.23499146,0.4423044,0.32270417
khanhha_noisy2::Rissbilder_for_Florian_9S6A2884_19_1803_3537_2796.jpg,0.26105493,0.45559776,0.28334725
khanhha_noisy2::Rissbilder_for_Florian_9S6A2885_167_1375_2073_2363.jpg,0.20282581,0.30667353,0.49050066
khanhha_noisy2::Rissbilder_for_Florian_9S6A2885_67_973_3621_3313.jpg,0.074923605,0.3422345,0.5828419
khanhha_noisy2::Rissbilder_for_Florian_9S6A2885_82_1409_2816_3479.jpg,0.11998036,0.2836104,0.59640926
khanhha_noisy2::Rissbilder_for_Florian_9S6A2886_106_479_3642_4594.jpg,0.05795586,0.24022144,0.70182276
khanhha_noisy2::Rissbilder_for_Florian_9S6A2886_110_1312_3454_3075.jpg,0.15083812,0.25235024,0.59681165
khanhha_noisy2::Rissbilder_for_Florian_9S6A2886_12_1171_3583_2973.jpg,0.097356744,0.20826948,0.6943738
khanhha_noisy2::Rissbilder_for_Florian_9S6A2886_273_2665_2929_2302.jpg,0.15458786,0.40026245,0.4451497
khanhha_noisy2::Rissbilder_for_Florian_9S6A2886_695_71_2627_3457.jpg,0.08027823,0.22830217,0.6914196
khanhha_noisy2::Rissbilder_for_Florian_9S6A2886_984_32_2437_2598.jpg,0.12808295,0.56331307,0.30860397
khanhha_noisy2::Rissbilder_for_Florian_9S6A2887_452_483_3013_2564.jpg,0.3728155,0.26953197,0.35765254
khanhha_noisy2::Rissbilder_for_Florian_9S6A2887_749_2501_3000_2991.jpg,0.32576576,0.27155447,0.40267977
khanhha_noisy2::Rissbilder_for_Florian_9S6A2888_133_918_3617_3712.jpg,0.19520581,0.21840401,0.58639014
khanhha_noisy2::Rissbilder_for_Florian_9S6A2889_470_1014_3063_3785.jpg,0.6758528,0.17039207,0.15375522
khanhha_noisy2::Rissbilder_for_Florian_9S6A2889_671_2114_2686_3238.jpg,0.59231895,0.22043462,0.18724646
khanhha_noisy2::Rissbilder_for_Florian_9S6A2890_0_0_3840_5760.jpg,0.42951182,0.34063703,0.22985107
khanhha_noisy2::Rissbilder_for_Florian_9S6A2890_1213_1864_1830_2425.jpg,0.769573,0.20365496,0.026772095
khanhha_noisy2::Rissbilder_for_Florian_9S6A2892_103_890_2526_2526.jpg,0.07148976,0.17214842,0.75636184
khanhha_noisy2::Rissbilder_for_Florian_9S6A2892_1086_390_3050_2813.jpg,0.08249619,0.19879535,0.7187084
khanhha_noisy2::Rissbilder_for_Florian_9S6A2892_1754_604_2639_2889.jpg,0.061428823,0.13721195,0.8013593
khanhha_noisy2::Rissbilder_for_Florian_9S6A2893_46_3035_3311_2720.jpg,0.07715214,0.35506943,0.5677784
khanhha_noisy2::Rissbilder_for_Florian_9S6A2893_986_2947_2387_2036.jpg,0.09860294,0.435554,0.46584308
khanhha_noisy2::Rissbilder_for_Florian_9S6A2894_2035_188_3164_3103.jpg,0.17922348,0.36444312,0.45633346
khanhha_noisy2::Rissbilder_for_Florian_9S6A2894_2274_588_3314_3190.jpg,0.10680824,0.30838504,0.58480674
khanhha_noisy2::Rissbilder_for_Florian_9S6A2895_46_163_3635_3331.jpg,0.12395905,0.36456552,0.5114754
khanhha_noisy2::Rissbilder_for_Florian_9S6A2896_0_0_3840_5760.jpg,0.09931093,0.29258993,0.6080992
khanhha_noisy2::Rissbilder_for_Florian_9S6A2896_1287_1184_2528_1916.jpg,0.2200582,0.21154009,0.5684017
khanhha_noisy2::Rissbilder_for_Florian_9S6A2896_1446_730_2288_2912.jpg,0.29144368,0.20442577,0.5041306
khanhha_noisy2::Rissbilder_for_Florian_9S6A2896_28_1443_3701_3540.jpg,0.08264972,0.32953563,0.5878147
khanhha_noisy2::Rissbilder_for_Florian_9S6A2896_616_2037_3008_3401.jpg,0.123594895,0.3221235,0.55428165
khanhha_noisy2::Rissbilder_for_Florian_9S6A2896_788_3134_2243_2150.jpg,0.12734729,0.37297487,0.49967787
khanhha_noisy2::Rissbilder_for_Florian_9S6A2897_1309_1879_2158_2129.jpg,0.6931576,0.13726734,0.16957507
khanhha_noisy2::Rissbilder_for_Florian_9S6A2897_161_1181_3216_3670.jpg,0.41931885,0.297574,0.28310704
khanhha_noisy2::Rissbilder_for_Florian_9S6A2897_480_85_2898_3545.jpg,0.3848647,0.2930047,0.32213056
khanhha_noisy2::Rissbilder_for_Florian_9S6A2897_575_1892_2708_3567.jpg,0.44197026,0.21090469,0.34712508
khanhha_noisy2::Rissbilder_for_Florian_9S6A2897_9_818_3756_3081.jpg,0.2288818,0.36104813,0.41007006
khanhha_noisy2::Rissbilder_for_Florian_9S6A2900_113_3085_3124_2494.jpg,0.3323601,0.14927852,0.5183614
khanhha_noisy2::Rissbilder_for_Florian_9S6A2900_163_3290_2437_2240.jpg,0.44534653,0.1792609,0.37539265
khanhha_noisy2::Rissbilder_for_Florian_9S6A2900_197_1041_3309_3760.jpg,0.64376074,0.11015388,0.24608538
khanhha_noisy2::Rissbilder_for_Florian_9S6A2901_0_0_3840_5760.jpg,0.39795962,0.11156028,0.49048012
khanhha_noisy2::Rissbilder_for_Florian_9S6A2901_55_3400_2984_2240.jpg,0.6731303,0.15727073,0.16959894
khanhha_noisy2::Rissbilder_for_Florian_9S6A2901_67_161_3343_3273.jpg,0.3397518,0.1285474,0.53170085
khanhha_noisy2::Rissbilder_for_Florian_9S6A2902_0_0_3840_5760.jpg,0.48958772,0.24121986,0.2691924
khanhha_noisy2::Rissbilder_for_Florian_9S6A2902_163_2262_3171_3274.jpg,0.4450815,0.29868335,0.25623518
khanhha_noisy2::Rissbilder_for_Florian_9S6A2902_192_967_2598_2117.jpg,0.37491623,0.26218215,0.36290163
khanhha_noisy2::Rissbilder_for_Florian_9S6A2903_385_511_3375_3468.jpg,0.46594974,0.27342358,0.26062667
khanhha_noisy2::Rissbilder_for_Florian_9S6A2903_438_739_2998_2746.jpg,0.42886338,0.2923603,0.2787763
khanhha_noisy2::Rissbilder_for_Florian_9S6A2904_447_893_3086_3169.jpg,0.31198123,0.26259568,0.4254231
khanhha_noisy2::Rissbilder_for_Florian_9S6A2904_78_719_3211_3093.jpg,0.33334908,0.25008124,0.41656968
khanhha_noisy2::Rissbilder_for_Florian_9S6A2904_86_208_2615_2808.jpg,0.11904567,0.49991542,0.3810389
khanhha_noisy2::Rissbilder_for_Florian_9S6A2905_1082_994_2878_2819.jpg,0.27082914,0.16278936,0.56638145
khanhha_noisy2::Rissbilder_for_Florian_9S6A2905_153_412_3269_2899.jpg,0.28351873,0.1918846,0.52459663
khanhha_noisy2::Rissbilder_for_Florian_9S6A2905_2363_42_2827_2612.jpg,0.1782115,0.22305016,0.5987384
khanhha_noisy2::Rissbilder_for_Florian_9S6A2905_795_159_2896_2675.jpg,0.17901587,0.27242166,0.5485625
khanhha_noisy2::Rissbilder_for_Florian_9S6A2905_928_88_4020_3658.jpg,0.1394112,0.13765424,0.72293454
khanhha_noisy2::Rissbilder_for_Florian_9S6A2906_0_0_3840_5760.jpg,0.58747697,0.17816213,0.23436093
khanhha_noisy2::Rissbilder_for_Florian_9S6A2906_358_658_3398_3904.jpg,0.4863283,0.22313315,0.29053855
khanhha_noisy2::Rissbilder_for_Florian_9S6A2906_52_256_3772_3845.jpg,0.59564906,0.15043823,0.2539127
khanhha_noisy2::Rissbilder_for_Florian_9S6A2906_54_350_3631_4518.jpg,0.62567395,0.16481255,0.20951353
khanhha_noisy2::Rissbilder_for_Florian_9S6A2906_67_759_3263_3857.jpg,0.5116067,0.20843397,0.27995935
khanhha_noisy2::Rissbilder_for_Florian_9S6A2908_1091_77_2830_3744.jpg,0.120191574,0.25196192,0.6278465
khanhha_noisy2::Rissbilder_for_Florian_9S6A2908_1096_896_2445_1861.jpg,0.2951111,0.19822967,0.50665927
khanhha_noisy2::Rissbilder_for_Florian_9S6A2908_1599_736_3074_2729.jpg,0.24107009,0.225647,0.5332829
khanhha_noisy2::Rissbilder_for_Florian_9S6A2909_191_2009_3191_3109.jpg,0.50063103,0.087842815,0.41152608
khanhha_noisy2::Rissbilder_for_Florian_9S6A2909_36_61_3613_3826.jpg,0.5351211,0.046504363,0.4183746
khanhha_noisy2::Rissbilder_for_Florian_9S6A2909_485_850_3106_4081.jpg,0.57887256,0.042749867,0.3783776
khanhha_noisy2::Rissbilder_for_Florian_9S6A2910_0_0_3840_5760.jpg,0.6318429,0.15071115,0.21744592
khanhha_noisy2::Rissbilder_for_Florian_9S6A2910_113_175_3097_2360.jpg,0.48104286,0.16505928,0.35389793
khanhha_noisy2::Rissbilder_for_Florian_9S6A2910_43_1959_3615_3077.jpg,0.69975114,0.1573912,0.14285763
khanhha_noisy2::Rissbilder_for_Florian_9S6A2910_59_1878_2063_2153.jpg,0.43648165,0.14737548,0.41614285
khanhha_noisy2::Rissbilder_for_Florian_9S6A2910_880_2365_2685_2887.jpg,0.7286483,0.1217415,0.14961022
khanhha_noisy2::Rissbilder_for_Florian_9S6A2911_1125_1393_2108_2755.jpg,0.3064262,0.26107794,0.4324959
khanhha_noisy2::Rissbilder_for_Florian_9S6A2911_323_1692_3460_3572.jpg,0.28672495,0.15367389,0.5596011
khanhha_noisy2::Rissbilder_for_Florian_9S6A2912_0_0_3840_5760.jpg,0.36017075,0.19006804,0.4497612
khanhha_noisy2::Rissbilder_for_Florian_9S6A2912_255_1175_3429_3203.jpg,0.3528942,0.27082002,0.37628576
khanhha_noisy2::Rissbilder_for_Florian_9S6A2912_85_369_3711_3429.jpg,0.4312934,0.35283697,0.21586965
khanhha_noisy2::Rissbilder_for_Florian_9S6A2913_20_297_2640_2502.jpg,0.46060684,0.32392368,0.21546946
khanhha_noisy2::Rissbilder_for_Florian_9S6A2913_320_3010_3339_2578.jpg,0.53147125,0.30644768,0.16208106
khanhha_noisy2::Rissbilder_for_Florian_9S6A2913_321_16_3485_4543.jpg,0.5195866,0.27313825,0.20727511
khanhha_noisy2::Rissbilder_for_Florian_9S6A2914_10_816_3799_4560.jpg,0.23223197,0.41078293,0.35698518
khanhha_noisy2::Rissbilder_for_Florian_9S6A2914_165_203_2511_2307.jpg,0.36426723,0.46285924,0.17287354
khanhha_noisy2::Rissbilder_for_Florian_9S6A2914_601_1274_2657_3363.jpg,0.40679768,0.3442832,0.24891914
khanhha_noisy2::Rissbilder_for_Florian_9S6A2914_61_827_3521_3770.jpg,0.24990772,0.5272667,0.22282565
khanhha_noisy2::Rissbilder_for_Florian_9S6A2914_864_1519_2861_3089.jpg,0.37901518,0.34419665,0.27678812
khanhha_noisy2::Rissbilder_for_Florian_9S6A2915_1128_2752_2373_2395.jpg,0.29014638,0.37702718,0.33282644
khanhha_noisy2::Rissbilder_for_Florian_9S6A2915_757_2194_2406_2383.jpg,0.29330188,0.42992064,0.27677748
khanhha_noisy2::Rissbilder_for_Florian_9S6A2916_1381_1379_2811_2259.jpg,0.45410377,0.24620178,0.2996944
khanhha_noisy2::Rissbilder_for_Florian_9S6A2916_1475_441_4120_3342.jpg,0.38429776,0.32358757,0.29211468
khanhha_noisy2::Rissbilder_for_Florian_9S6A2916_2449_405_2485_3276.jpg,0.3903718,0.25575677,0.35387146
khanhha_noisy2::Rissbilder_for_Florian_9S6A2916_26_880_2781_2363.jpg,0.41857073,0.3655647,0.2158646
khanhha_noisy2::Rissbilder_for_Florian_9S6A2916_361_66_3733_3710.jpg,0.4164395,0.36425376,0.21930675
khanhha_noisy2::Rissbilder_for_Florian_9S6A2917_0_74_3825_4343.jpg,0.43668306,0.36387962,0.19943734
khanhha_noisy2::Rissbilder_for_Florian_9S6A2917_313_1519_3434_4037.jpg,0.46520415,0.33334902,0.20144685
khanhha_noisy2::Rissbilder_for_Florian_9S6A2917_486_1027_3148_3681.jpg,0.5397821,0.27789217,0.18232577
khanhha_noisy2::Rissbilder_for_Florian_9S6A2917_599_2662_2081_2529.jpg,0.3935483,0.39727873,0.2091729
khanhha_noisy2::Rissbilder_for_Florian_9S6A2918_430_1739_2794_3223.jpg,0.42865187,0.33432528,0.2370229
khanhha_noisy2::Rissbilder_for_Florian_9S6A2919_1008_848_2956_2327.jpg,0.42027277,0.22998357,0.34974372
khanhha_noisy2::Rissbilder_for_Florian_9S6A2919_1139_6_3401_3091.jpg,0.45780867,0.24868694,0.29350442
khanhha_noisy2::Rissbilder_for_Florian_9S6A2919_311_375_3331_2605.jpg,0.49323145,0.2172332,0.28953537
khanhha_noisy2::Rissbilder_for_Florian_9S6A2919_910_611_3253_2887.jpg,0.31112385,0.27838665,0.41048944
khanhha_noisy2::Rissbilder_for_Florian_9S6A2923_1668_185_3721_3137.jpg,0.38791516,0.29601002,0.3160749
khanhha_noisy2::Rissbilder_for_Florian_9S6A2923_49_326_3736_3442.jpg,0.08856434,0.35893828,0.5524974
khanhha_noisy2::Rissbilder_for_Florian_9S6A2923_875_539_3052_2796.jpg,0.3114221,0.37248853,0.3160893
khanhha_noisy2::Rissbilder_for_Florian_9S6A3085_46_1568_3730_4175.jpg,0.06602385,0.37692493,0.5570512
khanhha_noisy2::Rissbilder_for_Florian_9S6A3085_497_692_2640_2077.jpg,0.10902773,0.11801455,0.77295774
khanhha_noisy2::Rissbilder_for_Florian_9S6A3085_67_497_3262_3700.jpg,0.13832955,0.26647308,0.5951974
khanhha_noisy2::Rissbilder_for_Florian_9S6A3087_146_59_3684_4477.jpg,0.60756356,0.287552,0.10488444
khanhha_noisy2::Rissbilder_for_Florian_9S6A3088_370_2375_2620_2464.jpg,0.2292871,0.4926932,0.27801964
khanhha_noisy2::Rissbilder_for_Florian_9S6A3089_0_0_3840_5760.jpg,0.24779293,0.44888198,0.30332512
khanhha_noisy2::Rissbilder_for_Florian_9S6A3089_369_1679_3470_3717.jpg,0.4362359,0.3668005,0.19696362
khanhha_noisy2::Rissbilder_for_Florian_9S6A3090_836_130_3789_3301.jpg,0.29808226,0.24928924,0.45262852
khanhha_noisy2::Rissbilder_for_Florian_9S6A3090_960_1737_2204_2039.jpg,0.1863916,0.38995942,0.423649
khanhha_noisy2::Rissbilder_for_Florian_9S6A3091_375_333_2309_2364.jpg,0.56315815,0.26361865,0.17322315
khanhha_noisy2::Rissbilder_for_Florian_9S6A3091_481_1320_3311_3035.jpg,0.5805139,0.23886143,0.1806247
khanhha_noisy2::Rissbilder_for_Florian_9S6A3092_272_70_2808_2402.jpg,0.5666142,0.13445358,0.29893225
khanhha_noisy2::Rissbilder_for_Florian_9S6A3092_3399_925_2286_2829.jpg,0.421653,0.23855512,0.33979183
khanhha_noisy2::Rissbilder_for_Florian_9S6A3092_623_215_3689_2974.jpg,0.5051068,0.13605803,0.35883522
khanhha_noisy2::Rissbilder_for_Florian_9S6A3093_157_2766_2021_2677.jpg,0.53424746,0.29548648,0.17026608
khanhha_noisy2::Rissbilder_for_Florian_9S6A3093_616_1617_3135_4052.jpg,0.49373576,0.27881816,0.22744608
khanhha_noisy2::Rissbilder_for_Florian_9S6A3093_895_2172_2481_2123.jpg,0.57051784,0.24105723,0.18842492
khanhha_noisy2::Rissbilder_for_Florian_9S6A3094_17_1195_3751_3661.jpg,0.48945484,0.2871421,0.22340308
khanhha_noisy2::Rissbilder_for_Florian_9S6A3094_504_2131_3084_3443.jpg,0.4106453,0.30917537,0.2801793
khanhha_noisy2::Rissbilder_for_Florian_9S6A3094_596_1754_2681_3046.jpg,0.43348897,0.3051937,0.26131737
khanhha_noisy2::Rissbilder_for_Florian_9S6A3095_418_2347_2757_3271.jpg,0.68480444,0.16890775,0.14628781
khanhha_noisy2::Rissbilder_for_Florian_9S6A3095_514_444_3123_3906.jpg,0.6278211,0.21119373,0.16098516
khanhha_noisy2::Rissbilder_for_Florian_9S6A3095_592_717_2568_2704.jpg,0.571361,0.26549327,0.16314575
khanhha_noisy2::Rissbilder_for_Florian_9S6A3095_89_2165_3402_3441.jpg,0.6090873,0.2200385,0.17087416
khanhha_noisy2::Rissbilder_for_Florian_9S6A3096_347_506_3372_3116.jpg,0.37067842,0.12953348,0.49978808
khanhha_noisy2::Rissbilder_for_Florian_9S6A3096_515_1896_2914_2761.jpg,0.2896691,0.14301787,0.5673131
khanhha_noisy2::Rissbilder_for_Florian_9S6A3096_899_155_2326_2742.jpg,0.5170078,0.0975406,0.38545156
khanhha_noisy2::Rissbilder_for_Florian_9S6A3098_1300_3220_2283_2309.jpg,0.37255388,0.360782,0.2666641
khanhha_noisy2::Rissbilder_for_Florian_9S6A3098_64_1239_3474_2730.jpg,0.15181819,0.44653893,0.40164286
khanhha_noisy2::Rissbilder_for_Florian_9S6A3098_88_800_3751_4641.jpg,0.26689506,0.42544293,0.30766207
khanhha_noisy2::Rissbilder_for_Florian_9S6A3099_120_26_3496_4484.jpg,0.3116865,0.18268526,0.5056282
khanhha_noisy2::Rissbilder_for_Florian_9S6A3099_12_492_3822_3921.jpg,0.4515034,0.12670764,0.421789
khanhha_noisy2::Rissbilder_for_Florian_9S6A3099_441_1535_3289_4016.jpg,0.5166078,0.14310312,0.34028903
khanhha_noisy2::Rissbilder_for_Florian_9S6A3099_86_2659_2827_2257.jpg,0.44917852,0.30853164,0.24228989
khanhha_noisy2::Rissbilder_for_Florian_9S6A3100_374_2397_2891_2543.jpg,0.37139162,0.29702994,0.33157843
khanhha_noisy2::Rissbilder_for_Florian_9S6A3100_62_648_2874_2646.jpg,0.40793166,0.30833942,0.28372896
khanhha_noisy2::Rissbilder_for_Florian_9S6A3100_765_387_2677_2632.jpg,0.37904525,0.33080298,0.29015175
khanhha_noisy2::Rissbilder_for_Florian_9S6A3101_1262_2535_2488_2185.jpg,0.40304506,0.20582525,0.3911297
khanhha_noisy2::Rissbilder_for_Florian_9S6A3101_148_599_2929_2917.jpg,0.45737126,0.24151681,0.30111185
khanhha_noisy2::Rissbilder_for_Florian_9S6A3101_487_946_2726_3042.jpg,0.40481675,0.21298727,0.3821959
khanhha_noisy2::Rissbilder_for_Florian_9S6A3102_100_448_3704_4115.jpg,0.38475788,0.22106653,0.39417556
khanhha_noisy2::Rissbilder_for_Florian_9S6A3103_225_1283_3432_3981.jpg,0.18379195,0.16512898,0.65107906
khanhha_noisy2::Rissbilder_for_Florian_9S6A3103_43_936_3780_4403.jpg,0.30578864,0.22653294,0.46767846
khanhha_noisy2::Rissbilder_for_Florian_9S6A3103_446_1371_3306_4182.jpg,0.20741251,0.21005917,0.58252835
khanhha_noisy2::Rissbilder_for_Florian_9S6A3103_513_1787_2538_2641.jpg,0.5112489,0.21032654,0.27842456
khanhha_noisy2::Rissbilder_for_Florian_9S6A3104_1061_1181_3086_2630.jpg,0.58370906,0.23021382,0.18607718
khanhha_noisy2::Rissbilder_for_Florian_9S6A3104_151_147_3971_3570.jpg,0.36619,0.30755144,0.3262585
khanhha_noisy2::Rissbilder_for_Florian_9S6A3104_783_263_3586_3511.jpg,0.44751802,0.22037573,0.3321063
khanhha_noisy2::Rissbilder_for_Florian_9S6A3105_186_619_3616_4246.jpg,0.25248206,0.14740753,0.60011035
khanhha_noisy2::Rissbilder_for_Florian_9S6A3105_871_2904_2401_2180.jpg,0.27225977,0.15209286,0.57564735
khanhha_noisy2::Rissbilder_for_Florian_9S6A3105_95_40_3736_3924.jpg,0.36151356,0.14787047,0.490616
khanhha_noisy2::Rissbilder_for_Florian_9S6A3106_108_1927_3275_2664.jpg,0.61588675,0.25092173,0.13319148
khanhha_noisy2::Rissbilder_for_Florian_9S6A3106_228_1483_2823_2920.jpg,0.7075484,0.20047738,0.09197417
khanhha_noisy2::Rissbilder_for_Florian_9S6A3106_310_2925_3257_2813.jpg,0.51098144,0.2783161,0.2107024
khanhha_noisy2::Rissbilder_for_Florian_9S6A3106_333_1784_3162_3278.jpg,0.55318594,0.2836552,0.16315888
khanhha_noisy2::Rissbilder_for_Florian_9S6A3106_521_315_3058_2943.jpg,0.38334224,0.44101658,0.17564125
khanhha_noisy2::Rissbilder_for_Florian_9S6A3106_85_2598_2058_2287.jpg,0.62568897,0.24714977,0.1271613
khanhha_noisy2::Rissbilder_for_Florian_9S6A3106_9_406_3814_4267.jpg,0.49034905,0.3299767,0.17967433
khanhha_noisy2::Rissbilder_for_Florian_9S6A3108_130_372_2601_2517.jpg,0.23439036,0.13196173,0.6336479
khanhha_noisy2::Rissbilder_for_Florian_9S6A3108_134_412_3328_4228.jpg,0.20133983,0.37499964,0.4236605
khanhha_noisy2::Rissbilder_for_Florian_9S6A3108_160_1043_3170_3960.jpg,0.16826776,0.18892062,0.6428116
khanhha_noisy2::Rissbilder_for_Florian_9S6A3108_365_3231_2323_2320.jpg,0.31679788,0.17465346,0.5085486
khanhha_noisy2::Rissbilder_for_Florian_9S6A3108_43_1162_3415_3672.jpg,0.16436183,0.19629546,0.6393427
khanhha_noisy2::Rissbilder_for_Florian_9S6A3108_651_10_2896_3045.jpg,0.11835053,0.12515812,0.7564913
khanhha_noisy2::Rissbilder_for_Florian_9S6A3109_163_622_3006_3321.jpg,0.5038603,0.26409772,0.23204197
khanhha_noisy2::Rissbilder_for_Florian_9S6A3109_440_362_3337_4316.jpg,0.33899367,0.23729478,0.42371154
khanhha_noisy2::Rissbilder_for_Florian_9S6A3109_793_2237_2466_2142.jpg,0.52643394,0.30050296,0.1730631
khanhha_noisy2::Rissbilder_for_Florian_9S6A3110_0_0_3840_5760.jpg,0.3536804,0.11538903,0.5309306
khanhha_noisy2::Rissbilder_for_Florian_9S6A3110_52_945_3558_4432.jpg,0.6464685,0.15594102,0.1975905
khanhha_noisy2::Rissbilder_for_Florian_9S6A3111_42_1509_3500_3908.jpg,0.7169346,0.15225823,0.13080713
khanhha_noisy2::Rissbilder_for_Florian_9S6A3111_601_683_2556_3338.jpg,0.7785674,0.13715859,0.08427402
khanhha_noisy2::Rissbilder_for_Florian_9S6A3112_1296_2688_2055_2721.jpg,0.7673852,0.12317516,0.109439656
khanhha_noisy2::Rissbilder_for_Florian_9S6A3112_1349_1614_2446_2337.jpg,0.58542717,0.1429192,0.2716536
khanhha_noisy2::Rissbilder_for_Florian_9S6A3113_104_526_3717_3372.jpg,0.38865003,0.32566276,0.2856873
khanhha_noisy2::Rissbilder_for_Florian_9S6A3114_1215_3118_2077_2478.jpg,0.7527937,0.095725566,0.15148066
khanhha_noisy2::Rissbilder_for_Florian_9S6A3114_358_1983_3344_3063.jpg,0.71607256,0.18266591,0.101261556
khanhha_noisy2::Rissbilder_for_Florian_9S6A3114_871_3543_2822_2137.jpg,0.765577,0.10677193,0.12765113
khanhha_noisy2::Rissbilder_for_Florian_9S6A3115_1009_154_4329_3598.jpg,0.18236704,0.21841502,0.5992179
khanhha_noisy2::Rissbilder_for_Florian_9S6A3115_1837_674_2470_3120.jpg,0.25515974,0.10258423,0.6422561
khanhha_noisy2::Rissbilder_for_Florian_9S6A3115_1867_748_3166_2919.jpg,0.13603018,0.068812795,0.7951571
khanhha_noisy2::Rissbilder_for_Florian_9S6A3116_390_1097_2997_3963.jpg,0.36498335,0.22385924,0.41115737
khanhha_noisy2::Rissbilder_for_Florian_9S6A3116_555_2380_2956_2340.jpg,0.46779856,0.32937175,0.20282964
khanhha_noisy2::Rissbilder_for_Florian_9S6A3117_0_0_3840_5760.jpg,0.4410367,0.3700251,0.18893814
khanhha_noisy2::Rissbilder_for_Florian_9S6A3117_155_109_3546_2785.jpg,0.37424693,0.2794523,0.34630078
khanhha_noisy2::Rissbilder_for_Florian_9S6A3117_911_680_2749_2883.jpg,0.33728692,0.1948955,0.46781752
khanhha_noisy2::Rissbilder_for_Florian_9S6A3118_1132_115_4379_3677.jpg,0.13072486,0.057522956,0.8117522
khanhha_noisy2::Rissbilder_for_Florian_9S6A3118_2514_38_2922_3514.jpg,0.1494128,0.046254925,0.80433226
khanhha_noisy2::Rissbilder_for_Florian_9S6A3119_1583_2261_2214_2879.jpg,0.33100894,0.33591527,0.33307573
khanhha_noisy2::Rissbilder_for_Florian_9S6A3119_179_1656_3530_3136.jpg,0.12973113,0.0954222,0.7748467
khanhha_noisy2::Rissbilder_for_Florian_9S6A3119_520_1811_3242_3051.jpg,0.3082236,0.16032091,0.5314555
khanhha_noisy2::Rissbilder_for_Florian_9S6A3120_14_1099_3666_4059.jpg,0.140228,0.3414613,0.5183107
khanhha_noisy2::Rissbilder_for_Florian_9S6A3120_217_1113_3331_4192.jpg,0.10880254,0.24389978,0.6472977
khanhha_noisy2::Rissbilder_for_Florian_9S6A3120_236_1671_2928_2310.jpg,0.21093044,0.20191166,0.58715785
khanhha_noisy2::Rissbilder_for_Florian_9S6A3120_875_1120_2089_2571.jpg,0.27327642,0.19824679,0.52847683
khanhha_noisy2::Rissbilder_for_Florian_9S6A3121_1095_2665_2007_2602.jpg,0.42254224,0.26869136,0.30876642
khanhha_noisy2::Rissbilder_for_Florian_9S6A3121_224_1466_3238_3220.jpg,0.25804797,0.22560786,0.5163442
khanhha_noisy2::Rissbilder_for_Florian_9S6A3121_408_826_2841_3663.jpg,0.20760731,0.2159668,0.57642585
khanhha_noisy2::Rissbilder_for_Florian_9S6A3122_155_390_2741_3264.jpg,0.25130165,0.26722428,0.48147413
khanhha_noisy2::Rissbilder_for_Florian_9S6A3122_463_1629_3085_3858.jpg,0.31956333,0.23908764,0.4413491
khanhha_noisy2::Rissbilder_for_Florian_9S6A3123_240_2905_2709_2486.jpg,0.17655791,0.1920521,0.63139004
khanhha_noisy2::Rissbilder_for_Florian_9S6A3123_372_1209_3339_4319.jpg,0.10844804,0.28052258,0.6110293
khanhha_noisy2::Rissbilder_for_Florian_9S6A3124_1300_898_2343_2899.jpg,0.05719775,0.037977077,0.90482515
khanhha_noisy2::Rissbilder_for_Florian_9S6A3124_465_2434_3240_3146.jpg,0.15889475,0.08793796,0.7531672
khanhha_noisy2::Rissbilder_for_Florian_9S6A3126_162_642_3629_3769.jpg,0.1641413,0.24409695,0.5917617
khanhha_noisy2::Rissbilder_for_Florian_9S6A3126_206_1216_3376_3686.jpg,0.21642168,0.33680055,0.44677776
khanhha_noisy2::Rissbilder_for_Florian_9S6A3126_264_1533_3180_4043.jpg,0.23760085,0.28931916,0.47307998
khanhha_noisy2::Rissbilder_for_Florian_9S6A3126_429_167_3310_4297.jpg,0.1658609,0.32220837,0.51193076
khanhha_noisy2::Rissbilder_for_Florian_9S6A3127_114_2737_3530_2753.jpg,0.48862407,0.2507374,0.26063845
khanhha_noisy2::Rissbilder_for_Florian_9S6A3127_54_1984_3083_3305.jpg,0.55988675,0.23348029,0.20663297
khanhha_noisy2::Rissbilder_for_Florian_9S6A3127_595_2880_2296_2633.jpg,0.2898604,0.14586616,0.5642735
khanhha_noisy2::Rissbilder_for_Florian_9S6A3127_653_1639_2788_3252.jpg,0.483933,0.20770371,0.3083633
khanhha_noisy2::Rissbilder_for_Florian_9S6A3127_89_657_3259_3858.jpg,0.5223687,0.21083155,0.26679963
khanhha_noisy2::Rissbilder_for_Florian_9S6A3127_9_1051_3792_3003.jpg,0.55639887,0.20439388,0.23920728
khanhha_noisy2::Rissbilder_for_Florian_9S6A3128_304_338_2449_2867.jpg,0.37945646,0.11199306,0.50855047
khanhha_noisy2::Rissbilder_for_Florian_9S6A3128_580_813_2343_2413.jpg,0.4936171,0.11460339,0.39177957
khanhha_noisy2::Rissbilder_for_Florian_9S6A3128_7_578_2768_3056.jpg,0.5346274,0.17537156,0.29000103
khanhha_noisy2::Rissbilder_for_Florian_9S6A3129_141_412_2185_2751.jpg,0.50328934,0.27321404,0.22349666
khanhha_noisy2::Rissbilder_for_Florian_9S6A3129_78_688_3494_3199.jpg,0.5455895,0.16881503,0.28559548
khanhha_noisy2::Rissbilder_for_Florian_9S6A3129_882_707_2680_2479.jpg,0.7073601,0.16223621,0.13040373
khanhha_noisy2::Rissbilder_for_Florian_9S6A3130_190_1907_3510_2920.jpg,0.14600466,0.068771236,0.7852241
khanhha_noisy2::Rissbilder_for_Florian_9S6A3130_24_518_3753_4265.jpg,0.13546544,0.062692404,0.80184215
khanhha_noisy2::Rissbilder_for_Florian_9S6A3130_35_1947_3497_3753.jpg,0.25372246,0.10201054,0.644267
khanhha_noisy2::Rissbilder_for_Florian_9S6A3130_485_279_2724_2520.jpg,0.4312597,0.22600323,0.34273708
khanhha_noisy2::Rissbilder_for_Florian_9S6A3130_741_2592_3069_3082.jpg,0.23674415,0.078912824,0.684343
khanhha_noisy2::Rissbilder_for_Florian_9S6A3131_308_1998_2814_2860.jpg,0.49385905,0.3332467,0.1728942
khanhha_noisy2::Rissbilder_for_Florian_9S6A3131_389_1670_3375_3959.jpg,0.30470732,0.24256155,0.4527312
khanhha_noisy2::Rissbilder_for_Florian_9S6A3131_542_1698_3243_3761.jpg,0.32208294,0.3120991,0.36581796
khanhha_noisy2::Rissbilder_for_Florian_9S6A3132_2349_1232_2560_2243.jpg,0.08127404,0.24550827,0.6732177
khanhha_noisy2::Rissbilder_for_Florian_9S6A3132_2998_275_2346_3000.jpg,0.13569796,0.4586102,0.40569192
khanhha_noisy2::Rissbilder_for_Florian_9S6A3133_207_186_4184_3281.jpg,0.05577659,0.032631595,0.91159177
khanhha_noisy2::Rissbilder_for_Florian_9S6A3134_140_2003_2431_2080.jpg,0.31880617,0.1441882,0.53700566
khanhha_noisy2::Rissbilder_for_Florian_9S6A3134_417_310_2997_3294.jpg,0.23971163,0.3446307,0.41565773
khanhha_noisy2::Rissbilder_for_Florian_9S6A3134_422_2625_3386_2683.jpg,0.40211517,0.3072142,0.29067066
khanhha_noisy2::Rissbilder_for_Florian_9S6A3134_750_425_1978_2414.jpg,0.2659038,0.4060236,0.32807264
khanhha_noisy2::Rissbilder_for_Florian_9S6A3134_76_855_3718_4555.jpg,0.25940594,0.36351252,0.37708157
khanhha_noisy2::Rissbilder_for_Florian_9S6A3135_339_1311_2661_3168.jpg,0.40888923,0.30705965,0.28405112
khanhha_noisy2::Rissbilder_for_Florian_9S6A3136_0_0_5760_3840.jpg,0.36337063,0.48568496,0.15094441
khanhha_noisy2::Rissbilder_for_Florian_9S6A3136_1628_12_2911_3801.jpg,0.30213806,0.2773037,0.4205583
khanhha_noisy2::Rissbilder_for_Florian_9S6A3137_1104_2295_2445_3107.jpg,0.33630642,0.12858853,0.5351051
khanhha_noisy2::Rissbilder_for_Florian_9S6A3137_1228_1792_2559_2477.jpg,0.57880825,0.22372924,0.19746254
khanhha_noisy2::Rissbilder_for_Florian_9S6A3137_182_823_3574_4047.jpg,0.51955324,0.1976537,0.28279307
khanhha_noisy2::Rissbilder_for_Florian_9S6A3137_201_2087_3465_3669.jpg,0.30358002,0.20899889,0.48742107
khanhha_noisy2::Rissbilder_for_Florian_9S6A3137_313_2279_2337_2933.jpg,0.40463725,0.1448507,0.45051202
khanhha_noisy2::Rissbilder_for_Florian_9S6A3137_507_1097_2555_2213.jpg,0.59760576,0.24686214,0.15553206
khanhha_noisy2::Rissbilder_for_Florian_9S6A3138_115_569_2228_2606.jpg,0.46040255,0.2184664,0.32113108
khanhha_noisy2::Sylvie_Chambon_006.jpg,0.5535151,0.22526455,0.2212204
khanhha_noisy2::Sylvie_Chambon_022.jpg,0.76543885,0.039191008,0.19537015
khanhha_noisy2::Sylvie_Chambon_025.jpg,0.5380102,0.16113745,0.3008524
khanhha_noisy2::Sylvie_Chambon_038.jpg,0.75437385,0.10276922,0.14285687
khanhha_noisy2::Sylvie_Chambon_039.jpg,0.49933416,0.24827258,0.25239328
khanhha_noisy2::Sylvie_Chambon_056.jpg,0.2924605,0.268851,0.4386885
khanhha_noisy2::Sylvie_Chambon_057.jpg,0.04747391,0.13476196,0.8177641
khanhha_noisy2::Sylvie_Chambon_058.jpg,0.30095714,0.37582102,0.32322186
khanhha_noisy2::Sylvie_Chambon_062.jpg,0.3795393,0.35891536,0.26154536
khanhha_noisy2::Sylvie_Chambon_068.jpg,0.37113714,0.2810103,0.34785256
khanhha_noisy2::Sylvie_Chambon_069.jpg,0.44698083,0.30827752,0.24474171
khanhha_noisy2::Sylvie_Chambon_073.jpg,0.35432577,0.46674988,0.17892435
khanhha_noisy2::Sylvie_Chambon_087.jpg,0.33166185,0.26123014,0.40710804
khanhha_noisy2::Sylvie_Chambon_089.jpg,0.59523547,0.16764966,0.23711483
khanhha_noisy2::Sylvie_Chambon_094.jpg,0.592404,0.2302849,0.17731106
khanhha_noisy2::Sylvie_Chambon_105.jpg,0.32932225,0.15067029,0.52000743
khanhha_noisy2::Sylvie_Chambon_107.jpg,0.5246068,0.31765175,0.15774141
khanhha_noisy2::Sylvie_Chambon_116.jpg,0.56115735,0.22748478,0.21135785
khanhha_noisy2::Sylvie_Chambon_206.jpg,0.37391648,0.36034676,0.26573685
khanhha_noisy2::Sylvie_Chambon_207.jpg,0.47447398,0.2990729,0.22645314
khanhha_noisy2::Sylvie_Chambon_208.jpg,0.49342152,0.16652584,0.3400527
khanhha_noisy2::Sylvie_Chambon_303.jpg,0.29592943,0.44298422,0.26108631
khanhha_noisy2::Sylvie_Chambon_306.jpg,0.7376756,0.12893759,0.1333869
khanhha_noisy2::Sylvie_Chambon_314.jpg,0.5480425,0.17092976,0.2810277
khanhha_noisy2::Sylvie_Chambon_319.jpg,0.554597,0.04610981,0.39929315
khanhha_noisy2::Sylvie_Chambon_323.jpg,0.28733066,0.23963262,0.4730367
khanhha_noisy2::Sylvie_Chambon_Im_noGT_ESAR_21a.jpg,0.032575168,0.054426964,0.91299784
khanhha_noisy2::Sylvie_Chambon_Im_noGT_ESAR_33a.jpg,0.07568271,0.44457716,0.47974017
khanhha_noisy2::Volker_DSC01608_969_117_1674_1684.jpg,0.13400225,0.21080375,0.6551939
khanhha_noisy2::Volker_DSC01610_123_687_1549_1614.jpg,0.29741043,0.36928716,0.33330247
khanhha_noisy2::Volker_DSC01610_142_1014_1353_1352.jpg,0.36332464,0.31384107,0.32283428
khanhha_noisy2::Volker_DSC01610_303_207_1284_1603.jpg,0.21947926,0.49757358,0.28294715
khanhha_noisy2::Volker_DSC01612_211_482_1550_1714.jpg,0.48659846,0.13356112,0.3798404
khanhha_noisy2::Volker_DSC01612_8_444_1816_1750.jpg,0.3928082,0.15225953,0.4549322
khanhha_noisy2::Volker_DSC01623_0_0_1824_2736.jpg,0.43552563,0.110560656,0.4539137
khanhha_noisy2::Volker_DSC01623_134_615_1595_1694.jpg,0.49321982,0.12735851,0.37942162
khanhha_noisy2::Volker_DSC01623_22_364_1793_1961.jpg,0.45167148,0.12586927,0.4224593
khanhha_noisy2::Volker_DSC01623_32_1414_1144_1043.jpg,0.49895748,0.18616064,0.31488186
khanhha_noisy2::Volker_DSC01624_0_0_2736_1824.jpg,0.11593436,0.18974224,0.69432336
khanhha_noisy2::Volker_DSC01625_69_1101_1754_1427.jpg,0.44137225,0.4769147,0.0817131
khanhha_noisy2::Volker_DSC01626_121_195_1176_1486.jpg,0.47016725,0.47166908,0.058163717
khanhha_noisy2::Volker_DSC01626_24_407_1783_1611.jpg,0.4777917,0.42479867,0.09740963
khanhha_noisy2::Volker_DSC01628_0_0_1824_2736.jpg,0.3789602,0.20243286,0.418607
khanhha_noisy2::Volker_DSC01628_628_1158_1128_1084.jpg,0.48369515,0.21602729,0.30027753
khanhha_noisy2::Volker_DSC01629_412_54_1933_1766.jpg,0.36062977,0.36098137,0.27838883
khanhha_noisy2::Volker_DSC01630_176_437_1360_1040.jpg,0.37053815,0.0191397,0.6103222
khanhha_noisy2::Volker_DSC01630_374_343_1233_1342.jpg,0.577963,0.020977171,0.4010598
khanhha_noisy2::Volker_DSC01631_2_30_1821_2154.jpg,0.8424961,0.05922109,0.09828275
khanhha_noisy2::Volker_DSC01632_0_0_1824_2736.jpg,0.5911542,0.08390295,0.3249429
khanhha_noisy2::Volker_DSC01632_109_353_1680_1636.jpg,0.6651294,0.123370364,0.2115003
khanhha_noisy2::Volker_DSC01633_217_183_1290_1578.jpg,0.55744106,0.110847056,0.33171192
khanhha_noisy2::Volker_DSC01634_192_653_1400_1605.jpg,0.88205737,0.07040004,0.047542624
khanhha_noisy2::Volker_DSC01634_193_315_1605_1896.jpg,0.9162302,0.04362536,0.040144473
khanhha_noisy2::Volker_DSC01634_213_873_1583_1809.jpg,0.9288881,0.03668619,0.03442575
khanhha_noisy2::Volker_DSC01634_30_959_1479_1599.jpg,0.87453866,0.06567662,0.059784733
khanhha_noisy2::Volker_DSC01635_0_0_2736_1824.jpg,0.78728724,0.09212955,0.120583184
khanhha_noisy2::Volker_DSC01635_130_334_986_1295.jpg,0.7596291,0.15132178,0.08904922
khanhha_noisy2::Volker_DSC01635_548_45_1336_1686.jpg,0.56253684,0.143385,0.2940781
khanhha_noisy2::Volker_DSC01636_1084_9_1476_1810.jpg,0.3135625,0.023531774,0.66290575
khanhha_noisy2::Volker_DSC01637_274_432_1128_1113.jpg,0.25150853,0.3832254,0.36526605
khanhha_noisy2::Volker_DSC01637_616_1353_1168_1288.jpg,0.55142903,0.30082783,0.14774306
khanhha_noisy2::Volker_DSC01638_447_153_1384_1576.jpg,0.46066013,0.117067315,0.42227262
khanhha_noisy2::Volker_DSC01638_708_382_1525_1354.jpg,0.57827276,0.11154322,0.31018403
khanhha_noisy2::Volker_DSC01638_937_538_1159_1162.jpg,0.6330209,0.0959739,0.27100524
khanhha_noisy2::Volker_DSC01639_1065_321_1284_1200.jpg,0.12756045,0.3372088,0.5352308
khanhha_noisy2::Volker_DSC01639_165_52_1412_1364.jpg,0.078052625,0.17050782,0.7514395
khanhha_noisy2::Volker_DSC01640_376_6_2132_1787.jpg,0.5314551,0.10756209,0.36098284
khanhha_noisy2::Volker_DSC01640_747_235_1398_1374.jpg,0.39773428,0.18717824,0.41508746
khanhha_noisy2::Volker_DSC01641_300_104_1322_1459.jpg,0.5714769,0.13438329,0.2941398
khanhha_noisy2::Volker_DSC01641_437_407_1733_1413.jpg,0.60974634,0.1259235,0.26433027
khanhha_noisy2::Volker_DSC01641_929_30_1600_1758.jpg,0.51876193,0.10848135,0.3727567
khanhha_noisy2::Volker_DSC01642_220_63_1843_1585.jpg,0.5448628,0.17108957,0.2840476
khanhha_noisy2::Volker_DSC01643_1311_276_1242_1009.jpg,0.55208075,0.08851071,0.35940853
khanhha_noisy2::Volker_DSC01643_157_235_1785_1431.jpg,0.224432,0.12463597,0.650932
khanhha_noisy2::Volker_DSC01644_612_414_1320_1175.jpg,0.24180947,0.060506433,0.69768405
khanhha_noisy2::Volker_DSC01646_226_19_1273_1645.jpg,0.19224703,0.16067307,0.6470799
khanhha_noisy2::Volker_DSC01646_456_54_2117_1728.jpg,0.24413003,0.077330455,0.6785396
khanhha_noisy2::Volker_DSC01648_211_212_1177_955.jpg,0.16377127,0.3031445,0.5330842
khanhha_noisy2::Volker_DSC01649_0_0_1824_2736.jpg,0.17165168,0.10976576,0.7185826
khanhha_noisy2::Volker_DSC01649_128_1341_1226_1195.jpg,0.26815867,0.1479044,0.58393687
khanhha_noisy2::Volker_DSC01650_983_400_1710_1295.jpg,0.06768085,0.4284922,0.503827
khanhha_noisy2::Volker_DSC01651_163_249_1349_1454.jpg,0.08355013,0.34316587,0.573284
khanhha_noisy2::Volker_DSC01651_61_82_1347_1168.jpg,0.18705444,0.24303555,0.56991
khanhha_noisy2::Volker_DSC01652_217_429_1194_1007.jpg,0.25272503,0.13054693,0.616728
khanhha_noisy2::Volker_DSC01652_699_100_1925_1592.jpg,0.35077512,0.14302117,0.5062038
khanhha_noisy2::Volker_DSC01653_120_360_1526_1294.jpg,0.13730918,0.1096444,0.7530464
khanhha_noisy2::Volker_DSC01653_441_257_1154_966.jpg,0.19635041,0.098445244,0.7052044
khanhha_noisy2::Volker_DSC01653_635_9_1390_1253.jpg,0.23680732,0.11577125,0.6474214
khanhha_noisy2::Volker_DSC01653_791_41_1849_1670.jpg,0.23286507,0.1584531,0.60868186
khanhha_noisy2::Volker_DSC01655_613_606_1092_1056.jpg,0.6412288,0.14347859,0.21529251
khanhha_noisy2::Volker_DSC01656_140_1416_1684_1279.jpg,0.6518013,0.14867826,0.1995205
khanhha_noisy2::Volker_DSC01657_130_62_1583_1831.jpg,0.84276026,0.093519144,0.06372065
khanhha_noisy2::Volker_DSC01657_290_50_1476_1614.jpg,0.809761,0.135144,0.055094995
khanhha_noisy2::Volker_DSC01657_665_1068_1125_1350.jpg,0.7630989,0.16368525,0.07321588
khanhha_noisy2::Volker_DSC01657_8_1012_1813_1672.jpg,0.7764986,0.14798921,0.07551216
khanhha_noisy2::Volker_DSC01658_0_0_1824_2736.jpg,0.6711778,0.25149718,0.077324964
khanhha_noisy2::Volker_DSC01658_167_371_1635_1643.jpg,0.6751227,0.24004832,0.084829
khanhha_noisy2::Volker_DSC01658_352_1474_1034_1008.jpg,0.6343325,0.32220188,0.043465666
khanhha_noisy2::Volker_DSC01658_470_825_1327_1606.jpg,0.7697519,0.1843534,0.045894627
khanhha_noisy2::Volker_DSC01659_516_815_948_1199.jpg,0.70180255,0.12802513,0.17017223
khanhha_noisy2::Volker_DSC01660_192_247_1588_1991.jpg,0.6021834,0.16012381,0.23769282
khanhha_noisy2::Volker_DSC01661_0_0_1824_2736.jpg,0.5352775,0.19201437,0.27270806
khanhha_noisy2::Volker_DSC01661_290_595_1071_1180.jpg,0.78535193,0.15052244,0.06412557
khanhha_noisy2::Volker_DSC01661_400_1545_1179_1103.jpg,0.8181596,0.13970594,0.04213455
khanhha_noisy2::Volker_DSC01664_168_876_1650_1486.jpg,0.73984414,0.18909575,0.07106014
khanhha_noisy2::Volker_DSC01664_41_897_1611_1239.jpg,0.7586833,0.16623679,0.07507997
khanhha_noisy2::Volker_DSC01664_84_855_1625_1542.jpg,0.81295455,0.11527241,0.071773015
khanhha_noisy2::Volker_DSC01665_11_415_1778_1890.jpg,0.78452057,0.13028158,0.08519781
khanhha_noisy2::Volker_DSC01665_74_990_1563_1266.jpg,0.79454905,0.12672259,0.07872835
khanhha_noisy2::Volker_DSC01666_185_540_876_1155.jpg,0.83014196,0.14012904,0.029728992
khanhha_noisy2::Volker_DSC01667_0_0_1824_2736.jpg,0.45197442,0.1876631,0.3603625
khanhha_noisy2::Volker_DSC01667_106_338_1708_2132.jpg,0.39667732,0.26075768,0.34256506
khanhha_noisy2::Volker_DSC01669_0_0_1824_2736.jpg,0.705996,0.1372414,0.15676266
khanhha_noisy2::Volker_DSC01669_9_1042_1814_1517.jpg,0.7806086,0.13824716,0.08114424
khanhha_noisy2::Volker_DSC01670_3_833_1821_1836.jpg,0.76373315,0.123861544,0.11240535
khanhha_noisy2::Volker_DSC01670_678_871_1022_989.jpg,0.8329884,0.08773613,0.07927553
khanhha_noisy2::Volker_DSC01671_63_417_1630_2053.jpg,0.86713296,0.07361114,0.05925589
khanhha_noisy2::Volker_DSC01672_140_255_1259_1633.jpg,0.76617116,0.07866686,0.15516195
khanhha_noisy2::Volker_DSC01672_236_664_1240_1592.jpg,0.5812702,0.21535377,0.20337605
khanhha_noisy2::Volker_DSC01672_39_1294_1098_1354.jpg,0.66694385,0.23922686,0.09382931
khanhha_noisy2::Volker_DSC01673_0_0_1824_2736.jpg,0.8126311,0.051603626,0.13576525
khanhha_noisy2::Volker_DSC01674_0_1080_1601_1598.jpg,0.869761,0.081912436,0.048326597
khanhha_noisy2::Volker_DSC01674_53_426_1730_2092.jpg,0.8807965,0.0743662,0.04483737
khanhha_noisy2::Volker_DSC01674_748_1007_996_1190.jpg,0.777364,0.053618446,0.16901752
khanhha_noisy2::Volker_DSC01676_146_1254_955_1190.jpg,0.5815783,0.15749827,0.2609234
khanhha_noisy2::Volker_DSC01676_35_128_1239_1463.jpg,0.74268526,0.082188874,0.17512585
khanhha_noisy2::Volker_DSC01677_185_223_1446_1163.jpg,0.6842814,0.16481033,0.15090825
khanhha_noisy2::Volker_DSC01677_26_956_1697_1698.jpg,0.6782568,0.20435259,0.117390536
khanhha_noisy2::Volker_DSC01677_40_7_1782_1399.jpg,0.7258018,0.14818054,0.12601762
khanhha_noisy2::Volker_DSC01678_0_0_1824_2736.jpg,0.45851102,0.25638893,0.28510007
khanhha_noisy2::Volker_DSC01678_14_998_1278_1270.jpg,0.7942153,0.10884713,0.09693748
khanhha_noisy2::Volker_DSC01678_282_907_1086_1149.jpg,0.77693206,0.11871485,0.10435306
khanhha_noisy2::Volker_DSC01679_0_0_1824_2736.jpg,0.69048375,0.14234374,0.16717255
khanhha_noisy2::Volker_DSC01679_0_789_1823_1945.jpg,0.4213151,0.31590053,0.26278427
khanhha_noisy2::Volker_DSC01679_67_383_1713_2223.jpg,0.42890987,0.32357976,0.2475104
khanhha_noisy2::Volker_DSC01680_0_0_1824_2736.jpg,0.16854909,0.116319016,0.7151319
khanhha_noisy2::Volker_DSC01680_146_194_1555_1973.jpg,0.16339855,0.184806,0.65179545
khanhha_noisy2::Volker_DSC01680_168_539_1554_1946.jpg,0.26927257,0.21915492,0.51157254
khanhha_noisy2::Volker_DSC01680_63_445_1729_1300.jpg,0.31137735,0.27325356,0.4153691
khanhha_noisy2::Volker_DSC01683_67_1024_1660_1636.jpg,0.7450642,0.19356959,0.06136619
khanhha_noisy2::Volker_DSC01685_202_585_1600_1686.jpg,0.5058124,0.24604338,0.24814427
khanhha_noisy2::Volker_DSC01685_252_569_1566_2047.jpg,0.59312177,0.19813845,0.2087398
khanhha_noisy2::Volker_DSC01686_297_570_1208_1271.jpg,0.787722,0.14131944,0.07095859
khanhha_noisy2::Volker_DSC01687_13_413_1695_1782.jpg,0.81589156,0.129408,0.05470046
khanhha_noisy2::Volker_DSC01687_256_1075_1494_1234.jpg,0.8257007,0.13106292,0.043236375
khanhha_noisy2::Volker_DSC01688_29_115_1785_2096.jpg,0.49139288,0.2965618,0.2120453
khanhha_noisy2::Volker_DSC01688_89_1104_1613_1250.jpg,0.59441966,0.25806692,0.14751339
khanhha_noisy2::Volker_DSC01690_763_1051_1043_1097.jpg,0.8210582,0.10382533,0.075116456
khanhha_noisy2::Volker_DSC01691_35_741_1602_1808.jpg,0.56067276,0.27898568,0.1603416
khanhha_noisy2::Volker_DSC01691_6_526_1388_1598.jpg,0.41356578,0.3875012,0.19893298
khanhha_noisy2::Volker_DSC01692_28_197_1636_1369.jpg,0.6110068,0.071103916,0.31788918
khanhha_noisy2::Volker_DSC01693_1323_467_1353_1116.jpg,0.6194822,0.23556818,0.14494966
khanhha_noisy2::Volker_DSC01693_166_276_1259_1362.jpg,0.18591648,0.40751463,0.40656888
khanhha_noisy2::Volker_DSC01695_0_0_2736_1824.jpg,0.35211626,0.24993207,0.39795166
khanhha_noisy2::Volker_DSC01696_0_0_2736_1824.jpg,0.7198829,0.13796952,0.14214756
khanhha_noisy2::Volker_DSC01698_213_356_1899_1462.jpg,0.6374396,0.071532965,0.2910275
khanhha_noisy2::Volker_DSC01699_0_0_1824_2736.jpg,0.50561345,0.3594688,0.13491775
khanhha_noisy2::Volker_DSC01699_751_408_1048_1101.jpg,0.4540884,0.39037374,0.15553793
khanhha_noisy2::Volker_DSC01700_158_517_1605_1442.jpg,0.46560678,0.3099415,0.22445174
khanhha_noisy2::Volker_DSC01701_103_539_1579_1680.jpg,0.5832712,0.25679022,0.15993848
khanhha_noisy2::Volker_DSC01702_39_31_1703_1771.jpg,0.48378497,0.28867275,0.22754227
khanhha_noisy2::Volker_DSC01702_418_156_1024_1333.jpg,0.440813,0.3202124,0.23897456
khanhha_noisy2::Volker_DSC01703_23_907_1787_1745.jpg,0.65047985,0.21232778,0.13719228
khanhha_noisy2::Volker_DSC01703_413_202_1272_965.jpg,0.2944791,0.4470474,0.25847352
khanhha_noisy2::Volker_DSC01703_599_1250_1072_1001.jpg,0.673512,0.20375459,0.12273341
khanhha_noisy2::Volker_DSC01705_103_1212_1149_941.jpg,0.2817599,0.19292977,0.5253104
khanhha_noisy2::Volker_DSC01705_286_514_1483_1229.jpg,0.539286,0.19038256,0.27033144
khanhha_noisy2::Volker_DSC01705_35_261_1646_1312.jpg,0.5270156,0.2670723,0.20591208
khanhha_noisy2::Volker_DSC01705_493_958_1260_1668.jpg,0.8735447,0.09117548,0.035279773
khanhha_noisy2::Volker_DSC01706_613_680_974_1043.jpg,0.49231577,0.3201184,0.18756586
khanhha_noisy2::Volker_DSC01707_33_309_1713_1946.jpg,0.7372075,0.09901619,0.16377632
khanhha_noisy2::Volker_DSC01707_44_131_1757_2144.jpg,0.7535821,0.08814209,0.15827578
khanhha_noisy2::Volker_DSC01707_540_967_1161_1226.jpg,0.5070991,0.24316849,0.24973235
khanhha_noisy2::Volker_DSC01708_274_347_1439_1315.jpg,0.39496198,0.26547402,0.33956394
khanhha_noisy2::Volker_DSC01709_269_118_1281_1314.jpg,0.6455686,0.3032253,0.05120612
khanhha_noisy2::Volker_DSC01709_71_801_1387_1771.jpg,0.71205646,0.19749631,0.09044726
khanhha_noisy2::cracktree200_6201.jpg,0.06558924,0.092321575,0.8420892
khanhha_noisy2::cracktree200_6203.jpg,0.13487919,0.14967793,0.7154429
khanhha_noisy2::cracktree200_6234.jpg,0.43238103,0.20608789,0.36153108
khanhha_noisy2::cracktree200_6243.jpg,0.460545,0.2880459,0.25140905
khanhha_noisy2::cracktree200_6247.jpg,0.19628991,0.32876158,0.47494856
khanhha_noisy2::cracktree200_6258.jpg,0.1828069,0.22699931,0.59019375
khanhha_noisy2::cracktree200_6259.jpg,0.46025583,0.19545643,0.34428778
khanhha_noisy2::cracktree200_6261.jpg,0.146892,0.26406705,0.5890409
khanhha_noisy2::cracktree200_6266.jpg,0.16961582,0.41177332,0.41861084
khanhha_noisy2::cracktree200_6268.jpg,0.16413029,0.24108227,0.5947875
khanhha_noisy2::cracktree200_6278.jpg,0.16227834,0.14203523,0.69568646
khanhha_noisy2::cracktree200_6281.jpg,0.2688198,0.28626966,0.44491053
khanhha_noisy2::cracktree200_6297.jpg,0.08330873,0.13171948,0.7849718
khanhha_noisy2::cracktree200_6298.jpg,0.12052024,0.4983267,0.38115314
khanhha_noisy2::cracktree200_6301.jpg,0.20162074,0.30353105,0.49484825
khanhha_noisy2::cracktree200_6310.jpg,0.014048914,0.10235984,0.8835913
khanhha_noisy2::cracktree200_6321.jpg,0.46769002,0.24473646,0.28757352
khanhha_noisy2::cracktree200_6327.jpg,0.09307738,0.1979698,0.70895284
khanhha_noisy2::cracktree200_6328.jpg,0.37647426,0.2585309,0.3649948
khanhha_noisy2::cracktree200_6329.jpg,0.65858924,0.13229892,0.20911185
khanhha_noisy2::cracktree200_6330.jpg,0.3308256,0.15082625,0.5183481
khanhha_noisy2::cracktree200_6334.jpg,0.28283867,0.12008963,0.5970717
khanhha_noisy2::cracktree200_6340.jpg,0.13409318,0.23384535,0.6320615
khanhha_noisy2::cracktree200_6351.jpg,0.2536986,0.12392801,0.6223734
khanhha_noisy2::cracktree200_6623.jpg,0.11950961,0.2838841,0.5966063
khanhha_noisy2::cracktree200_6635.jpg,0.12983036,0.17749688,0.6926728
khanhha_noisy2::cracktree200_6645.jpg,0.114474654,0.14163002,0.74389535
khanhha_noisy2::cracktree200_6647.jpg,0.08018415,0.1863822,0.73343366
khanhha_noisy2::cracktree200_6658.jpg,0.15772097,0.2783144,0.56396466
khanhha_noisy2::cracktree200_6710.jpg,0.24674138,0.14119415,0.6120645
khanhha_noisy2::cracktree200_6774.jpg,0.54426605,0.24852894,0.20720495
khanhha_noisy2::forest_003.jpg,0.3661951,0.14027835,0.49352655
khanhha_noisy2::forest_006.jpg,0.5535151,0.22526455,0.2212204
khanhha_noisy2::forest_018.jpg,0.7917611,0.13038754,0.07785146
khanhha_noisy2::forest_022.jpg,0.76543885,0.039191008,0.19537015
khanhha_noisy2::forest_038.jpg,0.75437385,0.10276922,0.14285687
khanhha_noisy2::forest_048.jpg,0.33551234,0.07675044,0.58773726
khanhha_noisy2::forest_054.jpg,0.7905221,0.1385335,0.07094445
khanhha_noisy2::forest_069.jpg,0.44698083,0.30827752,0.24474171
khanhha_noisy2::forest_076.jpg,0.5436671,0.2329473,0.2233856
khanhha_noisy2::forest_082.jpg,0.41439435,0.18257374,0.40303195
khanhha_noisy2::forest_083.jpg,0.56606185,0.21871535,0.21522282
khanhha_noisy2::forest_087.jpg,0.33166185,0.26123014,0.40710804
khanhha_noisy2::forest_091.jpg,0.83055294,0.11218518,0.057261795
khanhha_noisy2::forest_094.jpg,0.592404,0.2302849,0.17731106
khanhha_noisy2::forest_098.jpg,0.4193748,0.3091191,0.2715061
khanhha_noisy2::forest_104.jpg,0.45406833,0.07618126,0.46975034
khanhha_noisy2::forest_109.jpg,0.4353688,0.32248354,0.24214758
khanhha_noisy2::forest_117.jpg,0.57469016,0.24868326,0.17662661
khanhha_noisy2::noncrack_noncrack_concrete_wall_0_0.jpg.jpg,0.02353362,0.2519503,0.7245161
khanhha_noisy2::noncrack_noncrack_concrete_wall_0_3.jpg.jpg,0.028930496,0.28657734,0.6844922
khanhha_noisy2::noncrack_noncrack_concrete_wall_100_4.jpg.jpg,0.182961,0.42812136,0.38891762
khanhha_noisy2::noncrack_noncrack_concrete_wall_101_2.jpg.jpg,0.21063471,0.41334212,0.37602314
khanhha_noisy2::noncrack_noncrack_concrete_wall_101_8.jpg.jpg,0.21063471,0.41334212,0.37602314
khanhha_noisy2::noncrack_noncrack_concrete_wall_101_9.jpg.jpg,0.28711808,0.46879655,0.24408531
khanhha_noisy2::noncrack_noncrack_concrete_wall_102_5.jpg.jpg,0.12515835,0.33003083,0.54481083
khanhha_noisy2::noncrack_noncrack_concrete_wall_103_0.jpg.jpg,0.14716098,0.27777135,0.57506764
khanhha_noisy2::noncrack_noncrack_concrete_wall_103_1.jpg.jpg,0.1271869,0.31535625,0.5574569
khanhha_noisy2::noncrack_noncrack_concrete_wall_11_4.jpg.jpg,0.19221072,0.1719386,0.6358507
khanhha_noisy2::noncrack_noncrack_concrete_wall_12_3.jpg.jpg,0.122629575,0.27126828,0.60610217
khanhha_noisy2::noncrack_noncrack_concrete_wall_12_9.jpg.jpg,0.08319927,0.12659857,0.7902022
khanhha_noisy2::noncrack_noncrack_concrete_wall_13_2.jpg.jpg,0.11689575,0.16767645,0.71542776
khanhha_noisy2::noncrack_noncrack_concrete_wall_13_4.jpg.jpg,0.08698323,0.18471578,0.728301
khanhha_noisy2::noncrack_noncrack_concrete_wall_13_6.jpg.jpg,0.07533994,0.17498858,0.74967146
khanhha_noisy2::noncrack_noncrack_concrete_wall_14_11.jpg.jpg,0.23550117,0.2516033,0.5128955
khanhha_noisy2::noncrack_noncrack_concrete_wall_14_25.jpg.jpg,0.20056455,0.29645768,0.5029777
khanhha_noisy2::noncrack_noncrack_concrete_wall_15_5.jpg.jpg,0.27584362,0.4065299,0.3176265
khanhha_noisy2::noncrack_noncrack_concrete_wall_15_7.jpg.jpg,0.26966375,0.4360269,0.29430947
khanhha_noisy2::noncrack_noncrack_concrete_wall_16_1.jpg.jpg,0.2645218,0.45094347,0.28453472
khanhha_noisy2::noncrack_noncrack_concrete_wall_16_5.jpg.jpg,0.21642391,0.43819806,0.34537804
khanhha_noisy2::noncrack_noncrack_concrete_wall_18_1.jpg.jpg,0.24141942,0.4576405,0.30094013
khanhha_noisy2::noncrack_noncrack_concrete_wall_18_11.jpg.jpg,0.24152857,0.42944318,0.3290283
khanhha_noisy2::noncrack_noncrack_concrete_wall_18_12.jpg.jpg,0.23388277,0.46965617,0.296461
khanhha_noisy2::noncrack_noncrack_concrete_wall_18_18.jpg.jpg,0.23855934,0.4257912,0.33564946
khanhha_noisy2::noncrack_noncrack_concrete_wall_18_19.jpg.jpg,0.25823858,0.47875068,0.26301068
khanhha_noisy2::noncrack_noncrack_concrete_wall_18_3.jpg.jpg,0.27377,0.40479752,0.32143247
khanhha_noisy2::noncrack_noncrack_concrete_wall_18_9.jpg.jpg,0.23875974,0.41126764,0.34997264
khanhha_noisy2::noncrack_noncrack_concrete_wall_19_1.jpg.jpg,0.15887648,0.20936492,0.6317586
khanhha_noisy2::noncrack_noncrack_concrete_wall_19_3.jpg.jpg,0.11903013,0.29161888,0.58935094
khanhha_noisy2::noncrack_noncrack_concrete_wall_19_6.jpg.jpg,0.15193796,0.3306602,0.5174018
khanhha_noisy2::noncrack_noncrack_concrete_wall_19_7.jpg.jpg,0.14008221,0.32839054,0.5315272
khanhha_noisy2::noncrack_noncrack_concrete_wall_19_8.jpg.jpg,0.17839174,0.19430238,0.6273059
khanhha_noisy2::noncrack_noncrack_concrete_wall_20_1.jpg.jpg,0.28167397,0.38861185,0.32971424
khanhha_noisy2::noncrack_noncrack_concrete_wall_20_15.jpg.jpg,0.28250125,0.3382086,0.3792902
khanhha_noisy2::noncrack_noncrack_concrete_wall_20_32.jpg.jpg,0.3048886,0.32610032,0.36901116
khanhha_noisy2::noncrack_noncrack_concrete_wall_20_52.jpg.jpg,0.24175492,0.4168653,0.3413798
khanhha_noisy2::noncrack_noncrack_concrete_wall_20_54.jpg.jpg,0.17077523,0.46853283,0.36069202
khanhha_noisy2::noncrack_noncrack_concrete_wall_20_59.jpg.jpg,0.21165425,0.47828642,0.3100593
khanhha_noisy2::noncrack_noncrack_concrete_wall_20_62.jpg.jpg,0.26212868,0.3883963,0.34947503
khanhha_noisy2::noncrack_noncrack_concrete_wall_20_68.jpg.jpg,0.20096248,0.45176488,0.34727266
khanhha_noisy2::noncrack_noncrack_concrete_wall_20_70.jpg.jpg,0.2824993,0.3083932,0.4091075
khanhha_noisy2::noncrack_noncrack_concrete_wall_21_0.jpg.jpg,0.23871739,0.09267177,0.6686108
khanhha_noisy2::noncrack_noncrack_concrete_wall_23_1.jpg.jpg,0.06399541,0.22242191,0.71358263
khanhha_noisy2::noncrack_noncrack_concrete_wall_23_4.jpg.jpg,0.07178986,0.26796275,0.6602474
khanhha_noisy2::noncrack_noncrack_concrete_wall_23_5.jpg.jpg,0.10263684,0.32296026,0.57440287
khanhha_noisy2::noncrack_noncrack_concrete_wall_23_7.jpg.jpg,0.082530625,0.27576116,0.64170825
khanhha_noisy2::noncrack_noncrack_concrete_wall_24_19.jpg.jpg,0.24877428,0.3815205,0.36970526
khanhha_noisy2::noncrack_noncrack_concrete_wall_24_31.jpg.jpg,0.119100995,0.3147216,0.56617737
khanhha_noisy2::noncrack_noncrack_concrete_wall_24_35.jpg.jpg,0.15215814,0.3481826,0.4996593
khanhha_noisy2::noncrack_noncrack_concrete_wall_24_38.jpg.jpg,0.1493218,0.41915357,0.4315246
khanhha_noisy2::noncrack_noncrack_concrete_wall_24_4.jpg.jpg,0.13890763,0.29732424,0.5637681
khanhha_noisy2::noncrack_noncrack_concrete_wall_24_8.jpg.jpg,0.20618786,0.42841285,0.36539933
khanhha_noisy2::noncrack_noncrack_concrete_wall_26_0.jpg.jpg,0.080485925,0.43746406,0.48204994
khanhha_noisy2::noncrack_noncrack_concrete_wall_27_5.jpg.jpg,0.1608897,0.059781224,0.7793291
khanhha_noisy2::noncrack_noncrack_concrete_wall_28_0.jpg.jpg,0.12498786,0.6081293,0.2668829
khanhha_noisy2::noncrack_noncrack_concrete_wall_29_6.jpg.jpg,0.1303549,0.13924696,0.7303981
khanhha_noisy2::noncrack_noncrack_concrete_wall_30_2.jpg.jpg,0.18604225,0.42008072,0.39387703
khanhha_noisy2::noncrack_noncrack_concrete_wall_31_0.jpg.jpg,0.036434617,0.106610075,0.85695535
khanhha_noisy2::noncrack_noncrack_concrete_wall_31_4.jpg.jpg,0.041646812,0.1472438,0.8111094
khanhha_noisy2::noncrack_noncrack_concrete_wall_33_4.jpg.jpg,0.029022293,0.057407655,0.91357
khanhha_noisy2::noncrack_noncrack_concrete_wall_34_0.jpg.jpg,0.1400683,0.30743107,0.55250067
khanhha_noisy2::noncrack_noncrack_concrete_wall_35_4.jpg.jpg,0.100788034,0.0819433,0.81726867
khanhha_noisy2::noncrack_noncrack_concrete_wall_37_1.jpg.jpg,0.45225915,0.044599988,0.5031408
khanhha_noisy2::noncrack_noncrack_concrete_wall_37_4.jpg.jpg,0.31501773,0.039388496,0.64559376
khanhha_noisy2::noncrack_noncrack_concrete_wall_38_4.jpg.jpg,0.06278813,0.05077421,0.88643765
khanhha_noisy2::noncrack_noncrack_concrete_wall_38_5.jpg.jpg,0.082388304,0.11868363,0.7989281
khanhha_noisy2::noncrack_noncrack_concrete_wall_38_6.jpg.jpg,0.07929903,0.08075406,0.83994687
khanhha_noisy2::noncrack_noncrack_concrete_wall_39_9.jpg.jpg,0.114161655,0.42732155,0.45851675
khanhha_noisy2::noncrack_noncrack_concrete_wall_3_2.jpg.jpg,0.11477758,0.045860916,0.8393615
khanhha_noisy2::noncrack_noncrack_concrete_wall_40_0.jpg.jpg,0.2526636,0.033176914,0.7141595
khanhha_noisy2::noncrack_noncrack_concrete_wall_40_5.jpg.jpg,0.21514872,0.029858164,0.75499314
khanhha_noisy2::noncrack_noncrack_concrete_wall_41_11.jpg.jpg,0.33375522,0.41205275,0.25419202
khanhha_noisy2::noncrack_noncrack_concrete_wall_41_12.jpg.jpg,0.2862179,0.47491866,0.23886348
khanhha_noisy2::noncrack_noncrack_concrete_wall_41_2.jpg.jpg,0.28513333,0.40622067,0.30864596
khanhha_noisy2::noncrack_noncrack_concrete_wall_41_35.jpg.jpg,0.26170194,0.43877062,0.29952747
khanhha_noisy2::noncrack_noncrack_concrete_wall_41_37.jpg.jpg,0.31233984,0.46767297,0.21998715
khanhha_noisy2::noncrack_noncrack_concrete_wall_41_38.jpg.jpg,0.26935658,0.40001982,0.3306235
khanhha_noisy2::noncrack_noncrack_concrete_wall_41_4.jpg.jpg,0.31222206,0.4111387,0.27663928
khanhha_noisy2::noncrack_noncrack_concrete_wall_41_43.jpg.jpg,0.30752966,0.47017694,0.22229339
khanhha_noisy2::noncrack_noncrack_concrete_wall_41_48.jpg.jpg,0.3067415,0.39512193,0.29813653
khanhha_noisy2::noncrack_noncrack_concrete_wall_41_58.jpg.jpg,0.34383637,0.38254502,0.2736186
khanhha_noisy2::noncrack_noncrack_concrete_wall_41_63.jpg.jpg,0.3281926,0.38571525,0.2860921
khanhha_noisy2::noncrack_noncrack_concrete_wall_41_65.jpg.jpg,0.30652592,0.40895686,0.28451726
khanhha_noisy2::noncrack_noncrack_concrete_wall_42_6.jpg.jpg,0.12751761,0.074281305,0.7982011
khanhha_noisy2::noncrack_noncrack_concrete_wall_43_14.jpg.jpg,0.17400202,0.3684108,0.4575872
khanhha_noisy2::noncrack_noncrack_concrete_wall_43_15.jpg.jpg,0.17991923,0.3870356,0.43304518
khanhha_noisy2::noncrack_noncrack_concrete_wall_43_18.jpg.jpg,0.23633133,0.3552904,0.4083782
khanhha_noisy2::noncrack_noncrack_concrete_wall_43_2.jpg.jpg,0.19690527,0.5301063,0.2729884
khanhha_noisy2::noncrack_noncrack_concrete_wall_43_25.jpg.jpg,0.18680818,0.51607764,0.29711422
khanhha_noisy2::noncrack_noncrack_concrete_wall_43_34.jpg.jpg,0.14276247,0.4538953,0.40334222
khanhha_noisy2::noncrack_noncrack_concrete_wall_43_42.jpg.jpg,0.19069687,0.46567345,0.34362972
khanhha_noisy2::noncrack_noncrack_concrete_wall_43_44.jpg.jpg,0.19282758,0.47545832,0.33171406
khanhha_noisy2::noncrack_noncrack_concrete_wall_43_48.jpg.jpg,0.18537004,0.31549883,0.49913117
khanhha_noisy2::noncrack_noncrack_concrete_wall_43_50.jpg.jpg,0.20917983,0.489437,0.30138317
khanhha_noisy2::noncrack_noncrack_concrete_wall_44_0.jpg.jpg,0.22905844,0.36715522,0.4037863
khanhha_noisy2::noncrack_noncrack_concrete_wall_44_4.jpg.jpg,0.23665786,0.2827306,0.4806116
khanhha_noisy2::noncrack_noncrack_concrete_wall_45_13.jpg.jpg,0.1908839,0.7105695,0.09854672
khanhha_noisy2::noncrack_noncrack_concrete_wall_45_4.jpg.jpg,0.1908839,0.7105695,0.09854672
khanhha_noisy2::noncrack_noncrack_concrete_wall_45_5.jpg.jpg,0.1908839,0.7105695,0.09854672
khanhha_noisy2::noncrack_noncrack_concrete_wall_46_8.jpg.jpg,0.022846358,0.07080363,0.90634996
khanhha_noisy2::noncrack_noncrack_concrete_wall_47_4.jpg.jpg,0.3414245,0.19521283,0.46336275
khanhha_noisy2::noncrack_noncrack_concrete_wall_47_6.jpg.jpg,0.3414245,0.19521283,0.46336275
khanhha_noisy2::noncrack_noncrack_concrete_wall_48_0.jpg.jpg,0.36135948,0.47625917,0.16238141
khanhha_noisy2::noncrack_noncrack_concrete_wall_48_1.jpg.jpg,0.29845634,0.55409956,0.14744407
khanhha_noisy2::noncrack_noncrack_concrete_wall_48_5.jpg.jpg,0.306653,0.5198288,0.1735182
khanhha_noisy2::noncrack_noncrack_concrete_wall_49_4.jpg.jpg,0.19165981,0.5644818,0.24385838
khanhha_noisy2::noncrack_noncrack_concrete_wall_50_2.jpg.jpg,0.05460315,0.17698437,0.76841253
khanhha_noisy2::noncrack_noncrack_concrete_wall_53_3.jpg.jpg,0.05161288,0.22365451,0.7247326
khanhha_noisy2::noncrack_noncrack_concrete_wall_54_24.jpg.jpg,0.26762536,0.5166511,0.21572353
khanhha_noisy2::noncrack_noncrack_concrete_wall_54_27.jpg.jpg,0.25778192,0.49848112,0.24373697
khanhha_noisy2::noncrack_noncrack_concrete_wall_54_28.jpg.jpg,0.22032481,0.6152385,0.16443671
khanhha_noisy2::noncrack_noncrack_concrete_wall_54_31.jpg.jpg,0.2202646,0.49165645,0.28807896
khanhha_noisy2::noncrack_noncrack_concrete_wall_54_33.jpg.jpg,0.3079101,0.49637017,0.19571972
khanhha_noisy2::noncrack_noncrack_concrete_wall_54_36.jpg.jpg,0.27769768,0.5438528,0.17844956
khanhha_noisy2::noncrack_noncrack_concrete_wall_54_4.jpg.jpg,0.22441508,0.50819385,0.2673911
khanhha_noisy2::noncrack_noncrack_concrete_wall_54_40.jpg.jpg,0.26641488,0.50770503,0.22588006
khanhha_noisy2::noncrack_noncrack_concrete_wall_54_44.jpg.jpg,0.22278342,0.5314714,0.24574526
khanhha_noisy2::noncrack_noncrack_concrete_wall_54_48.jpg.jpg,0.21526317,0.53731805,0.24741882
khanhha_noisy2::noncrack_noncrack_concrete_wall_54_53.jpg.jpg,0.2644481,0.5567179,0.17883396
khanhha_noisy2::noncrack_noncrack_concrete_wall_54_54.jpg.jpg,0.28834713,0.50245255,0.20920032
khanhha_noisy2::noncrack_noncrack_concrete_wall_54_57.jpg.jpg,0.24974973,0.5344599,0.21579039
khanhha_noisy2::noncrack_noncrack_concrete_wall_54_72.jpg.jpg,0.20247042,0.5306182,0.2669113
khanhha_noisy2::noncrack_noncrack_concrete_wall_55_10.jpg.jpg,0.14944635,0.5821563,0.26839736
khanhha_noisy2::noncrack_noncrack_concrete_wall_55_24.jpg.jpg,0.15230188,0.52688426,0.3208139
khanhha_noisy2::noncrack_noncrack_concrete_wall_55_29.jpg.jpg,0.13024172,0.6643494,0.2054089
khanhha_noisy2::noncrack_noncrack_concrete_wall_55_32.jpg.jpg,0.14505526,0.563668,0.29127672
khanhha_noisy2::noncrack_noncrack_concrete_wall_55_38.jpg.jpg,0.13266277,0.661045,0.20629224
khanhha_noisy2::noncrack_noncrack_concrete_wall_55_4.jpg.jpg,0.14415275,0.6059624,0.2498848
khanhha_noisy2::noncrack_noncrack_concrete_wall_55_41.jpg.jpg,0.14846185,0.6134435,0.2380946
khanhha_noisy2::noncrack_noncrack_concrete_wall_55_49.jpg.jpg,0.1847766,0.5338833,0.28134006
khanhha_noisy2::noncrack_noncrack_concrete_wall_55_6.jpg.jpg,0.1389694,0.6629318,0.19809869
khanhha_noisy2::noncrack_noncrack_concrete_wall_57_11.jpg.jpg,0.09692145,0.16248533,0.74059325
khanhha_noisy2::noncrack_noncrack_concrete_wall_57_6.jpg.jpg,0.070467904,0.17162795,0.7579041
khanhha_noisy2::noncrack_noncrack_concrete_wall_58_0.jpg.jpg,0.087984726,0.50330484,0.40871045
khanhha_noisy2::noncrack_noncrack_concrete_wall_58_11.jpg.jpg,0.08918667,0.58265746,0.32815588
khanhha_noisy2::noncrack_noncrack_concrete_wall_58_12.jpg.jpg,0.10307606,0.50603,0.3908939
khanhha_noisy2::noncrack_noncrack_concrete_wall_58_13.jpg.jpg,0.111010745,0.49867338,0.39031592
khanhha_noisy2::noncrack_noncrack_concrete_wall_58_6.jpg.jpg,0.099363565,0.53619236,0.36444414
khanhha_noisy2::noncrack_noncrack_concrete_wall_58_8.jpg.jpg,0.08280949,0.5564574,0.36073303
khanhha_noisy2::noncrack_noncrack_concrete_wall_59_0.jpg.jpg,0.016155163,0.040235605,0.94360924
khanhha_noisy2::noncrack_noncrack_concrete_wall_59_3.jpg.jpg,0.015660547,0.041328624,0.94301087
khanhha_noisy2::noncrack_noncrack_concrete_wall_5_10.jpg.jpg,0.044455893,0.19665244,0.7588917
khanhha_noisy2::noncrack_noncrack_concrete_wall_60_13.jpg.jpg,0.124793634,0.34141114,0.5337952
khanhha_noisy2::noncrack_noncrack_concrete_wall_60_6.jpg.jpg,0.11226872,0.36853424,0.5191971
khanhha_noisy2::noncrack_noncrack_concrete_wall_60_8.jpg.jpg,0.08127798,0.3458187,0.5729033
khanhha_noisy2::noncrack_noncrack_concrete_wall_63_1.jpg.jpg,0.08314443,0.3831606,0.533695
khanhha_noisy2::noncrack_noncrack_concrete_wall_65_0.jpg.jpg,0.26770332,0.27266142,0.45963526
khanhha_noisy2::noncrack_noncrack_concrete_wall_65_10.jpg.jpg,0.19531146,0.27331826,0.5313703
khanhha_noisy2::noncrack_noncrack_concrete_wall_66_1.jpg.jpg,0.023890242,0.08311768,0.8929921
khanhha_noisy2::noncrack_noncrack_concrete_wall_66_10.jpg.jpg,0.016837258,0.03201455,0.9511482
khanhha_noisy2::noncrack_noncrack_concrete_wall_66_21.jpg.jpg,0.015410227,0.041908238,0.9426815
khanhha_noisy2::noncrack_noncrack_concrete_wall_66_8.jpg.jpg,0.015025142,0.025443526,0.95953137
khanhha_noisy2::noncrack_noncrack_concrete_wall_67_1.jpg.jpg,0.11910821,0.5833255,0.29756626
khanhha_noisy2::noncrack_noncrack_concrete_wall_67_2.jpg.jpg,0.116600156,0.5933754,0.29002452
khanhha_noisy2::noncrack_noncrack_concrete_wall_68_0.jpg.jpg,0.10443173,0.3994688,0.49609944
khanhha_noisy2::noncrack_noncrack_concrete_wall_68_1.jpg.jpg,0.12647738,0.34626108,0.5272616
khanhha_noisy2::noncrack_noncrack_concrete_wall_69_6.jpg.jpg,0.168958,0.17095299,0.660089
khanhha_noisy2::noncrack_noncrack_concrete_wall_6_0.jpg.jpg,0.1509308,0.30561757,0.5434516
khanhha_noisy2::noncrack_noncrack_concrete_wall_70_3.jpg.jpg,0.5708865,0.037047036,0.3920665
khanhha_noisy2::noncrack_noncrack_concrete_wall_72_0.jpg.jpg,0.060658943,0.19789621,0.7414449
khanhha_noisy2::noncrack_noncrack_concrete_wall_73_1.jpg.jpg,0.23543128,0.07189793,0.6926708
khanhha_noisy2::noncrack_noncrack_concrete_wall_73_2.jpg.jpg,0.23543128,0.07189793,0.6926708
khanhha_noisy2::noncrack_noncrack_concrete_wall_73_4.jpg.jpg,0.3034093,0.07717591,0.6194148
khanhha_noisy2::noncrack_noncrack_concrete_wall_74_10.jpg.jpg,0.18381453,0.5925431,0.22364236
khanhha_noisy2::noncrack_noncrack_concrete_wall_75_0.jpg.jpg,0.12473855,0.087451465,0.7878099
khanhha_noisy2::noncrack_noncrack_concrete_wall_75_18.jpg.jpg,0.12116077,0.09608561,0.78275365
khanhha_noisy2::noncrack_noncrack_concrete_wall_75_24.jpg.jpg,0.15140761,0.10351787,0.74507457
khanhha_noisy2::noncrack_noncrack_concrete_wall_76_1.jpg.jpg,0.19717102,0.4914425,0.31138647
khanhha_noisy2::noncrack_noncrack_concrete_wall_76_22.jpg.jpg,0.21546549,0.49678335,0.2877512
khanhha_noisy2::noncrack_noncrack_concrete_wall_76_30.jpg.jpg,0.22658649,0.49902475,0.27438882
khanhha_noisy2::noncrack_noncrack_concrete_wall_76_36.jpg.jpg,0.22950523,0.5160486,0.25444615
khanhha_noisy2::noncrack_noncrack_concrete_wall_76_38.jpg.jpg,0.16595794,0.5005842,0.3334579
khanhha_noisy2::noncrack_noncrack_concrete_wall_76_49.jpg.jpg,0.16413313,0.49805945,0.3378074
khanhha_noisy2::noncrack_noncrack_concrete_wall_76_5.jpg.jpg,0.17449939,0.47572795,0.34977266
khanhha_noisy2::noncrack_noncrack_concrete_wall_76_62.jpg.jpg,0.22328232,0.47859782,0.2981198
khanhha_noisy2::noncrack_noncrack_concrete_wall_77_1.jpg.jpg,0.42819718,0.156414,0.41538882
khanhha_noisy2::noncrack_noncrack_concrete_wall_77_5.jpg.jpg,0.3217011,0.13349986,0.54479903
khanhha_noisy2::noncrack_noncrack_concrete_wall_79_2.jpg.jpg,0.2266948,0.26811984,0.5051853
khanhha_noisy2::noncrack_noncrack_concrete_wall_79_6.jpg.jpg,0.24252057,0.41085234,0.3466271
khanhha_noisy2::noncrack_noncrack_concrete_wall_7_0.jpg.jpg,0.3448418,0.19393624,0.46122196
khanhha_noisy2::noncrack_noncrack_concrete_wall_7_1.jpg.jpg,0.30068696,0.19436052,0.50495255
khanhha_noisy2::noncrack_noncrack_concrete_wall_81_4.jpg.jpg,0.17130286,0.13124074,0.6974564
khanhha_noisy2::noncrack_noncrack_concrete_wall_82_14.jpg.jpg,0.19288796,0.10881242,0.69829965
khanhha_noisy2::noncrack_noncrack_concrete_wall_82_23.jpg.jpg,0.18575738,0.12216256,0.69208
khanhha_noisy2::noncrack_noncrack_concrete_wall_82_24.jpg.jpg,0.18395755,0.09724649,0.718796
khanhha_noisy2::noncrack_noncrack_concrete_wall_82_27.jpg.jpg,0.20091133,0.10561504,0.69347364
khanhha_noisy2::noncrack_noncrack_concrete_wall_82_32.jpg.jpg,0.15588114,0.12012283,0.723996
khanhha_noisy2::noncrack_noncrack_concrete_wall_82_4.jpg.jpg,0.17879173,0.118424416,0.7027839
khanhha_noisy2::noncrack_noncrack_concrete_wall_82_5.jpg.jpg,0.19292712,0.10735075,0.6997222
khanhha_noisy2::noncrack_noncrack_concrete_wall_83_10.jpg.jpg,0.080127455,0.5392556,0.38061687
khanhha_noisy2::noncrack_noncrack_concrete_wall_83_4.jpg.jpg,0.11142918,0.51292044,0.3756503
khanhha_noisy2::noncrack_noncrack_concrete_wall_83_9.jpg.jpg,0.09411718,0.53175926,0.37412357
khanhha_noisy2::noncrack_noncrack_concrete_wall_86_1.jpg.jpg,0.13603066,0.4420743,0.4218951
khanhha_noisy2::noncrack_noncrack_concrete_wall_86_2.jpg.jpg,0.14740448,0.47911143,0.37348402
khanhha_noisy2::noncrack_noncrack_concrete_wall_88_3.jpg.jpg,0.23195091,0.5051221,0.26292694
khanhha_noisy2::noncrack_noncrack_concrete_wall_89_0.jpg.jpg,0.122583434,0.29086566,0.5865509
khanhha_noisy2::noncrack_noncrack_concrete_wall_89_1.jpg.jpg,0.13075422,0.3152062,0.5540396
khanhha_noisy2::noncrack_noncrack_concrete_wall_91_1.jpg.jpg,0.23973808,0.22162992,0.538632
khanhha_noisy2::noncrack_noncrack_concrete_wall_92_7.jpg.jpg,0.18564662,0.3231747,0.49117863
khanhha_noisy2::noncrack_noncrack_concrete_wall_93_5.jpg.jpg,0.22357585,0.17960157,0.5968226
khanhha_noisy2::noncrack_noncrack_concrete_wall_94_4.jpg.jpg,0.018766424,0.09758416,0.88364947
khanhha_noisy2::noncrack_noncrack_concrete_wall_96_1.jpg.jpg,0.105987154,0.14152846,0.7524843
khanhha_noisy2::noncrack_noncrack_concrete_wall_96_12.jpg.jpg,0.08601684,0.15173176,0.76225144
khanhha_noisy2::noncrack_noncrack_concrete_wall_96_2.jpg.jpg,0.09931401,0.16119552,0.73949045
khanhha_noisy2::noncrack_noncrack_concrete_wall_96_27.jpg.jpg,0.10367666,0.18059827,0.715725
khanhha_noisy2::noncrack_noncrack_concrete_wall_99_2.jpg.jpg,0.122744255,0.45383814,0.4234176
khanhha_noisy2::noncrack_noncrack_concrete_wall_9_14.jpg.jpg,0.09587887,0.10491734,0.7992038
khanhha_noisy2::noncrack_noncrack_concrete_wall_9_22.jpg.jpg,0.035666104,0.049065456,0.9152684
khanhha_noisy2::noncrack_noncrack_concrete_wall_9_29.jpg.jpg,0.047830567,0.09263948,0.8595299
khanhha_noisy2::noncrack_noncrack_concrete_wall_9_32.jpg.jpg,0.07955093,0.13114722,0.7893019
khanhha_noisy2::noncrack_noncrack_concrete_wall_9_33.jpg.jpg,0.032560993,0.05740747,0.91003156
