image_id,p_degraded,p_neutral,p_improved
khanhha_original::CFD_007.jpg,0.45168608,0.2085163,0.33979768
khanhha_original::CFD_013.jpg,0.39006367,0.35866916,0.2512671
khanhha_original::CFD_014.jpg,0.515286,0.2393707,0.2453432
khanhha_original::CFD_047.jpg,0.46751216,0.12197881,0.41050908
khanhha_original::CFD_082.jpg,0.52432346,0.25915346,0.21652308
khanhha_original::CRACK500_20160222_081111_641_361.jpg,0.28298452,0.36720175,0.34981376
khanhha_original::CRACK500_20160222_081113_1921_721.jpg,0.5232241,0.25554124,0.22123457
khanhha_original::CRACK500_20160222_115305_1281_1081.jpg,0.12623446,0.59190255,0.281863
khanhha_original::CRACK500_20160222_115305_1921_361.jpg,0.19602573,0.33609587,0.46787837
khanhha_original::CRACK500_20160222_115305_641_1.jpg,0.16382271,0.45035827,0.38581905
khanhha_original::CRACK500_20160222_115305_641_721.jpg,0.13892609,0.5330101,0.3280638
khanhha_original::CRACK500_20160222_115828_641_1.jpg,0.21580422,0.52139753,0.26279828
khanhha_original::CRACK500_20160222_164825_641_721.jpg,0.19420367,0.6105955,0.19520082
khanhha_original::CRACK500_20160222_164851_641_1081.jpg,0.40347096,0.41455844,0.18197069
khanhha_original::CRACK500_20160222_165218_641_1.jpg,0.42396593,0.3230216,0.25301248
khanhha_original::CRACK500_20160222_165909_1281_1081.jpg,0.46543208,0.19672613,0.33784184
khanhha_original::CRACK500_20160222_165926_1281_721.jpg,0.31500557,0.48872694,0.19626753
khanhha_original::CRACK500_20160222_165947_1921_721.jpg,0.24618016,0.5233705,0.2304493
khanhha_original::CRACK500_20160302_155848_1281_361.jpg,0.32417247,0.42814037,0.24768716
khanhha_original::CRACK500_20160302_155848_1921_361.jpg,0.13294554,0.5092224,0.35783204
khanhha_original::CRACK500_20160302_155848_641_721.jpg,0.13493764,0.66197723,0.20308512
khanhha_original::CRACK500_20160302_160033_641_361.jpg,0.32681933,0.44166198,0.23151861
khanhha_original::CRACK500_20160303_092627_641_721.jpg,0.21201916,0.42696044,0.3610204
khanhha_original::CRACK500_20160303_093400_641_1.jpg,0.16045238,0.7406116,0.09893601
khanhha_original::CRACK500_20160303_093400_641_721.jpg,0.13561721,0.5917269,0.2726559
khanhha_original::CRACK500_20160307_145259_1921_721.jpg,0.20331755,0.5349431,0.26173934
khanhha_original::CRACK500_20160307_145259_1_361.jpg,0.18424553,0.6160828,0.1996717
khanhha_original::CRACK500_20160307_164214_1281_1081.jpg,0.16119203,0.6764609,0.16234702
khanhha_original::CRACK500_20160307_164214_1_721.jpg,0.25884992,0.60571754,0.13543251
khanhha_original::CRACK500_20160307_164226_1921_721.jpg,0.25966573,0.6055162,0.134818
khanhha_original::CRACK500_20160307_164226_1_721.jpg,0.4428827,0.3162364,0.24088097
khanhha_original::CRACK500_20160307_164226_641_721.jpg,0.18601502,0.67229784,0.1416871
khanhha_original::CRACK500_20160308_073245_1_361.jpg,0.116159186,0.78864187,0.095198944
khanhha_original::CRACK500_20160308_073245_641_1.jpg,0.26860407,0.6791691,0.052226834
khanhha_original::CRACK500_20160308_074702_1281_361.jpg,0.1661943,0.4013286,0.43247712
khanhha_original::CRACK500_20160308_074702_1921_361.jpg,0.12270529,0.36789665,0.50939804
khanhha_original::CRACK500_20160308_074702_641_721.jpg,0.16127862,0.32710642,0.51161504
khanhha_original::CRACK500_20160308_155720_1281_361.jpg,0.29232115,0.45583576,0.2518431
khanhha_original::CRACK500_20160308_155720_1_1.jpg,0.21003988,0.42423227,0.36572787
khanhha_original::CRACK500_20160308_155720_641_721.jpg,0.15228704,0.57860804,0.26910493
khanhha_original::CRACK500_20160308_155731_1281_1.jpg,0.20672214,0.50992715,0.28335068
khanhha_original::CRACK500_20160308_155731_641_1081.jpg,0.23460525,0.48151508,0.28387967
khanhha_original::CRACK500_20160310_114441_641_1.jpg,0.16732396,0.6807299,0.15194607
khanhha_original::CRACK500_20160310_114441_641_1081.jpg,0.20928156,0.4221612,0.36855724
khanhha_original::CRACK500_20160316_141721_1_721.jpg,0.18840414,0.6277126,0.18388326
khanhha_original::CRACK500_20160316_141721_641_721.jpg,0.1469027,0.7441094,0.10898788
khanhha_original::CRACK500_20160316_142539_1_721.jpg,0.25339887,0.32459298,0.4220082
khanhha_original::CRACK500_20160316_143603_1921_361.jpg,0.130997,0.49676368,0.37223923
khanhha_original::CRACK500_20160316_143624_1_641.jpg,0.21227181,0.3941447,0.39358348
khanhha_original::CRACK500_20160316_144212_1921_721.jpg,0.1330858,0.5202142,0.34670004
khanhha_original::CRACK500_20160316_144212_641_721.jpg,0.1289385,0.6551855,0.21587601
khanhha_original::CRACK500_20160316_144241_641_361.jpg,0.16525687,0.53567654,0.29906663
khanhha_original::CRACK500_20160321_185518_1921_721.jpg,0.05991323,0.32199013,0.6180966
khanhha_original::CRACK500_20160321_185518_1_721.jpg,0.13250431,0.40924093,0.45825475
khanhha_original::CRACK500_20160325_185829_641_361.jpg,0.25489753,0.21626553,0.52883697
khanhha_original::CRACK500_20160326_174634_1921_361.jpg,0.14207967,0.252806,0.60511434
khanhha_original::CRACK500_20160326_174634_641_721.jpg,0.14476173,0.3084855,0.54675275
khanhha_original::CRACK500_20160328_150927_1281_721.jpg,0.24413498,0.47111672,0.28474835
khanhha_original::CRACK500_20160328_150933_1921_361.jpg,0.3202789,0.23156421,0.4481569
khanhha_original::CRACK500_20160328_151020_641_721.jpg,0.24382727,0.31732953,0.4388432
khanhha_original::CRACK500_20160328_151201_1281_721.jpg,0.19308187,0.6338095,0.17310864
khanhha_original::CRACK500_20160328_151201_1_1.jpg,0.13306184,0.73790467,0.12903352
khanhha_original::CRACK500_20160328_151409_1921_1081.jpg,0.19630668,0.6458192,0.1578742
khanhha_original::CRACK500_20160328_152322_1281_721.jpg,0.18088853,0.5480964,0.27101508
khanhha_original::CRACK500_20160328_152322_1_721.jpg,0.20334491,0.6654584,0.1311967
khanhha_original::CRACK500_20160328_152511_1921_721.jpg,0.13289315,0.6876489,0.17945798
khanhha_original::CRACK500_20160328_153524_641_361.jpg,0.05305674,0.85893863,0.08800464
khanhha_original::CRACK500_20160328_153604_1_361.jpg,0.116508655,0.686357,0.1971343
khanhha_original::CRACK500_20160328_153604_641_1.jpg,0.078151785,0.821151,0.10069716
khanhha_original::CRACK500_20160328_153604_641_721.jpg,0.2897291,0.5950268,0.11524409
khanhha_original::CRACK500_20160328_153706_1281_1.jpg,0.27028897,0.56598055,0.16373047
khanhha_original::CRACK500_20160328_153706_1281_1081.jpg,0.1433768,0.73908085,0.117542416
khanhha_original::CRACK500_20160328_153706_1921_1.jpg,0.3342022,0.49873364,0.16706418
khanhha_original::CRACK500_20160328_153915_1921_721.jpg,0.06461055,0.8231161,0.112273335
khanhha_original::CRACK500_20160328_154159_1921_1081.jpg,0.13478154,0.2599973,0.6052212
khanhha_original::CRACK500_20160328_154159_1_361.jpg,0.12712535,0.7017247,0.17114995
khanhha_original::CRACK500_20160328_154429_641_721.jpg,0.19215359,0.51272714,0.29511926
khanhha_original::CRACK500_20160328_154454_1_721.jpg,0.24006462,0.37294948,0.3869859
khanhha_original::CRACK500_20160328_154454_721_1.jpg,0.093857676,0.33916923,0.5669731
khanhha_original::CRACK500_20160329_094055_1_721.jpg,0.08827255,0.15418561,0.75754184
khanhha_original::CRACK500_20160329_103609_1281_721.jpg,0.14249662,0.45558757,0.40191588
khanhha_original::CRACK500_20160329_103609_1921_721.jpg,0.114798345,0.33392283,0.5512788
khanhha_original::CRACK500_20160329_103609_1_721.jpg,0.14717935,0.4791614,0.37365916
khanhha_original::CRACK500_20160329_103609_641_361.jpg,0.3410319,0.26500827,0.3939598
khanhha_original::CRACK500_20160329_104205_1921_361.jpg,0.13463318,0.28951785,0.57584894
khanhha_original::CRACK500_20160329_115529_1_721.jpg,0.12555271,0.34625638,0.5281909
khanhha_original::CRACK500_20160330_165325_1921_361.jpg,0.2940301,0.29013345,0.41583648
khanhha_original::CRACK500_20160330_165325_1921_721.jpg,0.33690327,0.2843626,0.37873417
khanhha_original::CRACK500_20160330_165325_1_721.jpg,0.3426247,0.18975404,0.46762124
khanhha_original::CRACK500_20160330_165333_1921_1081.jpg,0.45847064,0.33876547,0.2027639
khanhha_original::CRACK500_20160330_165333_1_721.jpg,0.36657092,0.2002507,0.43317845
khanhha_original::CRACK500_20160330_170308_1281_361.jpg,0.13984306,0.5446966,0.3154603
khanhha_original::CRACK500_20160330_170308_1921_1081.jpg,0.20627667,0.28587306,0.5078503
khanhha_original::CRACK500_20160330_170308_1921_361.jpg,0.3052207,0.3538805,0.3408988
khanhha_original::CRACK500_20160330_170308_1921_721.jpg,0.21048325,0.24404769,0.54546905
khanhha_original::CRACK500_20160402_150300_1281_721.jpg,0.38568458,0.4107538,0.2035616
khanhha_original::CRACK500_20160405_171219_1281_721.jpg,0.14336908,0.17300153,0.68362933
khanhha_original::CRACK500_20160405_171219_641_721.jpg,0.24008054,0.2351168,0.5248026
khanhha_original::CRACK500_20160405_171456_1_361.jpg,0.09096742,0.16436586,0.7446667
khanhha_original::CRACK500_20160405_172854_1921_1.jpg,0.100962594,0.19623278,0.7028046
khanhha_original::CRACK500_IMG_2937_1297_969.jpg,0.51002496,0.37606367,0.113911346
khanhha_original::CRACK500_IMG_2938_1297_969.jpg,0.37340033,0.33891535,0.2876843
khanhha_original::DeepCrack_11114.jpg,0.28661773,0.043435596,0.6699466
khanhha_original::DeepCrack_11118.jpg,0.628841,0.2582119,0.11294708
khanhha_original::DeepCrack_11134-3.jpg,0.15772223,0.19136772,0.65091
khanhha_original::DeepCrack_11134-4.jpg,0.2441248,0.19588986,0.55998534
khanhha_original::DeepCrack_11134.jpg,0.3796483,0.21700335,0.40334842
khanhha_original::DeepCrack_11153.jpg,0.65491694,0.11792358,0.22715946
khanhha_original::DeepCrack_11164-2.jpg,0.410885,0.42631015,0.16280483
khanhha_original::DeepCrack_11164-4.jpg,0.25657684,0.51758736,0.2258358
khanhha_original::DeepCrack_11178-3.jpg,0.4070332,0.44785443,0.14511232
khanhha_original::DeepCrack_11204.jpg,0.47917402,0.23003556,0.29079047
khanhha_original::DeepCrack_7Q3A9060-3.jpg,0.72824883,0.13580698,0.13594416
khanhha_original::DeepCrack_7Q3A9060-9.jpg,0.1807293,0.62587744,0.19339319
khanhha_original::DeepCrack_IMG109-1.jpg,0.21449216,0.19372608,0.5917818
khanhha_original::DeepCrack_IMG14-1.jpg,0.19851273,0.11572897,0.6857583
khanhha_original::DeepCrack_IMG14-3.jpg,0.13840921,0.4306282,0.43096253
khanhha_original::Eugen_Muller_8980_79_365_456_521.jpg,0.15052824,0.09542084,0.75405097
khanhha_original::Eugen_Muller_8980a_123_420_527_438.jpg,0.115533374,0.03576405,0.8487026
khanhha_original::Eugen_Muller_8980a_25_22_747_752.jpg,0.4527937,0.15695105,0.39025527
khanhha_original::GAPS384_train_0503_541_1.jpg,0.3164519,0.2554065,0.4281416
khanhha_original::GAPS384_train_0533_541_1.jpg,0.27809718,0.32805434,0.39384845
khanhha_original::GAPS384_train_0559_541_641.jpg,0.5467984,0.22583063,0.22737089
khanhha_original::GAPS384_train_0599_1_1.jpg,0.118135236,0.336597,0.5452678
khanhha_original::GAPS384_train_0608_1_1.jpg,0.66936934,0.20253678,0.12809393
khanhha_original::GAPS384_train_0641_1_1.jpg,0.37515593,0.21537669,0.40946737
khanhha_original::GAPS384_train_0641_541_641.jpg,0.24795483,0.5073055,0.24473959
khanhha_original::GAPS384_train_0690_541_1.jpg,0.5210224,0.26569083,0.21328676
khanhha_original::GAPS384_train_0961_1_1.jpg,0.3007313,0.47614118,0.22312745
khanhha_original::GAPS384_train_1048_1_1.jpg,0.49941376,0.24860665,0.2519796
khanhha_original::GAPS384_train_1048_541_1.jpg,0.43939942,0.28712276,0.27347785
khanhha_original::GAPS384_train_1085_541_1.jpg,0.4178709,0.2622718,0.3198573
khanhha_original::GAPS384_train_1172_541_641.jpg,0.41691175,0.3049705,0.27811775
khanhha_original::GAPS384_train_1173_541_1.jpg,0.52770096,0.22397538,0.24832365
khanhha_original::GAPS384_train_1173_541_641.jpg,0.45752224,0.23384231,0.30863544
khanhha_original::GAPS384_train_1187_1_1.jpg,0.4455577,0.2258354,0.32860687
khanhha_original::GAPS384_train_1361_541_641.jpg,0.35384762,0.10741916,0.5387332
khanhha_original::GAPS384_train_1370_541_641.jpg,0.51637447,0.10791567,0.3757098
khanhha_original::Rissbilder_for_Florian_9S6A2783_485_963_3019_3865.jpg,0.36187038,0.58007467,0.058054935
khanhha_original::Rissbilder_for_Florian_9S6A2783_510_849_2889_2880.jpg,0.33882865,0.55682534,0.104346074
khanhha_original::Rissbilder_for_Florian_9S6A2783_555_1445_2892_3793.jpg,0.35911813,0.588055,0.05282681
khanhha_original::Rissbilder_for_Florian_9S6A2783_96_1214_3516_4173.jpg,0.33326465,0.6268572,0.039878067
khanhha_original::Rissbilder_for_Florian_9S6A2787_1034_2113_2702_3383.jpg,0.22154826,0.5549113,0.22354043
khanhha_original::Rissbilder_for_Florian_9S6A2787_114_2564_2503_2920.jpg,0.26220694,0.4495459,0.28824723
khanhha_original::Rissbilder_for_Florian_9S6A2787_1217_749_2520_2686.jpg,0.39671138,0.37775823,0.22553042
khanhha_original::Rissbilder_for_Florian_9S6A2787_1287_2060_2196_2885.jpg,0.2435919,0.57673705,0.17967108
khanhha_original::Rissbilder_for_Florian_9S6A2787_38_553_3789_4026.jpg,0.19952384,0.67635524,0.12412092
khanhha_original::Rissbilder_for_Florian_9S6A2787_469_792_2677_2506.jpg,0.4144948,0.3619721,0.22353311
khanhha_original::Rissbilder_for_Florian_9S6A2789_29_2188_3523_3363.jpg,0.4517301,0.47220868,0.07606123
khanhha_original::Rissbilder_for_Florian_9S6A2789_79_2844_3130_2630.jpg,0.2598403,0.67175657,0.06840314
khanhha_original::Rissbilder_for_Florian_9S6A2795_244_2755_3348_2948.jpg,0.2733025,0.6819131,0.044784497
khanhha_original::Rissbilder_for_Florian_9S6A2795_345_1636_2968_2382.jpg,0.22449782,0.746238,0.029264223
khanhha_original::Rissbilder_for_Florian_9S6A2795_726_782_2478_3159.jpg,0.3537225,0.5905209,0.055756576
khanhha_original::Rissbilder_for_Florian_9S6A2799_133_2058_3555_3079.jpg,0.5056845,0.057645965,0.4366696
khanhha_original::Rissbilder_for_Florian_9S6A2799_275_471_3176_4152.jpg,0.33682176,0.08697962,0.5761986
khanhha_original::Rissbilder_for_Florian_9S6A2799_288_786_3196_3304.jpg,0.3810348,0.07513597,0.54382926
khanhha_original::Rissbilder_for_Florian_9S6A2804_118_1818_2606_2570.jpg,0.48302555,0.44018948,0.076785065
khanhha_original::Rissbilder_for_Florian_9S6A2805_1632_240_3224_2475.jpg,0.29106033,0.55839974,0.15053996
khanhha_original::Rissbilder_for_Florian_9S6A2805_3150_203_1998_2621.jpg,0.40888926,0.36852956,0.2225812
khanhha_original::Rissbilder_for_Florian_9S6A2805_565_1400_2938_2247.jpg,0.24776144,0.5877311,0.16450748
khanhha_original::Rissbilder_for_Florian_9S6A2806_1082_397_4233_3223.jpg,0.2185227,0.45963737,0.3218399
khanhha_original::Rissbilder_for_Florian_9S6A2806_3363_1303_2009_2459.jpg,0.26044723,0.5319824,0.20757043
khanhha_original::Rissbilder_for_Florian_9S6A2806_368_348_2093_2759.jpg,0.30301923,0.3939135,0.3030672
khanhha_original::Rissbilder_for_Florian_9S6A2817_266_1535_2877_3827.jpg,0.17676163,0.72629863,0.09693977
khanhha_original::Rissbilder_for_Florian_9S6A2817_362_2779_2835_2376.jpg,0.15277496,0.7153984,0.13182673
khanhha_original::Rissbilder_for_Florian_9S6A2817_378_2811_2792_2576.jpg,0.17404447,0.7014967,0.12445879
khanhha_original::Rissbilder_for_Florian_9S6A2817_515_925_2769_3395.jpg,0.16238911,0.6812456,0.1563652
khanhha_original::Rissbilder_for_Florian_9S6A2817_67_221_2558_2411.jpg,0.13330063,0.5801359,0.28656346
khanhha_original::Rissbilder_for_Florian_9S6A2820_304_486_3141_3670.jpg,0.09058491,0.2815395,0.6278756
khanhha_original::Rissbilder_for_Florian_9S6A2820_366_660_2637_3456.jpg,0.10283214,0.25070226,0.6464656
khanhha_original::Rissbilder_for_Florian_9S6A2831_130_3142_3148_2567.jpg,0.30907065,0.6610115,0.029917816
khanhha_original::Rissbilder_for_Florian_9S6A2831_1392_523_2363_2146.jpg,0.30681053,0.4727278,0.2204616
khanhha_original::Rissbilder_for_Florian_9S6A2831_14_1354_3612_3768.jpg,0.2906888,0.67609763,0.03321352
khanhha_original::Rissbilder_for_Florian_9S6A2831_183_1551_2640_2168.jpg,0.31197572,0.6242877,0.063736625
khanhha_original::Rissbilder_for_Florian_9S6A2831_237_201_3399_4522.jpg,0.28940898,0.67716646,0.03342459
khanhha_original::Rissbilder_for_Florian_9S6A2831_277_1810_3479_3118.jpg,0.30453485,0.6664006,0.029064547
khanhha_original::Rissbilder_for_Florian_9S6A2831_343_1804_2873_2254.jpg,0.34541008,0.58811516,0.066474766
khanhha_original::Rissbilder_for_Florian_9S6A2832_1234_336_2375_2845.jpg,0.378817,0.5685147,0.05266838
khanhha_original::Rissbilder_for_Florian_9S6A2832_185_2346_3101_2742.jpg,0.42615208,0.48537466,0.08847327
khanhha_original::Rissbilder_for_Florian_9S6A2832_375_1408_3366_3866.jpg,0.3166348,0.6320384,0.051326763
khanhha_original::Rissbilder_for_Florian_9S6A2841_19_570_3460_3784.jpg,0.37717927,0.53195065,0.090870105
khanhha_original::Rissbilder_for_Florian_9S6A2841_217_2299_3214_2878.jpg,0.32542342,0.5637866,0.11079006
khanhha_original::Rissbilder_for_Florian_9S6A2841_247_162_2749_3393.jpg,0.4343193,0.4953161,0.070364565
khanhha_original::Rissbilder_for_Florian_9S6A2841_319_1106_2769_3450.jpg,0.39049202,0.5394926,0.070015386
khanhha_original::Rissbilder_for_Florian_9S6A2841_341_1075_3324_3954.jpg,0.31657535,0.6085232,0.07490143
khanhha_original::Rissbilder_for_Florian_9S6A2841_542_955_3068_2456.jpg,0.39012727,0.49675545,0.113117285
khanhha_original::Rissbilder_for_Florian_9S6A2845_0_0_5760_3840.jpg,0.15721238,0.68705046,0.15573709
khanhha_original::Rissbilder_for_Florian_9S6A2845_1333_32_4399_3805.jpg,0.16356134,0.68985176,0.14658688
khanhha_original::Rissbilder_for_Florian_9S6A2845_1480_64_3182_3685.jpg,0.21105465,0.5575141,0.23143123
khanhha_original::Rissbilder_for_Florian_9S6A2845_1641_474_2958_3084.jpg,0.19833678,0.48990476,0.31175852
khanhha_original::Rissbilder_for_Florian_9S6A2845_2026_3_2804_3214.jpg,0.18997769,0.5043881,0.3056342
khanhha_original::Rissbilder_for_Florian_9S6A2845_2181_159_3010_3511.jpg,0.18509912,0.5938925,0.22100843
khanhha_original::Rissbilder_for_Florian_9S6A2845_628_184_3360_3293.jpg,0.1750197,0.63290715,0.19207312
khanhha_original::Rissbilder_for_Florian_9S6A2851_1713_30_3619_3365.jpg,0.09660455,0.8105026,0.09289281
khanhha_original::Rissbilder_for_Florian_9S6A2851_1976_734_2746_2491.jpg,0.1356214,0.7527486,0.11163001
khanhha_original::Rissbilder_for_Florian_9S6A2851_2413_175_2645_3485.jpg,0.12479709,0.76907,0.106133
khanhha_original::Rissbilder_for_Florian_9S6A2851_512_50_2972_2678.jpg,0.18700619,0.6667948,0.14619903
khanhha_original::Rissbilder_for_Florian_9S6A2864_0_0_3840_5760.jpg,0.15081184,0.7831467,0.06604149
khanhha_original::Rissbilder_for_Florian_9S6A2864_474_1863_3308_2536.jpg,0.12515749,0.80024946,0.07459305
khanhha_original::Rissbilder_for_Florian_9S6A2864_95_886_3690_4688.jpg,0.08676906,0.8700119,0.043219015
khanhha_original::Rissbilder_for_Florian_9S6A2879_0_0_5760_3840.jpg,0.12613624,0.68451434,0.18934952
khanhha_original::Rissbilder_for_Florian_9S6A2879_1312_923_2418_2909.jpg,0.20518246,0.36360806,0.4312096
khanhha_original::Rissbilder_for_Florian_9S6A2879_1320_542_3826_3214.jpg,0.1524123,0.56922656,0.27836105
khanhha_original::Rissbilder_for_Florian_9S6A2882_346_490_2497_1975.jpg,0.11168511,0.7573434,0.1309715
khanhha_original::Rissbilder_for_Florian_9S6A2882_458_1944_3282_2844.jpg,0.08837906,0.544625,0.3669959
khanhha_original::Rissbilder_for_Florian_9S6A2883_0_0_3840_5760.jpg,0.17799838,0.6805536,0.14144805
khanhha_original::Rissbilder_for_Florian_9S6A2883_290_1780_2688_2984.jpg,0.15254983,0.52638966,0.32106054
khanhha_original::Rissbilder_for_Florian_9S6A2885_167_1375_2073_2363.jpg,0.09645095,0.5053959,0.39815322
khanhha_original::Rissbilder_for_Florian_9S6A2885_67_973_3621_3313.jpg,0.078349315,0.52905023,0.39260048
khanhha_original::Rissbilder_for_Florian_9S6A2885_82_1409_2816_3479.jpg,0.08207495,0.56608355,0.35184148
khanhha_original::Rissbilder_for_Florian_9S6A2886_106_479_3642_4594.jpg,0.08064695,0.8144278,0.10492521
khanhha_original::Rissbilder_for_Florian_9S6A2886_110_1312_3454_3075.jpg,0.07788638,0.8321246,0.089989044
khanhha_original::Rissbilder_for_Florian_9S6A2886_12_1171_3583_2973.jpg,0.083750434,0.8152256,0.10102394
khanhha_original::Rissbilder_for_Florian_9S6A2886_273_2665_2929_2302.jpg,0.106140226,0.7368567,0.15700305
khanhha_original::Rissbilder_for_Florian_9S6A2886_695_71_2627_3457.jpg,0.08932554,0.7692394,0.14143509
khanhha_original::Rissbilder_for_Florian_9S6A2886_984_32_2437_2598.jpg,0.16436511,0.66358817,0.17204675
khanhha_original::Rissbilder_for_Florian_9S6A2887_452_483_3013_2564.jpg,0.3878374,0.42623383,0.18592882
khanhha_original::Rissbilder_for_Florian_9S6A2887_749_2501_3000_2991.jpg,0.5165919,0.31168717,0.171721
khanhha_original::Rissbilder_for_Florian_9S6A2892_103_890_2526_2526.jpg,0.15841661,0.65930647,0.18227695
khanhha_original::Rissbilder_for_Florian_9S6A2892_1086_390_3050_2813.jpg,0.22769177,0.61060035,0.16170783
khanhha_original::Rissbilder_for_Florian_9S6A2892_1754_604_2639_2889.jpg,0.16949682,0.6845384,0.14596476
khanhha_original::Rissbilder_for_Florian_9S6A2906_0_0_3840_5760.jpg,0.065130204,0.9002478,0.034622036
khanhha_original::Rissbilder_for_Florian_9S6A2906_358_658_3398_3904.jpg,0.13857856,0.81083024,0.050591275
khanhha_original::Rissbilder_for_Florian_9S6A2906_52_256_3772_3845.jpg,0.13141125,0.83040375,0.03818498
khanhha_original::Rissbilder_for_Florian_9S6A2906_54_350_3631_4518.jpg,0.12557328,0.83847743,0.035949234
khanhha_original::Rissbilder_for_Florian_9S6A2906_67_759_3263_3857.jpg,0.16032822,0.7591067,0.0805651
khanhha_original::Rissbilder_for_Florian_9S6A2909_191_2009_3191_3109.jpg,0.7049793,0.21497127,0.0800494
khanhha_original::Rissbilder_for_Florian_9S6A2909_36_61_3613_3826.jpg,0.76891065,0.1427426,0.08834684
khanhha_original::Rissbilder_for_Florian_9S6A2909_485_850_3106_4081.jpg,0.77917296,0.13381442,0.0870126
khanhha_original::Rissbilder_for_Florian_9S6A2914_10_816_3799_4560.jpg,0.39565054,0.39231908,0.2120304
khanhha_original::Rissbilder_for_Florian_9S6A2914_165_203_2511_2307.jpg,0.298578,0.42534631,0.2760757
khanhha_original::Rissbilder_for_Florian_9S6A2914_601_1274_2657_3363.jpg,0.37457055,0.4156259,0.20980355
khanhha_original::Rissbilder_for_Florian_9S6A2914_61_827_3521_3770.jpg,0.38513824,0.4763317,0.13853006
khanhha_original::Rissbilder_for_Florian_9S6A2914_864_1519_2861_3089.jpg,0.3902985,0.38984036,0.21986115
khanhha_original::Rissbilder_for_Florian_9S6A2916_1381_1379_2811_2259.jpg,0.37942642,0.4761713,0.1444023
khanhha_original::Rissbilder_for_Florian_9S6A2916_1475_441_4120_3342.jpg,0.187123,0.7524298,0.06044721
khanhha_original::Rissbilder_for_Florian_9S6A2916_2449_405_2485_3276.jpg,0.22408715,0.64856625,0.12734659
khanhha_original::Rissbilder_for_Florian_9S6A2916_26_880_2781_2363.jpg,0.2496822,0.3320795,0.41823825
khanhha_original::Rissbilder_for_Florian_9S6A2916_361_66_3733_3710.jpg,0.32175297,0.50286204,0.17538491
khanhha_original::Rissbilder_for_Florian_9S6A3089_0_0_3840_5760.jpg,0.25671798,0.57298666,0.1702954
khanhha_original::Rissbilder_for_Florian_9S6A3089_369_1679_3470_3717.jpg,0.15977432,0.7568252,0.08340045
khanhha_original::Rissbilder_for_Florian_9S6A3094_17_1195_3751_3661.jpg,0.25141212,0.6362925,0.112295404
khanhha_original::Rissbilder_for_Florian_9S6A3094_504_2131_3084_3443.jpg,0.12096213,0.82852185,0.050516065
khanhha_original::Rissbilder_for_Florian_9S6A3094_596_1754_2681_3046.jpg,0.21857452,0.6672902,0.114135295
khanhha_original::Rissbilder_for_Florian_9S6A3099_120_26_3496_4484.jpg,0.06655101,0.8976007,0.035848342
khanhha_original::Rissbilder_for_Florian_9S6A3099_12_492_3822_3921.jpg,0.060087044,0.9121727,0.027740307
khanhha_original::Rissbilder_for_Florian_9S6A3099_441_1535_3289_4016.jpg,0.1104434,0.8223922,0.06716437
khanhha_original::Rissbilder_for_Florian_9S6A3099_86_2659_2827_2257.jpg,0.28856587,0.52557546,0.18585865
khanhha_original::Rissbilder_for_Florian_9S6A3100_374_2397_2891_2543.jpg,0.07381023,0.8664929,0.059696905
khanhha_original::Rissbilder_for_Florian_9S6A3100_62_648_2874_2646.jpg,0.07782964,0.8846694,0.03750093
khanhha_original::Rissbilder_for_Florian_9S6A3100_765_387_2677_2632.jpg,0.06981706,0.90933263,0.020850314
khanhha_original::Rissbilder_for_Florian_9S6A3102_100_448_3704_4115.jpg,0.1315088,0.72626615,0.14222506
khanhha_original::Rissbilder_for_Florian_9S6A3105_186_619_3616_4246.jpg,0.10529824,0.49194235,0.4027594
khanhha_original::Rissbilder_for_Florian_9S6A3105_871_2904_2401_2180.jpg,0.11834404,0.44138128,0.44027472
khanhha_original::Rissbilder_for_Florian_9S6A3105_95_40_3736_3924.jpg,0.114417,0.41670603,0.468877
khanhha_original::Rissbilder_for_Florian_9S6A3115_1009_154_4329_3598.jpg,0.19121298,0.68077624,0.12801076
khanhha_original::Rissbilder_for_Florian_9S6A3115_1837_674_2470_3120.jpg,0.15255629,0.652561,0.19488269
khanhha_original::Rissbilder_for_Florian_9S6A3115_1867_748_3166_2919.jpg,0.18524198,0.7214965,0.09326148
khanhha_original::Rissbilder_for_Florian_9S6A3122_155_390_2741_3264.jpg,0.1384204,0.70628244,0.15529723
khanhha_original::Rissbilder_for_Florian_9S6A3122_463_1629_3085_3858.jpg,0.06949541,0.82928294,0.10122174
khanhha_original::Rissbilder_for_Florian_9S6A3124_1300_898_2343_2899.jpg,0.053388603,0.8727103,0.073901206
khanhha_original::Rissbilder_for_Florian_9S6A3124_465_2434_3240_3146.jpg,0.07250833,0.83074665,0.096745096
khanhha_original::Rissbilder_for_Florian_9S6A3126_162_642_3629_3769.jpg,0.22405924,0.5619291,0.21401167
khanhha_original::Rissbilder_for_Florian_9S6A3126_206_1216_3376_3686.jpg,0.21557765,0.6479484,0.13647392
khanhha_original::Rissbilder_for_Florian_9S6A3126_264_1533_3180_4043.jpg,0.21809484,0.57707715,0.20482804
khanhha_original::Rissbilder_for_Florian_9S6A3126_429_167_3310_4297.jpg,0.17451145,0.6428044,0.18268418
khanhha_original::Rissbilder_for_Florian_9S6A3129_141_412_2185_2751.jpg,0.14872298,0.81036854,0.040908433
khanhha_original::Rissbilder_for_Florian_9S6A3129_78_688_3494_3199.jpg,0.09943658,0.8655954,0.034968063
khanhha_original::Rissbilder_for_Florian_9S6A3129_882_707_2680_2479.jpg,0.091453105,0.87189716,0.03664977
khanhha_original::Rissbilder_for_Florian_9S6A3132_2349_1232_2560_2243.jpg,0.1606399,0.71360403,0.12575607
khanhha_original::Rissbilder_for_Florian_9S6A3132_2998_275_2346_3000.jpg,0.11878239,0.770479,0.11073858
khanhha_original::Sylvie_Chambon_058.jpg,0.2421747,0.4279551,0.32987022
khanhha_original::Sylvie_Chambon_062.jpg,0.38078982,0.4087771,0.2104331
khanhha_original::Sylvie_Chambon_068.jpg,0.23049015,0.6536044,0.115905456
khanhha_original::Sylvie_Chambon_089.jpg,0.48890907,0.2592713,0.2518196
khanhha_original::Sylvie_Chambon_206.jpg,0.29051515,0.38755208,0.32193282
khanhha_original::Sylvie_Chambon_207.jpg,0.24129614,0.6124568,0.14624694
khanhha_original::Sylvie_Chambon_306.jpg,0.39817727,0.37253138,0.22929138
khanhha_original::Volker_DSC01608_969_117_1674_1684.jpg,0.066608705,0.11379361,0.8195977
khanhha_original::Volker_DSC01610_123_687_1549_1614.jpg,0.110676624,0.14542101,0.7439023
khanhha_original::Volker_DSC01610_142_1014_1353_1352.jpg,0.10796314,0.122056685,0.76998013
khanhha_original::Volker_DSC01610_303_207_1284_1603.jpg,0.16356625,0.2917685,0.5446653
khanhha_original::Volker_DSC01628_0_0_1824_2736.jpg,0.5025493,0.17671409,0.32073665
khanhha_original::Volker_DSC01628_628_1158_1128_1084.jpg,0.24310288,0.19377221,0.5631249
khanhha_original::Volker_DSC01636_1084_9_1476_1810.jpg,0.11794519,0.41694725,0.46510753
khanhha_original::Volker_DSC01659_516_815_948_1199.jpg,0.3216689,0.2335362,0.44479486
khanhha_original::Volker_DSC01665_11_415_1778_1890.jpg,0.21921259,0.37943828,0.4013491
khanhha_original::Volker_DSC01665_74_990_1563_1266.jpg,0.22304192,0.34897086,0.42798725
khanhha_original::Volker_DSC01673_0_0_1824_2736.jpg,0.14130805,0.3704908,0.48820114
khanhha_original::Volker_DSC01677_185_223_1446_1163.jpg,0.21486942,0.4983789,0.28675178
khanhha_original::Volker_DSC01677_26_956_1697_1698.jpg,0.1724121,0.4823178,0.3452702
khanhha_original::Volker_DSC01677_40_7_1782_1399.jpg,0.18312779,0.4984033,0.31846887
khanhha_original::Volker_DSC01687_13_413_1695_1782.jpg,0.16429009,0.27780214,0.5579078
khanhha_original::Volker_DSC01687_256_1075_1494_1234.jpg,0.17459235,0.26658365,0.558824
khanhha_original::Volker_DSC01688_29_115_1785_2096.jpg,0.1640148,0.31191692,0.52406824
khanhha_original::Volker_DSC01688_89_1104_1613_1250.jpg,0.18826479,0.23484336,0.57689184
khanhha_original::Volker_DSC01696_0_0_2736_1824.jpg,0.27853984,0.3962249,0.32523522
khanhha_original::Volker_DSC01705_103_1212_1149_941.jpg,0.6894936,0.121134795,0.18937166
khanhha_original::Volker_DSC01705_286_514_1483_1229.jpg,0.6004009,0.291413,0.10818617
khanhha_original::Volker_DSC01705_35_261_1646_1312.jpg,0.54135245,0.27194968,0.1866978
khanhha_original::Volker_DSC01705_493_958_1260_1668.jpg,0.33079502,0.54434127,0.12486369
khanhha_original::Volker_DSC01706_613_680_974_1043.jpg,0.5072396,0.2521061,0.24065435
khanhha_original::Volker_DSC01709_269_118_1281_1314.jpg,0.15653333,0.4374962,0.4059705
khanhha_original::Volker_DSC01709_71_801_1387_1771.jpg,0.3329921,0.32947525,0.33753267
khanhha_original::cracktree200_6281.jpg,0.35615495,0.1584646,0.4853805
khanhha_original::cracktree200_6327.jpg,0.24049751,0.3106368,0.44886577
khanhha_original::cracktree200_6329.jpg,0.17764136,0.39834958,0.42400903
khanhha_original::cracktree200_6330.jpg,0.17617337,0.27140078,0.55242586
khanhha_original::cracktree200_6340.jpg,0.3404412,0.37218475,0.28737405
khanhha_original::cracktree200_6623.jpg,0.25392988,0.050094657,0.6959755
khanhha_original::cracktree200_6658.jpg,0.21055028,0.16676229,0.62268746
khanhha_original::forest_003.jpg,0.23733601,0.32425788,0.43840605
khanhha_original::forest_069.jpg,0.3704579,0.43713075,0.19241142
khanhha_original::forest_076.jpg,0.28756514,0.53879803,0.17363688
khanhha_original::forest_098.jpg,0.41480073,0.3205191,0.26468018
khanhha_original::forest_109.jpg,0.4544562,0.37629408,0.1692497
khanhha_original::noncrack_noncrack_concrete_wall_12_3.jpg.jpg,0.17438376,0.7350474,0.09056883
khanhha_original::noncrack_noncrack_concrete_wall_12_9.jpg.jpg,0.25282508,0.47656968,0.2706053
khanhha_original::noncrack_noncrack_concrete_wall_14_11.jpg.jpg,0.007461629,0.98042876,0.012109606
khanhha_original::noncrack_noncrack_concrete_wall_14_25.jpg.jpg,0.006377294,0.979906,0.013716692
khanhha_original::noncrack_noncrack_concrete_wall_21_0.jpg.jpg,0.010264695,0.9233434,0.06639196
khanhha_original::noncrack_noncrack_concrete_wall_31_0.jpg.jpg,0.015885994,0.9317691,0.05234489
khanhha_original::noncrack_noncrack_concrete_wall_31_4.jpg.jpg,0.016305339,0.94935167,0.034343004
khanhha_original::noncrack_noncrack_concrete_wall_34_0.jpg.jpg,0.016315,0.9470825,0.036602538
khanhha_original::noncrack_noncrack_concrete_wall_39_9.jpg.jpg,0.0042438665,0.9862845,0.009471635
khanhha_original::noncrack_noncrack_concrete_wall_40_0.jpg.jpg,0.019037405,0.8221744,0.15878825
khanhha_original::noncrack_noncrack_concrete_wall_40_5.jpg.jpg,0.009148789,0.88878924,0.10206204
khanhha_original::noncrack_noncrack_concrete_wall_45_13.jpg.jpg,0.0025517829,0.99311686,0.004331379
khanhha_original::noncrack_noncrack_concrete_wall_45_4.jpg.jpg,0.0025517829,0.99311686,0.004331379
khanhha_original::noncrack_noncrack_concrete_wall_45_5.jpg.jpg,0.0025517829,0.99311686,0.004331379
khanhha_original::noncrack_noncrack_concrete_wall_54_24.jpg.jpg,0.01735304,0.97663,0.0060169627
khanhha_original::noncrack_noncrack_concrete_wall_54_27.jpg.jpg,0.03157871,0.90427846,0.06414281
khanhha_original::noncrack_noncrack_concrete_wall_54_28.jpg.jpg,0.019669179,0.9729513,0.0073795463
khanhha_original::noncrack_noncrack_concrete_wall_54_31.jpg.jpg,0.019396368,0.9649022,0.015701434
khanhha_original::noncrack_noncrack_concrete_wall_54_33.jpg.jpg,0.010972587,0.9845562,0.0044711446
khanhha_original::noncrack_noncrack_concrete_wall_54_36.jpg.jpg,0.012025067,0.9848577,0.003117254
khanhha_original::noncrack_noncrack_concrete_wall_54_4.jpg.jpg,0.018862568,0.96862566,0.012511831
khanhha_original::noncrack_noncrack_concrete_wall_54_40.jpg.jpg,0.044195816,0.9338194,0.02198485
khanhha_original::noncrack_noncrack_concrete_wall_54_44.jpg.jpg,0.015384134,0.9735162,0.0110997455
khanhha_original::noncrack_noncrack_concrete_wall_54_48.jpg.jpg,0.0261484,0.95876765,0.0150839845
khanhha_original::noncrack_noncrack_concrete_wall_54_53.jpg.jpg,0.015876707,0.97896576,0.0051575075
khanhha_original::noncrack_noncrack_concrete_wall_54_54.jpg.jpg,0.014156329,0.9799942,0.0058495104
khanhha_original::noncrack_noncrack_concrete_wall_54_57.jpg.jpg,0.01972803,0.96932113,0.010950889
khanhha_original::noncrack_noncrack_concrete_wall_54_72.jpg.jpg,0.017116023,0.9724132,0.010470735
khanhha_original::noncrack_noncrack_concrete_wall_5_10.jpg.jpg,0.0024606036,0.98925203,0.008287406
khanhha_original::noncrack_noncrack_concrete_wall_63_1.jpg.jpg,0.0077422387,0.9721933,0.020064505
khanhha_original::noncrack_noncrack_concrete_wall_67_1.jpg.jpg,0.09222676,0.79035974,0.11741355
khanhha_original::noncrack_noncrack_concrete_wall_67_2.jpg.jpg,0.06114292,0.8454909,0.09336614
khanhha_original::noncrack_noncrack_concrete_wall_6_0.jpg.jpg,0.0019019959,0.9881391,0.009958905
khanhha_original::noncrack_noncrack_concrete_wall_70_3.jpg.jpg,0.11132187,0.30550346,0.5831747
khanhha_original::noncrack_noncrack_concrete_wall_73_1.jpg.jpg,0.020193836,0.8314545,0.14835168
khanhha_original::noncrack_noncrack_concrete_wall_73_2.jpg.jpg,0.020193836,0.8314545,0.14835168
khanhha_original::noncrack_noncrack_concrete_wall_73_4.jpg.jpg,0.021678668,0.8397696,0.13855177
khanhha_original::noncrack_noncrack_concrete_wall_75_0.jpg.jpg,0.022680504,0.876962,0.1003575
khanhha_original::noncrack_noncrack_concrete_wall_75_18.jpg.jpg,0.010221751,0.924741,0.065037124
khanhha_original::noncrack_noncrack_concrete_wall_75_24.jpg.jpg,0.017130619,0.89466053,0.0882089
khanhha_original::noncrack_noncrack_concrete_wall_76_1.jpg.jpg,0.04190017,0.88924193,0.068857804
khanhha_original::noncrack_noncrack_concrete_wall_76_22.jpg.jpg,0.030658849,0.9149394,0.054401744
khanhha_original::noncrack_noncrack_concrete_wall_76_30.jpg.jpg,0.06598206,0.83583623,0.09818173
khanhha_original::noncrack_noncrack_concrete_wall_76_36.jpg.jpg,0.051621456,0.8254504,0.12292813
khanhha_original::noncrack_noncrack_concrete_wall_76_38.jpg.jpg,0.043771394,0.9048597,0.05136885
khanhha_original::noncrack_noncrack_concrete_wall_76_49.jpg.jpg,0.040613703,0.8975148,0.06187148
khanhha_original::noncrack_noncrack_concrete_wall_76_5.jpg.jpg,0.049371675,0.89163166,0.05899673
khanhha_original::noncrack_noncrack_concrete_wall_76_62.jpg.jpg,0.053586423,0.8888925,0.057521045
khanhha_original::noncrack_noncrack_concrete_wall_89_0.jpg.jpg,0.0007068024,0.992588,0.006705309
khanhha_original::noncrack_noncrack_concrete_wall_89_1.jpg.jpg,0.0010173852,0.9900677,0.008914948
khanhha_original::noncrack_noncrack_concrete_wall_91_1.jpg.jpg,0.012146094,0.97629195,0.011561981
khanhha_noisy1::CFD_007.jpg,0.13970163,0.2100261,0.65027225
khanhha_noisy1::CFD_013.jpg,0.33587453,0.16865778,0.4954677
khanhha_noisy1::CFD_014.jpg,0.23125395,0.3569254,0.4118207
khanhha_noisy1::CFD_047.jpg,0.44765356,0.31621605,0.23613036
khanhha_noisy1::CFD_082.jpg,0.3864305,0.34844178,0.26512775
khanhha_noisy1::CRACK500_20160222_081111_641_361.jpg,0.22976124,0.13735852,0.6328803
khanhha_noisy1::CRACK500_20160222_081113_1921_721.jpg,0.3220892,0.18593012,0.49198067
khanhha_noisy1::CRACK500_20160222_115305_1281_1081.jpg,0.23649324,0.27986622,0.48364043
khanhha_noisy1::CRACK500_20160222_115305_1921_361.jpg,0.2679546,0.20368546,0.52835995
khanhha_noisy1::CRACK500_20160222_115305_641_1.jpg,0.33405912,0.23100871,0.4349321
khanhha_noisy1::CRACK500_20160222_115305_641_721.jpg,0.29019347,0.18741588,0.5223906
khanhha_noisy1::CRACK500_20160222_115828_641_1.jpg,0.33445606,0.17599563,0.4895483
khanhha_noisy1::CRACK500_20160222_164825_641_721.jpg,0.24877416,0.26262403,0.48860186
khanhha_noisy1::CRACK500_20160222_164851_641_1081.jpg,0.4519639,0.13913547,0.40890068
khanhha_noisy1::CRACK500_20160222_165218_641_1.jpg,0.41027007,0.21415555,0.3755744
khanhha_noisy1::CRACK500_20160222_165909_1281_1081.jpg,0.42658237,0.17225209,0.40116554
khanhha_noisy1::CRACK500_20160222_165926_1281_721.jpg,0.41061363,0.23837008,0.35101628
khanhha_noisy1::CRACK500_20160222_165947_1921_721.jpg,0.40486515,0.2532225,0.34191245
khanhha_noisy1::CRACK500_20160302_155848_1281_361.jpg,0.31464523,0.22175437,0.4636004
khanhha_noisy1::CRACK500_20160302_155848_1921_361.jpg,0.29657212,0.28265485,0.420773
khanhha_noisy1::CRACK500_20160302_155848_641_721.jpg,0.30573076,0.3456813,0.34858796
khanhha_noisy1::CRACK500_20160302_160033_641_361.jpg,0.25377852,0.2623447,0.4838768
khanhha_noisy1::CRACK500_20160303_092627_641_721.jpg,0.21573077,0.1745154,0.60975385
khanhha_noisy1::CRACK500_20160303_093400_641_1.jpg,0.358006,0.25049344,0.3915006
khanhha_noisy1::CRACK500_20160303_093400_641_721.jpg,0.29228938,0.23977008,0.46794057
khanhha_noisy1::CRACK500_20160307_145259_1921_721.jpg,0.22249655,0.09910334,0.67840004
khanhha_noisy1::CRACK500_20160307_145259_1_361.jpg,0.15787166,0.24032812,0.6018002
khanhha_noisy1::CRACK500_20160307_164214_1281_1081.jpg,0.1806958,0.30765525,0.51164895
khanhha_noisy1::CRACK500_20160307_164214_1_721.jpg,0.22762656,0.34065703,0.43171644
khanhha_noisy1::CRACK500_20160307_164226_1921_721.jpg,0.23183867,0.28611565,0.48204562
khanhha_noisy1::CRACK500_20160307_164226_1_721.jpg,0.48346138,0.12676601,0.3897726
khanhha_noisy1::CRACK500_20160307_164226_641_721.jpg,0.27383718,0.2892132,0.43694964
khanhha_noisy1::CRACK500_20160308_073245_1_361.jpg,0.18096714,0.32102618,0.4980067
khanhha_noisy1::CRACK500_20160308_073245_641_1.jpg,0.18714193,0.2909835,0.52187455
khanhha_noisy1::CRACK500_20160308_074702_1281_361.jpg,0.12822326,0.12962823,0.74214846
khanhha_noisy1::CRACK500_20160308_074702_1921_361.jpg,0.20145752,0.14667879,0.6518637
khanhha_noisy1::CRACK500_20160308_074702_641_721.jpg,0.17145826,0.10864392,0.7198978
khanhha_noisy1::CRACK500_20160308_155720_1281_361.jpg,0.18830776,0.32730106,0.48439124
khanhha_noisy1::CRACK500_20160308_155720_1_1.jpg,0.17988946,0.33589286,0.48421764
khanhha_noisy1::CRACK500_20160308_155720_641_721.jpg,0.12439117,0.47137123,0.40423763
khanhha_noisy1::CRACK500_20160308_155731_1281_1.jpg,0.13904785,0.3230603,0.53789186
khanhha_noisy1::CRACK500_20160308_155731_641_1081.jpg,0.18845601,0.31473833,0.49680564
khanhha_noisy1::CRACK500_20160310_114441_641_1.jpg,0.22242549,0.14629674,0.63127786
khanhha_noisy1::CRACK500_20160310_114441_641_1081.jpg,0.24704792,0.08097237,0.6719797
khanhha_noisy1::CRACK500_20160316_141721_1_721.jpg,0.22994171,0.2894713,0.48058698
khanhha_noisy1::CRACK500_20160316_141721_641_721.jpg,0.20192641,0.50284714,0.29522642
khanhha_noisy1::CRACK500_20160316_142539_1_721.jpg,0.26371646,0.15530565,0.58097786
khanhha_noisy1::CRACK500_20160316_143603_1921_361.jpg,0.25312412,0.24360727,0.50326866
khanhha_noisy1::CRACK500_20160316_143624_1_641.jpg,0.35900137,0.22257397,0.41842458
khanhha_noisy1::CRACK500_20160316_144212_1921_721.jpg,0.17233238,0.1517843,0.6758833
khanhha_noisy1::CRACK500_20160316_144212_641_721.jpg,0.34906512,0.22044764,0.43048722
khanhha_noisy1::CRACK500_20160316_144241_641_361.jpg,0.1627412,0.1769005,0.6603583
khanhha_noisy1::CRACK500_20160321_185518_1921_721.jpg,0.20306484,0.1565908,0.6403444
khanhha_noisy1::CRACK500_20160321_185518_1_721.jpg,0.18018033,0.16909112,0.6507285
khanhha_noisy1::CRACK500_20160325_185829_641_361.jpg,0.3485628,0.09902082,0.55241644
khanhha_noisy1::CRACK500_20160326_174634_1921_361.jpg,0.17328502,0.31788522,0.5088298
khanhha_noisy1::CRACK500_20160326_174634_641_721.jpg,0.14577928,0.16656558,0.6876552
khanhha_noisy1::CRACK500_20160328_150927_1281_721.jpg,0.3434141,0.12673002,0.5298559
khanhha_noisy1::CRACK500_20160328_150933_1921_361.jpg,0.36768156,0.073055595,0.5592629
khanhha_noisy1::CRACK500_20160328_151020_641_721.jpg,0.3170316,0.14300302,0.53996545
khanhha_noisy1::CRACK500_20160328_151201_1281_721.jpg,0.2812922,0.2081801,0.5105277
khanhha_noisy1::CRACK500_20160328_151201_1_1.jpg,0.24652743,0.2588971,0.49457544
khanhha_noisy1::CRACK500_20160328_151409_1921_1081.jpg,0.25533825,0.24370086,0.5009609
khanhha_noisy1::CRACK500_20160328_152322_1281_721.jpg,0.27770078,0.33089578,0.3914034
khanhha_noisy1::CRACK500_20160328_152322_1_721.jpg,0.2973343,0.3207584,0.3819073
khanhha_noisy1::CRACK500_20160328_152511_1921_721.jpg,0.19103824,0.21686593,0.59209585
khanhha_noisy1::CRACK500_20160328_153524_641_361.jpg,0.11439415,0.5104865,0.37511933
khanhha_noisy1::CRACK500_20160328_153604_1_361.jpg,0.1666123,0.28577593,0.5476118
khanhha_noisy1::CRACK500_20160328_153604_641_1.jpg,0.166622,0.36082518,0.47255287
khanhha_noisy1::CRACK500_20160328_153604_641_721.jpg,0.18598798,0.2864867,0.5275253
khanhha_noisy1::CRACK500_20160328_153706_1281_1.jpg,0.13395762,0.21195842,0.6540839
khanhha_noisy1::CRACK500_20160328_153706_1281_1081.jpg,0.20570242,0.30916345,0.48513415
khanhha_noisy1::CRACK500_20160328_153706_1921_1.jpg,0.15169537,0.1265289,0.72177577
khanhha_noisy1::CRACK500_20160328_153915_1921_721.jpg,0.16544887,0.34679618,0.48775497
khanhha_noisy1::CRACK500_20160328_154159_1921_1081.jpg,0.25207195,0.04939792,0.69853014
khanhha_noisy1::CRACK500_20160328_154159_1_361.jpg,0.19239481,0.38344395,0.4241612
khanhha_noisy1::CRACK500_20160328_154429_641_721.jpg,0.3551257,0.14762253,0.4972518
khanhha_noisy1::CRACK500_20160328_154454_1_721.jpg,0.14215538,0.23003493,0.62780964
khanhha_noisy1::CRACK500_20160328_154454_721_1.jpg,0.15706125,0.14411254,0.69882625
khanhha_noisy1::CRACK500_20160329_094055_1_721.jpg,0.19042106,0.19091763,0.6186613
khanhha_noisy1::CRACK500_20160329_103609_1281_721.jpg,0.1695236,0.2893656,0.5411109
khanhha_noisy1::CRACK500_20160329_103609_1921_721.jpg,0.29298818,0.11845494,0.5885569
khanhha_noisy1::CRACK500_20160329_103609_1_721.jpg,0.25568676,0.1671811,0.5771321
khanhha_noisy1::CRACK500_20160329_103609_641_361.jpg,0.22143318,0.15936746,0.6191994
khanhha_noisy1::CRACK500_20160329_104205_1921_361.jpg,0.14585069,0.19124903,0.66290027
khanhha_noisy1::CRACK500_20160329_115529_1_721.jpg,0.19396904,0.13511088,0.67092013
khanhha_noisy1::CRACK500_20160330_165325_1921_361.jpg,0.2513214,0.12501481,0.6236637
khanhha_noisy1::CRACK500_20160330_165325_1921_721.jpg,0.35138267,0.13160548,0.5170119
khanhha_noisy1::CRACK500_20160330_165325_1_721.jpg,0.20410955,0.04324363,0.75264686
khanhha_noisy1::CRACK500_20160330_165333_1921_1081.jpg,0.26117012,0.1329565,0.6058733
khanhha_noisy1::CRACK500_20160330_165333_1_721.jpg,0.43120825,0.08422059,0.4845711
khanhha_noisy1::CRACK500_20160330_170308_1281_361.jpg,0.31862086,0.24816692,0.43321228
khanhha_noisy1::CRACK500_20160330_170308_1921_1081.jpg,0.2611482,0.1801087,0.55874306
khanhha_noisy1::CRACK500_20160330_170308_1921_361.jpg,0.36078507,0.122918814,0.51629615
khanhha_noisy1::CRACK500_20160330_170308_1921_721.jpg,0.29623616,0.10579335,0.59797055
khanhha_noisy1::CRACK500_20160402_150300_1281_721.jpg,0.22581558,0.2080991,0.5660853
khanhha_noisy1::CRACK500_20160405_171219_1281_721.jpg,0.20265117,0.10955298,0.6877959
khanhha_noisy1::CRACK500_20160405_171219_641_721.jpg,0.3551649,0.22640848,0.4184267
khanhha_noisy1::CRACK500_20160405_171456_1_361.jpg,0.15317146,0.15751565,0.6893129
khanhha_noisy1::CRACK500_20160405_172854_1921_1.jpg,0.12818967,0.18245527,0.68935513
khanhha_noisy1::CRACK500_IMG_2937_1297_969.jpg,0.279224,0.27292922,0.44784683
khanhha_noisy1::CRACK500_IMG_2938_1297_969.jpg,0.12737368,0.2702796,0.6023468
khanhha_noisy1::DeepCrack_11114.jpg,0.3940119,0.065791555,0.54019654
khanhha_noisy1::DeepCrack_11118.jpg,0.14793792,0.25303492,0.59902716
khanhha_noisy1::DeepCrack_11134-3.jpg,0.08887439,0.21988566,0.69124
khanhha_noisy1::DeepCrack_11134-4.jpg,0.15766764,0.19879037,0.64354193
khanhha_noisy1::DeepCrack_11134.jpg,0.20642185,0.4272072,0.36637092
khanhha_noisy1::DeepCrack_11153.jpg,0.49724436,0.27238792,0.23036769
khanhha_noisy1::DeepCrack_11164-2.jpg,0.24894236,0.17774107,0.5733165
khanhha_noisy1::DeepCrack_11164-4.jpg,0.21361077,0.17506646,0.61132276
khanhha_noisy1::DeepCrack_11178-3.jpg,0.15594499,0.53110564,0.31294936
khanhha_noisy1::DeepCrack_11204.jpg,0.13014787,0.21110919,0.65874296
khanhha_noisy1::DeepCrack_7Q3A9060-3.jpg,0.5473365,0.06261083,0.39005268
khanhha_noisy1::DeepCrack_7Q3A9060-9.jpg,0.23963284,0.3254449,0.4349222
khanhha_noisy1::DeepCrack_IMG109-1.jpg,0.12252593,0.10189882,0.7755753
khanhha_noisy1::DeepCrack_IMG14-1.jpg,0.18400614,0.16025573,0.65573806
khanhha_noisy1::DeepCrack_IMG14-3.jpg,0.3941423,0.13416274,0.47169495
khanhha_noisy1::Eugen_Muller_8980_79_365_456_521.jpg,0.35182017,0.25519824,0.39298165
khanhha_noisy1::Eugen_Muller_8980a_123_420_527_438.jpg,0.27142802,0.19801474,0.5305572
khanhha_noisy1::Eugen_Muller_8980a_25_22_747_752.jpg,0.7105644,0.14478673,0.14464892
khanhha_noisy1::GAPS384_train_0503_541_1.jpg,0.5081634,0.16206823,0.32976833
khanhha_noisy1::GAPS384_train_0533_541_1.jpg,0.43501455,0.29287726,0.27210823
khanhha_noisy1::GAPS384_train_0559_541_641.jpg,0.54105055,0.14832322,0.31062624
khanhha_noisy1::GAPS384_train_0599_1_1.jpg,0.03431945,0.6750023,0.2906783
khanhha_noisy1::GAPS384_train_0608_1_1.jpg,0.54366153,0.10245873,0.35387975
khanhha_noisy1::GAPS384_train_0641_1_1.jpg,0.27483052,0.37833938,0.34683013
khanhha_noisy1::GAPS384_train_0641_541_641.jpg,0.29417932,0.27698982,0.4288309
khanhha_noisy1::GAPS384_train_0690_541_1.jpg,0.51684415,0.18080671,0.30234918
khanhha_noisy1::GAPS384_train_0961_1_1.jpg,0.48347574,0.2693018,0.24722236
khanhha_noisy1::GAPS384_train_1048_1_1.jpg,0.512256,0.2570639,0.23068003
khanhha_noisy1::GAPS384_train_1048_541_1.jpg,0.6469874,0.15675588,0.19625677
khanhha_noisy1::GAPS384_train_1085_541_1.jpg,0.49366137,0.15721342,0.3491253
khanhha_noisy1::GAPS384_train_1172_541_641.jpg,0.5510846,0.13245095,0.31646448
khanhha_noisy1::GAPS384_train_1173_541_1.jpg,0.5830245,0.15044107,0.26653454
khanhha_noisy1::GAPS384_train_1173_541_641.jpg,0.5636908,0.13497663,0.30133265
khanhha_noisy1::GAPS384_train_1187_1_1.jpg,0.20289496,0.24490817,0.5521969
khanhha_noisy1::GAPS384_train_1361_541_641.jpg,0.30336177,0.20202488,0.4946133
khanhha_noisy1::GAPS384_train_1370_541_641.jpg,0.38546374,0.1475646,0.46697167
khanhha_noisy1::Rissbilder_for_Florian_9S6A2783_485_963_3019_3865.jpg,0.49883726,0.32126218,0.17990057
khanhha_noisy1::Rissbilder_for_Florian_9S6A2783_510_849_2889_2880.jpg,0.48071006,0.3329185,0.18637145
khanhha_noisy1::Rissbilder_for_Florian_9S6A2783_555_1445_2892_3793.jpg,0.5277823,0.30814776,0.16406985
khanhha_noisy1::Rissbilder_for_Florian_9S6A2783_96_1214_3516_4173.jpg,0.5555372,0.31557462,0.1288882
khanhha_noisy1::Rissbilder_for_Florian_9S6A2787_1034_2113_2702_3383.jpg,0.23227434,0.54642063,0.221305
khanhha_noisy1::Rissbilder_for_Florian_9S6A2787_114_2564_2503_2920.jpg,0.3825022,0.38598403,0.23151372
khanhha_noisy1::Rissbilder_for_Florian_9S6A2787_1217_749_2520_2686.jpg,0.45771545,0.36374477,0.17853975
khanhha_noisy1::Rissbilder_for_Florian_9S6A2787_1287_2060_2196_2885.jpg,0.25207555,0.5423316,0.20559289
khanhha_noisy1::Rissbilder_for_Florian_9S6A2787_38_553_3789_4026.jpg,0.2656647,0.61570966,0.118625596
khanhha_noisy1::Rissbilder_for_Florian_9S6A2787_469_792_2677_2506.jpg,0.46879682,0.300152,0.23105115
khanhha_noisy1::Rissbilder_for_Florian_9S6A2789_29_2188_3523_3363.jpg,0.47919756,0.22914729,0.29165512
khanhha_noisy1::Rissbilder_for_Florian_9S6A2789_79_2844_3130_2630.jpg,0.5147114,0.2247269,0.26056165
khanhha_noisy1::Rissbilder_for_Florian_9S6A2795_244_2755_3348_2948.jpg,0.3114363,0.4579665,0.23059721
khanhha_noisy1::Rissbilder_for_Florian_9S6A2795_345_1636_2968_2382.jpg,0.3316513,0.22967955,0.4386692
khanhha_noisy1::Rissbilder_for_Florian_9S6A2795_726_782_2478_3159.jpg,0.44297788,0.1371881,0.4198341
khanhha_noisy1::Rissbilder_for_Florian_9S6A2799_133_2058_3555_3079.jpg,0.44541347,0.18105324,0.3735333
khanhha_noisy1::Rissbilder_for_Florian_9S6A2799_275_471_3176_4152.jpg,0.21965091,0.210404,0.5699451
khanhha_noisy1::Rissbilder_for_Florian_9S6A2799_288_786_3196_3304.jpg,0.18347634,0.32505673,0.49146697
khanhha_noisy1::Rissbilder_for_Florian_9S6A2804_118_1818_2606_2570.jpg,0.5100337,0.28058746,0.20937878
khanhha_noisy1::Rissbilder_for_Florian_9S6A2805_1632_240_3224_2475.jpg,0.3471146,0.27955616,0.37332925
khanhha_noisy1::Rissbilder_for_Florian_9S6A2805_3150_203_1998_2621.jpg,0.40587282,0.36000675,0.23412046
khanhha_noisy1::Rissbilder_for_Florian_9S6A2805_565_1400_2938_2247.jpg,0.39004517,0.32654184,0.28341296
khanhha_noisy1::Rissbilder_for_Florian_9S6A2806_1082_397_4233_3223.jpg,0.6385532,0.05137131,0.3100755
khanhha_noisy1::Rissbilder_for_Florian_9S6A2806_3363_1303_2009_2459.jpg,0.6302171,0.071394816,0.29838806
khanhha_noisy1::Rissbilder_for_Florian_9S6A2806_368_348_2093_2759.jpg,0.5447508,0.18649487,0.2687544
khanhha_noisy1::Rissbilder_for_Florian_9S6A2817_266_1535_2877_3827.jpg,0.4869744,0.4034131,0.1096126
khanhha_noisy1::Rissbilder_for_Florian_9S6A2817_362_2779_2835_2376.jpg,0.3561264,0.47931364,0.16455999
khanhha_noisy1::Rissbilder_for_Florian_9S6A2817_378_2811_2792_2576.jpg,0.42375374,0.3777313,0.19851491
khanhha_noisy1::Rissbilder_for_Florian_9S6A2817_515_925_2769_3395.jpg,0.53266907,0.32355258,0.14377838
khanhha_noisy1::Rissbilder_for_Florian_9S6A2817_67_221_2558_2411.jpg,0.062650636,0.9149976,0.022351755
khanhha_noisy1::Rissbilder_for_Florian_9S6A2820_304_486_3141_3670.jpg,0.18084724,0.38983962,0.4293131
khanhha_noisy1::Rissbilder_for_Florian_9S6A2820_366_660_2637_3456.jpg,0.1586347,0.31183174,0.5295335
khanhha_noisy1::Rissbilder_for_Florian_9S6A2831_130_3142_3148_2567.jpg,0.31473118,0.4918189,0.19344985
khanhha_noisy1::Rissbilder_for_Florian_9S6A2831_1392_523_2363_2146.jpg,0.24937326,0.36476675,0.38585997
khanhha_noisy1::Rissbilder_for_Florian_9S6A2831_14_1354_3612_3768.jpg,0.39292663,0.4412545,0.16581891
khanhha_noisy1::Rissbilder_for_Florian_9S6A2831_183_1551_2640_2168.jpg,0.38553253,0.3462206,0.2682468
khanhha_noisy1::Rissbilder_for_Florian_9S6A2831_237_201_3399_4522.jpg,0.48042557,0.37844846,0.14112592
khanhha_noisy1::Rissbilder_for_Florian_9S6A2831_277_1810_3479_3118.jpg,0.31550995,0.538434,0.14605604
khanhha_noisy1::Rissbilder_for_Florian_9S6A2831_343_1804_2873_2254.jpg,0.38857284,0.4080776,0.20334958
khanhha_noisy1::Rissbilder_for_Florian_9S6A2832_1234_336_2375_2845.jpg,0.36716422,0.39889288,0.2339429
khanhha_noisy1::Rissbilder_for_Florian_9S6A2832_185_2346_3101_2742.jpg,0.3245748,0.31442812,0.3609971
khanhha_noisy1::Rissbilder_for_Florian_9S6A2832_375_1408_3366_3866.jpg,0.28925478,0.40257946,0.30816576
khanhha_noisy1::Rissbilder_for_Florian_9S6A2841_19_570_3460_3784.jpg,0.33686778,0.33777502,0.3253572
khanhha_noisy1::Rissbilder_for_Florian_9S6A2841_217_2299_3214_2878.jpg,0.36876392,0.44315243,0.1880836
khanhha_noisy1::Rissbilder_for_Florian_9S6A2841_247_162_2749_3393.jpg,0.27154902,0.40111876,0.32733223
khanhha_noisy1::Rissbilder_for_Florian_9S6A2841_319_1106_2769_3450.jpg,0.34823057,0.39955974,0.25220966
khanhha_noisy1::Rissbilder_for_Florian_9S6A2841_341_1075_3324_3954.jpg,0.28710598,0.40085983,0.3120342
khanhha_noisy1::Rissbilder_for_Florian_9S6A2841_542_955_3068_2456.jpg,0.2979068,0.39582163,0.30627167
khanhha_noisy1::Rissbilder_for_Florian_9S6A2845_0_0_5760_3840.jpg,0.5318371,0.14910226,0.31906062
khanhha_noisy1::Rissbilder_for_Florian_9S6A2845_1333_32_4399_3805.jpg,0.6080212,0.11024043,0.28173837
khanhha_noisy1::Rissbilder_for_Florian_9S6A2845_1480_64_3182_3685.jpg,0.59417266,0.17213857,0.2336888
khanhha_noisy1::Rissbilder_for_Florian_9S6A2845_1641_474_2958_3084.jpg,0.64350116,0.17238757,0.18411127
khanhha_noisy1::Rissbilder_for_Florian_9S6A2845_2026_3_2804_3214.jpg,0.59296036,0.15938403,0.24765566
khanhha_noisy1::Rissbilder_for_Florian_9S6A2845_2181_159_3010_3511.jpg,0.5848602,0.16501899,0.2501208
khanhha_noisy1::Rissbilder_for_Florian_9S6A2845_628_184_3360_3293.jpg,0.44749978,0.27757138,0.2749288
khanhha_noisy1::Rissbilder_for_Florian_9S6A2851_1713_30_3619_3365.jpg,0.45041248,0.26124513,0.2883424
khanhha_noisy1::Rissbilder_for_Florian_9S6A2851_1976_734_2746_2491.jpg,0.41891786,0.33399984,0.24708228
khanhha_noisy1::Rissbilder_for_Florian_9S6A2851_2413_175_2645_3485.jpg,0.5981427,0.16509582,0.23676157
khanhha_noisy1::Rissbilder_for_Florian_9S6A2851_512_50_2972_2678.jpg,0.5260544,0.20558314,0.26836255
khanhha_noisy1::Rissbilder_for_Florian_9S6A2864_0_0_3840_5760.jpg,0.12310328,0.7704079,0.106488824
khanhha_noisy1::Rissbilder_for_Florian_9S6A2864_474_1863_3308_2536.jpg,0.18086275,0.66602015,0.15311708
khanhha_noisy1::Rissbilder_for_Florian_9S6A2864_95_886_3690_4688.jpg,0.2093517,0.6207943,0.16985396
khanhha_noisy1::Rissbilder_for_Florian_9S6A2879_0_0_5760_3840.jpg,0.34783608,0.27861106,0.37355283
khanhha_noisy1::Rissbilder_for_Florian_9S6A2879_1312_923_2418_2909.jpg,0.3486485,0.29177395,0.3595776
khanhha_noisy1::Rissbilder_for_Florian_9S6A2879_1320_542_3826_3214.jpg,0.3221362,0.36228377,0.31558004
khanhha_noisy1::Rissbilder_for_Florian_9S6A2882_346_490_2497_1975.jpg,0.34944642,0.24759859,0.402955
khanhha_noisy1::Rissbilder_for_Florian_9S6A2882_458_1944_3282_2844.jpg,0.22655173,0.22327483,0.55017346
khanhha_noisy1::Rissbilder_for_Florian_9S6A2883_0_0_3840_5760.jpg,0.21174255,0.20679228,0.5814652
khanhha_noisy1::Rissbilder_for_Florian_9S6A2883_290_1780_2688_2984.jpg,0.2253387,0.31753907,0.45712224
khanhha_noisy1::Rissbilder_for_Florian_9S6A2885_167_1375_2073_2363.jpg,0.2264368,0.23006916,0.54349405
khanhha_noisy1::Rissbilder_for_Florian_9S6A2885_67_973_3621_3313.jpg,0.16236548,0.14409433,0.6935402
khanhha_noisy1::Rissbilder_for_Florian_9S6A2885_82_1409_2816_3479.jpg,0.14284249,0.21535453,0.641803
khanhha_noisy1::Rissbilder_for_Florian_9S6A2886_106_479_3642_4594.jpg,0.16870385,0.14789905,0.6833971
khanhha_noisy1::Rissbilder_for_Florian_9S6A2886_110_1312_3454_3075.jpg,0.23379242,0.15619397,0.6100136
khanhha_noisy1::Rissbilder_for_Florian_9S6A2886_12_1171_3583_2973.jpg,0.24481647,0.11371334,0.6414702
khanhha_noisy1::Rissbilder_for_Florian_9S6A2886_273_2665_2929_2302.jpg,0.25853235,0.071739145,0.6697285
khanhha_noisy1::Rissbilder_for_Florian_9S6A2886_695_71_2627_3457.jpg,0.18793672,0.15616713,0.6558962
khanhha_noisy1::Rissbilder_for_Florian_9S6A2886_984_32_2437_2598.jpg,0.27291733,0.13801771,0.58906496
khanhha_noisy1::Rissbilder_for_Florian_9S6A2887_452_483_3013_2564.jpg,0.27552718,0.35346824,0.37100455
khanhha_noisy1::Rissbilder_for_Florian_9S6A2887_749_2501_3000_2991.jpg,0.2613656,0.22968586,0.5089486
khanhha_noisy1::Rissbilder_for_Florian_9S6A2892_103_890_2526_2526.jpg,0.3518848,0.4243136,0.2238016
khanhha_noisy1::Rissbilder_for_Florian_9S6A2892_1086_390_3050_2813.jpg,0.6197435,0.16624139,0.21401507
khanhha_noisy1::Rissbilder_for_Florian_9S6A2892_1754_604_2639_2889.jpg,0.48329347,0.27838516,0.2383213
khanhha_noisy1::Rissbilder_for_Florian_9S6A2906_0_0_3840_5760.jpg,0.26625884,0.5675746,0.16616644
khanhha_noisy1::Rissbilder_for_Florian_9S6A2906_358_658_3398_3904.jpg,0.20574975,0.6998192,0.094431005
khanhha_noisy1::Rissbilder_for_Florian_9S6A2906_52_256_3772_3845.jpg,0.2799312,0.6353537,0.08471516
khanhha_noisy1::Rissbilder_for_Florian_9S6A2906_54_350_3631_4518.jpg,0.21560732,0.68056923,0.103823386
khanhha_noisy1::Rissbilder_for_Florian_9S6A2906_67_759_3263_3857.jpg,0.24765728,0.6467034,0.1056393
khanhha_noisy1::Rissbilder_for_Florian_9S6A2909_191_2009_3191_3109.jpg,0.3738409,0.05414193,0.5720172
khanhha_noisy1::Rissbilder_for_Florian_9S6A2909_36_61_3613_3826.jpg,0.2706292,0.06760486,0.66176593
khanhha_noisy1::Rissbilder_for_Florian_9S6A2909_485_850_3106_4081.jpg,0.19006418,0.046436515,0.7634993
khanhha_noisy1::Rissbilder_for_Florian_9S6A2914_10_816_3799_4560.jpg,0.31297287,0.41895106,0.26807606
khanhha_noisy1::Rissbilder_for_Florian_9S6A2914_165_203_2511_2307.jpg,0.249885,0.6123093,0.13780575
khanhha_noisy1::Rissbilder_for_Florian_9S6A2914_601_1274_2657_3363.jpg,0.42340124,0.3790723,0.19752645
khanhha_noisy1::Rissbilder_for_Florian_9S6A2914_61_827_3521_3770.jpg,0.5108004,0.30160773,0.18759182
khanhha_noisy1::Rissbilder_for_Florian_9S6A2914_864_1519_2861_3089.jpg,0.4033647,0.45541397,0.14122133
khanhha_noisy1::Rissbilder_for_Florian_9S6A2916_1381_1379_2811_2259.jpg,0.44739604,0.33044225,0.22216164
khanhha_noisy1::Rissbilder_for_Florian_9S6A2916_1475_441_4120_3342.jpg,0.3776425,0.36759612,0.2547614
khanhha_noisy1::Rissbilder_for_Florian_9S6A2916_2449_405_2485_3276.jpg,0.32907817,0.34291312,0.3280087
khanhha_noisy1::Rissbilder_for_Florian_9S6A2916_26_880_2781_2363.jpg,0.50671107,0.2741512,0.21913779
khanhha_noisy1::Rissbilder_for_Florian_9S6A2916_361_66_3733_3710.jpg,0.41915426,0.32814342,0.25270233
khanhha_noisy1::Rissbilder_for_Florian_9S6A3089_0_0_3840_5760.jpg,0.6073787,0.24001469,0.15260664
khanhha_noisy1::Rissbilder_for_Florian_9S6A3089_369_1679_3470_3717.jpg,0.32211265,0.5141538,0.16373353
khanhha_noisy1::Rissbilder_for_Florian_9S6A3094_17_1195_3751_3661.jpg,0.42593572,0.29935646,0.27470782
khanhha_noisy1::Rissbilder_for_Florian_9S6A3094_504_2131_3084_3443.jpg,0.41576257,0.2757618,0.3084756
khanhha_noisy1::Rissbilder_for_Florian_9S6A3094_596_1754_2681_3046.jpg,0.5492574,0.20517464,0.24556799
khanhha_noisy1::Rissbilder_for_Florian_9S6A3099_120_26_3496_4484.jpg,0.50944847,0.30187243,0.18867913
khanhha_noisy1::Rissbilder_for_Florian_9S6A3099_12_492_3822_3921.jpg,0.37971506,0.41426697,0.20601803
khanhha_noisy1::Rissbilder_for_Florian_9S6A3099_441_1535_3289_4016.jpg,0.4941026,0.26687118,0.23902623
khanhha_noisy1::Rissbilder_for_Florian_9S6A3099_86_2659_2827_2257.jpg,0.30211827,0.29424176,0.40364
khanhha_noisy1::Rissbilder_for_Florian_9S6A3100_374_2397_2891_2543.jpg,0.2876295,0.3034094,0.40896115
khanhha_noisy1::Rissbilder_for_Florian_9S6A3100_62_648_2874_2646.jpg,0.39789984,0.25600114,0.34609902
khanhha_noisy1::Rissbilder_for_Florian_9S6A3100_765_387_2677_2632.jpg,0.4085813,0.17062765,0.42079106
khanhha_noisy1::Rissbilder_for_Florian_9S6A3102_100_448_3704_4115.jpg,0.3135858,0.35651594,0.32989827
khanhha_noisy1::Rissbilder_for_Florian_9S6A3105_186_619_3616_4246.jpg,0.38701499,0.1493651,0.46361992
khanhha_noisy1::Rissbilder_for_Florian_9S6A3105_871_2904_2401_2180.jpg,0.40099058,0.19256407,0.40644535
khanhha_noisy1::Rissbilder_for_Florian_9S6A3105_95_40_3736_3924.jpg,0.39451233,0.18898971,0.41649792
khanhha_noisy1::Rissbilder_for_Florian_9S6A3115_1009_154_4329_3598.jpg,0.058636237,0.07982148,0.8615423
khanhha_noisy1::Rissbilder_for_Florian_9S6A3115_1837_674_2470_3120.jpg,0.11191967,0.084607914,0.8034724
khanhha_noisy1::Rissbilder_for_Florian_9S6A3115_1867_748_3166_2919.jpg,0.05507814,0.0699173,0.8750046
khanhha_noisy1::Rissbilder_for_Florian_9S6A3122_155_390_2741_3264.jpg,0.05616782,0.090046376,0.8537858
khanhha_noisy1::Rissbilder_for_Florian_9S6A3122_463_1629_3085_3858.jpg,0.115102895,0.04571694,0.8391802
khanhha_noisy1::Rissbilder_for_Florian_9S6A3124_1300_898_2343_2899.jpg,0.3375032,0.19070633,0.47179052
khanhha_noisy1::Rissbilder_for_Florian_9S6A3124_465_2434_3240_3146.jpg,0.113911696,0.06438356,0.82170475
khanhha_noisy1::Rissbilder_for_Florian_9S6A3126_162_642_3629_3769.jpg,0.41083875,0.08209721,0.5070641
khanhha_noisy1::Rissbilder_for_Florian_9S6A3126_206_1216_3376_3686.jpg,0.5872213,0.087587565,0.3251911
khanhha_noisy1::Rissbilder_for_Florian_9S6A3126_264_1533_3180_4043.jpg,0.6370273,0.08431142,0.27866122
khanhha_noisy1::Rissbilder_for_Florian_9S6A3126_429_167_3310_4297.jpg,0.34696388,0.13930719,0.51372886
khanhha_noisy1::Rissbilder_for_Florian_9S6A3129_141_412_2185_2751.jpg,0.57314175,0.21921073,0.20764758
khanhha_noisy1::Rissbilder_for_Florian_9S6A3129_78_688_3494_3199.jpg,0.4420889,0.17074388,0.3871672
khanhha_noisy1::Rissbilder_for_Florian_9S6A3129_882_707_2680_2479.jpg,0.4832369,0.12159907,0.39516404
khanhha_noisy1::Rissbilder_for_Florian_9S6A3132_2349_1232_2560_2243.jpg,0.21249133,0.16496317,0.6225455
khanhha_noisy1::Rissbilder_for_Florian_9S6A3132_2998_275_2346_3000.jpg,0.14308827,0.116142586,0.7407691
khanhha_noisy1::Sylvie_Chambon_058.jpg,0.22631764,0.42989376,0.34378862
khanhha_noisy1::Sylvie_Chambon_062.jpg,0.2784096,0.5081617,0.21342866
khanhha_noisy1::Sylvie_Chambon_068.jpg,0.612529,0.3293951,0.058076
khanhha_noisy1::Sylvie_Chambon_089.jpg,0.13961905,0.12765887,0.73272204
khanhha_noisy1::Sylvie_Chambon_206.jpg,0.24832344,0.5653075,0.1863691
khanhha_noisy1::Sylvie_Chambon_207.jpg,0.19459113,0.59267324,0.21273562
khanhha_noisy1::Sylvie_Chambon_306.jpg,0.334556,0.19193608,0.47350788
khanhha_noisy1::Volker_DSC01608_969_117_1674_1684.jpg,0.11175988,0.13442996,0.7538102
khanhha_noisy1::Volker_DSC01610_123_687_1549_1614.jpg,0.26720053,0.2750218,0.45777765
khanhha_noisy1::Volker_DSC01610_142_1014_1353_1352.jpg,0.22713389,0.33548632,0.43737987
khanhha_noisy1::Volker_DSC01610_303_207_1284_1603.jpg,0.26833844,0.46376705,0.26789448
khanhha_noisy1::Volker_DSC01628_0_0_1824_2736.jpg,0.16764057,0.066134155,0.7662253
khanhha_noisy1::Volker_DSC01628_628_1158_1128_1084.jpg,0.25448975,0.18707824,0.558432
khanhha_noisy1::Volker_DSC01636_1084_9_1476_1810.jpg,0.08963617,0.1673052,0.7430586
khanhha_noisy1::Volker_DSC01659_516_815_948_1199.jpg,0.13519329,0.26700765,0.5977991
khanhha_noisy1::Volker_DSC01665_11_415_1778_1890.jpg,0.06095319,0.17571807,0.76332873
khanhha_noisy1::Volker_DSC01665_74_990_1563_1266.jpg,0.06981981,0.21347135,0.7167089
khanhha_noisy1::Volker_DSC01673_0_0_1824_2736.jpg,0.16628668,0.112870924,0.7208424
khanhha_noisy1::Volker_DSC01677_185_223_1446_1163.jpg,0.28419977,0.31524116,0.4005591
khanhha_noisy1::Volker_DSC01677_26_956_1697_1698.jpg,0.16887146,0.5013483,0.32978016
khanhha_noisy1::Volker_DSC01677_40_7_1782_1399.jpg,0.4016399,0.36305994,0.23530014
khanhha_noisy1::Volker_DSC01687_13_413_1695_1782.jpg,0.24384944,0.17598206,0.5801684
khanhha_noisy1::Volker_DSC01687_256_1075_1494_1234.jpg,0.36796108,0.30326423,0.32877472
khanhha_noisy1::Volker_DSC01688_29_115_1785_2096.jpg,0.19549547,0.13288124,0.6716233
khanhha_noisy1::Volker_DSC01688_89_1104_1613_1250.jpg,0.17765813,0.2577182,0.56462365
khanhha_noisy1::Volker_DSC01696_0_0_2736_1824.jpg,0.114585645,0.42808354,0.45733082
khanhha_noisy1::Volker_DSC01705_103_1212_1149_941.jpg,0.2945566,0.30475125,0.4006922
khanhha_noisy1::Volker_DSC01705_286_514_1483_1229.jpg,0.28698456,0.1208502,0.5921653
khanhha_noisy1::Volker_DSC01705_35_261_1646_1312.jpg,0.25277364,0.104089364,0.643137
khanhha_noisy1::Volker_DSC01705_493_958_1260_1668.jpg,0.39754963,0.1387133,0.46373716
khanhha_noisy1::Volker_DSC01706_613_680_974_1043.jpg,0.09478971,0.13763756,0.7675727
khanhha_noisy1::Volker_DSC01709_269_118_1281_1314.jpg,0.2471118,0.22432607,0.5285621
khanhha_noisy1::Volker_DSC01709_71_801_1387_1771.jpg,0.08998705,0.13333169,0.77668124
khanhha_noisy1::cracktree200_6281.jpg,0.4149028,0.39733243,0.18776476
khanhha_noisy1::cracktree200_6327.jpg,0.4987812,0.3552127,0.14600615
khanhha_noisy1::cracktree200_6329.jpg,0.47124627,0.45877603,0.06997765
khanhha_noisy1::cracktree200_6330.jpg,0.4312292,0.44035307,0.1284177
khanhha_noisy1::cracktree200_6340.jpg,0.6943878,0.24385779,0.061754398
khanhha_noisy1::cracktree200_6623.jpg,0.43675226,0.26234564,0.3009021
khanhha_noisy1::cracktree200_6658.jpg,0.26696974,0.42865756,0.30437276
khanhha_noisy1::forest_003.jpg,0.5594821,0.24669139,0.19382659
khanhha_noisy1::forest_069.jpg,0.19493394,0.4443994,0.3606667
khanhha_noisy1::forest_076.jpg,0.30853865,0.2873072,0.40415415
khanhha_noisy1::forest_098.jpg,0.078525595,0.116337515,0.80513686
khanhha_noisy1::forest_109.jpg,0.10220151,0.1911679,0.7066306
khanhha_noisy1::noncrack_noncrack_concrete_wall_12_3.jpg.jpg,0.115387425,0.5740296,0.310583
khanhha_noisy1::noncrack_noncrack_concrete_wall_12_9.jpg.jpg,0.16761424,0.6081385,0.22424722
khanhha_noisy1::noncrack_noncrack_concrete_wall_14_11.jpg.jpg,0.017399367,0.9510474,0.031553227
khanhha_noisy1::noncrack_noncrack_concrete_wall_14_25.jpg.jpg,0.01222041,0.96702105,0.020758543
khanhha_noisy1::noncrack_noncrack_concrete_wall_21_0.jpg.jpg,0.002822304,0.98546106,0.011716732
khanhha_noisy1::noncrack_noncrack_concrete_wall_31_0.jpg.jpg,0.038890913,0.8246616,0.13644756
khanhha_noisy1::noncrack_noncrack_concrete_wall_31_4.jpg.jpg,0.034119055,0.8692434,0.09663753
khanhha_noisy1::noncrack_noncrack_concrete_wall_34_0.jpg.jpg,0.009961563,0.9802509,0.009787553
khanhha_noisy1::noncrack_noncrack_concrete_wall_39_9.jpg.jpg,0.0056609684,0.99026555,0.0040735016
khanhha_noisy1::noncrack_noncrack_concrete_wall_40_0.jpg.jpg,0.011480087,0.87423325,0.114286706
khanhha_noisy1::noncrack_noncrack_concrete_wall_40_5.jpg.jpg,0.0061002034,0.93324125,0.060658462
khanhha_noisy1::noncrack_noncrack_concrete_wall_45_13.jpg.jpg,0.011102576,0.9613296,0.02756776
khanhha_noisy1::noncrack_noncrack_concrete_wall_45_4.jpg.jpg,0.011102576,0.9613296,0.02756776
khanhha_noisy1::noncrack_noncrack_concrete_wall_45_5.jpg.jpg,0.011102576,0.9613296,0.02756776
khanhha_noisy1::noncrack_noncrack_concrete_wall_54_24.jpg.jpg,0.024028141,0.96894157,0.007030163
khanhha_noisy1::noncrack_noncrack_concrete_wall_54_27.jpg.jpg,0.03809157,0.94922084,0.012687631
khanhha_noisy1::noncrack_noncrack_concrete_wall_54_28.jpg.jpg,0.022125488,0.9706759,0.0071986956
khanhha_noisy1::noncrack_noncrack_concrete_wall_54_31.jpg.jpg,0.036530178,0.95316035,0.010309482
khanhha_noisy1::noncrack_noncrack_concrete_wall_54_33.jpg.jpg,0.036825195,0.9538771,0.009297682
khanhha_noisy1::noncrack_noncrack_concrete_wall_54_36.jpg.jpg,0.030521119,0.96165216,0.007826786
khanhha_noisy1::noncrack_noncrack_concrete_wall_54_4.jpg.jpg,0.02169196,0.97193515,0.006372802
khanhha_noisy1::noncrack_noncrack_concrete_wall_54_40.jpg.jpg,0.04692233,0.93696415,0.016113559
khanhha_noisy1::noncrack_noncrack_concrete_wall_54_44.jpg.jpg,0.03365023,0.95703065,0.009319155
khanhha_noisy1::noncrack_noncrack_concrete_wall_54_48.jpg.jpg,0.050832935,0.935359,0.013808004
khanhha_noisy1::noncrack_noncrack_concrete_wall_54_53.jpg.jpg,0.062792316,0.9196624,0.017545234
khanhha_noisy1::noncrack_noncrack_concrete_wall_54_54.jpg.jpg,0.031339966,0.9608748,0.0077853347
khanhha_noisy1::noncrack_noncrack_concrete_wall_54_57.jpg.jpg,0.027532408,0.9624773,0.009990233
khanhha_noisy1::noncrack_noncrack_concrete_wall_54_72.jpg.jpg,0.030087091,0.96187556,0.008037445
khanhha_noisy1::noncrack_noncrack_concrete_wall_5_10.jpg.jpg,0.0040749833,0.9838648,0.012060318
khanhha_noisy1::noncrack_noncrack_concrete_wall_63_1.jpg.jpg,0.012940626,0.96864724,0.01841216
khanhha_noisy1::noncrack_noncrack_concrete_wall_67_1.jpg.jpg,0.06803332,0.8833099,0.048656765
khanhha_noisy1::noncrack_noncrack_concrete_wall_67_2.jpg.jpg,0.05057695,0.91394204,0.035480957
khanhha_noisy1::noncrack_noncrack_concrete_wall_6_0.jpg.jpg,0.007913746,0.97159797,0.020488309
khanhha_noisy1::noncrack_noncrack_concrete_wall_70_3.jpg.jpg,0.019391567,0.79419976,0.18640864
khanhha_noisy1::noncrack_noncrack_concrete_wall_73_1.jpg.jpg,0.005908287,0.9612196,0.032872062
khanhha_noisy1::noncrack_noncrack_concrete_wall_73_2.jpg.jpg,0.005908287,0.9612196,0.032872062
khanhha_noisy1::noncrack_noncrack_concrete_wall_73_4.jpg.jpg,0.008162377,0.9488764,0.04296131
khanhha_noisy1::noncrack_noncrack_concrete_wall_75_0.jpg.jpg,0.06339885,0.7745692,0.16203184
khanhha_noisy1::noncrack_noncrack_concrete_wall_75_18.jpg.jpg,0.045328893,0.83794206,0.11672898
khanhha_noisy1::noncrack_noncrack_concrete_wall_75_24.jpg.jpg,0.044577044,0.82998484,0.12543808
khanhha_noisy1::noncrack_noncrack_concrete_wall_76_1.jpg.jpg,0.08331445,0.85851586,0.05816972
khanhha_noisy1::noncrack_noncrack_concrete_wall_76_22.jpg.jpg,0.12159146,0.8084819,0.069926694
khanhha_noisy1::noncrack_noncrack_concrete_wall_76_30.jpg.jpg,0.074963406,0.869403,0.05563359
khanhha_noisy1::noncrack_noncrack_concrete_wall_76_36.jpg.jpg,0.11680183,0.8114123,0.07178596
khanhha_noisy1::noncrack_noncrack_concrete_wall_76_38.jpg.jpg,0.06762441,0.8845616,0.04781402
khanhha_noisy1::noncrack_noncrack_concrete_wall_76_49.jpg.jpg,0.083934225,0.8463913,0.06967449
khanhha_noisy1::noncrack_noncrack_concrete_wall_76_5.jpg.jpg,0.061046656,0.89773583,0.041217502
khanhha_noisy1::noncrack_noncrack_concrete_wall_76_62.jpg.jpg,0.11876162,0.77779216,0.10344625
khanhha_noisy1::noncrack_noncrack_concrete_wall_89_0.jpg.jpg,0.0012579323,0.99709797,0.0016440877
khanhha_noisy1::noncrack_noncrack_concrete_wall_89_1.jpg.jpg,0.003935715,0.9922816,0.0037827047
khanhha_noisy1::noncrack_noncrack_concrete_wall_91_1.jpg.jpg,0.006891132,0.9883139,0.004794935
khanhha_noisy2::CFD_007.jpg,0.17814887,0.2999856,0.52186555
khanhha_noisy2::CFD_013.jpg,0.55101,0.27183384,0.17715622
khanhha_noisy2::CFD_014.jpg,0.22692522,0.36523038,0.4078444
khanhha_noisy2::CFD_047.jpg,0.32959577,0.21246555,0.4579387
khanhha_noisy2::CFD_082.jpg,0.5237257,0.19067359,0.2856007
khanhha_noisy2::CRACK500_20160222_081111_641_361.jpg,0.19083951,0.22266586,0.5864946
khanhha_noisy2::CRACK500_20160222_081113_1921_721.jpg,0.3772153,0.447347,0.17543764
khanhha_noisy2::CRACK500_20160222_115305_1281_1081.jpg,0.21938983,0.31092536,0.46968478
khanhha_noisy2::CRACK500_20160222_115305_1921_361.jpg,0.2821507,0.21042502,0.5074243
khanhha_noisy2::CRACK500_20160222_115305_641_1.jpg,0.29364395,0.29757932,0.4087767
khanhha_noisy2::CRACK500_20160222_115305_641_721.jpg,0.31483144,0.26031217,0.42485642
khanhha_noisy2::CRACK500_20160222_115828_641_1.jpg,0.50943744,0.4059316,0.084630914
khanhha_noisy2::CRACK500_20160222_164825_641_721.jpg,0.25786772,0.3336198,0.4085125
khanhha_noisy2::CRACK500_20160222_164851_641_1081.jpg,0.5333834,0.124197066,0.34241942
khanhha_noisy2::CRACK500_20160222_165218_641_1.jpg,0.36588797,0.49039158,0.14372043
khanhha_noisy2::CRACK500_20160222_165909_1281_1081.jpg,0.37565172,0.49790886,0.12643945
khanhha_noisy2::CRACK500_20160222_165926_1281_721.jpg,0.46178547,0.4065589,0.13165571
khanhha_noisy2::CRACK500_20160222_165947_1921_721.jpg,0.32612333,0.34879747,0.32507914
khanhha_noisy2::CRACK500_20160302_155848_1281_361.jpg,0.16393109,0.39694867,0.4391202
khanhha_noisy2::CRACK500_20160302_155848_1921_361.jpg,0.21908417,0.2533611,0.5275547
khanhha_noisy2::CRACK500_20160302_155848_641_721.jpg,0.27991936,0.334945,0.38513562
khanhha_noisy2::CRACK500_20160302_160033_641_361.jpg,0.118225165,0.36370015,0.51807475
khanhha_noisy2::CRACK500_20160303_092627_641_721.jpg,0.20363519,0.14340398,0.65296084
khanhha_noisy2::CRACK500_20160303_093400_641_1.jpg,0.23896687,0.4789045,0.2821287
khanhha_noisy2::CRACK500_20160303_093400_641_721.jpg,0.35760906,0.31060946,0.33178145
khanhha_noisy2::CRACK500_20160307_145259_1921_721.jpg,0.2023968,0.12238942,0.67521375
khanhha_noisy2::CRACK500_20160307_145259_1_361.jpg,0.1992235,0.43888777,0.3618887
khanhha_noisy2::CRACK500_20160307_164214_1281_1081.jpg,0.27964342,0.5133123,0.20704432
khanhha_noisy2::CRACK500_20160307_164214_1_721.jpg,0.39253655,0.30036014,0.30710328
khanhha_noisy2::CRACK500_20160307_164226_1921_721.jpg,0.2884607,0.40997592,0.3015634
khanhha_noisy2::CRACK500_20160307_164226_1_721.jpg,0.5601381,0.27258444,0.16727747
khanhha_noisy2::CRACK500_20160307_164226_641_721.jpg,0.48139438,0.3737076,0.14489807
khanhha_noisy2::CRACK500_20160308_073245_1_361.jpg,0.18067573,0.35798785,0.4613364
khanhha_noisy2::CRACK500_20160308_073245_641_1.jpg,0.10793808,0.6928041,0.19925773
khanhha_noisy2::CRACK500_20160308_074702_1281_361.jpg,0.062484313,0.22805439,0.70946133
khanhha_noisy2::CRACK500_20160308_074702_1921_361.jpg,0.10138951,0.2540908,0.64451975
khanhha_noisy2::CRACK500_20160308_074702_641_721.jpg,0.12299596,0.09220488,0.7847991
khanhha_noisy2::CRACK500_20160308_155720_1281_361.jpg,0.15143712,0.21721084,0.63135207
khanhha_noisy2::CRACK500_20160308_155720_1_1.jpg,0.17257069,0.29228622,0.53514314
khanhha_noisy2::CRACK500_20160308_155720_641_721.jpg,0.11061791,0.41814336,0.47123867
khanhha_noisy2::CRACK500_20160308_155731_1281_1.jpg,0.078966685,0.38498873,0.53604454
khanhha_noisy2::CRACK500_20160308_155731_641_1081.jpg,0.17390683,0.25380006,0.5722931
khanhha_noisy2::CRACK500_20160310_114441_641_1.jpg,0.29813185,0.2424571,0.45941103
khanhha_noisy2::CRACK500_20160310_114441_641_1081.jpg,0.2817294,0.17065315,0.54761744
khanhha_noisy2::CRACK500_20160316_141721_1_721.jpg,0.12364689,0.57726115,0.2990919
khanhha_noisy2::CRACK500_20160316_141721_641_721.jpg,0.15348841,0.58356994,0.26294163
khanhha_noisy2::CRACK500_20160316_142539_1_721.jpg,0.32271323,0.13532211,0.5419647
khanhha_noisy2::CRACK500_20160316_143603_1921_361.jpg,0.1698062,0.233995,0.5961988
khanhha_noisy2::CRACK500_20160316_143624_1_641.jpg,0.2510927,0.3834449,0.36546245
khanhha_noisy2::CRACK500_20160316_144212_1921_721.jpg,0.23929332,0.32527998,0.4354267
khanhha_noisy2::CRACK500_20160316_144212_641_721.jpg,0.15693855,0.48139006,0.3616714
khanhha_noisy2::CRACK500_20160316_144241_641_361.jpg,0.20899482,0.35022685,0.44077826
khanhha_noisy2::CRACK500_20160321_185518_1921_721.jpg,0.23797603,0.14287503,0.61914897
khanhha_noisy2::CRACK500_20160321_185518_1_721.jpg,0.20680685,0.21939445,0.5737987
khanhha_noisy2::CRACK500_20160325_185829_641_361.jpg,0.5183329,0.19384095,0.28782612
khanhha_noisy2::CRACK500_20160326_174634_1921_361.jpg,0.06084153,0.20566116,0.73349726
khanhha_noisy2::CRACK500_20160326_174634_641_721.jpg,0.17208193,0.0728526,0.75506544
khanhha_noisy2::CRACK500_20160328_150927_1281_721.jpg,0.40049446,0.32547697,0.27402857
khanhha_noisy2::CRACK500_20160328_150933_1921_361.jpg,0.55154824,0.13545091,0.31300086
khanhha_noisy2::CRACK500_20160328_151020_641_721.jpg,0.39784566,0.13046695,0.47168738
khanhha_noisy2::CRACK500_20160328_151201_1281_721.jpg,0.3155068,0.42130208,0.2631912
khanhha_noisy2::CRACK500_20160328_151201_1_1.jpg,0.25223637,0.44190487,0.30585876
khanhha_noisy2::CRACK500_20160328_151409_1921_1081.jpg,0.2920659,0.43358094,0.27435318
khanhha_noisy2::CRACK500_20160328_152322_1281_721.jpg,0.2716772,0.31447193,0.41385087
khanhha_noisy2::CRACK500_20160328_152322_1_721.jpg,0.31500614,0.28760198,0.39739192
khanhha_noisy2::CRACK500_20160328_152511_1921_721.jpg,0.28274405,0.23436083,0.48289508
khanhha_noisy2::CRACK500_20160328_153524_641_361.jpg,0.05583629,0.46675158,0.4774121
khanhha_noisy2::CRACK500_20160328_153604_1_361.jpg,0.15630397,0.42667452,0.41702154
khanhha_noisy2::CRACK500_20160328_153604_641_1.jpg,0.20698582,0.37838742,0.41462675
khanhha_noisy2::CRACK500_20160328_153604_641_721.jpg,0.11838393,0.44888633,0.43272975
khanhha_noisy2::CRACK500_20160328_153706_1281_1.jpg,0.15169737,0.7098128,0.13848977
khanhha_noisy2::CRACK500_20160328_153706_1281_1081.jpg,0.09353911,0.48524472,0.42121622
khanhha_noisy2::CRACK500_20160328_153706_1921_1.jpg,0.2862867,0.38653937,0.3271739
khanhha_noisy2::CRACK500_20160328_153915_1921_721.jpg,0.09009525,0.42682573,0.48307902
khanhha_noisy2::CRACK500_20160328_154159_1921_1081.jpg,0.34262267,0.089662805,0.56771445
khanhha_noisy2::CRACK500_20160328_154159_1_361.jpg,0.11223876,0.4510407,0.4367206
khanhha_noisy2::CRACK500_20160328_154429_641_721.jpg,0.22884102,0.294336,0.476823
khanhha_noisy2::CRACK500_20160328_154454_1_721.jpg,0.25678524,0.44955248,0.29366228
khanhha_noisy2::CRACK500_20160328_154454_721_1.jpg,0.20414014,0.314193,0.48166686
khanhha_noisy2::CRACK500_20160329_094055_1_721.jpg,0.117068544,0.22007808,0.66285336
khanhha_noisy2::CRACK500_20160329_103609_1281_721.jpg,0.1255665,0.2829162,0.5915173
khanhha_noisy2::CRACK500_20160329_103609_1921_721.jpg,0.3338752,0.20014521,0.46597952
khanhha_noisy2::CRACK500_20160329_103609_1_721.jpg,0.10813881,0.37847418,0.513387
khanhha_noisy2::CRACK500_20160329_103609_641_361.jpg,0.11252347,0.23539495,0.65208155
khanhha_noisy2::CRACK500_20160329_104205_1921_361.jpg,0.14015715,0.20825417,0.6515887
khanhha_noisy2::CRACK500_20160329_115529_1_721.jpg,0.24259865,0.109339274,0.6480621
khanhha_noisy2::CRACK500_20160330_165325_1921_361.jpg,0.54047376,0.21923633,0.24028993
khanhha_noisy2::CRACK500_20160330_165325_1921_721.jpg,0.27346238,0.3261858,0.40035188
khanhha_noisy2::CRACK500_20160330_165325_1_721.jpg,0.50751954,0.08093545,0.411545
khanhha_noisy2::CRACK500_20160330_165333_1921_1081.jpg,0.38530007,0.3919292,0.22277072
khanhha_noisy2::CRACK500_20160330_165333_1_721.jpg,0.42183053,0.13406004,0.44410944
khanhha_noisy2::CRACK500_20160330_170308_1281_361.jpg,0.12247938,0.51287866,0.36464202
khanhha_noisy2::CRACK500_20160330_170308_1921_1081.jpg,0.23474808,0.21470861,0.55054337
khanhha_noisy2::CRACK500_20160330_170308_1921_361.jpg,0.17068732,0.3865695,0.44274318
khanhha_noisy2::CRACK500_20160330_170308_1921_721.jpg,0.18711567,0.33150125,0.48138306
khanhha_noisy2::CRACK500_20160402_150300_1281_721.jpg,0.10763969,0.50497496,0.3873853
khanhha_noisy2::CRACK500_20160405_171219_1281_721.jpg,0.15336446,0.1445886,0.7020469
khanhha_noisy2::CRACK500_20160405_171219_641_721.jpg,0.1317649,0.4189506,0.44928446
khanhha_noisy2::CRACK500_20160405_171456_1_361.jpg,0.13222817,0.15399195,0.71377987
khanhha_noisy2::CRACK500_20160405_172854_1921_1.jpg,0.12841137,0.15350856,0.7180801
khanhha_noisy2::CRACK500_IMG_2937_1297_969.jpg,0.3704773,0.23374721,0.39577547
khanhha_noisy2::CRACK500_IMG_2938_1297_969.jpg,0.16968422,0.34580052,0.48451528
khanhha_noisy2::DeepCrack_11114.jpg,0.49540222,0.11208234,0.3925154
khanhha_noisy2::DeepCrack_11118.jpg,0.10046939,0.2776073,0.6219233
khanhha_noisy2::DeepCrack_11134-3.jpg,0.11104975,0.43470943,0.4542409
khanhha_noisy2::DeepCrack_11134-4.jpg,0.13106811,0.35006225,0.51886964
khanhha_noisy2::DeepCrack_11134.jpg,0.31413,0.394161,0.29170898
khanhha_noisy2::DeepCrack_11153.jpg,0.4741929,0.28159627,0.24421088
khanhha_noisy2::DeepCrack_11164-2.jpg,0.30004716,0.24331473,0.45663816
khanhha_noisy2::DeepCrack_11164-4.jpg,0.23893727,0.30241773,0.45864502
khanhha_noisy2::DeepCrack_11178-3.jpg,0.20235659,0.38984534,0.4077981
khanhha_noisy2::DeepCrack_11204.jpg,0.051814094,0.12753195,0.8206539
khanhha_noisy2::DeepCrack_7Q3A9060-3.jpg,0.427603,0.28506768,0.28732926
khanhha_noisy2::DeepCrack_7Q3A9060-9.jpg,0.20767163,0.48945114,0.30287722
khanhha_noisy2::DeepCrack_IMG109-1.jpg,0.07125332,0.16799174,0.76075494
khanhha_noisy2::DeepCrack_IMG14-1.jpg,0.18069711,0.28956106,0.5297418
khanhha_noisy2::DeepCrack_IMG14-3.jpg,0.15095617,0.62693644,0.22210743
khanhha_noisy2::Eugen_Muller_8980_79_365_456_521.jpg,0.8344568,0.050710343,0.11483283
khanhha_noisy2::Eugen_Muller_8980a_123_420_527_438.jpg,0.6001839,0.11778604,0.28203
khanhha_noisy2::Eugen_Muller_8980a_25_22_747_752.jpg,0.64144003,0.093495876,0.26506403
khanhha_noisy2::GAPS384_train_0503_541_1.jpg,0.5865808,0.16419497,0.24922422
khanhha_noisy2::GAPS384_train_0533_541_1.jpg,0.17653504,0.7542721,0.06919276
khanhha_noisy2::GAPS384_train_0559_541_641.jpg,0.6123332,0.25244862,0.1352182
khanhha_noisy2::GAPS384_train_0599_1_1.jpg,0.043830175,0.77529866,0.18087111
khanhha_noisy2::GAPS384_train_0608_1_1.jpg,0.29216585,0.20180969,0.5060245
khanhha_noisy2::GAPS384_train_0641_1_1.jpg,0.087047786,0.81232363,0.10062859
khanhha_noisy2::GAPS384_train_0641_541_641.jpg,0.10602489,0.7850101,0.10896492
khanhha_noisy2::GAPS384_train_0690_541_1.jpg,0.50579494,0.2664216,0.22778337
khanhha_noisy2::GAPS384_train_0961_1_1.jpg,0.18958525,0.72024435,0.09017043
khanhha_noisy2::GAPS384_train_1048_1_1.jpg,0.5562332,0.20488098,0.23888583
khanhha_noisy2::GAPS384_train_1048_541_1.jpg,0.50067604,0.18026365,0.31906027
khanhha_noisy2::GAPS384_train_1085_541_1.jpg,0.5909078,0.18079993,0.22829235
khanhha_noisy2::GAPS384_train_1172_541_641.jpg,0.66048104,0.17148417,0.1680348
khanhha_noisy2::GAPS384_train_1173_541_1.jpg,0.52131736,0.31016394,0.16851872
khanhha_noisy2::GAPS384_train_1173_541_641.jpg,0.72828835,0.15248722,0.11922446
khanhha_noisy2::GAPS384_train_1187_1_1.jpg,0.27330747,0.40516397,0.3215286
khanhha_noisy2::GAPS384_train_1361_541_641.jpg,0.46132067,0.25095645,0.28772295
khanhha_noisy2::GAPS384_train_1370_541_641.jpg,0.7190872,0.11262891,0.16828385
khanhha_noisy2::Rissbilder_for_Florian_9S6A2783_485_963_3019_3865.jpg,0.69331616,0.24297437,0.0637095
khanhha_noisy2::Rissbilder_for_Florian_9S6A2783_510_849_2889_2880.jpg,0.6094797,0.2712942,0.11922602
khanhha_noisy2::Rissbilder_for_Florian_9S6A2783_555_1445_2892_3793.jpg,0.72794676,0.20556821,0.066485055
khanhha_noisy2::Rissbilder_for_Florian_9S6A2783_96_1214_3516_4173.jpg,0.644974,0.25737125,0.09765473
khanhha_noisy2::Rissbilder_for_Florian_9S6A2787_1034_2113_2702_3383.jpg,0.37490964,0.54954565,0.07554463
khanhha_noisy2::Rissbilder_for_Florian_9S6A2787_114_2564_2503_2920.jpg,0.4573405,0.41771853,0.124941
khanhha_noisy2::Rissbilder_for_Florian_9S6A2787_1217_749_2520_2686.jpg,0.41471124,0.50629586,0.07899286
khanhha_noisy2::Rissbilder_for_Florian_9S6A2787_1287_2060_2196_2885.jpg,0.4237889,0.50575215,0.070458986
khanhha_noisy2::Rissbilder_for_Florian_9S6A2787_38_553_3789_4026.jpg,0.36442238,0.5015159,0.13406166
khanhha_noisy2::Rissbilder_for_Florian_9S6A2787_469_792_2677_2506.jpg,0.39054275,0.4982326,0.11122459
khanhha_noisy2::Rissbilder_for_Florian_9S6A2789_29_2188_3523_3363.jpg,0.7996535,0.061025746,0.1393207
khanhha_noisy2::Rissbilder_for_Florian_9S6A2789_79_2844_3130_2630.jpg,0.7793451,0.08828503,0.13236988
khanhha_noisy2::Rissbilder_for_Florian_9S6A2795_244_2755_3348_2948.jpg,0.04089664,0.9516072,0.00749616
khanhha_noisy2::Rissbilder_for_Florian_9S6A2795_345_1636_2968_2382.jpg,0.65447813,0.29114753,0.054374278
khanhha_noisy2::Rissbilder_for_Florian_9S6A2795_726_782_2478_3159.jpg,0.1683839,0.7894985,0.04211753
khanhha_noisy2::Rissbilder_for_Florian_9S6A2799_133_2058_3555_3079.jpg,0.09108653,0.4429061,0.46600738
khanhha_noisy2::Rissbilder_for_Florian_9S6A2799_275_471_3176_4152.jpg,0.13177323,0.3533344,0.5148923
khanhha_noisy2::Rissbilder_for_Florian_9S6A2799_288_786_3196_3304.jpg,0.15105253,0.31749162,0.5314559
khanhha_noisy2::Rissbilder_for_Florian_9S6A2804_118_1818_2606_2570.jpg,0.25664183,0.62125033,0.12210783
khanhha_noisy2::Rissbilder_for_Florian_9S6A2805_1632_240_3224_2475.jpg,0.21374115,0.6036373,0.1826215
khanhha_noisy2::Rissbilder_for_Florian_9S6A2805_3150_203_1998_2621.jpg,0.12178482,0.80052423,0.077690944
khanhha_noisy2::Rissbilder_for_Florian_9S6A2805_565_1400_2938_2247.jpg,0.5284911,0.28413507,0.18737377
khanhha_noisy2::Rissbilder_for_Florian_9S6A2806_1082_397_4233_3223.jpg,0.48245084,0.22761615,0.28993297
khanhha_noisy2::Rissbilder_for_Florian_9S6A2806_3363_1303_2009_2459.jpg,0.650392,0.09989043,0.24971756
khanhha_noisy2::Rissbilder_for_Florian_9S6A2806_368_348_2093_2759.jpg,0.6622854,0.24528953,0.09242503
khanhha_noisy2::Rissbilder_for_Florian_9S6A2817_266_1535_2877_3827.jpg,0.02476775,0.96242785,0.012804321
khanhha_noisy2::Rissbilder_for_Florian_9S6A2817_362_2779_2835_2376.jpg,0.05659481,0.9255032,0.017902078
khanhha_noisy2::Rissbilder_for_Florian_9S6A2817_378_2811_2792_2576.jpg,0.033117183,0.9465638,0.02031906
khanhha_noisy2::Rissbilder_for_Florian_9S6A2817_515_925_2769_3395.jpg,0.014266649,0.971527,0.014206307
khanhha_noisy2::Rissbilder_for_Florian_9S6A2817_67_221_2558_2411.jpg,0.009414123,0.9832666,0.007319319
khanhha_noisy2::Rissbilder_for_Florian_9S6A2820_304_486_3141_3670.jpg,0.17837183,0.40645847,0.41516972
khanhha_noisy2::Rissbilder_for_Florian_9S6A2820_366_660_2637_3456.jpg,0.102179624,0.3780106,0.5198097
khanhha_noisy2::Rissbilder_for_Florian_9S6A2831_130_3142_3148_2567.jpg,0.684053,0.26339296,0.05255398
khanhha_noisy2::Rissbilder_for_Florian_9S6A2831_1392_523_2363_2146.jpg,0.5656277,0.30219796,0.13217442
khanhha_noisy2::Rissbilder_for_Florian_9S6A2831_14_1354_3612_3768.jpg,0.5102182,0.3427675,0.14701432
khanhha_noisy2::Rissbilder_for_Florian_9S6A2831_183_1551_2640_2168.jpg,0.69104743,0.24980909,0.059143547
khanhha_noisy2::Rissbilder_for_Florian_9S6A2831_237_201_3399_4522.jpg,0.55256224,0.23688427,0.21055353
khanhha_noisy2::Rissbilder_for_Florian_9S6A2831_277_1810_3479_3118.jpg,0.62280303,0.3004583,0.07673866
khanhha_noisy2::Rissbilder_for_Florian_9S6A2831_343_1804_2873_2254.jpg,0.58249784,0.33380452,0.08369759
khanhha_noisy2::Rissbilder_for_Florian_9S6A2832_1234_336_2375_2845.jpg,0.5370704,0.4004281,0.062501475
khanhha_noisy2::Rissbilder_for_Florian_9S6A2832_185_2346_3101_2742.jpg,0.3159987,0.5403295,0.1436718
khanhha_noisy2::Rissbilder_for_Florian_9S6A2832_375_1408_3366_3866.jpg,0.42678604,0.47730252,0.095911436
khanhha_noisy2::Rissbilder_for_Florian_9S6A2841_19_570_3460_3784.jpg,0.5248735,0.18814972,0.28697678
khanhha_noisy2::Rissbilder_for_Florian_9S6A2841_217_2299_3214_2878.jpg,0.41668984,0.28907922,0.29423094
khanhha_noisy2::Rissbilder_for_Florian_9S6A2841_247_162_2749_3393.jpg,0.53742117,0.1750335,0.28754532
khanhha_noisy2::Rissbilder_for_Florian_9S6A2841_319_1106_2769_3450.jpg,0.43197882,0.20860332,0.35941783
khanhha_noisy2::Rissbilder_for_Florian_9S6A2841_341_1075_3324_3954.jpg,0.48530728,0.23408918,0.28060353
khanhha_noisy2::Rissbilder_for_Florian_9S6A2841_542_955_3068_2456.jpg,0.5060788,0.23207127,0.26184994
khanhha_noisy2::Rissbilder_for_Florian_9S6A2845_0_0_5760_3840.jpg,0.43835923,0.15336363,0.40827712
khanhha_noisy2::Rissbilder_for_Florian_9S6A2845_1333_32_4399_3805.jpg,0.49622786,0.14400177,0.35977036
khanhha_noisy2::Rissbilder_for_Florian_9S6A2845_1480_64_3182_3685.jpg,0.5232057,0.17899609,0.29779816
khanhha_noisy2::Rissbilder_for_Florian_9S6A2845_1641_474_2958_3084.jpg,0.5794341,0.17271638,0.2478495
khanhha_noisy2::Rissbilder_for_Florian_9S6A2845_2026_3_2804_3214.jpg,0.45152795,0.3183664,0.23010568
khanhha_noisy2::Rissbilder_for_Florian_9S6A2845_2181_159_3010_3511.jpg,0.54815507,0.12600406,0.3258408
khanhha_noisy2::Rissbilder_for_Florian_9S6A2845_628_184_3360_3293.jpg,0.43868944,0.20400514,0.35730544
khanhha_noisy2::Rissbilder_for_Florian_9S6A2851_1713_30_3619_3365.jpg,0.5969437,0.24183062,0.16122568
khanhha_noisy2::Rissbilder_for_Florian_9S6A2851_1976_734_2746_2491.jpg,0.43922073,0.340703,0.2200762
khanhha_noisy2::Rissbilder_for_Florian_9S6A2851_2413_175_2645_3485.jpg,0.5954801,0.18536758,0.2191523
khanhha_noisy2::Rissbilder_for_Florian_9S6A2851_512_50_2972_2678.jpg,0.69677424,0.14414889,0.15907687
khanhha_noisy2::Rissbilder_for_Florian_9S6A2864_0_0_3840_5760.jpg,0.021721916,0.94516224,0.0331158
khanhha_noisy2::Rissbilder_for_Florian_9S6A2864_474_1863_3308_2536.jpg,0.20904495,0.624114,0.16684107
khanhha_noisy2::Rissbilder_for_Florian_9S6A2864_95_886_3690_4688.jpg,0.097667225,0.7880085,0.11432423
khanhha_noisy2::Rissbilder_for_Florian_9S6A2879_0_0_5760_3840.jpg,0.21930248,0.28954574,0.49115172
khanhha_noisy2::Rissbilder_for_Florian_9S6A2879_1312_923_2418_2909.jpg,0.11852392,0.3101481,0.571328
khanhha_noisy2::Rissbilder_for_Florian_9S6A2879_1320_542_3826_3214.jpg,0.27712163,0.36049432,0.36238405
khanhha_noisy2::Rissbilder_for_Florian_9S6A2882_346_490_2497_1975.jpg,0.17270045,0.3556528,0.4716468
khanhha_noisy2::Rissbilder_for_Florian_9S6A2882_458_1944_3282_2844.jpg,0.11241389,0.24125601,0.64633006
khanhha_noisy2::Rissbilder_for_Florian_9S6A2883_0_0_3840_5760.jpg,0.0811904,0.1959051,0.72290444
khanhha_noisy2::Rissbilder_for_Florian_9S6A2883_290_1780_2688_2984.jpg,0.22885902,0.36972013,0.4014209
khanhha_noisy2::Rissbilder_for_Florian_9S6A2885_167_1375_2073_2363.jpg,0.04549314,0.14293331,0.81157357
khanhha_noisy2::Rissbilder_for_Florian_9S6A2885_67_973_3621_3313.jpg,0.018727234,0.18718219,0.7940906
khanhha_noisy2::Rissbilder_for_Florian_9S6A2885_82_1409_2816_3479.jpg,0.053853653,0.219305,0.72684133
khanhha_noisy2::Rissbilder_for_Florian_9S6A2886_106_479_3642_4594.jpg,0.025356699,0.21352237,0.761121
khanhha_noisy2::Rissbilder_for_Florian_9S6A2886_110_1312_3454_3075.jpg,0.054302294,0.14859164,0.79710597
khanhha_noisy2::Rissbilder_for_Florian_9S6A2886_12_1171_3583_2973.jpg,0.029754821,0.11348683,0.8567583
khanhha_noisy2::Rissbilder_for_Florian_9S6A2886_273_2665_2929_2302.jpg,0.08625207,0.2483218,0.66542614
khanhha_noisy2::Rissbilder_for_Florian_9S6A2886_695_71_2627_3457.jpg,0.04127557,0.35946333,0.59926105
khanhha_noisy2::Rissbilder_for_Florian_9S6A2886_984_32_2437_2598.jpg,0.06854407,0.75356823,0.1778877
khanhha_noisy2::Rissbilder_for_Florian_9S6A2887_452_483_3013_2564.jpg,0.23728573,0.36206588,0.40064842
khanhha_noisy2::Rissbilder_for_Florian_9S6A2887_749_2501_3000_2991.jpg,0.118834816,0.43976998,0.4413952
khanhha_noisy2::Rissbilder_for_Florian_9S6A2892_103_890_2526_2526.jpg,0.029804377,0.79995203,0.17024367
khanhha_noisy2::Rissbilder_for_Florian_9S6A2892_1086_390_3050_2813.jpg,0.03519499,0.73395985,0.23084517
khanhha_noisy2::Rissbilder_for_Florian_9S6A2892_1754_604_2639_2889.jpg,0.016814802,0.83701885,0.14616637
khanhha_noisy2::Rissbilder_for_Florian_9S6A2906_0_0_3840_5760.jpg,0.32747638,0.46315333,0.20937034
khanhha_noisy2::Rissbilder_for_Florian_9S6A2906_358_658_3398_3904.jpg,0.21136245,0.60114944,0.18748806
khanhha_noisy2::Rissbilder_for_Florian_9S6A2906_52_256_3772_3845.jpg,0.30409095,0.5710554,0.12485356
khanhha_noisy2::Rissbilder_for_Florian_9S6A2906_54_350_3631_4518.jpg,0.29934004,0.5622735,0.13838647
khanhha_noisy2::Rissbilder_for_Florian_9S6A2906_67_759_3263_3857.jpg,0.26633236,0.60792154,0.12574609
khanhha_noisy2::Rissbilder_for_Florian_9S6A2909_191_2009_3191_3109.jpg,0.3780888,0.14909461,0.4728166
khanhha_noisy2::Rissbilder_for_Florian_9S6A2909_36_61_3613_3826.jpg,0.40380266,0.20056434,0.39563295
khanhha_noisy2::Rissbilder_for_Florian_9S6A2909_485_850_3106_4081.jpg,0.42295483,0.07974846,0.49729672
khanhha_noisy2::Rissbilder_for_Florian_9S6A2914_10_816_3799_4560.jpg,0.04782967,0.9315911,0.020579292
khanhha_noisy2::Rissbilder_for_Florian_9S6A2914_165_203_2511_2307.jpg,0.3068735,0.6303463,0.062780194
khanhha_noisy2::Rissbilder_for_Florian_9S6A2914_601_1274_2657_3363.jpg,0.664522,0.2707437,0.064734325
khanhha_noisy2::Rissbilder_for_Florian_9S6A2914_61_827_3521_3770.jpg,0.20123573,0.76518995,0.033574313
khanhha_noisy2::Rissbilder_for_Florian_9S6A2914_864_1519_2861_3089.jpg,0.7097408,0.22151692,0.06874227
khanhha_noisy2::Rissbilder_for_Florian_9S6A2916_1381_1379_2811_2259.jpg,0.57095623,0.3218461,0.10719769
khanhha_noisy2::Rissbilder_for_Florian_9S6A2916_1475_441_4120_3342.jpg,0.6082268,0.2788036,0.11296963
khanhha_noisy2::Rissbilder_for_Florian_9S6A2916_2449_405_2485_3276.jpg,0.6602955,0.2585005,0.08120398
khanhha_noisy2::Rissbilder_for_Florian_9S6A2916_26_880_2781_2363.jpg,0.19741938,0.7656399,0.03694076
khanhha_noisy2::Rissbilder_for_Florian_9S6A2916_361_66_3733_3710.jpg,0.26537728,0.6892795,0.045343198
khanhha_noisy2::Rissbilder_for_Florian_9S6A3089_0_0_3840_5760.jpg,0.7739827,0.11481775,0.111199506
khanhha_noisy2::Rissbilder_for_Florian_9S6A3089_369_1679_3470_3717.jpg,0.7404071,0.11608646,0.14350644
khanhha_noisy2::Rissbilder_for_Florian_9S6A3094_17_1195_3751_3661.jpg,0.6087879,0.16044636,0.23076567
khanhha_noisy2::Rissbilder_for_Florian_9S6A3094_504_2131_3084_3443.jpg,0.40673986,0.2198329,0.37342718
khanhha_noisy2::Rissbilder_for_Florian_9S6A3094_596_1754_2681_3046.jpg,0.5855588,0.14311062,0.2713306
khanhha_noisy2::Rissbilder_for_Florian_9S6A3099_120_26_3496_4484.jpg,0.7751814,0.10756048,0.11725808
khanhha_noisy2::Rissbilder_for_Florian_9S6A3099_12_492_3822_3921.jpg,0.6708288,0.18804976,0.1411214
khanhha_noisy2::Rissbilder_for_Florian_9S6A3099_441_1535_3289_4016.jpg,0.7843343,0.07415914,0.14150661
khanhha_noisy2::Rissbilder_for_Florian_9S6A3099_86_2659_2827_2257.jpg,0.6592467,0.27144632,0.06930702
khanhha_noisy2::Rissbilder_for_Florian_9S6A3100_374_2397_2891_2543.jpg,0.23709331,0.13242479,0.6304819
khanhha_noisy2::Rissbilder_for_Florian_9S6A3100_62_648_2874_2646.jpg,0.30072856,0.31078798,0.38848346
khanhha_noisy2::Rissbilder_for_Florian_9S6A3100_765_387_2677_2632.jpg,0.54098666,0.22354415,0.23546925
khanhha_noisy2::Rissbilder_for_Florian_9S6A3102_100_448_3704_4115.jpg,0.3125321,0.20163383,0.48583412
khanhha_noisy2::Rissbilder_for_Florian_9S6A3105_186_619_3616_4246.jpg,0.44149053,0.079843976,0.47866544
khanhha_noisy2::Rissbilder_for_Florian_9S6A3105_871_2904_2401_2180.jpg,0.28894836,0.2276157,0.4834359
khanhha_noisy2::Rissbilder_for_Florian_9S6A3105_95_40_3736_3924.jpg,0.7186997,0.039669298,0.24163106
khanhha_noisy2::Rissbilder_for_Florian_9S6A3115_1009_154_4329_3598.jpg,0.12385336,0.12962526,0.74652135
khanhha_noisy2::Rissbilder_for_Florian_9S6A3115_1837_674_2470_3120.jpg,0.10266902,0.07480016,0.82253075
khanhha_noisy2::Rissbilder_for_Florian_9S6A3115_1867_748_3166_2919.jpg,0.09396074,0.06492587,0.8411134
khanhha_noisy2::Rissbilder_for_Florian_9S6A3122_155_390_2741_3264.jpg,0.21254553,0.15524611,0.6322084
khanhha_noisy2::Rissbilder_for_Florian_9S6A3122_463_1629_3085_3858.jpg,0.5203734,0.10788154,0.37174496
khanhha_noisy2::Rissbilder_for_Florian_9S6A3124_1300_898_2343_2899.jpg,0.045583397,0.04678336,0.90763324
khanhha_noisy2::Rissbilder_for_Florian_9S6A3124_465_2434_3240_3146.jpg,0.057754762,0.044705734,0.8975395
khanhha_noisy2::Rissbilder_for_Florian_9S6A3126_162_642_3629_3769.jpg,0.54540867,0.095952295,0.35863906
khanhha_noisy2::Rissbilder_for_Florian_9S6A3126_206_1216_3376_3686.jpg,0.6074052,0.108277425,0.28431743
khanhha_noisy2::Rissbilder_for_Florian_9S6A3126_264_1533_3180_4043.jpg,0.6586184,0.09399939,0.24738212
khanhha_noisy2::Rissbilder_for_Florian_9S6A3126_429_167_3310_4297.jpg,0.5170198,0.118541054,0.3644391
khanhha_noisy2::Rissbilder_for_Florian_9S6A3129_141_412_2185_2751.jpg,0.4497906,0.27298948,0.27721995
khanhha_noisy2::Rissbilder_for_Florian_9S6A3129_78_688_3494_3199.jpg,0.19919921,0.20315349,0.59764725
khanhha_noisy2::Rissbilder_for_Florian_9S6A3129_882_707_2680_2479.jpg,0.29337093,0.15972641,0.54690266
khanhha_noisy2::Rissbilder_for_Florian_9S6A3132_2349_1232_2560_2243.jpg,0.26319337,0.1579321,0.57887447
khanhha_noisy2::Rissbilder_for_Florian_9S6A3132_2998_275_2346_3000.jpg,0.26393738,0.26165104,0.47441158
khanhha_noisy2::Sylvie_Chambon_058.jpg,0.3600744,0.2902276,0.349698
khanhha_noisy2::Sylvie_Chambon_062.jpg,0.32543287,0.5270543,0.1475129
khanhha_noisy2::Sylvie_Chambon_068.jpg,0.48963094,0.38682085,0.12354818
khanhha_noisy2::Sylvie_Chambon_089.jpg,0.18809512,0.13831621,0.6735887
khanhha_noisy2::Sylvie_Chambon_206.jpg,0.14814249,0.7486036,0.10325396
khanhha_noisy2::Sylvie_Chambon_207.jpg,0.31425315,0.3651005,0.32064638
khanhha_noisy2::Sylvie_Chambon_306.jpg,0.19898723,0.35662568,0.44438714
khanhha_noisy2::Volker_DSC01608_969_117_1674_1684.jpg,0.123808905,0.20098415,0.67520696
khanhha_noisy2::Volker_DSC01610_123_687_1549_1614.jpg,0.14529967,0.31258306,0.5421173
khanhha_noisy2::Volker_DSC01610_142_1014_1353_1352.jpg,0.20219097,0.2588561,0.538953
khanhha_noisy2::Volker_DSC01610_303_207_1284_1603.jpg,0.12683901,0.4397514,0.43340954
khanhha_noisy2::Volker_DSC01628_0_0_1824_2736.jpg,0.37426803,0.27328205,0.3524499
khanhha_noisy2::Volker_DSC01628_628_1158_1128_1084.jpg,0.30962643,0.24088915,0.4494844
khanhha_noisy2::Volker_DSC01636_1084_9_1476_1810.jpg,0.10264839,0.18130425,0.71604735
khanhha_noisy2::Volker_DSC01659_516_815_948_1199.jpg,0.3379928,0.30570453,0.35630268
khanhha_noisy2::Volker_DSC01665_11_415_1778_1890.jpg,0.3298962,0.37910548,0.29099828
khanhha_noisy2::Volker_DSC01665_74_990_1563_1266.jpg,0.25882664,0.40172535,0.339448
khanhha_noisy2::Volker_DSC01673_0_0_1824_2736.jpg,0.5816262,0.02624552,0.39212823
khanhha_noisy2::Volker_DSC01677_185_223_1446_1163.jpg,0.6717888,0.21275969,0.11545157
khanhha_noisy2::Volker_DSC01677_26_956_1697_1698.jpg,0.6560497,0.25556237,0.088387914
khanhha_noisy2::Volker_DSC01677_40_7_1782_1399.jpg,0.7325388,0.17023644,0.097224854
khanhha_noisy2::Volker_DSC01687_13_413_1695_1782.jpg,0.63814175,0.20148489,0.16037336
khanhha_noisy2::Volker_DSC01687_256_1075_1494_1234.jpg,0.70891017,0.13617182,0.15491803
khanhha_noisy2::Volker_DSC01688_29_115_1785_2096.jpg,0.45748672,0.27613038,0.26638287
khanhha_noisy2::Volker_DSC01688_89_1104_1613_1250.jpg,0.3088804,0.39222446,0.29889518
khanhha_noisy2::Volker_DSC01696_0_0_2736_1824.jpg,0.6574996,0.14558536,0.19691508
khanhha_noisy2::Volker_DSC01705_103_1212_1149_941.jpg,0.10902998,0.79574895,0.09522108
khanhha_noisy2::Volker_DSC01705_286_514_1483_1229.jpg,0.2762464,0.5416712,0.1820824
khanhha_noisy2::Volker_DSC01705_35_261_1646_1312.jpg,0.5136976,0.33618367,0.15011874
khanhha_noisy2::Volker_DSC01705_493_958_1260_1668.jpg,0.72524124,0.08560096,0.18915778
khanhha_noisy2::Volker_DSC01706_613_680_974_1043.jpg,0.46165898,0.23760438,0.30073664
khanhha_noisy2::Volker_DSC01709_269_118_1281_1314.jpg,0.7336849,0.11946661,0.14684848
khanhha_noisy2::Volker_DSC01709_71_801_1387_1771.jpg,0.49607,0.2776431,0.2262869
khanhha_noisy2::cracktree200_6281.jpg,0.75088584,0.16275887,0.08635525
khanhha_noisy2::cracktree200_6327.jpg,0.42346314,0.2767727,0.29976422
khanhha_noisy2::cracktree200_6329.jpg,0.85716,0.1068327,0.03600732
khanhha_noisy2::cracktree200_6330.jpg,0.6478705,0.21427733,0.13785224
khanhha_noisy2::cracktree200_6340.jpg,0.5053567,0.35137996,0.14326338
khanhha_noisy2::cracktree200_6623.jpg,0.71236426,0.15343653,0.13419917
khanhha_noisy2::cracktree200_6658.jpg,0.5864575,0.23206408,0.18147847
khanhha_noisy2::forest_003.jpg,0.6344834,0.12182574,0.24369079
khanhha_noisy2::forest_069.jpg,0.2762989,0.57187206,0.15182906
khanhha_noisy2::forest_076.jpg,0.3531161,0.46448466,0.18239917
khanhha_noisy2::forest_098.jpg,0.10708824,0.17030238,0.7226094
khanhha_noisy2::forest_109.jpg,0.15460268,0.27622598,0.5691713
khanhha_noisy2::noncrack_noncrack_concrete_wall_12_3.jpg.jpg,0.05634699,0.43349653,0.51015645
khanhha_noisy2::noncrack_noncrack_concrete_wall_12_9.jpg.jpg,0.053474735,0.6159364,0.33058885
khanhha_noisy2::noncrack_noncrack_concrete_wall_14_11.jpg.jpg,0.010012148,0.9684406,0.021547295
khanhha_noisy2::noncrack_noncrack_concrete_wall_14_25.jpg.jpg,0.011292739,0.9754675,0.013239751
khanhha_noisy2::noncrack_noncrack_concrete_wall_21_0.jpg.jpg,0.0010534768,0.991267,0.0076794834
khanhha_noisy2::noncrack_noncrack_concrete_wall_31_0.jpg.jpg,0.012770638,0.90143365,0.08579567
khanhha_noisy2::noncrack_noncrack_concrete_wall_31_4.jpg.jpg,0.014858661,0.9038116,0.081329755
khanhha_noisy2::noncrack_noncrack_concrete_wall_34_0.jpg.jpg,0.012922671,0.9734105,0.013666853
khanhha_noisy2::noncrack_noncrack_concrete_wall_39_9.jpg.jpg,0.0055574114,0.96693456,0.027508065
khanhha_noisy2::noncrack_noncrack_concrete_wall_40_0.jpg.jpg,0.006962478,0.88477683,0.10826068
khanhha_noisy2::noncrack_noncrack_concrete_wall_40_5.jpg.jpg,0.0051718336,0.9391732,0.055654943
khanhha_noisy2::noncrack_noncrack_concrete_wall_45_13.jpg.jpg,0.013792439,0.9650743,0.021133296
khanhha_noisy2::noncrack_noncrack_concrete_wall_45_4.jpg.jpg,0.013792439,0.9650743,0.021133296
khanhha_noisy2::noncrack_noncrack_concrete_wall_45_5.jpg.jpg,0.013792439,0.9650743,0.021133296
khanhha_noisy2::noncrack_noncrack_concrete_wall_54_24.jpg.jpg,0.013925088,0.98224604,0.0038289628
khanhha_noisy2::noncrack_noncrack_concrete_wall_54_27.jpg.jpg,0.02717237,0.9637081,0.009119507
khanhha_noisy2::noncrack_noncrack_concrete_wall_54_28.jpg.jpg,0.009518968,0.9878122,0.0026688548
khanhha_noisy2::noncrack_noncrack_concrete_wall_54_31.jpg.jpg,0.012539937,0.98131955,0.0061405776
khanhha_noisy2::noncrack_noncrack_concrete_wall_54_33.jpg.jpg,0.019359492,0.9753338,0.0053067943
khanhha_noisy2::noncrack_noncrack_concrete_wall_54_36.jpg.jpg,0.02620936,0.968275,0.005515612
khanhha_noisy2::noncrack_noncrack_concrete_wall_54_4.jpg.jpg,0.012079545,0.9832428,0.004677621
khanhha_noisy2::noncrack_noncrack_concrete_wall_54_40.jpg.jpg,0.016530309,0.9764642,0.007005347
khanhha_noisy2::noncrack_noncrack_concrete_wall_54_44.jpg.jpg,0.013336742,0.97933495,0.007328384
khanhha_noisy2::noncrack_noncrack_concrete_wall_54_48.jpg.jpg,0.022064416,0.9615482,0.016387377
khanhha_noisy2::noncrack_noncrack_concrete_wall_54_53.jpg.jpg,0.021789236,0.9726399,0.005570838
khanhha_noisy2::noncrack_noncrack_concrete_wall_54_54.jpg.jpg,0.017590169,0.97779524,0.0046145967
khanhha_noisy2::noncrack_noncrack_concrete_wall_54_57.jpg.jpg,0.011272224,0.98489875,0.0038290978
khanhha_noisy2::noncrack_noncrack_concrete_wall_54_72.jpg.jpg,0.014927581,0.9756334,0.009439003
khanhha_noisy2::noncrack_noncrack_concrete_wall_5_10.jpg.jpg,0.0011592286,0.9942399,0.004600853
khanhha_noisy2::noncrack_noncrack_concrete_wall_63_1.jpg.jpg,0.0075927274,0.9657385,0.026668802
khanhha_noisy2::noncrack_noncrack_concrete_wall_67_1.jpg.jpg,0.021851158,0.9600386,0.018110184
khanhha_noisy2::noncrack_noncrack_concrete_wall_67_2.jpg.jpg,0.02579873,0.947164,0.027037274
khanhha_noisy2::noncrack_noncrack_concrete_wall_6_0.jpg.jpg,0.004387515,0.9696928,0.02591969
khanhha_noisy2::noncrack_noncrack_concrete_wall_70_3.jpg.jpg,0.012615082,0.42110398,0.56628096
khanhha_noisy2::noncrack_noncrack_concrete_wall_73_1.jpg.jpg,0.0049253358,0.9131327,0.08194192
khanhha_noisy2::noncrack_noncrack_concrete_wall_73_2.jpg.jpg,0.0049253358,0.9131327,0.08194192
khanhha_noisy2::noncrack_noncrack_concrete_wall_73_4.jpg.jpg,0.0069007664,0.8792128,0.11388641
khanhha_noisy2::noncrack_noncrack_concrete_wall_75_0.jpg.jpg,0.027184684,0.8816019,0.09121348
khanhha_noisy2::noncrack_noncrack_concrete_wall_75_18.jpg.jpg,0.018293176,0.91055965,0.071147226
khanhha_noisy2::noncrack_noncrack_concrete_wall_75_24.jpg.jpg,0.021102963,0.89829946,0.08059758
khanhha_noisy2::noncrack_noncrack_concrete_wall_76_1.jpg.jpg,0.08784463,0.807754,0.104401365
khanhha_noisy2::noncrack_noncrack_concrete_wall_76_22.jpg.jpg,0.07675154,0.8434923,0.079756126
khanhha_noisy2::noncrack_noncrack_concrete_wall_76_30.jpg.jpg,0.11458624,0.7802784,0.10513545
khanhha_noisy2::noncrack_noncrack_concrete_wall_76_36.jpg.jpg,0.08260151,0.85937953,0.05801896
khanhha_noisy2::noncrack_noncrack_concrete_wall_76_38.jpg.jpg,0.08305949,0.7579245,0.15901606
khanhha_noisy2::noncrack_noncrack_concrete_wall_76_49.jpg.jpg,0.08076847,0.7976249,0.121606655
khanhha_noisy2::noncrack_noncrack_concrete_wall_76_5.jpg.jpg,0.089292526,0.748507,0.16220044
khanhha_noisy2::noncrack_noncrack_concrete_wall_76_62.jpg.jpg,0.19380336,0.6888537,0.11734295
khanhha_noisy2::noncrack_noncrack_concrete_wall_89_0.jpg.jpg,0.0021016821,0.9902478,0.007650432
khanhha_noisy2::noncrack_noncrack_concrete_wall_89_1.jpg.jpg,0.0038225993,0.98814964,0.008027736
khanhha_noisy2::noncrack_noncrack_concrete_wall_91_1.jpg.jpg,0.002620014,0.98584336,0.011536584
road420::2023_10_30_15_44_IMG_5888.jpg,0.21348004,0.261048,0.525472
road420::2023_10_30_15_45_IMG_5891.jpg,0.3759377,0.31709912,0.30696312
road420::2023_10_30_15_47_IMG_5893.jpg,0.56397045,0.06019667,0.37583292
road420::2023_10_30_15_48_IMG_5897.jpg,0.63643605,0.028987112,0.33457685
road420::2023_10_30_15_49_IMG_5899.jpg,0.91067547,0.035901327,0.05342316
road420::2023_10_30_15_50_IMG_5905.jpg,0.49956116,0.07422651,0.4262123
road420::2023_10_30_15_52_IMG_5909.jpg,0.67261803,0.03498461,0.29239744
road420::2023_10_30_15_54_IMG_5916.jpg,0.12067868,0.03991276,0.8394086
road420::2023_10_30_15_55_IMG_5918.jpg,0.88013506,0.020868866,0.09899603
road420::2023_10_30_16_01_IMG_5930.jpg,0.80282235,0.05305632,0.14412132
road420::2023_10_30_16_16_IMG_5939.jpg,0.35029295,0.04009466,0.6096124
road420::2023_10_30_16_18_IMG_5951.jpg,0.296751,0.18409039,0.5191586
road420::2023_10_30_16_21_IMG_5958.jpg,0.15871619,0.025328431,0.8159554
road420::2023_10_30_16_23_IMG_5969.jpg,0.0495349,0.14644584,0.8040193
road420::2023_10_30_16_24_IMG_5971.jpg,0.5667062,0.11584629,0.3174476
road420::2023_10_30_16_25_IMG_5975.jpg,0.22384809,0.04174487,0.73440707
road420::2023_10_30_16_26_IMG_5977.jpg,0.25398472,0.08617743,0.6598379
road420::2023_10_30_16_28_IMG_5982.jpg,0.046908356,0.2918431,0.6612485
road420::2023_10_30_16_30_IMG_5986.jpg,0.40129015,0.3040071,0.29470277
road420::2023_10_30_16_32_IMG_5993.jpg,0.54318947,0.015902357,0.44090816
road420::2023_10_30_16_32_IMG_5994.jpg,0.3124106,0.17048776,0.51710165
road420::2023_10_30_16_33_IMG_5999.jpg,0.5789492,0.07475774,0.3462931
road420::2023_10_30_16_39_IMG_6012.jpg,0.5258681,0.07606176,0.39807013
road420::2023_10_30_16_41_IMG_6028.jpg,0.7450428,0.04891217,0.20604508
road420::2023_10_30_16_44_IMG_6033.jpg,0.12583359,0.031149762,0.8430167
road420::2023_10_30_16_44_IMG_6036.jpg,0.35383385,0.043949652,0.6022165
road420::2023_10_30_16_47_IMG_6047.jpg,0.5306711,0.055357795,0.41397107
road420::2023_10_30_16_53_IMG_6062.jpg,0.8750015,0.030747605,0.09425085
road420::2023_10_30_16_55_IMG_6068.jpg,0.7284048,0.051128086,0.22046708
road420::2023_10_30_16_57_IMG_6078.jpg,0.33174595,0.08321113,0.5850429
road420::2023_10_30_16_58_IMG_6084.jpg,0.74902856,0.058084235,0.19288723
road420::2023_10_30_16_58_IMG_6085.jpg,0.47194806,0.047045223,0.4810067
road420::2023_10_30_16_58_IMG_6088.jpg,0.7324191,0.070815116,0.19676584
road420::2023_10_30_16_59_IMG_6090.jpg,0.65367645,0.07099577,0.2753278
road420::2023_10_30_17_00_IMG_6100.jpg,0.84144074,0.09334931,0.06520997
road420::2023_10_30_17_01_IMG_6105.jpg,0.69968325,0.064360216,0.23595658
road420::2023_10_30_17_01_IMG_6107.jpg,0.79067457,0.11684457,0.09248088
road420::2023_10_30_17_02_IMG_6109.jpg,0.48542365,0.067667834,0.4469085
road420::2023_10_30_17_03_IMG_6120.jpg,0.6070464,0.073803194,0.31915033
road420::2023_10_30_17_04_IMG_6127.jpg,0.48487684,0.08600631,0.42911687
road420::2023_10_30_17_04_IMG_6128.jpg,0.30744565,0.071243055,0.62131125
road420::2023_10_30_17_06_IMG_6138.jpg,0.4805252,0.059992313,0.45948252
road420::2023_10_30_17_21_IMG_6148.jpg,0.2099471,0.1604435,0.62960935
road420::2023_10_30_17_24_IMG_6152.jpg,0.41021812,0.28585383,0.30392793
road420::2023_10_30_17_30_IMG_6163.jpg,0.08278274,0.07149584,0.8457215
road420::2023_10_30_17_31_IMG_6168.jpg,0.4561425,0.086484455,0.45737305
road420::2023_10_30_17_31_IMG_6172.jpg,0.49909553,0.036825888,0.46407852
road420::2023_10_30_17_33_IMG_6178.jpg,0.25289574,0.043555405,0.70354885
road420::2023_10_30_17_35_IMG_6188.jpg,0.080439076,0.030992601,0.8885684
road420::2023_10_30_17_36_IMG_6195.jpg,0.4866198,0.06910684,0.44427338
road420::2023_10_30_17_37_IMG_6198.jpg,0.38714218,0.08495038,0.52790743
road420::2023_10_30_17_38_IMG_6200.jpg,0.23088564,0.050580602,0.71853375
road420::2023_10_31_13_41_IMG_6216.jpg,0.19419096,0.10768766,0.6981214
road420::2023_10_31_13_47_IMG_6221.jpg,0.6729872,0.11776058,0.20925227
road420::2023_10_31_13_51_IMG_6223.jpg,0.3530748,0.49194035,0.15498494
road420::2023_10_31_14_10_IMG_6234.jpg,0.14371994,0.071960144,0.7843199
road420::2023_10_31_14_21_IMG_6245.jpg,0.8619674,0.062153812,0.07587878
road420::2023_10_31_14_23_IMG_6247.jpg,0.6579966,0.03387765,0.3081258
road420::2023_10_31_14_26_IMG_6248.jpg,0.80467844,0.035481244,0.15984024
road420::2023_10_31_14_26_IMG_6250.jpg,0.6146581,0.009404174,0.37593776
road420::2023_10_31_14_28_IMG_6260.jpg,0.88373864,0.011685325,0.10457602
road420::2023_10_31_14_30_IMG_6265.jpg,0.7441729,0.0744395,0.18138766
road420::2023_10_31_14_30_IMG_6266.jpg,0.7009943,0.14379282,0.15521282
road420::2023_10_31_14_40_IMG_6284.jpg,0.8202831,0.021721963,0.15799499
road420::2023_10_31_14_42_IMG_6285.jpg,0.8106863,0.06283391,0.12647983
road420::2023_10_31_14_43_IMG_6287.jpg,0.88885707,0.019270983,0.09187205
road420::2023_10_31_14_46_IMG_6294.jpg,0.89376134,0.03413164,0.072106995
road420::2023_10_31_14_47_IMG_6297.jpg,0.61437124,0.025359314,0.3602695
road420::2023_11_01_20_21_IMG_6339.jpg,0.30392042,0.19605228,0.50002736
road420::2023_11_01_20_32_IMG_6351.jpg,0.7676929,0.013797601,0.21850945
road420::2023_11_01_20_37_IMG_6358.jpg,0.20858647,0.06518136,0.72623223
road420::2023_11_01_20_41_IMG_6367.jpg,0.341544,0.16439383,0.49406216
road420::2023_11_01_20_44_IMG_6372.jpg,0.39023945,0.029334383,0.58042616
road420::2023_11_05_21_00_IMG_6437.jpg,0.42589843,0.23297156,0.34113002
road420::2023_11_05_21_06_IMG_6453.jpg,0.24557161,0.045709495,0.7087189
road420::2023_11_05_21_07_IMG_6454.jpg,0.43970484,0.058850925,0.5014443
road420::2023_11_05_21_13_IMG_6462.jpg,0.49170175,0.07196742,0.43633085
road420::2023_11_05_21_15_IMG_6466.jpg,0.32181063,0.16326772,0.51492167
road420::2023_11_05_21_16_IMG_6468.jpg,0.56247014,0.05287042,0.38465944
road420::2023_11_05_21_19_IMG_6471.jpg,0.43453243,0.02525027,0.5402173
road420::2023_11_05_21_22_IMG_6474.jpg,0.6185553,0.03864273,0.3428019
road420::2023_11_05_21_25_IMG_6486.jpg,0.80555964,0.035311338,0.15912908
road420::2023_11_05_21_27_IMG_6490.jpg,0.13968419,0.025582453,0.83473337
road420::2023_11_05_21_27_IMG_6491.jpg,0.5051654,0.06283988,0.43199477
road420::2023_11_05_21_29_IMG_6496.jpg,0.3021615,0.050745066,0.64709336
road420::2023_11_05_21_33_IMG_6507.jpg,0.9039836,0.03926435,0.056752015
road420::2023_11_05_21_38_IMG_6516.jpg,0.3010483,0.17775455,0.52119714
road420::2023_11_05_21_39_IMG_6520.jpg,0.109976776,0.19077574,0.6992475
road420::2023_11_05_21_40_IMG_6523.jpg,0.20414829,0.18865365,0.6071981
facade390::DJ_Wall_1.JPG,0.5781974,0.166676,0.25512657
facade390::DJ_Wall_100.JPG,0.2532979,0.14645486,0.60024726
facade390::DJ_Wall_104.JPG,0.45345014,0.080883,0.46566683
facade390::DJ_Wall_11.JPG,0.27736616,0.10811092,0.61452293
facade390::DJ_Wall_110.JPG,0.5679137,0.11193274,0.32015356
facade390::DJ_Wall_115.JPG,0.1719059,0.25976872,0.5683254
facade390::DJ_Wall_126.JPG,0.35540304,0.1781083,0.46648866
facade390::DJ_Wall_129.JPG,0.88816226,0.044119354,0.06771839
facade390::DJ_Wall_130.JPG,0.87315357,0.06847739,0.05836897
facade390::DJ_Wall_138.JPG,0.9298045,0.044425655,0.025769861
facade390::DJ_Wall_159.JPG,0.9212476,0.0367884,0.04196402
facade390::DJ_Wall_161.JPG,0.8608964,0.08772808,0.051375486
facade390::DJ_Wall_169.JPG,0.8195985,0.08998173,0.0904197
facade390::DJ_Wall_172.JPG,0.9044283,0.040900204,0.05467149
facade390::DJ_Wall_189.JPG,0.87761706,0.033386853,0.08899605
facade390::DJ_Wall_190.JPG,0.4485759,0.23259594,0.3188282
facade390::DJ_Wall_195.JPG,0.26962912,0.18760109,0.54276973
facade390::DJ_Wall_202.JPG,0.244473,0.23606078,0.5194662
facade390::DJ_Wall_206.JPG,0.5339156,0.046654902,0.41942957
facade390::DJ_Wall_210.JPG,0.6093497,0.053219005,0.3374313
facade390::DJ_Wall_216.JPG,0.16398528,0.55841994,0.2775948
facade390::DJ_Wall_219.JPG,0.23939396,0.6359669,0.12463907
facade390::DJ_Wall_224.JPG,0.21091923,0.010056149,0.7790246
facade390::DJ_Wall_225.JPG,0.6424216,0.013493752,0.3440846
facade390::DJ_Wall_229.JPG,0.25279745,0.09076005,0.6564425
facade390::DJ_Wall_240.JPG,0.18979286,0.033731736,0.7764754
facade390::DJ_Wall_242.JPG,0.74053234,0.050286897,0.2091808
facade390::DJ_Wall_244.JPG,0.5316623,0.02695651,0.44138122
facade390::DJ_Wall_253.JPG,0.030584823,0.026922312,0.9424929
facade390::DJ_Wall_256.JPG,0.042017974,0.047661006,0.910321
facade390::DJ_Wall_259.JPG,0.07691897,0.018090256,0.90499085
facade390::DJ_Wall_260.JPG,0.43128985,0.023040356,0.5456698
facade390::DJ_Wall_265.JPG,0.16092364,0.056282893,0.78279346
facade390::DJ_Wall_274.JPG,0.3097923,0.3031521,0.38705552
facade390::DJ_Wall_283.JPG,0.25043088,0.1974502,0.5521189
facade390::DJ_Wall_296.JPG,0.3694042,0.15688565,0.4737102
facade390::DJ_Wall_301.JPG,0.75384957,0.10339518,0.14275524
facade390::DJ_Wall_302.JPG,0.61943156,0.30327418,0.07729426
facade390::DJ_Wall_305.JPG,0.61400837,0.17774627,0.2082454
facade390::DJ_Wall_308.JPG,0.40425515,0.24149813,0.35424677
facade390::DJ_Wall_315.JPG,0.07368707,0.09451808,0.83179486
facade390::DJ_Wall_320.JPG,0.5571318,0.26813552,0.17473261
facade390::DJ_Wall_33.JPG,0.16375363,0.14356427,0.6926821
facade390::DJ_Wall_335.JPG,0.7834601,0.13482699,0.081712954
facade390::DJ_Wall_336.JPG,0.7684299,0.0975491,0.13402098
facade390::DJ_Wall_347.JPG,0.43773082,0.34500974,0.21725939
facade390::DJ_Wall_35.JPG,0.40370405,0.01127993,0.585016
facade390::DJ_Wall_350.JPG,0.11527954,0.170495,0.7142255
facade390::DJ_Wall_367.JPG,0.51808494,0.100403264,0.38151184
facade390::DJ_Wall_370.JPG,0.5252394,0.13691056,0.33785003
facade390::DJ_Wall_374.JPG,0.6354733,0.13382158,0.2307051
facade390::DJ_Wall_378.JPG,0.3908088,0.31854475,0.29064652
facade390::DJ_Wall_384.JPG,0.20494258,0.5153467,0.27971062
facade390::DJ_Wall_40.JPG,0.34616807,0.040149175,0.61368275
facade390::DJ_Wall_45.JPG,0.43441877,0.14075378,0.4248275
facade390::DJ_Wall_58.JPG,0.1528297,0.041510995,0.80565923
facade390::DJ_Wall_60.JPG,0.3203855,0.01581323,0.66380125
facade390::DJ_Wall_65.JPG,0.45331496,0.014876239,0.5318088
facade390::DJ_Wall_68.JPG,0.47216627,0.0949677,0.432866
facade390::DJ_Wall_71.JPG,0.3781503,0.023873415,0.59797627
facade390::DJ_Wall_80.JPG,0.2128513,0.20102225,0.58612645
facade390::DJ_Wall_91.JPG,0.17833507,0.2655963,0.5560686
concrete3k::018_11.jpg,0.46465793,0.1266663,0.4086758
concrete3k::018_15.jpg,0.46855247,0.040349368,0.49109823
concrete3k::018_27.jpg,0.7583905,0.059002366,0.18260716
concrete3k::018_3.jpg,0.60399026,0.07203364,0.3239761
concrete3k::018_43.jpg,0.34943846,0.17924574,0.47131577
concrete3k::018_7.jpg,0.5083853,0.084460154,0.40715447
concrete3k::019_11.jpg,0.5872814,0.20870316,0.2040154
concrete3k::019_2.jpg,0.45453534,0.10984573,0.43561888
concrete3k::019_3.jpg,0.5089057,0.07137212,0.41972214
concrete3k::019_36.jpg,0.33170328,0.09412918,0.57416755
concrete3k::019_44.jpg,0.5911199,0.05079222,0.35808787
concrete3k::019_8.jpg,0.21906339,0.51576275,0.2651738
concrete3k::023_10.jpg,0.6100097,0.22021507,0.16977528
concrete3k::023_11.jpg,0.68802387,0.15846393,0.15351218
concrete3k::023_18.jpg,0.69949156,0.124650314,0.17585808
concrete3k::023_20.jpg,0.66321015,0.19274347,0.14404646
concrete3k::023_21.jpg,0.46069822,0.28632423,0.25297755
concrete3k::023_22.jpg,0.19723211,0.18353406,0.6192338
concrete3k::023_31.jpg,0.5762372,0.19282193,0.23094085
concrete3k::023_39.jpg,0.06520312,0.7596331,0.17516379
concrete3k::023_8.jpg,0.5502461,0.05722657,0.39252725
concrete3k::026_17.jpg,0.673455,0.10784115,0.21870387
concrete3k::026_18.jpg,0.6056168,0.22775064,0.16663258
concrete3k::026_19.jpg,0.43756264,0.25164083,0.31079662
concrete3k::026_27.jpg,0.45129547,0.18280843,0.36589605
concrete3k::026_28.jpg,0.5156129,0.22737393,0.25701317
concrete3k::026_29.jpg,0.5257777,0.27057278,0.20364958
concrete3k::026_31.jpg,0.5141659,0.18269683,0.30313727
concrete3k::026_8.jpg,0.1521147,0.51806426,0.32982102
concrete3k::032_10.jpg,0.17087843,0.36361068,0.4655109
concrete3k::032_11.jpg,0.6010847,0.16392697,0.23498836
concrete3k::032_19.jpg,0.6818619,0.088820934,0.22931714
concrete3k::032_2.jpg,0.63088965,0.05840398,0.31070638
concrete3k::032_20.jpg,0.6476117,0.055207,0.29718134
concrete3k::032_28.jpg,0.5950549,0.15689492,0.24805018
concrete3k::032_37.jpg,0.5121584,0.2335314,0.25431022
concrete3k::032_45.jpg,0.6047387,0.089669526,0.3055917
concrete3k::035_10.jpg,0.2708658,0.16286817,0.566266
concrete3k::035_19.jpg,0.54293305,0.32450467,0.1325623
concrete3k::035_37.jpg,0.43798292,0.4141698,0.14784731
concrete3k::035_46.jpg,0.4462545,0.31537813,0.23836748
concrete3k::035_9.jpg,0.65278435,0.21506965,0.13214591
concrete3k::036_11.jpg,0.70601016,0.17996936,0.114020474
concrete3k::036_21.jpg,0.40756428,0.31282362,0.2796121
concrete3k::036_29.jpg,0.3553768,0.25343516,0.391188
concrete3k::036_30.jpg,0.59279025,0.18284391,0.2243659
concrete3k::036_39.jpg,0.41875482,0.26722294,0.31402224
concrete3k::036_8.jpg,0.799775,0.112927854,0.08729714
concrete3k::036_9.jpg,0.5639175,0.25769642,0.17838609
concrete3k::040_21.jpg,0.2969873,0.48748383,0.2155289
concrete3k::040_23.jpg,0.26308542,0.542676,0.19423862
concrete3k::040_26.jpg,0.6002769,0.28534392,0.11437919
concrete3k::040_28.jpg,0.27653345,0.58448213,0.13898444
concrete3k::040_33.jpg,0.70718735,0.20544772,0.087364964
concrete3k::040_34.jpg,0.7071337,0.2427506,0.05011562
concrete3k::054_10.jpg,0.38341913,0.17625801,0.44032285
concrete3k::054_11.jpg,0.54079705,0.306923,0.1522799
concrete3k::054_20.jpg,0.28263184,0.21496868,0.5023995
concrete3k::054_28.jpg,0.75657624,0.15068047,0.09274331
concrete3k::054_37.jpg,0.7617748,0.13288853,0.105336666
concrete3k::054_46.jpg,0.8430184,0.0993732,0.057608396
concrete3k::057_0.jpg,0.2435113,0.27910647,0.47738227
concrete3k::057_1.jpg,0.86474264,0.08908829,0.04616907
concrete3k::057_10.jpg,0.6317278,0.2799446,0.08832756
concrete3k::057_19.jpg,0.6881037,0.2073656,0.10453069
concrete3k::057_29.jpg,0.44026121,0.36098152,0.19875723
concrete3k::057_30.jpg,0.397455,0.40707472,0.19547033
concrete3k::057_39.jpg,0.49320012,0.24823207,0.2585678
concrete3k::060_0.jpg,0.62038463,0.06804784,0.3115676
concrete3k::060_10.jpg,0.709005,0.21546903,0.07552604
concrete3k::060_11.jpg,0.37892875,0.2732381,0.34783316
concrete3k::060_19.jpg,0.35692793,0.46700016,0.17607196
concrete3k::060_27.jpg,0.3449996,0.32759792,0.3274025
concrete3k::060_28.jpg,0.4853403,0.37847498,0.13618469
concrete3k::060_39.jpg,0.21364354,0.381612,0.40474442
concrete3k::060_45.jpg,0.68913794,0.20850562,0.10235646
concrete3k::060_47.jpg,0.353012,0.18832429,0.45866367
concrete3k::061_19.jpg,0.5240457,0.21276455,0.26318976
concrete3k::061_28.jpg,0.6023494,0.21515809,0.18249252
concrete3k::061_45.jpg,0.37689677,0.32087407,0.30222914
concrete3k::061_46.jpg,0.26111916,0.55145425,0.1874266
concrete3k::061_47.jpg,0.47311345,0.18178962,0.34509695
concrete3k::061_9.jpg,0.37902552,0.42870173,0.19227283
concrete3k::063_0.jpg,0.7562566,0.05945139,0.18429205
concrete3k::063_1.jpg,0.5995224,0.15013969,0.25033793
concrete3k::063_11.jpg,0.26758835,0.4189359,0.31347576
concrete3k::063_29.jpg,0.30704072,0.48736578,0.20559344
concrete3k::063_3.jpg,0.08253159,0.15393275,0.76353574
concrete3k::063_37.jpg,0.2600807,0.36108053,0.37883878
concrete3k::063_38.jpg,0.3661457,0.28763205,0.34622228
concrete3k::063_39.jpg,0.09402068,0.23323867,0.6727407
concrete3k::063_46.jpg,0.32573536,0.13528652,0.5389781
concrete3k::063_47.jpg,0.73224735,0.15040234,0.11735028
concrete3k::067_14.jpg,0.6352299,0.06417947,0.30059072
concrete3k::067_28.jpg,0.6142426,0.25968513,0.12607232
concrete3k::067_32.jpg,0.6022012,0.04474343,0.35305533
concrete3k::067_34.jpg,0.8794812,0.07499223,0.04552652
concrete3k::067_36.jpg,0.7659492,0.096938394,0.13711241
concrete3k::067_41.jpg,0.85664266,0.06237553,0.080981806
concrete3k::067_43.jpg,0.4034367,0.0532955,0.5432679
concrete3k::076_16.jpg,0.5076825,0.2609646,0.23135285
concrete3k::076_17.jpg,0.42647564,0.3135173,0.26000705
concrete3k::076_18.jpg,0.5517716,0.31846538,0.12976304
concrete3k::076_20.jpg,0.3977315,0.38561207,0.21665636
concrete3k::076_21.jpg,0.4509011,0.28259853,0.2665004
concrete3k::076_30.jpg,0.43576768,0.36544067,0.19879164
concrete3k::076_33.jpg,0.19985163,0.5718442,0.22830422
concrete3k::076_34.jpg,0.1889001,0.0912979,0.719802
concrete3k::076_39.jpg,0.60845226,0.19167691,0.19987085
concrete3k::080_18.jpg,0.37020013,0.3402126,0.28958732
concrete3k::080_19.jpg,0.23188654,0.1777436,0.5903699
concrete3k::080_24.jpg,0.61095756,0.29761362,0.09142887
concrete3k::080_25.jpg,0.3729837,0.3268591,0.3001572
concrete3k::080_26.jpg,0.35742408,0.36460602,0.2779699
concrete3k::080_28.jpg,0.16243383,0.42099246,0.4165737
concrete3k::080_39.jpg,0.49726376,0.32318074,0.1795555
concrete3k::080_47.jpg,0.38042915,0.44038367,0.17918715
concrete3k::086_11.jpg,0.5302266,0.28647694,0.1832965
concrete3k::086_19.jpg,0.4740144,0.31687257,0.20911312
concrete3k::086_3.jpg,0.2700274,0.07154226,0.65843034
concrete3k::086_35.jpg,0.6422769,0.25275123,0.104971886
concrete3k::086_4.jpg,0.80919254,0.12669335,0.064114116
concrete3k::086_43.jpg,0.5938069,0.18841209,0.21778095
concrete3k::090_11.jpg,0.3301555,0.3081577,0.36168674
concrete3k::090_2.jpg,0.59158033,0.09738284,0.31103683
concrete3k::090_27.jpg,0.84972197,0.091985606,0.058292527
concrete3k::090_3.jpg,0.67719793,0.06901678,0.25378522
concrete3k::095_12.jpg,0.45354775,0.4069341,0.13951808
concrete3k::095_13.jpg,0.43524787,0.42964482,0.13510723
concrete3k::095_20.jpg,0.34996012,0.4280685,0.22197138
concrete3k::095_43.jpg,0.6023087,0.094657965,0.3030333
concrete3k::095_44.jpg,0.08315146,0.68509054,0.23175806
concrete3k::095_5.jpg,0.5121379,0.2530447,0.23481737
concrete3k::098_13.jpg,0.31387588,0.45044532,0.23567878
concrete3k::098_28.jpg,0.15770517,0.4762287,0.36606613
concrete3k::098_29.jpg,0.17187785,0.6560182,0.17210399
concrete3k::098_34.jpg,0.32330835,0.46078274,0.21590884
concrete3k::098_36.jpg,0.21412651,0.39032826,0.39554524
concrete3k::098_37.jpg,0.20852591,0.5741551,0.21731898
concrete3k::098_40.jpg,0.4370022,0.40136698,0.16163084
concrete3k::098_42.jpg,0.31413403,0.47456503,0.21130091
concrete3k::098_43.jpg,0.30798945,0.3666236,0.32538694
concrete3k::098_6.jpg,0.60364187,0.23825936,0.15809885
concrete3k::100_15.jpg,0.423372,0.40816122,0.16846685
concrete3k::100_21.jpg,0.27176937,0.52751625,0.20071436
concrete3k::100_22.jpg,0.26748347,0.49808714,0.23442943
concrete3k::100_26.jpg,0.15357926,0.41593695,0.43048376
concrete3k::100_28.jpg,0.12912287,0.4399229,0.43095422
concrete3k::100_30.jpg,0.31750435,0.2817059,0.40078974
concrete3k::100_31.jpg,0.31254038,0.42786613,0.25959355
concrete3k::100_32.jpg,0.35035345,0.47100762,0.17863898
concrete3k::100_7.jpg,0.58385557,0.25374168,0.16240276
concrete3k::104_0.jpg,0.6366628,0.26721573,0.09612154
concrete3k::104_1.jpg,0.5710951,0.31764463,0.11126023
concrete3k::104_11.jpg,0.106559165,0.70569056,0.18775032
concrete3k::104_12.jpg,0.50451416,0.27466336,0.2208225
concrete3k::104_13.jpg,0.38991588,0.315114,0.29497012
concrete3k::104_14.jpg,0.6098545,0.21749124,0.17265426
concrete3k::104_2.jpg,0.646998,0.26508203,0.087919936
concrete3k::104_22.jpg,0.536093,0.26622444,0.19768259
concrete3k::104_23.jpg,0.48082083,0.28792655,0.23125255
concrete3k::104_34.jpg,0.5227144,0.2857598,0.19152574
concrete3k::104_35.jpg,0.41015983,0.42241144,0.16742873
concrete3k::104_40.jpg,0.42668146,0.070389576,0.5029289
concrete3k::104_42.jpg,0.06351345,0.762542,0.17394455
concrete3k::107_20.jpg,0.6806047,0.23878513,0.080610216
concrete3k::107_24.jpg,0.8574069,0.114140846,0.028452206
concrete3k::107_26.jpg,0.6007027,0.3108695,0.088427834
concrete3k::107_27.jpg,0.31409284,0.35405546,0.3318517
concrete3k::109_1.jpg,0.7483665,0.019894594,0.23173895
concrete3k::109_14.jpg,0.8185369,0.017716406,0.16374671
concrete3k::109_15.jpg,0.8060669,0.027073393,0.16685979
concrete3k::109_2.jpg,0.5037811,0.14852917,0.34768972
concrete3k::115_13.jpg,0.112020925,0.669688,0.21829116
concrete3k::115_16.jpg,0.8882878,0.06534367,0.04636848
concrete3k::115_17.jpg,0.49627313,0.27369022,0.2300366
concrete3k::115_18.jpg,0.37723705,0.41063613,0.21212682
concrete3k::115_20.jpg,0.22550441,0.4616152,0.31288034
concrete3k::115_22.jpg,0.49037582,0.2676879,0.24193625
concrete3k::123_19.jpg,0.5650797,0.16688228,0.26803795
concrete3k::123_27.jpg,0.52612,0.12955372,0.3443263
concrete3k::123_39.jpg,0.20067653,0.45312753,0.34619588
concrete3k::123_43.jpg,0.5602737,0.24127422,0.19845207
concrete3k::124_2.jpg,0.6822182,0.06287909,0.25490278
concrete3k::124_36.jpg,0.71404546,0.039078765,0.24687584
concrete3k::124_37.jpg,0.6718359,0.091866,0.23629813
concrete3k::124_44.jpg,0.30805779,0.35069576,0.34124646
concrete3k::124_45.jpg,0.64881885,0.06530114,0.28588006
concrete3k::128_18.jpg,0.67988485,0.13464123,0.18547395
concrete3k::128_20.jpg,0.47177073,0.23715498,0.29107437
concrete3k::128_21.jpg,0.44965866,0.26973403,0.2806073
concrete3k::128_23.jpg,0.053612854,0.9144392,0.031947866
concrete3k::128_25.jpg,0.20996287,0.6869586,0.1030786
concrete3k::128_31.jpg,0.72027385,0.12589173,0.15383446
concrete3k::138_17.jpg,0.6830413,0.16709445,0.14986436
concrete3k::138_36.jpg,0.5707247,0.17952819,0.24974707
concrete3k::138_37.jpg,0.5122297,0.2907923,0.19697805
concrete3k::138_39.jpg,0.74478066,0.1728417,0.08237773
concrete3k::138_8.jpg,0.8300998,0.07306937,0.09683073
concrete3k::138_9.jpg,0.536158,0.11824857,0.34559348
concrete3k::146_20.jpg,0.4333983,0.32688856,0.23971306
concrete3k::146_36.jpg,0.6130538,0.13412248,0.25282374
concrete3k::146_43.jpg,0.46534228,0.07147374,0.46318397
concrete3k::146_44.jpg,0.5900468,0.12168115,0.288272
concrete3k::146_5.jpg,0.74839586,0.121271335,0.13033283
concrete3k::149_21.jpg,0.46426082,0.26346937,0.27226976
concrete3k::149_22.jpg,0.7713028,0.10084126,0.12785588
concrete3k::149_26.jpg,0.7551144,0.12092598,0.12395962
concrete3k::149_27.jpg,0.7021159,0.17439517,0.123488925
concrete3k::149_28.jpg,0.65716046,0.1545116,0.18832792
concrete3k::170_10.jpg,0.21736467,0.03381504,0.74882025
concrete3k::170_19.jpg,0.40688935,0.2688933,0.3242174
concrete3k::170_20.jpg,0.6795333,0.08947359,0.23099317
concrete3k::170_25.jpg,0.7010966,0.19813687,0.100766554
concrete3k::170_27.jpg,0.096058615,0.6539961,0.24994531
concrete3k::170_29.jpg,0.17023411,0.53592896,0.29383692
concrete3k::170_31.jpg,0.7003943,0.12660043,0.17300534
concrete3k::170_38.jpg,0.6058581,0.28677854,0.10736341
concrete3k::170_39.jpg,0.8130222,0.07640849,0.11056928
concrete3k::170_9.jpg,0.41125003,0.06808779,0.5206622
concrete3k::176_21.jpg,0.21549681,0.47593313,0.30857006
concrete3k::176_24.jpg,0.7112202,0.07814111,0.21063872
concrete3k::176_26.jpg,0.7897801,0.14805487,0.0621651
concrete3k::176_28.jpg,0.68087083,0.17409311,0.14503612
concrete3k::176_29.jpg,0.54516566,0.12585825,0.32897615
concrete3k::176_35.jpg,0.455117,0.06840845,0.47647455
concrete3k::179_16.jpg,0.72669977,0.14511284,0.12818734
concrete3k::179_24.jpg,0.10132625,0.31475955,0.5839143
concrete3k::179_30.jpg,0.7951236,0.116002165,0.08887418
concrete3k::179_31.jpg,0.6515956,0.24442211,0.1039822
concrete3k::179_33.jpg,0.11996752,0.2577599,0.6222726
concrete3k::179_36.jpg,0.40394384,0.36559138,0.2304647
concrete3k::179_37.jpg,0.61894953,0.23693615,0.14411432
concrete3k::190_14.jpg,0.5534764,0.29464364,0.15187994
concrete3k::190_20.jpg,0.32075137,0.37919885,0.30004984
concrete3k::190_27.jpg,0.23140544,0.41580474,0.35278976
concrete3k::190_28.jpg,0.55023205,0.3117217,0.13804626
concrete3k::190_33.jpg,0.40652645,0.4761423,0.11733133
concrete3k::190_7.jpg,0.7807274,0.12577918,0.09349338
concrete3k::199_12.jpg,0.41369054,0.27696863,0.3093408
concrete3k::199_14.jpg,0.27345517,0.5422782,0.18426672
concrete3k::199_15.jpg,0.18394005,0.4031101,0.4129498
concrete3k::199_19.jpg,0.13275047,0.41398624,0.45326322
concrete3k::199_20.jpg,0.19599946,0.45079938,0.3532012
concrete3k::199_21.jpg,0.23220965,0.32487798,0.44291237
concrete3k::199_26.jpg,0.12373091,0.59176344,0.28450564
concrete3k::199_27.jpg,0.32284153,0.44188595,0.23527257
concrete3k::199_40.jpg,0.8802827,0.08075082,0.038966425
concrete3k::203_13.jpg,0.7655924,0.11397445,0.12043314
concrete3k::203_17.jpg,0.8150238,0.057779975,0.12719621
concrete3k::203_18.jpg,0.77293694,0.097272515,0.12979054
concrete3k::203_21.jpg,0.8359489,0.08829093,0.07576015
concrete3k::203_24.jpg,0.8798207,0.036338866,0.08384048
concrete3k::203_25.jpg,0.34808666,0.27887163,0.37304172
concrete3k::203_29.jpg,0.8230221,0.110824585,0.06615319
concrete3k::203_32.jpg,0.32134667,0.05769364,0.62095964
concrete3k::203_37.jpg,0.7516368,0.12064976,0.12771349
concrete3k::203_40.jpg,0.47874188,0.09673264,0.4245255
concrete3k::203_45.jpg,0.7728986,0.08856686,0.13853449
concrete3k::203_5.jpg,0.83470815,0.06296833,0.10232355
concrete3k::203_6.jpg,0.30823493,0.4966541,0.195111
concrete3k::206_0.jpg,0.7606685,0.022250814,0.21708071
concrete3k::206_1.jpg,0.8326105,0.04271214,0.12467738
concrete3k::206_10.jpg,0.8209505,0.10526666,0.07378285
concrete3k::206_11.jpg,0.42057073,0.3335175,0.24591176
concrete3k::206_19.jpg,0.8209056,0.06371927,0.11537512
concrete3k::206_2.jpg,0.08709383,0.77025694,0.14264917
concrete3k::206_28.jpg,0.65571743,0.20394967,0.14033294
concrete3k::206_37.jpg,0.7502922,0.09261298,0.15709484
concrete3k::206_38.jpg,0.7077136,0.09941472,0.19287162
concrete3k::206_39.jpg,0.82256943,0.0603999,0.11703065
concrete3k::206_9.jpg,0.27040488,0.5148484,0.2147468
concrete3k::210_13.jpg,0.84932595,0.077148296,0.07352579
concrete3k::210_14.jpg,0.1827318,0.18466021,0.63260794
concrete3k::210_15.jpg,0.46694124,0.058984306,0.4740744
concrete3k::210_22.jpg,0.4391025,0.082078464,0.47881898
concrete3k::210_28.jpg,0.74005765,0.10946565,0.15047674
concrete3k::210_29.jpg,0.23564126,0.41295078,0.35140795
concrete3k::210_36.jpg,0.7816546,0.089209005,0.12913637
concrete3k::215_20.jpg,0.6772347,0.107492946,0.21527237
concrete3k::215_22.jpg,0.3404474,0.12881061,0.53074193
concrete3k::215_32.jpg,0.60642546,0.041493207,0.35208136
concrete3k::215_35.jpg,0.61416996,0.18430433,0.20152569
concrete3k::215_6.jpg,0.24260138,0.29127333,0.46612525
concrete3k::215_7.jpg,0.78402966,0.07739964,0.13857068
concrete3k::218_29.jpg,0.70373905,0.15808308,0.13817787
concrete3k::221_17.jpg,0.61632586,0.17281194,0.21086225
concrete3k::221_18.jpg,0.7113113,0.10867389,0.18001474
concrete3k::221_25.jpg,0.49236086,0.14283451,0.36480463
concrete3k::221_26.jpg,0.7060223,0.13003874,0.16393892
concrete3k::221_29.jpg,0.4749006,0.27036852,0.25473082
concrete3k::221_30.jpg,0.5709421,0.24665192,0.18240596
concrete3k::221_31.jpg,0.29934254,0.27543914,0.42521834
concrete3k::221_39.jpg,0.65427184,0.156405,0.18932313
concrete3k::224_16.jpg,0.7398271,0.06915958,0.19101329
concrete3k::224_17.jpg,0.7030029,0.13539062,0.16160634
concrete3k::224_18.jpg,0.8090227,0.07165025,0.11932698
concrete3k::224_19.jpg,0.549829,0.09921251,0.3509585
concrete3k::224_29.jpg,0.4426807,0.31717104,0.24014826
concrete3k::224_30.jpg,0.72313064,0.18644223,0.09042722
concrete3k::224_31.jpg,0.63001055,0.24547605,0.12451342
concrete3k::224_37.jpg,0.358188,0.2684108,0.37340117
concrete3k::224_38.jpg,0.49170163,0.2548573,0.25344107
concrete3k::230_10.jpg,0.55277157,0.10878036,0.3384481
concrete3k::230_11.jpg,0.46075952,0.16383733,0.37540317
concrete3k::230_19.jpg,0.4877624,0.1743933,0.33784425
concrete3k::230_2.jpg,0.37788776,0.05638343,0.5657288
concrete3k::230_25.jpg,0.21235858,0.3979018,0.38973963
concrete3k::230_26.jpg,0.32530516,0.4186152,0.25607958
concrete3k::230_27.jpg,0.3626475,0.38260648,0.254746
concrete3k::230_28.jpg,0.3569171,0.53313875,0.10994407
concrete3k::230_3.jpg,0.21639363,0.6240537,0.15955268
concrete3k::230_30.jpg,0.20639367,0.5921671,0.20143928
concrete3k::230_31.jpg,0.2488691,0.58379275,0.16733818
concrete3k::230_33.jpg,0.4109584,0.3609806,0.22806093
concrete3k::230_34.jpg,0.28188384,0.162508,0.5556081
concrete3k::230_42.jpg,0.3363361,0.389081,0.27458286
concrete3k::233_21.jpg,0.43433782,0.3905685,0.1750937
concrete3k::233_22.jpg,0.6412876,0.24563602,0.113076314
concrete3k::233_23.jpg,0.20129889,0.20285356,0.5958476
concrete3k::233_27.jpg,0.34098443,0.37185988,0.28715566
concrete3k::233_28.jpg,0.5044077,0.29184514,0.20374712
concrete3k::233_30.jpg,0.5035488,0.17910385,0.31734744
concrete3k::233_44.jpg,0.20936026,0.067113556,0.7235262
concrete3k::233_9.jpg,0.5539867,0.27571005,0.17030323
concrete3k::236_17.jpg,0.71791816,0.05974279,0.22233906
concrete3k::236_19.jpg,0.5988077,0.25600073,0.14519164
concrete3k::236_25.jpg,0.45959103,0.12879644,0.4116125
concrete3k::236_28.jpg,0.50316507,0.17744005,0.31939495
concrete3k::236_37.jpg,0.59738183,0.04483969,0.35777852
concrete3k::236_39.jpg,0.8145137,0.06053898,0.12494734
concrete3k::236_45.jpg,0.09332404,0.64123213,0.26544386
concrete3k::236_47.jpg,0.43057522,0.04575799,0.52366686
concrete3k::236_9.jpg,0.39654794,0.05164048,0.5518116
concrete3k::253_10.jpg,0.31212568,0.28941572,0.39845857
concrete3k::253_11.jpg,0.48770955,0.2019045,0.31038603
concrete3k::253_12.jpg,0.39534914,0.40777344,0.19687748
concrete3k::253_17.jpg,0.6253114,0.19755265,0.17713605
concrete3k::253_20.jpg,0.24142298,0.43222716,0.32634985
concrete3k::253_22.jpg,0.35621616,0.38045374,0.26333007
concrete3k::253_23.jpg,0.45967022,0.098906405,0.4414234
concrete3k::253_24.jpg,0.4503947,0.06182074,0.4877846
concrete3k::253_3.jpg,0.24226184,0.3120493,0.4456888
concrete3k::253_31.jpg,0.29420397,0.6150434,0.09075267
concrete3k::259_0.jpg,0.77162504,0.088850476,0.1395245
concrete3k::259_10.jpg,0.8163382,0.07009151,0.113570325
concrete3k::259_11.jpg,0.26686198,0.16500886,0.5681291
concrete3k::259_18.jpg,0.37375188,0.32568595,0.30056223
concrete3k::259_29.jpg,0.690277,0.23095514,0.078767926
concrete3k::264_16.jpg,0.64658904,0.11402499,0.23938595
concrete3k::264_25.jpg,0.74557054,0.17577536,0.078654155
concrete3k::264_26.jpg,0.70103776,0.18869497,0.1102673
concrete3k::264_38.jpg,0.84811807,0.042090807,0.10979104
concrete3k::264_39.jpg,0.8663457,0.055529892,0.07812444
concrete3k::264_45.jpg,0.7229891,0.06722364,0.20978732
concrete3k::265_18.jpg,0.7255251,0.18254626,0.091928676
concrete3k::265_26.jpg,0.5591854,0.21036021,0.2304544
concrete3k::265_28.jpg,0.6585469,0.15552275,0.18593034
concrete3k::265_36.jpg,0.8096581,0.09787291,0.09246896
concrete3k::265_39.jpg,0.8595041,0.031697072,0.10879883
concrete3k::265_46.jpg,0.25162098,0.4224143,0.32596475
concrete3k::265_9.jpg,0.8023995,0.1368562,0.060744263
concrete3k::281_17.jpg,0.79620177,0.09818572,0.10561256
concrete3k::281_27.jpg,0.73085266,0.14524509,0.12390214
concrete3k::281_28.jpg,0.22914056,0.51020193,0.2606575
concrete3k::281_31.jpg,0.6677626,0.22087131,0.11136606
concrete3k::281_35.jpg,0.82246053,0.087006606,0.09053285
concrete3k::281_36.jpg,0.64785147,0.19334306,0.15880546
concrete3k::281_37.jpg,0.74853486,0.08721323,0.16425188
concrete3k::281_44.jpg,0.077769965,0.014773367,0.9074567
concrete3k::281_45.jpg,0.62286085,0.06320548,0.31393364
concrete3k::282_16.jpg,0.20219031,0.11776665,0.680043
concrete3k::282_18.jpg,0.45378184,0.07830111,0.46791703
concrete3k::282_25.jpg,0.1386145,0.26142046,0.59996504
concrete3k::282_27.jpg,0.34586406,0.43501675,0.21911919
concrete3k::282_28.jpg,0.7434026,0.11947217,0.13712524
concrete3k::282_31.jpg,0.83777577,0.116562836,0.045661364
concrete3k::283_16.jpg,0.403511,0.02558932,0.57089967
concrete3k::283_19.jpg,0.72770077,0.14402543,0.12827373
concrete3k::283_20.jpg,0.7037526,0.06732784,0.22891964
concrete3k::283_21.jpg,0.7384467,0.115293145,0.14626011
concrete3k::283_26.jpg,0.7648725,0.11859287,0.11653469
concrete3k::283_27.jpg,0.38006344,0.08216604,0.53777057
concrete3k::286_17.jpg,0.6010923,0.23702928,0.16187848
concrete3k::286_27.jpg,0.403608,0.49715465,0.09923736
concrete3k::286_29.jpg,0.5956806,0.31616578,0.08815361
concrete3k::286_39.jpg,0.796101,0.07806838,0.12583067
concrete3k::295_13.jpg,0.5201104,0.07490083,0.4049888
concrete3k::295_16.jpg,0.8490681,0.015331486,0.1356004
concrete3k::295_18.jpg,0.68062216,0.052751794,0.26662606
concrete3k::301_0.jpg,0.69319284,0.033020146,0.273787
concrete3k::301_10.jpg,0.849182,0.015527967,0.13529007
concrete3k::301_11.jpg,0.6305245,0.028080942,0.34139454
concrete3k::301_15.jpg,0.86697876,0.03220719,0.100814074
concrete3k::301_19.jpg,0.8253279,0.038039684,0.13663246
concrete3k::301_20.jpg,0.9255901,0.02487904,0.049530886
concrete3k::323_15.jpg,0.8071122,0.06700694,0.12588085
concrete3k::323_19.jpg,0.7607845,0.07971505,0.15950043
concrete3k::323_23.jpg,0.4064684,0.14840554,0.44512606
concrete3k::359_10.jpg,0.5651444,0.1572224,0.27763322
concrete3k::359_11.jpg,0.41210973,0.2599775,0.3279128
concrete3k::359_16.jpg,0.61253595,0.21548507,0.17197888
concrete3k::359_21.jpg,0.66732013,0.17345184,0.15922797
concrete3k::359_32.jpg,0.54958755,0.26712862,0.18328379
concrete3k::359_42.jpg,0.75335205,0.13196479,0.11468313
concrete3k::359_43.jpg,0.77723116,0.14393085,0.0788379
concrete3k::360_12.jpg,0.21259986,0.56471777,0.22268233
concrete3k::360_13.jpg,0.38368297,0.212693,0.403624
concrete3k::360_14.jpg,0.72783965,0.16083658,0.1113238
concrete3k::360_20.jpg,0.4734375,0.24124055,0.28532195
concrete3k::360_22.jpg,0.59058374,0.29682267,0.11259356
concrete3k::360_27.jpg,0.54991287,0.1770518,0.27303535
concrete3k::360_32.jpg,0.5174153,0.32181206,0.16077262
concrete3k::360_5.jpg,0.7375798,0.08371974,0.17870052
concrete3k::360_6.jpg,0.3280177,0.24700007,0.42498225
concrete3k::373_14.jpg,0.36650327,0.3886411,0.24485567
concrete3k::373_21.jpg,0.2984181,0.4134761,0.28810585
concrete3k::373_26.jpg,0.3573754,0.42035365,0.22227094
concrete3k::373_37.jpg,0.38924333,0.4781586,0.13259804
concrete3k::373_9.jpg,0.45996693,0.35437235,0.18566076
concrete3k::375_21.jpg,0.28683487,0.20784079,0.5053243
concrete3k::375_26.jpg,0.25561738,0.5064339,0.2379487
concrete3k::375_3.jpg,0.5944436,0.27946717,0.12608922
concrete3k::375_31.jpg,0.3650512,0.48337018,0.15157865
concrete3k::375_38.jpg,0.1577263,0.5820381,0.2602356
concrete3k::375_44.jpg,0.727752,0.123575546,0.14867243
concrete3k::375_9.jpg,0.3497056,0.5292745,0.12101992
concrete3k::379_22.jpg,0.42695767,0.4409228,0.13211955
concrete3k::379_23.jpg,0.54100055,0.33567956,0.12331997
concrete3k::379_25.jpg,0.09896007,0.653821,0.24721892
concrete3k::379_26.jpg,0.5719757,0.25774574,0.17027847
concrete3k::379_27.jpg,0.32391804,0.54578364,0.13029839
concrete3k::379_28.jpg,0.13245465,0.4766379,0.39090747
concrete3k::379_29.jpg,0.5682189,0.28239036,0.14939076
concrete3k::381_25.jpg,0.4338256,0.42169055,0.14448392
concrete3k::381_26.jpg,0.37149704,0.43814227,0.19036071
concrete3k::381_34.jpg,0.4624358,0.37094948,0.16661471
concrete3k::382_0.jpg,0.277623,0.28578636,0.43659067
concrete3k::382_11.jpg,0.28435725,0.38670924,0.32893354
concrete3k::382_17.jpg,0.29597223,0.18753524,0.5164926
concrete3k::382_26.jpg,0.489778,0.28141603,0.228806
concrete3k::382_39.jpg,0.3339447,0.23836589,0.42768937
concrete3k::382_40.jpg,0.49093175,0.24021734,0.26885083
concrete3k::382_6.jpg,0.7265962,0.20982467,0.063579105
concrete3k::384_14.jpg,0.77879834,0.101677276,0.11952443
concrete3k::384_2.jpg,0.6416102,0.06602628,0.2923635
concrete3k::384_32.jpg,0.4843663,0.13729869,0.37833512
concrete3k::384_33.jpg,0.5750427,0.24115372,0.18380356
concrete3k::384_39.jpg,0.7651321,0.10087173,0.13399614
concrete3k::384_45.jpg,0.5742193,0.09673714,0.32904357
concrete3k::384_46.jpg,0.5820081,0.23962264,0.1783693
concrete3k::384_8.jpg,0.7484908,0.066788256,0.18472098
concrete3k::405_15.jpg,0.5183608,0.32929325,0.15234594
concrete3k::405_21.jpg,0.34023765,0.35059765,0.3091648
concrete3k::405_32.jpg,0.117647246,0.6773003,0.20505245
concrete3k::405_37.jpg,0.40862772,0.49276537,0.098606944
concrete3k::405_38.jpg,0.3662606,0.41705072,0.21668863
concrete3k::412_21.jpg,0.09548548,0.6535784,0.25093612
concrete3k::412_39.jpg,0.22176722,0.54211587,0.23611686
concrete3k::412_45.jpg,0.55378467,0.26072192,0.18549341
concrete3k::412_8.jpg,0.50810486,0.38612375,0.10577146
concrete3k::416_14.jpg,0.41106972,0.41633826,0.17259201
concrete3k::416_2.jpg,0.6209979,0.24708995,0.13191213
concrete3k::416_21.jpg,0.24311025,0.46099734,0.29589248
concrete3k::416_27.jpg,0.4596476,0.38791922,0.15243323
concrete3k::416_32.jpg,0.53956425,0.23743607,0.22299965
concrete3k::416_44.jpg,0.6460965,0.14063497,0.21326847
concrete3k::421_10.jpg,0.22342302,0.5260068,0.2505702
concrete3k::421_15.jpg,0.23352861,0.21978101,0.5466904
concrete3k::421_21.jpg,0.18375115,0.5051717,0.31107718
concrete3k::421_26.jpg,0.26578298,0.43842965,0.2957874
concrete3k::421_27.jpg,0.21926819,0.4036634,0.37706846
concrete3k::421_37.jpg,0.37751114,0.39434272,0.22814623
concrete3k::427_1.jpg,0.6074597,0.3242114,0.06832892
concrete3k::427_19.jpg,0.20530841,0.29053152,0.5041601
concrete3k::427_40.jpg,0.38017663,0.46138045,0.15844288
concrete3k::427_47.jpg,0.49748105,0.30869132,0.19382766
concrete3k::427_7.jpg,0.26948735,0.6395892,0.09092353
concrete3k::431_26.jpg,0.27852017,0.5040854,0.21739438
concrete3k::431_27.jpg,0.15938406,0.6452781,0.19533788
concrete3k::431_38.jpg,0.43666238,0.43912897,0.124208674
concrete3k::431_8.jpg,0.2823362,0.3175419,0.40012187
concrete3k::436_14.jpg,0.11133862,0.6138123,0.27484903
concrete3k::436_20.jpg,0.13813777,0.43055505,0.43130714
concrete3k::436_26.jpg,0.21928546,0.54293334,0.23778123
concrete3k::436_27.jpg,0.36189237,0.44330916,0.19479847
concrete3k::436_39.jpg,0.19749625,0.19787359,0.6046302
concrete3k::436_45.jpg,0.5120434,0.39535928,0.09259728
concrete3k::436_8.jpg,0.48057187,0.38733584,0.13209231
concrete3k::442_14.jpg,0.5578052,0.13144714,0.31074768
concrete3k::442_2.jpg,0.8732646,0.035465285,0.091270044
concrete3k::442_21.jpg,0.15540992,0.7070163,0.13757385
concrete3k::442_3.jpg,0.2681792,0.03331759,0.69850314
concrete3k::442_32.jpg,0.67611766,0.18341284,0.14046945
concrete3k::442_38.jpg,0.505134,0.03597855,0.4588874
concrete3k::442_39.jpg,0.80714273,0.05253831,0.14031892
concrete3k::442_9.jpg,0.75628924,0.14371392,0.09999686
concrete3k::444_11.jpg,0.81546545,0.074756026,0.10977859
concrete3k::444_16.jpg,0.7050226,0.18097003,0.11400741
concrete3k::444_22.jpg,0.5169992,0.18670934,0.29629147
concrete3k::444_26.jpg,0.61835915,0.19445704,0.18718375
concrete3k::444_5.jpg,0.8281751,0.054967873,0.11685701
concrete3k::452_2.jpg,0.5849961,0.124264345,0.29073966
concrete3k::452_21.jpg,0.37732258,0.4102646,0.2124129
concrete3k::452_25.jpg,0.1627613,0.56607044,0.27116823
concrete3k::452_27.jpg,0.35606435,0.43614486,0.20779076
concrete3k::452_3.jpg,0.64418876,0.19296205,0.16284925
concrete3k::452_39.jpg,0.5170052,0.33288044,0.15011434
concrete3k::452_45.jpg,0.5125497,0.34564123,0.14180914
concrete3k::452_9.jpg,0.40982467,0.42144486,0.16873045
concrete3k::459_14.jpg,0.5070658,0.12624402,0.36669028
concrete3k::459_15.jpg,0.7821205,0.11016681,0.1077127
concrete3k::459_26.jpg,0.72407246,0.20557116,0.070356436
concrete3k::459_31.jpg,0.14976674,0.63745844,0.21277481
concrete3k::459_32.jpg,0.662303,0.20998126,0.12771578
concrete3k::459_38.jpg,0.61514574,0.25145507,0.13339916
concrete3k::459_44.jpg,0.42438278,0.36610678,0.20951048
concrete3k::465_2.jpg,0.1581737,0.11795852,0.72386783
concrete3k::465_20.jpg,0.14927608,0.35246304,0.49826097
concrete3k::465_26.jpg,0.13696304,0.27148053,0.5915564
concrete3k::465_33.jpg,0.30630702,0.23952298,0.45417
concrete3k::465_38.jpg,0.31897974,0.2487296,0.4322907
concrete3k::477_14.jpg,0.40828395,0.30385387,0.28786218
concrete3k::477_26.jpg,0.25040966,0.54755014,0.2020402
concrete3k::477_38.jpg,0.21092351,0.26266304,0.5264135
concrete3k::477_44.jpg,0.23000674,0.34755504,0.42243823
concrete3k::482_20.jpg,0.26491135,0.26188213,0.4732065
concrete3k::482_26.jpg,0.42187,0.34900776,0.22912233
concrete3k::482_31.jpg,0.41168427,0.3819171,0.20639867
concrete3k::482_32.jpg,0.39848092,0.41596264,0.18555641
concrete3k::482_37.jpg,0.477659,0.39773914,0.12460188
concrete3k::482_4.jpg,0.36165375,0.30902538,0.32932088
concrete3k::482_42.jpg,0.68303865,0.17850593,0.13845544
concrete3k::482_43.jpg,0.47497368,0.32463005,0.20039625
concrete3k::482_5.jpg,0.5669106,0.119255744,0.3138336
concrete3k::499_16.jpg,0.764425,0.11158068,0.12399437
concrete3k::499_19.jpg,0.7945076,0.14646488,0.059027474
concrete3k::499_28.jpg,0.6114119,0.24369268,0.14489543
concrete3k::499_38.jpg,0.652915,0.22131613,0.12576886
concrete3k::499_47.jpg,0.48577183,0.3250684,0.18915975
concrete3k::510_1.jpg,0.11453578,0.66015434,0.22530977
concrete3k::510_11.jpg,0.18620232,0.3358095,0.47798815
concrete3k::510_12.jpg,0.2920998,0.3481027,0.35979745
concrete3k::510_13.jpg,0.48802885,0.22020495,0.2917662
concrete3k::510_21.jpg,0.27564174,0.41224927,0.31210896
concrete3k::510_31.jpg,0.6446335,0.19699821,0.15836824
concrete3k::510_9.jpg,0.2591953,0.36935243,0.37145233
concrete3k::511_1.jpg,0.47853875,0.1286415,0.3928198
concrete3k::511_17.jpg,0.3615526,0.45169902,0.18674842
concrete3k::511_19.jpg,0.1413327,0.5804052,0.27826208
concrete3k::511_27.jpg,0.20373465,0.60037863,0.19588673
concrete3k::511_37.jpg,0.20606928,0.52558845,0.26834226
concrete3k::511_38.jpg,0.3327363,0.46808717,0.19917652
concrete3k::511_39.jpg,0.6656252,0.23793833,0.096436374
concrete3k::511_8.jpg,0.52944005,0.2099563,0.26060364
concrete3k::523_18.jpg,0.5671354,0.0637938,0.36907083
concrete3k::523_20.jpg,0.63254434,0.15366471,0.21379094
concrete3k::523_21.jpg,0.6272436,0.19962767,0.17312874
concrete3k::523_22.jpg,0.65708756,0.2476224,0.095289975
concrete3k::523_25.jpg,0.8239582,0.12851782,0.047523964
concrete3k::523_26.jpg,0.72187394,0.16155893,0.11656709
concrete3k::523_27.jpg,0.303246,0.16732529,0.5294287
concrete3k::523_28.jpg,0.5022069,0.20363444,0.2941586
concrete3k::525_26.jpg,0.34581953,0.4110455,0.24313502
concrete3k::525_32.jpg,0.34600338,0.38050306,0.27349353
concrete3k::525_37.jpg,0.78390896,0.08839842,0.12769267
concrete3k::533_10.jpg,0.1785315,0.5263389,0.2951296
concrete3k::533_15.jpg,0.26729423,0.4523217,0.28038412
concrete3k::533_18.jpg,0.2896784,0.17982055,0.530501
concrete3k::533_25.jpg,0.33769283,0.44593617,0.21637098
concrete3k::533_26.jpg,0.3554797,0.45747793,0.18704242
concrete3k::533_43.jpg,0.47260553,0.33154023,0.19585426
concrete3k::533_9.jpg,0.29238677,0.1341542,0.573459
concrete3k::542_11.jpg,0.29482785,0.347232,0.35794014
concrete3k::542_16.jpg,0.34782532,0.12471511,0.52745956
concrete3k::542_20.jpg,0.622478,0.14072677,0.23679528
concrete3k::542_27.jpg,0.18915114,0.328583,0.4822659
concrete3k::542_30.jpg,0.54953593,0.10996057,0.34050345
concrete3k::542_31.jpg,0.40008852,0.31537458,0.28453696
concrete3k::542_36.jpg,0.5628137,0.31402877,0.12315759
concrete3k::546_17.jpg,0.5836308,0.16526265,0.25110647
concrete3k::546_19.jpg,0.5720635,0.22000791,0.20792851
concrete3k::546_20.jpg,0.45521498,0.4035819,0.14120315
concrete3k::546_21.jpg,0.70242274,0.22799653,0.06958072
concrete3k::546_23.jpg,0.77167165,0.15197921,0.07634912
concrete3k::546_25.jpg,0.6562445,0.13501926,0.20873618
concrete3k::546_30.jpg,0.72541094,0.18452086,0.090068154
concrete3k::548_10.jpg,0.4873561,0.23671235,0.27593157
concrete3k::548_11.jpg,0.75052667,0.14600955,0.10346377
concrete3k::548_16.jpg,0.5296583,0.34193513,0.12840651
concrete3k::548_20.jpg,0.33188257,0.28273487,0.38538253
concrete3k::548_21.jpg,0.14520839,0.69116676,0.16362482
concrete3k::548_22.jpg,0.40094015,0.32367393,0.27538592
concrete3k::548_26.jpg,0.2115069,0.4631054,0.32538775
concrete3k::548_37.jpg,0.37719536,0.21605535,0.40674925
concrete3k::548_42.jpg,0.38564196,0.27020073,0.34415734
concrete3k::561_13.jpg,0.36846888,0.44209862,0.1894325
concrete3k::561_36.jpg,0.33389193,0.1912119,0.4748962
concrete3k::561_37.jpg,0.30930948,0.5322478,0.15844277
concrete3k::561_42.jpg,0.6058448,0.13099787,0.26315728
concrete3k::561_43.jpg,0.39115575,0.47832853,0.1305157
concrete3k::561_8.jpg,0.5461606,0.28887713,0.1649622
concrete3k::561_9.jpg,0.3365408,0.15820938,0.50524986
concrete3k::563_15.jpg,0.42766702,0.31745678,0.25487617
concrete3k::563_19.jpg,0.27342156,0.2095108,0.5170677
concrete3k::563_20.jpg,0.41651747,0.4836122,0.09987038
concrete3k::563_31.jpg,0.3857396,0.47237903,0.14188138
concrete3k::563_37.jpg,0.338804,0.52617365,0.13502227
concrete3k::563_9.jpg,0.6135459,0.27349955,0.11295452
concrete3k::566_15.jpg,0.16080096,0.5350536,0.30414537
concrete3k::566_2.jpg,0.4455239,0.38178825,0.17268783
concrete3k::566_20.jpg,0.34397477,0.5413421,0.114683144
concrete3k::566_38.jpg,0.38166142,0.4776028,0.14073582
concrete3k::566_8.jpg,0.4506302,0.45156085,0.09780902
concrete3k::577_14.jpg,0.17318346,0.4358981,0.39091846
concrete3k::577_16.jpg,0.65944684,0.16232784,0.1782253
concrete3k::577_18.jpg,0.49135402,0.05192718,0.45671883
concrete3k::577_19.jpg,0.80330074,0.12425147,0.07244777
concrete3k::577_20.jpg,0.54940355,0.23651516,0.2140813
concrete3k::577_21.jpg,0.56138283,0.3272257,0.11139151
concrete3k::583_19.jpg,0.2861254,0.30947396,0.40440062
concrete3k::583_24.jpg,0.19294438,0.44258615,0.3644694
concrete3k::583_27.jpg,0.17519622,0.4797863,0.34501743
concrete3k::584_40.jpg,0.31124237,0.39786184,0.2908958
concrete3k::589_1.jpg,0.30046466,0.46631175,0.23322356
concrete3k::589_13.jpg,0.45740184,0.29105324,0.25154492
concrete3k::589_32.jpg,0.2933351,0.26121408,0.44545078
concrete3k::589_40.jpg,0.23891756,0.5105838,0.25049868
concrete3k::603_13.jpg,0.16380315,0.7030263,0.13317055
concrete3k::603_2.jpg,0.391364,0.2953805,0.31325552
concrete3k::603_39.jpg,0.39429578,0.32248768,0.2832165
concrete3k::603_44.jpg,0.27950743,0.22672844,0.49376413
concrete3k::603_45.jpg,0.14440587,0.6931067,0.16248742
concrete3k::606_15.jpg,0.3830491,0.48732698,0.12962389
concrete3k::606_21.jpg,0.4140248,0.44627345,0.13970177
concrete3k::606_3.jpg,0.6759638,0.19341739,0.13061881
concrete3k::606_31.jpg,0.24169339,0.5087258,0.24958076
concrete3k::606_37.jpg,0.12302767,0.7245629,0.15240942
concrete3k::606_43.jpg,0.56179416,0.2304555,0.20775026
concrete3k::606_9.jpg,0.47970757,0.40800524,0.11228724
