image_id,p_degraded,p_neutral,p_improved
khanhha_original::CFD_011.jpg,0.15021457,0.17779413,0.6719912
khanhha_original::CFD_080.jpg,0.4028387,0.20598583,0.39117542
khanhha_original::CRACK500_20160222_081908_641_721.jpg,0.3883039,0.32922864,0.28246742
khanhha_original::CRACK500_20160222_115519_641_721.jpg,0.054002605,0.8423123,0.10368515
khanhha_original::CRACK500_20160222_163940_1281_1081.jpg,0.15257424,0.69431967,0.15310611
khanhha_original::CRACK500_20160222_163940_1_1081.jpg,0.16593589,0.73674387,0.09732019
khanhha_original::CRACK500_20160222_163940_1_361.jpg,0.21219796,0.62326115,0.1645408
khanhha_original::CRACK500_20160222_163940_641_1081.jpg,0.15972453,0.7276548,0.11262065
khanhha_original::CRACK500_20160222_165919_1_721.jpg,0.34461617,0.4267096,0.22867425
khanhha_original::CRACK500_20160225_114514_721_1281.jpg,0.35785377,0.31192857,0.3302176
khanhha_original::CRACK500_20160225_114514_721_641.jpg,0.35962406,0.30770308,0.33267286
khanhha_original::CRACK500_20160302_155857_1281_1.jpg,0.18687876,0.3041179,0.50900334
khanhha_original::CRACK500_20160302_155857_1_721.jpg,0.23270285,0.538315,0.22898223
khanhha_original::CRACK500_20160302_155914_1081_641.jpg,0.23632328,0.13976918,0.62390757
khanhha_original::CRACK500_20160303_092806_1281_721.jpg,0.29178953,0.27200478,0.43620574
khanhha_original::CRACK500_20160303_092806_1_721.jpg,0.17201486,0.6211791,0.206806
khanhha_original::CRACK500_20160306_103830_1921_1081.jpg,0.09084368,0.44302833,0.46612793
khanhha_original::CRACK500_20160307_143827_1_721.jpg,0.2663265,0.47622925,0.25744426
khanhha_original::CRACK500_20160307_144150_1281_721.jpg,0.15654038,0.7434426,0.10001696
khanhha_original::CRACK500_20160307_144150_641_361.jpg,0.2223263,0.6129441,0.1647296
khanhha_original::CRACK500_20160307_144931_1281_1.jpg,0.063105,0.75851154,0.17838354
khanhha_original::CRACK500_20160307_144931_641_721.jpg,0.1503891,0.61021644,0.23939449
khanhha_original::CRACK500_20160307_163537_1281_721.jpg,0.1841359,0.4656931,0.35017094
khanhha_original::CRACK500_20160307_163537_641_361.jpg,0.057660725,0.7602592,0.18208015
khanhha_original::CRACK500_20160307_163537_641_721.jpg,0.22977889,0.523966,0.24625507
khanhha_original::CRACK500_20160307_164334_641_1.jpg,0.1498867,0.7890138,0.061099447
khanhha_original::CRACK500_20160307_164334_641_361.jpg,0.18412644,0.7484451,0.06742845
khanhha_original::CRACK500_20160308_072921_1281_1081.jpg,0.11030862,0.6878973,0.20179401
khanhha_original::CRACK500_20160308_072921_1281_361.jpg,0.12253732,0.6277232,0.24973944
khanhha_original::CRACK500_20160308_072921_641_1081.jpg,0.101955876,0.69684064,0.20120345
khanhha_original::CRACK500_20160308_072921_641_721.jpg,0.16747141,0.7077637,0.12476496
khanhha_original::CRACK500_20160308_073014_1281_721.jpg,0.1216447,0.81785285,0.0605024
khanhha_original::CRACK500_20160308_073406_641_721.jpg,0.29010966,0.35901216,0.35087818
khanhha_original::CRACK500_20160308_160053_1_361.jpg,0.109408125,0.80909806,0.08149384
khanhha_original::CRACK500_20160310_114418_641_361.jpg,0.15776287,0.75617737,0.086059764
khanhha_original::CRACK500_20160318_181602_1281_361.jpg,0.19215071,0.61564803,0.19220124
khanhha_original::CRACK500_20160318_181627_1_721.jpg,0.18292011,0.70645744,0.11062237
khanhha_original::CRACK500_20160321_183951_1_361.jpg,0.17699556,0.67011255,0.15289198
khanhha_original::CRACK500_20160321_185457_1281_1.jpg,0.049845863,0.67207694,0.27807716
khanhha_original::CRACK500_20160321_185457_1921_1.jpg,0.14428832,0.44972196,0.40598977
khanhha_original::CRACK500_20160324_170323_1_721.jpg,0.19472289,0.71295995,0.0923172
khanhha_original::CRACK500_20160324_170347_1281_361.jpg,0.10995025,0.83646184,0.05358793
khanhha_original::CRACK500_20160324_170347_1281_721.jpg,0.13934493,0.76796824,0.09268683
khanhha_original::CRACK500_20160326_142354_641_1081.jpg,0.18197532,0.6087717,0.20925306
khanhha_original::CRACK500_20160328_150827_1281_1081.jpg,0.107814595,0.8466069,0.045578577
khanhha_original::CRACK500_20160328_150932_1921_361.jpg,0.19052263,0.28587797,0.5235994
khanhha_original::CRACK500_20160328_150932_641_361.jpg,0.20674959,0.61021835,0.18303207
khanhha_original::CRACK500_20160328_151013_361_1921.jpg,0.20922165,0.3556342,0.4351441
khanhha_original::CRACK500_20160328_151057_1281_721.jpg,0.1667843,0.7530961,0.08011954
khanhha_original::CRACK500_20160328_151413_1_361.jpg,0.17110732,0.6493594,0.17953324
khanhha_original::CRACK500_20160328_151413_641_721.jpg,0.26246792,0.54019755,0.19733459
khanhha_original::CRACK500_20160328_151728_1921_721.jpg,0.18119334,0.47681227,0.34199443
khanhha_original::CRACK500_20160328_151808_1281_721.jpg,0.1360578,0.60132027,0.26262197
khanhha_original::CRACK500_20160328_152305_1921_361.jpg,0.11625089,0.65727586,0.22647321
khanhha_original::CRACK500_20160328_153020_1921_361.jpg,0.15300532,0.5511352,0.2958595
khanhha_original::CRACK500_20160328_153540_641_361.jpg,0.09597426,0.86541706,0.03860864
khanhha_original::CRACK500_20160328_153540_641_721.jpg,0.19355288,0.55781746,0.24862967
khanhha_original::CRACK500_20160328_153556_1_361.jpg,0.14497994,0.79359275,0.061427243
khanhha_original::CRACK500_20160328_153645_1_361.jpg,0.08037131,0.8741488,0.045479912
khanhha_original::CRACK500_20160328_153702_1281_721.jpg,0.18933803,0.43104047,0.3796215
khanhha_original::CRACK500_20160328_153702_1_1081.jpg,0.12321455,0.6971607,0.17962474
khanhha_original::CRACK500_20160328_153724_1_1081.jpg,0.20735435,0.56936145,0.22328427
khanhha_original::CRACK500_20160328_153724_641_721.jpg,0.14035265,0.7903582,0.069289155
khanhha_original::CRACK500_20160328_153829_1921_361.jpg,0.20833483,0.642886,0.14877917
khanhha_original::CRACK500_20160328_153829_641_1.jpg,0.08405848,0.88262486,0.03331671
khanhha_original::CRACK500_20160328_154334_641_721.jpg,0.1461486,0.59121686,0.26263452
khanhha_original::CRACK500_20160328_154352_1281_721.jpg,0.07573694,0.80517995,0.11908311
khanhha_original::CRACK500_20160329_093924_1921_721.jpg,0.2826506,0.1150684,0.602281
khanhha_original::CRACK500_20160329_094003_641_361.jpg,0.11173066,0.7739632,0.114306115
khanhha_original::CRACK500_20160329_094512_1281_1081.jpg,0.07107006,0.7487889,0.18014099
khanhha_original::CRACK500_20160329_094512_1281_721.jpg,0.09430761,0.7849455,0.12074692
khanhha_original::CRACK500_20160329_094512_1921_721.jpg,0.088257946,0.7661224,0.14561962
khanhha_original::CRACK500_20160329_101503_641_721.jpg,0.10399977,0.78222543,0.113774896
khanhha_original::CRACK500_20160329_104120_1921_721.jpg,0.31957975,0.42217347,0.25824675
khanhha_original::CRACK500_20160329_104120_1_361.jpg,0.18111452,0.45209694,0.36678848
khanhha_original::CRACK500_20160329_104120_1_721.jpg,0.25864527,0.32878923,0.41256553
khanhha_original::CRACK500_20160329_104120_641_721.jpg,0.20198652,0.6245058,0.17350775
khanhha_original::CRACK500_20160329_115531_641_721.jpg,0.1422501,0.58680916,0.27094075
khanhha_original::CRACK500_20160330_164743_1_361.jpg,0.18762387,0.6393914,0.17298476
khanhha_original::CRACK500_20160330_164743_641_361.jpg,0.19713464,0.5504547,0.25241065
khanhha_original::CRACK500_20160330_170501_1_721.jpg,0.2538784,0.5023839,0.24373765
khanhha_original::CRACK500_20160330_170504_641_721.jpg,0.19587561,0.66680276,0.13732165
khanhha_original::CRACK500_20160402_150105_1_1.jpg,0.19356297,0.6688681,0.13756886
khanhha_original::CRACK500_20160402_150317_641_361.jpg,0.13755752,0.71316564,0.14927685
khanhha_original::CRACK500_20160402_150317_641_721.jpg,0.25877813,0.48250183,0.25872007
khanhha_original::CRACK500_20160402_150938_641_361.jpg,0.21017064,0.5748993,0.21492997
khanhha_original::CRACK500_20160402_150938_641_721.jpg,0.2273918,0.5209855,0.2516227
khanhha_original::CRACK500_20160405_171333_1281_361.jpg,0.27989954,0.30300796,0.4170925
khanhha_original::CRACK500_20160405_171453_1281_361.jpg,0.042435747,0.7761668,0.18139754
khanhha_original::CRACK500_20160405_171453_1_721.jpg,0.083436966,0.6588773,0.2576857
khanhha_original::CRACK500_20160405_171453_641_361.jpg,0.0727091,0.8035429,0.12374798
khanhha_original::CRACK500_20160405_171716_1921_721.jpg,0.17630918,0.47033495,0.35335585
khanhha_original::CRACK500_20160407_163522_1921_721.jpg,0.22729819,0.5805278,0.19217397
khanhha_original::CRACK500_20160407_163522_641_721.jpg,0.21390072,0.41011497,0.37598428
khanhha_original::CRACK500_20160407_165001_641_1081.jpg,0.2638328,0.34511513,0.39105207
khanhha_original::CRACK500_20160407_165210_1921_721.jpg,0.16975,0.69056344,0.13968654
khanhha_original::CRACK500_IMG_2932_1297_969.jpg,0.15381455,0.76268095,0.083504535
khanhha_original::DeepCrack_11113.jpg,0.24004526,0.552742,0.20721273
khanhha_original::DeepCrack_11116-2.jpg,0.26427218,0.5819513,0.1537765
khanhha_original::DeepCrack_11116-3.jpg,0.18083681,0.64069206,0.17847115
khanhha_original::DeepCrack_11125-1.jpg,0.40580934,0.3140851,0.2801056
khanhha_original::DeepCrack_11151-2.jpg,0.45040604,0.32887632,0.22071768
khanhha_original::DeepCrack_11155-1.jpg,0.023300149,0.9653999,0.011299916
khanhha_original::DeepCrack_11155.jpg,0.16605036,0.60922724,0.2247224
khanhha_original::DeepCrack_11184-1.jpg,0.28243214,0.044391908,0.673176
khanhha_original::DeepCrack_11215-15.jpg,0.11567199,0.6458871,0.2384409
khanhha_original::DeepCrack_11215-3.jpg,0.1128964,0.77014613,0.11695752
khanhha_original::DeepCrack_11240-6.jpg,0.28934804,0.14601187,0.56464005
khanhha_original::DeepCrack_11240-8.jpg,0.29622966,0.1716601,0.5321103
khanhha_original::DeepCrack_11247-12.jpg,0.13689959,0.31782016,0.5452802
khanhha_original::DeepCrack_11269-1.jpg,0.5853699,0.13888288,0.27574718
khanhha_original::DeepCrack_11271-2.jpg,0.10893031,0.7477689,0.1433008
khanhha_original::DeepCrack_11271-5.jpg,0.14598335,0.7703604,0.08365621
khanhha_original::DeepCrack_11301-6.jpg,0.17221597,0.08339871,0.74438536
khanhha_original::DeepCrack_7Q3A9064-12.jpg,0.1913138,0.5387422,0.269944
khanhha_original::DeepCrack_7Q3A9064-17.jpg,0.16786662,0.6546654,0.17746806
khanhha_original::DeepCrack_7Q3A9064-19.jpg,0.16160047,0.6922545,0.14614508
khanhha_original::DeepCrack_7Q3A9064-20.jpg,0.3146914,0.51102597,0.17428266
khanhha_original::DeepCrack_IMG11-6.jpg,0.21528679,0.18553624,0.59917694
khanhha_original::DeepCrack_IMG_6469-2.jpg,0.14170802,0.71243525,0.14585674
khanhha_original::DeepCrack_IMG_6514-3.jpg,0.24451832,0.4244595,0.33102226
khanhha_original::Eugen_Muller_7723_0_0_714_429.jpg,0.38566118,0.06380409,0.5505347
khanhha_original::GAPS384_test_0058_1_1.jpg,0.32541192,0.53104734,0.14354071
khanhha_original::GAPS384_test_0203_1_1.jpg,0.30239877,0.35296515,0.34463602
khanhha_original::GAPS384_test_0203_541_1.jpg,0.19764291,0.4034759,0.39888126
khanhha_original::GAPS384_train_0449_1_1.jpg,0.55449504,0.13626634,0.3092386
khanhha_original::GAPS384_train_0516_541_641.jpg,0.14255992,0.086880706,0.7705594
khanhha_original::GAPS384_train_0542_1_641.jpg,0.5588377,0.071306884,0.36985537
khanhha_original::GAPS384_train_0681_541_641.jpg,0.4446677,0.23842686,0.3169055
khanhha_original::GAPS384_train_0700_1_1.jpg,0.57245374,0.10563256,0.32191366
khanhha_original::GAPS384_train_0918_1_641.jpg,0.5206317,0.18779172,0.29157662
khanhha_original::GAPS384_train_0922_1_641.jpg,0.5081258,0.09572552,0.39614868
khanhha_original::GAPS384_train_0959_1_641.jpg,0.2699336,0.28753892,0.44252744
khanhha_original::GAPS384_train_1028_1_1.jpg,0.49636176,0.116071515,0.38756675
khanhha_original::GAPS384_train_1126_541_1.jpg,0.28720003,0.24654825,0.4662518
khanhha_original::GAPS384_train_1128_541_1.jpg,0.47574013,0.18123743,0.34302247
khanhha_original::GAPS384_train_1247_541_1.jpg,0.11638893,0.6462185,0.23739259
khanhha_original::GAPS384_train_1284_541_641.jpg,0.24261078,0.13178681,0.62560236
khanhha_original::GAPS384_train_1347_541_1.jpg,0.19575208,0.12050817,0.68373966
khanhha_original::GAPS384_train_1347_541_641.jpg,0.275007,0.09445717,0.6305358
khanhha_original::GAPS384_train_1366_541_1.jpg,0.22932106,0.27082685,0.49985203
khanhha_original::GAPS384_train_1381_541_1.jpg,0.41071004,0.17544462,0.41384536
khanhha_original::Rissbilder_for_Florian_9S6A2782_0_0_3840_5760.jpg,0.1763265,0.76342356,0.060249984
khanhha_original::Rissbilder_for_Florian_9S6A2784_100_1539_3455_3308.jpg,0.12931171,0.8187321,0.051956147
khanhha_original::Rissbilder_for_Florian_9S6A2784_1029_155_2671_3164.jpg,0.1738659,0.75897425,0.067159854
khanhha_original::Rissbilder_for_Florian_9S6A2784_241_1425_3582_3991.jpg,0.1557272,0.7824003,0.06187246
khanhha_original::Rissbilder_for_Florian_9S6A2785_118_523_3535_4238.jpg,0.4051139,0.5581957,0.0366903
khanhha_original::Rissbilder_for_Florian_9S6A2785_197_1269_2404_2359.jpg,0.34678593,0.5927551,0.06045895
khanhha_original::Rissbilder_for_Florian_9S6A2785_239_136_3078_2666.jpg,0.4185803,0.5415491,0.03987065
khanhha_original::Rissbilder_for_Florian_9S6A2785_493_901_3299_3768.jpg,0.2962634,0.6573155,0.046421036
khanhha_original::Rissbilder_for_Florian_9S6A2785_51_1717_2854_3381.jpg,0.34909654,0.6046965,0.04620701
khanhha_original::Rissbilder_for_Florian_9S6A2792_0_0_5760_3840.jpg,0.2733058,0.68075484,0.045939386
khanhha_original::Rissbilder_for_Florian_9S6A2792_1773_105_2717_3479.jpg,0.29906127,0.58145666,0.11948212
khanhha_original::Rissbilder_for_Florian_9S6A2792_1778_280_3876_3455.jpg,0.25032613,0.66898954,0.080684245
khanhha_original::Rissbilder_for_Florian_9S6A2792_2643_751_3074_3028.jpg,0.23747109,0.6385017,0.12402717
khanhha_original::Rissbilder_for_Florian_9S6A2792_753_1245_2029_2585.jpg,0.30069235,0.63055086,0.06875675
khanhha_original::Rissbilder_for_Florian_9S6A2797_0_0_3840_5760.jpg,0.3039781,0.6129035,0.08311847
khanhha_original::Rissbilder_for_Florian_9S6A2797_211_1594_3203_4094.jpg,0.31624976,0.61051965,0.07323059
khanhha_original::Rissbilder_for_Florian_9S6A2797_27_2177_3736_3368.jpg,0.30732706,0.6370648,0.05560816
khanhha_original::Rissbilder_for_Florian_9S6A2797_331_75_3433_4182.jpg,0.26732796,0.61758924,0.11508283
khanhha_original::Rissbilder_for_Florian_9S6A2802_251_84_3754_3687.jpg,0.21911389,0.3643715,0.41651464
khanhha_original::Rissbilder_for_Florian_9S6A2802_2931_279_2589_2739.jpg,0.20818788,0.40543258,0.38637954
khanhha_original::Rissbilder_for_Florian_9S6A2802_631_103_2560_2012.jpg,0.21594673,0.56548864,0.21856464
khanhha_original::Rissbilder_for_Florian_9S6A2803_209_1110_2922_3685.jpg,0.12558176,0.78847665,0.085941546
khanhha_original::Rissbilder_for_Florian_9S6A2803_247_1248_3459_4462.jpg,0.13691357,0.799058,0.064028405
khanhha_original::Rissbilder_for_Florian_9S6A2803_272_142_3359_3107.jpg,0.24880832,0.5198491,0.23134257
khanhha_original::Rissbilder_for_Florian_9S6A2803_612_408_2717_3030.jpg,0.21837322,0.5905392,0.19108757
khanhha_original::Rissbilder_for_Florian_9S6A2810_309_181_3327_4094.jpg,0.21771276,0.6372695,0.14501771
khanhha_original::Rissbilder_for_Florian_9S6A2810_43_528_3225_4185.jpg,0.27074182,0.6241885,0.105069704
khanhha_original::Rissbilder_for_Florian_9S6A2810_65_655_2748_2720.jpg,0.25623187,0.6706878,0.073080406
khanhha_original::Rissbilder_for_Florian_9S6A2822_1030_155_3516_3590.jpg,0.093497716,0.75903547,0.14746675
khanhha_original::Rissbilder_for_Florian_9S6A2822_1137_465_2983_2428.jpg,0.13469908,0.72327775,0.14202319
khanhha_original::Rissbilder_for_Florian_9S6A2822_2401_400_2963_3258.jpg,0.09919991,0.7360047,0.16479532
khanhha_original::Rissbilder_for_Florian_9S6A2835_373_1783_2745_2384.jpg,0.2157291,0.6566709,0.12759995
khanhha_original::Rissbilder_for_Florian_9S6A2835_459_1693_3011_2424.jpg,0.19597954,0.6647174,0.13930303
khanhha_original::Rissbilder_for_Florian_9S6A2835_468_2521_2391_2304.jpg,0.22110987,0.6774278,0.10146227
khanhha_original::Rissbilder_for_Florian_9S6A2835_469_1050_2755_3142.jpg,0.19921623,0.5863542,0.21442959
khanhha_original::Rissbilder_for_Florian_9S6A2835_637_235_2191_2778.jpg,0.23657775,0.44537303,0.31804916
khanhha_original::Rissbilder_for_Florian_9S6A2835_964_2753_2392_2184.jpg,0.2568668,0.5706133,0.17251979
khanhha_original::Rissbilder_for_Florian_9S6A2836_0_0_3840_5760.jpg,0.25977233,0.54992646,0.19030122
khanhha_original::Rissbilder_for_Florian_9S6A2836_391_1220_2381_3118.jpg,0.3197039,0.3141702,0.3661259
khanhha_original::Rissbilder_for_Florian_9S6A2837_523_803_3305_3454.jpg,0.18460365,0.71425235,0.10114397
khanhha_original::Rissbilder_for_Florian_9S6A2848_105_342_3183_3261.jpg,0.0707766,0.7744961,0.15472737
khanhha_original::Rissbilder_for_Florian_9S6A2848_1214_523_4329_3293.jpg,0.0710127,0.79617494,0.13281237
khanhha_original::Rissbilder_for_Florian_9S6A2850_1113_51_4606_3781.jpg,0.20285307,0.7306636,0.066483326
khanhha_original::Rissbilder_for_Florian_9S6A2850_1408_904_2105_2792.jpg,0.23076038,0.6541288,0.115110815
khanhha_original::Rissbilder_for_Florian_9S6A2854_162_1195_3169_2569.jpg,0.10702067,0.78940356,0.10357574
khanhha_original::Rissbilder_for_Florian_9S6A2856_1840_62_3055_3769.jpg,0.06655351,0.8806403,0.052806113
khanhha_original::Rissbilder_for_Florian_9S6A2856_2611_839_1919_2466.jpg,0.08869827,0.80941993,0.101881824
khanhha_original::Rissbilder_for_Florian_9S6A2856_3030_1197_2337_2140.jpg,0.1348732,0.7773201,0.0878067
khanhha_original::Rissbilder_for_Florian_9S6A2856_3095_641_2548_2416.jpg,0.08974138,0.7997176,0.11054103
khanhha_original::Rissbilder_for_Florian_9S6A2862_13_1221_3798_4291.jpg,0.17709656,0.6224438,0.20045964
khanhha_original::Rissbilder_for_Florian_9S6A2862_16_760_3062_2984.jpg,0.123268895,0.62685066,0.24988051
khanhha_original::Rissbilder_for_Florian_9S6A2862_54_2006_3577_3513.jpg,0.17606866,0.58710724,0.23682413
khanhha_original::Rissbilder_for_Florian_9S6A2862_550_1911_3038_3042.jpg,0.19788028,0.6033372,0.1987825
khanhha_original::Rissbilder_for_Florian_9S6A2863_312_1094_3025_3361.jpg,0.13093625,0.767492,0.10157172
khanhha_original::Rissbilder_for_Florian_9S6A2863_423_3163_2502_2009.jpg,0.19429076,0.50421935,0.30148986
khanhha_original::Rissbilder_for_Florian_9S6A2867_114_180_3373_2642.jpg,0.17363183,0.43026295,0.39610523
khanhha_original::Rissbilder_for_Florian_9S6A2867_249_168_3377_3485.jpg,0.24661222,0.41284746,0.34054032
khanhha_original::Rissbilder_for_Florian_9S6A2867_26_155_3813_3142.jpg,0.19872369,0.5180446,0.28323174
khanhha_original::Rissbilder_for_Florian_9S6A2867_515_377_2926_3568.jpg,0.133439,0.48035496,0.3862061
khanhha_original::Rissbilder_for_Florian_9S6A2867_657_766_2790_3388.jpg,0.16138576,0.40400887,0.43460533
khanhha_original::Rissbilder_for_Florian_9S6A2873_0_0_5760_3840.jpg,0.20347887,0.58537567,0.21114552
khanhha_original::Rissbilder_for_Florian_9S6A2873_244_84_4072_3620.jpg,0.16248664,0.5451909,0.29232246
khanhha_original::Rissbilder_for_Florian_9S6A2873_904_515_2792_2550.jpg,0.18228798,0.49642944,0.32128254
khanhha_original::Rissbilder_for_Florian_9S6A2873_905_438_3442_2738.jpg,0.13765615,0.59410775,0.26823604
khanhha_original::Rissbilder_for_Florian_9S6A2873_930_236_3379_3204.jpg,0.15904523,0.56287104,0.27808374
khanhha_original::Rissbilder_for_Florian_9S6A2878_186_801_3630_3688.jpg,0.16334772,0.5788554,0.25779688
khanhha_original::Rissbilder_for_Florian_9S6A2878_287_270_3223_3935.jpg,0.18496926,0.5978583,0.2171724
khanhha_original::Rissbilder_for_Florian_9S6A2878_29_861_3713_4568.jpg,0.11486666,0.7278172,0.15731618
khanhha_original::Rissbilder_for_Florian_9S6A2878_373_2066_2452_3245.jpg,0.16604027,0.60667545,0.22728427
khanhha_original::Rissbilder_for_Florian_9S6A2878_67_878_2624_2752.jpg,0.24832997,0.5875196,0.16415039
khanhha_original::Rissbilder_for_Florian_9S6A2878_861_28_2800_2885.jpg,0.24184032,0.5987869,0.15937273
khanhha_original::Rissbilder_for_Florian_9S6A2890_0_0_3840_5760.jpg,0.122341074,0.63162607,0.24603292
khanhha_original::Rissbilder_for_Florian_9S6A2890_1213_1864_1830_2425.jpg,0.18767262,0.65683323,0.15549411
khanhha_original::Rissbilder_for_Florian_9S6A2894_2035_188_3164_3103.jpg,0.4780081,0.23593229,0.28605962
khanhha_original::Rissbilder_for_Florian_9S6A2894_2274_588_3314_3190.jpg,0.39823022,0.30295068,0.29881907
khanhha_original::Rissbilder_for_Florian_9S6A2904_447_893_3086_3169.jpg,0.19862114,0.45862955,0.34274924
khanhha_original::Rissbilder_for_Florian_9S6A2904_78_719_3211_3093.jpg,0.28852618,0.2835648,0.427909
khanhha_original::Rissbilder_for_Florian_9S6A2904_86_208_2615_2808.jpg,0.1490531,0.7288795,0.122067414
khanhha_original::Rissbilder_for_Florian_9S6A2905_1082_994_2878_2819.jpg,0.09110966,0.14535968,0.76353073
khanhha_original::Rissbilder_for_Florian_9S6A2905_153_412_3269_2899.jpg,0.16304174,0.5315277,0.30543056
khanhha_original::Rissbilder_for_Florian_9S6A2905_2363_42_2827_2612.jpg,0.23404527,0.36081654,0.40513822
khanhha_original::Rissbilder_for_Florian_9S6A2905_795_159_2896_2675.jpg,0.16744494,0.32469028,0.5078648
khanhha_original::Rissbilder_for_Florian_9S6A2905_928_88_4020_3658.jpg,0.2429204,0.35359284,0.4034867
khanhha_original::Rissbilder_for_Florian_9S6A2912_0_0_3840_5760.jpg,0.3691051,0.4412341,0.18966077
khanhha_original::Rissbilder_for_Florian_9S6A2912_255_1175_3429_3203.jpg,0.48475015,0.3088283,0.20642154
khanhha_original::Rissbilder_for_Florian_9S6A2912_85_369_3711_3429.jpg,0.5616133,0.27779964,0.16058703
khanhha_original::Rissbilder_for_Florian_9S6A2913_20_297_2640_2502.jpg,0.514554,0.30426386,0.18118207
khanhha_original::Rissbilder_for_Florian_9S6A2913_320_3010_3339_2578.jpg,0.571624,0.2508563,0.17751965
khanhha_original::Rissbilder_for_Florian_9S6A2913_321_16_3485_4543.jpg,0.331818,0.38113055,0.2870514
khanhha_original::Rissbilder_for_Florian_9S6A2923_1668_185_3721_3137.jpg,0.42306516,0.363239,0.21369584
khanhha_original::Rissbilder_for_Florian_9S6A2923_49_326_3736_3442.jpg,0.3974026,0.37759367,0.22500373
khanhha_original::Rissbilder_for_Florian_9S6A2923_875_539_3052_2796.jpg,0.33913976,0.45165002,0.20921017
khanhha_original::Rissbilder_for_Florian_9S6A3088_370_2375_2620_2464.jpg,0.19722264,0.6088737,0.19390365
khanhha_original::Rissbilder_for_Florian_9S6A3098_1300_3220_2283_2309.jpg,0.3616846,0.29009393,0.34822145
khanhha_original::Rissbilder_for_Florian_9S6A3098_64_1239_3474_2730.jpg,0.5309709,0.11253169,0.3564974
khanhha_original::Rissbilder_for_Florian_9S6A3098_88_800_3751_4641.jpg,0.3266425,0.2693135,0.40404397
khanhha_original::Rissbilder_for_Florian_9S6A3101_1262_2535_2488_2185.jpg,0.5102011,0.14676614,0.34303275
khanhha_original::Rissbilder_for_Florian_9S6A3101_148_599_2929_2917.jpg,0.591629,0.12903354,0.2793374
khanhha_original::Rissbilder_for_Florian_9S6A3101_487_946_2726_3042.jpg,0.55499506,0.16431226,0.2806927
khanhha_original::Rissbilder_for_Florian_9S6A3106_108_1927_3275_2664.jpg,0.3040684,0.5434465,0.15248519
khanhha_original::Rissbilder_for_Florian_9S6A3106_228_1483_2823_2920.jpg,0.34163943,0.44353643,0.21482421
khanhha_original::Rissbilder_for_Florian_9S6A3106_310_2925_3257_2813.jpg,0.25868997,0.60443014,0.1368799
khanhha_original::Rissbilder_for_Florian_9S6A3106_333_1784_3162_3278.jpg,0.28920975,0.5365327,0.17425758
khanhha_original::Rissbilder_for_Florian_9S6A3106_521_315_3058_2943.jpg,0.26659444,0.52881485,0.20459074
khanhha_original::Rissbilder_for_Florian_9S6A3106_85_2598_2058_2287.jpg,0.45311466,0.2940768,0.25280848
khanhha_original::Rissbilder_for_Florian_9S6A3106_9_406_3814_4267.jpg,0.23960899,0.5434758,0.21691519
khanhha_original::Rissbilder_for_Florian_9S6A3108_130_372_2601_2517.jpg,0.08698735,0.8091697,0.10384292
khanhha_original::Rissbilder_for_Florian_9S6A3108_134_412_3328_4228.jpg,0.07772464,0.84416425,0.078111134
khanhha_original::Rissbilder_for_Florian_9S6A3108_160_1043_3170_3960.jpg,0.07543954,0.81607836,0.10848207
khanhha_original::Rissbilder_for_Florian_9S6A3108_365_3231_2323_2320.jpg,0.11060725,0.78422314,0.10516961
khanhha_original::Rissbilder_for_Florian_9S6A3108_43_1162_3415_3672.jpg,0.07590283,0.8308758,0.093221284
khanhha_original::Rissbilder_for_Florian_9S6A3108_651_10_2896_3045.jpg,0.08327553,0.8072519,0.10947256
khanhha_original::Rissbilder_for_Florian_9S6A3112_1296_2688_2055_2721.jpg,0.18376653,0.6862248,0.13000867
khanhha_original::Rissbilder_for_Florian_9S6A3112_1349_1614_2446_2337.jpg,0.20640253,0.69007,0.10352748
khanhha_original::Rissbilder_for_Florian_9S6A3117_0_0_3840_5760.jpg,0.10934665,0.79372835,0.09692498
khanhha_original::Rissbilder_for_Florian_9S6A3117_155_109_3546_2785.jpg,0.12619172,0.8105018,0.063306466
khanhha_original::Rissbilder_for_Florian_9S6A3117_911_680_2749_2883.jpg,0.098260716,0.8442387,0.057500567
khanhha_original::Rissbilder_for_Florian_9S6A3121_1095_2665_2007_2602.jpg,0.11892751,0.7718959,0.1091766
khanhha_original::Rissbilder_for_Florian_9S6A3121_224_1466_3238_3220.jpg,0.09629111,0.7937868,0.10992203
khanhha_original::Rissbilder_for_Florian_9S6A3121_408_826_2841_3663.jpg,0.08226526,0.846909,0.070825726
khanhha_original::Rissbilder_for_Florian_9S6A3133_207_186_4184_3281.jpg,0.21798225,0.64426273,0.13775504
khanhha_original::Rissbilder_for_Florian_9S6A3138_115_569_2228_2606.jpg,0.12819013,0.7993608,0.07244903
khanhha_original::Sylvie_Chambon_069.jpg,0.29834673,0.40756848,0.2940848
khanhha_original::Volker_DSC01629_412_54_1933_1766.jpg,0.6161541,0.21139939,0.17244653
khanhha_original::Volker_DSC01630_176_437_1360_1040.jpg,0.13385949,0.14274625,0.7233943
khanhha_original::Volker_DSC01630_374_343_1233_1342.jpg,0.12794557,0.10426646,0.767788
khanhha_original::Volker_DSC01631_2_30_1821_2154.jpg,0.12452195,0.28210375,0.5933744
khanhha_original::Volker_DSC01642_220_63_1843_1585.jpg,0.14297229,0.38001257,0.47701508
khanhha_original::Volker_DSC01648_211_212_1177_955.jpg,0.12033319,0.08389705,0.7957698
khanhha_original::Volker_DSC01661_0_0_1824_2736.jpg,0.08508143,0.52930725,0.38561136
khanhha_original::Volker_DSC01661_290_595_1071_1180.jpg,0.10143436,0.3537238,0.5448418
khanhha_original::Volker_DSC01661_400_1545_1179_1103.jpg,0.12972037,0.48355368,0.38672596
khanhha_original::Volker_DSC01667_0_0_1824_2736.jpg,0.059985247,0.24106625,0.6989485
khanhha_original::Volker_DSC01667_106_338_1708_2132.jpg,0.05967127,0.29245457,0.64787424
khanhha_original::Volker_DSC01670_3_833_1821_1836.jpg,0.08461836,0.51303005,0.4023516
khanhha_original::Volker_DSC01670_678_871_1022_989.jpg,0.076502964,0.46657667,0.45692042
khanhha_original::Volker_DSC01678_0_0_1824_2736.jpg,0.028983794,0.39546204,0.57555413
khanhha_original::Volker_DSC01678_14_998_1278_1270.jpg,0.09451137,0.32654515,0.57894355
khanhha_original::Volker_DSC01678_282_907_1086_1149.jpg,0.052628372,0.3200807,0.62729096
khanhha_original::Volker_DSC01686_297_570_1208_1271.jpg,0.10232695,0.34937614,0.54829687
khanhha_original::Volker_DSC01690_763_1051_1043_1097.jpg,0.077765174,0.20461577,0.71761906
khanhha_original::Volker_DSC01691_35_741_1602_1808.jpg,0.10081026,0.5008232,0.3983665
khanhha_original::Volker_DSC01691_6_526_1388_1598.jpg,0.07324092,0.36946785,0.5572912
khanhha_original::Volker_DSC01701_103_539_1579_1680.jpg,0.11919985,0.18100777,0.6997923
khanhha_original::cracktree200_6258.jpg,0.19030559,0.50364923,0.30604517
khanhha_original::cracktree200_6266.jpg,0.41244116,0.3935731,0.19398567
khanhha_original::cracktree200_6278.jpg,0.28217733,0.43870324,0.2791194
khanhha_original::cracktree200_6297.jpg,0.31611952,0.395408,0.28847235
khanhha_original::cracktree200_6298.jpg,0.29591548,0.5801777,0.12390675
khanhha_original::cracktree200_6710.jpg,0.39794928,0.40049115,0.20155963
khanhha_original::forest_018.jpg,0.329368,0.36704105,0.30359098
khanhha_original::forest_054.jpg,0.35693553,0.40768328,0.23538116
khanhha_original::forest_117.jpg,0.32133126,0.32178414,0.35688466
khanhha_original::noncrack_noncrack_concrete_wall_102_5.jpg.jpg,0.015079354,0.96042913,0.024491444
khanhha_original::noncrack_noncrack_concrete_wall_15_5.jpg.jpg,0.14308459,0.6850217,0.17189369
khanhha_original::noncrack_noncrack_concrete_wall_15_7.jpg.jpg,0.20471244,0.47612908,0.31915846
khanhha_original::noncrack_noncrack_concrete_wall_20_1.jpg.jpg,0.016603777,0.93857795,0.04481835
khanhha_original::noncrack_noncrack_concrete_wall_20_15.jpg.jpg,0.030050099,0.84733087,0.122618996
khanhha_original::noncrack_noncrack_concrete_wall_20_32.jpg.jpg,0.019785682,0.92103714,0.05917722
khanhha_original::noncrack_noncrack_concrete_wall_20_52.jpg.jpg,0.019323446,0.92124915,0.059427485
khanhha_original::noncrack_noncrack_concrete_wall_20_54.jpg.jpg,0.02656898,0.86878675,0.10464423
khanhha_original::noncrack_noncrack_concrete_wall_20_59.jpg.jpg,0.020298354,0.9420165,0.03768514
khanhha_original::noncrack_noncrack_concrete_wall_20_62.jpg.jpg,0.019169414,0.9313127,0.049517844
khanhha_original::noncrack_noncrack_concrete_wall_20_68.jpg.jpg,0.020544322,0.9155855,0.06387027
khanhha_original::noncrack_noncrack_concrete_wall_20_70.jpg.jpg,0.02892129,0.89882326,0.072255455
khanhha_original::noncrack_noncrack_concrete_wall_35_4.jpg.jpg,0.007969435,0.94062126,0.05140932
khanhha_original::noncrack_noncrack_concrete_wall_3_2.jpg.jpg,0.0017488414,0.99492586,0.0033252663
khanhha_original::noncrack_noncrack_concrete_wall_44_0.jpg.jpg,0.011260095,0.8775914,0.11114849
khanhha_original::noncrack_noncrack_concrete_wall_44_4.jpg.jpg,0.014289108,0.84068936,0.14502157
khanhha_original::noncrack_noncrack_concrete_wall_46_8.jpg.jpg,0.0031558096,0.993399,0.0034451499
khanhha_original::noncrack_noncrack_concrete_wall_48_0.jpg.jpg,0.060097754,0.87928754,0.060614683
khanhha_original::noncrack_noncrack_concrete_wall_48_1.jpg.jpg,0.09271573,0.8395507,0.067733556
khanhha_original::noncrack_noncrack_concrete_wall_48_5.jpg.jpg,0.0746145,0.8213157,0.10406983
khanhha_original::noncrack_noncrack_concrete_wall_59_0.jpg.jpg,0.00066816306,0.99807274,0.0012590281
khanhha_original::noncrack_noncrack_concrete_wall_59_3.jpg.jpg,0.00076387567,0.99773896,0.0014972322
khanhha_original::noncrack_noncrack_concrete_wall_65_0.jpg.jpg,0.08174754,0.73263836,0.1856141
khanhha_original::noncrack_noncrack_concrete_wall_65_10.jpg.jpg,0.049257144,0.8343537,0.116389215
khanhha_original::noncrack_noncrack_concrete_wall_68_0.jpg.jpg,0.0054192985,0.98786885,0.006711824
khanhha_original::noncrack_noncrack_concrete_wall_68_1.jpg.jpg,0.015533269,0.96982265,0.014644142
khanhha_original::noncrack_noncrack_concrete_wall_74_10.jpg.jpg,0.037087854,0.67011976,0.29279244
khanhha_original::noncrack_noncrack_concrete_wall_82_14.jpg.jpg,0.00032259861,0.999102,0.00057533477
khanhha_original::noncrack_noncrack_concrete_wall_82_23.jpg.jpg,0.00048952247,0.99880064,0.0007098752
khanhha_original::noncrack_noncrack_concrete_wall_82_24.jpg.jpg,0.00030089042,0.9992167,0.00048238612
khanhha_original::noncrack_noncrack_concrete_wall_82_27.jpg.jpg,0.00041512196,0.9988482,0.0007367373
khanhha_original::noncrack_noncrack_concrete_wall_82_32.jpg.jpg,0.0004415066,0.99887854,0.0006799739
khanhha_original::noncrack_noncrack_concrete_wall_82_4.jpg.jpg,0.00034393484,0.999209,0.00044720064
khanhha_original::noncrack_noncrack_concrete_wall_82_5.jpg.jpg,0.0003028601,0.9993156,0.00038151597
khanhha_original::noncrack_noncrack_concrete_wall_86_1.jpg.jpg,0.02532004,0.97006065,0.0046193083
khanhha_original::noncrack_noncrack_concrete_wall_86_2.jpg.jpg,0.03078368,0.9628923,0.0063240463
khanhha_original::noncrack_noncrack_concrete_wall_93_5.jpg.jpg,0.010670188,0.9788486,0.010481281
khanhha_original::noncrack_noncrack_concrete_wall_96_1.jpg.jpg,0.014863413,0.97396594,0.011170696
khanhha_original::noncrack_noncrack_concrete_wall_96_12.jpg.jpg,0.008308119,0.98075795,0.010933979
khanhha_original::noncrack_noncrack_concrete_wall_96_2.jpg.jpg,0.015312653,0.9669029,0.017784404
khanhha_original::noncrack_noncrack_concrete_wall_96_27.jpg.jpg,0.007890845,0.98596156,0.006147617
khanhha_noisy1::CFD_011.jpg,0.34664163,0.2830143,0.3703441
khanhha_noisy1::CFD_080.jpg,0.29103482,0.26270077,0.44626442
khanhha_noisy1::CRACK500_20160222_081908_641_721.jpg,0.27652094,0.29383153,0.4296476
khanhha_noisy1::CRACK500_20160222_115519_641_721.jpg,0.065869,0.46297392,0.47115713
khanhha_noisy1::CRACK500_20160222_163940_1281_1081.jpg,0.22527163,0.3025442,0.47218418
khanhha_noisy1::CRACK500_20160222_163940_1_1081.jpg,0.21482946,0.39222035,0.39295024
khanhha_noisy1::CRACK500_20160222_163940_1_361.jpg,0.25797495,0.3653002,0.37672487
khanhha_noisy1::CRACK500_20160222_163940_641_1081.jpg,0.23353793,0.36818472,0.39827737
khanhha_noisy1::CRACK500_20160222_165919_1_721.jpg,0.34529895,0.30976,0.34494102
khanhha_noisy1::CRACK500_20160225_114514_721_1281.jpg,0.22139022,0.6919576,0.086652145
khanhha_noisy1::CRACK500_20160225_114514_721_641.jpg,0.17180379,0.7308418,0.097354405
khanhha_noisy1::CRACK500_20160302_155857_1281_1.jpg,0.23234017,0.13479719,0.6328626
khanhha_noisy1::CRACK500_20160302_155857_1_721.jpg,0.26326936,0.31119907,0.42553154
khanhha_noisy1::CRACK500_20160302_155914_1081_641.jpg,0.21031447,0.21805117,0.57163435
khanhha_noisy1::CRACK500_20160303_092806_1281_721.jpg,0.33267006,0.2512975,0.4160325
khanhha_noisy1::CRACK500_20160303_092806_1_721.jpg,0.33186615,0.35974836,0.30838543
khanhha_noisy1::CRACK500_20160306_103830_1921_1081.jpg,0.21737938,0.1630916,0.61952907
khanhha_noisy1::CRACK500_20160307_143827_1_721.jpg,0.29682308,0.18992382,0.51325303
khanhha_noisy1::CRACK500_20160307_144150_1281_721.jpg,0.2198415,0.528592,0.25156653
khanhha_noisy1::CRACK500_20160307_144150_641_361.jpg,0.2954211,0.3325204,0.37205857
khanhha_noisy1::CRACK500_20160307_144931_1281_1.jpg,0.23122871,0.4572442,0.31152713
khanhha_noisy1::CRACK500_20160307_144931_641_721.jpg,0.34541723,0.3365276,0.3180552
khanhha_noisy1::CRACK500_20160307_163537_1281_721.jpg,0.28209218,0.34204394,0.3758638
khanhha_noisy1::CRACK500_20160307_163537_641_361.jpg,0.252646,0.2754248,0.47192922
khanhha_noisy1::CRACK500_20160307_163537_641_721.jpg,0.25168535,0.25904906,0.48926553
khanhha_noisy1::CRACK500_20160307_164334_641_1.jpg,0.3053907,0.36773613,0.3268732
khanhha_noisy1::CRACK500_20160307_164334_641_361.jpg,0.30375808,0.410913,0.28532887
khanhha_noisy1::CRACK500_20160308_072921_1281_1081.jpg,0.21011403,0.24624462,0.5436413
khanhha_noisy1::CRACK500_20160308_072921_1281_361.jpg,0.20016547,0.20438172,0.59545285
khanhha_noisy1::CRACK500_20160308_072921_641_1081.jpg,0.21844679,0.21010438,0.57144886
khanhha_noisy1::CRACK500_20160308_072921_641_721.jpg,0.23357967,0.24568182,0.5207384
khanhha_noisy1::CRACK500_20160308_073014_1281_721.jpg,0.21088266,0.30914587,0.4799714
khanhha_noisy1::CRACK500_20160308_073406_641_721.jpg,0.3422295,0.26915506,0.38861552
khanhha_noisy1::CRACK500_20160308_160053_1_361.jpg,0.30864012,0.38589063,0.3054692
khanhha_noisy1::CRACK500_20160310_114418_641_361.jpg,0.28767103,0.40619582,0.30613318
khanhha_noisy1::CRACK500_20160318_181602_1281_361.jpg,0.4699106,0.29280782,0.23728158
khanhha_noisy1::CRACK500_20160318_181627_1_721.jpg,0.25243375,0.4645096,0.28305665
khanhha_noisy1::CRACK500_20160321_183951_1_361.jpg,0.18045102,0.53859013,0.28095883
khanhha_noisy1::CRACK500_20160321_185457_1281_1.jpg,0.12390229,0.24197218,0.6341256
khanhha_noisy1::CRACK500_20160321_185457_1921_1.jpg,0.1021948,0.12059588,0.7772093
khanhha_noisy1::CRACK500_20160324_170323_1_721.jpg,0.30254832,0.4870562,0.21039553
khanhha_noisy1::CRACK500_20160324_170347_1281_361.jpg,0.2336986,0.5333401,0.23296122
khanhha_noisy1::CRACK500_20160324_170347_1281_721.jpg,0.24976185,0.42800707,0.32223108
khanhha_noisy1::CRACK500_20160326_142354_641_1081.jpg,0.27434185,0.3505541,0.37510404
khanhha_noisy1::CRACK500_20160328_150827_1281_1081.jpg,0.19609773,0.61848134,0.18542087
khanhha_noisy1::CRACK500_20160328_150932_1921_361.jpg,0.26534197,0.32265276,0.41200534
khanhha_noisy1::CRACK500_20160328_150932_641_361.jpg,0.26711088,0.41887346,0.3140157
khanhha_noisy1::CRACK500_20160328_151013_361_1921.jpg,0.23753497,0.18414395,0.57832104
khanhha_noisy1::CRACK500_20160328_151057_1281_721.jpg,0.21919087,0.4614929,0.3193162
khanhha_noisy1::CRACK500_20160328_151413_1_361.jpg,0.21232973,0.36007237,0.42759794
khanhha_noisy1::CRACK500_20160328_151413_641_721.jpg,0.2659965,0.37271225,0.36129126
khanhha_noisy1::CRACK500_20160328_151728_1921_721.jpg,0.33314854,0.22767255,0.43917885
khanhha_noisy1::CRACK500_20160328_151808_1281_721.jpg,0.3049598,0.40431118,0.290729
khanhha_noisy1::CRACK500_20160328_152305_1921_361.jpg,0.21457125,0.24659495,0.5388338
khanhha_noisy1::CRACK500_20160328_153020_1921_361.jpg,0.30950108,0.29213625,0.39836267
khanhha_noisy1::CRACK500_20160328_153540_641_361.jpg,0.22937757,0.5424709,0.22815156
khanhha_noisy1::CRACK500_20160328_153540_641_721.jpg,0.28352785,0.31884825,0.3976239
khanhha_noisy1::CRACK500_20160328_153556_1_361.jpg,0.2525437,0.39299628,0.35446006
khanhha_noisy1::CRACK500_20160328_153645_1_361.jpg,0.23913892,0.53046614,0.23039494
khanhha_noisy1::CRACK500_20160328_153702_1281_721.jpg,0.27114624,0.2690282,0.45982558
khanhha_noisy1::CRACK500_20160328_153702_1_1081.jpg,0.26497635,0.33297524,0.40204835
khanhha_noisy1::CRACK500_20160328_153724_1_1081.jpg,0.30972457,0.22583176,0.46444362
khanhha_noisy1::CRACK500_20160328_153724_641_721.jpg,0.21752636,0.3814927,0.40098086
khanhha_noisy1::CRACK500_20160328_153829_1921_361.jpg,0.2865418,0.25001708,0.46344107
khanhha_noisy1::CRACK500_20160328_153829_641_1.jpg,0.1512581,0.6744679,0.17427397
khanhha_noisy1::CRACK500_20160328_154334_641_721.jpg,0.39104733,0.2514771,0.35747558
khanhha_noisy1::CRACK500_20160328_154352_1281_721.jpg,0.38025436,0.26782808,0.3519176
khanhha_noisy1::CRACK500_20160329_093924_1921_721.jpg,0.13202462,0.17973074,0.68824464
khanhha_noisy1::CRACK500_20160329_094003_641_361.jpg,0.17900793,0.3106586,0.5103334
khanhha_noisy1::CRACK500_20160329_094512_1281_1081.jpg,0.21746743,0.22956839,0.5529642
khanhha_noisy1::CRACK500_20160329_094512_1281_721.jpg,0.2041585,0.15411942,0.6417221
khanhha_noisy1::CRACK500_20160329_094512_1921_721.jpg,0.20686094,0.19535378,0.5977853
khanhha_noisy1::CRACK500_20160329_101503_641_721.jpg,0.27479258,0.5013352,0.22387229
khanhha_noisy1::CRACK500_20160329_104120_1921_721.jpg,0.31221926,0.20997822,0.47780254
khanhha_noisy1::CRACK500_20160329_104120_1_361.jpg,0.284626,0.16566096,0.5497131
khanhha_noisy1::CRACK500_20160329_104120_1_721.jpg,0.32634556,0.2158518,0.45780268
khanhha_noisy1::CRACK500_20160329_104120_641_721.jpg,0.33983988,0.4277636,0.23239648
khanhha_noisy1::CRACK500_20160329_115531_641_721.jpg,0.23031996,0.14833872,0.62134135
khanhha_noisy1::CRACK500_20160330_164743_1_361.jpg,0.2371628,0.41556695,0.34727022
khanhha_noisy1::CRACK500_20160330_164743_641_361.jpg,0.27550626,0.36379737,0.36069632
khanhha_noisy1::CRACK500_20160330_170501_1_721.jpg,0.25304005,0.3201214,0.42683858
khanhha_noisy1::CRACK500_20160330_170504_641_721.jpg,0.22610784,0.46017164,0.3137205
khanhha_noisy1::CRACK500_20160402_150105_1_1.jpg,0.28717357,0.42071664,0.29210976
khanhha_noisy1::CRACK500_20160402_150317_641_361.jpg,0.25563553,0.43985945,0.30450496
khanhha_noisy1::CRACK500_20160402_150317_641_721.jpg,0.32392022,0.36994547,0.30613428
khanhha_noisy1::CRACK500_20160402_150938_641_361.jpg,0.2931848,0.45277643,0.25403875
khanhha_noisy1::CRACK500_20160402_150938_641_721.jpg,0.23886655,0.6189349,0.14219846
khanhha_noisy1::CRACK500_20160405_171333_1281_361.jpg,0.19323093,0.28421792,0.5225511
khanhha_noisy1::CRACK500_20160405_171453_1281_361.jpg,0.08589836,0.22191316,0.6921885
khanhha_noisy1::CRACK500_20160405_171453_1_721.jpg,0.11071546,0.10055602,0.78872854
khanhha_noisy1::CRACK500_20160405_171453_641_361.jpg,0.18260746,0.210739,0.6066535
khanhha_noisy1::CRACK500_20160405_171716_1921_721.jpg,0.29556662,0.21593386,0.4884995
khanhha_noisy1::CRACK500_20160407_163522_1921_721.jpg,0.26647076,0.23343422,0.50009507
khanhha_noisy1::CRACK500_20160407_163522_641_721.jpg,0.2799173,0.27344406,0.44663864
khanhha_noisy1::CRACK500_20160407_165001_641_1081.jpg,0.31081012,0.294789,0.3944009
khanhha_noisy1::CRACK500_20160407_165210_1921_721.jpg,0.24726559,0.35407776,0.39865664
khanhha_noisy1::CRACK500_IMG_2932_1297_969.jpg,0.26271516,0.37737492,0.35990992
khanhha_noisy1::DeepCrack_11113.jpg,0.16619201,0.6225998,0.21120821
khanhha_noisy1::DeepCrack_11116-2.jpg,0.1687332,0.5628805,0.26838624
khanhha_noisy1::DeepCrack_11116-3.jpg,0.10293482,0.6085022,0.28856295
khanhha_noisy1::DeepCrack_11125-1.jpg,0.20946819,0.41789958,0.37263218
khanhha_noisy1::DeepCrack_11151-2.jpg,0.1597971,0.56260115,0.27760175
khanhha_noisy1::DeepCrack_11155-1.jpg,0.09061692,0.66340506,0.24597795
khanhha_noisy1::DeepCrack_11155.jpg,0.14185089,0.5215936,0.33655563
khanhha_noisy1::DeepCrack_11184-1.jpg,0.14283898,0.07026788,0.7868931
khanhha_noisy1::DeepCrack_11215-15.jpg,0.09413265,0.6023718,0.30349556
khanhha_noisy1::DeepCrack_11215-3.jpg,0.07820011,0.7654127,0.15638717
khanhha_noisy1::DeepCrack_11240-6.jpg,0.21616301,0.5059017,0.27793536
khanhha_noisy1::DeepCrack_11240-8.jpg,0.22198969,0.40456763,0.37344265
khanhha_noisy1::DeepCrack_11247-12.jpg,0.24861836,0.11716604,0.63421553
khanhha_noisy1::DeepCrack_11269-1.jpg,0.39907163,0.31737018,0.2835582
khanhha_noisy1::DeepCrack_11271-2.jpg,0.12376305,0.35194623,0.5242907
khanhha_noisy1::DeepCrack_11271-5.jpg,0.14375666,0.5622694,0.29397398
khanhha_noisy1::DeepCrack_11301-6.jpg,0.10178636,0.2345272,0.66368645
khanhha_noisy1::DeepCrack_7Q3A9064-12.jpg,0.13498357,0.24722627,0.61779016
khanhha_noisy1::DeepCrack_7Q3A9064-17.jpg,0.16710041,0.19536413,0.6375354
khanhha_noisy1::DeepCrack_7Q3A9064-19.jpg,0.18183194,0.23353997,0.58462805
khanhha_noisy1::DeepCrack_7Q3A9064-20.jpg,0.3483265,0.16448347,0.48718995
khanhha_noisy1::DeepCrack_IMG11-6.jpg,0.6262247,0.16519026,0.20858504
khanhha_noisy1::DeepCrack_IMG_6469-2.jpg,0.14650455,0.69554955,0.15794586
khanhha_noisy1::DeepCrack_IMG_6514-3.jpg,0.17359182,0.090417475,0.73599064
khanhha_noisy1::Eugen_Muller_7723_0_0_714_429.jpg,0.61538893,0.18132105,0.20329009
khanhha_noisy1::GAPS384_test_0058_1_1.jpg,0.29157037,0.5507043,0.15772538
khanhha_noisy1::GAPS384_test_0203_1_1.jpg,0.48786184,0.17223887,0.33989924
khanhha_noisy1::GAPS384_test_0203_541_1.jpg,0.3692695,0.19091,0.43982053
khanhha_noisy1::GAPS384_train_0449_1_1.jpg,0.5153944,0.11674507,0.3678605
khanhha_noisy1::GAPS384_train_0516_541_641.jpg,0.38490188,0.12096953,0.4941286
khanhha_noisy1::GAPS384_train_0542_1_641.jpg,0.2805963,0.26644284,0.45296082
khanhha_noisy1::GAPS384_train_0681_541_641.jpg,0.327666,0.20684631,0.46548772
khanhha_noisy1::GAPS384_train_0700_1_1.jpg,0.27520135,0.15766731,0.56713134
khanhha_noisy1::GAPS384_train_0918_1_641.jpg,0.37937102,0.06012084,0.56050813
khanhha_noisy1::GAPS384_train_0922_1_641.jpg,0.48238763,0.17650627,0.3411061
khanhha_noisy1::GAPS384_train_0959_1_641.jpg,0.42466757,0.13515411,0.4401784
khanhha_noisy1::GAPS384_train_1028_1_1.jpg,0.4964736,0.11995755,0.3835688
khanhha_noisy1::GAPS384_train_1126_541_1.jpg,0.46988928,0.11824564,0.41186506
khanhha_noisy1::GAPS384_train_1128_541_1.jpg,0.49600142,0.14220938,0.3617892
khanhha_noisy1::GAPS384_train_1247_541_1.jpg,0.34342012,0.20122041,0.45535946
khanhha_noisy1::GAPS384_train_1284_541_641.jpg,0.37836814,0.15411155,0.46752033
khanhha_noisy1::GAPS384_train_1347_541_1.jpg,0.31513712,0.12654874,0.5583142
khanhha_noisy1::GAPS384_train_1347_541_641.jpg,0.32453933,0.16353524,0.5119254
khanhha_noisy1::GAPS384_train_1366_541_1.jpg,0.39974245,0.11323681,0.4870208
khanhha_noisy1::GAPS384_train_1381_541_1.jpg,0.49092683,0.13058375,0.3784894
khanhha_noisy1::Rissbilder_for_Florian_9S6A2782_0_0_3840_5760.jpg,0.58154714,0.2578257,0.16062717
khanhha_noisy1::Rissbilder_for_Florian_9S6A2784_100_1539_3455_3308.jpg,0.50598776,0.32780018,0.16621199
khanhha_noisy1::Rissbilder_for_Florian_9S6A2784_1029_155_2671_3164.jpg,0.65042233,0.21171933,0.13785838
khanhha_noisy1::Rissbilder_for_Florian_9S6A2784_241_1425_3582_3991.jpg,0.41263154,0.34934086,0.23802762
khanhha_noisy1::Rissbilder_for_Florian_9S6A2785_118_523_3535_4238.jpg,0.10289628,0.8893317,0.0077719344
khanhha_noisy1::Rissbilder_for_Florian_9S6A2785_197_1269_2404_2359.jpg,0.07040751,0.9204843,0.009108176
khanhha_noisy1::Rissbilder_for_Florian_9S6A2785_239_136_3078_2666.jpg,0.061031044,0.93268675,0.0062821796
khanhha_noisy1::Rissbilder_for_Florian_9S6A2785_493_901_3299_3768.jpg,0.15299523,0.83739585,0.00960886
khanhha_noisy1::Rissbilder_for_Florian_9S6A2785_51_1717_2854_3381.jpg,0.01835588,0.98020416,0.0014399852
khanhha_noisy1::Rissbilder_for_Florian_9S6A2792_0_0_5760_3840.jpg,0.7652554,0.16791263,0.06683189
khanhha_noisy1::Rissbilder_for_Florian_9S6A2792_1773_105_2717_3479.jpg,0.6357939,0.17869142,0.18551464
khanhha_noisy1::Rissbilder_for_Florian_9S6A2792_1778_280_3876_3455.jpg,0.69083536,0.18308257,0.12608203
khanhha_noisy1::Rissbilder_for_Florian_9S6A2792_2643_751_3074_3028.jpg,0.68289226,0.17267352,0.14443429
khanhha_noisy1::Rissbilder_for_Florian_9S6A2792_753_1245_2029_2585.jpg,0.465475,0.47562233,0.05890275
khanhha_noisy1::Rissbilder_for_Florian_9S6A2797_0_0_3840_5760.jpg,0.44316897,0.2946849,0.26214617
khanhha_noisy1::Rissbilder_for_Florian_9S6A2797_211_1594_3203_4094.jpg,0.42631146,0.3034455,0.27024305
khanhha_noisy1::Rissbilder_for_Florian_9S6A2797_27_2177_3736_3368.jpg,0.43636307,0.3022812,0.26135573
khanhha_noisy1::Rissbilder_for_Florian_9S6A2797_331_75_3433_4182.jpg,0.40127173,0.3074538,0.29127443
khanhha_noisy1::Rissbilder_for_Florian_9S6A2802_251_84_3754_3687.jpg,0.22883958,0.35748067,0.41367966
khanhha_noisy1::Rissbilder_for_Florian_9S6A2802_2931_279_2589_2739.jpg,0.23212448,0.47238863,0.295487
khanhha_noisy1::Rissbilder_for_Florian_9S6A2802_631_103_2560_2012.jpg,0.47950745,0.2969737,0.2235188
khanhha_noisy1::Rissbilder_for_Florian_9S6A2803_209_1110_2922_3685.jpg,0.57140076,0.22900192,0.19959728
khanhha_noisy1::Rissbilder_for_Florian_9S6A2803_247_1248_3459_4462.jpg,0.5732203,0.23523366,0.19154602
khanhha_noisy1::Rissbilder_for_Florian_9S6A2803_272_142_3359_3107.jpg,0.48867798,0.15904485,0.35227713
khanhha_noisy1::Rissbilder_for_Florian_9S6A2803_612_408_2717_3030.jpg,0.6127828,0.14099151,0.2462258
khanhha_noisy1::Rissbilder_for_Florian_9S6A2810_309_181_3327_4094.jpg,0.66161513,0.17290795,0.16547696
khanhha_noisy1::Rissbilder_for_Florian_9S6A2810_43_528_3225_4185.jpg,0.48837224,0.30058718,0.21104063
khanhha_noisy1::Rissbilder_for_Florian_9S6A2810_65_655_2748_2720.jpg,0.59272116,0.21332717,0.19395168
khanhha_noisy1::Rissbilder_for_Florian_9S6A2822_1030_155_3516_3590.jpg,0.515319,0.27641377,0.20826729
khanhha_noisy1::Rissbilder_for_Florian_9S6A2822_1137_465_2983_2428.jpg,0.5130075,0.31259805,0.17439438
khanhha_noisy1::Rissbilder_for_Florian_9S6A2822_2401_400_2963_3258.jpg,0.5260835,0.26083285,0.2130836
khanhha_noisy1::Rissbilder_for_Florian_9S6A2835_373_1783_2745_2384.jpg,0.32021427,0.40304872,0.27673703
khanhha_noisy1::Rissbilder_for_Florian_9S6A2835_459_1693_3011_2424.jpg,0.29807642,0.42739618,0.27452743
khanhha_noisy1::Rissbilder_for_Florian_9S6A2835_468_2521_2391_2304.jpg,0.33884308,0.37022275,0.29093415
khanhha_noisy1::Rissbilder_for_Florian_9S6A2835_469_1050_2755_3142.jpg,0.36401695,0.34502834,0.29095474
khanhha_noisy1::Rissbilder_for_Florian_9S6A2835_637_235_2191_2778.jpg,0.36063623,0.3287702,0.31059358
khanhha_noisy1::Rissbilder_for_Florian_9S6A2835_964_2753_2392_2184.jpg,0.36690173,0.30232877,0.33076948
khanhha_noisy1::Rissbilder_for_Florian_9S6A2836_0_0_3840_5760.jpg,0.28471458,0.29192337,0.423362
khanhha_noisy1::Rissbilder_for_Florian_9S6A2836_391_1220_2381_3118.jpg,0.2755033,0.22732197,0.4971747
khanhha_noisy1::Rissbilder_for_Florian_9S6A2837_523_803_3305_3454.jpg,0.34203002,0.25787994,0.4000901
khanhha_noisy1::Rissbilder_for_Florian_9S6A2848_105_342_3183_3261.jpg,0.540421,0.1722259,0.28735307
khanhha_noisy1::Rissbilder_for_Florian_9S6A2848_1214_523_4329_3293.jpg,0.5891294,0.177203,0.23366761
khanhha_noisy1::Rissbilder_for_Florian_9S6A2850_1113_51_4606_3781.jpg,0.67116284,0.20500298,0.12383414
khanhha_noisy1::Rissbilder_for_Florian_9S6A2850_1408_904_2105_2792.jpg,0.63736415,0.23545144,0.1271844
khanhha_noisy1::Rissbilder_for_Florian_9S6A2854_162_1195_3169_2569.jpg,0.6067916,0.26304844,0.13015999
khanhha_noisy1::Rissbilder_for_Florian_9S6A2856_1840_62_3055_3769.jpg,0.70935684,0.11969581,0.17094733
khanhha_noisy1::Rissbilder_for_Florian_9S6A2856_2611_839_1919_2466.jpg,0.5193328,0.30527523,0.17539196
khanhha_noisy1::Rissbilder_for_Florian_9S6A2856_3030_1197_2337_2140.jpg,0.6404499,0.22773516,0.13181494
khanhha_noisy1::Rissbilder_for_Florian_9S6A2856_3095_641_2548_2416.jpg,0.6327075,0.23452246,0.13276997
khanhha_noisy1::Rissbilder_for_Florian_9S6A2862_13_1221_3798_4291.jpg,0.5462232,0.27204177,0.18173505
khanhha_noisy1::Rissbilder_for_Florian_9S6A2862_16_760_3062_2984.jpg,0.5099367,0.2722374,0.21782598
khanhha_noisy1::Rissbilder_for_Florian_9S6A2862_54_2006_3577_3513.jpg,0.5749897,0.26317665,0.16183376
khanhha_noisy1::Rissbilder_for_Florian_9S6A2862_550_1911_3038_3042.jpg,0.62711215,0.20035216,0.1725357
khanhha_noisy1::Rissbilder_for_Florian_9S6A2863_312_1094_3025_3361.jpg,0.36499834,0.49676734,0.13823436
khanhha_noisy1::Rissbilder_for_Florian_9S6A2863_423_3163_2502_2009.jpg,0.6017917,0.3037758,0.09443255
khanhha_noisy1::Rissbilder_for_Florian_9S6A2867_114_180_3373_2642.jpg,0.3923151,0.42163688,0.18604809
khanhha_noisy1::Rissbilder_for_Florian_9S6A2867_249_168_3377_3485.jpg,0.5527171,0.17443663,0.27284625
khanhha_noisy1::Rissbilder_for_Florian_9S6A2867_26_155_3813_3142.jpg,0.3937512,0.26490653,0.3413423
khanhha_noisy1::Rissbilder_for_Florian_9S6A2867_515_377_2926_3568.jpg,0.37555444,0.21470247,0.4097431
khanhha_noisy1::Rissbilder_for_Florian_9S6A2867_657_766_2790_3388.jpg,0.42476785,0.1861213,0.38911086
khanhha_noisy1::Rissbilder_for_Florian_9S6A2873_0_0_5760_3840.jpg,0.34556413,0.19608356,0.4583523
khanhha_noisy1::Rissbilder_for_Florian_9S6A2873_244_84_4072_3620.jpg,0.3707438,0.22304158,0.40621462
khanhha_noisy1::Rissbilder_for_Florian_9S6A2873_904_515_2792_2550.jpg,0.4279212,0.26089793,0.3111808
khanhha_noisy1::Rissbilder_for_Florian_9S6A2873_905_438_3442_2738.jpg,0.35847571,0.27044392,0.3710804
khanhha_noisy1::Rissbilder_for_Florian_9S6A2873_930_236_3379_3204.jpg,0.37376067,0.2602456,0.36599377
khanhha_noisy1::Rissbilder_for_Florian_9S6A2878_186_801_3630_3688.jpg,0.28450033,0.34743246,0.3680672
khanhha_noisy1::Rissbilder_for_Florian_9S6A2878_287_270_3223_3935.jpg,0.28233135,0.32198337,0.39568532
khanhha_noisy1::Rissbilder_for_Florian_9S6A2878_29_861_3713_4568.jpg,0.31756327,0.39480177,0.28763494
khanhha_noisy1::Rissbilder_for_Florian_9S6A2878_373_2066_2452_3245.jpg,0.29706725,0.33406118,0.36887154
khanhha_noisy1::Rissbilder_for_Florian_9S6A2878_67_878_2624_2752.jpg,0.2964917,0.29256195,0.41094634
khanhha_noisy1::Rissbilder_for_Florian_9S6A2878_861_28_2800_2885.jpg,0.263405,0.2321325,0.5044625
khanhha_noisy1::Rissbilder_for_Florian_9S6A2890_0_0_3840_5760.jpg,0.32049483,0.462433,0.21707213
khanhha_noisy1::Rissbilder_for_Florian_9S6A2890_1213_1864_1830_2425.jpg,0.5335187,0.3788975,0.0875838
khanhha_noisy1::Rissbilder_for_Florian_9S6A2894_2035_188_3164_3103.jpg,0.6539307,0.16832078,0.17774849
khanhha_noisy1::Rissbilder_for_Florian_9S6A2894_2274_588_3314_3190.jpg,0.66886467,0.13352759,0.19760777
khanhha_noisy1::Rissbilder_for_Florian_9S6A2904_447_893_3086_3169.jpg,0.32827342,0.45604002,0.2156866
khanhha_noisy1::Rissbilder_for_Florian_9S6A2904_78_719_3211_3093.jpg,0.36182112,0.40599713,0.23218177
khanhha_noisy1::Rissbilder_for_Florian_9S6A2904_86_208_2615_2808.jpg,0.15173462,0.7431133,0.10515213
khanhha_noisy1::Rissbilder_for_Florian_9S6A2905_1082_994_2878_2819.jpg,0.19605868,0.65192413,0.15201725
khanhha_noisy1::Rissbilder_for_Florian_9S6A2905_153_412_3269_2899.jpg,0.15532394,0.7258114,0.11886464
khanhha_noisy1::Rissbilder_for_Florian_9S6A2905_2363_42_2827_2612.jpg,0.38382888,0.34108436,0.2750867
khanhha_noisy1::Rissbilder_for_Florian_9S6A2905_795_159_2896_2675.jpg,0.20163515,0.6133057,0.18505917
khanhha_noisy1::Rissbilder_for_Florian_9S6A2905_928_88_4020_3658.jpg,0.4437595,0.28231946,0.27392107
khanhha_noisy1::Rissbilder_for_Florian_9S6A2912_0_0_3840_5760.jpg,0.536659,0.102123655,0.3612173
khanhha_noisy1::Rissbilder_for_Florian_9S6A2912_255_1175_3429_3203.jpg,0.5174688,0.10595682,0.37657443
khanhha_noisy1::Rissbilder_for_Florian_9S6A2912_85_369_3711_3429.jpg,0.6567117,0.0851102,0.25817817
khanhha_noisy1::Rissbilder_for_Florian_9S6A2913_20_297_2640_2502.jpg,0.6011242,0.22261561,0.17626014
khanhha_noisy1::Rissbilder_for_Florian_9S6A2913_320_3010_3339_2578.jpg,0.6628034,0.17033686,0.16685975
khanhha_noisy1::Rissbilder_for_Florian_9S6A2913_321_16_3485_4543.jpg,0.5965061,0.23380941,0.16968442
khanhha_noisy1::Rissbilder_for_Florian_9S6A2923_1668_185_3721_3137.jpg,0.46210134,0.3415583,0.19634032
khanhha_noisy1::Rissbilder_for_Florian_9S6A2923_49_326_3736_3442.jpg,0.34190592,0.47066855,0.18742554
khanhha_noisy1::Rissbilder_for_Florian_9S6A2923_875_539_3052_2796.jpg,0.37596384,0.36524928,0.2587869
khanhha_noisy1::Rissbilder_for_Florian_9S6A3088_370_2375_2620_2464.jpg,0.5070723,0.21654248,0.27638516
khanhha_noisy1::Rissbilder_for_Florian_9S6A3098_1300_3220_2283_2309.jpg,0.37682185,0.27339414,0.34978402
khanhha_noisy1::Rissbilder_for_Florian_9S6A3098_64_1239_3474_2730.jpg,0.43001768,0.25548178,0.31450045
khanhha_noisy1::Rissbilder_for_Florian_9S6A3098_88_800_3751_4641.jpg,0.37128055,0.30040747,0.32831198
khanhha_noisy1::Rissbilder_for_Florian_9S6A3101_1262_2535_2488_2185.jpg,0.35760102,0.17980175,0.4625972
khanhha_noisy1::Rissbilder_for_Florian_9S6A3101_148_599_2929_2917.jpg,0.33197594,0.18997161,0.4780525
khanhha_noisy1::Rissbilder_for_Florian_9S6A3101_487_946_2726_3042.jpg,0.2874518,0.17931357,0.53323466
khanhha_noisy1::Rissbilder_for_Florian_9S6A3106_108_1927_3275_2664.jpg,0.48069695,0.20519751,0.3141055
khanhha_noisy1::Rissbilder_for_Florian_9S6A3106_228_1483_2823_2920.jpg,0.3173079,0.22672792,0.45596418
khanhha_noisy1::Rissbilder_for_Florian_9S6A3106_310_2925_3257_2813.jpg,0.5632645,0.1836843,0.25305116
khanhha_noisy1::Rissbilder_for_Florian_9S6A3106_333_1784_3162_3278.jpg,0.4231938,0.18663116,0.390175
khanhha_noisy1::Rissbilder_for_Florian_9S6A3106_521_315_3058_2943.jpg,0.2851208,0.2695625,0.44531664
khanhha_noisy1::Rissbilder_for_Florian_9S6A3106_85_2598_2058_2287.jpg,0.48891357,0.19384542,0.317241
khanhha_noisy1::Rissbilder_for_Florian_9S6A3106_9_406_3814_4267.jpg,0.3220707,0.21846631,0.45946294
khanhha_noisy1::Rissbilder_for_Florian_9S6A3108_130_372_2601_2517.jpg,0.1532546,0.09786277,0.74888265
khanhha_noisy1::Rissbilder_for_Florian_9S6A3108_134_412_3328_4228.jpg,0.18225633,0.09640388,0.7213398
khanhha_noisy1::Rissbilder_for_Florian_9S6A3108_160_1043_3170_3960.jpg,0.22319166,0.09660573,0.6802026
khanhha_noisy1::Rissbilder_for_Florian_9S6A3108_365_3231_2323_2320.jpg,0.3194428,0.11972678,0.56083035
khanhha_noisy1::Rissbilder_for_Florian_9S6A3108_43_1162_3415_3672.jpg,0.21064527,0.07936311,0.70999163
khanhha_noisy1::Rissbilder_for_Florian_9S6A3108_651_10_2896_3045.jpg,0.14258826,0.09991087,0.7575008
khanhha_noisy1::Rissbilder_for_Florian_9S6A3112_1296_2688_2055_2721.jpg,0.24108681,0.1556052,0.603308
khanhha_noisy1::Rissbilder_for_Florian_9S6A3112_1349_1614_2446_2337.jpg,0.32786432,0.11136473,0.5607709
khanhha_noisy1::Rissbilder_for_Florian_9S6A3117_0_0_3840_5760.jpg,0.45358288,0.16487713,0.38154006
khanhha_noisy1::Rissbilder_for_Florian_9S6A3117_155_109_3546_2785.jpg,0.44627827,0.14938006,0.40434167
khanhha_noisy1::Rissbilder_for_Florian_9S6A3117_911_680_2749_2883.jpg,0.26305452,0.16499068,0.57195485
khanhha_noisy1::Rissbilder_for_Florian_9S6A3121_1095_2665_2007_2602.jpg,0.3071956,0.14091632,0.55188805
khanhha_noisy1::Rissbilder_for_Florian_9S6A3121_224_1466_3238_3220.jpg,0.36673734,0.17030251,0.46296012
khanhha_noisy1::Rissbilder_for_Florian_9S6A3121_408_826_2841_3663.jpg,0.3457647,0.12966801,0.52456725
khanhha_noisy1::Rissbilder_for_Florian_9S6A3133_207_186_4184_3281.jpg,0.11419838,0.05636006,0.8294416
khanhha_noisy1::Rissbilder_for_Florian_9S6A3138_115_569_2228_2606.jpg,0.16077454,0.11793959,0.7212859
khanhha_noisy1::Sylvie_Chambon_069.jpg,0.3195108,0.37705252,0.3034367
khanhha_noisy1::Volker_DSC01629_412_54_1933_1766.jpg,0.5395987,0.1818335,0.27856785
khanhha_noisy1::Volker_DSC01630_176_437_1360_1040.jpg,0.34260368,0.31269056,0.3447057
khanhha_noisy1::Volker_DSC01630_374_343_1233_1342.jpg,0.38055262,0.23978181,0.37966558
khanhha_noisy1::Volker_DSC01631_2_30_1821_2154.jpg,0.31952387,0.32863015,0.35184595
khanhha_noisy1::Volker_DSC01642_220_63_1843_1585.jpg,0.31215838,0.41100127,0.27684033
khanhha_noisy1::Volker_DSC01648_211_212_1177_955.jpg,0.28981993,0.19709907,0.513081
khanhha_noisy1::Volker_DSC01661_0_0_1824_2736.jpg,0.2885973,0.18484248,0.5265602
khanhha_noisy1::Volker_DSC01661_290_595_1071_1180.jpg,0.26446992,0.20546935,0.5300607
khanhha_noisy1::Volker_DSC01661_400_1545_1179_1103.jpg,0.19032216,0.23466086,0.5750169
khanhha_noisy1::Volker_DSC01667_0_0_1824_2736.jpg,0.38182285,0.15744908,0.46072808
khanhha_noisy1::Volker_DSC01667_106_338_1708_2132.jpg,0.27133057,0.16279581,0.56587356
khanhha_noisy1::Volker_DSC01670_3_833_1821_1836.jpg,0.27683917,0.16991018,0.5532507
khanhha_noisy1::Volker_DSC01670_678_871_1022_989.jpg,0.28420374,0.17640609,0.5393902
khanhha_noisy1::Volker_DSC01678_0_0_1824_2736.jpg,0.3591307,0.2277396,0.4131297
khanhha_noisy1::Volker_DSC01678_14_998_1278_1270.jpg,0.41680908,0.18487565,0.3983152
khanhha_noisy1::Volker_DSC01678_282_907_1086_1149.jpg,0.30888852,0.17464317,0.5164683
khanhha_noisy1::Volker_DSC01686_297_570_1208_1271.jpg,0.2778421,0.21633548,0.50582236
khanhha_noisy1::Volker_DSC01690_763_1051_1043_1097.jpg,0.25629303,0.18008201,0.5636249
khanhha_noisy1::Volker_DSC01691_35_741_1602_1808.jpg,0.24959423,0.1739158,0.57649
khanhha_noisy1::Volker_DSC01691_6_526_1388_1598.jpg,0.21672063,0.16692321,0.61635613
khanhha_noisy1::Volker_DSC01701_103_539_1579_1680.jpg,0.30572906,0.19619557,0.49807543
khanhha_noisy1::cracktree200_6258.jpg,0.28900832,0.5434069,0.16758484
khanhha_noisy1::cracktree200_6266.jpg,0.45383048,0.260326,0.28584346
khanhha_noisy1::cracktree200_6278.jpg,0.29126954,0.559148,0.14958248
khanhha_noisy1::cracktree200_6297.jpg,0.4631614,0.2432399,0.2935987
khanhha_noisy1::cracktree200_6298.jpg,0.25859654,0.5003549,0.24104853
khanhha_noisy1::cracktree200_6710.jpg,0.3689064,0.39179528,0.23929824
khanhha_noisy1::forest_018.jpg,0.2861922,0.26138297,0.45242482
khanhha_noisy1::forest_054.jpg,0.2762486,0.1901121,0.5336393
khanhha_noisy1::forest_117.jpg,0.37814456,0.31128433,0.31057104
khanhha_noisy1::noncrack_noncrack_concrete_wall_102_5.jpg.jpg,0.022126682,0.9701064,0.007766848
khanhha_noisy1::noncrack_noncrack_concrete_wall_15_5.jpg.jpg,0.36425385,0.5149201,0.12082604
khanhha_noisy1::noncrack_noncrack_concrete_wall_15_7.jpg.jpg,0.44206327,0.45140496,0.10653184
khanhha_noisy1::noncrack_noncrack_concrete_wall_20_1.jpg.jpg,0.14508581,0.8316788,0.023235306
khanhha_noisy1::noncrack_noncrack_concrete_wall_20_15.jpg.jpg,0.21196999,0.74970114,0.03832889
khanhha_noisy1::noncrack_noncrack_concrete_wall_20_32.jpg.jpg,0.12448324,0.85304695,0.02246974
khanhha_noisy1::noncrack_noncrack_concrete_wall_20_52.jpg.jpg,0.12209968,0.8544581,0.023442183
khanhha_noisy1::noncrack_noncrack_concrete_wall_20_54.jpg.jpg,0.11054534,0.8754179,0.014036738
khanhha_noisy1::noncrack_noncrack_concrete_wall_20_59.jpg.jpg,0.11559302,0.8698646,0.0145424
khanhha_noisy1::noncrack_noncrack_concrete_wall_20_62.jpg.jpg,0.14099704,0.84069556,0.018307451
khanhha_noisy1::noncrack_noncrack_concrete_wall_20_68.jpg.jpg,0.07211536,0.91082263,0.017062068
khanhha_noisy1::noncrack_noncrack_concrete_wall_20_70.jpg.jpg,0.32212433,0.6066696,0.07120611
khanhha_noisy1::noncrack_noncrack_concrete_wall_35_4.jpg.jpg,0.009820242,0.98218966,0.007990019
khanhha_noisy1::noncrack_noncrack_concrete_wall_3_2.jpg.jpg,0.0064394344,0.9891523,0.004408273
khanhha_noisy1::noncrack_noncrack_concrete_wall_44_0.jpg.jpg,0.13638116,0.68369037,0.17992853
khanhha_noisy1::noncrack_noncrack_concrete_wall_44_4.jpg.jpg,0.17282689,0.6022672,0.22490594
khanhha_noisy1::noncrack_noncrack_concrete_wall_46_8.jpg.jpg,0.0023755531,0.99693704,0.0006873494
khanhha_noisy1::noncrack_noncrack_concrete_wall_48_0.jpg.jpg,0.33607998,0.63210005,0.031819925
khanhha_noisy1::noncrack_noncrack_concrete_wall_48_1.jpg.jpg,0.462842,0.4697504,0.067407705
khanhha_noisy1::noncrack_noncrack_concrete_wall_48_5.jpg.jpg,0.5148464,0.38872865,0.09642502
khanhha_noisy1::noncrack_noncrack_concrete_wall_59_0.jpg.jpg,0.0013400636,0.99741626,0.0012437259
khanhha_noisy1::noncrack_noncrack_concrete_wall_59_3.jpg.jpg,0.0015965285,0.9971065,0.0012969106
khanhha_noisy1::noncrack_noncrack_concrete_wall_65_0.jpg.jpg,0.058394883,0.9262015,0.015403617
khanhha_noisy1::noncrack_noncrack_concrete_wall_65_10.jpg.jpg,0.030926643,0.9546003,0.014473022
khanhha_noisy1::noncrack_noncrack_concrete_wall_68_0.jpg.jpg,0.005597744,0.99043137,0.003970904
khanhha_noisy1::noncrack_noncrack_concrete_wall_68_1.jpg.jpg,0.019544505,0.96948427,0.010971226
khanhha_noisy1::noncrack_noncrack_concrete_wall_74_10.jpg.jpg,0.12155899,0.7887454,0.08969562
khanhha_noisy1::noncrack_noncrack_concrete_wall_82_14.jpg.jpg,0.003058876,0.993587,0.0033541028
khanhha_noisy1::noncrack_noncrack_concrete_wall_82_23.jpg.jpg,0.0036476057,0.9919945,0.004357975
khanhha_noisy1::noncrack_noncrack_concrete_wall_82_24.jpg.jpg,0.0023357628,0.99495643,0.0027077822
khanhha_noisy1::noncrack_noncrack_concrete_wall_82_27.jpg.jpg,0.005213127,0.9869474,0.007839419
khanhha_noisy1::noncrack_noncrack_concrete_wall_82_32.jpg.jpg,0.003825864,0.99113125,0.005042799
khanhha_noisy1::noncrack_noncrack_concrete_wall_82_4.jpg.jpg,0.0026435214,0.9947949,0.0025616684
khanhha_noisy1::noncrack_noncrack_concrete_wall_82_5.jpg.jpg,0.0026541867,0.99525744,0.0020883593
khanhha_noisy1::noncrack_noncrack_concrete_wall_86_1.jpg.jpg,0.052590426,0.93974686,0.0076627336
khanhha_noisy1::noncrack_noncrack_concrete_wall_86_2.jpg.jpg,0.045353815,0.9482731,0.0063730194
khanhha_noisy1::noncrack_noncrack_concrete_wall_93_5.jpg.jpg,0.026054526,0.96066725,0.013278167
khanhha_noisy1::noncrack_noncrack_concrete_wall_96_1.jpg.jpg,0.039856065,0.9492782,0.010865763
khanhha_noisy1::noncrack_noncrack_concrete_wall_96_12.jpg.jpg,0.0133201415,0.9786203,0.008059466
khanhha_noisy1::noncrack_noncrack_concrete_wall_96_2.jpg.jpg,0.042999264,0.94322145,0.013779251
khanhha_noisy1::noncrack_noncrack_concrete_wall_96_27.jpg.jpg,0.017805927,0.9748858,0.0073082414
khanhha_noisy2::CFD_011.jpg,0.46109352,0.26587358,0.27303284
khanhha_noisy2::CFD_080.jpg,0.40943724,0.3358073,0.2547555
khanhha_noisy2::CRACK500_20160222_081908_641_721.jpg,0.23005614,0.23623225,0.5337117
khanhha_noisy2::CRACK500_20160222_115519_641_721.jpg,0.20334554,0.22300015,0.57365435
khanhha_noisy2::CRACK500_20160222_163940_1281_1081.jpg,0.14609039,0.5508884,0.30302116
khanhha_noisy2::CRACK500_20160222_163940_1_1081.jpg,0.21597454,0.60191286,0.1821126
khanhha_noisy2::CRACK500_20160222_163940_1_361.jpg,0.54687196,0.307345,0.145783
khanhha_noisy2::CRACK500_20160222_163940_641_1081.jpg,0.2503869,0.43236083,0.31725222
khanhha_noisy2::CRACK500_20160222_165919_1_721.jpg,0.38758832,0.28873992,0.32367173
khanhha_noisy2::CRACK500_20160225_114514_721_1281.jpg,0.26612005,0.57284224,0.1610378
khanhha_noisy2::CRACK500_20160225_114514_721_641.jpg,0.15602495,0.7392722,0.104702875
khanhha_noisy2::CRACK500_20160302_155857_1281_1.jpg,0.30750299,0.19912226,0.49337474
khanhha_noisy2::CRACK500_20160302_155857_1_721.jpg,0.26547498,0.36604625,0.36847878
khanhha_noisy2::CRACK500_20160302_155914_1081_641.jpg,0.27982143,0.17514639,0.54503214
khanhha_noisy2::CRACK500_20160303_092806_1281_721.jpg,0.3194915,0.21073768,0.46977082
khanhha_noisy2::CRACK500_20160303_092806_1_721.jpg,0.2681058,0.52364814,0.20824608
khanhha_noisy2::CRACK500_20160306_103830_1921_1081.jpg,0.23922312,0.27026615,0.49051082
khanhha_noisy2::CRACK500_20160307_143827_1_721.jpg,0.23856865,0.18350703,0.5779244
khanhha_noisy2::CRACK500_20160307_144150_1281_721.jpg,0.14206536,0.715764,0.14217065
khanhha_noisy2::CRACK500_20160307_144150_641_361.jpg,0.29483113,0.41713035,0.28803852
khanhha_noisy2::CRACK500_20160307_144931_1281_1.jpg,0.23621914,0.47275606,0.29102486
khanhha_noisy2::CRACK500_20160307_144931_641_721.jpg,0.44499105,0.27623418,0.27877474
khanhha_noisy2::CRACK500_20160307_163537_1281_721.jpg,0.3113151,0.28127834,0.40740654
khanhha_noisy2::CRACK500_20160307_163537_641_361.jpg,0.20229556,0.48101664,0.31668776
khanhha_noisy2::CRACK500_20160307_163537_641_721.jpg,0.29650328,0.18972293,0.51377374
khanhha_noisy2::CRACK500_20160307_164334_641_1.jpg,0.18202206,0.6305055,0.18747249
khanhha_noisy2::CRACK500_20160307_164334_641_361.jpg,0.34734234,0.34620136,0.3064563
khanhha_noisy2::CRACK500_20160308_072921_1281_1081.jpg,0.18769212,0.2824284,0.52987945
khanhha_noisy2::CRACK500_20160308_072921_1281_361.jpg,0.16673972,0.18301672,0.6502436
khanhha_noisy2::CRACK500_20160308_072921_641_1081.jpg,0.217564,0.1407231,0.64171284
khanhha_noisy2::CRACK500_20160308_072921_641_721.jpg,0.23430647,0.19080503,0.57488847
khanhha_noisy2::CRACK500_20160308_073014_1281_721.jpg,0.25169787,0.20708257,0.54121953
khanhha_noisy2::CRACK500_20160308_073406_641_721.jpg,0.4611445,0.24639226,0.29246315
khanhha_noisy2::CRACK500_20160308_160053_1_361.jpg,0.22182879,0.5774044,0.20076689
khanhha_noisy2::CRACK500_20160310_114418_641_361.jpg,0.34735662,0.317557,0.33508638
khanhha_noisy2::CRACK500_20160318_181602_1281_361.jpg,0.26202312,0.3569826,0.38099432
khanhha_noisy2::CRACK500_20160318_181627_1_721.jpg,0.24825811,0.39920706,0.3525348
khanhha_noisy2::CRACK500_20160321_183951_1_361.jpg,0.4093444,0.38288048,0.20777515
khanhha_noisy2::CRACK500_20160321_185457_1281_1.jpg,0.31000802,0.27210787,0.4178841
khanhha_noisy2::CRACK500_20160321_185457_1921_1.jpg,0.21806549,0.2757048,0.5062297
khanhha_noisy2::CRACK500_20160324_170323_1_721.jpg,0.36542472,0.3079178,0.32665747
khanhha_noisy2::CRACK500_20160324_170347_1281_361.jpg,0.23293193,0.5338892,0.23317882
khanhha_noisy2::CRACK500_20160324_170347_1281_721.jpg,0.20674846,0.5490987,0.2441529
khanhha_noisy2::CRACK500_20160326_142354_641_1081.jpg,0.27164122,0.38927996,0.33907884
khanhha_noisy2::CRACK500_20160328_150827_1281_1081.jpg,0.16592719,0.63331276,0.2007601
khanhha_noisy2::CRACK500_20160328_150932_1921_361.jpg,0.5619791,0.18830152,0.2497194
khanhha_noisy2::CRACK500_20160328_150932_641_361.jpg,0.37430468,0.3279616,0.29773378
khanhha_noisy2::CRACK500_20160328_151013_361_1921.jpg,0.3474729,0.28924307,0.36328402
khanhha_noisy2::CRACK500_20160328_151057_1281_721.jpg,0.23816429,0.49373227,0.2681034
khanhha_noisy2::CRACK500_20160328_151413_1_361.jpg,0.201828,0.5610903,0.23708166
khanhha_noisy2::CRACK500_20160328_151413_641_721.jpg,0.19825262,0.5404299,0.26131746
khanhha_noisy2::CRACK500_20160328_151728_1921_721.jpg,0.31512538,0.36700252,0.31787214
khanhha_noisy2::CRACK500_20160328_151808_1281_721.jpg,0.36144683,0.33365884,0.30489436
khanhha_noisy2::CRACK500_20160328_152305_1921_361.jpg,0.14552379,0.5973234,0.25715277
khanhha_noisy2::CRACK500_20160328_153020_1921_361.jpg,0.3184785,0.3266875,0.35483408
khanhha_noisy2::CRACK500_20160328_153540_641_361.jpg,0.18242745,0.5967129,0.22085965
khanhha_noisy2::CRACK500_20160328_153540_641_721.jpg,0.32520336,0.21765003,0.45714658
khanhha_noisy2::CRACK500_20160328_153556_1_361.jpg,0.17154017,0.6396953,0.18876451
khanhha_noisy2::CRACK500_20160328_153645_1_361.jpg,0.12563595,0.7656929,0.108671196
khanhha_noisy2::CRACK500_20160328_153702_1281_721.jpg,0.19190133,0.57590896,0.23218966
khanhha_noisy2::CRACK500_20160328_153702_1_1081.jpg,0.28945068,0.34724674,0.36330262
khanhha_noisy2::CRACK500_20160328_153724_1_1081.jpg,0.34489894,0.24488994,0.41021106
khanhha_noisy2::CRACK500_20160328_153724_641_721.jpg,0.25771895,0.3415284,0.40075263
khanhha_noisy2::CRACK500_20160328_153829_1921_361.jpg,0.34697336,0.26688188,0.38614473
khanhha_noisy2::CRACK500_20160328_153829_641_1.jpg,0.10569452,0.76988727,0.12441817
khanhha_noisy2::CRACK500_20160328_154334_641_721.jpg,0.28986484,0.3084755,0.4016597
khanhha_noisy2::CRACK500_20160328_154352_1281_721.jpg,0.33208898,0.37626204,0.29164898
khanhha_noisy2::CRACK500_20160329_093924_1921_721.jpg,0.22286125,0.23930937,0.53782934
khanhha_noisy2::CRACK500_20160329_094003_641_361.jpg,0.2550047,0.2982559,0.4467394
khanhha_noisy2::CRACK500_20160329_094512_1281_1081.jpg,0.23497766,0.34697562,0.41804674
khanhha_noisy2::CRACK500_20160329_094512_1281_721.jpg,0.20410378,0.4044422,0.39145413
khanhha_noisy2::CRACK500_20160329_094512_1921_721.jpg,0.20242853,0.3763639,0.4212076
khanhha_noisy2::CRACK500_20160329_101503_641_721.jpg,0.24125694,0.56860507,0.19013795
khanhha_noisy2::CRACK500_20160329_104120_1921_721.jpg,0.20044737,0.43716392,0.36238873
khanhha_noisy2::CRACK500_20160329_104120_1_361.jpg,0.23630583,0.31124166,0.45245257
khanhha_noisy2::CRACK500_20160329_104120_1_721.jpg,0.3300255,0.22203375,0.44794065
khanhha_noisy2::CRACK500_20160329_104120_641_721.jpg,0.30047703,0.34434742,0.35517558
khanhha_noisy2::CRACK500_20160329_115531_641_721.jpg,0.42328364,0.21731713,0.35939917
khanhha_noisy2::CRACK500_20160330_164743_1_361.jpg,0.2589838,0.46602768,0.27498853
khanhha_noisy2::CRACK500_20160330_164743_641_361.jpg,0.24484533,0.5023666,0.25278804
khanhha_noisy2::CRACK500_20160330_170501_1_721.jpg,0.2611037,0.4160904,0.3228059
khanhha_noisy2::CRACK500_20160330_170504_641_721.jpg,0.24428944,0.4419604,0.31375012
khanhha_noisy2::CRACK500_20160402_150105_1_1.jpg,0.34544724,0.2897725,0.3647803
khanhha_noisy2::CRACK500_20160402_150317_641_361.jpg,0.20447475,0.6062101,0.18931518
khanhha_noisy2::CRACK500_20160402_150317_641_721.jpg,0.35764277,0.39610344,0.24625385
khanhha_noisy2::CRACK500_20160402_150938_641_361.jpg,0.3165879,0.42636767,0.25704443
khanhha_noisy2::CRACK500_20160402_150938_641_721.jpg,0.22444811,0.5595747,0.21597719
khanhha_noisy2::CRACK500_20160405_171333_1281_361.jpg,0.1993128,0.40109295,0.39959422
khanhha_noisy2::CRACK500_20160405_171453_1281_361.jpg,0.17371002,0.27935684,0.5469332
khanhha_noisy2::CRACK500_20160405_171453_1_721.jpg,0.21937051,0.13060512,0.6500244
khanhha_noisy2::CRACK500_20160405_171453_641_361.jpg,0.23532902,0.3160732,0.4485978
khanhha_noisy2::CRACK500_20160405_171716_1921_721.jpg,0.23362768,0.18651031,0.579862
khanhha_noisy2::CRACK500_20160407_163522_1921_721.jpg,0.28067014,0.25607625,0.4632536
khanhha_noisy2::CRACK500_20160407_163522_641_721.jpg,0.2797968,0.18131353,0.5388897
khanhha_noisy2::CRACK500_20160407_165001_641_1081.jpg,0.2909269,0.26256284,0.44651026
khanhha_noisy2::CRACK500_20160407_165210_1921_721.jpg,0.2548865,0.28770876,0.45740467
khanhha_noisy2::CRACK500_IMG_2932_1297_969.jpg,0.25297424,0.44091722,0.3061085
khanhha_noisy2::DeepCrack_11113.jpg,0.27624163,0.5486777,0.17508064
khanhha_noisy2::DeepCrack_11116-2.jpg,0.10986789,0.68489414,0.20523798
khanhha_noisy2::DeepCrack_11116-3.jpg,0.10536588,0.66497195,0.2296622
khanhha_noisy2::DeepCrack_11125-1.jpg,0.286928,0.44218457,0.2708875
khanhha_noisy2::DeepCrack_11151-2.jpg,0.17778663,0.3583923,0.46382105
khanhha_noisy2::DeepCrack_11155-1.jpg,0.03506915,0.90500546,0.05992541
khanhha_noisy2::DeepCrack_11155.jpg,0.1677826,0.1740903,0.6581271
khanhha_noisy2::DeepCrack_11184-1.jpg,0.19047458,0.21592419,0.5936013
khanhha_noisy2::DeepCrack_11215-15.jpg,0.12941405,0.5434333,0.32715264
khanhha_noisy2::DeepCrack_11215-3.jpg,0.11672653,0.661455,0.22181849
khanhha_noisy2::DeepCrack_11240-6.jpg,0.19833784,0.41750786,0.38415423
khanhha_noisy2::DeepCrack_11240-8.jpg,0.21078831,0.38527533,0.40393636
khanhha_noisy2::DeepCrack_11247-12.jpg,0.13498475,0.052305114,0.81271017
khanhha_noisy2::DeepCrack_11269-1.jpg,0.30744147,0.4725447,0.22001372
khanhha_noisy2::DeepCrack_11271-2.jpg,0.08589152,0.59015167,0.32395682
khanhha_noisy2::DeepCrack_11271-5.jpg,0.15210398,0.54449236,0.30340368
khanhha_noisy2::DeepCrack_11301-6.jpg,0.141822,0.2875663,0.57061166
khanhha_noisy2::DeepCrack_7Q3A9064-12.jpg,0.21249685,0.40583086,0.38167232
khanhha_noisy2::DeepCrack_7Q3A9064-17.jpg,0.19701782,0.35124952,0.45173272
khanhha_noisy2::DeepCrack_7Q3A9064-19.jpg,0.19209033,0.41118145,0.39672825
khanhha_noisy2::DeepCrack_7Q3A9064-20.jpg,0.5832951,0.17675635,0.23994853
khanhha_noisy2::DeepCrack_IMG11-6.jpg,0.31045872,0.5500964,0.13944492
khanhha_noisy2::DeepCrack_IMG_6469-2.jpg,0.1832275,0.47423434,0.34253818
khanhha_noisy2::DeepCrack_IMG_6514-3.jpg,0.2296896,0.33335763,0.43695277
khanhha_noisy2::Eugen_Muller_7723_0_0_714_429.jpg,0.39777792,0.32895723,0.2732649
khanhha_noisy2::GAPS384_test_0058_1_1.jpg,0.17648153,0.72549164,0.09802678
khanhha_noisy2::GAPS384_test_0203_1_1.jpg,0.4620093,0.24027728,0.29771337
khanhha_noisy2::GAPS384_test_0203_541_1.jpg,0.11357984,0.7759501,0.11047007
khanhha_noisy2::GAPS384_train_0449_1_1.jpg,0.106508054,0.8171869,0.076305136
khanhha_noisy2::GAPS384_train_0516_541_641.jpg,0.3182603,0.50897545,0.1727642
khanhha_noisy2::GAPS384_train_0542_1_641.jpg,0.25969675,0.40153688,0.33876637
khanhha_noisy2::GAPS384_train_0681_541_641.jpg,0.45909914,0.22668214,0.31421873
khanhha_noisy2::GAPS384_train_0700_1_1.jpg,0.2993324,0.2095802,0.4910874
khanhha_noisy2::GAPS384_train_0918_1_641.jpg,0.2788786,0.46339956,0.25772184
khanhha_noisy2::GAPS384_train_0922_1_641.jpg,0.22530052,0.6655238,0.10917559
khanhha_noisy2::GAPS384_train_0959_1_641.jpg,0.30315757,0.50827473,0.18856762
khanhha_noisy2::GAPS384_train_1028_1_1.jpg,0.38823,0.4069663,0.20480375
khanhha_noisy2::GAPS384_train_1126_541_1.jpg,0.44253278,0.2835016,0.27396566
khanhha_noisy2::GAPS384_train_1128_541_1.jpg,0.516127,0.13483028,0.3490427
khanhha_noisy2::GAPS384_train_1247_541_1.jpg,0.2201394,0.56940067,0.21045995
khanhha_noisy2::GAPS384_train_1284_541_641.jpg,0.38371453,0.35537326,0.2609122
khanhha_noisy2::GAPS384_train_1347_541_1.jpg,0.19502902,0.5734408,0.23153017
khanhha_noisy2::GAPS384_train_1347_541_641.jpg,0.34122542,0.18526009,0.47351447
khanhha_noisy2::GAPS384_train_1366_541_1.jpg,0.31231904,0.37607604,0.31160498
khanhha_noisy2::GAPS384_train_1381_541_1.jpg,0.43916917,0.28726056,0.2735703
khanhha_noisy2::Rissbilder_for_Florian_9S6A2782_0_0_3840_5760.jpg,0.7889274,0.17624378,0.034828905
khanhha_noisy2::Rissbilder_for_Florian_9S6A2784_100_1539_3455_3308.jpg,0.35564688,0.36656907,0.27778402
khanhha_noisy2::Rissbilder_for_Florian_9S6A2784_1029_155_2671_3164.jpg,0.56933546,0.27196628,0.15869832
khanhha_noisy2::Rissbilder_for_Florian_9S6A2784_241_1425_3582_3991.jpg,0.32667512,0.39266002,0.28066492
khanhha_noisy2::Rissbilder_for_Florian_9S6A2785_118_523_3535_4238.jpg,0.012952418,0.9863962,0.00065144716
khanhha_noisy2::Rissbilder_for_Florian_9S6A2785_197_1269_2404_2359.jpg,0.009866176,0.9891907,0.00094309996
khanhha_noisy2::Rissbilder_for_Florian_9S6A2785_239_136_3078_2666.jpg,0.014496468,0.98447603,0.0010275232
khanhha_noisy2::Rissbilder_for_Florian_9S6A2785_493_901_3299_3768.jpg,0.012223917,0.98702335,0.0007526855
khanhha_noisy2::Rissbilder_for_Florian_9S6A2785_51_1717_2854_3381.jpg,0.0107749365,0.98856723,0.0006578745
khanhha_noisy2::Rissbilder_for_Florian_9S6A2792_0_0_5760_3840.jpg,0.7735555,0.18699203,0.039452408
khanhha_noisy2::Rissbilder_for_Florian_9S6A2792_1773_105_2717_3479.jpg,0.18896216,0.7825613,0.028476562
khanhha_noisy2::Rissbilder_for_Florian_9S6A2792_1778_280_3876_3455.jpg,0.56231767,0.37488794,0.062794395
khanhha_noisy2::Rissbilder_for_Florian_9S6A2792_2643_751_3074_3028.jpg,0.23627672,0.7160849,0.047638357
khanhha_noisy2::Rissbilder_for_Florian_9S6A2792_753_1245_2029_2585.jpg,0.19972688,0.77702665,0.023246463
khanhha_noisy2::Rissbilder_for_Florian_9S6A2797_0_0_3840_5760.jpg,0.7387422,0.13961364,0.12164421
khanhha_noisy2::Rissbilder_for_Florian_9S6A2797_211_1594_3203_4094.jpg,0.72240555,0.13462828,0.14296615
khanhha_noisy2::Rissbilder_for_Florian_9S6A2797_27_2177_3736_3368.jpg,0.7858438,0.114670545,0.099485725
khanhha_noisy2::Rissbilder_for_Florian_9S6A2797_331_75_3433_4182.jpg,0.72511536,0.14681782,0.12806684
khanhha_noisy2::Rissbilder_for_Florian_9S6A2802_251_84_3754_3687.jpg,0.11590043,0.5023446,0.38175493
khanhha_noisy2::Rissbilder_for_Florian_9S6A2802_2931_279_2589_2739.jpg,0.09183164,0.38568413,0.5224842
khanhha_noisy2::Rissbilder_for_Florian_9S6A2802_631_103_2560_2012.jpg,0.20976442,0.45390508,0.33633047
khanhha_noisy2::Rissbilder_for_Florian_9S6A2803_209_1110_2922_3685.jpg,0.16448076,0.19892935,0.6365898
khanhha_noisy2::Rissbilder_for_Florian_9S6A2803_247_1248_3459_4462.jpg,0.17267533,0.21398592,0.6133387
khanhha_noisy2::Rissbilder_for_Florian_9S6A2803_272_142_3359_3107.jpg,0.148212,0.17673337,0.6750546
khanhha_noisy2::Rissbilder_for_Florian_9S6A2803_612_408_2717_3030.jpg,0.20649308,0.19092625,0.6025806
khanhha_noisy2::Rissbilder_for_Florian_9S6A2810_309_181_3327_4094.jpg,0.05614753,0.8958337,0.04801875
khanhha_noisy2::Rissbilder_for_Florian_9S6A2810_43_528_3225_4185.jpg,0.16172504,0.7729618,0.06531319
khanhha_noisy2::Rissbilder_for_Florian_9S6A2810_65_655_2748_2720.jpg,0.055491127,0.9314354,0.013073476
khanhha_noisy2::Rissbilder_for_Florian_9S6A2822_1030_155_3516_3590.jpg,0.6335217,0.21727297,0.14920537
khanhha_noisy2::Rissbilder_for_Florian_9S6A2822_1137_465_2983_2428.jpg,0.58481634,0.3140943,0.10108938
khanhha_noisy2::Rissbilder_for_Florian_9S6A2822_2401_400_2963_3258.jpg,0.60240275,0.22100833,0.17658897
khanhha_noisy2::Rissbilder_for_Florian_9S6A2835_373_1783_2745_2384.jpg,0.5578905,0.2890103,0.15309925
khanhha_noisy2::Rissbilder_for_Florian_9S6A2835_459_1693_3011_2424.jpg,0.68623066,0.21548302,0.098286234
khanhha_noisy2::Rissbilder_for_Florian_9S6A2835_468_2521_2391_2304.jpg,0.6815416,0.21906887,0.09938946
khanhha_noisy2::Rissbilder_for_Florian_9S6A2835_469_1050_2755_3142.jpg,0.64410895,0.21424824,0.14164282
khanhha_noisy2::Rissbilder_for_Florian_9S6A2835_637_235_2191_2778.jpg,0.57769,0.26614273,0.15616724
khanhha_noisy2::Rissbilder_for_Florian_9S6A2835_964_2753_2392_2184.jpg,0.64763975,0.17416859,0.17819162
khanhha_noisy2::Rissbilder_for_Florian_9S6A2836_0_0_3840_5760.jpg,0.57294506,0.24481599,0.1822389
khanhha_noisy2::Rissbilder_for_Florian_9S6A2836_391_1220_2381_3118.jpg,0.4899913,0.27668688,0.23332186
khanhha_noisy2::Rissbilder_for_Florian_9S6A2837_523_803_3305_3454.jpg,0.47499612,0.30761364,0.21739025
khanhha_noisy2::Rissbilder_for_Florian_9S6A2848_105_342_3183_3261.jpg,0.34423548,0.22432092,0.4314436
khanhha_noisy2::Rissbilder_for_Florian_9S6A2848_1214_523_4329_3293.jpg,0.39303723,0.2199702,0.38699257
khanhha_noisy2::Rissbilder_for_Florian_9S6A2850_1113_51_4606_3781.jpg,0.06077818,0.92851084,0.010710959
khanhha_noisy2::Rissbilder_for_Florian_9S6A2850_1408_904_2105_2792.jpg,0.14602259,0.83595777,0.018019667
khanhha_noisy2::Rissbilder_for_Florian_9S6A2854_162_1195_3169_2569.jpg,0.5710589,0.32564968,0.10329143
khanhha_noisy2::Rissbilder_for_Florian_9S6A2856_1840_62_3055_3769.jpg,0.60871315,0.18154596,0.20974094
khanhha_noisy2::Rissbilder_for_Florian_9S6A2856_2611_839_1919_2466.jpg,0.6068295,0.24950872,0.14366175
khanhha_noisy2::Rissbilder_for_Florian_9S6A2856_3030_1197_2337_2140.jpg,0.76983386,0.12560803,0.104558125
khanhha_noisy2::Rissbilder_for_Florian_9S6A2856_3095_641_2548_2416.jpg,0.76995844,0.14590988,0.084131725
khanhha_noisy2::Rissbilder_for_Florian_9S6A2862_13_1221_3798_4291.jpg,0.5248733,0.23335648,0.24177018
khanhha_noisy2::Rissbilder_for_Florian_9S6A2862_16_760_3062_2984.jpg,0.45020452,0.29823765,0.25155777
khanhha_noisy2::Rissbilder_for_Florian_9S6A2862_54_2006_3577_3513.jpg,0.5835719,0.22840305,0.1880251
khanhha_noisy2::Rissbilder_for_Florian_9S6A2862_550_1911_3038_3042.jpg,0.61816174,0.22051476,0.16132355
khanhha_noisy2::Rissbilder_for_Florian_9S6A2863_312_1094_3025_3361.jpg,0.5382471,0.28015375,0.1815991
khanhha_noisy2::Rissbilder_for_Florian_9S6A2863_423_3163_2502_2009.jpg,0.5119914,0.3927673,0.09524134
khanhha_noisy2::Rissbilder_for_Florian_9S6A2867_114_180_3373_2642.jpg,0.25594446,0.6672067,0.0768488
khanhha_noisy2::Rissbilder_for_Florian_9S6A2867_249_168_3377_3485.jpg,0.5308702,0.35258043,0.1165494
khanhha_noisy2::Rissbilder_for_Florian_9S6A2867_26_155_3813_3142.jpg,0.4360743,0.49006322,0.073862545
khanhha_noisy2::Rissbilder_for_Florian_9S6A2867_515_377_2926_3568.jpg,0.21198721,0.7230788,0.06493395
khanhha_noisy2::Rissbilder_for_Florian_9S6A2867_657_766_2790_3388.jpg,0.4560508,0.415844,0.12810522
khanhha_noisy2::Rissbilder_for_Florian_9S6A2873_0_0_5760_3840.jpg,0.22048157,0.38946524,0.39005318
khanhha_noisy2::Rissbilder_for_Florian_9S6A2873_244_84_4072_3620.jpg,0.16720383,0.30264047,0.5301557
khanhha_noisy2::Rissbilder_for_Florian_9S6A2873_904_515_2792_2550.jpg,0.16711126,0.4018997,0.430989
khanhha_noisy2::Rissbilder_for_Florian_9S6A2873_905_438_3442_2738.jpg,0.17385356,0.39150465,0.43464172
khanhha_noisy2::Rissbilder_for_Florian_9S6A2873_930_236_3379_3204.jpg,0.18669535,0.31431976,0.49898484
khanhha_noisy2::Rissbilder_for_Florian_9S6A2878_186_801_3630_3688.jpg,0.43561706,0.3746524,0.18973057
khanhha_noisy2::Rissbilder_for_Florian_9S6A2878_287_270_3223_3935.jpg,0.4351641,0.34917352,0.21566238
khanhha_noisy2::Rissbilder_for_Florian_9S6A2878_29_861_3713_4568.jpg,0.5589716,0.31730813,0.12372033
khanhha_noisy2::Rissbilder_for_Florian_9S6A2878_373_2066_2452_3245.jpg,0.5886692,0.3146886,0.096642286
khanhha_noisy2::Rissbilder_for_Florian_9S6A2878_67_878_2624_2752.jpg,0.48233792,0.3535414,0.16412066
khanhha_noisy2::Rissbilder_for_Florian_9S6A2878_861_28_2800_2885.jpg,0.40331638,0.318088,0.2785956
khanhha_noisy2::Rissbilder_for_Florian_9S6A2890_0_0_3840_5760.jpg,0.29558873,0.5309428,0.17346853
khanhha_noisy2::Rissbilder_for_Florian_9S6A2890_1213_1864_1830_2425.jpg,0.19681296,0.76733977,0.03584733
khanhha_noisy2::Rissbilder_for_Florian_9S6A2894_2035_188_3164_3103.jpg,0.16376285,0.5661488,0.2700883
khanhha_noisy2::Rissbilder_for_Florian_9S6A2894_2274_588_3314_3190.jpg,0.04339333,0.83684206,0.11976459
khanhha_noisy2::Rissbilder_for_Florian_9S6A2904_447_893_3086_3169.jpg,0.31285018,0.36449197,0.32265782
khanhha_noisy2::Rissbilder_for_Florian_9S6A2904_78_719_3211_3093.jpg,0.35645616,0.35522318,0.28832066
khanhha_noisy2::Rissbilder_for_Florian_9S6A2904_86_208_2615_2808.jpg,0.08067779,0.8997671,0.019555096
khanhha_noisy2::Rissbilder_for_Florian_9S6A2905_1082_994_2878_2819.jpg,0.43676826,0.41521943,0.14801228
khanhha_noisy2::Rissbilder_for_Florian_9S6A2905_153_412_3269_2899.jpg,0.3420046,0.5170192,0.14097613
khanhha_noisy2::Rissbilder_for_Florian_9S6A2905_2363_42_2827_2612.jpg,0.25263888,0.5255381,0.22182311
khanhha_noisy2::Rissbilder_for_Florian_9S6A2905_795_159_2896_2675.jpg,0.19911124,0.74923503,0.051653747
khanhha_noisy2::Rissbilder_for_Florian_9S6A2905_928_88_4020_3658.jpg,0.38182846,0.3227009,0.29547063
khanhha_noisy2::Rissbilder_for_Florian_9S6A2912_0_0_3840_5760.jpg,0.086198226,0.86583894,0.047962874
khanhha_noisy2::Rissbilder_for_Florian_9S6A2912_255_1175_3429_3203.jpg,0.6932689,0.18327154,0.12345951
khanhha_noisy2::Rissbilder_for_Florian_9S6A2912_85_369_3711_3429.jpg,0.82962453,0.07145221,0.09892328
khanhha_noisy2::Rissbilder_for_Florian_9S6A2913_20_297_2640_2502.jpg,0.51800483,0.38018426,0.101810895
khanhha_noisy2::Rissbilder_for_Florian_9S6A2913_320_3010_3339_2578.jpg,0.770006,0.0875773,0.14241664
khanhha_noisy2::Rissbilder_for_Florian_9S6A2913_321_16_3485_4543.jpg,0.62563264,0.24839504,0.12597238
khanhha_noisy2::Rissbilder_for_Florian_9S6A2923_1668_185_3721_3137.jpg,0.5309523,0.34214312,0.1269047
khanhha_noisy2::Rissbilder_for_Florian_9S6A2923_49_326_3736_3442.jpg,0.1887318,0.78375256,0.027515568
khanhha_noisy2::Rissbilder_for_Florian_9S6A2923_875_539_3052_2796.jpg,0.7083514,0.22283266,0.06881599
khanhha_noisy2::Rissbilder_for_Florian_9S6A3088_370_2375_2620_2464.jpg,0.50885826,0.3829059,0.10823578
khanhha_noisy2::Rissbilder_for_Florian_9S6A3098_1300_3220_2283_2309.jpg,0.20959543,0.7485644,0.041840177
khanhha_noisy2::Rissbilder_for_Florian_9S6A3098_64_1239_3474_2730.jpg,0.050777007,0.93265754,0.016565442
khanhha_noisy2::Rissbilder_for_Florian_9S6A3098_88_800_3751_4641.jpg,0.2072875,0.73699063,0.055721898
khanhha_noisy2::Rissbilder_for_Florian_9S6A3101_1262_2535_2488_2185.jpg,0.42098373,0.20049149,0.37852472
khanhha_noisy2::Rissbilder_for_Florian_9S6A3101_148_599_2929_2917.jpg,0.38523751,0.32681346,0.287949
khanhha_noisy2::Rissbilder_for_Florian_9S6A3101_487_946_2726_3042.jpg,0.37845305,0.1680098,0.45353717
khanhha_noisy2::Rissbilder_for_Florian_9S6A3106_108_1927_3275_2664.jpg,0.4785948,0.38588244,0.13552281
khanhha_noisy2::Rissbilder_for_Florian_9S6A3106_228_1483_2823_2920.jpg,0.60414714,0.14230277,0.2535501
khanhha_noisy2::Rissbilder_for_Florian_9S6A3106_310_2925_3257_2813.jpg,0.4785511,0.44085723,0.08059165
khanhha_noisy2::Rissbilder_for_Florian_9S6A3106_333_1784_3162_3278.jpg,0.5207089,0.33650967,0.1427815
khanhha_noisy2::Rissbilder_for_Florian_9S6A3106_521_315_3058_2943.jpg,0.39828023,0.37130168,0.23041804
khanhha_noisy2::Rissbilder_for_Florian_9S6A3106_85_2598_2058_2287.jpg,0.43795025,0.48523602,0.07681372
khanhha_noisy2::Rissbilder_for_Florian_9S6A3106_9_406_3814_4267.jpg,0.46581438,0.35354286,0.18064275
khanhha_noisy2::Rissbilder_for_Florian_9S6A3108_130_372_2601_2517.jpg,0.3843973,0.07401117,0.5415915
khanhha_noisy2::Rissbilder_for_Florian_9S6A3108_134_412_3328_4228.jpg,0.61908656,0.07484075,0.3060727
khanhha_noisy2::Rissbilder_for_Florian_9S6A3108_160_1043_3170_3960.jpg,0.5100991,0.04321476,0.44668618
khanhha_noisy2::Rissbilder_for_Florian_9S6A3108_365_3231_2323_2320.jpg,0.6196688,0.053514928,0.3268163
khanhha_noisy2::Rissbilder_for_Florian_9S6A3108_43_1162_3415_3672.jpg,0.52130336,0.04265612,0.43604058
khanhha_noisy2::Rissbilder_for_Florian_9S6A3108_651_10_2896_3045.jpg,0.29484427,0.067688026,0.6374678
khanhha_noisy2::Rissbilder_for_Florian_9S6A3112_1296_2688_2055_2721.jpg,0.5130332,0.11769903,0.36926773
khanhha_noisy2::Rissbilder_for_Florian_9S6A3112_1349_1614_2446_2337.jpg,0.49240336,0.11187544,0.39572123
khanhha_noisy2::Rissbilder_for_Florian_9S6A3117_0_0_3840_5760.jpg,0.7259235,0.08809725,0.18597925
khanhha_noisy2::Rissbilder_for_Florian_9S6A3117_155_109_3546_2785.jpg,0.6982433,0.058738865,0.24301787
khanhha_noisy2::Rissbilder_for_Florian_9S6A3117_911_680_2749_2883.jpg,0.63874006,0.08945127,0.2718087
khanhha_noisy2::Rissbilder_for_Florian_9S6A3121_1095_2665_2007_2602.jpg,0.5096291,0.16292207,0.3274488
khanhha_noisy2::Rissbilder_for_Florian_9S6A3121_224_1466_3238_3220.jpg,0.3734647,0.20292391,0.4236114
khanhha_noisy2::Rissbilder_for_Florian_9S6A3121_408_826_2841_3663.jpg,0.4458221,0.19321011,0.3609678
khanhha_noisy2::Rissbilder_for_Florian_9S6A3133_207_186_4184_3281.jpg,0.18837161,0.05087699,0.7607514
khanhha_noisy2::Rissbilder_for_Florian_9S6A3138_115_569_2228_2606.jpg,0.39092904,0.12846385,0.48060706
khanhha_noisy2::Sylvie_Chambon_069.jpg,0.41172016,0.36386704,0.22441281
khanhha_noisy2::Volker_DSC01629_412_54_1933_1766.jpg,0.74705625,0.10823049,0.14471327
khanhha_noisy2::Volker_DSC01630_176_437_1360_1040.jpg,0.09658654,0.38223818,0.52117527
khanhha_noisy2::Volker_DSC01630_374_343_1233_1342.jpg,0.16719267,0.3623435,0.47046387
khanhha_noisy2::Volker_DSC01631_2_30_1821_2154.jpg,0.49111572,0.3309245,0.17795978
khanhha_noisy2::Volker_DSC01642_220_63_1843_1585.jpg,0.16139017,0.5713243,0.26728553
khanhha_noisy2::Volker_DSC01648_211_212_1177_955.jpg,0.08612224,0.24391523,0.6699625
khanhha_noisy2::Volker_DSC01661_0_0_1824_2736.jpg,0.5781594,0.10595884,0.31588173
khanhha_noisy2::Volker_DSC01661_290_595_1071_1180.jpg,0.5546951,0.19495274,0.25035208
khanhha_noisy2::Volker_DSC01661_400_1545_1179_1103.jpg,0.5744432,0.17881374,0.24674305
khanhha_noisy2::Volker_DSC01667_0_0_1824_2736.jpg,0.51339805,0.26953456,0.21706745
khanhha_noisy2::Volker_DSC01667_106_338_1708_2132.jpg,0.5025497,0.19508445,0.30236593
khanhha_noisy2::Volker_DSC01670_3_833_1821_1836.jpg,0.7333984,0.09433277,0.17226876
khanhha_noisy2::Volker_DSC01670_678_871_1022_989.jpg,0.46615818,0.21174678,0.322095
khanhha_noisy2::Volker_DSC01678_0_0_1824_2736.jpg,0.55718344,0.34013146,0.10268508
khanhha_noisy2::Volker_DSC01678_14_998_1278_1270.jpg,0.72084033,0.09465238,0.1845073
khanhha_noisy2::Volker_DSC01678_282_907_1086_1149.jpg,0.6541097,0.09323373,0.2526565
khanhha_noisy2::Volker_DSC01686_297_570_1208_1271.jpg,0.4715418,0.26534504,0.26311323
khanhha_noisy2::Volker_DSC01690_763_1051_1043_1097.jpg,0.60058296,0.1714254,0.22799164
khanhha_noisy2::Volker_DSC01691_35_741_1602_1808.jpg,0.6853253,0.1175508,0.19712391
khanhha_noisy2::Volker_DSC01691_6_526_1388_1598.jpg,0.5328187,0.1748508,0.29233047
khanhha_noisy2::Volker_DSC01701_103_539_1579_1680.jpg,0.6134316,0.13410448,0.25246394
khanhha_noisy2::cracktree200_6258.jpg,0.46156257,0.31783587,0.22060154
khanhha_noisy2::cracktree200_6266.jpg,0.41730815,0.34350637,0.23918553
khanhha_noisy2::cracktree200_6278.jpg,0.511412,0.2679004,0.22068761
khanhha_noisy2::cracktree200_6297.jpg,0.6052799,0.23487888,0.15984112
khanhha_noisy2::cracktree200_6298.jpg,0.089533836,0.87837905,0.03208707
khanhha_noisy2::cracktree200_6710.jpg,0.36631164,0.37440276,0.25928557
khanhha_noisy2::forest_018.jpg,0.34435275,0.43595642,0.2196908
khanhha_noisy2::forest_054.jpg,0.3039167,0.14884616,0.5472371
khanhha_noisy2::forest_117.jpg,0.4662722,0.29272297,0.24100485
khanhha_noisy2::noncrack_noncrack_concrete_wall_102_5.jpg.jpg,0.0062426087,0.9875744,0.0061829356
khanhha_noisy2::noncrack_noncrack_concrete_wall_15_5.jpg.jpg,0.043838643,0.93889385,0.017267575
khanhha_noisy2::noncrack_noncrack_concrete_wall_15_7.jpg.jpg,0.046362326,0.9335445,0.02009316
khanhha_noisy2::noncrack_noncrack_concrete_wall_20_1.jpg.jpg,0.02771846,0.9642192,0.0080623245
khanhha_noisy2::noncrack_noncrack_concrete_wall_20_15.jpg.jpg,0.03296011,0.9560624,0.0109774815
khanhha_noisy2::noncrack_noncrack_concrete_wall_20_32.jpg.jpg,0.02162377,0.9692947,0.009081467
khanhha_noisy2::noncrack_noncrack_concrete_wall_20_52.jpg.jpg,0.020535337,0.9720763,0.007388399
khanhha_noisy2::noncrack_noncrack_concrete_wall_20_54.jpg.jpg,0.014323402,0.9800454,0.0056312233
khanhha_noisy2::noncrack_noncrack_concrete_wall_20_59.jpg.jpg,0.015231647,0.98028004,0.0044883504
khanhha_noisy2::noncrack_noncrack_concrete_wall_20_62.jpg.jpg,0.019447116,0.973369,0.00718387
khanhha_noisy2::noncrack_noncrack_concrete_wall_20_68.jpg.jpg,0.014849761,0.9796969,0.0054533645
khanhha_noisy2::noncrack_noncrack_concrete_wall_20_70.jpg.jpg,0.03417616,0.9502491,0.015574804
khanhha_noisy2::noncrack_noncrack_concrete_wall_35_4.jpg.jpg,0.0017664956,0.99568534,0.0025481607
khanhha_noisy2::noncrack_noncrack_concrete_wall_3_2.jpg.jpg,0.0010712887,0.99444026,0.004488414
khanhha_noisy2::noncrack_noncrack_concrete_wall_44_0.jpg.jpg,0.015996398,0.9680665,0.015937112
khanhha_noisy2::noncrack_noncrack_concrete_wall_44_4.jpg.jpg,0.017861359,0.96333194,0.018806662
khanhha_noisy2::noncrack_noncrack_concrete_wall_46_8.jpg.jpg,0.0006320216,0.99911505,0.00025293438
khanhha_noisy2::noncrack_noncrack_concrete_wall_48_0.jpg.jpg,0.15366347,0.83891535,0.007421148
khanhha_noisy2::noncrack_noncrack_concrete_wall_48_1.jpg.jpg,0.1682369,0.8204677,0.011295339
khanhha_noisy2::noncrack_noncrack_concrete_wall_48_5.jpg.jpg,0.1546475,0.8295385,0.015813949
khanhha_noisy2::noncrack_noncrack_concrete_wall_59_0.jpg.jpg,0.00033360274,0.9989575,0.00070895255
khanhha_noisy2::noncrack_noncrack_concrete_wall_59_3.jpg.jpg,0.00035230143,0.99866354,0.0009842224
khanhha_noisy2::noncrack_noncrack_concrete_wall_65_0.jpg.jpg,0.012233292,0.9564222,0.03134455
khanhha_noisy2::noncrack_noncrack_concrete_wall_65_10.jpg.jpg,0.01130655,0.9602309,0.028462546
khanhha_noisy2::noncrack_noncrack_concrete_wall_68_0.jpg.jpg,0.015591112,0.9745222,0.00988669
khanhha_noisy2::noncrack_noncrack_concrete_wall_68_1.jpg.jpg,0.033237938,0.94721305,0.01954898
khanhha_noisy2::noncrack_noncrack_concrete_wall_74_10.jpg.jpg,0.07228489,0.88766724,0.040047824
khanhha_noisy2::noncrack_noncrack_concrete_wall_82_14.jpg.jpg,0.00078117935,0.9983917,0.00082710665
khanhha_noisy2::noncrack_noncrack_concrete_wall_82_23.jpg.jpg,0.00057410635,0.9988355,0.0005903386
khanhha_noisy2::noncrack_noncrack_concrete_wall_82_24.jpg.jpg,0.0004993098,0.9989793,0.00052136264
khanhha_noisy2::noncrack_noncrack_concrete_wall_82_27.jpg.jpg,0.00084750965,0.99825627,0.000896168
khanhha_noisy2::noncrack_noncrack_concrete_wall_82_32.jpg.jpg,0.00059311144,0.9986546,0.00075223437
khanhha_noisy2::noncrack_noncrack_concrete_wall_82_4.jpg.jpg,0.0003194512,0.9994178,0.00026281274
khanhha_noisy2::noncrack_noncrack_concrete_wall_82_5.jpg.jpg,0.00031240575,0.9994492,0.00023843105
khanhha_noisy2::noncrack_noncrack_concrete_wall_86_1.jpg.jpg,0.016567525,0.97747654,0.0059558903
khanhha_noisy2::noncrack_noncrack_concrete_wall_86_2.jpg.jpg,0.012374173,0.98430806,0.0033177526
khanhha_noisy2::noncrack_noncrack_concrete_wall_93_5.jpg.jpg,0.00500688,0.9878351,0.0071580033
khanhha_noisy2::noncrack_noncrack_concrete_wall_96_1.jpg.jpg,0.0048981966,0.9842941,0.010807706
khanhha_noisy2::noncrack_noncrack_concrete_wall_96_12.jpg.jpg,0.0032203079,0.98917574,0.007603921
khanhha_noisy2::noncrack_noncrack_concrete_wall_96_2.jpg.jpg,0.005326802,0.98160017,0.013072969
khanhha_noisy2::noncrack_noncrack_concrete_wall_96_27.jpg.jpg,0.0039742105,0.98919463,0.0068311305
road420::2023_10_30_15_44_IMG_5889.jpg,0.27150553,0.60422724,0.12426714
road420::2023_10_30_15_48_IMG_5896.jpg,0.5567793,0.05473361,0.38848713
road420::2023_10_30_15_53_IMG_5914.jpg,0.2820568,0.12641929,0.5915239
road420::2023_10_30_15_55_IMG_5917.jpg,0.41477677,0.1479369,0.4372863
road420::2023_10_30_15_57_IMG_5922.jpg,0.3156471,0.027365094,0.6569878
road420::2023_10_30_16_17_IMG_5942.jpg,0.3857385,0.038377505,0.575884
road420::2023_10_30_16_17_IMG_5944.jpg,0.4460358,0.12745328,0.42651087
road420::2023_10_30_16_21_IMG_5960.jpg,0.4199708,0.16507381,0.41495538
road420::2023_10_30_16_22_IMG_5963.jpg,0.5078562,0.06001725,0.43212655
road420::2023_10_30_16_30_IMG_5989.jpg,0.38910726,0.04695064,0.56394213
road420::2023_10_30_16_31_IMG_5992.jpg,0.45609993,0.13464783,0.40925223
road420::2023_10_30_16_32_IMG_5995.jpg,0.30611956,0.020548822,0.67333156
road420::2023_10_30_16_40_IMG_6019.jpg,0.25816876,0.05116246,0.69066876
road420::2023_10_30_16_41_IMG_6022.jpg,0.1722705,0.016968945,0.81076056
road420::2023_10_30_16_41_IMG_6024.jpg,0.2356208,0.035606615,0.7287726
road420::2023_10_30_16_43_IMG_6031.jpg,0.17844754,0.13888744,0.682665
road420::2023_10_30_16_46_IMG_6039.jpg,0.22917464,0.06355959,0.7072658
road420::2023_10_30_16_48_IMG_6051.jpg,0.40339547,0.051444374,0.5451602
road420::2023_10_30_16_49_IMG_6052.jpg,0.5572244,0.07099772,0.3717778
road420::2023_10_30_16_49_IMG_6054.jpg,0.45132592,0.23935962,0.3093145
road420::2023_10_30_16_57_IMG_6077.jpg,0.39038846,0.04859166,0.5610199
road420::2023_10_30_16_59_IMG_6092.jpg,0.4725109,0.07230786,0.45518127
road420::2023_10_30_17_00_IMG_6098.jpg,0.44315797,0.085481696,0.4713603
road420::2023_10_30_17_00_IMG_6099.jpg,0.44808283,0.0864209,0.46549618
road420::2023_10_30_17_02_IMG_6110.jpg,0.37031168,0.047170132,0.5825182
road420::2023_10_30_17_02_IMG_6113.jpg,0.39651302,0.05691225,0.5465748
road420::2023_10_30_17_03_IMG_6118.jpg,0.37821296,0.04321779,0.57856923
road420::2023_10_30_17_06_IMG_6135.jpg,0.3184632,0.026438529,0.65509826
road420::2023_10_30_17_06_IMG_6136.jpg,0.51561296,0.10935889,0.3750282
road420::2023_10_30_17_22_IMG_6149.jpg,0.2920335,0.083848245,0.62411827
road420::2023_10_30_17_27_IMG_6156.jpg,0.5564816,0.11082317,0.33269522
road420::2023_10_30_17_28_IMG_6158.jpg,0.27530694,0.026110655,0.6985825
road420::2023_10_30_17_28_IMG_6159.jpg,0.3350403,0.0353983,0.6295614
road420::2023_10_30_17_28_IMG_6160.jpg,0.29513296,0.024477242,0.68038976
road420::2023_10_30_17_30_IMG_6165.jpg,0.33158296,0.17951128,0.48890576
road420::2023_10_30_17_31_IMG_6171.jpg,0.36211243,0.024979703,0.6129078
road420::2023_10_30_17_33_IMG_6180.jpg,0.29332054,0.13922086,0.5674586
road420::2023_10_30_17_35_IMG_6186.jpg,0.20901278,0.024521532,0.76646566
road420::2023_10_30_17_36_IMG_6193.jpg,0.35883462,0.05507619,0.5860892
road420::2023_10_31_13_39_IMG_6213.jpg,0.34087905,0.12598193,0.533139
road420::2023_10_31_13_46_IMG_6220.jpg,0.34336835,0.3777229,0.2789088
road420::2023_10_31_13_58_IMG_6229.jpg,0.25434908,0.049633663,0.69601727
road420::2023_10_31_14_10_IMG_6235.jpg,0.41416472,0.04641936,0.5394159
road420::2023_10_31_14_14_IMG_6236.jpg,0.38849723,0.06441339,0.54708934
road420::2023_10_31_14_26_IMG_6249.jpg,0.55990493,0.07953358,0.36056152
road420::2023_10_31_14_27_IMG_6254.jpg,0.5120815,0.1412567,0.3466618
road420::2023_10_31_14_31_IMG_6268.jpg,0.37363902,0.1521746,0.47418642
road420::2023_10_31_14_37_IMG_6278.jpg,0.1877942,0.034155942,0.7780498
road420::2023_10_31_14_38_IMG_6279.jpg,0.32262173,0.08821566,0.5891626
road420::2023_10_31_14_42_IMG_6286.jpg,0.55970454,0.06727261,0.37302276
road420::2023_11_01_20_31_IMG_6350.jpg,0.40466422,0.040372312,0.55496347
road420::2023_11_01_20_36_IMG_6357.jpg,0.24284051,0.03914847,0.7180111
road420::2023_11_01_20_39_IMG_6363.jpg,0.26334554,0.19350563,0.5431488
road420::2023_11_01_20_43_IMG_6370.jpg,0.33964637,0.31900185,0.34135172
road420::2023_11_01_20_48_IMG_6375.jpg,0.21327367,0.029292637,0.75743365
road420::2023_11_01_20_49_IMG_6377.jpg,0.42910415,0.02416164,0.54673415
road420::2023_11_05_21_01_IMG_6443.jpg,0.21422295,0.052593432,0.7331836
road420::2023_11_05_21_03_IMG_6446.jpg,0.3296303,0.107673995,0.5626957
road420::2023_11_05_21_03_IMG_6447.jpg,0.36400738,0.045211922,0.59078074
road420::2023_11_05_21_09_IMG_6459.jpg,0.15154216,0.010897705,0.8375602
road420::2023_11_05_21_13_IMG_6461.jpg,0.2728901,0.030296635,0.69681334
road420::2023_11_05_21_16_IMG_6467.jpg,0.3357513,0.16571505,0.4985337
road420::2023_11_05_21_22_IMG_6476.jpg,0.42680645,0.054443624,0.51874995
road420::2023_11_05_21_23_IMG_6478.jpg,0.17881584,0.018295027,0.8028891
road420::2023_11_05_21_24_IMG_6482.jpg,0.20368531,0.012766496,0.7835482
road420::2023_11_05_21_26_IMG_6487.jpg,0.19107433,0.04444772,0.764478
road420::2023_11_05_21_26_IMG_6488.jpg,0.17932428,0.03850537,0.78217036
road420::2023_11_05_21_28_IMG_6494.jpg,0.34516397,0.01529265,0.6395434
road420::2023_11_05_21_31_IMG_6502.jpg,0.2712681,0.03376648,0.6949654
road420::2023_11_05_21_31_IMG_6503.jpg,0.18215646,0.012199558,0.80564404
road420::2023_11_05_21_37_IMG_6514.jpg,0.16507651,0.008982204,0.82594126
road420::2023_11_05_21_39_IMG_6517.jpg,0.42760873,0.15457857,0.41781273
road420::2023_11_05_21_40_IMG_6522.jpg,0.26575512,0.10521458,0.6290303
road420::2023_11_05_21_44_IMG_6531.jpg,0.4222565,0.07573288,0.5020106
facade390::DJ_Wall_10.JPG,0.40619314,0.052212447,0.5415944
facade390::DJ_Wall_101.JPG,0.45796248,0.4622528,0.07978478
facade390::DJ_Wall_102.JPG,0.42211834,0.16404954,0.41383216
facade390::DJ_Wall_103.JPG,0.70605034,0.18574594,0.1082037
facade390::DJ_Wall_107.JPG,0.70626765,0.05351117,0.2402212
facade390::DJ_Wall_112.JPG,0.63345236,0.14903358,0.2175141
facade390::DJ_Wall_118.JPG,0.32864076,0.05165443,0.6197048
facade390::DJ_Wall_119.JPG,0.44409227,0.27544835,0.28045943
facade390::DJ_Wall_121.JPG,0.6656196,0.056287542,0.2780929
facade390::DJ_Wall_133.JPG,0.8266536,0.060962565,0.112383865
facade390::DJ_Wall_137.JPG,0.6845214,0.14828445,0.16719422
facade390::DJ_Wall_148.JPG,0.6078801,0.114592776,0.27752715
facade390::DJ_Wall_15.JPG,0.40654626,0.30725622,0.28619748
facade390::DJ_Wall_150.JPG,0.40150863,0.4998739,0.09861751
facade390::DJ_Wall_151.JPG,0.74594784,0.21795101,0.036101114
facade390::DJ_Wall_166.JPG,0.77959836,0.058236618,0.16216494
facade390::DJ_Wall_167.JPG,0.9006081,0.021584786,0.077807084
facade390::DJ_Wall_174.JPG,0.7003466,0.14840816,0.15124528
facade390::DJ_Wall_176.JPG,0.81058735,0.086178385,0.10323423
facade390::DJ_Wall_179.JPG,0.8774724,0.02290462,0.09962307
facade390::DJ_Wall_18.JPG,0.1073634,0.07820089,0.8144357
facade390::DJ_Wall_183.JPG,0.9157971,0.03275521,0.051447727
facade390::DJ_Wall_188.JPG,0.8509098,0.025249522,0.123840556
facade390::DJ_Wall_19.JPG,0.14412598,0.6057767,0.25009727
facade390::DJ_Wall_191.JPG,0.92375183,0.015838806,0.060409404
facade390::DJ_Wall_199.JPG,0.65205824,0.036778994,0.3111628
facade390::DJ_Wall_200.JPG,0.58496594,0.038969565,0.37606445
facade390::DJ_Wall_201.JPG,0.5437469,0.01880047,0.43745267
facade390::DJ_Wall_213.JPG,0.4360833,0.020822251,0.5430944
facade390::DJ_Wall_22.JPG,0.22314253,0.11639763,0.6604599
facade390::DJ_Wall_220.JPG,0.4479261,0.026289575,0.5257844
facade390::DJ_Wall_222.JPG,0.3497291,0.007536918,0.642734
facade390::DJ_Wall_223.JPG,0.27536255,0.00350396,0.7211335
facade390::DJ_Wall_227.JPG,0.2913737,0.00711328,0.70151305
facade390::DJ_Wall_230.JPG,0.31383362,0.042725567,0.6434408
facade390::DJ_Wall_24.JPG,0.19052412,0.05184376,0.7576322
facade390::DJ_Wall_241.JPG,0.400255,0.02784134,0.57190365
facade390::DJ_Wall_243.JPG,0.25596195,0.012333406,0.7317047
facade390::DJ_Wall_246.JPG,0.30335516,0.028561722,0.66808313
facade390::DJ_Wall_247.JPG,0.06630287,0.0015649537,0.9321322
facade390::DJ_Wall_255.JPG,0.18938993,0.010987008,0.7996231
facade390::DJ_Wall_263.JPG,0.23450378,0.01330224,0.752194
facade390::DJ_Wall_268.JPG,0.41349363,0.027500529,0.5590059
facade390::DJ_Wall_27.JPG,0.36924118,0.10852528,0.5222335
facade390::DJ_Wall_275.JPG,0.45823464,0.17041558,0.37134987
facade390::DJ_Wall_279.JPG,0.31025013,0.15245464,0.5372952
facade390::DJ_Wall_281.JPG,0.3992828,0.10766443,0.49305275
facade390::DJ_Wall_282.JPG,0.3686206,0.05100448,0.5803749
facade390::DJ_Wall_289.JPG,0.37227368,0.022194318,0.605532
facade390::DJ_Wall_292.JPG,0.4285975,0.23750629,0.33389622
facade390::DJ_Wall_299.JPG,0.74452156,0.11693096,0.13854744
facade390::DJ_Wall_304.JPG,0.700815,0.08688222,0.21230271
facade390::DJ_Wall_310.JPG,0.40105352,0.13421299,0.46473357
facade390::DJ_Wall_313.JPG,0.09221377,0.063455254,0.84433097
facade390::DJ_Wall_318.JPG,0.52402174,0.106785305,0.36919302
facade390::DJ_Wall_322.JPG,0.3669824,0.32748505,0.30553252
facade390::DJ_Wall_328.JPG,0.38260224,0.29279077,0.32460698
facade390::DJ_Wall_329.JPG,0.53652906,0.1774912,0.28597972
facade390::DJ_Wall_337.JPG,0.69919175,0.12035819,0.18045008
facade390::DJ_Wall_34.JPG,0.22994846,0.41933027,0.35072124
facade390::DJ_Wall_341.JPG,0.74173295,0.13370867,0.12455843
facade390::DJ_Wall_349.JPG,0.09468389,0.041823782,0.86349237
facade390::DJ_Wall_352.JPG,0.34434938,0.20169657,0.45395407
facade390::DJ_Wall_354.JPG,0.3415979,0.19995129,0.4584508
facade390::DJ_Wall_356.JPG,0.40821794,0.086577795,0.5052042
facade390::DJ_Wall_36.JPG,0.33034268,0.045391977,0.6242654
facade390::DJ_Wall_361.JPG,0.13090634,0.3020521,0.5670416
facade390::DJ_Wall_362.JPG,0.19168426,0.13044916,0.6778665
facade390::DJ_Wall_371.JPG,0.38126633,0.24647339,0.37226027
facade390::DJ_Wall_379.JPG,0.33373424,0.50169,0.16457589
facade390::DJ_Wall_383.JPG,0.24655469,0.46010593,0.29333934
facade390::DJ_Wall_4.JPG,0.23443544,0.44908202,0.3164826
facade390::DJ_Wall_51.JPG,0.40380323,0.15121539,0.44498137
facade390::DJ_Wall_52.JPG,0.22865802,0.036963522,0.7343785
facade390::DJ_Wall_70.JPG,0.35818017,0.041066058,0.60075384
facade390::DJ_Wall_73.JPG,0.4848412,0.038727287,0.47643152
facade390::DJ_Wall_76.JPG,0.29883936,0.06368473,0.63747585
facade390::DJ_Wall_79.JPG,0.0797905,0.30279097,0.6174186
facade390::DJ_Wall_81.JPG,0.07719774,0.09921625,0.823586
facade390::DJ_Wall_93.JPG,0.50151634,0.11828896,0.38019475
concrete3k::011_5.jpg,0.67383164,0.15312824,0.17304012
concrete3k::017_0.jpg,0.40391967,0.040390164,0.5556901
concrete3k::017_20.jpg,0.20978989,0.022907307,0.76730275
concrete3k::017_24.jpg,0.25274795,0.015775988,0.731476
concrete3k::017_28.jpg,0.2983745,0.028931051,0.6726944
concrete3k::017_36.jpg,0.2577773,0.06462493,0.67759776
concrete3k::017_44.jpg,0.19871685,0.07436459,0.7269185
concrete3k::017_8.jpg,0.21042019,0.05944767,0.73013216
concrete3k::021_13.jpg,0.25688294,0.099987246,0.6431298
concrete3k::021_29.jpg,0.6305452,0.2572042,0.1122506
concrete3k::021_37.jpg,0.475345,0.1475744,0.37708062
concrete3k::021_38.jpg,0.33718604,0.19156942,0.47124448
concrete3k::021_4.jpg,0.45027927,0.14793643,0.40178433
concrete3k::021_46.jpg,0.6275869,0.16825187,0.20416129
concrete3k::030_17.jpg,0.6753513,0.14318538,0.18146338
concrete3k::030_21.jpg,0.29177737,0.06647955,0.64174306
concrete3k::030_26.jpg,0.4050708,0.1770621,0.41786715
concrete3k::030_29.jpg,0.7898066,0.061190847,0.1490025
concrete3k::030_30.jpg,0.6139573,0.08510293,0.3009398
concrete3k::031_18.jpg,0.57684106,0.030870747,0.3922882
concrete3k::031_19.jpg,0.33447048,0.02830887,0.6372206
concrete3k::031_26.jpg,0.50781727,0.052324105,0.4398586
concrete3k::031_27.jpg,0.5597963,0.16658251,0.2736212
concrete3k::031_28.jpg,0.52888805,0.069961354,0.40115052
concrete3k::031_29.jpg,0.5844226,0.08223296,0.33334446
concrete3k::031_31.jpg,0.5293452,0.02488835,0.44576645
concrete3k::034_10.jpg,0.5390913,0.24833994,0.21256867
concrete3k::034_11.jpg,0.5502931,0.27886137,0.17084564
concrete3k::034_19.jpg,0.3208009,0.51743096,0.16176812
concrete3k::034_2.jpg,0.56832325,0.09586128,0.33581546
concrete3k::034_28.jpg,0.37960705,0.37180796,0.248585
concrete3k::034_37.jpg,0.30143672,0.5372393,0.16132393
concrete3k::034_45.jpg,0.48913133,0.31928977,0.19157892
concrete3k::034_46.jpg,0.47923556,0.30045748,0.22030699
concrete3k::042_17.jpg,0.44545916,0.4225916,0.13194923
concrete3k::042_28.jpg,0.5655938,0.2386832,0.195723
concrete3k::042_37.jpg,0.45401165,0.30158326,0.24440505
concrete3k::046_10.jpg,0.61956996,0.16736664,0.21306348
concrete3k::046_11.jpg,0.08671996,0.71023613,0.20304388
concrete3k::046_27.jpg,0.4637359,0.30562508,0.23063904
concrete3k::046_29.jpg,0.45767012,0.36248878,0.17984107
concrete3k::046_3.jpg,0.2507826,0.057813916,0.69140345
concrete3k::046_35.jpg,0.5244202,0.12864447,0.3469354
concrete3k::046_39.jpg,0.4429907,0.37906265,0.17794672
concrete3k::046_43.jpg,0.16739576,0.22289792,0.60970634
concrete3k::046_44.jpg,0.25677094,0.13125572,0.61197335
concrete3k::046_8.jpg,0.505224,0.34127656,0.1534994
concrete3k::046_9.jpg,0.25494483,0.58583224,0.15922298
concrete3k::049_18.jpg,0.41881683,0.41827768,0.16290547
concrete3k::049_19.jpg,0.13025865,0.6791578,0.19058353
concrete3k::049_22.jpg,0.4455081,0.31229815,0.24219377
concrete3k::049_23.jpg,0.45044643,0.29572037,0.25383314
concrete3k::049_26.jpg,0.14615847,0.7139875,0.13985394
concrete3k::049_27.jpg,0.2591202,0.58966905,0.15121078
concrete3k::049_28.jpg,0.28258455,0.5117033,0.20571212
concrete3k::053_1.jpg,0.7141662,0.22269993,0.06313387
concrete3k::053_10.jpg,0.42085546,0.45178497,0.12735951
concrete3k::053_28.jpg,0.57549554,0.22919685,0.19530758
concrete3k::053_29.jpg,0.482855,0.30792028,0.20922475
concrete3k::053_36.jpg,0.27618968,0.07573813,0.64807224
concrete3k::053_38.jpg,0.7050137,0.16222773,0.13275859
concrete3k::053_46.jpg,0.49941626,0.19034784,0.3102359
concrete3k::053_47.jpg,0.36210278,0.5052389,0.13265827
concrete3k::068_12.jpg,0.42673472,0.1456807,0.42758456
concrete3k::068_15.jpg,0.3838038,0.069655456,0.54654074
concrete3k::068_21.jpg,0.5459124,0.26387408,0.19021359
concrete3k::068_26.jpg,0.3219428,0.44912657,0.22893062
concrete3k::068_27.jpg,0.3090392,0.092930794,0.59803
concrete3k::068_32.jpg,0.47554478,0.3123511,0.2121041
concrete3k::068_37.jpg,0.15822315,0.062357828,0.779419
concrete3k::068_40.jpg,0.5290017,0.20411794,0.2668803
concrete3k::074_20.jpg,0.2848236,0.20269808,0.5124783
concrete3k::074_21.jpg,0.4980064,0.041987125,0.46000645
concrete3k::074_22.jpg,0.5062589,0.0934437,0.40029737
concrete3k::074_23.jpg,0.67144066,0.09036764,0.23819174
concrete3k::074_33.jpg,0.6757349,0.19393617,0.1303289
concrete3k::074_35.jpg,0.32500884,0.46822518,0.20676604
concrete3k::074_40.jpg,0.25710902,0.030664612,0.7122264
concrete3k::074_42.jpg,0.38373604,0.0531717,0.56309223
concrete3k::074_43.jpg,0.47448137,0.029909868,0.49560875
concrete3k::078_17.jpg,0.21770611,0.33522454,0.44706935
concrete3k::078_19.jpg,0.35538924,0.2744762,0.37013456
concrete3k::078_20.jpg,0.16824792,0.53341264,0.29833943
concrete3k::078_24.jpg,0.61178166,0.23311965,0.15509872
concrete3k::078_26.jpg,0.28540397,0.1881836,0.5264125
concrete3k::078_27.jpg,0.2348694,0.13862187,0.6265087
concrete3k::078_31.jpg,0.17045563,0.4622067,0.36733767
concrete3k::078_9.jpg,0.40938723,0.1912025,0.39941034
concrete3k::089_28.jpg,0.5787687,0.21645556,0.20477577
concrete3k::089_36.jpg,0.577302,0.20711471,0.21558325
concrete3k::089_43.jpg,0.6066769,0.09075268,0.30257046
concrete3k::089_5.jpg,0.45136717,0.020744612,0.52788824
concrete3k::093_11.jpg,0.3121946,0.37294677,0.3148587
concrete3k::093_20.jpg,0.374275,0.27031842,0.3554066
concrete3k::093_28.jpg,0.31229213,0.20276853,0.48493937
concrete3k::093_29.jpg,0.3245545,0.24146654,0.43397895
concrete3k::093_3.jpg,0.3389329,0.18059552,0.48047152
concrete3k::093_36.jpg,0.24975966,0.25837725,0.4918631
concrete3k::093_37.jpg,0.29739818,0.36859992,0.33400193
concrete3k::093_4.jpg,0.24770336,0.23682779,0.51546884
concrete3k::093_45.jpg,0.13900991,0.63685167,0.22413842
concrete3k::096_13.jpg,0.46376103,0.16474555,0.37149343
concrete3k::096_28.jpg,0.33175597,0.27593294,0.39231107
concrete3k::096_36.jpg,0.2618441,0.27140704,0.46674883
concrete3k::097_13.jpg,0.5173491,0.2742425,0.20840834
concrete3k::097_14.jpg,0.5723266,0.21350987,0.21416354
concrete3k::097_21.jpg,0.31026727,0.40809733,0.28163537
concrete3k::097_29.jpg,0.23905027,0.4582401,0.3027097
concrete3k::097_37.jpg,0.22054929,0.3375251,0.44192556
concrete3k::097_39.jpg,0.65480375,0.046225145,0.29897124
concrete3k::097_45.jpg,0.110776246,0.81222534,0.07699839
concrete3k::097_46.jpg,0.48381254,0.0813471,0.43484035
concrete3k::097_6.jpg,0.74368614,0.15391976,0.10239415
concrete3k::103_10.jpg,0.4100472,0.112975396,0.47697738
concrete3k::103_17.jpg,0.28495142,0.14569837,0.5693502
concrete3k::103_19.jpg,0.22378853,0.34964988,0.42656156
concrete3k::103_31.jpg,0.35138494,0.33098832,0.3176267
concrete3k::103_32.jpg,0.6766058,0.17359143,0.14980276
concrete3k::103_33.jpg,0.40066776,0.0457617,0.5535705
concrete3k::103_9.jpg,0.4138434,0.2163241,0.3698325
concrete3k::105_27.jpg,0.25095367,0.53383964,0.21520671
concrete3k::105_28.jpg,0.1834032,0.6554577,0.16113913
concrete3k::105_31.jpg,0.38147426,0.4463194,0.17220633
concrete3k::105_34.jpg,0.28016415,0.32242873,0.39740717
concrete3k::105_38.jpg,0.4058479,0.090469204,0.50368285
concrete3k::105_40.jpg,0.49417514,0.26337674,0.24244818
concrete3k::112_20.jpg,0.6205021,0.11002262,0.26947525
concrete3k::112_24.jpg,0.55450785,0.12943213,0.31606
concrete3k::112_26.jpg,0.3270273,0.1428964,0.5300763
concrete3k::112_28.jpg,0.74154973,0.051134296,0.20731595
concrete3k::112_29.jpg,0.8388572,0.0877466,0.07339614
concrete3k::112_31.jpg,0.6600715,0.10679979,0.23312867
concrete3k::117_16.jpg,0.7292699,0.10447709,0.16625299
concrete3k::117_22.jpg,0.71349376,0.09054387,0.19596238
concrete3k::117_29.jpg,0.16812702,0.6325317,0.19934134
concrete3k::117_37.jpg,0.5223674,0.14506535,0.3325672
concrete3k::117_39.jpg,0.75250524,0.05628234,0.1912124
concrete3k::117_9.jpg,0.46864906,0.31440353,0.21694745
concrete3k::118_16.jpg,0.7378697,0.10165676,0.16047351
concrete3k::118_20.jpg,0.7645007,0.09613752,0.13936177
concrete3k::118_24.jpg,0.7184937,0.055593554,0.22591272
concrete3k::118_28.jpg,0.52653986,0.13747896,0.3359812
concrete3k::118_29.jpg,0.41555488,0.39839,0.18605511
concrete3k::118_33.jpg,0.7689997,0.047440037,0.18356027
concrete3k::127_16.jpg,0.49722397,0.12843825,0.37433773
concrete3k::127_17.jpg,0.6372974,0.17319612,0.18950649
concrete3k::127_18.jpg,0.7299715,0.07548538,0.19454306
concrete3k::127_22.jpg,0.6366942,0.0553788,0.30792704
concrete3k::127_23.jpg,0.74769384,0.04861765,0.20368858
concrete3k::127_27.jpg,0.5349359,0.1452606,0.31980357
concrete3k::127_28.jpg,0.5197827,0.11790086,0.3623164
concrete3k::127_8.jpg,0.7049376,0.1273065,0.16775589
concrete3k::134_1.jpg,0.28319833,0.24710652,0.46969515
concrete3k::134_10.jpg,0.6695949,0.1641868,0.16621831
concrete3k::134_19.jpg,0.48629132,0.340621,0.17308766
concrete3k::134_2.jpg,0.71674335,0.11409674,0.16915992
concrete3k::134_36.jpg,0.37861428,0.29981562,0.32157013
concrete3k::134_37.jpg,0.28098953,0.40439636,0.31461412
concrete3k::134_38.jpg,0.3699284,0.2688163,0.36125526
concrete3k::134_9.jpg,0.27049413,0.10236489,0.62714094
concrete3k::143_12.jpg,0.3111913,0.10225193,0.58655673
concrete3k::143_13.jpg,0.41571528,0.0609228,0.5233619
concrete3k::143_15.jpg,0.19925404,0.047091432,0.7536545
concrete3k::143_20.jpg,0.4962868,0.08559618,0.41811702
concrete3k::143_21.jpg,0.356524,0.031778295,0.6116977
concrete3k::143_23.jpg,0.36863437,0.1743849,0.45698074
concrete3k::143_28.jpg,0.33576104,0.03289806,0.6313409
concrete3k::143_3.jpg,0.6197727,0.20402908,0.17619817
concrete3k::143_36.jpg,0.66476095,0.20590562,0.12933335
concrete3k::169_25.jpg,0.71274495,0.14357594,0.14367919
concrete3k::169_26.jpg,0.7717815,0.14481527,0.08340321
concrete3k::169_28.jpg,0.67029923,0.068877764,0.26082298
concrete3k::169_29.jpg,0.69014853,0.12810968,0.18174171
concrete3k::169_31.jpg,0.55012745,0.056042124,0.39383045
concrete3k::169_37.jpg,0.68224466,0.0639347,0.25382063
concrete3k::169_38.jpg,0.6946132,0.1027848,0.20260195
concrete3k::175_20.jpg,0.49728724,0.21522164,0.28749108
concrete3k::175_22.jpg,0.30513483,0.41292384,0.28194135
concrete3k::175_23.jpg,0.55318624,0.30980492,0.13700889
concrete3k::175_25.jpg,0.4334512,0.45945725,0.10709148
concrete3k::177_21.jpg,0.3828728,0.30822146,0.30890575
concrete3k::177_22.jpg,0.29864427,0.35384944,0.34750634
concrete3k::177_25.jpg,0.36990356,0.4812194,0.1488771
concrete3k::177_26.jpg,0.32080063,0.40344217,0.27575713
concrete3k::181_20.jpg,0.48107186,0.23100956,0.2879186
concrete3k::181_24.jpg,0.68178993,0.14553565,0.17267434
concrete3k::181_25.jpg,0.35927415,0.51920223,0.12152358
concrete3k::181_27.jpg,0.6920486,0.21553363,0.09241773
concrete3k::181_28.jpg,0.5692911,0.33365998,0.09704888
concrete3k::181_29.jpg,0.48412907,0.2401131,0.27575782
concrete3k::181_30.jpg,0.6845908,0.21364649,0.101762764
concrete3k::186_0.jpg,0.7013966,0.086769715,0.21183363
concrete3k::186_1.jpg,0.35638985,0.25318304,0.39042705
concrete3k::186_10.jpg,0.24091735,0.59146494,0.1676177
concrete3k::186_18.jpg,0.09746933,0.59221935,0.31031126
concrete3k::186_19.jpg,0.37179908,0.27052662,0.35767433
concrete3k::186_20.jpg,0.2787306,0.35578477,0.36548465
concrete3k::186_30.jpg,0.38032255,0.3067881,0.31288937
concrete3k::186_9.jpg,0.23940481,0.14703295,0.6135623
concrete3k::187_16.jpg,0.48288095,0.22390363,0.29321533
concrete3k::187_18.jpg,0.30368817,0.30807176,0.3882401
concrete3k::187_20.jpg,0.17163701,0.17709212,0.65127087
concrete3k::187_30.jpg,0.2815109,0.2183326,0.50015646
concrete3k::188_14.jpg,0.6306138,0.15729381,0.21209234
concrete3k::188_15.jpg,0.6847109,0.11030593,0.20498316
concrete3k::188_17.jpg,0.44046405,0.24035963,0.31917632
concrete3k::188_18.jpg,0.5298844,0.21016102,0.25995463
concrete3k::188_20.jpg,0.33254412,0.37004533,0.29741058
concrete3k::188_21.jpg,0.30362234,0.31822994,0.37814763
concrete3k::188_22.jpg,0.4453082,0.27317187,0.28151992
concrete3k::188_26.jpg,0.5390444,0.15421928,0.30673638
concrete3k::188_32.jpg,0.484889,0.17470153,0.3404095
concrete3k::197_19.jpg,0.44444218,0.23048323,0.32507452
concrete3k::197_20.jpg,0.5914276,0.13797483,0.2705976
concrete3k::197_24.jpg,0.67302823,0.16746196,0.1595098
concrete3k::197_28.jpg,0.41665444,0.14260226,0.44074324
concrete3k::197_29.jpg,0.61405545,0.11411664,0.2718279
concrete3k::197_31.jpg,0.6170416,0.23225625,0.15070225
concrete3k::197_39.jpg,0.42983606,0.06068061,0.5094833
concrete3k::205_17.jpg,0.75622714,0.04062506,0.20314786
concrete3k::205_22.jpg,0.6448835,0.03439381,0.32072264
concrete3k::205_25.jpg,0.42540547,0.040380303,0.53421414
concrete3k::205_26.jpg,0.65988535,0.2666315,0.07348322
concrete3k::205_29.jpg,0.48509207,0.3683347,0.14657322
concrete3k::205_30.jpg,0.74164724,0.075241484,0.18311128
concrete3k::207_0.jpg,0.7000988,0.07609933,0.22380184
concrete3k::207_1.jpg,0.31840426,0.57189363,0.10970212
concrete3k::207_10.jpg,0.5627711,0.2722792,0.16494973
concrete3k::207_12.jpg,0.5971649,0.13766284,0.2651722
concrete3k::207_29.jpg,0.6882234,0.17312916,0.1386474
concrete3k::207_30.jpg,0.37201816,0.18353224,0.44444957
concrete3k::207_38.jpg,0.66218066,0.17877288,0.15904643
concrete3k::207_8.jpg,0.032894973,0.9416576,0.025447423
concrete3k::207_9.jpg,0.16040906,0.76299596,0.076594956
concrete3k::235_18.jpg,0.40155733,0.39663443,0.20180821
concrete3k::235_19.jpg,0.59448683,0.2707127,0.13480046
concrete3k::235_24.jpg,0.6344887,0.058542542,0.30696875
concrete3k::235_25.jpg,0.16473453,0.26632127,0.5689442
concrete3k::235_29.jpg,0.31673577,0.4462375,0.23702674
concrete3k::235_31.jpg,0.631276,0.21552993,0.15319403
concrete3k::235_38.jpg,0.39408487,0.28355274,0.3223624
concrete3k::235_46.jpg,0.6361448,0.2150377,0.14881751
concrete3k::235_47.jpg,0.22982903,0.47592574,0.29424524
concrete3k::240_29.jpg,0.2082149,0.38384667,0.40793836
concrete3k::240_37.jpg,0.25818652,0.24928515,0.4925283
concrete3k::242_17.jpg,0.53836125,0.32243878,0.13920003
concrete3k::242_19.jpg,0.33709165,0.4454899,0.2174184
concrete3k::242_20.jpg,0.2984154,0.37055665,0.33102795
concrete3k::242_46.jpg,0.43975002,0.27448452,0.2857654
concrete3k::258_25.jpg,0.72898656,0.16545297,0.105560444
concrete3k::258_30.jpg,0.69093406,0.16311386,0.14595209
concrete3k::258_32.jpg,0.6512618,0.11243651,0.23630159
concrete3k::275_24.jpg,0.75297064,0.15313074,0.09389865
concrete3k::275_25.jpg,0.5651802,0.27498364,0.15983625
concrete3k::275_29.jpg,0.35615426,0.3316892,0.3121566
concrete3k::275_36.jpg,0.16618477,0.6667048,0.16711046
concrete3k::275_39.jpg,0.23541936,0.33042648,0.43415412
concrete3k::280_27.jpg,0.30310756,0.4986454,0.19824703
concrete3k::280_30.jpg,0.26801178,0.38245106,0.34953722
concrete3k::280_32.jpg,0.6163462,0.092079215,0.2915747
concrete3k::280_33.jpg,0.5094665,0.3743086,0.11622495
concrete3k::280_36.jpg,0.3512431,0.21696265,0.43179423
concrete3k::280_37.jpg,0.42825288,0.16470492,0.4070422
concrete3k::287_20.jpg,0.33827043,0.032554805,0.6291747
concrete3k::287_23.jpg,0.8161171,0.06903584,0.11484711
concrete3k::287_24.jpg,0.297923,0.08637362,0.61570334
concrete3k::287_27.jpg,0.39184663,0.3792758,0.22887759
concrete3k::287_29.jpg,0.665552,0.13593316,0.19851486
concrete3k::287_30.jpg,0.16934052,0.6151522,0.21550718
concrete3k::287_9.jpg,0.20918635,0.27970892,0.51110476
concrete3k::288_19.jpg,0.41968206,0.30145416,0.27886385
concrete3k::288_20.jpg,0.48941532,0.12455735,0.3860273
concrete3k::288_21.jpg,0.36485568,0.3864772,0.24866715
concrete3k::288_22.jpg,0.4270302,0.21747628,0.3554935
concrete3k::288_23.jpg,0.3222225,0.20698309,0.47079444
concrete3k::288_29.jpg,0.53714126,0.17238308,0.2904757
concrete3k::288_30.jpg,0.32777947,0.04008338,0.6321372
concrete3k::288_31.jpg,0.51500815,0.14333509,0.34165674
concrete3k::289_26.jpg,0.32904017,0.18426496,0.48669496
concrete3k::289_29.jpg,0.38210675,0.3041653,0.31372797
concrete3k::289_31.jpg,0.40427664,0.16697283,0.42875054
concrete3k::297_10.jpg,0.57286286,0.03708037,0.3900568
concrete3k::297_21.jpg,0.6997482,0.050751165,0.24950066
concrete3k::297_9.jpg,0.21780473,0.052199345,0.7299959
concrete3k::321_10.jpg,0.873938,0.008265745,0.117796205
concrete3k::321_15.jpg,0.8018213,0.036829736,0.16134894
concrete3k::321_19.jpg,0.8023937,0.03721161,0.16039465
concrete3k::321_5.jpg,0.88124925,0.016934104,0.101816624
concrete3k::322_10.jpg,0.7932111,0.03723799,0.16955088
concrete3k::322_11.jpg,0.5966155,0.031924497,0.37146
concrete3k::322_19.jpg,0.75314736,0.054172594,0.19268006
concrete3k::322_9.jpg,0.77967274,0.04563891,0.1746884
concrete3k::358_16.jpg,0.48959792,0.22468445,0.28571764
concrete3k::358_17.jpg,0.89208215,0.033394814,0.07452303
concrete3k::358_21.jpg,0.5803513,0.06690953,0.35273916
concrete3k::358_22.jpg,0.8077365,0.061320066,0.13094339
concrete3k::358_25.jpg,0.74599063,0.047933094,0.20607622
concrete3k::358_30.jpg,0.60526395,0.10769032,0.2870457
concrete3k::364_15.jpg,0.7326235,0.09514912,0.17222743
concrete3k::364_2.jpg,0.62078553,0.10453474,0.27467972
concrete3k::364_20.jpg,0.48026836,0.19231762,0.32741407
concrete3k::364_26.jpg,0.5158513,0.2643781,0.21977055
concrete3k::364_28.jpg,0.5679725,0.17157413,0.2604533
concrete3k::364_29.jpg,0.52881557,0.22835131,0.24283306
concrete3k::364_33.jpg,0.5950675,0.16553968,0.23939289
concrete3k::364_38.jpg,0.53986466,0.1951057,0.26502955
concrete3k::364_44.jpg,0.694293,0.12299222,0.1827148
concrete3k::364_8.jpg,0.5090852,0.10549727,0.38541758
concrete3k::374_20.jpg,0.35818106,0.42640108,0.21541786
concrete3k::374_3.jpg,0.50096357,0.29185188,0.20718458
concrete3k::374_38.jpg,0.23730719,0.47121054,0.29148224
concrete3k::374_43.jpg,0.55947727,0.29561496,0.1449078
concrete3k::374_8.jpg,0.21561852,0.29237726,0.49200428
concrete3k::376_10.jpg,0.48731124,0.1647863,0.34790248
concrete3k::376_37.jpg,0.5304585,0.2952804,0.17426115
concrete3k::376_8.jpg,0.36241144,0.42759594,0.20999257
concrete3k::380_24.jpg,0.68196493,0.18659043,0.1314447
concrete3k::380_27.jpg,0.28685352,0.5185235,0.19462301
concrete3k::380_28.jpg,0.30149543,0.45612228,0.2423823
concrete3k::402_12.jpg,0.32611746,0.50385225,0.17003031
concrete3k::402_20.jpg,0.48414186,0.31137636,0.20448172
concrete3k::402_21.jpg,0.5185603,0.12316411,0.35827556
concrete3k::402_26.jpg,0.264809,0.5429874,0.19220358
concrete3k::402_27.jpg,0.23595364,0.5880057,0.17604062
concrete3k::402_35.jpg,0.39318714,0.26807633,0.3387365
concrete3k::402_41.jpg,0.3154185,0.4595067,0.22507484
concrete3k::406_20.jpg,0.3092799,0.45183325,0.23888692
concrete3k::406_26.jpg,0.25125727,0.3609251,0.3878176
concrete3k::406_4.jpg,0.5129436,0.1962403,0.29081607
concrete3k::406_43.jpg,0.21141332,0.27595645,0.5126302
concrete3k::406_5.jpg,0.47063774,0.03257499,0.49678722
concrete3k::406_8.jpg,0.19018963,0.2416877,0.5681227
concrete3k::406_9.jpg,0.42786255,0.3760269,0.19611062
concrete3k::420_22.jpg,0.5926894,0.115445375,0.2918652
concrete3k::420_25.jpg,0.403138,0.16225517,0.4346068
concrete3k::420_26.jpg,0.30207112,0.3101139,0.38781503
concrete3k::420_37.jpg,0.44772282,0.3106891,0.24158807
concrete3k::420_42.jpg,0.2725822,0.18339808,0.54401964
concrete3k::429_10.jpg,0.41738164,0.39709136,0.18552701
concrete3k::429_14.jpg,0.32234347,0.4456383,0.23201828
concrete3k::429_25.jpg,0.27661985,0.092919335,0.6304608
concrete3k::429_26.jpg,0.4290848,0.34561187,0.22530328
concrete3k::429_5.jpg,0.4547234,0.32408154,0.2211951
concrete3k::429_9.jpg,0.4418578,0.38351876,0.17462334
concrete3k::433_10.jpg,0.42366853,0.20996615,0.36636534
concrete3k::433_16.jpg,0.39077795,0.39106303,0.21815906
concrete3k::433_26.jpg,0.27834195,0.48239878,0.23925924
concrete3k::433_37.jpg,0.31727093,0.43887588,0.24385317
concrete3k::433_38.jpg,0.3225295,0.33913392,0.33833656
concrete3k::433_4.jpg,0.5629933,0.20670901,0.23029777
concrete3k::449_0.jpg,0.56222355,0.14721787,0.2905586
concrete3k::449_13.jpg,0.2994494,0.3381926,0.36235797
concrete3k::449_19.jpg,0.44578058,0.23083933,0.32338008
concrete3k::449_20.jpg,0.5607952,0.22957867,0.20962605
concrete3k::449_26.jpg,0.50813055,0.16972584,0.32214364
concrete3k::449_33.jpg,0.2173955,0.2586716,0.5239328
concrete3k::449_34.jpg,0.56037235,0.2952128,0.1444148
concrete3k::449_41.jpg,0.4522955,0.09690957,0.45079494
concrete3k::449_46.jpg,0.54785717,0.20187794,0.25026488
concrete3k::449_7.jpg,0.44411492,0.13483149,0.42105362
concrete3k::451_36.jpg,0.4671655,0.08398576,0.44884866
concrete3k::451_39.jpg,0.3509434,0.18437478,0.46468186
concrete3k::451_40.jpg,0.559262,0.30490392,0.13583407
concrete3k::451_41.jpg,0.46687695,0.14708216,0.3860408
concrete3k::451_47.jpg,0.6265696,0.20435077,0.16907962
concrete3k::451_7.jpg,0.6560662,0.22120513,0.12272867
concrete3k::456_2.jpg,0.7611475,0.07950629,0.15934625
concrete3k::456_20.jpg,0.56558484,0.22278413,0.21163104
concrete3k::456_33.jpg,0.44972882,0.3718477,0.17842355
concrete3k::456_41.jpg,0.24664278,0.09946363,0.65389365
concrete3k::456_45.jpg,0.6291763,0.23966269,0.13116102
concrete3k::456_46.jpg,0.105219305,0.3507944,0.54398626
concrete3k::456_47.jpg,0.21634275,0.0336164,0.7500408
concrete3k::456_8.jpg,0.7458576,0.13538934,0.1187531
concrete3k::464_10.jpg,0.55536294,0.14023323,0.30440387
concrete3k::464_16.jpg,0.6884741,0.15162173,0.15990414
concrete3k::464_22.jpg,0.59613717,0.11849874,0.28536403
concrete3k::464_28.jpg,0.5617127,0.021858567,0.41642877
concrete3k::464_4.jpg,0.41433844,0.3696097,0.2160519
concrete3k::464_45.jpg,0.23547614,0.38915893,0.37536496
concrete3k::466_15.jpg,0.26465884,0.3340842,0.40125692
concrete3k::466_3.jpg,0.27251068,0.16960369,0.5578857
concrete3k::466_32.jpg,0.3397662,0.23319249,0.4270413
concrete3k::466_38.jpg,0.31111324,0.23783593,0.45105082
concrete3k::466_44.jpg,0.30924952,0.20278451,0.487966
concrete3k::466_9.jpg,0.32207173,0.30378875,0.37413946
concrete3k::475_20.jpg,0.35986254,0.3559275,0.28421
concrete3k::475_31.jpg,0.26201683,0.3967786,0.34120455
concrete3k::475_4.jpg,0.5107768,0.2340908,0.25513244
concrete3k::479_18.jpg,0.11655171,0.13403495,0.7494134
concrete3k::479_19.jpg,0.44484615,0.22061864,0.33453518
concrete3k::479_21.jpg,0.6889171,0.12815575,0.18292715
concrete3k::479_24.jpg,0.49561265,0.12625097,0.3781364
concrete3k::479_31.jpg,0.34686726,0.11072485,0.5424079
concrete3k::479_36.jpg,0.553328,0.22404033,0.22263166
concrete3k::479_4.jpg,0.6408289,0.24009559,0.11907551
concrete3k::479_5.jpg,0.45412883,0.23162545,0.3142457
concrete3k::479_9.jpg,0.5256343,0.16212492,0.31224078
concrete3k::480_33.jpg,0.44559994,0.30794707,0.24645293
concrete3k::480_36.jpg,0.55095,0.14825413,0.30079588
concrete3k::480_37.jpg,0.30728304,0.39087984,0.3018371
concrete3k::480_38.jpg,0.62305677,0.16567884,0.21126437
concrete3k::480_9.jpg,0.50297004,0.41352737,0.08350264
concrete3k::490_15.jpg,0.32799292,0.33781382,0.33419323
concrete3k::490_26.jpg,0.263744,0.48732632,0.24892968
concrete3k::490_32.jpg,0.25926596,0.49753433,0.24319963
concrete3k::490_44.jpg,0.2404403,0.5610435,0.19851619
concrete3k::490_5.jpg,0.13219903,0.75009274,0.11770823
concrete3k::501_13.jpg,0.31165776,0.51293665,0.17540565
concrete3k::501_19.jpg,0.35441247,0.43043473,0.2151528
concrete3k::501_20.jpg,0.44507036,0.33028463,0.22464505
concrete3k::501_25.jpg,0.4730747,0.19136351,0.33556172
concrete3k::501_26.jpg,0.32900548,0.3928348,0.2781597
concrete3k::501_32.jpg,0.5465985,0.23599865,0.21740286
concrete3k::501_6.jpg,0.53641385,0.3163466,0.14723954
concrete3k::501_7.jpg,0.543112,0.26411116,0.19277692
concrete3k::503_1.jpg,0.5661747,0.058521196,0.37530413
concrete3k::503_12.jpg,0.6456051,0.20494182,0.14945304
concrete3k::503_20.jpg,0.41225106,0.18768439,0.40006453
concrete3k::503_8.jpg,0.7290493,0.11863968,0.15231097
concrete3k::504_11.jpg,0.55696946,0.26854753,0.17448308
concrete3k::504_2.jpg,0.21818967,0.6047393,0.17707102
concrete3k::504_20.jpg,0.42933685,0.41861302,0.15205018
concrete3k::504_21.jpg,0.57080483,0.18555732,0.2436379
concrete3k::504_29.jpg,0.4809599,0.37432078,0.14471938
concrete3k::504_39.jpg,0.7415029,0.20210455,0.056392543
concrete3k::504_9.jpg,0.6853374,0.16237165,0.15229094
concrete3k::513_16.jpg,0.1566679,0.6718047,0.17152743
concrete3k::513_17.jpg,0.49911585,0.20683102,0.2940531
concrete3k::513_19.jpg,0.20407248,0.5652713,0.23065622
concrete3k::513_22.jpg,0.37401515,0.40898907,0.21699579
concrete3k::513_23.jpg,0.37629429,0.5001379,0.12356772
concrete3k::513_26.jpg,0.24966107,0.44093868,0.30940026
concrete3k::513_27.jpg,0.2225796,0.51601493,0.26140544
concrete3k::516_10.jpg,0.3253694,0.3716067,0.30302387
concrete3k::516_14.jpg,0.2652688,0.51251674,0.22221455
concrete3k::516_22.jpg,0.24835032,0.50966805,0.24198157
concrete3k::516_24.jpg,0.16200408,0.04464515,0.7933508
concrete3k::516_29.jpg,0.2692514,0.39204362,0.33870503
concrete3k::516_33.jpg,0.3222359,0.5016077,0.17615637
concrete3k::516_34.jpg,0.45591548,0.3536944,0.19039008
concrete3k::516_35.jpg,0.23837544,0.5382144,0.22341017
concrete3k::516_36.jpg,0.26512474,0.50009495,0.23478036
concrete3k::516_40.jpg,0.54464936,0.22120994,0.2341407
concrete3k::522_16.jpg,0.19640526,0.1679397,0.63565505
concrete3k::522_18.jpg,0.43519634,0.19236225,0.37244138
concrete3k::522_24.jpg,0.48325044,0.3296195,0.18713003
concrete3k::522_25.jpg,0.19663763,0.15540265,0.6479597
concrete3k::522_28.jpg,0.42612505,0.31649983,0.25737512
concrete3k::522_30.jpg,0.56921715,0.35451254,0.076270245
concrete3k::534_15.jpg,0.25579262,0.49006665,0.25414068
concrete3k::534_21.jpg,0.3609468,0.48163733,0.15741591
concrete3k::534_26.jpg,0.4230622,0.17998454,0.39695323
concrete3k::534_27.jpg,0.40105924,0.4255167,0.173424
concrete3k::534_33.jpg,0.30356133,0.48053178,0.21590689
concrete3k::534_38.jpg,0.10773519,0.66832566,0.22393915
concrete3k::534_39.jpg,0.64833665,0.23167154,0.119991764
concrete3k::534_44.jpg,0.3360347,0.2335195,0.43044585
concrete3k::534_45.jpg,0.31572005,0.6076996,0.076580316
concrete3k::534_5.jpg,0.4325021,0.32125813,0.24623986
concrete3k::535_18.jpg,0.24847968,0.3485713,0.402949
concrete3k::535_19.jpg,0.80543137,0.07438991,0.12017869
concrete3k::535_21.jpg,0.55019945,0.30757087,0.14222963
concrete3k::535_23.jpg,0.5611758,0.32194796,0.1168762
concrete3k::535_45.jpg,0.15142061,0.6676325,0.18094686
concrete3k::535_46.jpg,0.5302901,0.09533932,0.37437052
concrete3k::535_47.jpg,0.5716303,0.15124744,0.27712226
concrete3k::547_11.jpg,0.35379052,0.26235798,0.3838515
concrete3k::547_16.jpg,0.33074078,0.43075788,0.23850133
concrete3k::547_20.jpg,0.15350491,0.4429665,0.4035286
concrete3k::547_21.jpg,0.3183435,0.40527335,0.27638316
concrete3k::547_25.jpg,0.32241994,0.4740003,0.20357978
concrete3k::547_30.jpg,0.36766118,0.13952982,0.49280903
concrete3k::547_31.jpg,0.32369232,0.4032118,0.2730958
concrete3k::553_12.jpg,0.54593235,0.09788104,0.35618657
concrete3k::553_20.jpg,0.23201358,0.18026033,0.5877261
concrete3k::553_27.jpg,0.25962326,0.28693575,0.45344096
concrete3k::553_47.jpg,0.5987753,0.05172237,0.34950227
concrete3k::554_0.jpg,0.7053027,0.17621401,0.11848324
concrete3k::554_18.jpg,0.37103882,0.079705566,0.54925567
concrete3k::554_32.jpg,0.33837327,0.23173605,0.42989072
concrete3k::554_33.jpg,0.34052873,0.37701055,0.28246066
concrete3k::554_40.jpg,0.44542977,0.09103549,0.46353477
concrete3k::554_6.jpg,0.3803192,0.16905852,0.4506222
concrete3k::554_7.jpg,0.6498056,0.15738282,0.19281161
concrete3k::567_14.jpg,0.30437726,0.42653897,0.26908377
concrete3k::567_2.jpg,0.40108916,0.44076595,0.1581449
concrete3k::567_31.jpg,0.35515597,0.21196423,0.43287975
concrete3k::567_32.jpg,0.17294692,0.5500081,0.27704498
concrete3k::567_37.jpg,0.27450132,0.3423459,0.3831528
concrete3k::567_38.jpg,0.18648703,0.08543731,0.7280756
concrete3k::572_13.jpg,0.2143401,0.65718895,0.12847099
concrete3k::572_19.jpg,0.35048512,0.3270034,0.3225115
concrete3k::572_21.jpg,0.38599423,0.29223713,0.32176864
concrete3k::572_27.jpg,0.26968393,0.35615668,0.3741594
concrete3k::572_28.jpg,0.22154123,0.5956214,0.18283738
concrete3k::574_21.jpg,0.32079446,0.4199363,0.25926924
concrete3k::574_29.jpg,0.53328395,0.3466118,0.12010423
concrete3k::587_1.jpg,0.26974067,0.5018362,0.2284232
concrete3k::587_13.jpg,0.26796696,0.26485568,0.46717733
concrete3k::587_14.jpg,0.23007947,0.4310347,0.3388858
concrete3k::587_20.jpg,0.26379892,0.41220704,0.323994
concrete3k::587_32.jpg,0.26241395,0.39866766,0.3389184
concrete3k::587_33.jpg,0.2696068,0.47064364,0.25974962
concrete3k::587_38.jpg,0.32781956,0.21835265,0.45382777
concrete3k::587_44.jpg,0.17451054,0.5599017,0.2655877
concrete3k::596_2.jpg,0.468534,0.31134567,0.2201204
concrete3k::596_20.jpg,0.33693463,0.46772096,0.19534446
concrete3k::596_27.jpg,0.25518236,0.4681203,0.2766974
concrete3k::596_32.jpg,0.32596508,0.317124,0.35691094
concrete3k::596_39.jpg,0.22612141,0.53457206,0.23930651
concrete3k::596_45.jpg,0.23115157,0.3893753,0.3794731
concrete3k::607_2.jpg,0.53478706,0.23379788,0.23141505
concrete3k::607_21.jpg,0.47873667,0.21720009,0.30406317
concrete3k::607_26.jpg,0.12137683,0.7493988,0.1292243
concrete3k::607_3.jpg,0.64195704,0.24356121,0.11448177
concrete3k::607_32.jpg,0.24562962,0.51843536,0.23593499
concrete3k::607_33.jpg,0.5396623,0.2239217,0.236416
concrete3k::607_38.jpg,0.2694917,0.3931406,0.33736765
concrete3k::607_44.jpg,0.4851512,0.18647741,0.32837144
concrete3k::607_6.jpg,0.54709226,0.046655882,0.40625185
concrete3k::607_7.jpg,0.61972904,0.24549772,0.13477315
concrete3k::607_8.jpg,0.5823063,0.23477128,0.18292244
concrete3k::610_10.jpg,0.22222954,0.17186618,0.6059043
concrete3k::610_2.jpg,0.3539311,0.07529593,0.57077295
concrete3k::610_26.jpg,0.42885146,0.1891622,0.38198638
concrete3k::610_27.jpg,0.45893764,0.13849238,0.40256995
concrete3k::610_32.jpg,0.3544684,0.26118326,0.3843483
concrete3k::610_43.jpg,0.50088537,0.12284628,0.37626833
concrete3k::610_8.jpg,0.5499423,0.28719765,0.16285999
