image_id,p_degraded,p_neutral,p_improved
khanhha_original::CFD_007.jpg,0.3667388,0.17284031,0.46042085
khanhha_original::CFD_013.jpg,0.3195429,0.3745858,0.30587125
khanhha_original::CFD_014.jpg,0.3798372,0.12001819,0.5001446
khanhha_original::CFD_047.jpg,0.59312713,0.16965093,0.23722199
khanhha_original::CFD_082.jpg,0.38689828,0.14545412,0.46764764
khanhha_original::CRACK500_20160222_081111_641_361.jpg,0.31272456,0.40412444,0.28315103
khanhha_original::CRACK500_20160222_081113_1921_721.jpg,0.44849062,0.35478318,0.1967262
khanhha_original::CRACK500_20160222_115305_1281_1081.jpg,0.06263729,0.7591197,0.17824297
khanhha_original::CRACK500_20160222_115305_1921_361.jpg,0.11959357,0.39973262,0.48067382
khanhha_original::CRACK500_20160222_115305_641_1.jpg,0.14714627,0.5520386,0.3008151
khanhha_original::CRACK500_20160222_115305_641_721.jpg,0.070306815,0.72392046,0.20577273
khanhha_original::CRACK500_20160222_115828_641_1.jpg,0.15304352,0.3489683,0.4979882
khanhha_original::CRACK500_20160222_164825_641_721.jpg,0.2857046,0.54653364,0.16776182
khanhha_original::CRACK500_20160222_164851_641_1081.jpg,0.53997314,0.18258712,0.2774397
khanhha_original::CRACK500_20160222_165218_641_1.jpg,0.29692695,0.22143316,0.48163986
khanhha_original::CRACK500_20160222_165909_1281_1081.jpg,0.33077848,0.318789,0.35043252
khanhha_original::CRACK500_20160222_165926_1281_721.jpg,0.38060683,0.47672513,0.14266802
khanhha_original::CRACK500_20160222_165947_1921_721.jpg,0.16913593,0.74726635,0.08359768
khanhha_original::CRACK500_20160302_155848_1281_361.jpg,0.40721685,0.16447411,0.428309
khanhha_original::CRACK500_20160302_155848_1921_361.jpg,0.18683578,0.16000783,0.65315634
khanhha_original::CRACK500_20160302_155848_641_721.jpg,0.16538523,0.49424663,0.34036818
khanhha_original::CRACK500_20160302_160033_641_361.jpg,0.27094698,0.3966308,0.33242217
khanhha_original::CRACK500_20160303_092627_641_721.jpg,0.22145228,0.39749044,0.3810573
khanhha_original::CRACK500_20160303_093400_641_1.jpg,0.13439961,0.6149934,0.25060704
khanhha_original::CRACK500_20160303_093400_641_721.jpg,0.20824432,0.66177267,0.12998304
khanhha_original::CRACK500_20160307_145259_1921_721.jpg,0.29848334,0.4977618,0.20375492
khanhha_original::CRACK500_20160307_145259_1_361.jpg,0.03341908,0.8716417,0.09493935
khanhha_original::CRACK500_20160307_164214_1281_1081.jpg,0.08108297,0.8098834,0.109033585
khanhha_original::CRACK500_20160307_164214_1_721.jpg,0.24047893,0.71722096,0.042300083
khanhha_original::CRACK500_20160307_164226_1921_721.jpg,0.1942695,0.7365083,0.069222234
khanhha_original::CRACK500_20160307_164226_1_721.jpg,0.18732375,0.60910326,0.20357303
khanhha_original::CRACK500_20160307_164226_641_721.jpg,0.060037702,0.8860471,0.053915188
khanhha_original::CRACK500_20160308_073245_1_361.jpg,0.35392147,0.48058653,0.16549197
khanhha_original::CRACK500_20160308_073245_641_1.jpg,0.5371586,0.32660675,0.13623466
khanhha_original::CRACK500_20160308_074702_1281_361.jpg,0.21516079,0.26378053,0.5210587
khanhha_original::CRACK500_20160308_074702_1921_361.jpg,0.1574152,0.27157584,0.571009
khanhha_original::CRACK500_20160308_074702_641_721.jpg,0.12615152,0.2917355,0.58211297
khanhha_original::CRACK500_20160308_155720_1281_361.jpg,0.15884517,0.6202127,0.22094217
khanhha_original::CRACK500_20160308_155720_1_1.jpg,0.12991506,0.781092,0.08899301
khanhha_original::CRACK500_20160308_155720_641_721.jpg,0.05233877,0.91603273,0.03162856
khanhha_original::CRACK500_20160308_155731_1281_1.jpg,0.043110613,0.8293721,0.12751727
khanhha_original::CRACK500_20160308_155731_641_1081.jpg,0.143934,0.56032073,0.29574522
khanhha_original::CRACK500_20160310_114441_641_1.jpg,0.06080484,0.80888945,0.13030572
khanhha_original::CRACK500_20160310_114441_641_1081.jpg,0.08035617,0.590415,0.32922885
khanhha_original::CRACK500_20160316_141721_1_721.jpg,0.12519592,0.79488105,0.07992307
khanhha_original::CRACK500_20160316_141721_641_721.jpg,0.13984461,0.7523124,0.10784289
khanhha_original::CRACK500_20160316_142539_1_721.jpg,0.23343869,0.26219806,0.50436324
khanhha_original::CRACK500_20160316_143603_1921_361.jpg,0.185812,0.2479844,0.56620365
khanhha_original::CRACK500_20160316_143624_1_641.jpg,0.07155194,0.5274344,0.40101364
khanhha_original::CRACK500_20160316_144212_1921_721.jpg,0.13502187,0.49743503,0.36754307
khanhha_original::CRACK500_20160316_144212_641_721.jpg,0.06753618,0.7749345,0.15752935
khanhha_original::CRACK500_20160316_144241_641_361.jpg,0.16273487,0.40374765,0.43351752
khanhha_original::CRACK500_20160321_185518_1921_721.jpg,0.15740655,0.3529751,0.48961836
khanhha_original::CRACK500_20160321_185518_1_721.jpg,0.23875387,0.24879125,0.51245487
khanhha_original::CRACK500_20160325_185829_641_361.jpg,0.4752192,0.17938882,0.34539205
khanhha_original::CRACK500_20160326_174634_1921_361.jpg,0.23817876,0.10653729,0.655284
khanhha_original::CRACK500_20160326_174634_641_721.jpg,0.22030537,0.22849768,0.55119693
khanhha_original::CRACK500_20160328_150927_1281_721.jpg,0.17042817,0.69056,0.13901182
khanhha_original::CRACK500_20160328_150933_1921_361.jpg,0.33570072,0.21051344,0.4537859
khanhha_original::CRACK500_20160328_151020_641_721.jpg,0.37147757,0.33171427,0.29680815
khanhha_original::CRACK500_20160328_151201_1281_721.jpg,0.084376656,0.84382194,0.07180136
khanhha_original::CRACK500_20160328_151201_1_1.jpg,0.048408408,0.9245778,0.027013833
khanhha_original::CRACK500_20160328_151409_1921_1081.jpg,0.28674802,0.61156046,0.101691544
khanhha_original::CRACK500_20160328_152322_1281_721.jpg,0.1443817,0.6848742,0.17074412
khanhha_original::CRACK500_20160328_152322_1_721.jpg,0.24690007,0.6081797,0.14492017
khanhha_original::CRACK500_20160328_152511_1921_721.jpg,0.12349507,0.49897203,0.37753287
khanhha_original::CRACK500_20160328_153524_641_361.jpg,0.04851935,0.8580811,0.09339951
khanhha_original::CRACK500_20160328_153604_1_361.jpg,0.17626664,0.5120536,0.31167975
khanhha_original::CRACK500_20160328_153604_641_1.jpg,0.034572463,0.8714037,0.09402382
khanhha_original::CRACK500_20160328_153604_641_721.jpg,0.06319186,0.86996484,0.066843264
khanhha_original::CRACK500_20160328_153706_1281_1.jpg,0.25288987,0.43667588,0.31043422
khanhha_original::CRACK500_20160328_153706_1281_1081.jpg,0.103053525,0.7549843,0.14196213
khanhha_original::CRACK500_20160328_153706_1921_1.jpg,0.2948619,0.5669582,0.13817987
khanhha_original::CRACK500_20160328_153915_1921_721.jpg,0.06589803,0.71884847,0.21525344
khanhha_original::CRACK500_20160328_154159_1921_1081.jpg,0.055966105,0.75356305,0.19047078
khanhha_original::CRACK500_20160328_154159_1_361.jpg,0.07552757,0.83004326,0.09442916
khanhha_original::CRACK500_20160328_154429_641_721.jpg,0.14863053,0.514091,0.33727846
khanhha_original::CRACK500_20160328_154454_1_721.jpg,0.2852802,0.16994281,0.544777
khanhha_original::CRACK500_20160328_154454_721_1.jpg,0.08975696,0.48578674,0.42445636
khanhha_original::CRACK500_20160329_094055_1_721.jpg,0.15009105,0.22417189,0.625737
khanhha_original::CRACK500_20160329_103609_1281_721.jpg,0.0897966,0.4917823,0.4184211
khanhha_original::CRACK500_20160329_103609_1921_721.jpg,0.22572367,0.23494099,0.53933537
khanhha_original::CRACK500_20160329_103609_1_721.jpg,0.16145837,0.5167504,0.3217912
khanhha_original::CRACK500_20160329_103609_641_361.jpg,0.29596114,0.24916224,0.45487666
khanhha_original::CRACK500_20160329_104205_1921_361.jpg,0.18019801,0.23302038,0.5867816
khanhha_original::CRACK500_20160329_115529_1_721.jpg,0.07425866,0.5734497,0.3522916
khanhha_original::CRACK500_20160330_165325_1921_361.jpg,0.3884156,0.22391644,0.38766798
khanhha_original::CRACK500_20160330_165325_1921_721.jpg,0.38990682,0.3499331,0.26016006
khanhha_original::CRACK500_20160330_165325_1_721.jpg,0.18938053,0.13963075,0.67098874
khanhha_original::CRACK500_20160330_165333_1921_1081.jpg,0.33135965,0.30046085,0.36817953
khanhha_original::CRACK500_20160330_165333_1_721.jpg,0.24145785,0.14510201,0.61344016
khanhha_original::CRACK500_20160330_170308_1281_361.jpg,0.2163511,0.22553444,0.55811447
khanhha_original::CRACK500_20160330_170308_1921_1081.jpg,0.19415674,0.13729064,0.66855264
khanhha_original::CRACK500_20160330_170308_1921_361.jpg,0.41236404,0.11933198,0.468304
khanhha_original::CRACK500_20160330_170308_1921_721.jpg,0.16651559,0.14588936,0.68759507
khanhha_original::CRACK500_20160402_150300_1281_721.jpg,0.2657206,0.6142495,0.12002985
khanhha_original::CRACK500_20160405_171219_1281_721.jpg,0.1415982,0.18191563,0.6764862
khanhha_original::CRACK500_20160405_171219_641_721.jpg,0.5029094,0.26157984,0.23551072
khanhha_original::CRACK500_20160405_171456_1_361.jpg,0.08551079,0.21054235,0.7039468
khanhha_original::CRACK500_20160405_172854_1921_1.jpg,0.13492455,0.1622048,0.70287067
khanhha_original::CRACK500_IMG_2937_1297_969.jpg,0.39785028,0.27336666,0.32878312
khanhha_original::CRACK500_IMG_2938_1297_969.jpg,0.41543987,0.15778485,0.42677525
khanhha_original::DeepCrack_11114.jpg,0.1659056,0.19440614,0.6396883
khanhha_original::DeepCrack_11118.jpg,0.3117619,0.21499379,0.47324434
khanhha_original::DeepCrack_11134-3.jpg,0.11470334,0.04775195,0.8375447
khanhha_original::DeepCrack_11134-4.jpg,0.1633931,0.08606046,0.7505464
khanhha_original::DeepCrack_11134.jpg,0.21997324,0.11253879,0.6674879
khanhha_original::DeepCrack_11153.jpg,0.36175686,0.14554521,0.49269792
khanhha_original::DeepCrack_11164-2.jpg,0.13523462,0.83185047,0.032914877
khanhha_original::DeepCrack_11164-4.jpg,0.06330003,0.8980663,0.038633786
khanhha_original::DeepCrack_11178-3.jpg,0.18655333,0.33209303,0.48135367
khanhha_original::DeepCrack_11204.jpg,0.3027905,0.32229704,0.3749125
khanhha_original::DeepCrack_7Q3A9060-3.jpg,0.6518177,0.22683218,0.12135013
khanhha_original::DeepCrack_7Q3A9060-9.jpg,0.44672164,0.4852655,0.06801288
khanhha_original::DeepCrack_IMG109-1.jpg,0.2693811,0.08656379,0.64405507
khanhha_original::DeepCrack_IMG14-1.jpg,0.20613724,0.13214384,0.6617189
khanhha_original::DeepCrack_IMG14-3.jpg,0.3652936,0.30758724,0.32711917
khanhha_original::Eugen_Muller_8980_79_365_456_521.jpg,0.031922847,0.0065873074,0.9614899
khanhha_original::Eugen_Muller_8980a_123_420_527_438.jpg,0.023738025,0.011089312,0.96517265
khanhha_original::Eugen_Muller_8980a_25_22_747_752.jpg,0.31447992,0.08457773,0.6009423
khanhha_original::GAPS384_train_0503_541_1.jpg,0.49568662,0.24403179,0.2602815
khanhha_original::GAPS384_train_0533_541_1.jpg,0.2838786,0.36935943,0.34676194
khanhha_original::GAPS384_train_0559_541_641.jpg,0.56115425,0.17053029,0.26831552
khanhha_original::GAPS384_train_0599_1_1.jpg,0.097645685,0.6379465,0.2644078
khanhha_original::GAPS384_train_0608_1_1.jpg,0.45674834,0.4497696,0.09348212
khanhha_original::GAPS384_train_0641_1_1.jpg,0.5418973,0.25661144,0.20149124
khanhha_original::GAPS384_train_0641_541_641.jpg,0.10605362,0.6514005,0.24254587
khanhha_original::GAPS384_train_0690_541_1.jpg,0.44856483,0.22209199,0.3293432
khanhha_original::GAPS384_train_0961_1_1.jpg,0.3460704,0.45440307,0.1995265
khanhha_original::GAPS384_train_1048_1_1.jpg,0.52829206,0.27912542,0.19258249
khanhha_original::GAPS384_train_1048_541_1.jpg,0.506774,0.1962573,0.29696873
khanhha_original::GAPS384_train_1085_541_1.jpg,0.28688622,0.34351313,0.36960068
khanhha_original::GAPS384_train_1172_541_641.jpg,0.19755061,0.18930763,0.6131417
khanhha_original::GAPS384_train_1173_541_1.jpg,0.36932364,0.23029636,0.40038
khanhha_original::GAPS384_train_1173_541_641.jpg,0.30343935,0.32756948,0.36899117
khanhha_original::GAPS384_train_1187_1_1.jpg,0.17632689,0.23922212,0.584451
khanhha_original::GAPS384_train_1361_541_641.jpg,0.24762513,0.035445996,0.71692884
khanhha_original::GAPS384_train_1370_541_641.jpg,0.44152164,0.0963616,0.46211678
khanhha_original::Rissbilder_for_Florian_9S6A2783_485_963_3019_3865.jpg,0.49084887,0.3944611,0.11469
khanhha_original::Rissbilder_for_Florian_9S6A2783_510_849_2889_2880.jpg,0.38740647,0.48080662,0.13178691
khanhha_original::Rissbilder_for_Florian_9S6A2783_555_1445_2892_3793.jpg,0.5334827,0.32465446,0.14186284
khanhha_original::Rissbilder_for_Florian_9S6A2783_96_1214_3516_4173.jpg,0.5303165,0.39142296,0.07826058
khanhha_original::Rissbilder_for_Florian_9S6A2787_1034_2113_2702_3383.jpg,0.30130896,0.55076617,0.14792489
khanhha_original::Rissbilder_for_Florian_9S6A2787_114_2564_2503_2920.jpg,0.2904392,0.4793081,0.23025264
khanhha_original::Rissbilder_for_Florian_9S6A2787_1217_749_2520_2686.jpg,0.30611804,0.51120883,0.18267314
khanhha_original::Rissbilder_for_Florian_9S6A2787_1287_2060_2196_2885.jpg,0.31313545,0.50160295,0.18526164
khanhha_original::Rissbilder_for_Florian_9S6A2787_38_553_3789_4026.jpg,0.13891374,0.73355037,0.12753582
khanhha_original::Rissbilder_for_Florian_9S6A2787_469_792_2677_2506.jpg,0.4039503,0.38603255,0.21001719
khanhha_original::Rissbilder_for_Florian_9S6A2789_29_2188_3523_3363.jpg,0.22168668,0.6066976,0.1716157
khanhha_original::Rissbilder_for_Florian_9S6A2789_79_2844_3130_2630.jpg,0.12595302,0.6743886,0.1996584
khanhha_original::Rissbilder_for_Florian_9S6A2795_244_2755_3348_2948.jpg,0.10913461,0.8640845,0.02678095
khanhha_original::Rissbilder_for_Florian_9S6A2795_345_1636_2968_2382.jpg,0.12963939,0.8521677,0.01819293
khanhha_original::Rissbilder_for_Florian_9S6A2795_726_782_2478_3159.jpg,0.21225323,0.7585129,0.029233951
khanhha_original::Rissbilder_for_Florian_9S6A2799_133_2058_3555_3079.jpg,0.15473557,0.5805819,0.2646825
khanhha_original::Rissbilder_for_Florian_9S6A2799_275_471_3176_4152.jpg,0.16027054,0.37134516,0.46838424
khanhha_original::Rissbilder_for_Florian_9S6A2799_288_786_3196_3304.jpg,0.23478732,0.46521458,0.29999802
khanhha_original::Rissbilder_for_Florian_9S6A2804_118_1818_2606_2570.jpg,0.29248202,0.60355353,0.10396452
khanhha_original::Rissbilder_for_Florian_9S6A2805_1632_240_3224_2475.jpg,0.12886831,0.81720424,0.05392743
khanhha_original::Rissbilder_for_Florian_9S6A2805_3150_203_1998_2621.jpg,0.3974154,0.50314707,0.09943753
khanhha_original::Rissbilder_for_Florian_9S6A2805_565_1400_2938_2247.jpg,0.11629601,0.8249803,0.058723707
khanhha_original::Rissbilder_for_Florian_9S6A2806_1082_397_4233_3223.jpg,0.3474023,0.5468449,0.10575279
khanhha_original::Rissbilder_for_Florian_9S6A2806_3363_1303_2009_2459.jpg,0.5860915,0.35067874,0.06322971
khanhha_original::Rissbilder_for_Florian_9S6A2806_368_348_2093_2759.jpg,0.68492866,0.20893697,0.10613439
khanhha_original::Rissbilder_for_Florian_9S6A2817_266_1535_2877_3827.jpg,0.1996016,0.5679827,0.23241569
khanhha_original::Rissbilder_for_Florian_9S6A2817_362_2779_2835_2376.jpg,0.12552935,0.75292426,0.12154632
khanhha_original::Rissbilder_for_Florian_9S6A2817_378_2811_2792_2576.jpg,0.17517449,0.6854712,0.13935435
khanhha_original::Rissbilder_for_Florian_9S6A2817_515_925_2769_3395.jpg,0.13778618,0.5542176,0.30799633
khanhha_original::Rissbilder_for_Florian_9S6A2817_67_221_2558_2411.jpg,0.052102536,0.83384895,0.114048496
khanhha_original::Rissbilder_for_Florian_9S6A2820_304_486_3141_3670.jpg,0.050396208,0.6959878,0.253616
khanhha_original::Rissbilder_for_Florian_9S6A2820_366_660_2637_3456.jpg,0.07209495,0.6490202,0.27888486
khanhha_original::Rissbilder_for_Florian_9S6A2831_130_3142_3148_2567.jpg,0.14740077,0.80809796,0.044501267
khanhha_original::Rissbilder_for_Florian_9S6A2831_1392_523_2363_2146.jpg,0.25311577,0.48820576,0.25867853
khanhha_original::Rissbilder_for_Florian_9S6A2831_14_1354_3612_3768.jpg,0.23471093,0.6931162,0.07217288
khanhha_original::Rissbilder_for_Florian_9S6A2831_183_1551_2640_2168.jpg,0.21741764,0.65020764,0.1323748
khanhha_original::Rissbilder_for_Florian_9S6A2831_237_201_3399_4522.jpg,0.27743992,0.6664891,0.056071002
khanhha_original::Rissbilder_for_Florian_9S6A2831_277_1810_3479_3118.jpg,0.23178585,0.69896626,0.069247864
khanhha_original::Rissbilder_for_Florian_9S6A2831_343_1804_2873_2254.jpg,0.16333432,0.7261974,0.11046825
khanhha_original::Rissbilder_for_Florian_9S6A2832_1234_336_2375_2845.jpg,0.3114709,0.58217907,0.106350064
khanhha_original::Rissbilder_for_Florian_9S6A2832_185_2346_3101_2742.jpg,0.400636,0.47283947,0.12652455
khanhha_original::Rissbilder_for_Florian_9S6A2832_375_1408_3366_3866.jpg,0.41590214,0.5159994,0.06809851
khanhha_original::Rissbilder_for_Florian_9S6A2841_19_570_3460_3784.jpg,0.13216232,0.71495074,0.15288693
khanhha_original::Rissbilder_for_Florian_9S6A2841_217_2299_3214_2878.jpg,0.09839525,0.6816823,0.2199224
khanhha_original::Rissbilder_for_Florian_9S6A2841_247_162_2749_3393.jpg,0.24026555,0.55357647,0.206158
khanhha_original::Rissbilder_for_Florian_9S6A2841_319_1106_2769_3450.jpg,0.17507015,0.60424155,0.22068836
khanhha_original::Rissbilder_for_Florian_9S6A2841_341_1075_3324_3954.jpg,0.09016937,0.75499874,0.15483187
khanhha_original::Rissbilder_for_Florian_9S6A2841_542_955_3068_2456.jpg,0.14495368,0.6994887,0.15555757
khanhha_original::Rissbilder_for_Florian_9S6A2845_0_0_5760_3840.jpg,0.13949838,0.57008785,0.29041374
khanhha_original::Rissbilder_for_Florian_9S6A2845_1333_32_4399_3805.jpg,0.1313116,0.6087988,0.25988957
khanhha_original::Rissbilder_for_Florian_9S6A2845_1480_64_3182_3685.jpg,0.14615518,0.5598436,0.29400122
khanhha_original::Rissbilder_for_Florian_9S6A2845_1641_474_2958_3084.jpg,0.11268108,0.47002444,0.41729447
khanhha_original::Rissbilder_for_Florian_9S6A2845_2026_3_2804_3214.jpg,0.10133123,0.48765472,0.41101402
khanhha_original::Rissbilder_for_Florian_9S6A2845_2181_159_3010_3511.jpg,0.15523523,0.52102095,0.32374388
khanhha_original::Rissbilder_for_Florian_9S6A2845_628_184_3360_3293.jpg,0.1107812,0.62872577,0.26049307
khanhha_original::Rissbilder_for_Florian_9S6A2851_1713_30_3619_3365.jpg,0.15238957,0.72714365,0.12046682
khanhha_original::Rissbilder_for_Florian_9S6A2851_1976_734_2746_2491.jpg,0.2996322,0.56424373,0.13612406
khanhha_original::Rissbilder_for_Florian_9S6A2851_2413_175_2645_3485.jpg,0.20548448,0.6785923,0.1159231
khanhha_original::Rissbilder_for_Florian_9S6A2851_512_50_2972_2678.jpg,0.32233357,0.56495947,0.11270696
khanhha_original::Rissbilder_for_Florian_9S6A2864_0_0_3840_5760.jpg,0.26812592,0.62392247,0.10795161
khanhha_original::Rissbilder_for_Florian_9S6A2864_474_1863_3308_2536.jpg,0.27719805,0.59746224,0.1253397
khanhha_original::Rissbilder_for_Florian_9S6A2864_95_886_3690_4688.jpg,0.17264506,0.7692111,0.058143888
khanhha_original::Rissbilder_for_Florian_9S6A2879_0_0_5760_3840.jpg,0.1541063,0.5563392,0.28955445
khanhha_original::Rissbilder_for_Florian_9S6A2879_1312_923_2418_2909.jpg,0.26335275,0.40643233,0.33021492
khanhha_original::Rissbilder_for_Florian_9S6A2879_1320_542_3826_3214.jpg,0.1283842,0.53250194,0.3391139
khanhha_original::Rissbilder_for_Florian_9S6A2882_346_490_2497_1975.jpg,0.10389879,0.7129361,0.18316504
khanhha_original::Rissbilder_for_Florian_9S6A2882_458_1944_3282_2844.jpg,0.09979029,0.7342947,0.16591495
khanhha_original::Rissbilder_for_Florian_9S6A2883_0_0_3840_5760.jpg,0.06968109,0.7509743,0.17934458
khanhha_original::Rissbilder_for_Florian_9S6A2883_290_1780_2688_2984.jpg,0.09253451,0.5723393,0.33512613
khanhha_original::Rissbilder_for_Florian_9S6A2885_167_1375_2073_2363.jpg,0.12973393,0.70765895,0.16260713
khanhha_original::Rissbilder_for_Florian_9S6A2885_67_973_3621_3313.jpg,0.111805685,0.6204493,0.267745
khanhha_original::Rissbilder_for_Florian_9S6A2885_82_1409_2816_3479.jpg,0.06333279,0.70705473,0.22961248
khanhha_original::Rissbilder_for_Florian_9S6A2886_106_479_3642_4594.jpg,0.022452375,0.94684154,0.0307061
khanhha_original::Rissbilder_for_Florian_9S6A2886_110_1312_3454_3075.jpg,0.041176345,0.9320045,0.026819158
khanhha_original::Rissbilder_for_Florian_9S6A2886_12_1171_3583_2973.jpg,0.049069133,0.9204727,0.030458247
khanhha_original::Rissbilder_for_Florian_9S6A2886_273_2665_2929_2302.jpg,0.10122594,0.8300961,0.06867793
khanhha_original::Rissbilder_for_Florian_9S6A2886_695_71_2627_3457.jpg,0.062827475,0.8962487,0.040923852
khanhha_original::Rissbilder_for_Florian_9S6A2886_984_32_2437_2598.jpg,0.0830304,0.88819015,0.028779378
khanhha_original::Rissbilder_for_Florian_9S6A2887_452_483_3013_2564.jpg,0.27224064,0.5565404,0.17121889
khanhha_original::Rissbilder_for_Florian_9S6A2887_749_2501_3000_2991.jpg,0.44461805,0.28239518,0.27298674
khanhha_original::Rissbilder_for_Florian_9S6A2892_103_890_2526_2526.jpg,0.058744196,0.79720205,0.1440538
khanhha_original::Rissbilder_for_Florian_9S6A2892_1086_390_3050_2813.jpg,0.08866464,0.81614256,0.095192775
khanhha_original::Rissbilder_for_Florian_9S6A2892_1754_604_2639_2889.jpg,0.0753422,0.7974469,0.12721084
khanhha_original::Rissbilder_for_Florian_9S6A2906_0_0_3840_5760.jpg,0.021648575,0.9448681,0.033483233
khanhha_original::Rissbilder_for_Florian_9S6A2906_358_658_3398_3904.jpg,0.024182122,0.9463689,0.029449057
khanhha_original::Rissbilder_for_Florian_9S6A2906_52_256_3772_3845.jpg,0.033466943,0.92753005,0.03900302
khanhha_original::Rissbilder_for_Florian_9S6A2906_54_350_3631_4518.jpg,0.024651544,0.95204806,0.023300288
khanhha_original::Rissbilder_for_Florian_9S6A2906_67_759_3263_3857.jpg,0.04232953,0.8855612,0.07210925
khanhha_original::Rissbilder_for_Florian_9S6A2909_191_2009_3191_3109.jpg,0.7214501,0.20532663,0.0732233
khanhha_original::Rissbilder_for_Florian_9S6A2909_36_61_3613_3826.jpg,0.78054374,0.060520582,0.15893568
khanhha_original::Rissbilder_for_Florian_9S6A2909_485_850_3106_4081.jpg,0.8744052,0.044017464,0.081577316
khanhha_original::Rissbilder_for_Florian_9S6A2914_10_816_3799_4560.jpg,0.3234482,0.5916045,0.08494726
khanhha_original::Rissbilder_for_Florian_9S6A2914_165_203_2511_2307.jpg,0.13112387,0.6065756,0.2623005
khanhha_original::Rissbilder_for_Florian_9S6A2914_601_1274_2657_3363.jpg,0.18455991,0.70357937,0.11186071
khanhha_original::Rissbilder_for_Florian_9S6A2914_61_827_3521_3770.jpg,0.24724971,0.61893636,0.13381393
khanhha_original::Rissbilder_for_Florian_9S6A2914_864_1519_2861_3089.jpg,0.20850103,0.60237944,0.18911955
khanhha_original::Rissbilder_for_Florian_9S6A2916_1381_1379_2811_2259.jpg,0.08000212,0.8228977,0.09710016
khanhha_original::Rissbilder_for_Florian_9S6A2916_1475_441_4120_3342.jpg,0.061830338,0.8936201,0.044549633
khanhha_original::Rissbilder_for_Florian_9S6A2916_2449_405_2485_3276.jpg,0.16377404,0.73010534,0.10612062
khanhha_original::Rissbilder_for_Florian_9S6A2916_26_880_2781_2363.jpg,0.07183025,0.66260374,0.265566
khanhha_original::Rissbilder_for_Florian_9S6A2916_361_66_3733_3710.jpg,0.15872203,0.7245069,0.11677104
khanhha_original::Rissbilder_for_Florian_9S6A3089_0_0_3840_5760.jpg,0.21714453,0.5718959,0.21095957
khanhha_original::Rissbilder_for_Florian_9S6A3089_369_1679_3470_3717.jpg,0.10278751,0.8136967,0.08351581
khanhha_original::Rissbilder_for_Florian_9S6A3094_17_1195_3751_3661.jpg,0.27427772,0.5795677,0.14615463
khanhha_original::Rissbilder_for_Florian_9S6A3094_504_2131_3084_3443.jpg,0.1502574,0.71626896,0.1334736
khanhha_original::Rissbilder_for_Florian_9S6A3094_596_1754_2681_3046.jpg,0.17275251,0.68250906,0.14473848
khanhha_original::Rissbilder_for_Florian_9S6A3099_120_26_3496_4484.jpg,0.032827042,0.9306228,0.03655014
khanhha_original::Rissbilder_for_Florian_9S6A3099_12_492_3822_3921.jpg,0.028279629,0.9433579,0.028362425
khanhha_original::Rissbilder_for_Florian_9S6A3099_441_1535_3289_4016.jpg,0.06671914,0.8400876,0.09319332
khanhha_original::Rissbilder_for_Florian_9S6A3099_86_2659_2827_2257.jpg,0.15444145,0.73306084,0.112497695
khanhha_original::Rissbilder_for_Florian_9S6A3100_374_2397_2891_2543.jpg,0.09888072,0.8088629,0.092256315
khanhha_original::Rissbilder_for_Florian_9S6A3100_62_648_2874_2646.jpg,0.059343297,0.87903726,0.0616194
khanhha_original::Rissbilder_for_Florian_9S6A3100_765_387_2677_2632.jpg,0.05411361,0.90688723,0.038999178
khanhha_original::Rissbilder_for_Florian_9S6A3102_100_448_3704_4115.jpg,0.09442305,0.64538985,0.26018715
khanhha_original::Rissbilder_for_Florian_9S6A3105_186_619_3616_4246.jpg,0.07461675,0.6272392,0.29814395
khanhha_original::Rissbilder_for_Florian_9S6A3105_871_2904_2401_2180.jpg,0.090381846,0.46735266,0.44226554
khanhha_original::Rissbilder_for_Florian_9S6A3105_95_40_3736_3924.jpg,0.047160696,0.65839034,0.29444903
khanhha_original::Rissbilder_for_Florian_9S6A3115_1009_154_4329_3598.jpg,0.1273626,0.72345924,0.14917816
khanhha_original::Rissbilder_for_Florian_9S6A3115_1837_674_2470_3120.jpg,0.14757134,0.57942885,0.27299976
khanhha_original::Rissbilder_for_Florian_9S6A3115_1867_748_3166_2919.jpg,0.1521391,0.7077744,0.14008649
khanhha_original::Rissbilder_for_Florian_9S6A3122_155_390_2741_3264.jpg,0.07290692,0.77458245,0.15251061
khanhha_original::Rissbilder_for_Florian_9S6A3122_463_1629_3085_3858.jpg,0.029936451,0.850334,0.119729616
khanhha_original::Rissbilder_for_Florian_9S6A3124_1300_898_2343_2899.jpg,0.018547077,0.87682027,0.104632646
khanhha_original::Rissbilder_for_Florian_9S6A3124_465_2434_3240_3146.jpg,0.050746944,0.8288586,0.1203944
khanhha_original::Rissbilder_for_Florian_9S6A3126_162_642_3629_3769.jpg,0.101756774,0.7869884,0.1112549
khanhha_original::Rissbilder_for_Florian_9S6A3126_206_1216_3376_3686.jpg,0.09048755,0.7833114,0.12620102
khanhha_original::Rissbilder_for_Florian_9S6A3126_264_1533_3180_4043.jpg,0.13317682,0.7571247,0.109698534
khanhha_original::Rissbilder_for_Florian_9S6A3126_429_167_3310_4297.jpg,0.07615363,0.80756533,0.11628111
khanhha_original::Rissbilder_for_Florian_9S6A3129_141_412_2185_2751.jpg,0.14185275,0.75983787,0.09830932
khanhha_original::Rissbilder_for_Florian_9S6A3129_78_688_3494_3199.jpg,0.1212221,0.77834004,0.10043783
khanhha_original::Rissbilder_for_Florian_9S6A3129_882_707_2680_2479.jpg,0.13023952,0.75863516,0.11112534
khanhha_original::Rissbilder_for_Florian_9S6A3132_2349_1232_2560_2243.jpg,0.13097355,0.6861336,0.18289283
khanhha_original::Rissbilder_for_Florian_9S6A3132_2998_275_2346_3000.jpg,0.04835716,0.8421431,0.10949966
khanhha_original::Sylvie_Chambon_058.jpg,0.24191846,0.58155227,0.17652926
khanhha_original::Sylvie_Chambon_062.jpg,0.50855184,0.30420038,0.18724783
khanhha_original::Sylvie_Chambon_068.jpg,0.18039146,0.7149774,0.10463114
khanhha_original::Sylvie_Chambon_089.jpg,0.17506018,0.58575016,0.23918962
khanhha_original::Sylvie_Chambon_206.jpg,0.34615073,0.19734801,0.45650128
khanhha_original::Sylvie_Chambon_207.jpg,0.07040997,0.7596264,0.16996366
khanhha_original::Sylvie_Chambon_306.jpg,0.18789099,0.63153094,0.18057804
khanhha_original::Volker_DSC01608_969_117_1674_1684.jpg,0.06745801,0.36063316,0.57190883
khanhha_original::Volker_DSC01610_123_687_1549_1614.jpg,0.12553866,0.58192426,0.29253715
khanhha_original::Volker_DSC01610_142_1014_1353_1352.jpg,0.107516184,0.47345856,0.4190252
khanhha_original::Volker_DSC01610_303_207_1284_1603.jpg,0.18216977,0.5861263,0.2317039
khanhha_original::Volker_DSC01628_0_0_1824_2736.jpg,0.25257087,0.4190694,0.32835978
khanhha_original::Volker_DSC01628_628_1158_1128_1084.jpg,0.15368156,0.3233745,0.5229439
khanhha_original::Volker_DSC01636_1084_9_1476_1810.jpg,0.17875162,0.22616452,0.5950839
khanhha_original::Volker_DSC01659_516_815_948_1199.jpg,0.24024291,0.12798467,0.6317724
khanhha_original::Volker_DSC01665_11_415_1778_1890.jpg,0.07444195,0.3582203,0.56733775
khanhha_original::Volker_DSC01665_74_990_1563_1266.jpg,0.07330917,0.2556277,0.6710632
khanhha_original::Volker_DSC01673_0_0_1824_2736.jpg,0.055669606,0.4108538,0.5334766
khanhha_original::Volker_DSC01677_185_223_1446_1163.jpg,0.068702,0.71358556,0.21771249
khanhha_original::Volker_DSC01677_26_956_1697_1698.jpg,0.01923696,0.84910166,0.13166149
khanhha_original::Volker_DSC01677_40_7_1782_1399.jpg,0.0343352,0.805919,0.15974583
khanhha_original::Volker_DSC01687_13_413_1695_1782.jpg,0.055505093,0.33470097,0.6097939
khanhha_original::Volker_DSC01687_256_1075_1494_1234.jpg,0.056529075,0.3527529,0.5907181
khanhha_original::Volker_DSC01688_29_115_1785_2096.jpg,0.057596024,0.18266621,0.75973773
khanhha_original::Volker_DSC01688_89_1104_1613_1250.jpg,0.054100312,0.24391527,0.7019844
khanhha_original::Volker_DSC01696_0_0_2736_1824.jpg,0.043620396,0.6679297,0.28844985
khanhha_original::Volker_DSC01705_103_1212_1149_941.jpg,0.55061543,0.122022435,0.32736212
khanhha_original::Volker_DSC01705_286_514_1483_1229.jpg,0.48011446,0.19239962,0.3274859
khanhha_original::Volker_DSC01705_35_261_1646_1312.jpg,0.40884808,0.23283018,0.35832176
khanhha_original::Volker_DSC01705_493_958_1260_1668.jpg,0.12414829,0.27659005,0.59926164
khanhha_original::Volker_DSC01706_613_680_974_1043.jpg,0.5885736,0.12755041,0.28387606
khanhha_original::Volker_DSC01709_269_118_1281_1314.jpg,0.093096524,0.33406672,0.57283676
khanhha_original::Volker_DSC01709_71_801_1387_1771.jpg,0.23811848,0.23753053,0.524351
khanhha_original::cracktree200_6281.jpg,0.26867312,0.28967637,0.4416505
khanhha_original::cracktree200_6327.jpg,0.12686893,0.45164523,0.42148584
khanhha_original::cracktree200_6329.jpg,0.14880653,0.49337214,0.35782135
khanhha_original::cracktree200_6330.jpg,0.088782735,0.4284278,0.48278946
khanhha_original::cracktree200_6340.jpg,0.43325773,0.36223903,0.20450325
khanhha_original::cracktree200_6623.jpg,0.18837552,0.26431805,0.5473064
khanhha_original::cracktree200_6658.jpg,0.24871628,0.21774727,0.53353643
khanhha_original::forest_003.jpg,0.345175,0.1570776,0.49774736
khanhha_original::forest_069.jpg,0.25029948,0.5145207,0.23517983
khanhha_original::forest_076.jpg,0.35200906,0.41632342,0.23166746
khanhha_original::forest_098.jpg,0.348691,0.40185344,0.24945562
khanhha_original::forest_109.jpg,0.23984884,0.39747822,0.3626729
khanhha_original::noncrack_noncrack_concrete_wall_12_3.jpg.jpg,0.017736275,0.9602375,0.022026166
khanhha_original::noncrack_noncrack_concrete_wall_12_9.jpg.jpg,0.3097335,0.47206706,0.21819942
khanhha_original::noncrack_noncrack_concrete_wall_14_11.jpg.jpg,0.0135775395,0.979282,0.0071405345
khanhha_original::noncrack_noncrack_concrete_wall_14_25.jpg.jpg,0.0125111835,0.97447145,0.013017323
khanhha_original::noncrack_noncrack_concrete_wall_21_0.jpg.jpg,0.04941145,0.8551814,0.09540707
khanhha_original::noncrack_noncrack_concrete_wall_31_0.jpg.jpg,0.0016077043,0.9940678,0.0043244804
khanhha_original::noncrack_noncrack_concrete_wall_31_4.jpg.jpg,0.007187967,0.98233354,0.010478538
khanhha_original::noncrack_noncrack_concrete_wall_34_0.jpg.jpg,0.036087714,0.9524609,0.011451395
khanhha_original::noncrack_noncrack_concrete_wall_39_9.jpg.jpg,0.011464985,0.95983946,0.028695628
khanhha_original::noncrack_noncrack_concrete_wall_40_0.jpg.jpg,0.0029162096,0.96191853,0.03516533
khanhha_original::noncrack_noncrack_concrete_wall_40_5.jpg.jpg,0.006935983,0.8937205,0.09934352
khanhha_original::noncrack_noncrack_concrete_wall_45_13.jpg.jpg,0.018692063,0.8478263,0.13348164
khanhha_original::noncrack_noncrack_concrete_wall_45_4.jpg.jpg,0.018692063,0.8478263,0.13348164
khanhha_original::noncrack_noncrack_concrete_wall_45_5.jpg.jpg,0.018692063,0.8478263,0.13348164
khanhha_original::noncrack_noncrack_concrete_wall_54_24.jpg.jpg,0.046551738,0.94639206,0.00705626
khanhha_original::noncrack_noncrack_concrete_wall_54_27.jpg.jpg,0.041233487,0.9231002,0.03566637
khanhha_original::noncrack_noncrack_concrete_wall_54_28.jpg.jpg,0.07395549,0.9167515,0.009292924
khanhha_original::noncrack_noncrack_concrete_wall_54_31.jpg.jpg,0.076953836,0.9044893,0.018556852
khanhha_original::noncrack_noncrack_concrete_wall_54_33.jpg.jpg,0.034511793,0.95572627,0.009762037
khanhha_original::noncrack_noncrack_concrete_wall_54_36.jpg.jpg,0.043647926,0.9494039,0.006948239
khanhha_original::noncrack_noncrack_concrete_wall_54_4.jpg.jpg,0.046814434,0.94568396,0.0075017144
khanhha_original::noncrack_noncrack_concrete_wall_54_40.jpg.jpg,0.092225514,0.8872211,0.020553432
khanhha_original::noncrack_noncrack_concrete_wall_54_44.jpg.jpg,0.041532528,0.9488024,0.009664991
khanhha_original::noncrack_noncrack_concrete_wall_54_48.jpg.jpg,0.07550751,0.91487134,0.009621151
khanhha_original::noncrack_noncrack_concrete_wall_54_53.jpg.jpg,0.056781463,0.9317376,0.011480915
khanhha_original::noncrack_noncrack_concrete_wall_54_54.jpg.jpg,0.055500798,0.9347314,0.0097677745
khanhha_original::noncrack_noncrack_concrete_wall_54_57.jpg.jpg,0.12623619,0.8564097,0.017354123
khanhha_original::noncrack_noncrack_concrete_wall_54_72.jpg.jpg,0.042213075,0.9467674,0.011019539
khanhha_original::noncrack_noncrack_concrete_wall_5_10.jpg.jpg,0.0017482361,0.9905849,0.0076668034
khanhha_original::noncrack_noncrack_concrete_wall_63_1.jpg.jpg,0.0031995433,0.98000187,0.01679868
khanhha_original::noncrack_noncrack_concrete_wall_67_1.jpg.jpg,0.057119265,0.6324572,0.31042358
khanhha_original::noncrack_noncrack_concrete_wall_67_2.jpg.jpg,0.047584847,0.6879108,0.26450437
khanhha_original::noncrack_noncrack_concrete_wall_6_0.jpg.jpg,0.00171509,0.994193,0.0040918617
khanhha_original::noncrack_noncrack_concrete_wall_70_3.jpg.jpg,0.06244008,0.19997786,0.7375821
khanhha_original::noncrack_noncrack_concrete_wall_73_1.jpg.jpg,0.06554457,0.6349223,0.2995331
khanhha_original::noncrack_noncrack_concrete_wall_73_2.jpg.jpg,0.06554457,0.6349223,0.2995331
khanhha_original::noncrack_noncrack_concrete_wall_73_4.jpg.jpg,0.054213256,0.66598046,0.27980623
khanhha_original::noncrack_noncrack_concrete_wall_75_0.jpg.jpg,0.0013114557,0.99132526,0.007363201
khanhha_original::noncrack_noncrack_concrete_wall_75_18.jpg.jpg,0.00066934526,0.99301237,0.006318333
khanhha_original::noncrack_noncrack_concrete_wall_75_24.jpg.jpg,0.0010451329,0.9909059,0.008048912
khanhha_original::noncrack_noncrack_concrete_wall_76_1.jpg.jpg,0.083531536,0.8808647,0.03560375
khanhha_original::noncrack_noncrack_concrete_wall_76_22.jpg.jpg,0.04562873,0.92959887,0.024772456
khanhha_original::noncrack_noncrack_concrete_wall_76_30.jpg.jpg,0.11444606,0.8346914,0.05086249
khanhha_original::noncrack_noncrack_concrete_wall_76_36.jpg.jpg,0.06275977,0.9023739,0.034866262
khanhha_original::noncrack_noncrack_concrete_wall_76_38.jpg.jpg,0.1386299,0.82214695,0.03922311
khanhha_original::noncrack_noncrack_concrete_wall_76_49.jpg.jpg,0.14022224,0.8122194,0.04755845
khanhha_original::noncrack_noncrack_concrete_wall_76_5.jpg.jpg,0.13071871,0.81351745,0.0557638
khanhha_original::noncrack_noncrack_concrete_wall_76_62.jpg.jpg,0.07380033,0.90041536,0.025784314
khanhha_original::noncrack_noncrack_concrete_wall_89_0.jpg.jpg,0.0015692208,0.99060315,0.007827637
khanhha_original::noncrack_noncrack_concrete_wall_89_1.jpg.jpg,0.002262703,0.9902389,0.007498426
khanhha_original::noncrack_noncrack_concrete_wall_91_1.jpg.jpg,0.02291592,0.93480885,0.04227529
khanhha_noisy1::CFD_007.jpg,0.21497424,0.3088105,0.47621527
khanhha_noisy1::CFD_013.jpg,0.3819597,0.25824663,0.35979372
khanhha_noisy1::CFD_014.jpg,0.21024045,0.17199747,0.617762
khanhha_noisy1::CFD_047.jpg,0.6092592,0.082838915,0.30790186
khanhha_noisy1::CFD_082.jpg,0.3923964,0.13868289,0.46892077
khanhha_noisy1::CRACK500_20160222_081111_641_361.jpg,0.47994202,0.16780223,0.3522557
khanhha_noisy1::CRACK500_20160222_081113_1921_721.jpg,0.67243505,0.12870233,0.19886266
khanhha_noisy1::CRACK500_20160222_115305_1281_1081.jpg,0.19533582,0.21089894,0.5937652
khanhha_noisy1::CRACK500_20160222_115305_1921_361.jpg,0.24504764,0.16349156,0.59146076
khanhha_noisy1::CRACK500_20160222_115305_641_1.jpg,0.26271564,0.25480685,0.48247746
khanhha_noisy1::CRACK500_20160222_115305_641_721.jpg,0.3277778,0.2093099,0.46291232
khanhha_noisy1::CRACK500_20160222_115828_641_1.jpg,0.41747072,0.24541189,0.33711743
khanhha_noisy1::CRACK500_20160222_164825_641_721.jpg,0.2608844,0.32890385,0.4102117
khanhha_noisy1::CRACK500_20160222_164851_641_1081.jpg,0.4312523,0.12093222,0.44781545
khanhha_noisy1::CRACK500_20160222_165218_641_1.jpg,0.48128372,0.21095298,0.30776334
khanhha_noisy1::CRACK500_20160222_165909_1281_1081.jpg,0.37572291,0.3060207,0.31825635
khanhha_noisy1::CRACK500_20160222_165926_1281_721.jpg,0.31425458,0.2798257,0.40591973
khanhha_noisy1::CRACK500_20160222_165947_1921_721.jpg,0.37233865,0.3620114,0.26565
khanhha_noisy1::CRACK500_20160302_155848_1281_361.jpg,0.27645963,0.18498039,0.53856
khanhha_noisy1::CRACK500_20160302_155848_1921_361.jpg,0.28830898,0.1077861,0.6039049
khanhha_noisy1::CRACK500_20160302_155848_641_721.jpg,0.2260664,0.2383398,0.5355938
khanhha_noisy1::CRACK500_20160302_160033_641_361.jpg,0.27192453,0.19945718,0.52861834
khanhha_noisy1::CRACK500_20160303_092627_641_721.jpg,0.26885313,0.26581743,0.46532947
khanhha_noisy1::CRACK500_20160303_093400_641_1.jpg,0.23067477,0.37959614,0.38972908
khanhha_noisy1::CRACK500_20160303_093400_641_721.jpg,0.3357537,0.3412456,0.32300073
khanhha_noisy1::CRACK500_20160307_145259_1921_721.jpg,0.30901313,0.14029162,0.55069524
khanhha_noisy1::CRACK500_20160307_145259_1_361.jpg,0.082286224,0.2874132,0.6303005
khanhha_noisy1::CRACK500_20160307_164214_1281_1081.jpg,0.19526342,0.35623968,0.44849685
khanhha_noisy1::CRACK500_20160307_164214_1_721.jpg,0.34490052,0.45079228,0.20430721
khanhha_noisy1::CRACK500_20160307_164226_1921_721.jpg,0.34169188,0.36454028,0.29376787
khanhha_noisy1::CRACK500_20160307_164226_1_721.jpg,0.5025631,0.20171547,0.29572135
khanhha_noisy1::CRACK500_20160307_164226_641_721.jpg,0.41109586,0.3563816,0.23252256
khanhha_noisy1::CRACK500_20160308_073245_1_361.jpg,0.20651327,0.3570548,0.43643194
khanhha_noisy1::CRACK500_20160308_073245_641_1.jpg,0.35043624,0.15348062,0.4960832
khanhha_noisy1::CRACK500_20160308_074702_1281_361.jpg,0.2527369,0.1963619,0.55090123
khanhha_noisy1::CRACK500_20160308_074702_1921_361.jpg,0.42108247,0.09466871,0.48424873
khanhha_noisy1::CRACK500_20160308_074702_641_721.jpg,0.23438956,0.07430141,0.69130903
khanhha_noisy1::CRACK500_20160308_155720_1281_361.jpg,0.35950986,0.2617516,0.37873858
khanhha_noisy1::CRACK500_20160308_155720_1_1.jpg,0.22519536,0.3123548,0.4624498
khanhha_noisy1::CRACK500_20160308_155720_641_721.jpg,0.16138636,0.5516765,0.28693712
khanhha_noisy1::CRACK500_20160308_155731_1281_1.jpg,0.112086006,0.21562782,0.67228615
khanhha_noisy1::CRACK500_20160308_155731_641_1081.jpg,0.23483063,0.12155134,0.643618
khanhha_noisy1::CRACK500_20160310_114441_641_1.jpg,0.24539408,0.13584511,0.61876076
khanhha_noisy1::CRACK500_20160310_114441_641_1081.jpg,0.22953235,0.17431249,0.5961551
khanhha_noisy1::CRACK500_20160316_141721_1_721.jpg,0.31172773,0.34570986,0.34256244
khanhha_noisy1::CRACK500_20160316_141721_641_721.jpg,0.18106174,0.4288251,0.39011317
khanhha_noisy1::CRACK500_20160316_142539_1_721.jpg,0.37766907,0.23865037,0.38368058
khanhha_noisy1::CRACK500_20160316_143603_1921_361.jpg,0.4050926,0.0907084,0.504199
khanhha_noisy1::CRACK500_20160316_143624_1_641.jpg,0.24567465,0.1530353,0.60129005
khanhha_noisy1::CRACK500_20160316_144212_1921_721.jpg,0.2105189,0.4075232,0.3819579
khanhha_noisy1::CRACK500_20160316_144212_641_721.jpg,0.3692931,0.35415632,0.27655062
khanhha_noisy1::CRACK500_20160316_144241_641_361.jpg,0.20387302,0.2121555,0.58397144
khanhha_noisy1::CRACK500_20160321_185518_1921_721.jpg,0.17342432,0.16427645,0.6622992
khanhha_noisy1::CRACK500_20160321_185518_1_721.jpg,0.29696688,0.09212027,0.61091286
khanhha_noisy1::CRACK500_20160325_185829_641_361.jpg,0.7172231,0.08693481,0.19584212
khanhha_noisy1::CRACK500_20160326_174634_1921_361.jpg,0.28905654,0.29869708,0.41224644
khanhha_noisy1::CRACK500_20160326_174634_641_721.jpg,0.22352378,0.2980552,0.47842106
khanhha_noisy1::CRACK500_20160328_150927_1281_721.jpg,0.5085631,0.20756766,0.28386927
khanhha_noisy1::CRACK500_20160328_150933_1921_361.jpg,0.43701866,0.18407121,0.37891006
khanhha_noisy1::CRACK500_20160328_151020_641_721.jpg,0.46162713,0.16509612,0.3732767
khanhha_noisy1::CRACK500_20160328_151201_1281_721.jpg,0.24235041,0.39099202,0.36665758
khanhha_noisy1::CRACK500_20160328_151201_1_1.jpg,0.17646249,0.4379688,0.3855687
khanhha_noisy1::CRACK500_20160328_151409_1921_1081.jpg,0.33696073,0.30147552,0.3615637
khanhha_noisy1::CRACK500_20160328_152322_1281_721.jpg,0.35024893,0.27091184,0.37883928
khanhha_noisy1::CRACK500_20160328_152322_1_721.jpg,0.36822885,0.22089614,0.410875
khanhha_noisy1::CRACK500_20160328_152511_1921_721.jpg,0.10765355,0.37575224,0.5165942
khanhha_noisy1::CRACK500_20160328_153524_641_361.jpg,0.06834669,0.4205189,0.5111344
khanhha_noisy1::CRACK500_20160328_153604_1_361.jpg,0.1838309,0.32268378,0.49348533
khanhha_noisy1::CRACK500_20160328_153604_641_1.jpg,0.10051688,0.26632717,0.63315594
khanhha_noisy1::CRACK500_20160328_153604_641_721.jpg,0.11694094,0.30503055,0.57802856
khanhha_noisy1::CRACK500_20160328_153706_1281_1.jpg,0.17585199,0.42362684,0.4005212
khanhha_noisy1::CRACK500_20160328_153706_1281_1081.jpg,0.13809419,0.44787696,0.41402882
khanhha_noisy1::CRACK500_20160328_153706_1921_1.jpg,0.23850043,0.23285645,0.52864313
khanhha_noisy1::CRACK500_20160328_153915_1921_721.jpg,0.11096156,0.3120323,0.5770061
khanhha_noisy1::CRACK500_20160328_154159_1921_1081.jpg,0.2662645,0.1444506,0.5892849
khanhha_noisy1::CRACK500_20160328_154159_1_361.jpg,0.1834747,0.40184838,0.4146769
khanhha_noisy1::CRACK500_20160328_154429_641_721.jpg,0.3536541,0.23523466,0.41111124
khanhha_noisy1::CRACK500_20160328_154454_1_721.jpg,0.19063845,0.272445,0.53691655
khanhha_noisy1::CRACK500_20160328_154454_721_1.jpg,0.16053943,0.2501545,0.5893061
khanhha_noisy1::CRACK500_20160329_094055_1_721.jpg,0.4975492,0.104903564,0.39754722
khanhha_noisy1::CRACK500_20160329_103609_1281_721.jpg,0.11058095,0.44491732,0.44450173
khanhha_noisy1::CRACK500_20160329_103609_1921_721.jpg,0.20551321,0.08710071,0.7073861
khanhha_noisy1::CRACK500_20160329_103609_1_721.jpg,0.21566723,0.16083863,0.6234941
khanhha_noisy1::CRACK500_20160329_103609_641_361.jpg,0.25784117,0.15126202,0.59089684
khanhha_noisy1::CRACK500_20160329_104205_1921_361.jpg,0.12665698,0.20022714,0.67311585
khanhha_noisy1::CRACK500_20160329_115529_1_721.jpg,0.17038976,0.33073545,0.4988748
khanhha_noisy1::CRACK500_20160330_165325_1921_361.jpg,0.28236145,0.14530694,0.5723316
khanhha_noisy1::CRACK500_20160330_165325_1921_721.jpg,0.30231795,0.20485184,0.49283028
khanhha_noisy1::CRACK500_20160330_165325_1_721.jpg,0.295591,0.14561705,0.558792
khanhha_noisy1::CRACK500_20160330_165333_1921_1081.jpg,0.24851386,0.2648611,0.48662505
khanhha_noisy1::CRACK500_20160330_165333_1_721.jpg,0.42857486,0.07993899,0.4914861
khanhha_noisy1::CRACK500_20160330_170308_1281_361.jpg,0.4181562,0.1762277,0.40561604
khanhha_noisy1::CRACK500_20160330_170308_1921_1081.jpg,0.3758625,0.09369775,0.53043973
khanhha_noisy1::CRACK500_20160330_170308_1921_361.jpg,0.30096528,0.065730534,0.6333042
khanhha_noisy1::CRACK500_20160330_170308_1921_721.jpg,0.3004073,0.10911067,0.59048206
khanhha_noisy1::CRACK500_20160402_150300_1281_721.jpg,0.21313797,0.3085425,0.4783196
khanhha_noisy1::CRACK500_20160405_171219_1281_721.jpg,0.33773097,0.112518325,0.5497507
khanhha_noisy1::CRACK500_20160405_171219_641_721.jpg,0.46741745,0.2458698,0.28671277
khanhha_noisy1::CRACK500_20160405_171456_1_361.jpg,0.22458516,0.13581024,0.6396046
khanhha_noisy1::CRACK500_20160405_172854_1921_1.jpg,0.27694562,0.18516994,0.5378844
khanhha_noisy1::CRACK500_IMG_2937_1297_969.jpg,0.16736102,0.48289874,0.3497403
khanhha_noisy1::CRACK500_IMG_2938_1297_969.jpg,0.110758066,0.2110345,0.67820746
khanhha_noisy1::DeepCrack_11114.jpg,0.26121473,0.10908418,0.6297011
khanhha_noisy1::DeepCrack_11118.jpg,0.10218922,0.06409925,0.83371156
khanhha_noisy1::DeepCrack_11134-3.jpg,0.13710177,0.06579269,0.79710555
khanhha_noisy1::DeepCrack_11134-4.jpg,0.24922852,0.12207422,0.6286972
khanhha_noisy1::DeepCrack_11134.jpg,0.122716494,0.39196464,0.4853189
khanhha_noisy1::DeepCrack_11153.jpg,0.22395886,0.07361281,0.70242834
khanhha_noisy1::DeepCrack_11164-2.jpg,0.22167139,0.35253593,0.42579272
khanhha_noisy1::DeepCrack_11164-4.jpg,0.22425532,0.31931815,0.4564265
khanhha_noisy1::DeepCrack_11178-3.jpg,0.27877444,0.26545885,0.45576677
khanhha_noisy1::DeepCrack_11204.jpg,0.10309991,0.0919597,0.80494034
khanhha_noisy1::DeepCrack_7Q3A9060-3.jpg,0.43683594,0.10093131,0.46223274
khanhha_noisy1::DeepCrack_7Q3A9060-9.jpg,0.44525588,0.18708344,0.36766067
khanhha_noisy1::DeepCrack_IMG109-1.jpg,0.17058615,0.028183991,0.80122983
khanhha_noisy1::DeepCrack_IMG14-1.jpg,0.17049369,0.27486798,0.5546384
khanhha_noisy1::DeepCrack_IMG14-3.jpg,0.3987701,0.18539113,0.41583875
khanhha_noisy1::Eugen_Muller_8980_79_365_456_521.jpg,0.24219997,0.053492494,0.7043075
khanhha_noisy1::Eugen_Muller_8980a_123_420_527_438.jpg,0.07039538,0.069258444,0.86034614
khanhha_noisy1::Eugen_Muller_8980a_25_22_747_752.jpg,0.5786208,0.14140305,0.2799761
khanhha_noisy1::GAPS384_train_0503_541_1.jpg,0.6664766,0.1682036,0.16531974
khanhha_noisy1::GAPS384_train_0533_541_1.jpg,0.48866004,0.26286942,0.24847054
khanhha_noisy1::GAPS384_train_0559_541_641.jpg,0.5414437,0.13614742,0.3224089
khanhha_noisy1::GAPS384_train_0599_1_1.jpg,0.048479173,0.8387849,0.112735875
khanhha_noisy1::GAPS384_train_0608_1_1.jpg,0.6416414,0.121378876,0.23697971
khanhha_noisy1::GAPS384_train_0641_1_1.jpg,0.3952574,0.22726719,0.3774754
khanhha_noisy1::GAPS384_train_0641_541_641.jpg,0.3481202,0.37592956,0.27595025
khanhha_noisy1::GAPS384_train_0690_541_1.jpg,0.55763346,0.19782132,0.24454525
khanhha_noisy1::GAPS384_train_0961_1_1.jpg,0.5194434,0.16579416,0.31476247
khanhha_noisy1::GAPS384_train_1048_1_1.jpg,0.69923306,0.17319429,0.12757266
khanhha_noisy1::GAPS384_train_1048_541_1.jpg,0.6353592,0.13890402,0.22573672
khanhha_noisy1::GAPS384_train_1085_541_1.jpg,0.55969954,0.13598002,0.30432042
khanhha_noisy1::GAPS384_train_1172_541_641.jpg,0.36029476,0.1778766,0.46182868
khanhha_noisy1::GAPS384_train_1173_541_1.jpg,0.4684128,0.15685609,0.37473106
khanhha_noisy1::GAPS384_train_1173_541_641.jpg,0.46262848,0.16169728,0.37567422
khanhha_noisy1::GAPS384_train_1187_1_1.jpg,0.49577892,0.3717154,0.13250571
khanhha_noisy1::GAPS384_train_1361_541_641.jpg,0.27320117,0.029236807,0.69756204
khanhha_noisy1::GAPS384_train_1370_541_641.jpg,0.5385876,0.10762397,0.35378847
khanhha_noisy1::Rissbilder_for_Florian_9S6A2783_485_963_3019_3865.jpg,0.6740184,0.13187005,0.19411156
khanhha_noisy1::Rissbilder_for_Florian_9S6A2783_510_849_2889_2880.jpg,0.5305097,0.29252774,0.17696258
khanhha_noisy1::Rissbilder_for_Florian_9S6A2783_555_1445_2892_3793.jpg,0.6876674,0.12524687,0.18708566
khanhha_noisy1::Rissbilder_for_Florian_9S6A2783_96_1214_3516_4173.jpg,0.7326024,0.12618114,0.14121644
khanhha_noisy1::Rissbilder_for_Florian_9S6A2787_1034_2113_2702_3383.jpg,0.45872515,0.38021415,0.16106063
khanhha_noisy1::Rissbilder_for_Florian_9S6A2787_114_2564_2503_2920.jpg,0.5278516,0.34207636,0.13007207
khanhha_noisy1::Rissbilder_for_Florian_9S6A2787_1217_749_2520_2686.jpg,0.56531495,0.3127424,0.121942595
khanhha_noisy1::Rissbilder_for_Florian_9S6A2787_1287_2060_2196_2885.jpg,0.5150987,0.35522348,0.1296778
khanhha_noisy1::Rissbilder_for_Florian_9S6A2787_38_553_3789_4026.jpg,0.37015906,0.49959007,0.1302509
khanhha_noisy1::Rissbilder_for_Florian_9S6A2787_469_792_2677_2506.jpg,0.5788695,0.2530053,0.16812515
khanhha_noisy1::Rissbilder_for_Florian_9S6A2789_29_2188_3523_3363.jpg,0.5857786,0.23550619,0.17871518
khanhha_noisy1::Rissbilder_for_Florian_9S6A2789_79_2844_3130_2630.jpg,0.5994947,0.22102852,0.17947674
khanhha_noisy1::Rissbilder_for_Florian_9S6A2795_244_2755_3348_2948.jpg,0.40304103,0.42638838,0.17057058
khanhha_noisy1::Rissbilder_for_Florian_9S6A2795_345_1636_2968_2382.jpg,0.49904132,0.2530348,0.24792391
khanhha_noisy1::Rissbilder_for_Florian_9S6A2795_726_782_2478_3159.jpg,0.522395,0.17439821,0.3032067
khanhha_noisy1::Rissbilder_for_Florian_9S6A2799_133_2058_3555_3079.jpg,0.21641357,0.518124,0.26546246
khanhha_noisy1::Rissbilder_for_Florian_9S6A2799_275_471_3176_4152.jpg,0.24213628,0.6126004,0.14526337
khanhha_noisy1::Rissbilder_for_Florian_9S6A2799_288_786_3196_3304.jpg,0.20745622,0.700585,0.09195884
khanhha_noisy1::Rissbilder_for_Florian_9S6A2804_118_1818_2606_2570.jpg,0.38279134,0.21556519,0.40164346
khanhha_noisy1::Rissbilder_for_Florian_9S6A2805_1632_240_3224_2475.jpg,0.6394826,0.24331605,0.117201366
khanhha_noisy1::Rissbilder_for_Florian_9S6A2805_3150_203_1998_2621.jpg,0.6194718,0.18528453,0.19524366
khanhha_noisy1::Rissbilder_for_Florian_9S6A2805_565_1400_2938_2247.jpg,0.4921954,0.3668943,0.1409104
khanhha_noisy1::Rissbilder_for_Florian_9S6A2806_1082_397_4233_3223.jpg,0.554262,0.1563285,0.28940952
khanhha_noisy1::Rissbilder_for_Florian_9S6A2806_3363_1303_2009_2459.jpg,0.5574493,0.13189079,0.3106599
khanhha_noisy1::Rissbilder_for_Florian_9S6A2806_368_348_2093_2759.jpg,0.6154605,0.20304202,0.18149741
khanhha_noisy1::Rissbilder_for_Florian_9S6A2817_266_1535_2877_3827.jpg,0.64524734,0.2793566,0.07539611
khanhha_noisy1::Rissbilder_for_Florian_9S6A2817_362_2779_2835_2376.jpg,0.514572,0.34933114,0.13609679
khanhha_noisy1::Rissbilder_for_Florian_9S6A2817_378_2811_2792_2576.jpg,0.535109,0.32736856,0.13752246
khanhha_noisy1::Rissbilder_for_Florian_9S6A2817_515_925_2769_3395.jpg,0.68506306,0.2290173,0.08591967
khanhha_noisy1::Rissbilder_for_Florian_9S6A2817_67_221_2558_2411.jpg,0.10534114,0.83934915,0.055309728
khanhha_noisy1::Rissbilder_for_Florian_9S6A2820_304_486_3141_3670.jpg,0.27548718,0.3995962,0.32491663
khanhha_noisy1::Rissbilder_for_Florian_9S6A2820_366_660_2637_3456.jpg,0.18195395,0.40416652,0.41387954
khanhha_noisy1::Rissbilder_for_Florian_9S6A2831_130_3142_3148_2567.jpg,0.20127738,0.68648785,0.11223472
khanhha_noisy1::Rissbilder_for_Florian_9S6A2831_1392_523_2363_2146.jpg,0.3984451,0.36959317,0.23196171
khanhha_noisy1::Rissbilder_for_Florian_9S6A2831_14_1354_3612_3768.jpg,0.43906334,0.41539547,0.14554119
khanhha_noisy1::Rissbilder_for_Florian_9S6A2831_183_1551_2640_2168.jpg,0.3323925,0.39103487,0.27657267
khanhha_noisy1::Rissbilder_for_Florian_9S6A2831_237_201_3399_4522.jpg,0.4812442,0.36635923,0.15239665
khanhha_noisy1::Rissbilder_for_Florian_9S6A2831_277_1810_3479_3118.jpg,0.24387828,0.5730245,0.1830972
khanhha_noisy1::Rissbilder_for_Florian_9S6A2831_343_1804_2873_2254.jpg,0.31478748,0.48064,0.20457256
khanhha_noisy1::Rissbilder_for_Florian_9S6A2832_1234_336_2375_2845.jpg,0.2945727,0.40755424,0.29787308
khanhha_noisy1::Rissbilder_for_Florian_9S6A2832_185_2346_3101_2742.jpg,0.56631523,0.21261215,0.22107264
khanhha_noisy1::Rissbilder_for_Florian_9S6A2832_375_1408_3366_3866.jpg,0.3805201,0.4098041,0.20967586
khanhha_noisy1::Rissbilder_for_Florian_9S6A2841_19_570_3460_3784.jpg,0.40561855,0.20692474,0.38745672
khanhha_noisy1::Rissbilder_for_Florian_9S6A2841_217_2299_3214_2878.jpg,0.39214802,0.19754668,0.4103053
khanhha_noisy1::Rissbilder_for_Florian_9S6A2841_247_162_2749_3393.jpg,0.33007482,0.21382847,0.45609674
khanhha_noisy1::Rissbilder_for_Florian_9S6A2841_319_1106_2769_3450.jpg,0.3487995,0.1956019,0.45559853
khanhha_noisy1::Rissbilder_for_Florian_9S6A2841_341_1075_3324_3954.jpg,0.24458979,0.3263835,0.42902675
khanhha_noisy1::Rissbilder_for_Florian_9S6A2841_542_955_3068_2456.jpg,0.3101936,0.2460933,0.4437131
khanhha_noisy1::Rissbilder_for_Florian_9S6A2845_0_0_5760_3840.jpg,0.6206475,0.084230274,0.29512227
khanhha_noisy1::Rissbilder_for_Florian_9S6A2845_1333_32_4399_3805.jpg,0.66621673,0.08047403,0.25330928
khanhha_noisy1::Rissbilder_for_Florian_9S6A2845_1480_64_3182_3685.jpg,0.652577,0.17130144,0.17612155
khanhha_noisy1::Rissbilder_for_Florian_9S6A2845_1641_474_2958_3084.jpg,0.6233947,0.12018474,0.25642055
khanhha_noisy1::Rissbilder_for_Florian_9S6A2845_2026_3_2804_3214.jpg,0.6350602,0.14569263,0.21924722
khanhha_noisy1::Rissbilder_for_Florian_9S6A2845_2181_159_3010_3511.jpg,0.6796531,0.084813185,0.23553371
khanhha_noisy1::Rissbilder_for_Florian_9S6A2845_628_184_3360_3293.jpg,0.4773884,0.3185941,0.20401755
khanhha_noisy1::Rissbilder_for_Florian_9S6A2851_1713_30_3619_3365.jpg,0.62204206,0.1571256,0.22083236
khanhha_noisy1::Rissbilder_for_Florian_9S6A2851_1976_734_2746_2491.jpg,0.6669475,0.14639366,0.18665889
khanhha_noisy1::Rissbilder_for_Florian_9S6A2851_2413_175_2645_3485.jpg,0.8114839,0.073099494,0.1154166
khanhha_noisy1::Rissbilder_for_Florian_9S6A2851_512_50_2972_2678.jpg,0.6827108,0.16058938,0.15669972
khanhha_noisy1::Rissbilder_for_Florian_9S6A2864_0_0_3840_5760.jpg,0.5625293,0.27649355,0.16097714
khanhha_noisy1::Rissbilder_for_Florian_9S6A2864_474_1863_3308_2536.jpg,0.37477335,0.41253212,0.2126945
khanhha_noisy1::Rissbilder_for_Florian_9S6A2864_95_886_3690_4688.jpg,0.58610785,0.26351967,0.15037243
khanhha_noisy1::Rissbilder_for_Florian_9S6A2879_0_0_5760_3840.jpg,0.5311113,0.1870329,0.28185585
khanhha_noisy1::Rissbilder_for_Florian_9S6A2879_1312_923_2418_2909.jpg,0.527416,0.19140457,0.2811795
khanhha_noisy1::Rissbilder_for_Florian_9S6A2879_1320_542_3826_3214.jpg,0.5034884,0.25841346,0.23809811
khanhha_noisy1::Rissbilder_for_Florian_9S6A2882_346_490_2497_1975.jpg,0.2879214,0.28970432,0.42237434
khanhha_noisy1::Rissbilder_for_Florian_9S6A2882_458_1944_3282_2844.jpg,0.097404316,0.27079573,0.6318
khanhha_noisy1::Rissbilder_for_Florian_9S6A2883_0_0_3840_5760.jpg,0.4312069,0.18954805,0.37924498
khanhha_noisy1::Rissbilder_for_Florian_9S6A2883_290_1780_2688_2984.jpg,0.32574692,0.25525293,0.4190001
khanhha_noisy1::Rissbilder_for_Florian_9S6A2885_167_1375_2073_2363.jpg,0.13961782,0.4068365,0.4535457
khanhha_noisy1::Rissbilder_for_Florian_9S6A2885_67_973_3621_3313.jpg,0.05645243,0.2030299,0.7405177
khanhha_noisy1::Rissbilder_for_Florian_9S6A2885_82_1409_2816_3479.jpg,0.067825094,0.23218478,0.69999015
khanhha_noisy1::Rissbilder_for_Florian_9S6A2886_106_479_3642_4594.jpg,0.24160187,0.3399879,0.41841024
khanhha_noisy1::Rissbilder_for_Florian_9S6A2886_110_1312_3454_3075.jpg,0.3496532,0.3844848,0.26586193
khanhha_noisy1::Rissbilder_for_Florian_9S6A2886_12_1171_3583_2973.jpg,0.41718104,0.37467912,0.20813988
khanhha_noisy1::Rissbilder_for_Florian_9S6A2886_273_2665_2929_2302.jpg,0.34646755,0.31087312,0.34265932
khanhha_noisy1::Rissbilder_for_Florian_9S6A2886_695_71_2627_3457.jpg,0.3558678,0.4620838,0.18204843
khanhha_noisy1::Rissbilder_for_Florian_9S6A2886_984_32_2437_2598.jpg,0.4870647,0.31968552,0.1932498
khanhha_noisy1::Rissbilder_for_Florian_9S6A2887_452_483_3013_2564.jpg,0.25489843,0.46352902,0.28157258
khanhha_noisy1::Rissbilder_for_Florian_9S6A2887_749_2501_3000_2991.jpg,0.27089635,0.28610525,0.4429984
khanhha_noisy1::Rissbilder_for_Florian_9S6A2892_103_890_2526_2526.jpg,0.2371032,0.24535325,0.51754355
khanhha_noisy1::Rissbilder_for_Florian_9S6A2892_1086_390_3050_2813.jpg,0.573135,0.14238285,0.28448218
khanhha_noisy1::Rissbilder_for_Florian_9S6A2892_1754_604_2639_2889.jpg,0.4744003,0.22305837,0.30254132
khanhha_noisy1::Rissbilder_for_Florian_9S6A2906_0_0_3840_5760.jpg,0.351326,0.38693362,0.26174042
khanhha_noisy1::Rissbilder_for_Florian_9S6A2906_358_658_3398_3904.jpg,0.20633791,0.5800762,0.21358588
khanhha_noisy1::Rissbilder_for_Florian_9S6A2906_52_256_3772_3845.jpg,0.37250367,0.45167854,0.17581788
khanhha_noisy1::Rissbilder_for_Florian_9S6A2906_54_350_3631_4518.jpg,0.2338775,0.5812328,0.18488973
khanhha_noisy1::Rissbilder_for_Florian_9S6A2906_67_759_3263_3857.jpg,0.2543139,0.4842851,0.26140103
khanhha_noisy1::Rissbilder_for_Florian_9S6A2909_191_2009_3191_3109.jpg,0.51861286,0.056821033,0.42456612
khanhha_noisy1::Rissbilder_for_Florian_9S6A2909_36_61_3613_3826.jpg,0.27616128,0.060079716,0.66375905
khanhha_noisy1::Rissbilder_for_Florian_9S6A2909_485_850_3106_4081.jpg,0.18028693,0.027773378,0.79193974
khanhha_noisy1::Rissbilder_for_Florian_9S6A2914_10_816_3799_4560.jpg,0.47638416,0.31329843,0.21031736
khanhha_noisy1::Rissbilder_for_Florian_9S6A2914_165_203_2511_2307.jpg,0.30302897,0.5081522,0.18881883
khanhha_noisy1::Rissbilder_for_Florian_9S6A2914_601_1274_2657_3363.jpg,0.36126962,0.415512,0.22321841
khanhha_noisy1::Rissbilder_for_Florian_9S6A2914_61_827_3521_3770.jpg,0.4680869,0.31868267,0.2132304
khanhha_noisy1::Rissbilder_for_Florian_9S6A2914_864_1519_2861_3089.jpg,0.30832216,0.44047332,0.25120446
khanhha_noisy1::Rissbilder_for_Florian_9S6A2916_1381_1379_2811_2259.jpg,0.44693038,0.2228526,0.330217
khanhha_noisy1::Rissbilder_for_Florian_9S6A2916_1475_441_4120_3342.jpg,0.38533485,0.29341984,0.32124528
khanhha_noisy1::Rissbilder_for_Florian_9S6A2916_2449_405_2485_3276.jpg,0.3553839,0.41398844,0.23062761
khanhha_noisy1::Rissbilder_for_Florian_9S6A2916_26_880_2781_2363.jpg,0.51563495,0.17476161,0.3096034
khanhha_noisy1::Rissbilder_for_Florian_9S6A2916_361_66_3733_3710.jpg,0.49470246,0.15253639,0.3527611
khanhha_noisy1::Rissbilder_for_Florian_9S6A3089_0_0_3840_5760.jpg,0.417992,0.36412954,0.21787846
khanhha_noisy1::Rissbilder_for_Florian_9S6A3089_369_1679_3470_3717.jpg,0.17174865,0.67388284,0.15436856
khanhha_noisy1::Rissbilder_for_Florian_9S6A3094_17_1195_3751_3661.jpg,0.35787746,0.26823694,0.3738856
khanhha_noisy1::Rissbilder_for_Florian_9S6A3094_504_2131_3084_3443.jpg,0.43158787,0.1410532,0.4273589
khanhha_noisy1::Rissbilder_for_Florian_9S6A3094_596_1754_2681_3046.jpg,0.43823442,0.17335606,0.38840953
khanhha_noisy1::Rissbilder_for_Florian_9S6A3099_120_26_3496_4484.jpg,0.41123685,0.4179422,0.17082092
khanhha_noisy1::Rissbilder_for_Florian_9S6A3099_12_492_3822_3921.jpg,0.24818733,0.576265,0.1755477
khanhha_noisy1::Rissbilder_for_Florian_9S6A3099_441_1535_3289_4016.jpg,0.41351187,0.41102558,0.17546259
khanhha_noisy1::Rissbilder_for_Florian_9S6A3099_86_2659_2827_2257.jpg,0.27656397,0.37337705,0.35005897
khanhha_noisy1::Rissbilder_for_Florian_9S6A3100_374_2397_2891_2543.jpg,0.3410653,0.25788683,0.40104792
khanhha_noisy1::Rissbilder_for_Florian_9S6A3100_62_648_2874_2646.jpg,0.36650953,0.21645375,0.41703677
khanhha_noisy1::Rissbilder_for_Florian_9S6A3100_765_387_2677_2632.jpg,0.4416458,0.31331432,0.24503985
khanhha_noisy1::Rissbilder_for_Florian_9S6A3102_100_448_3704_4115.jpg,0.25787136,0.35035512,0.39177355
khanhha_noisy1::Rissbilder_for_Florian_9S6A3105_186_619_3616_4246.jpg,0.42629498,0.18818554,0.38551947
khanhha_noisy1::Rissbilder_for_Florian_9S6A3105_871_2904_2401_2180.jpg,0.44157988,0.25979757,0.29862258
khanhha_noisy1::Rissbilder_for_Florian_9S6A3105_95_40_3736_3924.jpg,0.32884273,0.3810651,0.2900922
khanhha_noisy1::Rissbilder_for_Florian_9S6A3115_1009_154_4329_3598.jpg,0.033183962,0.09777954,0.86903656
khanhha_noisy1::Rissbilder_for_Florian_9S6A3115_1837_674_2470_3120.jpg,0.07850611,0.046808247,0.87468565
khanhha_noisy1::Rissbilder_for_Florian_9S6A3115_1867_748_3166_2919.jpg,0.055025954,0.108098134,0.8368759
khanhha_noisy1::Rissbilder_for_Florian_9S6A3122_155_390_2741_3264.jpg,0.12604363,0.113588266,0.7603681
khanhha_noisy1::Rissbilder_for_Florian_9S6A3122_463_1629_3085_3858.jpg,0.07591675,0.020883616,0.9031996
khanhha_noisy1::Rissbilder_for_Florian_9S6A3124_1300_898_2343_2899.jpg,0.28935242,0.15167086,0.5589767
khanhha_noisy1::Rissbilder_for_Florian_9S6A3124_465_2434_3240_3146.jpg,0.14346777,0.07643933,0.78009295
khanhha_noisy1::Rissbilder_for_Florian_9S6A3126_162_642_3629_3769.jpg,0.20328805,0.057177432,0.7395345
khanhha_noisy1::Rissbilder_for_Florian_9S6A3126_206_1216_3376_3686.jpg,0.26755407,0.053247612,0.6791983
khanhha_noisy1::Rissbilder_for_Florian_9S6A3126_264_1533_3180_4043.jpg,0.32967612,0.08832975,0.5819941
khanhha_noisy1::Rissbilder_for_Florian_9S6A3126_429_167_3310_4297.jpg,0.29478747,0.061609205,0.6436033
khanhha_noisy1::Rissbilder_for_Florian_9S6A3129_141_412_2185_2751.jpg,0.24618278,0.24790597,0.5059113
khanhha_noisy1::Rissbilder_for_Florian_9S6A3129_78_688_3494_3199.jpg,0.29808024,0.19567768,0.50624204
khanhha_noisy1::Rissbilder_for_Florian_9S6A3129_882_707_2680_2479.jpg,0.25619632,0.11426218,0.6295415
khanhha_noisy1::Rissbilder_for_Florian_9S6A3132_2349_1232_2560_2243.jpg,0.19742234,0.08278687,0.71979076
khanhha_noisy1::Rissbilder_for_Florian_9S6A3132_2998_275_2346_3000.jpg,0.23954326,0.05303726,0.70741946
khanhha_noisy1::Sylvie_Chambon_058.jpg,0.50441396,0.12212828,0.37345776
khanhha_noisy1::Sylvie_Chambon_062.jpg,0.427103,0.24894594,0.32395107
khanhha_noisy1::Sylvie_Chambon_068.jpg,0.76003313,0.15355061,0.08641626
khanhha_noisy1::Sylvie_Chambon_089.jpg,0.23193888,0.2783475,0.4897136
khanhha_noisy1::Sylvie_Chambon_206.jpg,0.17737503,0.09645575,0.7261692
khanhha_noisy1::Sylvie_Chambon_207.jpg,0.120450124,0.23442669,0.6451232
khanhha_noisy1::Sylvie_Chambon_306.jpg,0.24507539,0.33131486,0.42360973
khanhha_noisy1::Volker_DSC01608_969_117_1674_1684.jpg,0.18891472,0.24294467,0.5681406
khanhha_noisy1::Volker_DSC01610_123_687_1549_1614.jpg,0.19109993,0.34475738,0.46414277
khanhha_noisy1::Volker_DSC01610_142_1014_1353_1352.jpg,0.14593172,0.37820077,0.47586742
khanhha_noisy1::Volker_DSC01610_303_207_1284_1603.jpg,0.19411343,0.46382827,0.3420583
khanhha_noisy1::Volker_DSC01628_0_0_1824_2736.jpg,0.30658498,0.2759532,0.41746187
khanhha_noisy1::Volker_DSC01628_628_1158_1128_1084.jpg,0.48887283,0.13551852,0.37560865
khanhha_noisy1::Volker_DSC01636_1084_9_1476_1810.jpg,0.17045578,0.21266298,0.61688125
khanhha_noisy1::Volker_DSC01659_516_815_948_1199.jpg,0.21086091,0.24910533,0.54003376
khanhha_noisy1::Volker_DSC01665_11_415_1778_1890.jpg,0.10451139,0.281031,0.6144576
khanhha_noisy1::Volker_DSC01665_74_990_1563_1266.jpg,0.12611015,0.23955576,0.6343341
khanhha_noisy1::Volker_DSC01673_0_0_1824_2736.jpg,0.23911433,0.2756072,0.4852784
khanhha_noisy1::Volker_DSC01677_185_223_1446_1163.jpg,0.30831033,0.31334627,0.37834337
khanhha_noisy1::Volker_DSC01677_26_956_1697_1698.jpg,0.31285647,0.2873139,0.39982963
khanhha_noisy1::Volker_DSC01677_40_7_1782_1399.jpg,0.41366512,0.31394765,0.2723872
khanhha_noisy1::Volker_DSC01687_13_413_1695_1782.jpg,0.21760967,0.25225624,0.5301341
khanhha_noisy1::Volker_DSC01687_256_1075_1494_1234.jpg,0.20609057,0.3124987,0.4814108
khanhha_noisy1::Volker_DSC01688_29_115_1785_2096.jpg,0.36258408,0.13569406,0.50172186
khanhha_noisy1::Volker_DSC01688_89_1104_1613_1250.jpg,0.32013133,0.11724187,0.56262684
khanhha_noisy1::Volker_DSC01696_0_0_2736_1824.jpg,0.12662788,0.49105367,0.38231847
khanhha_noisy1::Volker_DSC01705_103_1212_1149_941.jpg,0.26922914,0.17947301,0.55129784
khanhha_noisy1::Volker_DSC01705_286_514_1483_1229.jpg,0.27606902,0.06186087,0.66207016
khanhha_noisy1::Volker_DSC01705_35_261_1646_1312.jpg,0.2603195,0.07616386,0.66351664
khanhha_noisy1::Volker_DSC01705_493_958_1260_1668.jpg,0.32160097,0.07160513,0.60679394
khanhha_noisy1::Volker_DSC01706_613_680_974_1043.jpg,0.20660762,0.19909585,0.5942965
khanhha_noisy1::Volker_DSC01709_269_118_1281_1314.jpg,0.26418027,0.27566192,0.46015787
khanhha_noisy1::Volker_DSC01709_71_801_1387_1771.jpg,0.15544522,0.20889108,0.6356637
khanhha_noisy1::cracktree200_6281.jpg,0.47091708,0.36149088,0.16759206
khanhha_noisy1::cracktree200_6327.jpg,0.27270332,0.26777402,0.45952263
khanhha_noisy1::cracktree200_6329.jpg,0.44168678,0.34328237,0.21503082
khanhha_noisy1::cracktree200_6330.jpg,0.21423197,0.62430304,0.16146491
khanhha_noisy1::cracktree200_6340.jpg,0.62703,0.15563232,0.2173377
khanhha_noisy1::cracktree200_6623.jpg,0.28065965,0.42957953,0.28976077
khanhha_noisy1::cracktree200_6658.jpg,0.37956002,0.18266232,0.43777767
khanhha_noisy1::forest_003.jpg,0.5059472,0.12863761,0.36541522
khanhha_noisy1::forest_069.jpg,0.270573,0.31518674,0.4142402
khanhha_noisy1::forest_076.jpg,0.36364084,0.40332872,0.23303048
khanhha_noisy1::forest_098.jpg,0.25356695,0.23842256,0.5080105
khanhha_noisy1::forest_109.jpg,0.1494514,0.26472393,0.5858247
khanhha_noisy1::noncrack_noncrack_concrete_wall_12_3.jpg.jpg,0.118478656,0.2497448,0.6317765
khanhha_noisy1::noncrack_noncrack_concrete_wall_12_9.jpg.jpg,0.1371316,0.19768842,0.66518
khanhha_noisy1::noncrack_noncrack_concrete_wall_14_11.jpg.jpg,0.11273344,0.82340354,0.06386306
khanhha_noisy1::noncrack_noncrack_concrete_wall_14_25.jpg.jpg,0.1599675,0.731404,0.10862844
khanhha_noisy1::noncrack_noncrack_concrete_wall_21_0.jpg.jpg,0.017341562,0.9451706,0.03748797
khanhha_noisy1::noncrack_noncrack_concrete_wall_31_0.jpg.jpg,0.005816305,0.9517019,0.042481817
khanhha_noisy1::noncrack_noncrack_concrete_wall_31_4.jpg.jpg,0.021015637,0.91738623,0.061598122
khanhha_noisy1::noncrack_noncrack_concrete_wall_34_0.jpg.jpg,0.015167689,0.9781068,0.0067255073
khanhha_noisy1::noncrack_noncrack_concrete_wall_39_9.jpg.jpg,0.0116670495,0.97677284,0.011560078
khanhha_noisy1::noncrack_noncrack_concrete_wall_40_0.jpg.jpg,0.04488682,0.7453713,0.20974192
khanhha_noisy1::noncrack_noncrack_concrete_wall_40_5.jpg.jpg,0.0469121,0.78038293,0.172705
khanhha_noisy1::noncrack_noncrack_concrete_wall_45_13.jpg.jpg,0.31778088,0.43340933,0.24880974
khanhha_noisy1::noncrack_noncrack_concrete_wall_45_4.jpg.jpg,0.31778088,0.43340933,0.24880974
khanhha_noisy1::noncrack_noncrack_concrete_wall_45_5.jpg.jpg,0.31778088,0.43340933,0.24880974
khanhha_noisy1::noncrack_noncrack_concrete_wall_54_24.jpg.jpg,0.113616526,0.81392205,0.072461374
khanhha_noisy1::noncrack_noncrack_concrete_wall_54_27.jpg.jpg,0.1752745,0.7306226,0.09410293
khanhha_noisy1::noncrack_noncrack_concrete_wall_54_28.jpg.jpg,0.1298317,0.76126033,0.10890801
khanhha_noisy1::noncrack_noncrack_concrete_wall_54_31.jpg.jpg,0.18549052,0.7182215,0.09628796
khanhha_noisy1::noncrack_noncrack_concrete_wall_54_33.jpg.jpg,0.2072141,0.66550803,0.12727793
khanhha_noisy1::noncrack_noncrack_concrete_wall_54_36.jpg.jpg,0.111256815,0.82294005,0.0658032
khanhha_noisy1::noncrack_noncrack_concrete_wall_54_4.jpg.jpg,0.14583226,0.7658732,0.08829466
khanhha_noisy1::noncrack_noncrack_concrete_wall_54_40.jpg.jpg,0.14766113,0.73734295,0.11499586
khanhha_noisy1::noncrack_noncrack_concrete_wall_54_44.jpg.jpg,0.18971309,0.7290422,0.08124471
khanhha_noisy1::noncrack_noncrack_concrete_wall_54_48.jpg.jpg,0.2276413,0.6859313,0.08642737
khanhha_noisy1::noncrack_noncrack_concrete_wall_54_53.jpg.jpg,0.23383807,0.6268237,0.13933827
khanhha_noisy1::noncrack_noncrack_concrete_wall_54_54.jpg.jpg,0.17241092,0.73864,0.08894916
khanhha_noisy1::noncrack_noncrack_concrete_wall_54_57.jpg.jpg,0.15326162,0.7347194,0.112018995
khanhha_noisy1::noncrack_noncrack_concrete_wall_54_72.jpg.jpg,0.14914386,0.78343743,0.06741862
khanhha_noisy1::noncrack_noncrack_concrete_wall_5_10.jpg.jpg,0.044821963,0.9177875,0.037390593
khanhha_noisy1::noncrack_noncrack_concrete_wall_63_1.jpg.jpg,0.051156,0.9309557,0.017888349
khanhha_noisy1::noncrack_noncrack_concrete_wall_67_1.jpg.jpg,0.1276756,0.45020792,0.42211655
khanhha_noisy1::noncrack_noncrack_concrete_wall_67_2.jpg.jpg,0.09606846,0.6229206,0.281011
khanhha_noisy1::noncrack_noncrack_concrete_wall_6_0.jpg.jpg,0.015579631,0.960805,0.023615386
khanhha_noisy1::noncrack_noncrack_concrete_wall_70_3.jpg.jpg,0.025291888,0.80383897,0.17086913
khanhha_noisy1::noncrack_noncrack_concrete_wall_73_1.jpg.jpg,0.01482652,0.9195852,0.06558825
khanhha_noisy1::noncrack_noncrack_concrete_wall_73_2.jpg.jpg,0.01482652,0.9195852,0.06558825
khanhha_noisy1::noncrack_noncrack_concrete_wall_73_4.jpg.jpg,0.0118195675,0.9251266,0.06305379
khanhha_noisy1::noncrack_noncrack_concrete_wall_75_0.jpg.jpg,0.0100597385,0.92189133,0.06804894
khanhha_noisy1::noncrack_noncrack_concrete_wall_75_18.jpg.jpg,0.0048480732,0.95432866,0.040823318
khanhha_noisy1::noncrack_noncrack_concrete_wall_75_24.jpg.jpg,0.015614052,0.913235,0.071150936
khanhha_noisy1::noncrack_noncrack_concrete_wall_76_1.jpg.jpg,0.22013439,0.6805586,0.09930701
khanhha_noisy1::noncrack_noncrack_concrete_wall_76_22.jpg.jpg,0.19491358,0.731326,0.07376049
khanhha_noisy1::noncrack_noncrack_concrete_wall_76_30.jpg.jpg,0.14726704,0.72793746,0.12479553
khanhha_noisy1::noncrack_noncrack_concrete_wall_76_36.jpg.jpg,0.15927975,0.7577878,0.08293249
khanhha_noisy1::noncrack_noncrack_concrete_wall_76_38.jpg.jpg,0.2075817,0.7074801,0.08493822
khanhha_noisy1::noncrack_noncrack_concrete_wall_76_49.jpg.jpg,0.23660998,0.6476904,0.11569955
khanhha_noisy1::noncrack_noncrack_concrete_wall_76_5.jpg.jpg,0.15555851,0.7668206,0.0776209
khanhha_noisy1::noncrack_noncrack_concrete_wall_76_62.jpg.jpg,0.18216525,0.6949131,0.12292169
khanhha_noisy1::noncrack_noncrack_concrete_wall_89_0.jpg.jpg,0.010404747,0.9817516,0.007843563
khanhha_noisy1::noncrack_noncrack_concrete_wall_89_1.jpg.jpg,0.008868274,0.9836354,0.0074962997
khanhha_noisy1::noncrack_noncrack_concrete_wall_91_1.jpg.jpg,0.039309815,0.9397422,0.020948019
khanhha_noisy2::CFD_007.jpg,0.23383118,0.48368934,0.28247947
khanhha_noisy2::CFD_013.jpg,0.40596056,0.50514704,0.08889244
khanhha_noisy2::CFD_014.jpg,0.22626859,0.35092682,0.42280462
khanhha_noisy2::CFD_047.jpg,0.7074604,0.11335339,0.17918622
khanhha_noisy2::CFD_082.jpg,0.5246852,0.1410565,0.33425826
khanhha_noisy2::CRACK500_20160222_081111_641_361.jpg,0.481812,0.3412477,0.17694028
khanhha_noisy2::CRACK500_20160222_081113_1921_721.jpg,0.56455976,0.31262985,0.12281045
khanhha_noisy2::CRACK500_20160222_115305_1281_1081.jpg,0.12863734,0.21179761,0.65956503
khanhha_noisy2::CRACK500_20160222_115305_1921_361.jpg,0.27791348,0.14684731,0.57523924
khanhha_noisy2::CRACK500_20160222_115305_641_1.jpg,0.30575982,0.22567488,0.46856534
khanhha_noisy2::CRACK500_20160222_115305_641_721.jpg,0.3138361,0.2717137,0.4144502
khanhha_noisy2::CRACK500_20160222_115828_641_1.jpg,0.3705176,0.58876306,0.040719286
khanhha_noisy2::CRACK500_20160222_164825_641_721.jpg,0.3109752,0.3848667,0.3041581
khanhha_noisy2::CRACK500_20160222_164851_641_1081.jpg,0.50037354,0.12468449,0.374942
khanhha_noisy2::CRACK500_20160222_165218_641_1.jpg,0.23778726,0.59880805,0.16340473
khanhha_noisy2::CRACK500_20160222_165909_1281_1081.jpg,0.26338196,0.52866626,0.20795177
khanhha_noisy2::CRACK500_20160222_165926_1281_721.jpg,0.44272253,0.40566608,0.15161139
khanhha_noisy2::CRACK500_20160222_165947_1921_721.jpg,0.46223977,0.41921008,0.11855014
khanhha_noisy2::CRACK500_20160302_155848_1281_361.jpg,0.3168859,0.23411289,0.44900125
khanhha_noisy2::CRACK500_20160302_155848_1921_361.jpg,0.25195974,0.082996406,0.6650439
khanhha_noisy2::CRACK500_20160302_155848_641_721.jpg,0.18763386,0.32105294,0.49131316
khanhha_noisy2::CRACK500_20160302_160033_641_361.jpg,0.3354192,0.23545991,0.42912084
khanhha_noisy2::CRACK500_20160303_092627_641_721.jpg,0.24608484,0.14201537,0.6118998
khanhha_noisy2::CRACK500_20160303_093400_641_1.jpg,0.13643372,0.62867683,0.23488939
khanhha_noisy2::CRACK500_20160303_093400_641_721.jpg,0.33326498,0.3450708,0.32166424
khanhha_noisy2::CRACK500_20160307_145259_1921_721.jpg,0.3850069,0.16125505,0.4537381
khanhha_noisy2::CRACK500_20160307_145259_1_361.jpg,0.14151704,0.39549884,0.4629841
khanhha_noisy2::CRACK500_20160307_164214_1281_1081.jpg,0.30872804,0.5642237,0.12704828
khanhha_noisy2::CRACK500_20160307_164214_1_721.jpg,0.45636606,0.44792098,0.09571298
khanhha_noisy2::CRACK500_20160307_164226_1921_721.jpg,0.5183195,0.29707885,0.1846017
khanhha_noisy2::CRACK500_20160307_164226_1_721.jpg,0.58773,0.23124532,0.18102469
khanhha_noisy2::CRACK500_20160307_164226_641_721.jpg,0.50938225,0.44798228,0.04263542
khanhha_noisy2::CRACK500_20160308_073245_1_361.jpg,0.61419356,0.18648608,0.19932035
khanhha_noisy2::CRACK500_20160308_073245_641_1.jpg,0.19554754,0.54657584,0.2578766
khanhha_noisy2::CRACK500_20160308_074702_1281_361.jpg,0.15757257,0.47572693,0.3667005
khanhha_noisy2::CRACK500_20160308_074702_1921_361.jpg,0.4196991,0.09819291,0.482108
khanhha_noisy2::CRACK500_20160308_074702_641_721.jpg,0.19557737,0.056029152,0.7483935
khanhha_noisy2::CRACK500_20160308_155720_1281_361.jpg,0.3528365,0.26179552,0.38536802
khanhha_noisy2::CRACK500_20160308_155720_1_1.jpg,0.20876966,0.4982192,0.29301113
khanhha_noisy2::CRACK500_20160308_155720_641_721.jpg,0.12299408,0.66355324,0.21345268
khanhha_noisy2::CRACK500_20160308_155731_1281_1.jpg,0.20020136,0.33594385,0.4638548
khanhha_noisy2::CRACK500_20160308_155731_641_1081.jpg,0.27714422,0.25500035,0.46785545
khanhha_noisy2::CRACK500_20160310_114441_641_1.jpg,0.44287458,0.16511014,0.39201522
khanhha_noisy2::CRACK500_20160310_114441_641_1081.jpg,0.24342407,0.19007415,0.5665018
khanhha_noisy2::CRACK500_20160316_141721_1_721.jpg,0.21275774,0.6213555,0.16588677
khanhha_noisy2::CRACK500_20160316_141721_641_721.jpg,0.22189876,0.5464043,0.23169695
khanhha_noisy2::CRACK500_20160316_142539_1_721.jpg,0.45885926,0.25240716,0.28873363
khanhha_noisy2::CRACK500_20160316_143603_1921_361.jpg,0.33043084,0.13581496,0.53375417
khanhha_noisy2::CRACK500_20160316_143624_1_641.jpg,0.26971218,0.17398636,0.5563014
khanhha_noisy2::CRACK500_20160316_144212_1921_721.jpg,0.42846283,0.20791343,0.36362377
khanhha_noisy2::CRACK500_20160316_144212_641_721.jpg,0.21773629,0.5879811,0.19428252
khanhha_noisy2::CRACK500_20160316_144241_641_361.jpg,0.25032857,0.5204773,0.22919413
khanhha_noisy2::CRACK500_20160321_185518_1921_721.jpg,0.4623722,0.088450335,0.4491774
khanhha_noisy2::CRACK500_20160321_185518_1_721.jpg,0.37772736,0.10154676,0.52072585
khanhha_noisy2::CRACK500_20160325_185829_641_361.jpg,0.62426686,0.27820125,0.097531855
khanhha_noisy2::CRACK500_20160326_174634_1921_361.jpg,0.3509901,0.22340521,0.42560473
khanhha_noisy2::CRACK500_20160326_174634_641_721.jpg,0.25306854,0.05735173,0.6895797
khanhha_noisy2::CRACK500_20160328_150927_1281_721.jpg,0.4653858,0.36616477,0.16844948
khanhha_noisy2::CRACK500_20160328_150933_1921_361.jpg,0.52698773,0.17069544,0.30231673
khanhha_noisy2::CRACK500_20160328_151020_641_721.jpg,0.579529,0.08617485,0.3342962
khanhha_noisy2::CRACK500_20160328_151201_1281_721.jpg,0.26967147,0.5086186,0.22170992
khanhha_noisy2::CRACK500_20160328_151201_1_1.jpg,0.21223022,0.50582665,0.28194314
khanhha_noisy2::CRACK500_20160328_151409_1921_1081.jpg,0.48006797,0.35037982,0.16955218
khanhha_noisy2::CRACK500_20160328_152322_1281_721.jpg,0.41945234,0.2145028,0.36604485
khanhha_noisy2::CRACK500_20160328_152322_1_721.jpg,0.36680716,0.21338718,0.41980568
khanhha_noisy2::CRACK500_20160328_152511_1921_721.jpg,0.2712508,0.20079216,0.527957
khanhha_noisy2::CRACK500_20160328_153524_641_361.jpg,0.043802433,0.52390563,0.43229195
khanhha_noisy2::CRACK500_20160328_153604_1_361.jpg,0.21702227,0.5121132,0.27086455
khanhha_noisy2::CRACK500_20160328_153604_641_1.jpg,0.1239677,0.64363515,0.23239721
khanhha_noisy2::CRACK500_20160328_153604_641_721.jpg,0.04871246,0.8276464,0.1236412
khanhha_noisy2::CRACK500_20160328_153706_1281_1.jpg,0.22641282,0.56807053,0.20551664
khanhha_noisy2::CRACK500_20160328_153706_1281_1081.jpg,0.14002587,0.56292844,0.29704562
khanhha_noisy2::CRACK500_20160328_153706_1921_1.jpg,0.46295634,0.3481017,0.18894191
khanhha_noisy2::CRACK500_20160328_153915_1921_721.jpg,0.12721075,0.5484388,0.32435045
khanhha_noisy2::CRACK500_20160328_154159_1921_1081.jpg,0.3218008,0.077947944,0.6002513
khanhha_noisy2::CRACK500_20160328_154159_1_361.jpg,0.29313555,0.39044377,0.3164207
khanhha_noisy2::CRACK500_20160328_154429_641_721.jpg,0.28428948,0.38296193,0.3327486
khanhha_noisy2::CRACK500_20160328_154454_1_721.jpg,0.46258056,0.20518525,0.33223417
khanhha_noisy2::CRACK500_20160328_154454_721_1.jpg,0.32057506,0.2162719,0.463153
khanhha_noisy2::CRACK500_20160329_094055_1_721.jpg,0.20330764,0.13867204,0.6580204
khanhha_noisy2::CRACK500_20160329_103609_1281_721.jpg,0.1950384,0.42681277,0.37814888
khanhha_noisy2::CRACK500_20160329_103609_1921_721.jpg,0.27247941,0.16219279,0.5653278
khanhha_noisy2::CRACK500_20160329_103609_1_721.jpg,0.22361872,0.20323357,0.5731477
khanhha_noisy2::CRACK500_20160329_103609_641_361.jpg,0.20511922,0.35124505,0.44363573
khanhha_noisy2::CRACK500_20160329_104205_1921_361.jpg,0.27045977,0.1803549,0.54918534
khanhha_noisy2::CRACK500_20160329_115529_1_721.jpg,0.3582072,0.10853404,0.5332588
khanhha_noisy2::CRACK500_20160330_165325_1921_361.jpg,0.723604,0.14193742,0.13445863
khanhha_noisy2::CRACK500_20160330_165325_1921_721.jpg,0.62532794,0.16919847,0.2054736
khanhha_noisy2::CRACK500_20160330_165325_1_721.jpg,0.44248426,0.03829735,0.51921844
khanhha_noisy2::CRACK500_20160330_165333_1921_1081.jpg,0.41558546,0.24603266,0.3383819
khanhha_noisy2::CRACK500_20160330_165333_1_721.jpg,0.28615153,0.10423399,0.60961455
khanhha_noisy2::CRACK500_20160330_170308_1281_361.jpg,0.26253894,0.4681412,0.26931986
khanhha_noisy2::CRACK500_20160330_170308_1921_1081.jpg,0.29001904,0.06490982,0.64507115
khanhha_noisy2::CRACK500_20160330_170308_1921_361.jpg,0.39658135,0.15245669,0.45096204
khanhha_noisy2::CRACK500_20160330_170308_1921_721.jpg,0.3903431,0.22298713,0.3866698
khanhha_noisy2::CRACK500_20160402_150300_1281_721.jpg,0.12539807,0.51956546,0.35503647
khanhha_noisy2::CRACK500_20160405_171219_1281_721.jpg,0.2639644,0.21704794,0.51898766
khanhha_noisy2::CRACK500_20160405_171219_641_721.jpg,0.22482696,0.28744528,0.48772773
khanhha_noisy2::CRACK500_20160405_171456_1_361.jpg,0.226624,0.095461264,0.67791474
khanhha_noisy2::CRACK500_20160405_172854_1921_1.jpg,0.23613836,0.18550411,0.5783575
khanhha_noisy2::CRACK500_IMG_2937_1297_969.jpg,0.29458746,0.16539001,0.5400225
khanhha_noisy2::CRACK500_IMG_2938_1297_969.jpg,0.2855011,0.10479126,0.60970765
khanhha_noisy2::DeepCrack_11114.jpg,0.3497109,0.2777353,0.37255383
khanhha_noisy2::DeepCrack_11118.jpg,0.15493368,0.39735377,0.44771254
khanhha_noisy2::DeepCrack_11134-3.jpg,0.20447741,0.57144576,0.22407685
khanhha_noisy2::DeepCrack_11134-4.jpg,0.18347012,0.5778928,0.2386371
khanhha_noisy2::DeepCrack_11134.jpg,0.19915998,0.6357781,0.16506188
khanhha_noisy2::DeepCrack_11153.jpg,0.5492002,0.25384668,0.19695312
khanhha_noisy2::DeepCrack_11164-2.jpg,0.2915853,0.2186473,0.4897674
khanhha_noisy2::DeepCrack_11164-4.jpg,0.36536905,0.16144903,0.47318187
khanhha_noisy2::DeepCrack_11178-3.jpg,0.19491397,0.68865883,0.116427176
khanhha_noisy2::DeepCrack_11204.jpg,0.15426366,0.255215,0.59052134
khanhha_noisy2::DeepCrack_7Q3A9060-3.jpg,0.48833045,0.38243163,0.12923789
khanhha_noisy2::DeepCrack_7Q3A9060-9.jpg,0.46874666,0.3809618,0.15029155
khanhha_noisy2::DeepCrack_IMG109-1.jpg,0.18623668,0.043234695,0.7705286
khanhha_noisy2::DeepCrack_IMG14-1.jpg,0.24303779,0.16490225,0.59205997
khanhha_noisy2::DeepCrack_IMG14-3.jpg,0.3519682,0.43095195,0.21707988
khanhha_noisy2::Eugen_Muller_8980_79_365_456_521.jpg,0.8771386,0.025644265,0.0972171
khanhha_noisy2::Eugen_Muller_8980a_123_420_527_438.jpg,0.44862732,0.167262,0.38411072
khanhha_noisy2::Eugen_Muller_8980a_25_22_747_752.jpg,0.58111537,0.14524274,0.27364188
khanhha_noisy2::GAPS384_train_0503_541_1.jpg,0.6201605,0.2377824,0.1420571
khanhha_noisy2::GAPS384_train_0533_541_1.jpg,0.4254173,0.47783872,0.09674389
khanhha_noisy2::GAPS384_train_0559_541_641.jpg,0.57193106,0.26117224,0.16689673
khanhha_noisy2::GAPS384_train_0599_1_1.jpg,0.02785209,0.67877495,0.29337296
khanhha_noisy2::GAPS384_train_0608_1_1.jpg,0.5625289,0.3219719,0.11549916
khanhha_noisy2::GAPS384_train_0641_1_1.jpg,0.14994729,0.75154394,0.0985088
khanhha_noisy2::GAPS384_train_0641_541_641.jpg,0.059874594,0.86565626,0.074469246
khanhha_noisy2::GAPS384_train_0690_541_1.jpg,0.50220907,0.37109774,0.12669322
khanhha_noisy2::GAPS384_train_0961_1_1.jpg,0.2601778,0.5902726,0.14954965
khanhha_noisy2::GAPS384_train_1048_1_1.jpg,0.74380016,0.18689764,0.069302194
khanhha_noisy2::GAPS384_train_1048_541_1.jpg,0.74254936,0.1326983,0.124752305
khanhha_noisy2::GAPS384_train_1085_541_1.jpg,0.68432075,0.11540185,0.20027743
khanhha_noisy2::GAPS384_train_1172_541_641.jpg,0.54596835,0.25191784,0.20211376
khanhha_noisy2::GAPS384_train_1173_541_1.jpg,0.6751614,0.20636761,0.118471
khanhha_noisy2::GAPS384_train_1173_541_641.jpg,0.6725888,0.19328608,0.13412505
khanhha_noisy2::GAPS384_train_1187_1_1.jpg,0.4929938,0.36584127,0.14116488
khanhha_noisy2::GAPS384_train_1361_541_641.jpg,0.6332572,0.054734837,0.312008
khanhha_noisy2::GAPS384_train_1370_541_641.jpg,0.7053316,0.0668035,0.22786494
khanhha_noisy2::Rissbilder_for_Florian_9S6A2783_485_963_3019_3865.jpg,0.63781136,0.31681797,0.045370683
khanhha_noisy2::Rissbilder_for_Florian_9S6A2783_510_849_2889_2880.jpg,0.3819535,0.57453096,0.043515567
khanhha_noisy2::Rissbilder_for_Florian_9S6A2783_555_1445_2892_3793.jpg,0.68025506,0.27582094,0.043924045
khanhha_noisy2::Rissbilder_for_Florian_9S6A2783_96_1214_3516_4173.jpg,0.67467046,0.28776965,0.037559908
khanhha_noisy2::Rissbilder_for_Florian_9S6A2787_1034_2113_2702_3383.jpg,0.43058264,0.5182419,0.051175434
khanhha_noisy2::Rissbilder_for_Florian_9S6A2787_114_2564_2503_2920.jpg,0.39152133,0.56513137,0.04334733
khanhha_noisy2::Rissbilder_for_Florian_9S6A2787_1217_749_2520_2686.jpg,0.3605218,0.5824077,0.057070535
khanhha_noisy2::Rissbilder_for_Florian_9S6A2787_1287_2060_2196_2885.jpg,0.42399594,0.5348418,0.041162297
khanhha_noisy2::Rissbilder_for_Florian_9S6A2787_38_553_3789_4026.jpg,0.21393336,0.7219775,0.06408912
khanhha_noisy2::Rissbilder_for_Florian_9S6A2787_469_792_2677_2506.jpg,0.33866182,0.5860961,0.07524209
khanhha_noisy2::Rissbilder_for_Florian_9S6A2789_29_2188_3523_3363.jpg,0.73301655,0.2090231,0.057960257
khanhha_noisy2::Rissbilder_for_Florian_9S6A2789_79_2844_3130_2630.jpg,0.5916689,0.37049967,0.037831396
khanhha_noisy2::Rissbilder_for_Florian_9S6A2795_244_2755_3348_2948.jpg,0.17018574,0.81461364,0.015200521
khanhha_noisy2::Rissbilder_for_Florian_9S6A2795_345_1636_2968_2382.jpg,0.63121367,0.31399456,0.054791808
khanhha_noisy2::Rissbilder_for_Florian_9S6A2795_726_782_2478_3159.jpg,0.28058395,0.64621395,0.073202096
khanhha_noisy2::Rissbilder_for_Florian_9S6A2799_133_2058_3555_3079.jpg,0.06078881,0.6473132,0.29189804
khanhha_noisy2::Rissbilder_for_Florian_9S6A2799_275_471_3176_4152.jpg,0.111573525,0.47432756,0.41409898
khanhha_noisy2::Rissbilder_for_Florian_9S6A2799_288_786_3196_3304.jpg,0.10116888,0.53873736,0.3600938
khanhha_noisy2::Rissbilder_for_Florian_9S6A2804_118_1818_2606_2570.jpg,0.2599227,0.66354626,0.07653102
khanhha_noisy2::Rissbilder_for_Florian_9S6A2805_1632_240_3224_2475.jpg,0.35600963,0.5941439,0.04984649
khanhha_noisy2::Rissbilder_for_Florian_9S6A2805_3150_203_1998_2621.jpg,0.16430226,0.79621565,0.03948212
khanhha_noisy2::Rissbilder_for_Florian_9S6A2805_565_1400_2938_2247.jpg,0.5203544,0.36832502,0.11132063
khanhha_noisy2::Rissbilder_for_Florian_9S6A2806_1082_397_4233_3223.jpg,0.3416551,0.59544086,0.0629041
khanhha_noisy2::Rissbilder_for_Florian_9S6A2806_3363_1303_2009_2459.jpg,0.53588504,0.32424268,0.13987231
khanhha_noisy2::Rissbilder_for_Florian_9S6A2806_368_348_2093_2759.jpg,0.61762106,0.32105178,0.061327133
khanhha_noisy2::Rissbilder_for_Florian_9S6A2817_266_1535_2877_3827.jpg,0.074923724,0.8955562,0.029520074
khanhha_noisy2::Rissbilder_for_Florian_9S6A2817_362_2779_2835_2376.jpg,0.19470191,0.7502749,0.05502324
khanhha_noisy2::Rissbilder_for_Florian_9S6A2817_378_2811_2792_2576.jpg,0.14384028,0.79953814,0.056621555
khanhha_noisy2::Rissbilder_for_Florian_9S6A2817_515_925_2769_3395.jpg,0.054570626,0.91214657,0.033282816
khanhha_noisy2::Rissbilder_for_Florian_9S6A2817_67_221_2558_2411.jpg,0.031610694,0.95387876,0.014510581
khanhha_noisy2::Rissbilder_for_Florian_9S6A2820_304_486_3141_3670.jpg,0.1986608,0.45429897,0.3470402
khanhha_noisy2::Rissbilder_for_Florian_9S6A2820_366_660_2637_3456.jpg,0.09930843,0.5311383,0.36955324
khanhha_noisy2::Rissbilder_for_Florian_9S6A2831_130_3142_3148_2567.jpg,0.4119009,0.5681598,0.019939236
khanhha_noisy2::Rissbilder_for_Florian_9S6A2831_1392_523_2363_2146.jpg,0.6992279,0.1372558,0.16351625
khanhha_noisy2::Rissbilder_for_Florian_9S6A2831_14_1354_3612_3768.jpg,0.47518796,0.44679672,0.07801539
khanhha_noisy2::Rissbilder_for_Florian_9S6A2831_183_1551_2640_2168.jpg,0.66206205,0.25874284,0.07919512
khanhha_noisy2::Rissbilder_for_Florian_9S6A2831_237_201_3399_4522.jpg,0.61317533,0.2735277,0.11329689
khanhha_noisy2::Rissbilder_for_Florian_9S6A2831_277_1810_3479_3118.jpg,0.44587216,0.50963044,0.044497415
khanhha_noisy2::Rissbilder_for_Florian_9S6A2831_343_1804_2873_2254.jpg,0.48076677,0.42632052,0.092912786
khanhha_noisy2::Rissbilder_for_Florian_9S6A2832_1234_336_2375_2845.jpg,0.58995044,0.36673445,0.04331512
khanhha_noisy2::Rissbilder_for_Florian_9S6A2832_185_2346_3101_2742.jpg,0.3747935,0.5147653,0.110441156
khanhha_noisy2::Rissbilder_for_Florian_9S6A2832_375_1408_3366_3866.jpg,0.47207958,0.48113152,0.0467889
khanhha_noisy2::Rissbilder_for_Florian_9S6A2841_19_570_3460_3784.jpg,0.70024663,0.15228328,0.14747009
khanhha_noisy2::Rissbilder_for_Florian_9S6A2841_217_2299_3214_2878.jpg,0.45057508,0.34352994,0.205895
khanhha_noisy2::Rissbilder_for_Florian_9S6A2841_247_162_2749_3393.jpg,0.7768126,0.15813412,0.065053314
khanhha_noisy2::Rissbilder_for_Florian_9S6A2841_319_1106_2769_3450.jpg,0.613393,0.2742017,0.11240529
khanhha_noisy2::Rissbilder_for_Florian_9S6A2841_341_1075_3324_3954.jpg,0.49644935,0.3124574,0.19109328
khanhha_noisy2::Rissbilder_for_Florian_9S6A2841_542_955_3068_2456.jpg,0.62985253,0.26328385,0.10686365
khanhha_noisy2::Rissbilder_for_Florian_9S6A2845_0_0_5760_3840.jpg,0.3948329,0.10107839,0.5040887
khanhha_noisy2::Rissbilder_for_Florian_9S6A2845_1333_32_4399_3805.jpg,0.39225554,0.12961917,0.47812536
khanhha_noisy2::Rissbilder_for_Florian_9S6A2845_1480_64_3182_3685.jpg,0.47957626,0.15232576,0.368098
khanhha_noisy2::Rissbilder_for_Florian_9S6A2845_1641_474_2958_3084.jpg,0.45678744,0.09998003,0.4432325
khanhha_noisy2::Rissbilder_for_Florian_9S6A2845_2026_3_2804_3214.jpg,0.40808874,0.22600286,0.36590838
khanhha_noisy2::Rissbilder_for_Florian_9S6A2845_2181_159_3010_3511.jpg,0.5426931,0.10144212,0.35586485
khanhha_noisy2::Rissbilder_for_Florian_9S6A2845_628_184_3360_3293.jpg,0.48193413,0.27358454,0.24448131
khanhha_noisy2::Rissbilder_for_Florian_9S6A2851_1713_30_3619_3365.jpg,0.853414,0.095047005,0.05153896
khanhha_noisy2::Rissbilder_for_Florian_9S6A2851_1976_734_2746_2491.jpg,0.7882541,0.15946017,0.052285723
khanhha_noisy2::Rissbilder_for_Florian_9S6A2851_2413_175_2645_3485.jpg,0.8829721,0.08680752,0.030220332
khanhha_noisy2::Rissbilder_for_Florian_9S6A2851_512_50_2972_2678.jpg,0.80245423,0.13576323,0.061782483
khanhha_noisy2::Rissbilder_for_Florian_9S6A2864_0_0_3840_5760.jpg,0.18814898,0.783792,0.02805902
khanhha_noisy2::Rissbilder_for_Florian_9S6A2864_474_1863_3308_2536.jpg,0.506229,0.42460135,0.06916969
khanhha_noisy2::Rissbilder_for_Florian_9S6A2864_95_886_3690_4688.jpg,0.42883584,0.52015704,0.05100718
khanhha_noisy2::Rissbilder_for_Florian_9S6A2879_0_0_5760_3840.jpg,0.25198534,0.22719955,0.52081513
khanhha_noisy2::Rissbilder_for_Florian_9S6A2879_1312_923_2418_2909.jpg,0.10065956,0.22701149,0.67232895
khanhha_noisy2::Rissbilder_for_Florian_9S6A2879_1320_542_3826_3214.jpg,0.2829833,0.23921828,0.47779846
khanhha_noisy2::Rissbilder_for_Florian_9S6A2882_346_490_2497_1975.jpg,0.17536902,0.40744346,0.4171875
khanhha_noisy2::Rissbilder_for_Florian_9S6A2882_458_1944_3282_2844.jpg,0.054279212,0.3419661,0.6037547
khanhha_noisy2::Rissbilder_for_Florian_9S6A2883_0_0_3840_5760.jpg,0.10788627,0.3387241,0.55338967
khanhha_noisy2::Rissbilder_for_Florian_9S6A2883_290_1780_2688_2984.jpg,0.22310352,0.32719222,0.44970423
khanhha_noisy2::Rissbilder_for_Florian_9S6A2885_167_1375_2073_2363.jpg,0.031187981,0.35520288,0.61360914
khanhha_noisy2::Rissbilder_for_Florian_9S6A2885_67_973_3621_3313.jpg,0.010152843,0.49451414,0.495333
khanhha_noisy2::Rissbilder_for_Florian_9S6A2885_82_1409_2816_3479.jpg,0.04924013,0.41710627,0.5336536
khanhha_noisy2::Rissbilder_for_Florian_9S6A2886_106_479_3642_4594.jpg,0.040689994,0.40311745,0.5561925
khanhha_noisy2::Rissbilder_for_Florian_9S6A2886_110_1312_3454_3075.jpg,0.09957696,0.36664838,0.5337746
khanhha_noisy2::Rissbilder_for_Florian_9S6A2886_12_1171_3583_2973.jpg,0.07197937,0.5069212,0.42109936
khanhha_noisy2::Rissbilder_for_Florian_9S6A2886_273_2665_2929_2302.jpg,0.15196563,0.47531834,0.37271604
khanhha_noisy2::Rissbilder_for_Florian_9S6A2886_695_71_2627_3457.jpg,0.028923536,0.5773081,0.39376837
khanhha_noisy2::Rissbilder_for_Florian_9S6A2886_984_32_2437_2598.jpg,0.11439102,0.7138604,0.17174862
khanhha_noisy2::Rissbilder_for_Florian_9S6A2887_452_483_3013_2564.jpg,0.31814066,0.25648573,0.42537364
khanhha_noisy2::Rissbilder_for_Florian_9S6A2887_749_2501_3000_2991.jpg,0.17185041,0.3193733,0.5087763
khanhha_noisy2::Rissbilder_for_Florian_9S6A2892_103_890_2526_2526.jpg,0.034548543,0.6172404,0.34821102
khanhha_noisy2::Rissbilder_for_Florian_9S6A2892_1086_390_3050_2813.jpg,0.031457487,0.6436704,0.32487217
khanhha_noisy2::Rissbilder_for_Florian_9S6A2892_1754_604_2639_2889.jpg,0.00851511,0.87843585,0.11304909
khanhha_noisy2::Rissbilder_for_Florian_9S6A2906_0_0_3840_5760.jpg,0.30697292,0.5560233,0.13700381
khanhha_noisy2::Rissbilder_for_Florian_9S6A2906_358_658_3398_3904.jpg,0.19669628,0.65059155,0.15271214
khanhha_noisy2::Rissbilder_for_Florian_9S6A2906_52_256_3772_3845.jpg,0.2600385,0.6460944,0.093867145
khanhha_noisy2::Rissbilder_for_Florian_9S6A2906_54_350_3631_4518.jpg,0.2662559,0.59338045,0.14036372
khanhha_noisy2::Rissbilder_for_Florian_9S6A2906_67_759_3263_3857.jpg,0.26249582,0.6356715,0.10183271
khanhha_noisy2::Rissbilder_for_Florian_9S6A2909_191_2009_3191_3109.jpg,0.43713224,0.26470065,0.2981671
khanhha_noisy2::Rissbilder_for_Florian_9S6A2909_36_61_3613_3826.jpg,0.30043408,0.24577196,0.453794
khanhha_noisy2::Rissbilder_for_Florian_9S6A2909_485_850_3106_4081.jpg,0.30339104,0.094390035,0.60221887
khanhha_noisy2::Rissbilder_for_Florian_9S6A2914_10_816_3799_4560.jpg,0.14443862,0.80821204,0.047349356
khanhha_noisy2::Rissbilder_for_Florian_9S6A2914_165_203_2511_2307.jpg,0.5266968,0.32749256,0.1458107
khanhha_noisy2::Rissbilder_for_Florian_9S6A2914_601_1274_2657_3363.jpg,0.74805206,0.15837137,0.0935766
khanhha_noisy2::Rissbilder_for_Florian_9S6A2914_61_827_3521_3770.jpg,0.5191223,0.4095356,0.071342126
khanhha_noisy2::Rissbilder_for_Florian_9S6A2914_864_1519_2861_3089.jpg,0.70320576,0.17243011,0.1243641
khanhha_noisy2::Rissbilder_for_Florian_9S6A2916_1381_1379_2811_2259.jpg,0.6863668,0.19152923,0.12210396
khanhha_noisy2::Rissbilder_for_Florian_9S6A2916_1475_441_4120_3342.jpg,0.67534876,0.16767977,0.15697144
khanhha_noisy2::Rissbilder_for_Florian_9S6A2916_2449_405_2485_3276.jpg,0.7461247,0.19511954,0.05875585
khanhha_noisy2::Rissbilder_for_Florian_9S6A2916_26_880_2781_2363.jpg,0.48671335,0.40988412,0.10340251
khanhha_noisy2::Rissbilder_for_Florian_9S6A2916_361_66_3733_3710.jpg,0.60954916,0.2932257,0.09722513
khanhha_noisy2::Rissbilder_for_Florian_9S6A3089_0_0_3840_5760.jpg,0.6316596,0.27174184,0.096598536
khanhha_noisy2::Rissbilder_for_Florian_9S6A3089_369_1679_3470_3717.jpg,0.49095494,0.33958676,0.16945837
khanhha_noisy2::Rissbilder_for_Florian_9S6A3094_17_1195_3751_3661.jpg,0.4247334,0.32737145,0.24789517
khanhha_noisy2::Rissbilder_for_Florian_9S6A3094_504_2131_3084_3443.jpg,0.41939193,0.18547386,0.39513424
khanhha_noisy2::Rissbilder_for_Florian_9S6A3094_596_1754_2681_3046.jpg,0.49867338,0.17416671,0.32715988
khanhha_noisy2::Rissbilder_for_Florian_9S6A3099_120_26_3496_4484.jpg,0.72581947,0.16903125,0.10514921
khanhha_noisy2::Rissbilder_for_Florian_9S6A3099_12_492_3822_3921.jpg,0.6335008,0.2670692,0.09942999
khanhha_noisy2::Rissbilder_for_Florian_9S6A3099_441_1535_3289_4016.jpg,0.7907441,0.10232316,0.106932715
khanhha_noisy2::Rissbilder_for_Florian_9S6A3099_86_2659_2827_2257.jpg,0.6069065,0.31782883,0.07526467
khanhha_noisy2::Rissbilder_for_Florian_9S6A3100_374_2397_2891_2543.jpg,0.42123902,0.32996747,0.2487935
khanhha_noisy2::Rissbilder_for_Florian_9S6A3100_62_648_2874_2646.jpg,0.43220353,0.33061427,0.23718221
khanhha_noisy2::Rissbilder_for_Florian_9S6A3100_765_387_2677_2632.jpg,0.4554352,0.38467446,0.15989031
khanhha_noisy2::Rissbilder_for_Florian_9S6A3102_100_448_3704_4115.jpg,0.398977,0.5023573,0.098665714
khanhha_noisy2::Rissbilder_for_Florian_9S6A3105_186_619_3616_4246.jpg,0.50149375,0.123394996,0.37511125
khanhha_noisy2::Rissbilder_for_Florian_9S6A3105_871_2904_2401_2180.jpg,0.5499841,0.18354443,0.2664715
khanhha_noisy2::Rissbilder_for_Florian_9S6A3105_95_40_3736_3924.jpg,0.57120967,0.10404003,0.32475024
khanhha_noisy2::Rissbilder_for_Florian_9S6A3115_1009_154_4329_3598.jpg,0.06481775,0.018401705,0.91678053
khanhha_noisy2::Rissbilder_for_Florian_9S6A3115_1837_674_2470_3120.jpg,0.1000936,0.015811045,0.8840954
khanhha_noisy2::Rissbilder_for_Florian_9S6A3115_1867_748_3166_2919.jpg,0.07654567,0.018287428,0.9051669
khanhha_noisy2::Rissbilder_for_Florian_9S6A3122_155_390_2741_3264.jpg,0.18464833,0.06116161,0.7541901
khanhha_noisy2::Rissbilder_for_Florian_9S6A3122_463_1629_3085_3858.jpg,0.46252877,0.032837525,0.5046337
khanhha_noisy2::Rissbilder_for_Florian_9S6A3124_1300_898_2343_2899.jpg,0.09091848,0.0427457,0.86633587
khanhha_noisy2::Rissbilder_for_Florian_9S6A3124_465_2434_3240_3146.jpg,0.11831491,0.040240526,0.84144455
khanhha_noisy2::Rissbilder_for_Florian_9S6A3126_162_642_3629_3769.jpg,0.59377563,0.046808362,0.35941604
khanhha_noisy2::Rissbilder_for_Florian_9S6A3126_206_1216_3376_3686.jpg,0.59494334,0.05449188,0.35056478
khanhha_noisy2::Rissbilder_for_Florian_9S6A3126_264_1533_3180_4043.jpg,0.8119053,0.034819536,0.1532751
khanhha_noisy2::Rissbilder_for_Florian_9S6A3126_429_167_3310_4297.jpg,0.5759842,0.07656536,0.34745044
khanhha_noisy2::Rissbilder_for_Florian_9S6A3129_141_412_2185_2751.jpg,0.38851932,0.21309519,0.39838552
khanhha_noisy2::Rissbilder_for_Florian_9S6A3129_78_688_3494_3199.jpg,0.30463967,0.18286283,0.5124975
khanhha_noisy2::Rissbilder_for_Florian_9S6A3129_882_707_2680_2479.jpg,0.31400356,0.10582214,0.5801743
khanhha_noisy2::Rissbilder_for_Florian_9S6A3132_2349_1232_2560_2243.jpg,0.3938356,0.05069963,0.5554648
khanhha_noisy2::Rissbilder_for_Florian_9S6A3132_2998_275_2346_3000.jpg,0.4040013,0.13960707,0.45639163
khanhha_noisy2::Sylvie_Chambon_058.jpg,0.6912646,0.15117446,0.15756099
khanhha_noisy2::Sylvie_Chambon_062.jpg,0.46531573,0.44104627,0.09363794
khanhha_noisy2::Sylvie_Chambon_068.jpg,0.8162866,0.14425507,0.03945833
khanhha_noisy2::Sylvie_Chambon_089.jpg,0.45389876,0.25952035,0.28658086
khanhha_noisy2::Sylvie_Chambon_206.jpg,0.47257853,0.33137876,0.19604272
khanhha_noisy2::Sylvie_Chambon_207.jpg,0.4572214,0.095168784,0.44760984
khanhha_noisy2::Sylvie_Chambon_306.jpg,0.36194497,0.3965916,0.24146341
khanhha_noisy2::Volker_DSC01608_969_117_1674_1684.jpg,0.1929969,0.49059293,0.31641018
khanhha_noisy2::Volker_DSC01610_123_687_1549_1614.jpg,0.32304102,0.4199407,0.25701824
khanhha_noisy2::Volker_DSC01610_142_1014_1353_1352.jpg,0.2506494,0.50833285,0.24101782
khanhha_noisy2::Volker_DSC01610_303_207_1284_1603.jpg,0.16711472,0.6468152,0.18607007
khanhha_noisy2::Volker_DSC01628_0_0_1824_2736.jpg,0.62607956,0.27372718,0.10019333
khanhha_noisy2::Volker_DSC01628_628_1158_1128_1084.jpg,0.73383677,0.13076498,0.13539822
khanhha_noisy2::Volker_DSC01636_1084_9_1476_1810.jpg,0.17136128,0.2192161,0.6094227
khanhha_noisy2::Volker_DSC01659_516_815_948_1199.jpg,0.55801606,0.25364417,0.18833978
khanhha_noisy2::Volker_DSC01665_11_415_1778_1890.jpg,0.32450846,0.32561255,0.349879
khanhha_noisy2::Volker_DSC01665_74_990_1563_1266.jpg,0.2651714,0.34851724,0.38631138
khanhha_noisy2::Volker_DSC01673_0_0_1824_2736.jpg,0.47038904,0.040079635,0.48953134
khanhha_noisy2::Volker_DSC01677_185_223_1446_1163.jpg,0.7070792,0.15711392,0.13580681
khanhha_noisy2::Volker_DSC01677_26_956_1697_1698.jpg,0.5869434,0.25326386,0.15979277
khanhha_noisy2::Volker_DSC01677_40_7_1782_1399.jpg,0.8244923,0.06981866,0.105689056
khanhha_noisy2::Volker_DSC01687_13_413_1695_1782.jpg,0.5680331,0.29672018,0.13524674
khanhha_noisy2::Volker_DSC01687_256_1075_1494_1234.jpg,0.5618468,0.2549392,0.18321401
khanhha_noisy2::Volker_DSC01688_29_115_1785_2096.jpg,0.5427655,0.24790321,0.20933135
khanhha_noisy2::Volker_DSC01688_89_1104_1613_1250.jpg,0.4605449,0.24474055,0.29471457
khanhha_noisy2::Volker_DSC01696_0_0_2736_1824.jpg,0.6578941,0.1981477,0.14395824
khanhha_noisy2::Volker_DSC01705_103_1212_1149_941.jpg,0.1392141,0.7263379,0.13444795
khanhha_noisy2::Volker_DSC01705_286_514_1483_1229.jpg,0.58788645,0.29928198,0.112831555
khanhha_noisy2::Volker_DSC01705_35_261_1646_1312.jpg,0.66536236,0.13394064,0.20069702
khanhha_noisy2::Volker_DSC01705_493_958_1260_1668.jpg,0.7423022,0.11904777,0.13865001
khanhha_noisy2::Volker_DSC01706_613_680_974_1043.jpg,0.56980616,0.23625916,0.19393468
khanhha_noisy2::Volker_DSC01709_269_118_1281_1314.jpg,0.6721528,0.16742714,0.16041999
khanhha_noisy2::Volker_DSC01709_71_801_1387_1771.jpg,0.56186503,0.24501511,0.19311987
khanhha_noisy2::cracktree200_6281.jpg,0.70855075,0.21901305,0.072436236
khanhha_noisy2::cracktree200_6327.jpg,0.4504826,0.35361207,0.1959053
khanhha_noisy2::cracktree200_6329.jpg,0.62774885,0.28431138,0.087939784
khanhha_noisy2::cracktree200_6330.jpg,0.5573599,0.29252088,0.15011929
khanhha_noisy2::cracktree200_6340.jpg,0.38287446,0.44350153,0.17362396
khanhha_noisy2::cracktree200_6623.jpg,0.7873365,0.13722037,0.07544309
khanhha_noisy2::cracktree200_6658.jpg,0.51935285,0.19808751,0.28255963
khanhha_noisy2::forest_003.jpg,0.8244757,0.032394778,0.14312954
khanhha_noisy2::forest_069.jpg,0.40572715,0.49172693,0.10254587
khanhha_noisy2::forest_076.jpg,0.48050642,0.41212848,0.10736512
khanhha_noisy2::forest_098.jpg,0.34939995,0.27916965,0.3714304
khanhha_noisy2::forest_109.jpg,0.23818393,0.4063054,0.3555107
khanhha_noisy2::noncrack_noncrack_concrete_wall_12_3.jpg.jpg,0.061707307,0.28782335,0.65046936
khanhha_noisy2::noncrack_noncrack_concrete_wall_12_9.jpg.jpg,0.06816465,0.37869307,0.5531423
khanhha_noisy2::noncrack_noncrack_concrete_wall_14_11.jpg.jpg,0.018639257,0.9617937,0.019566933
khanhha_noisy2::noncrack_noncrack_concrete_wall_14_25.jpg.jpg,0.052053247,0.92369795,0.024248846
khanhha_noisy2::noncrack_noncrack_concrete_wall_21_0.jpg.jpg,0.0059539364,0.9721143,0.021931762
khanhha_noisy2::noncrack_noncrack_concrete_wall_31_0.jpg.jpg,0.00537317,0.89172107,0.10290577
khanhha_noisy2::noncrack_noncrack_concrete_wall_31_4.jpg.jpg,0.017079916,0.7830703,0.19984977
khanhha_noisy2::noncrack_noncrack_concrete_wall_34_0.jpg.jpg,0.015424022,0.97990394,0.004671943
khanhha_noisy2::noncrack_noncrack_concrete_wall_39_9.jpg.jpg,0.007486435,0.9643266,0.028186955
khanhha_noisy2::noncrack_noncrack_concrete_wall_40_0.jpg.jpg,0.005652943,0.88231826,0.11202886
khanhha_noisy2::noncrack_noncrack_concrete_wall_40_5.jpg.jpg,0.007953261,0.92759246,0.06445428
khanhha_noisy2::noncrack_noncrack_concrete_wall_45_13.jpg.jpg,0.332328,0.5670245,0.10064748
khanhha_noisy2::noncrack_noncrack_concrete_wall_45_4.jpg.jpg,0.332328,0.5670245,0.10064748
khanhha_noisy2::noncrack_noncrack_concrete_wall_45_5.jpg.jpg,0.332328,0.5670245,0.10064748
khanhha_noisy2::noncrack_noncrack_concrete_wall_54_24.jpg.jpg,0.03451746,0.9550356,0.010446936
khanhha_noisy2::noncrack_noncrack_concrete_wall_54_27.jpg.jpg,0.085675366,0.89265114,0.021673525
khanhha_noisy2::noncrack_noncrack_concrete_wall_54_28.jpg.jpg,0.052754603,0.9329664,0.014279007
khanhha_noisy2::noncrack_noncrack_concrete_wall_54_31.jpg.jpg,0.04101454,0.9461921,0.012793281
khanhha_noisy2::noncrack_noncrack_concrete_wall_54_33.jpg.jpg,0.08316813,0.8885132,0.028318612
khanhha_noisy2::noncrack_noncrack_concrete_wall_54_36.jpg.jpg,0.066203125,0.9213169,0.012479903
khanhha_noisy2::noncrack_noncrack_concrete_wall_54_4.jpg.jpg,0.04659163,0.9375862,0.015822196
khanhha_noisy2::noncrack_noncrack_concrete_wall_54_40.jpg.jpg,0.110672064,0.86420965,0.025118394
khanhha_noisy2::noncrack_noncrack_concrete_wall_54_44.jpg.jpg,0.06616782,0.9177648,0.016067354
khanhha_noisy2::noncrack_noncrack_concrete_wall_54_48.jpg.jpg,0.045184746,0.9385667,0.016248504
khanhha_noisy2::noncrack_noncrack_concrete_wall_54_53.jpg.jpg,0.089411706,0.88927966,0.021308605
khanhha_noisy2::noncrack_noncrack_concrete_wall_54_54.jpg.jpg,0.0797781,0.8990088,0.02121304
khanhha_noisy2::noncrack_noncrack_concrete_wall_54_57.jpg.jpg,0.05523794,0.92713857,0.017623546
khanhha_noisy2::noncrack_noncrack_concrete_wall_54_72.jpg.jpg,0.034697674,0.9490274,0.01627491
khanhha_noisy2::noncrack_noncrack_concrete_wall_5_10.jpg.jpg,0.010942319,0.98257476,0.006482928
khanhha_noisy2::noncrack_noncrack_concrete_wall_63_1.jpg.jpg,0.021926885,0.95915437,0.018918687
khanhha_noisy2::noncrack_noncrack_concrete_wall_67_1.jpg.jpg,0.029206255,0.92555016,0.045243647
khanhha_noisy2::noncrack_noncrack_concrete_wall_67_2.jpg.jpg,0.036174573,0.8802409,0.08358448
khanhha_noisy2::noncrack_noncrack_concrete_wall_6_0.jpg.jpg,0.034296952,0.90930897,0.056394126
khanhha_noisy2::noncrack_noncrack_concrete_wall_70_3.jpg.jpg,0.039174277,0.68763036,0.27319536
khanhha_noisy2::noncrack_noncrack_concrete_wall_73_1.jpg.jpg,0.014413556,0.9287273,0.05685906
khanhha_noisy2::noncrack_noncrack_concrete_wall_73_2.jpg.jpg,0.014413556,0.9287273,0.05685906
khanhha_noisy2::noncrack_noncrack_concrete_wall_73_4.jpg.jpg,0.011174583,0.9297082,0.059117306
khanhha_noisy2::noncrack_noncrack_concrete_wall_75_0.jpg.jpg,0.007577304,0.95926833,0.03315434
khanhha_noisy2::noncrack_noncrack_concrete_wall_75_18.jpg.jpg,0.0047091725,0.9553762,0.03991456
khanhha_noisy2::noncrack_noncrack_concrete_wall_75_24.jpg.jpg,0.0094343135,0.95442027,0.036145456
khanhha_noisy2::noncrack_noncrack_concrete_wall_76_1.jpg.jpg,0.21268062,0.7109538,0.07636563
khanhha_noisy2::noncrack_noncrack_concrete_wall_76_22.jpg.jpg,0.2611406,0.6594294,0.07943007
khanhha_noisy2::noncrack_noncrack_concrete_wall_76_30.jpg.jpg,0.20866233,0.6983767,0.09296099
khanhha_noisy2::noncrack_noncrack_concrete_wall_76_36.jpg.jpg,0.1362886,0.8021894,0.061521985
khanhha_noisy2::noncrack_noncrack_concrete_wall_76_38.jpg.jpg,0.18260191,0.71923095,0.09816717
khanhha_noisy2::noncrack_noncrack_concrete_wall_76_49.jpg.jpg,0.20453279,0.72245544,0.07301176
khanhha_noisy2::noncrack_noncrack_concrete_wall_76_5.jpg.jpg,0.19621786,0.69840443,0.10537773
khanhha_noisy2::noncrack_noncrack_concrete_wall_76_62.jpg.jpg,0.37868783,0.52626324,0.09504885
khanhha_noisy2::noncrack_noncrack_concrete_wall_89_0.jpg.jpg,0.009075218,0.985718,0.0052068997
khanhha_noisy2::noncrack_noncrack_concrete_wall_89_1.jpg.jpg,0.006274582,0.98976374,0.003961708
khanhha_noisy2::noncrack_noncrack_concrete_wall_91_1.jpg.jpg,0.014406727,0.9276554,0.057937823
road420::2023_10_30_15_44_IMG_5888.jpg,0.20562449,0.26048753,0.533888
road420::2023_10_30_15_45_IMG_5891.jpg,0.30454126,0.059257947,0.6362008
road420::2023_10_30_15_47_IMG_5893.jpg,0.4802387,0.23693635,0.28282505
road420::2023_10_30_15_48_IMG_5897.jpg,0.37433702,0.03471649,0.5909465
road420::2023_10_30_15_49_IMG_5899.jpg,0.89838547,0.017167902,0.0844466
road420::2023_10_30_15_50_IMG_5905.jpg,0.38883737,0.13862893,0.47253373
road420::2023_10_30_15_52_IMG_5909.jpg,0.32125282,0.0071902294,0.6715569
road420::2023_10_30_15_54_IMG_5916.jpg,0.04520972,0.0068297856,0.94796056
road420::2023_10_30_15_55_IMG_5918.jpg,0.6039075,0.005869225,0.39022326
road420::2023_10_30_16_01_IMG_5930.jpg,0.5964218,0.01250038,0.39107788
road420::2023_10_30_16_16_IMG_5939.jpg,0.33861446,0.04102169,0.62036383
road420::2023_10_30_16_18_IMG_5951.jpg,0.25291812,0.0638756,0.6832063
road420::2023_10_30_16_21_IMG_5958.jpg,0.08149861,0.035858665,0.8826427
road420::2023_10_30_16_23_IMG_5969.jpg,0.12546661,0.35047805,0.5240553
road420::2023_10_30_16_24_IMG_5971.jpg,0.38913676,0.35774377,0.2531195
road420::2023_10_30_16_25_IMG_5975.jpg,0.73745006,0.061556023,0.20099391
road420::2023_10_30_16_26_IMG_5977.jpg,0.6980911,0.039909206,0.26199973
road420::2023_10_30_16_28_IMG_5982.jpg,0.2058362,0.1888004,0.60536337
road420::2023_10_30_16_30_IMG_5986.jpg,0.17538808,0.088843025,0.7357689
road420::2023_10_30_16_32_IMG_5993.jpg,0.46846452,0.0036982999,0.52783716
road420::2023_10_30_16_32_IMG_5994.jpg,0.10245702,0.022376178,0.87516683
road420::2023_10_30_16_33_IMG_5999.jpg,0.08910265,0.01652202,0.8943753
road420::2023_10_30_16_39_IMG_6012.jpg,0.45843923,0.09707946,0.44448134
road420::2023_10_30_16_41_IMG_6028.jpg,0.71239316,0.03129408,0.25631273
road420::2023_10_30_16_44_IMG_6033.jpg,0.25261092,0.06287605,0.684513
road420::2023_10_30_16_44_IMG_6036.jpg,0.20074072,0.025696086,0.77356327
road420::2023_10_30_16_47_IMG_6047.jpg,0.8040648,0.02595532,0.16997994
road420::2023_10_30_16_53_IMG_6062.jpg,0.67082375,0.010335705,0.31884053
road420::2023_10_30_16_55_IMG_6068.jpg,0.5342768,0.040090308,0.42563292
road420::2023_10_30_16_57_IMG_6078.jpg,0.20176414,0.13243535,0.66580045
road420::2023_10_30_16_58_IMG_6084.jpg,0.46239886,0.05611411,0.48148695
road420::2023_10_30_16_58_IMG_6085.jpg,0.29493418,0.06594481,0.639121
road420::2023_10_30_16_58_IMG_6088.jpg,0.70134735,0.05264436,0.24600826
road420::2023_10_30_16_59_IMG_6090.jpg,0.42253608,0.066023946,0.51144
road420::2023_10_30_17_00_IMG_6100.jpg,0.7799177,0.043617003,0.17646524
road420::2023_10_30_17_01_IMG_6105.jpg,0.40425453,0.034413815,0.5613317
road420::2023_10_30_17_01_IMG_6107.jpg,0.7655948,0.06608148,0.16832374
road420::2023_10_30_17_02_IMG_6109.jpg,0.37769666,0.053039107,0.5692643
road420::2023_10_30_17_03_IMG_6120.jpg,0.4508674,0.02909315,0.5200394
road420::2023_10_30_17_04_IMG_6127.jpg,0.46054614,0.054751102,0.4847027
road420::2023_10_30_17_04_IMG_6128.jpg,0.42697304,0.06545668,0.50757027
road420::2023_10_30_17_06_IMG_6138.jpg,0.4024649,0.06312644,0.5344087
road420::2023_10_30_17_21_IMG_6148.jpg,0.23084,0.2639253,0.50523466
road420::2023_10_30_17_24_IMG_6152.jpg,0.43856305,0.073193334,0.4882436
road420::2023_10_30_17_30_IMG_6163.jpg,0.17081302,0.06679163,0.7623953
road420::2023_10_30_17_31_IMG_6168.jpg,0.35607022,0.1461415,0.4977883
road420::2023_10_30_17_31_IMG_6172.jpg,0.5457896,0.047219813,0.40699056
road420::2023_10_30_17_33_IMG_6178.jpg,0.049800284,0.04417331,0.90602636
road420::2023_10_30_17_35_IMG_6188.jpg,0.028475828,0.017119858,0.95440435
road420::2023_10_30_17_36_IMG_6195.jpg,0.32044917,0.058541436,0.62100935
road420::2023_10_30_17_37_IMG_6198.jpg,0.43490744,0.10944399,0.45564863
road420::2023_10_30_17_38_IMG_6200.jpg,0.26830554,0.17637135,0.5553231
road420::2023_10_31_13_41_IMG_6216.jpg,0.72501296,0.054468382,0.22051865
road420::2023_10_31_13_47_IMG_6221.jpg,0.6261308,0.22362557,0.15024365
road420::2023_10_31_13_51_IMG_6223.jpg,0.62766945,0.23396392,0.13836662
road420::2023_10_31_14_10_IMG_6234.jpg,0.15257522,0.21236965,0.6350551
road420::2023_10_31_14_21_IMG_6245.jpg,0.7889992,0.03516396,0.17583683
road420::2023_10_31_14_23_IMG_6247.jpg,0.64939976,0.0878862,0.26271403
road420::2023_10_31_14_26_IMG_6248.jpg,0.68043715,0.032341372,0.2872215
road420::2023_10_31_14_26_IMG_6250.jpg,0.27872825,0.0051855673,0.71608615
road420::2023_10_31_14_28_IMG_6260.jpg,0.62135446,0.0015217748,0.3771237
road420::2023_10_31_14_30_IMG_6265.jpg,0.7553512,0.0853959,0.15925293
road420::2023_10_31_14_30_IMG_6266.jpg,0.82850564,0.07142322,0.100071184
road420::2023_10_31_14_40_IMG_6284.jpg,0.64562535,0.002007786,0.3523669
road420::2023_10_31_14_42_IMG_6285.jpg,0.91797674,0.040787347,0.041235924
road420::2023_10_31_14_43_IMG_6287.jpg,0.9448793,0.027235357,0.02788533
road420::2023_10_31_14_46_IMG_6294.jpg,0.84774816,0.007058988,0.14519283
road420::2023_10_31_14_47_IMG_6297.jpg,0.8714108,0.015034918,0.113554314
road420::2023_11_01_20_21_IMG_6339.jpg,0.07303096,0.70341486,0.22355421
road420::2023_11_01_20_32_IMG_6351.jpg,0.869965,0.026466686,0.10356829
road420::2023_11_01_20_37_IMG_6358.jpg,0.30832908,0.1657294,0.52594155
road420::2023_11_01_20_41_IMG_6367.jpg,0.14250445,0.49261576,0.36487976
road420::2023_11_01_20_44_IMG_6372.jpg,0.4853958,0.14517157,0.36943272
road420::2023_11_05_21_00_IMG_6437.jpg,0.82137746,0.12399372,0.054628786
road420::2023_11_05_21_06_IMG_6453.jpg,0.081516705,0.035325985,0.8831573
road420::2023_11_05_21_07_IMG_6454.jpg,0.22785957,0.19406615,0.5780743
road420::2023_11_05_21_13_IMG_6462.jpg,0.21402715,0.18406864,0.6019042
road420::2023_11_05_21_15_IMG_6466.jpg,0.39810082,0.29220614,0.309693
road420::2023_11_05_21_16_IMG_6468.jpg,0.36186746,0.27389842,0.36423415
road420::2023_11_05_21_19_IMG_6471.jpg,0.09224014,0.07408971,0.8336702
road420::2023_11_05_21_22_IMG_6474.jpg,0.57140166,0.023575319,0.405023
road420::2023_11_05_21_25_IMG_6486.jpg,0.7147385,0.09304936,0.19221224
road420::2023_11_05_21_27_IMG_6490.jpg,0.16312426,0.01928354,0.8175922
road420::2023_11_05_21_27_IMG_6491.jpg,0.4271354,0.122638375,0.45022625
road420::2023_11_05_21_29_IMG_6496.jpg,0.37387136,0.0216399,0.6044888
road420::2023_11_05_21_33_IMG_6507.jpg,0.9141755,0.021679875,0.06414452
road420::2023_11_05_21_38_IMG_6516.jpg,0.21683072,0.7319696,0.05119971
road420::2023_11_05_21_39_IMG_6520.jpg,0.050777048,0.46630973,0.48291326
road420::2023_11_05_21_40_IMG_6523.jpg,0.3282774,0.10314599,0.5685766
facade390::DJ_Wall_1.JPG,0.48934087,0.08703248,0.4236267
facade390::DJ_Wall_100.JPG,0.2796858,0.15721022,0.563104
facade390::DJ_Wall_104.JPG,0.61575764,0.07812064,0.30612165
facade390::DJ_Wall_11.JPG,0.2496848,0.08571889,0.6645963
facade390::DJ_Wall_110.JPG,0.55818474,0.2491688,0.19264644
facade390::DJ_Wall_115.JPG,0.4187486,0.16757183,0.41367957
facade390::DJ_Wall_126.JPG,0.6082305,0.04872171,0.34304777
facade390::DJ_Wall_129.JPG,0.7275015,0.056935657,0.2155629
facade390::DJ_Wall_130.JPG,0.7931447,0.05369097,0.15316431
facade390::DJ_Wall_138.JPG,0.8294772,0.031053273,0.1394695
facade390::DJ_Wall_159.JPG,0.83613074,0.019563353,0.1443059
facade390::DJ_Wall_161.JPG,0.7678678,0.02458332,0.20754886
facade390::DJ_Wall_169.JPG,0.70461065,0.07049273,0.22489664
facade390::DJ_Wall_172.JPG,0.7647737,0.07264659,0.16257972
facade390::DJ_Wall_189.JPG,0.75972736,0.074399665,0.16587293
facade390::DJ_Wall_190.JPG,0.6386349,0.12069714,0.24066798
facade390::DJ_Wall_195.JPG,0.39986184,0.20999755,0.3901406
facade390::DJ_Wall_202.JPG,0.43016255,0.10959823,0.46023917
facade390::DJ_Wall_206.JPG,0.5177607,0.028458474,0.45378083
facade390::DJ_Wall_210.JPG,0.63961965,0.010654986,0.34972534
facade390::DJ_Wall_216.JPG,0.42020735,0.3605216,0.219271
facade390::DJ_Wall_219.JPG,0.40859544,0.09709988,0.49430466
facade390::DJ_Wall_224.JPG,0.11399704,0.0016509386,0.884352
facade390::DJ_Wall_225.JPG,0.6722595,0.0073067434,0.32043377
facade390::DJ_Wall_229.JPG,0.5116357,0.18881978,0.29954448
facade390::DJ_Wall_240.JPG,0.17331716,0.05162826,0.7750546
facade390::DJ_Wall_242.JPG,0.5970532,0.034878217,0.36806858
facade390::DJ_Wall_244.JPG,0.39646703,0.0361486,0.56738436
facade390::DJ_Wall_253.JPG,0.089490704,0.0017435476,0.9087658
facade390::DJ_Wall_256.JPG,0.12169244,0.0067437375,0.8715638
facade390::DJ_Wall_259.JPG,0.22507045,0.0077349273,0.7671946
facade390::DJ_Wall_260.JPG,0.3645748,0.020040568,0.6153847
facade390::DJ_Wall_265.JPG,0.25783587,0.07869367,0.6634705
facade390::DJ_Wall_274.JPG,0.5378652,0.23628171,0.22585312
facade390::DJ_Wall_283.JPG,0.41447285,0.24279372,0.34273344
facade390::DJ_Wall_296.JPG,0.6679378,0.09777441,0.23428774
facade390::DJ_Wall_301.JPG,0.7389084,0.036209002,0.22488257
facade390::DJ_Wall_302.JPG,0.64129746,0.20835935,0.15034322
facade390::DJ_Wall_305.JPG,0.5412761,0.06471701,0.39400685
facade390::DJ_Wall_308.JPG,0.5381213,0.08575351,0.37612522
facade390::DJ_Wall_315.JPG,0.08309767,0.09804597,0.81885636
facade390::DJ_Wall_320.JPG,0.46656588,0.10047415,0.43296
facade390::DJ_Wall_33.JPG,0.10543942,0.27371502,0.62084556
facade390::DJ_Wall_335.JPG,0.72354805,0.107454404,0.16899751
facade390::DJ_Wall_336.JPG,0.77545416,0.07308431,0.15146157
facade390::DJ_Wall_347.JPG,0.19628994,0.22048008,0.58322996
facade390::DJ_Wall_35.JPG,0.65877736,0.07928618,0.26193643
facade390::DJ_Wall_350.JPG,0.080829024,0.12509334,0.7940777
facade390::DJ_Wall_367.JPG,0.4428052,0.19496448,0.36223033
facade390::DJ_Wall_370.JPG,0.3290434,0.23715046,0.43380612
facade390::DJ_Wall_374.JPG,0.2356466,0.17304642,0.5913069
facade390::DJ_Wall_378.JPG,0.25212765,0.37316486,0.3747075
facade390::DJ_Wall_384.JPG,0.55469084,0.23172578,0.21358337
facade390::DJ_Wall_40.JPG,0.4632116,0.08579658,0.45099187
facade390::DJ_Wall_45.JPG,0.20873897,0.07399655,0.71726453
facade390::DJ_Wall_58.JPG,0.24601647,0.11408569,0.6398978
facade390::DJ_Wall_60.JPG,0.32222167,0.032468207,0.6453101
facade390::DJ_Wall_65.JPG,0.60704845,0.026789557,0.36616206
facade390::DJ_Wall_68.JPG,0.3863391,0.1482818,0.46537915
facade390::DJ_Wall_71.JPG,0.31059277,0.031415552,0.65799165
facade390::DJ_Wall_80.JPG,0.15279292,0.36471212,0.48249495
facade390::DJ_Wall_91.JPG,0.23146015,0.26633477,0.5022051
concrete3k::018_11.jpg,0.33375746,0.41670743,0.24953514
concrete3k::018_15.jpg,0.32833746,0.15601638,0.51564616
concrete3k::018_27.jpg,0.56603533,0.18267961,0.25128505
concrete3k::018_3.jpg,0.5486404,0.11147512,0.33988452
concrete3k::018_43.jpg,0.19193988,0.21279891,0.5952612
concrete3k::018_7.jpg,0.45383513,0.095436014,0.45072883
concrete3k::019_11.jpg,0.43373498,0.40767935,0.15858568
concrete3k::019_2.jpg,0.4935301,0.16854978,0.33792013
concrete3k::019_3.jpg,0.5102168,0.089646496,0.40013665
concrete3k::019_36.jpg,0.34267625,0.18236707,0.47495663
concrete3k::019_44.jpg,0.46630958,0.16277225,0.37091815
concrete3k::019_8.jpg,0.42757475,0.22924004,0.34318525
concrete3k::023_10.jpg,0.49831128,0.18777366,0.31391513
concrete3k::023_11.jpg,0.46860528,0.3532892,0.17810558
concrete3k::023_18.jpg,0.42942196,0.20464815,0.36592984
concrete3k::023_20.jpg,0.5772304,0.23468447,0.18808512
concrete3k::023_21.jpg,0.31296402,0.5200167,0.16701937
concrete3k::023_22.jpg,0.3484207,0.13152002,0.5200593
concrete3k::023_31.jpg,0.53823847,0.24429037,0.21747115
concrete3k::023_39.jpg,0.12879518,0.4507314,0.42047343
concrete3k::023_8.jpg,0.44645163,0.0846014,0.468947
concrete3k::026_17.jpg,0.7329955,0.1228273,0.14417721
concrete3k::026_18.jpg,0.36555058,0.42173272,0.21271668
concrete3k::026_19.jpg,0.35541132,0.35909677,0.28549197
concrete3k::026_27.jpg,0.35678846,0.389718,0.25349358
concrete3k::026_28.jpg,0.24942243,0.22121882,0.52935874
concrete3k::026_29.jpg,0.43794084,0.2642464,0.2978128
concrete3k::026_31.jpg,0.46503142,0.19944496,0.3355236
concrete3k::026_8.jpg,0.19721872,0.38772875,0.4150525
concrete3k::032_10.jpg,0.27057296,0.3554841,0.373943
concrete3k::032_11.jpg,0.40832657,0.17938322,0.41229025
concrete3k::032_19.jpg,0.46269503,0.09807709,0.43922788
concrete3k::032_2.jpg,0.53248113,0.1121199,0.3553989
concrete3k::032_20.jpg,0.57510316,0.07940074,0.34549615
concrete3k::032_28.jpg,0.40449122,0.12073383,0.47477496
concrete3k::032_37.jpg,0.4092569,0.117696725,0.47304636
concrete3k::032_45.jpg,0.5387863,0.14215916,0.31905457
concrete3k::035_10.jpg,0.2421814,0.32035527,0.43746328
concrete3k::035_19.jpg,0.33900148,0.31331015,0.34768835
concrete3k::035_37.jpg,0.46601647,0.28249535,0.25148812
concrete3k::035_46.jpg,0.28813368,0.3459566,0.36590973
concrete3k::035_9.jpg,0.44055477,0.23409262,0.32535258
concrete3k::036_11.jpg,0.48451674,0.32202697,0.19345626
concrete3k::036_21.jpg,0.5125325,0.1369892,0.3504783
concrete3k::036_29.jpg,0.53243124,0.14851111,0.31905764
concrete3k::036_30.jpg,0.58628666,0.122722335,0.29099098
concrete3k::036_39.jpg,0.485885,0.2801315,0.2339835
concrete3k::036_8.jpg,0.6669003,0.18051974,0.15258
concrete3k::036_9.jpg,0.54425395,0.27061713,0.18512894
concrete3k::040_21.jpg,0.40404037,0.45364836,0.14231129
concrete3k::040_23.jpg,0.40828222,0.35256028,0.23915748
concrete3k::040_26.jpg,0.6699142,0.15682006,0.17326573
concrete3k::040_28.jpg,0.29170075,0.5806173,0.127682
concrete3k::040_33.jpg,0.47214407,0.2300635,0.29779246
concrete3k::040_34.jpg,0.5937193,0.18594429,0.2203364
concrete3k::054_10.jpg,0.5120197,0.13886249,0.34911776
concrete3k::054_11.jpg,0.4226143,0.27823362,0.2991521
concrete3k::054_20.jpg,0.38677067,0.13043182,0.48279753
concrete3k::054_28.jpg,0.7233685,0.09647666,0.18015483
concrete3k::054_37.jpg,0.6308313,0.23503287,0.13413578
concrete3k::054_46.jpg,0.6866634,0.2250501,0.08828648
concrete3k::057_0.jpg,0.6432451,0.07082437,0.28593057
concrete3k::057_1.jpg,0.64738035,0.27640513,0.07621448
concrete3k::057_10.jpg,0.4684649,0.35633147,0.17520356
concrete3k::057_19.jpg,0.69952804,0.13794881,0.16252315
concrete3k::057_29.jpg,0.37763962,0.37571985,0.24664047
concrete3k::057_30.jpg,0.30529454,0.30537075,0.38933468
concrete3k::057_39.jpg,0.6106039,0.17824468,0.21115136
concrete3k::060_0.jpg,0.5807334,0.12917969,0.29008687
concrete3k::060_10.jpg,0.53164744,0.28492597,0.18342654
concrete3k::060_11.jpg,0.32583296,0.4357504,0.23841663
concrete3k::060_19.jpg,0.200421,0.70885444,0.09072458
concrete3k::060_27.jpg,0.16309762,0.6066638,0.2302386
concrete3k::060_28.jpg,0.2688065,0.58277965,0.1484139
concrete3k::060_39.jpg,0.25701997,0.2677873,0.4751927
concrete3k::060_45.jpg,0.58891964,0.19984218,0.2112382
concrete3k::060_47.jpg,0.31663704,0.0944632,0.5888998
concrete3k::061_19.jpg,0.5251529,0.107682824,0.3671642
concrete3k::061_28.jpg,0.48929983,0.066969775,0.44373038
concrete3k::061_45.jpg,0.49528855,0.293001,0.21171042
concrete3k::061_46.jpg,0.16399817,0.78897625,0.047025558
concrete3k::061_47.jpg,0.73478854,0.07804098,0.1871705
concrete3k::061_9.jpg,0.56311166,0.22036082,0.21652754
concrete3k::063_0.jpg,0.81157446,0.0562722,0.13215332
concrete3k::063_1.jpg,0.7002412,0.12474395,0.17501487
concrete3k::063_11.jpg,0.17426269,0.47652155,0.34921575
concrete3k::063_29.jpg,0.32936335,0.19275193,0.4778848
concrete3k::063_3.jpg,0.3866229,0.25005594,0.3633212
concrete3k::063_37.jpg,0.30114877,0.41833532,0.2805159
concrete3k::063_38.jpg,0.27965665,0.5305195,0.18982387
concrete3k::063_39.jpg,0.18268755,0.13902698,0.6782855
concrete3k::063_46.jpg,0.5408057,0.10238578,0.3568085
concrete3k::063_47.jpg,0.5946644,0.33580342,0.06953216
concrete3k::067_14.jpg,0.64847636,0.057075825,0.29444778
concrete3k::067_28.jpg,0.25555524,0.32564852,0.41879627
concrete3k::067_32.jpg,0.83262414,0.037865896,0.12951006
concrete3k::067_34.jpg,0.48589495,0.34197792,0.17212714
concrete3k::067_36.jpg,0.5030639,0.11567394,0.38126215
concrete3k::067_41.jpg,0.7146637,0.11870829,0.16662802
concrete3k::067_43.jpg,0.31064913,0.065935075,0.62341577
concrete3k::076_16.jpg,0.46671185,0.18947002,0.34381813
concrete3k::076_17.jpg,0.5424272,0.21400702,0.24356575
concrete3k::076_18.jpg,0.33150342,0.3331273,0.33536932
concrete3k::076_20.jpg,0.26737657,0.55185723,0.18076618
concrete3k::076_21.jpg,0.28924695,0.27645794,0.43429515
concrete3k::076_30.jpg,0.44244114,0.15322241,0.40433645
concrete3k::076_33.jpg,0.19763267,0.31192386,0.49044347
concrete3k::076_34.jpg,0.25445393,0.13144076,0.6141053
concrete3k::076_39.jpg,0.49062544,0.17488055,0.334494
concrete3k::080_18.jpg,0.3095818,0.43667504,0.25374314
concrete3k::080_19.jpg,0.113046125,0.13092002,0.75603384
concrete3k::080_24.jpg,0.60833013,0.29137972,0.10029008
concrete3k::080_25.jpg,0.38391253,0.18476842,0.43131903
concrete3k::080_26.jpg,0.21987937,0.3233943,0.45672634
concrete3k::080_28.jpg,0.17321283,0.2627656,0.5640216
concrete3k::080_39.jpg,0.55024153,0.1729802,0.2767783
concrete3k::080_47.jpg,0.25039336,0.42880616,0.32080048
concrete3k::086_11.jpg,0.46540374,0.29631647,0.2382798
concrete3k::086_19.jpg,0.38864025,0.39473528,0.21662444
concrete3k::086_3.jpg,0.3314889,0.04608152,0.6224296
concrete3k::086_35.jpg,0.6805309,0.1305023,0.18896675
concrete3k::086_4.jpg,0.6525747,0.11274939,0.23467587
concrete3k::086_43.jpg,0.43081462,0.14961892,0.41956645
concrete3k::090_11.jpg,0.40199086,0.24983935,0.34816977
concrete3k::090_2.jpg,0.68915826,0.12668388,0.18415786
concrete3k::090_27.jpg,0.7643623,0.12262461,0.11301306
concrete3k::090_3.jpg,0.6069171,0.1443076,0.24877536
concrete3k::095_12.jpg,0.6647536,0.15830606,0.17694025
concrete3k::095_13.jpg,0.64210016,0.13318646,0.22471336
concrete3k::095_20.jpg,0.44832706,0.36161315,0.19005977
concrete3k::095_43.jpg,0.6086901,0.15836275,0.23294716
concrete3k::095_44.jpg,0.2257503,0.45824078,0.31600893
concrete3k::095_5.jpg,0.5262542,0.14591506,0.32783085
concrete3k::098_13.jpg,0.37578946,0.3921957,0.23201485
concrete3k::098_28.jpg,0.16995382,0.36917242,0.46087384
concrete3k::098_29.jpg,0.33592322,0.2392614,0.42481536
concrete3k::098_34.jpg,0.42934474,0.2899928,0.28066245
concrete3k::098_36.jpg,0.19868982,0.22696927,0.5743409
concrete3k::098_37.jpg,0.31764174,0.39775687,0.28460142
concrete3k::098_40.jpg,0.49886146,0.26898494,0.23215356
concrete3k::098_42.jpg,0.33217636,0.2476407,0.42018294
concrete3k::098_43.jpg,0.26430765,0.16664316,0.5690492
concrete3k::098_6.jpg,0.7773682,0.10345537,0.11917646
concrete3k::100_15.jpg,0.24664676,0.333446,0.41990724
concrete3k::100_21.jpg,0.24195766,0.23169066,0.5263517
concrete3k::100_22.jpg,0.20214382,0.479696,0.31816018
concrete3k::100_26.jpg,0.1023605,0.20601851,0.691621
concrete3k::100_28.jpg,0.13188072,0.28582594,0.58229333
concrete3k::100_30.jpg,0.13083886,0.21641241,0.65274876
concrete3k::100_31.jpg,0.27304143,0.33863795,0.3883206
concrete3k::100_32.jpg,0.36194456,0.43370318,0.20435221
concrete3k::100_7.jpg,0.46985728,0.32398662,0.20615612
concrete3k::104_0.jpg,0.65218884,0.28006122,0.06774997
concrete3k::104_1.jpg,0.40942335,0.5064564,0.08412026
concrete3k::104_11.jpg,0.077453755,0.68825114,0.23429514
concrete3k::104_12.jpg,0.22360037,0.28652972,0.48986986
concrete3k::104_13.jpg,0.28693876,0.52088904,0.19217218
concrete3k::104_14.jpg,0.29133058,0.36520362,0.3434658
concrete3k::104_2.jpg,0.5256867,0.3616508,0.11266252
concrete3k::104_22.jpg,0.331689,0.3098908,0.3584202
concrete3k::104_23.jpg,0.41419712,0.22838463,0.3574183
concrete3k::104_34.jpg,0.55819243,0.13031271,0.31149486
concrete3k::104_35.jpg,0.4089774,0.32877097,0.26225162
concrete3k::104_40.jpg,0.7723444,0.07576777,0.15188785
concrete3k::104_42.jpg,0.11309363,0.6921107,0.19479567
concrete3k::107_20.jpg,0.59551513,0.14031537,0.2641695
concrete3k::107_24.jpg,0.7902039,0.1467149,0.063081145
concrete3k::107_26.jpg,0.5888677,0.26421773,0.14691448
concrete3k::107_27.jpg,0.44142538,0.22015274,0.33842188
concrete3k::109_1.jpg,0.759311,0.0123817725,0.22830714
concrete3k::109_14.jpg,0.7644794,0.009184152,0.22633652
concrete3k::109_15.jpg,0.7368637,0.03095741,0.23217887
concrete3k::109_2.jpg,0.5733274,0.010916763,0.41575587
concrete3k::115_13.jpg,0.14031838,0.63989365,0.21978794
concrete3k::115_16.jpg,0.663654,0.2340719,0.10227415
concrete3k::115_17.jpg,0.5984358,0.26871857,0.13284557
concrete3k::115_18.jpg,0.6022332,0.22527952,0.17248735
concrete3k::115_20.jpg,0.31079173,0.34211114,0.34709716
concrete3k::115_22.jpg,0.5486696,0.23887968,0.21245077
concrete3k::123_19.jpg,0.7660613,0.07907511,0.15486357
concrete3k::123_27.jpg,0.63324857,0.20608684,0.16066456
concrete3k::123_39.jpg,0.32055062,0.32277632,0.35667306
concrete3k::123_43.jpg,0.65649366,0.24011576,0.10339061
concrete3k::124_2.jpg,0.73118955,0.03622504,0.23258534
concrete3k::124_36.jpg,0.7957555,0.07128223,0.13296227
concrete3k::124_37.jpg,0.54528624,0.05141673,0.40329707
concrete3k::124_44.jpg,0.47268713,0.16516443,0.36214837
concrete3k::124_45.jpg,0.7630442,0.05199486,0.18496095
concrete3k::128_18.jpg,0.7322888,0.1730121,0.094699144
concrete3k::128_20.jpg,0.3708032,0.28462887,0.34456795
concrete3k::128_21.jpg,0.60889786,0.16895723,0.22214496
concrete3k::128_23.jpg,0.29024595,0.5645971,0.14515698
concrete3k::128_25.jpg,0.4611512,0.38299906,0.15584977
concrete3k::128_31.jpg,0.6887579,0.17745954,0.13378252
concrete3k::138_17.jpg,0.5171193,0.1641684,0.31871232
concrete3k::138_36.jpg,0.43636847,0.28201258,0.28161895
concrete3k::138_37.jpg,0.32413897,0.50993603,0.16592495
concrete3k::138_39.jpg,0.5411406,0.36289757,0.09596178
concrete3k::138_8.jpg,0.71231854,0.11639931,0.1712821
concrete3k::138_9.jpg,0.61451966,0.12468762,0.26079273
concrete3k::146_20.jpg,0.47440654,0.29583478,0.22975868
concrete3k::146_36.jpg,0.57005775,0.29962987,0.13031235
concrete3k::146_43.jpg,0.4959266,0.16919158,0.33488187
concrete3k::146_44.jpg,0.5336764,0.2796608,0.18666291
concrete3k::146_5.jpg,0.6619253,0.14647721,0.19159745
concrete3k::149_21.jpg,0.6595159,0.16086753,0.17961654
concrete3k::149_22.jpg,0.7383417,0.092727944,0.16893032
concrete3k::149_26.jpg,0.5857989,0.29472595,0.119475126
concrete3k::149_27.jpg,0.7164973,0.18177891,0.101723775
concrete3k::149_28.jpg,0.6885238,0.1140532,0.19742289
concrete3k::170_10.jpg,0.3817426,0.056003965,0.5622534
concrete3k::170_19.jpg,0.4592255,0.2909194,0.24985509
concrete3k::170_20.jpg,0.46612313,0.050827917,0.48304898
concrete3k::170_25.jpg,0.69790995,0.15827726,0.14381275
concrete3k::170_27.jpg,0.15869841,0.5111242,0.33017737
concrete3k::170_29.jpg,0.24542962,0.4607978,0.2937726
concrete3k::170_31.jpg,0.66815543,0.10631335,0.22553122
concrete3k::170_38.jpg,0.39875883,0.2915465,0.30969465
concrete3k::170_39.jpg,0.6975267,0.099198885,0.20327444
concrete3k::170_9.jpg,0.29738352,0.086347766,0.61626875
concrete3k::176_21.jpg,0.31947234,0.5011619,0.17936583
concrete3k::176_24.jpg,0.5711534,0.2438733,0.18497336
concrete3k::176_26.jpg,0.5067611,0.36060107,0.13263789
concrete3k::176_28.jpg,0.5173327,0.28127864,0.20138866
concrete3k::176_29.jpg,0.5625291,0.17537925,0.26209164
concrete3k::176_35.jpg,0.24526256,0.12601162,0.6287258
concrete3k::179_16.jpg,0.71564347,0.093277395,0.19107914
concrete3k::179_24.jpg,0.551203,0.14170633,0.30709058
concrete3k::179_30.jpg,0.48600292,0.3787034,0.13529369
concrete3k::179_31.jpg,0.53735304,0.34628657,0.11636041
concrete3k::179_33.jpg,0.44623995,0.15326472,0.40049538
concrete3k::179_36.jpg,0.24764225,0.5269272,0.22543056
concrete3k::179_37.jpg,0.347246,0.47744927,0.17530476
concrete3k::190_14.jpg,0.5341404,0.25292784,0.21293171
concrete3k::190_20.jpg,0.16120486,0.57218856,0.26660663
concrete3k::190_27.jpg,0.2275124,0.58468616,0.18780145
concrete3k::190_28.jpg,0.32766178,0.33080223,0.34153596
concrete3k::190_33.jpg,0.32155412,0.5570944,0.12135142
concrete3k::190_7.jpg,0.6027104,0.1577607,0.23952885
concrete3k::199_12.jpg,0.25639412,0.0790703,0.6645356
concrete3k::199_14.jpg,0.26053938,0.4944304,0.24503021
concrete3k::199_15.jpg,0.1189231,0.6754646,0.20561233
concrete3k::199_19.jpg,0.12582205,0.4978654,0.37631255
concrete3k::199_20.jpg,0.2528139,0.33276242,0.4144237
concrete3k::199_21.jpg,0.22082986,0.36876813,0.41040197
concrete3k::199_26.jpg,0.058896057,0.6793968,0.26170716
concrete3k::199_27.jpg,0.16410819,0.379162,0.45672983
concrete3k::199_40.jpg,0.54471904,0.2065244,0.24875654
concrete3k::203_13.jpg,0.47842842,0.36975265,0.15181896
concrete3k::203_17.jpg,0.7596154,0.11249854,0.12788603
concrete3k::203_18.jpg,0.68275255,0.10933723,0.2079102
concrete3k::203_21.jpg,0.7609217,0.10094382,0.13813443
concrete3k::203_24.jpg,0.5205659,0.096098244,0.3833358
concrete3k::203_25.jpg,0.39979872,0.2403999,0.35980138
concrete3k::203_29.jpg,0.7536457,0.08252146,0.16383281
concrete3k::203_32.jpg,0.3311355,0.046508204,0.6223563
concrete3k::203_37.jpg,0.53275734,0.17865811,0.28858456
concrete3k::203_40.jpg,0.49888492,0.121420816,0.37969428
concrete3k::203_45.jpg,0.62511045,0.21520555,0.15968402
concrete3k::203_5.jpg,0.7039203,0.16219652,0.13388322
concrete3k::203_6.jpg,0.34909514,0.27548373,0.3754211
concrete3k::206_0.jpg,0.810509,0.036353845,0.15313709
concrete3k::206_1.jpg,0.5938796,0.22887668,0.17724371
concrete3k::206_10.jpg,0.5423748,0.2852887,0.17233652
concrete3k::206_11.jpg,0.39889622,0.3501895,0.25091425
concrete3k::206_19.jpg,0.6862502,0.122188486,0.1915613
concrete3k::206_2.jpg,0.06708381,0.5429525,0.38996372
concrete3k::206_28.jpg,0.5707669,0.24320212,0.18603095
concrete3k::206_37.jpg,0.735798,0.09205009,0.17215186
concrete3k::206_38.jpg,0.657629,0.2305108,0.11186019
concrete3k::206_39.jpg,0.8727109,0.050235424,0.07705366
concrete3k::206_9.jpg,0.51647514,0.32134777,0.16217712
concrete3k::210_13.jpg,0.6799607,0.124516256,0.19552301
concrete3k::210_14.jpg,0.11443518,0.11005488,0.77550995
concrete3k::210_15.jpg,0.318689,0.14837658,0.5329345
concrete3k::210_22.jpg,0.3786365,0.1673034,0.45406002
concrete3k::210_28.jpg,0.42401665,0.30544105,0.27054223
concrete3k::210_29.jpg,0.43197992,0.29372743,0.27429262
concrete3k::210_36.jpg,0.5138966,0.19528076,0.29082265
concrete3k::215_20.jpg,0.36269477,0.18377177,0.45353344
concrete3k::215_22.jpg,0.1978209,0.107244596,0.6949344
concrete3k::215_32.jpg,0.30998352,0.02793592,0.6620805
concrete3k::215_35.jpg,0.35336235,0.19818571,0.4484519
concrete3k::215_6.jpg,0.1555186,0.17639711,0.66808426
concrete3k::215_7.jpg,0.5778713,0.14997683,0.27215183
concrete3k::218_29.jpg,0.73340684,0.06586444,0.20072874
concrete3k::221_17.jpg,0.6454054,0.23566718,0.11892745
concrete3k::221_18.jpg,0.69997334,0.12132631,0.17870027
concrete3k::221_25.jpg,0.51261866,0.21781614,0.2695652
concrete3k::221_26.jpg,0.5581414,0.29682964,0.14502902
concrete3k::221_29.jpg,0.26177144,0.533943,0.20428556
concrete3k::221_30.jpg,0.435151,0.26611286,0.29873613
concrete3k::221_31.jpg,0.4037397,0.29543597,0.3008243
concrete3k::221_39.jpg,0.35176548,0.3100186,0.33821595
concrete3k::224_16.jpg,0.66771823,0.11466624,0.21761556
concrete3k::224_17.jpg,0.63839996,0.21506329,0.14653678
concrete3k::224_18.jpg,0.81323355,0.06473762,0.12202883
concrete3k::224_19.jpg,0.52201384,0.088889,0.38909715
concrete3k::224_29.jpg,0.29199666,0.4857263,0.22227703
concrete3k::224_30.jpg,0.4980045,0.3126076,0.18938789
concrete3k::224_31.jpg,0.4920023,0.26470676,0.24329086
concrete3k::224_37.jpg,0.43852115,0.06959135,0.49188748
concrete3k::224_38.jpg,0.33557323,0.27790478,0.386522
concrete3k::230_10.jpg,0.14987028,0.22825398,0.6218757
concrete3k::230_11.jpg,0.13893223,0.12860127,0.7324665
concrete3k::230_19.jpg,0.16942377,0.14738187,0.68319434
concrete3k::230_2.jpg,0.49476796,0.06076268,0.44446936
concrete3k::230_25.jpg,0.08731599,0.33839318,0.57429075
concrete3k::230_26.jpg,0.11494597,0.37590185,0.5091522
concrete3k::230_27.jpg,0.19217812,0.27159336,0.53622854
concrete3k::230_28.jpg,0.23934354,0.3120939,0.4485625
concrete3k::230_3.jpg,0.0694508,0.5168094,0.41373983
concrete3k::230_30.jpg,0.07024153,0.60920477,0.3205537
concrete3k::230_31.jpg,0.10063142,0.6283549,0.27101368
concrete3k::230_33.jpg,0.26220524,0.10909756,0.62869716
concrete3k::230_34.jpg,0.22984797,0.111806616,0.6583454
concrete3k::230_42.jpg,0.197061,0.47451735,0.32842162
concrete3k::233_21.jpg,0.23209278,0.60930437,0.15860279
concrete3k::233_22.jpg,0.48675436,0.3891009,0.12414466
concrete3k::233_23.jpg,0.3854747,0.090350315,0.524175
concrete3k::233_27.jpg,0.2274211,0.6617123,0.11086662
concrete3k::233_28.jpg,0.456783,0.25214025,0.29107678
concrete3k::233_30.jpg,0.58067197,0.13518056,0.2841474
concrete3k::233_44.jpg,0.28560936,0.14983064,0.56456
concrete3k::233_9.jpg,0.4021467,0.36602092,0.23183234
concrete3k::236_17.jpg,0.605108,0.05710152,0.3377905
concrete3k::236_19.jpg,0.38857976,0.28807434,0.3233459
concrete3k::236_25.jpg,0.5935909,0.045588244,0.36082083
concrete3k::236_28.jpg,0.3105992,0.20926797,0.48013282
concrete3k::236_37.jpg,0.44040614,0.0316818,0.527912
concrete3k::236_39.jpg,0.6083984,0.080018446,0.3115831
concrete3k::236_45.jpg,0.12062854,0.45862088,0.42075053
concrete3k::236_47.jpg,0.36218214,0.22912651,0.40869138
concrete3k::236_9.jpg,0.4691095,0.04351765,0.4873729
concrete3k::253_10.jpg,0.17738552,0.5457465,0.27686796
concrete3k::253_11.jpg,0.42373884,0.17778489,0.39847627
concrete3k::253_12.jpg,0.30728045,0.39823464,0.29448497
concrete3k::253_17.jpg,0.5384023,0.28523263,0.176365
concrete3k::253_20.jpg,0.21364321,0.26914355,0.5172132
concrete3k::253_22.jpg,0.33077267,0.4006002,0.26862717
concrete3k::253_23.jpg,0.73004675,0.08057106,0.18938226
concrete3k::253_24.jpg,0.5142583,0.21892758,0.26681408
concrete3k::253_3.jpg,0.28741387,0.14862499,0.5639611
concrete3k::253_31.jpg,0.55342674,0.36735103,0.07922223
concrete3k::259_0.jpg,0.6588623,0.15131934,0.18981838
concrete3k::259_10.jpg,0.7691047,0.102777496,0.12811778
concrete3k::259_11.jpg,0.40296748,0.050668992,0.54636353
concrete3k::259_18.jpg,0.54342926,0.21077767,0.24579309
concrete3k::259_29.jpg,0.6371641,0.21501778,0.14781815
concrete3k::264_16.jpg,0.65653074,0.17983283,0.16363637
concrete3k::264_25.jpg,0.49779752,0.33547658,0.16672583
concrete3k::264_26.jpg,0.5150338,0.26781693,0.21714924
concrete3k::264_38.jpg,0.7022789,0.101203926,0.19651721
concrete3k::264_39.jpg,0.73148507,0.12042923,0.14808567
concrete3k::264_45.jpg,0.6246476,0.095619164,0.27973324
concrete3k::265_18.jpg,0.48718792,0.28738043,0.22543162
concrete3k::265_26.jpg,0.4862994,0.17038147,0.3433192
concrete3k::265_28.jpg,0.43017098,0.13192262,0.4379064
concrete3k::265_36.jpg,0.43469983,0.18856433,0.37673578
concrete3k::265_39.jpg,0.6512933,0.06972674,0.27897996
concrete3k::265_46.jpg,0.3734302,0.2972104,0.32935944
concrete3k::265_9.jpg,0.61447805,0.2580513,0.12747064
concrete3k::281_17.jpg,0.72366244,0.07316124,0.20317636
concrete3k::281_27.jpg,0.59094554,0.1974485,0.21160594
concrete3k::281_28.jpg,0.25625148,0.17972389,0.56402457
concrete3k::281_31.jpg,0.6864018,0.17985506,0.1337431
concrete3k::281_35.jpg,0.5474227,0.09541546,0.35716182
concrete3k::281_36.jpg,0.3820388,0.25844747,0.35951376
concrete3k::281_37.jpg,0.6548213,0.09011584,0.2550629
concrete3k::281_44.jpg,0.074025035,0.011374492,0.9146005
concrete3k::281_45.jpg,0.6188967,0.049778126,0.3313251
concrete3k::282_16.jpg,0.28651354,0.068401344,0.6450851
concrete3k::282_18.jpg,0.46506184,0.12634286,0.4085953
concrete3k::282_25.jpg,0.33817396,0.1593147,0.5025113
concrete3k::282_27.jpg,0.35924527,0.33953223,0.3012225
concrete3k::282_28.jpg,0.60797775,0.09817733,0.2938449
concrete3k::282_31.jpg,0.69035786,0.2223692,0.08727303
concrete3k::283_16.jpg,0.5970489,0.02999313,0.37295797
concrete3k::283_19.jpg,0.56330323,0.1932909,0.24340591
concrete3k::283_20.jpg,0.557666,0.08541882,0.35691524
concrete3k::283_21.jpg,0.4715212,0.2503995,0.2780793
concrete3k::283_26.jpg,0.6224508,0.11378278,0.26376635
concrete3k::283_27.jpg,0.36366114,0.06436258,0.57197624
concrete3k::286_17.jpg,0.5350311,0.27409282,0.1908761
concrete3k::286_27.jpg,0.12947123,0.8190301,0.05149865
concrete3k::286_29.jpg,0.5185741,0.32290938,0.1585165
concrete3k::286_39.jpg,0.6678614,0.12674473,0.20539387
concrete3k::295_13.jpg,0.5568285,0.032054238,0.4111173
concrete3k::295_16.jpg,0.66349024,0.011132032,0.32537773
concrete3k::295_18.jpg,0.4361565,0.09438377,0.46945974
concrete3k::301_0.jpg,0.58538723,0.0064008706,0.40821186
concrete3k::301_10.jpg,0.78844184,0.03344375,0.17811444
concrete3k::301_11.jpg,0.6968053,0.040137436,0.2630573
concrete3k::301_15.jpg,0.8411612,0.022141485,0.1366974
concrete3k::301_19.jpg,0.7332785,0.0657722,0.20094931
concrete3k::301_20.jpg,0.85773665,0.028403265,0.11386007
concrete3k::323_15.jpg,0.7653476,0.08492442,0.14972799
concrete3k::323_19.jpg,0.6589035,0.08942869,0.2516679
concrete3k::323_23.jpg,0.4315588,0.1439817,0.4244595
concrete3k::359_10.jpg,0.43043128,0.3454153,0.22415337
concrete3k::359_11.jpg,0.5309605,0.31358385,0.15545566
concrete3k::359_16.jpg,0.57208216,0.29959032,0.12832761
concrete3k::359_21.jpg,0.6984384,0.17641562,0.12514599
concrete3k::359_32.jpg,0.6697856,0.19496077,0.13525358
concrete3k::359_42.jpg,0.7665025,0.120462164,0.11303528
concrete3k::359_43.jpg,0.827308,0.06106286,0.111629054
concrete3k::360_12.jpg,0.21354626,0.4768324,0.3096214
concrete3k::360_13.jpg,0.22534227,0.3004076,0.4742501
concrete3k::360_14.jpg,0.45605475,0.20804346,0.33590186
concrete3k::360_20.jpg,0.35817754,0.19797492,0.4438475
concrete3k::360_22.jpg,0.6195705,0.18219517,0.19823435
concrete3k::360_27.jpg,0.56509185,0.12189244,0.3130157
concrete3k::360_32.jpg,0.583439,0.26855043,0.14801057
concrete3k::360_5.jpg,0.77578074,0.10892877,0.11529045
concrete3k::360_6.jpg,0.43659136,0.21872972,0.34467888
concrete3k::373_14.jpg,0.31412393,0.20863687,0.47723925
concrete3k::373_21.jpg,0.3749267,0.3470668,0.27800655
concrete3k::373_26.jpg,0.32179847,0.3363658,0.34183577
concrete3k::373_37.jpg,0.49436688,0.3133059,0.19232716
concrete3k::373_9.jpg,0.40084732,0.26561737,0.33353528
concrete3k::375_21.jpg,0.18419564,0.31733027,0.49847415
concrete3k::375_26.jpg,0.17593768,0.46755895,0.35650343
concrete3k::375_3.jpg,0.40228084,0.35833275,0.23938644
concrete3k::375_31.jpg,0.31908837,0.32138136,0.3595302
concrete3k::375_38.jpg,0.11897922,0.47860482,0.40241602
concrete3k::375_44.jpg,0.59562135,0.049086854,0.35529178
concrete3k::375_9.jpg,0.23142618,0.5794823,0.18909155
concrete3k::379_22.jpg,0.4862616,0.31933278,0.19440557
concrete3k::379_23.jpg,0.6339418,0.20263205,0.16342613
concrete3k::379_25.jpg,0.13171597,0.44640467,0.42187932
concrete3k::379_26.jpg,0.48078546,0.1907644,0.32845014
concrete3k::379_27.jpg,0.36005697,0.4065068,0.23343624
concrete3k::379_28.jpg,0.14676225,0.35440883,0.4988289
concrete3k::379_29.jpg,0.46942154,0.4065592,0.12401928
concrete3k::381_25.jpg,0.33936867,0.46991855,0.19071284
concrete3k::381_26.jpg,0.31915376,0.5164402,0.16440603
concrete3k::381_34.jpg,0.42856684,0.44009745,0.13133566
concrete3k::382_0.jpg,0.4139564,0.18920833,0.3968352
concrete3k::382_11.jpg,0.43366143,0.28306994,0.2832687
concrete3k::382_17.jpg,0.40051663,0.13360333,0.46588004
concrete3k::382_26.jpg,0.33158392,0.45642373,0.2119924
concrete3k::382_39.jpg,0.28388315,0.28494826,0.4311686
concrete3k::382_40.jpg,0.4825716,0.21728209,0.30014628
concrete3k::382_6.jpg,0.57191825,0.219334,0.20874776
concrete3k::384_14.jpg,0.7641174,0.14347118,0.0924114
concrete3k::384_2.jpg,0.7598474,0.07825118,0.16190143
concrete3k::384_32.jpg,0.69536895,0.10110559,0.20352553
concrete3k::384_33.jpg,0.6093888,0.19326185,0.19734931
concrete3k::384_39.jpg,0.7208485,0.20524603,0.073905446
concrete3k::384_45.jpg,0.7754509,0.07447969,0.15006943
concrete3k::384_46.jpg,0.72166795,0.14411908,0.134213
concrete3k::384_8.jpg,0.70760465,0.11722849,0.17516688
concrete3k::405_15.jpg,0.4164902,0.107267976,0.47624186
concrete3k::405_21.jpg,0.29386607,0.2861448,0.41998914
concrete3k::405_32.jpg,0.15134273,0.4312326,0.41742468
concrete3k::405_37.jpg,0.26897377,0.24842747,0.48259875
concrete3k::405_38.jpg,0.28352854,0.21668257,0.4997889
concrete3k::412_21.jpg,0.15661128,0.43032497,0.41306373
concrete3k::412_39.jpg,0.30476412,0.5117118,0.1835241
concrete3k::412_45.jpg,0.64663637,0.2484699,0.10489375
concrete3k::412_8.jpg,0.34763518,0.470756,0.18160887
concrete3k::416_14.jpg,0.4678075,0.3759336,0.15625891
concrete3k::416_2.jpg,0.5950083,0.1780341,0.2269576
concrete3k::416_21.jpg,0.2549175,0.34527043,0.399812
concrete3k::416_27.jpg,0.57218987,0.17511195,0.25269824
concrete3k::416_32.jpg,0.4682654,0.27593786,0.2557967
concrete3k::416_44.jpg,0.6148029,0.11905876,0.26613832
concrete3k::421_10.jpg,0.24441645,0.30574086,0.44984275
concrete3k::421_15.jpg,0.24129197,0.21127872,0.5474293
concrete3k::421_21.jpg,0.21652043,0.47214985,0.31132975
concrete3k::421_26.jpg,0.16697994,0.46164674,0.37137333
concrete3k::421_27.jpg,0.15903912,0.46344703,0.3775139
concrete3k::421_37.jpg,0.42338303,0.20774569,0.36887136
concrete3k::427_1.jpg,0.6237477,0.2781783,0.09807396
concrete3k::427_19.jpg,0.30290553,0.25522202,0.44187248
concrete3k::427_40.jpg,0.33496472,0.5014647,0.16357058
concrete3k::427_47.jpg,0.29213703,0.62936836,0.078494556
concrete3k::427_7.jpg,0.265781,0.57396454,0.16025443
concrete3k::431_26.jpg,0.34842384,0.40033814,0.25123802
concrete3k::431_27.jpg,0.15985596,0.5560361,0.28410795
concrete3k::431_38.jpg,0.41370583,0.41386014,0.17243408
concrete3k::431_8.jpg,0.18559575,0.33917657,0.47522762
concrete3k::436_14.jpg,0.101497106,0.67409086,0.22441202
concrete3k::436_20.jpg,0.22566818,0.42098096,0.35335088
concrete3k::436_26.jpg,0.30446762,0.4008084,0.29472402
concrete3k::436_27.jpg,0.33599412,0.40240628,0.26159963
concrete3k::436_39.jpg,0.30151916,0.3133786,0.38510227
concrete3k::436_45.jpg,0.36060166,0.49670744,0.1426909
concrete3k::436_8.jpg,0.3128511,0.49265268,0.19449614
concrete3k::442_14.jpg,0.5051001,0.07937693,0.41552305
concrete3k::442_2.jpg,0.79081404,0.076145194,0.13304076
concrete3k::442_21.jpg,0.21447513,0.52100116,0.2645237
concrete3k::442_3.jpg,0.40621158,0.020044912,0.57374346
concrete3k::442_32.jpg,0.621454,0.14775011,0.23079586
concrete3k::442_38.jpg,0.57921314,0.050897937,0.369889
concrete3k::442_39.jpg,0.63042283,0.102375366,0.26720178
concrete3k::442_9.jpg,0.6928876,0.08027915,0.22683328
concrete3k::444_11.jpg,0.6537681,0.12845893,0.21777293
concrete3k::444_16.jpg,0.6165858,0.21915789,0.16425635
concrete3k::444_22.jpg,0.52048534,0.24051334,0.23900136
concrete3k::444_26.jpg,0.61374253,0.2308429,0.15541457
concrete3k::444_5.jpg,0.84450674,0.0569149,0.09857835
concrete3k::452_2.jpg,0.61180675,0.15532361,0.23286963
concrete3k::452_21.jpg,0.34386703,0.4756519,0.18048112
concrete3k::452_25.jpg,0.20579158,0.5719282,0.22228025
concrete3k::452_27.jpg,0.27229026,0.46317518,0.26453456
concrete3k::452_3.jpg,0.49626756,0.24146721,0.2622653
concrete3k::452_39.jpg,0.3708133,0.39181358,0.2373731
concrete3k::452_45.jpg,0.35140124,0.46733665,0.18126215
concrete3k::452_9.jpg,0.28981417,0.5900986,0.12008717
concrete3k::459_14.jpg,0.41780347,0.24175286,0.3404437
concrete3k::459_15.jpg,0.72084004,0.13403824,0.14512166
concrete3k::459_26.jpg,0.6100119,0.26209885,0.12788928
concrete3k::459_31.jpg,0.2640474,0.3540316,0.38192102
concrete3k::459_32.jpg,0.43732226,0.4455449,0.117132835
concrete3k::459_38.jpg,0.5179631,0.26778707,0.21424985
concrete3k::459_44.jpg,0.41239315,0.34682775,0.24077906
concrete3k::465_2.jpg,0.16974983,0.26561186,0.5646383
concrete3k::465_20.jpg,0.12347628,0.6879943,0.18852945
concrete3k::465_26.jpg,0.08849466,0.43474594,0.47675943
concrete3k::465_33.jpg,0.10109919,0.46161687,0.43728396
concrete3k::465_38.jpg,0.27917394,0.36525908,0.35556704
concrete3k::477_14.jpg,0.3943754,0.28586695,0.3197576
concrete3k::477_26.jpg,0.1911528,0.49637473,0.31247243
concrete3k::477_38.jpg,0.17285071,0.48109978,0.34604946
concrete3k::477_44.jpg,0.17817196,0.40836272,0.41346526
concrete3k::482_20.jpg,0.35329503,0.30996084,0.3367442
concrete3k::482_26.jpg,0.43128264,0.31201717,0.25670022
concrete3k::482_31.jpg,0.29114813,0.2661532,0.44269863
concrete3k::482_32.jpg,0.3377494,0.24571383,0.41653675
concrete3k::482_37.jpg,0.30581516,0.31790468,0.37628016
concrete3k::482_4.jpg,0.56735057,0.18993899,0.24271043
concrete3k::482_42.jpg,0.46582523,0.10720105,0.42697373
concrete3k::482_43.jpg,0.5628448,0.10823512,0.32892
concrete3k::482_5.jpg,0.64119774,0.10267368,0.25612852
concrete3k::499_16.jpg,0.80453867,0.093354315,0.10210699
concrete3k::499_19.jpg,0.6672729,0.21743868,0.11528844
concrete3k::499_28.jpg,0.5578922,0.23073536,0.2113724
concrete3k::499_38.jpg,0.55548775,0.2479967,0.19651553
concrete3k::499_47.jpg,0.25849783,0.5094657,0.23203649
concrete3k::510_1.jpg,0.23262654,0.52439666,0.24297677
concrete3k::510_11.jpg,0.39006767,0.3337883,0.27614406
concrete3k::510_12.jpg,0.52128345,0.2957817,0.18293484
concrete3k::510_13.jpg,0.4782479,0.224352,0.2974001
concrete3k::510_21.jpg,0.44750488,0.32065597,0.23183922
concrete3k::510_31.jpg,0.46117845,0.2514968,0.28732476
concrete3k::510_9.jpg,0.38030317,0.36928156,0.25041524
concrete3k::511_1.jpg,0.36180994,0.15638876,0.4818013
concrete3k::511_17.jpg,0.5619874,0.27501675,0.16299589
concrete3k::511_19.jpg,0.22409756,0.56003326,0.21586919
concrete3k::511_27.jpg,0.41357422,0.2720029,0.31442288
concrete3k::511_37.jpg,0.20727153,0.4072104,0.385518
concrete3k::511_38.jpg,0.25010604,0.5344328,0.21546118
concrete3k::511_39.jpg,0.569416,0.28868064,0.14190333
concrete3k::511_8.jpg,0.55888236,0.17807227,0.26304537
concrete3k::523_18.jpg,0.55690295,0.060171444,0.38292557
concrete3k::523_20.jpg,0.542747,0.13928108,0.31797194
concrete3k::523_21.jpg,0.36910266,0.36948127,0.26141608
concrete3k::523_22.jpg,0.5664151,0.21905878,0.21452618
concrete3k::523_25.jpg,0.7053019,0.12589589,0.16880217
concrete3k::523_26.jpg,0.65405494,0.13167535,0.21426961
concrete3k::523_27.jpg,0.36754808,0.14262852,0.48982334
concrete3k::523_28.jpg,0.3853506,0.15106718,0.46358225
concrete3k::525_26.jpg,0.433716,0.33583215,0.23045188
concrete3k::525_32.jpg,0.50305045,0.29444098,0.20250855
concrete3k::525_37.jpg,0.6269837,0.18781893,0.1851974
concrete3k::533_10.jpg,0.19249757,0.5027328,0.3047696
concrete3k::533_15.jpg,0.20335372,0.28176153,0.5148847
concrete3k::533_18.jpg,0.4046386,0.23420775,0.36115372
concrete3k::533_25.jpg,0.3831855,0.25517872,0.3616358
concrete3k::533_26.jpg,0.39349878,0.43240386,0.17409737
concrete3k::533_43.jpg,0.3818317,0.3199173,0.29825103
concrete3k::533_9.jpg,0.20829059,0.17270467,0.6190047
concrete3k::542_11.jpg,0.37692603,0.18101111,0.44206285
concrete3k::542_16.jpg,0.46026787,0.074537545,0.4651946
concrete3k::542_20.jpg,0.48746422,0.23888677,0.27364907
concrete3k::542_27.jpg,0.28619236,0.29258972,0.42121798
concrete3k::542_30.jpg,0.5261517,0.17539185,0.29845646
concrete3k::542_31.jpg,0.28637326,0.52587366,0.18775313
concrete3k::542_36.jpg,0.6120977,0.27251974,0.115382634
concrete3k::546_17.jpg,0.52102953,0.25045446,0.22851601
concrete3k::546_19.jpg,0.38929933,0.2962116,0.31448907
concrete3k::546_20.jpg,0.5217813,0.23498857,0.24323013
concrete3k::546_21.jpg,0.5742677,0.31051314,0.115219206
concrete3k::546_23.jpg,0.58637583,0.231838,0.18178618
concrete3k::546_25.jpg,0.41333348,0.31194627,0.27472025
concrete3k::546_30.jpg,0.5723019,0.24640931,0.18128878
concrete3k::548_10.jpg,0.53767323,0.26743582,0.19489093
concrete3k::548_11.jpg,0.5687778,0.08535356,0.3458687
concrete3k::548_16.jpg,0.41143554,0.31463468,0.27392974
concrete3k::548_20.jpg,0.25823638,0.33420536,0.40755832
concrete3k::548_21.jpg,0.079475716,0.70673895,0.21378534
concrete3k::548_22.jpg,0.25925353,0.22296634,0.51778007
concrete3k::548_26.jpg,0.18802279,0.53913045,0.27284673
concrete3k::548_37.jpg,0.26544422,0.22255385,0.51200193
concrete3k::548_42.jpg,0.2876748,0.044264317,0.6680609
concrete3k::561_13.jpg,0.46273723,0.34191006,0.19535266
concrete3k::561_36.jpg,0.396251,0.17732531,0.42642376
concrete3k::561_37.jpg,0.3828456,0.31921214,0.29794225
concrete3k::561_42.jpg,0.57516015,0.07085252,0.35398743
concrete3k::561_43.jpg,0.45129606,0.3201109,0.22859302
concrete3k::561_8.jpg,0.7168395,0.16037291,0.12278756
concrete3k::561_9.jpg,0.40365764,0.19484742,0.40149498
concrete3k::563_15.jpg,0.35092214,0.24109897,0.4079789
concrete3k::563_19.jpg,0.27793735,0.32678813,0.39527455
concrete3k::563_20.jpg,0.20181607,0.5623907,0.23579329
concrete3k::563_31.jpg,0.31387085,0.45487395,0.23125522
concrete3k::563_37.jpg,0.25809672,0.43481213,0.30709112
concrete3k::563_9.jpg,0.3218922,0.5733528,0.104755
concrete3k::566_15.jpg,0.14994325,0.51775765,0.33229914
concrete3k::566_2.jpg,0.44686937,0.32193112,0.23119947
concrete3k::566_20.jpg,0.1868489,0.70032924,0.11282185
concrete3k::566_38.jpg,0.28845885,0.50006044,0.21148069
concrete3k::566_8.jpg,0.43146303,0.41091713,0.15761976
concrete3k::577_14.jpg,0.35504228,0.18329807,0.4616597
concrete3k::577_16.jpg,0.6968164,0.11336363,0.18981995
concrete3k::577_18.jpg,0.7039388,0.09552137,0.20053989
concrete3k::577_19.jpg,0.7800082,0.13938646,0.08060529
concrete3k::577_20.jpg,0.5552394,0.18633598,0.2584246
concrete3k::577_21.jpg,0.53949755,0.33030203,0.13020034
concrete3k::583_19.jpg,0.34889716,0.17207366,0.4790292
concrete3k::583_24.jpg,0.24618728,0.3522185,0.40159416
concrete3k::583_27.jpg,0.2879988,0.44564974,0.26635143
concrete3k::584_40.jpg,0.57855934,0.09681119,0.32462946
concrete3k::589_1.jpg,0.2926511,0.46497685,0.24237207
concrete3k::589_13.jpg,0.44682306,0.31372556,0.23945136
concrete3k::589_32.jpg,0.15838203,0.1809888,0.66062915
concrete3k::589_40.jpg,0.38861018,0.34909302,0.2622968
concrete3k::603_13.jpg,0.17966923,0.6678688,0.15246196
concrete3k::603_2.jpg,0.36087495,0.3027763,0.33634877
concrete3k::603_39.jpg,0.5483835,0.3055953,0.14602113
concrete3k::603_44.jpg,0.40438867,0.24402852,0.35158283
concrete3k::603_45.jpg,0.20446853,0.6515536,0.14397794
concrete3k::606_15.jpg,0.36197948,0.38512895,0.2528916
concrete3k::606_21.jpg,0.30176368,0.2537752,0.44446108
concrete3k::606_3.jpg,0.6014173,0.1415534,0.25702932
concrete3k::606_31.jpg,0.22806495,0.46517676,0.30675825
concrete3k::606_37.jpg,0.16494109,0.5929483,0.24211064
concrete3k::606_43.jpg,0.6653199,0.09339573,0.24128437
concrete3k::606_9.jpg,0.47164446,0.32789323,0.20046233
