image_id,p_degraded,p_neutral,p_improved
khanhha_original::CFD_037.jpg,0.34798962,0.15094915,0.50106126
khanhha_original::CFD_070.jpg,0.30735537,0.24408184,0.4485628
khanhha_original::CFD_108.jpg,0.13719095,0.26590413,0.59690493
khanhha_original::CRACK500_20160222_081102_1921_721.jpg,0.23639673,0.49418095,0.2694223
khanhha_original::CRACK500_20160222_081102_1_721.jpg,0.35665023,0.25801933,0.38533047
khanhha_original::CRACK500_20160222_114759_1921_361.jpg,0.1429833,0.58044374,0.27657297
khanhha_original::CRACK500_20160222_114759_1921_721.jpg,0.11787355,0.6362676,0.24585891
khanhha_original::CRACK500_20160222_114759_641_361.jpg,0.19434065,0.52307624,0.28258312
khanhha_original::CRACK500_20160222_115224_1281_1081.jpg,0.17889841,0.583438,0.23766358
khanhha_original::CRACK500_20160222_115224_1281_361.jpg,0.25782418,0.3334382,0.40873763
khanhha_original::CRACK500_20160222_164141_1281_1.jpg,0.11048227,0.6430066,0.24651109
khanhha_original::CRACK500_20160222_164141_1921_721.jpg,0.15946269,0.5863988,0.25413853
khanhha_original::CRACK500_20160222_164141_1_1081.jpg,0.15683746,0.56413037,0.27903217
khanhha_original::CRACK500_20160222_165225_1281_721.jpg,0.109804675,0.31452653,0.57566875
khanhha_original::CRACK500_20160222_165715_1921_721.jpg,0.1718452,0.49328142,0.33487338
khanhha_original::CRACK500_20160225_114535_1281_1081.jpg,0.23709989,0.5360119,0.22688824
khanhha_original::CRACK500_20160225_114535_1921_1081.jpg,0.26500648,0.51393,0.22106352
khanhha_original::CRACK500_20160225_114535_1_1.jpg,0.36587864,0.43654382,0.19757752
khanhha_original::CRACK500_20160302_155925_1281_361.jpg,0.21279964,0.39244416,0.39475617
khanhha_original::CRACK500_20160302_155925_641_361.jpg,0.27505478,0.36639,0.35855526
khanhha_original::CRACK500_20160303_092839_1281_361.jpg,0.19676766,0.56864345,0.2345888
khanhha_original::CRACK500_20160303_092839_1281_721.jpg,0.14593464,0.6114447,0.24262066
khanhha_original::CRACK500_20160303_092839_641_721.jpg,0.15636942,0.60246426,0.24116631
khanhha_original::CRACK500_20160303_093353_1921_361.jpg,0.1352687,0.6102583,0.254473
khanhha_original::CRACK500_20160303_093353_1921_721.jpg,0.11076343,0.42802078,0.4612157
khanhha_original::CRACK500_20160306_103903_1281_361.jpg,0.11249004,0.35731286,0.5301971
khanhha_original::CRACK500_20160306_103903_641_361.jpg,0.086159594,0.43357286,0.48026752
khanhha_original::CRACK500_20160306_104522_1921_361.jpg,0.05635059,0.50955194,0.43409744
khanhha_original::CRACK500_20160306_104522_1921_721.jpg,0.063494,0.36347464,0.5730313
khanhha_original::CRACK500_20160306_104522_641_721.jpg,0.08580223,0.4251606,0.48903722
khanhha_original::CRACK500_20160307_144115_1281_1.jpg,0.1842742,0.5789621,0.23676375
khanhha_original::CRACK500_20160307_144916_1281_361.jpg,0.1661328,0.5361331,0.29773408
khanhha_original::CRACK500_20160307_144916_1921_721.jpg,0.09170116,0.5255447,0.38275412
khanhha_original::CRACK500_20160307_145107_1281_721.jpg,0.08106106,0.34789973,0.5710392
khanhha_original::CRACK500_20160307_145107_1_1.jpg,0.11562769,0.56841797,0.31595436
khanhha_original::CRACK500_20160307_162438_1921_1081.jpg,0.123464115,0.4980255,0.37851048
khanhha_original::CRACK500_20160307_162438_1921_721.jpg,0.14609462,0.57838184,0.27552354
khanhha_original::CRACK500_20160308_072951_641_721.jpg,0.1218583,0.6326732,0.24546844
khanhha_original::CRACK500_20160308_073356_1281_1081.jpg,0.11871465,0.63550675,0.24577866
khanhha_original::CRACK500_20160308_073356_641_1.jpg,0.24453744,0.5300913,0.22537126
khanhha_original::CRACK500_20160308_073736_1281_361.jpg,0.11667143,0.61245567,0.27087292
khanhha_original::CRACK500_20160308_073736_641_721.jpg,0.2862298,0.3141772,0.399593
khanhha_original::CRACK500_20160310_114505_641_361.jpg,0.26592523,0.5132089,0.22086588
khanhha_original::CRACK500_20160310_114658_641_721.jpg,0.2791634,0.50285697,0.2179796
khanhha_original::CRACK500_20160316_143445_1281_361.jpg,0.06490954,0.55421054,0.3808799
khanhha_original::CRACK500_20160316_144203_1281_721.jpg,0.070612915,0.65673417,0.27265292
khanhha_original::CRACK500_20160316_144431_641_1081.jpg,0.116524436,0.63749045,0.24598512
khanhha_original::CRACK500_20160321_185534_1281_721.jpg,0.104675084,0.64837325,0.2469516
khanhha_original::CRACK500_20160324_165857_1281_361.jpg,0.1640697,0.46003416,0.3758961
khanhha_original::CRACK500_20160324_165857_641_361.jpg,0.20827644,0.54475784,0.24696577
khanhha_original::CRACK500_20160326_150104_1921_361.jpg,0.14468253,0.41970268,0.4356148
khanhha_original::CRACK500_20160326_150104_1_361.jpg,0.22407502,0.36925614,0.40666884
khanhha_original::CRACK500_20160326_162532_1921_361.jpg,0.104229,0.42984414,0.4659269
khanhha_original::CRACK500_20160326_162532_1_721.jpg,0.15052,0.5850574,0.2644226
khanhha_original::CRACK500_20160328_151355_1281_361.jpg,0.11507794,0.6388051,0.24611697
khanhha_original::CRACK500_20160328_151355_641_721.jpg,0.104349226,0.6028391,0.29281166
khanhha_original::CRACK500_20160328_151504_1_361.jpg,0.31586048,0.45710132,0.2270382
khanhha_original::CRACK500_20160328_152022_1921_1.jpg,0.17198047,0.5711714,0.25684816
khanhha_original::CRACK500_20160328_152022_641_721.jpg,0.13004091,0.53933,0.33062914
khanhha_original::CRACK500_20160328_152328_1281_361.jpg,0.0711388,0.6441261,0.2847351
khanhha_original::CRACK500_20160328_152328_1921_361.jpg,0.09890923,0.5381448,0.36294597
khanhha_original::CRACK500_20160328_152328_641_361.jpg,0.08258681,0.43718794,0.48022524
khanhha_original::CRACK500_20160328_153357_1281_361.jpg,0.09289728,0.4438004,0.46330225
khanhha_original::CRACK500_20160328_153357_641_1.jpg,0.0631039,0.6465112,0.29038492
khanhha_original::CRACK500_20160328_153536_1281_1081.jpg,0.10153652,0.5326154,0.36584806
khanhha_original::CRACK500_20160328_153536_1_1081.jpg,0.1618986,0.53929275,0.29880866
khanhha_original::CRACK500_20160328_153536_641_1081.jpg,0.075662725,0.6764178,0.24791944
khanhha_original::CRACK500_20160328_153553_1281_721.jpg,0.06406069,0.46814045,0.46779883
khanhha_original::CRACK500_20160328_153559_1281_361.jpg,0.10732054,0.5023932,0.3902862
khanhha_original::CRACK500_20160328_153559_1_361.jpg,0.07296063,0.6791647,0.2478746
khanhha_original::CRACK500_20160328_153629_1921_361.jpg,0.04970436,0.6457043,0.30459133
khanhha_original::CRACK500_20160328_153845_1281_721.jpg,0.14101781,0.61571866,0.24326354
khanhha_original::CRACK500_20160328_153845_1_361.jpg,0.14577912,0.47521427,0.3790066
khanhha_original::CRACK500_20160328_153845_641_721.jpg,0.08680595,0.6653639,0.24783017
khanhha_original::CRACK500_20160328_154356_1921_721.jpg,0.20878534,0.41875654,0.3724581
khanhha_original::CRACK500_20160328_154535_1281_721.jpg,0.13649279,0.61233455,0.25117263
khanhha_original::CRACK500_20160328_154535_641_721.jpg,0.09394443,0.44691375,0.45914176
khanhha_original::CRACK500_20160329_094010_1281_361.jpg,0.18794775,0.5327976,0.2792547
khanhha_original::CRACK500_20160329_094010_1_361.jpg,0.18910778,0.5535703,0.25732198
khanhha_original::CRACK500_20160329_094010_641_721.jpg,0.15624069,0.38085765,0.46290162
khanhha_original::CRACK500_20160329_094459_1281_1.jpg,0.09666095,0.49254107,0.41079795
khanhha_original::CRACK500_20160329_094459_641_361.jpg,0.12465407,0.35279462,0.52255136
khanhha_original::CRACK500_20160329_101342_1281_721.jpg,0.13743906,0.3677525,0.49480855
khanhha_original::CRACK500_20160329_101342_641_721.jpg,0.09319005,0.30861536,0.5981946
khanhha_original::CRACK500_20160329_101511_1921_361.jpg,0.14394304,0.28042772,0.5756293
khanhha_original::CRACK500_20160329_104035_1921_721.jpg,0.14912961,0.38008454,0.4707858
khanhha_original::CRACK500_20160329_104035_641_1.jpg,0.12943043,0.31630155,0.554268
khanhha_original::CRACK500_20160329_104111_1281_721.jpg,0.115740135,0.5255869,0.35867286
khanhha_original::CRACK500_20160329_104117_1281_361.jpg,0.1069874,0.6379206,0.25509205
khanhha_original::CRACK500_20160329_104117_1921_361.jpg,0.104341745,0.61163783,0.28402045
khanhha_original::CRACK500_20160329_111111_1921_361.jpg,0.031631563,0.2211526,0.7472158
khanhha_original::CRACK500_20160330_170302_1_721.jpg,0.16327612,0.22968131,0.60704255
khanhha_original::CRACK500_20160330_170848_641_361.jpg,0.15713891,0.2647139,0.5781472
khanhha_original::CRACK500_20160402_150314_641_361.jpg,0.19612892,0.54485965,0.25901148
khanhha_original::CRACK500_20160402_151837_1921_721.jpg,0.18464907,0.46305084,0.35230008
khanhha_original::CRACK500_20160405_171336_641_361.jpg,0.16429368,0.5957192,0.23998709
khanhha_original::CRACK500_20160405_171723_1281_361.jpg,0.12606448,0.32705104,0.54688454
khanhha_original::CRACK500_20160407_163125_1_721.jpg,0.09092854,0.4976922,0.41137925
khanhha_original::CRACK500_IMG_2931_1297_485.jpg,0.32996345,0.33779487,0.33224168
khanhha_original::CRACK500_IMG_2931_1297_969.jpg,0.36587864,0.43654382,0.19757752
khanhha_original::CRACK500_IMG_2931_1945_485.jpg,0.31723896,0.40580952,0.2769515
khanhha_original::CRACK500_IMG_2931_1945_969.jpg,0.3596067,0.435059,0.20533422
khanhha_original::CRACK500_IMG_2931_1_485.jpg,0.30166307,0.4854164,0.21292058
khanhha_original::CRACK500_IMG_2934_649_969.jpg,0.36587864,0.43654382,0.19757752
khanhha_original::CRACK500_IMG_2942_649_485.jpg,0.4047619,0.34515187,0.25008625
khanhha_original::DeepCrack_11123.jpg,0.06403742,0.5787084,0.35725412
khanhha_original::DeepCrack_11156-1.jpg,0.071379945,0.5348286,0.39379144
khanhha_original::DeepCrack_11163-1.jpg,0.18749774,0.20378172,0.60872054
khanhha_original::DeepCrack_11188-2.jpg,0.09705893,0.31923053,0.58371055
khanhha_original::DeepCrack_11188.jpg,0.09992327,0.4280251,0.4720516
khanhha_original::DeepCrack_11231-3.jpg,0.11533626,0.41289085,0.4717729
khanhha_original::DeepCrack_11231-4.jpg,0.14121489,0.43630612,0.42247903
khanhha_original::DeepCrack_11289-9.jpg,0.2857567,0.23758438,0.47665894
khanhha_original::DeepCrack_IMG25-6.jpg,0.28292516,0.31734753,0.3997273
khanhha_original::DeepCrack_IMG27-3.jpg,0.0922742,0.104002394,0.8037234
khanhha_original::DeepCrack_IMG27-7.jpg,0.097923435,0.111367516,0.790709
khanhha_original::DeepCrack_IMG27-8.jpg,0.102609634,0.13862169,0.7587687
khanhha_original::DeepCrack_IMG27-9.jpg,0.098472044,0.25751284,0.64401513
khanhha_original::DeepCrack_IMG36-2.jpg,0.3725697,0.2533416,0.37408873
khanhha_original::DeepCrack_IMG_6472-1.jpg,0.11810764,0.5932354,0.288657
khanhha_original::DeepCrack_IMG_6516-1.jpg,0.25536922,0.054292675,0.6903381
khanhha_original::DeepCrack_IMG_6522-1.jpg,0.50902665,0.35625064,0.13472268
khanhha_original::DeepCrack_IMG_6537-1.jpg,0.19049364,0.57381123,0.23569514
khanhha_original::Eugen_Muller_4470_327_315_563_732.jpg,0.43968162,0.0400394,0.52027905
khanhha_original::GAPS384_test_0042_541_1.jpg,0.28725287,0.3278081,0.38493901
khanhha_original::GAPS384_train_0455_541_1.jpg,0.16434239,0.08990781,0.7457498
khanhha_original::GAPS384_train_0514_541_1.jpg,0.14008698,0.13242206,0.72749096
khanhha_original::GAPS384_train_0664_1_1.jpg,0.26011908,0.19820628,0.5416747
khanhha_original::GAPS384_train_0664_541_641.jpg,0.31289375,0.16532953,0.52177674
khanhha_original::GAPS384_train_0698_1_641.jpg,0.3437951,0.12599812,0.53020674
khanhha_original::GAPS384_train_0809_541_1.jpg,0.2508174,0.05153331,0.6976493
khanhha_original::GAPS384_train_1015_1_641.jpg,0.28724402,0.2533908,0.45936516
khanhha_original::GAPS384_train_1218_541_1.jpg,0.24198444,0.4788767,0.2791388
khanhha_original::GAPS384_train_1238_1_1.jpg,0.33175978,0.3152448,0.35299543
khanhha_original::GAPS384_train_1281_541_1.jpg,0.29349115,0.24352919,0.46297964
khanhha_original::Rissbilder_for_Florian_9S6A2791_180_347_3514_4469.jpg,0.41368306,0.33840764,0.2479093
khanhha_original::Rissbilder_for_Florian_9S6A2791_268_477_2530_3149.jpg,0.2670879,0.5077733,0.22513872
khanhha_original::Rissbilder_for_Florian_9S6A2791_454_1477_3234_3143.jpg,0.3188478,0.48036724,0.20078501
khanhha_original::Rissbilder_for_Florian_9S6A2796_352_1675_3345_3505.jpg,0.2133964,0.5542909,0.23231275
khanhha_original::Rissbilder_for_Florian_9S6A2796_360_1209_3312_4152.jpg,0.35696524,0.46069014,0.18234457
khanhha_original::Rissbilder_for_Florian_9S6A2796_365_740_3391_4131.jpg,0.27265567,0.57036215,0.15698214
khanhha_original::Rissbilder_for_Florian_9S6A2807_112_2167_3474_2842.jpg,0.31796506,0.6318879,0.050146982
khanhha_original::Rissbilder_for_Florian_9S6A2807_149_637_3674_3362.jpg,0.3185378,0.6300259,0.051436298
khanhha_original::Rissbilder_for_Florian_9S6A2807_224_1187_3581_3340.jpg,0.26773143,0.670532,0.06173661
khanhha_original::Rissbilder_for_Florian_9S6A2807_577_1818_2154_2452.jpg,0.2160885,0.6835251,0.100386366
khanhha_original::Rissbilder_for_Florian_9S6A2813_90_1297_3435_4044.jpg,0.15347227,0.6081133,0.2384145
khanhha_original::Rissbilder_for_Florian_9S6A2816_0_0_3840_5760.jpg,0.07583882,0.5476319,0.3765293
khanhha_original::Rissbilder_for_Florian_9S6A2816_113_51_3722_4201.jpg,0.14893939,0.5569311,0.29412958
khanhha_original::Rissbilder_for_Florian_9S6A2816_1644_2004_1934_2558.jpg,0.15726104,0.40214524,0.4405938
khanhha_original::Rissbilder_for_Florian_9S6A2816_255_1654_2762_3248.jpg,0.15278652,0.31518018,0.5320333
khanhha_original::Rissbilder_for_Florian_9S6A2816_375_1185_3365_3750.jpg,0.13362706,0.58315176,0.2832212
khanhha_original::Rissbilder_for_Florian_9S6A2816_48_1105_3458_4373.jpg,0.13355866,0.5849655,0.28147578
khanhha_original::Rissbilder_for_Florian_9S6A2830_317_1218_3139_3120.jpg,0.074001655,0.81268156,0.11331673
khanhha_original::Rissbilder_for_Florian_9S6A2830_356_323_2546_2076.jpg,0.08312531,0.84789145,0.068983234
khanhha_original::Rissbilder_for_Florian_9S6A2830_715_2986_2996_2571.jpg,0.050213512,0.8643083,0.08547815
khanhha_original::Rissbilder_for_Florian_9S6A2830_87_511_3003_3652.jpg,0.0762031,0.8083982,0.11539875
khanhha_original::Rissbilder_for_Florian_9S6A2833_0_720_3814_3967.jpg,0.16383517,0.61973834,0.21642657
khanhha_original::Rissbilder_for_Florian_9S6A2833_11_1057_3805_3303.jpg,0.15492772,0.60413146,0.24094078
khanhha_original::Rissbilder_for_Florian_9S6A2833_596_837_3205_3950.jpg,0.22492412,0.59479433,0.1802816
khanhha_original::Rissbilder_for_Florian_9S6A2839_132_1745_2786_3604.jpg,0.16732042,0.6865104,0.14616911
khanhha_original::Rissbilder_for_Florian_9S6A2839_8_923_3789_4181.jpg,0.14286648,0.6833667,0.17376684
khanhha_original::Rissbilder_for_Florian_9S6A2843_12_1425_2920_2441.jpg,0.16248263,0.57614374,0.2613736
khanhha_original::Rissbilder_for_Florian_9S6A2843_178_404_2380_2116.jpg,0.052212793,0.7692156,0.17857167
khanhha_original::Rissbilder_for_Florian_9S6A2843_369_1526_1885_2389.jpg,0.17050178,0.4609568,0.36854145
khanhha_original::Rissbilder_for_Florian_9S6A2843_734_2194_2503_2654.jpg,0.18189687,0.5475617,0.2705414
khanhha_original::Rissbilder_for_Florian_9S6A2843_81_439_3537_3036.jpg,0.14595506,0.68229544,0.17174952
khanhha_original::Rissbilder_for_Florian_9S6A2849_1010_1722_2676_2957.jpg,0.13786066,0.6884889,0.17365043
khanhha_original::Rissbilder_for_Florian_9S6A2849_239_1191_3521_3188.jpg,0.1393367,0.72211677,0.13854645
khanhha_original::Rissbilder_for_Florian_9S6A2849_465_1014_2857_3753.jpg,0.10386878,0.68522245,0.21090877
khanhha_original::Rissbilder_for_Florian_9S6A2859_1580_320_3896_3471.jpg,0.06829091,0.6178025,0.31390658
khanhha_original::Rissbilder_for_Florian_9S6A2859_1796_34_3392_3713.jpg,0.08705479,0.59119135,0.32175386
khanhha_original::Rissbilder_for_Florian_9S6A2859_2073_725_3430_2687.jpg,0.1358837,0.45566216,0.40845415
khanhha_original::Rissbilder_for_Florian_9S6A2866_277_585_3310_3706.jpg,0.26619476,0.58043146,0.15337381
khanhha_original::Rissbilder_for_Florian_9S6A2866_643_1201_2050_2536.jpg,0.23344925,0.48126668,0.28528404
khanhha_original::Rissbilder_for_Florian_9S6A2868_169_34_3542_2947.jpg,0.35310265,0.37780634,0.26909104
khanhha_original::Rissbilder_for_Florian_9S6A2868_252_1319_2263_2294.jpg,0.24487635,0.23737676,0.51774687
khanhha_original::Rissbilder_for_Florian_9S6A2868_257_950_3108_3346.jpg,0.29622337,0.37855694,0.32521978
khanhha_original::Rissbilder_for_Florian_9S6A2868_353_804_2737_3193.jpg,0.24952643,0.45056275,0.29991075
khanhha_original::Rissbilder_for_Florian_9S6A2868_867_2101_2821_2989.jpg,0.2779567,0.43967092,0.28237233
khanhha_original::Rissbilder_for_Florian_9S6A2875_169_1864_3516_3562.jpg,0.10060326,0.79161674,0.10778004
khanhha_original::Rissbilder_for_Florian_9S6A2875_228_47_2676_2777.jpg,0.16960005,0.47137308,0.3590269
khanhha_original::Rissbilder_for_Florian_9S6A2875_36_523_3631_3027.jpg,0.118344426,0.7380269,0.14362866
khanhha_original::Rissbilder_for_Florian_9S6A2875_97_864_3672_4225.jpg,0.0773872,0.8318496,0.09076319
khanhha_original::Rissbilder_for_Florian_9S6A2876_169_722_2977_3880.jpg,0.16218077,0.34456015,0.4932591
khanhha_original::Rissbilder_for_Florian_9S6A2876_79_1349_3734_3387.jpg,0.09190969,0.5230333,0.38505694
khanhha_original::Rissbilder_for_Florian_9S6A2876_800_744_2945_3705.jpg,0.19986622,0.33761603,0.46251783
khanhha_original::Rissbilder_for_Florian_9S6A2877_304_1360_2589_2329.jpg,0.14013264,0.6243393,0.23552799
khanhha_original::Rissbilder_for_Florian_9S6A2877_417_140_3357_4443.jpg,0.04778408,0.6211413,0.33107466
khanhha_original::Rissbilder_for_Florian_9S6A2877_472_1716_2206_2901.jpg,0.06554932,0.5583896,0.37606105
khanhha_original::Rissbilder_for_Florian_9S6A2889_470_1014_3063_3785.jpg,0.18681675,0.4333457,0.3798376
khanhha_original::Rissbilder_for_Florian_9S6A2889_671_2114_2686_3238.jpg,0.18099083,0.5331205,0.2858886
khanhha_original::Rissbilder_for_Florian_9S6A2893_46_3035_3311_2720.jpg,0.06635753,0.8480587,0.085583836
khanhha_original::Rissbilder_for_Florian_9S6A2893_986_2947_2387_2036.jpg,0.09849159,0.46577796,0.43573043
khanhha_original::Rissbilder_for_Florian_9S6A2900_113_3085_3124_2494.jpg,0.10972032,0.7728965,0.11738314
khanhha_original::Rissbilder_for_Florian_9S6A2900_163_3290_2437_2240.jpg,0.0583016,0.7812975,0.16040084
khanhha_original::Rissbilder_for_Florian_9S6A2900_197_1041_3309_3760.jpg,0.15201412,0.5899,0.2580859
khanhha_original::Rissbilder_for_Florian_9S6A2908_1091_77_2830_3744.jpg,0.09000507,0.3886682,0.5213267
khanhha_original::Rissbilder_for_Florian_9S6A2908_1096_896_2445_1861.jpg,0.10380284,0.22060438,0.6755928
khanhha_original::Rissbilder_for_Florian_9S6A2908_1599_736_3074_2729.jpg,0.2003233,0.48290798,0.31676865
khanhha_original::Rissbilder_for_Florian_9S6A2911_1125_1393_2108_2755.jpg,0.45161352,0.3653075,0.18307897
khanhha_original::Rissbilder_for_Florian_9S6A2911_323_1692_3460_3572.jpg,0.20643564,0.45569894,0.33786547
khanhha_original::Rissbilder_for_Florian_9S6A2918_430_1739_2794_3223.jpg,0.40518045,0.24196158,0.35285798
khanhha_original::Rissbilder_for_Florian_9S6A3087_146_59_3684_4477.jpg,0.109668635,0.5836996,0.30663177
khanhha_original::Rissbilder_for_Florian_9S6A3090_836_130_3789_3301.jpg,0.100807786,0.83708835,0.06210389
khanhha_original::Rissbilder_for_Florian_9S6A3090_960_1737_2204_2039.jpg,0.12582839,0.7519109,0.12226068
khanhha_original::Rissbilder_for_Florian_9S6A3093_157_2766_2021_2677.jpg,0.5706748,0.21811178,0.21121345
khanhha_original::Rissbilder_for_Florian_9S6A3093_616_1617_3135_4052.jpg,0.30965456,0.49459773,0.19574764
khanhha_original::Rissbilder_for_Florian_9S6A3093_895_2172_2481_2123.jpg,0.5053678,0.30994707,0.18468511
khanhha_original::Rissbilder_for_Florian_9S6A3104_1061_1181_3086_2630.jpg,0.19586919,0.59982216,0.20430855
khanhha_original::Rissbilder_for_Florian_9S6A3104_151_147_3971_3570.jpg,0.12820943,0.7774808,0.09430977
khanhha_original::Rissbilder_for_Florian_9S6A3104_783_263_3586_3511.jpg,0.118348114,0.76054865,0.12110328
khanhha_original::Rissbilder_for_Florian_9S6A3110_0_0_3840_5760.jpg,0.06473376,0.6709551,0.26431108
khanhha_original::Rissbilder_for_Florian_9S6A3110_52_945_3558_4432.jpg,0.061365496,0.76050586,0.17812864
khanhha_original::Rissbilder_for_Florian_9S6A3111_42_1509_3500_3908.jpg,0.09989337,0.7221328,0.17797385
khanhha_original::Rissbilder_for_Florian_9S6A3111_601_683_2556_3338.jpg,0.31356457,0.5665856,0.119849816
khanhha_original::Rissbilder_for_Florian_9S6A3118_1132_115_4379_3677.jpg,0.09757084,0.827649,0.07478022
khanhha_original::Rissbilder_for_Florian_9S6A3118_2514_38_2922_3514.jpg,0.098137446,0.7442345,0.15762804
khanhha_original::Rissbilder_for_Florian_9S6A3123_240_2905_2709_2486.jpg,0.062789835,0.8157943,0.12141591
khanhha_original::Rissbilder_for_Florian_9S6A3123_372_1209_3339_4319.jpg,0.053156327,0.7793043,0.16753933
khanhha_original::Rissbilder_for_Florian_9S6A3134_140_2003_2431_2080.jpg,0.2383743,0.4609715,0.3006542
khanhha_original::Rissbilder_for_Florian_9S6A3134_417_310_2997_3294.jpg,0.18542272,0.5638331,0.25074413
khanhha_original::Rissbilder_for_Florian_9S6A3134_422_2625_3386_2683.jpg,0.17094968,0.30145943,0.52759093
khanhha_original::Rissbilder_for_Florian_9S6A3134_750_425_1978_2414.jpg,0.24343158,0.5326628,0.2239056
khanhha_original::Rissbilder_for_Florian_9S6A3134_76_855_3718_4555.jpg,0.17174871,0.40743497,0.4208163
khanhha_original::Sylvie_Chambon_006.jpg,0.36170033,0.18781862,0.45048106
khanhha_original::Sylvie_Chambon_025.jpg,0.40798685,0.15341467,0.43859857
khanhha_original::Sylvie_Chambon_057.jpg,0.15446618,0.12593636,0.71959746
khanhha_original::Sylvie_Chambon_208.jpg,0.09200578,0.74648225,0.16151194
khanhha_original::Sylvie_Chambon_303.jpg,0.020439254,0.10264042,0.8769203
khanhha_original::Sylvie_Chambon_Im_noGT_ESAR_33a.jpg,0.6512695,0.14926769,0.19946271
khanhha_original::Volker_DSC01612_211_482_1550_1714.jpg,0.08409602,0.3558828,0.5600212
khanhha_original::Volker_DSC01612_8_444_1816_1750.jpg,0.0907586,0.38354602,0.5256953
khanhha_original::Volker_DSC01625_69_1101_1754_1427.jpg,0.036812857,0.5935192,0.36966792
khanhha_original::Volker_DSC01626_121_195_1176_1486.jpg,0.09718619,0.36454523,0.53826857
khanhha_original::Volker_DSC01626_24_407_1783_1611.jpg,0.0758904,0.5929762,0.33113346
khanhha_original::Volker_DSC01634_192_653_1400_1605.jpg,0.11023588,0.48300073,0.40676337
khanhha_original::Volker_DSC01634_193_315_1605_1896.jpg,0.080748186,0.5055301,0.41372168
khanhha_original::Volker_DSC01634_213_873_1583_1809.jpg,0.083677046,0.4744784,0.4418446
khanhha_original::Volker_DSC01634_30_959_1479_1599.jpg,0.14822355,0.5584174,0.29335904
khanhha_original::Volker_DSC01638_447_153_1384_1576.jpg,0.15521093,0.2504576,0.59433144
khanhha_original::Volker_DSC01638_708_382_1525_1354.jpg,0.1556506,0.2964746,0.54787475
khanhha_original::Volker_DSC01638_937_538_1159_1162.jpg,0.13321479,0.25879496,0.60799026
khanhha_original::Volker_DSC01641_300_104_1322_1459.jpg,0.34369162,0.25572562,0.40058282
khanhha_original::Volker_DSC01641_437_407_1733_1413.jpg,0.24717249,0.33033603,0.42249143
khanhha_original::Volker_DSC01641_929_30_1600_1758.jpg,0.3093501,0.22112562,0.46952426
khanhha_original::Volker_DSC01643_1311_276_1242_1009.jpg,0.41636872,0.21036264,0.37326866
khanhha_original::Volker_DSC01643_157_235_1785_1431.jpg,0.31140786,0.20050292,0.48808923
khanhha_original::Volker_DSC01650_983_400_1710_1295.jpg,0.08440918,0.024032388,0.8915584
khanhha_original::Volker_DSC01655_613_606_1092_1056.jpg,0.3044232,0.3768362,0.31874052
khanhha_original::Volker_DSC01656_140_1416_1684_1279.jpg,0.15017149,0.37269884,0.47712958
khanhha_original::Volker_DSC01664_168_876_1650_1486.jpg,0.27487564,0.30013338,0.42499098
khanhha_original::Volker_DSC01664_41_897_1611_1239.jpg,0.32672235,0.27429533,0.39898232
khanhha_original::Volker_DSC01664_84_855_1625_1542.jpg,0.25203818,0.23399201,0.51396984
khanhha_original::Volker_DSC01671_63_417_1630_2053.jpg,0.023342442,0.25547996,0.7211776
khanhha_original::Volker_DSC01674_0_1080_1601_1598.jpg,0.001934469,0.2110544,0.7870111
khanhha_original::Volker_DSC01674_53_426_1730_2092.jpg,0.0032056489,0.23803647,0.7587579
khanhha_original::Volker_DSC01674_748_1007_996_1190.jpg,0.06409127,0.14256066,0.793348
khanhha_original::Volker_DSC01685_202_585_1600_1686.jpg,0.20856006,0.37829652,0.4131434
khanhha_original::Volker_DSC01685_252_569_1566_2047.jpg,0.18048315,0.2672857,0.55223113
khanhha_original::Volker_DSC01693_1323_467_1353_1116.jpg,0.057984173,0.4796711,0.4623447
khanhha_original::Volker_DSC01693_166_276_1259_1362.jpg,0.17385107,0.38268006,0.44346884
khanhha_original::Volker_DSC01698_213_356_1899_1462.jpg,0.15648839,0.70295244,0.14055908
khanhha_original::Volker_DSC01699_0_0_1824_2736.jpg,0.10019608,0.25518644,0.64461756
khanhha_original::Volker_DSC01699_751_408_1048_1101.jpg,0.120293416,0.27099317,0.60871345
khanhha_original::Volker_DSC01708_274_347_1439_1315.jpg,0.28441203,0.44982934,0.26575872
khanhha_original::cracktree200_6201.jpg,0.13323878,0.28012833,0.5866329
khanhha_original::cracktree200_6259.jpg,0.17527391,0.24750718,0.57721895
khanhha_original::cracktree200_6268.jpg,0.15502024,0.3654208,0.479559
khanhha_original::cracktree200_6321.jpg,0.20539339,0.30465648,0.4899501
khanhha_original::cracktree200_6328.jpg,0.12545317,0.35799444,0.51655245
khanhha_original::cracktree200_6334.jpg,0.0917519,0.28024518,0.62800294
khanhha_original::cracktree200_6351.jpg,0.10163561,0.117835104,0.78052926
khanhha_original::forest_048.jpg,0.3704451,0.18322246,0.44633245
khanhha_original::forest_091.jpg,0.33260402,0.33925208,0.32814395
khanhha_original::noncrack_noncrack_concrete_wall_100_4.jpg.jpg,0.06868433,0.9078012,0.023514476
khanhha_original::noncrack_noncrack_concrete_wall_19_1.jpg.jpg,0.0031170356,0.9679929,0.028890098
khanhha_original::noncrack_noncrack_concrete_wall_19_3.jpg.jpg,0.0028962512,0.9753236,0.021780172
khanhha_original::noncrack_noncrack_concrete_wall_19_6.jpg.jpg,0.0038084188,0.97329277,0.022898806
khanhha_original::noncrack_noncrack_concrete_wall_19_7.jpg.jpg,0.0024142677,0.9813425,0.016243283
khanhha_original::noncrack_noncrack_concrete_wall_19_8.jpg.jpg,0.0030270296,0.9525985,0.044374447
khanhha_original::noncrack_noncrack_concrete_wall_26_0.jpg.jpg,0.034346584,0.91892546,0.04672793
khanhha_original::noncrack_noncrack_concrete_wall_27_5.jpg.jpg,0.22257133,0.501028,0.27640057
khanhha_original::noncrack_noncrack_concrete_wall_37_1.jpg.jpg,0.015613465,0.9535986,0.030787889
khanhha_original::noncrack_noncrack_concrete_wall_37_4.jpg.jpg,0.0062343767,0.9752044,0.018561281
khanhha_original::noncrack_noncrack_concrete_wall_49_4.jpg.jpg,0.03089062,0.9635485,0.0055609453
khanhha_original::noncrack_noncrack_concrete_wall_50_2.jpg.jpg,0.00328822,0.98884857,0.00786318
khanhha_original::noncrack_noncrack_concrete_wall_92_7.jpg.jpg,0.006228761,0.97397655,0.019794598
khanhha_original::noncrack_noncrack_concrete_wall_9_14.jpg.jpg,0.0011869576,0.99385405,0.0049591316
khanhha_original::noncrack_noncrack_concrete_wall_9_22.jpg.jpg,0.0014705305,0.9888497,0.009679764
khanhha_original::noncrack_noncrack_concrete_wall_9_29.jpg.jpg,0.0028344532,0.9876397,0.009525723
khanhha_original::noncrack_noncrack_concrete_wall_9_32.jpg.jpg,0.0047518024,0.97979957,0.01544859
khanhha_original::noncrack_noncrack_concrete_wall_9_33.jpg.jpg,0.0017782346,0.98601866,0.012203186
khanhha_noisy1::CFD_037.jpg,0.29802233,0.47859225,0.2233854
khanhha_noisy1::CFD_070.jpg,0.5279192,0.22798234,0.24409844
khanhha_noisy1::CFD_108.jpg,0.17135414,0.13671786,0.69192797
khanhha_noisy1::CRACK500_20160222_081102_1921_721.jpg,0.23567186,0.12628168,0.63804644
khanhha_noisy1::CRACK500_20160222_081102_1_721.jpg,0.51768744,0.36764985,0.11466273
khanhha_noisy1::CRACK500_20160222_114759_1921_361.jpg,0.2654109,0.3512288,0.3833603
khanhha_noisy1::CRACK500_20160222_114759_1921_721.jpg,0.23064439,0.20319626,0.56615937
khanhha_noisy1::CRACK500_20160222_114759_641_361.jpg,0.33885202,0.22204666,0.43910134
khanhha_noisy1::CRACK500_20160222_115224_1281_1081.jpg,0.31151277,0.17541492,0.5130724
khanhha_noisy1::CRACK500_20160222_115224_1281_361.jpg,0.3771018,0.083914,0.5389842
khanhha_noisy1::CRACK500_20160222_164141_1281_1.jpg,0.14244668,0.21830456,0.6392488
khanhha_noisy1::CRACK500_20160222_164141_1921_721.jpg,0.31686544,0.23022282,0.45291176
khanhha_noisy1::CRACK500_20160222_164141_1_1081.jpg,0.28044143,0.35956785,0.35999075
khanhha_noisy1::CRACK500_20160222_165225_1281_721.jpg,0.26464796,0.14586128,0.5894908
khanhha_noisy1::CRACK500_20160222_165715_1921_721.jpg,0.29107964,0.10614068,0.6027796
khanhha_noisy1::CRACK500_20160225_114535_1281_1081.jpg,0.33193845,0.2399488,0.4281127
khanhha_noisy1::CRACK500_20160225_114535_1921_1081.jpg,0.30708537,0.23217124,0.4607433
khanhha_noisy1::CRACK500_20160225_114535_1_1.jpg,0.37349367,0.17127028,0.45523605
khanhha_noisy1::CRACK500_20160302_155925_1281_361.jpg,0.32337895,0.14450602,0.53211504
khanhha_noisy1::CRACK500_20160302_155925_641_361.jpg,0.30297852,0.09184734,0.6051741
khanhha_noisy1::CRACK500_20160303_092839_1281_361.jpg,0.40603924,0.22366509,0.37029573
khanhha_noisy1::CRACK500_20160303_092839_1281_721.jpg,0.3318945,0.26104718,0.40705836
khanhha_noisy1::CRACK500_20160303_092839_641_721.jpg,0.1755345,0.4196214,0.4048441
khanhha_noisy1::CRACK500_20160303_093353_1921_361.jpg,0.25602713,0.2619972,0.48197564
khanhha_noisy1::CRACK500_20160303_093353_1921_721.jpg,0.16121465,0.12681489,0.71197045
khanhha_noisy1::CRACK500_20160306_103903_1281_361.jpg,0.25915644,0.18411362,0.5567299
khanhha_noisy1::CRACK500_20160306_103903_641_361.jpg,0.25365612,0.37653142,0.36981243
khanhha_noisy1::CRACK500_20160306_104522_1921_361.jpg,0.12125673,0.24971358,0.6290297
khanhha_noisy1::CRACK500_20160306_104522_1921_721.jpg,0.14329456,0.13108388,0.7256216
khanhha_noisy1::CRACK500_20160306_104522_641_721.jpg,0.15581629,0.33825088,0.5059328
khanhha_noisy1::CRACK500_20160307_144115_1281_1.jpg,0.16298336,0.16297552,0.6740411
khanhha_noisy1::CRACK500_20160307_144916_1281_361.jpg,0.15433009,0.36290854,0.48276135
khanhha_noisy1::CRACK500_20160307_144916_1921_721.jpg,0.18726139,0.4021881,0.41055053
khanhha_noisy1::CRACK500_20160307_145107_1281_721.jpg,0.15265492,0.21068236,0.6366627
khanhha_noisy1::CRACK500_20160307_145107_1_1.jpg,0.11019309,0.20688947,0.6829174
khanhha_noisy1::CRACK500_20160307_162438_1921_1081.jpg,0.119844265,0.31713974,0.56301606
khanhha_noisy1::CRACK500_20160307_162438_1921_721.jpg,0.15516603,0.34903547,0.49579844
khanhha_noisy1::CRACK500_20160308_072951_641_721.jpg,0.19144322,0.07044306,0.73811376
khanhha_noisy1::CRACK500_20160308_073356_1281_1081.jpg,0.20248948,0.15660278,0.6409077
khanhha_noisy1::CRACK500_20160308_073356_641_1.jpg,0.32158008,0.24617945,0.43224046
khanhha_noisy1::CRACK500_20160308_073736_1281_361.jpg,0.17875391,0.24435614,0.57689
khanhha_noisy1::CRACK500_20160308_073736_641_721.jpg,0.17099781,0.07814503,0.7508572
khanhha_noisy1::CRACK500_20160310_114505_641_361.jpg,0.2995027,0.24208623,0.458411
khanhha_noisy1::CRACK500_20160310_114658_641_721.jpg,0.4168547,0.20895238,0.37419292
khanhha_noisy1::CRACK500_20160316_143445_1281_361.jpg,0.25634924,0.40830284,0.33534795
khanhha_noisy1::CRACK500_20160316_144203_1281_721.jpg,0.2125942,0.42411175,0.36329404
khanhha_noisy1::CRACK500_20160316_144431_641_1081.jpg,0.19299471,0.45194888,0.35505643
khanhha_noisy1::CRACK500_20160321_185534_1281_721.jpg,0.1592236,0.16181313,0.6789633
khanhha_noisy1::CRACK500_20160324_165857_1281_361.jpg,0.41746232,0.3331989,0.24933872
khanhha_noisy1::CRACK500_20160324_165857_641_361.jpg,0.38228714,0.34377354,0.27393925
khanhha_noisy1::CRACK500_20160326_150104_1921_361.jpg,0.08535075,0.04059024,0.87405896
khanhha_noisy1::CRACK500_20160326_150104_1_361.jpg,0.2209683,0.06040471,0.71862704
khanhha_noisy1::CRACK500_20160326_162532_1921_361.jpg,0.16147709,0.2379588,0.6005641
khanhha_noisy1::CRACK500_20160326_162532_1_721.jpg,0.14308141,0.13381979,0.72309875
khanhha_noisy1::CRACK500_20160328_151355_1281_361.jpg,0.113480546,0.47817725,0.40834218
khanhha_noisy1::CRACK500_20160328_151355_641_721.jpg,0.1782749,0.38836938,0.4333557
khanhha_noisy1::CRACK500_20160328_151504_1_361.jpg,0.42793322,0.21159597,0.3604708
khanhha_noisy1::CRACK500_20160328_152022_1921_1.jpg,0.19271567,0.22872093,0.57856345
khanhha_noisy1::CRACK500_20160328_152022_641_721.jpg,0.22417195,0.42280638,0.35302165
khanhha_noisy1::CRACK500_20160328_152328_1281_361.jpg,0.1384206,0.5432553,0.31832403
khanhha_noisy1::CRACK500_20160328_152328_1921_361.jpg,0.20232214,0.15557922,0.64209867
khanhha_noisy1::CRACK500_20160328_152328_641_361.jpg,0.14572692,0.24638447,0.60788864
khanhha_noisy1::CRACK500_20160328_153357_1281_361.jpg,0.2296896,0.3694531,0.40085724
khanhha_noisy1::CRACK500_20160328_153357_641_1.jpg,0.18525384,0.2310274,0.58371884
khanhha_noisy1::CRACK500_20160328_153536_1281_1081.jpg,0.23064323,0.19186805,0.5774887
khanhha_noisy1::CRACK500_20160328_153536_1_1081.jpg,0.20144908,0.116516046,0.68203485
khanhha_noisy1::CRACK500_20160328_153536_641_1081.jpg,0.17490432,0.31396592,0.51112974
khanhha_noisy1::CRACK500_20160328_153553_1281_721.jpg,0.10259076,0.37548772,0.5219215
khanhha_noisy1::CRACK500_20160328_153559_1281_361.jpg,0.1856176,0.28432906,0.5300533
khanhha_noisy1::CRACK500_20160328_153559_1_361.jpg,0.09291088,0.48558527,0.42150384
khanhha_noisy1::CRACK500_20160328_153629_1921_361.jpg,0.15884602,0.27704638,0.5641076
khanhha_noisy1::CRACK500_20160328_153845_1281_721.jpg,0.15216298,0.49130526,0.35653174
khanhha_noisy1::CRACK500_20160328_153845_1_361.jpg,0.2700847,0.35182247,0.37809283
khanhha_noisy1::CRACK500_20160328_153845_641_721.jpg,0.16142592,0.49044222,0.34813184
khanhha_noisy1::CRACK500_20160328_154356_1921_721.jpg,0.21034975,0.048566647,0.74108356
khanhha_noisy1::CRACK500_20160328_154535_1281_721.jpg,0.28613564,0.31091967,0.40294468
khanhha_noisy1::CRACK500_20160328_154535_641_721.jpg,0.22115496,0.18628179,0.5925633
khanhha_noisy1::CRACK500_20160329_094010_1281_361.jpg,0.30547142,0.24226682,0.4522618
khanhha_noisy1::CRACK500_20160329_094010_1_361.jpg,0.2729493,0.25287268,0.474178
khanhha_noisy1::CRACK500_20160329_094010_641_721.jpg,0.21026051,0.22903925,0.56070024
khanhha_noisy1::CRACK500_20160329_094459_1281_1.jpg,0.18475045,0.17949186,0.6357576
khanhha_noisy1::CRACK500_20160329_094459_641_361.jpg,0.1434852,0.10728047,0.7492343
khanhha_noisy1::CRACK500_20160329_101342_1281_721.jpg,0.16961204,0.1611093,0.6692787
khanhha_noisy1::CRACK500_20160329_101342_641_721.jpg,0.14866395,0.15851043,0.6928256
khanhha_noisy1::CRACK500_20160329_101511_1921_361.jpg,0.21555248,0.15919892,0.6252486
khanhha_noisy1::CRACK500_20160329_104035_1921_721.jpg,0.19082718,0.105346456,0.70382637
khanhha_noisy1::CRACK500_20160329_104035_641_1.jpg,0.071483776,0.11941035,0.8091059
khanhha_noisy1::CRACK500_20160329_104111_1281_721.jpg,0.17733833,0.11461354,0.70804805
khanhha_noisy1::CRACK500_20160329_104117_1281_361.jpg,0.26939982,0.2064,0.52420014
khanhha_noisy1::CRACK500_20160329_104117_1921_361.jpg,0.19560713,0.3074998,0.49689317
khanhha_noisy1::CRACK500_20160329_111111_1921_361.jpg,0.07825809,0.08095775,0.8407842
khanhha_noisy1::CRACK500_20160330_170302_1_721.jpg,0.21648769,0.09188665,0.69162565
khanhha_noisy1::CRACK500_20160330_170848_641_361.jpg,0.536388,0.15059005,0.313022
khanhha_noisy1::CRACK500_20160402_150314_641_361.jpg,0.2981466,0.2981562,0.40369722
khanhha_noisy1::CRACK500_20160402_151837_1921_721.jpg,0.2528387,0.19975938,0.5474019
khanhha_noisy1::CRACK500_20160405_171336_641_361.jpg,0.25095958,0.35634297,0.39269748
khanhha_noisy1::CRACK500_20160405_171723_1281_361.jpg,0.31337243,0.08500519,0.6016224
khanhha_noisy1::CRACK500_20160407_163125_1_721.jpg,0.15358202,0.31849265,0.5279253
khanhha_noisy1::CRACK500_IMG_2931_1297_485.jpg,0.20455854,0.14120284,0.6542386
khanhha_noisy1::CRACK500_IMG_2931_1297_969.jpg,0.30384097,0.4146427,0.2815164
khanhha_noisy1::CRACK500_IMG_2931_1945_485.jpg,0.29158133,0.29338524,0.41503337
khanhha_noisy1::CRACK500_IMG_2931_1945_969.jpg,0.2915153,0.36503437,0.34345037
khanhha_noisy1::CRACK500_IMG_2931_1_485.jpg,0.43391824,0.2679403,0.29814145
khanhha_noisy1::CRACK500_IMG_2934_649_969.jpg,0.3209441,0.42227918,0.25677666
khanhha_noisy1::CRACK500_IMG_2942_649_485.jpg,0.34554237,0.07607648,0.5783811
khanhha_noisy1::DeepCrack_11123.jpg,0.11667132,0.52811664,0.3552121
khanhha_noisy1::DeepCrack_11156-1.jpg,0.10698176,0.28758582,0.60543233
khanhha_noisy1::DeepCrack_11163-1.jpg,0.17440349,0.1983535,0.627243
khanhha_noisy1::DeepCrack_11188-2.jpg,0.15644658,0.2950674,0.54848605
khanhha_noisy1::DeepCrack_11188.jpg,0.16856761,0.29614428,0.53528816
khanhha_noisy1::DeepCrack_11231-3.jpg,0.22755872,0.23633534,0.53610593
khanhha_noisy1::DeepCrack_11231-4.jpg,0.21388592,0.31262514,0.47348893
khanhha_noisy1::DeepCrack_11289-9.jpg,0.19172727,0.3776663,0.43060645
khanhha_noisy1::DeepCrack_IMG25-6.jpg,0.19516352,0.25546795,0.5493685
khanhha_noisy1::DeepCrack_IMG27-3.jpg,0.12031578,0.1426937,0.7369906
khanhha_noisy1::DeepCrack_IMG27-7.jpg,0.22563629,0.28413317,0.4902306
khanhha_noisy1::DeepCrack_IMG27-8.jpg,0.18078625,0.22885649,0.5903573
khanhha_noisy1::DeepCrack_IMG27-9.jpg,0.21608353,0.28659907,0.49731743
khanhha_noisy1::DeepCrack_IMG36-2.jpg,0.24407333,0.6060755,0.1498511
khanhha_noisy1::DeepCrack_IMG_6472-1.jpg,0.1732142,0.36386853,0.46291733
khanhha_noisy1::DeepCrack_IMG_6516-1.jpg,0.30754447,0.058148436,0.6343071
khanhha_noisy1::DeepCrack_IMG_6522-1.jpg,0.20028071,0.2578255,0.5418938
khanhha_noisy1::DeepCrack_IMG_6537-1.jpg,0.15699734,0.43769124,0.40531138
khanhha_noisy1::Eugen_Muller_4470_327_315_563_732.jpg,0.6101238,0.07756906,0.31230712
khanhha_noisy1::GAPS384_test_0042_541_1.jpg,0.57615125,0.19326015,0.23058854
khanhha_noisy1::GAPS384_train_0455_541_1.jpg,0.4996181,0.07551487,0.42486694
khanhha_noisy1::GAPS384_train_0514_541_1.jpg,0.57150877,0.20653129,0.22195996
khanhha_noisy1::GAPS384_train_0664_1_1.jpg,0.45726374,0.04236306,0.50037324
khanhha_noisy1::GAPS384_train_0664_541_641.jpg,0.402526,0.08050305,0.516971
khanhha_noisy1::GAPS384_train_0698_1_641.jpg,0.51249534,0.102970526,0.38453415
khanhha_noisy1::GAPS384_train_0809_541_1.jpg,0.40490142,0.13298398,0.46211463
khanhha_noisy1::GAPS384_train_1015_1_641.jpg,0.46933272,0.20656948,0.3240978
khanhha_noisy1::GAPS384_train_1218_541_1.jpg,0.42121133,0.09700063,0.48178804
khanhha_noisy1::GAPS384_train_1238_1_1.jpg,0.48907954,0.11761179,0.3933087
khanhha_noisy1::GAPS384_train_1281_541_1.jpg,0.46235502,0.10585042,0.43179458
khanhha_noisy1::Rissbilder_for_Florian_9S6A2791_180_347_3514_4469.jpg,0.5164055,0.22195646,0.26163802
khanhha_noisy1::Rissbilder_for_Florian_9S6A2791_268_477_2530_3149.jpg,0.47789264,0.17282437,0.34928295
khanhha_noisy1::Rissbilder_for_Florian_9S6A2791_454_1477_3234_3143.jpg,0.3648408,0.28934124,0.34581795
khanhha_noisy1::Rissbilder_for_Florian_9S6A2796_352_1675_3345_3505.jpg,0.20918523,0.21999566,0.5708191
khanhha_noisy1::Rissbilder_for_Florian_9S6A2796_360_1209_3312_4152.jpg,0.2841567,0.2344933,0.48135
khanhha_noisy1::Rissbilder_for_Florian_9S6A2796_365_740_3391_4131.jpg,0.31406635,0.23069693,0.45523667
khanhha_noisy1::Rissbilder_for_Florian_9S6A2807_112_2167_3474_2842.jpg,0.4990931,0.36617005,0.13473682
khanhha_noisy1::Rissbilder_for_Florian_9S6A2807_149_637_3674_3362.jpg,0.53431326,0.35771433,0.10797235
khanhha_noisy1::Rissbilder_for_Florian_9S6A2807_224_1187_3581_3340.jpg,0.48374593,0.40549427,0.11075983
khanhha_noisy1::Rissbilder_for_Florian_9S6A2807_577_1818_2154_2452.jpg,0.36637777,0.4868871,0.14673512
khanhha_noisy1::Rissbilder_for_Florian_9S6A2813_90_1297_3435_4044.jpg,0.47109744,0.18786466,0.34103793
khanhha_noisy1::Rissbilder_for_Florian_9S6A2816_0_0_3840_5760.jpg,0.20317388,0.62936026,0.16746591
khanhha_noisy1::Rissbilder_for_Florian_9S6A2816_113_51_3722_4201.jpg,0.43972135,0.3017967,0.25848192
khanhha_noisy1::Rissbilder_for_Florian_9S6A2816_1644_2004_1934_2558.jpg,0.32536855,0.555802,0.11882948
khanhha_noisy1::Rissbilder_for_Florian_9S6A2816_255_1654_2762_3248.jpg,0.43118244,0.3801197,0.18869781
khanhha_noisy1::Rissbilder_for_Florian_9S6A2816_375_1185_3365_3750.jpg,0.31948218,0.5368463,0.14367154
khanhha_noisy1::Rissbilder_for_Florian_9S6A2816_48_1105_3458_4373.jpg,0.18354715,0.6953193,0.12113351
khanhha_noisy1::Rissbilder_for_Florian_9S6A2830_317_1218_3139_3120.jpg,0.39418182,0.3361951,0.26962304
khanhha_noisy1::Rissbilder_for_Florian_9S6A2830_356_323_2546_2076.jpg,0.32785368,0.4197294,0.25241697
khanhha_noisy1::Rissbilder_for_Florian_9S6A2830_715_2986_2996_2571.jpg,0.26816452,0.38821834,0.3436171
khanhha_noisy1::Rissbilder_for_Florian_9S6A2830_87_511_3003_3652.jpg,0.29350263,0.42166352,0.2848338
khanhha_noisy1::Rissbilder_for_Florian_9S6A2833_0_720_3814_3967.jpg,0.15897766,0.19778244,0.64324
khanhha_noisy1::Rissbilder_for_Florian_9S6A2833_11_1057_3805_3303.jpg,0.16940215,0.18933988,0.64125806
khanhha_noisy1::Rissbilder_for_Florian_9S6A2833_596_837_3205_3950.jpg,0.1544468,0.21486276,0.63069046
khanhha_noisy1::Rissbilder_for_Florian_9S6A2839_132_1745_2786_3604.jpg,0.47231388,0.350601,0.1770852
khanhha_noisy1::Rissbilder_for_Florian_9S6A2839_8_923_3789_4181.jpg,0.40405905,0.30993637,0.2860045
khanhha_noisy1::Rissbilder_for_Florian_9S6A2843_12_1425_2920_2441.jpg,0.37671465,0.30699906,0.3162863
khanhha_noisy1::Rissbilder_for_Florian_9S6A2843_178_404_2380_2116.jpg,0.39392486,0.32757568,0.27849948
khanhha_noisy1::Rissbilder_for_Florian_9S6A2843_369_1526_1885_2389.jpg,0.4165037,0.22183609,0.36166018
khanhha_noisy1::Rissbilder_for_Florian_9S6A2843_734_2194_2503_2654.jpg,0.41540867,0.2634854,0.32110596
khanhha_noisy1::Rissbilder_for_Florian_9S6A2843_81_439_3537_3036.jpg,0.4368029,0.24096814,0.32222897
khanhha_noisy1::Rissbilder_for_Florian_9S6A2849_1010_1722_2676_2957.jpg,0.3505904,0.24217527,0.4072343
khanhha_noisy1::Rissbilder_for_Florian_9S6A2849_239_1191_3521_3188.jpg,0.29668403,0.17548542,0.5278306
khanhha_noisy1::Rissbilder_for_Florian_9S6A2849_465_1014_2857_3753.jpg,0.32609177,0.18618727,0.487721
khanhha_noisy1::Rissbilder_for_Florian_9S6A2859_1580_320_3896_3471.jpg,0.23643757,0.2535187,0.5100437
khanhha_noisy1::Rissbilder_for_Florian_9S6A2859_1796_34_3392_3713.jpg,0.26132914,0.21727118,0.5213997
khanhha_noisy1::Rissbilder_for_Florian_9S6A2859_2073_725_3430_2687.jpg,0.38460308,0.19112393,0.424273
khanhha_noisy1::Rissbilder_for_Florian_9S6A2866_277_585_3310_3706.jpg,0.46902433,0.3033718,0.22760387
khanhha_noisy1::Rissbilder_for_Florian_9S6A2866_643_1201_2050_2536.jpg,0.45674804,0.32226318,0.2209888
khanhha_noisy1::Rissbilder_for_Florian_9S6A2868_169_34_3542_2947.jpg,0.44347128,0.336517,0.22001165
khanhha_noisy1::Rissbilder_for_Florian_9S6A2868_252_1319_2263_2294.jpg,0.23900144,0.21319792,0.54780066
khanhha_noisy1::Rissbilder_for_Florian_9S6A2868_257_950_3108_3346.jpg,0.29611704,0.2884536,0.4154294
khanhha_noisy1::Rissbilder_for_Florian_9S6A2868_353_804_2737_3193.jpg,0.29529622,0.27747917,0.4272246
khanhha_noisy1::Rissbilder_for_Florian_9S6A2868_867_2101_2821_2989.jpg,0.34002143,0.37947348,0.28050512
khanhha_noisy1::Rissbilder_for_Florian_9S6A2875_169_1864_3516_3562.jpg,0.26506653,0.4434968,0.29143664
khanhha_noisy1::Rissbilder_for_Florian_9S6A2875_228_47_2676_2777.jpg,0.34274748,0.38320026,0.2740523
khanhha_noisy1::Rissbilder_for_Florian_9S6A2875_36_523_3631_3027.jpg,0.4004257,0.30560154,0.29397273
khanhha_noisy1::Rissbilder_for_Florian_9S6A2875_97_864_3672_4225.jpg,0.26565865,0.3980612,0.3362801
khanhha_noisy1::Rissbilder_for_Florian_9S6A2876_169_722_2977_3880.jpg,0.52919364,0.12120324,0.34960312
khanhha_noisy1::Rissbilder_for_Florian_9S6A2876_79_1349_3734_3387.jpg,0.55943096,0.1380873,0.30248174
khanhha_noisy1::Rissbilder_for_Florian_9S6A2876_800_744_2945_3705.jpg,0.6275162,0.115064256,0.2574195
khanhha_noisy1::Rissbilder_for_Florian_9S6A2877_304_1360_2589_2329.jpg,0.4049621,0.14840175,0.4466361
khanhha_noisy1::Rissbilder_for_Florian_9S6A2877_417_140_3357_4443.jpg,0.47045067,0.20861965,0.32092965
khanhha_noisy1::Rissbilder_for_Florian_9S6A2877_472_1716_2206_2901.jpg,0.40509614,0.22733729,0.36756653
khanhha_noisy1::Rissbilder_for_Florian_9S6A2889_470_1014_3063_3785.jpg,0.43408656,0.24791741,0.31799608
khanhha_noisy1::Rissbilder_for_Florian_9S6A2889_671_2114_2686_3238.jpg,0.44011298,0.20933616,0.3505508
khanhha_noisy1::Rissbilder_for_Florian_9S6A2893_46_3035_3311_2720.jpg,0.55692387,0.2514934,0.19158281
khanhha_noisy1::Rissbilder_for_Florian_9S6A2893_986_2947_2387_2036.jpg,0.5264764,0.21247396,0.26104972
khanhha_noisy1::Rissbilder_for_Florian_9S6A2900_113_3085_3124_2494.jpg,0.31157264,0.43368962,0.25473768
khanhha_noisy1::Rissbilder_for_Florian_9S6A2900_163_3290_2437_2240.jpg,0.24419501,0.5407589,0.21504608
khanhha_noisy1::Rissbilder_for_Florian_9S6A2900_197_1041_3309_3760.jpg,0.18779607,0.40012613,0.4120778
khanhha_noisy1::Rissbilder_for_Florian_9S6A2908_1091_77_2830_3744.jpg,0.3949192,0.35008615,0.25499475
khanhha_noisy1::Rissbilder_for_Florian_9S6A2908_1096_896_2445_1861.jpg,0.29817307,0.24634129,0.4554857
khanhha_noisy1::Rissbilder_for_Florian_9S6A2908_1599_736_3074_2729.jpg,0.31643823,0.41387895,0.26968277
khanhha_noisy1::Rissbilder_for_Florian_9S6A2911_1125_1393_2108_2755.jpg,0.4590635,0.39389443,0.14704205
khanhha_noisy1::Rissbilder_for_Florian_9S6A2911_323_1692_3460_3572.jpg,0.34664482,0.3004552,0.35289994
khanhha_noisy1::Rissbilder_for_Florian_9S6A2918_430_1739_2794_3223.jpg,0.46049303,0.20106404,0.33844295
khanhha_noisy1::Rissbilder_for_Florian_9S6A3087_146_59_3684_4477.jpg,0.48720884,0.22497062,0.28782046
khanhha_noisy1::Rissbilder_for_Florian_9S6A3090_836_130_3789_3301.jpg,0.43412337,0.45284697,0.11302967
khanhha_noisy1::Rissbilder_for_Florian_9S6A3090_960_1737_2204_2039.jpg,0.64022094,0.18046108,0.17931804
khanhha_noisy1::Rissbilder_for_Florian_9S6A3093_157_2766_2021_2677.jpg,0.287062,0.53122085,0.18171722
khanhha_noisy1::Rissbilder_for_Florian_9S6A3093_616_1617_3135_4052.jpg,0.2967499,0.37013894,0.33311114
khanhha_noisy1::Rissbilder_for_Florian_9S6A3093_895_2172_2481_2123.jpg,0.31559423,0.43413526,0.25027046
khanhha_noisy1::Rissbilder_for_Florian_9S6A3104_1061_1181_3086_2630.jpg,0.23641913,0.44742584,0.31615502
khanhha_noisy1::Rissbilder_for_Florian_9S6A3104_151_147_3971_3570.jpg,0.43461978,0.3737765,0.19160369
khanhha_noisy1::Rissbilder_for_Florian_9S6A3104_783_263_3586_3511.jpg,0.31757215,0.36794937,0.3144785
khanhha_noisy1::Rissbilder_for_Florian_9S6A3110_0_0_3840_5760.jpg,0.087262854,0.11262294,0.8001142
khanhha_noisy1::Rissbilder_for_Florian_9S6A3110_52_945_3558_4432.jpg,0.114916116,0.13999969,0.7450842
khanhha_noisy1::Rissbilder_for_Florian_9S6A3111_42_1509_3500_3908.jpg,0.26512083,0.10770224,0.62717694
khanhha_noisy1::Rissbilder_for_Florian_9S6A3111_601_683_2556_3338.jpg,0.41642714,0.12895717,0.45461574
khanhha_noisy1::Rissbilder_for_Florian_9S6A3118_1132_115_4379_3677.jpg,0.18931724,0.0910641,0.7196187
khanhha_noisy1::Rissbilder_for_Florian_9S6A3118_2514_38_2922_3514.jpg,0.2328967,0.056574915,0.7105284
khanhha_noisy1::Rissbilder_for_Florian_9S6A3123_240_2905_2709_2486.jpg,0.062460992,0.025867226,0.91167176
khanhha_noisy1::Rissbilder_for_Florian_9S6A3123_372_1209_3339_4319.jpg,0.029349612,0.0043260283,0.9663244
khanhha_noisy1::Rissbilder_for_Florian_9S6A3134_140_2003_2431_2080.jpg,0.07422947,0.016979987,0.9087905
khanhha_noisy1::Rissbilder_for_Florian_9S6A3134_417_310_2997_3294.jpg,0.10414359,0.04001386,0.8558426
khanhha_noisy1::Rissbilder_for_Florian_9S6A3134_422_2625_3386_2683.jpg,0.06450316,0.035122544,0.9003743
khanhha_noisy1::Rissbilder_for_Florian_9S6A3134_750_425_1978_2414.jpg,0.1441907,0.020795787,0.83501357
khanhha_noisy1::Rissbilder_for_Florian_9S6A3134_76_855_3718_4555.jpg,0.123154506,0.037099287,0.83974624
khanhha_noisy1::Sylvie_Chambon_006.jpg,0.4492996,0.22700834,0.32369202
khanhha_noisy1::Sylvie_Chambon_025.jpg,0.41459376,0.45524815,0.13015814
khanhha_noisy1::Sylvie_Chambon_057.jpg,0.598307,0.13234337,0.26934955
khanhha_noisy1::Sylvie_Chambon_208.jpg,0.07740729,0.8481419,0.07445076
khanhha_noisy1::Sylvie_Chambon_303.jpg,0.10932289,0.6805166,0.21016057
khanhha_noisy1::Sylvie_Chambon_Im_noGT_ESAR_33a.jpg,0.2153662,0.63362503,0.15100873
khanhha_noisy1::Volker_DSC01612_211_482_1550_1714.jpg,0.15993743,0.41827518,0.42178738
khanhha_noisy1::Volker_DSC01612_8_444_1816_1750.jpg,0.15612884,0.4327392,0.41113204
khanhha_noisy1::Volker_DSC01625_69_1101_1754_1427.jpg,0.2500746,0.17366959,0.5762558
khanhha_noisy1::Volker_DSC01626_121_195_1176_1486.jpg,0.3408165,0.25338447,0.405799
khanhha_noisy1::Volker_DSC01626_24_407_1783_1611.jpg,0.39542902,0.22466421,0.37990674
khanhha_noisy1::Volker_DSC01634_192_653_1400_1605.jpg,0.2682247,0.2494566,0.48231867
khanhha_noisy1::Volker_DSC01634_193_315_1605_1896.jpg,0.38015375,0.24665894,0.3731873
khanhha_noisy1::Volker_DSC01634_213_873_1583_1809.jpg,0.40314454,0.36808068,0.22877479
khanhha_noisy1::Volker_DSC01634_30_959_1479_1599.jpg,0.32418177,0.367079,0.3087392
khanhha_noisy1::Volker_DSC01638_447_153_1384_1576.jpg,0.20746793,0.32451788,0.4680141
khanhha_noisy1::Volker_DSC01638_708_382_1525_1354.jpg,0.28567454,0.3897873,0.3245382
khanhha_noisy1::Volker_DSC01638_937_538_1159_1162.jpg,0.34436247,0.3658153,0.28982228
khanhha_noisy1::Volker_DSC01641_300_104_1322_1459.jpg,0.37004855,0.42429408,0.20565741
khanhha_noisy1::Volker_DSC01641_437_407_1733_1413.jpg,0.24057,0.58776724,0.17166273
khanhha_noisy1::Volker_DSC01641_929_30_1600_1758.jpg,0.34194034,0.42612162,0.23193806
khanhha_noisy1::Volker_DSC01643_1311_276_1242_1009.jpg,0.3689735,0.41303173,0.21799481
khanhha_noisy1::Volker_DSC01643_157_235_1785_1431.jpg,0.3723365,0.47751325,0.15015027
khanhha_noisy1::Volker_DSC01650_983_400_1710_1295.jpg,0.17498875,0.49171126,0.33330002
khanhha_noisy1::Volker_DSC01655_613_606_1092_1056.jpg,0.21683112,0.23934716,0.54382175
khanhha_noisy1::Volker_DSC01656_140_1416_1684_1279.jpg,0.33473504,0.34378052,0.3214844
khanhha_noisy1::Volker_DSC01664_168_876_1650_1486.jpg,0.18291603,0.16746202,0.64962196
khanhha_noisy1::Volker_DSC01664_41_897_1611_1239.jpg,0.23835556,0.18560351,0.57604086
khanhha_noisy1::Volker_DSC01664_84_855_1625_1542.jpg,0.29580972,0.1403687,0.56382155
khanhha_noisy1::Volker_DSC01671_63_417_1630_2053.jpg,0.23548032,0.14059679,0.6239229
khanhha_noisy1::Volker_DSC01674_0_1080_1601_1598.jpg,0.22950135,0.11692565,0.653573
khanhha_noisy1::Volker_DSC01674_53_426_1730_2092.jpg,0.32235172,0.14867534,0.5289729
khanhha_noisy1::Volker_DSC01674_748_1007_996_1190.jpg,0.29137102,0.09151771,0.61711127
khanhha_noisy1::Volker_DSC01685_202_585_1600_1686.jpg,0.1406398,0.0811718,0.7781884
khanhha_noisy1::Volker_DSC01685_252_569_1566_2047.jpg,0.12731756,0.09035549,0.78232694
khanhha_noisy1::Volker_DSC01693_1323_467_1353_1116.jpg,0.43093365,0.29641232,0.2726541
khanhha_noisy1::Volker_DSC01693_166_276_1259_1362.jpg,0.19511919,0.19457991,0.61030084
khanhha_noisy1::Volker_DSC01698_213_356_1899_1462.jpg,0.3122051,0.44619155,0.24160333
khanhha_noisy1::Volker_DSC01699_0_0_1824_2736.jpg,0.34731814,0.1607051,0.49197674
khanhha_noisy1::Volker_DSC01699_751_408_1048_1101.jpg,0.32825512,0.17386384,0.49788108
khanhha_noisy1::Volker_DSC01708_274_347_1439_1315.jpg,0.27572337,0.41689414,0.30738246
khanhha_noisy1::cracktree200_6201.jpg,0.33209497,0.47938913,0.18851583
khanhha_noisy1::cracktree200_6259.jpg,0.32933652,0.3356416,0.33502185
khanhha_noisy1::cracktree200_6268.jpg,0.56228256,0.34653932,0.09117805
khanhha_noisy1::cracktree200_6321.jpg,0.27411476,0.5998856,0.12599967
khanhha_noisy1::cracktree200_6328.jpg,0.5627677,0.3055725,0.13165978
khanhha_noisy1::cracktree200_6334.jpg,0.1912062,0.7361197,0.07267408
khanhha_noisy1::cracktree200_6351.jpg,0.18239611,0.40226176,0.4153421
khanhha_noisy1::forest_048.jpg,0.46155205,0.24724022,0.2912077
khanhha_noisy1::forest_091.jpg,0.3249633,0.37448573,0.30055088
khanhha_noisy1::noncrack_noncrack_concrete_wall_100_4.jpg.jpg,0.038306054,0.9514033,0.01029063
khanhha_noisy1::noncrack_noncrack_concrete_wall_19_1.jpg.jpg,0.0691506,0.8808971,0.04995231
khanhha_noisy1::noncrack_noncrack_concrete_wall_19_3.jpg.jpg,0.00665307,0.977848,0.01549896
khanhha_noisy1::noncrack_noncrack_concrete_wall_19_6.jpg.jpg,0.007952178,0.97783625,0.014211519
khanhha_noisy1::noncrack_noncrack_concrete_wall_19_7.jpg.jpg,0.007482942,0.9759695,0.016547583
khanhha_noisy1::noncrack_noncrack_concrete_wall_19_8.jpg.jpg,0.011370519,0.9709207,0.017708804
khanhha_noisy1::noncrack_noncrack_concrete_wall_26_0.jpg.jpg,0.7361661,0.1257025,0.13813137
khanhha_noisy1::noncrack_noncrack_concrete_wall_27_5.jpg.jpg,0.41522217,0.181086,0.4036918
khanhha_noisy1::noncrack_noncrack_concrete_wall_37_1.jpg.jpg,0.025111265,0.94898707,0.02590165
khanhha_noisy1::noncrack_noncrack_concrete_wall_37_4.jpg.jpg,0.025392724,0.95868164,0.015925642
khanhha_noisy1::noncrack_noncrack_concrete_wall_49_4.jpg.jpg,0.08886866,0.8805047,0.0306266
khanhha_noisy1::noncrack_noncrack_concrete_wall_50_2.jpg.jpg,0.03875526,0.92726135,0.033983406
khanhha_noisy1::noncrack_noncrack_concrete_wall_92_7.jpg.jpg,0.021277333,0.9636497,0.015072988
khanhha_noisy1::noncrack_noncrack_concrete_wall_9_14.jpg.jpg,0.0010304084,0.9932441,0.005725496
khanhha_noisy1::noncrack_noncrack_concrete_wall_9_22.jpg.jpg,0.0011679892,0.9903238,0.008508124
khanhha_noisy1::noncrack_noncrack_concrete_wall_9_29.jpg.jpg,0.0035663247,0.98405313,0.012380586
khanhha_noisy1::noncrack_noncrack_concrete_wall_9_32.jpg.jpg,0.009572169,0.9653619,0.02506598
khanhha_noisy1::noncrack_noncrack_concrete_wall_9_33.jpg.jpg,0.0015747331,0.9882847,0.010140622
khanhha_noisy2::CFD_037.jpg,0.45407015,0.23891239,0.30701745
khanhha_noisy2::CFD_070.jpg,0.6218433,0.29508197,0.083074786
khanhha_noisy2::CFD_108.jpg,0.32748985,0.08573227,0.58677787
khanhha_noisy2::CRACK500_20160222_081102_1921_721.jpg,0.6208559,0.18175463,0.19738947
khanhha_noisy2::CRACK500_20160222_081102_1_721.jpg,0.16767006,0.75769967,0.07463023
khanhha_noisy2::CRACK500_20160222_114759_1921_361.jpg,0.36837608,0.27815324,0.35347068
khanhha_noisy2::CRACK500_20160222_114759_1921_721.jpg,0.2960375,0.27984783,0.4241147
khanhha_noisy2::CRACK500_20160222_114759_641_361.jpg,0.5981349,0.23001382,0.17185128
khanhha_noisy2::CRACK500_20160222_115224_1281_1081.jpg,0.34496266,0.21993499,0.43510234
khanhha_noisy2::CRACK500_20160222_115224_1281_361.jpg,0.18023641,0.06775959,0.752004
khanhha_noisy2::CRACK500_20160222_164141_1281_1.jpg,0.6159253,0.19329861,0.19077611
khanhha_noisy2::CRACK500_20160222_164141_1921_721.jpg,0.36809465,0.24607222,0.38583305
khanhha_noisy2::CRACK500_20160222_164141_1_1081.jpg,0.3763816,0.4319453,0.19167311
khanhha_noisy2::CRACK500_20160222_165225_1281_721.jpg,0.3678394,0.3024153,0.32974532
khanhha_noisy2::CRACK500_20160222_165715_1921_721.jpg,0.6033138,0.17223404,0.22445214
khanhha_noisy2::CRACK500_20160225_114535_1281_1081.jpg,0.3192761,0.2718109,0.40891305
khanhha_noisy2::CRACK500_20160225_114535_1921_1081.jpg,0.35740513,0.34622878,0.29636604
khanhha_noisy2::CRACK500_20160225_114535_1_1.jpg,0.39333928,0.2087974,0.39786333
khanhha_noisy2::CRACK500_20160302_155925_1281_361.jpg,0.44018573,0.2411878,0.31862646
khanhha_noisy2::CRACK500_20160302_155925_641_361.jpg,0.38140708,0.2696723,0.34892052
khanhha_noisy2::CRACK500_20160303_092839_1281_361.jpg,0.34116268,0.17971595,0.47912142
khanhha_noisy2::CRACK500_20160303_092839_1281_721.jpg,0.2581743,0.19193605,0.5498896
khanhha_noisy2::CRACK500_20160303_092839_641_721.jpg,0.15238869,0.34581316,0.5017982
khanhha_noisy2::CRACK500_20160303_093353_1921_361.jpg,0.53302497,0.2651411,0.20183392
khanhha_noisy2::CRACK500_20160303_093353_1921_721.jpg,0.27131113,0.29981747,0.4288713
khanhha_noisy2::CRACK500_20160306_103903_1281_361.jpg,0.34450072,0.3470672,0.3084321
khanhha_noisy2::CRACK500_20160306_103903_641_361.jpg,0.29830426,0.24159206,0.46010366
khanhha_noisy2::CRACK500_20160306_104522_1921_361.jpg,0.27043536,0.19290152,0.5366632
khanhha_noisy2::CRACK500_20160306_104522_1921_721.jpg,0.20377581,0.12542357,0.6708006
khanhha_noisy2::CRACK500_20160306_104522_641_721.jpg,0.18493788,0.2128696,0.6021925
khanhha_noisy2::CRACK500_20160307_144115_1281_1.jpg,0.24939647,0.3948475,0.35575598
khanhha_noisy2::CRACK500_20160307_144916_1281_361.jpg,0.26698485,0.32390085,0.4091143
khanhha_noisy2::CRACK500_20160307_144916_1921_721.jpg,0.2347966,0.46143964,0.30376378
khanhha_noisy2::CRACK500_20160307_145107_1281_721.jpg,0.18026696,0.38583288,0.43390018
khanhha_noisy2::CRACK500_20160307_145107_1_1.jpg,0.17516355,0.61993325,0.20490327
khanhha_noisy2::CRACK500_20160307_162438_1921_1081.jpg,0.17544301,0.38005772,0.44449928
khanhha_noisy2::CRACK500_20160307_162438_1921_721.jpg,0.34876794,0.311408,0.33982408
khanhha_noisy2::CRACK500_20160308_072951_641_721.jpg,0.4117546,0.07111864,0.5171267
khanhha_noisy2::CRACK500_20160308_073356_1281_1081.jpg,0.2984149,0.42461208,0.2769731
khanhha_noisy2::CRACK500_20160308_073356_641_1.jpg,0.29086313,0.4527105,0.25642636
khanhha_noisy2::CRACK500_20160308_073736_1281_361.jpg,0.25118887,0.24970664,0.4991045
khanhha_noisy2::CRACK500_20160308_073736_641_721.jpg,0.3088052,0.13684265,0.55435216
khanhha_noisy2::CRACK500_20160310_114505_641_361.jpg,0.42614934,0.25582,0.31803063
khanhha_noisy2::CRACK500_20160310_114658_641_721.jpg,0.38388366,0.22943407,0.38668227
khanhha_noisy2::CRACK500_20160316_143445_1281_361.jpg,0.24080826,0.53305644,0.22613525
khanhha_noisy2::CRACK500_20160316_144203_1281_721.jpg,0.14043048,0.6162311,0.24333838
khanhha_noisy2::CRACK500_20160316_144431_641_1081.jpg,0.23109771,0.48272556,0.28617665
khanhha_noisy2::CRACK500_20160321_185534_1281_721.jpg,0.19140655,0.22047874,0.58811474
khanhha_noisy2::CRACK500_20160324_165857_1281_361.jpg,0.31305978,0.47665015,0.21029013
khanhha_noisy2::CRACK500_20160324_165857_641_361.jpg,0.29730994,0.46157008,0.24111994
khanhha_noisy2::CRACK500_20160326_150104_1921_361.jpg,0.34333625,0.16290405,0.49375963
khanhha_noisy2::CRACK500_20160326_150104_1_361.jpg,0.4417275,0.08158753,0.476685
khanhha_noisy2::CRACK500_20160326_162532_1921_361.jpg,0.19967933,0.30887043,0.49145016
khanhha_noisy2::CRACK500_20160326_162532_1_721.jpg,0.36179918,0.26612815,0.37207267
khanhha_noisy2::CRACK500_20160328_151355_1281_361.jpg,0.19003356,0.5444639,0.2655025
khanhha_noisy2::CRACK500_20160328_151355_641_721.jpg,0.21074651,0.44320694,0.34604648
khanhha_noisy2::CRACK500_20160328_151504_1_361.jpg,0.45637077,0.31584692,0.2277822
khanhha_noisy2::CRACK500_20160328_152022_1921_1.jpg,0.28956234,0.43781537,0.2726223
khanhha_noisy2::CRACK500_20160328_152022_641_721.jpg,0.31206742,0.425601,0.26233152
khanhha_noisy2::CRACK500_20160328_152328_1281_361.jpg,0.22174779,0.47968644,0.29856572
khanhha_noisy2::CRACK500_20160328_152328_1921_361.jpg,0.33129555,0.09032558,0.5783789
khanhha_noisy2::CRACK500_20160328_152328_641_361.jpg,0.18923973,0.25851837,0.55224186
khanhha_noisy2::CRACK500_20160328_153357_1281_361.jpg,0.3632185,0.28090993,0.35587162
khanhha_noisy2::CRACK500_20160328_153357_641_1.jpg,0.27891853,0.24588516,0.4751963
khanhha_noisy2::CRACK500_20160328_153536_1281_1081.jpg,0.2656851,0.29810002,0.43621486
khanhha_noisy2::CRACK500_20160328_153536_1_1081.jpg,0.48721337,0.2749487,0.23783785
khanhha_noisy2::CRACK500_20160328_153536_641_1081.jpg,0.27576825,0.34178126,0.38245043
khanhha_noisy2::CRACK500_20160328_153553_1281_721.jpg,0.1289111,0.2967392,0.57434976
khanhha_noisy2::CRACK500_20160328_153559_1281_361.jpg,0.2489326,0.4537381,0.29732928
khanhha_noisy2::CRACK500_20160328_153559_1_361.jpg,0.14879395,0.5098338,0.3413722
khanhha_noisy2::CRACK500_20160328_153629_1921_361.jpg,0.22617364,0.24873975,0.52508664
khanhha_noisy2::CRACK500_20160328_153845_1281_721.jpg,0.16994235,0.5382515,0.29180616
khanhha_noisy2::CRACK500_20160328_153845_1_361.jpg,0.40006235,0.23541404,0.36452362
khanhha_noisy2::CRACK500_20160328_153845_641_721.jpg,0.12917492,0.5960379,0.27478722
khanhha_noisy2::CRACK500_20160328_154356_1921_721.jpg,0.2809881,0.12831378,0.5906981
khanhha_noisy2::CRACK500_20160328_154535_1281_721.jpg,0.2576073,0.5126623,0.22973043
khanhha_noisy2::CRACK500_20160328_154535_641_721.jpg,0.21465749,0.28124705,0.5040955
khanhha_noisy2::CRACK500_20160329_094010_1281_361.jpg,0.24335298,0.48439324,0.27225372
khanhha_noisy2::CRACK500_20160329_094010_1_361.jpg,0.25728905,0.4593106,0.28340033
khanhha_noisy2::CRACK500_20160329_094010_641_721.jpg,0.17721686,0.2990796,0.5237036
khanhha_noisy2::CRACK500_20160329_094459_1281_1.jpg,0.14332072,0.4364935,0.42018574
khanhha_noisy2::CRACK500_20160329_094459_641_361.jpg,0.19429846,0.26079413,0.5449074
khanhha_noisy2::CRACK500_20160329_101342_1281_721.jpg,0.12649983,0.20495075,0.66854936
khanhha_noisy2::CRACK500_20160329_101342_641_721.jpg,0.13704404,0.25228167,0.61067426
khanhha_noisy2::CRACK500_20160329_101511_1921_361.jpg,0.21549407,0.22550425,0.5590016
khanhha_noisy2::CRACK500_20160329_104035_1921_721.jpg,0.11315222,0.14825056,0.7385973
khanhha_noisy2::CRACK500_20160329_104035_641_1.jpg,0.24673995,0.29957816,0.45368195
khanhha_noisy2::CRACK500_20160329_104111_1281_721.jpg,0.21219392,0.38673574,0.40107033
khanhha_noisy2::CRACK500_20160329_104117_1281_361.jpg,0.2516455,0.36897525,0.3793792
khanhha_noisy2::CRACK500_20160329_104117_1921_361.jpg,0.09634234,0.43032676,0.47333086
khanhha_noisy2::CRACK500_20160329_111111_1921_361.jpg,0.11986351,0.4518243,0.42831212
khanhha_noisy2::CRACK500_20160330_170302_1_721.jpg,0.3177505,0.18131118,0.50093824
khanhha_noisy2::CRACK500_20160330_170848_641_361.jpg,0.19198257,0.75175375,0.05626368
khanhha_noisy2::CRACK500_20160402_150314_641_361.jpg,0.28596345,0.4962816,0.217755
khanhha_noisy2::CRACK500_20160402_151837_1921_721.jpg,0.28527975,0.3329817,0.38173857
khanhha_noisy2::CRACK500_20160405_171336_641_361.jpg,0.31463236,0.19933474,0.4860329
khanhha_noisy2::CRACK500_20160405_171723_1281_361.jpg,0.3276643,0.30981058,0.36252517
khanhha_noisy2::CRACK500_20160407_163125_1_721.jpg,0.28482446,0.26378945,0.4513861
khanhha_noisy2::CRACK500_IMG_2931_1297_485.jpg,0.22243938,0.28145352,0.49610713
khanhha_noisy2::CRACK500_IMG_2931_1297_969.jpg,0.2191238,0.3587658,0.42211038
khanhha_noisy2::CRACK500_IMG_2931_1945_485.jpg,0.27613536,0.39684418,0.32702044
khanhha_noisy2::CRACK500_IMG_2931_1945_969.jpg,0.18632646,0.32877675,0.4848968
khanhha_noisy2::CRACK500_IMG_2931_1_485.jpg,0.29238394,0.49258673,0.2150293
khanhha_noisy2::CRACK500_IMG_2934_649_969.jpg,0.27257985,0.39754328,0.3298768
khanhha_noisy2::CRACK500_IMG_2942_649_485.jpg,0.42782837,0.09990079,0.4722708
khanhha_noisy2::DeepCrack_11123.jpg,0.19647516,0.44670928,0.35681555
khanhha_noisy2::DeepCrack_11156-1.jpg,0.1490999,0.37949103,0.47140905
khanhha_noisy2::DeepCrack_11163-1.jpg,0.23246893,0.21539338,0.5521377
khanhha_noisy2::DeepCrack_11188-2.jpg,0.11839121,0.2980615,0.58354723
khanhha_noisy2::DeepCrack_11188.jpg,0.123821564,0.38400596,0.4921725
khanhha_noisy2::DeepCrack_11231-3.jpg,0.23131032,0.24773882,0.5209509
khanhha_noisy2::DeepCrack_11231-4.jpg,0.22017409,0.32185048,0.45797545
khanhha_noisy2::DeepCrack_11289-9.jpg,0.18649822,0.44247434,0.37102744
khanhha_noisy2::DeepCrack_IMG25-6.jpg,0.32498792,0.22732382,0.4476883
khanhha_noisy2::DeepCrack_IMG27-3.jpg,0.48380178,0.1757406,0.34045762
khanhha_noisy2::DeepCrack_IMG27-7.jpg,0.47362104,0.27463305,0.2517459
khanhha_noisy2::DeepCrack_IMG27-8.jpg,0.54173744,0.14245743,0.31580505
khanhha_noisy2::DeepCrack_IMG27-9.jpg,0.4427236,0.14246354,0.41481283
khanhha_noisy2::DeepCrack_IMG36-2.jpg,0.3251198,0.20606156,0.4688186
khanhha_noisy2::DeepCrack_IMG_6472-1.jpg,0.16081165,0.52196336,0.31722498
khanhha_noisy2::DeepCrack_IMG_6516-1.jpg,0.38530636,0.11022658,0.5044671
khanhha_noisy2::DeepCrack_IMG_6522-1.jpg,0.28140014,0.25268683,0.46591306
khanhha_noisy2::DeepCrack_IMG_6537-1.jpg,0.17086552,0.5467862,0.2823483
khanhha_noisy2::Eugen_Muller_4470_327_315_563_732.jpg,0.7665695,0.14026654,0.09316394
khanhha_noisy2::GAPS384_test_0042_541_1.jpg,0.4733604,0.44962105,0.077018514
khanhha_noisy2::GAPS384_train_0455_541_1.jpg,0.3498536,0.55331564,0.09683071
khanhha_noisy2::GAPS384_train_0514_541_1.jpg,0.20587721,0.7030267,0.09109612
khanhha_noisy2::GAPS384_train_0664_1_1.jpg,0.3800989,0.2543949,0.36550623
khanhha_noisy2::GAPS384_train_0664_541_641.jpg,0.706896,0.115865886,0.177238
khanhha_noisy2::GAPS384_train_0698_1_641.jpg,0.34882796,0.26965752,0.38151452
khanhha_noisy2::GAPS384_train_0809_541_1.jpg,0.65439826,0.20373279,0.14186892
khanhha_noisy2::GAPS384_train_1015_1_641.jpg,0.32061744,0.54893,0.1304526
khanhha_noisy2::GAPS384_train_1218_541_1.jpg,0.47823292,0.40276322,0.11900382
khanhha_noisy2::GAPS384_train_1238_1_1.jpg,0.42758566,0.41524652,0.15716788
khanhha_noisy2::GAPS384_train_1281_541_1.jpg,0.42238963,0.4456993,0.13191105
khanhha_noisy2::Rissbilder_for_Florian_9S6A2791_180_347_3514_4469.jpg,0.3087317,0.6106638,0.08060447
khanhha_noisy2::Rissbilder_for_Florian_9S6A2791_268_477_2530_3149.jpg,0.33532026,0.5879558,0.07672392
khanhha_noisy2::Rissbilder_for_Florian_9S6A2791_454_1477_3234_3143.jpg,0.31409362,0.5716532,0.11425325
khanhha_noisy2::Rissbilder_for_Florian_9S6A2796_352_1675_3345_3505.jpg,0.46465704,0.28024212,0.25510076
khanhha_noisy2::Rissbilder_for_Florian_9S6A2796_360_1209_3312_4152.jpg,0.5605551,0.22937398,0.21007094
khanhha_noisy2::Rissbilder_for_Florian_9S6A2796_365_740_3391_4131.jpg,0.60876775,0.20134242,0.18988991
khanhha_noisy2::Rissbilder_for_Florian_9S6A2807_112_2167_3474_2842.jpg,0.39187264,0.5720548,0.03607249
khanhha_noisy2::Rissbilder_for_Florian_9S6A2807_149_637_3674_3362.jpg,0.4253773,0.5412914,0.033331294
khanhha_noisy2::Rissbilder_for_Florian_9S6A2807_224_1187_3581_3340.jpg,0.3391861,0.6186469,0.042166945
khanhha_noisy2::Rissbilder_for_Florian_9S6A2807_577_1818_2154_2452.jpg,0.36631286,0.5729536,0.06073355
khanhha_noisy2::Rissbilder_for_Florian_9S6A2813_90_1297_3435_4044.jpg,0.106214695,0.86657053,0.027214814
khanhha_noisy2::Rissbilder_for_Florian_9S6A2816_0_0_3840_5760.jpg,0.024187176,0.9475146,0.028298236
khanhha_noisy2::Rissbilder_for_Florian_9S6A2816_113_51_3722_4201.jpg,0.04869781,0.9069537,0.04434854
khanhha_noisy2::Rissbilder_for_Florian_9S6A2816_1644_2004_1934_2558.jpg,0.02008707,0.9610201,0.018892853
khanhha_noisy2::Rissbilder_for_Florian_9S6A2816_255_1654_2762_3248.jpg,0.016526455,0.96572745,0.017746143
khanhha_noisy2::Rissbilder_for_Florian_9S6A2816_375_1185_3365_3750.jpg,0.011252138,0.97220707,0.016540818
khanhha_noisy2::Rissbilder_for_Florian_9S6A2816_48_1105_3458_4373.jpg,0.008395115,0.97996294,0.011641953
khanhha_noisy2::Rissbilder_for_Florian_9S6A2830_317_1218_3139_3120.jpg,0.5172594,0.36664087,0.11609973
khanhha_noisy2::Rissbilder_for_Florian_9S6A2830_356_323_2546_2076.jpg,0.4163986,0.48013353,0.10346779
khanhha_noisy2::Rissbilder_for_Florian_9S6A2830_715_2986_2996_2571.jpg,0.51854354,0.35173374,0.12972273
khanhha_noisy2::Rissbilder_for_Florian_9S6A2830_87_511_3003_3652.jpg,0.5696862,0.27825385,0.15205999
khanhha_noisy2::Rissbilder_for_Florian_9S6A2833_0_720_3814_3967.jpg,0.38209686,0.28813502,0.3297681
khanhha_noisy2::Rissbilder_for_Florian_9S6A2833_11_1057_3805_3303.jpg,0.4424587,0.21478066,0.3427606
khanhha_noisy2::Rissbilder_for_Florian_9S6A2833_596_837_3205_3950.jpg,0.37300718,0.20426723,0.4227256
khanhha_noisy2::Rissbilder_for_Florian_9S6A2839_132_1745_2786_3604.jpg,0.5896101,0.2900011,0.12038881
khanhha_noisy2::Rissbilder_for_Florian_9S6A2839_8_923_3789_4181.jpg,0.45695394,0.32050467,0.22254139
khanhha_noisy2::Rissbilder_for_Florian_9S6A2843_12_1425_2920_2441.jpg,0.51963603,0.4422676,0.038096324
khanhha_noisy2::Rissbilder_for_Florian_9S6A2843_178_404_2380_2116.jpg,0.34045818,0.62105346,0.038488403
khanhha_noisy2::Rissbilder_for_Florian_9S6A2843_369_1526_1885_2389.jpg,0.3482958,0.6155489,0.036155317
khanhha_noisy2::Rissbilder_for_Florian_9S6A2843_734_2194_2503_2654.jpg,0.31375486,0.64746547,0.03877968
khanhha_noisy2::Rissbilder_for_Florian_9S6A2843_81_439_3537_3036.jpg,0.5224904,0.4221732,0.055336446
khanhha_noisy2::Rissbilder_for_Florian_9S6A2849_1010_1722_2676_2957.jpg,0.42431536,0.2052786,0.37040597
khanhha_noisy2::Rissbilder_for_Florian_9S6A2849_239_1191_3521_3188.jpg,0.26790196,0.04412369,0.68797433
khanhha_noisy2::Rissbilder_for_Florian_9S6A2849_465_1014_2857_3753.jpg,0.36955854,0.06445548,0.565986
khanhha_noisy2::Rissbilder_for_Florian_9S6A2859_1580_320_3896_3471.jpg,0.4270854,0.5099381,0.06297643
khanhha_noisy2::Rissbilder_for_Florian_9S6A2859_1796_34_3392_3713.jpg,0.33942676,0.6100848,0.050488405
khanhha_noisy2::Rissbilder_for_Florian_9S6A2859_2073_725_3430_2687.jpg,0.60439366,0.34819227,0.047414117
khanhha_noisy2::Rissbilder_for_Florian_9S6A2866_277_585_3310_3706.jpg,0.6511855,0.29802358,0.050790973
khanhha_noisy2::Rissbilder_for_Florian_9S6A2866_643_1201_2050_2536.jpg,0.59198844,0.3462113,0.061800256
khanhha_noisy2::Rissbilder_for_Florian_9S6A2868_169_34_3542_2947.jpg,0.053507872,0.92434937,0.022142807
khanhha_noisy2::Rissbilder_for_Florian_9S6A2868_252_1319_2263_2294.jpg,0.22305916,0.7267592,0.050181665
khanhha_noisy2::Rissbilder_for_Florian_9S6A2868_257_950_3108_3346.jpg,0.09809532,0.864413,0.03749164
khanhha_noisy2::Rissbilder_for_Florian_9S6A2868_353_804_2737_3193.jpg,0.06408402,0.90060085,0.035315134
khanhha_noisy2::Rissbilder_for_Florian_9S6A2868_867_2101_2821_2989.jpg,0.2168954,0.71926624,0.063838385
khanhha_noisy2::Rissbilder_for_Florian_9S6A2875_169_1864_3516_3562.jpg,0.27722505,0.42397323,0.29880172
khanhha_noisy2::Rissbilder_for_Florian_9S6A2875_228_47_2676_2777.jpg,0.24188833,0.33219832,0.42591336
khanhha_noisy2::Rissbilder_for_Florian_9S6A2875_36_523_3631_3027.jpg,0.34857622,0.27479163,0.37663212
khanhha_noisy2::Rissbilder_for_Florian_9S6A2875_97_864_3672_4225.jpg,0.27855465,0.30095896,0.42048636
khanhha_noisy2::Rissbilder_for_Florian_9S6A2876_169_722_2977_3880.jpg,0.4458937,0.134192,0.4199143
khanhha_noisy2::Rissbilder_for_Florian_9S6A2876_79_1349_3734_3387.jpg,0.3880996,0.12875426,0.48314616
khanhha_noisy2::Rissbilder_for_Florian_9S6A2876_800_744_2945_3705.jpg,0.4679956,0.10680767,0.4251967
khanhha_noisy2::Rissbilder_for_Florian_9S6A2877_304_1360_2589_2329.jpg,0.5737435,0.2188956,0.20736086
khanhha_noisy2::Rissbilder_for_Florian_9S6A2877_417_140_3357_4443.jpg,0.45594886,0.22252575,0.32152545
khanhha_noisy2::Rissbilder_for_Florian_9S6A2877_472_1716_2206_2901.jpg,0.52360195,0.19333933,0.2830588
khanhha_noisy2::Rissbilder_for_Florian_9S6A2889_470_1014_3063_3785.jpg,0.32843813,0.2655067,0.40605518
khanhha_noisy2::Rissbilder_for_Florian_9S6A2889_671_2114_2686_3238.jpg,0.25840178,0.19864231,0.5429559
khanhha_noisy2::Rissbilder_for_Florian_9S6A2893_46_3035_3311_2720.jpg,0.2286219,0.4929975,0.2783806
khanhha_noisy2::Rissbilder_for_Florian_9S6A2893_986_2947_2387_2036.jpg,0.22965962,0.69829017,0.072050214
khanhha_noisy2::Rissbilder_for_Florian_9S6A2900_113_3085_3124_2494.jpg,0.34308818,0.17881386,0.47809795
khanhha_noisy2::Rissbilder_for_Florian_9S6A2900_163_3290_2437_2240.jpg,0.43803653,0.19904982,0.3629136
khanhha_noisy2::Rissbilder_for_Florian_9S6A2900_197_1041_3309_3760.jpg,0.30171424,0.31255913,0.3857266
khanhha_noisy2::Rissbilder_for_Florian_9S6A2908_1091_77_2830_3744.jpg,0.4534187,0.50495946,0.04162184
khanhha_noisy2::Rissbilder_for_Florian_9S6A2908_1096_896_2445_1861.jpg,0.4428983,0.51208013,0.04502163
khanhha_noisy2::Rissbilder_for_Florian_9S6A2908_1599_736_3074_2729.jpg,0.45011753,0.51287407,0.03700841
khanhha_noisy2::Rissbilder_for_Florian_9S6A2911_1125_1393_2108_2755.jpg,0.22837618,0.5528955,0.21872824
khanhha_noisy2::Rissbilder_for_Florian_9S6A2911_323_1692_3460_3572.jpg,0.1135131,0.29513848,0.5913484
khanhha_noisy2::Rissbilder_for_Florian_9S6A2918_430_1739_2794_3223.jpg,0.59765095,0.29180974,0.11053932
khanhha_noisy2::Rissbilder_for_Florian_9S6A3087_146_59_3684_4477.jpg,0.67760277,0.1681511,0.1542461
khanhha_noisy2::Rissbilder_for_Florian_9S6A3090_836_130_3789_3301.jpg,0.2099991,0.7189615,0.07103947
khanhha_noisy2::Rissbilder_for_Florian_9S6A3090_960_1737_2204_2039.jpg,0.20022619,0.74669975,0.053074077
khanhha_noisy2::Rissbilder_for_Florian_9S6A3093_157_2766_2021_2677.jpg,0.1886876,0.732622,0.07869037
khanhha_noisy2::Rissbilder_for_Florian_9S6A3093_616_1617_3135_4052.jpg,0.25233707,0.6233211,0.12434187
khanhha_noisy2::Rissbilder_for_Florian_9S6A3093_895_2172_2481_2123.jpg,0.25040248,0.62600166,0.123595834
khanhha_noisy2::Rissbilder_for_Florian_9S6A3104_1061_1181_3086_2630.jpg,0.5205436,0.20377761,0.27567884
khanhha_noisy2::Rissbilder_for_Florian_9S6A3104_151_147_3971_3570.jpg,0.2927096,0.53185475,0.17543563
khanhha_noisy2::Rissbilder_for_Florian_9S6A3104_783_263_3586_3511.jpg,0.3803169,0.39586496,0.22381815
khanhha_noisy2::Rissbilder_for_Florian_9S6A3110_0_0_3840_5760.jpg,0.07466607,0.040270727,0.88506323
khanhha_noisy2::Rissbilder_for_Florian_9S6A3110_52_945_3558_4432.jpg,0.15940896,0.07192339,0.76866764
khanhha_noisy2::Rissbilder_for_Florian_9S6A3111_42_1509_3500_3908.jpg,0.31991047,0.15936941,0.5207201
khanhha_noisy2::Rissbilder_for_Florian_9S6A3111_601_683_2556_3338.jpg,0.4356341,0.17066272,0.39370316
khanhha_noisy2::Rissbilder_for_Florian_9S6A3118_1132_115_4379_3677.jpg,0.08991138,0.033130124,0.8769585
khanhha_noisy2::Rissbilder_for_Florian_9S6A3118_2514_38_2922_3514.jpg,0.1560709,0.034436572,0.8094926
khanhha_noisy2::Rissbilder_for_Florian_9S6A3123_240_2905_2709_2486.jpg,0.2531116,0.021377599,0.7255108
khanhha_noisy2::Rissbilder_for_Florian_9S6A3123_372_1209_3339_4319.jpg,0.11831868,0.086126454,0.7955549
khanhha_noisy2::Rissbilder_for_Florian_9S6A3134_140_2003_2431_2080.jpg,0.22340041,0.02009294,0.7565067
khanhha_noisy2::Rissbilder_for_Florian_9S6A3134_417_310_2997_3294.jpg,0.20286153,0.062227346,0.73491114
khanhha_noisy2::Rissbilder_for_Florian_9S6A3134_422_2625_3386_2683.jpg,0.135945,0.030492954,0.833562
khanhha_noisy2::Rissbilder_for_Florian_9S6A3134_750_425_1978_2414.jpg,0.38987288,0.060634978,0.5494921
khanhha_noisy2::Rissbilder_for_Florian_9S6A3134_76_855_3718_4555.jpg,0.1414392,0.04949069,0.8090701
khanhha_noisy2::Sylvie_Chambon_006.jpg,0.60790944,0.18553638,0.20655426
khanhha_noisy2::Sylvie_Chambon_025.jpg,0.5536057,0.25323012,0.19316421
khanhha_noisy2::Sylvie_Chambon_057.jpg,0.5704276,0.10744816,0.32212418
khanhha_noisy2::Sylvie_Chambon_208.jpg,0.13057388,0.5544636,0.31496248
khanhha_noisy2::Sylvie_Chambon_303.jpg,0.0382359,0.85612833,0.1056358
khanhha_noisy2::Sylvie_Chambon_Im_noGT_ESAR_33a.jpg,0.16925573,0.7721337,0.058610566
khanhha_noisy2::Volker_DSC01612_211_482_1550_1714.jpg,0.35983625,0.36218372,0.27798006
khanhha_noisy2::Volker_DSC01612_8_444_1816_1750.jpg,0.26872644,0.40453938,0.3267342
khanhha_noisy2::Volker_DSC01625_69_1101_1754_1427.jpg,0.3533285,0.2851661,0.36150545
khanhha_noisy2::Volker_DSC01626_121_195_1176_1486.jpg,0.43713653,0.17564878,0.38721475
khanhha_noisy2::Volker_DSC01626_24_407_1783_1611.jpg,0.44786283,0.1045425,0.44759467
khanhha_noisy2::Volker_DSC01634_192_653_1400_1605.jpg,0.55052996,0.23454352,0.21492644
khanhha_noisy2::Volker_DSC01634_193_315_1605_1896.jpg,0.5544473,0.19205134,0.25350136
khanhha_noisy2::Volker_DSC01634_213_873_1583_1809.jpg,0.59102654,0.24833727,0.16063611
khanhha_noisy2::Volker_DSC01634_30_959_1479_1599.jpg,0.3670608,0.4693436,0.16359557
khanhha_noisy2::Volker_DSC01638_447_153_1384_1576.jpg,0.15362118,0.13709599,0.7092828
khanhha_noisy2::Volker_DSC01638_708_382_1525_1354.jpg,0.2246407,0.2327947,0.54256463
khanhha_noisy2::Volker_DSC01638_937_538_1159_1162.jpg,0.30036443,0.213376,0.48625958
khanhha_noisy2::Volker_DSC01641_300_104_1322_1459.jpg,0.37439328,0.24999498,0.37561172
khanhha_noisy2::Volker_DSC01641_437_407_1733_1413.jpg,0.3364837,0.2576902,0.4058261
khanhha_noisy2::Volker_DSC01641_929_30_1600_1758.jpg,0.31907263,0.200597,0.48033032
khanhha_noisy2::Volker_DSC01643_1311_276_1242_1009.jpg,0.4110817,0.19676077,0.39215752
khanhha_noisy2::Volker_DSC01643_157_235_1785_1431.jpg,0.113360494,0.17010193,0.7165376
khanhha_noisy2::Volker_DSC01650_983_400_1710_1295.jpg,0.03147957,0.77244943,0.19607101
khanhha_noisy2::Volker_DSC01655_613_606_1092_1056.jpg,0.23436145,0.19803946,0.56759906
khanhha_noisy2::Volker_DSC01656_140_1416_1684_1279.jpg,0.24088997,0.4364633,0.32264677
khanhha_noisy2::Volker_DSC01664_168_876_1650_1486.jpg,0.3700352,0.1492865,0.4806783
khanhha_noisy2::Volker_DSC01664_41_897_1611_1239.jpg,0.48148546,0.111727886,0.40678665
khanhha_noisy2::Volker_DSC01664_84_855_1625_1542.jpg,0.37629014,0.08605161,0.5376583
khanhha_noisy2::Volker_DSC01671_63_417_1630_2053.jpg,0.6020324,0.077545635,0.32042196
khanhha_noisy2::Volker_DSC01674_0_1080_1601_1598.jpg,0.5681692,0.16991276,0.26191807
khanhha_noisy2::Volker_DSC01674_53_426_1730_2092.jpg,0.72126067,0.08220481,0.19653456
khanhha_noisy2::Volker_DSC01674_748_1007_996_1190.jpg,0.7569818,0.031295203,0.21172303
khanhha_noisy2::Volker_DSC01685_202_585_1600_1686.jpg,0.71820545,0.10128012,0.18051451
khanhha_noisy2::Volker_DSC01685_252_569_1566_2047.jpg,0.7912813,0.090419546,0.118299216
khanhha_noisy2::Volker_DSC01693_1323_467_1353_1116.jpg,0.6678742,0.2629096,0.06921615
khanhha_noisy2::Volker_DSC01693_166_276_1259_1362.jpg,0.28281048,0.6837211,0.033468388
khanhha_noisy2::Volker_DSC01698_213_356_1899_1462.jpg,0.49449772,0.27631244,0.2291898
khanhha_noisy2::Volker_DSC01699_0_0_1824_2736.jpg,0.70418745,0.20256059,0.093251936
khanhha_noisy2::Volker_DSC01699_751_408_1048_1101.jpg,0.6359781,0.23362571,0.13039614
khanhha_noisy2::Volker_DSC01708_274_347_1439_1315.jpg,0.5636778,0.32283294,0.11348922
khanhha_noisy2::cracktree200_6201.jpg,0.41892284,0.5210971,0.059980053
khanhha_noisy2::cracktree200_6259.jpg,0.7202736,0.21543688,0.064289525
khanhha_noisy2::cracktree200_6268.jpg,0.40115586,0.50642216,0.092421934
khanhha_noisy2::cracktree200_6321.jpg,0.37071046,0.5731183,0.056171253
khanhha_noisy2::cracktree200_6328.jpg,0.5833032,0.25185665,0.1648402
khanhha_noisy2::cracktree200_6334.jpg,0.57377136,0.27108064,0.15514804
khanhha_noisy2::cracktree200_6351.jpg,0.7335812,0.17147535,0.09494341
khanhha_noisy2::forest_048.jpg,0.26891893,0.107448965,0.623632
khanhha_noisy2::forest_091.jpg,0.37458596,0.48266014,0.14275393
khanhha_noisy2::noncrack_noncrack_concrete_wall_100_4.jpg.jpg,0.008636612,0.96659553,0.024767803
khanhha_noisy2::noncrack_noncrack_concrete_wall_19_1.jpg.jpg,0.0042110845,0.9565724,0.039216567
khanhha_noisy2::noncrack_noncrack_concrete_wall_19_3.jpg.jpg,0.002630437,0.9753963,0.021973263
khanhha_noisy2::noncrack_noncrack_concrete_wall_19_6.jpg.jpg,0.0013939055,0.98659027,0.012015862
khanhha_noisy2::noncrack_noncrack_concrete_wall_19_7.jpg.jpg,0.001821931,0.9847632,0.013414822
khanhha_noisy2::noncrack_noncrack_concrete_wall_19_8.jpg.jpg,0.0054894853,0.9259913,0.06851921
khanhha_noisy2::noncrack_noncrack_concrete_wall_26_0.jpg.jpg,0.27166903,0.6227268,0.10560421
khanhha_noisy2::noncrack_noncrack_concrete_wall_27_5.jpg.jpg,0.288296,0.22017948,0.49152452
khanhha_noisy2::noncrack_noncrack_concrete_wall_37_1.jpg.jpg,0.035421222,0.7290837,0.23549514
khanhha_noisy2::noncrack_noncrack_concrete_wall_37_4.jpg.jpg,0.032369845,0.8541778,0.11345236
khanhha_noisy2::noncrack_noncrack_concrete_wall_49_4.jpg.jpg,0.06396326,0.9174717,0.018565034
khanhha_noisy2::noncrack_noncrack_concrete_wall_50_2.jpg.jpg,0.0040836334,0.9920065,0.003909945
khanhha_noisy2::noncrack_noncrack_concrete_wall_92_7.jpg.jpg,0.014503017,0.98123956,0.004257457
khanhha_noisy2::noncrack_noncrack_concrete_wall_9_14.jpg.jpg,0.0005359518,0.9961119,0.0033522507
khanhha_noisy2::noncrack_noncrack_concrete_wall_9_22.jpg.jpg,0.00030523742,0.9972294,0.002465315
khanhha_noisy2::noncrack_noncrack_concrete_wall_9_29.jpg.jpg,0.001119882,0.99340653,0.0054734806
khanhha_noisy2::noncrack_noncrack_concrete_wall_9_32.jpg.jpg,0.0017669995,0.9900401,0.008192838
khanhha_noisy2::noncrack_noncrack_concrete_wall_9_33.jpg.jpg,0.0008031554,0.9935041,0.0056928275
road420::2023_10_30_15_50_IMG_5903.jpg,0.5461536,0.030410102,0.42343625
road420::2023_10_30_15_51_IMG_5906.jpg,0.23659001,0.06859069,0.69481933
road420::2023_10_30_15_53_IMG_5912.jpg,0.3204267,0.010818749,0.6687545
road420::2023_10_30_15_57_IMG_5920.jpg,0.56816125,0.040909313,0.39092937
road420::2023_10_30_15_57_IMG_5923.jpg,0.68248796,0.017850898,0.29966125
road420::2023_10_30_16_15_IMG_5932.jpg,0.40922645,0.059982657,0.53079087
road420::2023_10_30_16_15_IMG_5934.jpg,0.10914521,0.029230097,0.8616248
road420::2023_10_30_16_17_IMG_5940.jpg,0.27301246,0.06386985,0.66311765
road420::2023_10_30_16_18_IMG_5947.jpg,0.31498733,0.06846256,0.6165501
road420::2023_10_30_16_18_IMG_5949.jpg,0.17590737,0.2104861,0.6136066
road420::2023_10_30_16_18_IMG_5950.jpg,0.29882795,0.108341545,0.5928305
road420::2023_10_30_16_21_IMG_5957.jpg,0.48097798,0.035011955,0.48401
road420::2023_10_30_16_21_IMG_5959.jpg,0.13324393,0.07738232,0.78937376
road420::2023_10_30_16_22_IMG_5964.jpg,0.1659196,0.08340954,0.75067085
road420::2023_10_30_16_23_IMG_5965.jpg,0.19626245,0.068618864,0.7351186
road420::2023_10_30_16_23_IMG_5966.jpg,0.7554785,0.04978291,0.19473857
road420::2023_10_30_16_23_IMG_5967.jpg,0.25428042,0.06590485,0.67981476
road420::2023_10_30_16_27_IMG_5978.jpg,0.2362143,0.23118348,0.53260225
road420::2023_10_30_16_30_IMG_5985.jpg,0.11058329,0.04440986,0.8450069
road420::2023_10_30_16_30_IMG_5988.jpg,0.39993775,0.07022154,0.5298407
road420::2023_10_30_16_32_IMG_5996.jpg,0.3191618,0.08426832,0.5965699
road420::2023_10_30_16_33_IMG_6002.jpg,0.2695276,0.0120247025,0.7184477
road420::2023_10_30_16_33_IMG_6003.jpg,0.30550903,0.044928744,0.6495622
road420::2023_10_30_16_39_IMG_6016.jpg,0.24911457,0.06407704,0.68680835
road420::2023_10_30_16_40_IMG_6017.jpg,0.25040737,0.05868613,0.69090647
road420::2023_10_30_16_44_IMG_6034.jpg,0.46341035,0.08221814,0.4543715
road420::2023_10_30_16_44_IMG_6035.jpg,0.0507963,0.055666983,0.89353675
road420::2023_10_30_16_49_IMG_6056.jpg,0.25006625,0.11767871,0.632255
road420::2023_10_30_16_56_IMG_6076.jpg,0.3849487,0.054099534,0.5609517
road420::2023_10_30_16_57_IMG_6083.jpg,0.37154728,0.06665314,0.5617996
road420::2023_10_30_16_58_IMG_6087.jpg,0.455989,0.03900155,0.5050095
road420::2023_10_30_16_58_IMG_6089.jpg,0.6558168,0.0937433,0.25043994
road420::2023_10_30_16_59_IMG_6091.jpg,0.22559786,0.04004833,0.7343539
road420::2023_10_30_17_01_IMG_6104.jpg,0.6742006,0.054394476,0.2714049
road420::2023_10_30_17_01_IMG_6106.jpg,0.7775881,0.025160978,0.19725093
road420::2023_10_30_17_03_IMG_6114.jpg,0.5929616,0.076921985,0.3301164
road420::2023_10_30_17_03_IMG_6116.jpg,0.42825767,0.12556206,0.44618025
road420::2023_10_30_17_03_IMG_6117.jpg,0.51434076,0.088765144,0.396894
road420::2023_10_30_17_04_IMG_6124.jpg,0.28676912,0.058696408,0.65453446
road420::2023_10_30_17_07_IMG_6140.jpg,0.3032048,0.07219557,0.6245995
road420::2023_10_30_17_08_IMG_6141.jpg,0.6216568,0.074665055,0.30367813
road420::2023_10_30_17_08_IMG_6143.jpg,0.851877,0.07008903,0.07803404
road420::2023_10_30_17_20_IMG_6145.jpg,0.415434,0.17376141,0.41080457
road420::2023_10_30_17_23_IMG_6150.jpg,0.14763041,0.14810663,0.704263
road420::2023_10_30_17_26_IMG_6155.jpg,0.21382809,0.038341433,0.74783045
road420::2023_10_30_17_28_IMG_6157.jpg,0.26868203,0.040744595,0.69057333
road420::2023_10_30_17_31_IMG_6170.jpg,0.31356576,0.019684829,0.6667494
road420::2023_10_30_17_31_IMG_6173.jpg,0.18917818,0.051266775,0.75955504
road420::2023_10_30_17_34_IMG_6182.jpg,0.14231983,0.041379478,0.8163007
road420::2023_10_30_17_36_IMG_6190.jpg,0.11712574,0.04316209,0.8397122
road420::2023_10_30_17_36_IMG_6192.jpg,0.12563159,0.04385434,0.8305141
road420::2023_10_30_17_36_IMG_6194.jpg,0.20124575,0.080457695,0.7182966
road420::2023_10_30_17_36_IMG_6196.jpg,0.15781043,0.06885693,0.7733326
road420::2023_10_30_17_37_IMG_6197.jpg,0.3831802,0.029540922,0.58727884
road420::2023_10_30_17_38_IMG_6199.jpg,0.37718636,0.039220862,0.5835928
road420::2023_10_31_13_39_IMG_6215.jpg,0.49635905,0.028660376,0.47498056
road420::2023_10_31_13_53_IMG_6225.jpg,0.6457495,0.050761696,0.30348876
road420::2023_10_31_13_56_IMG_6227.jpg,0.7707781,0.019815324,0.2094066
road420::2023_10_31_14_09_IMG_6232.jpg,0.60025954,0.039371096,0.36036938
road420::2023_10_31_14_18_IMG_6242.jpg,0.7843582,0.03098628,0.18465553
road420::2023_10_31_14_19_IMG_6243.jpg,0.85820335,0.02622662,0.11557012
road420::2023_10_31_14_26_IMG_6251.jpg,0.73599863,0.0065812385,0.25742006
road420::2023_10_31_14_27_IMG_6252.jpg,0.34681323,0.009244904,0.6439419
road420::2023_10_31_14_35_IMG_6273.jpg,0.43691942,0.0011021304,0.5619785
road420::2023_10_31_14_38_IMG_6280.jpg,0.5043394,0.021043822,0.47461677
road420::2023_10_31_14_44_IMG_6291.jpg,0.6672819,0.024054734,0.3086633
road420::2023_11_01_20_27_IMG_6347.jpg,0.47597635,0.12061137,0.40341228
road420::2023_11_01_20_34_IMG_6354.jpg,0.61395055,0.0070325728,0.37901685
road420::2023_11_01_20_35_IMG_6355.jpg,0.21140487,0.004165044,0.78443015
road420::2023_11_01_20_48_IMG_6376.jpg,0.29075316,0.115304954,0.5939419
road420::2023_11_05_21_01_IMG_6441.jpg,0.5670556,0.21272245,0.22022197
road420::2023_11_05_21_02_IMG_6444.jpg,0.16292027,0.019932711,0.817147
road420::2023_11_05_21_03_IMG_6445.jpg,0.50956553,0.022042276,0.46839225
road420::2023_11_05_21_06_IMG_6452.jpg,0.26749793,0.04913409,0.683368
road420::2023_11_05_21_12_IMG_6460.jpg,0.25428006,0.03134978,0.71437013
road420::2023_11_05_21_20_IMG_6472.jpg,0.24836212,0.027394239,0.7242436
road420::2023_11_05_21_23_IMG_6479.jpg,0.27288622,0.038496163,0.68861765
road420::2023_11_05_21_23_IMG_6481.jpg,0.18695273,0.046691023,0.7663563
road420::2023_11_05_21_30_IMG_6500.jpg,0.18490526,0.031692363,0.7834023
road420::2023_11_05_21_30_IMG_6501.jpg,0.11520912,0.038209163,0.8465817
road420::2023_11_05_21_36_IMG_6511.jpg,0.508402,0.027005479,0.4645926
road420::2023_11_05_21_37_IMG_6513.jpg,0.92958647,0.0047789533,0.06563458
road420::2023_11_05_21_43_IMG_6529.jpg,0.21371415,0.07790288,0.70838296
facade390::DJ_Wall_111.JPG,0.61462164,0.07212124,0.31325716
facade390::DJ_Wall_116.JPG,0.4975716,0.08285678,0.4195716
facade390::DJ_Wall_12.JPG,0.14570293,0.39132684,0.4629702
facade390::DJ_Wall_124.JPG,0.72561985,0.012357708,0.26202244
facade390::DJ_Wall_125.JPG,0.7737932,0.072798744,0.15340804
facade390::DJ_Wall_128.JPG,0.6391096,0.096393414,0.26449695
facade390::DJ_Wall_132.JPG,0.6255995,0.015961956,0.35843858
facade390::DJ_Wall_136.JPG,0.5517698,0.34677094,0.101459265
facade390::DJ_Wall_139.JPG,0.9131936,0.0379134,0.048893016
facade390::DJ_Wall_142.JPG,0.7181754,0.054133385,0.22769119
facade390::DJ_Wall_152.JPG,0.67814845,0.059707575,0.26214397
facade390::DJ_Wall_156.JPG,0.6409327,0.11660227,0.24246499
facade390::DJ_Wall_16.JPG,0.05615926,0.6779206,0.26592022
facade390::DJ_Wall_163.JPG,0.91807395,0.024394585,0.057531413
facade390::DJ_Wall_165.JPG,0.9157511,0.026018124,0.058230776
facade390::DJ_Wall_168.JPG,0.83422595,0.038180016,0.12759408
facade390::DJ_Wall_170.JPG,0.6911967,0.16492313,0.14388016
facade390::DJ_Wall_171.JPG,0.7116529,0.09024443,0.19810274
facade390::DJ_Wall_175.JPG,0.7333109,0.07557854,0.19111058
facade390::DJ_Wall_177.JPG,0.698551,0.14312889,0.15832005
facade390::DJ_Wall_182.JPG,0.8933205,0.04301449,0.06366505
facade390::DJ_Wall_197.JPG,0.8447753,0.035838995,0.11938569
facade390::DJ_Wall_198.JPG,0.8150672,0.06676577,0.11816705
facade390::DJ_Wall_214.JPG,0.41483545,0.082006454,0.5031581
facade390::DJ_Wall_215.JPG,0.4073727,0.04385336,0.54877394
facade390::DJ_Wall_217.JPG,0.55460685,0.07734734,0.36804584
facade390::DJ_Wall_231.JPG,0.7941663,0.007961987,0.19787169
facade390::DJ_Wall_232.JPG,0.37636733,0.027303845,0.59632885
facade390::DJ_Wall_235.JPG,0.8388804,0.0014375303,0.159682
facade390::DJ_Wall_237.JPG,0.92818314,0.00038499958,0.07143193
facade390::DJ_Wall_238.JPG,0.53992367,0.007895899,0.45218045
facade390::DJ_Wall_250.JPG,0.4849452,8.156647e-05,0.5149733
facade390::DJ_Wall_251.JPG,0.17441088,0.0324877,0.7931015
facade390::DJ_Wall_252.JPG,0.10438105,0.032201234,0.8634177
facade390::DJ_Wall_254.JPG,0.115594134,0.008185881,0.87622
facade390::DJ_Wall_258.JPG,0.08407613,0.001491688,0.9144322
facade390::DJ_Wall_264.JPG,0.31951392,0.04112873,0.63935727
facade390::DJ_Wall_273.JPG,0.32784075,0.05664479,0.61551446
facade390::DJ_Wall_276.JPG,0.34899598,0.06316977,0.5878343
facade390::DJ_Wall_28.JPG,0.33785063,0.30679858,0.35535073
facade390::DJ_Wall_29.JPG,0.13279362,0.028658584,0.83854777
facade390::DJ_Wall_290.JPG,0.19218579,0.0014496458,0.80636454
facade390::DJ_Wall_300.JPG,0.76555586,0.15422828,0.080215946
facade390::DJ_Wall_306.JPG,0.27892107,0.39604044,0.3250385
facade390::DJ_Wall_316.JPG,0.5504471,0.17688008,0.27267286
facade390::DJ_Wall_317.JPG,0.4512835,0.24931096,0.29940546
facade390::DJ_Wall_32.JPG,0.22560504,0.20148373,0.57291126
facade390::DJ_Wall_321.JPG,0.38827968,0.30593118,0.30578908
facade390::DJ_Wall_323.JPG,0.6820014,0.20097789,0.1170207
facade390::DJ_Wall_325.JPG,0.28926384,0.2303243,0.4804118
facade390::DJ_Wall_331.JPG,0.7700036,0.022986054,0.20701028
facade390::DJ_Wall_332.JPG,0.6027142,0.039711468,0.35757437
facade390::DJ_Wall_333.JPG,0.570259,0.19641562,0.23332539
facade390::DJ_Wall_342.JPG,0.63373315,0.23194443,0.13432239
facade390::DJ_Wall_343.JPG,0.37089488,0.08538084,0.54372424
facade390::DJ_Wall_353.JPG,0.17900379,0.11786849,0.7031277
facade390::DJ_Wall_355.JPG,0.3603798,0.19280894,0.44681126
facade390::DJ_Wall_359.JPG,0.3090478,0.1516169,0.5393353
facade390::DJ_Wall_364.JPG,0.17712536,0.17992418,0.6429505
facade390::DJ_Wall_366.JPG,0.3981425,0.070800304,0.5310572
facade390::DJ_Wall_376.JPG,0.07734863,0.18945418,0.7331972
facade390::DJ_Wall_380.JPG,0.3086466,0.17359193,0.5177615
facade390::DJ_Wall_388.JPG,0.34682494,0.23889235,0.41428274
facade390::DJ_Wall_42.JPG,0.07150881,0.034244854,0.8942463
facade390::DJ_Wall_43.JPG,0.27606824,0.23750237,0.48642945
facade390::DJ_Wall_44.JPG,0.10021353,0.055346165,0.8444403
facade390::DJ_Wall_50.JPG,0.2331069,0.13802749,0.6288656
facade390::DJ_Wall_54.JPG,0.10327608,0.040816147,0.85590774
facade390::DJ_Wall_56.JPG,0.7635454,0.037665337,0.19878928
facade390::DJ_Wall_6.JPG,0.13633591,0.39349958,0.47016445
facade390::DJ_Wall_66.JPG,0.55661684,0.27662548,0.16675772
facade390::DJ_Wall_67.JPG,0.6995821,0.11829338,0.18212448
facade390::DJ_Wall_72.JPG,0.4675869,0.1364658,0.39594728
facade390::DJ_Wall_74.JPG,0.61840254,0.0846259,0.2969716
facade390::DJ_Wall_77.JPG,0.40918761,0.12185767,0.46895468
facade390::DJ_Wall_83.JPG,0.033836633,0.038725678,0.92743766
facade390::DJ_Wall_85.JPG,0.2922758,0.016471343,0.6912529
facade390::DJ_Wall_87.JPG,0.06507669,0.06631939,0.8686039
facade390::DJ_Wall_88.JPG,0.16526465,0.1473944,0.68734103
facade390::DJ_Wall_94.JPG,0.2570329,0.11949087,0.6234762
facade390::DJ_Wall_95.JPG,0.5774109,0.07473789,0.34785122
facade390::DJ_Wall_96.JPG,0.42029768,0.09721904,0.4824833
concrete3k::024_16.jpg,0.75118387,0.069260634,0.17955545
concrete3k::024_17.jpg,0.6269852,0.1483174,0.22469743
concrete3k::024_18.jpg,0.42764342,0.06924011,0.5031164
concrete3k::024_26.jpg,0.8084564,0.1552687,0.036274914
concrete3k::024_28.jpg,0.40405294,0.35751036,0.2384367
concrete3k::024_30.jpg,0.32501182,0.2823419,0.39264622
concrete3k::024_31.jpg,0.65539134,0.16337882,0.1812298
concrete3k::024_8.jpg,0.25105777,0.07589454,0.6730477
concrete3k::025_16.jpg,0.3604997,0.06317949,0.5763208
concrete3k::025_26.jpg,0.2491059,0.12394746,0.62694657
concrete3k::025_27.jpg,0.5234907,0.2156803,0.26082897
concrete3k::025_28.jpg,0.51939744,0.19949928,0.28110325
concrete3k::025_29.jpg,0.59722906,0.20445435,0.19831659
concrete3k::025_31.jpg,0.6190108,0.15393665,0.22705252
concrete3k::029_26.jpg,0.80156535,0.10502594,0.09340873
concrete3k::029_27.jpg,0.2803526,0.3003215,0.41932592
concrete3k::029_29.jpg,0.6391943,0.1702467,0.19055897
concrete3k::038_0.jpg,0.2783703,0.10393512,0.6176946
concrete3k::038_1.jpg,0.48048198,0.07458446,0.4449336
concrete3k::038_10.jpg,0.20228103,0.0444154,0.7533036
concrete3k::038_18.jpg,0.52215683,0.0831391,0.3947041
concrete3k::038_19.jpg,0.4184957,0.025077732,0.5564265
concrete3k::038_8.jpg,0.59352666,0.078495994,0.32797733
concrete3k::045_1.jpg,0.8054779,0.1079076,0.086614504
concrete3k::045_19.jpg,0.6387916,0.30323675,0.057971507
concrete3k::045_2.jpg,0.5229516,0.19446489,0.28258345
concrete3k::045_29.jpg,0.5260888,0.3267399,0.14717132
concrete3k::051_12.jpg,0.2622026,0.52938575,0.20841175
concrete3k::051_13.jpg,0.2881146,0.51650494,0.1953805
concrete3k::051_14.jpg,0.44299752,0.2508171,0.30618542
concrete3k::051_20.jpg,0.26861104,0.46897686,0.2624121
concrete3k::051_35.jpg,0.26642853,0.4631635,0.27040797
concrete3k::051_4.jpg,0.28751335,0.36363894,0.34884766
concrete3k::051_41.jpg,0.26279718,0.22830395,0.50889885
concrete3k::051_42.jpg,0.29628688,0.54697436,0.15673877
concrete3k::051_5.jpg,0.32312945,0.2280031,0.44886744
concrete3k::051_6.jpg,0.5044493,0.33356026,0.1619904
concrete3k::056_18.jpg,0.81830394,0.10474557,0.07695054
concrete3k::056_19.jpg,0.7552802,0.14957356,0.09514625
concrete3k::056_28.jpg,0.42598698,0.37783414,0.19617885
concrete3k::056_29.jpg,0.62105083,0.21828909,0.1606601
concrete3k::056_38.jpg,0.58377665,0.28280076,0.13342257
concrete3k::058_17.jpg,0.6235597,0.21079831,0.16564196
concrete3k::058_19.jpg,0.31946507,0.34444988,0.33608514
concrete3k::058_21.jpg,0.20944694,0.1465272,0.64402586
concrete3k::058_27.jpg,0.39643645,0.26851583,0.3350477
concrete3k::058_28.jpg,0.23079899,0.31632158,0.4528794
concrete3k::058_37.jpg,0.18880267,0.18247563,0.62872165
concrete3k::058_38.jpg,0.56070006,0.29453275,0.1447672
concrete3k::058_39.jpg,0.7350558,0.19561245,0.069331735
concrete3k::065_12.jpg,0.4359832,0.3311979,0.232819
concrete3k::065_13.jpg,0.3011539,0.20784996,0.49099612
concrete3k::065_27.jpg,0.37779602,0.39177045,0.23043346
concrete3k::065_28.jpg,0.2145349,0.21277384,0.5726912
concrete3k::065_35.jpg,0.28919438,0.46955493,0.24125072
concrete3k::065_42.jpg,0.6286412,0.13853672,0.2328221
concrete3k::065_43.jpg,0.55614865,0.20108548,0.24276587
concrete3k::065_7.jpg,0.28569853,0.027636942,0.6866645
concrete3k::069_14.jpg,0.35150123,0.22112565,0.42737314
concrete3k::069_15.jpg,0.84734046,0.1162612,0.03639833
concrete3k::069_19.jpg,0.75344646,0.14987883,0.09667471
concrete3k::069_20.jpg,0.18740125,0.09349226,0.71910655
concrete3k::069_22.jpg,0.5204033,0.37307453,0.10652212
concrete3k::069_24.jpg,0.4715443,0.08140237,0.44705328
concrete3k::069_27.jpg,0.49269313,0.34464204,0.16266482
concrete3k::069_30.jpg,0.31272724,0.21451811,0.47275466
concrete3k::069_32.jpg,0.3018607,0.53189725,0.16624202
concrete3k::082_14.jpg,0.49537987,0.19146784,0.3131524
concrete3k::082_16.jpg,0.40771043,0.2046482,0.38764137
concrete3k::082_17.jpg,0.59887123,0.27270928,0.12841953
concrete3k::082_21.jpg,0.26701087,0.19683486,0.53615427
concrete3k::082_22.jpg,0.38275942,0.3490325,0.26820812
concrete3k::082_24.jpg,0.5972322,0.0699492,0.3328186
concrete3k::082_25.jpg,0.58063483,0.25292557,0.16643967
concrete3k::082_26.jpg,0.14817156,0.4033374,0.44849104
concrete3k::082_27.jpg,0.15997976,0.4567641,0.38325605
concrete3k::082_30.jpg,0.3591451,0.36218786,0.278667
concrete3k::082_37.jpg,0.44550312,0.26811156,0.28638536
concrete3k::082_5.jpg,0.5560994,0.15090641,0.2929942
concrete3k::082_6.jpg,0.50313914,0.14955974,0.3473011
concrete3k::084_12.jpg,0.168677,0.44447058,0.38685244
concrete3k::084_19.jpg,0.24180023,0.42183626,0.3363635
concrete3k::084_20.jpg,0.14388,0.51092046,0.34519958
concrete3k::084_27.jpg,0.19266872,0.57201654,0.23531476
concrete3k::084_4.jpg,0.43638885,0.41514316,0.14846794
concrete3k::084_5.jpg,0.60418534,0.13927187,0.25654283
concrete3k::085_27.jpg,0.5349637,0.18936768,0.27566865
concrete3k::085_3.jpg,0.69833934,0.06768153,0.2339791
concrete3k::085_44.jpg,0.2743073,0.21014655,0.5155462
concrete3k::085_5.jpg,0.71562046,0.041216433,0.24316312
concrete3k::101_18.jpg,0.45741525,0.2802011,0.2623836
concrete3k::101_20.jpg,0.21250892,0.3265485,0.46094263
concrete3k::101_22.jpg,0.16361928,0.35520828,0.48117247
concrete3k::101_33.jpg,0.68928987,0.24498057,0.06572956
concrete3k::101_34.jpg,0.572741,0.22469433,0.20256475
concrete3k::101_40.jpg,0.8120224,0.16382696,0.024150645
concrete3k::101_41.jpg,0.7562148,0.15155399,0.092231266
concrete3k::116_17.jpg,0.7471981,0.15070046,0.102101386
concrete3k::116_19.jpg,0.53539985,0.36187458,0.10272557
concrete3k::116_20.jpg,0.4714835,0.36183187,0.16668461
concrete3k::116_21.jpg,0.33685496,0.45451108,0.20863393
concrete3k::116_22.jpg,0.5851243,0.24693327,0.16794243
concrete3k::116_23.jpg,0.8847513,0.06092507,0.054323535
concrete3k::116_26.jpg,0.49373716,0.17246053,0.3338024
concrete3k::116_35.jpg,0.24311121,0.5079605,0.2489283
concrete3k::116_8.jpg,0.8739905,0.07939402,0.04661551
concrete3k::116_9.jpg,0.59993416,0.09372189,0.30634397
concrete3k::121_19.jpg,0.40203556,0.3896412,0.20832324
concrete3k::121_24.jpg,0.66050494,0.059085485,0.28040957
concrete3k::121_26.jpg,0.55413467,0.19841537,0.24744996
concrete3k::121_27.jpg,0.47299495,0.165881,0.36112404
concrete3k::121_28.jpg,0.43605798,0.28060064,0.28334132
concrete3k::132_19.jpg,0.5736236,0.13267827,0.2936982
concrete3k::132_20.jpg,0.6991115,0.15792139,0.142967
concrete3k::132_27.jpg,0.66217536,0.26338348,0.07444122
concrete3k::132_28.jpg,0.31706282,0.44084728,0.24208991
concrete3k::132_36.jpg,0.5510104,0.14684494,0.3021448
concrete3k::132_4.jpg,0.54496396,0.2725342,0.18250191
concrete3k::132_43.jpg,0.663847,0.1885715,0.14758147
concrete3k::135_10.jpg,0.72443306,0.15977943,0.1157875
concrete3k::135_20.jpg,0.4492559,0.23586215,0.31488186
concrete3k::135_29.jpg,0.06847952,0.6301178,0.3014027
concrete3k::135_45.jpg,0.6390229,0.18263665,0.17834046
concrete3k::139_17.jpg,0.66473967,0.2837293,0.051531054
concrete3k::139_25.jpg,0.40366673,0.26815528,0.32817805
concrete3k::139_26.jpg,0.47867927,0.3876763,0.13364448
concrete3k::139_29.jpg,0.3096145,0.47470978,0.21567573
concrete3k::139_30.jpg,0.5236321,0.3754227,0.10094525
concrete3k::141_19.jpg,0.29425684,0.32546094,0.38028225
concrete3k::141_27.jpg,0.22988898,0.36457258,0.40553853
concrete3k::141_30.jpg,0.082676254,0.46377477,0.4535489
concrete3k::144_11.jpg,0.44239733,0.3625294,0.19507328
concrete3k::144_19.jpg,0.5738083,0.1435271,0.28266454
concrete3k::144_20.jpg,0.49971086,0.32557505,0.17471409
concrete3k::144_3.jpg,0.43620345,0.07477982,0.48901674
concrete3k::144_36.jpg,0.22299297,0.25245038,0.52455664
concrete3k::144_4.jpg,0.7314611,0.10960031,0.1589386
concrete3k::144_45.jpg,0.5820313,0.28839168,0.12957703
concrete3k::147_10.jpg,0.3109376,0.06696175,0.6221006
concrete3k::147_13.jpg,0.27270487,0.49019602,0.23709904
concrete3k::147_15.jpg,0.5784321,0.09556007,0.3260079
concrete3k::147_2.jpg,0.36068085,0.2607716,0.37854752
concrete3k::147_28.jpg,0.5436608,0.12195207,0.33438706
concrete3k::147_40.jpg,0.30553073,0.25479782,0.43967137
concrete3k::147_41.jpg,0.7999764,0.1181049,0.08191871
concrete3k::147_6.jpg,0.35819498,0.032691393,0.6091137
concrete3k::147_7.jpg,0.86785054,0.05303464,0.079114765
concrete3k::150_13.jpg,0.3829018,0.14304139,0.4740568
concrete3k::150_24.jpg,0.70588976,0.043597817,0.25051245
concrete3k::150_26.jpg,0.7095807,0.14842193,0.14199734
concrete3k::150_28.jpg,0.5941592,0.16766125,0.23817955
concrete3k::150_29.jpg,0.65231043,0.12295764,0.22473185
concrete3k::150_31.jpg,0.85377264,0.033807553,0.11241981
concrete3k::182_19.jpg,0.4852622,0.3489422,0.16579558
concrete3k::182_23.jpg,0.5411415,0.1878285,0.27102995
concrete3k::182_27.jpg,0.40587556,0.41058907,0.18353535
concrete3k::182_30.jpg,0.49888787,0.35503277,0.1460793
concrete3k::182_31.jpg,0.6339964,0.27112785,0.09487575
concrete3k::189_11.jpg,0.33345917,0.31573313,0.35080767
concrete3k::189_13.jpg,0.7760742,0.15359487,0.07033106
concrete3k::189_20.jpg,0.7337413,0.14309458,0.12316419
concrete3k::189_21.jpg,0.6398422,0.22186351,0.13829426
concrete3k::189_25.jpg,0.35410365,0.25118273,0.39471367
concrete3k::189_26.jpg,0.18565938,0.55046105,0.26387957
concrete3k::189_32.jpg,0.6465179,0.21963899,0.13384314
concrete3k::189_33.jpg,0.67340136,0.21993195,0.10666669
concrete3k::189_40.jpg,0.5969879,0.043161947,0.3598502
concrete3k::189_7.jpg,0.5287611,0.061186492,0.41005242
concrete3k::192_1.jpg,0.15016071,0.25394174,0.59589756
concrete3k::192_25.jpg,0.3261575,0.35470474,0.31913775
concrete3k::192_28.jpg,0.6275079,0.2621397,0.11035236
concrete3k::192_37.jpg,0.58326036,0.3179767,0.09876289
concrete3k::192_39.jpg,0.36633754,0.2826378,0.3510247
concrete3k::192_8.jpg,0.4147142,0.29503787,0.2902479
concrete3k::192_9.jpg,0.33114824,0.4249983,0.24385345
concrete3k::195_11.jpg,0.25646585,0.3940064,0.3495278
concrete3k::195_18.jpg,0.23563455,0.37891752,0.38544792
concrete3k::195_20.jpg,0.5361171,0.11904541,0.34483752
concrete3k::195_27.jpg,0.20770349,0.22087403,0.5714225
concrete3k::195_29.jpg,0.2731535,0.35568857,0.37115794
concrete3k::195_38.jpg,0.51638395,0.28540635,0.19820964
concrete3k::195_39.jpg,0.28677955,0.16254778,0.55067265
concrete3k::195_47.jpg,0.69052744,0.21573977,0.09373278
concrete3k::195_8.jpg,0.64454883,0.23585117,0.119599946
concrete3k::195_9.jpg,0.28109238,0.33877409,0.38013348
concrete3k::196_18.jpg,0.6052855,0.17181161,0.2229029
concrete3k::196_26.jpg,0.38843724,0.25090128,0.36066154
concrete3k::196_34.jpg,0.27950576,0.09224701,0.62824726
concrete3k::196_35.jpg,0.1199477,0.05796385,0.82208836
concrete3k::196_39.jpg,0.74918115,0.13099863,0.11982027
concrete3k::211_22.jpg,0.6989017,0.08398131,0.21711698
concrete3k::214_20.jpg,0.6489948,0.2207903,0.13021487
concrete3k::214_34.jpg,0.66084874,0.17042735,0.16872393
concrete3k::214_7.jpg,0.7192723,0.085658014,0.19506967
concrete3k::220_19.jpg,0.6762193,0.15344702,0.17033367
concrete3k::220_21.jpg,0.4641502,0.37570834,0.16014148
concrete3k::220_22.jpg,0.52221525,0.3037327,0.17405204
concrete3k::220_23.jpg,0.764867,0.14468445,0.09044853
concrete3k::220_24.jpg,0.8096132,0.053425755,0.13696106
concrete3k::220_27.jpg,0.6308447,0.21810067,0.15105473
concrete3k::220_28.jpg,0.51608837,0.07144429,0.41246733
concrete3k::220_6.jpg,0.1669492,0.17083779,0.66221297
concrete3k::220_7.jpg,0.050062206,0.017037747,0.9329
concrete3k::223_16.jpg,0.7334646,0.04150439,0.22503105
concrete3k::223_18.jpg,0.6257409,0.11778885,0.25647026
concrete3k::223_19.jpg,0.52527994,0.3143216,0.16039847
concrete3k::223_20.jpg,0.47141033,0.049124196,0.47946543
concrete3k::223_21.jpg,0.18534766,0.06289983,0.75175256
concrete3k::223_22.jpg,0.65795094,0.16039158,0.18165748
concrete3k::223_23.jpg,0.5698558,0.2992856,0.13085857
concrete3k::223_28.jpg,0.54116344,0.15695909,0.30187753
concrete3k::223_29.jpg,0.5514734,0.26272118,0.18580547
concrete3k::223_9.jpg,0.69007,0.15656495,0.15336508
concrete3k::228_16.jpg,0.5210874,0.20838606,0.27052656
concrete3k::228_21.jpg,0.37404826,0.3184264,0.3075254
concrete3k::228_25.jpg,0.5380643,0.36262366,0.09931196
concrete3k::228_28.jpg,0.34554335,0.4274397,0.22701696
concrete3k::228_30.jpg,0.51079744,0.363559,0.12564358
concrete3k::228_31.jpg,0.748039,0.15461342,0.09734766
concrete3k::234_1.jpg,0.6374701,0.23859553,0.12393441
concrete3k::234_11.jpg,0.47144374,0.32749358,0.20106268
concrete3k::234_19.jpg,0.4731277,0.33728185,0.18959045
concrete3k::234_2.jpg,0.41603214,0.3475401,0.2364278
concrete3k::234_20.jpg,0.6233798,0.21391596,0.16270417
concrete3k::234_38.jpg,0.6724631,0.17938545,0.14815149
concrete3k::238_17.jpg,0.5512706,0.27615005,0.17257926
concrete3k::238_22.jpg,0.27180424,0.39440152,0.33379424
concrete3k::238_25.jpg,0.09788159,0.08030472,0.82181364
concrete3k::238_26.jpg,0.45079336,0.36419827,0.1850084
concrete3k::238_33.jpg,0.320297,0.1271949,0.5525082
concrete3k::238_35.jpg,0.42958242,0.15705487,0.41336268
concrete3k::241_17.jpg,0.5259722,0.28618726,0.18784057
concrete3k::241_34.jpg,0.24633309,0.084293365,0.6693736
concrete3k::241_35.jpg,0.6656387,0.076702856,0.25765836
concrete3k::241_36.jpg,0.5094924,0.3583534,0.13215418
concrete3k::241_42.jpg,0.1082387,0.06708273,0.82467854
concrete3k::241_43.jpg,0.19955513,0.26750076,0.5329441
concrete3k::241_44.jpg,0.32245138,0.09412403,0.58342457
concrete3k::241_8.jpg,0.8625632,0.08240207,0.055034854
concrete3k::245_17.jpg,0.5958853,0.2175124,0.18660235
concrete3k::245_18.jpg,0.616094,0.2841829,0.099723116
concrete3k::245_19.jpg,0.75597465,0.068642356,0.17538293
concrete3k::245_27.jpg,0.46685767,0.3707334,0.16240893
concrete3k::245_38.jpg,0.40475714,0.052467495,0.54277533
concrete3k::245_8.jpg,0.7390413,0.15712863,0.103830025
concrete3k::245_9.jpg,0.66097116,0.2550962,0.08393258
concrete3k::246_12.jpg,0.8364404,0.05695306,0.106606536
concrete3k::246_14.jpg,0.8159123,0.08768923,0.096398495
concrete3k::246_18.jpg,0.27567226,0.06630629,0.6580215
concrete3k::246_24.jpg,0.5999408,0.14308535,0.2569738
concrete3k::246_25.jpg,0.5620294,0.12829566,0.3096749
concrete3k::246_5.jpg,0.15907542,0.079366185,0.76155835
concrete3k::246_6.jpg,0.61226714,0.10500849,0.28272438
concrete3k::247_19.jpg,0.43548033,0.3633657,0.201154
concrete3k::247_28.jpg,0.38771933,0.25141045,0.36087015
concrete3k::247_36.jpg,0.63259524,0.21472923,0.15267551
concrete3k::247_37.jpg,0.6346082,0.12940766,0.23598416
concrete3k::247_46.jpg,0.5249965,0.19842477,0.2765786
concrete3k::247_8.jpg,0.5526132,0.32234508,0.1250417
concrete3k::247_9.jpg,0.6865903,0.24693078,0.066478886
concrete3k::249_11.jpg,0.7367342,0.068526104,0.19473977
concrete3k::249_17.jpg,0.6048068,0.32086343,0.07432974
concrete3k::249_18.jpg,0.662483,0.24118868,0.09632831
concrete3k::249_25.jpg,0.5331652,0.2237111,0.24312373
concrete3k::249_27.jpg,0.77730983,0.16449982,0.058190364
concrete3k::249_29.jpg,0.49272907,0.37664336,0.13062747
concrete3k::249_3.jpg,0.6047475,0.04724513,0.34800738
concrete3k::249_30.jpg,0.5424899,0.3196838,0.13782628
concrete3k::249_39.jpg,0.8305217,0.10440919,0.065069154
concrete3k::249_4.jpg,0.41659686,0.05302668,0.53037643
concrete3k::254_1.jpg,0.68890816,0.10699862,0.20409325
concrete3k::254_10.jpg,0.35692877,0.08011413,0.5629571
concrete3k::254_3.jpg,0.52178836,0.04346661,0.43474504
concrete3k::267_22.jpg,0.63476264,0.25232634,0.11291096
concrete3k::267_23.jpg,0.62449974,0.2148843,0.16061595
concrete3k::267_24.jpg,0.46697053,0.16860282,0.36442664
concrete3k::267_26.jpg,0.66567534,0.22979832,0.104526386
concrete3k::267_28.jpg,0.5502013,0.26007676,0.18972185
concrete3k::267_32.jpg,0.88587636,0.07297039,0.041153222
concrete3k::267_33.jpg,0.7852982,0.12570864,0.08899316
concrete3k::269_17.jpg,0.68302613,0.18709822,0.12987565
concrete3k::269_18.jpg,0.68577,0.21186867,0.10236133
concrete3k::269_19.jpg,0.8108531,0.10469004,0.08445684
concrete3k::269_28.jpg,0.5323071,0.3290433,0.13864955
concrete3k::269_30.jpg,0.47675163,0.22530904,0.2979393
concrete3k::269_38.jpg,0.52086216,0.25438535,0.22475244
concrete3k::269_39.jpg,0.54423124,0.21483168,0.24093707
concrete3k::276_14.jpg,0.21415283,0.4583344,0.32751283
concrete3k::276_20.jpg,0.13899487,0.4179664,0.4430387
concrete3k::276_21.jpg,0.11754064,0.24368069,0.6387786
concrete3k::276_27.jpg,0.1229539,0.438684,0.43836212
concrete3k::276_28.jpg,0.21751262,0.32344568,0.45904174
concrete3k::276_33.jpg,0.45388687,0.081637755,0.4644753
concrete3k::276_34.jpg,0.46136588,0.37120527,0.1674288
concrete3k::276_41.jpg,0.70942867,0.22647376,0.064097546
concrete3k::276_6.jpg,0.18961252,0.4086705,0.401717
concrete3k::276_7.jpg,0.29872885,0.48025718,0.22101392
concrete3k::277_10.jpg,0.28022847,0.38849932,0.3312722
concrete3k::277_11.jpg,0.20874229,0.37538937,0.41586837
concrete3k::277_13.jpg,0.36821884,0.04058014,0.591201
concrete3k::277_16.jpg,0.07913065,0.10617826,0.814691
concrete3k::277_18.jpg,0.3066858,0.21216743,0.4811468
concrete3k::277_22.jpg,0.49200204,0.3987161,0.10928192
concrete3k::277_23.jpg,0.7034376,0.1288347,0.16772771
concrete3k::277_28.jpg,0.41338372,0.3363635,0.2502528
concrete3k::277_32.jpg,0.42562258,0.07706893,0.49730852
concrete3k::277_34.jpg,0.5625206,0.09197187,0.34550747
concrete3k::277_35.jpg,0.32199505,0.47599518,0.20200968
concrete3k::285_14.jpg,0.73410505,0.06340889,0.20248607
concrete3k::285_16.jpg,0.84755075,0.05181869,0.10063059
concrete3k::285_17.jpg,0.9198303,0.046186,0.03398365
concrete3k::285_20.jpg,0.69253033,0.08538532,0.22208436
concrete3k::285_21.jpg,0.41252956,0.015186347,0.57228404
concrete3k::291_12.jpg,0.7576389,0.0921321,0.15022908
concrete3k::291_20.jpg,0.6641894,0.244621,0.09118959
concrete3k::291_23.jpg,0.79652864,0.14682084,0.05665046
concrete3k::291_29.jpg,0.5669373,0.21475913,0.21830347
concrete3k::291_34.jpg,0.56753266,0.27493307,0.15753424
concrete3k::291_35.jpg,0.6626224,0.22184521,0.11553243
concrete3k::291_42.jpg,0.6439785,0.16843536,0.1875861
concrete3k::291_43.jpg,0.20882952,0.5251274,0.26604307
concrete3k::291_44.jpg,0.7769018,0.07250822,0.1505899
concrete3k::291_8.jpg,0.60777086,0.13999291,0.2522362
concrete3k::324_10.jpg,0.92776364,0.02191874,0.050317623
concrete3k::324_5.jpg,0.8091503,0.017497312,0.17335242
concrete3k::324_6.jpg,0.8928128,0.031190598,0.07599667
concrete3k::324_7.jpg,0.9097775,0.034080204,0.056142237
concrete3k::324_8.jpg,0.9203836,0.02339418,0.05622232
concrete3k::324_9.jpg,0.907468,0.024839109,0.067692876
concrete3k::361_20.jpg,0.6053801,0.25515434,0.13946548
concrete3k::361_26.jpg,0.6143905,0.27258515,0.11302434
concrete3k::361_32.jpg,0.75416,0.1598817,0.08595841
concrete3k::361_33.jpg,0.4655525,0.3502622,0.18418531
concrete3k::361_46.jpg,0.50408757,0.22730754,0.2686049
concrete3k::363_19.jpg,0.78052217,0.09762508,0.12185276
concrete3k::363_33.jpg,0.73361504,0.14022481,0.12616012
concrete3k::363_34.jpg,0.830976,0.09705766,0.07196635
concrete3k::363_35.jpg,0.8494326,0.061784495,0.08878295
concrete3k::366_18.jpg,0.6994387,0.21619941,0.084361866
concrete3k::366_19.jpg,0.6006585,0.22984014,0.16950136
concrete3k::366_20.jpg,0.5626844,0.3503515,0.086964086
concrete3k::366_21.jpg,0.5284214,0.20839116,0.26318747
concrete3k::366_24.jpg,0.5156987,0.1326141,0.35168722
concrete3k::366_28.jpg,0.4093635,0.3850398,0.20559676
concrete3k::366_29.jpg,0.62389743,0.2450383,0.13106431
concrete3k::369_14.jpg,0.30522078,0.37025484,0.3245243
concrete3k::369_15.jpg,0.39984736,0.37324402,0.22690865
concrete3k::369_17.jpg,0.51399124,0.37401518,0.111993656
concrete3k::369_20.jpg,0.35329348,0.39738292,0.2493236
concrete3k::369_21.jpg,0.27427953,0.38397405,0.34174645
concrete3k::369_26.jpg,0.19167976,0.41906536,0.38925496
concrete3k::369_30.jpg,0.42263004,0.25524533,0.3221246
concrete3k::369_31.jpg,0.36615017,0.3925486,0.24130122
concrete3k::369_32.jpg,0.256812,0.50966495,0.23352303
concrete3k::369_9.jpg,0.22351205,0.5785497,0.1979382
concrete3k::370_17.jpg,0.518233,0.35953867,0.12222828
concrete3k::370_21.jpg,0.23501842,0.4127125,0.35226902
concrete3k::370_22.jpg,0.2397357,0.40872312,0.3515412
concrete3k::370_25.jpg,0.30501315,0.43200102,0.26298583
concrete3k::370_26.jpg,0.2073723,0.4845154,0.30811226
concrete3k::370_31.jpg,0.3916145,0.36204377,0.24634169
concrete3k::370_32.jpg,0.1796318,0.70424944,0.116118774
concrete3k::408_10.jpg,0.77245873,0.16300005,0.06454128
concrete3k::408_27.jpg,0.3677318,0.36415455,0.26811364
concrete3k::408_32.jpg,0.41448218,0.31433907,0.27117872
concrete3k::408_37.jpg,0.46864998,0.30272955,0.22862048
concrete3k::408_38.jpg,0.36540598,0.42992967,0.20466435
concrete3k::408_9.jpg,0.5766337,0.31048092,0.11288541
concrete3k::409_14.jpg,0.5712584,0.2928524,0.13588923
concrete3k::409_2.jpg,0.88371176,0.061246935,0.05504127
concrete3k::409_20.jpg,0.36370736,0.47063866,0.16565402
concrete3k::409_27.jpg,0.13517167,0.46815926,0.39666906
concrete3k::409_33.jpg,0.32935366,0.42132345,0.24932286
concrete3k::409_39.jpg,0.20301767,0.4200941,0.37688825
concrete3k::409_45.jpg,0.20991156,0.4993115,0.29077688
concrete3k::410_2.jpg,0.77819216,0.12784648,0.09396137
concrete3k::410_26.jpg,0.40485224,0.41459942,0.18054833
concrete3k::410_27.jpg,0.32263273,0.18579197,0.4915754
concrete3k::410_32.jpg,0.47648922,0.15538241,0.36812833
concrete3k::410_8.jpg,0.7082448,0.16485177,0.12690343
concrete3k::417_21.jpg,0.09729977,0.38401628,0.51868397
concrete3k::417_26.jpg,0.23711078,0.3853688,0.37752044
concrete3k::417_44.jpg,0.37032658,0.3049587,0.3247147
concrete3k::426_14.jpg,0.3013831,0.48157102,0.21704584
concrete3k::426_28.jpg,0.7176568,0.16225721,0.120085955
concrete3k::426_34.jpg,0.8305566,0.09380417,0.07563928
concrete3k::426_40.jpg,0.5604478,0.28229225,0.15725993
concrete3k::426_7.jpg,0.6107288,0.29372776,0.09554348
concrete3k::428_10.jpg,0.5236986,0.26643524,0.2098661
concrete3k::428_15.jpg,0.25409538,0.38898656,0.3569181
concrete3k::428_21.jpg,0.13509125,0.48760226,0.3773065
concrete3k::428_26.jpg,0.12056004,0.42447075,0.45496923
concrete3k::428_32.jpg,0.20783004,0.35876435,0.43340555
concrete3k::428_36.jpg,0.66562474,0.24265346,0.09172179
concrete3k::428_42.jpg,0.31121302,0.5807976,0.10798937
concrete3k::435_15.jpg,0.26911315,0.42813656,0.30275023
concrete3k::435_21.jpg,0.54819113,0.2935082,0.15830068
concrete3k::435_26.jpg,0.15075472,0.3140792,0.535166
concrete3k::435_27.jpg,0.44288716,0.27508005,0.2820328
concrete3k::435_32.jpg,0.4973301,0.27845663,0.2242133
concrete3k::435_33.jpg,0.15535556,0.10773569,0.73690873
concrete3k::435_43.jpg,0.33379984,0.11006459,0.5561356
concrete3k::435_44.jpg,0.52748644,0.28959617,0.18291737
concrete3k::435_9.jpg,0.6444754,0.18491828,0.17060627
concrete3k::439_13.jpg,0.26071408,0.37452155,0.36476433
concrete3k::439_14.jpg,0.37026417,0.47210458,0.15763123
concrete3k::439_27.jpg,0.44029713,0.37457317,0.18512972
concrete3k::439_28.jpg,0.60628116,0.2307907,0.16292815
concrete3k::439_34.jpg,0.42388242,0.3867652,0.18935241
concrete3k::439_8.jpg,0.24903531,0.42047095,0.33049375
concrete3k::446_18.jpg,0.7714947,0.13784161,0.090663746
concrete3k::446_19.jpg,0.6437179,0.24097838,0.11530382
concrete3k::446_25.jpg,0.7247009,0.107484154,0.16781491
concrete3k::446_27.jpg,0.83273196,0.10411894,0.06314916
concrete3k::446_33.jpg,0.7693507,0.14890473,0.08174456
concrete3k::446_41.jpg,0.6076021,0.05872446,0.3336735
concrete3k::448_13.jpg,0.7287809,0.12490876,0.14631037
concrete3k::448_20.jpg,0.30012974,0.4077366,0.2921337
concrete3k::448_26.jpg,0.37730977,0.36791098,0.25477925
concrete3k::448_27.jpg,0.5929267,0.2715969,0.1354765
concrete3k::448_33.jpg,0.52922636,0.3123596,0.15841402
concrete3k::448_40.jpg,0.5492132,0.27945513,0.17133178
concrete3k::448_46.jpg,0.6210304,0.28522077,0.09374885
concrete3k::454_14.jpg,0.6048933,0.28560132,0.109505355
concrete3k::454_20.jpg,0.6572451,0.23679003,0.10596483
concrete3k::454_26.jpg,0.53603077,0.29951248,0.16445665
concrete3k::454_27.jpg,0.3389918,0.25805533,0.40295285
concrete3k::454_32.jpg,0.7130302,0.0829996,0.20397013
concrete3k::454_39.jpg,0.573808,0.2774341,0.14875787
concrete3k::454_44.jpg,0.47848868,0.071379684,0.45013168
concrete3k::454_8.jpg,0.8103776,0.1418157,0.047806773
concrete3k::455_10.jpg,0.62461066,0.1886844,0.18670493
concrete3k::455_14.jpg,0.35753283,0.44282824,0.19963887
concrete3k::455_26.jpg,0.37221643,0.35802478,0.26975882
concrete3k::455_32.jpg,0.3005411,0.46212137,0.23733754
concrete3k::455_45.jpg,0.21799321,0.3491354,0.4328713
concrete3k::458_10.jpg,0.78609127,0.08748674,0.12642203
concrete3k::458_26.jpg,0.4468044,0.3916517,0.1615439
concrete3k::458_27.jpg,0.37185848,0.29088923,0.3372523
concrete3k::458_39.jpg,0.59729314,0.16632813,0.23637882
concrete3k::458_45.jpg,0.74218726,0.15124604,0.10656669
concrete3k::458_9.jpg,0.61261517,0.15890577,0.22847907
concrete3k::468_11.jpg,0.47570163,0.34782368,0.17647469
concrete3k::468_20.jpg,0.27008387,0.39600235,0.33391383
concrete3k::468_21.jpg,0.30985016,0.41746414,0.2726857
concrete3k::468_27.jpg,0.30214363,0.4850458,0.21281052
concrete3k::468_30.jpg,0.21687026,0.34717247,0.43595722
concrete3k::469_15.jpg,0.20694087,0.5070722,0.28598693
concrete3k::469_18.jpg,0.25164154,0.50696594,0.24139257
concrete3k::469_24.jpg,0.6317011,0.15158442,0.2167145
concrete3k::469_27.jpg,0.24993555,0.46854147,0.28152296
concrete3k::469_31.jpg,0.25634706,0.6299677,0.11368535
concrete3k::469_34.jpg,0.51484054,0.26928693,0.21587259
concrete3k::469_35.jpg,0.592397,0.24137135,0.16623172
concrete3k::469_37.jpg,0.39194757,0.4136773,0.19437517
concrete3k::469_40.jpg,0.5451668,0.21981595,0.23501724
concrete3k::469_43.jpg,0.41647628,0.43161702,0.1519067
concrete3k::469_5.jpg,0.67136407,0.20406699,0.12456893
concrete3k::469_9.jpg,0.30695254,0.40515086,0.28789657
concrete3k::485_16.jpg,0.7370689,0.10441047,0.15852071
concrete3k::485_34.jpg,0.6273595,0.09558427,0.27705625
concrete3k::485_4.jpg,0.51171756,0.18872261,0.29955992
concrete3k::485_41.jpg,0.7114817,0.20782143,0.08069693
concrete3k::485_46.jpg,0.58206683,0.15305808,0.26487514
concrete3k::485_9.jpg,0.59927136,0.19120696,0.20952156
concrete3k::487_10.jpg,0.51567954,0.38037407,0.10394642
concrete3k::487_11.jpg,0.79899216,0.07548115,0.1255267
concrete3k::487_15.jpg,0.5937939,0.26734158,0.1388645
concrete3k::487_16.jpg,0.51508737,0.33688736,0.14802527
concrete3k::487_21.jpg,0.3863942,0.445215,0.16839087
concrete3k::487_25.jpg,0.6857306,0.21390831,0.100361094
concrete3k::487_26.jpg,0.32373455,0.28122634,0.39503902
concrete3k::487_31.jpg,0.35227802,0.45475164,0.19297038
concrete3k::487_5.jpg,0.81721544,0.12750584,0.05527872
concrete3k::489_14.jpg,0.4180779,0.3519694,0.22995277
concrete3k::489_2.jpg,0.69739693,0.1910914,0.11151174
concrete3k::489_20.jpg,0.4757029,0.25663105,0.26766607
concrete3k::489_27.jpg,0.71811604,0.1987973,0.08308663
concrete3k::489_33.jpg,0.5723745,0.14325476,0.2843706
concrete3k::489_38.jpg,0.62671256,0.29766047,0.07562693
concrete3k::489_8.jpg,0.46943173,0.43591037,0.09465794
concrete3k::496_12.jpg,0.78417736,0.09433784,0.12148476
concrete3k::496_18.jpg,0.7259937,0.10709362,0.16691267
concrete3k::496_21.jpg,0.7261106,0.19712044,0.07676905
concrete3k::496_26.jpg,0.5150969,0.15950628,0.32539675
concrete3k::496_6.jpg,0.20641197,0.3234544,0.47013366
concrete3k::498_14.jpg,0.29810885,0.5813453,0.120545805
concrete3k::498_15.jpg,0.5431825,0.34183562,0.11498186
concrete3k::498_18.jpg,0.61399865,0.1455517,0.24044962
concrete3k::498_21.jpg,0.51917976,0.35310948,0.1277107
concrete3k::498_27.jpg,0.2419283,0.30032623,0.45774543
concrete3k::498_28.jpg,0.5075547,0.24403548,0.24840991
concrete3k::498_8.jpg,0.86062604,0.08042179,0.058952194
concrete3k::498_9.jpg,0.3247948,0.25836167,0.4168435
concrete3k::506_16.jpg,0.34602886,0.46742734,0.18654376
concrete3k::506_38.jpg,0.2202364,0.2758647,0.50389886
concrete3k::506_39.jpg,0.17633401,0.49474108,0.32892495
concrete3k::506_4.jpg,0.51612556,0.1781098,0.30576473
concrete3k::506_44.jpg,0.33081052,0.14668402,0.5225055
concrete3k::506_45.jpg,0.21981697,0.5153743,0.26480883
concrete3k::520_27.jpg,0.24687022,0.494454,0.2586758
concrete3k::520_29.jpg,0.1734244,0.47318593,0.35338965
concrete3k::520_31.jpg,0.09525928,0.45976916,0.44497156
concrete3k::520_37.jpg,0.20563307,0.29227036,0.50209653
concrete3k::520_38.jpg,0.3080068,0.28911823,0.40287498
concrete3k::526_14.jpg,0.49352637,0.36828166,0.1381919
concrete3k::526_16.jpg,0.42987508,0.1502886,0.41983637
concrete3k::526_17.jpg,0.29641348,0.44843242,0.2551541
concrete3k::526_2.jpg,0.46312198,0.26691666,0.26996136
concrete3k::526_21.jpg,0.31224263,0.12642664,0.5613308
concrete3k::526_32.jpg,0.6657546,0.17507927,0.15916608
concrete3k::526_33.jpg,0.57251465,0.15750471,0.26998064
concrete3k::526_45.jpg,0.60076505,0.23103797,0.16819693
concrete3k::530_15.jpg,0.1475965,0.5498026,0.30260092
concrete3k::530_3.jpg,0.5136756,0.36145273,0.12487174
concrete3k::530_38.jpg,0.21470807,0.63078654,0.1545054
concrete3k::530_39.jpg,0.24405225,0.46370125,0.29224646
concrete3k::540_19.jpg,0.35844347,0.3288956,0.31266093
concrete3k::540_20.jpg,0.38015765,0.4497952,0.17004715
concrete3k::540_25.jpg,0.3273375,0.4002153,0.2724472
concrete3k::540_30.jpg,0.52080685,0.26690027,0.21229292
concrete3k::541_11.jpg,0.5440722,0.3739853,0.08194244
concrete3k::541_17.jpg,0.3113561,0.5371388,0.15150504
concrete3k::541_22.jpg,0.39293033,0.33757323,0.26949653
concrete3k::541_27.jpg,0.3338387,0.48159763,0.18456362
concrete3k::541_32.jpg,0.45839915,0.4154384,0.12616242
concrete3k::541_37.jpg,0.5728026,0.35621062,0.07098674
concrete3k::541_38.jpg,0.18861943,0.5607311,0.25064954
concrete3k::541_39.jpg,0.2426019,0.5099474,0.24745071
concrete3k::549_10.jpg,0.22846605,0.4043596,0.36717442
concrete3k::549_11.jpg,0.24022472,0.5136279,0.24614729
concrete3k::549_14.jpg,0.3250494,0.36042124,0.31452936
concrete3k::549_15.jpg,0.17576458,0.37927604,0.4449593
concrete3k::549_16.jpg,0.1361173,0.53579545,0.32808724
concrete3k::549_21.jpg,0.18806514,0.512615,0.29931983
concrete3k::549_25.jpg,0.20130014,0.5216142,0.27708572
concrete3k::549_42.jpg,0.4002975,0.38167387,0.21802865
concrete3k::551_17.jpg,0.28761524,0.35603482,0.35634997
concrete3k::551_20.jpg,0.215811,0.2743735,0.5098155
concrete3k::551_22.jpg,0.11942838,0.41871917,0.46185246
concrete3k::551_32.jpg,0.08861182,0.30928352,0.60210466
concrete3k::551_37.jpg,0.18839377,0.5755471,0.23605914
concrete3k::551_42.jpg,0.39666244,0.43227494,0.17106265
concrete3k::551_43.jpg,0.19867109,0.2659292,0.5353997
concrete3k::555_13.jpg,0.6690447,0.20772359,0.123231724
concrete3k::555_14.jpg,0.44960454,0.45988587,0.09050961
concrete3k::555_15.jpg,0.39060995,0.33799985,0.27139026
concrete3k::555_21.jpg,0.48828605,0.4108885,0.10082545
concrete3k::555_22.jpg,0.2923971,0.26315278,0.44445014
concrete3k::555_28.jpg,0.7578681,0.12610792,0.116023906
concrete3k::555_33.jpg,0.5330871,0.36572114,0.1011917
concrete3k::555_38.jpg,0.22851261,0.14277261,0.6287148
concrete3k::555_39.jpg,0.6788048,0.17381915,0.14737609
concrete3k::555_46.jpg,0.6210083,0.17695393,0.20203786
concrete3k::555_7.jpg,0.7526509,0.1816346,0.065714575
concrete3k::558_14.jpg,0.36736065,0.24846292,0.38417637
concrete3k::558_19.jpg,0.4740791,0.14547569,0.38044527
concrete3k::558_26.jpg,0.14465725,0.5229552,0.33238754
concrete3k::558_33.jpg,0.18131648,0.5814219,0.23726167
concrete3k::558_45.jpg,0.3406268,0.439704,0.21966916
concrete3k::558_46.jpg,0.6545644,0.22745119,0.11798441
concrete3k::558_7.jpg,0.37240127,0.34572032,0.2818785
concrete3k::564_27.jpg,0.3332093,0.489053,0.17773774
concrete3k::564_3.jpg,0.20143604,0.5787058,0.21985818
concrete3k::564_33.jpg,0.33739585,0.32920277,0.33340144
concrete3k::564_38.jpg,0.26414946,0.4866748,0.24917573
concrete3k::564_43.jpg,0.48961723,0.29026443,0.22011839
concrete3k::564_8.jpg,0.23420131,0.22138155,0.5444171
concrete3k::564_9.jpg,0.2810701,0.56280905,0.15612082
concrete3k::565_21.jpg,0.13684845,0.5471821,0.31596944
concrete3k::565_27.jpg,0.20941922,0.47763056,0.31295025
concrete3k::565_3.jpg,0.27769983,0.5433638,0.17893638
concrete3k::565_36.jpg,0.2932646,0.28544262,0.4212928
concrete3k::565_4.jpg,0.42711446,0.22430259,0.34858292
concrete3k::565_8.jpg,0.5172722,0.3728593,0.109868556
concrete3k::565_9.jpg,0.47016034,0.19939737,0.3304423
concrete3k::571_13.jpg,0.5412537,0.35372818,0.10501816
concrete3k::571_14.jpg,0.5388797,0.28351745,0.17760292
concrete3k::571_20.jpg,0.3936354,0.45436415,0.15200047
concrete3k::571_21.jpg,0.5020215,0.2772035,0.220775
concrete3k::571_33.jpg,0.3441259,0.39669693,0.25917715
concrete3k::571_34.jpg,0.2553939,0.53790116,0.20670502
concrete3k::571_46.jpg,0.285831,0.35374832,0.3604207
concrete3k::579_10.jpg,0.6992813,0.18027091,0.120447785
concrete3k::579_3.jpg,0.89185834,0.045048103,0.06309356
concrete3k::579_33.jpg,0.5863811,0.29689458,0.11672434
concrete3k::579_38.jpg,0.6359204,0.2625951,0.10148451
concrete3k::579_39.jpg,0.54887974,0.1502454,0.30087492
concrete3k::579_4.jpg,0.63076407,0.10155205,0.26768383
concrete3k::579_44.jpg,0.74788874,0.1267236,0.12538765
concrete3k::580_18.jpg,0.34992534,0.4772828,0.17279187
concrete3k::580_19.jpg,0.35401192,0.38484797,0.2611401
concrete3k::580_27.jpg,0.1843583,0.50097126,0.3146705
concrete3k::580_28.jpg,0.2772615,0.54239696,0.18034151
concrete3k::593_1.jpg,0.48979664,0.29633933,0.21386394
concrete3k::593_13.jpg,0.22169551,0.48984653,0.28845793
concrete3k::593_20.jpg,0.17860737,0.5120535,0.3093391
concrete3k::593_26.jpg,0.12559423,0.55423194,0.32017386
concrete3k::593_31.jpg,0.3007172,0.22336632,0.47591645
concrete3k::593_32.jpg,0.29480153,0.36051196,0.34468648
concrete3k::593_43.jpg,0.3277555,0.30769897,0.36454555
concrete3k::593_7.jpg,0.46159306,0.3969378,0.14146923
concrete3k::600_26.jpg,0.601714,0.20468423,0.19360183
concrete3k::600_32.jpg,0.62625784,0.17273143,0.2010107
concrete3k::600_44.jpg,0.2935334,0.385653,0.32081363
concrete3k::605_10.jpg,0.62973017,0.097909346,0.27236047
concrete3k::605_14.jpg,0.30230716,0.2910836,0.40660927
concrete3k::605_15.jpg,0.15807734,0.28270596,0.5592167
concrete3k::605_19.jpg,0.24464397,0.40662283,0.34873325
concrete3k::605_20.jpg,0.25184315,0.26554838,0.4826085
concrete3k::605_21.jpg,0.21080264,0.44038358,0.34881368
concrete3k::605_27.jpg,0.27470574,0.4455935,0.27970085
concrete3k::605_39.jpg,0.24794963,0.4530433,0.2990071
concrete3k::605_45.jpg,0.53751206,0.17877485,0.28371307
concrete3k::605_9.jpg,0.29243952,0.43904597,0.2685145
