image_id,p_degraded,p_neutral,p_improved
khanhha_original::CFD_019.jpg,0.48039338,0.3856572,0.13394949
khanhha_original::CFD_084.jpg,0.39751855,0.39744568,0.20503585
khanhha_original::CFD_109.jpg,0.21484526,0.42788437,0.35727036
khanhha_original::CFD_111.jpg,0.47372663,0.262538,0.26373535
khanhha_original::CRACK500_20160222_080933_361_1.jpg,0.39111,0.21480982,0.39408016
khanhha_original::CRACK500_20160222_081839_1_721.jpg,0.25478843,0.36375394,0.3814576
khanhha_original::CRACK500_20160222_115219_1281_721.jpg,0.6249262,0.2777047,0.09736919
khanhha_original::CRACK500_20160222_115324_1281_721.jpg,0.4328197,0.47730383,0.08987647
khanhha_original::CRACK500_20160222_115324_641_1081.jpg,0.3142485,0.63512504,0.050626535
khanhha_original::CRACK500_20160222_164822_1281_1.jpg,0.50999314,0.13460079,0.3554061
khanhha_original::CRACK500_20160222_164822_641_1.jpg,0.3996796,0.32721278,0.2731077
khanhha_original::CRACK500_20160222_164822_641_361.jpg,0.4144106,0.35918126,0.22640811
khanhha_original::CRACK500_20160222_165951_1921_1.jpg,0.3154368,0.4257437,0.25881952
khanhha_original::CRACK500_20160303_091830_361_1281.jpg,0.38680625,0.08949732,0.52369636
khanhha_original::CRACK500_20160303_093527_1281_361.jpg,0.14473636,0.62737626,0.22788729
khanhha_original::CRACK500_20160303_093537_1921_1081.jpg,0.16855182,0.47415188,0.35729623
khanhha_original::CRACK500_20160306_103657_1921_721.jpg,0.22631374,0.09312836,0.68055785
khanhha_original::CRACK500_20160306_103657_641_721.jpg,0.416657,0.33923113,0.2441119
khanhha_original::CRACK500_20160307_144924_1281_361.jpg,0.13700047,0.4299601,0.43303946
khanhha_original::CRACK500_20160307_144924_641_361.jpg,0.15645394,0.5601086,0.28343743
khanhha_original::CRACK500_20160307_164301_641_361.jpg,0.15567105,0.6932727,0.15105624
khanhha_original::CRACK500_20160307_164517_1921_361.jpg,0.29168755,0.42774007,0.2805724
khanhha_original::CRACK500_20160308_073532_1_361.jpg,0.34607583,0.36310542,0.29081875
khanhha_original::CRACK500_20160308_074321_1921_361.jpg,0.09395195,0.56765515,0.33839288
khanhha_original::CRACK500_20160308_160128_641_361.jpg,0.17379256,0.67169815,0.15450926
khanhha_original::CRACK500_20160308_160128_641_721.jpg,0.3001054,0.5059468,0.19394778
khanhha_original::CRACK500_20160316_142449_1_361.jpg,0.28175873,0.445471,0.27277026
khanhha_original::CRACK500_20160316_143527_641_1.jpg,0.06078352,0.7877736,0.1514429
khanhha_original::CRACK500_20160316_143547_1281_1081.jpg,0.0939647,0.6663593,0.23967595
khanhha_original::CRACK500_20160316_143629_1281_721.jpg,0.19679286,0.40516478,0.39804232
khanhha_original::CRACK500_20160316_143629_1921_721.jpg,0.09898948,0.28177878,0.61923176
khanhha_original::CRACK500_20160318_084343_1281_361.jpg,0.24903177,0.3018882,0.44908005
khanhha_original::CRACK500_20160318_181632_1_1.jpg,0.22197331,0.64249486,0.13553189
khanhha_original::CRACK500_20160318_181632_1_361.jpg,0.3419187,0.27228367,0.38579756
khanhha_original::CRACK500_20160318_181632_641_1.jpg,0.22926754,0.32771537,0.44301713
khanhha_original::CRACK500_20160321_185557_1_361.jpg,0.10374302,0.23675889,0.65949804
khanhha_original::CRACK500_20160321_185557_641_721.jpg,0.09439184,0.7224509,0.18315725
khanhha_original::CRACK500_20160326_141812_1281_721.jpg,0.100444175,0.2424046,0.6571512
khanhha_original::CRACK500_20160326_141812_1921_721.jpg,0.05700342,0.7703376,0.17265902
khanhha_original::CRACK500_20160326_142403_1921_361.jpg,0.26683488,0.084796794,0.6483683
khanhha_original::CRACK500_20160326_162529_641_361.jpg,0.25196278,0.48979652,0.25824064
khanhha_original::CRACK500_20160328_150821_1281_361.jpg,0.33181623,0.44422227,0.2239615
khanhha_original::CRACK500_20160328_150821_1_721.jpg,0.24958342,0.31713304,0.4332835
khanhha_original::CRACK500_20160328_150821_641_361.jpg,0.18460312,0.51026744,0.3051295
khanhha_original::CRACK500_20160328_151027_1921_1.jpg,0.32135913,0.38681594,0.29182494
khanhha_original::CRACK500_20160328_151027_641_361.jpg,0.27108353,0.65555704,0.073359445
khanhha_original::CRACK500_20160328_151243_1_361.jpg,0.16831435,0.6419505,0.18973513
khanhha_original::CRACK500_20160328_151247_641_1.jpg,0.11749094,0.7953288,0.08718026
khanhha_original::CRACK500_20160328_151423_641_1081.jpg,0.20192292,0.624229,0.1738481
khanhha_original::CRACK500_20160328_151657_1281_1.jpg,0.30879322,0.611469,0.079737805
khanhha_original::CRACK500_20160328_151657_1921_721.jpg,0.51519537,0.3790833,0.10572127
khanhha_original::CRACK500_20160328_151657_1_361.jpg,0.23308995,0.6209725,0.14593753
khanhha_original::CRACK500_20160328_151657_641_361.jpg,0.29700482,0.6446505,0.058344606
khanhha_original::CRACK500_20160328_151657_641_721.jpg,0.2158354,0.59996545,0.18419904
khanhha_original::CRACK500_20160328_152308_1_361.jpg,0.2463919,0.60158193,0.15202618
khanhha_original::CRACK500_20160328_153327_1_721.jpg,0.16204911,0.7292981,0.108652785
khanhha_original::CRACK500_20160328_153421_641_1.jpg,0.16980949,0.77046674,0.05972371
khanhha_original::CRACK500_20160328_153533_1281_1.jpg,0.17881803,0.6962403,0.124941714
khanhha_original::CRACK500_20160328_153533_1281_721.jpg,0.15139425,0.68538773,0.163218
khanhha_original::CRACK500_20160328_153533_1_1081.jpg,0.2535771,0.61712295,0.12929995
khanhha_original::CRACK500_20160328_153612_1281_1081.jpg,0.11110237,0.7138098,0.1750878
khanhha_original::CRACK500_20160328_153616_1281_361.jpg,0.16901165,0.7354243,0.095564164
khanhha_original::CRACK500_20160328_153714_1_1.jpg,0.2907198,0.5440239,0.16525634
khanhha_original::CRACK500_20160328_153714_1_1081.jpg,0.17204708,0.7018014,0.12615144
khanhha_original::CRACK500_20160328_153714_641_721.jpg,0.20086491,0.6773059,0.12182923
khanhha_original::CRACK500_20160328_153718_1281_1.jpg,0.103404455,0.6313901,0.2652055
khanhha_original::CRACK500_20160328_153718_1921_1.jpg,0.25770158,0.47112465,0.27117386
khanhha_original::CRACK500_20160328_153813_1281_1081.jpg,0.17519554,0.7716362,0.053168308
khanhha_original::CRACK500_20160328_153813_1921_1081.jpg,0.26048276,0.3970022,0.34251502
khanhha_original::CRACK500_20160328_154011_1921_1.jpg,0.25887847,0.46446687,0.2766547
khanhha_original::CRACK500_20160328_154202_1281_1.jpg,0.10130645,0.6047901,0.29390344
khanhha_original::CRACK500_20160328_154202_1281_1081.jpg,0.15767497,0.719182,0.12314306
khanhha_original::CRACK500_20160328_154202_1921_361.jpg,0.08247143,0.5683725,0.3491561
khanhha_original::CRACK500_20160328_154202_641_1081.jpg,0.14575537,0.7560529,0.09819177
khanhha_original::CRACK500_20160328_154321_1281_1.jpg,0.04119798,0.82274276,0.13605921
khanhha_original::CRACK500_20160329_094452_1_721.jpg,0.2699639,0.3912174,0.3388187
khanhha_original::CRACK500_20160329_101347_1921_721.jpg,0.325752,0.5399795,0.1342685
khanhha_original::CRACK500_20160329_104031_1281_721.jpg,0.10440828,0.55407566,0.34151608
khanhha_original::CRACK500_20160329_104031_1921_721.jpg,0.10085383,0.16930789,0.7298383
khanhha_original::CRACK500_20160329_104031_641_1081.jpg,0.096291296,0.79633045,0.107378274
khanhha_original::CRACK500_20160329_104107_1921_721.jpg,0.3930523,0.4916543,0.11529342
khanhha_original::CRACK500_20160329_104107_1_721.jpg,0.2660537,0.48219165,0.25175464
khanhha_original::CRACK500_20160329_104152_1_721.jpg,0.27874842,0.46137354,0.25987804
khanhha_original::CRACK500_20160329_104152_641_721.jpg,0.19242015,0.5995935,0.20798635
khanhha_original::CRACK500_20160330_160957_1921_1081.jpg,0.29530823,0.27047864,0.4342131
khanhha_original::CRACK500_20160330_160957_1_721.jpg,0.2925427,0.44119623,0.266261
khanhha_original::CRACK500_20160330_163946_641_361.jpg,0.13693707,0.40192538,0.46113753
khanhha_original::CRACK500_20160330_170014_641_361.jpg,0.3071317,0.4985683,0.19429997
khanhha_original::CRACK500_20160330_170014_641_721.jpg,0.24164811,0.29935095,0.45900092
khanhha_original::CRACK500_20160330_172305_1_1081.jpg,0.21762392,0.5875967,0.19477941
khanhha_original::CRACK500_20160330_172305_1_721.jpg,0.32711482,0.3820657,0.29081947
khanhha_original::CRACK500_20160330_172309_1_721.jpg,0.21776403,0.5865101,0.19572584
khanhha_original::CRACK500_20160402_150110_1281_361.jpg,0.17560528,0.6328077,0.19158706
khanhha_original::CRACK500_20160402_150110_1921_361.jpg,0.2150513,0.51272047,0.27222827
khanhha_original::CRACK500_20160402_150110_641_721.jpg,0.29474926,0.5814593,0.1237915
khanhha_original::CRACK500_20160405_171348_1921_721.jpg,0.1078272,0.5742091,0.31796372
khanhha_original::CRACK500_20160405_172849_1921_1.jpg,0.1301615,0.15607463,0.7137639
khanhha_original::CRACK500_20160405_172908_1281_1.jpg,0.04815353,0.37133196,0.5805145
khanhha_original::CRACK500_20160407_163515_1281_721.jpg,0.1852462,0.67638487,0.13836895
khanhha_original::CRACK500_20160407_163515_1_361.jpg,0.23265854,0.5797238,0.18761764
khanhha_original::CRACK500_20160407_165009_1281_721.jpg,0.22147192,0.6897949,0.08873322
khanhha_original::CRACK500_20160407_165009_1_721.jpg,0.21947296,0.5626174,0.21790966
khanhha_original::CRACK500_20160415_191330_1921_361.jpg,0.2233525,0.17960373,0.5970438
khanhha_original::CRACK500_20160415_191330_641_721.jpg,0.33501917,0.5479234,0.11705748
khanhha_original::CRACK500_IMG_2935_649_969.jpg,0.30256408,0.62745416,0.06998172
khanhha_original::DeepCrack_11165-2.jpg,0.5995577,0.23075788,0.16968451
khanhha_original::DeepCrack_11165.jpg,0.69710183,0.15202552,0.15087262
khanhha_original::DeepCrack_11197-2.jpg,0.16632843,0.45980152,0.37387002
khanhha_original::DeepCrack_11197-4.jpg,0.58154553,0.15763626,0.26081824
khanhha_original::DeepCrack_11236-1.jpg,0.2524556,0.70248073,0.04506359
khanhha_original::DeepCrack_11236-4.jpg,0.16897014,0.7146417,0.11638813
khanhha_original::DeepCrack_11249-4.jpg,0.13244718,0.5626116,0.30494127
khanhha_original::DeepCrack_11249-7.jpg,0.3185444,0.3401549,0.34130073
khanhha_original::DeepCrack_11270-2.jpg,0.29405022,0.44223168,0.26371813
khanhha_original::DeepCrack_11294.jpg,0.2687732,0.25794166,0.47328508
khanhha_original::DeepCrack_11296-18.jpg,0.2033537,0.714856,0.0817903
khanhha_original::DeepCrack_11296-19.jpg,0.21317472,0.71523345,0.07159179
khanhha_original::DeepCrack_11296-4.jpg,0.50255394,0.3316264,0.16581963
khanhha_original::DeepCrack_11296-7.jpg,0.4012322,0.5242009,0.074566886
khanhha_original::DeepCrack_IMG33-12.jpg,0.101559244,0.45520052,0.44324023
khanhha_original::DeepCrack_IMG33-16.jpg,0.14057991,0.41863737,0.44078282
khanhha_original::DeepCrack_IMG33-9.jpg,0.13234818,0.45576167,0.41189012
khanhha_original::Eugen_Muller_9360_329_209_632_479.jpg,0.11958079,0.019555345,0.86086386
khanhha_original::Eugen_Muller_9360_7_26_751_632.jpg,0.3611356,0.21722725,0.42163712
khanhha_original::Eugen_Muller_9360_99_556_518_594.jpg,0.23551045,0.16164376,0.6028458
khanhha_original::GAPS384_test_0005_541_641.jpg,0.30126667,0.5469187,0.15181468
khanhha_original::GAPS384_test_0040_541_1.jpg,0.4119967,0.3081214,0.27988186
khanhha_original::GAPS384_test_0274_541_1.jpg,0.41429383,0.2286114,0.35709485
khanhha_original::GAPS384_train_0597_1_1.jpg,0.2918876,0.44736522,0.26074713
khanhha_original::GAPS384_train_0649_1_641.jpg,0.45020923,0.18944481,0.360346
khanhha_original::GAPS384_train_0680_541_641.jpg,0.4570486,0.091596566,0.45135474
khanhha_original::GAPS384_train_0695_541_1.jpg,0.5786979,0.095156156,0.32614598
khanhha_original::GAPS384_train_1010_541_641.jpg,0.21194622,0.5842384,0.20381533
khanhha_original::GAPS384_train_1120_541_641.jpg,0.50048745,0.1672705,0.33224204
khanhha_original::GAPS384_train_1124_1_641.jpg,0.5016819,0.40525627,0.09306177
khanhha_original::GAPS384_train_1183_541_1.jpg,0.5558723,0.21411343,0.2300143
khanhha_original::Rissbilder_for_Florian_9S6A2798_499_1239_3234_3324.jpg,0.32942626,0.5248884,0.1456853
khanhha_original::Rissbilder_for_Florian_9S6A2798_614_1857_2201_2501.jpg,0.19016099,0.582438,0.22740105
khanhha_original::Rissbilder_for_Florian_9S6A2798_697_1777_2994_3062.jpg,0.29154179,0.5121544,0.19630384
khanhha_original::Rissbilder_for_Florian_9S6A2800_191_3241_2390_2435.jpg,0.14815684,0.72431296,0.1275302
khanhha_original::Rissbilder_for_Florian_9S6A2800_195_2531_3219_2684.jpg,0.3890981,0.39343262,0.21746922
khanhha_original::Rissbilder_for_Florian_9S6A2800_382_814_2795_2670.jpg,0.36659414,0.42817992,0.20522588
khanhha_original::Rissbilder_for_Florian_9S6A2800_48_573_3788_4425.jpg,0.27741936,0.575945,0.14663565
khanhha_original::Rissbilder_for_Florian_9S6A2800_552_1819_3171_3588.jpg,0.40851623,0.37472677,0.21675703
khanhha_original::Rissbilder_for_Florian_9S6A2800_817_399_2611_2043.jpg,0.21186975,0.7190519,0.06907844
khanhha_original::Rissbilder_for_Florian_9S6A2811_119_80_3414_3691.jpg,0.40227717,0.49339992,0.10432282
khanhha_original::Rissbilder_for_Florian_9S6A2811_1873_211_2406_2890.jpg,0.35687214,0.5565807,0.086547054
khanhha_original::Rissbilder_for_Florian_9S6A2812_1545_131_2276_2406.jpg,0.11600782,0.7955025,0.08848961
khanhha_original::Rissbilder_for_Florian_9S6A2812_372_1081_3294_3264.jpg,0.16561946,0.71248674,0.1218938
khanhha_original::Rissbilder_for_Florian_9S6A2812_6_41_3627_3234.jpg,0.17734152,0.69820213,0.124456435
khanhha_original::Rissbilder_for_Florian_9S6A2815_1237_159_3590_2891.jpg,0.10844972,0.7493214,0.1422289
khanhha_original::Rissbilder_for_Florian_9S6A2821_1009_504_3415_2649.jpg,0.1204718,0.67504555,0.20448272
khanhha_original::Rissbilder_for_Florian_9S6A2821_1089_894_2343_2903.jpg,0.15495339,0.4698339,0.37521267
khanhha_original::Rissbilder_for_Florian_9S6A2821_2779_46_2936_3794.jpg,0.10966426,0.8066296,0.083706155
khanhha_original::Rissbilder_for_Florian_9S6A2825_325_1707_3330_2732.jpg,0.16382833,0.6687261,0.16744567
khanhha_original::Rissbilder_for_Florian_9S6A2825_340_882_2590_2354.jpg,0.20447734,0.5816233,0.21389937
khanhha_original::Rissbilder_for_Florian_9S6A2825_565_2563_2166_2123.jpg,0.16891365,0.49928755,0.33179876
khanhha_original::Rissbilder_for_Florian_9S6A2825_65_315_3693_4161.jpg,0.2006559,0.6042026,0.19514146
khanhha_original::Rissbilder_for_Florian_9S6A2825_711_1408_2863_2522.jpg,0.20337848,0.6136188,0.18300267
khanhha_original::Rissbilder_for_Florian_9S6A2825_71_1920_3644_3801.jpg,0.22614734,0.5605672,0.2132854
khanhha_original::Rissbilder_for_Florian_9S6A2826_0_0_3840_5760.jpg,0.25061923,0.47264507,0.27673566
khanhha_original::Rissbilder_for_Florian_9S6A2826_418_1200_2774_3626.jpg,0.4476777,0.16098675,0.39133555
khanhha_original::Rissbilder_for_Florian_9S6A2826_65_1595_3304_2654.jpg,0.32312274,0.25424734,0.42262995
khanhha_original::Rissbilder_for_Florian_9S6A2826_985_495_2477_3280.jpg,0.64363045,0.17720813,0.1791614
khanhha_original::Rissbilder_for_Florian_9S6A2834_1012_1643_2453_3015.jpg,0.20645687,0.690145,0.1033981
khanhha_original::Rissbilder_for_Florian_9S6A2834_18_332_3392_3333.jpg,0.22291206,0.700712,0.07637601
khanhha_original::Rissbilder_for_Florian_9S6A2834_196_114_2762_3611.jpg,0.2902566,0.57537216,0.13437125
khanhha_original::Rissbilder_for_Florian_9S6A2834_40_1275_3784_4195.jpg,0.19765775,0.7512187,0.05112362
khanhha_original::Rissbilder_for_Florian_9S6A2838_1264_697_1978_2438.jpg,0.05975454,0.2503803,0.6898651
khanhha_original::Rissbilder_for_Florian_9S6A2838_419_638_3373_4346.jpg,0.108981155,0.45343396,0.43758494
khanhha_original::Rissbilder_for_Florian_9S6A2838_565_1405_2810_2334.jpg,0.08936459,0.5317317,0.37890372
khanhha_original::Rissbilder_for_Florian_9S6A2842_321_767_3019_3008.jpg,0.06371626,0.33110183,0.60518193
khanhha_original::Rissbilder_for_Florian_9S6A2842_635_1731_1931_2541.jpg,0.034810133,0.18263547,0.7825544
khanhha_original::Rissbilder_for_Florian_9S6A2842_70_2154_3631_3282.jpg,0.06757212,0.49540192,0.43702593
khanhha_original::Rissbilder_for_Florian_9S6A2846_230_168_2768_2605.jpg,0.18213479,0.68838406,0.1294812
khanhha_original::Rissbilder_for_Florian_9S6A2846_268_1498_2452_2689.jpg,0.1102303,0.7185448,0.17122488
khanhha_original::Rissbilder_for_Florian_9S6A2846_330_640_3250_2553.jpg,0.13500619,0.6985208,0.16647308
khanhha_original::Rissbilder_for_Florian_9S6A2846_392_1024_2627_3077.jpg,0.12399091,0.7400471,0.13596201
khanhha_original::Rissbilder_for_Florian_9S6A2846_64_1600_3177_3483.jpg,0.10284494,0.6688729,0.22828214
khanhha_original::Rissbilder_for_Florian_9S6A2857_1203_1130_2423_3169.jpg,0.17196603,0.7274305,0.10060338
khanhha_original::Rissbilder_for_Florian_9S6A2857_148_211_2303_2832.jpg,0.14880273,0.7086521,0.1425452
khanhha_original::Rissbilder_for_Florian_9S6A2857_159_2331_3518_2794.jpg,0.11144811,0.78012174,0.108430095
khanhha_original::Rissbilder_for_Florian_9S6A2857_585_241_3220_4175.jpg,0.1540726,0.77385354,0.07207391
khanhha_original::Rissbilder_for_Florian_9S6A2857_807_939_2369_1886.jpg,0.1097791,0.71049523,0.17972562
khanhha_original::Rissbilder_for_Florian_9S6A2857_89_2266_3467_3213.jpg,0.21948247,0.62157923,0.15893836
khanhha_original::Rissbilder_for_Florian_9S6A2860_109_355_3609_3381.jpg,0.11046631,0.75180376,0.13773002
khanhha_original::Rissbilder_for_Florian_9S6A2860_2652_869_3027_2537.jpg,0.05949353,0.8645586,0.07594787
khanhha_original::Rissbilder_for_Florian_9S6A2860_476_406_3989_3027.jpg,0.09643312,0.7686162,0.13495074
khanhha_original::Rissbilder_for_Florian_9S6A2860_707_1403_2200_2149.jpg,0.11837967,0.6717632,0.20985709
khanhha_original::Rissbilder_for_Florian_9S6A2869_107_1230_3580_4395.jpg,0.116301365,0.60540813,0.27829048
khanhha_original::Rissbilder_for_Florian_9S6A2869_1234_372_2013_2272.jpg,0.03159115,0.7713871,0.19702174
khanhha_original::Rissbilder_for_Florian_9S6A2869_171_1902_3454_3763.jpg,0.11378511,0.544963,0.3412519
khanhha_original::Rissbilder_for_Florian_9S6A2869_37_1430_3692_3865.jpg,0.119938806,0.6138938,0.26616737
khanhha_original::Rissbilder_for_Florian_9S6A2869_6_538_3621_3662.jpg,0.062805064,0.8359399,0.10125511
khanhha_original::Rissbilder_for_Florian_9S6A2869_855_1425_2447_2662.jpg,0.108297125,0.76372784,0.12797509
khanhha_original::Rissbilder_for_Florian_9S6A2869_878_3059_2683_2082.jpg,0.025596675,0.87806696,0.096336365
khanhha_original::Rissbilder_for_Florian_9S6A2870_121_518_3261_3345.jpg,0.33475164,0.5390895,0.1261589
khanhha_original::Rissbilder_for_Florian_9S6A2870_504_1261_2761_3438.jpg,0.17901981,0.66285753,0.15812263
khanhha_original::Rissbilder_for_Florian_9S6A2880_1244_1022_2375_2527.jpg,0.3475485,0.516387,0.13606447
khanhha_original::Rissbilder_for_Florian_9S6A2880_131_2019_3358_3435.jpg,0.14833122,0.76239604,0.08927266
khanhha_original::Rissbilder_for_Florian_9S6A2880_1_709_3836_3003.jpg,0.18673478,0.6717902,0.14147505
khanhha_original::Rissbilder_for_Florian_9S6A2880_277_388_3305_4321.jpg,0.1643482,0.7624259,0.07322589
khanhha_original::Rissbilder_for_Florian_9S6A2881_0_0_3840_5760.jpg,0.2673236,0.5856145,0.1470619
khanhha_original::Rissbilder_for_Florian_9S6A2881_1046_39_2575_3270.jpg,0.26201075,0.66911626,0.06887307
khanhha_original::Rissbilder_for_Florian_9S6A2881_277_1792_3424_2971.jpg,0.29037383,0.56162804,0.14799808
khanhha_original::Rissbilder_for_Florian_9S6A2881_77_297_3144_3819.jpg,0.38617972,0.41994482,0.19387539
khanhha_original::Rissbilder_for_Florian_9S6A2888_133_918_3617_3712.jpg,0.103049606,0.84504235,0.051907994
khanhha_original::Rissbilder_for_Florian_9S6A2896_0_0_3840_5760.jpg,0.5087052,0.30235785,0.18893693
khanhha_original::Rissbilder_for_Florian_9S6A2896_1287_1184_2528_1916.jpg,0.6800858,0.25228265,0.067631535
khanhha_original::Rissbilder_for_Florian_9S6A2896_1446_730_2288_2912.jpg,0.5702185,0.30605182,0.12372967
khanhha_original::Rissbilder_for_Florian_9S6A2896_28_1443_3701_3540.jpg,0.52913874,0.3280521,0.14280914
khanhha_original::Rissbilder_for_Florian_9S6A2896_616_2037_3008_3401.jpg,0.42677563,0.4180651,0.15515925
khanhha_original::Rissbilder_for_Florian_9S6A2896_788_3134_2243_2150.jpg,0.33400992,0.35887215,0.30711788
khanhha_original::Rissbilder_for_Florian_9S6A2917_0_74_3825_4343.jpg,0.46843514,0.37907264,0.15249218
khanhha_original::Rissbilder_for_Florian_9S6A2917_313_1519_3434_4037.jpg,0.5056295,0.33176532,0.16260521
khanhha_original::Rissbilder_for_Florian_9S6A2917_486_1027_3148_3681.jpg,0.6435701,0.26805392,0.08837592
khanhha_original::Rissbilder_for_Florian_9S6A2917_599_2662_2081_2529.jpg,0.24598935,0.43708113,0.31692952
khanhha_original::Rissbilder_for_Florian_9S6A3085_46_1568_3730_4175.jpg,0.11974804,0.696705,0.18354705
khanhha_original::Rissbilder_for_Florian_9S6A3085_497_692_2640_2077.jpg,0.05363527,0.8724554,0.0739093
khanhha_original::Rissbilder_for_Florian_9S6A3085_67_497_3262_3700.jpg,0.053753313,0.8653838,0.08086293
khanhha_original::Rissbilder_for_Florian_9S6A3091_375_333_2309_2364.jpg,0.65829545,0.23415604,0.107548535
khanhha_original::Rissbilder_for_Florian_9S6A3091_481_1320_3311_3035.jpg,0.2300963,0.5640261,0.2058776
khanhha_original::Rissbilder_for_Florian_9S6A3092_272_70_2808_2402.jpg,0.36278033,0.26814345,0.3690762
khanhha_original::Rissbilder_for_Florian_9S6A3092_3399_925_2286_2829.jpg,0.72247535,0.12967847,0.14784622
khanhha_original::Rissbilder_for_Florian_9S6A3092_623_215_3689_2974.jpg,0.320338,0.38347417,0.29618788
khanhha_original::Rissbilder_for_Florian_9S6A3095_418_2347_2757_3271.jpg,0.39526412,0.46868703,0.13604887
khanhha_original::Rissbilder_for_Florian_9S6A3095_514_444_3123_3906.jpg,0.29169688,0.5687637,0.13953942
khanhha_original::Rissbilder_for_Florian_9S6A3095_592_717_2568_2704.jpg,0.31412998,0.5332358,0.15263422
khanhha_original::Rissbilder_for_Florian_9S6A3095_89_2165_3402_3441.jpg,0.27266032,0.5443708,0.18296894
khanhha_original::Rissbilder_for_Florian_9S6A3096_347_506_3372_3116.jpg,0.11982413,0.75357825,0.12659761
khanhha_original::Rissbilder_for_Florian_9S6A3096_515_1896_2914_2761.jpg,0.083392136,0.8418417,0.074766256
khanhha_original::Rissbilder_for_Florian_9S6A3096_899_155_2326_2742.jpg,0.07209692,0.8169984,0.11090471
khanhha_original::Rissbilder_for_Florian_9S6A3109_163_622_3006_3321.jpg,0.046403807,0.87822706,0.07536908
khanhha_original::Rissbilder_for_Florian_9S6A3109_440_362_3337_4316.jpg,0.04176579,0.8805917,0.077642605
khanhha_original::Rissbilder_for_Florian_9S6A3109_793_2237_2466_2142.jpg,0.044932343,0.8029674,0.15210015
khanhha_original::Rissbilder_for_Florian_9S6A3113_104_526_3717_3372.jpg,0.05268566,0.80765194,0.13966244
khanhha_original::Rissbilder_for_Florian_9S6A3114_1215_3118_2077_2478.jpg,0.12877205,0.79081,0.08041802
khanhha_original::Rissbilder_for_Florian_9S6A3114_358_1983_3344_3063.jpg,0.099003516,0.8169847,0.08401173
khanhha_original::Rissbilder_for_Florian_9S6A3114_871_3543_2822_2137.jpg,0.10346123,0.75651675,0.140022
khanhha_original::Rissbilder_for_Florian_9S6A3128_304_338_2449_2867.jpg,0.0498153,0.9257603,0.02442435
khanhha_original::Rissbilder_for_Florian_9S6A3128_580_813_2343_2413.jpg,0.061296843,0.9084227,0.030280443
khanhha_original::Rissbilder_for_Florian_9S6A3128_7_578_2768_3056.jpg,0.06707371,0.9139531,0.018973157
khanhha_original::Rissbilder_for_Florian_9S6A3131_308_1998_2814_2860.jpg,0.03338921,0.9126549,0.053955883
khanhha_original::Rissbilder_for_Florian_9S6A3131_389_1670_3375_3959.jpg,0.041442595,0.90254664,0.056010738
khanhha_original::Rissbilder_for_Florian_9S6A3131_542_1698_3243_3761.jpg,0.041947983,0.89732206,0.060730036
khanhha_original::Rissbilder_for_Florian_9S6A3135_339_1311_2661_3168.jpg,0.12656012,0.8109263,0.06251356
khanhha_original::Rissbilder_for_Florian_9S6A3136_0_0_5760_3840.jpg,0.102796346,0.8109073,0.08629643
khanhha_original::Rissbilder_for_Florian_9S6A3136_1628_12_2911_3801.jpg,0.112550646,0.81131124,0.07613814
khanhha_original::Sylvie_Chambon_094.jpg,0.42963386,0.22838598,0.3419802
khanhha_original::Sylvie_Chambon_107.jpg,0.4541844,0.28498417,0.26083136
khanhha_original::Sylvie_Chambon_323.jpg,0.4481828,0.017790768,0.5340264
khanhha_original::Sylvie_Chambon_Im_noGT_ESAR_21a.jpg,0.24453783,0.05385427,0.7016079
khanhha_original::Volker_DSC01623_0_0_1824_2736.jpg,0.05816884,0.31477445,0.6270567
khanhha_original::Volker_DSC01623_134_615_1595_1694.jpg,0.10120483,0.36088356,0.5379116
khanhha_original::Volker_DSC01623_22_364_1793_1961.jpg,0.08327038,0.27587956,0.64085007
khanhha_original::Volker_DSC01623_32_1414_1144_1043.jpg,0.29615057,0.2232597,0.48058966
khanhha_original::Volker_DSC01633_217_183_1290_1578.jpg,0.18086258,0.11928164,0.69985574
khanhha_original::Volker_DSC01635_0_0_2736_1824.jpg,0.7075409,0.15705413,0.13540496
khanhha_original::Volker_DSC01635_130_334_986_1295.jpg,0.7424598,0.11282781,0.14471245
khanhha_original::Volker_DSC01635_548_45_1336_1686.jpg,0.4740836,0.12587099,0.40004534
khanhha_original::Volker_DSC01637_274_432_1128_1113.jpg,0.47132614,0.1811169,0.3475569
khanhha_original::Volker_DSC01637_616_1353_1168_1288.jpg,0.31593934,0.61207736,0.07198334
khanhha_original::Volker_DSC01640_376_6_2132_1787.jpg,0.108070426,0.33416596,0.55776364
khanhha_original::Volker_DSC01640_747_235_1398_1374.jpg,0.28611398,0.3236159,0.3902701
khanhha_original::Volker_DSC01644_612_414_1320_1175.jpg,0.06708811,0.54939777,0.38351423
khanhha_original::Volker_DSC01649_0_0_1824_2736.jpg,0.20042221,0.16418993,0.6353879
khanhha_original::Volker_DSC01649_128_1341_1226_1195.jpg,0.036440376,0.30398953,0.65957004
khanhha_original::Volker_DSC01652_217_429_1194_1007.jpg,0.06435034,0.08388249,0.8517672
khanhha_original::Volker_DSC01652_699_100_1925_1592.jpg,0.06470969,0.14108026,0.79421
khanhha_original::Volker_DSC01653_120_360_1526_1294.jpg,0.16504721,0.14316183,0.69179094
khanhha_original::Volker_DSC01653_441_257_1154_966.jpg,0.4961201,0.037937608,0.46594232
khanhha_original::Volker_DSC01653_635_9_1390_1253.jpg,0.16124421,0.092610866,0.7461449
khanhha_original::Volker_DSC01653_791_41_1849_1670.jpg,0.13371053,0.15124427,0.71504515
khanhha_original::Volker_DSC01666_185_540_876_1155.jpg,0.22803645,0.20702954,0.564934
khanhha_original::Volker_DSC01672_140_255_1259_1633.jpg,0.16393943,0.49586114,0.34019935
khanhha_original::Volker_DSC01672_236_664_1240_1592.jpg,0.0989919,0.34779224,0.55321586
khanhha_original::Volker_DSC01672_39_1294_1098_1354.jpg,0.097884394,0.28951505,0.6126005
khanhha_original::Volker_DSC01676_146_1254_955_1190.jpg,0.19882844,0.40217122,0.39900035
khanhha_original::Volker_DSC01676_35_128_1239_1463.jpg,0.12560968,0.38858232,0.48580799
khanhha_original::Volker_DSC01679_0_0_1824_2736.jpg,0.25539213,0.5084129,0.23619498
khanhha_original::Volker_DSC01679_0_789_1823_1945.jpg,0.2931433,0.48440954,0.22244716
khanhha_original::Volker_DSC01679_67_383_1713_2223.jpg,0.30746716,0.47468847,0.21784437
khanhha_original::Volker_DSC01680_0_0_1824_2736.jpg,0.23286994,0.3080074,0.45912266
khanhha_original::Volker_DSC01680_146_194_1555_1973.jpg,0.3413648,0.32205355,0.33658165
khanhha_original::Volker_DSC01680_168_539_1554_1946.jpg,0.42936197,0.30102468,0.26961336
khanhha_original::Volker_DSC01680_63_445_1729_1300.jpg,0.65004176,0.2185614,0.13139687
khanhha_original::Volker_DSC01683_67_1024_1660_1636.jpg,0.14916924,0.44470617,0.40612465
khanhha_original::Volker_DSC01692_28_197_1636_1369.jpg,0.10497269,0.7575101,0.1375172
khanhha_original::Volker_DSC01700_158_517_1605_1442.jpg,0.40313977,0.44658738,0.15027286
khanhha_original::Volker_DSC01703_23_907_1787_1745.jpg,0.25898445,0.2979785,0.44303706
khanhha_original::Volker_DSC01703_413_202_1272_965.jpg,0.4770755,0.35295552,0.16996905
khanhha_original::Volker_DSC01703_599_1250_1072_1001.jpg,0.50266665,0.3826787,0.11465466
khanhha_original::Volker_DSC01707_33_309_1713_1946.jpg,0.20354946,0.42258963,0.3738609
khanhha_original::Volker_DSC01707_44_131_1757_2144.jpg,0.2112515,0.43190297,0.35684553
khanhha_original::Volker_DSC01707_540_967_1161_1226.jpg,0.20173965,0.4279496,0.37031075
khanhha_original::cracktree200_6234.jpg,0.03848771,0.06515879,0.89635354
khanhha_original::cracktree200_6261.jpg,0.43601054,0.43376508,0.13022447
khanhha_original::cracktree200_6301.jpg,0.4600985,0.44022056,0.09968089
khanhha_original::cracktree200_6645.jpg,0.31918433,0.23396921,0.4468464
khanhha_original::cracktree200_6647.jpg,0.2333487,0.37105215,0.39559916
khanhha_original::forest_006.jpg,0.50029975,0.14148206,0.3582182
khanhha_original::forest_038.jpg,0.25827828,0.19974041,0.54198134
khanhha_original::forest_087.jpg,0.55595684,0.03645435,0.40758884
khanhha_original::forest_094.jpg,0.42963386,0.22838598,0.3419802
khanhha_original::noncrack_noncrack_concrete_wall_101_2.jpg.jpg,0.065869726,0.71657455,0.21755576
khanhha_original::noncrack_noncrack_concrete_wall_101_8.jpg.jpg,0.065869726,0.71657455,0.21755576
khanhha_original::noncrack_noncrack_concrete_wall_101_9.jpg.jpg,0.10315588,0.73801094,0.15883318
khanhha_original::noncrack_noncrack_concrete_wall_103_0.jpg.jpg,0.008657762,0.9889271,0.0024150833
khanhha_original::noncrack_noncrack_concrete_wall_103_1.jpg.jpg,0.009924856,0.9869856,0.003089473
khanhha_original::noncrack_noncrack_concrete_wall_13_2.jpg.jpg,0.017578695,0.88663256,0.09578865
khanhha_original::noncrack_noncrack_concrete_wall_13_4.jpg.jpg,0.029670741,0.81494963,0.15537967
khanhha_original::noncrack_noncrack_concrete_wall_13_6.jpg.jpg,0.028692178,0.8375326,0.13377522
khanhha_original::noncrack_noncrack_concrete_wall_23_1.jpg.jpg,0.0014342465,0.996974,0.001591698
khanhha_original::noncrack_noncrack_concrete_wall_23_4.jpg.jpg,0.001788854,0.9964799,0.0017312731
khanhha_original::noncrack_noncrack_concrete_wall_23_5.jpg.jpg,0.0038954034,0.9945269,0.0015776677
khanhha_original::noncrack_noncrack_concrete_wall_23_7.jpg.jpg,0.010513271,0.9778456,0.011641088
khanhha_original::noncrack_noncrack_concrete_wall_28_0.jpg.jpg,0.04898671,0.9138666,0.03714671
khanhha_original::noncrack_noncrack_concrete_wall_30_2.jpg.jpg,0.010751942,0.97742975,0.011818297
khanhha_original::noncrack_noncrack_concrete_wall_41_11.jpg.jpg,0.012265666,0.97966754,0.008066828
khanhha_original::noncrack_noncrack_concrete_wall_41_12.jpg.jpg,0.011166539,0.9716005,0.017232997
khanhha_original::noncrack_noncrack_concrete_wall_41_2.jpg.jpg,0.011041301,0.9722278,0.016730912
khanhha_original::noncrack_noncrack_concrete_wall_41_35.jpg.jpg,0.013018133,0.9709425,0.016039446
khanhha_original::noncrack_noncrack_concrete_wall_41_37.jpg.jpg,0.017405057,0.97064286,0.011952086
khanhha_original::noncrack_noncrack_concrete_wall_41_38.jpg.jpg,0.01099743,0.9711981,0.017804474
khanhha_original::noncrack_noncrack_concrete_wall_41_4.jpg.jpg,0.008688312,0.9784,0.012911609
khanhha_original::noncrack_noncrack_concrete_wall_41_43.jpg.jpg,0.013491777,0.9772997,0.009208537
khanhha_original::noncrack_noncrack_concrete_wall_41_48.jpg.jpg,0.012276266,0.97304654,0.0146771725
khanhha_original::noncrack_noncrack_concrete_wall_41_58.jpg.jpg,0.010763474,0.9763006,0.012936028
khanhha_original::noncrack_noncrack_concrete_wall_41_63.jpg.jpg,0.015361265,0.9668648,0.017773911
khanhha_original::noncrack_noncrack_concrete_wall_41_65.jpg.jpg,0.011810014,0.9750875,0.013102405
khanhha_original::noncrack_noncrack_concrete_wall_42_6.jpg.jpg,0.027032707,0.9628558,0.010111468
khanhha_original::noncrack_noncrack_concrete_wall_53_3.jpg.jpg,0.00078002154,0.9945597,0.0046602157
khanhha_original::noncrack_noncrack_concrete_wall_58_0.jpg.jpg,0.055167384,0.8428018,0.10203078
khanhha_original::noncrack_noncrack_concrete_wall_58_11.jpg.jpg,0.06321931,0.7690969,0.16768369
khanhha_original::noncrack_noncrack_concrete_wall_58_12.jpg.jpg,0.05964417,0.81140405,0.12895185
khanhha_original::noncrack_noncrack_concrete_wall_58_13.jpg.jpg,0.051718004,0.80527127,0.14301072
khanhha_original::noncrack_noncrack_concrete_wall_58_6.jpg.jpg,0.06810709,0.71396905,0.21792385
khanhha_original::noncrack_noncrack_concrete_wall_58_8.jpg.jpg,0.030364629,0.8912426,0.07839278
khanhha_original::noncrack_noncrack_concrete_wall_60_13.jpg.jpg,0.0006604776,0.998453,0.00088649266
khanhha_original::noncrack_noncrack_concrete_wall_60_6.jpg.jpg,0.0010886462,0.9979796,0.0009317085
khanhha_original::noncrack_noncrack_concrete_wall_60_8.jpg.jpg,0.0004763681,0.99865997,0.0008637395
khanhha_original::noncrack_noncrack_concrete_wall_69_6.jpg.jpg,0.088150114,0.77493286,0.13691702
khanhha_original::noncrack_noncrack_concrete_wall_72_0.jpg.jpg,0.0042900085,0.99012893,0.005580997
khanhha_original::noncrack_noncrack_concrete_wall_77_1.jpg.jpg,0.15092614,0.8189893,0.030084621
khanhha_original::noncrack_noncrack_concrete_wall_77_5.jpg.jpg,0.02967575,0.9522878,0.018036393
khanhha_original::noncrack_noncrack_concrete_wall_7_0.jpg.jpg,0.0135303885,0.9779482,0.008521399
khanhha_original::noncrack_noncrack_concrete_wall_7_1.jpg.jpg,0.012218397,0.98550653,0.0022750262
khanhha_original::noncrack_noncrack_concrete_wall_81_4.jpg.jpg,0.013619868,0.8861853,0.10019482
khanhha_original::noncrack_noncrack_concrete_wall_83_10.jpg.jpg,0.012791228,0.975994,0.011214717
khanhha_original::noncrack_noncrack_concrete_wall_83_4.jpg.jpg,0.025047908,0.9496956,0.02525651
khanhha_original::noncrack_noncrack_concrete_wall_83_9.jpg.jpg,0.012650126,0.97636604,0.010983746
khanhha_original::noncrack_noncrack_concrete_wall_88_3.jpg.jpg,0.007901366,0.98319846,0.008900222
khanhha_original::noncrack_noncrack_concrete_wall_94_4.jpg.jpg,0.007066048,0.9471456,0.04578841
khanhha_noisy1::CFD_019.jpg,0.2398806,0.29835573,0.4617637
khanhha_noisy1::CFD_084.jpg,0.09670193,0.43162122,0.47167686
khanhha_noisy1::CFD_109.jpg,0.096394986,0.20030999,0.70329505
khanhha_noisy1::CFD_111.jpg,0.30971378,0.21864216,0.4716441
khanhha_noisy1::CRACK500_20160222_080933_361_1.jpg,0.37272158,0.19779338,0.42948502
khanhha_noisy1::CRACK500_20160222_081839_1_721.jpg,0.1725073,0.30777812,0.5197146
khanhha_noisy1::CRACK500_20160222_115219_1281_721.jpg,0.75090206,0.11982679,0.12927116
khanhha_noisy1::CRACK500_20160222_115324_1281_721.jpg,0.48734006,0.34897393,0.16368605
khanhha_noisy1::CRACK500_20160222_115324_641_1081.jpg,0.600012,0.23887631,0.16111165
khanhha_noisy1::CRACK500_20160222_164822_1281_1.jpg,0.34956405,0.19659683,0.45383906
khanhha_noisy1::CRACK500_20160222_164822_641_1.jpg,0.44540197,0.2963583,0.25823978
khanhha_noisy1::CRACK500_20160222_164822_641_361.jpg,0.42906514,0.28556558,0.28536925
khanhha_noisy1::CRACK500_20160222_165951_1921_1.jpg,0.4570945,0.2877795,0.255126
khanhha_noisy1::CRACK500_20160303_091830_361_1281.jpg,0.43134886,0.070292026,0.4983591
khanhha_noisy1::CRACK500_20160303_093527_1281_361.jpg,0.23429313,0.1562225,0.6094844
khanhha_noisy1::CRACK500_20160303_093537_1921_1081.jpg,0.420697,0.21249942,0.36680362
khanhha_noisy1::CRACK500_20160306_103657_1921_721.jpg,0.1152003,0.032580707,0.852219
khanhha_noisy1::CRACK500_20160306_103657_641_721.jpg,0.23001774,0.30305552,0.46692675
khanhha_noisy1::CRACK500_20160307_144924_1281_361.jpg,0.14509226,0.39372838,0.4611794
khanhha_noisy1::CRACK500_20160307_144924_641_361.jpg,0.124491155,0.40172303,0.47378585
khanhha_noisy1::CRACK500_20160307_164301_641_361.jpg,0.34029615,0.28478837,0.37491545
khanhha_noisy1::CRACK500_20160307_164517_1921_361.jpg,0.48618135,0.20817901,0.30563956
khanhha_noisy1::CRACK500_20160308_073532_1_361.jpg,0.2974161,0.12126885,0.58131504
khanhha_noisy1::CRACK500_20160308_074321_1921_361.jpg,0.12138468,0.27865285,0.5999625
khanhha_noisy1::CRACK500_20160308_160128_641_361.jpg,0.35090896,0.349599,0.29949203
khanhha_noisy1::CRACK500_20160308_160128_641_721.jpg,0.27614057,0.4737735,0.25008598
khanhha_noisy1::CRACK500_20160316_142449_1_361.jpg,0.21623066,0.21451311,0.56925625
khanhha_noisy1::CRACK500_20160316_143527_641_1.jpg,0.24186458,0.42844632,0.32968906
khanhha_noisy1::CRACK500_20160316_143547_1281_1081.jpg,0.15889297,0.3698339,0.47127306
khanhha_noisy1::CRACK500_20160316_143629_1281_721.jpg,0.11088809,0.37485638,0.51425546
khanhha_noisy1::CRACK500_20160316_143629_1921_721.jpg,0.09896585,0.1710935,0.72994065
khanhha_noisy1::CRACK500_20160318_084343_1281_361.jpg,0.3317192,0.1385145,0.5297663
khanhha_noisy1::CRACK500_20160318_181632_1_1.jpg,0.3072962,0.3878242,0.30487967
khanhha_noisy1::CRACK500_20160318_181632_1_361.jpg,0.29189324,0.17999132,0.5281155
khanhha_noisy1::CRACK500_20160318_181632_641_1.jpg,0.10732404,0.2973167,0.59535927
khanhha_noisy1::CRACK500_20160321_185557_1_361.jpg,0.09518522,0.23653339,0.66828144
khanhha_noisy1::CRACK500_20160321_185557_641_721.jpg,0.21256655,0.37163177,0.41580164
khanhha_noisy1::CRACK500_20160326_141812_1281_721.jpg,0.12035775,0.22661509,0.6530272
khanhha_noisy1::CRACK500_20160326_141812_1921_721.jpg,0.10058653,0.29363927,0.60577416
khanhha_noisy1::CRACK500_20160326_142403_1921_361.jpg,0.11423029,0.27691963,0.60885006
khanhha_noisy1::CRACK500_20160326_162529_641_361.jpg,0.19570252,0.18257108,0.6217264
khanhha_noisy1::CRACK500_20160328_150821_1281_361.jpg,0.2646811,0.3110249,0.424294
khanhha_noisy1::CRACK500_20160328_150821_1_721.jpg,0.34484878,0.14898477,0.5061664
khanhha_noisy1::CRACK500_20160328_150821_641_361.jpg,0.37524572,0.22975245,0.39500183
khanhha_noisy1::CRACK500_20160328_151027_1921_1.jpg,0.20414042,0.29766423,0.49819526
khanhha_noisy1::CRACK500_20160328_151027_641_361.jpg,0.2608243,0.5304268,0.20874889
khanhha_noisy1::CRACK500_20160328_151243_1_361.jpg,0.29348534,0.29340884,0.41310585
khanhha_noisy1::CRACK500_20160328_151247_641_1.jpg,0.33079413,0.1878592,0.48134658
khanhha_noisy1::CRACK500_20160328_151423_641_1081.jpg,0.31048498,0.36800882,0.32150623
khanhha_noisy1::CRACK500_20160328_151657_1281_1.jpg,0.41307515,0.3347297,0.25219518
khanhha_noisy1::CRACK500_20160328_151657_1921_721.jpg,0.47665748,0.28875244,0.23459008
khanhha_noisy1::CRACK500_20160328_151657_1_361.jpg,0.38081527,0.41593546,0.20324929
khanhha_noisy1::CRACK500_20160328_151657_641_361.jpg,0.4513,0.35944998,0.18925004
khanhha_noisy1::CRACK500_20160328_151657_641_721.jpg,0.2867678,0.3742555,0.3389767
khanhha_noisy1::CRACK500_20160328_152308_1_361.jpg,0.3575158,0.32790187,0.31458232
khanhha_noisy1::CRACK500_20160328_153327_1_721.jpg,0.29086322,0.4854101,0.22372669
khanhha_noisy1::CRACK500_20160328_153421_641_1.jpg,0.34401715,0.42596945,0.23001343
khanhha_noisy1::CRACK500_20160328_153533_1281_1.jpg,0.3432642,0.4715962,0.18513957
khanhha_noisy1::CRACK500_20160328_153533_1281_721.jpg,0.27635738,0.5429558,0.18068679
khanhha_noisy1::CRACK500_20160328_153533_1_1081.jpg,0.2665754,0.42744225,0.30598235
khanhha_noisy1::CRACK500_20160328_153612_1281_1081.jpg,0.29951516,0.45228595,0.24819888
khanhha_noisy1::CRACK500_20160328_153616_1281_361.jpg,0.18669648,0.58807236,0.22523116
khanhha_noisy1::CRACK500_20160328_153714_1_1.jpg,0.31230465,0.3788431,0.30885231
khanhha_noisy1::CRACK500_20160328_153714_1_1081.jpg,0.3432155,0.3496075,0.30717698
khanhha_noisy1::CRACK500_20160328_153714_641_721.jpg,0.3005351,0.4649022,0.23456262
khanhha_noisy1::CRACK500_20160328_153718_1281_1.jpg,0.2991142,0.46905962,0.23182611
khanhha_noisy1::CRACK500_20160328_153718_1921_1.jpg,0.38325986,0.31329852,0.30344158
khanhha_noisy1::CRACK500_20160328_153813_1281_1081.jpg,0.27315983,0.44703737,0.27980286
khanhha_noisy1::CRACK500_20160328_153813_1921_1081.jpg,0.14091906,0.28366333,0.5754176
khanhha_noisy1::CRACK500_20160328_154011_1921_1.jpg,0.18664904,0.26810747,0.5452435
khanhha_noisy1::CRACK500_20160328_154202_1281_1.jpg,0.09973621,0.40163618,0.49862763
khanhha_noisy1::CRACK500_20160328_154202_1281_1081.jpg,0.1291749,0.17266665,0.69815844
khanhha_noisy1::CRACK500_20160328_154202_1921_361.jpg,0.14526923,0.3138034,0.54092735
khanhha_noisy1::CRACK500_20160328_154202_641_1081.jpg,0.21921097,0.47778136,0.30300766
khanhha_noisy1::CRACK500_20160328_154321_1281_1.jpg,0.15972443,0.24845394,0.5918217
khanhha_noisy1::CRACK500_20160329_094452_1_721.jpg,0.21758324,0.25102517,0.53139156
khanhha_noisy1::CRACK500_20160329_101347_1921_721.jpg,0.4121973,0.34099206,0.24681064
khanhha_noisy1::CRACK500_20160329_104031_1281_721.jpg,0.13937084,0.2594569,0.6011723
khanhha_noisy1::CRACK500_20160329_104031_1921_721.jpg,0.083263084,0.26168957,0.6550473
khanhha_noisy1::CRACK500_20160329_104031_641_1081.jpg,0.18188101,0.3567279,0.46139106
khanhha_noisy1::CRACK500_20160329_104107_1921_721.jpg,0.63853025,0.20004106,0.1614287
khanhha_noisy1::CRACK500_20160329_104107_1_721.jpg,0.42682186,0.29547334,0.2777049
khanhha_noisy1::CRACK500_20160329_104152_1_721.jpg,0.32146215,0.17170131,0.5068366
khanhha_noisy1::CRACK500_20160329_104152_641_721.jpg,0.47363895,0.17224874,0.35411233
khanhha_noisy1::CRACK500_20160330_160957_1921_1081.jpg,0.25973055,0.19884393,0.5414255
khanhha_noisy1::CRACK500_20160330_160957_1_721.jpg,0.48149458,0.22994217,0.28856334
khanhha_noisy1::CRACK500_20160330_163946_641_361.jpg,0.29212576,0.32179356,0.3860807
khanhha_noisy1::CRACK500_20160330_170014_641_361.jpg,0.39425445,0.13320515,0.47254035
khanhha_noisy1::CRACK500_20160330_170014_641_721.jpg,0.36191374,0.09753579,0.5405505
khanhha_noisy1::CRACK500_20160330_172305_1_1081.jpg,0.35031512,0.24912296,0.40056193
khanhha_noisy1::CRACK500_20160330_172305_1_721.jpg,0.39528242,0.16563421,0.43908334
khanhha_noisy1::CRACK500_20160330_172309_1_721.jpg,0.44215697,0.23454891,0.32329416
khanhha_noisy1::CRACK500_20160402_150110_1281_361.jpg,0.22951102,0.38935605,0.38113293
khanhha_noisy1::CRACK500_20160402_150110_1921_361.jpg,0.24406597,0.22302547,0.5329086
khanhha_noisy1::CRACK500_20160402_150110_641_721.jpg,0.25907362,0.40188682,0.3390395
khanhha_noisy1::CRACK500_20160405_171348_1921_721.jpg,0.12086921,0.09686945,0.7822614
khanhha_noisy1::CRACK500_20160405_172849_1921_1.jpg,0.1710641,0.12421182,0.7047241
khanhha_noisy1::CRACK500_20160405_172908_1281_1.jpg,0.03924017,0.20130329,0.7594565
khanhha_noisy1::CRACK500_20160407_163515_1281_721.jpg,0.25288844,0.4386811,0.30843046
khanhha_noisy1::CRACK500_20160407_163515_1_361.jpg,0.2987171,0.31336588,0.38791698
khanhha_noisy1::CRACK500_20160407_165009_1281_721.jpg,0.28802434,0.47905162,0.232924
khanhha_noisy1::CRACK500_20160407_165009_1_721.jpg,0.31055683,0.13516213,0.554281
khanhha_noisy1::CRACK500_20160415_191330_1921_361.jpg,0.15816474,0.069845214,0.7719901
khanhha_noisy1::CRACK500_20160415_191330_641_721.jpg,0.33636233,0.18996999,0.47366768
khanhha_noisy1::CRACK500_IMG_2935_649_969.jpg,0.3088426,0.41332424,0.2778332
khanhha_noisy1::DeepCrack_11165-2.jpg,0.10864606,0.15962814,0.7317258
khanhha_noisy1::DeepCrack_11165.jpg,0.20362414,0.2119726,0.5844032
khanhha_noisy1::DeepCrack_11197-2.jpg,0.041710876,0.2202674,0.73802173
khanhha_noisy1::DeepCrack_11197-4.jpg,0.06788287,0.15132634,0.78079075
khanhha_noisy1::DeepCrack_11236-1.jpg,0.20360978,0.32766667,0.46872357
khanhha_noisy1::DeepCrack_11236-4.jpg,0.12747444,0.2661333,0.6063922
khanhha_noisy1::DeepCrack_11249-4.jpg,0.043742865,0.3460055,0.6102516
khanhha_noisy1::DeepCrack_11249-7.jpg,0.012962245,0.16240127,0.82463646
khanhha_noisy1::DeepCrack_11270-2.jpg,0.053786974,0.1987536,0.74745935
khanhha_noisy1::DeepCrack_11294.jpg,0.14095399,0.36450535,0.4945407
khanhha_noisy1::DeepCrack_11296-18.jpg,0.20049024,0.3806472,0.4188625
khanhha_noisy1::DeepCrack_11296-19.jpg,0.19609135,0.4356876,0.36822107
khanhha_noisy1::DeepCrack_11296-4.jpg,0.10273266,0.2656284,0.63163894
khanhha_noisy1::DeepCrack_11296-7.jpg,0.134,0.35201746,0.51398253
khanhha_noisy1::DeepCrack_IMG33-12.jpg,0.15054694,0.34770727,0.5017458
khanhha_noisy1::DeepCrack_IMG33-16.jpg,0.22240888,0.31140444,0.46618667
khanhha_noisy1::DeepCrack_IMG33-9.jpg,0.16677041,0.39845365,0.4347759
khanhha_noisy1::Eugen_Muller_9360_329_209_632_479.jpg,0.2756322,0.33485645,0.38951135
khanhha_noisy1::Eugen_Muller_9360_7_26_751_632.jpg,0.22818309,0.5082127,0.26360425
khanhha_noisy1::Eugen_Muller_9360_99_556_518_594.jpg,0.29877836,0.30458513,0.39663655
khanhha_noisy1::GAPS384_test_0005_541_641.jpg,0.35513926,0.45584786,0.18901293
khanhha_noisy1::GAPS384_test_0040_541_1.jpg,0.6738105,0.19525576,0.1309338
khanhha_noisy1::GAPS384_test_0274_541_1.jpg,0.47099063,0.16821265,0.36079672
khanhha_noisy1::GAPS384_train_0597_1_1.jpg,0.302952,0.27076733,0.42628074
khanhha_noisy1::GAPS384_train_0649_1_641.jpg,0.42975667,0.075174466,0.4950688
khanhha_noisy1::GAPS384_train_0680_541_641.jpg,0.31075054,0.3564047,0.3328448
khanhha_noisy1::GAPS384_train_0695_541_1.jpg,0.59725416,0.17923453,0.22351126
khanhha_noisy1::GAPS384_train_1010_541_641.jpg,0.42458582,0.1518143,0.42359993
khanhha_noisy1::GAPS384_train_1120_541_641.jpg,0.28439394,0.15339859,0.56220746
khanhha_noisy1::GAPS384_train_1124_1_641.jpg,0.36432406,0.5124526,0.12322325
khanhha_noisy1::GAPS384_train_1183_541_1.jpg,0.7347148,0.10002379,0.16526137
khanhha_noisy1::Rissbilder_for_Florian_9S6A2798_499_1239_3234_3324.jpg,0.3075857,0.3599622,0.3324521
khanhha_noisy1::Rissbilder_for_Florian_9S6A2798_614_1857_2201_2501.jpg,0.14128979,0.22621699,0.63249326
khanhha_noisy1::Rissbilder_for_Florian_9S6A2798_697_1777_2994_3062.jpg,0.32156205,0.40378082,0.2746572
khanhha_noisy1::Rissbilder_for_Florian_9S6A2800_191_3241_2390_2435.jpg,0.2320063,0.29044843,0.47754526
khanhha_noisy1::Rissbilder_for_Florian_9S6A2800_195_2531_3219_2684.jpg,0.17678152,0.34596404,0.4772544
khanhha_noisy1::Rissbilder_for_Florian_9S6A2800_382_814_2795_2670.jpg,0.22970018,0.52944493,0.24085487
khanhha_noisy1::Rissbilder_for_Florian_9S6A2800_48_573_3788_4425.jpg,0.22956604,0.48198614,0.2884478
khanhha_noisy1::Rissbilder_for_Florian_9S6A2800_552_1819_3171_3588.jpg,0.27528882,0.5448114,0.1798997
khanhha_noisy1::Rissbilder_for_Florian_9S6A2800_817_399_2611_2043.jpg,0.18482128,0.6745986,0.14058007
khanhha_noisy1::Rissbilder_for_Florian_9S6A2811_119_80_3414_3691.jpg,0.7285534,0.24396761,0.02747894
khanhha_noisy1::Rissbilder_for_Florian_9S6A2811_1873_211_2406_2890.jpg,0.31001264,0.66843456,0.021552784
khanhha_noisy1::Rissbilder_for_Florian_9S6A2812_1545_131_2276_2406.jpg,0.2004243,0.7873248,0.0122509105
khanhha_noisy1::Rissbilder_for_Florian_9S6A2812_372_1081_3294_3264.jpg,0.39512908,0.579182,0.025688887
khanhha_noisy1::Rissbilder_for_Florian_9S6A2812_6_41_3627_3234.jpg,0.32344148,0.65499455,0.02156401
khanhha_noisy1::Rissbilder_for_Florian_9S6A2815_1237_159_3590_2891.jpg,0.45179075,0.505595,0.04261412
khanhha_noisy1::Rissbilder_for_Florian_9S6A2821_1009_504_3415_2649.jpg,0.5698168,0.38492933,0.045253914
khanhha_noisy1::Rissbilder_for_Florian_9S6A2821_1089_894_2343_2903.jpg,0.6312608,0.315804,0.05293514
khanhha_noisy1::Rissbilder_for_Florian_9S6A2821_2779_46_2936_3794.jpg,0.6716881,0.25505972,0.07325214
khanhha_noisy1::Rissbilder_for_Florian_9S6A2825_325_1707_3330_2732.jpg,0.7245221,0.20835033,0.067127615
khanhha_noisy1::Rissbilder_for_Florian_9S6A2825_340_882_2590_2354.jpg,0.8008156,0.14249592,0.056688577
khanhha_noisy1::Rissbilder_for_Florian_9S6A2825_565_2563_2166_2123.jpg,0.7609161,0.17091265,0.06817124
khanhha_noisy1::Rissbilder_for_Florian_9S6A2825_65_315_3693_4161.jpg,0.7727632,0.16238311,0.064853705
khanhha_noisy1::Rissbilder_for_Florian_9S6A2825_711_1408_2863_2522.jpg,0.7808027,0.16245382,0.05674346
khanhha_noisy1::Rissbilder_for_Florian_9S6A2825_71_1920_3644_3801.jpg,0.7524566,0.15820628,0.08933715
khanhha_noisy1::Rissbilder_for_Florian_9S6A2826_0_0_3840_5760.jpg,0.3098589,0.26156074,0.42858043
khanhha_noisy1::Rissbilder_for_Florian_9S6A2826_418_1200_2774_3626.jpg,0.2438606,0.23057297,0.52556646
khanhha_noisy1::Rissbilder_for_Florian_9S6A2826_65_1595_3304_2654.jpg,0.18818837,0.20884448,0.6029671
khanhha_noisy1::Rissbilder_for_Florian_9S6A2826_985_495_2477_3280.jpg,0.27159306,0.35995626,0.36845064
khanhha_noisy1::Rissbilder_for_Florian_9S6A2834_1012_1643_2453_3015.jpg,0.385111,0.24154209,0.37334695
khanhha_noisy1::Rissbilder_for_Florian_9S6A2834_18_332_3392_3333.jpg,0.2691371,0.21341637,0.5174466
khanhha_noisy1::Rissbilder_for_Florian_9S6A2834_196_114_2762_3611.jpg,0.32568032,0.19908197,0.47523776
khanhha_noisy1::Rissbilder_for_Florian_9S6A2834_40_1275_3784_4195.jpg,0.35020104,0.2585538,0.39124513
khanhha_noisy1::Rissbilder_for_Florian_9S6A2838_1264_697_1978_2438.jpg,0.28186867,0.10114767,0.6169837
khanhha_noisy1::Rissbilder_for_Florian_9S6A2838_419_638_3373_4346.jpg,0.36309105,0.20807661,0.4288323
khanhha_noisy1::Rissbilder_for_Florian_9S6A2838_565_1405_2810_2334.jpg,0.2573091,0.17303488,0.5696561
khanhha_noisy1::Rissbilder_for_Florian_9S6A2842_321_767_3019_3008.jpg,0.3202651,0.1697769,0.5099579
khanhha_noisy1::Rissbilder_for_Florian_9S6A2842_635_1731_1931_2541.jpg,0.3894789,0.0991472,0.5113739
khanhha_noisy1::Rissbilder_for_Florian_9S6A2842_70_2154_3631_3282.jpg,0.41817206,0.15787871,0.42394924
khanhha_noisy1::Rissbilder_for_Florian_9S6A2846_230_168_2768_2605.jpg,0.62921935,0.30231693,0.06846366
khanhha_noisy1::Rissbilder_for_Florian_9S6A2846_268_1498_2452_2689.jpg,0.37760586,0.2771669,0.34522718
khanhha_noisy1::Rissbilder_for_Florian_9S6A2846_330_640_3250_2553.jpg,0.412069,0.24727699,0.340654
khanhha_noisy1::Rissbilder_for_Florian_9S6A2846_392_1024_2627_3077.jpg,0.508809,0.2548792,0.23631191
khanhha_noisy1::Rissbilder_for_Florian_9S6A2846_64_1600_3177_3483.jpg,0.5133014,0.26744136,0.2192573
khanhha_noisy1::Rissbilder_for_Florian_9S6A2857_1203_1130_2423_3169.jpg,0.59445727,0.29213712,0.11340553
khanhha_noisy1::Rissbilder_for_Florian_9S6A2857_148_211_2303_2832.jpg,0.634142,0.28953734,0.07632074
khanhha_noisy1::Rissbilder_for_Florian_9S6A2857_159_2331_3518_2794.jpg,0.42822003,0.37189412,0.1998859
khanhha_noisy1::Rissbilder_for_Florian_9S6A2857_585_241_3220_4175.jpg,0.61836416,0.24655555,0.13508031
khanhha_noisy1::Rissbilder_for_Florian_9S6A2857_807_939_2369_1886.jpg,0.49383488,0.4617943,0.044370826
khanhha_noisy1::Rissbilder_for_Florian_9S6A2857_89_2266_3467_3213.jpg,0.46263826,0.2582203,0.2791415
khanhha_noisy1::Rissbilder_for_Florian_9S6A2860_109_355_3609_3381.jpg,0.6162043,0.3142853,0.06951035
khanhha_noisy1::Rissbilder_for_Florian_9S6A2860_2652_869_3027_2537.jpg,0.52959555,0.33340055,0.1370039
khanhha_noisy1::Rissbilder_for_Florian_9S6A2860_476_406_3989_3027.jpg,0.48685387,0.37740785,0.13573833
khanhha_noisy1::Rissbilder_for_Florian_9S6A2860_707_1403_2200_2149.jpg,0.58163047,0.3511323,0.06723719
khanhha_noisy1::Rissbilder_for_Florian_9S6A2869_107_1230_3580_4395.jpg,0.2916298,0.4477168,0.26065347
khanhha_noisy1::Rissbilder_for_Florian_9S6A2869_1234_372_2013_2272.jpg,0.118679,0.81169766,0.06962325
khanhha_noisy1::Rissbilder_for_Florian_9S6A2869_171_1902_3454_3763.jpg,0.3393436,0.4432568,0.21739969
khanhha_noisy1::Rissbilder_for_Florian_9S6A2869_37_1430_3692_3865.jpg,0.27944475,0.39505377,0.3255014
khanhha_noisy1::Rissbilder_for_Florian_9S6A2869_6_538_3621_3662.jpg,0.26621076,0.36239052,0.37139866
khanhha_noisy1::Rissbilder_for_Florian_9S6A2869_855_1425_2447_2662.jpg,0.33258516,0.35877708,0.30863774
khanhha_noisy1::Rissbilder_for_Florian_9S6A2869_878_3059_2683_2082.jpg,0.12118082,0.7954024,0.083416715
khanhha_noisy1::Rissbilder_for_Florian_9S6A2870_121_518_3261_3345.jpg,0.48922923,0.34933594,0.16143483
khanhha_noisy1::Rissbilder_for_Florian_9S6A2870_504_1261_2761_3438.jpg,0.32354414,0.6405332,0.035922654
khanhha_noisy1::Rissbilder_for_Florian_9S6A2880_1244_1022_2375_2527.jpg,0.68828,0.18920968,0.12251032
khanhha_noisy1::Rissbilder_for_Florian_9S6A2880_131_2019_3358_3435.jpg,0.73078895,0.16027702,0.108934
khanhha_noisy1::Rissbilder_for_Florian_9S6A2880_1_709_3836_3003.jpg,0.5723092,0.28821188,0.13947898
khanhha_noisy1::Rissbilder_for_Florian_9S6A2880_277_388_3305_4321.jpg,0.4690701,0.29120737,0.23972255
khanhha_noisy1::Rissbilder_for_Florian_9S6A2881_0_0_3840_5760.jpg,0.17967753,0.26704666,0.5532758
khanhha_noisy1::Rissbilder_for_Florian_9S6A2881_1046_39_2575_3270.jpg,0.20149682,0.50249636,0.29600683
khanhha_noisy1::Rissbilder_for_Florian_9S6A2881_277_1792_3424_2971.jpg,0.18222511,0.4372702,0.38050476
khanhha_noisy1::Rissbilder_for_Florian_9S6A2881_77_297_3144_3819.jpg,0.18094458,0.35839608,0.4606594
khanhha_noisy1::Rissbilder_for_Florian_9S6A2888_133_918_3617_3712.jpg,0.27947712,0.4165249,0.303998
khanhha_noisy1::Rissbilder_for_Florian_9S6A2896_0_0_3840_5760.jpg,0.3170019,0.14515829,0.5378398
khanhha_noisy1::Rissbilder_for_Florian_9S6A2896_1287_1184_2528_1916.jpg,0.7283055,0.14801306,0.12368143
khanhha_noisy1::Rissbilder_for_Florian_9S6A2896_1446_730_2288_2912.jpg,0.41215956,0.2624539,0.32538646
khanhha_noisy1::Rissbilder_for_Florian_9S6A2896_28_1443_3701_3540.jpg,0.4273808,0.17513476,0.39748442
khanhha_noisy1::Rissbilder_for_Florian_9S6A2896_616_2037_3008_3401.jpg,0.32509467,0.23024456,0.4446608
khanhha_noisy1::Rissbilder_for_Florian_9S6A2896_788_3134_2243_2150.jpg,0.38322908,0.15933326,0.4574376
khanhha_noisy1::Rissbilder_for_Florian_9S6A2917_0_74_3825_4343.jpg,0.24165183,0.16251229,0.59583586
khanhha_noisy1::Rissbilder_for_Florian_9S6A2917_313_1519_3434_4037.jpg,0.34812802,0.11843885,0.5334332
khanhha_noisy1::Rissbilder_for_Florian_9S6A2917_486_1027_3148_3681.jpg,0.3642144,0.13559718,0.5001884
khanhha_noisy1::Rissbilder_for_Florian_9S6A2917_599_2662_2081_2529.jpg,0.2009349,0.16923805,0.6298271
khanhha_noisy1::Rissbilder_for_Florian_9S6A3085_46_1568_3730_4175.jpg,0.069673054,0.040196795,0.89013016
khanhha_noisy1::Rissbilder_for_Florian_9S6A3085_497_692_2640_2077.jpg,0.06368448,0.042056985,0.8942585
khanhha_noisy1::Rissbilder_for_Florian_9S6A3085_67_497_3262_3700.jpg,0.040134784,0.017971836,0.9418934
khanhha_noisy1::Rissbilder_for_Florian_9S6A3091_375_333_2309_2364.jpg,0.32257846,0.3359929,0.34142864
khanhha_noisy1::Rissbilder_for_Florian_9S6A3091_481_1320_3311_3035.jpg,0.13466708,0.31729004,0.54804283
khanhha_noisy1::Rissbilder_for_Florian_9S6A3092_272_70_2808_2402.jpg,0.34998804,0.33879688,0.31121504
khanhha_noisy1::Rissbilder_for_Florian_9S6A3092_3399_925_2286_2829.jpg,0.481876,0.28051645,0.23760757
khanhha_noisy1::Rissbilder_for_Florian_9S6A3092_623_215_3689_2974.jpg,0.26790583,0.2794364,0.45265773
khanhha_noisy1::Rissbilder_for_Florian_9S6A3095_418_2347_2757_3271.jpg,0.23885766,0.16989021,0.5912521
khanhha_noisy1::Rissbilder_for_Florian_9S6A3095_514_444_3123_3906.jpg,0.27186188,0.15653683,0.5716013
khanhha_noisy1::Rissbilder_for_Florian_9S6A3095_592_717_2568_2704.jpg,0.32857466,0.15570028,0.515725
khanhha_noisy1::Rissbilder_for_Florian_9S6A3095_89_2165_3402_3441.jpg,0.3504698,0.20365888,0.44587132
khanhha_noisy1::Rissbilder_for_Florian_9S6A3096_347_506_3372_3116.jpg,0.015718995,0.018648775,0.9656323
khanhha_noisy1::Rissbilder_for_Florian_9S6A3096_515_1896_2914_2761.jpg,0.019452076,0.047998473,0.9325495
khanhha_noisy1::Rissbilder_for_Florian_9S6A3096_899_155_2326_2742.jpg,0.019747676,0.052910812,0.9273415
khanhha_noisy1::Rissbilder_for_Florian_9S6A3109_163_622_3006_3321.jpg,0.1549477,0.07802095,0.7670314
khanhha_noisy1::Rissbilder_for_Florian_9S6A3109_440_362_3337_4316.jpg,0.038934637,0.085593075,0.87547225
khanhha_noisy1::Rissbilder_for_Florian_9S6A3109_793_2237_2466_2142.jpg,0.08763777,0.10276297,0.8095993
khanhha_noisy1::Rissbilder_for_Florian_9S6A3113_104_526_3717_3372.jpg,0.09129936,0.073407374,0.83529323
khanhha_noisy1::Rissbilder_for_Florian_9S6A3114_1215_3118_2077_2478.jpg,0.11498891,0.042936955,0.84207416
khanhha_noisy1::Rissbilder_for_Florian_9S6A3114_358_1983_3344_3063.jpg,0.34586003,0.107756995,0.54638296
khanhha_noisy1::Rissbilder_for_Florian_9S6A3114_871_3543_2822_2137.jpg,0.16147746,0.042552687,0.7959698
khanhha_noisy1::Rissbilder_for_Florian_9S6A3128_304_338_2449_2867.jpg,0.12075604,0.08820265,0.7910413
khanhha_noisy1::Rissbilder_for_Florian_9S6A3128_580_813_2343_2413.jpg,0.11519812,0.11780716,0.7669948
khanhha_noisy1::Rissbilder_for_Florian_9S6A3128_7_578_2768_3056.jpg,0.14033392,0.11154334,0.7481228
khanhha_noisy1::Rissbilder_for_Florian_9S6A3131_308_1998_2814_2860.jpg,0.12324863,0.064898595,0.8118528
khanhha_noisy1::Rissbilder_for_Florian_9S6A3131_389_1670_3375_3959.jpg,0.04564765,0.03526099,0.9190913
khanhha_noisy1::Rissbilder_for_Florian_9S6A3131_542_1698_3243_3761.jpg,0.10391038,0.03431439,0.8617752
khanhha_noisy1::Rissbilder_for_Florian_9S6A3135_339_1311_2661_3168.jpg,0.18646851,0.061805584,0.7517259
khanhha_noisy1::Rissbilder_for_Florian_9S6A3136_0_0_5760_3840.jpg,0.20856224,0.07395785,0.71748
khanhha_noisy1::Rissbilder_for_Florian_9S6A3136_1628_12_2911_3801.jpg,0.14389794,0.051880483,0.80422163
khanhha_noisy1::Sylvie_Chambon_094.jpg,0.16802843,0.17646234,0.65550923
khanhha_noisy1::Sylvie_Chambon_107.jpg,0.10356377,0.16804777,0.7283884
khanhha_noisy1::Sylvie_Chambon_323.jpg,0.280491,0.26089868,0.45861036
khanhha_noisy1::Sylvie_Chambon_Im_noGT_ESAR_21a.jpg,0.3560134,0.45974186,0.18424477
khanhha_noisy1::Volker_DSC01623_0_0_1824_2736.jpg,0.08863525,0.364352,0.54701275
khanhha_noisy1::Volker_DSC01623_134_615_1595_1694.jpg,0.1579822,0.39826754,0.44375023
khanhha_noisy1::Volker_DSC01623_22_364_1793_1961.jpg,0.11364734,0.41704863,0.469304
khanhha_noisy1::Volker_DSC01623_32_1414_1144_1043.jpg,0.30846292,0.38336888,0.3081682
khanhha_noisy1::Volker_DSC01633_217_183_1290_1578.jpg,0.34899423,0.33552232,0.31548342
khanhha_noisy1::Volker_DSC01635_0_0_2736_1824.jpg,0.38374227,0.2074568,0.40880093
khanhha_noisy1::Volker_DSC01635_130_334_986_1295.jpg,0.3170599,0.3487341,0.33420596
khanhha_noisy1::Volker_DSC01635_548_45_1336_1686.jpg,0.28064352,0.26910952,0.45024693
khanhha_noisy1::Volker_DSC01637_274_432_1128_1113.jpg,0.1264599,0.2751824,0.5983577
khanhha_noisy1::Volker_DSC01637_616_1353_1168_1288.jpg,0.112401165,0.22465608,0.66294277
khanhha_noisy1::Volker_DSC01640_376_6_2132_1787.jpg,0.22292298,0.51532185,0.26175523
khanhha_noisy1::Volker_DSC01640_747_235_1398_1374.jpg,0.3135143,0.38335228,0.3031334
khanhha_noisy1::Volker_DSC01644_612_414_1320_1175.jpg,0.31983486,0.4195758,0.26058933
khanhha_noisy1::Volker_DSC01649_0_0_1824_2736.jpg,0.24915098,0.22481388,0.5260351
khanhha_noisy1::Volker_DSC01649_128_1341_1226_1195.jpg,0.47631195,0.23835121,0.2853368
khanhha_noisy1::Volker_DSC01652_217_429_1194_1007.jpg,0.081058174,0.14296575,0.77597606
khanhha_noisy1::Volker_DSC01652_699_100_1925_1592.jpg,0.100662835,0.32549343,0.5738437
khanhha_noisy1::Volker_DSC01653_120_360_1526_1294.jpg,0.16833183,0.32550266,0.50616544
khanhha_noisy1::Volker_DSC01653_441_257_1154_966.jpg,0.17818995,0.26394245,0.55786765
khanhha_noisy1::Volker_DSC01653_635_9_1390_1253.jpg,0.13172136,0.41224682,0.4560318
khanhha_noisy1::Volker_DSC01653_791_41_1849_1670.jpg,0.10864574,0.44204822,0.449306
khanhha_noisy1::Volker_DSC01666_185_540_876_1155.jpg,0.04213413,0.09836699,0.8594989
khanhha_noisy1::Volker_DSC01672_140_255_1259_1633.jpg,0.042291913,0.09355668,0.8641514
khanhha_noisy1::Volker_DSC01672_236_664_1240_1592.jpg,0.053858504,0.11077804,0.83536345
khanhha_noisy1::Volker_DSC01672_39_1294_1098_1354.jpg,0.0933072,0.12276002,0.7839328
khanhha_noisy1::Volker_DSC01676_146_1254_955_1190.jpg,0.08969733,0.14126633,0.7690363
khanhha_noisy1::Volker_DSC01676_35_128_1239_1463.jpg,0.1427178,0.12345353,0.73382866
khanhha_noisy1::Volker_DSC01679_0_0_1824_2736.jpg,0.18701248,0.31640556,0.49658188
khanhha_noisy1::Volker_DSC01679_0_789_1823_1945.jpg,0.29832393,0.27087077,0.4308053
khanhha_noisy1::Volker_DSC01679_67_383_1713_2223.jpg,0.20373139,0.26234353,0.5339251
khanhha_noisy1::Volker_DSC01680_0_0_1824_2736.jpg,0.18178731,0.346078,0.4721347
khanhha_noisy1::Volker_DSC01680_146_194_1555_1973.jpg,0.2672868,0.28022778,0.45248535
khanhha_noisy1::Volker_DSC01680_168_539_1554_1946.jpg,0.21564314,0.27130228,0.51305455
khanhha_noisy1::Volker_DSC01680_63_445_1729_1300.jpg,0.22359109,0.21117598,0.56523293
khanhha_noisy1::Volker_DSC01683_67_1024_1660_1636.jpg,0.20570353,0.15928026,0.63501626
khanhha_noisy1::Volker_DSC01692_28_197_1636_1369.jpg,0.16482422,0.2273382,0.6078376
khanhha_noisy1::Volker_DSC01700_158_517_1605_1442.jpg,0.29482526,0.38920295,0.31597176
khanhha_noisy1::Volker_DSC01703_23_907_1787_1745.jpg,0.20943925,0.2335754,0.5569854
khanhha_noisy1::Volker_DSC01703_413_202_1272_965.jpg,0.3092123,0.1684037,0.52238405
khanhha_noisy1::Volker_DSC01703_599_1250_1072_1001.jpg,0.1818369,0.16049094,0.6576721
khanhha_noisy1::Volker_DSC01707_33_309_1713_1946.jpg,0.16788852,0.25324944,0.57886213
khanhha_noisy1::Volker_DSC01707_44_131_1757_2144.jpg,0.20723318,0.27566478,0.51710206
khanhha_noisy1::Volker_DSC01707_540_967_1161_1226.jpg,0.05473556,0.16260582,0.7826586
khanhha_noisy1::cracktree200_6234.jpg,0.2725192,0.38298368,0.34449708
khanhha_noisy1::cracktree200_6261.jpg,0.45023364,0.3716329,0.17813349
khanhha_noisy1::cracktree200_6301.jpg,0.32701406,0.4169716,0.2560143
khanhha_noisy1::cracktree200_6645.jpg,0.23776962,0.4304549,0.33177552
khanhha_noisy1::cracktree200_6647.jpg,0.21210194,0.45084354,0.3370545
khanhha_noisy1::forest_006.jpg,0.4126829,0.16189815,0.42541903
khanhha_noisy1::forest_038.jpg,0.15736194,0.15536892,0.68726915
khanhha_noisy1::forest_087.jpg,0.3633034,0.14896093,0.48773563
khanhha_noisy1::forest_094.jpg,0.16802843,0.17646234,0.65550923
khanhha_noisy1::noncrack_noncrack_concrete_wall_101_2.jpg.jpg,0.08594612,0.18991107,0.7241428
khanhha_noisy1::noncrack_noncrack_concrete_wall_101_8.jpg.jpg,0.08594612,0.18991107,0.7241428
khanhha_noisy1::noncrack_noncrack_concrete_wall_101_9.jpg.jpg,0.12082565,0.3005473,0.578627
khanhha_noisy1::noncrack_noncrack_concrete_wall_103_0.jpg.jpg,0.0146453455,0.975369,0.009985815
khanhha_noisy1::noncrack_noncrack_concrete_wall_103_1.jpg.jpg,0.01625025,0.9720863,0.0116635
khanhha_noisy1::noncrack_noncrack_concrete_wall_13_2.jpg.jpg,0.034663845,0.8945537,0.07078233
khanhha_noisy1::noncrack_noncrack_concrete_wall_13_4.jpg.jpg,0.032051347,0.8867013,0.08124734
khanhha_noisy1::noncrack_noncrack_concrete_wall_13_6.jpg.jpg,0.044287022,0.8733125,0.082400605
khanhha_noisy1::noncrack_noncrack_concrete_wall_23_1.jpg.jpg,0.0018506739,0.9964438,0.0017055469
khanhha_noisy1::noncrack_noncrack_concrete_wall_23_4.jpg.jpg,0.0013961553,0.99799,0.0006138264
khanhha_noisy1::noncrack_noncrack_concrete_wall_23_5.jpg.jpg,0.0025104561,0.9960729,0.0014167483
khanhha_noisy1::noncrack_noncrack_concrete_wall_23_7.jpg.jpg,0.0029144443,0.9952496,0.0018358317
khanhha_noisy1::noncrack_noncrack_concrete_wall_28_0.jpg.jpg,0.28528342,0.31387684,0.4008397
khanhha_noisy1::noncrack_noncrack_concrete_wall_30_2.jpg.jpg,0.053368155,0.9131721,0.033459794
khanhha_noisy1::noncrack_noncrack_concrete_wall_41_11.jpg.jpg,0.021456217,0.9635,0.015043794
khanhha_noisy1::noncrack_noncrack_concrete_wall_41_12.jpg.jpg,0.021683605,0.96467805,0.01363837
khanhha_noisy1::noncrack_noncrack_concrete_wall_41_2.jpg.jpg,0.01615011,0.9714128,0.012437113
khanhha_noisy1::noncrack_noncrack_concrete_wall_41_35.jpg.jpg,0.017064892,0.971018,0.011917141
khanhha_noisy1::noncrack_noncrack_concrete_wall_41_37.jpg.jpg,0.012576507,0.97294635,0.014477169
khanhha_noisy1::noncrack_noncrack_concrete_wall_41_38.jpg.jpg,0.02523091,0.9652886,0.009480519
khanhha_noisy1::noncrack_noncrack_concrete_wall_41_4.jpg.jpg,0.014995819,0.9762024,0.008801659
khanhha_noisy1::noncrack_noncrack_concrete_wall_41_43.jpg.jpg,0.019736923,0.9650898,0.015173272
khanhha_noisy1::noncrack_noncrack_concrete_wall_41_48.jpg.jpg,0.025581019,0.9605709,0.013848038
khanhha_noisy1::noncrack_noncrack_concrete_wall_41_58.jpg.jpg,0.022324381,0.9667605,0.010915151
khanhha_noisy1::noncrack_noncrack_concrete_wall_41_63.jpg.jpg,0.022806456,0.9582552,0.018938372
khanhha_noisy1::noncrack_noncrack_concrete_wall_41_65.jpg.jpg,0.02057048,0.9661785,0.013251075
khanhha_noisy1::noncrack_noncrack_concrete_wall_42_6.jpg.jpg,0.022041362,0.96029896,0.017659778
khanhha_noisy1::noncrack_noncrack_concrete_wall_53_3.jpg.jpg,0.0019846568,0.99721223,0.0008031243
khanhha_noisy1::noncrack_noncrack_concrete_wall_58_0.jpg.jpg,0.15975569,0.786031,0.054213293
khanhha_noisy1::noncrack_noncrack_concrete_wall_58_11.jpg.jpg,0.320066,0.62724274,0.052691292
khanhha_noisy1::noncrack_noncrack_concrete_wall_58_12.jpg.jpg,0.24234392,0.68240315,0.07525295
khanhha_noisy1::noncrack_noncrack_concrete_wall_58_13.jpg.jpg,0.24355187,0.68124104,0.0752071
khanhha_noisy1::noncrack_noncrack_concrete_wall_58_6.jpg.jpg,0.23279549,0.69259864,0.07460584
khanhha_noisy1::noncrack_noncrack_concrete_wall_58_8.jpg.jpg,0.23950237,0.68642604,0.074071646
khanhha_noisy1::noncrack_noncrack_concrete_wall_60_13.jpg.jpg,0.0018010039,0.99514455,0.0030543718
khanhha_noisy1::noncrack_noncrack_concrete_wall_60_6.jpg.jpg,0.002077358,0.99446195,0.003460702
khanhha_noisy1::noncrack_noncrack_concrete_wall_60_8.jpg.jpg,0.00095502246,0.99796665,0.0010782778
khanhha_noisy1::noncrack_noncrack_concrete_wall_69_6.jpg.jpg,0.033344008,0.9359789,0.030677032
khanhha_noisy1::noncrack_noncrack_concrete_wall_72_0.jpg.jpg,0.00063452567,0.99651366,0.0028518317
khanhha_noisy1::noncrack_noncrack_concrete_wall_77_1.jpg.jpg,0.05711159,0.92618024,0.016708152
khanhha_noisy1::noncrack_noncrack_concrete_wall_77_5.jpg.jpg,0.020748332,0.96038485,0.018866869
khanhha_noisy1::noncrack_noncrack_concrete_wall_7_0.jpg.jpg,0.0037308794,0.9881799,0.00808928
khanhha_noisy1::noncrack_noncrack_concrete_wall_7_1.jpg.jpg,0.0044326517,0.9927088,0.0028584993
khanhha_noisy1::noncrack_noncrack_concrete_wall_81_4.jpg.jpg,0.100188375,0.8018228,0.09798887
khanhha_noisy1::noncrack_noncrack_concrete_wall_83_10.jpg.jpg,0.12876578,0.8379952,0.03323907
khanhha_noisy1::noncrack_noncrack_concrete_wall_83_4.jpg.jpg,0.14796661,0.82747394,0.024559435
khanhha_noisy1::noncrack_noncrack_concrete_wall_83_9.jpg.jpg,0.105769716,0.8675085,0.026721874
khanhha_noisy1::noncrack_noncrack_concrete_wall_88_3.jpg.jpg,0.01597579,0.9314589,0.05256535
khanhha_noisy1::noncrack_noncrack_concrete_wall_94_4.jpg.jpg,0.008955088,0.98822045,0.0028244702
khanhha_noisy2::CFD_019.jpg,0.59318495,0.32149228,0.08532276
khanhha_noisy2::CFD_084.jpg,0.31760252,0.28755003,0.3948475
khanhha_noisy2::CFD_109.jpg,0.1608097,0.3769217,0.46226865
khanhha_noisy2::CFD_111.jpg,0.38988087,0.37580574,0.23431338
khanhha_noisy2::CRACK500_20160222_080933_361_1.jpg,0.32820114,0.34563977,0.32615915
khanhha_noisy2::CRACK500_20160222_081839_1_721.jpg,0.31126547,0.39933467,0.28939986
khanhha_noisy2::CRACK500_20160222_115219_1281_721.jpg,0.64478105,0.15219077,0.20302814
khanhha_noisy2::CRACK500_20160222_115324_1281_721.jpg,0.28917626,0.43267184,0.2781519
khanhha_noisy2::CRACK500_20160222_115324_641_1081.jpg,0.52018905,0.2803084,0.19950256
khanhha_noisy2::CRACK500_20160222_164822_1281_1.jpg,0.24492098,0.5072603,0.24781865
khanhha_noisy2::CRACK500_20160222_164822_641_1.jpg,0.43346953,0.34222898,0.22430153
khanhha_noisy2::CRACK500_20160222_164822_641_361.jpg,0.30055144,0.40901998,0.29042855
khanhha_noisy2::CRACK500_20160222_165951_1921_1.jpg,0.46877623,0.4126993,0.11852448
khanhha_noisy2::CRACK500_20160303_091830_361_1281.jpg,0.35816222,0.3048764,0.3369613
khanhha_noisy2::CRACK500_20160303_093527_1281_361.jpg,0.25013867,0.40549484,0.3443665
khanhha_noisy2::CRACK500_20160303_093537_1921_1081.jpg,0.5844457,0.19415182,0.22140251
khanhha_noisy2::CRACK500_20160306_103657_1921_721.jpg,0.22256172,0.08042333,0.6970149
khanhha_noisy2::CRACK500_20160306_103657_641_721.jpg,0.16274334,0.25824746,0.57900923
khanhha_noisy2::CRACK500_20160307_144924_1281_361.jpg,0.14390251,0.43480736,0.4212901
khanhha_noisy2::CRACK500_20160307_144924_641_361.jpg,0.095945,0.43867034,0.46538466
khanhha_noisy2::CRACK500_20160307_164301_641_361.jpg,0.46142825,0.37451524,0.16405652
khanhha_noisy2::CRACK500_20160307_164517_1921_361.jpg,0.4658669,0.28159374,0.25253943
khanhha_noisy2::CRACK500_20160308_073532_1_361.jpg,0.09964463,0.2517553,0.64860004
khanhha_noisy2::CRACK500_20160308_074321_1921_361.jpg,0.07549313,0.38681144,0.5376954
khanhha_noisy2::CRACK500_20160308_160128_641_361.jpg,0.2410617,0.34001225,0.418926
khanhha_noisy2::CRACK500_20160308_160128_641_721.jpg,0.12359603,0.60681343,0.26959056
khanhha_noisy2::CRACK500_20160316_142449_1_361.jpg,0.24947202,0.14348903,0.6070389
khanhha_noisy2::CRACK500_20160316_143527_641_1.jpg,0.18458867,0.40457463,0.41083676
khanhha_noisy2::CRACK500_20160316_143547_1281_1081.jpg,0.19301458,0.43208784,0.3748975
khanhha_noisy2::CRACK500_20160316_143629_1281_721.jpg,0.1532767,0.4266634,0.42005986
khanhha_noisy2::CRACK500_20160316_143629_1921_721.jpg,0.21468887,0.23640835,0.5489028
khanhha_noisy2::CRACK500_20160318_084343_1281_361.jpg,0.19794983,0.2920949,0.50995535
khanhha_noisy2::CRACK500_20160318_181632_1_1.jpg,0.13053527,0.43191117,0.4375536
khanhha_noisy2::CRACK500_20160318_181632_1_361.jpg,0.1964265,0.15504374,0.64852977
khanhha_noisy2::CRACK500_20160318_181632_641_1.jpg,0.113917574,0.32998732,0.5560951
khanhha_noisy2::CRACK500_20160321_185557_1_361.jpg,0.075038075,0.53430337,0.3906586
khanhha_noisy2::CRACK500_20160321_185557_641_721.jpg,0.17875937,0.29194838,0.5292923
khanhha_noisy2::CRACK500_20160326_141812_1281_721.jpg,0.0065515726,0.042796183,0.9506523
khanhha_noisy2::CRACK500_20160326_141812_1921_721.jpg,0.0069723865,0.07706808,0.9159595
khanhha_noisy2::CRACK500_20160326_142403_1921_361.jpg,0.1752554,0.24720168,0.57754296
khanhha_noisy2::CRACK500_20160326_162529_641_361.jpg,0.1842837,0.26285014,0.55286616
khanhha_noisy2::CRACK500_20160328_150821_1281_361.jpg,0.1824471,0.6482019,0.16935104
khanhha_noisy2::CRACK500_20160328_150821_1_721.jpg,0.18879166,0.4080496,0.4031587
khanhha_noisy2::CRACK500_20160328_150821_641_361.jpg,0.21744281,0.51204604,0.2705111
khanhha_noisy2::CRACK500_20160328_151027_1921_1.jpg,0.4629859,0.36829814,0.16871604
khanhha_noisy2::CRACK500_20160328_151027_641_361.jpg,0.27788168,0.5051795,0.21693875
khanhha_noisy2::CRACK500_20160328_151243_1_361.jpg,0.56387186,0.24664949,0.18947859
khanhha_noisy2::CRACK500_20160328_151247_641_1.jpg,0.11631495,0.77748233,0.1062028
khanhha_noisy2::CRACK500_20160328_151423_641_1081.jpg,0.5049217,0.31509885,0.17997946
khanhha_noisy2::CRACK500_20160328_151657_1281_1.jpg,0.2751507,0.5925194,0.13232987
khanhha_noisy2::CRACK500_20160328_151657_1921_721.jpg,0.51239616,0.2706013,0.21700256
khanhha_noisy2::CRACK500_20160328_151657_1_361.jpg,0.32546064,0.4814854,0.19305395
khanhha_noisy2::CRACK500_20160328_151657_641_361.jpg,0.34011462,0.36135882,0.29852661
khanhha_noisy2::CRACK500_20160328_151657_641_721.jpg,0.26678792,0.3010432,0.43216887
khanhha_noisy2::CRACK500_20160328_152308_1_361.jpg,0.3300085,0.39220273,0.2777887
khanhha_noisy2::CRACK500_20160328_153327_1_721.jpg,0.12282807,0.49082968,0.38634226
khanhha_noisy2::CRACK500_20160328_153421_641_1.jpg,0.121245936,0.36150947,0.51724464
khanhha_noisy2::CRACK500_20160328_153533_1281_1.jpg,0.14211094,0.57576287,0.28212616
khanhha_noisy2::CRACK500_20160328_153533_1281_721.jpg,0.13763672,0.49055147,0.37181175
khanhha_noisy2::CRACK500_20160328_153533_1_1081.jpg,0.13105007,0.6298664,0.23908353
khanhha_noisy2::CRACK500_20160328_153612_1281_1081.jpg,0.26945508,0.3943048,0.33624005
khanhha_noisy2::CRACK500_20160328_153616_1281_361.jpg,0.17383398,0.6496517,0.17651431
khanhha_noisy2::CRACK500_20160328_153714_1_1.jpg,0.18724513,0.41171876,0.4010362
khanhha_noisy2::CRACK500_20160328_153714_1_1081.jpg,0.20963536,0.5133999,0.27696478
khanhha_noisy2::CRACK500_20160328_153714_641_721.jpg,0.16849238,0.30996466,0.52154297
khanhha_noisy2::CRACK500_20160328_153718_1281_1.jpg,0.13769417,0.3901998,0.47210607
khanhha_noisy2::CRACK500_20160328_153718_1921_1.jpg,0.18904017,0.33724445,0.47371545
khanhha_noisy2::CRACK500_20160328_153813_1281_1081.jpg,0.18036929,0.40838748,0.4112433
khanhha_noisy2::CRACK500_20160328_153813_1921_1081.jpg,0.24908184,0.3540506,0.39686757
khanhha_noisy2::CRACK500_20160328_154011_1921_1.jpg,0.24767955,0.26751325,0.48480722
khanhha_noisy2::CRACK500_20160328_154202_1281_1.jpg,0.13594049,0.3098614,0.55419815
khanhha_noisy2::CRACK500_20160328_154202_1281_1081.jpg,0.27138177,0.17762929,0.5509889
khanhha_noisy2::CRACK500_20160328_154202_1921_361.jpg,0.21757111,0.2528559,0.52957296
khanhha_noisy2::CRACK500_20160328_154202_641_1081.jpg,0.14972171,0.5497755,0.30050284
khanhha_noisy2::CRACK500_20160328_154321_1281_1.jpg,0.098993786,0.56341636,0.33758992
khanhha_noisy2::CRACK500_20160329_094452_1_721.jpg,0.40651116,0.33971253,0.2537764
khanhha_noisy2::CRACK500_20160329_101347_1921_721.jpg,0.25307,0.55908793,0.18784209
khanhha_noisy2::CRACK500_20160329_104031_1281_721.jpg,0.18306689,0.15897778,0.65795535
khanhha_noisy2::CRACK500_20160329_104031_1921_721.jpg,0.107330464,0.4020971,0.49057242
khanhha_noisy2::CRACK500_20160329_104031_641_1081.jpg,0.18681233,0.3613442,0.45184347
khanhha_noisy2::CRACK500_20160329_104107_1921_721.jpg,0.3984491,0.4153321,0.18621875
khanhha_noisy2::CRACK500_20160329_104107_1_721.jpg,0.31380913,0.4721329,0.21405798
khanhha_noisy2::CRACK500_20160329_104152_1_721.jpg,0.4358296,0.25846723,0.30570316
khanhha_noisy2::CRACK500_20160329_104152_641_721.jpg,0.28609672,0.39513737,0.31876588
khanhha_noisy2::CRACK500_20160330_160957_1921_1081.jpg,0.29676515,0.47951442,0.22372048
khanhha_noisy2::CRACK500_20160330_160957_1_721.jpg,0.49147752,0.31495795,0.19356455
khanhha_noisy2::CRACK500_20160330_163946_641_361.jpg,0.2894705,0.5094257,0.20110375
khanhha_noisy2::CRACK500_20160330_170014_641_361.jpg,0.16612025,0.12540318,0.7084766
khanhha_noisy2::CRACK500_20160330_170014_641_721.jpg,0.2101234,0.3246347,0.46524194
khanhha_noisy2::CRACK500_20160330_172305_1_1081.jpg,0.31190565,0.23400804,0.4540863
khanhha_noisy2::CRACK500_20160330_172305_1_721.jpg,0.2974854,0.2594794,0.44303513
khanhha_noisy2::CRACK500_20160330_172309_1_721.jpg,0.22820544,0.40935615,0.36243838
khanhha_noisy2::CRACK500_20160402_150110_1281_361.jpg,0.14600359,0.39570564,0.4582907
khanhha_noisy2::CRACK500_20160402_150110_1921_361.jpg,0.2523048,0.49880025,0.24889494
khanhha_noisy2::CRACK500_20160402_150110_641_721.jpg,0.12909053,0.45658943,0.41432002
khanhha_noisy2::CRACK500_20160405_171348_1921_721.jpg,0.21984348,0.11958015,0.6605764
khanhha_noisy2::CRACK500_20160405_172849_1921_1.jpg,0.3084183,0.24705899,0.44452274
khanhha_noisy2::CRACK500_20160405_172908_1281_1.jpg,0.027430141,0.36264092,0.60992885
khanhha_noisy2::CRACK500_20160407_163515_1281_721.jpg,0.21744439,0.4801914,0.3023642
khanhha_noisy2::CRACK500_20160407_163515_1_361.jpg,0.082897425,0.45822126,0.4588813
khanhha_noisy2::CRACK500_20160407_165009_1281_721.jpg,0.08897659,0.7192457,0.1917777
khanhha_noisy2::CRACK500_20160407_165009_1_721.jpg,0.25463164,0.30482426,0.44054404
khanhha_noisy2::CRACK500_20160415_191330_1921_361.jpg,0.32660925,0.4659654,0.20742534
khanhha_noisy2::CRACK500_20160415_191330_641_721.jpg,0.42702344,0.37046888,0.20250773
khanhha_noisy2::CRACK500_IMG_2935_649_969.jpg,0.3964043,0.5016808,0.101914905
khanhha_noisy2::DeepCrack_11165-2.jpg,0.16123098,0.34454802,0.49422094
khanhha_noisy2::DeepCrack_11165.jpg,0.2916461,0.2898764,0.41847748
khanhha_noisy2::DeepCrack_11197-2.jpg,0.1194713,0.32168552,0.55884326
khanhha_noisy2::DeepCrack_11197-4.jpg,0.33811632,0.22702171,0.4348619
khanhha_noisy2::DeepCrack_11236-1.jpg,0.2602314,0.39862671,0.34114194
khanhha_noisy2::DeepCrack_11236-4.jpg,0.122928284,0.20821072,0.66886103
khanhha_noisy2::DeepCrack_11249-4.jpg,0.06303284,0.15183884,0.78512836
khanhha_noisy2::DeepCrack_11249-7.jpg,0.11691893,0.14795747,0.73512363
khanhha_noisy2::DeepCrack_11270-2.jpg,0.029231483,0.067071095,0.9036974
khanhha_noisy2::DeepCrack_11294.jpg,0.4117573,0.26613185,0.3221109
khanhha_noisy2::DeepCrack_11296-18.jpg,0.30373755,0.33182815,0.3644343
khanhha_noisy2::DeepCrack_11296-19.jpg,0.2695929,0.2711248,0.45928234
khanhha_noisy2::DeepCrack_11296-4.jpg,0.3572617,0.26992708,0.37281117
khanhha_noisy2::DeepCrack_11296-7.jpg,0.27432305,0.3486128,0.37706414
khanhha_noisy2::DeepCrack_IMG33-12.jpg,0.16228713,0.36085165,0.4768613
khanhha_noisy2::DeepCrack_IMG33-16.jpg,0.24161562,0.3884901,0.36989427
khanhha_noisy2::DeepCrack_IMG33-9.jpg,0.28074464,0.3544656,0.36478972
khanhha_noisy2::Eugen_Muller_9360_329_209_632_479.jpg,0.39112893,0.3782464,0.23062469
khanhha_noisy2::Eugen_Muller_9360_7_26_751_632.jpg,0.5042327,0.40304148,0.092725806
khanhha_noisy2::Eugen_Muller_9360_99_556_518_594.jpg,0.22659756,0.5357403,0.23766206
khanhha_noisy2::GAPS384_test_0005_541_641.jpg,0.31814024,0.60918295,0.07267674
khanhha_noisy2::GAPS384_test_0040_541_1.jpg,0.4940142,0.43697098,0.06901476
khanhha_noisy2::GAPS384_test_0274_541_1.jpg,0.76686984,0.1251522,0.107978016
khanhha_noisy2::GAPS384_train_0597_1_1.jpg,0.24262595,0.18321685,0.5741572
khanhha_noisy2::GAPS384_train_0649_1_641.jpg,0.4680689,0.2150292,0.31690192
khanhha_noisy2::GAPS384_train_0680_541_641.jpg,0.7935705,0.15114367,0.055285774
khanhha_noisy2::GAPS384_train_0695_541_1.jpg,0.7693233,0.17498952,0.055687156
khanhha_noisy2::GAPS384_train_1010_541_641.jpg,0.42000845,0.16833729,0.41165423
khanhha_noisy2::GAPS384_train_1120_541_641.jpg,0.46297848,0.19199392,0.3450276
khanhha_noisy2::GAPS384_train_1124_1_641.jpg,0.5395133,0.33093736,0.12954946
khanhha_noisy2::GAPS384_train_1183_541_1.jpg,0.672291,0.23238252,0.09532656
khanhha_noisy2::Rissbilder_for_Florian_9S6A2798_499_1239_3234_3324.jpg,0.71323293,0.11364247,0.17312461
khanhha_noisy2::Rissbilder_for_Florian_9S6A2798_614_1857_2201_2501.jpg,0.541555,0.2343806,0.22406432
khanhha_noisy2::Rissbilder_for_Florian_9S6A2798_697_1777_2994_3062.jpg,0.77036077,0.11279266,0.11684661
khanhha_noisy2::Rissbilder_for_Florian_9S6A2800_191_3241_2390_2435.jpg,0.08366489,0.66155773,0.25477737
khanhha_noisy2::Rissbilder_for_Florian_9S6A2800_195_2531_3219_2684.jpg,0.09098902,0.3932616,0.51574934
khanhha_noisy2::Rissbilder_for_Florian_9S6A2800_382_814_2795_2670.jpg,0.18938248,0.36536935,0.4452481
khanhha_noisy2::Rissbilder_for_Florian_9S6A2800_48_573_3788_4425.jpg,0.06293269,0.30247656,0.63459074
khanhha_noisy2::Rissbilder_for_Florian_9S6A2800_552_1819_3171_3588.jpg,0.078881435,0.3419251,0.5791934
khanhha_noisy2::Rissbilder_for_Florian_9S6A2800_817_399_2611_2043.jpg,0.11673137,0.7405404,0.14272827
khanhha_noisy2::Rissbilder_for_Florian_9S6A2811_119_80_3414_3691.jpg,0.08515435,0.8987834,0.016062308
khanhha_noisy2::Rissbilder_for_Florian_9S6A2811_1873_211_2406_2890.jpg,0.046112362,0.93816257,0.015725072
khanhha_noisy2::Rissbilder_for_Florian_9S6A2812_1545_131_2276_2406.jpg,0.031977326,0.9648608,0.0031619417
khanhha_noisy2::Rissbilder_for_Florian_9S6A2812_372_1081_3294_3264.jpg,0.044724107,0.9495008,0.0057750866
khanhha_noisy2::Rissbilder_for_Florian_9S6A2812_6_41_3627_3234.jpg,0.027245121,0.9662528,0.006502087
khanhha_noisy2::Rissbilder_for_Florian_9S6A2815_1237_159_3590_2891.jpg,0.10600857,0.8821138,0.011877555
khanhha_noisy2::Rissbilder_for_Florian_9S6A2821_1009_504_3415_2649.jpg,0.74344796,0.22692162,0.029630383
khanhha_noisy2::Rissbilder_for_Florian_9S6A2821_1089_894_2343_2903.jpg,0.62066394,0.31305522,0.06628084
khanhha_noisy2::Rissbilder_for_Florian_9S6A2821_2779_46_2936_3794.jpg,0.8833528,0.09296667,0.023680575
khanhha_noisy2::Rissbilder_for_Florian_9S6A2825_325_1707_3330_2732.jpg,0.861971,0.09318323,0.04484578
khanhha_noisy2::Rissbilder_for_Florian_9S6A2825_340_882_2590_2354.jpg,0.7922063,0.18966442,0.018129285
khanhha_noisy2::Rissbilder_for_Florian_9S6A2825_565_2563_2166_2123.jpg,0.77799755,0.19205034,0.029952072
khanhha_noisy2::Rissbilder_for_Florian_9S6A2825_65_315_3693_4161.jpg,0.31435868,0.6553551,0.030286273
khanhha_noisy2::Rissbilder_for_Florian_9S6A2825_711_1408_2863_2522.jpg,0.8589243,0.08399831,0.05707734
khanhha_noisy2::Rissbilder_for_Florian_9S6A2825_71_1920_3644_3801.jpg,0.5220899,0.44074154,0.037168626
khanhha_noisy2::Rissbilder_for_Florian_9S6A2826_0_0_3840_5760.jpg,0.6352543,0.31823343,0.04651228
khanhha_noisy2::Rissbilder_for_Florian_9S6A2826_418_1200_2774_3626.jpg,0.7158038,0.21067676,0.07351944
khanhha_noisy2::Rissbilder_for_Florian_9S6A2826_65_1595_3304_2654.jpg,0.5124463,0.42211756,0.0654362
khanhha_noisy2::Rissbilder_for_Florian_9S6A2826_985_495_2477_3280.jpg,0.6068276,0.3351285,0.058043927
khanhha_noisy2::Rissbilder_for_Florian_9S6A2834_1012_1643_2453_3015.jpg,0.5278939,0.4299817,0.04212445
khanhha_noisy2::Rissbilder_for_Florian_9S6A2834_18_332_3392_3333.jpg,0.6071897,0.33172926,0.06108097
khanhha_noisy2::Rissbilder_for_Florian_9S6A2834_196_114_2762_3611.jpg,0.6127384,0.3264719,0.060789723
khanhha_noisy2::Rissbilder_for_Florian_9S6A2834_40_1275_3784_4195.jpg,0.4940894,0.44149098,0.06441975
khanhha_noisy2::Rissbilder_for_Florian_9S6A2838_1264_697_1978_2438.jpg,0.74799263,0.1102915,0.14171584
khanhha_noisy2::Rissbilder_for_Florian_9S6A2838_419_638_3373_4346.jpg,0.46425593,0.2976635,0.23808056
khanhha_noisy2::Rissbilder_for_Florian_9S6A2838_565_1405_2810_2334.jpg,0.5973001,0.27770776,0.12499212
khanhha_noisy2::Rissbilder_for_Florian_9S6A2842_321_767_3019_3008.jpg,0.7782404,0.17958544,0.042174194
khanhha_noisy2::Rissbilder_for_Florian_9S6A2842_635_1731_1931_2541.jpg,0.861572,0.121550575,0.01687744
khanhha_noisy2::Rissbilder_for_Florian_9S6A2842_70_2154_3631_3282.jpg,0.8408905,0.11880142,0.040308025
khanhha_noisy2::Rissbilder_for_Florian_9S6A2846_230_168_2768_2605.jpg,0.6874884,0.28472,0.027791586
khanhha_noisy2::Rissbilder_for_Florian_9S6A2846_268_1498_2452_2689.jpg,0.29702133,0.37254,0.33043864
khanhha_noisy2::Rissbilder_for_Florian_9S6A2846_330_640_3250_2553.jpg,0.5695237,0.22234932,0.20812702
khanhha_noisy2::Rissbilder_for_Florian_9S6A2846_392_1024_2627_3077.jpg,0.7051768,0.19073617,0.10408704
khanhha_noisy2::Rissbilder_for_Florian_9S6A2846_64_1600_3177_3483.jpg,0.7040266,0.20101129,0.094962165
khanhha_noisy2::Rissbilder_for_Florian_9S6A2857_1203_1130_2423_3169.jpg,0.65065336,0.22096834,0.12837839
khanhha_noisy2::Rissbilder_for_Florian_9S6A2857_148_211_2303_2832.jpg,0.54270583,0.34713078,0.11016338
khanhha_noisy2::Rissbilder_for_Florian_9S6A2857_159_2331_3518_2794.jpg,0.5206763,0.23263386,0.24668986
khanhha_noisy2::Rissbilder_for_Florian_9S6A2857_585_241_3220_4175.jpg,0.67245597,0.20205559,0.12548842
khanhha_noisy2::Rissbilder_for_Florian_9S6A2857_807_939_2369_1886.jpg,0.39874333,0.5759733,0.025283456
khanhha_noisy2::Rissbilder_for_Florian_9S6A2857_89_2266_3467_3213.jpg,0.45217374,0.2283156,0.31951067
khanhha_noisy2::Rissbilder_for_Florian_9S6A2860_109_355_3609_3381.jpg,0.40578413,0.55390215,0.04031365
khanhha_noisy2::Rissbilder_for_Florian_9S6A2860_2652_869_3027_2537.jpg,0.49225628,0.33349746,0.17424633
khanhha_noisy2::Rissbilder_for_Florian_9S6A2860_476_406_3989_3027.jpg,0.5609688,0.38255125,0.05647988
khanhha_noisy2::Rissbilder_for_Florian_9S6A2860_707_1403_2200_2149.jpg,0.36481133,0.5490188,0.086169794
khanhha_noisy2::Rissbilder_for_Florian_9S6A2869_107_1230_3580_4395.jpg,0.18399692,0.7982449,0.017758172
khanhha_noisy2::Rissbilder_for_Florian_9S6A2869_1234_372_2013_2272.jpg,0.01834685,0.97635686,0.0052963323
khanhha_noisy2::Rissbilder_for_Florian_9S6A2869_171_1902_3454_3763.jpg,0.25581652,0.7202144,0.023969056
khanhha_noisy2::Rissbilder_for_Florian_9S6A2869_37_1430_3692_3865.jpg,0.28582677,0.6740452,0.040127993
khanhha_noisy2::Rissbilder_for_Florian_9S6A2869_6_538_3621_3662.jpg,0.22984678,0.7423165,0.02783676
khanhha_noisy2::Rissbilder_for_Florian_9S6A2869_855_1425_2447_2662.jpg,0.14680317,0.8047257,0.048471108
khanhha_noisy2::Rissbilder_for_Florian_9S6A2869_878_3059_2683_2082.jpg,0.015187355,0.9822213,0.0025913336
khanhha_noisy2::Rissbilder_for_Florian_9S6A2870_121_518_3261_3345.jpg,0.18722998,0.7833932,0.029376762
khanhha_noisy2::Rissbilder_for_Florian_9S6A2870_504_1261_2761_3438.jpg,0.18482098,0.7872023,0.027976729
khanhha_noisy2::Rissbilder_for_Florian_9S6A2880_1244_1022_2375_2527.jpg,0.22869246,0.14163075,0.6296768
khanhha_noisy2::Rissbilder_for_Florian_9S6A2880_131_2019_3358_3435.jpg,0.46566197,0.12626655,0.40807143
khanhha_noisy2::Rissbilder_for_Florian_9S6A2880_1_709_3836_3003.jpg,0.27956477,0.12568617,0.5947491
khanhha_noisy2::Rissbilder_for_Florian_9S6A2880_277_388_3305_4321.jpg,0.04701379,0.06152672,0.8914595
khanhha_noisy2::Rissbilder_for_Florian_9S6A2881_0_0_3840_5760.jpg,0.13312364,0.19674975,0.6701266
khanhha_noisy2::Rissbilder_for_Florian_9S6A2881_1046_39_2575_3270.jpg,0.18172514,0.38874668,0.42952824
khanhha_noisy2::Rissbilder_for_Florian_9S6A2881_277_1792_3424_2971.jpg,0.12792166,0.4392392,0.43283918
khanhha_noisy2::Rissbilder_for_Florian_9S6A2881_77_297_3144_3819.jpg,0.09588082,0.4021414,0.5019778
khanhha_noisy2::Rissbilder_for_Florian_9S6A2888_133_918_3617_3712.jpg,0.14429195,0.13880584,0.71690226
khanhha_noisy2::Rissbilder_for_Florian_9S6A2896_0_0_3840_5760.jpg,0.044955,0.19555888,0.75948614
khanhha_noisy2::Rissbilder_for_Florian_9S6A2896_1287_1184_2528_1916.jpg,0.09761223,0.44214526,0.4602425
khanhha_noisy2::Rissbilder_for_Florian_9S6A2896_1446_730_2288_2912.jpg,0.06325262,0.30210215,0.6346452
khanhha_noisy2::Rissbilder_for_Florian_9S6A2896_28_1443_3701_3540.jpg,0.017762825,0.44373876,0.53849846
khanhha_noisy2::Rissbilder_for_Florian_9S6A2896_616_2037_3008_3401.jpg,0.047073934,0.30451238,0.64841366
khanhha_noisy2::Rissbilder_for_Florian_9S6A2896_788_3134_2243_2150.jpg,0.059939284,0.14757384,0.79248685
khanhha_noisy2::Rissbilder_for_Florian_9S6A2917_0_74_3825_4343.jpg,0.35422137,0.5903472,0.05543145
khanhha_noisy2::Rissbilder_for_Florian_9S6A2917_313_1519_3434_4037.jpg,0.4816948,0.43995064,0.07835458
khanhha_noisy2::Rissbilder_for_Florian_9S6A2917_486_1027_3148_3681.jpg,0.6290169,0.33337468,0.03760844
khanhha_noisy2::Rissbilder_for_Florian_9S6A2917_599_2662_2081_2529.jpg,0.5826052,0.30601358,0.111381195
khanhha_noisy2::Rissbilder_for_Florian_9S6A3085_46_1568_3730_4175.jpg,0.13784084,0.35878202,0.5033772
khanhha_noisy2::Rissbilder_for_Florian_9S6A3085_497_692_2640_2077.jpg,0.24489574,0.097499624,0.6576046
khanhha_noisy2::Rissbilder_for_Florian_9S6A3085_67_497_3262_3700.jpg,0.35041514,0.115714215,0.5338707
khanhha_noisy2::Rissbilder_for_Florian_9S6A3091_375_333_2309_2364.jpg,0.2436719,0.3325382,0.42378983
khanhha_noisy2::Rissbilder_for_Florian_9S6A3091_481_1320_3311_3035.jpg,0.29859713,0.34333208,0.35807082
khanhha_noisy2::Rissbilder_for_Florian_9S6A3092_272_70_2808_2402.jpg,0.50857896,0.24497841,0.24644266
khanhha_noisy2::Rissbilder_for_Florian_9S6A3092_3399_925_2286_2829.jpg,0.45262417,0.29672813,0.2506477
khanhha_noisy2::Rissbilder_for_Florian_9S6A3092_623_215_3689_2974.jpg,0.30525544,0.30478504,0.38995948
khanhha_noisy2::Rissbilder_for_Florian_9S6A3095_418_2347_2757_3271.jpg,0.49578372,0.36105895,0.1431573
khanhha_noisy2::Rissbilder_for_Florian_9S6A3095_514_444_3123_3906.jpg,0.5185012,0.29928464,0.1822141
khanhha_noisy2::Rissbilder_for_Florian_9S6A3095_592_717_2568_2704.jpg,0.46215984,0.353676,0.18416418
khanhha_noisy2::Rissbilder_for_Florian_9S6A3095_89_2165_3402_3441.jpg,0.47756702,0.36961624,0.15281679
khanhha_noisy2::Rissbilder_for_Florian_9S6A3096_347_506_3372_3116.jpg,0.10659655,0.07511406,0.8182894
khanhha_noisy2::Rissbilder_for_Florian_9S6A3096_515_1896_2914_2761.jpg,0.10187567,0.1343111,0.76381326
khanhha_noisy2::Rissbilder_for_Florian_9S6A3096_899_155_2326_2742.jpg,0.11347395,0.14040321,0.7461229
khanhha_noisy2::Rissbilder_for_Florian_9S6A3109_163_622_3006_3321.jpg,0.14053619,0.17401236,0.68545145
khanhha_noisy2::Rissbilder_for_Florian_9S6A3109_440_362_3337_4316.jpg,0.063761406,0.13584164,0.8003969
khanhha_noisy2::Rissbilder_for_Florian_9S6A3109_793_2237_2466_2142.jpg,0.10210038,0.1572578,0.74064183
khanhha_noisy2::Rissbilder_for_Florian_9S6A3113_104_526_3717_3372.jpg,0.16938004,0.045100823,0.7855191
khanhha_noisy2::Rissbilder_for_Florian_9S6A3114_1215_3118_2077_2478.jpg,0.22122367,0.0655516,0.7132247
khanhha_noisy2::Rissbilder_for_Florian_9S6A3114_358_1983_3344_3063.jpg,0.25437433,0.084312595,0.6613131
khanhha_noisy2::Rissbilder_for_Florian_9S6A3114_871_3543_2822_2137.jpg,0.28054243,0.048603665,0.6708539
khanhha_noisy2::Rissbilder_for_Florian_9S6A3128_304_338_2449_2867.jpg,0.23191775,0.116321966,0.6517602
khanhha_noisy2::Rissbilder_for_Florian_9S6A3128_580_813_2343_2413.jpg,0.3179569,0.12548774,0.55655533
khanhha_noisy2::Rissbilder_for_Florian_9S6A3128_7_578_2768_3056.jpg,0.3936959,0.09459911,0.51170504
khanhha_noisy2::Rissbilder_for_Florian_9S6A3131_308_1998_2814_2860.jpg,0.20884351,0.15702339,0.6341331
khanhha_noisy2::Rissbilder_for_Florian_9S6A3131_389_1670_3375_3959.jpg,0.093912885,0.109895855,0.79619133
khanhha_noisy2::Rissbilder_for_Florian_9S6A3131_542_1698_3243_3761.jpg,0.19205488,0.09812251,0.70982265
khanhha_noisy2::Rissbilder_for_Florian_9S6A3135_339_1311_2661_3168.jpg,0.26512113,0.09332363,0.64155525
khanhha_noisy2::Rissbilder_for_Florian_9S6A3136_0_0_5760_3840.jpg,0.7171227,0.14485447,0.13802283
khanhha_noisy2::Rissbilder_for_Florian_9S6A3136_1628_12_2911_3801.jpg,0.56946343,0.13426891,0.2962677
khanhha_noisy2::Sylvie_Chambon_094.jpg,0.3325455,0.29688424,0.37057027
khanhha_noisy2::Sylvie_Chambon_107.jpg,0.3937927,0.23137009,0.3748372
khanhha_noisy2::Sylvie_Chambon_323.jpg,0.02518467,0.64980745,0.32500792
khanhha_noisy2::Sylvie_Chambon_Im_noGT_ESAR_21a.jpg,0.5933662,0.24483503,0.16179873
khanhha_noisy2::Volker_DSC01623_0_0_1824_2736.jpg,0.2358486,0.32391167,0.44023973
khanhha_noisy2::Volker_DSC01623_134_615_1595_1694.jpg,0.2620342,0.33881858,0.3991472
khanhha_noisy2::Volker_DSC01623_22_364_1793_1961.jpg,0.21445091,0.3848256,0.40072352
khanhha_noisy2::Volker_DSC01623_32_1414_1144_1043.jpg,0.36330938,0.45505723,0.1816333
khanhha_noisy2::Volker_DSC01633_217_183_1290_1578.jpg,0.3618982,0.26281106,0.37529066
khanhha_noisy2::Volker_DSC01635_0_0_2736_1824.jpg,0.33532816,0.25175175,0.41292006
khanhha_noisy2::Volker_DSC01635_130_334_986_1295.jpg,0.36388624,0.35230088,0.28381294
khanhha_noisy2::Volker_DSC01635_548_45_1336_1686.jpg,0.18006733,0.3166506,0.50328207
khanhha_noisy2::Volker_DSC01637_274_432_1128_1113.jpg,0.14851242,0.36777133,0.48371625
khanhha_noisy2::Volker_DSC01637_616_1353_1168_1288.jpg,0.22822757,0.50585485,0.26591757
khanhha_noisy2::Volker_DSC01640_376_6_2132_1787.jpg,0.25724906,0.19957742,0.54317355
khanhha_noisy2::Volker_DSC01640_747_235_1398_1374.jpg,0.35717866,0.23851083,0.40431055
khanhha_noisy2::Volker_DSC01644_612_414_1320_1175.jpg,0.5066801,0.26130497,0.23201492
khanhha_noisy2::Volker_DSC01649_0_0_1824_2736.jpg,0.07873741,0.11124948,0.8100132
khanhha_noisy2::Volker_DSC01649_128_1341_1226_1195.jpg,0.32885364,0.1571739,0.51397246
khanhha_noisy2::Volker_DSC01652_217_429_1194_1007.jpg,0.11315819,0.15917622,0.72766554
khanhha_noisy2::Volker_DSC01652_699_100_1925_1592.jpg,0.13582608,0.27528787,0.5888861
khanhha_noisy2::Volker_DSC01653_120_360_1526_1294.jpg,0.10959372,0.20961651,0.6807897
khanhha_noisy2::Volker_DSC01653_441_257_1154_966.jpg,0.16517682,0.20613773,0.6286855
khanhha_noisy2::Volker_DSC01653_635_9_1390_1253.jpg,0.15826601,0.32523036,0.51650363
khanhha_noisy2::Volker_DSC01653_791_41_1849_1670.jpg,0.08155571,0.31996253,0.5984818
khanhha_noisy2::Volker_DSC01666_185_540_876_1155.jpg,0.33305505,0.18449292,0.48245206
khanhha_noisy2::Volker_DSC01672_140_255_1259_1633.jpg,0.7085398,0.06599812,0.22546211
khanhha_noisy2::Volker_DSC01672_236_664_1240_1592.jpg,0.48532444,0.18642679,0.3282488
khanhha_noisy2::Volker_DSC01672_39_1294_1098_1354.jpg,0.4609619,0.26623192,0.2728061
khanhha_noisy2::Volker_DSC01676_146_1254_955_1190.jpg,0.32863963,0.2811409,0.39021942
khanhha_noisy2::Volker_DSC01676_35_128_1239_1463.jpg,0.7704911,0.12182238,0.10768648
khanhha_noisy2::Volker_DSC01679_0_0_1824_2736.jpg,0.16616832,0.19547515,0.63835657
khanhha_noisy2::Volker_DSC01679_0_789_1823_1945.jpg,0.2304993,0.31674188,0.4527588
khanhha_noisy2::Volker_DSC01679_67_383_1713_2223.jpg,0.10990012,0.27471986,0.61538
khanhha_noisy2::Volker_DSC01680_0_0_1824_2736.jpg,0.22954293,0.16229707,0.60816
khanhha_noisy2::Volker_DSC01680_146_194_1555_1973.jpg,0.18199052,0.2806224,0.53738713
khanhha_noisy2::Volker_DSC01680_168_539_1554_1946.jpg,0.20869699,0.24584283,0.54546016
khanhha_noisy2::Volker_DSC01680_63_445_1729_1300.jpg,0.2673929,0.33295515,0.39965194
khanhha_noisy2::Volker_DSC01683_67_1024_1660_1636.jpg,0.68312955,0.14862494,0.16824552
khanhha_noisy2::Volker_DSC01692_28_197_1636_1369.jpg,0.85048974,0.087440066,0.062070243
khanhha_noisy2::Volker_DSC01700_158_517_1605_1442.jpg,0.056774974,0.90019834,0.043026716
khanhha_noisy2::Volker_DSC01703_23_907_1787_1745.jpg,0.4876899,0.3619917,0.15031832
khanhha_noisy2::Volker_DSC01703_413_202_1272_965.jpg,0.53104013,0.3710917,0.09786826
khanhha_noisy2::Volker_DSC01703_599_1250_1072_1001.jpg,0.48555076,0.32462367,0.18982553
khanhha_noisy2::Volker_DSC01707_33_309_1713_1946.jpg,0.65000975,0.2623119,0.08767829
khanhha_noisy2::Volker_DSC01707_44_131_1757_2144.jpg,0.6326255,0.27237624,0.0949983
khanhha_noisy2::Volker_DSC01707_540_967_1161_1226.jpg,0.39421967,0.34578624,0.25999415
khanhha_noisy2::cracktree200_6234.jpg,0.5630101,0.38372618,0.05326378
khanhha_noisy2::cracktree200_6261.jpg,0.47114503,0.36229062,0.16656438
khanhha_noisy2::cracktree200_6301.jpg,0.24791288,0.46284395,0.28924313
khanhha_noisy2::cracktree200_6645.jpg,0.8052456,0.11162476,0.08312966
khanhha_noisy2::cracktree200_6647.jpg,0.76202863,0.1436395,0.09433183
khanhha_noisy2::forest_006.jpg,0.61698914,0.20302047,0.17999035
khanhha_noisy2::forest_038.jpg,0.44856218,0.23183304,0.3196048
khanhha_noisy2::forest_087.jpg,0.7195021,0.12704974,0.15344818
khanhha_noisy2::forest_094.jpg,0.3325455,0.29688424,0.37057027
khanhha_noisy2::noncrack_noncrack_concrete_wall_101_2.jpg.jpg,0.23428564,0.63648874,0.12922561
khanhha_noisy2::noncrack_noncrack_concrete_wall_101_8.jpg.jpg,0.23428564,0.63648874,0.12922561
khanhha_noisy2::noncrack_noncrack_concrete_wall_101_9.jpg.jpg,0.22348703,0.66523594,0.111277
khanhha_noisy2::noncrack_noncrack_concrete_wall_103_0.jpg.jpg,0.008740635,0.9865927,0.0046666446
khanhha_noisy2::noncrack_noncrack_concrete_wall_103_1.jpg.jpg,0.006673588,0.9888825,0.0044439784
khanhha_noisy2::noncrack_noncrack_concrete_wall_13_2.jpg.jpg,0.01413035,0.9067224,0.079147145
khanhha_noisy2::noncrack_noncrack_concrete_wall_13_4.jpg.jpg,0.014855223,0.8900741,0.09507066
khanhha_noisy2::noncrack_noncrack_concrete_wall_13_6.jpg.jpg,0.01969365,0.895094,0.08521235
khanhha_noisy2::noncrack_noncrack_concrete_wall_23_1.jpg.jpg,0.0013642758,0.99586594,0.0027697522
khanhha_noisy2::noncrack_noncrack_concrete_wall_23_4.jpg.jpg,0.0010587518,0.99744606,0.0014952318
khanhha_noisy2::noncrack_noncrack_concrete_wall_23_5.jpg.jpg,0.0014002841,0.99693394,0.001665737
khanhha_noisy2::noncrack_noncrack_concrete_wall_23_7.jpg.jpg,0.0028590343,0.9937396,0.0034014552
khanhha_noisy2::noncrack_noncrack_concrete_wall_28_0.jpg.jpg,0.22154164,0.6993106,0.079147786
khanhha_noisy2::noncrack_noncrack_concrete_wall_30_2.jpg.jpg,0.016137602,0.90482146,0.07904093
khanhha_noisy2::noncrack_noncrack_concrete_wall_41_11.jpg.jpg,0.009223636,0.9851657,0.0056106285
khanhha_noisy2::noncrack_noncrack_concrete_wall_41_12.jpg.jpg,0.008830637,0.98386824,0.007301137
khanhha_noisy2::noncrack_noncrack_concrete_wall_41_2.jpg.jpg,0.008372406,0.9842167,0.0074108583
khanhha_noisy2::noncrack_noncrack_concrete_wall_41_35.jpg.jpg,0.015120572,0.9760272,0.008852249
khanhha_noisy2::noncrack_noncrack_concrete_wall_41_37.jpg.jpg,0.0064915246,0.98455113,0.008957385
khanhha_noisy2::noncrack_noncrack_concrete_wall_41_38.jpg.jpg,0.010571791,0.9832628,0.0061654034
khanhha_noisy2::noncrack_noncrack_concrete_wall_41_4.jpg.jpg,0.010068037,0.9820223,0.007909711
khanhha_noisy2::noncrack_noncrack_concrete_wall_41_43.jpg.jpg,0.009175174,0.9840401,0.006784817
khanhha_noisy2::noncrack_noncrack_concrete_wall_41_48.jpg.jpg,0.01727488,0.9692498,0.013475295
khanhha_noisy2::noncrack_noncrack_concrete_wall_41_58.jpg.jpg,0.009974314,0.98311746,0.0069082477
khanhha_noisy2::noncrack_noncrack_concrete_wall_41_63.jpg.jpg,0.0136627,0.97662145,0.009715762
khanhha_noisy2::noncrack_noncrack_concrete_wall_41_65.jpg.jpg,0.013757333,0.9770685,0.009174245
khanhha_noisy2::noncrack_noncrack_concrete_wall_42_6.jpg.jpg,0.01629993,0.9675282,0.016171848
khanhha_noisy2::noncrack_noncrack_concrete_wall_53_3.jpg.jpg,0.0006283138,0.99889296,0.00047871744
khanhha_noisy2::noncrack_noncrack_concrete_wall_58_0.jpg.jpg,0.057589516,0.9272173,0.015193141
khanhha_noisy2::noncrack_noncrack_concrete_wall_58_11.jpg.jpg,0.06460291,0.9211246,0.014272466
khanhha_noisy2::noncrack_noncrack_concrete_wall_58_12.jpg.jpg,0.085806735,0.89069736,0.023495931
khanhha_noisy2::noncrack_noncrack_concrete_wall_58_13.jpg.jpg,0.09580889,0.882755,0.021436078
khanhha_noisy2::noncrack_noncrack_concrete_wall_58_6.jpg.jpg,0.051929843,0.93728846,0.010781746
khanhha_noisy2::noncrack_noncrack_concrete_wall_58_8.jpg.jpg,0.051050052,0.92952347,0.019426456
khanhha_noisy2::noncrack_noncrack_concrete_wall_60_13.jpg.jpg,0.00042061228,0.9990013,0.00057805155
khanhha_noisy2::noncrack_noncrack_concrete_wall_60_6.jpg.jpg,0.0002793254,0.9990392,0.0006815366
khanhha_noisy2::noncrack_noncrack_concrete_wall_60_8.jpg.jpg,0.00028539915,0.99947673,0.00023787821
khanhha_noisy2::noncrack_noncrack_concrete_wall_69_6.jpg.jpg,0.012649142,0.9540911,0.0332599
khanhha_noisy2::noncrack_noncrack_concrete_wall_72_0.jpg.jpg,0.0047296756,0.9235887,0.071681604
khanhha_noisy2::noncrack_noncrack_concrete_wall_77_1.jpg.jpg,0.013759508,0.9749102,0.011330281
khanhha_noisy2::noncrack_noncrack_concrete_wall_77_5.jpg.jpg,0.007478857,0.9761797,0.01634148
khanhha_noisy2::noncrack_noncrack_concrete_wall_7_0.jpg.jpg,0.0017710872,0.99206173,0.006167228
khanhha_noisy2::noncrack_noncrack_concrete_wall_7_1.jpg.jpg,0.001506825,0.9964394,0.0020537896
khanhha_noisy2::noncrack_noncrack_concrete_wall_81_4.jpg.jpg,0.103668466,0.7752033,0.121128306
khanhha_noisy2::noncrack_noncrack_concrete_wall_83_10.jpg.jpg,0.016532037,0.9388037,0.044664256
khanhha_noisy2::noncrack_noncrack_concrete_wall_83_4.jpg.jpg,0.028783785,0.89934236,0.071873866
khanhha_noisy2::noncrack_noncrack_concrete_wall_83_9.jpg.jpg,0.022440262,0.9275462,0.05001358
khanhha_noisy2::noncrack_noncrack_concrete_wall_88_3.jpg.jpg,0.0046486976,0.9786598,0.016691575
khanhha_noisy2::noncrack_noncrack_concrete_wall_94_4.jpg.jpg,0.002002549,0.99711084,0.0008865937
road420::2023_10_30_15_47_IMG_5894.jpg,0.46482965,0.078855604,0.45631465
road420::2023_10_30_15_48_IMG_5895.jpg,0.64005995,0.03313212,0.32680783
road420::2023_10_30_15_49_IMG_5898.jpg,0.6440872,0.026896082,0.32901677
road420::2023_10_30_15_49_IMG_5901.jpg,0.31685364,0.02565741,0.657489
road420::2023_10_30_15_52_IMG_5910.jpg,0.67352575,0.06563015,0.26084414
road420::2023_10_30_15_57_IMG_5921.jpg,0.953691,0.012313826,0.03399514
road420::2023_10_30_15_59_IMG_5926.jpg,0.31907445,0.019703856,0.66122174
road420::2023_10_30_16_00_IMG_5928.jpg,0.7647261,0.04435527,0.19091865
road420::2023_10_30_16_16_IMG_5938.jpg,0.13715428,0.1557382,0.7071074
road420::2023_10_30_16_17_IMG_5943.jpg,0.6455489,0.016125387,0.3383257
road420::2023_10_30_16_18_IMG_5945.jpg,0.6765279,0.06593704,0.25753507
road420::2023_10_30_16_18_IMG_5946.jpg,0.7164498,0.019980114,0.26357016
road420::2023_10_30_16_18_IMG_5948.jpg,0.25396693,0.058357995,0.68767506
road420::2023_10_30_16_20_IMG_5956.jpg,0.32770625,0.08421049,0.58808327
road420::2023_10_30_16_22_IMG_5962.jpg,0.4438003,0.068473205,0.48772645
road420::2023_10_30_16_23_IMG_5968.jpg,0.15321718,0.065836735,0.7809461
road420::2023_10_30_16_25_IMG_5972.jpg,0.67088753,0.12112886,0.20798357
road420::2023_10_30_16_25_IMG_5974.jpg,0.48774222,0.059145994,0.45311183
road420::2023_10_30_16_25_IMG_5976.jpg,0.5888559,0.028008519,0.38313565
road420::2023_10_30_16_27_IMG_5980.jpg,0.36031812,0.09008714,0.54959476
road420::2023_10_30_16_29_IMG_5984.jpg,0.20180978,0.05010024,0.74808997
road420::2023_10_30_16_33_IMG_6001.jpg,0.26200083,0.028566914,0.70943224
road420::2023_10_30_16_34_IMG_6005.jpg,0.8399041,0.027100906,0.13299498
road420::2023_10_30_16_40_IMG_6018.jpg,0.23968913,0.040778082,0.7195328
road420::2023_10_30_16_41_IMG_6021.jpg,0.16165052,0.0904102,0.7479393
road420::2023_10_30_16_41_IMG_6023.jpg,0.4349109,0.02094569,0.5441434
road420::2023_10_30_16_41_IMG_6026.jpg,0.53116393,0.033164155,0.43567196
road420::2023_10_30_16_41_IMG_6027.jpg,0.2675013,0.029930381,0.7025683
road420::2023_10_30_16_42_IMG_6030.jpg,0.5436697,0.02394171,0.43238866
road420::2023_10_30_16_45_IMG_6037.jpg,0.15021113,0.03923664,0.81055224
road420::2023_10_30_16_46_IMG_6042.jpg,0.70543605,0.070513114,0.22405086
road420::2023_10_30_16_53_IMG_6064.jpg,0.61914104,0.019531129,0.36132783
road420::2023_10_30_16_55_IMG_6069.jpg,0.6859729,0.05260856,0.2614185
road420::2023_10_30_16_55_IMG_6073.jpg,0.21129906,0.061576344,0.7271246
road420::2023_10_30_16_56_IMG_6075.jpg,0.81290686,0.03707933,0.15001376
road420::2023_10_30_16_57_IMG_6080.jpg,0.7289727,0.046428844,0.2245985
road420::2023_10_30_16_57_IMG_6082.jpg,0.8336107,0.04529965,0.12108964
road420::2023_10_30_16_58_IMG_6086.jpg,0.7641993,0.02070993,0.2150908
road420::2023_10_30_16_59_IMG_6093.jpg,0.7362404,0.058776006,0.20498364
road420::2023_10_30_16_59_IMG_6095.jpg,0.8243775,0.04558449,0.130038
road420::2023_10_30_16_59_IMG_6096.jpg,0.83522713,0.067650795,0.097122066
road420::2023_10_30_16_59_IMG_6097.jpg,0.54692537,0.06632101,0.38675365
road420::2023_10_30_17_01_IMG_6103.jpg,0.6424027,0.042243768,0.31535345
road420::2023_10_30_17_02_IMG_6111.jpg,0.42078114,0.03360171,0.54561716
road420::2023_10_30_17_02_IMG_6112.jpg,0.6356182,0.0519272,0.31245467
road420::2023_10_30_17_03_IMG_6122.jpg,0.3023879,0.06572757,0.6318845
road420::2023_10_30_17_03_IMG_6123.jpg,0.26460937,0.058970977,0.6764197
road420::2023_10_30_17_05_IMG_6130.jpg,0.287124,0.032122437,0.6807535
road420::2023_10_30_17_05_IMG_6131.jpg,0.6232169,0.054444365,0.32233876
road420::2023_10_30_17_05_IMG_6132.jpg,0.67094445,0.05288207,0.27617347
road420::2023_10_30_17_05_IMG_6133.jpg,0.55852914,0.05741571,0.3840551
road420::2023_10_30_17_06_IMG_6137.jpg,0.90852475,0.033516966,0.057958234
road420::2023_10_30_17_08_IMG_6142.jpg,0.4131745,0.05007244,0.536753
road420::2023_10_30_17_21_IMG_6146.jpg,0.7873169,0.07689143,0.13579173
road420::2023_10_30_17_30_IMG_6164.jpg,0.07622448,0.061096765,0.86267877
road420::2023_10_30_17_30_IMG_6166.jpg,0.06865161,0.0321711,0.89917725
road420::2023_10_30_17_30_IMG_6167.jpg,0.14986461,0.08969589,0.7604394
road420::2023_10_30_17_32_IMG_6174.jpg,0.096592315,0.011564109,0.8918436
road420::2023_10_30_17_32_IMG_6175.jpg,0.31145605,0.04035839,0.64818555
road420::2023_10_30_17_33_IMG_6177.jpg,0.30215263,0.06381659,0.6340307
road420::2023_10_30_17_34_IMG_6181.jpg,0.13768753,0.023585213,0.8387273
road420::2023_10_30_17_34_IMG_6183.jpg,0.25109544,0.03131002,0.7175945
road420::2023_10_30_17_34_IMG_6184.jpg,0.6205087,0.031257328,0.34823403
road420::2023_10_31_13_37_IMG_6210.jpg,0.42625707,0.081844196,0.4918987
road420::2023_10_31_13_38_IMG_6211.jpg,0.8826678,0.023748768,0.09358343
road420::2023_10_31_13_39_IMG_6214.jpg,0.6712089,0.11548725,0.21330379
road420::2023_10_31_13_49_IMG_6222.jpg,0.34173515,0.14616612,0.5120988
road420::2023_10_31_13_54_IMG_6226.jpg,0.813579,0.0063307565,0.18009023
road420::2023_10_31_14_09_IMG_6233.jpg,0.10193087,0.076107204,0.82196194
road420::2023_10_31_14_22_IMG_6246.jpg,0.5608311,0.03256082,0.4066081
road420::2023_10_31_14_27_IMG_6253.jpg,0.94459903,0.019881366,0.035519652
road420::2023_10_31_14_35_IMG_6272.jpg,0.6160955,0.028943203,0.35496125
road420::2023_10_31_14_38_IMG_6281.jpg,0.9050412,0.015833173,0.079125635
road420::2023_10_31_14_47_IMG_6296.jpg,0.8428775,0.008718763,0.14840375
road420::2023_11_01_20_22_IMG_6341.jpg,0.036901657,0.050408266,0.91269004
road420::2023_11_01_20_32_IMG_6352.jpg,0.9762641,0.010310342,0.0134255905
road420::2023_11_01_20_41_IMG_6365.jpg,0.5280707,0.06131278,0.41061655
road420::2023_11_01_20_46_IMG_6374.jpg,0.59248006,0.028590633,0.37892938
road420::2023_11_05_21_04_IMG_6449.jpg,0.13707384,0.01565951,0.8472666
road420::2023_11_05_21_05_IMG_6450.jpg,0.5479135,0.090618014,0.36146858
road420::2023_11_05_21_08_IMG_6458.jpg,0.1398296,0.017008219,0.8431622
road420::2023_11_05_21_15_IMG_6465.jpg,0.28235602,0.14170066,0.5759433
road420::2023_11_05_21_22_IMG_6473.jpg,0.4145639,0.0073850555,0.57805103
road420::2023_11_05_21_23_IMG_6477.jpg,0.22826247,0.01628269,0.75545484
road420::2023_11_05_21_23_IMG_6480.jpg,0.21428151,0.02518368,0.7605348
road420::2023_11_05_21_24_IMG_6483.jpg,0.043917432,0.0058346707,0.9502479
road420::2023_11_05_21_28_IMG_6493.jpg,0.72723085,0.018998573,0.25377053
road420::2023_11_05_21_29_IMG_6497.jpg,0.38301077,0.024655458,0.59233385
road420::2023_11_05_21_32_IMG_6505.jpg,0.5403071,0.012705903,0.44698703
road420::2023_11_05_21_38_IMG_6515.jpg,0.2852292,0.27487847,0.4398923
road420::2023_11_05_21_40_IMG_6524.jpg,0.9052145,0.034534853,0.060250644
road420::2023_11_05_21_41_IMG_6526.jpg,0.27687687,0.41138297,0.31174016
facade390::DJ_Wall_106.JPG,0.6071878,0.04243805,0.35037416
facade390::DJ_Wall_109.JPG,0.37423426,0.034671575,0.59109414
facade390::DJ_Wall_113.JPG,0.5339931,0.04688974,0.41911712
facade390::DJ_Wall_114.JPG,0.5961021,0.03399148,0.3699064
facade390::DJ_Wall_122.JPG,0.41584656,0.042847667,0.5413057
facade390::DJ_Wall_123.JPG,0.60681385,0.025310459,0.36787567
facade390::DJ_Wall_127.JPG,0.8748488,0.09345158,0.031699672
facade390::DJ_Wall_13.JPG,0.21242242,0.6237317,0.1638459
facade390::DJ_Wall_131.JPG,0.8762622,0.067415476,0.056322344
facade390::DJ_Wall_135.JPG,0.90272486,0.07765709,0.019617997
facade390::DJ_Wall_14.JPG,0.2570534,0.5405192,0.20242748
facade390::DJ_Wall_141.JPG,0.85623693,0.11252851,0.03123452
facade390::DJ_Wall_143.JPG,0.92063105,0.04456037,0.034808576
facade390::DJ_Wall_144.JPG,0.8841008,0.06159699,0.054302312
facade390::DJ_Wall_157.JPG,0.8912467,0.05680979,0.051943585
facade390::DJ_Wall_158.JPG,0.9432515,0.027419427,0.029329073
facade390::DJ_Wall_162.JPG,0.8656692,0.12781224,0.0065185386
facade390::DJ_Wall_164.JPG,0.9725557,0.017968,0.00947624
facade390::DJ_Wall_17.JPG,0.12377441,0.49055338,0.3856722
facade390::DJ_Wall_184.JPG,0.87146944,0.04358563,0.084944926
facade390::DJ_Wall_187.JPG,0.93583107,0.036448512,0.0277205
facade390::DJ_Wall_193.JPG,0.3774285,0.11736556,0.505206
facade390::DJ_Wall_196.JPG,0.74438655,0.10578672,0.1498267
facade390::DJ_Wall_20.JPG,0.27176526,0.040478215,0.6877565
facade390::DJ_Wall_204.JPG,0.23353796,0.18918952,0.5772725
facade390::DJ_Wall_205.JPG,0.22916345,0.049091693,0.72174484
facade390::DJ_Wall_208.JPG,0.41777036,0.023695795,0.5585338
facade390::DJ_Wall_211.JPG,0.42456287,0.07350498,0.5019322
facade390::DJ_Wall_221.JPG,0.24927817,0.008412423,0.74230945
facade390::DJ_Wall_228.JPG,0.6025787,0.07747396,0.31994727
facade390::DJ_Wall_23.JPG,0.25679022,0.26502517,0.47818455
facade390::DJ_Wall_239.JPG,0.67206246,0.022029523,0.305908
facade390::DJ_Wall_261.JPG,0.06149776,0.011739801,0.92676246
facade390::DJ_Wall_271.JPG,0.40861884,0.08305707,0.508324
facade390::DJ_Wall_272.JPG,0.53344786,0.078199394,0.38835278
facade390::DJ_Wall_277.JPG,0.5440661,0.052943286,0.40299058
facade390::DJ_Wall_278.JPG,0.5980334,0.09963456,0.30233204
facade390::DJ_Wall_286.JPG,0.2066038,0.01648439,0.77691185
facade390::DJ_Wall_287.JPG,0.2575361,0.028681742,0.7137822
facade390::DJ_Wall_293.JPG,0.5282292,0.089650676,0.38212022
facade390::DJ_Wall_294.JPG,0.6049207,0.082209356,0.31287
facade390::DJ_Wall_295.JPG,0.47086692,0.10000316,0.42912993
facade390::DJ_Wall_297.JPG,0.5010317,0.07537247,0.42359594
facade390::DJ_Wall_3.JPG,0.4152157,0.2879083,0.29687604
facade390::DJ_Wall_303.JPG,0.732476,0.12916814,0.1383559
facade390::DJ_Wall_309.JPG,0.5918327,0.2571615,0.15100591
facade390::DJ_Wall_31.JPG,0.15317698,0.06368871,0.78313434
facade390::DJ_Wall_319.JPG,0.5195415,0.13378134,0.34667715
facade390::DJ_Wall_326.JPG,0.44120345,0.18147124,0.37732527
facade390::DJ_Wall_327.JPG,0.41918752,0.39730507,0.18350743
facade390::DJ_Wall_334.JPG,0.3616758,0.12478612,0.5135381
facade390::DJ_Wall_344.JPG,0.20927846,0.120713085,0.6700085
facade390::DJ_Wall_358.JPG,0.28313625,0.22939426,0.4874695
facade390::DJ_Wall_360.JPG,0.116385706,0.015128569,0.8684857
facade390::DJ_Wall_365.JPG,0.39633444,0.03069331,0.57297224
facade390::DJ_Wall_368.JPG,0.24465762,0.2663788,0.48896357
facade390::DJ_Wall_369.JPG,0.2694051,0.17689775,0.55369717
facade390::DJ_Wall_373.JPG,0.37862414,0.085514106,0.5358618
facade390::DJ_Wall_375.JPG,0.5611475,0.053613998,0.38523847
facade390::DJ_Wall_377.JPG,0.2579602,0.33544025,0.40659955
facade390::DJ_Wall_381.JPG,0.1352819,0.04359535,0.82112277
facade390::DJ_Wall_385.JPG,0.590445,0.28914303,0.12041201
facade390::DJ_Wall_387.JPG,0.18505917,0.43251657,0.38242424
facade390::DJ_Wall_39.JPG,0.08203414,0.15072317,0.76724267
facade390::DJ_Wall_390.JPG,0.69667894,0.2928367,0.010484403
facade390::DJ_Wall_46.JPG,0.5291875,0.053822204,0.41699037
facade390::DJ_Wall_47.JPG,0.48821968,0.10854231,0.40323803
facade390::DJ_Wall_48.JPG,0.12495247,0.12773994,0.74730754
facade390::DJ_Wall_49.JPG,0.20499074,0.15197061,0.64303863
facade390::DJ_Wall_57.JPG,0.2749035,0.030033601,0.6950629
facade390::DJ_Wall_61.JPG,0.15795174,0.062420223,0.7796281
facade390::DJ_Wall_75.JPG,0.37359452,0.0957989,0.53060657
facade390::DJ_Wall_78.JPG,0.122917466,0.12370282,0.75337976
facade390::DJ_Wall_8.JPG,0.23260577,0.412823,0.35457122
facade390::DJ_Wall_84.JPG,0.24916512,0.31010038,0.44073445
facade390::DJ_Wall_86.JPG,0.105526865,0.01590901,0.87856406
facade390::DJ_Wall_89.JPG,0.27021375,0.038983528,0.6908027
facade390::DJ_Wall_92.JPG,0.2551943,0.28854406,0.4562616
facade390::DJ_Wall_99.JPG,0.5219895,0.05491218,0.42309824
concrete3k::001_14.jpg,0.53667605,0.0495577,0.41376624
concrete3k::001_2.jpg,0.88828075,0.010786982,0.10093228
concrete3k::001_6.jpg,0.89673597,0.01634871,0.08691529
concrete3k::020_10.jpg,0.7221018,0.13550505,0.14239316
concrete3k::020_19.jpg,0.48057535,0.2066929,0.3127318
concrete3k::020_28.jpg,0.7231274,0.19317089,0.08370173
concrete3k::020_33.jpg,0.19312426,0.014086181,0.7927896
concrete3k::020_34.jpg,0.14024867,0.03972679,0.8200245
concrete3k::020_40.jpg,0.4274616,0.3021158,0.27042264
concrete3k::020_41.jpg,0.4765595,0.33898562,0.18445481
concrete3k::020_46.jpg,0.37071368,0.26022622,0.3690601
concrete3k::020_9.jpg,0.20468582,0.4520149,0.3432993
concrete3k::028_17.jpg,0.7166644,0.041540116,0.24179548
concrete3k::028_18.jpg,0.88822734,0.03566988,0.07610279
concrete3k::028_19.jpg,0.6730086,0.07112828,0.2558631
concrete3k::028_28.jpg,0.2619566,0.052189734,0.68585366
concrete3k::041_0.jpg,0.8281513,0.07078919,0.10105951
concrete3k::041_1.jpg,0.21785475,0.49472964,0.28741568
concrete3k::041_10.jpg,0.7424517,0.21752533,0.04002296
concrete3k::041_11.jpg,0.6233706,0.22244714,0.1541822
concrete3k::041_19.jpg,0.6408055,0.26610914,0.09308542
concrete3k::041_21.jpg,0.13048117,0.48253852,0.3869802
concrete3k::041_22.jpg,0.17782263,0.5069013,0.31527597
concrete3k::041_28.jpg,0.3129522,0.21819179,0.46885598
concrete3k::041_30.jpg,0.5207929,0.1568127,0.32239443
concrete3k::041_31.jpg,0.5488706,0.10550664,0.3456227
concrete3k::041_8.jpg,0.5457182,0.3646288,0.089652926
concrete3k::048_12.jpg,0.14575066,0.023783699,0.8304656
concrete3k::048_18.jpg,0.69246614,0.12612991,0.18140396
concrete3k::048_20.jpg,0.25963143,0.500388,0.23998056
concrete3k::048_21.jpg,0.7160426,0.18049657,0.10346079
concrete3k::048_25.jpg,0.52334946,0.3717238,0.104926795
concrete3k::048_26.jpg,0.5081819,0.37917474,0.11264334
concrete3k::048_27.jpg,0.06952406,0.79730743,0.13316855
concrete3k::048_29.jpg,0.44107363,0.46622637,0.09269996
concrete3k::048_5.jpg,0.28971583,0.29526725,0.4150169
concrete3k::048_6.jpg,0.16793399,0.16589822,0.66616786
concrete3k::050_11.jpg,0.56736636,0.07730047,0.3553332
concrete3k::050_20.jpg,0.3833666,0.35126355,0.26536983
concrete3k::050_27.jpg,0.35247633,0.4936895,0.15383428
concrete3k::050_28.jpg,0.46710017,0.43568859,0.097211264
concrete3k::050_35.jpg,0.5108517,0.38391474,0.10523354
concrete3k::050_38.jpg,0.5587823,0.37221724,0.06900051
concrete3k::050_43.jpg,0.4156776,0.5091007,0.07522168
concrete3k::050_45.jpg,0.31214207,0.5954614,0.092396505
concrete3k::050_47.jpg,0.610023,0.3182005,0.07177645
concrete3k::059_0.jpg,0.8379646,0.10208467,0.059950784
concrete3k::059_1.jpg,0.61052996,0.062793225,0.32667682
concrete3k::059_12.jpg,0.1471896,0.1042119,0.7485985
concrete3k::059_20.jpg,0.37181845,0.26155335,0.36662814
concrete3k::059_27.jpg,0.38405263,0.22986782,0.38607958
concrete3k::059_36.jpg,0.5019816,0.28116906,0.21684937
concrete3k::059_37.jpg,0.33830008,0.39417538,0.2675245
concrete3k::059_44.jpg,0.16977097,0.56009007,0.27013898
concrete3k::059_46.jpg,0.5991485,0.30475482,0.09609671
concrete3k::059_47.jpg,0.37761223,0.13135754,0.49103016
concrete3k::064_12.jpg,0.3577496,0.494699,0.14755137
concrete3k::064_21.jpg,0.34284598,0.39040232,0.2667517
concrete3k::064_28.jpg,0.4672659,0.2820774,0.2506566
concrete3k::064_29.jpg,0.40672764,0.21875525,0.37451708
concrete3k::064_36.jpg,0.5421346,0.2557478,0.20211756
concrete3k::064_4.jpg,0.31895897,0.052536614,0.6285044
concrete3k::064_46.jpg,0.42328906,0.092206515,0.48450443
concrete3k::064_5.jpg,0.42900997,0.42212936,0.14886072
concrete3k::070_21.jpg,0.41624486,0.32584906,0.25790605
concrete3k::070_26.jpg,0.1765262,0.28449076,0.53898305
concrete3k::070_27.jpg,0.5954889,0.2342536,0.17025752
concrete3k::070_28.jpg,0.2526368,0.6084254,0.13893785
concrete3k::070_33.jpg,0.27665788,0.15602453,0.5673176
concrete3k::070_35.jpg,0.48758644,0.2218095,0.29060403
concrete3k::070_40.jpg,0.66190696,0.11246003,0.22563304
concrete3k::070_41.jpg,0.5781345,0.375537,0.04632854
concrete3k::070_42.jpg,0.14689556,0.2273341,0.62577033
concrete3k::071_16.jpg,0.72467154,0.098478794,0.17684962
concrete3k::071_24.jpg,0.71303964,0.19227798,0.09468236
concrete3k::071_26.jpg,0.60519105,0.35075638,0.04405262
concrete3k::071_27.jpg,0.43892622,0.44979504,0.11127879
concrete3k::071_30.jpg,0.40047398,0.5220878,0.077438265
concrete3k::071_37.jpg,0.19418654,0.094505966,0.7113075
concrete3k::075_16.jpg,0.63914585,0.2731283,0.087725766
concrete3k::075_17.jpg,0.68813825,0.2497255,0.062136218
concrete3k::075_27.jpg,0.49553642,0.4015337,0.102929875
concrete3k::075_28.jpg,0.13465878,0.65067,0.21467127
concrete3k::075_37.jpg,0.56265557,0.37373406,0.06361039
concrete3k::075_39.jpg,0.6974161,0.10064528,0.20193863
concrete3k::075_46.jpg,0.47411758,0.3504041,0.17547828
concrete3k::075_47.jpg,0.66547745,0.23152106,0.10300147
concrete3k::079_21.jpg,0.53848916,0.14435066,0.31716022
concrete3k::079_22.jpg,0.5427786,0.12830351,0.32891783
concrete3k::079_23.jpg,0.0862276,0.80334514,0.11042721
concrete3k::079_24.jpg,0.7390593,0.22565459,0.035286106
concrete3k::079_28.jpg,0.51092803,0.16205484,0.32701704
concrete3k::079_30.jpg,0.35465226,0.40933713,0.23601067
concrete3k::079_31.jpg,0.6041115,0.28149003,0.11439847
concrete3k::083_26.jpg,0.832973,0.055497024,0.111529924
concrete3k::083_27.jpg,0.50813425,0.3818041,0.1100617
concrete3k::083_42.jpg,0.82709694,0.108256064,0.06464698
concrete3k::083_6.jpg,0.25813195,0.35605937,0.38580865
concrete3k::083_7.jpg,0.66085,0.23463863,0.10451142
concrete3k::092_36.jpg,0.3850288,0.3750456,0.23992561
concrete3k::102_14.jpg,0.50328344,0.20997202,0.28674445
concrete3k::102_15.jpg,0.51018995,0.34733614,0.14247389
concrete3k::102_26.jpg,0.39853013,0.24467714,0.3567927
concrete3k::102_32.jpg,0.8542075,0.09084135,0.054951124
concrete3k::102_33.jpg,0.7613995,0.17229362,0.066306844
concrete3k::102_40.jpg,0.15841253,0.5462681,0.29531932
concrete3k::102_41.jpg,0.311169,0.3189195,0.3699115
concrete3k::106_17.jpg,0.5241305,0.20795003,0.26791948
concrete3k::106_18.jpg,0.6004327,0.2729441,0.12662323
concrete3k::106_26.jpg,0.4202248,0.20101954,0.3787556
concrete3k::106_32.jpg,0.76194465,0.026974538,0.21108086
concrete3k::106_33.jpg,0.7776536,0.08971727,0.13262923
concrete3k::106_34.jpg,0.59417593,0.18731907,0.21850497
concrete3k::106_37.jpg,0.23522814,0.3666052,0.39816672
concrete3k::106_38.jpg,0.4502896,0.35193172,0.19777864
concrete3k::108_22.jpg,0.45280293,0.39350575,0.15369134
concrete3k::108_25.jpg,0.6041329,0.26313066,0.1327365
concrete3k::108_27.jpg,0.69778305,0.2063586,0.095858395
concrete3k::108_28.jpg,0.6788065,0.2104033,0.11079017
concrete3k::108_29.jpg,0.2420243,0.48754627,0.2704294
concrete3k::111_16.jpg,0.9310312,0.03156751,0.037401233
concrete3k::111_25.jpg,0.81036144,0.10900955,0.080629
concrete3k::111_26.jpg,0.88132906,0.069344044,0.049326934
concrete3k::111_29.jpg,0.92223924,0.050263193,0.027497472
concrete3k::111_36.jpg,0.8459588,0.04618036,0.10786085
concrete3k::119_17.jpg,0.8134198,0.059960097,0.12662017
concrete3k::119_28.jpg,0.83581066,0.038809568,0.12537973
concrete3k::119_36.jpg,0.81129104,0.065265216,0.12344374
concrete3k::119_38.jpg,0.83870983,0.026503332,0.13478686
concrete3k::119_39.jpg,0.73030436,0.05792216,0.21177354
concrete3k::119_46.jpg,0.8843358,0.046716567,0.06894756
concrete3k::119_47.jpg,0.46103284,0.08884875,0.45011836
concrete3k::122_19.jpg,0.4909047,0.20241068,0.30668458
concrete3k::122_20.jpg,0.29371455,0.2653414,0.44094408
concrete3k::122_26.jpg,0.45415282,0.123981945,0.42186522
concrete3k::122_4.jpg,0.50852764,0.03245421,0.45901814
concrete3k::122_41.jpg,0.7075184,0.036466114,0.25601545
concrete3k::125_10.jpg,0.7907255,0.11109063,0.098183826
concrete3k::125_19.jpg,0.8570652,0.07241301,0.07052181
concrete3k::125_27.jpg,0.5426551,0.22783223,0.2295126
concrete3k::125_28.jpg,0.74091274,0.14929402,0.1097932
concrete3k::125_37.jpg,0.76257825,0.1014751,0.13594668
concrete3k::130_18.jpg,0.8037013,0.069789946,0.12650886
concrete3k::130_19.jpg,0.1806659,0.4266959,0.39263824
concrete3k::130_20.jpg,0.6081671,0.1046406,0.2871923
concrete3k::130_21.jpg,0.36784896,0.28367952,0.3484715
concrete3k::130_22.jpg,0.60564905,0.21809998,0.1762509
concrete3k::130_26.jpg,0.60019547,0.1942727,0.20553191
concrete3k::130_28.jpg,0.72958285,0.13648391,0.13393323
concrete3k::130_29.jpg,0.59316957,0.18599993,0.22083054
concrete3k::131_19.jpg,0.70920557,0.100720234,0.19007418
concrete3k::131_21.jpg,0.84682775,0.093643256,0.05952898
concrete3k::131_22.jpg,0.86567795,0.078183115,0.056138985
concrete3k::131_27.jpg,0.71751875,0.15804386,0.1244374
concrete3k::131_32.jpg,0.92082226,0.045255806,0.033922
concrete3k::131_33.jpg,0.8309793,0.1280593,0.040961437
concrete3k::131_34.jpg,0.38475674,0.03264791,0.58259535
concrete3k::131_42.jpg,0.21909192,0.40792525,0.37298286
concrete3k::131_43.jpg,0.27706167,0.031237293,0.691701
concrete3k::136_0.jpg,0.62535304,0.29707435,0.0775727
concrete3k::136_20.jpg,0.32683593,0.47558144,0.19758256
concrete3k::136_21.jpg,0.16790085,0.6152554,0.21684378
concrete3k::136_45.jpg,0.12073283,0.5807846,0.2984826
concrete3k::136_47.jpg,0.65239143,0.17863983,0.16896883
concrete3k::137_16.jpg,0.071363516,0.8318009,0.09683559
concrete3k::137_18.jpg,0.22921747,0.6151988,0.1555838
concrete3k::137_25.jpg,0.40912867,0.46708065,0.12379062
concrete3k::137_29.jpg,0.3391413,0.45871925,0.2021395
concrete3k::137_39.jpg,0.5431217,0.41874593,0.038132403
concrete3k::140_14.jpg,0.8237043,0.020386867,0.15590884
concrete3k::140_18.jpg,0.7821855,0.028169513,0.18964493
concrete3k::140_19.jpg,0.18713582,0.3482909,0.46457326
concrete3k::140_22.jpg,0.63218766,0.089311056,0.2785013
concrete3k::140_23.jpg,0.10339859,0.5333386,0.3632628
concrete3k::140_3.jpg,0.7313736,0.02124615,0.24738027
concrete3k::140_6.jpg,0.81156784,0.007745482,0.18068667
concrete3k::167_13.jpg,0.44469717,0.3878616,0.16744123
concrete3k::167_14.jpg,0.6265995,0.121939726,0.25146076
concrete3k::167_19.jpg,0.32069632,0.0536344,0.62566924
concrete3k::167_21.jpg,0.55655366,0.1883877,0.25505862
concrete3k::167_27.jpg,0.5812567,0.18757896,0.23116438
concrete3k::167_34.jpg,0.27985644,0.16188674,0.5582568
concrete3k::167_43.jpg,0.4062978,0.104532376,0.4891699
concrete3k::167_5.jpg,0.26070428,0.21387838,0.5254174
concrete3k::168_12.jpg,0.7174046,0.15962392,0.122971386
concrete3k::174_18.jpg,0.6016102,0.2591548,0.13923506
concrete3k::174_19.jpg,0.32550687,0.39277238,0.28172067
concrete3k::174_29.jpg,0.52484065,0.230027,0.24513236
concrete3k::174_30.jpg,0.54992616,0.3496296,0.10044417
concrete3k::174_38.jpg,0.7012567,0.07354132,0.22520195
concrete3k::174_39.jpg,0.81156063,0.08913885,0.09930051
concrete3k::180_16.jpg,0.5680721,0.120229706,0.31169826
concrete3k::180_17.jpg,0.7720683,0.14870085,0.07923084
concrete3k::180_25.jpg,0.2207611,0.5694306,0.20980829
concrete3k::180_26.jpg,0.76787615,0.18333423,0.04878954
concrete3k::180_28.jpg,0.5911876,0.061495714,0.3473167
concrete3k::180_29.jpg,0.72630453,0.20196556,0.07172991
concrete3k::180_30.jpg,0.72162724,0.24095146,0.03742123
concrete3k::180_35.jpg,0.71412134,0.14964068,0.13623795
concrete3k::180_36.jpg,0.8210116,0.11716852,0.061819904
concrete3k::183_25.jpg,0.70843077,0.10271642,0.1888528
concrete3k::183_27.jpg,0.36913407,0.3916314,0.23923458
concrete3k::183_28.jpg,0.36224693,0.45989728,0.17785583
concrete3k::183_30.jpg,0.49369043,0.30831444,0.19799513
concrete3k::183_33.jpg,0.42974252,0.37320006,0.19705744
concrete3k::183_38.jpg,0.40533534,0.20080644,0.39385825
concrete3k::191_10.jpg,0.49610502,0.29827723,0.20561785
concrete3k::191_18.jpg,0.3436224,0.43062276,0.22575481
concrete3k::191_2.jpg,0.3153172,0.3589785,0.32570425
concrete3k::191_20.jpg,0.42729163,0.31380954,0.25889888
concrete3k::191_28.jpg,0.35780284,0.47754332,0.16465382
concrete3k::191_29.jpg,0.45637858,0.391096,0.15252545
concrete3k::191_46.jpg,0.61837596,0.16104595,0.22057813
concrete3k::191_47.jpg,0.55558074,0.24271956,0.2016997
concrete3k::193_20.jpg,0.46233928,0.2900382,0.2476225
concrete3k::193_24.jpg,0.8018699,0.048083376,0.15004675
concrete3k::193_25.jpg,0.5595472,0.29880112,0.14165173
concrete3k::193_26.jpg,0.35113272,0.40234935,0.24651799
concrete3k::193_27.jpg,0.2682458,0.44755226,0.28420204
concrete3k::193_29.jpg,0.4312603,0.2330958,0.33564392
concrete3k::193_31.jpg,0.53949136,0.2671312,0.19337747
concrete3k::198_14.jpg,0.36667427,0.41081724,0.22250846
concrete3k::198_15.jpg,0.7395003,0.10708943,0.15341024
concrete3k::198_20.jpg,0.33210135,0.35771084,0.31018782
concrete3k::198_22.jpg,0.56754637,0.17511812,0.25733545
concrete3k::198_24.jpg,0.8058792,0.07125348,0.122867376
concrete3k::198_25.jpg,0.58096063,0.22676918,0.19227014
concrete3k::198_26.jpg,0.11551622,0.5224446,0.3620392
concrete3k::198_27.jpg,0.117550075,0.39036277,0.49208716
concrete3k::198_28.jpg,0.250925,0.42866302,0.32041192
concrete3k::198_32.jpg,0.51867974,0.28698212,0.19433813
concrete3k::216_17.jpg,0.3481458,0.52031827,0.13153584
concrete3k::216_18.jpg,0.46172994,0.2942068,0.24406333
concrete3k::216_19.jpg,0.22462396,0.40575355,0.3696225
concrete3k::216_20.jpg,0.3478542,0.3045947,0.3475512
concrete3k::216_21.jpg,0.27329218,0.41356987,0.3131379
concrete3k::216_24.jpg,0.5808427,0.19986601,0.21929127
concrete3k::216_28.jpg,0.2395805,0.58636284,0.17405666
concrete3k::217_16.jpg,0.6834654,0.215561,0.10097355
concrete3k::217_17.jpg,0.75912696,0.14483331,0.09603968
concrete3k::217_20.jpg,0.55526644,0.36336875,0.081364825
concrete3k::217_22.jpg,0.6130893,0.22692184,0.1599889
concrete3k::217_23.jpg,0.6857158,0.20822836,0.1060559
concrete3k::217_25.jpg,0.72198147,0.11425974,0.16375881
concrete3k::217_26.jpg,0.48000997,0.30751726,0.21247283
concrete3k::217_29.jpg,0.21177109,0.39599973,0.39222914
concrete3k::225_10.jpg,0.68201023,0.037274696,0.28071508
concrete3k::225_20.jpg,0.43037036,0.27632844,0.29330117
concrete3k::225_22.jpg,0.1075226,0.10062876,0.7918486
concrete3k::225_31.jpg,0.6696695,0.12514211,0.20518838
concrete3k::225_9.jpg,0.67904556,0.10522703,0.2157274
concrete3k::226_21.jpg,0.7598426,0.18077686,0.059380524
concrete3k::226_24.jpg,0.87010354,0.058158603,0.07173785
concrete3k::226_26.jpg,0.81432724,0.14133325,0.044339463
concrete3k::226_31.jpg,0.47334367,0.1041391,0.4225172
concrete3k::226_39.jpg,0.8760416,0.0948154,0.029142935
concrete3k::232_0.jpg,0.22257467,0.19621824,0.58120716
concrete3k::232_13.jpg,0.31123716,0.18137838,0.5073844
concrete3k::232_18.jpg,0.22574183,0.49696082,0.27729735
concrete3k::232_30.jpg,0.43814516,0.35265613,0.20919874
concrete3k::232_36.jpg,0.15291403,0.27362156,0.57346433
concrete3k::232_38.jpg,0.4731933,0.33983803,0.18696865
concrete3k::232_39.jpg,0.44968098,0.318714,0.231605
concrete3k::232_44.jpg,0.18348385,0.035022188,0.78149396
concrete3k::232_45.jpg,0.16920829,0.23307407,0.5977176
concrete3k::237_16.jpg,0.5328741,0.3758284,0.09129745
concrete3k::237_18.jpg,0.39524612,0.46542743,0.1393265
concrete3k::237_24.jpg,0.14122708,0.26911974,0.58965313
concrete3k::237_8.jpg,0.3170681,0.343455,0.33947688
concrete3k::243_16.jpg,0.6290172,0.12522013,0.24576272
concrete3k::243_18.jpg,0.72220427,0.08568931,0.19210632
concrete3k::243_19.jpg,0.6467365,0.25337827,0.09988523
concrete3k::243_29.jpg,0.507433,0.30805656,0.18451054
concrete3k::243_37.jpg,0.71167713,0.116480224,0.17184262
concrete3k::243_47.jpg,0.8426169,0.09423681,0.06314632
concrete3k::244_10.jpg,0.5920425,0.20102865,0.20692891
concrete3k::244_18.jpg,0.58934903,0.063804,0.3468469
concrete3k::244_19.jpg,0.6476008,0.22662857,0.12577058
concrete3k::244_29.jpg,0.6167666,0.1436091,0.23962434
concrete3k::244_38.jpg,0.51410526,0.13872686,0.34716797
concrete3k::244_8.jpg,0.62527287,0.14806306,0.22666407
concrete3k::244_9.jpg,0.7157655,0.19617325,0.08806131
concrete3k::248_0.jpg,0.7166764,0.21597496,0.06734864
concrete3k::248_1.jpg,0.6927121,0.0641805,0.24310745
concrete3k::248_19.jpg,0.5750399,0.25726038,0.16769966
concrete3k::248_37.jpg,0.5441503,0.20850086,0.2473489
concrete3k::248_45.jpg,0.77567095,0.08428983,0.14003924
concrete3k::248_47.jpg,0.71557975,0.22961745,0.05480287
concrete3k::248_9.jpg,0.7003473,0.24184534,0.057807326
concrete3k::250_21.jpg,0.24424367,0.08696816,0.6687882
concrete3k::250_26.jpg,0.67295873,0.25895426,0.06808704
concrete3k::250_29.jpg,0.8751484,0.105439566,0.01941196
concrete3k::252_17.jpg,0.2726611,0.34108877,0.38625014
concrete3k::252_25.jpg,0.5304362,0.35166845,0.11789536
concrete3k::252_36.jpg,0.5314109,0.22544424,0.24314485
concrete3k::252_37.jpg,0.57747626,0.3449868,0.07753698
concrete3k::252_38.jpg,0.7385224,0.19816011,0.06331745
concrete3k::255_17.jpg,0.539083,0.34450185,0.11641503
concrete3k::255_18.jpg,0.69474,0.19385721,0.11140287
concrete3k::255_19.jpg,0.43872067,0.13684882,0.42443052
concrete3k::255_21.jpg,0.4301986,0.09504576,0.47475561
concrete3k::255_22.jpg,0.4550759,0.39319378,0.15173033
concrete3k::255_23.jpg,0.41074747,0.43955567,0.14969687
concrete3k::255_28.jpg,0.44793296,0.43105623,0.1210108
concrete3k::256_27.jpg,0.67997134,0.079024404,0.24100429
concrete3k::256_35.jpg,0.6783448,0.18123783,0.14041731
concrete3k::256_36.jpg,0.17297143,0.18670526,0.6403233
concrete3k::256_4.jpg,0.71704984,0.08407769,0.19887257
concrete3k::256_41.jpg,0.24416465,0.3164244,0.43941095
concrete3k::256_43.jpg,0.6469396,0.11973979,0.23332062
concrete3k::262_14.jpg,0.61011434,0.043260343,0.3466253
concrete3k::262_15.jpg,0.28501427,0.49561027,0.21937546
concrete3k::262_22.jpg,0.61618596,0.1151772,0.2686368
concrete3k::262_23.jpg,0.6680892,0.024897287,0.30701348
concrete3k::262_29.jpg,0.6981842,0.13165583,0.17015989
concrete3k::262_33.jpg,0.79942656,0.018416313,0.18215714
concrete3k::262_40.jpg,0.81910354,0.06593161,0.11496488
concrete3k::268_1.jpg,0.6691769,0.077381074,0.25344205
concrete3k::268_18.jpg,0.515339,0.35096905,0.13369183
concrete3k::268_27.jpg,0.53894514,0.35660696,0.104447946
concrete3k::268_29.jpg,0.29125404,0.17687117,0.5318748
concrete3k::268_37.jpg,0.5415982,0.31532508,0.1430767
concrete3k::268_39.jpg,0.8542797,0.078915805,0.066804565
concrete3k::268_47.jpg,0.7987511,0.11282606,0.08842277
concrete3k::268_8.jpg,0.4825815,0.26947707,0.24794152
concrete3k::268_9.jpg,0.75750166,0.2074849,0.035013445
concrete3k::271_0.jpg,0.59754014,0.07840561,0.3240543
concrete3k::271_11.jpg,0.5979918,0.09191873,0.31008944
concrete3k::271_19.jpg,0.33832645,0.37468332,0.28699028
concrete3k::271_20.jpg,0.64327556,0.19474708,0.16197732
concrete3k::271_38.jpg,0.74081796,0.18474145,0.07444054
concrete3k::271_39.jpg,0.5090222,0.07856583,0.41241193
concrete3k::271_46.jpg,0.6546725,0.047111284,0.29821616
concrete3k::271_8.jpg,0.81286097,0.11785259,0.06928648
concrete3k::271_9.jpg,0.5115746,0.32002202,0.16840346
concrete3k::272_16.jpg,0.7901761,0.16764374,0.042180218
concrete3k::272_17.jpg,0.71329725,0.08353629,0.20316644
concrete3k::272_28.jpg,0.1051741,0.25327736,0.6415486
concrete3k::272_29.jpg,0.082989074,0.4028087,0.51420224
concrete3k::272_30.jpg,0.20999964,0.39426473,0.39573565
concrete3k::272_38.jpg,0.321875,0.2932055,0.3849195
concrete3k::272_8.jpg,0.21038918,0.24113332,0.54847753
concrete3k::272_9.jpg,0.8550603,0.072649196,0.07229057
concrete3k::278_19.jpg,0.48886976,0.38980418,0.12132607
concrete3k::278_20.jpg,0.29920772,0.39872694,0.30206537
concrete3k::278_22.jpg,0.28852832,0.3135807,0.39789104
concrete3k::278_25.jpg,0.7319371,0.038461365,0.22960162
concrete3k::278_27.jpg,0.70935893,0.104032636,0.18660846
concrete3k::284_0.jpg,0.12602746,0.7973764,0.07659614
concrete3k::284_10.jpg,0.71870667,0.06477316,0.21652013
concrete3k::284_36.jpg,0.5109823,0.19105934,0.29795837
concrete3k::284_37.jpg,0.8769499,0.081327535,0.041722573
concrete3k::284_38.jpg,0.29559594,0.026671762,0.6777323
concrete3k::284_39.jpg,0.15248728,0.05506184,0.7924509
concrete3k::284_42.jpg,0.8122669,0.0874797,0.10025349
concrete3k::284_47.jpg,0.24970493,0.22648948,0.52380556
concrete3k::284_8.jpg,0.83090174,0.1018874,0.067210786
concrete3k::284_9.jpg,0.723939,0.15588336,0.12017759
concrete3k::306_12.jpg,0.86798877,0.012376686,0.11963455
concrete3k::306_13.jpg,0.84164107,0.032980233,0.12537867
concrete3k::306_14.jpg,0.8918455,0.026908444,0.0812461
concrete3k::306_15.jpg,0.59495145,0.13864996,0.2663986
concrete3k::357_18.jpg,0.7344565,0.09904554,0.166498
concrete3k::357_22.jpg,0.4651551,0.19800842,0.3368365
concrete3k::357_23.jpg,0.76678807,0.13409571,0.09911616
concrete3k::357_42.jpg,0.21973829,0.5988505,0.18141122
concrete3k::368_21.jpg,0.23565353,0.51177937,0.25256705
concrete3k::368_23.jpg,0.14451444,0.34404245,0.5114432
concrete3k::368_26.jpg,0.08410551,0.41108462,0.5048099
concrete3k::368_27.jpg,0.20956911,0.48477817,0.3056527
concrete3k::368_29.jpg,0.36680657,0.22438942,0.408804
concrete3k::368_37.jpg,0.44722122,0.13957751,0.41320124
concrete3k::368_43.jpg,0.20751493,0.5537112,0.23877391
concrete3k::372_10.jpg,0.4064449,0.12523232,0.46832284
concrete3k::372_11.jpg,0.48867753,0.23613018,0.27519232
concrete3k::372_15.jpg,0.29565886,0.5365195,0.16782165
concrete3k::372_38.jpg,0.34683105,0.3956585,0.25751045
concrete3k::372_43.jpg,0.30006793,0.5894227,0.11050936
concrete3k::372_8.jpg,0.27360356,0.4410673,0.2853291
concrete3k::372_9.jpg,0.4936293,0.13979255,0.3665782
concrete3k::377_20.jpg,0.5693911,0.35155705,0.07905187
concrete3k::377_21.jpg,0.48711836,0.30196646,0.21091518
concrete3k::377_22.jpg,0.57642275,0.3183284,0.10524883
concrete3k::377_29.jpg,0.33384982,0.041636363,0.6245138
concrete3k::377_34.jpg,0.3648961,0.056023724,0.57908016
concrete3k::383_0.jpg,0.5591022,0.14624746,0.29465035
concrete3k::383_12.jpg,0.21105894,0.5008392,0.2881019
concrete3k::383_13.jpg,0.43073443,0.29147637,0.2777892
concrete3k::383_14.jpg,0.24129274,0.15574503,0.60296226
concrete3k::383_19.jpg,0.2996625,0.53655314,0.16378431
concrete3k::383_33.jpg,0.39096582,0.31492147,0.29411265
concrete3k::383_39.jpg,0.552383,0.2848772,0.16273972
concrete3k::383_46.jpg,0.7951494,0.11674489,0.08810569
concrete3k::383_6.jpg,0.3034412,0.022164287,0.67439455
concrete3k::407_15.jpg,0.58038014,0.16235277,0.25726712
concrete3k::407_20.jpg,0.37076777,0.11166554,0.5175667
concrete3k::407_21.jpg,0.42789847,0.28265816,0.28944337
concrete3k::407_26.jpg,0.5963602,0.29107526,0.11256458
concrete3k::407_32.jpg,0.48834854,0.31631163,0.19533984
concrete3k::407_38.jpg,0.49781305,0.33179793,0.17038907
concrete3k::407_44.jpg,0.8040386,0.122574806,0.07338659
concrete3k::413_14.jpg,0.268009,0.4730982,0.2588928
concrete3k::413_20.jpg,0.18349943,0.6028431,0.2136575
concrete3k::413_3.jpg,0.7129444,0.21770832,0.06934728
concrete3k::413_8.jpg,0.5665632,0.36274612,0.07069069
concrete3k::415_14.jpg,0.6381646,0.28676164,0.075073764
concrete3k::415_19.jpg,0.34095564,0.06700214,0.59204227
concrete3k::415_3.jpg,0.684678,0.14830466,0.1670173
concrete3k::415_32.jpg,0.66831577,0.19396786,0.13771635
concrete3k::415_44.jpg,0.7244961,0.2057477,0.06975624
concrete3k::415_8.jpg,0.19176045,0.052849,0.7553906
concrete3k::418_20.jpg,0.26500157,0.38845968,0.34653878
concrete3k::418_32.jpg,0.3630624,0.18293296,0.45400468
concrete3k::418_44.jpg,0.36444014,0.41812563,0.21743417
concrete3k::418_8.jpg,0.44266883,0.32280198,0.23452921
concrete3k::423_16.jpg,0.18237309,0.531883,0.28574392
concrete3k::423_32.jpg,0.16873343,0.19823217,0.6330344
concrete3k::423_38.jpg,0.324784,0.48631287,0.18890317
concrete3k::423_39.jpg,0.28333333,0.38469264,0.33197403
concrete3k::423_4.jpg,0.41400075,0.23090546,0.3550938
concrete3k::423_44.jpg,0.2979405,0.50722665,0.19483279
concrete3k::424_15.jpg,0.15611213,0.64463496,0.19925283
concrete3k::424_26.jpg,0.2665899,0.31827462,0.41513544
concrete3k::424_27.jpg,0.22692367,0.15103933,0.622037
concrete3k::424_3.jpg,0.43480113,0.38663185,0.17856695
concrete3k::424_37.jpg,0.22873016,0.43650907,0.33476081
concrete3k::424_9.jpg,0.3161783,0.51987195,0.16394979
concrete3k::425_0.jpg,0.3433446,0.019546296,0.63710904
concrete3k::425_14.jpg,0.48284104,0.40583262,0.11132631
concrete3k::425_26.jpg,0.46673626,0.19478843,0.33847526
concrete3k::425_27.jpg,0.18051222,0.18591157,0.6335762
concrete3k::425_46.jpg,0.6439109,0.23187694,0.12421221
concrete3k::425_8.jpg,0.5425005,0.20093462,0.2565649
concrete3k::425_9.jpg,0.525307,0.09555578,0.37913722
concrete3k::430_14.jpg,0.3359901,0.37083203,0.29317793
concrete3k::430_2.jpg,0.61490536,0.28417882,0.10091585
concrete3k::430_20.jpg,0.33508155,0.3778999,0.28701857
concrete3k::430_33.jpg,0.46435878,0.26566303,0.26997814
concrete3k::430_38.jpg,0.32923397,0.3716666,0.29909948
concrete3k::430_44.jpg,0.46698356,0.3089416,0.22407486
concrete3k::430_8.jpg,0.55991775,0.23733735,0.20274492
concrete3k::441_14.jpg,0.19500792,0.44000798,0.36498415
concrete3k::441_19.jpg,0.3976201,0.21660085,0.38577908
concrete3k::441_20.jpg,0.28136358,0.43137988,0.28725663
concrete3k::441_24.jpg,0.6974997,0.093799174,0.20870107
concrete3k::441_33.jpg,0.16576836,0.55124897,0.28298268
concrete3k::441_46.jpg,0.6216575,0.13232389,0.24601857
concrete3k::445_10.jpg,0.2196752,0.6913519,0.08897284
concrete3k::445_16.jpg,0.7559424,0.119569585,0.12448805
concrete3k::445_22.jpg,0.5862189,0.29635078,0.11743031
concrete3k::445_33.jpg,0.61445785,0.13478568,0.25075647
concrete3k::445_38.jpg,0.71774733,0.10066743,0.1815852
concrete3k::445_43.jpg,0.8465748,0.06377393,0.08965133
concrete3k::445_5.jpg,0.88532925,0.022415191,0.09225557
concrete3k::447_18.jpg,0.4031463,0.018999998,0.57785374
concrete3k::447_28.jpg,0.65676206,0.051125515,0.29211235
concrete3k::447_35.jpg,0.7248898,0.19541591,0.079694375
concrete3k::463_2.jpg,0.8315793,0.066404626,0.102016054
concrete3k::463_21.jpg,0.34754953,0.46892056,0.18352991
concrete3k::463_33.jpg,0.44029593,0.41348645,0.14621766
concrete3k::463_38.jpg,0.63785523,0.29812476,0.06401993
concrete3k::463_43.jpg,0.6358634,0.22342779,0.1407088
concrete3k::463_44.jpg,0.4467659,0.3396109,0.21362315
concrete3k::463_8.jpg,0.77274495,0.0686272,0.15862784
concrete3k::470_15.jpg,0.28617114,0.33678773,0.37704113
concrete3k::470_19.jpg,0.31000483,0.09091074,0.5990844
concrete3k::470_20.jpg,0.22238302,0.37281674,0.40480027
concrete3k::470_24.jpg,0.6712097,0.07512668,0.25366363
concrete3k::470_25.jpg,0.19785507,0.17914063,0.6230043
concrete3k::470_27.jpg,0.29900578,0.2628011,0.43819314
concrete3k::470_28.jpg,0.19829112,0.093852796,0.7078561
concrete3k::470_32.jpg,0.3209109,0.2686614,0.41042772
concrete3k::470_33.jpg,0.3398432,0.40070796,0.25944886
concrete3k::470_38.jpg,0.42584664,0.102354914,0.47179854
concrete3k::470_4.jpg,0.6110652,0.18103215,0.2079026
concrete3k::470_44.jpg,0.29431906,0.3557929,0.349888
concrete3k::470_45.jpg,0.5617867,0.046658244,0.39155507
concrete3k::470_5.jpg,0.5838079,0.1982864,0.21790573
concrete3k::470_9.jpg,0.36646768,0.25631475,0.37721756
concrete3k::471_21.jpg,0.5208339,0.23771095,0.24145514
concrete3k::471_26.jpg,0.8521332,0.099642664,0.048224162
concrete3k::471_27.jpg,0.49714065,0.38479286,0.11806652
concrete3k::471_28.jpg,0.16398998,0.15734316,0.67866683
concrete3k::471_31.jpg,0.60907483,0.22802718,0.16289799
concrete3k::471_32.jpg,0.7379038,0.15311253,0.10898368
concrete3k::471_37.jpg,0.6676651,0.19143783,0.14089708
concrete3k::472_2.jpg,0.3152542,0.098056205,0.5866896
concrete3k::472_20.jpg,0.2941625,0.26350424,0.44233328
concrete3k::472_26.jpg,0.24958809,0.3772392,0.37317273
concrete3k::472_32.jpg,0.22041906,0.29524043,0.4843405
concrete3k::472_42.jpg,0.4283202,0.36174947,0.20993032
concrete3k::472_9.jpg,0.5692779,0.22814831,0.20257382
concrete3k::476_26.jpg,0.24909103,0.38839975,0.36250928
concrete3k::476_27.jpg,0.51134807,0.2774437,0.21120818
concrete3k::476_3.jpg,0.4828167,0.42102668,0.09615666
concrete3k::476_33.jpg,0.25455785,0.32999295,0.41544914
concrete3k::476_39.jpg,0.32737502,0.42299345,0.24963158
concrete3k::476_45.jpg,0.3308912,0.3679259,0.30118287
concrete3k::476_7.jpg,0.3880382,0.10093009,0.5110317
concrete3k::476_9.jpg,0.36399895,0.3094777,0.3265233
concrete3k::483_15.jpg,0.4758724,0.34406236,0.18006521
concrete3k::483_32.jpg,0.656135,0.19425109,0.14961393
concrete3k::483_37.jpg,0.67566866,0.1371972,0.18713419
concrete3k::483_5.jpg,0.5368867,0.28399196,0.17912129
concrete3k::488_20.jpg,0.73767287,0.1539366,0.10839049
concrete3k::488_21.jpg,0.5976535,0.24787545,0.15447105
concrete3k::488_23.jpg,0.6351719,0.10445324,0.2603749
concrete3k::488_27.jpg,0.5475521,0.23209794,0.22034992
concrete3k::488_29.jpg,0.6341241,0.108046204,0.2578297
concrete3k::488_38.jpg,0.56036705,0.30373988,0.1358931
concrete3k::488_43.jpg,0.5807433,0.26716736,0.15208928
concrete3k::488_44.jpg,0.58124554,0.128344,0.2904105
concrete3k::488_9.jpg,0.5544526,0.2869156,0.15863186
concrete3k::497_11.jpg,0.2879539,0.31533605,0.3967101
concrete3k::497_12.jpg,0.5216317,0.18069166,0.29767662
concrete3k::497_18.jpg,0.57852805,0.3181932,0.103278786
concrete3k::497_22.jpg,0.4787876,0.3084547,0.21275766
concrete3k::497_25.jpg,0.62442404,0.21130855,0.16426736
concrete3k::497_31.jpg,0.5765674,0.2650887,0.15834388
concrete3k::497_39.jpg,0.5457681,0.15742321,0.2968087
concrete3k::500_16.jpg,0.66529804,0.1943337,0.14036824
concrete3k::500_17.jpg,0.5362384,0.34143582,0.12232576
concrete3k::500_19.jpg,0.5933931,0.30328637,0.10332062
concrete3k::500_20.jpg,0.57237965,0.18999977,0.23762059
concrete3k::500_28.jpg,0.44533765,0.2626818,0.2919806
concrete3k::500_37.jpg,0.5639793,0.20859063,0.22742994
concrete3k::500_38.jpg,0.6329916,0.12059144,0.24641697
concrete3k::508_11.jpg,0.36824453,0.32891428,0.30284122
concrete3k::508_20.jpg,0.46798664,0.39244708,0.13956626
concrete3k::508_46.jpg,0.77483106,0.1256533,0.09951566
concrete3k::508_47.jpg,0.78901017,0.12353703,0.087452814
concrete3k::508_8.jpg,0.5255029,0.32438564,0.15011147
concrete3k::508_9.jpg,0.25324076,0.5989177,0.14784154
concrete3k::509_17.jpg,0.37572145,0.30224448,0.32203403
concrete3k::509_19.jpg,0.65949315,0.19386962,0.14663725
concrete3k::509_21.jpg,0.3258653,0.1852421,0.48889256
concrete3k::509_27.jpg,0.70039225,0.11674445,0.18286327
concrete3k::509_28.jpg,0.4968771,0.23724002,0.26588288
concrete3k::509_29.jpg,0.34640732,0.2817582,0.3718345
concrete3k::509_9.jpg,0.3305512,0.36668682,0.302762
concrete3k::514_16.jpg,0.2422082,0.54708314,0.21070863
concrete3k::514_18.jpg,0.10808917,0.52250326,0.36940756
concrete3k::514_19.jpg,0.098707914,0.38353428,0.5177578
concrete3k::514_21.jpg,0.12696548,0.48670614,0.38632837
concrete3k::514_23.jpg,0.59717596,0.29824907,0.10457495
concrete3k::515_13.jpg,0.13641182,0.473895,0.38969317
concrete3k::515_14.jpg,0.12473083,0.5419469,0.33332232
concrete3k::515_15.jpg,0.25871098,0.4009448,0.34034422
concrete3k::515_20.jpg,0.12196011,0.63259953,0.24544041
concrete3k::515_33.jpg,0.43899384,0.36756498,0.1934412
concrete3k::515_40.jpg,0.40568337,0.33936006,0.25495657
concrete3k::515_41.jpg,0.45548236,0.40703842,0.13747919
concrete3k::515_6.jpg,0.17845385,0.71283937,0.10870675
concrete3k::521_16.jpg,0.8294321,0.10919153,0.06137635
concrete3k::521_17.jpg,0.6723564,0.20147723,0.12616637
concrete3k::521_27.jpg,0.56020415,0.23136383,0.208432
concrete3k::521_37.jpg,0.4945733,0.23361453,0.27181217
concrete3k::521_38.jpg,0.4405093,0.3655568,0.19393387
concrete3k::521_44.jpg,0.22197822,0.033224534,0.7447972
concrete3k::521_45.jpg,0.6507769,0.15454064,0.19468245
concrete3k::528_20.jpg,0.30858684,0.5942511,0.09716208
concrete3k::528_21.jpg,0.27192998,0.5504385,0.17763148
concrete3k::528_27.jpg,0.24219109,0.36570933,0.39209962
concrete3k::528_33.jpg,0.43102038,0.45327476,0.11570484
concrete3k::528_34.jpg,0.41864896,0.14265482,0.43869627
concrete3k::528_39.jpg,0.49195313,0.26413235,0.24391448
concrete3k::528_45.jpg,0.43896595,0.49500254,0.06603157
concrete3k::528_8.jpg,0.5628874,0.2950796,0.14203297
concrete3k::529_15.jpg,0.19147925,0.56471366,0.24380709
concrete3k::529_2.jpg,0.4653628,0.35318136,0.1814559
concrete3k::529_27.jpg,0.3379856,0.45068198,0.21133237
concrete3k::529_3.jpg,0.3179877,0.519502,0.16251035
concrete3k::529_38.jpg,0.3596891,0.2320005,0.40831044
concrete3k::529_39.jpg,0.30979547,0.5216201,0.1685844
concrete3k::529_44.jpg,0.43253326,0.31590456,0.2515622
concrete3k::529_8.jpg,0.32638744,0.40818956,0.26542303
concrete3k::529_9.jpg,0.36805373,0.35680455,0.27514175
concrete3k::536_14.jpg,0.32780355,0.5609872,0.111209296
concrete3k::536_15.jpg,0.6414772,0.3046168,0.053905956
concrete3k::536_27.jpg,0.18681581,0.37720478,0.4359794
concrete3k::536_3.jpg,0.672799,0.26398042,0.06322055
concrete3k::536_9.jpg,0.11804183,0.5611205,0.32083768
concrete3k::543_15.jpg,0.7466482,0.19386631,0.059485476
concrete3k::543_21.jpg,0.58874726,0.27003905,0.14121373
concrete3k::543_3.jpg,0.7201371,0.1213934,0.1584695
concrete3k::543_31.jpg,0.29881704,0.27712813,0.4240548
concrete3k::543_37.jpg,0.58884555,0.2546947,0.15645966
concrete3k::543_43.jpg,0.4522225,0.262233,0.2855445
concrete3k::552_12.jpg,0.38140014,0.15698665,0.46161327
concrete3k::552_24.jpg,0.35677323,0.49580547,0.14742135
concrete3k::552_25.jpg,0.27370933,0.44683316,0.27945754
concrete3k::552_27.jpg,0.17641738,0.43084544,0.39273718
concrete3k::552_29.jpg,0.2555857,0.13028266,0.6141316
concrete3k::552_30.jpg,0.34368044,0.26973736,0.3865822
concrete3k::552_32.jpg,0.26229417,0.3667686,0.37093726
concrete3k::552_33.jpg,0.1822399,0.27769402,0.5400661
concrete3k::552_34.jpg,0.2296055,0.26330757,0.507087
concrete3k::552_35.jpg,0.20905292,0.54972816,0.24121884
concrete3k::552_36.jpg,0.295871,0.21877338,0.48535568
concrete3k::552_37.jpg,0.39607126,0.3390357,0.264893
concrete3k::552_38.jpg,0.17488961,0.124354556,0.70075583
concrete3k::556_1.jpg,0.4238477,0.37392962,0.20222272
concrete3k::556_20.jpg,0.36178908,0.35971728,0.27849364
concrete3k::556_21.jpg,0.590577,0.17812197,0.231301
concrete3k::556_38.jpg,0.24637733,0.38159198,0.37203068
concrete3k::556_39.jpg,0.35674152,0.48354477,0.15971375
concrete3k::556_8.jpg,0.52778304,0.4009137,0.07130336
concrete3k::556_9.jpg,0.34287488,0.47517955,0.18194553
concrete3k::560_12.jpg,0.2896733,0.14703149,0.5632952
concrete3k::560_13.jpg,0.547629,0.10503315,0.34733784
concrete3k::560_14.jpg,0.34384865,0.5726101,0.08354125
concrete3k::560_2.jpg,0.7646408,0.17216738,0.06319185
concrete3k::560_20.jpg,0.3672708,0.31417957,0.31854966
concrete3k::560_43.jpg,0.34782213,0.47436485,0.17781308
concrete3k::560_8.jpg,0.4380117,0.45996672,0.10202164
concrete3k::568_28.jpg,0.7740512,0.16144645,0.06450236
concrete3k::568_29.jpg,0.67052853,0.24678813,0.082683384
concrete3k::568_30.jpg,0.4128118,0.23898594,0.34820232
concrete3k::568_32.jpg,0.27457997,0.47892824,0.24649183
concrete3k::568_36.jpg,0.750684,0.17684501,0.07247095
concrete3k::568_37.jpg,0.6773033,0.20756736,0.11512936
concrete3k::568_40.jpg,0.29469442,0.21561107,0.4896945
concrete3k::568_42.jpg,0.24107835,0.4429554,0.31596628
concrete3k::568_46.jpg,0.2724985,0.23838294,0.4891186
concrete3k::575_19.jpg,0.37579438,0.4454656,0.17874002
concrete3k::575_21.jpg,0.23458304,0.41843882,0.34697816
concrete3k::575_23.jpg,0.24365503,0.41508168,0.3412633
concrete3k::575_29.jpg,0.50901604,0.35839218,0.1325918
concrete3k::578_25.jpg,0.25422642,0.37119535,0.37457818
concrete3k::578_26.jpg,0.31655326,0.394141,0.28930572
concrete3k::578_27.jpg,0.18945149,0.36440837,0.44614014
concrete3k::578_29.jpg,0.35054258,0.42891836,0.2205391
concrete3k::578_32.jpg,0.22700907,0.25786766,0.51512325
concrete3k::578_33.jpg,0.15935232,0.7137961,0.12685154
concrete3k::582_18.jpg,0.41324267,0.26354653,0.32321075
concrete3k::582_20.jpg,0.1343689,0.69250804,0.17312314
concrete3k::582_25.jpg,0.23394516,0.21430369,0.5517512
concrete3k::582_26.jpg,0.29084918,0.32272923,0.38642156
concrete3k::582_34.jpg,0.30110145,0.16707854,0.53181994
concrete3k::588_0.jpg,0.69156116,0.20261766,0.10582116
concrete3k::588_1.jpg,0.35777867,0.3795514,0.2626699
concrete3k::588_13.jpg,0.30059403,0.24416299,0.455243
concrete3k::588_14.jpg,0.31429863,0.48680228,0.19889916
concrete3k::588_39.jpg,0.17503433,0.34955546,0.47541025
concrete3k::588_45.jpg,0.17981182,0.4590916,0.36109662
concrete3k::588_6.jpg,0.37723714,0.14988476,0.4728781
concrete3k::588_8.jpg,0.37259406,0.34113863,0.28626728
concrete3k::602_14.jpg,0.19111957,0.3670195,0.44186094
concrete3k::602_20.jpg,0.22400415,0.33022335,0.44577247
concrete3k::602_3.jpg,0.2697948,0.5630275,0.16717772
concrete3k::602_32.jpg,0.21631877,0.46338245,0.32029876
concrete3k::602_44.jpg,0.30609962,0.5622644,0.131636
concrete3k::608_10.jpg,0.871546,0.06630228,0.062151767
concrete3k::608_26.jpg,0.78226084,0.14192125,0.075817876
concrete3k::608_31.jpg,0.73452413,0.17305298,0.092422836
concrete3k::608_43.jpg,0.86413264,0.101707466,0.03415989
concrete3k::608_9.jpg,0.6903929,0.10894807,0.200659
