image_id,p_degraded,p_neutral,p_improved
khanhha_original::CFD_001.jpg,0.45913,0.0706786,0.47019136
khanhha_original::CFD_040.jpg,0.5471758,0.13605426,0.3167699
khanhha_original::CFD_088.jpg,0.22322015,0.3525111,0.42426866
khanhha_original::CFD_118.jpg,0.17758459,0.49892852,0.32348686
khanhha_original::CRACK500_20160222_081031_641_361.jpg,0.13534574,0.6244674,0.24018691
khanhha_original::CRACK500_20160222_115833_1921_1081.jpg,0.18740012,0.5807745,0.23182535
khanhha_original::CRACK500_20160222_115833_641_361.jpg,0.17101038,0.5544585,0.27453116
khanhha_original::CRACK500_20160222_115843_1281_361.jpg,0.1632995,0.5462049,0.29049557
khanhha_original::CRACK500_20160222_115847_1281_361.jpg,0.19383588,0.4961953,0.3099688
khanhha_original::CRACK500_20160222_115847_641_361.jpg,0.17525409,0.54319155,0.28155437
khanhha_original::CRACK500_20160222_164936_641_361.jpg,0.37005237,0.24077967,0.389168
khanhha_original::CRACK500_20160222_165037_1921_361.jpg,0.24622326,0.6101647,0.14361204
khanhha_original::CRACK500_20160222_165037_1_361.jpg,0.14134651,0.64961874,0.20903476
khanhha_original::CRACK500_20160222_165037_641_361.jpg,0.15233985,0.6979537,0.14970647
khanhha_original::CRACK500_20160222_165256_1281_1.jpg,0.2631686,0.3295637,0.4072677
khanhha_original::CRACK500_20160222_165256_1281_721.jpg,0.15299627,0.6579094,0.18909433
khanhha_original::CRACK500_20160222_165256_641_1.jpg,0.4374766,0.35639206,0.20613131
khanhha_original::CRACK500_20160225_114503_1_361.jpg,0.24092938,0.61457413,0.1444965
khanhha_original::CRACK500_20160302_155919_1281_721.jpg,0.223072,0.50972986,0.26719815
khanhha_original::CRACK500_20160302_155919_641_1.jpg,0.20112304,0.07094479,0.7279321
khanhha_original::CRACK500_20160302_155919_641_1081.jpg,0.2636941,0.19411051,0.5421954
khanhha_original::CRACK500_20160306_103613_1_721.jpg,0.27343547,0.30795655,0.418608
khanhha_original::CRACK500_20160306_103638_1921_1081.jpg,0.25315905,0.21208929,0.5347517
khanhha_original::CRACK500_20160306_103638_1_361.jpg,0.28347462,0.21788438,0.4986409
khanhha_original::CRACK500_20160306_103816_1_721.jpg,0.26852575,0.31015483,0.42131943
khanhha_original::CRACK500_20160306_104527_1921_721.jpg,0.11987987,0.4555506,0.42456958
khanhha_original::CRACK500_20160306_104527_641_361.jpg,0.11329538,0.6862138,0.20049085
khanhha_original::CRACK500_20160307_144202_1281_361.jpg,0.3446012,0.45083672,0.20456207
khanhha_original::CRACK500_20160307_144202_1281_721.jpg,0.33055463,0.41007167,0.25937366
khanhha_original::CRACK500_20160307_144842_1281_1.jpg,0.23204103,0.32659,0.441369
khanhha_original::CRACK500_20160307_144842_1281_1081.jpg,0.22031984,0.4570162,0.322664
khanhha_original::CRACK500_20160307_145059_1921_361.jpg,0.13514757,0.58252656,0.2823259
khanhha_original::CRACK500_20160307_163627_641_721.jpg,0.26927528,0.3822471,0.3484777
khanhha_original::CRACK500_20160307_163641_1921_361.jpg,0.29068196,0.32953283,0.37978524
khanhha_original::CRACK500_20160307_164400_641_1.jpg,0.38732505,0.19169343,0.4209815
khanhha_original::CRACK500_20160308_072824_641_1.jpg,0.14623034,0.5287343,0.32503536
khanhha_original::CRACK500_20160308_074330_1921_721.jpg,0.1976079,0.5236713,0.27872077
khanhha_original::CRACK500_20160308_155737_1281_1.jpg,0.13996369,0.6944938,0.16554257
khanhha_original::CRACK500_20160308_155737_1281_361.jpg,0.38536257,0.33888963,0.2757478
khanhha_original::CRACK500_20160308_155737_1281_721.jpg,0.17484309,0.603458,0.22169895
khanhha_original::CRACK500_20160308_155737_1921_1.jpg,0.32757217,0.27197507,0.4004528
khanhha_original::CRACK500_20160308_155737_1_1081.jpg,0.098253086,0.69591415,0.20583278
khanhha_original::CRACK500_20160308_155737_641_721.jpg,0.29485014,0.42385465,0.28129524
khanhha_original::CRACK500_20160308_155828_1281_721.jpg,0.20292263,0.62708557,0.16999179
khanhha_original::CRACK500_20160308_155836_1921_361.jpg,0.34999716,0.29462898,0.3553738
khanhha_original::CRACK500_20160308_155836_1921_721.jpg,0.29829252,0.3431856,0.35852188
khanhha_original::CRACK500_20160310_114446_641_1081.jpg,0.28150937,0.5675367,0.150954
khanhha_original::CRACK500_20160316_142009_1281_361.jpg,0.10031395,0.7738965,0.12578952
khanhha_original::CRACK500_20160316_142009_1281_721.jpg,0.27810207,0.5933511,0.12854677
khanhha_original::CRACK500_20160316_142027_1281_721.jpg,0.3440942,0.44646525,0.2094406
khanhha_original::CRACK500_20160316_143433_641_361.jpg,0.17223585,0.47181052,0.35595372
khanhha_original::CRACK500_20160316_144230_641_1.jpg,0.13109104,0.50520885,0.36370012
khanhha_original::CRACK500_20160316_183217_1281_1.jpg,0.29829887,0.33842537,0.36327577
khanhha_original::CRACK500_20160321_185637_1_1081.jpg,0.19199666,0.34487373,0.46312955
khanhha_original::CRACK500_20160324_170309_641_1.jpg,0.17406254,0.66231483,0.16362259
khanhha_original::CRACK500_20160324_170309_641_361.jpg,0.25288188,0.48068985,0.26642823
khanhha_original::CRACK500_20160324_170309_641_721.jpg,0.33823064,0.34427312,0.31749624
khanhha_original::CRACK500_20160324_170542_1_721.jpg,0.27958536,0.18104337,0.5393713
khanhha_original::CRACK500_20160326_142309_1281_721.jpg,0.1791339,0.44189706,0.37896907
khanhha_original::CRACK500_20160328_150820_641_361.jpg,0.38164443,0.2164474,0.40190822
khanhha_original::CRACK500_20160328_150940_1281_361.jpg,0.28512776,0.29777867,0.4170936
khanhha_original::CRACK500_20160328_150940_1_1081.jpg,0.27907246,0.119964704,0.6009628
khanhha_original::CRACK500_20160328_150940_641_1081.jpg,0.32834548,0.2573027,0.41435185
khanhha_original::CRACK500_20160328_150940_641_361.jpg,0.22641985,0.42573252,0.34784764
khanhha_original::CRACK500_20160328_151056_1_361.jpg,0.17482546,0.67830116,0.14687343
khanhha_original::CRACK500_20160328_151056_641_1081.jpg,0.17204589,0.68670756,0.14124656
khanhha_original::CRACK500_20160328_151151_1921_721.jpg,0.27566537,0.5514755,0.17285909
khanhha_original::CRACK500_20160328_151151_1_1.jpg,0.25244838,0.55394846,0.19360316
khanhha_original::CRACK500_20160328_151151_641_1081.jpg,0.34016788,0.41970706,0.24012499
khanhha_original::CRACK500_20160328_151151_641_361.jpg,0.31647885,0.49371043,0.18981078
khanhha_original::CRACK500_20160328_151241_1_1.jpg,0.32426748,0.57147884,0.10425372
khanhha_original::CRACK500_20160328_151241_641_721.jpg,0.18902728,0.67231387,0.13865882
khanhha_original::CRACK500_20160328_151244_1921_1081.jpg,0.26683795,0.41515335,0.31800866
khanhha_original::CRACK500_20160328_151244_641_721.jpg,0.07902302,0.7249337,0.19604327
khanhha_original::CRACK500_20160328_151343_1281_1.jpg,0.3434364,0.29246175,0.36410192
khanhha_original::CRACK500_20160328_151343_641_721.jpg,0.23808333,0.5899648,0.17195185
khanhha_original::CRACK500_20160328_153241_1281_721.jpg,0.055292677,0.76635236,0.1783549
khanhha_original::CRACK500_20160328_153404_641_721.jpg,0.07231222,0.77325547,0.15443227
khanhha_original::CRACK500_20160328_153544_1_1081.jpg,0.17658532,0.3541497,0.46926498
khanhha_original::CRACK500_20160328_153544_1_721.jpg,0.11991142,0.6010202,0.2790684
khanhha_original::CRACK500_20160328_153548_1281_721.jpg,0.13919227,0.5608329,0.2999748
khanhha_original::CRACK500_20160328_153548_1921_721.jpg,0.12544078,0.562319,0.31224027
khanhha_original::CRACK500_20160328_153623_1_721.jpg,0.12876487,0.5298483,0.34138677
khanhha_original::CRACK500_20160328_153657_1921_1081.jpg,0.15085107,0.50056124,0.34858775
khanhha_original::CRACK500_20160328_153821_1_1.jpg,0.15060563,0.6501665,0.19922782
khanhha_original::CRACK500_20160328_153848_1921_1.jpg,0.23762019,0.1336448,0.628735
khanhha_original::CRACK500_20160328_153918_1_361.jpg,0.07269912,0.75872433,0.16857658
khanhha_original::CRACK500_20160328_153918_1_721.jpg,0.16353123,0.5528883,0.28358045
khanhha_original::CRACK500_20160328_154318_1281_361.jpg,0.27478763,0.3559092,0.36930314
khanhha_original::CRACK500_20160328_154318_641_1.jpg,0.1535548,0.43460786,0.4118373
khanhha_original::CRACK500_20160328_154318_641_721.jpg,0.2071193,0.546304,0.24657668
khanhha_original::CRACK500_20160329_094025_1921_361.jpg,0.23176412,0.41114858,0.35708722
khanhha_original::CRACK500_20160329_094025_1_721.jpg,0.22970866,0.48987594,0.28041542
khanhha_original::CRACK500_20160329_094527_1_361.jpg,0.19699986,0.2966498,0.50635034
khanhha_original::CRACK500_20160329_103626_1281_721.jpg,0.1184313,0.44106162,0.4405071
khanhha_original::CRACK500_20160329_103626_641_721.jpg,0.14245449,0.4936587,0.3638869
khanhha_original::CRACK500_20160329_103800_361_641.jpg,0.2441085,0.32113332,0.43475816
khanhha_original::CRACK500_20160329_103807_721_1281.jpg,0.22570509,0.3412603,0.43303463
khanhha_original::CRACK500_20160330_163725_1921_361.jpg,0.36357948,0.15681437,0.47960615
khanhha_original::CRACK500_20160330_163725_641_1081.jpg,0.14729092,0.69597113,0.156738
khanhha_original::CRACK500_20160330_165644_641_1081.jpg,0.32784718,0.24896461,0.42318824
khanhha_original::CRACK500_20160330_170114_1281_361.jpg,0.34672764,0.32263532,0.330637
khanhha_original::CRACK500_20160330_170114_641_721.jpg,0.2939502,0.30196512,0.40408465
khanhha_original::CRACK500_20160402_151049_641_721.jpg,0.069817044,0.7298231,0.20035984
khanhha_original::CRACK500_20160402_151054_1281_361.jpg,0.14349116,0.7220403,0.13446851
khanhha_original::CRACK500_20160402_151054_641_721.jpg,0.0685359,0.78580904,0.14565511
khanhha_original::CRACK500_20160405_171431_641_1.jpg,0.28094178,0.3000167,0.41904148
khanhha_original::CRACK500_20160405_171431_641_361.jpg,0.19808093,0.34665903,0.45526
khanhha_original::CRACK500_20160405_171712_1281_1.jpg,0.27683482,0.29660487,0.4265603
khanhha_original::CRACK500_20160405_171712_1281_361.jpg,0.26314378,0.3862557,0.3506005
khanhha_original::CRACK500_20160405_171712_1921_1.jpg,0.27703252,0.3063478,0.41661963
khanhha_original::CRACK500_20160407_163257_1281_721.jpg,0.2424545,0.6158623,0.14168322
khanhha_original::CRACK500_20160407_163257_641_361.jpg,0.079053365,0.81116116,0.10978547
khanhha_original::CRACK500_IMG_2933_649_969.jpg,0.40000564,0.35125867,0.24873571
khanhha_original::DeepCrack_11218-3.jpg,0.4336913,0.28773668,0.278572
khanhha_original::DeepCrack_11266-3.jpg,0.096773155,0.5022966,0.40093017
khanhha_original::DeepCrack_11286-2.jpg,0.033769865,0.22283319,0.7433969
khanhha_original::DeepCrack_11304.jpg,0.21162705,0.057299238,0.7310737
khanhha_original::GAPS384_test_0016_541_1.jpg,0.23610227,0.42571265,0.33818504
khanhha_original::GAPS384_test_0016_541_641.jpg,0.29495525,0.17374188,0.53130287
khanhha_original::GAPS384_train_0423_1_1.jpg,0.28822914,0.43374327,0.2780276
khanhha_original::GAPS384_train_0538_541_1.jpg,0.26584175,0.23315568,0.5010026
khanhha_original::GAPS384_train_0544_541_1.jpg,0.29032242,0.19724318,0.51243436
khanhha_original::GAPS384_train_0552_1_641.jpg,0.30696458,0.21777049,0.4752649
khanhha_original::GAPS384_train_0607_541_641.jpg,0.16168424,0.026279299,0.81203645
khanhha_original::GAPS384_train_0609_541_641.jpg,0.2931408,0.22856033,0.4782989
khanhha_original::GAPS384_train_0799_541_1.jpg,0.23754603,0.3030265,0.45942742
khanhha_original::GAPS384_train_0942_541_1.jpg,0.33547163,0.05517373,0.6093547
khanhha_original::GAPS384_train_0996_1_641.jpg,0.31106287,0.05652286,0.6324142
khanhha_original::GAPS384_train_1117_1_1.jpg,0.37091434,0.1272664,0.50181925
khanhha_original::GAPS384_train_1171_541_641.jpg,0.24233238,0.18248518,0.57518244
khanhha_original::GAPS384_train_1374_541_1.jpg,0.26295415,0.13697991,0.600066
khanhha_original::GAPS384_train_1375_541_641.jpg,0.2329492,0.060817525,0.7062333
khanhha_original::GAPS384_valid_0016_541_1.jpg,0.3343877,0.3757935,0.28981882
khanhha_original::Rissbilder_for_Florian_9S6A2786_1709_1270_2041_2349.jpg,0.15596141,0.7618756,0.08216295
khanhha_original::Rissbilder_for_Florian_9S6A2786_641_1214_2289_2280.jpg,0.23681892,0.68769693,0.07548416
khanhha_original::Rissbilder_for_Florian_9S6A2788_0_0_3840_5760.jpg,0.06954057,0.8056933,0.12476614
khanhha_original::Rissbilder_for_Florian_9S6A2788_827_2151_2719_2314.jpg,0.065316156,0.87044823,0.06423564
khanhha_original::Rissbilder_for_Florian_9S6A2790_213_1721_2871_3688.jpg,0.1315062,0.77796066,0.090533145
khanhha_original::Rissbilder_for_Florian_9S6A2790_415_1305_3121_2371.jpg,0.11756931,0.81391686,0.068513855
khanhha_original::Rissbilder_for_Florian_9S6A2790_750_1920_2101_2560.jpg,0.16793415,0.77943414,0.052631702
khanhha_original::Rissbilder_for_Florian_9S6A2793_377_1016_2309_2713.jpg,0.13204984,0.7173773,0.15057284
khanhha_original::Rissbilder_for_Florian_9S6A2793_811_444_2800_3267.jpg,0.10973522,0.73487854,0.1553862
khanhha_original::Rissbilder_for_Florian_9S6A2808_19_37_3435_3257.jpg,0.1206911,0.770701,0.10860783
khanhha_original::Rissbilder_for_Florian_9S6A2808_222_2951_3443_2623.jpg,0.15481667,0.31398588,0.5311975
khanhha_original::Rissbilder_for_Florian_9S6A2808_30_709_3501_4305.jpg,0.15322131,0.65743,0.18934868
khanhha_original::Rissbilder_for_Florian_9S6A2818_205_138_2610_2193.jpg,0.08814401,0.3149999,0.59685606
khanhha_original::Rissbilder_for_Florian_9S6A2818_208_545_3096_3152.jpg,0.13320036,0.3751711,0.49162856
khanhha_original::Rissbilder_for_Florian_9S6A2818_22_73_3648_4328.jpg,0.08169538,0.5710799,0.34722468
khanhha_original::Rissbilder_for_Florian_9S6A2818_287_1431_3198_4185.jpg,0.09582257,0.49255502,0.41162243
khanhha_original::Rissbilder_for_Florian_9S6A2818_819_1604_2582_2762.jpg,0.056295387,0.70340824,0.24029638
khanhha_original::Rissbilder_for_Florian_9S6A2818_952_1532_2829_2875.jpg,0.036936834,0.815993,0.14707015
khanhha_original::Rissbilder_for_Florian_9S6A2823_106_892_3634_4471.jpg,0.17663008,0.46422738,0.35914257
khanhha_original::Rissbilder_for_Florian_9S6A2827_1172_836_2226_2545.jpg,0.071939096,0.82776684,0.100294136
khanhha_original::Rissbilder_for_Florian_9S6A2827_1553_813_2699_2293.jpg,0.09191477,0.8496008,0.058484383
khanhha_original::Rissbilder_for_Florian_9S6A2828_111_1161_3542_4005.jpg,0.07863496,0.7757156,0.14564946
khanhha_original::Rissbilder_for_Florian_9S6A2828_81_1831_3515_3918.jpg,0.049870074,0.5687391,0.38139078
khanhha_original::Rissbilder_for_Florian_9S6A2828_958_2102_2564_2428.jpg,0.14890441,0.6541753,0.19692034
khanhha_original::Rissbilder_for_Florian_9S6A2829_248_0_4607_3807.jpg,0.06836584,0.8402567,0.0913774
khanhha_original::Rissbilder_for_Florian_9S6A2829_465_128_3261_3385.jpg,0.05195695,0.86469465,0.08334838
khanhha_original::Rissbilder_for_Florian_9S6A2840_408_2141_3112_2692.jpg,0.031956177,0.94346684,0.024577
khanhha_original::Rissbilder_for_Florian_9S6A2840_520_1171_3029_3249.jpg,0.03452527,0.9176672,0.04780761
khanhha_original::Rissbilder_for_Florian_9S6A2840_73_1408_3251_2521.jpg,0.04691343,0.91760045,0.035486095
khanhha_original::Rissbilder_for_Florian_9S6A2840_7_1394_3830_4317.jpg,0.051844534,0.90774786,0.040407553
khanhha_original::Rissbilder_for_Florian_9S6A2844_0_0_3840_5760.jpg,0.13753645,0.4665093,0.39595422
khanhha_original::Rissbilder_for_Florian_9S6A2844_443_437_3072_2992.jpg,0.18124324,0.6151791,0.20357765
khanhha_original::Rissbilder_for_Florian_9S6A2844_736_848_3078_2427.jpg,0.19737174,0.61814964,0.18447866
khanhha_original::Rissbilder_for_Florian_9S6A2847_112_411_3688_4096.jpg,0.121737674,0.65582675,0.22243555
khanhha_original::Rissbilder_for_Florian_9S6A2847_422_1541_2737_2708.jpg,0.12813292,0.64778346,0.2240836
khanhha_original::Rissbilder_for_Florian_9S6A2847_57_1886_3694_3848.jpg,0.13691106,0.5777823,0.28530672
khanhha_original::Rissbilder_for_Florian_9S6A2852_1108_175_3570_3421.jpg,0.1297935,0.7564253,0.11378119
khanhha_original::Rissbilder_for_Florian_9S6A2852_356_540_3667_2981.jpg,0.16005518,0.67583257,0.16411231
khanhha_original::Rissbilder_for_Florian_9S6A2853_1127_1463_2379_2376.jpg,0.079620585,0.7933105,0.12706901
khanhha_original::Rissbilder_for_Florian_9S6A2853_826_286_2004_2464.jpg,0.09566993,0.79051244,0.11381767
khanhha_original::Rissbilder_for_Florian_9S6A2858_103_1887_2963_2745.jpg,0.11993843,0.7969626,0.08309886
khanhha_original::Rissbilder_for_Florian_9S6A2858_138_1397_3695_4304.jpg,0.10199273,0.7952758,0.10273153
khanhha_original::Rissbilder_for_Florian_9S6A2858_203_242_3312_2597.jpg,0.11230209,0.8179159,0.06978196
khanhha_original::Rissbilder_for_Florian_9S6A2858_24_161_2934_2248.jpg,0.12003676,0.79069245,0.089270756
khanhha_original::Rissbilder_for_Florian_9S6A2858_559_619_3260_3533.jpg,0.13003102,0.78780776,0.08216123
khanhha_original::Rissbilder_for_Florian_9S6A2858_58_840_3696_4727.jpg,0.08074694,0.82994694,0.0893061
khanhha_original::Rissbilder_for_Florian_9S6A2858_74_2277_2849_2285.jpg,0.18774436,0.69334215,0.11891349
khanhha_original::Rissbilder_for_Florian_9S6A2858_825_486_2361_2715.jpg,0.12706858,0.78197795,0.09095354
khanhha_original::Rissbilder_for_Florian_9S6A2861_1002_825_2601_2341.jpg,0.27023527,0.60300714,0.12675753
khanhha_original::Rissbilder_for_Florian_9S6A2861_327_851_2964_3474.jpg,0.15863708,0.6872634,0.15409958
khanhha_original::Rissbilder_for_Florian_9S6A2861_716_324_2856_3710.jpg,0.11630678,0.74252015,0.14117308
khanhha_original::Rissbilder_for_Florian_9S6A2865_215_1866_2936_3607.jpg,0.09241618,0.8886785,0.018905278
khanhha_original::Rissbilder_for_Florian_9S6A2865_321_3005_2468_2755.jpg,0.1705415,0.80098295,0.02847548
khanhha_original::Rissbilder_for_Florian_9S6A2865_402_376_2830_3345.jpg,0.13593933,0.8019528,0.06210793
khanhha_original::Rissbilder_for_Florian_9S6A2865_415_206_2924_3039.jpg,0.13703607,0.7667868,0.096177086
khanhha_original::Rissbilder_for_Florian_9S6A2865_48_35_3665_3847.jpg,0.077941924,0.8717834,0.050274674
khanhha_original::Rissbilder_for_Florian_9S6A2865_874_516_2613_2236.jpg,0.13108426,0.5949221,0.27399352
khanhha_original::Rissbilder_for_Florian_9S6A2874_251_526_2458_2696.jpg,0.2915144,0.16253279,0.54595286
khanhha_original::Rissbilder_for_Florian_9S6A2884_103_1141_3407_4451.jpg,0.06120911,0.84072006,0.09807089
khanhha_original::Rissbilder_for_Florian_9S6A2884_158_1281_3498_4054.jpg,0.050708406,0.8773563,0.07193528
khanhha_original::Rissbilder_for_Florian_9S6A2884_197_1323_3592_3665.jpg,0.065545194,0.8506887,0.08376609
khanhha_original::Rissbilder_for_Florian_9S6A2884_19_1803_3537_2796.jpg,0.096281566,0.82316357,0.080554865
khanhha_original::Rissbilder_for_Florian_9S6A2895_46_163_3635_3331.jpg,0.2052802,0.23391224,0.5608076
khanhha_original::Rissbilder_for_Florian_9S6A2897_1309_1879_2158_2129.jpg,0.3310944,0.38329658,0.285609
khanhha_original::Rissbilder_for_Florian_9S6A2897_161_1181_3216_3670.jpg,0.28749737,0.5104397,0.20206285
khanhha_original::Rissbilder_for_Florian_9S6A2897_480_85_2898_3545.jpg,0.108151264,0.6944758,0.19737294
khanhha_original::Rissbilder_for_Florian_9S6A2897_575_1892_2708_3567.jpg,0.22389847,0.5205308,0.25557074
khanhha_original::Rissbilder_for_Florian_9S6A2897_9_818_3756_3081.jpg,0.16195609,0.6591427,0.17890128
khanhha_original::Rissbilder_for_Florian_9S6A2901_0_0_3840_5760.jpg,0.1702085,0.61149144,0.2183001
khanhha_original::Rissbilder_for_Florian_9S6A2901_55_3400_2984_2240.jpg,0.39098337,0.36467382,0.24434279
khanhha_original::Rissbilder_for_Florian_9S6A2901_67_161_3343_3273.jpg,0.20893753,0.6728872,0.11817534
khanhha_original::Rissbilder_for_Florian_9S6A2902_0_0_3840_5760.jpg,0.29227132,0.252988,0.4547407
khanhha_original::Rissbilder_for_Florian_9S6A2902_163_2262_3171_3274.jpg,0.2695811,0.47652468,0.25389424
khanhha_original::Rissbilder_for_Florian_9S6A2902_192_967_2598_2117.jpg,0.3175424,0.59647703,0.085980564
khanhha_original::Rissbilder_for_Florian_9S6A2903_385_511_3375_3468.jpg,0.28428835,0.4457145,0.26999718
khanhha_original::Rissbilder_for_Florian_9S6A2903_438_739_2998_2746.jpg,0.37633163,0.40742055,0.21624789
khanhha_original::Rissbilder_for_Florian_9S6A2910_0_0_3840_5760.jpg,0.4866821,0.19621506,0.31710288
khanhha_original::Rissbilder_for_Florian_9S6A2910_113_175_3097_2360.jpg,0.28933042,0.16129619,0.5493734
khanhha_original::Rissbilder_for_Florian_9S6A2910_43_1959_3615_3077.jpg,0.6343789,0.17007802,0.19554302
khanhha_original::Rissbilder_for_Florian_9S6A2910_59_1878_2063_2153.jpg,0.4686281,0.13893034,0.39244154
khanhha_original::Rissbilder_for_Florian_9S6A2910_880_2365_2685_2887.jpg,0.4596019,0.3192503,0.22114779
khanhha_original::Rissbilder_for_Florian_9S6A2915_1128_2752_2373_2395.jpg,0.16779505,0.14322983,0.6889751
khanhha_original::Rissbilder_for_Florian_9S6A2915_757_2194_2406_2383.jpg,0.34408367,0.20858923,0.4473271
khanhha_original::Rissbilder_for_Florian_9S6A2919_1008_848_2956_2327.jpg,0.44102532,0.09466814,0.46430656
khanhha_original::Rissbilder_for_Florian_9S6A2919_1139_6_3401_3091.jpg,0.4467056,0.2428489,0.3104454
khanhha_original::Rissbilder_for_Florian_9S6A2919_311_375_3331_2605.jpg,0.6148981,0.13174166,0.25336027
khanhha_original::Rissbilder_for_Florian_9S6A2919_910_611_3253_2887.jpg,0.44401625,0.19523224,0.36075154
khanhha_original::Rissbilder_for_Florian_9S6A3103_225_1283_3432_3981.jpg,0.0724658,0.8337152,0.093819015
khanhha_original::Rissbilder_for_Florian_9S6A3103_43_936_3780_4403.jpg,0.08553707,0.83841383,0.0760491
khanhha_original::Rissbilder_for_Florian_9S6A3103_446_1371_3306_4182.jpg,0.07370475,0.8358243,0.09047091
khanhha_original::Rissbilder_for_Florian_9S6A3103_513_1787_2538_2641.jpg,0.1065678,0.82669556,0.06673662
khanhha_original::Rissbilder_for_Florian_9S6A3116_390_1097_2997_3963.jpg,0.062189154,0.8874812,0.05032965
khanhha_original::Rissbilder_for_Florian_9S6A3116_555_2380_2956_2340.jpg,0.15534237,0.76779646,0.07686115
khanhha_original::Rissbilder_for_Florian_9S6A3119_1583_2261_2214_2879.jpg,0.13600177,0.7924941,0.0715041
khanhha_original::Rissbilder_for_Florian_9S6A3119_179_1656_3530_3136.jpg,0.09647241,0.81447953,0.08904809
khanhha_original::Rissbilder_for_Florian_9S6A3119_520_1811_3242_3051.jpg,0.088521756,0.8472816,0.06419664
khanhha_original::Rissbilder_for_Florian_9S6A3120_14_1099_3666_4059.jpg,0.026171554,0.94392145,0.029907003
khanhha_original::Rissbilder_for_Florian_9S6A3120_217_1113_3331_4192.jpg,0.02454981,0.9376416,0.037808564
khanhha_original::Rissbilder_for_Florian_9S6A3120_236_1671_2928_2310.jpg,0.09109703,0.8518226,0.0570804
khanhha_original::Rissbilder_for_Florian_9S6A3120_875_1120_2089_2571.jpg,0.037799895,0.92204946,0.04015063
khanhha_original::Rissbilder_for_Florian_9S6A3127_114_2737_3530_2753.jpg,0.18403658,0.73228467,0.083678715
khanhha_original::Rissbilder_for_Florian_9S6A3127_54_1984_3083_3305.jpg,0.13115728,0.7250272,0.14381552
khanhha_original::Rissbilder_for_Florian_9S6A3127_595_2880_2296_2633.jpg,0.10114655,0.83676815,0.06208529
khanhha_original::Rissbilder_for_Florian_9S6A3127_653_1639_2788_3252.jpg,0.07986669,0.8264587,0.0936746
khanhha_original::Rissbilder_for_Florian_9S6A3127_89_657_3259_3858.jpg,0.09901298,0.8045132,0.0964738
khanhha_original::Rissbilder_for_Florian_9S6A3127_9_1051_3792_3003.jpg,0.13692553,0.73922753,0.12384691
khanhha_original::Rissbilder_for_Florian_9S6A3130_190_1907_3510_2920.jpg,0.093669996,0.80036914,0.10596084
khanhha_original::Rissbilder_for_Florian_9S6A3130_24_518_3753_4265.jpg,0.04296049,0.8917264,0.06531318
khanhha_original::Rissbilder_for_Florian_9S6A3130_35_1947_3497_3753.jpg,0.10037518,0.8085003,0.0911245
khanhha_original::Rissbilder_for_Florian_9S6A3130_485_279_2724_2520.jpg,0.09606186,0.79920524,0.104732886
khanhha_original::Rissbilder_for_Florian_9S6A3130_741_2592_3069_3082.jpg,0.23418126,0.58290094,0.18291776
khanhha_original::Rissbilder_for_Florian_9S6A3137_1104_2295_2445_3107.jpg,0.10366417,0.78788483,0.108451076
khanhha_original::Rissbilder_for_Florian_9S6A3137_1228_1792_2559_2477.jpg,0.1457683,0.78647757,0.06775415
khanhha_original::Rissbilder_for_Florian_9S6A3137_182_823_3574_4047.jpg,0.057251897,0.8596971,0.08305096
khanhha_original::Rissbilder_for_Florian_9S6A3137_201_2087_3465_3669.jpg,0.09875408,0.75748384,0.14376205
khanhha_original::Rissbilder_for_Florian_9S6A3137_313_2279_2337_2933.jpg,0.11399838,0.76399237,0.12200928
khanhha_original::Rissbilder_for_Florian_9S6A3137_507_1097_2555_2213.jpg,0.08836652,0.842786,0.0688475
khanhha_original::Sylvie_Chambon_022.jpg,0.41023284,0.12265118,0.46711603
khanhha_original::Sylvie_Chambon_038.jpg,0.36972392,0.25204375,0.3782323
khanhha_original::Sylvie_Chambon_039.jpg,0.27792752,0.13582875,0.5862438
khanhha_original::Sylvie_Chambon_056.jpg,0.24124962,0.4862671,0.27248332
khanhha_original::Sylvie_Chambon_073.jpg,0.10628189,0.6844727,0.2092455
khanhha_original::Sylvie_Chambon_087.jpg,0.30620626,0.10783747,0.5859562
khanhha_original::Sylvie_Chambon_105.jpg,0.19883734,0.48928714,0.3118755
khanhha_original::Sylvie_Chambon_116.jpg,0.29272303,0.3091831,0.39809385
khanhha_original::Sylvie_Chambon_314.jpg,0.4996627,0.11551437,0.38482293
khanhha_original::Sylvie_Chambon_319.jpg,0.12018121,0.22910641,0.6507124
khanhha_original::Volker_DSC01624_0_0_2736_1824.jpg,0.10383847,0.23464002,0.66152155
khanhha_original::Volker_DSC01632_0_0_1824_2736.jpg,0.21857698,0.3770854,0.40433764
khanhha_original::Volker_DSC01632_109_353_1680_1636.jpg,0.26416668,0.25178656,0.48404676
khanhha_original::Volker_DSC01639_1065_321_1284_1200.jpg,0.2249814,0.13666794,0.63835067
khanhha_original::Volker_DSC01639_165_52_1412_1364.jpg,0.09209739,0.24756919,0.66033345
khanhha_original::Volker_DSC01646_226_19_1273_1645.jpg,0.31542784,0.24126826,0.4433039
khanhha_original::Volker_DSC01646_456_54_2117_1728.jpg,0.33313712,0.2908193,0.37604356
khanhha_original::Volker_DSC01651_163_249_1349_1454.jpg,0.29382253,0.14010443,0.56607306
khanhha_original::Volker_DSC01651_61_82_1347_1168.jpg,0.2834954,0.0948643,0.62164026
khanhha_original::Volker_DSC01657_130_62_1583_1831.jpg,0.25376862,0.27900282,0.4672286
khanhha_original::Volker_DSC01657_290_50_1476_1614.jpg,0.33715865,0.25097433,0.41186705
khanhha_original::Volker_DSC01657_665_1068_1125_1350.jpg,0.22859451,0.251035,0.5203705
khanhha_original::Volker_DSC01657_8_1012_1813_1672.jpg,0.21850494,0.31827953,0.46321553
khanhha_original::Volker_DSC01658_0_0_1824_2736.jpg,0.23431201,0.43019447,0.33549353
khanhha_original::Volker_DSC01658_167_371_1635_1643.jpg,0.2661191,0.4222671,0.31161386
khanhha_original::Volker_DSC01658_352_1474_1034_1008.jpg,0.2642781,0.34020188,0.39551994
khanhha_original::Volker_DSC01658_470_825_1327_1606.jpg,0.29081318,0.33147842,0.37770835
khanhha_original::Volker_DSC01660_192_247_1588_1991.jpg,0.18553106,0.45064646,0.3638225
khanhha_original::Volker_DSC01669_0_0_1824_2736.jpg,0.33000314,0.28152764,0.38846925
khanhha_original::Volker_DSC01669_9_1042_1814_1517.jpg,0.270966,0.32575548,0.40327856
khanhha_original::Volker_DSC01695_0_0_2736_1824.jpg,0.13608055,0.5703422,0.29357728
khanhha_original::Volker_DSC01702_39_31_1703_1771.jpg,0.116942264,0.24245916,0.6405986
khanhha_original::Volker_DSC01702_418_156_1024_1333.jpg,0.16112351,0.21215239,0.6267241
khanhha_original::cracktree200_6203.jpg,0.11138448,0.5115059,0.3771096
khanhha_original::cracktree200_6243.jpg,0.0061028474,0.8844893,0.10940786
khanhha_original::cracktree200_6247.jpg,0.16853726,0.25446215,0.57700056
khanhha_original::cracktree200_6310.jpg,0.22873287,0.28279278,0.4884744
khanhha_original::cracktree200_6635.jpg,0.10384099,0.073406875,0.8227521
khanhha_original::cracktree200_6774.jpg,0.071297884,0.34438035,0.5843218
khanhha_original::forest_022.jpg,0.41023284,0.12265118,0.46711603
khanhha_original::forest_082.jpg,0.39852732,0.14861317,0.45285955
khanhha_original::forest_083.jpg,0.18814778,0.3578562,0.45399597
khanhha_original::forest_104.jpg,0.43289232,0.24623804,0.32086962
khanhha_original::noncrack_noncrack_concrete_wall_0_0.jpg.jpg,0.005713707,0.9464417,0.047844667
khanhha_original::noncrack_noncrack_concrete_wall_0_3.jpg.jpg,0.0035646737,0.9693897,0.027045589
khanhha_original::noncrack_noncrack_concrete_wall_11_4.jpg.jpg,0.014995817,0.97693527,0.008068875
khanhha_original::noncrack_noncrack_concrete_wall_16_1.jpg.jpg,0.1862573,0.7186357,0.09510693
khanhha_original::noncrack_noncrack_concrete_wall_16_5.jpg.jpg,0.12367068,0.7931351,0.08319423
khanhha_original::noncrack_noncrack_concrete_wall_18_1.jpg.jpg,0.14935078,0.7976228,0.0530264
khanhha_original::noncrack_noncrack_concrete_wall_18_11.jpg.jpg,0.24122144,0.59205574,0.16672285
khanhha_original::noncrack_noncrack_concrete_wall_18_12.jpg.jpg,0.20776427,0.7429315,0.049304202
khanhha_original::noncrack_noncrack_concrete_wall_18_18.jpg.jpg,0.16169909,0.75194156,0.08635938
khanhha_original::noncrack_noncrack_concrete_wall_18_19.jpg.jpg,0.17993993,0.7792271,0.04083294
khanhha_original::noncrack_noncrack_concrete_wall_18_3.jpg.jpg,0.20462622,0.74546725,0.04990653
khanhha_original::noncrack_noncrack_concrete_wall_18_9.jpg.jpg,0.20331027,0.7301603,0.066529386
khanhha_original::noncrack_noncrack_concrete_wall_24_19.jpg.jpg,0.19633487,0.7666945,0.036970694
khanhha_original::noncrack_noncrack_concrete_wall_24_31.jpg.jpg,0.124376915,0.8529116,0.022711556
khanhha_original::noncrack_noncrack_concrete_wall_24_35.jpg.jpg,0.075274475,0.9066406,0.018084964
khanhha_original::noncrack_noncrack_concrete_wall_24_38.jpg.jpg,0.12333456,0.8415997,0.035065744
khanhha_original::noncrack_noncrack_concrete_wall_24_4.jpg.jpg,0.08630623,0.89722973,0.016464066
khanhha_original::noncrack_noncrack_concrete_wall_24_8.jpg.jpg,0.22382526,0.7375417,0.038633123
khanhha_original::noncrack_noncrack_concrete_wall_29_6.jpg.jpg,0.028434424,0.8974901,0.07407551
khanhha_original::noncrack_noncrack_concrete_wall_33_4.jpg.jpg,0.024680912,0.799054,0.17626518
khanhha_original::noncrack_noncrack_concrete_wall_38_4.jpg.jpg,0.0023762377,0.9944019,0.0032218972
khanhha_original::noncrack_noncrack_concrete_wall_38_5.jpg.jpg,0.00365072,0.99328995,0.0030593832
khanhha_original::noncrack_noncrack_concrete_wall_38_6.jpg.jpg,0.00457477,0.9881589,0.007266394
khanhha_original::noncrack_noncrack_concrete_wall_43_14.jpg.jpg,0.07023768,0.7705534,0.15920897
khanhha_original::noncrack_noncrack_concrete_wall_43_15.jpg.jpg,0.07210914,0.73711425,0.19077662
khanhha_original::noncrack_noncrack_concrete_wall_43_18.jpg.jpg,0.05485395,0.8260624,0.11908368
khanhha_original::noncrack_noncrack_concrete_wall_43_2.jpg.jpg,0.06526429,0.8022847,0.13245098
khanhha_original::noncrack_noncrack_concrete_wall_43_25.jpg.jpg,0.066253595,0.76145107,0.1722953
khanhha_original::noncrack_noncrack_concrete_wall_43_34.jpg.jpg,0.072643004,0.69788134,0.22947559
khanhha_original::noncrack_noncrack_concrete_wall_43_42.jpg.jpg,0.060716685,0.81503475,0.124248646
khanhha_original::noncrack_noncrack_concrete_wall_43_44.jpg.jpg,0.06387216,0.79436046,0.14176735
khanhha_original::noncrack_noncrack_concrete_wall_43_48.jpg.jpg,0.06838507,0.75582844,0.1757865
khanhha_original::noncrack_noncrack_concrete_wall_43_50.jpg.jpg,0.037349086,0.85605806,0.1065928
khanhha_original::noncrack_noncrack_concrete_wall_47_4.jpg.jpg,0.0071869614,0.9907051,0.0021080235
khanhha_original::noncrack_noncrack_concrete_wall_47_6.jpg.jpg,0.0071869614,0.9907051,0.0021080235
khanhha_original::noncrack_noncrack_concrete_wall_55_10.jpg.jpg,0.018772826,0.9718713,0.009355811
khanhha_original::noncrack_noncrack_concrete_wall_55_24.jpg.jpg,0.024004027,0.96423197,0.011763963
khanhha_original::noncrack_noncrack_concrete_wall_55_29.jpg.jpg,0.03406268,0.95414877,0.011788446
khanhha_original::noncrack_noncrack_concrete_wall_55_32.jpg.jpg,0.026151987,0.9665173,0.007330607
khanhha_original::noncrack_noncrack_concrete_wall_55_38.jpg.jpg,0.051061478,0.92558914,0.02334934
khanhha_original::noncrack_noncrack_concrete_wall_55_4.jpg.jpg,0.024809606,0.9650765,0.010113875
khanhha_original::noncrack_noncrack_concrete_wall_55_41.jpg.jpg,0.024676334,0.96930057,0.006023117
khanhha_original::noncrack_noncrack_concrete_wall_55_49.jpg.jpg,0.021801649,0.9682569,0.009941479
khanhha_original::noncrack_noncrack_concrete_wall_55_6.jpg.jpg,0.040502157,0.94307417,0.01642371
khanhha_original::noncrack_noncrack_concrete_wall_57_11.jpg.jpg,0.008366103,0.93944883,0.052185103
khanhha_original::noncrack_noncrack_concrete_wall_57_6.jpg.jpg,0.005013208,0.9616432,0.033343595
khanhha_original::noncrack_noncrack_concrete_wall_66_1.jpg.jpg,0.010201865,0.95768815,0.032109983
khanhha_original::noncrack_noncrack_concrete_wall_66_10.jpg.jpg,0.014449543,0.92520696,0.060343567
khanhha_original::noncrack_noncrack_concrete_wall_66_21.jpg.jpg,0.009245233,0.95787495,0.032879822
khanhha_original::noncrack_noncrack_concrete_wall_66_8.jpg.jpg,0.011753321,0.9358816,0.052365027
khanhha_original::noncrack_noncrack_concrete_wall_79_2.jpg.jpg,0.17027332,0.7018574,0.12786925
khanhha_original::noncrack_noncrack_concrete_wall_79_6.jpg.jpg,0.08500088,0.88048226,0.03451683
khanhha_original::noncrack_noncrack_concrete_wall_99_2.jpg.jpg,0.03332794,0.9545429,0.012129131
khanhha_noisy1::CFD_001.jpg,0.32866597,0.2779177,0.3934163
khanhha_noisy1::CFD_040.jpg,0.5223931,0.15405963,0.32354736
khanhha_noisy1::CFD_088.jpg,0.19228715,0.30173868,0.5059741
khanhha_noisy1::CFD_118.jpg,0.5598255,0.21714409,0.22303042
khanhha_noisy1::CRACK500_20160222_081031_641_361.jpg,0.28989208,0.32814807,0.38195992
khanhha_noisy1::CRACK500_20160222_115833_1921_1081.jpg,0.30639967,0.49387947,0.19972079
khanhha_noisy1::CRACK500_20160222_115833_641_361.jpg,0.30261326,0.4148274,0.28255937
khanhha_noisy1::CRACK500_20160222_115843_1281_361.jpg,0.30567017,0.4467777,0.24755205
khanhha_noisy1::CRACK500_20160222_115847_1281_361.jpg,0.30910492,0.4458085,0.24508658
khanhha_noisy1::CRACK500_20160222_115847_641_361.jpg,0.30530673,0.5139797,0.18071355
khanhha_noisy1::CRACK500_20160222_164936_641_361.jpg,0.41186932,0.2419713,0.34615943
khanhha_noisy1::CRACK500_20160222_165037_1921_361.jpg,0.3963298,0.29416853,0.30950165
khanhha_noisy1::CRACK500_20160222_165037_1_361.jpg,0.2613182,0.27584687,0.46283492
khanhha_noisy1::CRACK500_20160222_165037_641_361.jpg,0.31313056,0.26669958,0.4201698
khanhha_noisy1::CRACK500_20160222_165256_1281_1.jpg,0.43863568,0.34241912,0.2189452
khanhha_noisy1::CRACK500_20160222_165256_1281_721.jpg,0.37749732,0.24958369,0.372919
khanhha_noisy1::CRACK500_20160222_165256_641_1.jpg,0.48424718,0.2189067,0.29684612
khanhha_noisy1::CRACK500_20160225_114503_1_361.jpg,0.36802348,0.38593814,0.24603839
khanhha_noisy1::CRACK500_20160302_155919_1281_721.jpg,0.30213842,0.34740123,0.35046032
khanhha_noisy1::CRACK500_20160302_155919_641_1.jpg,0.26991713,0.2240662,0.5060166
khanhha_noisy1::CRACK500_20160302_155919_641_1081.jpg,0.29685417,0.30937716,0.3937686
khanhha_noisy1::CRACK500_20160306_103613_1_721.jpg,0.27703252,0.3063478,0.41661963
khanhha_noisy1::CRACK500_20160306_103638_1921_1081.jpg,0.27703252,0.3063478,0.41661963
khanhha_noisy1::CRACK500_20160306_103638_1_361.jpg,0.27610987,0.27963957,0.44425055
khanhha_noisy1::CRACK500_20160306_103816_1_721.jpg,0.27703252,0.3063478,0.41661963
khanhha_noisy1::CRACK500_20160306_104527_1921_721.jpg,0.27703252,0.3063478,0.41661963
khanhha_noisy1::CRACK500_20160306_104527_641_361.jpg,0.26457074,0.48064277,0.25478652
khanhha_noisy1::CRACK500_20160307_144202_1281_361.jpg,0.30771288,0.3030469,0.38924024
khanhha_noisy1::CRACK500_20160307_144202_1281_721.jpg,0.33415467,0.2991911,0.36665425
khanhha_noisy1::CRACK500_20160307_144842_1281_1.jpg,0.27703252,0.3063478,0.41661963
khanhha_noisy1::CRACK500_20160307_144842_1281_1081.jpg,0.29023585,0.32875004,0.38101408
khanhha_noisy1::CRACK500_20160307_145059_1921_361.jpg,0.3756184,0.2577652,0.3666164
khanhha_noisy1::CRACK500_20160307_163627_641_721.jpg,0.27703252,0.3063478,0.41661963
khanhha_noisy1::CRACK500_20160307_163641_1921_361.jpg,0.27703252,0.3063478,0.41661963
khanhha_noisy1::CRACK500_20160307_164400_641_1.jpg,0.42309242,0.2254938,0.35141373
khanhha_noisy1::CRACK500_20160308_072824_641_1.jpg,0.29691076,0.34066293,0.36242625
khanhha_noisy1::CRACK500_20160308_074330_1921_721.jpg,0.30015835,0.34662512,0.35321653
khanhha_noisy1::CRACK500_20160308_155737_1281_1.jpg,0.3233729,0.3771204,0.29950675
khanhha_noisy1::CRACK500_20160308_155737_1281_361.jpg,0.44933364,0.3486424,0.20202392
khanhha_noisy1::CRACK500_20160308_155737_1281_721.jpg,0.30942142,0.4050356,0.285543
khanhha_noisy1::CRACK500_20160308_155737_1921_1.jpg,0.3731371,0.305945,0.3209179
khanhha_noisy1::CRACK500_20160308_155737_1_1081.jpg,0.27759507,0.45534724,0.26705772
khanhha_noisy1::CRACK500_20160308_155737_641_721.jpg,0.3912156,0.23238383,0.37640065
khanhha_noisy1::CRACK500_20160308_155828_1281_721.jpg,0.41801435,0.35147548,0.23051018
khanhha_noisy1::CRACK500_20160308_155836_1921_361.jpg,0.31389663,0.32582083,0.36028257
khanhha_noisy1::CRACK500_20160308_155836_1921_721.jpg,0.24781595,0.25827897,0.49390513
khanhha_noisy1::CRACK500_20160310_114446_641_1081.jpg,0.30237886,0.35077018,0.34685093
khanhha_noisy1::CRACK500_20160316_142009_1281_361.jpg,0.29801768,0.3426822,0.35930005
khanhha_noisy1::CRACK500_20160316_142009_1281_721.jpg,0.27728358,0.30707625,0.4156401
khanhha_noisy1::CRACK500_20160316_142027_1281_721.jpg,0.27703252,0.3063478,0.41661963
khanhha_noisy1::CRACK500_20160316_143433_641_361.jpg,0.26412138,0.4155218,0.32035685
khanhha_noisy1::CRACK500_20160316_144230_641_1.jpg,0.2970801,0.39200237,0.31091747
khanhha_noisy1::CRACK500_20160316_183217_1281_1.jpg,0.28389552,0.24389765,0.47220683
khanhha_noisy1::CRACK500_20160321_185637_1_1081.jpg,0.27755994,0.30721635,0.4152237
khanhha_noisy1::CRACK500_20160324_170309_641_1.jpg,0.29827303,0.34314987,0.3585771
khanhha_noisy1::CRACK500_20160324_170309_641_361.jpg,0.31845132,0.33824515,0.3433036
khanhha_noisy1::CRACK500_20160324_170309_641_721.jpg,0.38536912,0.28941527,0.32521558
khanhha_noisy1::CRACK500_20160324_170542_1_721.jpg,0.38461843,0.32809505,0.28728652
khanhha_noisy1::CRACK500_20160326_142309_1281_721.jpg,0.27703252,0.3063478,0.41661963
khanhha_noisy1::CRACK500_20160328_150820_641_361.jpg,0.2894005,0.3401331,0.37046644
khanhha_noisy1::CRACK500_20160328_150940_1281_361.jpg,0.27703252,0.3063478,0.41661963
khanhha_noisy1::CRACK500_20160328_150940_1_1081.jpg,0.27703252,0.3063478,0.41661963
khanhha_noisy1::CRACK500_20160328_150940_641_1081.jpg,0.2769916,0.30355045,0.4194579
khanhha_noisy1::CRACK500_20160328_150940_641_361.jpg,0.28227806,0.3150795,0.40264243
khanhha_noisy1::CRACK500_20160328_151056_1_361.jpg,0.30962217,0.32560956,0.36476827
khanhha_noisy1::CRACK500_20160328_151056_641_1081.jpg,0.315918,0.36602902,0.3180529
khanhha_noisy1::CRACK500_20160328_151151_1921_721.jpg,0.34658292,0.4543134,0.19910368
khanhha_noisy1::CRACK500_20160328_151151_1_1.jpg,0.30793434,0.36140674,0.3306589
khanhha_noisy1::CRACK500_20160328_151151_641_1081.jpg,0.31771848,0.39452127,0.2877602
khanhha_noisy1::CRACK500_20160328_151151_641_361.jpg,0.31214315,0.36974585,0.31811106
khanhha_noisy1::CRACK500_20160328_151241_1_1.jpg,0.28905115,0.3457447,0.3652042
khanhha_noisy1::CRACK500_20160328_151241_641_721.jpg,0.32473215,0.39649972,0.27876815
khanhha_noisy1::CRACK500_20160328_151244_1921_1081.jpg,0.3096504,0.36477566,0.32557395
khanhha_noisy1::CRACK500_20160328_151244_641_721.jpg,0.27753073,0.34103525,0.381434
khanhha_noisy1::CRACK500_20160328_151343_1281_1.jpg,0.27703252,0.3063478,0.41661963
khanhha_noisy1::CRACK500_20160328_151343_641_721.jpg,0.3195201,0.3850511,0.29542878
khanhha_noisy1::CRACK500_20160328_153241_1281_721.jpg,0.25975415,0.47987345,0.26037243
khanhha_noisy1::CRACK500_20160328_153404_641_721.jpg,0.18633962,0.36429927,0.4493611
khanhha_noisy1::CRACK500_20160328_153544_1_1081.jpg,0.20655559,0.29422322,0.49922118
khanhha_noisy1::CRACK500_20160328_153544_1_721.jpg,0.20464638,0.44401708,0.3513365
khanhha_noisy1::CRACK500_20160328_153548_1281_721.jpg,0.2305967,0.5000709,0.26933232
khanhha_noisy1::CRACK500_20160328_153548_1921_721.jpg,0.19763145,0.3919677,0.41040084
khanhha_noisy1::CRACK500_20160328_153623_1_721.jpg,0.2176429,0.26959708,0.51276
khanhha_noisy1::CRACK500_20160328_153657_1921_1081.jpg,0.27563518,0.33607817,0.38828662
khanhha_noisy1::CRACK500_20160328_153821_1_1.jpg,0.20857155,0.4579256,0.33350283
khanhha_noisy1::CRACK500_20160328_153848_1921_1.jpg,0.27703252,0.3063478,0.41661963
khanhha_noisy1::CRACK500_20160328_153918_1_361.jpg,0.15767229,0.6274207,0.21490699
khanhha_noisy1::CRACK500_20160328_153918_1_721.jpg,0.28751257,0.3452771,0.3672103
khanhha_noisy1::CRACK500_20160328_154318_1281_361.jpg,0.27703252,0.3063478,0.41661963
khanhha_noisy1::CRACK500_20160328_154318_641_1.jpg,0.28072706,0.3124759,0.40679702
khanhha_noisy1::CRACK500_20160328_154318_641_721.jpg,0.30813965,0.3856588,0.3062016
khanhha_noisy1::CRACK500_20160329_094025_1921_361.jpg,0.27703252,0.3063478,0.41661963
khanhha_noisy1::CRACK500_20160329_094025_1_721.jpg,0.29568943,0.33844995,0.36586064
khanhha_noisy1::CRACK500_20160329_094527_1_361.jpg,0.28977224,0.3279385,0.38228923
khanhha_noisy1::CRACK500_20160329_103626_1281_721.jpg,0.30507222,0.36372447,0.33120328
khanhha_noisy1::CRACK500_20160329_103626_641_721.jpg,0.2768877,0.38115275,0.34195948
khanhha_noisy1::CRACK500_20160329_103800_361_641.jpg,0.27927017,0.3129571,0.40777275
khanhha_noisy1::CRACK500_20160329_103807_721_1281.jpg,0.28521895,0.33200887,0.38277215
khanhha_noisy1::CRACK500_20160330_163725_1921_361.jpg,0.4007069,0.2906527,0.3086404
khanhha_noisy1::CRACK500_20160330_163725_641_1081.jpg,0.18523781,0.65780693,0.15695529
khanhha_noisy1::CRACK500_20160330_165644_641_1081.jpg,0.28576714,0.33389297,0.3803399
khanhha_noisy1::CRACK500_20160330_170114_1281_361.jpg,0.28818202,0.34401405,0.36780396
khanhha_noisy1::CRACK500_20160330_170114_641_721.jpg,0.27703252,0.3063478,0.41661963
khanhha_noisy1::CRACK500_20160402_151049_641_721.jpg,0.18182288,0.5401937,0.27798337
khanhha_noisy1::CRACK500_20160402_151054_1281_361.jpg,0.31214812,0.4208653,0.2669866
khanhha_noisy1::CRACK500_20160402_151054_641_721.jpg,0.20356281,0.4505836,0.34585357
khanhha_noisy1::CRACK500_20160405_171431_641_1.jpg,0.2848187,0.30818292,0.4069984
khanhha_noisy1::CRACK500_20160405_171431_641_361.jpg,0.27703252,0.3063478,0.41661963
khanhha_noisy1::CRACK500_20160405_171712_1281_1.jpg,0.27703252,0.3063478,0.41661963
khanhha_noisy1::CRACK500_20160405_171712_1281_361.jpg,0.27703252,0.3063478,0.41661963
khanhha_noisy1::CRACK500_20160405_171712_1921_1.jpg,0.27703252,0.3063478,0.41661963
khanhha_noisy1::CRACK500_20160407_163257_1281_721.jpg,0.31067115,0.36679968,0.32252917
khanhha_noisy1::CRACK500_20160407_163257_641_361.jpg,0.43498605,0.3815509,0.183463
khanhha_noisy1::CRACK500_IMG_2933_649_969.jpg,0.48313132,0.30512267,0.211746
khanhha_noisy1::DeepCrack_11218-3.jpg,0.10380656,0.22203238,0.674161
khanhha_noisy1::DeepCrack_11266-3.jpg,0.13653682,0.5894213,0.27404192
khanhha_noisy1::DeepCrack_11286-2.jpg,0.11004917,0.30873543,0.58121544
khanhha_noisy1::DeepCrack_11304.jpg,0.2368723,0.3506938,0.41243386
khanhha_noisy1::GAPS384_test_0016_541_1.jpg,0.4878416,0.25449365,0.25766468
khanhha_noisy1::GAPS384_test_0016_541_641.jpg,0.5801494,0.16099048,0.2588601
khanhha_noisy1::GAPS384_train_0423_1_1.jpg,0.5724789,0.123164974,0.3043561
khanhha_noisy1::GAPS384_train_0538_541_1.jpg,0.69468325,0.12025774,0.18505895
khanhha_noisy1::GAPS384_train_0544_541_1.jpg,0.6774018,0.14160402,0.18099414
khanhha_noisy1::GAPS384_train_0552_1_641.jpg,0.11045273,0.11648176,0.7730655
khanhha_noisy1::GAPS384_train_0607_541_641.jpg,0.59208053,0.13794221,0.2699772
khanhha_noisy1::GAPS384_train_0609_541_641.jpg,0.49880895,0.1410239,0.36016712
khanhha_noisy1::GAPS384_train_0799_541_1.jpg,0.6129777,0.1295479,0.25747442
khanhha_noisy1::GAPS384_train_0942_541_1.jpg,0.6936394,0.068628855,0.23773171
khanhha_noisy1::GAPS384_train_0996_1_641.jpg,0.66208047,0.06640094,0.27151853
khanhha_noisy1::GAPS384_train_1117_1_1.jpg,0.061234083,0.28790662,0.6508593
khanhha_noisy1::GAPS384_train_1171_541_641.jpg,0.45592391,0.13200316,0.41207296
khanhha_noisy1::GAPS384_train_1374_541_1.jpg,0.60536146,0.1497062,0.24493238
khanhha_noisy1::GAPS384_train_1375_541_641.jpg,0.44113797,0.18214867,0.37671337
khanhha_noisy1::GAPS384_valid_0016_541_1.jpg,0.39924738,0.3243203,0.27643237
khanhha_noisy1::Rissbilder_for_Florian_9S6A2786_1709_1270_2041_2349.jpg,0.35877258,0.37822342,0.26300403
khanhha_noisy1::Rissbilder_for_Florian_9S6A2786_641_1214_2289_2280.jpg,0.4494962,0.3658269,0.18467693
khanhha_noisy1::Rissbilder_for_Florian_9S6A2788_0_0_3840_5760.jpg,0.61078215,0.23193,0.15728788
khanhha_noisy1::Rissbilder_for_Florian_9S6A2788_827_2151_2719_2314.jpg,0.27474496,0.410791,0.31446403
khanhha_noisy1::Rissbilder_for_Florian_9S6A2790_213_1721_2871_3688.jpg,0.4961695,0.35820746,0.14562303
khanhha_noisy1::Rissbilder_for_Florian_9S6A2790_415_1305_3121_2371.jpg,0.45341274,0.29995045,0.2466368
khanhha_noisy1::Rissbilder_for_Florian_9S6A2790_750_1920_2101_2560.jpg,0.45235014,0.3153779,0.232272
khanhha_noisy1::Rissbilder_for_Florian_9S6A2793_377_1016_2309_2713.jpg,0.4973236,0.3740568,0.12861963
khanhha_noisy1::Rissbilder_for_Florian_9S6A2793_811_444_2800_3267.jpg,0.32737884,0.4594252,0.21319598
khanhha_noisy1::Rissbilder_for_Florian_9S6A2808_19_37_3435_3257.jpg,0.50755876,0.2699013,0.22253993
khanhha_noisy1::Rissbilder_for_Florian_9S6A2808_222_2951_3443_2623.jpg,0.43686843,0.17753135,0.38560027
khanhha_noisy1::Rissbilder_for_Florian_9S6A2808_30_709_3501_4305.jpg,0.61696196,0.22860175,0.15443633
khanhha_noisy1::Rissbilder_for_Florian_9S6A2818_205_138_2610_2193.jpg,0.48791304,0.24701355,0.26507336
khanhha_noisy1::Rissbilder_for_Florian_9S6A2818_208_545_3096_3152.jpg,0.5429128,0.19346015,0.26362714
khanhha_noisy1::Rissbilder_for_Florian_9S6A2818_22_73_3648_4328.jpg,0.4707636,0.19280101,0.33643544
khanhha_noisy1::Rissbilder_for_Florian_9S6A2818_287_1431_3198_4185.jpg,0.4704636,0.3283636,0.20117275
khanhha_noisy1::Rissbilder_for_Florian_9S6A2818_819_1604_2582_2762.jpg,0.7558176,0.10588295,0.13829947
khanhha_noisy1::Rissbilder_for_Florian_9S6A2818_952_1532_2829_2875.jpg,0.6796029,0.14520864,0.17518845
khanhha_noisy1::Rissbilder_for_Florian_9S6A2823_106_892_3634_4471.jpg,0.50891024,0.40159154,0.089498214
khanhha_noisy1::Rissbilder_for_Florian_9S6A2827_1172_836_2226_2545.jpg,0.19529568,0.33434084,0.4703634
khanhha_noisy1::Rissbilder_for_Florian_9S6A2827_1553_813_2699_2293.jpg,0.15105048,0.4053226,0.4436269
khanhha_noisy1::Rissbilder_for_Florian_9S6A2828_111_1161_3542_4005.jpg,0.35818243,0.392063,0.24975458
khanhha_noisy1::Rissbilder_for_Florian_9S6A2828_81_1831_3515_3918.jpg,0.6262166,0.2335027,0.1402807
khanhha_noisy1::Rissbilder_for_Florian_9S6A2828_958_2102_2564_2428.jpg,0.30210316,0.28118208,0.4167148
khanhha_noisy1::Rissbilder_for_Florian_9S6A2829_248_0_4607_3807.jpg,0.5394577,0.181946,0.27859637
khanhha_noisy1::Rissbilder_for_Florian_9S6A2829_465_128_3261_3385.jpg,0.43046102,0.2331358,0.33640316
khanhha_noisy1::Rissbilder_for_Florian_9S6A2840_408_2141_3112_2692.jpg,0.6328192,0.1869818,0.18019898
khanhha_noisy1::Rissbilder_for_Florian_9S6A2840_520_1171_3029_3249.jpg,0.60866123,0.14859703,0.24274175
khanhha_noisy1::Rissbilder_for_Florian_9S6A2840_73_1408_3251_2521.jpg,0.68305415,0.16143951,0.15550637
khanhha_noisy1::Rissbilder_for_Florian_9S6A2840_7_1394_3830_4317.jpg,0.6062286,0.15244012,0.24133132
khanhha_noisy1::Rissbilder_for_Florian_9S6A2844_0_0_3840_5760.jpg,0.51420003,0.11451187,0.37128815
khanhha_noisy1::Rissbilder_for_Florian_9S6A2844_443_437_3072_2992.jpg,0.5086843,0.24835756,0.24295816
khanhha_noisy1::Rissbilder_for_Florian_9S6A2844_736_848_3078_2427.jpg,0.55414236,0.24229592,0.20356174
khanhha_noisy1::Rissbilder_for_Florian_9S6A2847_112_411_3688_4096.jpg,0.17936483,0.61824036,0.20239474
khanhha_noisy1::Rissbilder_for_Florian_9S6A2847_422_1541_2737_2708.jpg,0.3016284,0.40965676,0.2887148
khanhha_noisy1::Rissbilder_for_Florian_9S6A2847_57_1886_3694_3848.jpg,0.16034377,0.6711644,0.16849181
khanhha_noisy1::Rissbilder_for_Florian_9S6A2852_1108_175_3570_3421.jpg,0.541704,0.28708193,0.17121413
khanhha_noisy1::Rissbilder_for_Florian_9S6A2852_356_540_3667_2981.jpg,0.5410829,0.27786154,0.18105552
khanhha_noisy1::Rissbilder_for_Florian_9S6A2853_1127_1463_2379_2376.jpg,0.48495707,0.26095626,0.25408667
khanhha_noisy1::Rissbilder_for_Florian_9S6A2853_826_286_2004_2464.jpg,0.48713383,0.31100157,0.20186462
khanhha_noisy1::Rissbilder_for_Florian_9S6A2858_103_1887_2963_2745.jpg,0.39946297,0.34148228,0.25905475
khanhha_noisy1::Rissbilder_for_Florian_9S6A2858_138_1397_3695_4304.jpg,0.5504264,0.28190422,0.1676694
khanhha_noisy1::Rissbilder_for_Florian_9S6A2858_203_242_3312_2597.jpg,0.46926335,0.38361284,0.14712381
khanhha_noisy1::Rissbilder_for_Florian_9S6A2858_24_161_2934_2248.jpg,0.32849228,0.5973536,0.0741541
khanhha_noisy1::Rissbilder_for_Florian_9S6A2858_559_619_3260_3533.jpg,0.4862261,0.35388857,0.15988529
khanhha_noisy1::Rissbilder_for_Florian_9S6A2858_58_840_3696_4727.jpg,0.49876696,0.3198138,0.1814192
khanhha_noisy1::Rissbilder_for_Florian_9S6A2858_74_2277_2849_2285.jpg,0.48855758,0.29061702,0.22082536
khanhha_noisy1::Rissbilder_for_Florian_9S6A2858_825_486_2361_2715.jpg,0.47643462,0.3752005,0.14836486
khanhha_noisy1::Rissbilder_for_Florian_9S6A2861_1002_825_2601_2341.jpg,0.4509827,0.38026422,0.16875312
khanhha_noisy1::Rissbilder_for_Florian_9S6A2861_327_851_2964_3474.jpg,0.4892412,0.33322746,0.17753142
khanhha_noisy1::Rissbilder_for_Florian_9S6A2861_716_324_2856_3710.jpg,0.57474905,0.21940613,0.20584479
khanhha_noisy1::Rissbilder_for_Florian_9S6A2865_215_1866_2936_3607.jpg,0.20928176,0.1780225,0.6126958
khanhha_noisy1::Rissbilder_for_Florian_9S6A2865_321_3005_2468_2755.jpg,0.15733878,0.18640517,0.656256
khanhha_noisy1::Rissbilder_for_Florian_9S6A2865_402_376_2830_3345.jpg,0.278722,0.24716945,0.47410852
khanhha_noisy1::Rissbilder_for_Florian_9S6A2865_415_206_2924_3039.jpg,0.27515167,0.217323,0.5075254
khanhha_noisy1::Rissbilder_for_Florian_9S6A2865_48_35_3665_3847.jpg,0.30405834,0.4241031,0.2718385
khanhha_noisy1::Rissbilder_for_Florian_9S6A2865_874_516_2613_2236.jpg,0.382974,0.401933,0.21509306
khanhha_noisy1::Rissbilder_for_Florian_9S6A2874_251_526_2458_2696.jpg,0.58663106,0.19405133,0.21931767
khanhha_noisy1::Rissbilder_for_Florian_9S6A2884_103_1141_3407_4451.jpg,0.19322528,0.15428248,0.65249217
khanhha_noisy1::Rissbilder_for_Florian_9S6A2884_158_1281_3498_4054.jpg,0.2106476,0.17126946,0.61808294
khanhha_noisy1::Rissbilder_for_Florian_9S6A2884_197_1323_3592_3665.jpg,0.14858629,0.122891374,0.7285223
khanhha_noisy1::Rissbilder_for_Florian_9S6A2884_19_1803_3537_2796.jpg,0.48723176,0.23143716,0.2813311
khanhha_noisy1::Rissbilder_for_Florian_9S6A2895_46_163_3635_3331.jpg,0.12851484,0.1443091,0.727176
khanhha_noisy1::Rissbilder_for_Florian_9S6A2897_1309_1879_2158_2129.jpg,0.45433182,0.21456315,0.33110505
khanhha_noisy1::Rissbilder_for_Florian_9S6A2897_161_1181_3216_3670.jpg,0.23614857,0.21567298,0.54817843
khanhha_noisy1::Rissbilder_for_Florian_9S6A2897_480_85_2898_3545.jpg,0.2532107,0.20390372,0.54288554
khanhha_noisy1::Rissbilder_for_Florian_9S6A2897_575_1892_2708_3567.jpg,0.4135389,0.23748006,0.348981
khanhha_noisy1::Rissbilder_for_Florian_9S6A2897_9_818_3756_3081.jpg,0.25980806,0.20673913,0.5334528
khanhha_noisy1::Rissbilder_for_Florian_9S6A2901_0_0_3840_5760.jpg,0.5641171,0.17205083,0.26383203
khanhha_noisy1::Rissbilder_for_Florian_9S6A2901_55_3400_2984_2240.jpg,0.5076131,0.16591458,0.32647228
khanhha_noisy1::Rissbilder_for_Florian_9S6A2901_67_161_3343_3273.jpg,0.552982,0.23399068,0.21302736
khanhha_noisy1::Rissbilder_for_Florian_9S6A2902_0_0_3840_5760.jpg,0.30589497,0.39162952,0.30247548
khanhha_noisy1::Rissbilder_for_Florian_9S6A2902_163_2262_3171_3274.jpg,0.25253898,0.30382735,0.44363365
khanhha_noisy1::Rissbilder_for_Florian_9S6A2902_192_967_2598_2117.jpg,0.3827257,0.47521278,0.14206156
khanhha_noisy1::Rissbilder_for_Florian_9S6A2903_385_511_3375_3468.jpg,0.37766427,0.19884941,0.4234863
khanhha_noisy1::Rissbilder_for_Florian_9S6A2903_438_739_2998_2746.jpg,0.45783263,0.23872814,0.30343926
khanhha_noisy1::Rissbilder_for_Florian_9S6A2910_0_0_3840_5760.jpg,0.5524448,0.13183509,0.31572017
khanhha_noisy1::Rissbilder_for_Florian_9S6A2910_113_175_3097_2360.jpg,0.6418,0.08613361,0.2720664
khanhha_noisy1::Rissbilder_for_Florian_9S6A2910_43_1959_3615_3077.jpg,0.601421,0.16318566,0.23539333
khanhha_noisy1::Rissbilder_for_Florian_9S6A2910_59_1878_2063_2153.jpg,0.5807583,0.15195279,0.26728895
khanhha_noisy1::Rissbilder_for_Florian_9S6A2910_880_2365_2685_2887.jpg,0.5133286,0.18535557,0.30131572
khanhha_noisy1::Rissbilder_for_Florian_9S6A2915_1128_2752_2373_2395.jpg,0.52818674,0.13637955,0.33543372
khanhha_noisy1::Rissbilder_for_Florian_9S6A2915_757_2194_2406_2383.jpg,0.4166949,0.15070198,0.43260318
khanhha_noisy1::Rissbilder_for_Florian_9S6A2919_1008_848_2956_2327.jpg,0.69924974,0.11074056,0.19000974
khanhha_noisy1::Rissbilder_for_Florian_9S6A2919_1139_6_3401_3091.jpg,0.6546883,0.12147269,0.22383901
khanhha_noisy1::Rissbilder_for_Florian_9S6A2919_311_375_3331_2605.jpg,0.723345,0.086816005,0.18983905
khanhha_noisy1::Rissbilder_for_Florian_9S6A2919_910_611_3253_2887.jpg,0.7015335,0.106739014,0.19172747
khanhha_noisy1::Rissbilder_for_Florian_9S6A3103_225_1283_3432_3981.jpg,0.40750635,0.16866563,0.42382804
khanhha_noisy1::Rissbilder_for_Florian_9S6A3103_43_936_3780_4403.jpg,0.4764091,0.18019998,0.34339088
khanhha_noisy1::Rissbilder_for_Florian_9S6A3103_446_1371_3306_4182.jpg,0.2805276,0.16393706,0.5555354
khanhha_noisy1::Rissbilder_for_Florian_9S6A3103_513_1787_2538_2641.jpg,0.48827252,0.19003703,0.32169047
khanhha_noisy1::Rissbilder_for_Florian_9S6A3116_390_1097_2997_3963.jpg,0.13061796,0.060617115,0.8087649
khanhha_noisy1::Rissbilder_for_Florian_9S6A3116_555_2380_2956_2340.jpg,0.27102336,0.12730825,0.60166836
khanhha_noisy1::Rissbilder_for_Florian_9S6A3119_1583_2261_2214_2879.jpg,0.1889851,0.3625213,0.4484936
khanhha_noisy1::Rissbilder_for_Florian_9S6A3119_179_1656_3530_3136.jpg,0.111730106,0.16796678,0.7203031
khanhha_noisy1::Rissbilder_for_Florian_9S6A3119_520_1811_3242_3051.jpg,0.11409841,0.13265188,0.75324976
khanhha_noisy1::Rissbilder_for_Florian_9S6A3120_14_1099_3666_4059.jpg,0.08343935,0.08197223,0.83458847
khanhha_noisy1::Rissbilder_for_Florian_9S6A3120_217_1113_3331_4192.jpg,0.10026849,0.07601058,0.823721
khanhha_noisy1::Rissbilder_for_Florian_9S6A3120_236_1671_2928_2310.jpg,0.3687512,0.070929416,0.5603194
khanhha_noisy1::Rissbilder_for_Florian_9S6A3120_875_1120_2089_2571.jpg,0.38579568,0.08837779,0.5258265
khanhha_noisy1::Rissbilder_for_Florian_9S6A3127_114_2737_3530_2753.jpg,0.37379715,0.18597826,0.44022453
khanhha_noisy1::Rissbilder_for_Florian_9S6A3127_54_1984_3083_3305.jpg,0.44614702,0.25337532,0.3004776
khanhha_noisy1::Rissbilder_for_Florian_9S6A3127_595_2880_2296_2633.jpg,0.16420317,0.13314536,0.7026514
khanhha_noisy1::Rissbilder_for_Florian_9S6A3127_653_1639_2788_3252.jpg,0.16885057,0.12534525,0.70580417
khanhha_noisy1::Rissbilder_for_Florian_9S6A3127_89_657_3259_3858.jpg,0.51059157,0.15952435,0.32988417
khanhha_noisy1::Rissbilder_for_Florian_9S6A3127_9_1051_3792_3003.jpg,0.44482756,0.20213842,0.35303405
khanhha_noisy1::Rissbilder_for_Florian_9S6A3130_190_1907_3510_2920.jpg,0.088864595,0.07674305,0.83439237
khanhha_noisy1::Rissbilder_for_Florian_9S6A3130_24_518_3753_4265.jpg,0.09874071,0.08199331,0.819266
khanhha_noisy1::Rissbilder_for_Florian_9S6A3130_35_1947_3497_3753.jpg,0.07176332,0.09195252,0.8362842
khanhha_noisy1::Rissbilder_for_Florian_9S6A3130_485_279_2724_2520.jpg,0.20787068,0.17997012,0.61215925
khanhha_noisy1::Rissbilder_for_Florian_9S6A3130_741_2592_3069_3082.jpg,0.060931202,0.04957994,0.8894888
khanhha_noisy1::Rissbilder_for_Florian_9S6A3137_1104_2295_2445_3107.jpg,0.17032512,0.08441285,0.745262
khanhha_noisy1::Rissbilder_for_Florian_9S6A3137_1228_1792_2559_2477.jpg,0.35546985,0.13291425,0.5116159
khanhha_noisy1::Rissbilder_for_Florian_9S6A3137_182_823_3574_4047.jpg,0.3684299,0.12390969,0.5076604
khanhha_noisy1::Rissbilder_for_Florian_9S6A3137_201_2087_3465_3669.jpg,0.19181968,0.08155444,0.72662586
khanhha_noisy1::Rissbilder_for_Florian_9S6A3137_313_2279_2337_2933.jpg,0.3352982,0.16039215,0.5043096
khanhha_noisy1::Rissbilder_for_Florian_9S6A3137_507_1097_2555_2213.jpg,0.6022408,0.17174447,0.22601467
khanhha_noisy1::Sylvie_Chambon_022.jpg,0.34320766,0.34738755,0.30940482
khanhha_noisy1::Sylvie_Chambon_038.jpg,0.2149478,0.24074368,0.5443085
khanhha_noisy1::Sylvie_Chambon_039.jpg,0.43510866,0.27536035,0.28953093
khanhha_noisy1::Sylvie_Chambon_056.jpg,0.656553,0.1608759,0.18257107
khanhha_noisy1::Sylvie_Chambon_073.jpg,0.13436669,0.37663937,0.48899388
khanhha_noisy1::Sylvie_Chambon_087.jpg,0.38531718,0.24812728,0.3665555
khanhha_noisy1::Sylvie_Chambon_105.jpg,0.5609225,0.2455994,0.19347815
khanhha_noisy1::Sylvie_Chambon_116.jpg,0.4105635,0.26048082,0.3289557
khanhha_noisy1::Sylvie_Chambon_314.jpg,0.31181166,0.29566672,0.3925216
khanhha_noisy1::Sylvie_Chambon_319.jpg,0.3863482,0.2684789,0.34517294
khanhha_noisy1::Volker_DSC01624_0_0_2736_1824.jpg,0.4556278,0.3476366,0.1967356
khanhha_noisy1::Volker_DSC01632_0_0_1824_2736.jpg,0.10201252,0.17289096,0.7250966
khanhha_noisy1::Volker_DSC01632_109_353_1680_1636.jpg,0.07431559,0.18102491,0.7446594
khanhha_noisy1::Volker_DSC01639_1065_321_1284_1200.jpg,0.2558682,0.09205884,0.65207297
khanhha_noisy1::Volker_DSC01639_165_52_1412_1364.jpg,0.1652199,0.076568946,0.7582112
khanhha_noisy1::Volker_DSC01646_226_19_1273_1645.jpg,0.3198079,0.33935902,0.34083307
khanhha_noisy1::Volker_DSC01646_456_54_2117_1728.jpg,0.1227235,0.2113658,0.6659107
khanhha_noisy1::Volker_DSC01651_163_249_1349_1454.jpg,0.16696309,0.35757756,0.4754594
khanhha_noisy1::Volker_DSC01651_61_82_1347_1168.jpg,0.19623354,0.21722771,0.58653873
khanhha_noisy1::Volker_DSC01657_130_62_1583_1831.jpg,0.09589087,0.1437139,0.76039517
khanhha_noisy1::Volker_DSC01657_290_50_1476_1614.jpg,0.17601588,0.15122439,0.6727598
khanhha_noisy1::Volker_DSC01657_665_1068_1125_1350.jpg,0.069652446,0.14509918,0.78524834
khanhha_noisy1::Volker_DSC01657_8_1012_1813_1672.jpg,0.091803655,0.17144182,0.7367546
khanhha_noisy1::Volker_DSC01658_0_0_1824_2736.jpg,0.0511292,0.19555356,0.75331724
khanhha_noisy1::Volker_DSC01658_167_371_1635_1643.jpg,0.08012169,0.21944083,0.7004375
khanhha_noisy1::Volker_DSC01658_352_1474_1034_1008.jpg,0.09137032,0.13811037,0.77051926
khanhha_noisy1::Volker_DSC01658_470_825_1327_1606.jpg,0.12413131,0.20364854,0.6722202
khanhha_noisy1::Volker_DSC01660_192_247_1588_1991.jpg,0.39967903,0.22418034,0.37614065
khanhha_noisy1::Volker_DSC01669_0_0_1824_2736.jpg,0.1728018,0.20594479,0.6212534
khanhha_noisy1::Volker_DSC01669_9_1042_1814_1517.jpg,0.30326882,0.19521353,0.50151765
khanhha_noisy1::Volker_DSC01695_0_0_2736_1824.jpg,0.3310279,0.35339823,0.31557387
khanhha_noisy1::Volker_DSC01702_39_31_1703_1771.jpg,0.39449933,0.23466802,0.37083256
khanhha_noisy1::Volker_DSC01702_418_156_1024_1333.jpg,0.32829303,0.26633713,0.4053699
khanhha_noisy1::cracktree200_6203.jpg,0.52400255,0.3302647,0.14573278
khanhha_noisy1::cracktree200_6243.jpg,0.13188139,0.7316515,0.1364672
khanhha_noisy1::cracktree200_6247.jpg,0.45071825,0.45157763,0.09770417
khanhha_noisy1::cracktree200_6310.jpg,0.32314125,0.610188,0.06667072
khanhha_noisy1::cracktree200_6635.jpg,0.61156064,0.16067475,0.22776459
khanhha_noisy1::cracktree200_6774.jpg,0.14853136,0.6190363,0.23243229
khanhha_noisy1::forest_022.jpg,0.34320766,0.34738755,0.30940482
khanhha_noisy1::forest_082.jpg,0.3760688,0.2073511,0.41658017
khanhha_noisy1::forest_083.jpg,0.14354385,0.31742436,0.5390318
khanhha_noisy1::forest_104.jpg,0.3304176,0.20819718,0.46138528
khanhha_noisy1::noncrack_noncrack_concrete_wall_0_0.jpg.jpg,0.0099928705,0.9159962,0.07401087
khanhha_noisy1::noncrack_noncrack_concrete_wall_0_3.jpg.jpg,0.0083929915,0.9312465,0.0603605
khanhha_noisy1::noncrack_noncrack_concrete_wall_11_4.jpg.jpg,0.088939205,0.88953817,0.021522656
khanhha_noisy1::noncrack_noncrack_concrete_wall_16_1.jpg.jpg,0.106467396,0.8796101,0.013922517
khanhha_noisy1::noncrack_noncrack_concrete_wall_16_5.jpg.jpg,0.09710867,0.89350647,0.009384831
khanhha_noisy1::noncrack_noncrack_concrete_wall_18_1.jpg.jpg,0.047345575,0.9439326,0.0087218685
khanhha_noisy1::noncrack_noncrack_concrete_wall_18_11.jpg.jpg,0.051548515,0.93530905,0.013142482
khanhha_noisy1::noncrack_noncrack_concrete_wall_18_12.jpg.jpg,0.03264755,0.96232444,0.0050280173
khanhha_noisy1::noncrack_noncrack_concrete_wall_18_18.jpg.jpg,0.030730227,0.9616763,0.007593416
khanhha_noisy1::noncrack_noncrack_concrete_wall_18_19.jpg.jpg,0.044305343,0.9476225,0.008072188
khanhha_noisy1::noncrack_noncrack_concrete_wall_18_3.jpg.jpg,0.045494486,0.94178975,0.012715743
khanhha_noisy1::noncrack_noncrack_concrete_wall_18_9.jpg.jpg,0.06818444,0.92228985,0.009525734
khanhha_noisy1::noncrack_noncrack_concrete_wall_24_19.jpg.jpg,0.067609236,0.9260309,0.006359917
khanhha_noisy1::noncrack_noncrack_concrete_wall_24_31.jpg.jpg,0.0550296,0.9410126,0.0039578946
khanhha_noisy1::noncrack_noncrack_concrete_wall_24_35.jpg.jpg,0.014266188,0.9839536,0.0017801904
khanhha_noisy1::noncrack_noncrack_concrete_wall_24_38.jpg.jpg,0.04471793,0.9496341,0.005647926
khanhha_noisy1::noncrack_noncrack_concrete_wall_24_4.jpg.jpg,0.028370602,0.968312,0.0033174444
khanhha_noisy1::noncrack_noncrack_concrete_wall_24_8.jpg.jpg,0.068266675,0.92645836,0.005274996
khanhha_noisy1::noncrack_noncrack_concrete_wall_29_6.jpg.jpg,0.15917055,0.7617723,0.07905724
khanhha_noisy1::noncrack_noncrack_concrete_wall_33_4.jpg.jpg,0.090618834,0.8455683,0.06381286
khanhha_noisy1::noncrack_noncrack_concrete_wall_38_4.jpg.jpg,0.0019747738,0.9949281,0.003097141
khanhha_noisy1::noncrack_noncrack_concrete_wall_38_5.jpg.jpg,0.0063160257,0.98628926,0.0073947143
khanhha_noisy1::noncrack_noncrack_concrete_wall_38_6.jpg.jpg,0.0030437831,0.9917887,0.0051676477
khanhha_noisy1::noncrack_noncrack_concrete_wall_43_14.jpg.jpg,0.10793153,0.8759164,0.016151981
khanhha_noisy1::noncrack_noncrack_concrete_wall_43_15.jpg.jpg,0.11806612,0.86361384,0.01831994
khanhha_noisy1::noncrack_noncrack_concrete_wall_43_18.jpg.jpg,0.085817866,0.8966864,0.017495794
khanhha_noisy1::noncrack_noncrack_concrete_wall_43_2.jpg.jpg,0.08943655,0.8884069,0.022156542
khanhha_noisy1::noncrack_noncrack_concrete_wall_43_25.jpg.jpg,0.18388373,0.7844244,0.031691913
khanhha_noisy1::noncrack_noncrack_concrete_wall_43_34.jpg.jpg,0.10714948,0.8720913,0.020759227
khanhha_noisy1::noncrack_noncrack_concrete_wall_43_42.jpg.jpg,0.10433138,0.88209325,0.013575368
khanhha_noisy1::noncrack_noncrack_concrete_wall_43_44.jpg.jpg,0.14057665,0.83974296,0.019680405
khanhha_noisy1::noncrack_noncrack_concrete_wall_43_48.jpg.jpg,0.11713924,0.8646993,0.018161386
khanhha_noisy1::noncrack_noncrack_concrete_wall_43_50.jpg.jpg,0.08530467,0.9047757,0.009919656
khanhha_noisy1::noncrack_noncrack_concrete_wall_47_4.jpg.jpg,0.028210392,0.9665862,0.0052033276
khanhha_noisy1::noncrack_noncrack_concrete_wall_47_6.jpg.jpg,0.028210392,0.9665862,0.0052033276
khanhha_noisy1::noncrack_noncrack_concrete_wall_55_10.jpg.jpg,0.03864779,0.9563475,0.005004715
khanhha_noisy1::noncrack_noncrack_concrete_wall_55_24.jpg.jpg,0.09780175,0.892265,0.009933205
khanhha_noisy1::noncrack_noncrack_concrete_wall_55_29.jpg.jpg,0.081954,0.89789593,0.020149993
khanhha_noisy1::noncrack_noncrack_concrete_wall_55_32.jpg.jpg,0.087995715,0.89228576,0.019718576
khanhha_noisy1::noncrack_noncrack_concrete_wall_55_38.jpg.jpg,0.072506204,0.9067169,0.020776942
khanhha_noisy1::noncrack_noncrack_concrete_wall_55_4.jpg.jpg,0.12857728,0.852077,0.019345615
khanhha_noisy1::noncrack_noncrack_concrete_wall_55_41.jpg.jpg,0.037916597,0.9551827,0.006900753
khanhha_noisy1::noncrack_noncrack_concrete_wall_55_49.jpg.jpg,0.07734269,0.9116712,0.010986083
khanhha_noisy1::noncrack_noncrack_concrete_wall_55_6.jpg.jpg,0.13408458,0.84418595,0.021729479
khanhha_noisy1::noncrack_noncrack_concrete_wall_57_11.jpg.jpg,0.17073151,0.79307246,0.036196016
khanhha_noisy1::noncrack_noncrack_concrete_wall_57_6.jpg.jpg,0.21647944,0.7172786,0.06624184
khanhha_noisy1::noncrack_noncrack_concrete_wall_66_1.jpg.jpg,0.02828706,0.93556094,0.03615196
khanhha_noisy1::noncrack_noncrack_concrete_wall_66_10.jpg.jpg,0.036760423,0.93426913,0.028970439
khanhha_noisy1::noncrack_noncrack_concrete_wall_66_21.jpg.jpg,0.043300558,0.9296313,0.027068147
khanhha_noisy1::noncrack_noncrack_concrete_wall_66_8.jpg.jpg,0.06413863,0.8895002,0.046361193
khanhha_noisy1::noncrack_noncrack_concrete_wall_79_2.jpg.jpg,0.14888975,0.82222456,0.028885638
khanhha_noisy1::noncrack_noncrack_concrete_wall_79_6.jpg.jpg,0.068067856,0.90773284,0.02419926
khanhha_noisy1::noncrack_noncrack_concrete_wall_99_2.jpg.jpg,0.03206537,0.9630716,0.004862993
khanhha_noisy2::CFD_001.jpg,0.45666668,0.27404112,0.26929218
khanhha_noisy2::CFD_040.jpg,0.6702539,0.13515122,0.19459496
khanhha_noisy2::CFD_088.jpg,0.25049266,0.19993666,0.5495707
khanhha_noisy2::CFD_118.jpg,0.57961947,0.14426811,0.2761124
khanhha_noisy2::CRACK500_20160222_081031_641_361.jpg,0.31486785,0.4115649,0.27356714
khanhha_noisy2::CRACK500_20160222_115833_1921_1081.jpg,0.29824477,0.56691,0.13484521
khanhha_noisy2::CRACK500_20160222_115833_641_361.jpg,0.33257735,0.5060929,0.16132973
khanhha_noisy2::CRACK500_20160222_115843_1281_361.jpg,0.42651922,0.49348676,0.07999405
khanhha_noisy2::CRACK500_20160222_115847_1281_361.jpg,0.29140088,0.59941083,0.10918837
khanhha_noisy2::CRACK500_20160222_115847_641_361.jpg,0.29887697,0.5635571,0.13756597
khanhha_noisy2::CRACK500_20160222_164936_641_361.jpg,0.60800356,0.23807347,0.15392298
khanhha_noisy2::CRACK500_20160222_165037_1921_361.jpg,0.40867162,0.40050662,0.19082178
khanhha_noisy2::CRACK500_20160222_165037_1_361.jpg,0.4477822,0.35176152,0.20045634
khanhha_noisy2::CRACK500_20160222_165037_641_361.jpg,0.38261,0.38463473,0.23275533
khanhha_noisy2::CRACK500_20160222_165256_1281_1.jpg,0.2401403,0.70630604,0.053553697
khanhha_noisy2::CRACK500_20160222_165256_1281_721.jpg,0.62545466,0.1701815,0.20436387
khanhha_noisy2::CRACK500_20160222_165256_641_1.jpg,0.62592185,0.26663807,0.107440025
khanhha_noisy2::CRACK500_20160225_114503_1_361.jpg,0.3789115,0.5150585,0.10602998
khanhha_noisy2::CRACK500_20160302_155919_1281_721.jpg,0.389702,0.38326222,0.22703578
khanhha_noisy2::CRACK500_20160302_155919_641_1.jpg,0.31478485,0.30210242,0.38311273
khanhha_noisy2::CRACK500_20160302_155919_641_1081.jpg,0.5102843,0.28561562,0.20410004
khanhha_noisy2::CRACK500_20160306_103613_1_721.jpg,0.3363297,0.3015265,0.3621438
khanhha_noisy2::CRACK500_20160306_103638_1921_1081.jpg,0.30730656,0.31478357,0.3779099
khanhha_noisy2::CRACK500_20160306_103638_1_361.jpg,0.45701554,0.2729025,0.270082
khanhha_noisy2::CRACK500_20160306_103816_1_721.jpg,0.35707203,0.32482752,0.31810042
khanhha_noisy2::CRACK500_20160306_104527_1921_721.jpg,0.4742157,0.26638633,0.259398
khanhha_noisy2::CRACK500_20160306_104527_641_361.jpg,0.21514362,0.5293038,0.25555262
khanhha_noisy2::CRACK500_20160307_144202_1281_361.jpg,0.41323754,0.34248427,0.24427819
khanhha_noisy2::CRACK500_20160307_144202_1281_721.jpg,0.45448217,0.34536695,0.20015097
khanhha_noisy2::CRACK500_20160307_144842_1281_1.jpg,0.30591547,0.30327645,0.39080805
khanhha_noisy2::CRACK500_20160307_144842_1281_1081.jpg,0.24654253,0.5409613,0.21249618
khanhha_noisy2::CRACK500_20160307_145059_1921_361.jpg,0.10781584,0.58258504,0.3095992
khanhha_noisy2::CRACK500_20160307_163627_641_721.jpg,0.43014082,0.33439097,0.23546821
khanhha_noisy2::CRACK500_20160307_163641_1921_361.jpg,0.5219381,0.31044832,0.16761364
khanhha_noisy2::CRACK500_20160307_164400_641_1.jpg,0.5359986,0.2128394,0.25116205
khanhha_noisy2::CRACK500_20160308_072824_641_1.jpg,0.29988018,0.4228897,0.27723002
khanhha_noisy2::CRACK500_20160308_074330_1921_721.jpg,0.29377672,0.33501488,0.3712084
khanhha_noisy2::CRACK500_20160308_155737_1281_1.jpg,0.16828929,0.43858796,0.39312273
khanhha_noisy2::CRACK500_20160308_155737_1281_361.jpg,0.28910384,0.4604818,0.25041428
khanhha_noisy2::CRACK500_20160308_155737_1281_721.jpg,0.18972541,0.48565635,0.32461828
khanhha_noisy2::CRACK500_20160308_155737_1921_1.jpg,0.3536146,0.37786013,0.2685253
khanhha_noisy2::CRACK500_20160308_155737_1_1081.jpg,0.23038009,0.4271527,0.34246725
khanhha_noisy2::CRACK500_20160308_155737_641_721.jpg,0.34376583,0.35024545,0.30598876
khanhha_noisy2::CRACK500_20160308_155828_1281_721.jpg,0.43551257,0.34148046,0.22300701
khanhha_noisy2::CRACK500_20160308_155836_1921_361.jpg,0.3243304,0.6211805,0.054489132
khanhha_noisy2::CRACK500_20160308_155836_1921_721.jpg,0.6183003,0.26554593,0.11615375
khanhha_noisy2::CRACK500_20160310_114446_641_1081.jpg,0.38441655,0.31489676,0.30068666
khanhha_noisy2::CRACK500_20160316_142009_1281_361.jpg,0.23617247,0.37306505,0.39076242
khanhha_noisy2::CRACK500_20160316_142009_1281_721.jpg,0.35333803,0.45865074,0.18801124
khanhha_noisy2::CRACK500_20160316_142027_1281_721.jpg,0.5591234,0.24146494,0.19941165
khanhha_noisy2::CRACK500_20160316_143433_641_361.jpg,0.3226173,0.34274027,0.33464238
khanhha_noisy2::CRACK500_20160316_144230_641_1.jpg,0.25674045,0.42069206,0.3225675
khanhha_noisy2::CRACK500_20160316_183217_1281_1.jpg,0.6052938,0.2566533,0.1380529
khanhha_noisy2::CRACK500_20160321_185637_1_1081.jpg,0.28106806,0.31847084,0.4004611
khanhha_noisy2::CRACK500_20160324_170309_641_1.jpg,0.48344722,0.34731558,0.16923714
khanhha_noisy2::CRACK500_20160324_170309_641_361.jpg,0.21421678,0.3729167,0.41286647
khanhha_noisy2::CRACK500_20160324_170309_641_721.jpg,0.38168815,0.43487355,0.18343836
khanhha_noisy2::CRACK500_20160324_170542_1_721.jpg,0.47585917,0.33644435,0.18769647
khanhha_noisy2::CRACK500_20160326_142309_1281_721.jpg,0.33397743,0.32256857,0.34345394
khanhha_noisy2::CRACK500_20160328_150820_641_361.jpg,0.3267577,0.5905513,0.08269107
khanhha_noisy2::CRACK500_20160328_150940_1281_361.jpg,0.30464774,0.43769735,0.25765494
khanhha_noisy2::CRACK500_20160328_150940_1_1081.jpg,0.32347557,0.3008537,0.37567073
khanhha_noisy2::CRACK500_20160328_150940_641_1081.jpg,0.2911908,0.45641142,0.25239778
khanhha_noisy2::CRACK500_20160328_150940_641_361.jpg,0.3640322,0.29383358,0.34213427
khanhha_noisy2::CRACK500_20160328_151056_1_361.jpg,0.4045121,0.43200797,0.16347994
khanhha_noisy2::CRACK500_20160328_151056_641_1081.jpg,0.4699397,0.40512434,0.12493602
khanhha_noisy2::CRACK500_20160328_151151_1921_721.jpg,0.48656955,0.3578595,0.15557095
khanhha_noisy2::CRACK500_20160328_151151_1_1.jpg,0.59319746,0.26255542,0.14424713
khanhha_noisy2::CRACK500_20160328_151151_641_1081.jpg,0.4023741,0.41367528,0.1839506
khanhha_noisy2::CRACK500_20160328_151151_641_361.jpg,0.42098805,0.4134411,0.16557083
khanhha_noisy2::CRACK500_20160328_151241_1_1.jpg,0.36000606,0.4845586,0.15543531
khanhha_noisy2::CRACK500_20160328_151241_641_721.jpg,0.52965546,0.23703608,0.23330842
khanhha_noisy2::CRACK500_20160328_151244_1921_1081.jpg,0.42197388,0.42423564,0.15379046
khanhha_noisy2::CRACK500_20160328_151244_641_721.jpg,0.5867562,0.2583456,0.15489817
khanhha_noisy2::CRACK500_20160328_151343_1281_1.jpg,0.49618056,0.30458027,0.19923921
khanhha_noisy2::CRACK500_20160328_151343_641_721.jpg,0.4118614,0.30422723,0.28391135
khanhha_noisy2::CRACK500_20160328_153241_1281_721.jpg,0.28336233,0.48070064,0.23593698
khanhha_noisy2::CRACK500_20160328_153404_641_721.jpg,0.3163682,0.45766163,0.22597018
khanhha_noisy2::CRACK500_20160328_153544_1_1081.jpg,0.26802126,0.27182847,0.46015024
khanhha_noisy2::CRACK500_20160328_153544_1_721.jpg,0.27786508,0.4450706,0.27706426
khanhha_noisy2::CRACK500_20160328_153548_1281_721.jpg,0.21107513,0.38446474,0.40446016
khanhha_noisy2::CRACK500_20160328_153548_1921_721.jpg,0.21627726,0.53427815,0.24944453
khanhha_noisy2::CRACK500_20160328_153623_1_721.jpg,0.42593512,0.34027362,0.23379122
khanhha_noisy2::CRACK500_20160328_153657_1921_1081.jpg,0.30122867,0.4047685,0.29400277
khanhha_noisy2::CRACK500_20160328_153821_1_1.jpg,0.1730537,0.5168337,0.31011263
khanhha_noisy2::CRACK500_20160328_153848_1921_1.jpg,0.32714394,0.5116185,0.16123758
khanhha_noisy2::CRACK500_20160328_153918_1_361.jpg,0.20716931,0.51057535,0.28225538
khanhha_noisy2::CRACK500_20160328_153918_1_721.jpg,0.29306677,0.47421756,0.23271559
khanhha_noisy2::CRACK500_20160328_154318_1281_361.jpg,0.34030956,0.45463616,0.20505424
khanhha_noisy2::CRACK500_20160328_154318_641_1.jpg,0.28287005,0.32419944,0.3929305
khanhha_noisy2::CRACK500_20160328_154318_641_721.jpg,0.311116,0.4180774,0.27080655
khanhha_noisy2::CRACK500_20160329_094025_1921_361.jpg,0.28507698,0.33152485,0.38339818
khanhha_noisy2::CRACK500_20160329_094025_1_721.jpg,0.3286167,0.37118235,0.300201
khanhha_noisy2::CRACK500_20160329_094527_1_361.jpg,0.22944714,0.32776576,0.44278705
khanhha_noisy2::CRACK500_20160329_103626_1281_721.jpg,0.26926818,0.3098222,0.4209096
khanhha_noisy2::CRACK500_20160329_103626_641_721.jpg,0.22750908,0.4001203,0.37237066
khanhha_noisy2::CRACK500_20160329_103800_361_641.jpg,0.27703252,0.3063478,0.41661963
khanhha_noisy2::CRACK500_20160329_103807_721_1281.jpg,0.30332124,0.42063838,0.27604038
khanhha_noisy2::CRACK500_20160330_163725_1921_361.jpg,0.37892413,0.5631604,0.05791543
khanhha_noisy2::CRACK500_20160330_163725_641_1081.jpg,0.231306,0.64749676,0.12119724
khanhha_noisy2::CRACK500_20160330_165644_641_1081.jpg,0.30664876,0.4740939,0.21925735
khanhha_noisy2::CRACK500_20160330_170114_1281_361.jpg,0.31902173,0.56573546,0.115242764
khanhha_noisy2::CRACK500_20160330_170114_641_721.jpg,0.5478302,0.26706466,0.18510513
khanhha_noisy2::CRACK500_20160402_151049_641_721.jpg,0.1716539,0.34725407,0.48109195
khanhha_noisy2::CRACK500_20160402_151054_1281_361.jpg,0.26385367,0.46020892,0.2759375
khanhha_noisy2::CRACK500_20160402_151054_641_721.jpg,0.11647203,0.56175554,0.32177237
khanhha_noisy2::CRACK500_20160405_171431_641_1.jpg,0.27703252,0.3063478,0.41661963
khanhha_noisy2::CRACK500_20160405_171431_641_361.jpg,0.27703252,0.3063478,0.41661963
khanhha_noisy2::CRACK500_20160405_171712_1281_1.jpg,0.30038404,0.39925298,0.30036294
khanhha_noisy2::CRACK500_20160405_171712_1281_361.jpg,0.27703252,0.3063478,0.41661963
khanhha_noisy2::CRACK500_20160405_171712_1921_1.jpg,0.27703252,0.3063478,0.41661963
khanhha_noisy2::CRACK500_20160407_163257_1281_721.jpg,0.3808455,0.48039013,0.1387644
khanhha_noisy2::CRACK500_20160407_163257_641_361.jpg,0.14362109,0.55204517,0.3043337
khanhha_noisy2::CRACK500_IMG_2933_649_969.jpg,0.5744411,0.23270279,0.19285615
khanhha_noisy2::DeepCrack_11218-3.jpg,0.025109101,0.17013033,0.8047606
khanhha_noisy2::DeepCrack_11266-3.jpg,0.08446298,0.5147609,0.40077612
khanhha_noisy2::DeepCrack_11286-2.jpg,0.15677565,0.2373776,0.60584676
khanhha_noisy2::DeepCrack_11304.jpg,0.2641353,0.2129777,0.522887
khanhha_noisy2::GAPS384_test_0016_541_1.jpg,0.5865292,0.29478842,0.11868239
khanhha_noisy2::GAPS384_test_0016_541_641.jpg,0.7184714,0.14142321,0.14010541
khanhha_noisy2::GAPS384_train_0423_1_1.jpg,0.3129601,0.5338145,0.15322539
khanhha_noisy2::GAPS384_train_0538_541_1.jpg,0.7510684,0.18958329,0.05934824
khanhha_noisy2::GAPS384_train_0544_541_1.jpg,0.5772017,0.39885843,0.023939887
khanhha_noisy2::GAPS384_train_0552_1_641.jpg,0.31639686,0.37284195,0.31076115
khanhha_noisy2::GAPS384_train_0607_541_641.jpg,0.8501209,0.02670538,0.123173706
khanhha_noisy2::GAPS384_train_0609_541_641.jpg,0.69977117,0.21259244,0.087636515
khanhha_noisy2::GAPS384_train_0799_541_1.jpg,0.7149318,0.19157735,0.09349084
khanhha_noisy2::GAPS384_train_0942_541_1.jpg,0.7861252,0.100486524,0.1133883
khanhha_noisy2::GAPS384_train_0996_1_641.jpg,0.70460826,0.18986951,0.105522245
khanhha_noisy2::GAPS384_train_1117_1_1.jpg,0.21801867,0.5441062,0.23787513
khanhha_noisy2::GAPS384_train_1171_541_641.jpg,0.8144766,0.101182885,0.08434059
khanhha_noisy2::GAPS384_train_1374_541_1.jpg,0.67466646,0.2797752,0.045558285
khanhha_noisy2::GAPS384_train_1375_541_641.jpg,0.8013847,0.11082777,0.08778754
khanhha_noisy2::GAPS384_valid_0016_541_1.jpg,0.471388,0.48313677,0.04547525
khanhha_noisy2::Rissbilder_for_Florian_9S6A2786_1709_1270_2041_2349.jpg,0.43568316,0.30123413,0.26308265
khanhha_noisy2::Rissbilder_for_Florian_9S6A2786_641_1214_2289_2280.jpg,0.5934155,0.247235,0.15934949
khanhha_noisy2::Rissbilder_for_Florian_9S6A2788_0_0_3840_5760.jpg,0.5457465,0.25492907,0.19932438
khanhha_noisy2::Rissbilder_for_Florian_9S6A2788_827_2151_2719_2314.jpg,0.45019826,0.2777168,0.27208495
khanhha_noisy2::Rissbilder_for_Florian_9S6A2790_213_1721_2871_3688.jpg,0.40788993,0.544935,0.047175124
khanhha_noisy2::Rissbilder_for_Florian_9S6A2790_415_1305_3121_2371.jpg,0.45969716,0.4771451,0.0631578
khanhha_noisy2::Rissbilder_for_Florian_9S6A2790_750_1920_2101_2560.jpg,0.44955513,0.4672268,0.083218
khanhha_noisy2::Rissbilder_for_Florian_9S6A2793_377_1016_2309_2713.jpg,0.093337774,0.89841646,0.008245811
khanhha_noisy2::Rissbilder_for_Florian_9S6A2793_811_444_2800_3267.jpg,0.054018855,0.9331483,0.012832802
khanhha_noisy2::Rissbilder_for_Florian_9S6A2808_19_37_3435_3257.jpg,0.6989618,0.18086813,0.12017004
khanhha_noisy2::Rissbilder_for_Florian_9S6A2808_222_2951_3443_2623.jpg,0.62306523,0.20773126,0.16920352
khanhha_noisy2::Rissbilder_for_Florian_9S6A2808_30_709_3501_4305.jpg,0.7292471,0.12579045,0.14496252
khanhha_noisy2::Rissbilder_for_Florian_9S6A2818_205_138_2610_2193.jpg,0.3537204,0.5647569,0.08152268
khanhha_noisy2::Rissbilder_for_Florian_9S6A2818_208_545_3096_3152.jpg,0.28918195,0.64593786,0.064880155
khanhha_noisy2::Rissbilder_for_Florian_9S6A2818_22_73_3648_4328.jpg,0.15641132,0.7945808,0.049007867
khanhha_noisy2::Rissbilder_for_Florian_9S6A2818_287_1431_3198_4185.jpg,0.13257582,0.843383,0.024041124
khanhha_noisy2::Rissbilder_for_Florian_9S6A2818_819_1604_2582_2762.jpg,0.59552026,0.34498638,0.059493344
khanhha_noisy2::Rissbilder_for_Florian_9S6A2818_952_1532_2829_2875.jpg,0.35255915,0.58094996,0.06649087
khanhha_noisy2::Rissbilder_for_Florian_9S6A2823_106_892_3634_4471.jpg,0.20508608,0.77657396,0.018339952
khanhha_noisy2::Rissbilder_for_Florian_9S6A2827_1172_836_2226_2545.jpg,0.5082597,0.38607362,0.105666645
khanhha_noisy2::Rissbilder_for_Florian_9S6A2827_1553_813_2699_2293.jpg,0.36082873,0.4874856,0.15168571
khanhha_noisy2::Rissbilder_for_Florian_9S6A2828_111_1161_3542_4005.jpg,0.46480706,0.39675674,0.13843623
khanhha_noisy2::Rissbilder_for_Florian_9S6A2828_81_1831_3515_3918.jpg,0.41996187,0.4906178,0.08942028
khanhha_noisy2::Rissbilder_for_Florian_9S6A2828_958_2102_2564_2428.jpg,0.5319536,0.24942972,0.2186167
khanhha_noisy2::Rissbilder_for_Florian_9S6A2829_248_0_4607_3807.jpg,0.5546733,0.35683697,0.0884897
khanhha_noisy2::Rissbilder_for_Florian_9S6A2829_465_128_3261_3385.jpg,0.3438774,0.56104815,0.095074415
khanhha_noisy2::Rissbilder_for_Florian_9S6A2840_408_2141_3112_2692.jpg,0.6423467,0.17365421,0.18399908
khanhha_noisy2::Rissbilder_for_Florian_9S6A2840_520_1171_3029_3249.jpg,0.5608575,0.18751827,0.25162426
khanhha_noisy2::Rissbilder_for_Florian_9S6A2840_73_1408_3251_2521.jpg,0.55546844,0.30609125,0.1384403
khanhha_noisy2::Rissbilder_for_Florian_9S6A2840_7_1394_3830_4317.jpg,0.44324183,0.27269387,0.2840643
khanhha_noisy2::Rissbilder_for_Florian_9S6A2844_0_0_3840_5760.jpg,0.15925829,0.78970426,0.051037487
khanhha_noisy2::Rissbilder_for_Florian_9S6A2844_443_437_3072_2992.jpg,0.49044725,0.22151424,0.28803852
khanhha_noisy2::Rissbilder_for_Florian_9S6A2844_736_848_3078_2427.jpg,0.5650731,0.1997698,0.23515716
khanhha_noisy2::Rissbilder_for_Florian_9S6A2847_112_411_3688_4096.jpg,0.06455313,0.90498215,0.030464763
khanhha_noisy2::Rissbilder_for_Florian_9S6A2847_422_1541_2737_2708.jpg,0.07804845,0.87277764,0.049173985
khanhha_noisy2::Rissbilder_for_Florian_9S6A2847_57_1886_3694_3848.jpg,0.041126568,0.9385661,0.020307422
khanhha_noisy2::Rissbilder_for_Florian_9S6A2852_1108_175_3570_3421.jpg,0.68312377,0.19259393,0.12428234
khanhha_noisy2::Rissbilder_for_Florian_9S6A2852_356_540_3667_2981.jpg,0.6734144,0.19705883,0.12952678
khanhha_noisy2::Rissbilder_for_Florian_9S6A2853_1127_1463_2379_2376.jpg,0.72255605,0.19780974,0.07963412
khanhha_noisy2::Rissbilder_for_Florian_9S6A2853_826_286_2004_2464.jpg,0.58944273,0.355625,0.054932214
khanhha_noisy2::Rissbilder_for_Florian_9S6A2858_103_1887_2963_2745.jpg,0.57632315,0.29497075,0.1287061
khanhha_noisy2::Rissbilder_for_Florian_9S6A2858_138_1397_3695_4304.jpg,0.76031137,0.12135049,0.11833809
khanhha_noisy2::Rissbilder_for_Florian_9S6A2858_203_242_3312_2597.jpg,0.43154564,0.5126443,0.055810064
khanhha_noisy2::Rissbilder_for_Florian_9S6A2858_24_161_2934_2248.jpg,0.3600061,0.6020414,0.037952464
khanhha_noisy2::Rissbilder_for_Florian_9S6A2858_559_619_3260_3533.jpg,0.68394196,0.1736821,0.14237589
khanhha_noisy2::Rissbilder_for_Florian_9S6A2858_58_840_3696_4727.jpg,0.76329255,0.14876756,0.08793985
khanhha_noisy2::Rissbilder_for_Florian_9S6A2858_74_2277_2849_2285.jpg,0.69204265,0.16353472,0.14442267
khanhha_noisy2::Rissbilder_for_Florian_9S6A2858_825_486_2361_2715.jpg,0.6290397,0.2781003,0.09286002
khanhha_noisy2::Rissbilder_for_Florian_9S6A2861_1002_825_2601_2341.jpg,0.56875575,0.31773168,0.11351255
khanhha_noisy2::Rissbilder_for_Florian_9S6A2861_327_851_2964_3474.jpg,0.7736191,0.12460721,0.101773694
khanhha_noisy2::Rissbilder_for_Florian_9S6A2861_716_324_2856_3710.jpg,0.5873834,0.30787054,0.10474605
khanhha_noisy2::Rissbilder_for_Florian_9S6A2865_215_1866_2936_3607.jpg,0.59124213,0.30788696,0.10087089
khanhha_noisy2::Rissbilder_for_Florian_9S6A2865_321_3005_2468_2755.jpg,0.53852445,0.26771662,0.19375889
khanhha_noisy2::Rissbilder_for_Florian_9S6A2865_402_376_2830_3345.jpg,0.65752965,0.28614408,0.05632623
khanhha_noisy2::Rissbilder_for_Florian_9S6A2865_415_206_2924_3039.jpg,0.59029233,0.34349057,0.066217124
khanhha_noisy2::Rissbilder_for_Florian_9S6A2865_48_35_3665_3847.jpg,0.5648679,0.3999929,0.035139177
khanhha_noisy2::Rissbilder_for_Florian_9S6A2865_874_516_2613_2236.jpg,0.55211645,0.38389498,0.06398855
khanhha_noisy2::Rissbilder_for_Florian_9S6A2874_251_526_2458_2696.jpg,0.38394657,0.22337858,0.39267486
khanhha_noisy2::Rissbilder_for_Florian_9S6A2884_103_1141_3407_4451.jpg,0.17722647,0.41138366,0.41138986
khanhha_noisy2::Rissbilder_for_Florian_9S6A2884_158_1281_3498_4054.jpg,0.17133202,0.45169857,0.37696943
khanhha_noisy2::Rissbilder_for_Florian_9S6A2884_197_1323_3592_3665.jpg,0.10057725,0.46082228,0.43860042
khanhha_noisy2::Rissbilder_for_Florian_9S6A2884_19_1803_3537_2796.jpg,0.22083116,0.44939286,0.32977602
khanhha_noisy2::Rissbilder_for_Florian_9S6A2895_46_163_3635_3331.jpg,0.058857754,0.13638854,0.8047537
khanhha_noisy2::Rissbilder_for_Florian_9S6A2897_1309_1879_2158_2129.jpg,0.23474233,0.47100988,0.29424778
khanhha_noisy2::Rissbilder_for_Florian_9S6A2897_161_1181_3216_3670.jpg,0.15054384,0.41188866,0.43756747
khanhha_noisy2::Rissbilder_for_Florian_9S6A2897_480_85_2898_3545.jpg,0.14154911,0.4478275,0.41062337
khanhha_noisy2::Rissbilder_for_Florian_9S6A2897_575_1892_2708_3567.jpg,0.12754495,0.4618168,0.41063833
khanhha_noisy2::Rissbilder_for_Florian_9S6A2897_9_818_3756_3081.jpg,0.11270092,0.4497382,0.43756086
khanhha_noisy2::Rissbilder_for_Florian_9S6A2901_0_0_3840_5760.jpg,0.596788,0.3296838,0.07352814
khanhha_noisy2::Rissbilder_for_Florian_9S6A2901_55_3400_2984_2240.jpg,0.64419883,0.29426825,0.061532874
khanhha_noisy2::Rissbilder_for_Florian_9S6A2901_67_161_3343_3273.jpg,0.54039437,0.43766212,0.02194354
khanhha_noisy2::Rissbilder_for_Florian_9S6A2902_0_0_3840_5760.jpg,0.30770555,0.41949996,0.2727945
khanhha_noisy2::Rissbilder_for_Florian_9S6A2902_163_2262_3171_3274.jpg,0.28057358,0.44800952,0.27141693
khanhha_noisy2::Rissbilder_for_Florian_9S6A2902_192_967_2598_2117.jpg,0.32781073,0.6159711,0.056218103
khanhha_noisy2::Rissbilder_for_Florian_9S6A2903_385_511_3375_3468.jpg,0.5556165,0.24928996,0.19509345
khanhha_noisy2::Rissbilder_for_Florian_9S6A2903_438_739_2998_2746.jpg,0.6277819,0.21990752,0.1523105
khanhha_noisy2::Rissbilder_for_Florian_9S6A2910_0_0_3840_5760.jpg,0.70694,0.15273707,0.14032298
khanhha_noisy2::Rissbilder_for_Florian_9S6A2910_113_175_3097_2360.jpg,0.72466993,0.20802872,0.0673014
khanhha_noisy2::Rissbilder_for_Florian_9S6A2910_43_1959_3615_3077.jpg,0.78530115,0.11623372,0.09846514
khanhha_noisy2::Rissbilder_for_Florian_9S6A2910_59_1878_2063_2153.jpg,0.8463556,0.07961741,0.07402698
khanhha_noisy2::Rissbilder_for_Florian_9S6A2910_880_2365_2685_2887.jpg,0.70076454,0.18287231,0.11636311
khanhha_noisy2::Rissbilder_for_Florian_9S6A2915_1128_2752_2373_2395.jpg,0.5879906,0.36435258,0.04765685
khanhha_noisy2::Rissbilder_for_Florian_9S6A2915_757_2194_2406_2383.jpg,0.7895464,0.13992265,0.070531
khanhha_noisy2::Rissbilder_for_Florian_9S6A2919_1008_848_2956_2327.jpg,0.5063006,0.42206472,0.07163461
khanhha_noisy2::Rissbilder_for_Florian_9S6A2919_1139_6_3401_3091.jpg,0.36236858,0.5602588,0.077372536
khanhha_noisy2::Rissbilder_for_Florian_9S6A2919_311_375_3331_2605.jpg,0.6416419,0.19029178,0.16806634
khanhha_noisy2::Rissbilder_for_Florian_9S6A2919_910_611_3253_2887.jpg,0.44464046,0.47827545,0.07708413
khanhha_noisy2::Rissbilder_for_Florian_9S6A3103_225_1283_3432_3981.jpg,0.19383265,0.75063014,0.055537153
khanhha_noisy2::Rissbilder_for_Florian_9S6A3103_43_936_3780_4403.jpg,0.28700557,0.6436571,0.069337256
khanhha_noisy2::Rissbilder_for_Florian_9S6A3103_446_1371_3306_4182.jpg,0.21792614,0.69249594,0.089577906
khanhha_noisy2::Rissbilder_for_Florian_9S6A3103_513_1787_2538_2641.jpg,0.5031384,0.4125971,0.08426445
khanhha_noisy2::Rissbilder_for_Florian_9S6A3116_390_1097_2997_3963.jpg,0.2569984,0.122772954,0.6202287
khanhha_noisy2::Rissbilder_for_Florian_9S6A3116_555_2380_2956_2340.jpg,0.32946384,0.21381956,0.45671657
khanhha_noisy2::Rissbilder_for_Florian_9S6A3119_1583_2261_2214_2879.jpg,0.19103993,0.31400436,0.4949557
khanhha_noisy2::Rissbilder_for_Florian_9S6A3119_179_1656_3530_3136.jpg,0.1522051,0.25300297,0.59479195
khanhha_noisy2::Rissbilder_for_Florian_9S6A3119_520_1811_3242_3051.jpg,0.14985335,0.23423602,0.61591065
khanhha_noisy2::Rissbilder_for_Florian_9S6A3120_14_1099_3666_4059.jpg,0.28611532,0.2327865,0.48109815
khanhha_noisy2::Rissbilder_for_Florian_9S6A3120_217_1113_3331_4192.jpg,0.32225132,0.19175158,0.48599708
khanhha_noisy2::Rissbilder_for_Florian_9S6A3120_236_1671_2928_2310.jpg,0.36993334,0.14236185,0.4877049
khanhha_noisy2::Rissbilder_for_Florian_9S6A3120_875_1120_2089_2571.jpg,0.36583465,0.24966767,0.38449767
khanhha_noisy2::Rissbilder_for_Florian_9S6A3127_114_2737_3530_2753.jpg,0.50404936,0.29137555,0.20457508
khanhha_noisy2::Rissbilder_for_Florian_9S6A3127_54_1984_3083_3305.jpg,0.42091632,0.42079058,0.15829305
khanhha_noisy2::Rissbilder_for_Florian_9S6A3127_595_2880_2296_2633.jpg,0.2863446,0.20310086,0.51055455
khanhha_noisy2::Rissbilder_for_Florian_9S6A3127_653_1639_2788_3252.jpg,0.2458072,0.29490295,0.45928988
khanhha_noisy2::Rissbilder_for_Florian_9S6A3127_89_657_3259_3858.jpg,0.4887573,0.35391814,0.15732457
khanhha_noisy2::Rissbilder_for_Florian_9S6A3127_9_1051_3792_3003.jpg,0.42051247,0.36287385,0.21661367
khanhha_noisy2::Rissbilder_for_Florian_9S6A3130_190_1907_3510_2920.jpg,0.23060852,0.22120306,0.5481884
khanhha_noisy2::Rissbilder_for_Florian_9S6A3130_24_518_3753_4265.jpg,0.32401133,0.2552425,0.42074615
khanhha_noisy2::Rissbilder_for_Florian_9S6A3130_35_1947_3497_3753.jpg,0.27365148,0.17418946,0.5521591
khanhha_noisy2::Rissbilder_for_Florian_9S6A3130_485_279_2724_2520.jpg,0.3753611,0.47998047,0.14465846
khanhha_noisy2::Rissbilder_for_Florian_9S6A3130_741_2592_3069_3082.jpg,0.18729249,0.14190845,0.6707991
khanhha_noisy2::Rissbilder_for_Florian_9S6A3137_1104_2295_2445_3107.jpg,0.2692365,0.21352153,0.51724195
khanhha_noisy2::Rissbilder_for_Florian_9S6A3137_1228_1792_2559_2477.jpg,0.4196283,0.24151823,0.3388535
khanhha_noisy2::Rissbilder_for_Florian_9S6A3137_182_823_3574_4047.jpg,0.5768883,0.18612309,0.2369886
khanhha_noisy2::Rissbilder_for_Florian_9S6A3137_201_2087_3465_3669.jpg,0.39090067,0.1444192,0.46468022
khanhha_noisy2::Rissbilder_for_Florian_9S6A3137_313_2279_2337_2933.jpg,0.41621473,0.29304802,0.29073727
khanhha_noisy2::Rissbilder_for_Florian_9S6A3137_507_1097_2555_2213.jpg,0.5729573,0.33779702,0.08924572
khanhha_noisy2::Sylvie_Chambon_022.jpg,0.31537682,0.3384037,0.34621945
khanhha_noisy2::Sylvie_Chambon_038.jpg,0.392839,0.17381364,0.43334734
khanhha_noisy2::Sylvie_Chambon_039.jpg,0.49939552,0.32102862,0.17957588
khanhha_noisy2::Sylvie_Chambon_056.jpg,0.6942715,0.19356841,0.11216016
khanhha_noisy2::Sylvie_Chambon_073.jpg,0.19581088,0.364992,0.4391971
khanhha_noisy2::Sylvie_Chambon_087.jpg,0.5178076,0.17065382,0.31153858
khanhha_noisy2::Sylvie_Chambon_105.jpg,0.6116369,0.1544524,0.2339107
khanhha_noisy2::Sylvie_Chambon_116.jpg,0.41815272,0.19514875,0.38669848
khanhha_noisy2::Sylvie_Chambon_314.jpg,0.37305093,0.28786504,0.3390841
khanhha_noisy2::Sylvie_Chambon_319.jpg,0.3067524,0.25971925,0.43352836
khanhha_noisy2::Volker_DSC01624_0_0_2736_1824.jpg,0.07032315,0.84414524,0.085531674
khanhha_noisy2::Volker_DSC01632_0_0_1824_2736.jpg,0.19538665,0.2610093,0.543604
khanhha_noisy2::Volker_DSC01632_109_353_1680_1636.jpg,0.16231833,0.21698366,0.620698
khanhha_noisy2::Volker_DSC01639_1065_321_1284_1200.jpg,0.048605435,0.2489015,0.70249313
khanhha_noisy2::Volker_DSC01639_165_52_1412_1364.jpg,0.026163345,0.16227666,0.81156
khanhha_noisy2::Volker_DSC01646_226_19_1273_1645.jpg,0.046606198,0.64974207,0.30365172
khanhha_noisy2::Volker_DSC01646_456_54_2117_1728.jpg,0.070527665,0.43436176,0.49511063
khanhha_noisy2::Volker_DSC01651_163_249_1349_1454.jpg,0.07782819,0.52894354,0.39322826
khanhha_noisy2::Volker_DSC01651_61_82_1347_1168.jpg,0.12922293,0.32332942,0.5474476
khanhha_noisy2::Volker_DSC01657_130_62_1583_1831.jpg,0.42887816,0.14079016,0.43033168
khanhha_noisy2::Volker_DSC01657_290_50_1476_1614.jpg,0.57098746,0.1656171,0.26339543
khanhha_noisy2::Volker_DSC01657_665_1068_1125_1350.jpg,0.4602028,0.1918816,0.34791562
khanhha_noisy2::Volker_DSC01657_8_1012_1813_1672.jpg,0.5454709,0.15628731,0.29824176
khanhha_noisy2::Volker_DSC01658_0_0_1824_2736.jpg,0.19513038,0.19289654,0.61197305
khanhha_noisy2::Volker_DSC01658_167_371_1635_1643.jpg,0.29654506,0.1942,0.509255
khanhha_noisy2::Volker_DSC01658_352_1474_1034_1008.jpg,0.2379212,0.21025383,0.551825
khanhha_noisy2::Volker_DSC01658_470_825_1327_1606.jpg,0.4375034,0.16991925,0.3925773
khanhha_noisy2::Volker_DSC01660_192_247_1588_1991.jpg,0.6313602,0.18758343,0.18105634
khanhha_noisy2::Volker_DSC01669_0_0_1824_2736.jpg,0.47892582,0.1504187,0.37065545
khanhha_noisy2::Volker_DSC01669_9_1042_1814_1517.jpg,0.65517116,0.16102533,0.18380353
khanhha_noisy2::Volker_DSC01695_0_0_2736_1824.jpg,0.018750962,0.96082956,0.020419465
khanhha_noisy2::Volker_DSC01702_39_31_1703_1771.jpg,0.67101055,0.25472808,0.07426133
khanhha_noisy2::Volker_DSC01702_418_156_1024_1333.jpg,0.60401803,0.29895815,0.09702378
khanhha_noisy2::cracktree200_6203.jpg,0.6841646,0.26113942,0.054695945
khanhha_noisy2::cracktree200_6243.jpg,0.53730375,0.2854999,0.1771964
khanhha_noisy2::cracktree200_6247.jpg,0.5959785,0.35157537,0.052446045
khanhha_noisy2::cracktree200_6310.jpg,0.33956087,0.5597675,0.10067171
khanhha_noisy2::cracktree200_6635.jpg,0.89570624,0.05120137,0.05309235
khanhha_noisy2::cracktree200_6774.jpg,0.55541676,0.29934862,0.1452346
khanhha_noisy2::forest_022.jpg,0.31537682,0.3384037,0.34621945
khanhha_noisy2::forest_082.jpg,0.4634864,0.11973988,0.41677374
khanhha_noisy2::forest_083.jpg,0.2028174,0.22906056,0.568122
khanhha_noisy2::forest_104.jpg,0.33007678,0.16673268,0.5031906
khanhha_noisy2::noncrack_noncrack_concrete_wall_0_0.jpg.jpg,0.0012349928,0.90248907,0.096275985
khanhha_noisy2::noncrack_noncrack_concrete_wall_0_3.jpg.jpg,0.00078832527,0.9384402,0.060771458
khanhha_noisy2::noncrack_noncrack_concrete_wall_11_4.jpg.jpg,0.106125586,0.82642853,0.067445904
khanhha_noisy2::noncrack_noncrack_concrete_wall_16_1.jpg.jpg,0.07224085,0.91252023,0.015238942
khanhha_noisy2::noncrack_noncrack_concrete_wall_16_5.jpg.jpg,0.062387183,0.91769624,0.019916508
khanhha_noisy2::noncrack_noncrack_concrete_wall_18_1.jpg.jpg,0.026923295,0.9643373,0.00873943
khanhha_noisy2::noncrack_noncrack_concrete_wall_18_11.jpg.jpg,0.05069027,0.9351788,0.014130854
khanhha_noisy2::noncrack_noncrack_concrete_wall_18_12.jpg.jpg,0.020164827,0.9738783,0.0059568672
khanhha_noisy2::noncrack_noncrack_concrete_wall_18_18.jpg.jpg,0.020077003,0.9726964,0.007226473
khanhha_noisy2::noncrack_noncrack_concrete_wall_18_19.jpg.jpg,0.030732207,0.96245414,0.0068136975
khanhha_noisy2::noncrack_noncrack_concrete_wall_18_3.jpg.jpg,0.023483627,0.9694113,0.0071050543
khanhha_noisy2::noncrack_noncrack_concrete_wall_18_9.jpg.jpg,0.03257289,0.95947146,0.007955621
khanhha_noisy2::noncrack_noncrack_concrete_wall_24_19.jpg.jpg,0.04539099,0.9492667,0.005342393
khanhha_noisy2::noncrack_noncrack_concrete_wall_24_31.jpg.jpg,0.0128578,0.9842345,0.0029076925
khanhha_noisy2::noncrack_noncrack_concrete_wall_24_35.jpg.jpg,0.0076077427,0.99110854,0.0012836922
khanhha_noisy2::noncrack_noncrack_concrete_wall_24_38.jpg.jpg,0.02141912,0.97295594,0.00562491
khanhha_noisy2::noncrack_noncrack_concrete_wall_24_4.jpg.jpg,0.007754154,0.99011385,0.002132
khanhha_noisy2::noncrack_noncrack_concrete_wall_24_8.jpg.jpg,0.021988878,0.9749665,0.00304458
khanhha_noisy2::noncrack_noncrack_concrete_wall_29_6.jpg.jpg,0.06618301,0.92236185,0.011455116
khanhha_noisy2::noncrack_noncrack_concrete_wall_33_4.jpg.jpg,0.04057854,0.9440743,0.015347229
khanhha_noisy2::noncrack_noncrack_concrete_wall_38_4.jpg.jpg,0.0018509451,0.98784316,0.010305903
khanhha_noisy2::noncrack_noncrack_concrete_wall_38_5.jpg.jpg,0.0023457198,0.989144,0.008510312
khanhha_noisy2::noncrack_noncrack_concrete_wall_38_6.jpg.jpg,0.0023224563,0.98828065,0.009396946
khanhha_noisy2::noncrack_noncrack_concrete_wall_43_14.jpg.jpg,0.032989874,0.95645195,0.010558202
khanhha_noisy2::noncrack_noncrack_concrete_wall_43_15.jpg.jpg,0.044500936,0.94011885,0.015380307
khanhha_noisy2::noncrack_noncrack_concrete_wall_43_18.jpg.jpg,0.051071953,0.92847294,0.020455169
khanhha_noisy2::noncrack_noncrack_concrete_wall_43_2.jpg.jpg,0.10665077,0.8510946,0.042254616
khanhha_noisy2::noncrack_noncrack_concrete_wall_43_25.jpg.jpg,0.09273343,0.8718359,0.03543064
khanhha_noisy2::noncrack_noncrack_concrete_wall_43_34.jpg.jpg,0.0305478,0.9512055,0.018246675
khanhha_noisy2::noncrack_noncrack_concrete_wall_43_42.jpg.jpg,0.034794632,0.9549203,0.010285092
khanhha_noisy2::noncrack_noncrack_concrete_wall_43_44.jpg.jpg,0.029385185,0.9617818,0.008832954
khanhha_noisy2::noncrack_noncrack_concrete_wall_43_48.jpg.jpg,0.04035851,0.9437757,0.015865698
khanhha_noisy2::noncrack_noncrack_concrete_wall_43_50.jpg.jpg,0.04047318,0.95028895,0.00923786
khanhha_noisy2::noncrack_noncrack_concrete_wall_47_4.jpg.jpg,0.015523569,0.97841567,0.006060714
khanhha_noisy2::noncrack_noncrack_concrete_wall_47_6.jpg.jpg,0.015523569,0.97841567,0.006060714
khanhha_noisy2::noncrack_noncrack_concrete_wall_55_10.jpg.jpg,0.02561307,0.96907806,0.0053088814
khanhha_noisy2::noncrack_noncrack_concrete_wall_55_24.jpg.jpg,0.030321084,0.9643199,0.0053590033
khanhha_noisy2::noncrack_noncrack_concrete_wall_55_29.jpg.jpg,0.08067898,0.9113672,0.007953859
khanhha_noisy2::noncrack_noncrack_concrete_wall_55_32.jpg.jpg,0.03904123,0.9483789,0.012579811
khanhha_noisy2::noncrack_noncrack_concrete_wall_55_38.jpg.jpg,0.049347725,0.9397077,0.010944487
khanhha_noisy2::noncrack_noncrack_concrete_wall_55_4.jpg.jpg,0.0716673,0.91899246,0.009340259
khanhha_noisy2::noncrack_noncrack_concrete_wall_55_41.jpg.jpg,0.054803684,0.9358629,0.00933336
khanhha_noisy2::noncrack_noncrack_concrete_wall_55_49.jpg.jpg,0.051968064,0.93491685,0.013115065
khanhha_noisy2::noncrack_noncrack_concrete_wall_55_6.jpg.jpg,0.04522107,0.9455396,0.009239312
khanhha_noisy2::noncrack_noncrack_concrete_wall_57_11.jpg.jpg,0.025079394,0.950369,0.024551587
khanhha_noisy2::noncrack_noncrack_concrete_wall_57_6.jpg.jpg,0.03727349,0.9223381,0.04038836
khanhha_noisy2::noncrack_noncrack_concrete_wall_66_1.jpg.jpg,0.014979929,0.9638998,0.021120302
khanhha_noisy2::noncrack_noncrack_concrete_wall_66_10.jpg.jpg,0.0153467385,0.9770446,0.007608708
khanhha_noisy2::noncrack_noncrack_concrete_wall_66_21.jpg.jpg,0.0137966275,0.9758162,0.010387127
khanhha_noisy2::noncrack_noncrack_concrete_wall_66_8.jpg.jpg,0.014377416,0.97233224,0.0132903755
khanhha_noisy2::noncrack_noncrack_concrete_wall_79_2.jpg.jpg,0.08072521,0.89452094,0.024753893
khanhha_noisy2::noncrack_noncrack_concrete_wall_79_6.jpg.jpg,0.05380561,0.9155746,0.030619774
khanhha_noisy2::noncrack_noncrack_concrete_wall_99_2.jpg.jpg,0.016980574,0.97433573,0.008683757
road420::2023_10_30_15_44_IMG_5890.jpg,0.2868108,0.4411536,0.2720356
road420::2023_10_30_15_51_IMG_5908.jpg,0.42294183,0.09236318,0.48469502
road420::2023_10_30_15_56_IMG_5919.jpg,0.1570709,0.015982516,0.82694656
road420::2023_10_30_15_59_IMG_5927.jpg,0.5275982,0.1515635,0.3208383
road420::2023_10_30_16_15_IMG_5933.jpg,0.13499849,0.02381061,0.8411909
road420::2023_10_30_16_15_IMG_5935.jpg,0.75533193,0.09560748,0.14906055
road420::2023_10_30_16_15_IMG_5936.jpg,0.76244414,0.05104875,0.18650709
road420::2023_10_30_16_17_IMG_5941.jpg,0.30496156,0.030165736,0.66487265
road420::2023_10_30_16_19_IMG_5953.jpg,0.678934,0.18061057,0.1404555
road420::2023_10_30_16_20_IMG_5955.jpg,0.03292739,0.017825577,0.949247
road420::2023_10_30_16_22_IMG_5961.jpg,0.5047174,0.13225749,0.36302507
road420::2023_10_30_16_24_IMG_5970.jpg,0.6044717,0.1377533,0.257775
road420::2023_10_30_16_25_IMG_5973.jpg,0.1570754,0.027983902,0.8149407
road420::2023_10_30_16_28_IMG_5981.jpg,0.1728934,0.050737612,0.776369
road420::2023_10_30_16_29_IMG_5983.jpg,0.9079224,0.043159544,0.048918054
road420::2023_10_30_16_30_IMG_5987.jpg,0.6190447,0.25241217,0.12854312
road420::2023_10_30_16_38_IMG_6011.jpg,0.09522587,0.13160828,0.7731658
road420::2023_10_30_16_39_IMG_6014.jpg,0.22208202,0.036640722,0.7412773
road420::2023_10_30_16_39_IMG_6015.jpg,0.16158411,0.08005211,0.7583637
road420::2023_10_30_16_41_IMG_6025.jpg,0.4326896,0.0414161,0.5258943
road420::2023_10_30_16_41_IMG_6029.jpg,0.34997675,0.028114991,0.62190825
road420::2023_10_30_16_47_IMG_6043.jpg,0.3137961,0.065553114,0.62065077
road420::2023_10_30_16_47_IMG_6044.jpg,0.29448014,0.084237054,0.6212828
road420::2023_10_30_16_47_IMG_6046.jpg,0.18840961,0.02594048,0.7856499
road420::2023_10_30_16_48_IMG_6049.jpg,0.18321334,0.031580925,0.7852057
road420::2023_10_30_16_48_IMG_6050.jpg,0.3535281,0.054343212,0.5921287
road420::2023_10_30_16_49_IMG_6053.jpg,0.7266276,0.048605014,0.22476742
road420::2023_10_30_16_55_IMG_6072.jpg,0.40604818,0.108343,0.4856088
road420::2023_10_30_16_56_IMG_6074.jpg,0.28783885,0.073293306,0.63886786
road420::2023_10_30_16_57_IMG_6079.jpg,0.41206926,0.05352641,0.5344044
road420::2023_10_30_16_57_IMG_6081.jpg,0.36924392,0.055649143,0.5751069
road420::2023_10_30_17_01_IMG_6108.jpg,0.5538786,0.04779502,0.39832634
road420::2023_10_30_17_03_IMG_6115.jpg,0.5257668,0.12751706,0.34671614
road420::2023_10_30_17_03_IMG_6121.jpg,0.33692747,0.14372432,0.5193482
road420::2023_10_30_17_04_IMG_6125.jpg,0.39634168,0.12570044,0.47795787
road420::2023_10_30_17_04_IMG_6126.jpg,0.2001131,0.059911165,0.73997575
road420::2023_10_30_17_06_IMG_6139.jpg,0.53433514,0.0970991,0.36856574
road420::2023_10_30_17_25_IMG_6153.jpg,0.35645092,0.051536225,0.5920129
road420::2023_10_30_17_25_IMG_6154.jpg,0.38464928,0.039580133,0.5757706
road420::2023_10_30_17_28_IMG_6161.jpg,0.70272464,0.022202875,0.27507246
road420::2023_10_30_17_29_IMG_6162.jpg,0.1995639,0.10675639,0.69367975
road420::2023_10_30_17_31_IMG_6169.jpg,0.3913993,0.048002366,0.5605984
road420::2023_10_30_17_32_IMG_6176.jpg,0.4707144,0.026933964,0.5023517
road420::2023_10_30_17_33_IMG_6179.jpg,0.41974828,0.12669824,0.45355344
road420::2023_10_30_17_35_IMG_6187.jpg,0.04335773,0.13389347,0.82274884
road420::2023_10_30_17_35_IMG_6189.jpg,0.100822456,0.028244924,0.87093264
road420::2023_10_31_13_43_IMG_6217.jpg,0.3829127,0.32057676,0.29651046
road420::2023_10_31_13_44_IMG_6218.jpg,0.9256753,0.031071225,0.043253556
road420::2023_10_31_13_57_IMG_6228.jpg,0.52163154,0.23521821,0.24315032
road420::2023_10_31_14_15_IMG_6237.jpg,0.29495075,0.035515226,0.669534
road420::2023_10_31_14_15_IMG_6240.jpg,0.40726426,0.097297266,0.4954385
road420::2023_10_31_14_27_IMG_6255.jpg,0.9074316,0.013717588,0.07885083
road420::2023_10_31_14_29_IMG_6263.jpg,0.7874448,0.047238935,0.16531633
road420::2023_10_31_14_30_IMG_6267.jpg,0.87964123,0.041729257,0.078629464
road420::2023_10_31_14_35_IMG_6271.jpg,0.84895235,0.027259214,0.123788394
road420::2023_10_31_14_36_IMG_6277.jpg,0.7964751,0.037769385,0.16575557
road420::2023_10_31_14_43_IMG_6288.jpg,0.3507306,0.07988511,0.5693843
road420::2023_10_31_14_44_IMG_6289.jpg,0.5111405,0.003940784,0.48491874
road420::2023_10_31_14_47_IMG_6295.jpg,0.34757715,0.013288277,0.6391346
road420::2023_10_31_14_49_IMG_6303.jpg,0.797684,0.018299455,0.18401647
road420::2023_11_01_20_21_IMG_6340.jpg,0.033675656,0.14945503,0.8168694
road420::2023_11_01_20_23_IMG_6342.jpg,0.11264134,0.2402316,0.6471271
road420::2023_11_01_20_33_IMG_6353.jpg,0.7530099,0.046583936,0.20040612
road420::2023_11_01_20_36_IMG_6356.jpg,0.14464466,0.040338617,0.81501675
road420::2023_11_01_20_42_IMG_6368.jpg,0.83941984,0.039816312,0.12076385
road420::2023_11_01_20_44_IMG_6371.jpg,0.38976452,0.12008332,0.49015215
road420::2023_11_01_20_46_IMG_6373.jpg,0.43090895,0.18161082,0.38748023
road420::2023_11_05_21_01_IMG_6442.jpg,0.26804245,0.38087726,0.3510804
road420::2023_11_05_21_05_IMG_6451.jpg,0.16785975,0.053857207,0.778283
road420::2023_11_05_21_07_IMG_6455.jpg,0.9030592,0.014250109,0.082690634
road420::2023_11_05_21_08_IMG_6456.jpg,0.31496271,0.17624862,0.50878865
road420::2023_11_05_21_22_IMG_6475.jpg,0.5842224,0.045206837,0.37057087
road420::2023_11_05_21_25_IMG_6484.jpg,0.6724983,0.019883458,0.30761823
road420::2023_11_05_21_25_IMG_6485.jpg,0.49441966,0.2194403,0.28614005
road420::2023_11_05_21_27_IMG_6492.jpg,0.49021402,0.14300708,0.3667789
road420::2023_11_05_21_30_IMG_6499.jpg,0.26616368,0.035358332,0.698478
road420::2023_11_05_21_34_IMG_6509.jpg,0.04885783,0.011950051,0.9391922
road420::2023_11_05_21_35_IMG_6510.jpg,0.33555636,0.31274235,0.35170132
road420::2023_11_05_21_39_IMG_6518.jpg,0.28712782,0.14584789,0.5670243
road420::2023_11_05_21_39_IMG_6521.jpg,0.121307105,0.49043658,0.38825628
road420::2023_11_05_21_40_IMG_6525.jpg,0.40061355,0.4455926,0.15379386
road420::2023_11_05_21_41_IMG_6527.jpg,0.49321792,0.27372673,0.23305528
facade390::DJ_Wall_105.JPG,0.6811683,0.026839836,0.29199186
facade390::DJ_Wall_108.JPG,0.26481465,0.17010123,0.56508416
facade390::DJ_Wall_117.JPG,0.29689813,0.29167256,0.41142935
facade390::DJ_Wall_120.JPG,0.3891497,0.2683498,0.3425005
facade390::DJ_Wall_134.JPG,0.73614156,0.13172843,0.13212997
facade390::DJ_Wall_140.JPG,0.7969759,0.07296608,0.13005804
facade390::DJ_Wall_145.JPG,0.8710498,0.04186397,0.087086245
facade390::DJ_Wall_146.JPG,0.697757,0.1227567,0.17948619
facade390::DJ_Wall_147.JPG,0.829942,0.08213948,0.08791846
facade390::DJ_Wall_149.JPG,0.6354842,0.17392454,0.19059119
facade390::DJ_Wall_153.JPG,0.9080179,0.04050377,0.05147834
facade390::DJ_Wall_154.JPG,0.8375099,0.025654735,0.13683541
facade390::DJ_Wall_155.JPG,0.78780526,0.04111051,0.17108418
facade390::DJ_Wall_160.JPG,0.8013611,0.06371024,0.13492857
facade390::DJ_Wall_173.JPG,0.6630991,0.17466962,0.16223131
facade390::DJ_Wall_178.JPG,0.716505,0.04511802,0.23837702
facade390::DJ_Wall_180.JPG,0.64123994,0.19384813,0.16491191
facade390::DJ_Wall_181.JPG,0.67760384,0.09505734,0.22733885
facade390::DJ_Wall_185.JPG,0.72572404,0.034842163,0.23943381
facade390::DJ_Wall_186.JPG,0.7891729,0.03381684,0.17701031
facade390::DJ_Wall_192.JPG,0.7551137,0.050294414,0.19459184
facade390::DJ_Wall_194.JPG,0.23388305,0.2528634,0.5132535
facade390::DJ_Wall_2.JPG,0.24185596,0.18503337,0.57311076
facade390::DJ_Wall_203.JPG,0.18632045,0.2809033,0.5327762
facade390::DJ_Wall_207.JPG,0.47868466,0.15363358,0.36768168
facade390::DJ_Wall_209.JPG,0.4581083,0.091658846,0.45023295
facade390::DJ_Wall_21.JPG,0.13651401,0.18920517,0.6742808
facade390::DJ_Wall_212.JPG,0.40399706,0.08441147,0.5115915
facade390::DJ_Wall_218.JPG,0.48454872,0.045831677,0.46961966
facade390::DJ_Wall_226.JPG,0.28638455,0.010698533,0.70291686
facade390::DJ_Wall_233.JPG,0.68128157,0.11111794,0.20760052
facade390::DJ_Wall_234.JPG,0.5466223,0.07240365,0.38097408
facade390::DJ_Wall_236.JPG,0.638158,0.026894044,0.33494794
facade390::DJ_Wall_245.JPG,0.8207171,0.021815136,0.15746774
facade390::DJ_Wall_248.JPG,0.07566167,0.035004117,0.88933426
facade390::DJ_Wall_249.JPG,0.05532083,0.005980846,0.9386983
facade390::DJ_Wall_25.JPG,0.36692545,0.046374205,0.5867003
facade390::DJ_Wall_257.JPG,0.115705825,0.005231782,0.8790624
facade390::DJ_Wall_26.JPG,0.2852968,0.047106907,0.6675963
facade390::DJ_Wall_262.JPG,0.03354997,0.002127017,0.964323
facade390::DJ_Wall_266.JPG,0.10991195,0.011883489,0.8782045
facade390::DJ_Wall_267.JPG,0.087463304,0.011332479,0.9012042
facade390::DJ_Wall_269.JPG,0.5111007,0.11851004,0.37038928
facade390::DJ_Wall_270.JPG,0.5110627,0.06633355,0.42260376
facade390::DJ_Wall_280.JPG,0.6203956,0.13211413,0.24749029
facade390::DJ_Wall_284.JPG,0.15668644,0.017480027,0.8258335
facade390::DJ_Wall_285.JPG,0.3771242,0.027334517,0.5955413
facade390::DJ_Wall_288.JPG,0.31733197,0.03322926,0.6494388
facade390::DJ_Wall_291.JPG,0.11646921,0.028269613,0.8552611
facade390::DJ_Wall_298.JPG,0.61067796,0.07762242,0.3116997
facade390::DJ_Wall_30.JPG,0.07563155,0.23408705,0.6902814
facade390::DJ_Wall_307.JPG,0.32467988,0.60366786,0.07165233
facade390::DJ_Wall_311.JPG,0.2823199,0.25906804,0.4586121
facade390::DJ_Wall_312.JPG,0.17298329,0.18694536,0.6400713
facade390::DJ_Wall_314.JPG,0.51000005,0.070560835,0.4194391
facade390::DJ_Wall_324.JPG,0.42568672,0.06908584,0.5052274
facade390::DJ_Wall_330.JPG,0.23968254,0.06708001,0.6932374
facade390::DJ_Wall_338.JPG,0.5416853,0.23520803,0.22310671
facade390::DJ_Wall_339.JPG,0.62515104,0.14789064,0.2269583
facade390::DJ_Wall_340.JPG,0.70245606,0.21952763,0.07801625
facade390::DJ_Wall_345.JPG,0.6332646,0.08118228,0.28555313
facade390::DJ_Wall_346.JPG,0.53306556,0.07132737,0.39560708
facade390::DJ_Wall_348.JPG,0.3323564,0.06236046,0.60528314
facade390::DJ_Wall_351.JPG,0.36969206,0.075665966,0.55464196
facade390::DJ_Wall_357.JPG,0.08225848,0.5592999,0.35844165
facade390::DJ_Wall_363.JPG,0.25324476,0.093377806,0.6533775
facade390::DJ_Wall_37.JPG,0.13625737,0.24036135,0.6233812
facade390::DJ_Wall_372.JPG,0.21218027,0.27816075,0.509659
facade390::DJ_Wall_38.JPG,0.20293373,0.15249805,0.6445682
facade390::DJ_Wall_382.JPG,0.3831156,0.18830493,0.4285795
facade390::DJ_Wall_386.JPG,0.23537067,0.1645924,0.60003686
facade390::DJ_Wall_389.JPG,0.48346874,0.10737855,0.40915275
facade390::DJ_Wall_41.JPG,0.10754311,0.10375669,0.7887002
facade390::DJ_Wall_5.JPG,0.22024947,0.52895874,0.25079182
facade390::DJ_Wall_53.JPG,0.07986895,0.14245516,0.7776759
facade390::DJ_Wall_55.JPG,0.25305325,0.1394871,0.6074596
facade390::DJ_Wall_59.JPG,0.2873785,0.054648753,0.65797275
facade390::DJ_Wall_62.JPG,0.24596287,0.1897289,0.5643082
facade390::DJ_Wall_63.JPG,0.21357274,0.16424158,0.62218577
facade390::DJ_Wall_64.JPG,0.56957585,0.04982438,0.3805998
facade390::DJ_Wall_69.JPG,0.21791717,0.07732024,0.7047626
facade390::DJ_Wall_7.JPG,0.05246126,0.5922808,0.35525793
facade390::DJ_Wall_82.JPG,0.66074836,0.063399546,0.27585214
facade390::DJ_Wall_9.JPG,0.3272572,0.19371748,0.4790253
facade390::DJ_Wall_90.JPG,0.17936401,0.11855705,0.7020789
facade390::DJ_Wall_97.JPG,0.26952752,0.118917964,0.61155456
facade390::DJ_Wall_98.JPG,0.16407298,0.059637513,0.7762895
concrete3k::027_10.jpg,0.41824758,0.110547826,0.47120458
concrete3k::027_19.jpg,0.6611181,0.10918736,0.22969456
concrete3k::027_20.jpg,0.7300414,0.059816424,0.21014221
concrete3k::027_30.jpg,0.4100156,0.33410433,0.25588003
concrete3k::027_38.jpg,0.52218133,0.16032232,0.31749633
concrete3k::027_39.jpg,0.20869924,0.40065074,0.39064997
concrete3k::037_16.jpg,0.8256311,0.0869764,0.08739253
concrete3k::037_19.jpg,0.14462054,0.45575082,0.39962858
concrete3k::037_20.jpg,0.16950156,0.60555524,0.22494313
concrete3k::037_22.jpg,0.1744554,0.13838708,0.68715745
concrete3k::037_31.jpg,0.24872425,0.2874173,0.4638585
concrete3k::037_39.jpg,0.1869555,0.60010445,0.21294005
concrete3k::039_20.jpg,0.29542944,0.3308394,0.3737311
concrete3k::039_24.jpg,0.68053323,0.14684713,0.17261967
concrete3k::039_37.jpg,0.3050642,0.07046977,0.624466
concrete3k::043_12.jpg,0.29683673,0.09293962,0.61022365
concrete3k::043_14.jpg,0.24380213,0.17629798,0.5798999
concrete3k::043_20.jpg,0.46565896,0.16203958,0.3723014
concrete3k::043_23.jpg,0.666845,0.16396776,0.16918722
concrete3k::043_25.jpg,0.5032922,0.09557451,0.40113333
concrete3k::043_26.jpg,0.46622398,0.26814252,0.26563343
concrete3k::043_33.jpg,0.64716476,0.07863307,0.27420214
concrete3k::047_18.jpg,0.42795473,0.38849175,0.18355347
concrete3k::047_19.jpg,0.76144236,0.15828077,0.08027689
concrete3k::047_20.jpg,0.3835121,0.3050113,0.3114766
concrete3k::047_21.jpg,0.3376364,0.44881946,0.21354412
concrete3k::047_23.jpg,0.58542484,0.13096026,0.2836149
concrete3k::047_26.jpg,0.35848293,0.138135,0.5033821
concrete3k::047_28.jpg,0.4137977,0.088905975,0.49729624
concrete3k::047_8.jpg,0.7190822,0.12947676,0.15144107
concrete3k::047_9.jpg,0.6099381,0.21726586,0.17279606
concrete3k::052_36.jpg,0.4336567,0.3015052,0.26483807
concrete3k::052_37.jpg,0.3156235,0.2420847,0.44229186
concrete3k::052_4.jpg,0.31164607,0.39940748,0.28894642
concrete3k::052_44.jpg,0.23904891,0.3643179,0.3966332
concrete3k::062_10.jpg,0.25256154,0.1734834,0.573955
concrete3k::062_16.jpg,0.41508603,0.28488347,0.30003056
concrete3k::062_18.jpg,0.14460261,0.5076219,0.3477755
concrete3k::062_19.jpg,0.1784965,0.44898376,0.37251967
concrete3k::062_20.jpg,0.16205016,0.5402639,0.29768595
concrete3k::062_21.jpg,0.22344291,0.41534847,0.3612086
concrete3k::062_29.jpg,0.27810267,0.47305182,0.24884552
concrete3k::062_30.jpg,0.17854056,0.47873738,0.342722
concrete3k::062_31.jpg,0.27222067,0.18980218,0.53797716
concrete3k::062_39.jpg,0.53733736,0.23119247,0.23147024
concrete3k::062_5.jpg,0.38695735,0.137706,0.47533664
concrete3k::062_9.jpg,0.11954276,0.06528094,0.81517637
concrete3k::072_25.jpg,0.562222,0.26687843,0.17089956
concrete3k::072_29.jpg,0.42325583,0.39635056,0.18039358
concrete3k::072_37.jpg,0.25822094,0.18686128,0.55491775
concrete3k::072_38.jpg,0.365402,0.40848744,0.22611053
concrete3k::073_1.jpg,0.48089737,0.16213548,0.35696715
concrete3k::073_17.jpg,0.45233437,0.16909264,0.3785729
concrete3k::073_24.jpg,0.8004937,0.1071206,0.0923857
concrete3k::073_34.jpg,0.5669274,0.32100403,0.112068675
concrete3k::073_35.jpg,0.4197454,0.44265875,0.13759589
concrete3k::073_37.jpg,0.43999332,0.33636448,0.22364226
concrete3k::073_47.jpg,0.56770086,0.038799733,0.39349937
concrete3k::073_9.jpg,0.47506735,0.20555432,0.31937832
concrete3k::081_11.jpg,0.7041483,0.1713101,0.12454159
concrete3k::081_16.jpg,0.73220545,0.10776608,0.16002843
concrete3k::081_18.jpg,0.32920024,0.37540573,0.29539394
concrete3k::081_26.jpg,0.43787664,0.257288,0.3048353
concrete3k::081_27.jpg,0.19126648,0.38130563,0.42742783
concrete3k::081_28.jpg,0.18843535,0.5271874,0.28437722
concrete3k::081_29.jpg,0.30385393,0.4639843,0.23216179
concrete3k::081_3.jpg,0.6415137,0.12250024,0.23598602
concrete3k::081_36.jpg,0.34292448,0.41651532,0.24056016
concrete3k::081_4.jpg,0.1596164,0.065368526,0.77501506
concrete3k::081_46.jpg,0.28024626,0.40462148,0.31513223
concrete3k::087_11.jpg,0.75136435,0.15004359,0.09859201
concrete3k::087_12.jpg,0.47243816,0.31221628,0.2153455
concrete3k::087_19.jpg,0.51847714,0.20673886,0.27478403
concrete3k::087_36.jpg,0.19167723,0.12429896,0.6840238
concrete3k::087_43.jpg,0.8685981,0.07165309,0.05974879
concrete3k::091_12.jpg,0.48856246,0.29917884,0.21225867
concrete3k::091_20.jpg,0.35118452,0.37251064,0.27630487
concrete3k::091_21.jpg,0.20667551,0.46250406,0.3308204
concrete3k::091_28.jpg,0.46160498,0.31992474,0.21847026
concrete3k::091_29.jpg,0.45614287,0.23183829,0.3120188
concrete3k::091_4.jpg,0.5294738,0.102897316,0.36762896
concrete3k::091_44.jpg,0.30825472,0.22289896,0.46884632
concrete3k::094_13.jpg,0.46314412,0.23778091,0.29907504
concrete3k::094_36.jpg,0.357915,0.5260153,0.116069704
concrete3k::113_21.jpg,0.50890833,0.3001738,0.19091786
concrete3k::113_22.jpg,0.3250752,0.42653546,0.24838929
concrete3k::113_25.jpg,0.46017104,0.3610251,0.17880388
concrete3k::113_27.jpg,0.33841437,0.40312248,0.25846308
concrete3k::114_21.jpg,0.5995342,0.18945113,0.2110147
concrete3k::114_22.jpg,0.62874436,0.29984844,0.07140724
concrete3k::114_25.jpg,0.49754667,0.20965414,0.29279926
concrete3k::114_27.jpg,0.20068544,0.5051414,0.29417315
concrete3k::114_28.jpg,0.24431202,0.55442053,0.20126739
concrete3k::114_30.jpg,0.28055683,0.52833,0.19111316
concrete3k::114_31.jpg,0.37675494,0.35485035,0.2683947
concrete3k::114_33.jpg,0.47568172,0.2203124,0.3040059
concrete3k::120_14.jpg,0.48804182,0.095890164,0.41606802
concrete3k::120_20.jpg,0.4547469,0.12897393,0.41627914
concrete3k::120_24.jpg,0.8213314,0.060950484,0.117718175
concrete3k::120_28.jpg,0.34418732,0.3366885,0.3191241
concrete3k::120_33.jpg,0.34113342,0.016248042,0.6426186
concrete3k::120_39.jpg,0.58140826,0.03348188,0.38510987
concrete3k::126_0.jpg,0.6104462,0.22403981,0.16551399
concrete3k::126_10.jpg,0.5222777,0.35464215,0.12308013
concrete3k::126_11.jpg,0.30667758,0.1772587,0.51606375
concrete3k::126_19.jpg,0.33165696,0.33645675,0.33188635
concrete3k::126_20.jpg,0.33604082,0.18270668,0.4812525
concrete3k::126_27.jpg,0.30486012,0.13647434,0.5586655
concrete3k::126_28.jpg,0.36599728,0.5163068,0.11769588
concrete3k::126_29.jpg,0.69553,0.23964997,0.064820044
concrete3k::126_34.jpg,0.24908428,0.32668787,0.42422792
concrete3k::126_38.jpg,0.8064369,0.14459676,0.048966307
concrete3k::126_41.jpg,0.3113137,0.36030725,0.32837903
concrete3k::126_42.jpg,0.41711548,0.24881962,0.33406493
concrete3k::126_47.jpg,0.8541733,0.097164474,0.048662294
concrete3k::126_8.jpg,0.5134534,0.13988216,0.3466644
concrete3k::126_9.jpg,0.48351738,0.43784684,0.07863574
concrete3k::129_21.jpg,0.8410137,0.086898856,0.07208745
concrete3k::129_35.jpg,0.7570906,0.17307551,0.069833875
concrete3k::129_36.jpg,0.659586,0.24290746,0.0975066
concrete3k::129_42.jpg,0.72454256,0.123168595,0.15228891
concrete3k::129_5.jpg,0.8368516,0.053796533,0.109351896
concrete3k::133_19.jpg,0.15526633,0.69447654,0.15025707
concrete3k::133_28.jpg,0.27704653,0.38839522,0.3345583
concrete3k::133_38.jpg,0.4123199,0.18522097,0.40245914
concrete3k::142_10.jpg,0.17909358,0.081486836,0.7394196
concrete3k::142_17.jpg,0.35043645,0.11172208,0.53784156
concrete3k::142_2.jpg,0.28734148,0.060256314,0.65240216
concrete3k::142_25.jpg,0.46319428,0.36812016,0.1686855
concrete3k::142_26.jpg,0.3033563,0.5015941,0.19504958
concrete3k::142_30.jpg,0.31158704,0.36557811,0.3228349
concrete3k::142_37.jpg,0.32577294,0.4155395,0.2586876
concrete3k::142_38.jpg,0.5984837,0.27215064,0.12936561
concrete3k::142_47.jpg,0.26499867,0.60025,0.1347513
concrete3k::145_36.jpg,0.57769454,0.20542698,0.21687844
concrete3k::145_4.jpg,0.64734507,0.13067399,0.22198094
concrete3k::145_44.jpg,0.7654342,0.108354904,0.1262108
concrete3k::148_15.jpg,0.7508216,0.17378487,0.07539353
concrete3k::148_21.jpg,0.4844096,0.203791,0.31179935
concrete3k::148_23.jpg,0.45494565,0.13960464,0.40544978
concrete3k::148_24.jpg,0.43108797,0.33263734,0.23627472
concrete3k::148_27.jpg,0.70139056,0.23197606,0.066633366
concrete3k::148_28.jpg,0.67440677,0.21639536,0.10919783
concrete3k::148_29.jpg,0.6967917,0.20938267,0.093825586
concrete3k::148_30.jpg,0.33126724,0.22729269,0.44144008
concrete3k::148_32.jpg,0.770448,0.058737297,0.17081472
concrete3k::148_35.jpg,0.66717803,0.12408719,0.2087348
concrete3k::171_25.jpg,0.19386029,0.09812338,0.70801634
concrete3k::171_26.jpg,0.44797578,0.293891,0.2581332
concrete3k::171_27.jpg,0.32463312,0.50284916,0.17251776
concrete3k::171_28.jpg,0.2825474,0.44982088,0.26763168
concrete3k::171_29.jpg,0.16283606,0.43977168,0.39739227
concrete3k::171_39.jpg,0.68251985,0.036388595,0.28109157
concrete3k::172_10.jpg,0.6075483,0.047804944,0.3446467
concrete3k::172_18.jpg,0.6411316,0.15970571,0.1991627
concrete3k::172_19.jpg,0.51957583,0.21046452,0.26995972
concrete3k::172_27.jpg,0.5339458,0.054986916,0.41106728
concrete3k::172_28.jpg,0.65365416,0.18051557,0.16583028
concrete3k::172_30.jpg,0.46073502,0.2699759,0.26928905
concrete3k::172_8.jpg,0.5919439,0.1449648,0.2630913
concrete3k::178_23.jpg,0.5075434,0.19921024,0.29324633
concrete3k::178_25.jpg,0.60146326,0.19419208,0.2043447
concrete3k::178_26.jpg,0.32411677,0.4172316,0.25865164
concrete3k::178_27.jpg,0.19290315,0.48253876,0.32455805
concrete3k::178_28.jpg,0.18496257,0.3485718,0.46646562
concrete3k::178_29.jpg,0.29449967,0.36674398,0.3387563
concrete3k::184_16.jpg,0.38712442,0.4746395,0.138236
concrete3k::184_18.jpg,0.27400455,0.5475261,0.17846929
concrete3k::184_19.jpg,0.31710383,0.43617725,0.24671896
concrete3k::184_23.jpg,0.31564945,0.24388686,0.4404637
concrete3k::184_30.jpg,0.26233166,0.45194417,0.28572413
concrete3k::185_19.jpg,0.09300204,0.45875221,0.4482458
concrete3k::185_37.jpg,0.23643564,0.4961623,0.2674021
concrete3k::185_38.jpg,0.30526158,0.44089913,0.25383922
concrete3k::185_39.jpg,0.43684152,0.30263683,0.26052168
concrete3k::185_47.jpg,0.57200855,0.22001095,0.20798054
concrete3k::185_9.jpg,0.25963968,0.37329635,0.36706397
concrete3k::194_16.jpg,0.3806795,0.22218318,0.39713728
concrete3k::194_26.jpg,0.35196126,0.28957123,0.35846755
concrete3k::194_29.jpg,0.14813432,0.3112423,0.5406234
concrete3k::194_30.jpg,0.28845793,0.35805067,0.3534914
concrete3k::201_13.jpg,0.50210464,0.3088532,0.1890422
concrete3k::201_26.jpg,0.5299888,0.32346895,0.14654225
concrete3k::201_40.jpg,0.4524857,0.051903177,0.4956112
concrete3k::201_5.jpg,0.51704067,0.09175842,0.39120087
concrete3k::204_0.jpg,0.78300875,0.06846891,0.14852226
concrete3k::204_1.jpg,0.64821965,0.056474052,0.2953063
concrete3k::204_15.jpg,0.7159921,0.12117239,0.16283555
concrete3k::204_23.jpg,0.7067687,0.09605085,0.19718045
concrete3k::204_28.jpg,0.53530365,0.22414166,0.24055468
concrete3k::204_29.jpg,0.5790302,0.3306643,0.09030555
concrete3k::204_35.jpg,0.5867333,0.09302122,0.32024541
concrete3k::204_36.jpg,0.41706488,0.107335694,0.47559947
concrete3k::204_8.jpg,0.3967543,0.09700424,0.5062415
concrete3k::212_12.jpg,0.6178605,0.11082345,0.271316
concrete3k::212_13.jpg,0.47515786,0.25483423,0.27000782
concrete3k::212_20.jpg,0.6548027,0.1063941,0.23880312
concrete3k::212_28.jpg,0.7111391,0.05289865,0.2359623
concrete3k::212_42.jpg,0.31018063,0.19395906,0.49586034
concrete3k::213_14.jpg,0.60578513,0.11911539,0.27509958
concrete3k::213_21.jpg,0.58035916,0.23790236,0.18173842
concrete3k::213_26.jpg,0.25352147,0.1755601,0.5709185
concrete3k::213_27.jpg,0.27959108,0.33174914,0.38865975
concrete3k::213_28.jpg,0.4686016,0.26835778,0.2630407
concrete3k::213_34.jpg,0.7113488,0.10315336,0.18549787
concrete3k::219_17.jpg,0.5565583,0.28835112,0.15509051
concrete3k::219_26.jpg,0.4581226,0.41238844,0.12948892
concrete3k::219_27.jpg,0.27352905,0.46378115,0.26268977
concrete3k::219_28.jpg,0.3030401,0.5079488,0.18901102
concrete3k::219_29.jpg,0.3457067,0.4381503,0.21614301
concrete3k::219_30.jpg,0.3448519,0.47321242,0.18193574
concrete3k::219_8.jpg,0.72821045,0.049341753,0.22244772
concrete3k::219_9.jpg,0.5065097,0.19611295,0.2973774
concrete3k::227_19.jpg,0.6783455,0.079819456,0.24183509
concrete3k::227_20.jpg,0.21900398,0.06834028,0.7126557
concrete3k::227_21.jpg,0.28440458,0.13770807,0.57788736
concrete3k::227_38.jpg,0.86525756,0.08083182,0.05391064
concrete3k::227_8.jpg,0.7767746,0.07735301,0.1458724
concrete3k::229_16.jpg,0.4182285,0.33355334,0.24821813
concrete3k::229_28.jpg,0.281944,0.4785515,0.23950452
concrete3k::229_29.jpg,0.26668838,0.44626915,0.28704247
concrete3k::231_1.jpg,0.4865004,0.27468073,0.23881882
concrete3k::231_19.jpg,0.17120706,0.5423984,0.28639457
concrete3k::231_20.jpg,0.2041045,0.527449,0.2684465
concrete3k::231_28.jpg,0.17188615,0.56856835,0.2595455
concrete3k::231_29.jpg,0.15968376,0.5257417,0.31457454
concrete3k::231_37.jpg,0.055232443,0.6630792,0.28168833
concrete3k::231_38.jpg,0.35615572,0.47083938,0.17300485
concrete3k::231_45.jpg,0.18173353,0.50205797,0.3162085
concrete3k::231_46.jpg,0.4312877,0.3715895,0.19712274
concrete3k::231_9.jpg,0.09105374,0.65597236,0.2529739
concrete3k::239_16.jpg,0.3927156,0.24412675,0.36315757
concrete3k::239_17.jpg,0.29548013,0.41534045,0.2891794
concrete3k::239_18.jpg,0.23665479,0.3646452,0.39870003
concrete3k::239_26.jpg,0.1459001,0.46388328,0.39021665
concrete3k::239_27.jpg,0.16888322,0.42867258,0.40244415
concrete3k::239_28.jpg,0.1416198,0.2679769,0.59040326
concrete3k::239_29.jpg,0.19680034,0.34540838,0.45779124
concrete3k::239_30.jpg,0.18081936,0.44227356,0.37690708
concrete3k::251_0.jpg,0.38970223,0.32519698,0.2851008
concrete3k::251_11.jpg,0.6128018,0.10123592,0.28596225
concrete3k::251_20.jpg,0.5796622,0.15831015,0.26202768
concrete3k::251_31.jpg,0.3037232,0.38798255,0.30829433
concrete3k::251_36.jpg,0.40593806,0.093427174,0.50063485
concrete3k::251_37.jpg,0.36453807,0.32283235,0.31262958
concrete3k::251_38.jpg,0.3713263,0.31834304,0.3103307
concrete3k::251_39.jpg,0.63664013,0.18482225,0.1785376
concrete3k::257_22.jpg,0.7933906,0.10839113,0.098218285
concrete3k::257_23.jpg,0.7153378,0.113283455,0.17137873
concrete3k::257_26.jpg,0.78165764,0.10936388,0.10897853
concrete3k::257_30.jpg,0.76684415,0.09663921,0.13651657
concrete3k::257_34.jpg,0.3844702,0.14787287,0.46765697
concrete3k::257_37.jpg,0.45223567,0.1213379,0.42642644
concrete3k::257_8.jpg,0.63844955,0.11339219,0.24815823
concrete3k::260_0.jpg,0.66788834,0.054772936,0.2773387
concrete3k::260_18.jpg,0.80657506,0.11576471,0.077660196
concrete3k::260_27.jpg,0.81355524,0.10313251,0.08331226
concrete3k::260_30.jpg,0.7115332,0.19027475,0.098192036
concrete3k::261_21.jpg,0.499602,0.21286598,0.28753206
concrete3k::261_22.jpg,0.4098425,0.18530148,0.404856
concrete3k::261_29.jpg,0.18310076,0.14987808,0.66702116
concrete3k::261_33.jpg,0.73366684,0.1622793,0.104053855
concrete3k::261_34.jpg,0.5838056,0.24058323,0.17561126
concrete3k::261_40.jpg,0.79294574,0.0972428,0.10981141
concrete3k::261_41.jpg,0.74908066,0.14105146,0.10986796
concrete3k::263_12.jpg,0.56824595,0.052451693,0.37930238
concrete3k::263_13.jpg,0.45958498,0.119868435,0.42054653
concrete3k::263_16.jpg,0.8073235,0.05170185,0.14097464
concrete3k::263_18.jpg,0.61880124,0.06609688,0.31510192
concrete3k::263_19.jpg,0.8257507,0.05984374,0.11440556
concrete3k::263_20.jpg,0.6805405,0.092971824,0.2264877
concrete3k::266_27.jpg,0.6287229,0.06296824,0.3083088
concrete3k::266_28.jpg,0.7413063,0.1327469,0.12594686
concrete3k::266_37.jpg,0.38692337,0.029491551,0.5835851
concrete3k::266_38.jpg,0.7416652,0.07094206,0.18739276
concrete3k::270_16.jpg,0.72410285,0.053102724,0.22279438
concrete3k::270_17.jpg,0.40878132,0.22006837,0.37115037
concrete3k::270_18.jpg,0.4173402,0.24409343,0.33856636
concrete3k::270_34.jpg,0.66314006,0.08919985,0.24766007
concrete3k::270_36.jpg,0.21298403,0.2996703,0.4873456
concrete3k::270_37.jpg,0.352334,0.26447046,0.38319552
concrete3k::270_38.jpg,0.59053427,0.15277068,0.25669512
concrete3k::270_47.jpg,0.76869726,0.1075607,0.12374202
concrete3k::270_8.jpg,0.61961174,0.098568305,0.28181997
concrete3k::273_16.jpg,0.27799162,0.5037562,0.21825212
concrete3k::273_19.jpg,0.38552383,0.25335947,0.3611167
concrete3k::273_20.jpg,0.2882478,0.33738878,0.37436342
concrete3k::273_21.jpg,0.24390154,0.34617248,0.40992597
concrete3k::273_22.jpg,0.5997338,0.20436531,0.19590095
concrete3k::273_25.jpg,0.24124648,0.5555399,0.20321363
concrete3k::273_26.jpg,0.24602519,0.451902,0.3020728
concrete3k::273_28.jpg,0.44383118,0.38497835,0.1711904
concrete3k::273_29.jpg,0.38985485,0.31041878,0.2997263
concrete3k::273_30.jpg,0.41012964,0.2816745,0.30819583
concrete3k::273_31.jpg,0.5408943,0.26453063,0.19457501
concrete3k::274_15.jpg,0.8115023,0.053332638,0.13516499
concrete3k::274_17.jpg,0.84055054,0.041388035,0.11806142
concrete3k::274_21.jpg,0.6458442,0.07090533,0.28325045
concrete3k::274_22.jpg,0.7795558,0.06656514,0.15387906
concrete3k::290_17.jpg,0.38671532,0.3687579,0.24452677
concrete3k::290_20.jpg,0.25401488,0.19965385,0.5463313
concrete3k::290_27.jpg,0.30669308,0.18722226,0.5060846
concrete3k::290_28.jpg,0.3585589,0.44608068,0.19536045
concrete3k::290_30.jpg,0.53083026,0.28749207,0.18167764
concrete3k::290_31.jpg,0.6127481,0.10936584,0.27788603
concrete3k::293_1.jpg,0.44423708,0.02787984,0.52788305
concrete3k::293_12.jpg,0.66248953,0.057096537,0.2804139
concrete3k::293_19.jpg,0.54395574,0.02587389,0.43017036
concrete3k::293_9.jpg,0.39615977,0.0979577,0.5058826
concrete3k::300_13.jpg,0.6873303,0.032925785,0.27974385
concrete3k::300_14.jpg,0.6899181,0.05528639,0.25479552
concrete3k::300_18.jpg,0.5545053,0.020759223,0.42473555
concrete3k::300_4.jpg,0.7739164,0.08884208,0.13724147
concrete3k::300_5.jpg,0.80912066,0.04622152,0.14465787
concrete3k::300_7.jpg,0.4340381,0.04415099,0.52181095
concrete3k::300_9.jpg,0.65402377,0.07524335,0.2707329
concrete3k::313_17.jpg,0.37755698,0.17373833,0.44870466
concrete3k::313_23.jpg,0.51820195,0.18849295,0.29330507
concrete3k::313_5.jpg,0.47344843,0.040703233,0.48584834
concrete3k::328_3.jpg,0.649908,0.0675131,0.28257895
concrete3k::362_15.jpg,0.4242854,0.3002235,0.27549115
concrete3k::362_3.jpg,0.36496723,0.56075376,0.07427907
concrete3k::362_39.jpg,0.58289343,0.3185608,0.09854574
concrete3k::362_44.jpg,0.72782254,0.22617939,0.045998134
concrete3k::362_45.jpg,0.3696047,0.48473093,0.14566435
concrete3k::362_8.jpg,0.21420836,0.6365105,0.14928114
concrete3k::365_1.jpg,0.8267717,0.11125508,0.06197326
concrete3k::365_13.jpg,0.16018091,0.21569674,0.6241224
concrete3k::365_14.jpg,0.6555201,0.20134854,0.14313136
concrete3k::365_18.jpg,0.4303731,0.076172,0.4934549
concrete3k::365_27.jpg,0.6909216,0.16394038,0.14513792
concrete3k::365_45.jpg,0.8494328,0.07822614,0.072341084
concrete3k::371_11.jpg,0.355501,0.45143035,0.19306862
concrete3k::371_15.jpg,0.14163385,0.501238,0.35712808
concrete3k::371_16.jpg,0.2401651,0.5630476,0.19678734
concrete3k::371_17.jpg,0.23121905,0.60657585,0.16220506
concrete3k::371_21.jpg,0.0810288,0.39283338,0.5261378
concrete3k::371_27.jpg,0.15985341,0.48032922,0.3598174
concrete3k::371_32.jpg,0.11272378,0.5575851,0.3296911
concrete3k::371_37.jpg,0.3649322,0.3853955,0.24967232
concrete3k::371_5.jpg,0.44784725,0.36800784,0.18414491
concrete3k::385_14.jpg,0.67314327,0.17488906,0.15196766
concrete3k::385_15.jpg,0.17044538,0.45787936,0.3716753
concrete3k::385_28.jpg,0.4360858,0.33618337,0.22773083
concrete3k::385_34.jpg,0.56777257,0.12810478,0.30412263
concrete3k::385_38.jpg,0.6168603,0.084189214,0.29895055
concrete3k::385_44.jpg,0.77020913,0.12266911,0.10712174
concrete3k::385_8.jpg,0.5355655,0.08053799,0.38389653
concrete3k::403_24.jpg,0.49743474,0.32045668,0.18210857
concrete3k::403_34.jpg,0.21741086,0.09764621,0.68494296
concrete3k::404_26.jpg,0.5056699,0.18101805,0.31331208
concrete3k::404_3.jpg,0.7991905,0.10966461,0.09114488
concrete3k::404_32.jpg,0.40010867,0.22898263,0.3709087
concrete3k::404_37.jpg,0.51757956,0.067214146,0.4152063
concrete3k::404_38.jpg,0.7000154,0.100286655,0.19969802
concrete3k::404_8.jpg,0.74376273,0.09066138,0.16557598
concrete3k::419_21.jpg,0.21048604,0.50991726,0.27959672
concrete3k::419_38.jpg,0.18283634,0.43474633,0.38241735
concrete3k::419_44.jpg,0.13195494,0.26694787,0.6010972
concrete3k::419_45.jpg,0.17072867,0.4053694,0.42390198
concrete3k::434_14.jpg,0.47860262,0.20715071,0.31424662
concrete3k::434_15.jpg,0.3760095,0.42822292,0.1957675
concrete3k::434_20.jpg,0.3178852,0.4586724,0.22344248
concrete3k::437_0.jpg,0.52177984,0.307759,0.17046115
concrete3k::437_1.jpg,0.31799918,0.39280784,0.289193
concrete3k::437_14.jpg,0.14907804,0.57385504,0.27706695
concrete3k::437_27.jpg,0.12334102,0.5665415,0.31011748
concrete3k::437_28.jpg,0.24006394,0.34471917,0.41521695
concrete3k::437_33.jpg,0.19384654,0.43415293,0.3720006
concrete3k::437_35.jpg,0.2450079,0.22444403,0.5305481
concrete3k::437_8.jpg,0.38401946,0.35141924,0.26456127
concrete3k::453_15.jpg,0.27358356,0.30652556,0.41989094
concrete3k::453_21.jpg,0.5066704,0.20445701,0.2888725
concrete3k::453_27.jpg,0.39921716,0.39864817,0.20213462
concrete3k::453_3.jpg,0.6143511,0.15109745,0.23455143
concrete3k::453_33.jpg,0.18959272,0.5013178,0.30908942
concrete3k::453_38.jpg,0.5551554,0.21797873,0.22686586
concrete3k::453_39.jpg,0.6363839,0.25111064,0.11250547
concrete3k::453_45.jpg,0.69880456,0.24692842,0.054267004
concrete3k::457_27.jpg,0.67256325,0.15708719,0.17034948
concrete3k::457_3.jpg,0.7780398,0.14099433,0.0809659
concrete3k::457_32.jpg,0.4622203,0.392891,0.14488876
concrete3k::457_39.jpg,0.4400794,0.11877605,0.4411446
concrete3k::457_42.jpg,0.21198417,0.13489096,0.6531248
concrete3k::457_44.jpg,0.55162287,0.26000792,0.1883692
concrete3k::457_8.jpg,0.45679897,0.27673352,0.26646754
concrete3k::460_15.jpg,0.7665981,0.12572387,0.10767804
concrete3k::460_20.jpg,0.33402988,0.3639564,0.30201378
concrete3k::460_3.jpg,0.7298792,0.21770893,0.052411936
concrete3k::460_32.jpg,0.5226541,0.28832832,0.18901764
concrete3k::460_38.jpg,0.62205034,0.24534874,0.13260086
concrete3k::460_39.jpg,0.3942982,0.21182281,0.39387903
concrete3k::460_9.jpg,0.75827557,0.12363154,0.11809286
concrete3k::478_31.jpg,0.29314563,0.33354273,0.3733117
concrete3k::478_38.jpg,0.16048591,0.2516969,0.58781713
concrete3k::486_10.jpg,0.48204342,0.18395947,0.3339971
concrete3k::486_26.jpg,0.35544804,0.3293399,0.315212
concrete3k::486_31.jpg,0.395086,0.2613969,0.34351704
concrete3k::486_4.jpg,0.4010894,0.42970964,0.16920097
concrete3k::486_5.jpg,0.14858074,0.26143536,0.5899838
concrete3k::491_14.jpg,0.3519092,0.22137563,0.4267151
concrete3k::491_15.jpg,0.22101192,0.34166214,0.43732595
concrete3k::491_2.jpg,0.23744713,0.5026692,0.25988367
concrete3k::491_21.jpg,0.6381768,0.11080962,0.25101364
concrete3k::491_25.jpg,0.26887992,0.36922932,0.36189082
concrete3k::491_26.jpg,0.20016624,0.55768913,0.24214463
concrete3k::491_3.jpg,0.1271152,0.58321005,0.28967467
concrete3k::491_31.jpg,0.28752056,0.46489957,0.24757987
concrete3k::491_38.jpg,0.29591528,0.51319385,0.19089083
concrete3k::491_43.jpg,0.30925438,0.21754913,0.4731965
concrete3k::491_44.jpg,0.41341272,0.27351692,0.3130704
concrete3k::493_11.jpg,0.40189615,0.32899958,0.26910424
concrete3k::493_28.jpg,0.35087857,0.36713785,0.2819836
concrete3k::493_33.jpg,0.43745315,0.34504008,0.21750668
concrete3k::493_34.jpg,0.52007675,0.2575981,0.22232507
concrete3k::493_39.jpg,0.41654003,0.35808086,0.22537905
concrete3k::493_45.jpg,0.3966173,0.37938154,0.22400123
concrete3k::507_15.jpg,0.7798871,0.1407724,0.07934052
concrete3k::507_20.jpg,0.4563999,0.3659572,0.17764287
concrete3k::507_21.jpg,0.35134456,0.4306336,0.21802185
concrete3k::507_22.jpg,0.6132735,0.26321784,0.12350868
concrete3k::507_23.jpg,0.22836877,0.47232854,0.29930264
concrete3k::507_24.jpg,0.62309563,0.2844624,0.09244201
concrete3k::507_25.jpg,0.53603363,0.31955728,0.14440908
concrete3k::507_26.jpg,0.4260987,0.40340343,0.17049783
concrete3k::507_32.jpg,0.7014165,0.1751894,0.123394094
concrete3k::512_17.jpg,0.11733323,0.51837355,0.36429322
concrete3k::512_18.jpg,0.07659834,0.4935667,0.429835
concrete3k::512_19.jpg,0.111954816,0.5388425,0.34920263
concrete3k::512_27.jpg,0.18844548,0.4478815,0.36367303
concrete3k::512_29.jpg,0.2527783,0.3989359,0.34828588
concrete3k::512_30.jpg,0.18374342,0.45716867,0.35908785
concrete3k::512_31.jpg,0.5991549,0.26103106,0.13981414
concrete3k::512_37.jpg,0.3611279,0.26084772,0.37802434
concrete3k::517_15.jpg,0.33227488,0.356099,0.3116261
concrete3k::517_21.jpg,0.36608133,0.40505782,0.22886087
concrete3k::517_27.jpg,0.38122466,0.30515355,0.31362176
concrete3k::517_3.jpg,0.4644841,0.2676379,0.26787797
concrete3k::517_31.jpg,0.32099596,0.454649,0.22435503
concrete3k::517_32.jpg,0.35861996,0.27480733,0.36657274
concrete3k::517_37.jpg,0.339701,0.34494263,0.31535637
concrete3k::517_9.jpg,0.38612232,0.33364755,0.28023013
concrete3k::518_20.jpg,0.0790278,0.392307,0.52866524
concrete3k::518_21.jpg,0.17753653,0.4676818,0.35478175
concrete3k::518_22.jpg,0.24217765,0.37787178,0.37995052
concrete3k::518_23.jpg,0.23854831,0.441061,0.3203907
concrete3k::518_26.jpg,0.18965922,0.2582816,0.5520592
concrete3k::527_15.jpg,0.3965113,0.37830627,0.2251824
concrete3k::527_20.jpg,0.34904736,0.5190133,0.13193934
concrete3k::527_26.jpg,0.3341771,0.36950797,0.29631492
concrete3k::527_27.jpg,0.22625539,0.52618384,0.24756071
concrete3k::527_45.jpg,0.48246315,0.4313584,0.086178415
concrete3k::527_8.jpg,0.55995125,0.16684796,0.27320087
concrete3k::532_11.jpg,0.6595439,0.19160719,0.14884897
concrete3k::532_16.jpg,0.34837288,0.4139356,0.23769148
concrete3k::532_17.jpg,0.41546643,0.45508483,0.12944871
concrete3k::532_21.jpg,0.34431532,0.4732541,0.18243055
concrete3k::532_22.jpg,0.23988892,0.500204,0.25990704
concrete3k::532_26.jpg,0.5365698,0.16723447,0.29619583
concrete3k::532_27.jpg,0.4337732,0.38082567,0.18540107
concrete3k::532_31.jpg,0.30958775,0.36459318,0.3258191
concrete3k::532_44.jpg,0.3903559,0.30066508,0.308979
concrete3k::537_15.jpg,0.49602205,0.42701405,0.07696385
concrete3k::537_20.jpg,0.2645696,0.5651405,0.17028986
concrete3k::537_26.jpg,0.19397418,0.5654661,0.24055973
concrete3k::537_39.jpg,0.32105333,0.3011247,0.377822
concrete3k::537_4.jpg,0.7842291,0.13408768,0.08168325
concrete3k::537_9.jpg,0.6295471,0.2535229,0.11692998
concrete3k::544_16.jpg,0.25240204,0.26517949,0.48241854
concrete3k::544_21.jpg,0.3941661,0.27284813,0.3329857
concrete3k::544_22.jpg,0.4714527,0.21652764,0.31201965
concrete3k::544_32.jpg,0.26270986,0.42838407,0.30890617
concrete3k::544_33.jpg,0.24544156,0.3588336,0.39572483
concrete3k::544_37.jpg,0.5010062,0.26004198,0.2389519
concrete3k::550_10.jpg,0.26662043,0.17214482,0.5612348
concrete3k::550_15.jpg,0.072523,0.41628015,0.51119685
concrete3k::550_16.jpg,0.22625268,0.18193956,0.5918078
concrete3k::550_21.jpg,0.1502265,0.35672927,0.4930443
concrete3k::550_3.jpg,0.48083973,0.27652076,0.24263948
concrete3k::550_34.jpg,0.2810521,0.09591628,0.6230316
concrete3k::550_38.jpg,0.26150694,0.38294178,0.3555513
concrete3k::550_40.jpg,0.369669,0.23434877,0.39598224
concrete3k::550_41.jpg,0.28970116,0.14086625,0.5694326
concrete3k::559_3.jpg,0.5767944,0.22913985,0.1940658
concrete3k::559_39.jpg,0.37138826,0.26321515,0.36539662
concrete3k::559_44.jpg,0.47585386,0.18112367,0.34302244
concrete3k::559_45.jpg,0.67279065,0.17889427,0.14831515
concrete3k::559_8.jpg,0.3787049,0.38893712,0.232358
concrete3k::562_0.jpg,0.5063253,0.12627812,0.3673966
concrete3k::562_20.jpg,0.3376752,0.33370352,0.32862127
concrete3k::562_26.jpg,0.2786726,0.38008133,0.34124607
concrete3k::562_28.jpg,0.13375972,0.42420104,0.44203928
concrete3k::562_32.jpg,0.4532846,0.33871904,0.20799635
concrete3k::562_33.jpg,0.30854568,0.12103876,0.57041556
concrete3k::562_39.jpg,0.3105267,0.17879468,0.5106786
concrete3k::562_45.jpg,0.4797559,0.19923085,0.3210132
concrete3k::562_46.jpg,0.48100027,0.16890694,0.3500929
concrete3k::562_47.jpg,0.5666597,0.16368212,0.26965815
concrete3k::562_7.jpg,0.5730884,0.24513517,0.1817764
concrete3k::573_19.jpg,0.36320904,0.43618578,0.20060517
concrete3k::573_20.jpg,0.5444707,0.17722963,0.2782997
concrete3k::573_26.jpg,0.17683807,0.5392673,0.28389466
concrete3k::573_28.jpg,0.38641712,0.42116737,0.19241546
concrete3k::573_29.jpg,0.47894025,0.33365932,0.18740043
concrete3k::573_35.jpg,0.54950804,0.19379069,0.25670138
concrete3k::576_26.jpg,0.3546611,0.27214333,0.37319553
concrete3k::576_28.jpg,0.43789783,0.3712046,0.19089757
concrete3k::576_32.jpg,0.4031173,0.32655635,0.27032632
concrete3k::576_35.jpg,0.40036872,0.19084921,0.40878204
concrete3k::581_26.jpg,0.3191369,0.2921533,0.38870972
concrete3k::581_30.jpg,0.49668664,0.18801917,0.3152943
concrete3k::581_36.jpg,0.3183013,0.3656004,0.31609827
concrete3k::585_24.jpg,0.1077984,0.5884939,0.3037078
concrete3k::585_31.jpg,0.20345335,0.2717881,0.5247586
concrete3k::585_34.jpg,0.41303056,0.3520939,0.23487559
concrete3k::585_41.jpg,0.69922954,0.19652961,0.10424084
concrete3k::586_0.jpg,0.2369701,0.52135557,0.24167426
concrete3k::586_12.jpg,0.11643756,0.5639638,0.3195987
concrete3k::586_18.jpg,0.14089975,0.39017943,0.46892077
concrete3k::586_19.jpg,0.17812844,0.5488965,0.2729751
concrete3k::586_26.jpg,0.16601004,0.5707005,0.26328945
concrete3k::586_32.jpg,0.15597664,0.45123246,0.39279097
concrete3k::586_38.jpg,0.31800675,0.38892716,0.29306617
concrete3k::586_39.jpg,0.2072245,0.47576296,0.31701255
concrete3k::586_40.jpg,0.21179612,0.5220821,0.26612183
concrete3k::586_41.jpg,0.4775417,0.30517054,0.2172878
concrete3k::586_45.jpg,0.40347818,0.10015384,0.49636793
concrete3k::586_46.jpg,0.13596928,0.62247586,0.24155486
concrete3k::586_6.jpg,0.12651,0.58467966,0.28881034
concrete3k::590_12.jpg,0.6258875,0.14329003,0.23082246
concrete3k::590_15.jpg,0.5110489,0.08629607,0.4026551
concrete3k::590_20.jpg,0.46294495,0.30760357,0.22945142
concrete3k::590_38.jpg,0.2883632,0.2775525,0.4340843
concrete3k::590_9.jpg,0.6655012,0.14379169,0.19070713
concrete3k::591_1.jpg,0.48814502,0.33664814,0.17520681
concrete3k::591_15.jpg,0.27114663,0.29890484,0.42994848
concrete3k::591_2.jpg,0.3279017,0.39098907,0.28110924
concrete3k::591_26.jpg,0.3654533,0.40609577,0.2284509
concrete3k::591_44.jpg,0.41836798,0.40209135,0.17954063
concrete3k::591_8.jpg,0.27449796,0.38427815,0.34122393
concrete3k::591_9.jpg,0.26944754,0.49128,0.23927248
concrete3k::595_27.jpg,0.49545044,0.30390286,0.20064677
concrete3k::595_33.jpg,0.33977464,0.42910784,0.2311175
concrete3k::604_27.jpg,0.17222495,0.21496035,0.61281466
concrete3k::604_34.jpg,0.33347505,0.3978497,0.2686752
concrete3k::604_39.jpg,0.33744758,0.40917194,0.25338057
concrete3k::604_40.jpg,0.40959847,0.27278972,0.31761184
concrete3k::604_45.jpg,0.5569967,0.2643895,0.17861383
concrete3k::604_9.jpg,0.34333616,0.34624436,0.31041947
concrete3k::609_21.jpg,0.39522967,0.17164548,0.43312484
concrete3k::609_31.jpg,0.5432598,0.18185991,0.27488023
concrete3k::609_32.jpg,0.42517692,0.28403026,0.29079285
concrete3k::609_33.jpg,0.5508907,0.09206148,0.35704783
concrete3k::609_37.jpg,0.6649689,0.1627666,0.17226446
concrete3k::609_40.jpg,0.44510826,0.20518845,0.3497034
concrete3k::609_41.jpg,0.25820926,0.12717651,0.61461425
concrete3k::609_46.jpg,0.51030284,0.13669845,0.35299867
concrete3k::609_8.jpg,0.5120612,0.22108164,0.26685718
