image_id,p_degraded,p_neutral,p_improved
khanhha_original::CFD_011.jpg,0.3202512,0.17872055,0.50102824
khanhha_original::CFD_080.jpg,0.375042,0.41844368,0.20651436
khanhha_original::CRACK500_20160222_081908_641_721.jpg,0.16339688,0.30542436,0.5311788
khanhha_original::CRACK500_20160222_115519_641_721.jpg,0.015615268,0.8006424,0.18374234
khanhha_original::CRACK500_20160222_163940_1281_1081.jpg,0.061860044,0.4273758,0.5107641
khanhha_original::CRACK500_20160222_163940_1_1081.jpg,0.0016245977,0.99383956,0.0045357817
khanhha_original::CRACK500_20160222_163940_1_361.jpg,0.04117142,0.84027994,0.11854862
khanhha_original::CRACK500_20160222_163940_641_1081.jpg,0.039993357,0.7744051,0.18560155
khanhha_original::CRACK500_20160222_165919_1_721.jpg,0.744034,0.09757342,0.15839261
khanhha_original::CRACK500_20160225_114514_721_1281.jpg,0.62404376,0.31241554,0.06354067
khanhha_original::CRACK500_20160225_114514_721_641.jpg,0.5337978,0.28490895,0.18129323
khanhha_original::CRACK500_20160302_155857_1281_1.jpg,0.37859547,0.18836565,0.43303886
khanhha_original::CRACK500_20160302_155857_1_721.jpg,0.2535836,0.26300758,0.48340884
khanhha_original::CRACK500_20160302_155914_1081_641.jpg,0.76513416,0.05670837,0.17815742
khanhha_original::CRACK500_20160303_092806_1281_721.jpg,0.25818762,0.36088893,0.38092345
khanhha_original::CRACK500_20160303_092806_1_721.jpg,0.3335257,0.40160394,0.26487038
khanhha_original::CRACK500_20160306_103830_1921_1081.jpg,0.06410621,0.6729274,0.26296642
khanhha_original::CRACK500_20160307_143827_1_721.jpg,0.31799746,0.6511592,0.030843332
khanhha_original::CRACK500_20160307_144150_1281_721.jpg,0.2453911,0.6178824,0.1367265
khanhha_original::CRACK500_20160307_144150_641_361.jpg,0.057287034,0.2995505,0.6431624
khanhha_original::CRACK500_20160307_144931_1281_1.jpg,0.041672777,0.5955447,0.36278257
khanhha_original::CRACK500_20160307_144931_641_721.jpg,0.07506638,0.47833464,0.44659895
khanhha_original::CRACK500_20160307_163537_1281_721.jpg,0.538134,0.26810202,0.19376397
khanhha_original::CRACK500_20160307_163537_641_361.jpg,0.63777304,0.20672701,0.15549998
khanhha_original::CRACK500_20160307_163537_641_721.jpg,0.5160524,0.1158465,0.36810106
khanhha_original::CRACK500_20160307_164334_641_1.jpg,0.072431676,0.8330306,0.0945377
khanhha_original::CRACK500_20160307_164334_641_361.jpg,0.27449468,0.55244935,0.17305598
khanhha_original::CRACK500_20160308_072921_1281_1081.jpg,0.027017413,0.68215066,0.2908319
khanhha_original::CRACK500_20160308_072921_1281_361.jpg,0.04158063,0.5380191,0.4204002
khanhha_original::CRACK500_20160308_072921_641_1081.jpg,0.010749219,0.11225251,0.8769983
khanhha_original::CRACK500_20160308_072921_641_721.jpg,0.08123546,0.20576663,0.71299785
khanhha_original::CRACK500_20160308_073014_1281_721.jpg,0.20009929,0.39325333,0.40664738
khanhha_original::CRACK500_20160308_073406_641_721.jpg,0.2428815,0.20325519,0.55386335
khanhha_original::CRACK500_20160308_160053_1_361.jpg,0.57253337,0.22615789,0.20130868
khanhha_original::CRACK500_20160310_114418_641_361.jpg,0.36008498,0.38031173,0.2596033
khanhha_original::CRACK500_20160318_181602_1281_361.jpg,0.039239544,0.83041376,0.13034666
khanhha_original::CRACK500_20160318_181627_1_721.jpg,0.042052075,0.71078944,0.24715848
khanhha_original::CRACK500_20160321_183951_1_361.jpg,0.41955534,0.49935526,0.08108942
khanhha_original::CRACK500_20160321_185457_1281_1.jpg,0.078137435,0.6764885,0.24537404
khanhha_original::CRACK500_20160321_185457_1921_1.jpg,0.038837902,0.28768986,0.6734722
khanhha_original::CRACK500_20160324_170323_1_721.jpg,0.098201275,0.84772784,0.054070882
khanhha_original::CRACK500_20160324_170347_1281_361.jpg,0.15749367,0.7491059,0.0934005
khanhha_original::CRACK500_20160324_170347_1281_721.jpg,0.22983155,0.6459833,0.1241852
khanhha_original::CRACK500_20160326_142354_641_1081.jpg,0.31436795,0.21326803,0.47236398
khanhha_original::CRACK500_20160328_150827_1281_1081.jpg,0.25055116,0.73007345,0.01937542
khanhha_original::CRACK500_20160328_150932_1921_361.jpg,0.59351325,0.12410129,0.2823855
khanhha_original::CRACK500_20160328_150932_641_361.jpg,0.5603554,0.34185776,0.09778685
khanhha_original::CRACK500_20160328_151013_361_1921.jpg,0.22825265,0.19973065,0.57201666
khanhha_original::CRACK500_20160328_151057_1281_721.jpg,0.19651784,0.72608995,0.07739222
khanhha_original::CRACK500_20160328_151413_1_361.jpg,0.094238445,0.8563517,0.04940986
khanhha_original::CRACK500_20160328_151413_641_721.jpg,0.15820967,0.4806038,0.36118653
khanhha_original::CRACK500_20160328_151728_1921_721.jpg,0.1546871,0.6069138,0.23839907
khanhha_original::CRACK500_20160328_151808_1281_721.jpg,0.08450425,0.6905303,0.22496545
khanhha_original::CRACK500_20160328_152305_1921_361.jpg,0.33989677,0.1867533,0.47334987
khanhha_original::CRACK500_20160328_153020_1921_361.jpg,0.271218,0.60539174,0.12339026
khanhha_original::CRACK500_20160328_153540_641_361.jpg,0.015992645,0.9550174,0.02898998
khanhha_original::CRACK500_20160328_153540_641_721.jpg,0.0884344,0.50412196,0.40744355
khanhha_original::CRACK500_20160328_153556_1_361.jpg,0.19586802,0.6897889,0.11434309
khanhha_original::CRACK500_20160328_153645_1_361.jpg,0.19766828,0.6047988,0.19753292
khanhha_original::CRACK500_20160328_153702_1281_721.jpg,0.1168471,0.37677196,0.506381
khanhha_original::CRACK500_20160328_153702_1_1081.jpg,0.050880317,0.46880484,0.48031482
khanhha_original::CRACK500_20160328_153724_1_1081.jpg,0.029814351,0.49542046,0.47476518
khanhha_original::CRACK500_20160328_153724_641_721.jpg,0.02554543,0.9049145,0.069540076
khanhha_original::CRACK500_20160328_153829_1921_361.jpg,0.25056958,0.43697459,0.3124558
khanhha_original::CRACK500_20160328_153829_641_1.jpg,0.031104576,0.9478728,0.021022707
khanhha_original::CRACK500_20160328_154334_641_721.jpg,0.05984322,0.4601328,0.48002398
khanhha_original::CRACK500_20160328_154352_1281_721.jpg,0.07718541,0.3840783,0.5387363
khanhha_original::CRACK500_20160329_093924_1921_721.jpg,0.023235554,0.46640697,0.5103575
khanhha_original::CRACK500_20160329_094003_641_361.jpg,0.08006391,0.21610503,0.7038311
khanhha_original::CRACK500_20160329_094512_1281_1081.jpg,0.02828027,0.39128608,0.58043367
khanhha_original::CRACK500_20160329_094512_1281_721.jpg,0.093590505,0.14750057,0.758909
khanhha_original::CRACK500_20160329_094512_1921_721.jpg,0.14556329,0.25562465,0.5988121
khanhha_original::CRACK500_20160329_101503_641_721.jpg,0.1246147,0.35189444,0.52349085
khanhha_original::CRACK500_20160329_104120_1921_721.jpg,0.031795274,0.77586305,0.19234166
khanhha_original::CRACK500_20160329_104120_1_361.jpg,0.041842185,0.38247788,0.57567996
khanhha_original::CRACK500_20160329_104120_1_721.jpg,0.03127437,0.399077,0.5696486
khanhha_original::CRACK500_20160329_104120_641_721.jpg,0.08911301,0.44129154,0.4695955
khanhha_original::CRACK500_20160329_115531_641_721.jpg,0.051782124,0.55560184,0.39261603
khanhha_original::CRACK500_20160330_164743_1_361.jpg,0.8074791,0.025579909,0.16694108
khanhha_original::CRACK500_20160330_164743_641_361.jpg,0.83001995,0.04057316,0.12940699
khanhha_original::CRACK500_20160330_170501_1_721.jpg,0.27558884,0.29059345,0.4338177
khanhha_original::CRACK500_20160330_170504_641_721.jpg,0.4939863,0.23040895,0.2756047
khanhha_original::CRACK500_20160402_150105_1_1.jpg,0.25852165,0.41632193,0.32515645
khanhha_original::CRACK500_20160402_150317_641_361.jpg,0.25817922,0.66093475,0.08088606
khanhha_original::CRACK500_20160402_150317_641_721.jpg,0.069667004,0.7412012,0.18913178
khanhha_original::CRACK500_20160402_150938_641_361.jpg,0.1580628,0.7739359,0.06800119
khanhha_original::CRACK500_20160402_150938_641_721.jpg,0.2353067,0.659625,0.10506834
khanhha_original::CRACK500_20160405_171333_1281_361.jpg,0.05786613,0.10197873,0.8401551
khanhha_original::CRACK500_20160405_171453_1281_361.jpg,0.058890563,0.889703,0.0514064
khanhha_original::CRACK500_20160405_171453_1_721.jpg,0.087223545,0.119330056,0.7934465
khanhha_original::CRACK500_20160405_171453_641_361.jpg,0.19224523,0.18277846,0.6249763
khanhha_original::CRACK500_20160405_171716_1921_721.jpg,0.18212448,0.51712346,0.30075207
khanhha_original::CRACK500_20160407_163522_1921_721.jpg,0.12630641,0.22019109,0.65350246
khanhha_original::CRACK500_20160407_163522_641_721.jpg,0.3630654,0.24066645,0.39626813
khanhha_original::CRACK500_20160407_165001_641_1081.jpg,0.35097975,0.4613653,0.18765491
khanhha_original::CRACK500_20160407_165210_1921_721.jpg,0.103280045,0.6644855,0.23223442
khanhha_original::CRACK500_IMG_2932_1297_969.jpg,0.676014,0.22742452,0.09656146
khanhha_original::DeepCrack_11113.jpg,0.0286386,0.027597193,0.94376427
khanhha_original::DeepCrack_11116-2.jpg,0.043254126,0.8330496,0.123696245
khanhha_original::DeepCrack_11116-3.jpg,0.052566208,0.8580069,0.0894269
khanhha_original::DeepCrack_11125-1.jpg,0.9606005,0.005150695,0.034248877
khanhha_original::DeepCrack_11151-2.jpg,0.23909895,0.55141366,0.20948735
khanhha_original::DeepCrack_11155-1.jpg,4.427538e-05,0.9925056,0.0074501554
khanhha_original::DeepCrack_11155.jpg,0.0002824484,0.9805793,0.01913832
khanhha_original::DeepCrack_11184-1.jpg,0.18870112,0.03983441,0.7714644
khanhha_original::DeepCrack_11215-15.jpg,0.0035605354,0.13764223,0.85879725
khanhha_original::DeepCrack_11215-3.jpg,0.023252763,0.8148344,0.16191275
khanhha_original::DeepCrack_11240-6.jpg,0.0067633223,0.35176623,0.64147043
khanhha_original::DeepCrack_11240-8.jpg,0.034016352,0.40731162,0.558672
khanhha_original::DeepCrack_11247-12.jpg,0.037278157,0.055275466,0.9074463
khanhha_original::DeepCrack_11269-1.jpg,0.80339646,0.058096975,0.13850656
khanhha_original::DeepCrack_11271-2.jpg,0.003774573,0.972904,0.023321392
khanhha_original::DeepCrack_11271-5.jpg,0.009999506,0.9734065,0.01659399
khanhha_original::DeepCrack_11301-6.jpg,0.026762817,0.01335798,0.9598792
khanhha_original::DeepCrack_7Q3A9064-12.jpg,0.051592506,0.9009992,0.047408216
khanhha_original::DeepCrack_7Q3A9064-17.jpg,0.18253154,0.73591584,0.081552625
khanhha_original::DeepCrack_7Q3A9064-19.jpg,0.19599013,0.7389874,0.06502244
khanhha_original::DeepCrack_7Q3A9064-20.jpg,0.105481796,0.83450806,0.060010094
khanhha_original::DeepCrack_IMG11-6.jpg,0.1488235,0.068399094,0.78277737
khanhha_original::DeepCrack_IMG_6469-2.jpg,0.084536314,0.33080775,0.58465594
khanhha_original::DeepCrack_IMG_6514-3.jpg,0.37592655,0.06655716,0.55751634
khanhha_original::Eugen_Muller_7723_0_0_714_429.jpg,0.45507234,0.061817408,0.48311022
khanhha_original::GAPS384_test_0058_1_1.jpg,0.34669495,0.36498913,0.28831595
khanhha_original::GAPS384_test_0203_1_1.jpg,0.2717083,0.5435171,0.18477455
khanhha_original::GAPS384_test_0203_541_1.jpg,0.13022892,0.17354435,0.6962268
khanhha_original::GAPS384_train_0449_1_1.jpg,0.14271212,0.3494246,0.5078633
khanhha_original::GAPS384_train_0516_541_641.jpg,0.052837778,0.011916592,0.93524563
khanhha_original::GAPS384_train_0542_1_641.jpg,0.35450476,0.3214908,0.32400444
khanhha_original::GAPS384_train_0681_541_641.jpg,0.65490943,0.15152566,0.19356485
khanhha_original::GAPS384_train_0700_1_1.jpg,0.17752074,0.35777587,0.46470338
khanhha_original::GAPS384_train_0918_1_641.jpg,0.10368437,0.587847,0.30846867
khanhha_original::GAPS384_train_0922_1_641.jpg,0.17800963,0.32920304,0.4927873
khanhha_original::GAPS384_train_0959_1_641.jpg,0.19309713,0.18091305,0.62598985
khanhha_original::GAPS384_train_1028_1_1.jpg,0.4573529,0.30643246,0.23621455
khanhha_original::GAPS384_train_1126_541_1.jpg,0.4263711,0.11041729,0.4632116
khanhha_original::GAPS384_train_1128_541_1.jpg,0.6424839,0.16011089,0.19740519
khanhha_original::GAPS384_train_1247_541_1.jpg,0.070232034,0.14105976,0.78870827
khanhha_original::GAPS384_train_1284_541_641.jpg,0.24348399,0.0980366,0.6584794
khanhha_original::GAPS384_train_1347_541_1.jpg,0.11963476,0.16848147,0.7118838
khanhha_original::GAPS384_train_1347_541_641.jpg,0.5587051,0.019807182,0.42148775
khanhha_original::GAPS384_train_1366_541_1.jpg,0.29819772,0.2746071,0.42719522
khanhha_original::GAPS384_train_1381_541_1.jpg,0.3625212,0.28671485,0.35076392
khanhha_original::Rissbilder_for_Florian_9S6A2782_0_0_3840_5760.jpg,0.16926031,0.80484617,0.02589362
khanhha_original::Rissbilder_for_Florian_9S6A2784_100_1539_3455_3308.jpg,0.11235366,0.874757,0.012889278
khanhha_original::Rissbilder_for_Florian_9S6A2784_1029_155_2671_3164.jpg,0.393196,0.54523134,0.061572693
khanhha_original::Rissbilder_for_Florian_9S6A2784_241_1425_3582_3991.jpg,0.15551504,0.82619417,0.01829073
khanhha_original::Rissbilder_for_Florian_9S6A2785_118_523_3535_4238.jpg,0.5804196,0.37325633,0.046324056
khanhha_original::Rissbilder_for_Florian_9S6A2785_197_1269_2404_2359.jpg,0.085652135,0.9023581,0.011989673
khanhha_original::Rissbilder_for_Florian_9S6A2785_239_136_3078_2666.jpg,0.1542914,0.8230603,0.0226483
khanhha_original::Rissbilder_for_Florian_9S6A2785_493_901_3299_3768.jpg,0.1106727,0.87062776,0.018699624
khanhha_original::Rissbilder_for_Florian_9S6A2785_51_1717_2854_3381.jpg,0.2340018,0.7393332,0.026664991
khanhha_original::Rissbilder_for_Florian_9S6A2792_0_0_5760_3840.jpg,0.11227705,0.83427954,0.05344346
khanhha_original::Rissbilder_for_Florian_9S6A2792_1773_105_2717_3479.jpg,0.21480393,0.62673634,0.15845975
khanhha_original::Rissbilder_for_Florian_9S6A2792_1778_280_3876_3455.jpg,0.32429504,0.517582,0.1581229
khanhha_original::Rissbilder_for_Florian_9S6A2792_2643_751_3074_3028.jpg,0.22035982,0.53718364,0.24245653
khanhha_original::Rissbilder_for_Florian_9S6A2792_753_1245_2029_2585.jpg,0.33251116,0.587911,0.079577774
khanhha_original::Rissbilder_for_Florian_9S6A2797_0_0_3840_5760.jpg,0.1197593,0.832599,0.047641736
khanhha_original::Rissbilder_for_Florian_9S6A2797_211_1594_3203_4094.jpg,0.07839269,0.90277684,0.018830469
khanhha_original::Rissbilder_for_Florian_9S6A2797_27_2177_3736_3368.jpg,0.10026956,0.85900253,0.040727865
khanhha_original::Rissbilder_for_Florian_9S6A2797_331_75_3433_4182.jpg,0.24282563,0.64794606,0.1092283
khanhha_original::Rissbilder_for_Florian_9S6A2802_251_84_3754_3687.jpg,0.17045867,0.5564706,0.27307075
khanhha_original::Rissbilder_for_Florian_9S6A2802_2931_279_2589_2739.jpg,0.14901961,0.2145433,0.6364371
khanhha_original::Rissbilder_for_Florian_9S6A2802_631_103_2560_2012.jpg,0.16550076,0.4559441,0.37855512
khanhha_original::Rissbilder_for_Florian_9S6A2803_209_1110_2922_3685.jpg,0.13110755,0.82298857,0.045903884
khanhha_original::Rissbilder_for_Florian_9S6A2803_247_1248_3459_4462.jpg,0.39480183,0.55489194,0.05030621
khanhha_original::Rissbilder_for_Florian_9S6A2803_272_142_3359_3107.jpg,0.18995143,0.6877716,0.12227695
khanhha_original::Rissbilder_for_Florian_9S6A2803_612_408_2717_3030.jpg,0.24644575,0.58777124,0.16578303
khanhha_original::Rissbilder_for_Florian_9S6A2810_309_181_3327_4094.jpg,0.26717407,0.67006767,0.06275832
khanhha_original::Rissbilder_for_Florian_9S6A2810_43_528_3225_4185.jpg,0.17495203,0.55299056,0.2720574
khanhha_original::Rissbilder_for_Florian_9S6A2810_65_655_2748_2720.jpg,0.15806663,0.6914672,0.15046619
khanhha_original::Rissbilder_for_Florian_9S6A2822_1030_155_3516_3590.jpg,0.10690757,0.8292712,0.06382127
khanhha_original::Rissbilder_for_Florian_9S6A2822_1137_465_2983_2428.jpg,0.12754445,0.776601,0.0958546
khanhha_original::Rissbilder_for_Florian_9S6A2822_2401_400_2963_3258.jpg,0.05732876,0.89596045,0.046710756
khanhha_original::Rissbilder_for_Florian_9S6A2835_373_1783_2745_2384.jpg,0.05820306,0.872221,0.06957598
khanhha_original::Rissbilder_for_Florian_9S6A2835_459_1693_3011_2424.jpg,0.13481642,0.5488059,0.3163777
khanhha_original::Rissbilder_for_Florian_9S6A2835_468_2521_2391_2304.jpg,0.22821578,0.73610973,0.03567455
khanhha_original::Rissbilder_for_Florian_9S6A2835_469_1050_2755_3142.jpg,0.053141043,0.72731817,0.21954077
khanhha_original::Rissbilder_for_Florian_9S6A2835_637_235_2191_2778.jpg,0.2085872,0.46456864,0.32684416
khanhha_original::Rissbilder_for_Florian_9S6A2835_964_2753_2392_2184.jpg,0.23882636,0.69606227,0.06511135
khanhha_original::Rissbilder_for_Florian_9S6A2836_0_0_3840_5760.jpg,0.06721822,0.73164254,0.20113926
khanhha_original::Rissbilder_for_Florian_9S6A2836_391_1220_2381_3118.jpg,0.18261346,0.74047935,0.07690715
khanhha_original::Rissbilder_for_Florian_9S6A2837_523_803_3305_3454.jpg,0.08819893,0.81694543,0.094855644
khanhha_original::Rissbilder_for_Florian_9S6A2848_105_342_3183_3261.jpg,0.07608978,0.85192144,0.07198879
khanhha_original::Rissbilder_for_Florian_9S6A2848_1214_523_4329_3293.jpg,0.062197696,0.9094356,0.028366733
khanhha_original::Rissbilder_for_Florian_9S6A2850_1113_51_4606_3781.jpg,0.1471796,0.80725455,0.045565832
khanhha_original::Rissbilder_for_Florian_9S6A2850_1408_904_2105_2792.jpg,0.05195162,0.9013072,0.046741124
khanhha_original::Rissbilder_for_Florian_9S6A2854_162_1195_3169_2569.jpg,0.10393546,0.8528029,0.043261677
khanhha_original::Rissbilder_for_Florian_9S6A2856_1840_62_3055_3769.jpg,0.032280833,0.95581204,0.011907089
khanhha_original::Rissbilder_for_Florian_9S6A2856_2611_839_1919_2466.jpg,0.0477526,0.9206724,0.031574965
khanhha_original::Rissbilder_for_Florian_9S6A2856_3030_1197_2337_2140.jpg,0.10530707,0.8447377,0.04995523
khanhha_original::Rissbilder_for_Florian_9S6A2856_3095_641_2548_2416.jpg,0.11063622,0.8077742,0.08158955
khanhha_original::Rissbilder_for_Florian_9S6A2862_13_1221_3798_4291.jpg,0.43020046,0.3830157,0.18678382
khanhha_original::Rissbilder_for_Florian_9S6A2862_16_760_3062_2984.jpg,0.27098703,0.53543866,0.19357435
khanhha_original::Rissbilder_for_Florian_9S6A2862_54_2006_3577_3513.jpg,0.4125358,0.3556677,0.23179649
khanhha_original::Rissbilder_for_Florian_9S6A2862_550_1911_3038_3042.jpg,0.42068428,0.37986067,0.19945508
khanhha_original::Rissbilder_for_Florian_9S6A2863_312_1094_3025_3361.jpg,0.049699984,0.90725875,0.043041304
khanhha_original::Rissbilder_for_Florian_9S6A2863_423_3163_2502_2009.jpg,0.19772847,0.2902174,0.51205415
khanhha_original::Rissbilder_for_Florian_9S6A2867_114_180_3373_2642.jpg,0.15759555,0.11082228,0.73158216
khanhha_original::Rissbilder_for_Florian_9S6A2867_249_168_3377_3485.jpg,0.31224355,0.22100165,0.46675485
khanhha_original::Rissbilder_for_Florian_9S6A2867_26_155_3813_3142.jpg,0.3044653,0.4374415,0.25809327
khanhha_original::Rissbilder_for_Florian_9S6A2867_515_377_2926_3568.jpg,0.19881088,0.38039824,0.4207909
khanhha_original::Rissbilder_for_Florian_9S6A2867_657_766_2790_3388.jpg,0.4310482,0.30526716,0.26368463
khanhha_original::Rissbilder_for_Florian_9S6A2873_0_0_5760_3840.jpg,0.10589104,0.8526069,0.04150215
khanhha_original::Rissbilder_for_Florian_9S6A2873_244_84_4072_3620.jpg,0.31347197,0.49729118,0.18923688
khanhha_original::Rissbilder_for_Florian_9S6A2873_904_515_2792_2550.jpg,0.23369457,0.51345253,0.25285292
khanhha_original::Rissbilder_for_Florian_9S6A2873_905_438_3442_2738.jpg,0.26415154,0.5698531,0.16599539
khanhha_original::Rissbilder_for_Florian_9S6A2873_930_236_3379_3204.jpg,0.22815573,0.609383,0.1624613
khanhha_original::Rissbilder_for_Florian_9S6A2878_186_801_3630_3688.jpg,0.6046077,0.3012663,0.094126016
khanhha_original::Rissbilder_for_Florian_9S6A2878_287_270_3223_3935.jpg,0.5149694,0.40615466,0.0788759
khanhha_original::Rissbilder_for_Florian_9S6A2878_29_861_3713_4568.jpg,0.35208112,0.59843343,0.04948549
khanhha_original::Rissbilder_for_Florian_9S6A2878_373_2066_2452_3245.jpg,0.16320643,0.73601013,0.10078348
khanhha_original::Rissbilder_for_Florian_9S6A2878_67_878_2624_2752.jpg,0.46323895,0.3516471,0.18511394
khanhha_original::Rissbilder_for_Florian_9S6A2878_861_28_2800_2885.jpg,0.40067565,0.424989,0.1743353
khanhha_original::Rissbilder_for_Florian_9S6A2890_0_0_3840_5760.jpg,0.056054745,0.7483418,0.19560347
khanhha_original::Rissbilder_for_Florian_9S6A2890_1213_1864_1830_2425.jpg,0.022020482,0.9169563,0.061023213
khanhha_original::Rissbilder_for_Florian_9S6A2894_2035_188_3164_3103.jpg,0.33977082,0.37520814,0.28502107
khanhha_original::Rissbilder_for_Florian_9S6A2894_2274_588_3314_3190.jpg,0.21217634,0.5913363,0.19648728
khanhha_original::Rissbilder_for_Florian_9S6A2904_447_893_3086_3169.jpg,0.10883306,0.78523207,0.10593487
khanhha_original::Rissbilder_for_Florian_9S6A2904_78_719_3211_3093.jpg,0.10331149,0.82624763,0.07044085
khanhha_original::Rissbilder_for_Florian_9S6A2904_86_208_2615_2808.jpg,0.25843617,0.6589258,0.08263803
khanhha_original::Rissbilder_for_Florian_9S6A2905_1082_994_2878_2819.jpg,0.5810526,0.2034483,0.21549904
khanhha_original::Rissbilder_for_Florian_9S6A2905_153_412_3269_2899.jpg,0.47400486,0.46676987,0.059225295
khanhha_original::Rissbilder_for_Florian_9S6A2905_2363_42_2827_2612.jpg,0.37387466,0.57517546,0.050949868
khanhha_original::Rissbilder_for_Florian_9S6A2905_795_159_2896_2675.jpg,0.59289634,0.27853334,0.1285703
khanhha_original::Rissbilder_for_Florian_9S6A2905_928_88_4020_3658.jpg,0.6247887,0.28208834,0.09312294
khanhha_original::Rissbilder_for_Florian_9S6A2912_0_0_3840_5760.jpg,0.16155855,0.4986954,0.33974606
khanhha_original::Rissbilder_for_Florian_9S6A2912_255_1175_3429_3203.jpg,0.16324511,0.45267498,0.38407993
khanhha_original::Rissbilder_for_Florian_9S6A2912_85_369_3711_3429.jpg,0.14093599,0.19659112,0.6624729
khanhha_original::Rissbilder_for_Florian_9S6A2913_20_297_2640_2502.jpg,0.12453438,0.05918898,0.8162766
khanhha_original::Rissbilder_for_Florian_9S6A2913_320_3010_3339_2578.jpg,0.5228325,0.047707718,0.42945984
khanhha_original::Rissbilder_for_Florian_9S6A2913_321_16_3485_4543.jpg,0.39691028,0.07485641,0.5282333
khanhha_original::Rissbilder_for_Florian_9S6A2923_1668_185_3721_3137.jpg,0.25270444,0.5040077,0.24328794
khanhha_original::Rissbilder_for_Florian_9S6A2923_49_326_3736_3442.jpg,0.5375955,0.31972945,0.14267504
khanhha_original::Rissbilder_for_Florian_9S6A2923_875_539_3052_2796.jpg,0.18641987,0.5657497,0.24783038
khanhha_original::Rissbilder_for_Florian_9S6A3088_370_2375_2620_2464.jpg,0.12305214,0.6862943,0.19065355
khanhha_original::Rissbilder_for_Florian_9S6A3098_1300_3220_2283_2309.jpg,0.31748718,0.50313616,0.17937663
khanhha_original::Rissbilder_for_Florian_9S6A3098_64_1239_3474_2730.jpg,0.35345846,0.44699064,0.19955088
khanhha_original::Rissbilder_for_Florian_9S6A3098_88_800_3751_4641.jpg,0.20465407,0.50470144,0.29064456
khanhha_original::Rissbilder_for_Florian_9S6A3101_1262_2535_2488_2185.jpg,0.79417634,0.13519657,0.07062716
khanhha_original::Rissbilder_for_Florian_9S6A3101_148_599_2929_2917.jpg,0.585319,0.2535953,0.1610857
khanhha_original::Rissbilder_for_Florian_9S6A3101_487_946_2726_3042.jpg,0.625126,0.23027061,0.14460342
khanhha_original::Rissbilder_for_Florian_9S6A3106_108_1927_3275_2664.jpg,0.13287285,0.81159854,0.055528592
khanhha_original::Rissbilder_for_Florian_9S6A3106_228_1483_2823_2920.jpg,0.16557877,0.6890703,0.1453509
khanhha_original::Rissbilder_for_Florian_9S6A3106_310_2925_3257_2813.jpg,0.08021319,0.8533387,0.066448025
khanhha_original::Rissbilder_for_Florian_9S6A3106_333_1784_3162_3278.jpg,0.2428069,0.62740093,0.12979212
khanhha_original::Rissbilder_for_Florian_9S6A3106_521_315_3058_2943.jpg,0.083836146,0.8674501,0.048713703
khanhha_original::Rissbilder_for_Florian_9S6A3106_85_2598_2058_2287.jpg,0.20478722,0.6372331,0.15797964
khanhha_original::Rissbilder_for_Florian_9S6A3106_9_406_3814_4267.jpg,0.2423284,0.66163063,0.09604098
khanhha_original::Rissbilder_for_Florian_9S6A3108_130_372_2601_2517.jpg,0.0549412,0.7867949,0.15826389
khanhha_original::Rissbilder_for_Florian_9S6A3108_134_412_3328_4228.jpg,0.08909895,0.8090293,0.10187173
khanhha_original::Rissbilder_for_Florian_9S6A3108_160_1043_3170_3960.jpg,0.13674508,0.7198614,0.14339358
khanhha_original::Rissbilder_for_Florian_9S6A3108_365_3231_2323_2320.jpg,0.15991445,0.6930103,0.14707527
khanhha_original::Rissbilder_for_Florian_9S6A3108_43_1162_3415_3672.jpg,0.15570323,0.712361,0.13193578
khanhha_original::Rissbilder_for_Florian_9S6A3108_651_10_2896_3045.jpg,0.10778591,0.7266974,0.16551669
khanhha_original::Rissbilder_for_Florian_9S6A3112_1296_2688_2055_2721.jpg,0.04618418,0.6317052,0.32211062
khanhha_original::Rissbilder_for_Florian_9S6A3112_1349_1614_2446_2337.jpg,0.11361442,0.75967366,0.12671195
khanhha_original::Rissbilder_for_Florian_9S6A3117_0_0_3840_5760.jpg,0.30084708,0.6647365,0.03441638
khanhha_original::Rissbilder_for_Florian_9S6A3117_155_109_3546_2785.jpg,0.2487395,0.6342998,0.11696072
khanhha_original::Rissbilder_for_Florian_9S6A3117_911_680_2749_2883.jpg,0.13209051,0.8098488,0.05806074
khanhha_original::Rissbilder_for_Florian_9S6A3121_1095_2665_2007_2602.jpg,0.1712433,0.6732103,0.15554637
khanhha_original::Rissbilder_for_Florian_9S6A3121_224_1466_3238_3220.jpg,0.11504478,0.7802478,0.104707345
khanhha_original::Rissbilder_for_Florian_9S6A3121_408_826_2841_3663.jpg,0.087029144,0.8605679,0.052402917
khanhha_original::Rissbilder_for_Florian_9S6A3133_207_186_4184_3281.jpg,0.08970335,0.7579375,0.15235919
khanhha_original::Rissbilder_for_Florian_9S6A3138_115_569_2228_2606.jpg,0.039132204,0.858675,0.102192834
khanhha_original::Sylvie_Chambon_069.jpg,0.25063574,0.6102819,0.13908237
khanhha_original::Volker_DSC01629_412_54_1933_1766.jpg,0.48960426,0.4035648,0.10683088
khanhha_original::Volker_DSC01630_176_437_1360_1040.jpg,0.7275936,0.08952417,0.18288225
khanhha_original::Volker_DSC01630_374_343_1233_1342.jpg,0.43258002,0.18945998,0.37796
khanhha_original::Volker_DSC01631_2_30_1821_2154.jpg,0.47302797,0.13051538,0.3964567
khanhha_original::Volker_DSC01642_220_63_1843_1585.jpg,0.4231762,0.48875093,0.088072814
khanhha_original::Volker_DSC01648_211_212_1177_955.jpg,0.049354088,0.040637705,0.91000825
khanhha_original::Volker_DSC01661_0_0_1824_2736.jpg,0.23995031,0.37864897,0.38140073
khanhha_original::Volker_DSC01661_290_595_1071_1180.jpg,0.13826959,0.32728258,0.53444785
khanhha_original::Volker_DSC01661_400_1545_1179_1103.jpg,0.28148675,0.03976405,0.67874914
khanhha_original::Volker_DSC01667_0_0_1824_2736.jpg,0.05597359,0.19434634,0.74968004
khanhha_original::Volker_DSC01667_106_338_1708_2132.jpg,0.030854654,0.1368441,0.83230126
khanhha_original::Volker_DSC01670_3_833_1821_1836.jpg,0.12556201,0.3421883,0.53224975
khanhha_original::Volker_DSC01670_678_871_1022_989.jpg,0.28594494,0.21979138,0.4942637
khanhha_original::Volker_DSC01678_0_0_1824_2736.jpg,0.01137874,0.74848616,0.24013509
khanhha_original::Volker_DSC01678_14_998_1278_1270.jpg,0.10633067,0.5789867,0.31468263
khanhha_original::Volker_DSC01678_282_907_1086_1149.jpg,0.16563134,0.4695584,0.36481032
khanhha_original::Volker_DSC01686_297_570_1208_1271.jpg,0.08643312,0.13327925,0.7802876
khanhha_original::Volker_DSC01690_763_1051_1043_1097.jpg,0.11229197,0.13821131,0.74949664
khanhha_original::Volker_DSC01691_35_741_1602_1808.jpg,0.10995985,0.21848145,0.67155874
khanhha_original::Volker_DSC01691_6_526_1388_1598.jpg,0.1179411,0.14755535,0.73450357
khanhha_original::Volker_DSC01701_103_539_1579_1680.jpg,0.35197842,0.29231843,0.35570318
khanhha_original::cracktree200_6258.jpg,0.023937486,0.7474033,0.22865921
khanhha_original::cracktree200_6266.jpg,0.14612596,0.1204994,0.7333746
khanhha_original::cracktree200_6278.jpg,0.34126896,0.13645345,0.5222776
khanhha_original::cracktree200_6297.jpg,0.009047303,0.569839,0.42111373
khanhha_original::cracktree200_6298.jpg,0.10057126,0.14851058,0.75091815
khanhha_original::cracktree200_6710.jpg,0.2506221,0.4301785,0.3191994
khanhha_original::forest_018.jpg,0.21686871,0.3833963,0.399735
khanhha_original::forest_054.jpg,0.3259114,0.53850865,0.13557991
khanhha_original::forest_117.jpg,0.1496061,0.60188496,0.24850899
khanhha_original::noncrack_noncrack_concrete_wall_102_5.jpg.jpg,0.019401928,0.947725,0.032873087
khanhha_original::noncrack_noncrack_concrete_wall_15_5.jpg.jpg,0.09075912,0.8733911,0.035849754
khanhha_original::noncrack_noncrack_concrete_wall_15_7.jpg.jpg,0.11053709,0.8199056,0.06955731
khanhha_original::noncrack_noncrack_concrete_wall_20_1.jpg.jpg,0.020942291,0.8624587,0.116599016
khanhha_original::noncrack_noncrack_concrete_wall_20_15.jpg.jpg,0.07353689,0.6874237,0.23903942
khanhha_original::noncrack_noncrack_concrete_wall_20_32.jpg.jpg,0.01894982,0.8220629,0.15898724
khanhha_original::noncrack_noncrack_concrete_wall_20_52.jpg.jpg,0.04447776,0.769983,0.18553923
khanhha_original::noncrack_noncrack_concrete_wall_20_54.jpg.jpg,0.1594037,0.69135195,0.14924441
khanhha_original::noncrack_noncrack_concrete_wall_20_59.jpg.jpg,0.01895019,0.901548,0.07950176
khanhha_original::noncrack_noncrack_concrete_wall_20_62.jpg.jpg,0.04170317,0.8505467,0.107750095
khanhha_original::noncrack_noncrack_concrete_wall_20_68.jpg.jpg,0.04400831,0.75814116,0.19785056
khanhha_original::noncrack_noncrack_concrete_wall_20_70.jpg.jpg,0.06941379,0.6458592,0.28472698
khanhha_original::noncrack_noncrack_concrete_wall_35_4.jpg.jpg,0.038819242,0.7800917,0.18108903
khanhha_original::noncrack_noncrack_concrete_wall_3_2.jpg.jpg,0.0029702329,0.9679979,0.029031774
khanhha_original::noncrack_noncrack_concrete_wall_44_0.jpg.jpg,0.24703483,0.5455837,0.2073814
khanhha_original::noncrack_noncrack_concrete_wall_44_4.jpg.jpg,0.336033,0.1965846,0.46738237
khanhha_original::noncrack_noncrack_concrete_wall_46_8.jpg.jpg,1.5246844e-05,0.999423,0.00056174153
khanhha_original::noncrack_noncrack_concrete_wall_48_0.jpg.jpg,0.052796066,0.77592134,0.1712826
khanhha_original::noncrack_noncrack_concrete_wall_48_1.jpg.jpg,0.055451583,0.90143925,0.0431092
khanhha_original::noncrack_noncrack_concrete_wall_48_5.jpg.jpg,0.072965756,0.5866066,0.3404276
khanhha_original::noncrack_noncrack_concrete_wall_59_0.jpg.jpg,0.00014525848,0.9769266,0.022928173
khanhha_original::noncrack_noncrack_concrete_wall_59_3.jpg.jpg,0.00015181494,0.9602548,0.039593488
khanhha_original::noncrack_noncrack_concrete_wall_65_0.jpg.jpg,0.017524047,0.85618967,0.12628631
khanhha_original::noncrack_noncrack_concrete_wall_65_10.jpg.jpg,0.013623634,0.9568806,0.029495738
khanhha_original::noncrack_noncrack_concrete_wall_68_0.jpg.jpg,0.017948931,0.85863924,0.12341186
khanhha_original::noncrack_noncrack_concrete_wall_68_1.jpg.jpg,0.037092995,0.87669426,0.086212724
khanhha_original::noncrack_noncrack_concrete_wall_74_10.jpg.jpg,0.20356207,0.046692,0.74974597
khanhha_original::noncrack_noncrack_concrete_wall_82_14.jpg.jpg,0.0028349864,0.256421,0.74074405
khanhha_original::noncrack_noncrack_concrete_wall_82_23.jpg.jpg,0.0051320833,0.51214886,0.482719
khanhha_original::noncrack_noncrack_concrete_wall_82_24.jpg.jpg,0.00013500423,0.9790896,0.020775288
khanhha_original::noncrack_noncrack_concrete_wall_82_27.jpg.jpg,0.0012227391,0.18007094,0.8187063
khanhha_original::noncrack_noncrack_concrete_wall_82_32.jpg.jpg,0.004079112,0.38855043,0.6073705
khanhha_original::noncrack_noncrack_concrete_wall_82_4.jpg.jpg,0.006048443,0.6398672,0.3540843
khanhha_original::noncrack_noncrack_concrete_wall_82_5.jpg.jpg,0.0017796339,0.914649,0.08357136
khanhha_original::noncrack_noncrack_concrete_wall_86_1.jpg.jpg,0.018060908,0.47833937,0.5035997
khanhha_original::noncrack_noncrack_concrete_wall_86_2.jpg.jpg,0.03716666,0.68781245,0.2750209
khanhha_original::noncrack_noncrack_concrete_wall_93_5.jpg.jpg,0.09503831,0.86943084,0.035530798
khanhha_original::noncrack_noncrack_concrete_wall_96_1.jpg.jpg,0.010425196,0.93733484,0.05223994
khanhha_original::noncrack_noncrack_concrete_wall_96_12.jpg.jpg,0.009970988,0.7605434,0.2294856
khanhha_original::noncrack_noncrack_concrete_wall_96_2.jpg.jpg,0.04236039,0.7700413,0.1875983
khanhha_original::noncrack_noncrack_concrete_wall_96_27.jpg.jpg,0.009623407,0.7928738,0.19750279
khanhha_noisy1::CFD_011.jpg,0.44952613,0.35581258,0.19466121
khanhha_noisy1::CFD_080.jpg,0.45940617,0.2548862,0.28570765
khanhha_noisy1::CRACK500_20160222_081908_641_721.jpg,0.120949775,0.15159456,0.7274556
khanhha_noisy1::CRACK500_20160222_115519_641_721.jpg,0.03623961,0.073855735,0.8899047
khanhha_noisy1::CRACK500_20160222_163940_1281_1081.jpg,0.37944627,0.19116658,0.42938712
khanhha_noisy1::CRACK500_20160222_163940_1_1081.jpg,0.004682452,0.9669368,0.028380789
khanhha_noisy1::CRACK500_20160222_163940_1_361.jpg,0.12777823,0.6805363,0.19168544
khanhha_noisy1::CRACK500_20160222_163940_641_1081.jpg,0.42297152,0.1909799,0.38604861
khanhha_noisy1::CRACK500_20160222_165919_1_721.jpg,0.70192105,0.04154916,0.25652978
khanhha_noisy1::CRACK500_20160225_114514_721_1281.jpg,0.29117262,0.68483585,0.02399153
khanhha_noisy1::CRACK500_20160225_114514_721_641.jpg,0.18613656,0.78701675,0.026846701
khanhha_noisy1::CRACK500_20160302_155857_1281_1.jpg,0.15616108,0.11029402,0.7335449
khanhha_noisy1::CRACK500_20160302_155857_1_721.jpg,0.21061556,0.2524663,0.53691816
khanhha_noisy1::CRACK500_20160302_155914_1081_641.jpg,0.064248316,0.8282824,0.10746927
khanhha_noisy1::CRACK500_20160303_092806_1281_721.jpg,0.24559386,0.389752,0.36465412
khanhha_noisy1::CRACK500_20160303_092806_1_721.jpg,0.44326213,0.2004719,0.356266
khanhha_noisy1::CRACK500_20160306_103830_1921_1081.jpg,0.33095276,0.28063625,0.38841102
khanhha_noisy1::CRACK500_20160307_143827_1_721.jpg,0.25606963,0.22310902,0.5208214
khanhha_noisy1::CRACK500_20160307_144150_1281_721.jpg,0.48132053,0.34335136,0.17532805
khanhha_noisy1::CRACK500_20160307_144150_641_361.jpg,0.3829874,0.14336036,0.47365227
khanhha_noisy1::CRACK500_20160307_144931_1281_1.jpg,0.13433716,0.17552997,0.69013286
khanhha_noisy1::CRACK500_20160307_144931_641_721.jpg,0.1714972,0.14211829,0.6863845
khanhha_noisy1::CRACK500_20160307_163537_1281_721.jpg,0.49331984,0.18507333,0.32160684
khanhha_noisy1::CRACK500_20160307_163537_641_361.jpg,0.566336,0.08789315,0.3457708
khanhha_noisy1::CRACK500_20160307_163537_641_721.jpg,0.25300953,0.03485994,0.71213055
khanhha_noisy1::CRACK500_20160307_164334_641_1.jpg,0.13234232,0.5769337,0.29072395
khanhha_noisy1::CRACK500_20160307_164334_641_361.jpg,0.34283763,0.27410015,0.3830622
khanhha_noisy1::CRACK500_20160308_072921_1281_1081.jpg,0.2545887,0.30165648,0.44375482
khanhha_noisy1::CRACK500_20160308_072921_1281_361.jpg,0.08539884,0.1034401,0.81116104
khanhha_noisy1::CRACK500_20160308_072921_641_1081.jpg,0.03364077,0.02494239,0.94141686
khanhha_noisy1::CRACK500_20160308_072921_641_721.jpg,0.10211871,0.11344692,0.7844344
khanhha_noisy1::CRACK500_20160308_073014_1281_721.jpg,0.09500338,0.054832865,0.8501637
khanhha_noisy1::CRACK500_20160308_073406_641_721.jpg,0.38440788,0.114513546,0.50107855
khanhha_noisy1::CRACK500_20160308_160053_1_361.jpg,0.68183684,0.037882045,0.28028113
khanhha_noisy1::CRACK500_20160310_114418_641_361.jpg,0.69577736,0.095327914,0.20889466
khanhha_noisy1::CRACK500_20160318_181602_1281_361.jpg,0.15030353,0.43472713,0.41496938
khanhha_noisy1::CRACK500_20160318_181627_1_721.jpg,0.17010921,0.4527083,0.37718248
khanhha_noisy1::CRACK500_20160321_183951_1_361.jpg,0.18515661,0.28705022,0.52779317
khanhha_noisy1::CRACK500_20160321_185457_1281_1.jpg,0.21926689,0.1365225,0.64421064
khanhha_noisy1::CRACK500_20160321_185457_1921_1.jpg,0.12734875,0.10672111,0.7659302
khanhha_noisy1::CRACK500_20160324_170323_1_721.jpg,0.2204198,0.29715598,0.48242432
khanhha_noisy1::CRACK500_20160324_170347_1281_361.jpg,0.25771362,0.27014413,0.47214225
khanhha_noisy1::CRACK500_20160324_170347_1281_721.jpg,0.15283282,0.29874015,0.548427
khanhha_noisy1::CRACK500_20160326_142354_641_1081.jpg,0.50394815,0.22417864,0.27187318
khanhha_noisy1::CRACK500_20160328_150827_1281_1081.jpg,0.30541036,0.633338,0.061251663
khanhha_noisy1::CRACK500_20160328_150932_1921_361.jpg,0.44528243,0.15912785,0.3955897
khanhha_noisy1::CRACK500_20160328_150932_641_361.jpg,0.58017963,0.20003635,0.21978398
khanhha_noisy1::CRACK500_20160328_151013_361_1921.jpg,0.5200554,0.120717324,0.35922724
khanhha_noisy1::CRACK500_20160328_151057_1281_721.jpg,0.35428992,0.31158322,0.33412683
khanhha_noisy1::CRACK500_20160328_151413_1_361.jpg,0.338494,0.47681162,0.18469435
khanhha_noisy1::CRACK500_20160328_151413_641_721.jpg,0.2892722,0.19099092,0.51973695
khanhha_noisy1::CRACK500_20160328_151728_1921_721.jpg,0.30662453,0.23687255,0.4565029
khanhha_noisy1::CRACK500_20160328_151808_1281_721.jpg,0.26776507,0.359181,0.37305397
khanhha_noisy1::CRACK500_20160328_152305_1921_361.jpg,0.34282568,0.22980158,0.4273727
khanhha_noisy1::CRACK500_20160328_153020_1921_361.jpg,0.4239488,0.3851684,0.19088282
khanhha_noisy1::CRACK500_20160328_153540_641_361.jpg,0.1116183,0.5038129,0.3845688
khanhha_noisy1::CRACK500_20160328_153540_641_721.jpg,0.27183887,0.17450985,0.5536512
khanhha_noisy1::CRACK500_20160328_153556_1_361.jpg,0.4585905,0.28061792,0.26079163
khanhha_noisy1::CRACK500_20160328_153645_1_361.jpg,0.32272974,0.3627387,0.31453156
khanhha_noisy1::CRACK500_20160328_153702_1281_721.jpg,0.17830658,0.34680623,0.4748872
khanhha_noisy1::CRACK500_20160328_153702_1_1081.jpg,0.25594202,0.18989687,0.55416113
khanhha_noisy1::CRACK500_20160328_153724_1_1081.jpg,0.12532434,0.20547831,0.6691974
khanhha_noisy1::CRACK500_20160328_153724_641_721.jpg,0.16192657,0.31809813,0.5199753
khanhha_noisy1::CRACK500_20160328_153829_1921_361.jpg,0.35739633,0.37359834,0.26900536
khanhha_noisy1::CRACK500_20160328_153829_641_1.jpg,0.059786905,0.56410843,0.37610465
khanhha_noisy1::CRACK500_20160328_154334_641_721.jpg,0.12921813,0.5124174,0.35836446
khanhha_noisy1::CRACK500_20160328_154352_1281_721.jpg,0.615762,0.07462233,0.30961573
khanhha_noisy1::CRACK500_20160329_093924_1921_721.jpg,0.050647832,0.47006747,0.4792846
khanhha_noisy1::CRACK500_20160329_094003_641_361.jpg,0.4249259,0.116346866,0.4587272
khanhha_noisy1::CRACK500_20160329_094512_1281_1081.jpg,0.23610078,0.18988732,0.5740119
khanhha_noisy1::CRACK500_20160329_094512_1281_721.jpg,0.13073322,0.018122649,0.8511442
khanhha_noisy1::CRACK500_20160329_094512_1921_721.jpg,0.33257753,0.05867612,0.6087464
khanhha_noisy1::CRACK500_20160329_101503_641_721.jpg,0.2310914,0.42598334,0.34292522
khanhha_noisy1::CRACK500_20160329_104120_1921_721.jpg,0.055724207,0.6855437,0.2587321
khanhha_noisy1::CRACK500_20160329_104120_1_361.jpg,0.03743412,0.28095105,0.6816148
khanhha_noisy1::CRACK500_20160329_104120_1_721.jpg,0.041588914,0.22267751,0.7357336
khanhha_noisy1::CRACK500_20160329_104120_641_721.jpg,0.1629364,0.4695546,0.36750895
khanhha_noisy1::CRACK500_20160329_115531_641_721.jpg,0.15504217,0.22860973,0.61634815
khanhha_noisy1::CRACK500_20160330_164743_1_361.jpg,0.43717617,0.15567026,0.40715364
khanhha_noisy1::CRACK500_20160330_164743_641_361.jpg,0.68893653,0.12890524,0.18215822
khanhha_noisy1::CRACK500_20160330_170501_1_721.jpg,0.36080435,0.28720468,0.351991
khanhha_noisy1::CRACK500_20160330_170504_641_721.jpg,0.4955859,0.26868895,0.23572521
khanhha_noisy1::CRACK500_20160402_150105_1_1.jpg,0.44599527,0.28457484,0.2694299
khanhha_noisy1::CRACK500_20160402_150317_641_361.jpg,0.3920525,0.3785114,0.2294361
khanhha_noisy1::CRACK500_20160402_150317_641_721.jpg,0.11626997,0.31532738,0.56840265
khanhha_noisy1::CRACK500_20160402_150938_641_361.jpg,0.28384304,0.19514358,0.5210134
khanhha_noisy1::CRACK500_20160402_150938_641_721.jpg,0.14386582,0.59028774,0.26584646
khanhha_noisy1::CRACK500_20160405_171333_1281_361.jpg,0.1421331,0.5033172,0.35454968
khanhha_noisy1::CRACK500_20160405_171453_1281_361.jpg,0.29357052,0.22034769,0.48608184
khanhha_noisy1::CRACK500_20160405_171453_1_721.jpg,0.230432,0.027165662,0.7424023
khanhha_noisy1::CRACK500_20160405_171453_641_361.jpg,0.4851001,0.05513797,0.45976192
khanhha_noisy1::CRACK500_20160405_171716_1921_721.jpg,0.40498722,0.15728673,0.43772614
khanhha_noisy1::CRACK500_20160407_163522_1921_721.jpg,0.2248599,0.15988101,0.6152591
khanhha_noisy1::CRACK500_20160407_163522_641_721.jpg,0.35478643,0.12828353,0.5169301
khanhha_noisy1::CRACK500_20160407_165001_641_1081.jpg,0.46171296,0.1710731,0.36721396
khanhha_noisy1::CRACK500_20160407_165210_1921_721.jpg,0.35683307,0.13778429,0.50538266
khanhha_noisy1::CRACK500_IMG_2932_1297_969.jpg,0.18510447,0.3459493,0.46894625
khanhha_noisy1::DeepCrack_11113.jpg,0.047124002,0.018692566,0.9341835
khanhha_noisy1::DeepCrack_11116-2.jpg,0.018723339,0.6992527,0.28202394
khanhha_noisy1::DeepCrack_11116-3.jpg,0.08536893,0.58937776,0.32525334
khanhha_noisy1::DeepCrack_11125-1.jpg,0.12283564,0.07442136,0.80274296
khanhha_noisy1::DeepCrack_11151-2.jpg,0.53098863,0.3252439,0.14376748
khanhha_noisy1::DeepCrack_11155-1.jpg,0.0014085186,0.9879061,0.010685388
khanhha_noisy1::DeepCrack_11155.jpg,0.008309114,0.97275037,0.018940609
khanhha_noisy1::DeepCrack_11184-1.jpg,0.11858671,0.26713178,0.61428154
khanhha_noisy1::DeepCrack_11215-15.jpg,0.0054890183,0.2805041,0.71400684
khanhha_noisy1::DeepCrack_11215-3.jpg,0.025044499,0.8003505,0.17460494
khanhha_noisy1::DeepCrack_11240-6.jpg,0.055442095,0.78608567,0.1584722
khanhha_noisy1::DeepCrack_11240-8.jpg,0.15227851,0.77667356,0.071047984
khanhha_noisy1::DeepCrack_11247-12.jpg,0.13840304,0.03108595,0.83051103
khanhha_noisy1::DeepCrack_11269-1.jpg,0.5287091,0.21263056,0.25866032
khanhha_noisy1::DeepCrack_11271-2.jpg,0.04901532,0.66372377,0.28726095
khanhha_noisy1::DeepCrack_11271-5.jpg,0.07475207,0.38525417,0.53999376
khanhha_noisy1::DeepCrack_11301-6.jpg,0.015180486,0.13600299,0.8488166
khanhha_noisy1::DeepCrack_7Q3A9064-12.jpg,0.1504899,0.098234035,0.75127614
khanhha_noisy1::DeepCrack_7Q3A9064-17.jpg,0.21277854,0.14070268,0.6465188
khanhha_noisy1::DeepCrack_7Q3A9064-19.jpg,0.460253,0.13198462,0.40776238
khanhha_noisy1::DeepCrack_7Q3A9064-20.jpg,0.34111843,0.31972864,0.3391529
khanhha_noisy1::DeepCrack_IMG11-6.jpg,0.35978314,0.105413854,0.534803
khanhha_noisy1::DeepCrack_IMG_6469-2.jpg,0.26022494,0.3151427,0.42463237
khanhha_noisy1::DeepCrack_IMG_6514-3.jpg,0.30936277,0.19748424,0.49315292
khanhha_noisy1::Eugen_Muller_7723_0_0_714_429.jpg,0.24423356,0.20033361,0.5554328
khanhha_noisy1::GAPS384_test_0058_1_1.jpg,0.9414558,0.03405299,0.024491254
khanhha_noisy1::GAPS384_test_0203_1_1.jpg,0.45725638,0.27579495,0.26694867
khanhha_noisy1::GAPS384_test_0203_541_1.jpg,0.33026183,0.21740074,0.4523375
khanhha_noisy1::GAPS384_train_0449_1_1.jpg,0.94830745,0.008679216,0.04301336
khanhha_noisy1::GAPS384_train_0516_541_641.jpg,0.07486829,0.028493268,0.89663845
khanhha_noisy1::GAPS384_train_0542_1_641.jpg,0.2156523,0.5062053,0.27814242
khanhha_noisy1::GAPS384_train_0681_541_641.jpg,0.42793173,0.20813763,0.3639306
khanhha_noisy1::GAPS384_train_0700_1_1.jpg,0.37150416,0.43032,0.19817589
khanhha_noisy1::GAPS384_train_0918_1_641.jpg,0.4735797,0.17283204,0.35358822
khanhha_noisy1::GAPS384_train_0922_1_641.jpg,0.79445875,0.012467548,0.19307363
khanhha_noisy1::GAPS384_train_0959_1_641.jpg,0.30916718,0.050997548,0.6398353
khanhha_noisy1::GAPS384_train_1028_1_1.jpg,0.61332065,0.31562173,0.07105766
khanhha_noisy1::GAPS384_train_1126_541_1.jpg,0.6576302,0.21851517,0.12385462
khanhha_noisy1::GAPS384_train_1128_541_1.jpg,0.81169426,0.011615263,0.17669044
khanhha_noisy1::GAPS384_train_1247_541_1.jpg,0.13756208,0.17921197,0.6832259
khanhha_noisy1::GAPS384_train_1284_541_641.jpg,0.56243277,0.10006548,0.33750173
khanhha_noisy1::GAPS384_train_1347_541_1.jpg,0.21266736,0.33801648,0.44931617
khanhha_noisy1::GAPS384_train_1347_541_641.jpg,0.20760359,0.070120566,0.72227585
khanhha_noisy1::GAPS384_train_1366_541_1.jpg,0.438633,0.27744997,0.28391704
khanhha_noisy1::GAPS384_train_1381_541_1.jpg,0.46685782,0.101161316,0.43198082
khanhha_noisy1::Rissbilder_for_Florian_9S6A2782_0_0_3840_5760.jpg,0.6687093,0.18728352,0.14400718
khanhha_noisy1::Rissbilder_for_Florian_9S6A2784_100_1539_3455_3308.jpg,0.57074374,0.20483467,0.2244216
khanhha_noisy1::Rissbilder_for_Florian_9S6A2784_1029_155_2671_3164.jpg,0.7505431,0.13722643,0.11223042
khanhha_noisy1::Rissbilder_for_Florian_9S6A2784_241_1425_3582_3991.jpg,0.7450908,0.124937944,0.12997133
khanhha_noisy1::Rissbilder_for_Florian_9S6A2785_118_523_3535_4238.jpg,0.018154675,0.9805362,0.0013091381
khanhha_noisy1::Rissbilder_for_Florian_9S6A2785_197_1269_2404_2359.jpg,0.0032097488,0.9953951,0.001395072
khanhha_noisy1::Rissbilder_for_Florian_9S6A2785_239_136_3078_2666.jpg,0.01665657,0.9816352,0.0017082836
khanhha_noisy1::Rissbilder_for_Florian_9S6A2785_493_901_3299_3768.jpg,0.054728568,0.9344413,0.010830037
khanhha_noisy1::Rissbilder_for_Florian_9S6A2785_51_1717_2854_3381.jpg,0.003606333,0.99330246,0.0030911886
khanhha_noisy1::Rissbilder_for_Florian_9S6A2792_0_0_5760_3840.jpg,0.70809746,0.18833725,0.10356534
khanhha_noisy1::Rissbilder_for_Florian_9S6A2792_1773_105_2717_3479.jpg,0.6499405,0.17906572,0.17099376
khanhha_noisy1::Rissbilder_for_Florian_9S6A2792_1778_280_3876_3455.jpg,0.57491547,0.19961229,0.22547223
khanhha_noisy1::Rissbilder_for_Florian_9S6A2792_2643_751_3074_3028.jpg,0.7080069,0.13667305,0.15532005
khanhha_noisy1::Rissbilder_for_Florian_9S6A2792_753_1245_2029_2585.jpg,0.33958855,0.50540096,0.15501049
khanhha_noisy1::Rissbilder_for_Florian_9S6A2797_0_0_3840_5760.jpg,0.6137875,0.25718585,0.12902664
khanhha_noisy1::Rissbilder_for_Florian_9S6A2797_211_1594_3203_4094.jpg,0.4215655,0.47910768,0.099326804
khanhha_noisy1::Rissbilder_for_Florian_9S6A2797_27_2177_3736_3368.jpg,0.3096377,0.49755263,0.19280964
khanhha_noisy1::Rissbilder_for_Florian_9S6A2797_331_75_3433_4182.jpg,0.4168954,0.28281277,0.30029178
khanhha_noisy1::Rissbilder_for_Florian_9S6A2802_251_84_3754_3687.jpg,0.4121459,0.5197882,0.0680658
khanhha_noisy1::Rissbilder_for_Florian_9S6A2802_2931_279_2589_2739.jpg,0.30236062,0.4285255,0.26911387
khanhha_noisy1::Rissbilder_for_Florian_9S6A2802_631_103_2560_2012.jpg,0.5844832,0.26056695,0.15494983
khanhha_noisy1::Rissbilder_for_Florian_9S6A2803_209_1110_2922_3685.jpg,0.34772617,0.5422076,0.11006624
khanhha_noisy1::Rissbilder_for_Florian_9S6A2803_247_1248_3459_4462.jpg,0.60645616,0.3034988,0.09004508
khanhha_noisy1::Rissbilder_for_Florian_9S6A2803_272_142_3359_3107.jpg,0.2833694,0.26874718,0.4478834
khanhha_noisy1::Rissbilder_for_Florian_9S6A2803_612_408_2717_3030.jpg,0.2727375,0.31540522,0.41185725
khanhha_noisy1::Rissbilder_for_Florian_9S6A2810_309_181_3327_4094.jpg,0.6103543,0.34454173,0.045103915
khanhha_noisy1::Rissbilder_for_Florian_9S6A2810_43_528_3225_4185.jpg,0.35649842,0.41637954,0.22712202
khanhha_noisy1::Rissbilder_for_Florian_9S6A2810_65_655_2748_2720.jpg,0.5810461,0.31112936,0.10782455
khanhha_noisy1::Rissbilder_for_Florian_9S6A2822_1030_155_3516_3590.jpg,0.5095819,0.34616742,0.1442507
khanhha_noisy1::Rissbilder_for_Florian_9S6A2822_1137_465_2983_2428.jpg,0.4860624,0.32390016,0.19003743
khanhha_noisy1::Rissbilder_for_Florian_9S6A2822_2401_400_2963_3258.jpg,0.53799844,0.2551885,0.20681301
khanhha_noisy1::Rissbilder_for_Florian_9S6A2835_373_1783_2745_2384.jpg,0.15993422,0.36234698,0.47771883
khanhha_noisy1::Rissbilder_for_Florian_9S6A2835_459_1693_3011_2424.jpg,0.15803187,0.36727786,0.4746903
khanhha_noisy1::Rissbilder_for_Florian_9S6A2835_468_2521_2391_2304.jpg,0.3349785,0.2929855,0.372036
khanhha_noisy1::Rissbilder_for_Florian_9S6A2835_469_1050_2755_3142.jpg,0.16147026,0.25521934,0.5833104
khanhha_noisy1::Rissbilder_for_Florian_9S6A2835_637_235_2191_2778.jpg,0.28095594,0.35932642,0.3597177
khanhha_noisy1::Rissbilder_for_Florian_9S6A2835_964_2753_2392_2184.jpg,0.29806218,0.14125569,0.5606822
khanhha_noisy1::Rissbilder_for_Florian_9S6A2836_0_0_3840_5760.jpg,0.10182478,0.2760759,0.62209934
khanhha_noisy1::Rissbilder_for_Florian_9S6A2836_391_1220_2381_3118.jpg,0.0534188,0.39635867,0.5502225
khanhha_noisy1::Rissbilder_for_Florian_9S6A2837_523_803_3305_3454.jpg,0.1577567,0.30513585,0.53710747
khanhha_noisy1::Rissbilder_for_Florian_9S6A2848_105_342_3183_3261.jpg,0.57682824,0.12656459,0.2966071
khanhha_noisy1::Rissbilder_for_Florian_9S6A2848_1214_523_4329_3293.jpg,0.54512346,0.10843729,0.34643927
khanhha_noisy1::Rissbilder_for_Florian_9S6A2850_1113_51_4606_3781.jpg,0.5197758,0.3209008,0.15932341
khanhha_noisy1::Rissbilder_for_Florian_9S6A2850_1408_904_2105_2792.jpg,0.51013476,0.31372967,0.17613553
khanhha_noisy1::Rissbilder_for_Florian_9S6A2854_162_1195_3169_2569.jpg,0.28040782,0.49300388,0.22658834
khanhha_noisy1::Rissbilder_for_Florian_9S6A2856_1840_62_3055_3769.jpg,0.4834197,0.20559418,0.31098607
khanhha_noisy1::Rissbilder_for_Florian_9S6A2856_2611_839_1919_2466.jpg,0.50108725,0.4112279,0.087684855
khanhha_noisy1::Rissbilder_for_Florian_9S6A2856_3030_1197_2337_2140.jpg,0.5580069,0.33739972,0.10459344
khanhha_noisy1::Rissbilder_for_Florian_9S6A2856_3095_641_2548_2416.jpg,0.71178436,0.20260341,0.085612215
khanhha_noisy1::Rissbilder_for_Florian_9S6A2862_13_1221_3798_4291.jpg,0.46676728,0.26772535,0.26550737
khanhha_noisy1::Rissbilder_for_Florian_9S6A2862_16_760_3062_2984.jpg,0.34289846,0.2278405,0.429261
khanhha_noisy1::Rissbilder_for_Florian_9S6A2862_54_2006_3577_3513.jpg,0.44766098,0.2138388,0.33850023
khanhha_noisy1::Rissbilder_for_Florian_9S6A2862_550_1911_3038_3042.jpg,0.48278758,0.15192977,0.36528268
khanhha_noisy1::Rissbilder_for_Florian_9S6A2863_312_1094_3025_3361.jpg,0.14557385,0.7132918,0.14113434
khanhha_noisy1::Rissbilder_for_Florian_9S6A2863_423_3163_2502_2009.jpg,0.49160212,0.16661704,0.3417808
khanhha_noisy1::Rissbilder_for_Florian_9S6A2867_114_180_3373_2642.jpg,0.15673043,0.56555486,0.27771476
khanhha_noisy1::Rissbilder_for_Florian_9S6A2867_249_168_3377_3485.jpg,0.16875935,0.3278029,0.50343776
khanhha_noisy1::Rissbilder_for_Florian_9S6A2867_26_155_3813_3142.jpg,0.35121727,0.3489021,0.2998806
khanhha_noisy1::Rissbilder_for_Florian_9S6A2867_515_377_2926_3568.jpg,0.39743987,0.42935604,0.17320411
khanhha_noisy1::Rissbilder_for_Florian_9S6A2867_657_766_2790_3388.jpg,0.6820899,0.2049326,0.11297749
khanhha_noisy1::Rissbilder_for_Florian_9S6A2873_0_0_5760_3840.jpg,0.40387484,0.0656002,0.5305249
khanhha_noisy1::Rissbilder_for_Florian_9S6A2873_244_84_4072_3620.jpg,0.16043128,0.6324852,0.2070835
khanhha_noisy1::Rissbilder_for_Florian_9S6A2873_904_515_2792_2550.jpg,0.23884866,0.50989497,0.25125644
khanhha_noisy1::Rissbilder_for_Florian_9S6A2873_905_438_3442_2738.jpg,0.15410711,0.45370382,0.392189
khanhha_noisy1::Rissbilder_for_Florian_9S6A2873_930_236_3379_3204.jpg,0.25113824,0.3786641,0.37019762
khanhha_noisy1::Rissbilder_for_Florian_9S6A2878_186_801_3630_3688.jpg,0.6514023,0.18894435,0.15965329
khanhha_noisy1::Rissbilder_for_Florian_9S6A2878_287_270_3223_3935.jpg,0.54969853,0.24610093,0.20420049
khanhha_noisy1::Rissbilder_for_Florian_9S6A2878_29_861_3713_4568.jpg,0.4734909,0.33135158,0.19515754
khanhha_noisy1::Rissbilder_for_Florian_9S6A2878_373_2066_2452_3245.jpg,0.29984787,0.6140134,0.08613872
khanhha_noisy1::Rissbilder_for_Florian_9S6A2878_67_878_2624_2752.jpg,0.48518568,0.21247451,0.30233982
khanhha_noisy1::Rissbilder_for_Florian_9S6A2878_861_28_2800_2885.jpg,0.68675953,0.10638452,0.20685594
khanhha_noisy1::Rissbilder_for_Florian_9S6A2890_0_0_3840_5760.jpg,0.10015031,0.712418,0.18743168
khanhha_noisy1::Rissbilder_for_Florian_9S6A2890_1213_1864_1830_2425.jpg,0.083621204,0.8199554,0.09642343
khanhha_noisy1::Rissbilder_for_Florian_9S6A2894_2035_188_3164_3103.jpg,0.57067853,0.36000532,0.06931615
khanhha_noisy1::Rissbilder_for_Florian_9S6A2894_2274_588_3314_3190.jpg,0.41167432,0.49461156,0.09371419
khanhha_noisy1::Rissbilder_for_Florian_9S6A2904_447_893_3086_3169.jpg,0.09258417,0.6612521,0.24616379
khanhha_noisy1::Rissbilder_for_Florian_9S6A2904_78_719_3211_3093.jpg,0.36819887,0.45444912,0.17735203
khanhha_noisy1::Rissbilder_for_Florian_9S6A2904_86_208_2615_2808.jpg,0.591319,0.3265972,0.08208379
khanhha_noisy1::Rissbilder_for_Florian_9S6A2905_1082_994_2878_2819.jpg,0.17291465,0.7907462,0.036339153
khanhha_noisy1::Rissbilder_for_Florian_9S6A2905_153_412_3269_2899.jpg,0.10873683,0.8465219,0.044741217
khanhha_noisy1::Rissbilder_for_Florian_9S6A2905_2363_42_2827_2612.jpg,0.75669956,0.15217863,0.09112173
khanhha_noisy1::Rissbilder_for_Florian_9S6A2905_795_159_2896_2675.jpg,0.4787858,0.41933906,0.10187513
khanhha_noisy1::Rissbilder_for_Florian_9S6A2905_928_88_4020_3658.jpg,0.20419927,0.26553157,0.53026915
khanhha_noisy1::Rissbilder_for_Florian_9S6A2912_0_0_3840_5760.jpg,0.54030854,0.20952366,0.25016776
khanhha_noisy1::Rissbilder_for_Florian_9S6A2912_255_1175_3429_3203.jpg,0.30595514,0.33088592,0.363159
khanhha_noisy1::Rissbilder_for_Florian_9S6A2912_85_369_3711_3429.jpg,0.51013726,0.11437291,0.37548983
khanhha_noisy1::Rissbilder_for_Florian_9S6A2913_20_297_2640_2502.jpg,0.33510873,0.21408613,0.45080513
khanhha_noisy1::Rissbilder_for_Florian_9S6A2913_320_3010_3339_2578.jpg,0.40302247,0.18611419,0.41086337
khanhha_noisy1::Rissbilder_for_Florian_9S6A2913_321_16_3485_4543.jpg,0.26043552,0.13619368,0.60337085
khanhha_noisy1::Rissbilder_for_Florian_9S6A2923_1668_185_3721_3137.jpg,0.6793165,0.09078054,0.22990292
khanhha_noisy1::Rissbilder_for_Florian_9S6A2923_49_326_3736_3442.jpg,0.2431688,0.36749765,0.38933355
khanhha_noisy1::Rissbilder_for_Florian_9S6A2923_875_539_3052_2796.jpg,0.31509927,0.12536985,0.5595309
khanhha_noisy1::Rissbilder_for_Florian_9S6A3088_370_2375_2620_2464.jpg,0.46707058,0.34714308,0.1857864
khanhha_noisy1::Rissbilder_for_Florian_9S6A3098_1300_3220_2283_2309.jpg,0.40357327,0.18851835,0.4079084
khanhha_noisy1::Rissbilder_for_Florian_9S6A3098_64_1239_3474_2730.jpg,0.23286669,0.49939373,0.26773962
khanhha_noisy1::Rissbilder_for_Florian_9S6A3098_88_800_3751_4641.jpg,0.37054658,0.24007444,0.389379
khanhha_noisy1::Rissbilder_for_Florian_9S6A3101_1262_2535_2488_2185.jpg,0.5899675,0.15877478,0.25125772
khanhha_noisy1::Rissbilder_for_Florian_9S6A3101_148_599_2929_2917.jpg,0.74244994,0.15122366,0.1063264
khanhha_noisy1::Rissbilder_for_Florian_9S6A3101_487_946_2726_3042.jpg,0.55769414,0.15643701,0.28586885
khanhha_noisy1::Rissbilder_for_Florian_9S6A3106_108_1927_3275_2664.jpg,0.50631726,0.30896232,0.18472044
khanhha_noisy1::Rissbilder_for_Florian_9S6A3106_228_1483_2823_2920.jpg,0.4075202,0.32321748,0.26926225
khanhha_noisy1::Rissbilder_for_Florian_9S6A3106_310_2925_3257_2813.jpg,0.57038456,0.32948455,0.100130886
khanhha_noisy1::Rissbilder_for_Florian_9S6A3106_333_1784_3162_3278.jpg,0.3329454,0.44474182,0.22231284
khanhha_noisy1::Rissbilder_for_Florian_9S6A3106_521_315_3058_2943.jpg,0.19124399,0.6452865,0.16346951
khanhha_noisy1::Rissbilder_for_Florian_9S6A3106_85_2598_2058_2287.jpg,0.3076896,0.42150632,0.27080405
khanhha_noisy1::Rissbilder_for_Florian_9S6A3106_9_406_3814_4267.jpg,0.37265894,0.50899154,0.1183495
khanhha_noisy1::Rissbilder_for_Florian_9S6A3108_130_372_2601_2517.jpg,0.060820613,0.035766162,0.9034132
khanhha_noisy1::Rissbilder_for_Florian_9S6A3108_134_412_3328_4228.jpg,0.12797499,0.013998872,0.8580261
khanhha_noisy1::Rissbilder_for_Florian_9S6A3108_160_1043_3170_3960.jpg,0.12721625,0.017510572,0.8552731
khanhha_noisy1::Rissbilder_for_Florian_9S6A3108_365_3231_2323_2320.jpg,0.0695896,0.02571749,0.90469295
khanhha_noisy1::Rissbilder_for_Florian_9S6A3108_43_1162_3415_3672.jpg,0.06665757,0.0062966077,0.9270458
khanhha_noisy1::Rissbilder_for_Florian_9S6A3108_651_10_2896_3045.jpg,0.05819141,0.0048725577,0.9369361
khanhha_noisy1::Rissbilder_for_Florian_9S6A3112_1296_2688_2055_2721.jpg,0.26943418,0.30434093,0.4262249
khanhha_noisy1::Rissbilder_for_Florian_9S6A3112_1349_1614_2446_2337.jpg,0.17415558,0.06924491,0.75659955
khanhha_noisy1::Rissbilder_for_Florian_9S6A3117_0_0_3840_5760.jpg,0.6169952,0.23234117,0.15066364
khanhha_noisy1::Rissbilder_for_Florian_9S6A3117_155_109_3546_2785.jpg,0.22629736,0.5702284,0.2034742
khanhha_noisy1::Rissbilder_for_Florian_9S6A3117_911_680_2749_2883.jpg,0.50555784,0.40513107,0.08931107
khanhha_noisy1::Rissbilder_for_Florian_9S6A3121_1095_2665_2007_2602.jpg,0.49782315,0.11457305,0.38760382
khanhha_noisy1::Rissbilder_for_Florian_9S6A3121_224_1466_3238_3220.jpg,0.7548681,0.13389415,0.111237764
khanhha_noisy1::Rissbilder_for_Florian_9S6A3121_408_826_2841_3663.jpg,0.77405703,0.07312585,0.15281709
khanhha_noisy1::Rissbilder_for_Florian_9S6A3133_207_186_4184_3281.jpg,0.08033055,0.105388805,0.8142806
khanhha_noisy1::Rissbilder_for_Florian_9S6A3138_115_569_2228_2606.jpg,0.18398334,0.19396658,0.6220501
khanhha_noisy1::Sylvie_Chambon_069.jpg,0.39983836,0.38887984,0.21128179
khanhha_noisy1::Volker_DSC01629_412_54_1933_1766.jpg,0.16611661,0.23954187,0.5943415
khanhha_noisy1::Volker_DSC01630_176_437_1360_1040.jpg,0.075507976,0.5116535,0.41283855
khanhha_noisy1::Volker_DSC01630_374_343_1233_1342.jpg,0.08013971,0.51765287,0.40220746
khanhha_noisy1::Volker_DSC01631_2_30_1821_2154.jpg,0.30071992,0.28110483,0.4181752
khanhha_noisy1::Volker_DSC01642_220_63_1843_1585.jpg,0.24285907,0.35489887,0.40224203
khanhha_noisy1::Volker_DSC01648_211_212_1177_955.jpg,0.33456817,0.08280089,0.582631
khanhha_noisy1::Volker_DSC01661_0_0_1824_2736.jpg,0.17091003,0.028111864,0.80097806
khanhha_noisy1::Volker_DSC01661_290_595_1071_1180.jpg,0.08474745,0.048951063,0.8663015
khanhha_noisy1::Volker_DSC01661_400_1545_1179_1103.jpg,0.10178735,0.033030126,0.8651825
khanhha_noisy1::Volker_DSC01667_0_0_1824_2736.jpg,0.27647883,0.042236444,0.68128467
khanhha_noisy1::Volker_DSC01667_106_338_1708_2132.jpg,0.09564164,0.06198642,0.842372
khanhha_noisy1::Volker_DSC01670_3_833_1821_1836.jpg,0.40344316,0.09243906,0.5041178
khanhha_noisy1::Volker_DSC01670_678_871_1022_989.jpg,0.17053796,0.15042001,0.67904204
khanhha_noisy1::Volker_DSC01678_0_0_1824_2736.jpg,0.5276253,0.08965412,0.3827206
khanhha_noisy1::Volker_DSC01678_14_998_1278_1270.jpg,0.33952552,0.41340092,0.24707358
khanhha_noisy1::Volker_DSC01678_282_907_1086_1149.jpg,0.22474663,0.36271554,0.4125378
khanhha_noisy1::Volker_DSC01686_297_570_1208_1271.jpg,0.06757102,0.2341545,0.69827455
khanhha_noisy1::Volker_DSC01690_763_1051_1043_1097.jpg,0.12114915,0.21346827,0.6653825
khanhha_noisy1::Volker_DSC01691_35_741_1602_1808.jpg,0.20243472,0.16053638,0.6370289
khanhha_noisy1::Volker_DSC01691_6_526_1388_1598.jpg,0.11157906,0.28512636,0.6032946
khanhha_noisy1::Volker_DSC01701_103_539_1579_1680.jpg,0.3712797,0.13684647,0.49187377
khanhha_noisy1::cracktree200_6258.jpg,0.5230123,0.3333451,0.14364262
khanhha_noisy1::cracktree200_6266.jpg,0.82219046,0.10251357,0.07529598
khanhha_noisy1::cracktree200_6278.jpg,0.53237206,0.34693298,0.12069493
khanhha_noisy1::cracktree200_6297.jpg,0.6740449,0.20444407,0.12151108
khanhha_noisy1::cracktree200_6298.jpg,0.64360696,0.24598022,0.11041282
khanhha_noisy1::cracktree200_6710.jpg,0.6997634,0.19741921,0.10281734
khanhha_noisy1::forest_018.jpg,0.14447518,0.59630835,0.25921646
khanhha_noisy1::forest_054.jpg,0.12005897,0.1514205,0.7285205
khanhha_noisy1::forest_117.jpg,0.3755157,0.4323169,0.19216739
khanhha_noisy1::noncrack_noncrack_concrete_wall_102_5.jpg.jpg,0.18446776,0.78520155,0.030330619
khanhha_noisy1::noncrack_noncrack_concrete_wall_15_5.jpg.jpg,0.1953835,0.77574724,0.0288692
khanhha_noisy1::noncrack_noncrack_concrete_wall_15_7.jpg.jpg,0.11448698,0.8459779,0.039535105
khanhha_noisy1::noncrack_noncrack_concrete_wall_20_1.jpg.jpg,0.08622279,0.8873666,0.026410688
khanhha_noisy1::noncrack_noncrack_concrete_wall_20_15.jpg.jpg,0.21339169,0.7311131,0.055495195
khanhha_noisy1::noncrack_noncrack_concrete_wall_20_32.jpg.jpg,0.05932399,0.9295077,0.011168339
khanhha_noisy1::noncrack_noncrack_concrete_wall_20_52.jpg.jpg,0.114877835,0.84684163,0.038280543
khanhha_noisy1::noncrack_noncrack_concrete_wall_20_54.jpg.jpg,0.11814604,0.8682335,0.01362053
khanhha_noisy1::noncrack_noncrack_concrete_wall_20_59.jpg.jpg,0.07847167,0.8604532,0.06107508
khanhha_noisy1::noncrack_noncrack_concrete_wall_20_62.jpg.jpg,0.11658015,0.86045045,0.02296946
khanhha_noisy1::noncrack_noncrack_concrete_wall_20_68.jpg.jpg,0.09336984,0.8750023,0.03162788
khanhha_noisy1::noncrack_noncrack_concrete_wall_20_70.jpg.jpg,0.32279733,0.60789806,0.06930467
khanhha_noisy1::noncrack_noncrack_concrete_wall_35_4.jpg.jpg,0.0101262145,0.9785429,0.0113309715
khanhha_noisy1::noncrack_noncrack_concrete_wall_3_2.jpg.jpg,0.00021063375,0.9969362,0.0028532
khanhha_noisy1::noncrack_noncrack_concrete_wall_44_0.jpg.jpg,0.11050609,0.56800413,0.3214897
khanhha_noisy1::noncrack_noncrack_concrete_wall_44_4.jpg.jpg,0.090294994,0.26999244,0.6397126
khanhha_noisy1::noncrack_noncrack_concrete_wall_46_8.jpg.jpg,0.00058415876,0.9963336,0.0030822454
khanhha_noisy1::noncrack_noncrack_concrete_wall_48_0.jpg.jpg,0.28076574,0.6862656,0.032968607
khanhha_noisy1::noncrack_noncrack_concrete_wall_48_1.jpg.jpg,0.46591124,0.51188666,0.022202048
khanhha_noisy1::noncrack_noncrack_concrete_wall_48_5.jpg.jpg,0.4553946,0.511736,0.032869462
khanhha_noisy1::noncrack_noncrack_concrete_wall_59_0.jpg.jpg,0.00024436682,0.99889636,0.0008592346
khanhha_noisy1::noncrack_noncrack_concrete_wall_59_3.jpg.jpg,0.0004563297,0.9972421,0.0023015097
khanhha_noisy1::noncrack_noncrack_concrete_wall_65_0.jpg.jpg,0.034917444,0.93613493,0.028947553
khanhha_noisy1::noncrack_noncrack_concrete_wall_65_10.jpg.jpg,0.013008807,0.9781439,0.0088473465
khanhha_noisy1::noncrack_noncrack_concrete_wall_68_0.jpg.jpg,0.044767994,0.90779996,0.04743201
khanhha_noisy1::noncrack_noncrack_concrete_wall_68_1.jpg.jpg,0.06852209,0.88510984,0.046368156
khanhha_noisy1::noncrack_noncrack_concrete_wall_74_10.jpg.jpg,0.058539823,0.81179994,0.12966022
khanhha_noisy1::noncrack_noncrack_concrete_wall_82_14.jpg.jpg,0.0035640046,0.91992444,0.07651158
khanhha_noisy1::noncrack_noncrack_concrete_wall_82_23.jpg.jpg,0.004686031,0.94862604,0.046687897
khanhha_noisy1::noncrack_noncrack_concrete_wall_82_24.jpg.jpg,0.0011582874,0.986999,0.0118428
khanhha_noisy1::noncrack_noncrack_concrete_wall_82_27.jpg.jpg,0.0029530963,0.9215151,0.07553184
khanhha_noisy1::noncrack_noncrack_concrete_wall_82_32.jpg.jpg,0.0056635058,0.9313344,0.06300208
khanhha_noisy1::noncrack_noncrack_concrete_wall_82_4.jpg.jpg,0.0033076338,0.99089396,0.0057985047
khanhha_noisy1::noncrack_noncrack_concrete_wall_82_5.jpg.jpg,0.0017902235,0.9955941,0.0026156206
khanhha_noisy1::noncrack_noncrack_concrete_wall_86_1.jpg.jpg,0.026049467,0.9446503,0.02930029
khanhha_noisy1::noncrack_noncrack_concrete_wall_86_2.jpg.jpg,0.03110623,0.94664645,0.022247288
khanhha_noisy1::noncrack_noncrack_concrete_wall_93_5.jpg.jpg,0.009948994,0.9479405,0.042110432
khanhha_noisy1::noncrack_noncrack_concrete_wall_96_1.jpg.jpg,0.067709036,0.93024045,0.0020504831
khanhha_noisy1::noncrack_noncrack_concrete_wall_96_12.jpg.jpg,0.040885776,0.95317096,0.005943248
khanhha_noisy1::noncrack_noncrack_concrete_wall_96_2.jpg.jpg,0.07115774,0.9267766,0.0020656404
khanhha_noisy1::noncrack_noncrack_concrete_wall_96_27.jpg.jpg,0.008846259,0.98568404,0.005469641
khanhha_noisy2::CFD_011.jpg,0.2453064,0.13469997,0.6199936
khanhha_noisy2::CFD_080.jpg,0.30479077,0.4188358,0.27637342
khanhha_noisy2::CRACK500_20160222_081908_641_721.jpg,0.091797546,0.07819793,0.8300046
khanhha_noisy2::CRACK500_20160222_115519_641_721.jpg,0.007190451,0.9907741,0.002035436
khanhha_noisy2::CRACK500_20160222_163940_1281_1081.jpg,0.21936552,0.25584102,0.52479345
khanhha_noisy2::CRACK500_20160222_163940_1_1081.jpg,0.038945496,0.9052215,0.055833016
khanhha_noisy2::CRACK500_20160222_163940_1_361.jpg,0.7046218,0.027232343,0.26814586
khanhha_noisy2::CRACK500_20160222_163940_641_1081.jpg,0.54244584,0.2636789,0.19387522
khanhha_noisy2::CRACK500_20160222_165919_1_721.jpg,0.4036021,0.24879327,0.3476047
khanhha_noisy2::CRACK500_20160225_114514_721_1281.jpg,0.35037872,0.62664473,0.022976592
khanhha_noisy2::CRACK500_20160225_114514_721_641.jpg,0.10840137,0.88318855,0.008410126
khanhha_noisy2::CRACK500_20160302_155857_1281_1.jpg,0.36482716,0.18844718,0.44672564
khanhha_noisy2::CRACK500_20160302_155857_1_721.jpg,0.23761143,0.24920052,0.513188
khanhha_noisy2::CRACK500_20160302_155914_1081_641.jpg,0.62419945,0.19654459,0.17925598
khanhha_noisy2::CRACK500_20160303_092806_1281_721.jpg,0.31356084,0.33977214,0.34666705
khanhha_noisy2::CRACK500_20160303_092806_1_721.jpg,0.22779188,0.27845463,0.4937535
khanhha_noisy2::CRACK500_20160306_103830_1921_1081.jpg,0.3557281,0.24090856,0.40336338
khanhha_noisy2::CRACK500_20160307_143827_1_721.jpg,0.23419037,0.57480717,0.19100246
khanhha_noisy2::CRACK500_20160307_144150_1281_721.jpg,0.1643679,0.618648,0.21698412
khanhha_noisy2::CRACK500_20160307_144150_641_361.jpg,0.1883682,0.34414953,0.4674823
khanhha_noisy2::CRACK500_20160307_144931_1281_1.jpg,0.27767256,0.51031995,0.2120075
khanhha_noisy2::CRACK500_20160307_144931_641_721.jpg,0.23836552,0.16761725,0.5940172
khanhha_noisy2::CRACK500_20160307_163537_1281_721.jpg,0.31519127,0.30013606,0.38467267
khanhha_noisy2::CRACK500_20160307_163537_641_361.jpg,0.48234493,0.17619242,0.34146267
khanhha_noisy2::CRACK500_20160307_163537_641_721.jpg,0.09159649,0.04363979,0.86476374
khanhha_noisy2::CRACK500_20160307_164334_641_1.jpg,0.1366804,0.3537459,0.5095737
khanhha_noisy2::CRACK500_20160307_164334_641_361.jpg,0.5071566,0.15830769,0.3345357
khanhha_noisy2::CRACK500_20160308_072921_1281_1081.jpg,0.2077443,0.41759956,0.3746561
khanhha_noisy2::CRACK500_20160308_072921_1281_361.jpg,0.09684712,0.143152,0.7600008
khanhha_noisy2::CRACK500_20160308_072921_641_1081.jpg,0.17181224,0.029101973,0.7990858
khanhha_noisy2::CRACK500_20160308_072921_641_721.jpg,0.10692645,0.175738,0.7173355
khanhha_noisy2::CRACK500_20160308_073014_1281_721.jpg,0.060101602,0.0317325,0.90816593
khanhha_noisy2::CRACK500_20160308_073406_641_721.jpg,0.40574878,0.22591576,0.3683355
khanhha_noisy2::CRACK500_20160308_160053_1_361.jpg,0.41215196,0.36054868,0.2272994
khanhha_noisy2::CRACK500_20160310_114418_641_361.jpg,0.6295715,0.16509669,0.20533183
khanhha_noisy2::CRACK500_20160318_181602_1281_361.jpg,0.1549539,0.42431957,0.42072648
khanhha_noisy2::CRACK500_20160318_181627_1_721.jpg,0.1199775,0.6161555,0.26386696
khanhha_noisy2::CRACK500_20160321_183951_1_361.jpg,0.24132667,0.32754573,0.43112758
khanhha_noisy2::CRACK500_20160321_185457_1281_1.jpg,0.28925356,0.23088454,0.47986192
khanhha_noisy2::CRACK500_20160321_185457_1921_1.jpg,0.20799664,0.07466505,0.7173384
khanhha_noisy2::CRACK500_20160324_170323_1_721.jpg,0.14330977,0.18468998,0.67200017
khanhha_noisy2::CRACK500_20160324_170347_1281_361.jpg,0.37666592,0.2757295,0.34760457
khanhha_noisy2::CRACK500_20160324_170347_1281_721.jpg,0.1466455,0.56457525,0.28877926
khanhha_noisy2::CRACK500_20160326_142354_641_1081.jpg,0.29690263,0.388299,0.31479833
khanhha_noisy2::CRACK500_20160328_150827_1281_1081.jpg,0.25492778,0.578421,0.16665122
khanhha_noisy2::CRACK500_20160328_150932_1921_361.jpg,0.82293934,0.09297241,0.084088266
khanhha_noisy2::CRACK500_20160328_150932_641_361.jpg,0.36594367,0.5060056,0.12805071
khanhha_noisy2::CRACK500_20160328_151013_361_1921.jpg,0.6912376,0.19502495,0.11373746
khanhha_noisy2::CRACK500_20160328_151057_1281_721.jpg,0.2732414,0.62981325,0.09694542
khanhha_noisy2::CRACK500_20160328_151413_1_361.jpg,0.14488485,0.70202184,0.15309332
khanhha_noisy2::CRACK500_20160328_151413_641_721.jpg,0.236478,0.36706537,0.39645666
khanhha_noisy2::CRACK500_20160328_151728_1921_721.jpg,0.33565912,0.3519876,0.31235325
khanhha_noisy2::CRACK500_20160328_151808_1281_721.jpg,0.16619541,0.4330787,0.40072596
khanhha_noisy2::CRACK500_20160328_152305_1921_361.jpg,0.39843255,0.16744454,0.43412286
khanhha_noisy2::CRACK500_20160328_153020_1921_361.jpg,0.38780224,0.35542214,0.25677556
khanhha_noisy2::CRACK500_20160328_153540_641_361.jpg,0.0577229,0.6478844,0.2943927
khanhha_noisy2::CRACK500_20160328_153540_641_721.jpg,0.11147488,0.34930605,0.539219
khanhha_noisy2::CRACK500_20160328_153556_1_361.jpg,0.27143025,0.34817395,0.38039583
khanhha_noisy2::CRACK500_20160328_153645_1_361.jpg,0.31194663,0.45433688,0.23371655
khanhha_noisy2::CRACK500_20160328_153702_1281_721.jpg,0.10584834,0.29820153,0.5959501
khanhha_noisy2::CRACK500_20160328_153702_1_1081.jpg,0.14184305,0.46300128,0.3951557
khanhha_noisy2::CRACK500_20160328_153724_1_1081.jpg,0.3212913,0.4120698,0.26663885
khanhha_noisy2::CRACK500_20160328_153724_641_721.jpg,0.090540774,0.55822647,0.35123274
khanhha_noisy2::CRACK500_20160328_153829_1921_361.jpg,0.39485756,0.31544054,0.28970197
khanhha_noisy2::CRACK500_20160328_153829_641_1.jpg,0.15234496,0.47389778,0.37375724
khanhha_noisy2::CRACK500_20160328_154334_641_721.jpg,0.27430764,0.499725,0.22596729
khanhha_noisy2::CRACK500_20160328_154352_1281_721.jpg,0.32642427,0.28985837,0.38371733
khanhha_noisy2::CRACK500_20160329_093924_1921_721.jpg,0.30760145,0.23844855,0.45395
khanhha_noisy2::CRACK500_20160329_094003_641_361.jpg,0.2939646,0.0577188,0.6483166
khanhha_noisy2::CRACK500_20160329_094512_1281_1081.jpg,0.2031596,0.23500323,0.5618372
khanhha_noisy2::CRACK500_20160329_094512_1281_721.jpg,0.05130288,0.057936672,0.8907604
khanhha_noisy2::CRACK500_20160329_094512_1921_721.jpg,0.0853341,0.03513987,0.879526
khanhha_noisy2::CRACK500_20160329_101503_641_721.jpg,0.4378975,0.43039557,0.13170695
khanhha_noisy2::CRACK500_20160329_104120_1921_721.jpg,0.09262887,0.64158076,0.26579037
khanhha_noisy2::CRACK500_20160329_104120_1_361.jpg,0.15645608,0.20742773,0.6361162
khanhha_noisy2::CRACK500_20160329_104120_1_721.jpg,0.3328499,0.10251205,0.5646381
khanhha_noisy2::CRACK500_20160329_104120_641_721.jpg,0.258015,0.39641315,0.3455719
khanhha_noisy2::CRACK500_20160329_115531_641_721.jpg,0.12446041,0.2928448,0.58269477
khanhha_noisy2::CRACK500_20160330_164743_1_361.jpg,0.4852402,0.3630015,0.15175837
khanhha_noisy2::CRACK500_20160330_164743_641_361.jpg,0.4820629,0.42550543,0.09243171
khanhha_noisy2::CRACK500_20160330_170501_1_721.jpg,0.11375674,0.6035249,0.2827183
khanhha_noisy2::CRACK500_20160330_170504_641_721.jpg,0.18222335,0.63954824,0.17822844
khanhha_noisy2::CRACK500_20160402_150105_1_1.jpg,0.39637172,0.34563532,0.25799298
khanhha_noisy2::CRACK500_20160402_150317_641_361.jpg,0.2291022,0.44902945,0.32186836
khanhha_noisy2::CRACK500_20160402_150317_641_721.jpg,0.10199352,0.69756323,0.2004433
khanhha_noisy2::CRACK500_20160402_150938_641_361.jpg,0.18145865,0.4961251,0.3224163
khanhha_noisy2::CRACK500_20160402_150938_641_721.jpg,0.13951127,0.7305026,0.12998618
khanhha_noisy2::CRACK500_20160405_171333_1281_361.jpg,0.23093629,0.4364497,0.332614
khanhha_noisy2::CRACK500_20160405_171453_1281_361.jpg,0.11708277,0.26879117,0.614126
khanhha_noisy2::CRACK500_20160405_171453_1_721.jpg,0.13193105,0.12286645,0.7452025
khanhha_noisy2::CRACK500_20160405_171453_641_361.jpg,0.19531685,0.06332332,0.74135983
khanhha_noisy2::CRACK500_20160405_171716_1921_721.jpg,0.3581497,0.1620766,0.4797737
khanhha_noisy2::CRACK500_20160407_163522_1921_721.jpg,0.15823898,0.10189625,0.7398648
khanhha_noisy2::CRACK500_20160407_163522_641_721.jpg,0.30762684,0.12162508,0.5707481
khanhha_noisy2::CRACK500_20160407_165001_641_1081.jpg,0.48116475,0.36160466,0.15723054
khanhha_noisy2::CRACK500_20160407_165210_1921_721.jpg,0.18407826,0.34653446,0.4693873
khanhha_noisy2::CRACK500_IMG_2932_1297_969.jpg,0.1867059,0.5633696,0.24992454
khanhha_noisy2::DeepCrack_11113.jpg,0.1926016,0.1608722,0.64652616
khanhha_noisy2::DeepCrack_11116-2.jpg,0.1283596,0.45958847,0.41205195
khanhha_noisy2::DeepCrack_11116-3.jpg,0.20002131,0.488901,0.31107765
khanhha_noisy2::DeepCrack_11125-1.jpg,0.552017,0.1366547,0.31132835
khanhha_noisy2::DeepCrack_11151-2.jpg,0.12527251,0.39690763,0.47781983
khanhha_noisy2::DeepCrack_11155-1.jpg,0.00031811764,0.8126833,0.18699858
khanhha_noisy2::DeepCrack_11155.jpg,0.1037087,0.2144225,0.68186885
khanhha_noisy2::DeepCrack_11184-1.jpg,0.10734204,0.62684965,0.26580834
khanhha_noisy2::DeepCrack_11215-15.jpg,0.004929502,0.80066466,0.19440576
khanhha_noisy2::DeepCrack_11215-3.jpg,0.018817209,0.865876,0.11530676
khanhha_noisy2::DeepCrack_11240-6.jpg,0.06855965,0.6800503,0.25139007
khanhha_noisy2::DeepCrack_11240-8.jpg,0.103820704,0.79814744,0.09803181
khanhha_noisy2::DeepCrack_11247-12.jpg,0.02369094,0.042024072,0.93428504
khanhha_noisy2::DeepCrack_11269-1.jpg,0.62967825,0.22175464,0.14856711
khanhha_noisy2::DeepCrack_11271-2.jpg,0.08229992,0.40856048,0.5091396
khanhha_noisy2::DeepCrack_11271-5.jpg,0.060063217,0.77605075,0.16388601
khanhha_noisy2::DeepCrack_11301-6.jpg,0.022139248,0.2303778,0.74748296
khanhha_noisy2::DeepCrack_7Q3A9064-12.jpg,0.33039367,0.24062714,0.42897922
khanhha_noisy2::DeepCrack_7Q3A9064-17.jpg,0.33042282,0.31742796,0.35214922
khanhha_noisy2::DeepCrack_7Q3A9064-19.jpg,0.42949757,0.37857977,0.19192265
khanhha_noisy2::DeepCrack_7Q3A9064-20.jpg,0.33676326,0.58933586,0.07390089
khanhha_noisy2::DeepCrack_IMG11-6.jpg,0.2364432,0.66836286,0.09519396
khanhha_noisy2::DeepCrack_IMG_6469-2.jpg,0.21674128,0.4479192,0.33533955
khanhha_noisy2::DeepCrack_IMG_6514-3.jpg,0.57358724,0.3165602,0.10985253
khanhha_noisy2::Eugen_Muller_7723_0_0_714_429.jpg,0.63669986,0.10073997,0.26256016
khanhha_noisy2::GAPS384_test_0058_1_1.jpg,0.16795114,0.80453444,0.027514366
khanhha_noisy2::GAPS384_test_0203_1_1.jpg,0.8307614,0.10301548,0.06622313
khanhha_noisy2::GAPS384_test_0203_541_1.jpg,0.3332785,0.61283493,0.05388657
khanhha_noisy2::GAPS384_train_0449_1_1.jpg,0.26099724,0.71066606,0.028336685
khanhha_noisy2::GAPS384_train_0516_541_641.jpg,0.25039607,0.12280545,0.62679845
khanhha_noisy2::GAPS384_train_0542_1_641.jpg,0.5287441,0.39327142,0.07798446
khanhha_noisy2::GAPS384_train_0681_541_641.jpg,0.6786303,0.14155991,0.17980985
khanhha_noisy2::GAPS384_train_0700_1_1.jpg,0.5909862,0.24633348,0.1626803
khanhha_noisy2::GAPS384_train_0918_1_641.jpg,0.27173936,0.6324662,0.09579442
khanhha_noisy2::GAPS384_train_0922_1_641.jpg,0.41761532,0.5331701,0.049214557
khanhha_noisy2::GAPS384_train_0959_1_641.jpg,0.3015894,0.34731475,0.35109589
khanhha_noisy2::GAPS384_train_1028_1_1.jpg,0.5606179,0.35060847,0.08877361
khanhha_noisy2::GAPS384_train_1126_541_1.jpg,0.7295228,0.2154004,0.0550767
khanhha_noisy2::GAPS384_train_1128_541_1.jpg,0.83271074,0.008094248,0.15919507
khanhha_noisy2::GAPS384_train_1247_541_1.jpg,0.37858167,0.38597828,0.23544009
khanhha_noisy2::GAPS384_train_1284_541_641.jpg,0.49219313,0.39850682,0.109300025
khanhha_noisy2::GAPS384_train_1347_541_1.jpg,0.35793564,0.3876043,0.25446013
khanhha_noisy2::GAPS384_train_1347_541_641.jpg,0.73424965,0.13075636,0.13499391
khanhha_noisy2::GAPS384_train_1366_541_1.jpg,0.53322816,0.320091,0.14668083
khanhha_noisy2::GAPS384_train_1381_541_1.jpg,0.6133154,0.18495436,0.20173028
khanhha_noisy2::Rissbilder_for_Florian_9S6A2782_0_0_3840_5760.jpg,0.9221896,0.04840152,0.029408881
khanhha_noisy2::Rissbilder_for_Florian_9S6A2784_100_1539_3455_3308.jpg,0.3958743,0.23197414,0.3721516
khanhha_noisy2::Rissbilder_for_Florian_9S6A2784_1029_155_2671_3164.jpg,0.75431603,0.16777794,0.077906035
khanhha_noisy2::Rissbilder_for_Florian_9S6A2784_241_1425_3582_3991.jpg,0.5271723,0.36579698,0.10703064
khanhha_noisy2::Rissbilder_for_Florian_9S6A2785_118_523_3535_4238.jpg,0.0018416743,0.9978644,0.00029398198
khanhha_noisy2::Rissbilder_for_Florian_9S6A2785_197_1269_2404_2359.jpg,0.0005454958,0.99921477,0.00023960497
khanhha_noisy2::Rissbilder_for_Florian_9S6A2785_239_136_3078_2666.jpg,0.0023682173,0.9972746,0.00035727362
khanhha_noisy2::Rissbilder_for_Florian_9S6A2785_493_901_3299_3768.jpg,0.0017775779,0.9975019,0.0007205204
khanhha_noisy2::Rissbilder_for_Florian_9S6A2785_51_1717_2854_3381.jpg,0.0002815746,0.99945897,0.00025951868
khanhha_noisy2::Rissbilder_for_Florian_9S6A2792_0_0_5760_3840.jpg,0.6869268,0.2962054,0.016867822
khanhha_noisy2::Rissbilder_for_Florian_9S6A2792_1773_105_2717_3479.jpg,0.32027957,0.66996884,0.009751652
khanhha_noisy2::Rissbilder_for_Florian_9S6A2792_1778_280_3876_3455.jpg,0.47755527,0.50685143,0.015593237
khanhha_noisy2::Rissbilder_for_Florian_9S6A2792_2643_751_3074_3028.jpg,0.41104293,0.5809346,0.008022445
khanhha_noisy2::Rissbilder_for_Florian_9S6A2792_753_1245_2029_2585.jpg,0.2896263,0.68568,0.024693755
khanhha_noisy2::Rissbilder_for_Florian_9S6A2797_0_0_3840_5760.jpg,0.6952153,0.16713203,0.13765267
khanhha_noisy2::Rissbilder_for_Florian_9S6A2797_211_1594_3203_4094.jpg,0.54697317,0.3842494,0.06877751
khanhha_noisy2::Rissbilder_for_Florian_9S6A2797_27_2177_3736_3368.jpg,0.44751242,0.5055506,0.046936933
khanhha_noisy2::Rissbilder_for_Florian_9S6A2797_331_75_3433_4182.jpg,0.63104546,0.29110926,0.077845275
khanhha_noisy2::Rissbilder_for_Florian_9S6A2802_251_84_3754_3687.jpg,0.08851788,0.64144146,0.2700407
khanhha_noisy2::Rissbilder_for_Florian_9S6A2802_2931_279_2589_2739.jpg,0.031678516,0.32819366,0.64012784
khanhha_noisy2::Rissbilder_for_Florian_9S6A2802_631_103_2560_2012.jpg,0.2695566,0.45816204,0.2722813
khanhha_noisy2::Rissbilder_for_Florian_9S6A2803_209_1110_2922_3685.jpg,0.25986767,0.4578703,0.28226206
khanhha_noisy2::Rissbilder_for_Florian_9S6A2803_247_1248_3459_4462.jpg,0.23630786,0.42462793,0.33906427
khanhha_noisy2::Rissbilder_for_Florian_9S6A2803_272_142_3359_3107.jpg,0.08328572,0.42014787,0.49656639
khanhha_noisy2::Rissbilder_for_Florian_9S6A2803_612_408_2717_3030.jpg,0.05770396,0.58388793,0.35840806
khanhha_noisy2::Rissbilder_for_Florian_9S6A2810_309_181_3327_4094.jpg,0.06745209,0.9098337,0.022714125
khanhha_noisy2::Rissbilder_for_Florian_9S6A2810_43_528_3225_4185.jpg,0.13721588,0.7845278,0.07825629
khanhha_noisy2::Rissbilder_for_Florian_9S6A2810_65_655_2748_2720.jpg,0.18048778,0.80242485,0.017087433
khanhha_noisy2::Rissbilder_for_Florian_9S6A2822_1030_155_3516_3590.jpg,0.7347331,0.2322978,0.032969154
khanhha_noisy2::Rissbilder_for_Florian_9S6A2822_1137_465_2983_2428.jpg,0.59806,0.35363042,0.04830953
khanhha_noisy2::Rissbilder_for_Florian_9S6A2822_2401_400_2963_3258.jpg,0.71469814,0.16441344,0.12088834
khanhha_noisy2::Rissbilder_for_Florian_9S6A2835_373_1783_2745_2384.jpg,0.41067615,0.3627423,0.22658156
khanhha_noisy2::Rissbilder_for_Florian_9S6A2835_459_1693_3011_2424.jpg,0.62304145,0.2236638,0.1532947
khanhha_noisy2::Rissbilder_for_Florian_9S6A2835_468_2521_2391_2304.jpg,0.7422451,0.1303067,0.12744822
khanhha_noisy2::Rissbilder_for_Florian_9S6A2835_469_1050_2755_3142.jpg,0.48630005,0.22932598,0.28437397
khanhha_noisy2::Rissbilder_for_Florian_9S6A2835_637_235_2191_2778.jpg,0.49865526,0.38706887,0.114275955
khanhha_noisy2::Rissbilder_for_Florian_9S6A2835_964_2753_2392_2184.jpg,0.7715847,0.13641667,0.09199861
khanhha_noisy2::Rissbilder_for_Florian_9S6A2836_0_0_3840_5760.jpg,0.7481732,0.10142277,0.15040414
khanhha_noisy2::Rissbilder_for_Florian_9S6A2836_391_1220_2381_3118.jpg,0.39240098,0.51357603,0.094022974
khanhha_noisy2::Rissbilder_for_Florian_9S6A2837_523_803_3305_3454.jpg,0.43665132,0.3055579,0.25779083
khanhha_noisy2::Rissbilder_for_Florian_9S6A2848_105_342_3183_3261.jpg,0.419659,0.11852302,0.461818
khanhha_noisy2::Rissbilder_for_Florian_9S6A2848_1214_523_4329_3293.jpg,0.2546815,0.30628958,0.43902892
khanhha_noisy2::Rissbilder_for_Florian_9S6A2850_1113_51_4606_3781.jpg,0.07656644,0.89273846,0.030695092
khanhha_noisy2::Rissbilder_for_Florian_9S6A2850_1408_904_2105_2792.jpg,0.07730153,0.8948401,0.027858377
khanhha_noisy2::Rissbilder_for_Florian_9S6A2854_162_1195_3169_2569.jpg,0.39363173,0.49811286,0.1082555
khanhha_noisy2::Rissbilder_for_Florian_9S6A2856_1840_62_3055_3769.jpg,0.37168527,0.4000834,0.2282313
khanhha_noisy2::Rissbilder_for_Florian_9S6A2856_2611_839_1919_2466.jpg,0.4662169,0.4458224,0.08796068
khanhha_noisy2::Rissbilder_for_Florian_9S6A2856_3030_1197_2337_2140.jpg,0.6749372,0.21951558,0.10554725
khanhha_noisy2::Rissbilder_for_Florian_9S6A2856_3095_641_2548_2416.jpg,0.8377489,0.087647855,0.07460326
khanhha_noisy2::Rissbilder_for_Florian_9S6A2862_13_1221_3798_4291.jpg,0.37726384,0.37928843,0.24344775
khanhha_noisy2::Rissbilder_for_Florian_9S6A2862_16_760_3062_2984.jpg,0.36817706,0.41741306,0.2144099
khanhha_noisy2::Rissbilder_for_Florian_9S6A2862_54_2006_3577_3513.jpg,0.2693759,0.44905043,0.2815737
khanhha_noisy2::Rissbilder_for_Florian_9S6A2862_550_1911_3038_3042.jpg,0.4206886,0.35850462,0.2208068
khanhha_noisy2::Rissbilder_for_Florian_9S6A2863_312_1094_3025_3361.jpg,0.72195524,0.08221992,0.19582486
khanhha_noisy2::Rissbilder_for_Florian_9S6A2863_423_3163_2502_2009.jpg,0.57848775,0.25698185,0.1645304
khanhha_noisy2::Rissbilder_for_Florian_9S6A2867_114_180_3373_2642.jpg,0.057702288,0.76828194,0.17401573
khanhha_noisy2::Rissbilder_for_Florian_9S6A2867_249_168_3377_3485.jpg,0.2664089,0.41581035,0.31778073
khanhha_noisy2::Rissbilder_for_Florian_9S6A2867_26_155_3813_3142.jpg,0.21896526,0.6770677,0.10396707
khanhha_noisy2::Rissbilder_for_Florian_9S6A2867_515_377_2926_3568.jpg,0.37267435,0.47417697,0.15314865
khanhha_noisy2::Rissbilder_for_Florian_9S6A2867_657_766_2790_3388.jpg,0.5569056,0.39465475,0.04843967
khanhha_noisy2::Rissbilder_for_Florian_9S6A2873_0_0_5760_3840.jpg,0.30737084,0.62380296,0.06882615
khanhha_noisy2::Rissbilder_for_Florian_9S6A2873_244_84_4072_3620.jpg,0.12181525,0.5000942,0.37809056
khanhha_noisy2::Rissbilder_for_Florian_9S6A2873_904_515_2792_2550.jpg,0.29090136,0.39378354,0.31531507
khanhha_noisy2::Rissbilder_for_Florian_9S6A2873_905_438_3442_2738.jpg,0.2734311,0.29748246,0.42908648
khanhha_noisy2::Rissbilder_for_Florian_9S6A2873_930_236_3379_3204.jpg,0.32005632,0.24980928,0.43013442
khanhha_noisy2::Rissbilder_for_Florian_9S6A2878_186_801_3630_3688.jpg,0.45464686,0.16252969,0.38282347
khanhha_noisy2::Rissbilder_for_Florian_9S6A2878_287_270_3223_3935.jpg,0.451271,0.22793484,0.32079422
khanhha_noisy2::Rissbilder_for_Florian_9S6A2878_29_861_3713_4568.jpg,0.700952,0.22975862,0.069289364
khanhha_noisy2::Rissbilder_for_Florian_9S6A2878_373_2066_2452_3245.jpg,0.6594485,0.2604364,0.08011504
khanhha_noisy2::Rissbilder_for_Florian_9S6A2878_67_878_2624_2752.jpg,0.27995116,0.34512752,0.3749213
khanhha_noisy2::Rissbilder_for_Florian_9S6A2878_861_28_2800_2885.jpg,0.16420126,0.30518338,0.5306154
khanhha_noisy2::Rissbilder_for_Florian_9S6A2890_0_0_3840_5760.jpg,0.1893885,0.6288938,0.18171771
khanhha_noisy2::Rissbilder_for_Florian_9S6A2890_1213_1864_1830_2425.jpg,0.093126245,0.8663957,0.04047802
khanhha_noisy2::Rissbilder_for_Florian_9S6A2894_2035_188_3164_3103.jpg,0.07985285,0.81028473,0.1098624
khanhha_noisy2::Rissbilder_for_Florian_9S6A2894_2274_588_3314_3190.jpg,0.0235951,0.93079567,0.045609273
khanhha_noisy2::Rissbilder_for_Florian_9S6A2904_447_893_3086_3169.jpg,0.29330257,0.36303997,0.34365743
khanhha_noisy2::Rissbilder_for_Florian_9S6A2904_78_719_3211_3093.jpg,0.3734056,0.5271585,0.09943591
khanhha_noisy2::Rissbilder_for_Florian_9S6A2904_86_208_2615_2808.jpg,0.21276435,0.7463083,0.04092733
khanhha_noisy2::Rissbilder_for_Florian_9S6A2905_1082_994_2878_2819.jpg,0.3830528,0.4782203,0.13872683
khanhha_noisy2::Rissbilder_for_Florian_9S6A2905_153_412_3269_2899.jpg,0.27155775,0.57603335,0.1524089
khanhha_noisy2::Rissbilder_for_Florian_9S6A2905_2363_42_2827_2612.jpg,0.41947383,0.5215676,0.058958583
khanhha_noisy2::Rissbilder_for_Florian_9S6A2905_795_159_2896_2675.jpg,0.2340199,0.7262467,0.039733328
khanhha_noisy2::Rissbilder_for_Florian_9S6A2905_928_88_4020_3658.jpg,0.37738466,0.46615508,0.15646031
khanhha_noisy2::Rissbilder_for_Florian_9S6A2912_0_0_3840_5760.jpg,0.06520572,0.8983449,0.03644935
khanhha_noisy2::Rissbilder_for_Florian_9S6A2912_255_1175_3429_3203.jpg,0.2376457,0.7024029,0.05995141
khanhha_noisy2::Rissbilder_for_Florian_9S6A2912_85_369_3711_3429.jpg,0.86109835,0.117476486,0.021425208
khanhha_noisy2::Rissbilder_for_Florian_9S6A2913_20_297_2640_2502.jpg,0.2189895,0.6535089,0.12750156
khanhha_noisy2::Rissbilder_for_Florian_9S6A2913_320_3010_3339_2578.jpg,0.7114476,0.23454584,0.054006565
khanhha_noisy2::Rissbilder_for_Florian_9S6A2913_321_16_3485_4543.jpg,0.31200477,0.579142,0.10885326
khanhha_noisy2::Rissbilder_for_Florian_9S6A2923_1668_185_3721_3137.jpg,0.5331131,0.42609334,0.040793557
khanhha_noisy2::Rissbilder_for_Florian_9S6A2923_49_326_3736_3442.jpg,0.06094276,0.93313414,0.005923086
khanhha_noisy2::Rissbilder_for_Florian_9S6A2923_875_539_3052_2796.jpg,0.62320477,0.3442519,0.03254335
khanhha_noisy2::Rissbilder_for_Florian_9S6A3088_370_2375_2620_2464.jpg,0.5649741,0.30246362,0.13256223
khanhha_noisy2::Rissbilder_for_Florian_9S6A3098_1300_3220_2283_2309.jpg,0.5912106,0.28374672,0.12504266
khanhha_noisy2::Rissbilder_for_Florian_9S6A3098_64_1239_3474_2730.jpg,0.08982112,0.8847556,0.02542325
khanhha_noisy2::Rissbilder_for_Florian_9S6A3098_88_800_3751_4641.jpg,0.24002884,0.69804066,0.0619305
khanhha_noisy2::Rissbilder_for_Florian_9S6A3101_1262_2535_2488_2185.jpg,0.6064293,0.1506514,0.24291936
khanhha_noisy2::Rissbilder_for_Florian_9S6A3101_148_599_2929_2917.jpg,0.5993237,0.31104934,0.089627005
khanhha_noisy2::Rissbilder_for_Florian_9S6A3101_487_946_2726_3042.jpg,0.64681906,0.19749865,0.15568227
khanhha_noisy2::Rissbilder_for_Florian_9S6A3106_108_1927_3275_2664.jpg,0.5114174,0.3819634,0.10661921
khanhha_noisy2::Rissbilder_for_Florian_9S6A3106_228_1483_2823_2920.jpg,0.41098064,0.39983162,0.18918778
khanhha_noisy2::Rissbilder_for_Florian_9S6A3106_310_2925_3257_2813.jpg,0.39268792,0.55881166,0.048500385
khanhha_noisy2::Rissbilder_for_Florian_9S6A3106_333_1784_3162_3278.jpg,0.44169852,0.4812272,0.07707424
khanhha_noisy2::Rissbilder_for_Florian_9S6A3106_521_315_3058_2943.jpg,0.45762038,0.4321654,0.11021425
khanhha_noisy2::Rissbilder_for_Florian_9S6A3106_85_2598_2058_2287.jpg,0.45534945,0.47306213,0.0715884
khanhha_noisy2::Rissbilder_for_Florian_9S6A3106_9_406_3814_4267.jpg,0.6515631,0.253969,0.094467856
khanhha_noisy2::Rissbilder_for_Florian_9S6A3108_130_372_2601_2517.jpg,0.1835253,0.030824244,0.78565043
khanhha_noisy2::Rissbilder_for_Florian_9S6A3108_134_412_3328_4228.jpg,0.34365836,0.07970942,0.5766322
khanhha_noisy2::Rissbilder_for_Florian_9S6A3108_160_1043_3170_3960.jpg,0.21500131,0.02443555,0.76056314
khanhha_noisy2::Rissbilder_for_Florian_9S6A3108_365_3231_2323_2320.jpg,0.34202236,0.029572079,0.6284056
khanhha_noisy2::Rissbilder_for_Florian_9S6A3108_43_1162_3415_3672.jpg,0.15645741,0.035436127,0.8081064
khanhha_noisy2::Rissbilder_for_Florian_9S6A3108_651_10_2896_3045.jpg,0.2131072,0.016306246,0.77058655
khanhha_noisy2::Rissbilder_for_Florian_9S6A3112_1296_2688_2055_2721.jpg,0.40707165,0.3050521,0.28787628
khanhha_noisy2::Rissbilder_for_Florian_9S6A3112_1349_1614_2446_2337.jpg,0.26380634,0.23693745,0.49925616
khanhha_noisy2::Rissbilder_for_Florian_9S6A3117_0_0_3840_5760.jpg,0.4942144,0.35523975,0.15054594
khanhha_noisy2::Rissbilder_for_Florian_9S6A3117_155_109_3546_2785.jpg,0.48810378,0.13701509,0.37488112
khanhha_noisy2::Rissbilder_for_Florian_9S6A3117_911_680_2749_2883.jpg,0.51582295,0.18177044,0.30240655
khanhha_noisy2::Rissbilder_for_Florian_9S6A3121_1095_2665_2007_2602.jpg,0.47683895,0.15203404,0.37112695
khanhha_noisy2::Rissbilder_for_Florian_9S6A3121_224_1466_3238_3220.jpg,0.5107388,0.33670285,0.15255833
khanhha_noisy2::Rissbilder_for_Florian_9S6A3121_408_826_2841_3663.jpg,0.39169437,0.5040526,0.10425302
khanhha_noisy2::Rissbilder_for_Florian_9S6A3133_207_186_4184_3281.jpg,0.39073706,0.018655356,0.59060764
khanhha_noisy2::Rissbilder_for_Florian_9S6A3138_115_569_2228_2606.jpg,0.2541669,0.28504765,0.46078548
khanhha_noisy2::Sylvie_Chambon_069.jpg,0.49420616,0.16609235,0.33970147
khanhha_noisy2::Volker_DSC01629_412_54_1933_1766.jpg,0.38243023,0.23064987,0.38691986
khanhha_noisy2::Volker_DSC01630_176_437_1360_1040.jpg,0.16660404,0.7011633,0.13223268
khanhha_noisy2::Volker_DSC01630_374_343_1233_1342.jpg,0.13270403,0.75566834,0.111627616
khanhha_noisy2::Volker_DSC01631_2_30_1821_2154.jpg,0.42557186,0.35418656,0.2202416
khanhha_noisy2::Volker_DSC01642_220_63_1843_1585.jpg,0.3071922,0.49958324,0.19322447
khanhha_noisy2::Volker_DSC01648_211_212_1177_955.jpg,0.025493031,0.060623348,0.9138836
khanhha_noisy2::Volker_DSC01661_0_0_1824_2736.jpg,0.54358363,0.040730126,0.4156862
khanhha_noisy2::Volker_DSC01661_290_595_1071_1180.jpg,0.51485986,0.10259331,0.38254684
khanhha_noisy2::Volker_DSC01661_400_1545_1179_1103.jpg,0.88021266,0.014838537,0.104948886
khanhha_noisy2::Volker_DSC01667_0_0_1824_2736.jpg,0.39460218,0.25645408,0.34894374
khanhha_noisy2::Volker_DSC01667_106_338_1708_2132.jpg,0.22724207,0.17098159,0.6017763
khanhha_noisy2::Volker_DSC01670_3_833_1821_1836.jpg,0.738852,0.077762224,0.18338571
khanhha_noisy2::Volker_DSC01670_678_871_1022_989.jpg,0.18405975,0.24465996,0.5712803
khanhha_noisy2::Volker_DSC01678_0_0_1824_2736.jpg,0.5417554,0.37051854,0.08772602
khanhha_noisy2::Volker_DSC01678_14_998_1278_1270.jpg,0.80145395,0.16501988,0.033526085
khanhha_noisy2::Volker_DSC01678_282_907_1086_1149.jpg,0.7262438,0.18745467,0.0863016
khanhha_noisy2::Volker_DSC01686_297_570_1208_1271.jpg,0.1572333,0.19613473,0.64663196
khanhha_noisy2::Volker_DSC01690_763_1051_1043_1097.jpg,0.42429906,0.13487028,0.4408307
khanhha_noisy2::Volker_DSC01691_35_741_1602_1808.jpg,0.5885707,0.16873106,0.24269821
khanhha_noisy2::Volker_DSC01691_6_526_1388_1598.jpg,0.32942742,0.3515719,0.31900072
khanhha_noisy2::Volker_DSC01701_103_539_1579_1680.jpg,0.89255846,0.048050035,0.059391502
khanhha_noisy2::cracktree200_6258.jpg,0.5456592,0.22158661,0.2327542
khanhha_noisy2::cracktree200_6266.jpg,0.7787705,0.08015594,0.14107357
khanhha_noisy2::cracktree200_6278.jpg,0.6135418,0.14676546,0.23969273
khanhha_noisy2::cracktree200_6297.jpg,0.6405409,0.18437855,0.17508057
khanhha_noisy2::cracktree200_6298.jpg,0.39382514,0.5098637,0.09631115
khanhha_noisy2::cracktree200_6710.jpg,0.710171,0.11832719,0.17150179
khanhha_noisy2::forest_018.jpg,0.08757421,0.5527345,0.35969132
khanhha_noisy2::forest_054.jpg,0.107786976,0.03717659,0.8550364
khanhha_noisy2::forest_117.jpg,0.61107534,0.0921515,0.29677323
khanhha_noisy2::noncrack_noncrack_concrete_wall_102_5.jpg.jpg,0.00071429316,0.9804561,0.018829655
khanhha_noisy2::noncrack_noncrack_concrete_wall_15_5.jpg.jpg,0.06832931,0.9240566,0.007614141
khanhha_noisy2::noncrack_noncrack_concrete_wall_15_7.jpg.jpg,0.04464976,0.95094424,0.00440606
khanhha_noisy2::noncrack_noncrack_concrete_wall_20_1.jpg.jpg,0.041826427,0.9133632,0.044810306
khanhha_noisy2::noncrack_noncrack_concrete_wall_20_15.jpg.jpg,0.12221929,0.81604105,0.061739717
khanhha_noisy2::noncrack_noncrack_concrete_wall_20_32.jpg.jpg,0.08430094,0.886284,0.029415067
khanhha_noisy2::noncrack_noncrack_concrete_wall_20_52.jpg.jpg,0.05459345,0.90443796,0.040968552
khanhha_noisy2::noncrack_noncrack_concrete_wall_20_54.jpg.jpg,0.040719666,0.9456998,0.013580595
khanhha_noisy2::noncrack_noncrack_concrete_wall_20_59.jpg.jpg,0.026721297,0.9416331,0.031645525
khanhha_noisy2::noncrack_noncrack_concrete_wall_20_62.jpg.jpg,0.048722103,0.9232177,0.028060287
khanhha_noisy2::noncrack_noncrack_concrete_wall_20_68.jpg.jpg,0.037710495,0.9374022,0.024887292
khanhha_noisy2::noncrack_noncrack_concrete_wall_20_70.jpg.jpg,0.096958935,0.8705388,0.032502305
khanhha_noisy2::noncrack_noncrack_concrete_wall_35_4.jpg.jpg,0.0006792986,0.9970632,0.002257498
khanhha_noisy2::noncrack_noncrack_concrete_wall_3_2.jpg.jpg,0.0011887285,0.9972362,0.0015751654
khanhha_noisy2::noncrack_noncrack_concrete_wall_44_0.jpg.jpg,0.013509048,0.95008564,0.036405336
khanhha_noisy2::noncrack_noncrack_concrete_wall_44_4.jpg.jpg,0.035782114,0.92146444,0.042753354
khanhha_noisy2::noncrack_noncrack_concrete_wall_46_8.jpg.jpg,0.00022180003,0.99845445,0.0013238458
khanhha_noisy2::noncrack_noncrack_concrete_wall_48_0.jpg.jpg,0.45414132,0.51508707,0.030771583
khanhha_noisy2::noncrack_noncrack_concrete_wall_48_1.jpg.jpg,0.3683633,0.62292707,0.008709644
khanhha_noisy2::noncrack_noncrack_concrete_wall_48_5.jpg.jpg,0.22422387,0.761273,0.014503164
khanhha_noisy2::noncrack_noncrack_concrete_wall_59_0.jpg.jpg,5.458886e-05,0.9997414,0.00020403748
khanhha_noisy2::noncrack_noncrack_concrete_wall_59_3.jpg.jpg,5.776051e-05,0.9994067,0.00053551473
khanhha_noisy2::noncrack_noncrack_concrete_wall_65_0.jpg.jpg,0.0016197354,0.9672695,0.031110734
khanhha_noisy2::noncrack_noncrack_concrete_wall_65_10.jpg.jpg,0.00067846884,0.9791728,0.020148747
khanhha_noisy2::noncrack_noncrack_concrete_wall_68_0.jpg.jpg,0.0013072578,0.9725761,0.026116703
khanhha_noisy2::noncrack_noncrack_concrete_wall_68_1.jpg.jpg,0.0031012995,0.9348009,0.062097788
khanhha_noisy2::noncrack_noncrack_concrete_wall_74_10.jpg.jpg,0.16063392,0.7446503,0.09471575
khanhha_noisy2::noncrack_noncrack_concrete_wall_82_14.jpg.jpg,0.0043755313,0.9799601,0.015664436
khanhha_noisy2::noncrack_noncrack_concrete_wall_82_23.jpg.jpg,0.013033603,0.96563864,0.021327771
khanhha_noisy2::noncrack_noncrack_concrete_wall_82_24.jpg.jpg,0.00090715685,0.9964629,0.0026299984
khanhha_noisy2::noncrack_noncrack_concrete_wall_82_27.jpg.jpg,0.005206385,0.9777654,0.017028242
khanhha_noisy2::noncrack_noncrack_concrete_wall_82_32.jpg.jpg,0.005775695,0.98110306,0.013121188
khanhha_noisy2::noncrack_noncrack_concrete_wall_82_4.jpg.jpg,0.0059900875,0.99253005,0.0014798549
khanhha_noisy2::noncrack_noncrack_concrete_wall_82_5.jpg.jpg,0.0029770827,0.99610573,0.0009171783
khanhha_noisy2::noncrack_noncrack_concrete_wall_86_1.jpg.jpg,0.004351186,0.98878574,0.0068630716
khanhha_noisy2::noncrack_noncrack_concrete_wall_86_2.jpg.jpg,0.0016236951,0.99051815,0.00785816
khanhha_noisy2::noncrack_noncrack_concrete_wall_93_5.jpg.jpg,0.009664998,0.98560566,0.004729398
khanhha_noisy2::noncrack_noncrack_concrete_wall_96_1.jpg.jpg,0.011784542,0.9873054,0.00091000774
khanhha_noisy2::noncrack_noncrack_concrete_wall_96_12.jpg.jpg,0.003188056,0.9949492,0.0018626986
khanhha_noisy2::noncrack_noncrack_concrete_wall_96_2.jpg.jpg,0.0077626435,0.99177283,0.00046456797
khanhha_noisy2::noncrack_noncrack_concrete_wall_96_27.jpg.jpg,0.0023735126,0.9957677,0.0018587648
road420::2023_10_30_15_44_IMG_5889.jpg,0.43632796,0.4479499,0.11572215
road420::2023_10_30_15_48_IMG_5896.jpg,0.4665332,0.052272983,0.48119372
road420::2023_10_30_15_53_IMG_5914.jpg,0.25731996,0.19419661,0.54848343
road420::2023_10_30_15_55_IMG_5917.jpg,0.8034105,0.01713131,0.17945822
road420::2023_10_30_15_57_IMG_5922.jpg,0.019088434,0.11571983,0.8651917
road420::2023_10_30_16_17_IMG_5942.jpg,0.10464956,0.007419219,0.8879312
road420::2023_10_30_16_17_IMG_5944.jpg,0.43839276,0.31155005,0.25005716
road420::2023_10_30_16_21_IMG_5960.jpg,0.08254083,0.07642056,0.8410386
road420::2023_10_30_16_22_IMG_5963.jpg,0.8957578,0.0030723533,0.10116988
road420::2023_10_30_16_30_IMG_5989.jpg,0.7595572,0.0020920574,0.23835076
road420::2023_10_30_16_31_IMG_5992.jpg,0.80171263,0.065991245,0.13229617
road420::2023_10_30_16_32_IMG_5995.jpg,0.023239242,0.010192245,0.96656847
road420::2023_10_30_16_40_IMG_6019.jpg,0.4065204,0.01664492,0.5768347
road420::2023_10_30_16_41_IMG_6022.jpg,0.42186427,0.039987076,0.53814864
road420::2023_10_30_16_41_IMG_6024.jpg,0.50651836,0.051733747,0.44174787
road420::2023_10_30_16_43_IMG_6031.jpg,0.03942247,0.10160669,0.8589709
road420::2023_10_30_16_46_IMG_6039.jpg,0.7619906,0.037881564,0.20012787
road420::2023_10_30_16_48_IMG_6051.jpg,0.13075265,0.016089352,0.853158
road420::2023_10_30_16_49_IMG_6052.jpg,0.2985555,0.018391147,0.6830533
road420::2023_10_30_16_49_IMG_6054.jpg,0.593801,0.07970088,0.32649806
road420::2023_10_30_16_57_IMG_6077.jpg,0.0726445,0.036693122,0.8906624
road420::2023_10_30_16_59_IMG_6092.jpg,0.47747037,0.08435417,0.43817544
road420::2023_10_30_17_00_IMG_6098.jpg,0.8048305,0.0764785,0.11869105
road420::2023_10_30_17_00_IMG_6099.jpg,0.87831163,0.02459007,0.09709825
road420::2023_10_30_17_02_IMG_6110.jpg,0.4257049,0.16856776,0.4057274
road420::2023_10_30_17_02_IMG_6113.jpg,0.23084222,0.08028504,0.68887275
road420::2023_10_30_17_03_IMG_6118.jpg,0.4571379,0.13275312,0.41010892
road420::2023_10_30_17_06_IMG_6135.jpg,0.54130065,0.043527644,0.41517168
road420::2023_10_30_17_06_IMG_6136.jpg,0.85800266,0.034418784,0.10757853
road420::2023_10_30_17_22_IMG_6149.jpg,0.6569365,0.06941581,0.2736476
road420::2023_10_30_17_27_IMG_6156.jpg,0.1547324,0.013970485,0.83129716
road420::2023_10_30_17_28_IMG_6158.jpg,0.31370366,0.14327332,0.54302305
road420::2023_10_30_17_28_IMG_6159.jpg,0.4035637,0.029717,0.56671923
road420::2023_10_30_17_28_IMG_6160.jpg,0.4723208,0.050210185,0.477469
road420::2023_10_30_17_30_IMG_6165.jpg,0.108948424,0.5404524,0.35059914
road420::2023_10_30_17_31_IMG_6171.jpg,0.21938476,0.16067019,0.61994505
road420::2023_10_30_17_33_IMG_6180.jpg,0.10079226,0.0781937,0.821014
road420::2023_10_30_17_35_IMG_6186.jpg,0.051518194,0.048201066,0.9002807
road420::2023_10_30_17_36_IMG_6193.jpg,0.25124773,0.12807348,0.6206788
road420::2023_10_31_13_39_IMG_6213.jpg,0.4062562,0.077351816,0.516392
road420::2023_10_31_13_46_IMG_6220.jpg,0.5896953,0.35619444,0.05411034
road420::2023_10_31_13_58_IMG_6229.jpg,0.2576597,0.028014068,0.7143262
road420::2023_10_31_14_10_IMG_6235.jpg,0.4585089,0.002793927,0.5386972
road420::2023_10_31_14_14_IMG_6236.jpg,0.980275,0.007546928,0.012178144
road420::2023_10_31_14_26_IMG_6249.jpg,0.8681673,0.06973098,0.06210175
road420::2023_10_31_14_27_IMG_6254.jpg,0.84855247,0.11405135,0.03739622
road420::2023_10_31_14_31_IMG_6268.jpg,0.8921683,0.040132698,0.06769895
road420::2023_10_31_14_37_IMG_6278.jpg,0.29655927,0.037771802,0.6656689
road420::2023_10_31_14_38_IMG_6279.jpg,0.7551326,0.0016811477,0.2431862
road420::2023_10_31_14_42_IMG_6286.jpg,0.45521265,0.005181686,0.5396057
road420::2023_11_01_20_31_IMG_6350.jpg,0.8563979,0.024453435,0.119148575
road420::2023_11_01_20_36_IMG_6357.jpg,0.047760066,0.045515753,0.9067242
road420::2023_11_01_20_39_IMG_6363.jpg,0.20428085,0.24801415,0.547705
road420::2023_11_01_20_43_IMG_6370.jpg,0.020523828,0.6307028,0.3487734
road420::2023_11_01_20_48_IMG_6375.jpg,0.2528847,0.0011576222,0.74595773
road420::2023_11_01_20_49_IMG_6377.jpg,0.93343735,0.0056413184,0.060921386
road420::2023_11_05_21_01_IMG_6443.jpg,0.58758956,0.0049491366,0.40746132
road420::2023_11_05_21_03_IMG_6446.jpg,0.44593346,0.0770082,0.47705832
road420::2023_11_05_21_03_IMG_6447.jpg,0.26796854,0.032028772,0.70000273
road420::2023_11_05_21_09_IMG_6459.jpg,0.2644567,0.01637912,0.7191642
road420::2023_11_05_21_13_IMG_6461.jpg,0.14624274,0.08899665,0.76476055
road420::2023_11_05_21_16_IMG_6467.jpg,0.05239742,0.05430161,0.89330095
road420::2023_11_05_21_22_IMG_6476.jpg,0.53796595,0.007904635,0.45412937
road420::2023_11_05_21_23_IMG_6478.jpg,0.080111936,0.010178292,0.9097098
road420::2023_11_05_21_24_IMG_6482.jpg,0.20905097,0.011198516,0.77975047
road420::2023_11_05_21_26_IMG_6487.jpg,0.120677486,0.01803839,0.86128414
road420::2023_11_05_21_26_IMG_6488.jpg,0.1334945,0.025015607,0.84149
road420::2023_11_05_21_28_IMG_6494.jpg,0.7649016,0.0047569787,0.23034151
road420::2023_11_05_21_31_IMG_6502.jpg,0.0645107,0.020989725,0.91449964
road420::2023_11_05_21_31_IMG_6503.jpg,0.06073453,0.021152247,0.91811323
road420::2023_11_05_21_37_IMG_6514.jpg,0.8837416,0.004713194,0.111545235
road420::2023_11_05_21_39_IMG_6517.jpg,0.44205838,0.2982672,0.25967437
road420::2023_11_05_21_40_IMG_6522.jpg,0.074905224,0.37051862,0.55457616
road420::2023_11_05_21_44_IMG_6531.jpg,0.7744987,0.07251466,0.15298662
facade390::DJ_Wall_10.JPG,0.13534883,0.06609016,0.79856104
facade390::DJ_Wall_101.JPG,0.5389035,0.07420691,0.3868896
facade390::DJ_Wall_102.JPG,0.5515769,0.04269119,0.4057319
facade390::DJ_Wall_103.JPG,0.89292264,0.06396925,0.04310822
facade390::DJ_Wall_107.JPG,0.3767874,0.05253887,0.57067376
facade390::DJ_Wall_112.JPG,0.8125362,0.10345249,0.08401134
facade390::DJ_Wall_118.JPG,0.5184029,0.053192135,0.428405
facade390::DJ_Wall_119.JPG,0.4249592,0.12834059,0.4467002
facade390::DJ_Wall_121.JPG,0.8110715,0.025876708,0.16305172
facade390::DJ_Wall_133.JPG,0.82898724,0.036666363,0.13434634
facade390::DJ_Wall_137.JPG,0.7772241,0.039393626,0.18338221
facade390::DJ_Wall_148.JPG,0.9556296,0.011630454,0.032740038
facade390::DJ_Wall_15.JPG,0.21093278,0.22068815,0.5683791
facade390::DJ_Wall_150.JPG,0.8114988,0.15613568,0.032365475
facade390::DJ_Wall_151.JPG,0.8843582,0.095989764,0.019651985
facade390::DJ_Wall_166.JPG,0.7196842,0.01451975,0.26579604
facade390::DJ_Wall_167.JPG,0.95405143,0.028788744,0.01715982
facade390::DJ_Wall_174.JPG,0.796771,0.10670243,0.09652662
facade390::DJ_Wall_176.JPG,0.82978207,0.06325744,0.10696046
facade390::DJ_Wall_179.JPG,0.89125955,0.00781693,0.10092346
facade390::DJ_Wall_18.JPG,0.050501935,0.15862906,0.790869
facade390::DJ_Wall_183.JPG,0.81556,0.014125587,0.17031434
facade390::DJ_Wall_188.JPG,0.84031713,0.060393844,0.099288985
facade390::DJ_Wall_19.JPG,0.01439055,0.6042497,0.3813598
facade390::DJ_Wall_191.JPG,0.8502085,0.01674726,0.13304429
facade390::DJ_Wall_199.JPG,0.09921066,0.020884726,0.8799046
facade390::DJ_Wall_200.JPG,0.06970275,0.054663382,0.87563384
facade390::DJ_Wall_201.JPG,0.458275,0.0325692,0.5091558
facade390::DJ_Wall_213.JPG,0.16008556,0.01639947,0.82351494
facade390::DJ_Wall_22.JPG,0.32787046,0.048745662,0.62338394
facade390::DJ_Wall_220.JPG,0.19873935,0.004629309,0.7966314
facade390::DJ_Wall_222.JPG,0.891375,0.009979232,0.098645754
facade390::DJ_Wall_223.JPG,0.6920989,0.02291956,0.28498152
facade390::DJ_Wall_227.JPG,0.15081234,0.042162754,0.8070249
facade390::DJ_Wall_230.JPG,0.5184081,0.038695563,0.44289634
facade390::DJ_Wall_24.JPG,0.5068919,0.1289171,0.36419097
facade390::DJ_Wall_241.JPG,0.82157975,0.05019226,0.12822793
facade390::DJ_Wall_243.JPG,0.10386502,0.0066736103,0.88946134
facade390::DJ_Wall_246.JPG,0.77219194,0.013006621,0.21480149
facade390::DJ_Wall_247.JPG,0.14384627,0.0007075167,0.8554462
facade390::DJ_Wall_255.JPG,0.04861427,0.0045525874,0.9468331
facade390::DJ_Wall_263.JPG,0.049182262,0.015271763,0.9355459
facade390::DJ_Wall_268.JPG,0.8803778,0.02094202,0.09868016
facade390::DJ_Wall_27.JPG,0.28011337,0.03227407,0.6876126
facade390::DJ_Wall_275.JPG,0.7732728,0.121867046,0.10486016
facade390::DJ_Wall_279.JPG,0.49644506,0.2947522,0.20880274
facade390::DJ_Wall_281.JPG,0.52046084,0.27649164,0.20304753
facade390::DJ_Wall_282.JPG,0.7885862,0.03942,0.17199385
facade390::DJ_Wall_289.JPG,0.4090776,0.091023274,0.49989918
facade390::DJ_Wall_292.JPG,0.2802476,0.08455961,0.63519275
facade390::DJ_Wall_299.JPG,0.70298284,0.10615282,0.19086434
facade390::DJ_Wall_304.JPG,0.61689276,0.24145015,0.14165717
facade390::DJ_Wall_310.JPG,0.84465504,0.06906383,0.08628112
facade390::DJ_Wall_313.JPG,0.08217751,0.011920682,0.9059018
facade390::DJ_Wall_318.JPG,0.6212835,0.100072965,0.27864358
facade390::DJ_Wall_322.JPG,0.42275602,0.26966605,0.30757794
facade390::DJ_Wall_328.JPG,0.5147698,0.23438704,0.25084317
facade390::DJ_Wall_329.JPG,0.67130023,0.016832916,0.31186688
facade390::DJ_Wall_337.JPG,0.72640216,0.057219412,0.21637836
facade390::DJ_Wall_34.JPG,0.6130758,0.30013627,0.086787894
facade390::DJ_Wall_341.JPG,0.8376084,0.11141254,0.050979063
facade390::DJ_Wall_349.JPG,0.07675795,0.007902879,0.91533923
facade390::DJ_Wall_352.JPG,0.18679275,0.59195983,0.22124745
facade390::DJ_Wall_354.JPG,0.2109863,0.13966501,0.6493487
facade390::DJ_Wall_356.JPG,0.5000128,0.08822971,0.41175747
facade390::DJ_Wall_36.JPG,0.28455868,0.0211823,0.694259
facade390::DJ_Wall_361.JPG,0.21073295,0.069207534,0.7200596
facade390::DJ_Wall_362.JPG,0.14016,0.08866956,0.77117044
facade390::DJ_Wall_371.JPG,0.72603697,0.08452336,0.1894397
facade390::DJ_Wall_379.JPG,0.10882907,0.8098261,0.08134485
facade390::DJ_Wall_383.JPG,0.6985861,0.056100298,0.24531357
facade390::DJ_Wall_4.JPG,0.025473136,0.8996798,0.07484712
facade390::DJ_Wall_51.JPG,0.34671134,0.018398043,0.6348906
facade390::DJ_Wall_52.JPG,0.039965406,0.0034961451,0.95653844
facade390::DJ_Wall_70.JPG,0.21288297,0.02158871,0.7655284
facade390::DJ_Wall_73.JPG,0.06622323,0.0041019777,0.9296748
facade390::DJ_Wall_76.JPG,0.12228393,0.012430873,0.8652852
facade390::DJ_Wall_79.JPG,0.2077478,0.7763179,0.015934253
facade390::DJ_Wall_81.JPG,0.08695489,0.1505615,0.7624836
facade390::DJ_Wall_93.JPG,0.6511318,0.026641188,0.32222697
concrete3k::011_5.jpg,0.8438019,0.067027465,0.089170575
concrete3k::017_0.jpg,0.6145986,0.0166666,0.36873487
concrete3k::017_20.jpg,0.34527,0.03687863,0.6178514
concrete3k::017_24.jpg,0.34566978,0.05520464,0.5991256
concrete3k::017_28.jpg,0.19942893,0.04167868,0.75889236
concrete3k::017_36.jpg,0.7492386,0.070533894,0.18022753
concrete3k::017_44.jpg,0.3783872,0.20313324,0.41847953
concrete3k::017_8.jpg,0.1606974,0.042213064,0.7970896
concrete3k::021_13.jpg,0.17741784,0.12297763,0.6996045
concrete3k::021_29.jpg,0.50337195,0.2957917,0.20083639
concrete3k::021_37.jpg,0.521346,0.2567585,0.2218955
concrete3k::021_38.jpg,0.42668334,0.164474,0.4088427
concrete3k::021_4.jpg,0.2952037,0.22476834,0.48002797
concrete3k::021_46.jpg,0.6822577,0.19632636,0.12141596
concrete3k::030_17.jpg,0.6239676,0.118943125,0.25708926
concrete3k::030_21.jpg,0.21010762,0.062329475,0.7275629
concrete3k::030_26.jpg,0.33580774,0.15413842,0.5100539
concrete3k::030_29.jpg,0.744856,0.08190301,0.17324099
concrete3k::030_30.jpg,0.50101256,0.12412686,0.37486058
concrete3k::031_18.jpg,0.6379401,0.04569944,0.31636047
concrete3k::031_19.jpg,0.38834715,0.10208759,0.5095653
concrete3k::031_26.jpg,0.43482935,0.13248128,0.4326893
concrete3k::031_27.jpg,0.5096441,0.181179,0.30917692
concrete3k::031_28.jpg,0.39011934,0.06644473,0.54343593
concrete3k::031_29.jpg,0.6700576,0.049056,0.28088635
concrete3k::031_31.jpg,0.5254969,0.022951983,0.45155114
concrete3k::034_10.jpg,0.38379577,0.34373713,0.27246708
concrete3k::034_11.jpg,0.42018595,0.15658395,0.42323017
concrete3k::034_19.jpg,0.3785052,0.34521577,0.27627897
concrete3k::034_2.jpg,0.24343291,0.26054212,0.49602494
concrete3k::034_28.jpg,0.34730372,0.43783635,0.21485995
concrete3k::034_37.jpg,0.42240238,0.34353876,0.23405884
concrete3k::034_45.jpg,0.2919118,0.40445957,0.3036286
concrete3k::034_46.jpg,0.30858067,0.29933345,0.39208585
concrete3k::042_17.jpg,0.5813197,0.2820447,0.13663565
concrete3k::042_28.jpg,0.3239522,0.25398776,0.42206
concrete3k::042_37.jpg,0.29294378,0.50573057,0.2013256
concrete3k::046_10.jpg,0.5520978,0.2563752,0.191527
concrete3k::046_11.jpg,0.123605624,0.5989568,0.27743754
concrete3k::046_27.jpg,0.68175226,0.06947512,0.2487726
concrete3k::046_29.jpg,0.6508189,0.122581095,0.22659999
concrete3k::046_3.jpg,0.3807185,0.11628288,0.50299865
concrete3k::046_35.jpg,0.5636978,0.121190645,0.31511155
concrete3k::046_39.jpg,0.63713706,0.18070368,0.18215927
concrete3k::046_43.jpg,0.5226196,0.072812796,0.40456757
concrete3k::046_44.jpg,0.12149037,0.0543017,0.82420796
concrete3k::046_8.jpg,0.3561449,0.39471748,0.24913764
concrete3k::046_9.jpg,0.083183706,0.71374863,0.20306762
concrete3k::049_18.jpg,0.8214957,0.11783945,0.06066479
concrete3k::049_19.jpg,0.23388952,0.49457142,0.27153906
concrete3k::049_22.jpg,0.5663355,0.32837123,0.10529328
concrete3k::049_23.jpg,0.8478108,0.11712864,0.03506049
concrete3k::049_26.jpg,0.114566654,0.7563649,0.12906845
concrete3k::049_27.jpg,0.46949708,0.47978133,0.050721534
concrete3k::049_28.jpg,0.56692755,0.3822244,0.05084808
concrete3k::053_1.jpg,0.7910406,0.1630539,0.045905534
concrete3k::053_10.jpg,0.64116836,0.2878763,0.07095532
concrete3k::053_28.jpg,0.875743,0.040670626,0.083586335
concrete3k::053_29.jpg,0.51307315,0.19125398,0.29567292
concrete3k::053_36.jpg,0.19183756,0.027531888,0.7806306
concrete3k::053_38.jpg,0.7120226,0.16448404,0.12349332
concrete3k::053_46.jpg,0.19896194,0.31431976,0.48671833
concrete3k::053_47.jpg,0.59575117,0.1551713,0.2490775
concrete3k::068_12.jpg,0.45040646,0.11895865,0.4306349
concrete3k::068_15.jpg,0.5491722,0.08755381,0.36327398
concrete3k::068_21.jpg,0.5696578,0.23219244,0.19814974
concrete3k::068_26.jpg,0.3132748,0.61299974,0.0737255
concrete3k::068_27.jpg,0.64463764,0.1529715,0.20239083
concrete3k::068_32.jpg,0.5577167,0.3703952,0.07188803
concrete3k::068_37.jpg,0.10684124,0.02041994,0.87273884
concrete3k::068_40.jpg,0.50159895,0.21508788,0.28331316
concrete3k::074_20.jpg,0.34333032,0.16077812,0.4958915
concrete3k::074_21.jpg,0.4379599,0.2291532,0.3328869
concrete3k::074_22.jpg,0.60416424,0.17174107,0.22409473
concrete3k::074_23.jpg,0.61626226,0.13800757,0.24573022
concrete3k::074_33.jpg,0.6481886,0.31975615,0.0320553
concrete3k::074_35.jpg,0.6082818,0.3341392,0.05757907
concrete3k::074_40.jpg,0.23129657,0.06961553,0.699088
concrete3k::074_42.jpg,0.3018179,0.25224242,0.4459397
concrete3k::074_43.jpg,0.58224756,0.14070909,0.27704337
concrete3k::078_17.jpg,0.099117815,0.17015982,0.73072237
concrete3k::078_19.jpg,0.45412165,0.17256668,0.37331167
concrete3k::078_20.jpg,0.430922,0.105467685,0.46361032
concrete3k::078_24.jpg,0.5388811,0.38378564,0.07733325
concrete3k::078_26.jpg,0.2276794,0.034960587,0.73735994
concrete3k::078_27.jpg,0.2525141,0.2973884,0.45009747
concrete3k::078_31.jpg,0.1239599,0.3736682,0.5023719
concrete3k::078_9.jpg,0.18675981,0.29515484,0.51808536
concrete3k::089_28.jpg,0.597451,0.15970096,0.24284808
concrete3k::089_36.jpg,0.63355297,0.12928924,0.23715785
concrete3k::089_43.jpg,0.805914,0.060622163,0.1334638
concrete3k::089_5.jpg,0.46170905,0.089092225,0.4491987
concrete3k::093_11.jpg,0.2289477,0.0938122,0.67724013
concrete3k::093_20.jpg,0.5147056,0.059582062,0.42571238
concrete3k::093_28.jpg,0.16995658,0.05662531,0.7734181
concrete3k::093_29.jpg,0.331507,0.16512503,0.503368
concrete3k::093_3.jpg,0.5693431,0.060236096,0.37042075
concrete3k::093_36.jpg,0.34164152,0.075734325,0.58262414
concrete3k::093_37.jpg,0.28077945,0.2969103,0.4223103
concrete3k::093_4.jpg,0.52569956,0.15791166,0.31638885
concrete3k::093_45.jpg,0.19810088,0.49537185,0.3065273
concrete3k::096_13.jpg,0.5914471,0.1797849,0.22876793
concrete3k::096_28.jpg,0.52532876,0.24326973,0.23140158
concrete3k::096_36.jpg,0.30604485,0.4942484,0.19970678
concrete3k::097_13.jpg,0.65002763,0.15798485,0.19198745
concrete3k::097_14.jpg,0.68436956,0.10141736,0.21421301
concrete3k::097_21.jpg,0.4491835,0.33906716,0.21174935
concrete3k::097_29.jpg,0.38730896,0.55749106,0.055199932
concrete3k::097_37.jpg,0.2432547,0.38294697,0.3737984
concrete3k::097_39.jpg,0.5622779,0.19138952,0.2463326
concrete3k::097_45.jpg,0.07791505,0.80000305,0.12208189
concrete3k::097_46.jpg,0.62688,0.21421559,0.15890442
concrete3k::097_6.jpg,0.93096364,0.022465426,0.046570938
concrete3k::103_10.jpg,0.44761685,0.16232155,0.39006165
concrete3k::103_17.jpg,0.4342926,0.111061305,0.4546461
concrete3k::103_19.jpg,0.59586453,0.08032722,0.3238083
concrete3k::103_31.jpg,0.34726298,0.44446996,0.20826702
concrete3k::103_32.jpg,0.5386757,0.27031237,0.1910119
concrete3k::103_33.jpg,0.5918422,0.15551294,0.25264484
concrete3k::103_9.jpg,0.5776886,0.23154344,0.19076794
concrete3k::105_27.jpg,0.32245284,0.4491913,0.22835593
concrete3k::105_28.jpg,0.42574173,0.4248061,0.14945224
concrete3k::105_31.jpg,0.5842205,0.30215394,0.113625415
concrete3k::105_34.jpg,0.56098527,0.21569473,0.22332
concrete3k::105_38.jpg,0.33869106,0.14388373,0.51742524
concrete3k::105_40.jpg,0.22816418,0.2637906,0.5080452
concrete3k::112_20.jpg,0.66563594,0.06382613,0.27053788
concrete3k::112_24.jpg,0.9028033,0.045201775,0.051994942
concrete3k::112_26.jpg,0.5556245,0.17705175,0.26732382
concrete3k::112_28.jpg,0.45783478,0.11687312,0.42529204
concrete3k::112_29.jpg,0.51470876,0.27628005,0.20901117
concrete3k::112_31.jpg,0.3686285,0.46119568,0.17017576
concrete3k::117_16.jpg,0.7588949,0.055044983,0.18606007
concrete3k::117_22.jpg,0.6555099,0.07511501,0.2693751
concrete3k::117_29.jpg,0.2560302,0.47597325,0.26799655
concrete3k::117_37.jpg,0.5092985,0.18488042,0.30582112
concrete3k::117_39.jpg,0.619675,0.15073642,0.22958863
concrete3k::117_9.jpg,0.37719858,0.32430398,0.29849744
concrete3k::118_16.jpg,0.9170734,0.040632337,0.04229431
concrete3k::118_20.jpg,0.8396748,0.079173766,0.081151426
concrete3k::118_24.jpg,0.86675024,0.06431217,0.0689376
concrete3k::118_28.jpg,0.5519177,0.19327456,0.2548078
concrete3k::118_29.jpg,0.5456972,0.22454707,0.22975571
concrete3k::118_33.jpg,0.75525975,0.08573038,0.15900995
concrete3k::127_16.jpg,0.30148932,0.10148354,0.5970272
concrete3k::127_17.jpg,0.8109334,0.09424974,0.09481686
concrete3k::127_18.jpg,0.75446016,0.07270377,0.172836
concrete3k::127_22.jpg,0.915691,0.036739957,0.047569066
concrete3k::127_23.jpg,0.9317258,0.028164085,0.040110078
concrete3k::127_27.jpg,0.39482492,0.39624903,0.20892604
concrete3k::127_28.jpg,0.7600002,0.10965233,0.13034742
concrete3k::127_8.jpg,0.73341405,0.04533269,0.22125326
concrete3k::134_1.jpg,0.17553242,0.14246401,0.68200356
concrete3k::134_10.jpg,0.57333636,0.14016934,0.2864943
concrete3k::134_19.jpg,0.3461255,0.33949083,0.31438366
concrete3k::134_2.jpg,0.66392154,0.031276785,0.30480173
concrete3k::134_36.jpg,0.4192887,0.24472252,0.33598885
concrete3k::134_37.jpg,0.2852709,0.35291538,0.3618137
concrete3k::134_38.jpg,0.17893423,0.57452846,0.24653733
concrete3k::134_9.jpg,0.3712052,0.1257158,0.503079
concrete3k::143_12.jpg,0.4132189,0.11107696,0.47570416
concrete3k::143_13.jpg,0.4017238,0.09079173,0.50748444
concrete3k::143_15.jpg,0.31277844,0.058698546,0.628523
concrete3k::143_20.jpg,0.35741803,0.1251071,0.51747495
concrete3k::143_21.jpg,0.71048963,0.035756983,0.25375333
concrete3k::143_23.jpg,0.3589588,0.12947905,0.5115621
concrete3k::143_28.jpg,0.45499882,0.055111703,0.4898895
concrete3k::143_3.jpg,0.6159484,0.2604376,0.12361398
concrete3k::143_36.jpg,0.54226243,0.33851504,0.1192225
concrete3k::169_25.jpg,0.8954164,0.035164252,0.06941944
concrete3k::169_26.jpg,0.8514284,0.10685177,0.041719854
concrete3k::169_28.jpg,0.7869621,0.08390994,0.12912808
concrete3k::169_29.jpg,0.82445264,0.051342994,0.12420435
concrete3k::169_31.jpg,0.8846899,0.03386699,0.081443064
concrete3k::169_37.jpg,0.78023213,0.097186975,0.1225809
concrete3k::169_38.jpg,0.6854353,0.032908138,0.28165656
concrete3k::175_20.jpg,0.528192,0.18139394,0.29041407
concrete3k::175_22.jpg,0.5224094,0.27494678,0.2026439
concrete3k::175_23.jpg,0.8083031,0.09207372,0.0996232
concrete3k::175_25.jpg,0.62158936,0.2720619,0.10634875
concrete3k::177_21.jpg,0.33934253,0.41190425,0.24875313
concrete3k::177_22.jpg,0.17907412,0.6088898,0.21203607
concrete3k::177_25.jpg,0.5072675,0.21818723,0.27454534
concrete3k::177_26.jpg,0.13840409,0.3868531,0.47474277
concrete3k::181_20.jpg,0.5200062,0.1502984,0.32969534
concrete3k::181_24.jpg,0.75174093,0.05171619,0.19654284
concrete3k::181_25.jpg,0.6391638,0.22120146,0.13963476
concrete3k::181_27.jpg,0.64898014,0.28286046,0.06815944
concrete3k::181_28.jpg,0.6881574,0.19987093,0.111971684
concrete3k::181_29.jpg,0.7575125,0.092687055,0.14980046
concrete3k::181_30.jpg,0.820083,0.05980926,0.12010771
concrete3k::186_0.jpg,0.77055395,0.09773967,0.13170637
concrete3k::186_1.jpg,0.32104853,0.21735871,0.46159273
concrete3k::186_10.jpg,0.058677066,0.73657393,0.2047489
concrete3k::186_18.jpg,0.05811547,0.21640693,0.7254776
concrete3k::186_19.jpg,0.082541056,0.5061831,0.4112758
concrete3k::186_20.jpg,0.105061114,0.43575558,0.45918328
concrete3k::186_30.jpg,0.12285969,0.49498162,0.38215864
concrete3k::186_9.jpg,0.12591319,0.46287665,0.41121012
concrete3k::187_16.jpg,0.31440973,0.3997281,0.28586218
concrete3k::187_18.jpg,0.3821668,0.18204062,0.4357926
concrete3k::187_20.jpg,0.22041401,0.19761115,0.5819748
concrete3k::187_30.jpg,0.6106191,0.19164468,0.19773619
concrete3k::188_14.jpg,0.31185296,0.23476914,0.45337787
concrete3k::188_15.jpg,0.64106405,0.25085843,0.108077556
concrete3k::188_17.jpg,0.78512406,0.08318721,0.13168871
concrete3k::188_18.jpg,0.59522164,0.11810997,0.28666836
concrete3k::188_20.jpg,0.4861782,0.16265099,0.35117078
concrete3k::188_21.jpg,0.36180958,0.24066336,0.39752707
concrete3k::188_22.jpg,0.406311,0.094109386,0.4995796
concrete3k::188_26.jpg,0.6199958,0.3129114,0.06709285
concrete3k::188_32.jpg,0.7441277,0.032511707,0.22336064
concrete3k::197_19.jpg,0.25776467,0.40388408,0.3383512
concrete3k::197_20.jpg,0.4042374,0.40687138,0.18889123
concrete3k::197_24.jpg,0.3027818,0.32842922,0.36878896
concrete3k::197_28.jpg,0.33231956,0.12029122,0.5473892
concrete3k::197_29.jpg,0.34192437,0.3848392,0.27323636
concrete3k::197_31.jpg,0.33050016,0.3149949,0.35450494
concrete3k::197_39.jpg,0.2988475,0.030954083,0.6701984
concrete3k::205_17.jpg,0.8189605,0.0485311,0.13250844
concrete3k::205_22.jpg,0.59818316,0.042487435,0.35932943
concrete3k::205_25.jpg,0.41095778,0.14050916,0.44853303
concrete3k::205_26.jpg,0.75343865,0.1670106,0.07955073
concrete3k::205_29.jpg,0.70388,0.18002872,0.116091356
concrete3k::205_30.jpg,0.74379045,0.05265125,0.20355827
concrete3k::207_0.jpg,0.7486116,0.11630787,0.13508056
concrete3k::207_1.jpg,0.28628206,0.3756421,0.3380758
concrete3k::207_10.jpg,0.47702497,0.4064868,0.11648821
concrete3k::207_12.jpg,0.3622182,0.3050058,0.33277598
concrete3k::207_29.jpg,0.8750552,0.040879697,0.084065095
concrete3k::207_30.jpg,0.25113365,0.105638385,0.643228
concrete3k::207_38.jpg,0.56135744,0.25335094,0.18529165
concrete3k::207_8.jpg,0.07663768,0.753776,0.1695863
concrete3k::207_9.jpg,0.32894558,0.49863213,0.17242226
concrete3k::235_18.jpg,0.4610928,0.20872878,0.3301784
concrete3k::235_19.jpg,0.7211071,0.15783489,0.121058024
concrete3k::235_24.jpg,0.5448184,0.30544573,0.1497358
concrete3k::235_25.jpg,0.31566748,0.2753544,0.40897813
concrete3k::235_29.jpg,0.24768881,0.10591125,0.6463999
concrete3k::235_31.jpg,0.64128095,0.17004158,0.18867752
concrete3k::235_38.jpg,0.4008671,0.17481542,0.42431742
concrete3k::235_46.jpg,0.48151943,0.24965659,0.2688239
concrete3k::235_47.jpg,0.31253523,0.4970275,0.19043732
concrete3k::240_29.jpg,0.13609858,0.48094296,0.38295844
concrete3k::240_37.jpg,0.071497306,0.5411003,0.38740236
concrete3k::242_17.jpg,0.74864846,0.17479004,0.076561555
concrete3k::242_19.jpg,0.65963733,0.24080296,0.09955974
concrete3k::242_20.jpg,0.18719222,0.22876112,0.58404666
concrete3k::242_46.jpg,0.25823465,0.40507877,0.33668658
concrete3k::258_25.jpg,0.6300268,0.18907146,0.18090168
concrete3k::258_30.jpg,0.46840164,0.27812612,0.25347227
concrete3k::258_32.jpg,0.33507884,0.18982287,0.47509834
concrete3k::275_24.jpg,0.88667005,0.057444282,0.05588561
concrete3k::275_25.jpg,0.669825,0.18509436,0.14508061
concrete3k::275_29.jpg,0.2867437,0.26419577,0.4490605
concrete3k::275_36.jpg,0.2533934,0.50435615,0.24225041
concrete3k::275_39.jpg,0.45607895,0.26281056,0.28111055
concrete3k::280_27.jpg,0.15037702,0.37231743,0.4773055
concrete3k::280_30.jpg,0.24306677,0.4038222,0.353111
concrete3k::280_32.jpg,0.5619375,0.07857022,0.35949224
concrete3k::280_33.jpg,0.5418432,0.31301212,0.1451447
concrete3k::280_36.jpg,0.3270269,0.26697323,0.40599993
concrete3k::280_37.jpg,0.39469546,0.18169773,0.42360678
concrete3k::287_20.jpg,0.552844,0.022956368,0.42419964
concrete3k::287_23.jpg,0.65612704,0.12491336,0.21895956
concrete3k::287_24.jpg,0.09622632,0.15649238,0.7472813
concrete3k::287_27.jpg,0.33499095,0.49165282,0.17335626
concrete3k::287_29.jpg,0.64020175,0.2622732,0.097525075
concrete3k::287_30.jpg,0.24727336,0.6540535,0.0986731
concrete3k::287_9.jpg,0.117057666,0.24784352,0.6350989
concrete3k::288_19.jpg,0.3071605,0.38829064,0.3045489
concrete3k::288_20.jpg,0.2502805,0.18111779,0.5686017
concrete3k::288_21.jpg,0.32759202,0.30841687,0.36399114
concrete3k::288_22.jpg,0.29956567,0.24593557,0.4544987
concrete3k::288_23.jpg,0.28058195,0.09963439,0.61978364
concrete3k::288_29.jpg,0.4818579,0.1945819,0.32356018
concrete3k::288_30.jpg,0.29728484,0.16378403,0.5389311
concrete3k::288_31.jpg,0.6156854,0.12149111,0.2628234
concrete3k::289_26.jpg,0.2879523,0.3061212,0.40592644
concrete3k::289_29.jpg,0.33761096,0.43615413,0.22623485
concrete3k::289_31.jpg,0.7182987,0.06866596,0.21303539
concrete3k::297_10.jpg,0.12990531,0.02419273,0.845902
concrete3k::297_21.jpg,0.5350175,0.11692698,0.34805554
concrete3k::297_9.jpg,0.42594683,0.028392935,0.54566026
concrete3k::321_10.jpg,0.4299457,0.019348359,0.55070597
concrete3k::321_15.jpg,0.5474502,0.1018365,0.3507133
concrete3k::321_19.jpg,0.65831256,0.077466786,0.26422063
concrete3k::321_5.jpg,0.6663364,0.0072544673,0.32640904
concrete3k::322_10.jpg,0.72502553,0.098777585,0.17619684
concrete3k::322_11.jpg,0.47836939,0.02951105,0.49211955
concrete3k::322_19.jpg,0.6716935,0.08952279,0.23878378
concrete3k::322_9.jpg,0.79960954,0.056636143,0.14375426
concrete3k::358_16.jpg,0.51276684,0.18588606,0.30134717
concrete3k::358_17.jpg,0.83345354,0.08786529,0.07868125
concrete3k::358_21.jpg,0.8568902,0.051295254,0.09181452
concrete3k::358_22.jpg,0.7322725,0.12623875,0.14148875
concrete3k::358_25.jpg,0.69782573,0.111474,0.19070022
concrete3k::358_30.jpg,0.79127955,0.11447707,0.09424339
concrete3k::364_15.jpg,0.55175406,0.23622541,0.21202046
concrete3k::364_2.jpg,0.73723024,0.11037849,0.15239127
concrete3k::364_20.jpg,0.41771513,0.200193,0.38209188
concrete3k::364_26.jpg,0.37051356,0.34011447,0.289372
concrete3k::364_28.jpg,0.23889697,0.20988661,0.5512164
concrete3k::364_29.jpg,0.31324056,0.3244213,0.36233816
concrete3k::364_33.jpg,0.39792427,0.37084508,0.23123068
concrete3k::364_38.jpg,0.4653191,0.34615865,0.18852225
concrete3k::364_44.jpg,0.89456415,0.06613239,0.039303515
concrete3k::364_8.jpg,0.5150097,0.16130479,0.32368547
concrete3k::374_20.jpg,0.16928278,0.7076777,0.12303953
concrete3k::374_3.jpg,0.7377854,0.1907083,0.07150636
concrete3k::374_38.jpg,0.3661998,0.49959555,0.13420467
concrete3k::374_43.jpg,0.7094644,0.22491892,0.065616705
concrete3k::374_8.jpg,0.21279271,0.32229197,0.46491534
concrete3k::376_10.jpg,0.38014713,0.18985038,0.43000254
concrete3k::376_37.jpg,0.5585032,0.043497734,0.39799902
concrete3k::376_8.jpg,0.39230403,0.3522357,0.25546026
concrete3k::380_24.jpg,0.53056955,0.30795643,0.16147396
concrete3k::380_27.jpg,0.39498544,0.37219152,0.2328231
concrete3k::380_28.jpg,0.12617837,0.36112747,0.5126942
concrete3k::402_12.jpg,0.4340356,0.47986433,0.086100124
concrete3k::402_20.jpg,0.31647462,0.53643376,0.14709167
concrete3k::402_21.jpg,0.560256,0.11419159,0.32555246
concrete3k::402_26.jpg,0.17758848,0.68516815,0.13724339
concrete3k::402_27.jpg,0.13454841,0.8434849,0.021966768
concrete3k::402_35.jpg,0.4576167,0.36349037,0.17889297
concrete3k::402_41.jpg,0.3639219,0.56414956,0.07192857
concrete3k::406_20.jpg,0.1914597,0.56973445,0.23880589
concrete3k::406_26.jpg,0.13903028,0.55080867,0.3101611
concrete3k::406_4.jpg,0.6818212,0.14080058,0.17737822
concrete3k::406_43.jpg,0.46429422,0.2412264,0.29447934
concrete3k::406_5.jpg,0.4059577,0.04957575,0.54446656
concrete3k::406_8.jpg,0.19865756,0.12802432,0.67331815
concrete3k::406_9.jpg,0.3459845,0.5591634,0.09485213
concrete3k::420_22.jpg,0.09809678,0.11619168,0.7857116
concrete3k::420_25.jpg,0.5717681,0.15822761,0.2700043
concrete3k::420_26.jpg,0.2102622,0.17765944,0.61207837
concrete3k::420_37.jpg,0.5503053,0.23373465,0.21596007
concrete3k::420_42.jpg,0.533417,0.07789014,0.38869286
concrete3k::429_10.jpg,0.40122452,0.24055572,0.35821983
concrete3k::429_14.jpg,0.16526476,0.61209214,0.2226431
concrete3k::429_25.jpg,0.21012515,0.22616799,0.5637069
concrete3k::429_26.jpg,0.45416564,0.34186426,0.20397007
concrete3k::429_5.jpg,0.50950307,0.35110718,0.13938974
concrete3k::429_9.jpg,0.23438759,0.40070593,0.36490652
concrete3k::433_10.jpg,0.5444548,0.17732717,0.2782181
concrete3k::433_16.jpg,0.5850285,0.23426548,0.18070605
concrete3k::433_26.jpg,0.31139055,0.20707999,0.48152938
concrete3k::433_37.jpg,0.40213615,0.23084259,0.36702132
concrete3k::433_38.jpg,0.39057016,0.34356904,0.26586083
concrete3k::433_4.jpg,0.74720097,0.13411774,0.11868128
concrete3k::449_0.jpg,0.59633714,0.17993909,0.22372378
concrete3k::449_13.jpg,0.38024098,0.14482115,0.4749378
concrete3k::449_19.jpg,0.39224595,0.18054415,0.42720988
concrete3k::449_20.jpg,0.5273368,0.24552447,0.22713867
concrete3k::449_26.jpg,0.43677926,0.11254542,0.45067537
concrete3k::449_33.jpg,0.26619855,0.08274103,0.65106046
concrete3k::449_34.jpg,0.7619765,0.11316336,0.12486018
concrete3k::449_41.jpg,0.39754143,0.09474645,0.5077121
concrete3k::449_46.jpg,0.45675123,0.21064001,0.33260876
concrete3k::449_7.jpg,0.67299277,0.07969656,0.2473107
concrete3k::451_36.jpg,0.7388282,0.048443332,0.21272855
concrete3k::451_39.jpg,0.76803726,0.062164254,0.16979855
concrete3k::451_40.jpg,0.59511197,0.2648272,0.1400609
concrete3k::451_41.jpg,0.5269411,0.10812364,0.36493525
concrete3k::451_47.jpg,0.5769972,0.1656248,0.25737804
concrete3k::451_7.jpg,0.64943796,0.2473817,0.103180364
concrete3k::456_2.jpg,0.7996481,0.047707655,0.15264422
concrete3k::456_20.jpg,0.3913523,0.21120535,0.39744237
concrete3k::456_33.jpg,0.19921741,0.60056245,0.20022018
concrete3k::456_41.jpg,0.38031444,0.16742146,0.4522641
concrete3k::456_45.jpg,0.641984,0.22809671,0.12991928
concrete3k::456_46.jpg,0.102994755,0.11204854,0.7849567
concrete3k::456_47.jpg,0.4297676,0.08573203,0.48450035
concrete3k::456_8.jpg,0.5481841,0.15981798,0.29199788
concrete3k::464_10.jpg,0.5914434,0.29298583,0.115570776
concrete3k::464_16.jpg,0.66572297,0.1660111,0.16826595
concrete3k::464_22.jpg,0.62397206,0.18464428,0.19138367
concrete3k::464_28.jpg,0.3983568,0.10528441,0.49635875
concrete3k::464_4.jpg,0.63531274,0.2896964,0.07499083
concrete3k::464_45.jpg,0.112653665,0.6247949,0.26255146
concrete3k::466_15.jpg,0.09156977,0.5804657,0.32796454
concrete3k::466_3.jpg,0.22083218,0.16098352,0.61818427
concrete3k::466_32.jpg,0.122937694,0.34690976,0.5301525
concrete3k::466_38.jpg,0.076108545,0.58744055,0.33645096
concrete3k::466_44.jpg,0.070713446,0.6085987,0.32068783
concrete3k::466_9.jpg,0.14033888,0.35809055,0.5015706
concrete3k::475_20.jpg,0.27081728,0.527173,0.2020097
concrete3k::475_31.jpg,0.56503814,0.08867809,0.34628376
concrete3k::475_4.jpg,0.49813718,0.1423401,0.35952276
concrete3k::479_18.jpg,0.40735146,0.10696804,0.48568052
concrete3k::479_19.jpg,0.73124313,0.06530046,0.20345633
concrete3k::479_21.jpg,0.59320074,0.09933882,0.30746046
concrete3k::479_24.jpg,0.546881,0.114643335,0.33847567
concrete3k::479_31.jpg,0.34645313,0.15360877,0.49993807
concrete3k::479_36.jpg,0.7474783,0.09794856,0.15457316
concrete3k::479_4.jpg,0.71375626,0.17123297,0.1150108
concrete3k::479_5.jpg,0.40973377,0.13366316,0.456603
concrete3k::479_9.jpg,0.5283374,0.26446906,0.20719352
concrete3k::480_33.jpg,0.5125504,0.2741438,0.21330585
concrete3k::480_36.jpg,0.2872598,0.10546507,0.6072751
concrete3k::480_37.jpg,0.4112082,0.30969602,0.27909574
concrete3k::480_38.jpg,0.48985717,0.25553837,0.25460452
concrete3k::480_9.jpg,0.6275579,0.1675084,0.20493372
concrete3k::490_15.jpg,0.4690996,0.37483636,0.15606406
concrete3k::490_26.jpg,0.40389442,0.4047486,0.191357
concrete3k::490_32.jpg,0.5098022,0.2551811,0.23501666
concrete3k::490_44.jpg,0.31290188,0.31167614,0.37542197
concrete3k::490_5.jpg,0.17144373,0.3233842,0.505172
concrete3k::501_13.jpg,0.14790285,0.73577523,0.11632197
concrete3k::501_19.jpg,0.19258924,0.70483905,0.102571726
concrete3k::501_20.jpg,0.32565463,0.22611271,0.44823268
concrete3k::501_25.jpg,0.6008497,0.1773687,0.2217816
concrete3k::501_26.jpg,0.26595923,0.20258597,0.5314548
concrete3k::501_32.jpg,0.483582,0.310199,0.20621899
concrete3k::501_6.jpg,0.5454539,0.27059042,0.18395562
concrete3k::501_7.jpg,0.68950236,0.21663533,0.0938623
concrete3k::503_1.jpg,0.5982427,0.13850647,0.2632509
concrete3k::503_12.jpg,0.2665918,0.39243305,0.3409752
concrete3k::503_20.jpg,0.3365263,0.2130102,0.45046356
concrete3k::503_8.jpg,0.67228633,0.08071097,0.2470027
concrete3k::504_11.jpg,0.14699988,0.42589703,0.42710313
concrete3k::504_2.jpg,0.283775,0.41359675,0.30262825
concrete3k::504_20.jpg,0.2420914,0.59682006,0.16108859
concrete3k::504_21.jpg,0.29986605,0.24407464,0.45605925
concrete3k::504_29.jpg,0.24089162,0.5917615,0.16734679
concrete3k::504_39.jpg,0.5348498,0.37572232,0.08942784
concrete3k::504_9.jpg,0.4096222,0.16908626,0.42129153
concrete3k::513_16.jpg,0.6370132,0.27284685,0.09013999
concrete3k::513_17.jpg,0.8195177,0.12360123,0.05688113
concrete3k::513_19.jpg,0.36649346,0.15927719,0.47422937
concrete3k::513_22.jpg,0.19924656,0.64491534,0.15583812
concrete3k::513_23.jpg,0.6102477,0.22188069,0.16787164
concrete3k::513_26.jpg,0.36538848,0.21464543,0.419966
concrete3k::513_27.jpg,0.5526261,0.32026082,0.1271131
concrete3k::516_10.jpg,0.22617058,0.46720752,0.30662185
concrete3k::516_14.jpg,0.3126171,0.515257,0.1721259
concrete3k::516_22.jpg,0.2612845,0.6404009,0.098314635
concrete3k::516_24.jpg,0.10263685,0.016097343,0.8812658
concrete3k::516_29.jpg,0.15153559,0.5816482,0.2668163
concrete3k::516_33.jpg,0.22229384,0.6463957,0.13131042
concrete3k::516_34.jpg,0.42811945,0.43598282,0.1358977
concrete3k::516_35.jpg,0.091973074,0.8592369,0.048790056
concrete3k::516_36.jpg,0.2847984,0.56016165,0.15503988
concrete3k::516_40.jpg,0.68522894,0.23381238,0.08095862
concrete3k::522_16.jpg,0.34133348,0.22677323,0.43189332
concrete3k::522_18.jpg,0.21551578,0.19103657,0.5934476
concrete3k::522_24.jpg,0.5881489,0.32425168,0.08759936
concrete3k::522_25.jpg,0.38086805,0.18701828,0.43211362
concrete3k::522_28.jpg,0.5700822,0.2036583,0.22625947
concrete3k::522_30.jpg,0.6553647,0.22650042,0.1181349
concrete3k::534_15.jpg,0.4136009,0.3803189,0.20608024
concrete3k::534_21.jpg,0.32166126,0.46850288,0.20983583
concrete3k::534_26.jpg,0.33900696,0.39205632,0.2689367
concrete3k::534_27.jpg,0.34211802,0.26303944,0.39484254
concrete3k::534_33.jpg,0.4747927,0.21078017,0.31442717
concrete3k::534_38.jpg,0.13589439,0.5299629,0.33414266
concrete3k::534_39.jpg,0.808866,0.07314467,0.11798925
concrete3k::534_44.jpg,0.17950553,0.08834865,0.73214585
concrete3k::534_45.jpg,0.1645922,0.60718304,0.22822472
concrete3k::534_5.jpg,0.7558247,0.091220126,0.15295525
concrete3k::535_18.jpg,0.70104724,0.058955673,0.23999709
concrete3k::535_19.jpg,0.36763522,0.35949975,0.27286506
concrete3k::535_21.jpg,0.61154234,0.24151401,0.14694363
concrete3k::535_23.jpg,0.494099,0.40485698,0.10104406
concrete3k::535_45.jpg,0.22598061,0.4595234,0.31449598
concrete3k::535_46.jpg,0.45498526,0.21133465,0.3336801
concrete3k::535_47.jpg,0.27500415,0.44701976,0.27797619
concrete3k::547_11.jpg,0.16674402,0.3505002,0.48275575
concrete3k::547_16.jpg,0.31825107,0.5196637,0.1620852
concrete3k::547_20.jpg,0.30365908,0.24525689,0.451084
concrete3k::547_21.jpg,0.3352578,0.26700854,0.39773366
concrete3k::547_25.jpg,0.18808827,0.27870727,0.53320444
concrete3k::547_30.jpg,0.4384488,0.1471165,0.4144347
concrete3k::547_31.jpg,0.37396488,0.17968802,0.4463471
concrete3k::553_12.jpg,0.627967,0.17493741,0.19709565
concrete3k::553_20.jpg,0.20104282,0.5659592,0.232998
concrete3k::553_27.jpg,0.16588014,0.71241254,0.12170726
concrete3k::553_47.jpg,0.3943953,0.10563483,0.49996996
concrete3k::554_0.jpg,0.7977342,0.1353136,0.0669522
concrete3k::554_18.jpg,0.5170255,0.12702394,0.35595065
concrete3k::554_32.jpg,0.54812384,0.28489867,0.1669775
concrete3k::554_33.jpg,0.25835562,0.6693782,0.07226616
concrete3k::554_40.jpg,0.68496275,0.13533357,0.17970371
concrete3k::554_6.jpg,0.5947428,0.20831294,0.19694433
concrete3k::554_7.jpg,0.56613386,0.2722678,0.16159841
concrete3k::567_14.jpg,0.3345941,0.32358974,0.3418162
concrete3k::567_2.jpg,0.35814255,0.2786445,0.36321294
concrete3k::567_31.jpg,0.24826907,0.2289531,0.5227778
concrete3k::567_32.jpg,0.3252246,0.3651935,0.30958188
concrete3k::567_37.jpg,0.75389856,0.07390514,0.17219631
concrete3k::567_38.jpg,0.4538223,0.18340449,0.36277318
concrete3k::572_13.jpg,0.13016556,0.6353731,0.23446138
concrete3k::572_19.jpg,0.19066022,0.39195946,0.4173803
concrete3k::572_21.jpg,0.13965282,0.24643223,0.61391497
concrete3k::572_27.jpg,0.12317052,0.32778266,0.54904675
concrete3k::572_28.jpg,0.14519612,0.7287583,0.12604567
concrete3k::574_21.jpg,0.5959953,0.19336808,0.21063662
concrete3k::574_29.jpg,0.5858244,0.31725082,0.09692484
concrete3k::587_1.jpg,0.3631764,0.4589637,0.17785987
concrete3k::587_13.jpg,0.33767334,0.17918849,0.48313814
concrete3k::587_14.jpg,0.42107448,0.39367053,0.18525495
concrete3k::587_20.jpg,0.25776497,0.36139795,0.38083708
concrete3k::587_32.jpg,0.06394647,0.116078034,0.81997544
concrete3k::587_33.jpg,0.30107796,0.3244499,0.37447217
concrete3k::587_38.jpg,0.23696159,0.15267128,0.6103672
concrete3k::587_44.jpg,0.44040906,0.2659756,0.2936153
concrete3k::596_2.jpg,0.56883323,0.27358374,0.15758301
concrete3k::596_20.jpg,0.24453224,0.2868166,0.4686512
concrete3k::596_27.jpg,0.3799349,0.38954642,0.23051873
concrete3k::596_32.jpg,0.25943467,0.35472846,0.3858369
concrete3k::596_39.jpg,0.31938943,0.5015832,0.17902736
concrete3k::596_45.jpg,0.3699939,0.22333291,0.4066732
concrete3k::607_2.jpg,0.6800206,0.09130331,0.22867608
concrete3k::607_21.jpg,0.37837407,0.13002232,0.4916036
concrete3k::607_26.jpg,0.23030168,0.4427978,0.32690057
concrete3k::607_3.jpg,0.8653824,0.105008096,0.029609568
concrete3k::607_32.jpg,0.4056609,0.30357704,0.29076204
concrete3k::607_33.jpg,0.40690368,0.1289231,0.46417326
concrete3k::607_38.jpg,0.4271778,0.23603372,0.33678842
concrete3k::607_44.jpg,0.48352408,0.1738599,0.34261605
concrete3k::607_6.jpg,0.86744136,0.043744076,0.088814594
concrete3k::607_7.jpg,0.6146497,0.25156796,0.1337823
concrete3k::607_8.jpg,0.51132596,0.20299622,0.28567782
concrete3k::610_10.jpg,0.2897482,0.123389006,0.58686274
concrete3k::610_2.jpg,0.28917554,0.117919095,0.59290534
concrete3k::610_26.jpg,0.35773325,0.26030925,0.38195747
concrete3k::610_27.jpg,0.45709193,0.06615409,0.476754
concrete3k::610_32.jpg,0.34482625,0.20121026,0.4539635
concrete3k::610_43.jpg,0.5433167,0.13230234,0.32438093
concrete3k::610_8.jpg,0.611312,0.16098315,0.22770484
