image_id,p_degraded,p_neutral,p_improved
khanhha_original::CFD_011.jpg,0.20864795,0.100978196,0.6903739
khanhha_original::CFD_080.jpg,0.31609613,0.30445296,0.37945092
khanhha_original::CRACK500_20160222_081908_641_721.jpg,0.08721904,0.41618937,0.4965916
khanhha_original::CRACK500_20160222_115519_641_721.jpg,0.08652395,0.4925246,0.42095143
khanhha_original::CRACK500_20160222_163940_1281_1081.jpg,0.19393016,0.49358737,0.31248242
khanhha_original::CRACK500_20160222_163940_1_1081.jpg,0.016902616,0.95717204,0.025925353
khanhha_original::CRACK500_20160222_163940_1_361.jpg,0.12471724,0.740391,0.13489175
khanhha_original::CRACK500_20160222_163940_641_1081.jpg,0.12852064,0.672679,0.19880033
khanhha_original::CRACK500_20160222_165919_1_721.jpg,0.88392293,0.056785323,0.05929173
khanhha_original::CRACK500_20160225_114514_721_1281.jpg,0.65452003,0.1737259,0.17175414
khanhha_original::CRACK500_20160225_114514_721_641.jpg,0.44265622,0.17133395,0.38600987
khanhha_original::CRACK500_20160302_155857_1281_1.jpg,0.36006403,0.16684863,0.47308734
khanhha_original::CRACK500_20160302_155857_1_721.jpg,0.35558367,0.32744116,0.31697515
khanhha_original::CRACK500_20160302_155914_1081_641.jpg,0.37757805,0.14025925,0.48216277
khanhha_original::CRACK500_20160303_092806_1281_721.jpg,0.46290112,0.29214293,0.24495594
khanhha_original::CRACK500_20160303_092806_1_721.jpg,0.57513875,0.23047265,0.19438854
khanhha_original::CRACK500_20160306_103830_1921_1081.jpg,0.17813532,0.24170424,0.58016044
khanhha_original::CRACK500_20160307_143827_1_721.jpg,0.19725716,0.511466,0.29127678
khanhha_original::CRACK500_20160307_144150_1281_721.jpg,0.35188627,0.41590104,0.2322127
khanhha_original::CRACK500_20160307_144150_641_361.jpg,0.18165675,0.50869346,0.30964983
khanhha_original::CRACK500_20160307_144931_1281_1.jpg,0.078615375,0.6931021,0.22828254
khanhha_original::CRACK500_20160307_144931_641_721.jpg,0.11458817,0.43848625,0.44692552
khanhha_original::CRACK500_20160307_163537_1281_721.jpg,0.4575454,0.37409958,0.16835496
khanhha_original::CRACK500_20160307_163537_641_361.jpg,0.6822859,0.2339364,0.08377762
khanhha_original::CRACK500_20160307_163537_641_721.jpg,0.38194817,0.25302067,0.3650311
khanhha_original::CRACK500_20160307_164334_641_1.jpg,0.083518244,0.8188415,0.097640276
khanhha_original::CRACK500_20160307_164334_641_361.jpg,0.2912083,0.574109,0.13468271
khanhha_original::CRACK500_20160308_072921_1281_1081.jpg,0.107013,0.6998201,0.19316687
khanhha_original::CRACK500_20160308_072921_1281_361.jpg,0.06523627,0.6088131,0.32595068
khanhha_original::CRACK500_20160308_072921_641_1081.jpg,0.07861099,0.5055546,0.41583434
khanhha_original::CRACK500_20160308_072921_641_721.jpg,0.06777184,0.5745129,0.35771516
khanhha_original::CRACK500_20160308_073014_1281_721.jpg,0.062783055,0.6574352,0.2797818
khanhha_original::CRACK500_20160308_073406_641_721.jpg,0.29909107,0.38850126,0.31240764
khanhha_original::CRACK500_20160308_160053_1_361.jpg,0.38825184,0.4451572,0.16659099
khanhha_original::CRACK500_20160310_114418_641_361.jpg,0.2970631,0.57707804,0.12585889
khanhha_original::CRACK500_20160318_181602_1281_361.jpg,0.10719505,0.49552476,0.3972801
khanhha_original::CRACK500_20160318_181627_1_721.jpg,0.15931875,0.4521705,0.38851085
khanhha_original::CRACK500_20160321_183951_1_361.jpg,0.24841054,0.55837864,0.1932108
khanhha_original::CRACK500_20160321_185457_1281_1.jpg,0.06175584,0.49749774,0.4407465
khanhha_original::CRACK500_20160321_185457_1921_1.jpg,0.056159668,0.1988897,0.7449506
khanhha_original::CRACK500_20160324_170323_1_721.jpg,0.0832881,0.7928258,0.12388598
khanhha_original::CRACK500_20160324_170347_1281_361.jpg,0.272539,0.61867255,0.10878844
khanhha_original::CRACK500_20160324_170347_1281_721.jpg,0.40220633,0.43594876,0.16184485
khanhha_original::CRACK500_20160326_142354_641_1081.jpg,0.29812217,0.27400705,0.42787075
khanhha_original::CRACK500_20160328_150827_1281_1081.jpg,0.16535138,0.70297897,0.1316696
khanhha_original::CRACK500_20160328_150932_1921_361.jpg,0.50839394,0.15371352,0.33789256
khanhha_original::CRACK500_20160328_150932_641_361.jpg,0.55717814,0.21045762,0.23236424
khanhha_original::CRACK500_20160328_151013_361_1921.jpg,0.35048285,0.32417718,0.32533994
khanhha_original::CRACK500_20160328_151057_1281_721.jpg,0.20984523,0.67657703,0.1135777
khanhha_original::CRACK500_20160328_151413_1_361.jpg,0.10501617,0.7490682,0.14591566
khanhha_original::CRACK500_20160328_151413_641_721.jpg,0.16533442,0.4763878,0.35827777
khanhha_original::CRACK500_20160328_151728_1921_721.jpg,0.16109562,0.6971709,0.14173345
khanhha_original::CRACK500_20160328_151808_1281_721.jpg,0.18177265,0.6247511,0.19347623
khanhha_original::CRACK500_20160328_152305_1921_361.jpg,0.18043679,0.26811162,0.5514516
khanhha_original::CRACK500_20160328_153020_1921_361.jpg,0.28963068,0.44249278,0.26787657
khanhha_original::CRACK500_20160328_153540_641_361.jpg,0.047593024,0.82223237,0.13017465
khanhha_original::CRACK500_20160328_153540_641_721.jpg,0.16873968,0.5282888,0.30297148
khanhha_original::CRACK500_20160328_153556_1_361.jpg,0.07982216,0.8068236,0.11335427
khanhha_original::CRACK500_20160328_153645_1_361.jpg,0.051408105,0.784387,0.1642049
khanhha_original::CRACK500_20160328_153702_1281_721.jpg,0.376933,0.3552143,0.26785272
khanhha_original::CRACK500_20160328_153702_1_1081.jpg,0.16831093,0.44824785,0.38344124
khanhha_original::CRACK500_20160328_153724_1_1081.jpg,0.22234243,0.37691677,0.4007408
khanhha_original::CRACK500_20160328_153724_641_721.jpg,0.07080805,0.71218085,0.21701114
khanhha_original::CRACK500_20160328_153829_1921_361.jpg,0.28529355,0.581788,0.13291846
khanhha_original::CRACK500_20160328_153829_641_1.jpg,0.076987505,0.87812096,0.04489156
khanhha_original::CRACK500_20160328_154334_641_721.jpg,0.06473064,0.65046054,0.28480878
khanhha_original::CRACK500_20160328_154352_1281_721.jpg,0.10291761,0.6058045,0.29127792
khanhha_original::CRACK500_20160329_093924_1921_721.jpg,0.099624515,0.2569393,0.6434362
khanhha_original::CRACK500_20160329_094003_641_361.jpg,0.15035827,0.5117689,0.33787292
khanhha_original::CRACK500_20160329_094512_1281_1081.jpg,0.062435355,0.575148,0.3624166
khanhha_original::CRACK500_20160329_094512_1281_721.jpg,0.102945544,0.58048046,0.31657395
khanhha_original::CRACK500_20160329_094512_1921_721.jpg,0.0814805,0.5835559,0.33496365
khanhha_original::CRACK500_20160329_101503_641_721.jpg,0.113937475,0.61493605,0.27112648
khanhha_original::CRACK500_20160329_104120_1921_721.jpg,0.28240183,0.44166607,0.27593207
khanhha_original::CRACK500_20160329_104120_1_361.jpg,0.15914258,0.4149092,0.4259482
khanhha_original::CRACK500_20160329_104120_1_721.jpg,0.12114806,0.30193657,0.5769154
khanhha_original::CRACK500_20160329_104120_641_721.jpg,0.11970223,0.60241234,0.27788544
khanhha_original::CRACK500_20160329_115531_641_721.jpg,0.17819908,0.38139018,0.44041073
khanhha_original::CRACK500_20160330_164743_1_361.jpg,0.46197188,0.20886342,0.3291647
khanhha_original::CRACK500_20160330_164743_641_361.jpg,0.42223343,0.20324574,0.37452075
khanhha_original::CRACK500_20160330_170501_1_721.jpg,0.16917896,0.40627614,0.4245449
khanhha_original::CRACK500_20160330_170504_641_721.jpg,0.25239477,0.42427847,0.32332674
khanhha_original::CRACK500_20160402_150105_1_1.jpg,0.16288283,0.665976,0.1711412
khanhha_original::CRACK500_20160402_150317_641_361.jpg,0.27414528,0.6193896,0.10646518
khanhha_original::CRACK500_20160402_150317_641_721.jpg,0.09519657,0.737056,0.16774741
khanhha_original::CRACK500_20160402_150938_641_361.jpg,0.19530003,0.59403265,0.21066733
khanhha_original::CRACK500_20160402_150938_641_721.jpg,0.17462555,0.61156684,0.21380757
khanhha_original::CRACK500_20160405_171333_1281_361.jpg,0.34611976,0.28288513,0.3709951
khanhha_original::CRACK500_20160405_171453_1281_361.jpg,0.05653319,0.8136266,0.12984024
khanhha_original::CRACK500_20160405_171453_1_721.jpg,0.14042863,0.47552618,0.38404515
khanhha_original::CRACK500_20160405_171453_641_361.jpg,0.12742381,0.59735405,0.27522218
khanhha_original::CRACK500_20160405_171716_1921_721.jpg,0.25739035,0.27450085,0.46810886
khanhha_original::CRACK500_20160407_163522_1921_721.jpg,0.23973978,0.26997858,0.49028164
khanhha_original::CRACK500_20160407_163522_641_721.jpg,0.27897075,0.3393548,0.38167444
khanhha_original::CRACK500_20160407_165001_641_1081.jpg,0.41481143,0.2908784,0.29431018
khanhha_original::CRACK500_20160407_165210_1921_721.jpg,0.12610409,0.5258904,0.34800544
khanhha_original::CRACK500_IMG_2932_1297_969.jpg,0.39726758,0.45793805,0.14479433
khanhha_original::DeepCrack_11113.jpg,0.21188542,0.09300555,0.69510907
khanhha_original::DeepCrack_11116-2.jpg,0.27772826,0.43470165,0.28757015
khanhha_original::DeepCrack_11116-3.jpg,0.29034787,0.45961002,0.2500421
khanhha_original::DeepCrack_11125-1.jpg,0.44404423,0.11054635,0.4454094
khanhha_original::DeepCrack_11151-2.jpg,0.4175254,0.3187602,0.2637144
khanhha_original::DeepCrack_11155-1.jpg,0.0034475292,0.9401828,0.05636964
khanhha_original::DeepCrack_11155.jpg,0.085832916,0.675938,0.23822914
khanhha_original::DeepCrack_11184-1.jpg,0.04612186,0.03423896,0.91963917
khanhha_original::DeepCrack_11215-15.jpg,0.0140538765,0.58464974,0.4012964
khanhha_original::DeepCrack_11215-3.jpg,0.059289552,0.654961,0.2857494
khanhha_original::DeepCrack_11240-6.jpg,0.034138195,0.24235539,0.7235064
khanhha_original::DeepCrack_11240-8.jpg,0.041052427,0.35922366,0.59972394
khanhha_original::DeepCrack_11247-12.jpg,0.18407914,0.1936953,0.6222255
khanhha_original::DeepCrack_11269-1.jpg,0.75851357,0.05760369,0.18388274
khanhha_original::DeepCrack_11271-2.jpg,0.2777614,0.4616119,0.26062676
khanhha_original::DeepCrack_11271-5.jpg,0.21050861,0.34557745,0.44391394
khanhha_original::DeepCrack_11301-6.jpg,0.21476929,0.06060796,0.7246228
khanhha_original::DeepCrack_7Q3A9064-12.jpg,0.17843314,0.3962252,0.42534167
khanhha_original::DeepCrack_7Q3A9064-17.jpg,0.15499488,0.5789262,0.26607895
khanhha_original::DeepCrack_7Q3A9064-19.jpg,0.29967597,0.51862764,0.18169639
khanhha_original::DeepCrack_7Q3A9064-20.jpg,0.36501947,0.58791137,0.04706915
khanhha_original::DeepCrack_IMG11-6.jpg,0.19716989,0.02818256,0.77464753
khanhha_original::DeepCrack_IMG_6469-2.jpg,0.3900168,0.14779602,0.4621872
khanhha_original::DeepCrack_IMG_6514-3.jpg,0.3055649,0.21291138,0.48152375
khanhha_original::Eugen_Muller_7723_0_0_714_429.jpg,0.19040993,0.03954385,0.77004623
khanhha_original::GAPS384_test_0058_1_1.jpg,0.44854847,0.38179263,0.16965888
khanhha_original::GAPS384_test_0203_1_1.jpg,0.54495656,0.12876524,0.3262782
khanhha_original::GAPS384_test_0203_541_1.jpg,0.38042867,0.17193595,0.44763535
khanhha_original::GAPS384_train_0449_1_1.jpg,0.27434897,0.4115771,0.31407398
khanhha_original::GAPS384_train_0516_541_641.jpg,0.12865993,0.04795299,0.823387
khanhha_original::GAPS384_train_0542_1_641.jpg,0.21345691,0.4378915,0.34865162
khanhha_original::GAPS384_train_0681_541_641.jpg,0.2847802,0.20454237,0.5106774
khanhha_original::GAPS384_train_0700_1_1.jpg,0.20359027,0.31292498,0.48348477
khanhha_original::GAPS384_train_0918_1_641.jpg,0.28605443,0.42225754,0.29168805
khanhha_original::GAPS384_train_0922_1_641.jpg,0.39126378,0.24642596,0.3623102
khanhha_original::GAPS384_train_0959_1_641.jpg,0.2645305,0.34879026,0.3866792
khanhha_original::GAPS384_train_1028_1_1.jpg,0.38513377,0.23108955,0.38377666
khanhha_original::GAPS384_train_1126_541_1.jpg,0.18658431,0.468828,0.34458762
khanhha_original::GAPS384_train_1128_541_1.jpg,0.43429407,0.21335615,0.35234982
khanhha_original::GAPS384_train_1247_541_1.jpg,0.093607396,0.63500446,0.27138823
khanhha_original::GAPS384_train_1284_541_641.jpg,0.3234072,0.21276912,0.4638237
khanhha_original::GAPS384_train_1347_541_1.jpg,0.10869868,0.20112137,0.6901799
khanhha_original::GAPS384_train_1347_541_641.jpg,0.33656088,0.12831388,0.53512526
khanhha_original::GAPS384_train_1366_541_1.jpg,0.33571208,0.25615382,0.4081341
khanhha_original::GAPS384_train_1381_541_1.jpg,0.50301796,0.12304583,0.37393624
khanhha_original::Rissbilder_for_Florian_9S6A2782_0_0_3840_5760.jpg,0.10130272,0.85577047,0.042926792
khanhha_original::Rissbilder_for_Florian_9S6A2784_100_1539_3455_3308.jpg,0.10275401,0.8459996,0.051246386
khanhha_original::Rissbilder_for_Florian_9S6A2784_1029_155_2671_3164.jpg,0.1451792,0.76788986,0.08693096
khanhha_original::Rissbilder_for_Florian_9S6A2784_241_1425_3582_3991.jpg,0.14732435,0.77483094,0.07784468
khanhha_original::Rissbilder_for_Florian_9S6A2785_118_523_3535_4238.jpg,0.6311475,0.32255286,0.0462996
khanhha_original::Rissbilder_for_Florian_9S6A2785_197_1269_2404_2359.jpg,0.328917,0.57625234,0.0948306
khanhha_original::Rissbilder_for_Florian_9S6A2785_239_136_3078_2666.jpg,0.51328444,0.4176597,0.06905591
khanhha_original::Rissbilder_for_Florian_9S6A2785_493_901_3299_3768.jpg,0.42231193,0.50484824,0.07283984
khanhha_original::Rissbilder_for_Florian_9S6A2785_51_1717_2854_3381.jpg,0.48143566,0.46986818,0.04869618
khanhha_original::Rissbilder_for_Florian_9S6A2792_0_0_5760_3840.jpg,0.20729487,0.7000703,0.09263488
khanhha_original::Rissbilder_for_Florian_9S6A2792_1773_105_2717_3479.jpg,0.17923589,0.68683845,0.13392569
khanhha_original::Rissbilder_for_Florian_9S6A2792_1778_280_3876_3455.jpg,0.15135074,0.7335085,0.11514079
khanhha_original::Rissbilder_for_Florian_9S6A2792_2643_751_3074_3028.jpg,0.14640202,0.6842392,0.16935872
khanhha_original::Rissbilder_for_Florian_9S6A2792_753_1245_2029_2585.jpg,0.13160802,0.7568385,0.11155347
khanhha_original::Rissbilder_for_Florian_9S6A2797_0_0_3840_5760.jpg,0.2343793,0.7151319,0.05048878
khanhha_original::Rissbilder_for_Florian_9S6A2797_211_1594_3203_4094.jpg,0.20321237,0.77505636,0.021731215
khanhha_original::Rissbilder_for_Florian_9S6A2797_27_2177_3736_3368.jpg,0.17832242,0.79757255,0.024105089
khanhha_original::Rissbilder_for_Florian_9S6A2797_331_75_3433_4182.jpg,0.2292964,0.71768063,0.053023007
khanhha_original::Rissbilder_for_Florian_9S6A2802_251_84_3754_3687.jpg,0.064950526,0.66135085,0.2736986
khanhha_original::Rissbilder_for_Florian_9S6A2802_2931_279_2589_2739.jpg,0.07194657,0.43775925,0.4902942
khanhha_original::Rissbilder_for_Florian_9S6A2802_631_103_2560_2012.jpg,0.045736402,0.71270543,0.24155813
khanhha_original::Rissbilder_for_Florian_9S6A2803_209_1110_2922_3685.jpg,0.17561851,0.78488374,0.039497815
khanhha_original::Rissbilder_for_Florian_9S6A2803_247_1248_3459_4462.jpg,0.21071818,0.7536056,0.03567617
khanhha_original::Rissbilder_for_Florian_9S6A2803_272_142_3359_3107.jpg,0.14340776,0.7484091,0.10818313
khanhha_original::Rissbilder_for_Florian_9S6A2803_612_408_2717_3030.jpg,0.17876485,0.71676415,0.10447094
khanhha_original::Rissbilder_for_Florian_9S6A2810_309_181_3327_4094.jpg,0.16507363,0.75779194,0.07713442
khanhha_original::Rissbilder_for_Florian_9S6A2810_43_528_3225_4185.jpg,0.27459756,0.6240569,0.101345606
khanhha_original::Rissbilder_for_Florian_9S6A2810_65_655_2748_2720.jpg,0.31329584,0.6035137,0.083190426
khanhha_original::Rissbilder_for_Florian_9S6A2822_1030_155_3516_3590.jpg,0.12494017,0.7970664,0.077993445
khanhha_original::Rissbilder_for_Florian_9S6A2822_1137_465_2983_2428.jpg,0.15448771,0.77079314,0.07471912
khanhha_original::Rissbilder_for_Florian_9S6A2822_2401_400_2963_3258.jpg,0.13207573,0.76853925,0.099385016
khanhha_original::Rissbilder_for_Florian_9S6A2835_373_1783_2745_2384.jpg,0.13016127,0.7925478,0.077290945
khanhha_original::Rissbilder_for_Florian_9S6A2835_459_1693_3011_2424.jpg,0.1324887,0.7648251,0.10268623
khanhha_original::Rissbilder_for_Florian_9S6A2835_468_2521_2391_2304.jpg,0.11217674,0.84153986,0.046283435
khanhha_original::Rissbilder_for_Florian_9S6A2835_469_1050_2755_3142.jpg,0.15583497,0.6432699,0.20089516
khanhha_original::Rissbilder_for_Florian_9S6A2835_637_235_2191_2778.jpg,0.14055093,0.45872816,0.4007209
khanhha_original::Rissbilder_for_Florian_9S6A2835_964_2753_2392_2184.jpg,0.18395214,0.6804785,0.13556933
khanhha_original::Rissbilder_for_Florian_9S6A2836_0_0_3840_5760.jpg,0.13339332,0.7424543,0.12415241
khanhha_original::Rissbilder_for_Florian_9S6A2836_391_1220_2381_3118.jpg,0.20406368,0.48892006,0.30701625
khanhha_original::Rissbilder_for_Florian_9S6A2837_523_803_3305_3454.jpg,0.36599404,0.5494318,0.08457413
khanhha_original::Rissbilder_for_Florian_9S6A2848_105_342_3183_3261.jpg,0.059073288,0.8471574,0.09376923
khanhha_original::Rissbilder_for_Florian_9S6A2848_1214_523_4329_3293.jpg,0.07288583,0.85830355,0.06881061
khanhha_original::Rissbilder_for_Florian_9S6A2850_1113_51_4606_3781.jpg,0.13893062,0.8157226,0.04534679
khanhha_original::Rissbilder_for_Florian_9S6A2850_1408_904_2105_2792.jpg,0.0989917,0.8441179,0.056890447
khanhha_original::Rissbilder_for_Florian_9S6A2854_162_1195_3169_2569.jpg,0.08774533,0.84069914,0.071555436
khanhha_original::Rissbilder_for_Florian_9S6A2856_1840_62_3055_3769.jpg,0.057847846,0.91769123,0.024460968
khanhha_original::Rissbilder_for_Florian_9S6A2856_2611_839_1919_2466.jpg,0.06653675,0.8725209,0.06094234
khanhha_original::Rissbilder_for_Florian_9S6A2856_3030_1197_2337_2140.jpg,0.05714505,0.8703695,0.07248553
khanhha_original::Rissbilder_for_Florian_9S6A2856_3095_641_2548_2416.jpg,0.07693822,0.84448934,0.07857249
khanhha_original::Rissbilder_for_Florian_9S6A2862_13_1221_3798_4291.jpg,0.21723354,0.5899841,0.19278239
khanhha_original::Rissbilder_for_Florian_9S6A2862_16_760_3062_2984.jpg,0.21543823,0.57167405,0.21288775
khanhha_original::Rissbilder_for_Florian_9S6A2862_54_2006_3577_3513.jpg,0.2670827,0.52527666,0.20764065
khanhha_original::Rissbilder_for_Florian_9S6A2862_550_1911_3038_3042.jpg,0.22144477,0.6098189,0.16873637
khanhha_original::Rissbilder_for_Florian_9S6A2863_312_1094_3025_3361.jpg,0.12795903,0.72150564,0.15053527
khanhha_original::Rissbilder_for_Florian_9S6A2863_423_3163_2502_2009.jpg,0.14189419,0.33021158,0.5278942
khanhha_original::Rissbilder_for_Florian_9S6A2867_114_180_3373_2642.jpg,0.08307358,0.36440608,0.55252033
khanhha_original::Rissbilder_for_Florian_9S6A2867_249_168_3377_3485.jpg,0.18544233,0.3480667,0.46649098
khanhha_original::Rissbilder_for_Florian_9S6A2867_26_155_3813_3142.jpg,0.2706069,0.3443112,0.38508192
khanhha_original::Rissbilder_for_Florian_9S6A2867_515_377_2926_3568.jpg,0.15547733,0.39694893,0.44757375
khanhha_original::Rissbilder_for_Florian_9S6A2867_657_766_2790_3388.jpg,0.1664815,0.3843011,0.4492174
khanhha_original::Rissbilder_for_Florian_9S6A2873_0_0_5760_3840.jpg,0.1762667,0.60387313,0.21986015
khanhha_original::Rissbilder_for_Florian_9S6A2873_244_84_4072_3620.jpg,0.08560583,0.38671744,0.52767676
khanhha_original::Rissbilder_for_Florian_9S6A2873_904_515_2792_2550.jpg,0.10535327,0.4411035,0.4535432
khanhha_original::Rissbilder_for_Florian_9S6A2873_905_438_3442_2738.jpg,0.094195254,0.52272093,0.38308382
khanhha_original::Rissbilder_for_Florian_9S6A2873_930_236_3379_3204.jpg,0.08103874,0.5636447,0.35531658
khanhha_original::Rissbilder_for_Florian_9S6A2878_186_801_3630_3688.jpg,0.32281312,0.5283965,0.14879042
khanhha_original::Rissbilder_for_Florian_9S6A2878_287_270_3223_3935.jpg,0.3149667,0.59658676,0.088446565
khanhha_original::Rissbilder_for_Florian_9S6A2878_29_861_3713_4568.jpg,0.20922576,0.74588674,0.04488746
khanhha_original::Rissbilder_for_Florian_9S6A2878_373_2066_2452_3245.jpg,0.22782086,0.6494396,0.122739606
khanhha_original::Rissbilder_for_Florian_9S6A2878_67_878_2624_2752.jpg,0.2673649,0.48662278,0.24601227
khanhha_original::Rissbilder_for_Florian_9S6A2878_861_28_2800_2885.jpg,0.24354787,0.57200783,0.1844443
khanhha_original::Rissbilder_for_Florian_9S6A2890_0_0_3840_5760.jpg,0.21117963,0.4753583,0.3134621
khanhha_original::Rissbilder_for_Florian_9S6A2890_1213_1864_1830_2425.jpg,0.326891,0.6120044,0.06110459
khanhha_original::Rissbilder_for_Florian_9S6A2894_2035_188_3164_3103.jpg,0.48605296,0.29523215,0.21871495
khanhha_original::Rissbilder_for_Florian_9S6A2894_2274_588_3314_3190.jpg,0.3553776,0.3938002,0.2508222
khanhha_original::Rissbilder_for_Florian_9S6A2904_447_893_3086_3169.jpg,0.3065336,0.47076675,0.2226996
khanhha_original::Rissbilder_for_Florian_9S6A2904_78_719_3211_3093.jpg,0.2992002,0.4765579,0.22424185
khanhha_original::Rissbilder_for_Florian_9S6A2904_86_208_2615_2808.jpg,0.052522864,0.901195,0.04628216
khanhha_original::Rissbilder_for_Florian_9S6A2905_1082_994_2878_2819.jpg,0.38638288,0.29910904,0.31450808
khanhha_original::Rissbilder_for_Florian_9S6A2905_153_412_3269_2899.jpg,0.23126969,0.6217836,0.14694668
khanhha_original::Rissbilder_for_Florian_9S6A2905_2363_42_2827_2612.jpg,0.2811597,0.42967013,0.28917015
khanhha_original::Rissbilder_for_Florian_9S6A2905_795_159_2896_2675.jpg,0.2695002,0.5301707,0.20032905
khanhha_original::Rissbilder_for_Florian_9S6A2905_928_88_4020_3658.jpg,0.40571555,0.35580304,0.23848137
khanhha_original::Rissbilder_for_Florian_9S6A2912_0_0_3840_5760.jpg,0.19279143,0.6433108,0.16389775
khanhha_original::Rissbilder_for_Florian_9S6A2912_255_1175_3429_3203.jpg,0.19688717,0.5224749,0.28063798
khanhha_original::Rissbilder_for_Florian_9S6A2912_85_369_3711_3429.jpg,0.20412606,0.4413477,0.35452622
khanhha_original::Rissbilder_for_Florian_9S6A2913_20_297_2640_2502.jpg,0.20599851,0.18050674,0.61349475
khanhha_original::Rissbilder_for_Florian_9S6A2913_320_3010_3339_2578.jpg,0.29995984,0.22637011,0.47367007
khanhha_original::Rissbilder_for_Florian_9S6A2913_321_16_3485_4543.jpg,0.1271929,0.13549238,0.7373147
khanhha_original::Rissbilder_for_Florian_9S6A2923_1668_185_3721_3137.jpg,0.51009744,0.2973375,0.19256498
khanhha_original::Rissbilder_for_Florian_9S6A2923_49_326_3736_3442.jpg,0.6073449,0.21101882,0.18163624
khanhha_original::Rissbilder_for_Florian_9S6A2923_875_539_3052_2796.jpg,0.56516594,0.28100842,0.15382561
khanhha_original::Rissbilder_for_Florian_9S6A3088_370_2375_2620_2464.jpg,0.26472604,0.65525514,0.08001873
khanhha_original::Rissbilder_for_Florian_9S6A3098_1300_3220_2283_2309.jpg,0.5652047,0.15329495,0.28150037
khanhha_original::Rissbilder_for_Florian_9S6A3098_64_1239_3474_2730.jpg,0.42770514,0.20745225,0.36484265
khanhha_original::Rissbilder_for_Florian_9S6A3098_88_800_3751_4641.jpg,0.4403138,0.26451465,0.29517162
khanhha_original::Rissbilder_for_Florian_9S6A3101_1262_2535_2488_2185.jpg,0.3906297,0.06383097,0.5455393
khanhha_original::Rissbilder_for_Florian_9S6A3101_148_599_2929_2917.jpg,0.39237553,0.116562426,0.49106202
khanhha_original::Rissbilder_for_Florian_9S6A3101_487_946_2726_3042.jpg,0.44625756,0.066686034,0.48705643
khanhha_original::Rissbilder_for_Florian_9S6A3106_108_1927_3275_2664.jpg,0.231035,0.63035774,0.1386073
khanhha_original::Rissbilder_for_Florian_9S6A3106_228_1483_2823_2920.jpg,0.2617558,0.54693794,0.19130628
khanhha_original::Rissbilder_for_Florian_9S6A3106_310_2925_3257_2813.jpg,0.21803275,0.7076171,0.07435021
khanhha_original::Rissbilder_for_Florian_9S6A3106_333_1784_3162_3278.jpg,0.26994464,0.55838734,0.17166805
khanhha_original::Rissbilder_for_Florian_9S6A3106_521_315_3058_2943.jpg,0.2051794,0.69754934,0.09727125
khanhha_original::Rissbilder_for_Florian_9S6A3106_85_2598_2058_2287.jpg,0.41088432,0.37913662,0.20997895
khanhha_original::Rissbilder_for_Florian_9S6A3106_9_406_3814_4267.jpg,0.27660877,0.5716681,0.1517231
khanhha_original::Rissbilder_for_Florian_9S6A3108_130_372_2601_2517.jpg,0.098765954,0.78356886,0.117665194
khanhha_original::Rissbilder_for_Florian_9S6A3108_134_412_3328_4228.jpg,0.061374586,0.8702074,0.06841794
khanhha_original::Rissbilder_for_Florian_9S6A3108_160_1043_3170_3960.jpg,0.10937277,0.76360273,0.12702453
khanhha_original::Rissbilder_for_Florian_9S6A3108_365_3231_2323_2320.jpg,0.23746914,0.580274,0.18225685
khanhha_original::Rissbilder_for_Florian_9S6A3108_43_1162_3415_3672.jpg,0.08619138,0.8255869,0.0882217
khanhha_original::Rissbilder_for_Florian_9S6A3108_651_10_2896_3045.jpg,0.12471342,0.7123259,0.16296078
khanhha_original::Rissbilder_for_Florian_9S6A3112_1296_2688_2055_2721.jpg,0.16008984,0.6790353,0.16087484
khanhha_original::Rissbilder_for_Florian_9S6A3112_1349_1614_2446_2337.jpg,0.108957075,0.7223407,0.16870232
khanhha_original::Rissbilder_for_Florian_9S6A3117_0_0_3840_5760.jpg,0.07028849,0.8858675,0.04384394
khanhha_original::Rissbilder_for_Florian_9S6A3117_155_109_3546_2785.jpg,0.07433162,0.8562641,0.069404334
khanhha_original::Rissbilder_for_Florian_9S6A3117_911_680_2749_2883.jpg,0.07385915,0.79733205,0.12880878
khanhha_original::Rissbilder_for_Florian_9S6A3121_1095_2665_2007_2602.jpg,0.117638476,0.7428866,0.13947487
khanhha_original::Rissbilder_for_Florian_9S6A3121_224_1466_3238_3220.jpg,0.13717519,0.68712085,0.17570394
khanhha_original::Rissbilder_for_Florian_9S6A3121_408_826_2841_3663.jpg,0.09481567,0.8167548,0.088429525
khanhha_original::Rissbilder_for_Florian_9S6A3133_207_186_4184_3281.jpg,0.19256306,0.71113145,0.09630558
khanhha_original::Rissbilder_for_Florian_9S6A3138_115_569_2228_2606.jpg,0.14450611,0.7981577,0.057336204
khanhha_original::Sylvie_Chambon_069.jpg,0.20345445,0.27084368,0.5257019
khanhha_original::Volker_DSC01629_412_54_1933_1766.jpg,0.41854325,0.26176012,0.31969658
khanhha_original::Volker_DSC01630_176_437_1360_1040.jpg,0.54457027,0.08790176,0.36752805
khanhha_original::Volker_DSC01630_374_343_1233_1342.jpg,0.46682593,0.087027416,0.44614673
khanhha_original::Volker_DSC01631_2_30_1821_2154.jpg,0.21486709,0.29243854,0.4926944
khanhha_original::Volker_DSC01642_220_63_1843_1585.jpg,0.23012292,0.45067754,0.31919956
khanhha_original::Volker_DSC01648_211_212_1177_955.jpg,0.15993185,0.2370596,0.60300857
khanhha_original::Volker_DSC01661_0_0_1824_2736.jpg,0.11918479,0.51645285,0.36436242
khanhha_original::Volker_DSC01661_290_595_1071_1180.jpg,0.11888401,0.28647113,0.5946449
khanhha_original::Volker_DSC01661_400_1545_1179_1103.jpg,0.17684346,0.20161183,0.62154466
khanhha_original::Volker_DSC01667_0_0_1824_2736.jpg,0.048275456,0.1512943,0.80043024
khanhha_original::Volker_DSC01667_106_338_1708_2132.jpg,0.04072752,0.1547138,0.8045587
khanhha_original::Volker_DSC01670_3_833_1821_1836.jpg,0.07377645,0.2555111,0.6707124
khanhha_original::Volker_DSC01670_678_871_1022_989.jpg,0.093871556,0.19268212,0.71344626
khanhha_original::Volker_DSC01678_0_0_1824_2736.jpg,0.059682503,0.49830708,0.44201043
khanhha_original::Volker_DSC01678_14_998_1278_1270.jpg,0.08243582,0.32695326,0.5906109
khanhha_original::Volker_DSC01678_282_907_1086_1149.jpg,0.09777947,0.30523315,0.59698737
khanhha_original::Volker_DSC01686_297_570_1208_1271.jpg,0.09297916,0.16824992,0.73877096
khanhha_original::Volker_DSC01690_763_1051_1043_1097.jpg,0.10036752,0.17749338,0.72213906
khanhha_original::Volker_DSC01691_35_741_1602_1808.jpg,0.13714555,0.3270549,0.53579956
khanhha_original::Volker_DSC01691_6_526_1388_1598.jpg,0.12573935,0.25539812,0.6188625
khanhha_original::Volker_DSC01701_103_539_1579_1680.jpg,0.1032087,0.14408006,0.7527112
khanhha_original::cracktree200_6258.jpg,0.039105028,0.5547444,0.4061505
khanhha_original::cracktree200_6266.jpg,0.116092734,0.7053751,0.17853227
khanhha_original::cracktree200_6278.jpg,0.092689775,0.3120613,0.5952489
khanhha_original::cracktree200_6297.jpg,0.028108764,0.24718817,0.724703
khanhha_original::cracktree200_6298.jpg,0.29717025,0.3275573,0.3752724
khanhha_original::cracktree200_6710.jpg,0.24856487,0.38004613,0.37138903
khanhha_original::forest_018.jpg,0.41030955,0.11802899,0.47166142
khanhha_original::forest_054.jpg,0.23197046,0.22102614,0.5470034
khanhha_original::forest_117.jpg,0.27013153,0.34892112,0.3809474
khanhha_original::noncrack_noncrack_concrete_wall_102_5.jpg.jpg,0.014124269,0.9704807,0.01539497
khanhha_original::noncrack_noncrack_concrete_wall_15_5.jpg.jpg,0.08406418,0.8537882,0.062147666
khanhha_original::noncrack_noncrack_concrete_wall_15_7.jpg.jpg,0.09805345,0.6821997,0.2197468
khanhha_original::noncrack_noncrack_concrete_wall_20_1.jpg.jpg,0.036001056,0.89701575,0.06698325
khanhha_original::noncrack_noncrack_concrete_wall_20_15.jpg.jpg,0.07928543,0.67617595,0.24453862
khanhha_original::noncrack_noncrack_concrete_wall_20_32.jpg.jpg,0.05405062,0.8664505,0.079498895
khanhha_original::noncrack_noncrack_concrete_wall_20_52.jpg.jpg,0.049790904,0.8318918,0.118317306
khanhha_original::noncrack_noncrack_concrete_wall_20_54.jpg.jpg,0.05552987,0.796215,0.14825512
khanhha_original::noncrack_noncrack_concrete_wall_20_59.jpg.jpg,0.027866071,0.9310193,0.04111462
khanhha_original::noncrack_noncrack_concrete_wall_20_62.jpg.jpg,0.049188387,0.87875706,0.07205459
khanhha_original::noncrack_noncrack_concrete_wall_20_68.jpg.jpg,0.06196575,0.8177109,0.12032334
khanhha_original::noncrack_noncrack_concrete_wall_20_70.jpg.jpg,0.06831662,0.8250055,0.10667779
khanhha_original::noncrack_noncrack_concrete_wall_35_4.jpg.jpg,0.006737821,0.97092754,0.02233467
khanhha_original::noncrack_noncrack_concrete_wall_3_2.jpg.jpg,0.0011225935,0.99527824,0.0035991077
khanhha_original::noncrack_noncrack_concrete_wall_44_0.jpg.jpg,0.054142587,0.30841604,0.6374414
khanhha_original::noncrack_noncrack_concrete_wall_44_4.jpg.jpg,0.14331283,0.18342766,0.67325956
khanhha_original::noncrack_noncrack_concrete_wall_46_8.jpg.jpg,0.0011283173,0.99768853,0.0011831645
khanhha_original::noncrack_noncrack_concrete_wall_48_0.jpg.jpg,0.012371107,0.87244815,0.11518078
khanhha_original::noncrack_noncrack_concrete_wall_48_1.jpg.jpg,0.0071303085,0.9527123,0.040157363
khanhha_original::noncrack_noncrack_concrete_wall_48_5.jpg.jpg,0.007071052,0.887821,0.10510789
khanhha_original::noncrack_noncrack_concrete_wall_59_0.jpg.jpg,0.0015708723,0.99727815,0.0011509907
khanhha_original::noncrack_noncrack_concrete_wall_59_3.jpg.jpg,0.0013347866,0.99759007,0.0010751217
khanhha_original::noncrack_noncrack_concrete_wall_65_0.jpg.jpg,0.06654411,0.8651082,0.068347655
khanhha_original::noncrack_noncrack_concrete_wall_65_10.jpg.jpg,0.10854052,0.83305573,0.058403756
khanhha_original::noncrack_noncrack_concrete_wall_68_0.jpg.jpg,0.0068035377,0.985879,0.0073173735
khanhha_original::noncrack_noncrack_concrete_wall_68_1.jpg.jpg,0.013752593,0.97720975,0.0090375915
khanhha_original::noncrack_noncrack_concrete_wall_74_10.jpg.jpg,0.09357289,0.53884023,0.3675868
khanhha_original::noncrack_noncrack_concrete_wall_82_14.jpg.jpg,0.0021988975,0.99683124,0.0009699558
khanhha_original::noncrack_noncrack_concrete_wall_82_23.jpg.jpg,0.0025944805,0.9965894,0.000816019
khanhha_original::noncrack_noncrack_concrete_wall_82_24.jpg.jpg,0.0002021917,0.9995957,0.0002020479
khanhha_original::noncrack_noncrack_concrete_wall_82_27.jpg.jpg,0.002405271,0.99678886,0.00080585654
khanhha_original::noncrack_noncrack_concrete_wall_82_32.jpg.jpg,0.0020437217,0.9970251,0.00093127816
khanhha_original::noncrack_noncrack_concrete_wall_82_4.jpg.jpg,0.0012916172,0.99819916,0.00050934445
khanhha_original::noncrack_noncrack_concrete_wall_82_5.jpg.jpg,0.000574801,0.9991227,0.00030258053
khanhha_original::noncrack_noncrack_concrete_wall_86_1.jpg.jpg,0.01196167,0.9569587,0.031079678
khanhha_original::noncrack_noncrack_concrete_wall_86_2.jpg.jpg,0.016401077,0.9528336,0.030765278
khanhha_original::noncrack_noncrack_concrete_wall_93_5.jpg.jpg,0.005153532,0.986537,0.008309479
khanhha_original::noncrack_noncrack_concrete_wall_96_1.jpg.jpg,0.0042051678,0.98854965,0.0072452235
khanhha_original::noncrack_noncrack_concrete_wall_96_12.jpg.jpg,0.008067124,0.9840716,0.007861344
khanhha_original::noncrack_noncrack_concrete_wall_96_2.jpg.jpg,0.0081918305,0.974066,0.017742138
khanhha_original::noncrack_noncrack_concrete_wall_96_27.jpg.jpg,0.0057298574,0.98834676,0.0059233624
khanhha_noisy1::CFD_011.jpg,0.4466104,0.20427255,0.3491171
khanhha_noisy1::CFD_080.jpg,0.23866408,0.25149742,0.5098385
khanhha_noisy1::CRACK500_20160222_081908_641_721.jpg,0.09983488,0.17804699,0.72211814
khanhha_noisy1::CRACK500_20160222_115519_641_721.jpg,0.1686992,0.36310017,0.46820062
khanhha_noisy1::CRACK500_20160222_163940_1281_1081.jpg,0.22939567,0.16745184,0.60315245
khanhha_noisy1::CRACK500_20160222_163940_1_1081.jpg,0.04712023,0.7544045,0.1984753
khanhha_noisy1::CRACK500_20160222_163940_1_361.jpg,0.10079345,0.60941,0.2897966
khanhha_noisy1::CRACK500_20160222_163940_641_1081.jpg,0.23615761,0.3355732,0.42826918
khanhha_noisy1::CRACK500_20160222_165919_1_721.jpg,0.5173398,0.07892095,0.40373924
khanhha_noisy1::CRACK500_20160225_114514_721_1281.jpg,0.64010817,0.2982157,0.061676126
khanhha_noisy1::CRACK500_20160225_114514_721_641.jpg,0.55587465,0.36663836,0.07748694
khanhha_noisy1::CRACK500_20160302_155857_1281_1.jpg,0.40944684,0.1457631,0.44479
khanhha_noisy1::CRACK500_20160302_155857_1_721.jpg,0.27428174,0.2760407,0.4496775
khanhha_noisy1::CRACK500_20160302_155914_1081_641.jpg,0.25775012,0.3731339,0.36911607
khanhha_noisy1::CRACK500_20160303_092806_1281_721.jpg,0.38094443,0.2849279,0.33412763
khanhha_noisy1::CRACK500_20160303_092806_1_721.jpg,0.592799,0.17327087,0.2339301
khanhha_noisy1::CRACK500_20160306_103830_1921_1081.jpg,0.106665835,0.111633904,0.7817003
khanhha_noisy1::CRACK500_20160307_143827_1_721.jpg,0.112271614,0.13860893,0.74911946
khanhha_noisy1::CRACK500_20160307_144150_1281_721.jpg,0.5255422,0.2676625,0.20679529
khanhha_noisy1::CRACK500_20160307_144150_641_361.jpg,0.33398995,0.19481845,0.47119159
khanhha_noisy1::CRACK500_20160307_144931_1281_1.jpg,0.17934312,0.42398039,0.39667648
khanhha_noisy1::CRACK500_20160307_144931_641_721.jpg,0.18201594,0.34513575,0.47284827
khanhha_noisy1::CRACK500_20160307_163537_1281_721.jpg,0.39468378,0.21979158,0.3855247
khanhha_noisy1::CRACK500_20160307_163537_641_361.jpg,0.5971361,0.17427154,0.22859244
khanhha_noisy1::CRACK500_20160307_163537_641_721.jpg,0.32083142,0.20076919,0.47839946
khanhha_noisy1::CRACK500_20160307_164334_641_1.jpg,0.3708487,0.5027691,0.12638217
khanhha_noisy1::CRACK500_20160307_164334_641_361.jpg,0.4418623,0.33836827,0.21976948
khanhha_noisy1::CRACK500_20160308_072921_1281_1081.jpg,0.24210183,0.51591516,0.24198295
khanhha_noisy1::CRACK500_20160308_072921_1281_361.jpg,0.25848842,0.24411587,0.49739575
khanhha_noisy1::CRACK500_20160308_072921_641_1081.jpg,0.139591,0.106815115,0.7535939
khanhha_noisy1::CRACK500_20160308_072921_641_721.jpg,0.25575954,0.23787262,0.50636786
khanhha_noisy1::CRACK500_20160308_073014_1281_721.jpg,0.1606719,0.1253604,0.71396774
khanhha_noisy1::CRACK500_20160308_073406_641_721.jpg,0.21909572,0.2424473,0.538457
khanhha_noisy1::CRACK500_20160308_160053_1_361.jpg,0.55616355,0.088374704,0.35546172
khanhha_noisy1::CRACK500_20160310_114418_641_361.jpg,0.32056394,0.22245684,0.4569792
khanhha_noisy1::CRACK500_20160318_181602_1281_361.jpg,0.26984245,0.30420214,0.42595544
khanhha_noisy1::CRACK500_20160318_181627_1_721.jpg,0.24317923,0.2930261,0.46379462
khanhha_noisy1::CRACK500_20160321_183951_1_361.jpg,0.13175741,0.12973164,0.73851097
khanhha_noisy1::CRACK500_20160321_185457_1281_1.jpg,0.09623579,0.24649538,0.6572689
khanhha_noisy1::CRACK500_20160321_185457_1921_1.jpg,0.09241935,0.14289592,0.7646847
khanhha_noisy1::CRACK500_20160324_170323_1_721.jpg,0.22793813,0.30122897,0.47083288
khanhha_noisy1::CRACK500_20160324_170347_1281_361.jpg,0.38554943,0.24689297,0.3675576
khanhha_noisy1::CRACK500_20160324_170347_1281_721.jpg,0.34971812,0.25546616,0.39481574
khanhha_noisy1::CRACK500_20160326_142354_641_1081.jpg,0.36127976,0.2503091,0.3884112
khanhha_noisy1::CRACK500_20160328_150827_1281_1081.jpg,0.30071992,0.49905035,0.2002297
khanhha_noisy1::CRACK500_20160328_150932_1921_361.jpg,0.4061266,0.21626279,0.37761062
khanhha_noisy1::CRACK500_20160328_150932_641_361.jpg,0.49693948,0.25206572,0.2509948
khanhha_noisy1::CRACK500_20160328_151013_361_1921.jpg,0.22578607,0.13758624,0.6366277
khanhha_noisy1::CRACK500_20160328_151057_1281_721.jpg,0.2544874,0.42726755,0.318245
khanhha_noisy1::CRACK500_20160328_151413_1_361.jpg,0.23181723,0.34105045,0.4271323
khanhha_noisy1::CRACK500_20160328_151413_641_721.jpg,0.2547013,0.23294245,0.5123562
khanhha_noisy1::CRACK500_20160328_151728_1921_721.jpg,0.13622567,0.2115611,0.65221316
khanhha_noisy1::CRACK500_20160328_151808_1281_721.jpg,0.24849567,0.28245357,0.46905082
khanhha_noisy1::CRACK500_20160328_152305_1921_361.jpg,0.11996841,0.18421318,0.6958184
khanhha_noisy1::CRACK500_20160328_153020_1921_361.jpg,0.23637311,0.24487208,0.5187548
khanhha_noisy1::CRACK500_20160328_153540_641_361.jpg,0.16022965,0.4877178,0.3520525
khanhha_noisy1::CRACK500_20160328_153540_641_721.jpg,0.18214825,0.35226434,0.46558744
khanhha_noisy1::CRACK500_20160328_153556_1_361.jpg,0.16852936,0.20721655,0.6242541
khanhha_noisy1::CRACK500_20160328_153645_1_361.jpg,0.1343735,0.26839423,0.59723234
khanhha_noisy1::CRACK500_20160328_153702_1281_721.jpg,0.15209188,0.43403807,0.41386998
khanhha_noisy1::CRACK500_20160328_153702_1_1081.jpg,0.2343761,0.24517566,0.5204482
khanhha_noisy1::CRACK500_20160328_153724_1_1081.jpg,0.14048436,0.1961026,0.663413
khanhha_noisy1::CRACK500_20160328_153724_641_721.jpg,0.25744972,0.31000033,0.4325499
khanhha_noisy1::CRACK500_20160328_153829_1921_361.jpg,0.18032703,0.32142302,0.49824995
khanhha_noisy1::CRACK500_20160328_153829_641_1.jpg,0.14110541,0.69176483,0.16712973
khanhha_noisy1::CRACK500_20160328_154334_641_721.jpg,0.27176216,0.33248502,0.3957529
khanhha_noisy1::CRACK500_20160328_154352_1281_721.jpg,0.2338017,0.15685412,0.60934424
khanhha_noisy1::CRACK500_20160329_093924_1921_721.jpg,0.10495596,0.24643458,0.6486095
khanhha_noisy1::CRACK500_20160329_094003_641_361.jpg,0.27338427,0.27151448,0.45510134
khanhha_noisy1::CRACK500_20160329_094512_1281_1081.jpg,0.12653331,0.12119972,0.7522669
khanhha_noisy1::CRACK500_20160329_094512_1281_721.jpg,0.14762363,0.089774996,0.76260144
khanhha_noisy1::CRACK500_20160329_094512_1921_721.jpg,0.14187466,0.11294627,0.7451791
khanhha_noisy1::CRACK500_20160329_101503_641_721.jpg,0.3051181,0.40487686,0.29000494
khanhha_noisy1::CRACK500_20160329_104120_1921_721.jpg,0.2170474,0.33744398,0.44550866
khanhha_noisy1::CRACK500_20160329_104120_1_361.jpg,0.21349816,0.1741217,0.61238015
khanhha_noisy1::CRACK500_20160329_104120_1_721.jpg,0.15756012,0.19224048,0.6501994
khanhha_noisy1::CRACK500_20160329_104120_641_721.jpg,0.1810617,0.5836372,0.23530117
khanhha_noisy1::CRACK500_20160329_115531_641_721.jpg,0.23768546,0.11848699,0.6438276
khanhha_noisy1::CRACK500_20160330_164743_1_361.jpg,0.39647338,0.29846197,0.30506474
khanhha_noisy1::CRACK500_20160330_164743_641_361.jpg,0.3688876,0.31013814,0.3209743
khanhha_noisy1::CRACK500_20160330_170501_1_721.jpg,0.30265027,0.230052,0.4672977
khanhha_noisy1::CRACK500_20160330_170504_641_721.jpg,0.47717747,0.22288242,0.29994008
khanhha_noisy1::CRACK500_20160402_150105_1_1.jpg,0.23034476,0.33396637,0.43568882
khanhha_noisy1::CRACK500_20160402_150317_641_361.jpg,0.2210691,0.38290513,0.39602575
khanhha_noisy1::CRACK500_20160402_150317_641_721.jpg,0.19745457,0.30346945,0.49907598
khanhha_noisy1::CRACK500_20160402_150938_641_361.jpg,0.29364723,0.28367588,0.42267695
khanhha_noisy1::CRACK500_20160402_150938_641_721.jpg,0.26963055,0.47012502,0.26024437
khanhha_noisy1::CRACK500_20160405_171333_1281_361.jpg,0.40390253,0.20962337,0.38647413
khanhha_noisy1::CRACK500_20160405_171453_1281_361.jpg,0.23470564,0.2630554,0.50223887
khanhha_noisy1::CRACK500_20160405_171453_1_721.jpg,0.11053482,0.061039757,0.82842547
khanhha_noisy1::CRACK500_20160405_171453_641_361.jpg,0.24395712,0.12062367,0.6354192
khanhha_noisy1::CRACK500_20160405_171716_1921_721.jpg,0.2676899,0.11918181,0.61312824
khanhha_noisy1::CRACK500_20160407_163522_1921_721.jpg,0.09895622,0.10615915,0.7948846
khanhha_noisy1::CRACK500_20160407_163522_641_721.jpg,0.19276175,0.2155221,0.59171623
khanhha_noisy1::CRACK500_20160407_165001_641_1081.jpg,0.20955889,0.14221823,0.6482229
khanhha_noisy1::CRACK500_20160407_165210_1921_721.jpg,0.20068677,0.20475279,0.59456044
khanhha_noisy1::CRACK500_IMG_2932_1297_969.jpg,0.3400164,0.45038593,0.2095977
khanhha_noisy1::DeepCrack_11113.jpg,0.32925996,0.10955857,0.5611814
khanhha_noisy1::DeepCrack_11116-2.jpg,0.14404695,0.3679594,0.48799372
khanhha_noisy1::DeepCrack_11116-3.jpg,0.28174534,0.39457443,0.32368022
khanhha_noisy1::DeepCrack_11125-1.jpg,0.2511402,0.10328413,0.6455757
khanhha_noisy1::DeepCrack_11151-2.jpg,0.33512506,0.35642737,0.30844757
khanhha_noisy1::DeepCrack_11155-1.jpg,0.025375845,0.72825396,0.24637021
khanhha_noisy1::DeepCrack_11155.jpg,0.030152464,0.83298534,0.13686226
khanhha_noisy1::DeepCrack_11184-1.jpg,0.089936115,0.11537861,0.7946853
khanhha_noisy1::DeepCrack_11215-15.jpg,0.05465845,0.4479173,0.49742436
khanhha_noisy1::DeepCrack_11215-3.jpg,0.089160144,0.65254915,0.25829074
khanhha_noisy1::DeepCrack_11240-6.jpg,0.12138897,0.46837524,0.41023588
khanhha_noisy1::DeepCrack_11240-8.jpg,0.14611766,0.52005005,0.33383232
khanhha_noisy1::DeepCrack_11247-12.jpg,0.121070035,0.2520868,0.62684315
khanhha_noisy1::DeepCrack_11269-1.jpg,0.60439855,0.15302141,0.24257998
khanhha_noisy1::DeepCrack_11271-2.jpg,0.29404753,0.25581187,0.45014063
khanhha_noisy1::DeepCrack_11271-5.jpg,0.1712928,0.19669865,0.6320085
khanhha_noisy1::DeepCrack_11301-6.jpg,0.14435121,0.09414883,0.7615
khanhha_noisy1::DeepCrack_7Q3A9064-12.jpg,0.2763558,0.14614011,0.57750404
khanhha_noisy1::DeepCrack_7Q3A9064-17.jpg,0.22100917,0.24135278,0.537638
khanhha_noisy1::DeepCrack_7Q3A9064-19.jpg,0.2850079,0.40686324,0.3081288
khanhha_noisy1::DeepCrack_7Q3A9064-20.jpg,0.18275174,0.349141,0.46810722
khanhha_noisy1::DeepCrack_IMG11-6.jpg,0.6082981,0.08778307,0.30391884
khanhha_noisy1::DeepCrack_IMG_6469-2.jpg,0.2869153,0.41537854,0.2977061
khanhha_noisy1::DeepCrack_IMG_6514-3.jpg,0.22831777,0.121408805,0.65027344
khanhha_noisy1::Eugen_Muller_7723_0_0_714_429.jpg,0.18622716,0.21307617,0.6006966
khanhha_noisy1::GAPS384_test_0058_1_1.jpg,0.65987813,0.2864429,0.05367892
khanhha_noisy1::GAPS384_test_0203_1_1.jpg,0.7424048,0.10630545,0.15128979
khanhha_noisy1::GAPS384_test_0203_541_1.jpg,0.49637944,0.13232115,0.37129942
khanhha_noisy1::GAPS384_train_0449_1_1.jpg,0.5184121,0.13253765,0.34905022
khanhha_noisy1::GAPS384_train_0516_541_641.jpg,0.5262332,0.104951225,0.3688156
khanhha_noisy1::GAPS384_train_0542_1_641.jpg,0.1751191,0.39165527,0.4332256
khanhha_noisy1::GAPS384_train_0681_541_641.jpg,0.41042662,0.35319945,0.23637392
khanhha_noisy1::GAPS384_train_0700_1_1.jpg,0.22190438,0.3166198,0.46147582
khanhha_noisy1::GAPS384_train_0918_1_641.jpg,0.29408482,0.2856294,0.42028585
khanhha_noisy1::GAPS384_train_0922_1_641.jpg,0.61510426,0.067975216,0.3169205
khanhha_noisy1::GAPS384_train_0959_1_641.jpg,0.5755981,0.070453204,0.35394862
khanhha_noisy1::GAPS384_train_1028_1_1.jpg,0.59735537,0.25482035,0.14782417
khanhha_noisy1::GAPS384_train_1126_541_1.jpg,0.73658043,0.10302159,0.16039804
khanhha_noisy1::GAPS384_train_1128_541_1.jpg,0.5885347,0.056649346,0.35481587
khanhha_noisy1::GAPS384_train_1247_541_1.jpg,0.2990568,0.17974934,0.5211939
khanhha_noisy1::GAPS384_train_1284_541_641.jpg,0.39908308,0.10733027,0.49358666
khanhha_noisy1::GAPS384_train_1347_541_1.jpg,0.20743266,0.19108257,0.6014848
khanhha_noisy1::GAPS384_train_1347_541_641.jpg,0.20100416,0.18618757,0.6128083
khanhha_noisy1::GAPS384_train_1366_541_1.jpg,0.53038424,0.09561418,0.37400153
khanhha_noisy1::GAPS384_train_1381_541_1.jpg,0.6028898,0.109924145,0.28718606
khanhha_noisy1::Rissbilder_for_Florian_9S6A2782_0_0_3840_5760.jpg,0.4369882,0.35741675,0.20559508
khanhha_noisy1::Rissbilder_for_Florian_9S6A2784_100_1539_3455_3308.jpg,0.24772514,0.53272295,0.21955192
khanhha_noisy1::Rissbilder_for_Florian_9S6A2784_1029_155_2671_3164.jpg,0.5725452,0.31620824,0.1112466
khanhha_noisy1::Rissbilder_for_Florian_9S6A2784_241_1425_3582_3991.jpg,0.24044842,0.41982538,0.3397262
khanhha_noisy1::Rissbilder_for_Florian_9S6A2785_118_523_3535_4238.jpg,0.016138636,0.98292935,0.0009320198
khanhha_noisy1::Rissbilder_for_Florian_9S6A2785_197_1269_2404_2359.jpg,0.016141415,0.98278874,0.0010699201
khanhha_noisy1::Rissbilder_for_Florian_9S6A2785_239_136_3078_2666.jpg,0.019809607,0.9781186,0.002071794
khanhha_noisy1::Rissbilder_for_Florian_9S6A2785_493_901_3299_3768.jpg,0.04474845,0.95219547,0.0030560307
khanhha_noisy1::Rissbilder_for_Florian_9S6A2785_51_1717_2854_3381.jpg,0.011794956,0.987598,0.00060699857
khanhha_noisy1::Rissbilder_for_Florian_9S6A2792_0_0_5760_3840.jpg,0.80552626,0.12909792,0.06537578
khanhha_noisy1::Rissbilder_for_Florian_9S6A2792_1773_105_2717_3479.jpg,0.6371779,0.20028603,0.16253611
khanhha_noisy1::Rissbilder_for_Florian_9S6A2792_1778_280_3876_3455.jpg,0.61795217,0.16295515,0.21909264
khanhha_noisy1::Rissbilder_for_Florian_9S6A2792_2643_751_3074_3028.jpg,0.50927484,0.29546556,0.19525954
khanhha_noisy1::Rissbilder_for_Florian_9S6A2792_753_1245_2029_2585.jpg,0.35493794,0.5854568,0.059605256
khanhha_noisy1::Rissbilder_for_Florian_9S6A2797_0_0_3840_5760.jpg,0.5371289,0.32727054,0.13560058
khanhha_noisy1::Rissbilder_for_Florian_9S6A2797_211_1594_3203_4094.jpg,0.31062287,0.50316435,0.18621273
khanhha_noisy1::Rissbilder_for_Florian_9S6A2797_27_2177_3736_3368.jpg,0.3517993,0.41621134,0.2319893
khanhha_noisy1::Rissbilder_for_Florian_9S6A2797_331_75_3433_4182.jpg,0.49123836,0.2831156,0.225646
khanhha_noisy1::Rissbilder_for_Florian_9S6A2802_251_84_3754_3687.jpg,0.17569858,0.50149065,0.3228107
khanhha_noisy1::Rissbilder_for_Florian_9S6A2802_2931_279_2589_2739.jpg,0.17923236,0.5060356,0.31473204
khanhha_noisy1::Rissbilder_for_Florian_9S6A2802_631_103_2560_2012.jpg,0.3840773,0.36202055,0.2539021
khanhha_noisy1::Rissbilder_for_Florian_9S6A2803_209_1110_2922_3685.jpg,0.18194887,0.7490054,0.06904572
khanhha_noisy1::Rissbilder_for_Florian_9S6A2803_247_1248_3459_4462.jpg,0.16708991,0.7638599,0.06905017
khanhha_noisy1::Rissbilder_for_Florian_9S6A2803_272_142_3359_3107.jpg,0.30045998,0.4687763,0.23076369
khanhha_noisy1::Rissbilder_for_Florian_9S6A2803_612_408_2717_3030.jpg,0.32253575,0.50899297,0.16847125
khanhha_noisy1::Rissbilder_for_Florian_9S6A2810_309_181_3327_4094.jpg,0.6388581,0.31162068,0.04952126
khanhha_noisy1::Rissbilder_for_Florian_9S6A2810_43_528_3225_4185.jpg,0.504549,0.3996435,0.09580751
khanhha_noisy1::Rissbilder_for_Florian_9S6A2810_65_655_2748_2720.jpg,0.7345519,0.19233808,0.07310996
khanhha_noisy1::Rissbilder_for_Florian_9S6A2822_1030_155_3516_3590.jpg,0.42394876,0.44856164,0.12748952
khanhha_noisy1::Rissbilder_for_Florian_9S6A2822_1137_465_2983_2428.jpg,0.38071966,0.52420044,0.09507994
khanhha_noisy1::Rissbilder_for_Florian_9S6A2822_2401_400_2963_3258.jpg,0.473699,0.3848051,0.14149588
khanhha_noisy1::Rissbilder_for_Florian_9S6A2835_373_1783_2745_2384.jpg,0.19375871,0.5309191,0.27532223
khanhha_noisy1::Rissbilder_for_Florian_9S6A2835_459_1693_3011_2424.jpg,0.1938519,0.50134486,0.30480322
khanhha_noisy1::Rissbilder_for_Florian_9S6A2835_468_2521_2391_2304.jpg,0.25070024,0.4712697,0.2780301
khanhha_noisy1::Rissbilder_for_Florian_9S6A2835_469_1050_2755_3142.jpg,0.35805678,0.39074168,0.25120154
khanhha_noisy1::Rissbilder_for_Florian_9S6A2835_637_235_2191_2778.jpg,0.4057979,0.34423488,0.24996722
khanhha_noisy1::Rissbilder_for_Florian_9S6A2835_964_2753_2392_2184.jpg,0.40168834,0.3180869,0.2802247
khanhha_noisy1::Rissbilder_for_Florian_9S6A2836_0_0_3840_5760.jpg,0.2917912,0.29569292,0.41251594
khanhha_noisy1::Rissbilder_for_Florian_9S6A2836_391_1220_2381_3118.jpg,0.12954918,0.30910596,0.5613448
khanhha_noisy1::Rissbilder_for_Florian_9S6A2837_523_803_3305_3454.jpg,0.29075852,0.20701805,0.50222343
khanhha_noisy1::Rissbilder_for_Florian_9S6A2848_105_342_3183_3261.jpg,0.52649534,0.23086153,0.2426431
khanhha_noisy1::Rissbilder_for_Florian_9S6A2848_1214_523_4329_3293.jpg,0.35191384,0.33061916,0.31746703
khanhha_noisy1::Rissbilder_for_Florian_9S6A2850_1113_51_4606_3781.jpg,0.2755462,0.6033058,0.121147946
khanhha_noisy1::Rissbilder_for_Florian_9S6A2850_1408_904_2105_2792.jpg,0.6099995,0.28059027,0.10941027
khanhha_noisy1::Rissbilder_for_Florian_9S6A2854_162_1195_3169_2569.jpg,0.3479665,0.4499768,0.20205669
khanhha_noisy1::Rissbilder_for_Florian_9S6A2856_1840_62_3055_3769.jpg,0.74053127,0.17124891,0.088219725
khanhha_noisy1::Rissbilder_for_Florian_9S6A2856_2611_839_1919_2466.jpg,0.4719011,0.38915825,0.13894063
khanhha_noisy1::Rissbilder_for_Florian_9S6A2856_3030_1197_2337_2140.jpg,0.49656656,0.36280492,0.14062852
khanhha_noisy1::Rissbilder_for_Florian_9S6A2856_3095_641_2548_2416.jpg,0.5924096,0.25192404,0.15566634
khanhha_noisy1::Rissbilder_for_Florian_9S6A2862_13_1221_3798_4291.jpg,0.4714084,0.20374714,0.32484445
khanhha_noisy1::Rissbilder_for_Florian_9S6A2862_16_760_3062_2984.jpg,0.24189232,0.15151767,0.6065901
khanhha_noisy1::Rissbilder_for_Florian_9S6A2862_54_2006_3577_3513.jpg,0.4845226,0.18514572,0.33033168
khanhha_noisy1::Rissbilder_for_Florian_9S6A2862_550_1911_3038_3042.jpg,0.42356288,0.16709049,0.40934655
khanhha_noisy1::Rissbilder_for_Florian_9S6A2863_312_1094_3025_3361.jpg,0.31819642,0.3921115,0.2896921
khanhha_noisy1::Rissbilder_for_Florian_9S6A2863_423_3163_2502_2009.jpg,0.37085733,0.34633696,0.28280568
khanhha_noisy1::Rissbilder_for_Florian_9S6A2867_114_180_3373_2642.jpg,0.30353585,0.44864744,0.2478167
khanhha_noisy1::Rissbilder_for_Florian_9S6A2867_249_168_3377_3485.jpg,0.6335256,0.23695357,0.12952077
khanhha_noisy1::Rissbilder_for_Florian_9S6A2867_26_155_3813_3142.jpg,0.48093948,0.24951866,0.26954195
khanhha_noisy1::Rissbilder_for_Florian_9S6A2867_515_377_2926_3568.jpg,0.51710975,0.31277514,0.1701152
khanhha_noisy1::Rissbilder_for_Florian_9S6A2867_657_766_2790_3388.jpg,0.5216937,0.23643662,0.24186967
khanhha_noisy1::Rissbilder_for_Florian_9S6A2873_0_0_5760_3840.jpg,0.057951316,0.14962058,0.79242814
khanhha_noisy1::Rissbilder_for_Florian_9S6A2873_244_84_4072_3620.jpg,0.07932896,0.32073265,0.59993833
khanhha_noisy1::Rissbilder_for_Florian_9S6A2873_904_515_2792_2550.jpg,0.091276675,0.40906653,0.4996568
khanhha_noisy1::Rissbilder_for_Florian_9S6A2873_905_438_3442_2738.jpg,0.06858674,0.29175296,0.63966036
khanhha_noisy1::Rissbilder_for_Florian_9S6A2873_930_236_3379_3204.jpg,0.0710215,0.32970193,0.59927654
khanhha_noisy1::Rissbilder_for_Florian_9S6A2878_186_801_3630_3688.jpg,0.5211143,0.22609939,0.2527863
khanhha_noisy1::Rissbilder_for_Florian_9S6A2878_287_270_3223_3935.jpg,0.46229953,0.24523218,0.2924683
khanhha_noisy1::Rissbilder_for_Florian_9S6A2878_29_861_3713_4568.jpg,0.4920511,0.3792674,0.12868148
khanhha_noisy1::Rissbilder_for_Florian_9S6A2878_373_2066_2452_3245.jpg,0.37641492,0.40231118,0.22127396
khanhha_noisy1::Rissbilder_for_Florian_9S6A2878_67_878_2624_2752.jpg,0.45121312,0.16168888,0.3870979
khanhha_noisy1::Rissbilder_for_Florian_9S6A2878_861_28_2800_2885.jpg,0.7486715,0.100501925,0.15082659
khanhha_noisy1::Rissbilder_for_Florian_9S6A2890_0_0_3840_5760.jpg,0.053002454,0.2876721,0.6593254
khanhha_noisy1::Rissbilder_for_Florian_9S6A2890_1213_1864_1830_2425.jpg,0.27276155,0.52649134,0.20074706
khanhha_noisy1::Rissbilder_for_Florian_9S6A2894_2035_188_3164_3103.jpg,0.38590735,0.41355118,0.20054139
khanhha_noisy1::Rissbilder_for_Florian_9S6A2894_2274_588_3314_3190.jpg,0.3523595,0.39142737,0.2562131
khanhha_noisy1::Rissbilder_for_Florian_9S6A2904_447_893_3086_3169.jpg,0.19167987,0.38356218,0.42475796
khanhha_noisy1::Rissbilder_for_Florian_9S6A2904_78_719_3211_3093.jpg,0.34868258,0.3344748,0.3168427
khanhha_noisy1::Rissbilder_for_Florian_9S6A2904_86_208_2615_2808.jpg,0.17956698,0.7993628,0.021070298
khanhha_noisy1::Rissbilder_for_Florian_9S6A2905_1082_994_2878_2819.jpg,0.5747391,0.35717413,0.06808677
khanhha_noisy1::Rissbilder_for_Florian_9S6A2905_153_412_3269_2899.jpg,0.22748813,0.72240716,0.050104693
khanhha_noisy1::Rissbilder_for_Florian_9S6A2905_2363_42_2827_2612.jpg,0.6379031,0.19722801,0.1648689
khanhha_noisy1::Rissbilder_for_Florian_9S6A2905_795_159_2896_2675.jpg,0.58525944,0.37494966,0.039790854
khanhha_noisy1::Rissbilder_for_Florian_9S6A2905_928_88_4020_3658.jpg,0.56442475,0.27577692,0.1597983
khanhha_noisy1::Rissbilder_for_Florian_9S6A2912_0_0_3840_5760.jpg,0.7349167,0.097083315,0.168
khanhha_noisy1::Rissbilder_for_Florian_9S6A2912_255_1175_3429_3203.jpg,0.53052324,0.08481673,0.38466004
khanhha_noisy1::Rissbilder_for_Florian_9S6A2912_85_369_3711_3429.jpg,0.62355316,0.04043018,0.3360166
khanhha_noisy1::Rissbilder_for_Florian_9S6A2913_20_297_2640_2502.jpg,0.30105108,0.27151394,0.42743498
khanhha_noisy1::Rissbilder_for_Florian_9S6A2913_320_3010_3339_2578.jpg,0.4997804,0.18207365,0.31814602
khanhha_noisy1::Rissbilder_for_Florian_9S6A2913_321_16_3485_4543.jpg,0.24938387,0.17039475,0.5802214
khanhha_noisy1::Rissbilder_for_Florian_9S6A2923_1668_185_3721_3137.jpg,0.60658234,0.13190493,0.2615128
khanhha_noisy1::Rissbilder_for_Florian_9S6A2923_49_326_3736_3442.jpg,0.34587413,0.54830486,0.105821
khanhha_noisy1::Rissbilder_for_Florian_9S6A2923_875_539_3052_2796.jpg,0.5681464,0.14933807,0.28251562
khanhha_noisy1::Rissbilder_for_Florian_9S6A3088_370_2375_2620_2464.jpg,0.59521693,0.29626414,0.10851897
khanhha_noisy1::Rissbilder_for_Florian_9S6A3098_1300_3220_2283_2309.jpg,0.6557858,0.16535775,0.17885645
khanhha_noisy1::Rissbilder_for_Florian_9S6A3098_64_1239_3474_2730.jpg,0.45909244,0.3968493,0.14405821
khanhha_noisy1::Rissbilder_for_Florian_9S6A3098_88_800_3751_4641.jpg,0.4926543,0.37581778,0.13152789
khanhha_noisy1::Rissbilder_for_Florian_9S6A3101_1262_2535_2488_2185.jpg,0.25225905,0.19428976,0.5534511
khanhha_noisy1::Rissbilder_for_Florian_9S6A3101_148_599_2929_2917.jpg,0.3925663,0.27120945,0.3362243
khanhha_noisy1::Rissbilder_for_Florian_9S6A3101_487_946_2726_3042.jpg,0.24717353,0.19623858,0.5565879
khanhha_noisy1::Rissbilder_for_Florian_9S6A3106_108_1927_3275_2664.jpg,0.55759764,0.17564309,0.26675928
khanhha_noisy1::Rissbilder_for_Florian_9S6A3106_228_1483_2823_2920.jpg,0.45032132,0.20280774,0.34687096
khanhha_noisy1::Rissbilder_for_Florian_9S6A3106_310_2925_3257_2813.jpg,0.53541064,0.25938818,0.20520116
khanhha_noisy1::Rissbilder_for_Florian_9S6A3106_333_1784_3162_3278.jpg,0.6333035,0.15055016,0.21614634
khanhha_noisy1::Rissbilder_for_Florian_9S6A3106_521_315_3058_2943.jpg,0.43243608,0.32920316,0.23836069
khanhha_noisy1::Rissbilder_for_Florian_9S6A3106_85_2598_2058_2287.jpg,0.63591146,0.16815428,0.19593436
khanhha_noisy1::Rissbilder_for_Florian_9S6A3106_9_406_3814_4267.jpg,0.59076786,0.2221407,0.18709137
khanhha_noisy1::Rissbilder_for_Florian_9S6A3108_130_372_2601_2517.jpg,0.027244348,0.040054362,0.9327013
khanhha_noisy1::Rissbilder_for_Florian_9S6A3108_134_412_3328_4228.jpg,0.032143254,0.023525132,0.9443316
khanhha_noisy1::Rissbilder_for_Florian_9S6A3108_160_1043_3170_3960.jpg,0.021857025,0.021928366,0.9562146
khanhha_noisy1::Rissbilder_for_Florian_9S6A3108_365_3231_2323_2320.jpg,0.028947024,0.026749942,0.944303
khanhha_noisy1::Rissbilder_for_Florian_9S6A3108_43_1162_3415_3672.jpg,0.018431647,0.017340984,0.9642273
khanhha_noisy1::Rissbilder_for_Florian_9S6A3108_651_10_2896_3045.jpg,0.018798912,0.016725847,0.9644752
khanhha_noisy1::Rissbilder_for_Florian_9S6A3112_1296_2688_2055_2721.jpg,0.12254169,0.26727682,0.6101815
khanhha_noisy1::Rissbilder_for_Florian_9S6A3112_1349_1614_2446_2337.jpg,0.28663534,0.14810582,0.56525886
khanhha_noisy1::Rissbilder_for_Florian_9S6A3117_0_0_3840_5760.jpg,0.40293744,0.22245945,0.37460306
khanhha_noisy1::Rissbilder_for_Florian_9S6A3117_155_109_3546_2785.jpg,0.36185974,0.336262,0.30187827
khanhha_noisy1::Rissbilder_for_Florian_9S6A3117_911_680_2749_2883.jpg,0.5273737,0.3117348,0.16089147
khanhha_noisy1::Rissbilder_for_Florian_9S6A3121_1095_2665_2007_2602.jpg,0.5556117,0.17426729,0.27012098
khanhha_noisy1::Rissbilder_for_Florian_9S6A3121_224_1466_3238_3220.jpg,0.57321614,0.15862688,0.26815692
khanhha_noisy1::Rissbilder_for_Florian_9S6A3121_408_826_2841_3663.jpg,0.6546731,0.08797428,0.25735262
khanhha_noisy1::Rissbilder_for_Florian_9S6A3133_207_186_4184_3281.jpg,0.03576422,0.10065482,0.863581
khanhha_noisy1::Rissbilder_for_Florian_9S6A3138_115_569_2228_2606.jpg,0.072480485,0.14297576,0.7845437
khanhha_noisy1::Sylvie_Chambon_069.jpg,0.1950481,0.28428686,0.5206651
khanhha_noisy1::Volker_DSC01629_412_54_1933_1766.jpg,0.25136587,0.1417035,0.6069306
khanhha_noisy1::Volker_DSC01630_176_437_1360_1040.jpg,0.22414146,0.29599568,0.4798629
khanhha_noisy1::Volker_DSC01630_374_343_1233_1342.jpg,0.25347465,0.24202794,0.5044974
khanhha_noisy1::Volker_DSC01631_2_30_1821_2154.jpg,0.19077545,0.12221465,0.68700993
khanhha_noisy1::Volker_DSC01642_220_63_1843_1585.jpg,0.17734417,0.41620138,0.40645447
khanhha_noisy1::Volker_DSC01648_211_212_1177_955.jpg,0.30957928,0.2829076,0.40751317
khanhha_noisy1::Volker_DSC01661_0_0_1824_2736.jpg,0.30106917,0.120290995,0.57863986
khanhha_noisy1::Volker_DSC01661_290_595_1071_1180.jpg,0.08731341,0.1037428,0.8089438
khanhha_noisy1::Volker_DSC01661_400_1545_1179_1103.jpg,0.15649281,0.04410948,0.7993977
khanhha_noisy1::Volker_DSC01667_0_0_1824_2736.jpg,0.19818577,0.06219137,0.7396228
khanhha_noisy1::Volker_DSC01667_106_338_1708_2132.jpg,0.12554415,0.08352853,0.7909273
khanhha_noisy1::Volker_DSC01670_3_833_1821_1836.jpg,0.21133964,0.12636805,0.66229236
khanhha_noisy1::Volker_DSC01670_678_871_1022_989.jpg,0.09517937,0.1025502,0.80227035
khanhha_noisy1::Volker_DSC01678_0_0_1824_2736.jpg,0.33627126,0.10155015,0.56217855
khanhha_noisy1::Volker_DSC01678_14_998_1278_1270.jpg,0.20250598,0.1186157,0.67887837
khanhha_noisy1::Volker_DSC01678_282_907_1086_1149.jpg,0.25373816,0.101165906,0.64509594
khanhha_noisy1::Volker_DSC01686_297_570_1208_1271.jpg,0.07677628,0.12454922,0.7986745
khanhha_noisy1::Volker_DSC01690_763_1051_1043_1097.jpg,0.17276871,0.11426684,0.7129645
khanhha_noisy1::Volker_DSC01691_35_741_1602_1808.jpg,0.20885703,0.16013016,0.63101274
khanhha_noisy1::Volker_DSC01691_6_526_1388_1598.jpg,0.09715398,0.12172087,0.7811252
khanhha_noisy1::Volker_DSC01701_103_539_1579_1680.jpg,0.16609813,0.123904295,0.70999753
khanhha_noisy1::cracktree200_6258.jpg,0.34173286,0.4672556,0.1910115
khanhha_noisy1::cracktree200_6266.jpg,0.65455604,0.31060362,0.03484033
khanhha_noisy1::cracktree200_6278.jpg,0.35197988,0.4720941,0.17592604
khanhha_noisy1::cracktree200_6297.jpg,0.76934505,0.17162485,0.0590301
khanhha_noisy1::cracktree200_6298.jpg,0.57205623,0.38323268,0.044711065
khanhha_noisy1::cracktree200_6710.jpg,0.55069643,0.31616455,0.133139
khanhha_noisy1::forest_018.jpg,0.07618156,0.22380614,0.7000123
khanhha_noisy1::forest_054.jpg,0.10811984,0.052571293,0.8393089
khanhha_noisy1::forest_117.jpg,0.18099749,0.25057817,0.56842434
khanhha_noisy1::noncrack_noncrack_concrete_wall_102_5.jpg.jpg,0.08074307,0.90705675,0.012200196
khanhha_noisy1::noncrack_noncrack_concrete_wall_15_5.jpg.jpg,0.2762319,0.6744309,0.04933716
khanhha_noisy1::noncrack_noncrack_concrete_wall_15_7.jpg.jpg,0.19448815,0.7312487,0.07426321
khanhha_noisy1::noncrack_noncrack_concrete_wall_20_1.jpg.jpg,0.025510238,0.96356314,0.010926631
khanhha_noisy1::noncrack_noncrack_concrete_wall_20_15.jpg.jpg,0.042784058,0.93911606,0.018099964
khanhha_noisy1::noncrack_noncrack_concrete_wall_20_32.jpg.jpg,0.0117865475,0.9818096,0.0064037684
khanhha_noisy1::noncrack_noncrack_concrete_wall_20_52.jpg.jpg,0.023574669,0.9642468,0.012178554
khanhha_noisy1::noncrack_noncrack_concrete_wall_20_54.jpg.jpg,0.0134251,0.9819822,0.0045928378
khanhha_noisy1::noncrack_noncrack_concrete_wall_20_59.jpg.jpg,0.01273263,0.98245376,0.0048135854
khanhha_noisy1::noncrack_noncrack_concrete_wall_20_62.jpg.jpg,0.014947894,0.9784491,0.0066030603
khanhha_noisy1::noncrack_noncrack_concrete_wall_20_68.jpg.jpg,0.014876385,0.9764782,0.008645372
khanhha_noisy1::noncrack_noncrack_concrete_wall_20_70.jpg.jpg,0.039491307,0.9467427,0.013766042
khanhha_noisy1::noncrack_noncrack_concrete_wall_35_4.jpg.jpg,0.0034504656,0.9944096,0.002139934
khanhha_noisy1::noncrack_noncrack_concrete_wall_3_2.jpg.jpg,0.0007295135,0.9986071,0.00066341483
khanhha_noisy1::noncrack_noncrack_concrete_wall_44_0.jpg.jpg,0.20600519,0.58565366,0.20834114
khanhha_noisy1::noncrack_noncrack_concrete_wall_44_4.jpg.jpg,0.23500122,0.58626246,0.17873625
khanhha_noisy1::noncrack_noncrack_concrete_wall_46_8.jpg.jpg,0.0034732341,0.9955065,0.0010201834
khanhha_noisy1::noncrack_noncrack_concrete_wall_48_0.jpg.jpg,0.10189697,0.86709076,0.031012293
khanhha_noisy1::noncrack_noncrack_concrete_wall_48_1.jpg.jpg,0.1923422,0.74103266,0.066625185
khanhha_noisy1::noncrack_noncrack_concrete_wall_48_5.jpg.jpg,0.22536421,0.70775753,0.06687823
khanhha_noisy1::noncrack_noncrack_concrete_wall_59_0.jpg.jpg,0.000392313,0.99936503,0.00024271221
khanhha_noisy1::noncrack_noncrack_concrete_wall_59_3.jpg.jpg,0.00066096697,0.9989336,0.00040538647
khanhha_noisy1::noncrack_noncrack_concrete_wall_65_0.jpg.jpg,0.026240097,0.9528641,0.020895775
khanhha_noisy1::noncrack_noncrack_concrete_wall_65_10.jpg.jpg,0.00889224,0.9824039,0.008703803
khanhha_noisy1::noncrack_noncrack_concrete_wall_68_0.jpg.jpg,0.003622735,0.9932227,0.003154541
khanhha_noisy1::noncrack_noncrack_concrete_wall_68_1.jpg.jpg,0.007243645,0.9896953,0.0030609604
khanhha_noisy1::noncrack_noncrack_concrete_wall_74_10.jpg.jpg,0.057985645,0.86043286,0.08158146
khanhha_noisy1::noncrack_noncrack_concrete_wall_82_14.jpg.jpg,0.004473861,0.97414637,0.021379808
khanhha_noisy1::noncrack_noncrack_concrete_wall_82_23.jpg.jpg,0.007228485,0.96347135,0.029300097
khanhha_noisy1::noncrack_noncrack_concrete_wall_82_24.jpg.jpg,0.003162263,0.9891426,0.007695116
khanhha_noisy1::noncrack_noncrack_concrete_wall_82_27.jpg.jpg,0.006596855,0.9494414,0.04396184
khanhha_noisy1::noncrack_noncrack_concrete_wall_82_32.jpg.jpg,0.0062567345,0.96843565,0.025307588
khanhha_noisy1::noncrack_noncrack_concrete_wall_82_4.jpg.jpg,0.004070165,0.98349655,0.012433272
khanhha_noisy1::noncrack_noncrack_concrete_wall_82_5.jpg.jpg,0.0026822907,0.9919354,0.0053823353
khanhha_noisy1::noncrack_noncrack_concrete_wall_86_1.jpg.jpg,0.014978388,0.97696567,0.008055998
khanhha_noisy1::noncrack_noncrack_concrete_wall_86_2.jpg.jpg,0.012600374,0.98243815,0.0049614487
khanhha_noisy1::noncrack_noncrack_concrete_wall_93_5.jpg.jpg,0.0012875281,0.9953389,0.003373515
khanhha_noisy1::noncrack_noncrack_concrete_wall_96_1.jpg.jpg,0.004103547,0.9944019,0.0014946037
khanhha_noisy1::noncrack_noncrack_concrete_wall_96_12.jpg.jpg,0.002472267,0.9962297,0.0012980484
khanhha_noisy1::noncrack_noncrack_concrete_wall_96_2.jpg.jpg,0.0044303513,0.993497,0.0020726535
khanhha_noisy1::noncrack_noncrack_concrete_wall_96_27.jpg.jpg,0.001551668,0.9972862,0.0011620809
khanhha_noisy2::CFD_011.jpg,0.405797,0.31092963,0.28327334
khanhha_noisy2::CFD_080.jpg,0.28246263,0.57151467,0.14602268
khanhha_noisy2::CRACK500_20160222_081908_641_721.jpg,0.21854463,0.106200464,0.6752549
khanhha_noisy2::CRACK500_20160222_115519_641_721.jpg,0.4769417,0.36038592,0.1626724
khanhha_noisy2::CRACK500_20160222_163940_1281_1081.jpg,0.14938153,0.21273792,0.63788056
khanhha_noisy2::CRACK500_20160222_163940_1_1081.jpg,0.07060193,0.84028536,0.08911274
khanhha_noisy2::CRACK500_20160222_163940_1_361.jpg,0.5640432,0.24487773,0.19107899
khanhha_noisy2::CRACK500_20160222_163940_641_1081.jpg,0.29619333,0.5188441,0.18496245
khanhha_noisy2::CRACK500_20160222_165919_1_721.jpg,0.72183603,0.14639454,0.13176942
khanhha_noisy2::CRACK500_20160225_114514_721_1281.jpg,0.17490748,0.7615184,0.06357414
khanhha_noisy2::CRACK500_20160225_114514_721_641.jpg,0.09533198,0.854647,0.050020996
khanhha_noisy2::CRACK500_20160302_155857_1281_1.jpg,0.5150867,0.12952219,0.35539111
khanhha_noisy2::CRACK500_20160302_155857_1_721.jpg,0.20233811,0.3828221,0.41483977
khanhha_noisy2::CRACK500_20160302_155914_1081_641.jpg,0.5015035,0.14946884,0.3490276
khanhha_noisy2::CRACK500_20160303_092806_1281_721.jpg,0.31109026,0.24616829,0.44274145
khanhha_noisy2::CRACK500_20160303_092806_1_721.jpg,0.30941343,0.42306027,0.26752633
khanhha_noisy2::CRACK500_20160306_103830_1921_1081.jpg,0.20147568,0.20470972,0.5938146
khanhha_noisy2::CRACK500_20160307_143827_1_721.jpg,0.25220624,0.22965486,0.5181389
khanhha_noisy2::CRACK500_20160307_144150_1281_721.jpg,0.20653193,0.5470027,0.24646537
khanhha_noisy2::CRACK500_20160307_144150_641_361.jpg,0.40710613,0.28770924,0.3051847
khanhha_noisy2::CRACK500_20160307_144931_1281_1.jpg,0.1831609,0.52201277,0.2948264
khanhha_noisy2::CRACK500_20160307_144931_641_721.jpg,0.2681408,0.19613357,0.53572565
khanhha_noisy2::CRACK500_20160307_163537_1281_721.jpg,0.3633906,0.35337722,0.28323218
khanhha_noisy2::CRACK500_20160307_163537_641_361.jpg,0.6071123,0.22725867,0.16562913
khanhha_noisy2::CRACK500_20160307_163537_641_721.jpg,0.5867879,0.099822216,0.31339
khanhha_noisy2::CRACK500_20160307_164334_641_1.jpg,0.17425673,0.7287308,0.09701251
khanhha_noisy2::CRACK500_20160307_164334_641_361.jpg,0.4216402,0.37493747,0.20342234
khanhha_noisy2::CRACK500_20160308_072921_1281_1081.jpg,0.39198762,0.29826355,0.30974877
khanhha_noisy2::CRACK500_20160308_072921_1281_361.jpg,0.24423607,0.16780907,0.5879548
khanhha_noisy2::CRACK500_20160308_072921_641_1081.jpg,0.20522237,0.10006929,0.69470835
khanhha_noisy2::CRACK500_20160308_072921_641_721.jpg,0.30608875,0.17355302,0.52035826
khanhha_noisy2::CRACK500_20160308_073014_1281_721.jpg,0.26868722,0.08695215,0.64436066
khanhha_noisy2::CRACK500_20160308_073406_641_721.jpg,0.40637583,0.12054046,0.47308373
khanhha_noisy2::CRACK500_20160308_160053_1_361.jpg,0.33583853,0.4968162,0.16734533
khanhha_noisy2::CRACK500_20160310_114418_641_361.jpg,0.27526557,0.2871532,0.43758127
khanhha_noisy2::CRACK500_20160318_181602_1281_361.jpg,0.19726849,0.26442605,0.53830546
khanhha_noisy2::CRACK500_20160318_181627_1_721.jpg,0.2730131,0.34984595,0.3771409
khanhha_noisy2::CRACK500_20160321_183951_1_361.jpg,0.34553525,0.15292977,0.50153494
khanhha_noisy2::CRACK500_20160321_185457_1281_1.jpg,0.17579441,0.19395718,0.6302484
khanhha_noisy2::CRACK500_20160321_185457_1921_1.jpg,0.26078293,0.12130857,0.6179085
khanhha_noisy2::CRACK500_20160324_170323_1_721.jpg,0.29061708,0.31601602,0.39336693
khanhha_noisy2::CRACK500_20160324_170347_1281_361.jpg,0.16840681,0.56927925,0.2623139
khanhha_noisy2::CRACK500_20160324_170347_1281_721.jpg,0.36830994,0.37290263,0.2587874
khanhha_noisy2::CRACK500_20160326_142354_641_1081.jpg,0.28114828,0.39643848,0.3224133
khanhha_noisy2::CRACK500_20160328_150827_1281_1081.jpg,0.12029856,0.55159235,0.328109
khanhha_noisy2::CRACK500_20160328_150932_1921_361.jpg,0.5558839,0.1540545,0.2900616
khanhha_noisy2::CRACK500_20160328_150932_641_361.jpg,0.38640898,0.33022887,0.28336212
khanhha_noisy2::CRACK500_20160328_151013_361_1921.jpg,0.35751158,0.28525695,0.3572315
khanhha_noisy2::CRACK500_20160328_151057_1281_721.jpg,0.21915418,0.62975514,0.15109064
khanhha_noisy2::CRACK500_20160328_151413_1_361.jpg,0.10553446,0.67691433,0.21755119
khanhha_noisy2::CRACK500_20160328_151413_641_721.jpg,0.25636712,0.3909351,0.35269776
khanhha_noisy2::CRACK500_20160328_151728_1921_721.jpg,0.22754236,0.4850527,0.28740498
khanhha_noisy2::CRACK500_20160328_151808_1281_721.jpg,0.23380983,0.47392035,0.2922698
khanhha_noisy2::CRACK500_20160328_152305_1921_361.jpg,0.20160604,0.38444194,0.413952
khanhha_noisy2::CRACK500_20160328_153020_1921_361.jpg,0.25547397,0.4448989,0.29962718
khanhha_noisy2::CRACK500_20160328_153540_641_361.jpg,0.07159779,0.5577749,0.37062722
khanhha_noisy2::CRACK500_20160328_153540_641_721.jpg,0.18833381,0.32366845,0.48799768
khanhha_noisy2::CRACK500_20160328_153556_1_361.jpg,0.104618564,0.5322437,0.3631377
khanhha_noisy2::CRACK500_20160328_153645_1_361.jpg,0.14806797,0.5331627,0.31876934
khanhha_noisy2::CRACK500_20160328_153702_1281_721.jpg,0.10216541,0.62278515,0.27504948
khanhha_noisy2::CRACK500_20160328_153702_1_1081.jpg,0.14102189,0.38347632,0.4755018
khanhha_noisy2::CRACK500_20160328_153724_1_1081.jpg,0.0890409,0.33753726,0.5734219
khanhha_noisy2::CRACK500_20160328_153724_641_721.jpg,0.098207705,0.42814052,0.4736518
khanhha_noisy2::CRACK500_20160328_153829_1921_361.jpg,0.28007376,0.40466443,0.31526178
khanhha_noisy2::CRACK500_20160328_153829_641_1.jpg,0.056668885,0.70614237,0.23718879
khanhha_noisy2::CRACK500_20160328_154334_641_721.jpg,0.30000046,0.31613386,0.38386565
khanhha_noisy2::CRACK500_20160328_154352_1281_721.jpg,0.31014356,0.2267105,0.463146
khanhha_noisy2::CRACK500_20160329_093924_1921_721.jpg,0.18682384,0.34202266,0.47115344
khanhha_noisy2::CRACK500_20160329_094003_641_361.jpg,0.16452184,0.27035716,0.565121
khanhha_noisy2::CRACK500_20160329_094512_1281_1081.jpg,0.23348811,0.2365122,0.5299997
khanhha_noisy2::CRACK500_20160329_094512_1281_721.jpg,0.22233742,0.16268812,0.61497444
khanhha_noisy2::CRACK500_20160329_094512_1921_721.jpg,0.20217308,0.12070338,0.6771235
khanhha_noisy2::CRACK500_20160329_101503_641_721.jpg,0.21987776,0.53230286,0.24781935
khanhha_noisy2::CRACK500_20160329_104120_1921_721.jpg,0.3644051,0.38109857,0.2544964
khanhha_noisy2::CRACK500_20160329_104120_1_361.jpg,0.41173956,0.16181609,0.42644435
khanhha_noisy2::CRACK500_20160329_104120_1_721.jpg,0.3453837,0.088615194,0.5660011
khanhha_noisy2::CRACK500_20160329_104120_641_721.jpg,0.19627404,0.290224,0.51350194
khanhha_noisy2::CRACK500_20160329_115531_641_721.jpg,0.33269233,0.14439239,0.5229153
khanhha_noisy2::CRACK500_20160330_164743_1_361.jpg,0.46462482,0.3121785,0.22319666
khanhha_noisy2::CRACK500_20160330_164743_641_361.jpg,0.38481483,0.45029405,0.16489111
khanhha_noisy2::CRACK500_20160330_170501_1_721.jpg,0.15627435,0.5060951,0.3376306
khanhha_noisy2::CRACK500_20160330_170504_641_721.jpg,0.21110487,0.3502737,0.43862146
khanhha_noisy2::CRACK500_20160402_150105_1_1.jpg,0.21481836,0.4259884,0.35919327
khanhha_noisy2::CRACK500_20160402_150317_641_361.jpg,0.1685561,0.5838596,0.24758431
khanhha_noisy2::CRACK500_20160402_150317_641_721.jpg,0.30098996,0.43082973,0.2681803
khanhha_noisy2::CRACK500_20160402_150938_641_361.jpg,0.27088812,0.44192034,0.28719148
khanhha_noisy2::CRACK500_20160402_150938_641_721.jpg,0.111060455,0.7112223,0.17771725
khanhha_noisy2::CRACK500_20160405_171333_1281_361.jpg,0.25462666,0.30145463,0.44391873
khanhha_noisy2::CRACK500_20160405_171453_1281_361.jpg,0.20483229,0.24875082,0.54641694
khanhha_noisy2::CRACK500_20160405_171453_1_721.jpg,0.13354959,0.057335533,0.80911493
khanhha_noisy2::CRACK500_20160405_171453_641_361.jpg,0.18076445,0.27689245,0.54234314
khanhha_noisy2::CRACK500_20160405_171716_1921_721.jpg,0.14890352,0.24813648,0.60296
khanhha_noisy2::CRACK500_20160407_163522_1921_721.jpg,0.25140637,0.24160305,0.50699055
khanhha_noisy2::CRACK500_20160407_163522_641_721.jpg,0.18706758,0.12398331,0.6889491
khanhha_noisy2::CRACK500_20160407_165001_641_1081.jpg,0.5371119,0.20047654,0.26241153
khanhha_noisy2::CRACK500_20160407_165210_1921_721.jpg,0.20678388,0.29203925,0.5011769
khanhha_noisy2::CRACK500_IMG_2932_1297_969.jpg,0.3342937,0.4739679,0.1917385
khanhha_noisy2::DeepCrack_11113.jpg,0.7031836,0.11048561,0.18633081
khanhha_noisy2::DeepCrack_11116-2.jpg,0.12679252,0.48883915,0.38436833
khanhha_noisy2::DeepCrack_11116-3.jpg,0.18163864,0.5920829,0.22627841
khanhha_noisy2::DeepCrack_11125-1.jpg,0.2532622,0.25107518,0.49566263
khanhha_noisy2::DeepCrack_11151-2.jpg,0.16102931,0.25221273,0.586758
khanhha_noisy2::DeepCrack_11155-1.jpg,0.0017738816,0.5220943,0.4761318
khanhha_noisy2::DeepCrack_11155.jpg,0.12857379,0.084891036,0.7865352
khanhha_noisy2::DeepCrack_11184-1.jpg,0.20754658,0.5006883,0.29176512
khanhha_noisy2::DeepCrack_11215-15.jpg,0.03260177,0.54660094,0.4207973
khanhha_noisy2::DeepCrack_11215-3.jpg,0.021198252,0.7785715,0.20023024
khanhha_noisy2::DeepCrack_11240-6.jpg,0.061154407,0.4418175,0.4970281
khanhha_noisy2::DeepCrack_11240-8.jpg,0.06863479,0.59218687,0.33917835
khanhha_noisy2::DeepCrack_11247-12.jpg,0.029234013,0.0810011,0.88976485
khanhha_noisy2::DeepCrack_11269-1.jpg,0.54828805,0.29930076,0.15241115
khanhha_noisy2::DeepCrack_11271-2.jpg,0.15940797,0.39102912,0.449563
khanhha_noisy2::DeepCrack_11271-5.jpg,0.06002525,0.46235803,0.47761673
khanhha_noisy2::DeepCrack_11301-6.jpg,0.32200631,0.16589078,0.51210284
khanhha_noisy2::DeepCrack_7Q3A9064-12.jpg,0.3799916,0.24111016,0.37889823
khanhha_noisy2::DeepCrack_7Q3A9064-17.jpg,0.27012068,0.43586874,0.2940105
khanhha_noisy2::DeepCrack_7Q3A9064-19.jpg,0.2934755,0.5204236,0.18610089
khanhha_noisy2::DeepCrack_7Q3A9064-20.jpg,0.21497846,0.49233404,0.2926875
khanhha_noisy2::DeepCrack_IMG11-6.jpg,0.12194403,0.8026052,0.07545077
khanhha_noisy2::DeepCrack_IMG_6469-2.jpg,0.14699376,0.42897055,0.42403576
khanhha_noisy2::DeepCrack_IMG_6514-3.jpg,0.361327,0.37160662,0.26706633
khanhha_noisy2::Eugen_Muller_7723_0_0_714_429.jpg,0.28516993,0.2700827,0.4447474
khanhha_noisy2::GAPS384_test_0058_1_1.jpg,0.072199225,0.9192193,0.008581546
khanhha_noisy2::GAPS384_test_0203_1_1.jpg,0.7403698,0.18399659,0.07563358
khanhha_noisy2::GAPS384_test_0203_541_1.jpg,0.19167702,0.7450795,0.063243486
khanhha_noisy2::GAPS384_train_0449_1_1.jpg,0.044183083,0.9400019,0.015815064
khanhha_noisy2::GAPS384_train_0516_541_641.jpg,0.3335725,0.49513087,0.17129667
khanhha_noisy2::GAPS384_train_0542_1_641.jpg,0.17282335,0.7375813,0.08959543
khanhha_noisy2::GAPS384_train_0681_541_641.jpg,0.69958466,0.22766338,0.07275192
khanhha_noisy2::GAPS384_train_0700_1_1.jpg,0.3066029,0.49929118,0.19410591
khanhha_noisy2::GAPS384_train_0918_1_641.jpg,0.11475274,0.80543476,0.07981258
khanhha_noisy2::GAPS384_train_0922_1_641.jpg,0.15432587,0.80820453,0.03746949
khanhha_noisy2::GAPS384_train_0959_1_641.jpg,0.25074863,0.52192533,0.22732605
khanhha_noisy2::GAPS384_train_1028_1_1.jpg,0.31329077,0.6185443,0.06816496
khanhha_noisy2::GAPS384_train_1126_541_1.jpg,0.6299583,0.3334693,0.036572427
khanhha_noisy2::GAPS384_train_1128_541_1.jpg,0.9373369,0.022869324,0.039793737
khanhha_noisy2::GAPS384_train_1247_541_1.jpg,0.410191,0.47262847,0.11718056
khanhha_noisy2::GAPS384_train_1284_541_641.jpg,0.5952467,0.30202568,0.10272773
khanhha_noisy2::GAPS384_train_1347_541_1.jpg,0.24278472,0.5267061,0.23050913
khanhha_noisy2::GAPS384_train_1347_541_641.jpg,0.6460268,0.097762614,0.25621063
khanhha_noisy2::GAPS384_train_1366_541_1.jpg,0.5369929,0.35127077,0.111736275
khanhha_noisy2::GAPS384_train_1381_541_1.jpg,0.73137844,0.18507704,0.08354452
khanhha_noisy2::Rissbilder_for_Florian_9S6A2782_0_0_3840_5760.jpg,0.7300901,0.18932684,0.08058311
khanhha_noisy2::Rissbilder_for_Florian_9S6A2784_100_1539_3455_3308.jpg,0.32435545,0.5049178,0.17072678
khanhha_noisy2::Rissbilder_for_Florian_9S6A2784_1029_155_2671_3164.jpg,0.4779846,0.47416824,0.047847122
khanhha_noisy2::Rissbilder_for_Florian_9S6A2784_241_1425_3582_3991.jpg,0.2489806,0.5180678,0.23295167
khanhha_noisy2::Rissbilder_for_Florian_9S6A2785_118_523_3535_4238.jpg,0.002794208,0.99709034,0.00011536198
khanhha_noisy2::Rissbilder_for_Florian_9S6A2785_197_1269_2404_2359.jpg,0.0066267764,0.9931766,0.00019661536
khanhha_noisy2::Rissbilder_for_Florian_9S6A2785_239_136_3078_2666.jpg,0.0065138442,0.9932929,0.00019322202
khanhha_noisy2::Rissbilder_for_Florian_9S6A2785_493_901_3299_3768.jpg,0.004604053,0.9952089,0.00018694472
khanhha_noisy2::Rissbilder_for_Florian_9S6A2785_51_1717_2854_3381.jpg,0.0046611098,0.9951983,0.00014061124
khanhha_noisy2::Rissbilder_for_Florian_9S6A2792_0_0_5760_3840.jpg,0.8107012,0.17306781,0.016231038
khanhha_noisy2::Rissbilder_for_Florian_9S6A2792_1773_105_2717_3479.jpg,0.16729726,0.8270841,0.0056186467
khanhha_noisy2::Rissbilder_for_Florian_9S6A2792_1778_280_3876_3455.jpg,0.57124656,0.41313115,0.015622296
khanhha_noisy2::Rissbilder_for_Florian_9S6A2792_2643_751_3074_3028.jpg,0.22231373,0.7687512,0.008935018
khanhha_noisy2::Rissbilder_for_Florian_9S6A2792_753_1245_2029_2585.jpg,0.13672015,0.85814565,0.0051341904
khanhha_noisy2::Rissbilder_for_Florian_9S6A2797_0_0_3840_5760.jpg,0.7885569,0.109332815,0.10211029
khanhha_noisy2::Rissbilder_for_Florian_9S6A2797_211_1594_3203_4094.jpg,0.62527514,0.25118318,0.12354167
khanhha_noisy2::Rissbilder_for_Florian_9S6A2797_27_2177_3736_3368.jpg,0.6094731,0.27129132,0.11923555
khanhha_noisy2::Rissbilder_for_Florian_9S6A2797_331_75_3433_4182.jpg,0.7044467,0.2014713,0.0940821
khanhha_noisy2::Rissbilder_for_Florian_9S6A2802_251_84_3754_3687.jpg,0.041967764,0.64371073,0.31432152
khanhha_noisy2::Rissbilder_for_Florian_9S6A2802_2931_279_2589_2739.jpg,0.027966201,0.46611735,0.5059164
khanhha_noisy2::Rissbilder_for_Florian_9S6A2802_631_103_2560_2012.jpg,0.10779286,0.59704113,0.29516602
khanhha_noisy2::Rissbilder_for_Florian_9S6A2803_209_1110_2922_3685.jpg,0.10185221,0.6197454,0.27840245
khanhha_noisy2::Rissbilder_for_Florian_9S6A2803_247_1248_3459_4462.jpg,0.07193888,0.64227974,0.28578144
khanhha_noisy2::Rissbilder_for_Florian_9S6A2803_272_142_3359_3107.jpg,0.08086993,0.47579563,0.44333452
khanhha_noisy2::Rissbilder_for_Florian_9S6A2803_612_408_2717_3030.jpg,0.109569415,0.5776443,0.31278634
khanhha_noisy2::Rissbilder_for_Florian_9S6A2810_309_181_3327_4094.jpg,0.02395419,0.97025305,0.005792767
khanhha_noisy2::Rissbilder_for_Florian_9S6A2810_43_528_3225_4185.jpg,0.08048137,0.899864,0.01965457
khanhha_noisy2::Rissbilder_for_Florian_9S6A2810_65_655_2748_2720.jpg,0.039084762,0.9570204,0.0038949156
khanhha_noisy2::Rissbilder_for_Florian_9S6A2822_1030_155_3516_3590.jpg,0.79191035,0.16467047,0.043419145
khanhha_noisy2::Rissbilder_for_Florian_9S6A2822_1137_465_2983_2428.jpg,0.4848389,0.48123237,0.033928733
khanhha_noisy2::Rissbilder_for_Florian_9S6A2822_2401_400_2963_3258.jpg,0.688458,0.2566836,0.05485834
khanhha_noisy2::Rissbilder_for_Florian_9S6A2835_373_1783_2745_2384.jpg,0.48183247,0.3949862,0.1231813
khanhha_noisy2::Rissbilder_for_Florian_9S6A2835_459_1693_3011_2424.jpg,0.6050356,0.28929323,0.10567114
khanhha_noisy2::Rissbilder_for_Florian_9S6A2835_468_2521_2391_2304.jpg,0.68460494,0.22370349,0.091691546
khanhha_noisy2::Rissbilder_for_Florian_9S6A2835_469_1050_2755_3142.jpg,0.6157798,0.30777836,0.07644193
khanhha_noisy2::Rissbilder_for_Florian_9S6A2835_637_235_2191_2778.jpg,0.43573022,0.4543332,0.109936625
khanhha_noisy2::Rissbilder_for_Florian_9S6A2835_964_2753_2392_2184.jpg,0.81796217,0.11348449,0.06855329
khanhha_noisy2::Rissbilder_for_Florian_9S6A2836_0_0_3840_5760.jpg,0.7277908,0.1467697,0.12543958
khanhha_noisy2::Rissbilder_for_Florian_9S6A2836_391_1220_2381_3118.jpg,0.7175704,0.1673424,0.11508711
khanhha_noisy2::Rissbilder_for_Florian_9S6A2837_523_803_3305_3454.jpg,0.6972237,0.1698543,0.13292204
khanhha_noisy2::Rissbilder_for_Florian_9S6A2848_105_342_3183_3261.jpg,0.32492644,0.37551114,0.29956242
khanhha_noisy2::Rissbilder_for_Florian_9S6A2848_1214_523_4329_3293.jpg,0.2517341,0.56323403,0.18503185
khanhha_noisy2::Rissbilder_for_Florian_9S6A2850_1113_51_4606_3781.jpg,0.026997393,0.97068393,0.002318726
khanhha_noisy2::Rissbilder_for_Florian_9S6A2850_1408_904_2105_2792.jpg,0.06226843,0.9350891,0.0026424758
khanhha_noisy2::Rissbilder_for_Florian_9S6A2854_162_1195_3169_2569.jpg,0.29623917,0.5982786,0.1054823
khanhha_noisy2::Rissbilder_for_Florian_9S6A2856_1840_62_3055_3769.jpg,0.5755691,0.3733849,0.051046103
khanhha_noisy2::Rissbilder_for_Florian_9S6A2856_2611_839_1919_2466.jpg,0.47384277,0.45513654,0.071020745
khanhha_noisy2::Rissbilder_for_Florian_9S6A2856_3030_1197_2337_2140.jpg,0.7347837,0.18960188,0.075614385
khanhha_noisy2::Rissbilder_for_Florian_9S6A2856_3095_641_2548_2416.jpg,0.7524657,0.17339444,0.07413989
khanhha_noisy2::Rissbilder_for_Florian_9S6A2862_13_1221_3798_4291.jpg,0.52832276,0.34363255,0.12804475
khanhha_noisy2::Rissbilder_for_Florian_9S6A2862_16_760_3062_2984.jpg,0.24416603,0.3429204,0.41291356
khanhha_noisy2::Rissbilder_for_Florian_9S6A2862_54_2006_3577_3513.jpg,0.49268982,0.35408607,0.1532241
khanhha_noisy2::Rissbilder_for_Florian_9S6A2862_550_1911_3038_3042.jpg,0.47054052,0.36297274,0.16648683
khanhha_noisy2::Rissbilder_for_Florian_9S6A2863_312_1094_3025_3361.jpg,0.7856593,0.08313268,0.13120797
khanhha_noisy2::Rissbilder_for_Florian_9S6A2863_423_3163_2502_2009.jpg,0.37339783,0.5223285,0.104273655
khanhha_noisy2::Rissbilder_for_Florian_9S6A2867_114_180_3373_2642.jpg,0.15910079,0.76927835,0.07162084
khanhha_noisy2::Rissbilder_for_Florian_9S6A2867_249_168_3377_3485.jpg,0.61704576,0.3141197,0.06883452
khanhha_noisy2::Rissbilder_for_Florian_9S6A2867_26_155_3813_3142.jpg,0.36385158,0.5741329,0.06201555
khanhha_noisy2::Rissbilder_for_Florian_9S6A2867_515_377_2926_3568.jpg,0.23173544,0.74965453,0.018609956
khanhha_noisy2::Rissbilder_for_Florian_9S6A2867_657_766_2790_3388.jpg,0.52546835,0.44326028,0.03127133
khanhha_noisy2::Rissbilder_for_Florian_9S6A2873_0_0_5760_3840.jpg,0.095264286,0.6290352,0.2757005
khanhha_noisy2::Rissbilder_for_Florian_9S6A2873_244_84_4072_3620.jpg,0.04151542,0.43737972,0.5211048
khanhha_noisy2::Rissbilder_for_Florian_9S6A2873_904_515_2792_2550.jpg,0.05612652,0.536265,0.4076084
khanhha_noisy2::Rissbilder_for_Florian_9S6A2873_905_438_3442_2738.jpg,0.08792016,0.50747937,0.40460047
khanhha_noisy2::Rissbilder_for_Florian_9S6A2873_930_236_3379_3204.jpg,0.07455321,0.477048,0.44839874
khanhha_noisy2::Rissbilder_for_Florian_9S6A2878_186_801_3630_3688.jpg,0.29059744,0.5191479,0.1902548
khanhha_noisy2::Rissbilder_for_Florian_9S6A2878_287_270_3223_3935.jpg,0.2648902,0.5549262,0.18018362
khanhha_noisy2::Rissbilder_for_Florian_9S6A2878_29_861_3713_4568.jpg,0.49413863,0.42528656,0.080574825
khanhha_noisy2::Rissbilder_for_Florian_9S6A2878_373_2066_2452_3245.jpg,0.59025246,0.33165154,0.078095935
khanhha_noisy2::Rissbilder_for_Florian_9S6A2878_67_878_2624_2752.jpg,0.4495784,0.3872048,0.1632168
khanhha_noisy2::Rissbilder_for_Florian_9S6A2878_861_28_2800_2885.jpg,0.41532332,0.40313357,0.18154317
khanhha_noisy2::Rissbilder_for_Florian_9S6A2890_0_0_3840_5760.jpg,0.11723234,0.23349586,0.6492718
khanhha_noisy2::Rissbilder_for_Florian_9S6A2890_1213_1864_1830_2425.jpg,0.19016391,0.7042214,0.105614685
khanhha_noisy2::Rissbilder_for_Florian_9S6A2894_2035_188_3164_3103.jpg,0.046524525,0.843536,0.10993948
khanhha_noisy2::Rissbilder_for_Florian_9S6A2894_2274_588_3314_3190.jpg,0.008296739,0.9249806,0.066722676
khanhha_noisy2::Rissbilder_for_Florian_9S6A2904_447_893_3086_3169.jpg,0.21801028,0.5915121,0.19047765
khanhha_noisy2::Rissbilder_for_Florian_9S6A2904_78_719_3211_3093.jpg,0.27831158,0.5693798,0.15230858
khanhha_noisy2::Rissbilder_for_Florian_9S6A2904_86_208_2615_2808.jpg,0.033979528,0.9596135,0.0064069843
khanhha_noisy2::Rissbilder_for_Florian_9S6A2905_1082_994_2878_2819.jpg,0.5928412,0.35621354,0.05094524
khanhha_noisy2::Rissbilder_for_Florian_9S6A2905_153_412_3269_2899.jpg,0.21762118,0.72135144,0.061027408
khanhha_noisy2::Rissbilder_for_Florian_9S6A2905_2363_42_2827_2612.jpg,0.20024702,0.73707616,0.062676825
khanhha_noisy2::Rissbilder_for_Florian_9S6A2905_795_159_2896_2675.jpg,0.21623604,0.7681597,0.015604325
khanhha_noisy2::Rissbilder_for_Florian_9S6A2905_928_88_4020_3658.jpg,0.29380018,0.64267015,0.0635297
khanhha_noisy2::Rissbilder_for_Florian_9S6A2912_0_0_3840_5760.jpg,0.276939,0.70197093,0.021090077
khanhha_noisy2::Rissbilder_for_Florian_9S6A2912_255_1175_3429_3203.jpg,0.80786836,0.15751868,0.034612905
khanhha_noisy2::Rissbilder_for_Florian_9S6A2912_85_369_3711_3429.jpg,0.9570719,0.023414548,0.019513547
khanhha_noisy2::Rissbilder_for_Florian_9S6A2913_20_297_2640_2502.jpg,0.2747631,0.6979833,0.0272536
khanhha_noisy2::Rissbilder_for_Florian_9S6A2913_320_3010_3339_2578.jpg,0.8383849,0.084766224,0.07684891
khanhha_noisy2::Rissbilder_for_Florian_9S6A2913_321_16_3485_4543.jpg,0.39706597,0.53080124,0.0721328
khanhha_noisy2::Rissbilder_for_Florian_9S6A2923_1668_185_3721_3137.jpg,0.6519564,0.3084287,0.039614886
khanhha_noisy2::Rissbilder_for_Florian_9S6A2923_49_326_3736_3442.jpg,0.17578702,0.82186615,0.0023467531
khanhha_noisy2::Rissbilder_for_Florian_9S6A2923_875_539_3052_2796.jpg,0.8345014,0.15003379,0.015464772
khanhha_noisy2::Rissbilder_for_Florian_9S6A3088_370_2375_2620_2464.jpg,0.46113512,0.474491,0.06437389
khanhha_noisy2::Rissbilder_for_Florian_9S6A3098_1300_3220_2283_2309.jpg,0.27847904,0.6704558,0.05106511
khanhha_noisy2::Rissbilder_for_Florian_9S6A3098_64_1239_3474_2730.jpg,0.0095836315,0.9880327,0.0023836659
khanhha_noisy2::Rissbilder_for_Florian_9S6A3098_88_800_3751_4641.jpg,0.04769594,0.93943155,0.012872428
khanhha_noisy2::Rissbilder_for_Florian_9S6A3101_1262_2535_2488_2185.jpg,0.6418608,0.13219951,0.22593978
khanhha_noisy2::Rissbilder_for_Florian_9S6A3101_148_599_2929_2917.jpg,0.4942503,0.4220316,0.08371803
khanhha_noisy2::Rissbilder_for_Florian_9S6A3101_487_946_2726_3042.jpg,0.62341475,0.23960344,0.13698184
khanhha_noisy2::Rissbilder_for_Florian_9S6A3106_108_1927_3275_2664.jpg,0.6384289,0.25682676,0.1047443
khanhha_noisy2::Rissbilder_for_Florian_9S6A3106_228_1483_2823_2920.jpg,0.67798513,0.16342457,0.15859033
khanhha_noisy2::Rissbilder_for_Florian_9S6A3106_310_2925_3257_2813.jpg,0.42459172,0.5027381,0.07267014
khanhha_noisy2::Rissbilder_for_Florian_9S6A3106_333_1784_3162_3278.jpg,0.7087476,0.2024588,0.088793494
khanhha_noisy2::Rissbilder_for_Florian_9S6A3106_521_315_3058_2943.jpg,0.6107404,0.28194067,0.10731894
khanhha_noisy2::Rissbilder_for_Florian_9S6A3106_85_2598_2058_2287.jpg,0.53970915,0.39376572,0.0665251
khanhha_noisy2::Rissbilder_for_Florian_9S6A3106_9_406_3814_4267.jpg,0.7193596,0.20467526,0.07596524
khanhha_noisy2::Rissbilder_for_Florian_9S6A3108_130_372_2601_2517.jpg,0.08029225,0.048053164,0.8716545
khanhha_noisy2::Rissbilder_for_Florian_9S6A3108_134_412_3328_4228.jpg,0.36756346,0.12850457,0.503932
khanhha_noisy2::Rissbilder_for_Florian_9S6A3108_160_1043_3170_3960.jpg,0.20078826,0.056502994,0.7427087
khanhha_noisy2::Rissbilder_for_Florian_9S6A3108_365_3231_2323_2320.jpg,0.15227489,0.055161636,0.7925635
khanhha_noisy2::Rissbilder_for_Florian_9S6A3108_43_1162_3415_3672.jpg,0.20103721,0.05013985,0.7488229
khanhha_noisy2::Rissbilder_for_Florian_9S6A3108_651_10_2896_3045.jpg,0.0686175,0.034187958,0.8971946
khanhha_noisy2::Rissbilder_for_Florian_9S6A3112_1296_2688_2055_2721.jpg,0.11457364,0.2893861,0.5960403
khanhha_noisy2::Rissbilder_for_Florian_9S6A3112_1349_1614_2446_2337.jpg,0.19611502,0.29739636,0.5064886
khanhha_noisy2::Rissbilder_for_Florian_9S6A3117_0_0_3840_5760.jpg,0.6028918,0.18186873,0.2152394
khanhha_noisy2::Rissbilder_for_Florian_9S6A3117_155_109_3546_2785.jpg,0.5491875,0.14264925,0.30816323
khanhha_noisy2::Rissbilder_for_Florian_9S6A3117_911_680_2749_2883.jpg,0.5090234,0.11726245,0.3737141
khanhha_noisy2::Rissbilder_for_Florian_9S6A3121_1095_2665_2007_2602.jpg,0.4824981,0.18725038,0.33025146
khanhha_noisy2::Rissbilder_for_Florian_9S6A3121_224_1466_3238_3220.jpg,0.42880863,0.18410027,0.3870911
khanhha_noisy2::Rissbilder_for_Florian_9S6A3121_408_826_2841_3663.jpg,0.43595278,0.24709798,0.31694922
khanhha_noisy2::Rissbilder_for_Florian_9S6A3133_207_186_4184_3281.jpg,0.08214238,0.05414166,0.86371595
khanhha_noisy2::Rissbilder_for_Florian_9S6A3138_115_569_2228_2606.jpg,0.11839743,0.15461835,0.7269842
khanhha_noisy2::Sylvie_Chambon_069.jpg,0.4395981,0.32411706,0.2362848
khanhha_noisy2::Volker_DSC01629_412_54_1933_1766.jpg,0.69701445,0.09540653,0.207579
khanhha_noisy2::Volker_DSC01630_176_437_1360_1040.jpg,0.1339964,0.3201292,0.5458744
khanhha_noisy2::Volker_DSC01630_374_343_1233_1342.jpg,0.14915091,0.34617597,0.5046731
khanhha_noisy2::Volker_DSC01631_2_30_1821_2154.jpg,0.56011456,0.26146826,0.17841719
khanhha_noisy2::Volker_DSC01642_220_63_1843_1585.jpg,0.1266347,0.6404329,0.23293237
khanhha_noisy2::Volker_DSC01648_211_212_1177_955.jpg,0.038023952,0.2392504,0.7227256
khanhha_noisy2::Volker_DSC01661_0_0_1824_2736.jpg,0.48922187,0.068044715,0.44273338
khanhha_noisy2::Volker_DSC01661_290_595_1071_1180.jpg,0.55242735,0.16280992,0.28476274
khanhha_noisy2::Volker_DSC01661_400_1545_1179_1103.jpg,0.7218972,0.04769605,0.23040675
khanhha_noisy2::Volker_DSC01667_0_0_1824_2736.jpg,0.3899595,0.3762188,0.2338217
khanhha_noisy2::Volker_DSC01667_106_338_1708_2132.jpg,0.28669474,0.23788424,0.475421
khanhha_noisy2::Volker_DSC01670_3_833_1821_1836.jpg,0.5190923,0.103845224,0.3770624
khanhha_noisy2::Volker_DSC01670_678_871_1022_989.jpg,0.48793218,0.14534768,0.36672017
khanhha_noisy2::Volker_DSC01678_0_0_1824_2736.jpg,0.5200471,0.39245984,0.08749309
khanhha_noisy2::Volker_DSC01678_14_998_1278_1270.jpg,0.80320394,0.0827126,0.11408348
khanhha_noisy2::Volker_DSC01678_282_907_1086_1149.jpg,0.77971244,0.05470448,0.16558306
khanhha_noisy2::Volker_DSC01686_297_570_1208_1271.jpg,0.33628643,0.30633637,0.3573772
khanhha_noisy2::Volker_DSC01690_763_1051_1043_1097.jpg,0.6265372,0.15032949,0.22313324
khanhha_noisy2::Volker_DSC01691_35_741_1602_1808.jpg,0.82895404,0.07924294,0.09180299
khanhha_noisy2::Volker_DSC01691_6_526_1388_1598.jpg,0.5632074,0.18119162,0.25560093
khanhha_noisy2::Volker_DSC01701_103_539_1579_1680.jpg,0.79585004,0.062033962,0.14211597
khanhha_noisy2::cracktree200_6258.jpg,0.64874375,0.30865002,0.04260619
khanhha_noisy2::cracktree200_6266.jpg,0.40434855,0.4719775,0.12367395
khanhha_noisy2::cracktree200_6278.jpg,0.5986798,0.32392442,0.07739579
khanhha_noisy2::cracktree200_6297.jpg,0.841007,0.14813031,0.010862674
khanhha_noisy2::cracktree200_6298.jpg,0.11568344,0.86803967,0.016276874
khanhha_noisy2::cracktree200_6710.jpg,0.7718364,0.17965697,0.048506558
khanhha_noisy2::forest_018.jpg,0.13971896,0.52016085,0.34012014
khanhha_noisy2::forest_054.jpg,0.08633776,0.12796745,0.7856948
khanhha_noisy2::forest_117.jpg,0.4171677,0.22750351,0.35532886
khanhha_noisy2::noncrack_noncrack_concrete_wall_102_5.jpg.jpg,0.0021789437,0.9931379,0.004683098
khanhha_noisy2::noncrack_noncrack_concrete_wall_15_5.jpg.jpg,0.030293973,0.9655307,0.004175402
khanhha_noisy2::noncrack_noncrack_concrete_wall_15_7.jpg.jpg,0.015873795,0.97751415,0.006612129
khanhha_noisy2::noncrack_noncrack_concrete_wall_20_1.jpg.jpg,0.0066976766,0.98901176,0.0042906334
khanhha_noisy2::noncrack_noncrack_concrete_wall_20_15.jpg.jpg,0.011809907,0.98368883,0.004501319
khanhha_noisy2::noncrack_noncrack_concrete_wall_20_32.jpg.jpg,0.0044147153,0.99272776,0.0028575466
khanhha_noisy2::noncrack_noncrack_concrete_wall_20_52.jpg.jpg,0.00493051,0.99182373,0.003245727
khanhha_noisy2::noncrack_noncrack_concrete_wall_20_54.jpg.jpg,0.0022546833,0.9960395,0.0017058128
khanhha_noisy2::noncrack_noncrack_concrete_wall_20_59.jpg.jpg,0.003073116,0.99511343,0.00181341
khanhha_noisy2::noncrack_noncrack_concrete_wall_20_62.jpg.jpg,0.0045394935,0.99153554,0.0039249435
khanhha_noisy2::noncrack_noncrack_concrete_wall_20_68.jpg.jpg,0.0036163528,0.9935122,0.0028714563
khanhha_noisy2::noncrack_noncrack_concrete_wall_20_70.jpg.jpg,0.007119912,0.98980755,0.0030725976
khanhha_noisy2::noncrack_noncrack_concrete_wall_35_4.jpg.jpg,0.0009504417,0.99833494,0.00071467867
khanhha_noisy2::noncrack_noncrack_concrete_wall_3_2.jpg.jpg,0.00050709303,0.998765,0.00072798814
khanhha_noisy2::noncrack_noncrack_concrete_wall_44_0.jpg.jpg,0.027641501,0.92476517,0.04759325
khanhha_noisy2::noncrack_noncrack_concrete_wall_44_4.jpg.jpg,0.036549184,0.92231774,0.04113302
khanhha_noisy2::noncrack_noncrack_concrete_wall_46_8.jpg.jpg,0.003819287,0.9956728,0.00050785777
khanhha_noisy2::noncrack_noncrack_concrete_wall_48_0.jpg.jpg,0.034695055,0.9625914,0.0027135008
khanhha_noisy2::noncrack_noncrack_concrete_wall_48_1.jpg.jpg,0.040446494,0.953919,0.005634462
khanhha_noisy2::noncrack_noncrack_concrete_wall_48_5.jpg.jpg,0.033802018,0.9603944,0.0058036377
khanhha_noisy2::noncrack_noncrack_concrete_wall_59_0.jpg.jpg,0.00015395065,0.9997719,7.408051e-05
khanhha_noisy2::noncrack_noncrack_concrete_wall_59_3.jpg.jpg,0.00012153299,0.9997986,7.987723e-05
khanhha_noisy2::noncrack_noncrack_concrete_wall_65_0.jpg.jpg,0.001501787,0.9904142,0.008084007
khanhha_noisy2::noncrack_noncrack_concrete_wall_65_10.jpg.jpg,0.0015824242,0.99184036,0.0065770904
khanhha_noisy2::noncrack_noncrack_concrete_wall_68_0.jpg.jpg,0.0036078808,0.98124343,0.015148581
khanhha_noisy2::noncrack_noncrack_concrete_wall_68_1.jpg.jpg,0.0066013746,0.9677,0.025698612
khanhha_noisy2::noncrack_noncrack_concrete_wall_74_10.jpg.jpg,0.044017807,0.9290071,0.02697517
khanhha_noisy2::noncrack_noncrack_concrete_wall_82_14.jpg.jpg,0.00086523977,0.99822456,0.000910256
khanhha_noisy2::noncrack_noncrack_concrete_wall_82_23.jpg.jpg,0.001536546,0.99733365,0.0011298646
khanhha_noisy2::noncrack_noncrack_concrete_wall_82_24.jpg.jpg,0.0007387822,0.99846005,0.000801128
khanhha_noisy2::noncrack_noncrack_concrete_wall_82_27.jpg.jpg,0.0010254384,0.99795413,0.0010203321
khanhha_noisy2::noncrack_noncrack_concrete_wall_82_32.jpg.jpg,0.0014148634,0.9973923,0.0011928208
khanhha_noisy2::noncrack_noncrack_concrete_wall_82_4.jpg.jpg,0.00040859642,0.99932444,0.00026693416
khanhha_noisy2::noncrack_noncrack_concrete_wall_82_5.jpg.jpg,0.0003954422,0.9993542,0.00025043334
khanhha_noisy2::noncrack_noncrack_concrete_wall_86_1.jpg.jpg,0.002163884,0.99154,0.006296117
khanhha_noisy2::noncrack_noncrack_concrete_wall_86_2.jpg.jpg,0.0014038379,0.9951024,0.0034937174
khanhha_noisy2::noncrack_noncrack_concrete_wall_93_5.jpg.jpg,0.0015862448,0.9961504,0.0022634254
khanhha_noisy2::noncrack_noncrack_concrete_wall_96_1.jpg.jpg,0.0030770393,0.9929807,0.003942114
khanhha_noisy2::noncrack_noncrack_concrete_wall_96_12.jpg.jpg,0.0020081992,0.99559903,0.0023927519
khanhha_noisy2::noncrack_noncrack_concrete_wall_96_2.jpg.jpg,0.0030722946,0.9930744,0.003853247
khanhha_noisy2::noncrack_noncrack_concrete_wall_96_27.jpg.jpg,0.0019173041,0.9955057,0.0025769826
road420::2023_10_30_15_44_IMG_5889.jpg,0.4612292,0.4185957,0.12017514
road420::2023_10_30_15_48_IMG_5896.jpg,0.32635584,0.042448748,0.6311954
road420::2023_10_30_15_53_IMG_5914.jpg,0.33572823,0.061590973,0.6026808
road420::2023_10_30_15_55_IMG_5917.jpg,0.5238013,0.026898427,0.44930017
road420::2023_10_30_15_57_IMG_5922.jpg,0.019699302,0.040407322,0.9398934
road420::2023_10_30_16_17_IMG_5942.jpg,0.20716614,0.025259256,0.7675746
road420::2023_10_30_16_17_IMG_5944.jpg,0.6243517,0.06436604,0.31128234
road420::2023_10_30_16_21_IMG_5960.jpg,0.11211732,0.079400614,0.8084821
road420::2023_10_30_16_22_IMG_5963.jpg,0.45995805,0.14079681,0.3992452
road420::2023_10_30_16_30_IMG_5989.jpg,0.33840603,0.01669587,0.6448981
road420::2023_10_30_16_31_IMG_5992.jpg,0.74440825,0.021750024,0.23384172
road420::2023_10_30_16_32_IMG_5995.jpg,0.051614005,0.025523335,0.9228626
road420::2023_10_30_16_40_IMG_6019.jpg,0.21018547,0.027433455,0.762381
road420::2023_10_30_16_41_IMG_6022.jpg,0.06409599,0.013581628,0.9223224
road420::2023_10_30_16_41_IMG_6024.jpg,0.1847791,0.026118197,0.7891027
road420::2023_10_30_16_43_IMG_6031.jpg,0.04122484,0.04601361,0.9127615
road420::2023_10_30_16_46_IMG_6039.jpg,0.47224393,0.3239517,0.20380439
road420::2023_10_30_16_48_IMG_6051.jpg,0.122884646,0.028082097,0.84903324
road420::2023_10_30_16_49_IMG_6052.jpg,0.50766146,0.023234949,0.46910354
road420::2023_10_30_16_49_IMG_6054.jpg,0.5004381,0.058602083,0.44095984
road420::2023_10_30_16_57_IMG_6077.jpg,0.078516275,0.036037985,0.8854457
road420::2023_10_30_16_59_IMG_6092.jpg,0.38948584,0.05222424,0.5582899
road420::2023_10_30_17_00_IMG_6098.jpg,0.51781094,0.06285545,0.4193336
road420::2023_10_30_17_00_IMG_6099.jpg,0.5723199,0.06780606,0.35987404
road420::2023_10_30_17_02_IMG_6110.jpg,0.13434425,0.045661744,0.81999403
road420::2023_10_30_17_02_IMG_6113.jpg,0.07878657,0.059701618,0.8615118
road420::2023_10_30_17_03_IMG_6118.jpg,0.13702984,0.06494817,0.79802203
road420::2023_10_30_17_06_IMG_6135.jpg,0.1716934,0.027527936,0.8007786
road420::2023_10_30_17_06_IMG_6136.jpg,0.67641574,0.033689246,0.289895
road420::2023_10_30_17_22_IMG_6149.jpg,0.2792789,0.025040265,0.69568086
road420::2023_10_30_17_27_IMG_6156.jpg,0.13026676,0.046757482,0.8229757
road420::2023_10_30_17_28_IMG_6158.jpg,0.12819241,0.019737009,0.8520706
road420::2023_10_30_17_28_IMG_6159.jpg,0.16902503,0.014914894,0.81606007
road420::2023_10_30_17_28_IMG_6160.jpg,0.14092265,0.012452099,0.8466252
road420::2023_10_30_17_30_IMG_6165.jpg,0.026979243,0.050849218,0.92217153
road420::2023_10_30_17_31_IMG_6171.jpg,0.041522987,0.013464519,0.94501245
road420::2023_10_30_17_33_IMG_6180.jpg,0.075999685,0.0506534,0.8733469
road420::2023_10_30_17_35_IMG_6186.jpg,0.019075971,0.020832436,0.9600916
road420::2023_10_30_17_36_IMG_6193.jpg,0.10571056,0.06929667,0.8249928
road420::2023_10_31_13_39_IMG_6213.jpg,0.20293716,0.18932688,0.60773593
road420::2023_10_31_13_46_IMG_6220.jpg,0.56198037,0.1931596,0.24486004
road420::2023_10_31_13_58_IMG_6229.jpg,0.14736286,0.02729462,0.82534254
road420::2023_10_31_14_10_IMG_6235.jpg,0.6293464,0.011719778,0.35893387
road420::2023_10_31_14_14_IMG_6236.jpg,0.843079,0.015267409,0.14165366
road420::2023_10_31_14_26_IMG_6249.jpg,0.66028106,0.072371215,0.26734772
road420::2023_10_31_14_27_IMG_6254.jpg,0.69668573,0.06245028,0.24086404
road420::2023_10_31_14_31_IMG_6268.jpg,0.8245519,0.009791212,0.16565697
road420::2023_10_31_14_37_IMG_6278.jpg,0.5121714,0.010084759,0.47774386
road420::2023_10_31_14_38_IMG_6279.jpg,0.56030554,0.0047394433,0.434955
road420::2023_10_31_14_42_IMG_6286.jpg,0.7813852,0.017036578,0.20157832
road420::2023_11_01_20_31_IMG_6350.jpg,0.6275711,0.02269543,0.34973347
road420::2023_11_01_20_36_IMG_6357.jpg,0.026701976,0.04506707,0.92823094
road420::2023_11_01_20_39_IMG_6363.jpg,0.54684466,0.1256844,0.32747093
road420::2023_11_01_20_43_IMG_6370.jpg,0.26826307,0.28121236,0.45052463
road420::2023_11_01_20_48_IMG_6375.jpg,0.40459844,0.010492931,0.58490866
road420::2023_11_01_20_49_IMG_6377.jpg,0.77416956,0.004773602,0.22105683
road420::2023_11_05_21_01_IMG_6443.jpg,0.34883007,0.037823636,0.6133463
road420::2023_11_05_21_03_IMG_6446.jpg,0.48056978,0.13564032,0.3837899
road420::2023_11_05_21_03_IMG_6447.jpg,0.3994186,0.019081723,0.58149964
road420::2023_11_05_21_09_IMG_6459.jpg,0.23291606,0.01881653,0.7482674
road420::2023_11_05_21_13_IMG_6461.jpg,0.101651736,0.012065168,0.88628304
road420::2023_11_05_21_16_IMG_6467.jpg,0.076517805,0.08288547,0.84059674
road420::2023_11_05_21_22_IMG_6476.jpg,0.18033108,0.013693045,0.80597585
road420::2023_11_05_21_23_IMG_6478.jpg,0.10708861,0.038295988,0.8546154
road420::2023_11_05_21_24_IMG_6482.jpg,0.044462316,0.014979378,0.9405583
road420::2023_11_05_21_26_IMG_6487.jpg,0.021406053,0.027292721,0.95130116
road420::2023_11_05_21_26_IMG_6488.jpg,0.04182312,0.037025128,0.9211517
road420::2023_11_05_21_28_IMG_6494.jpg,0.37590298,0.0074973362,0.6165997
road420::2023_11_05_21_31_IMG_6502.jpg,0.040919703,0.053700242,0.9053801
road420::2023_11_05_21_31_IMG_6503.jpg,0.04090711,0.02394632,0.9351466
road420::2023_11_05_21_37_IMG_6514.jpg,0.36702707,0.014499758,0.6184732
road420::2023_11_05_21_39_IMG_6517.jpg,0.5524325,0.08219676,0.36537072
road420::2023_11_05_21_40_IMG_6522.jpg,0.058327656,0.09213329,0.849539
road420::2023_11_05_21_44_IMG_6531.jpg,0.5387638,0.046335872,0.41490024
facade390::DJ_Wall_10.JPG,0.32218087,0.052314077,0.62550503
facade390::DJ_Wall_101.JPG,0.41620559,0.42353955,0.1602549
facade390::DJ_Wall_102.JPG,0.49381253,0.03643258,0.46975484
facade390::DJ_Wall_103.JPG,0.6475391,0.28618512,0.06627575
facade390::DJ_Wall_107.JPG,0.5282709,0.024424465,0.4473046
facade390::DJ_Wall_112.JPG,0.79202825,0.048104018,0.15986773
facade390::DJ_Wall_118.JPG,0.35100016,0.050272305,0.5987276
facade390::DJ_Wall_119.JPG,0.44430742,0.061778508,0.493914
facade390::DJ_Wall_121.JPG,0.8409635,0.041307986,0.11772858
facade390::DJ_Wall_133.JPG,0.93658143,0.018986128,0.044432387
facade390::DJ_Wall_137.JPG,0.86685437,0.05347583,0.079669826
facade390::DJ_Wall_148.JPG,0.97092336,0.014180201,0.014896473
facade390::DJ_Wall_15.JPG,0.28538862,0.39676872,0.31784263
facade390::DJ_Wall_150.JPG,0.7233948,0.25317276,0.023432393
facade390::DJ_Wall_151.JPG,0.5726398,0.41237873,0.014981445
facade390::DJ_Wall_166.JPG,0.9071684,0.02861725,0.064214356
facade390::DJ_Wall_167.JPG,0.9868571,0.008049931,0.005092944
facade390::DJ_Wall_174.JPG,0.95124036,0.025276972,0.023482677
facade390::DJ_Wall_176.JPG,0.95360506,0.021614287,0.024780642
facade390::DJ_Wall_179.JPG,0.9794326,0.004453983,0.016113508
facade390::DJ_Wall_18.JPG,0.018917264,0.025465783,0.95561695
facade390::DJ_Wall_183.JPG,0.96532357,0.01135672,0.023319751
facade390::DJ_Wall_188.JPG,0.90605813,0.03924519,0.05469667
facade390::DJ_Wall_19.JPG,0.11933319,0.39465067,0.48601612
facade390::DJ_Wall_191.JPG,0.97015417,0.010457215,0.019388579
facade390::DJ_Wall_199.JPG,0.38865924,0.12267055,0.48867023
facade390::DJ_Wall_200.JPG,0.22386296,0.3267753,0.4493617
facade390::DJ_Wall_201.JPG,0.4928177,0.06907519,0.4381071
facade390::DJ_Wall_213.JPG,0.21444845,0.013468621,0.772083
facade390::DJ_Wall_22.JPG,0.17922437,0.09778592,0.7229897
facade390::DJ_Wall_220.JPG,0.29835325,0.023251059,0.67839575
facade390::DJ_Wall_222.JPG,0.8054713,0.021321218,0.1732075
facade390::DJ_Wall_223.JPG,0.5942636,0.023619225,0.38211718
facade390::DJ_Wall_227.JPG,0.26458737,0.022156795,0.7132558
facade390::DJ_Wall_230.JPG,0.38164634,0.03436629,0.5839874
facade390::DJ_Wall_24.JPG,0.41084912,0.071625,0.51752585
facade390::DJ_Wall_241.JPG,0.7624016,0.043163463,0.19443494
facade390::DJ_Wall_243.JPG,0.1421548,0.0060430393,0.8518022
facade390::DJ_Wall_246.JPG,0.73528725,0.028460562,0.23625211
facade390::DJ_Wall_247.JPG,0.10872111,0.0018388691,0.88944006
facade390::DJ_Wall_255.JPG,0.034798447,0.0052430322,0.9599585
facade390::DJ_Wall_263.JPG,0.045239016,0.02630324,0.92845774
facade390::DJ_Wall_268.JPG,0.7679619,0.029822623,0.20221545
facade390::DJ_Wall_27.JPG,0.47793102,0.07727019,0.4447988
facade390::DJ_Wall_275.JPG,0.87584007,0.018110732,0.10604914
facade390::DJ_Wall_279.JPG,0.74932235,0.08058152,0.17009614
facade390::DJ_Wall_281.JPG,0.9182206,0.024204107,0.057575252
facade390::DJ_Wall_282.JPG,0.83050215,0.02081643,0.14868154
facade390::DJ_Wall_289.JPG,0.54253054,0.049152113,0.40831742
facade390::DJ_Wall_292.JPG,0.77335364,0.07790215,0.14874414
facade390::DJ_Wall_299.JPG,0.900706,0.039687093,0.059606854
facade390::DJ_Wall_304.JPG,0.8861793,0.07788652,0.035934117
facade390::DJ_Wall_310.JPG,0.55920815,0.18910645,0.25168535
facade390::DJ_Wall_313.JPG,0.057097707,0.034546513,0.90835583
facade390::DJ_Wall_318.JPG,0.6475976,0.08367045,0.26873195
facade390::DJ_Wall_322.JPG,0.49802065,0.2810615,0.2209179
facade390::DJ_Wall_328.JPG,0.5258804,0.31108916,0.16303046
facade390::DJ_Wall_329.JPG,0.5805036,0.10967823,0.3098182
facade390::DJ_Wall_337.JPG,0.6586047,0.113823965,0.22757141
facade390::DJ_Wall_34.JPG,0.14910291,0.503685,0.3472121
facade390::DJ_Wall_341.JPG,0.88003665,0.075744905,0.04421838
facade390::DJ_Wall_349.JPG,0.098045915,0.029408593,0.8725455
facade390::DJ_Wall_352.JPG,0.2324722,0.2957622,0.47176552
facade390::DJ_Wall_354.JPG,0.22627611,0.1913827,0.58234125
facade390::DJ_Wall_356.JPG,0.4559438,0.10871245,0.4353438
facade390::DJ_Wall_36.JPG,0.17802455,0.023959257,0.79801625
facade390::DJ_Wall_361.JPG,0.14827578,0.16404293,0.6876813
facade390::DJ_Wall_362.JPG,0.2026746,0.22592701,0.5713984
facade390::DJ_Wall_371.JPG,0.495222,0.25862262,0.24615538
facade390::DJ_Wall_379.JPG,0.16631715,0.81074774,0.02293511
facade390::DJ_Wall_383.JPG,0.59674686,0.1720598,0.2311933
facade390::DJ_Wall_4.JPG,0.20248522,0.66970694,0.12780783
facade390::DJ_Wall_51.JPG,0.5682895,0.075958006,0.3557524
facade390::DJ_Wall_52.JPG,0.33606017,0.019986833,0.64395297
facade390::DJ_Wall_70.JPG,0.24316514,0.033964515,0.72287035
facade390::DJ_Wall_73.JPG,0.41082454,0.013954131,0.57522136
facade390::DJ_Wall_76.JPG,0.28062478,0.032716878,0.6866583
facade390::DJ_Wall_79.JPG,0.094058,0.67835176,0.22759025
facade390::DJ_Wall_81.JPG,0.15029556,0.14486739,0.704837
facade390::DJ_Wall_93.JPG,0.5117021,0.04890492,0.43939295
concrete3k::011_5.jpg,0.7627152,0.13109939,0.10618537
concrete3k::017_0.jpg,0.16180892,0.029423269,0.80876774
concrete3k::017_20.jpg,0.14472686,0.018892888,0.83638024
concrete3k::017_24.jpg,0.1139494,0.034522235,0.8515283
concrete3k::017_28.jpg,0.08321243,0.01607152,0.900716
concrete3k::017_36.jpg,0.23064314,0.10317274,0.6661841
concrete3k::017_44.jpg,0.16562377,0.18555471,0.6488215
concrete3k::017_8.jpg,0.08202043,0.031351265,0.88662827
concrete3k::021_13.jpg,0.17920746,0.097295195,0.72349733
concrete3k::021_29.jpg,0.7446406,0.11548202,0.13987738
concrete3k::021_37.jpg,0.46152365,0.19564429,0.3428321
concrete3k::021_38.jpg,0.21594565,0.13503769,0.6490167
concrete3k::021_4.jpg,0.5292058,0.15740472,0.31338954
concrete3k::021_46.jpg,0.5828283,0.16754824,0.24962349
concrete3k::030_17.jpg,0.6226907,0.10177673,0.27553257
concrete3k::030_21.jpg,0.07598591,0.07520946,0.84880465
concrete3k::030_26.jpg,0.15965737,0.112115875,0.7282268
concrete3k::030_29.jpg,0.7104428,0.059021264,0.23053592
concrete3k::030_30.jpg,0.36679152,0.032564275,0.6006442
concrete3k::031_18.jpg,0.4240413,0.036594976,0.53936374
concrete3k::031_19.jpg,0.052772615,0.058157075,0.88907033
concrete3k::031_26.jpg,0.36218515,0.060087085,0.57772774
concrete3k::031_27.jpg,0.5945746,0.12032025,0.2851052
concrete3k::031_28.jpg,0.23775561,0.05022789,0.71201646
concrete3k::031_29.jpg,0.5597717,0.05936776,0.38086054
concrete3k::031_31.jpg,0.2368499,0.017624177,0.7455259
concrete3k::034_10.jpg,0.5027562,0.3293743,0.16786951
concrete3k::034_11.jpg,0.47689003,0.3041416,0.21896844
concrete3k::034_19.jpg,0.4429007,0.3476965,0.20940287
concrete3k::034_2.jpg,0.3242721,0.25381178,0.42191613
concrete3k::034_28.jpg,0.31038967,0.3656944,0.323916
concrete3k::034_37.jpg,0.3486893,0.4717479,0.17956276
concrete3k::034_45.jpg,0.3797441,0.3635857,0.2566702
concrete3k::034_46.jpg,0.4297227,0.23812252,0.33215484
concrete3k::042_17.jpg,0.52402776,0.26538846,0.21058376
concrete3k::042_28.jpg,0.47193888,0.25298896,0.27507216
concrete3k::042_37.jpg,0.41011673,0.24731134,0.3425719
concrete3k::046_10.jpg,0.5287023,0.14762023,0.32367745
concrete3k::046_11.jpg,0.0718429,0.70377785,0.22437933
concrete3k::046_27.jpg,0.25047287,0.30092788,0.44859922
concrete3k::046_29.jpg,0.47775567,0.22925562,0.29298872
concrete3k::046_3.jpg,0.12302292,0.035314444,0.8416627
concrete3k::046_35.jpg,0.22837453,0.16860777,0.6030177
concrete3k::046_39.jpg,0.53790337,0.25480333,0.2072933
concrete3k::046_43.jpg,0.16991043,0.08801421,0.7420753
concrete3k::046_44.jpg,0.072754554,0.06392677,0.8633187
concrete3k::046_8.jpg,0.45453036,0.3683984,0.17707115
concrete3k::046_9.jpg,0.1890289,0.534384,0.27658716
concrete3k::049_18.jpg,0.60909754,0.29936725,0.09153524
concrete3k::049_19.jpg,0.1719857,0.46486336,0.36315098
concrete3k::049_22.jpg,0.40758267,0.16548644,0.42693084
concrete3k::049_23.jpg,0.6148869,0.14571768,0.23939538
concrete3k::049_26.jpg,0.31600985,0.5325973,0.15139283
concrete3k::049_27.jpg,0.27247298,0.49621224,0.23131481
concrete3k::049_28.jpg,0.35794586,0.43893275,0.20312138
concrete3k::053_1.jpg,0.8100901,0.12054396,0.06936592
concrete3k::053_10.jpg,0.6367991,0.25999552,0.10320533
concrete3k::053_28.jpg,0.63788986,0.13292848,0.22918162
concrete3k::053_29.jpg,0.53181964,0.17520884,0.2929715
concrete3k::053_36.jpg,0.09422722,0.039744075,0.8660287
concrete3k::053_38.jpg,0.6656683,0.1561097,0.17822203
concrete3k::053_46.jpg,0.43747202,0.18505771,0.37747037
concrete3k::053_47.jpg,0.6642009,0.20403554,0.13176358
concrete3k::068_12.jpg,0.14413859,0.12819593,0.7276655
concrete3k::068_15.jpg,0.30154756,0.036642935,0.6618095
concrete3k::068_21.jpg,0.5315638,0.19137333,0.27706286
concrete3k::068_26.jpg,0.5490863,0.288077,0.16283679
concrete3k::068_27.jpg,0.3052474,0.18782039,0.5069322
concrete3k::068_32.jpg,0.5152326,0.2740799,0.21068749
concrete3k::068_37.jpg,0.07917212,0.019922005,0.90090585
concrete3k::068_40.jpg,0.6038915,0.095374234,0.30073428
concrete3k::074_20.jpg,0.1873267,0.22052248,0.59215087
concrete3k::074_21.jpg,0.33897868,0.057821095,0.60320026
concrete3k::074_22.jpg,0.5574115,0.09457689,0.34801167
concrete3k::074_23.jpg,0.5239327,0.12538259,0.35068467
concrete3k::074_33.jpg,0.7649428,0.12049242,0.11456482
concrete3k::074_35.jpg,0.45979083,0.39593175,0.14427741
concrete3k::074_40.jpg,0.05533411,0.03277483,0.91189104
concrete3k::074_42.jpg,0.20605278,0.09625363,0.6976935
concrete3k::074_43.jpg,0.25306767,0.037609976,0.7093224
concrete3k::078_17.jpg,0.16763407,0.31518498,0.5171809
concrete3k::078_19.jpg,0.38457716,0.17918618,0.43623668
concrete3k::078_20.jpg,0.31565538,0.20131756,0.48302698
concrete3k::078_24.jpg,0.7274508,0.1647,0.10784926
concrete3k::078_26.jpg,0.30479753,0.08122578,0.61397666
concrete3k::078_27.jpg,0.3122888,0.19564386,0.4920673
concrete3k::078_31.jpg,0.23426716,0.2923824,0.47335052
concrete3k::078_9.jpg,0.34884197,0.17249855,0.47865948
concrete3k::089_28.jpg,0.6041781,0.19407016,0.20175174
concrete3k::089_36.jpg,0.71318156,0.14512505,0.14169346
concrete3k::089_43.jpg,0.75836146,0.042695746,0.19894275
concrete3k::089_5.jpg,0.18899615,0.058302715,0.7527012
concrete3k::093_11.jpg,0.42201206,0.24240074,0.33558717
concrete3k::093_20.jpg,0.3697481,0.255532,0.37471995
concrete3k::093_28.jpg,0.2025811,0.16258936,0.6348295
concrete3k::093_29.jpg,0.30181974,0.16124244,0.5369378
concrete3k::093_3.jpg,0.5856142,0.11015524,0.30423057
concrete3k::093_36.jpg,0.2553591,0.17896833,0.5656726
concrete3k::093_37.jpg,0.3289926,0.36181572,0.30919164
concrete3k::093_4.jpg,0.38905793,0.21412544,0.3968167
concrete3k::093_45.jpg,0.30929673,0.41806224,0.27264094
concrete3k::096_13.jpg,0.35311154,0.14881691,0.49807164
concrete3k::096_28.jpg,0.36138955,0.33800074,0.3006097
concrete3k::096_36.jpg,0.3683748,0.23327495,0.39835027
concrete3k::097_13.jpg,0.653632,0.13466905,0.21169892
concrete3k::097_14.jpg,0.6080716,0.08870878,0.30321962
concrete3k::097_21.jpg,0.510948,0.31913015,0.16992185
concrete3k::097_29.jpg,0.18695964,0.47609174,0.3369486
concrete3k::097_37.jpg,0.42771944,0.2120948,0.3601858
concrete3k::097_39.jpg,0.44956598,0.08013319,0.47030076
concrete3k::097_45.jpg,0.17113209,0.61942446,0.2094434
concrete3k::097_46.jpg,0.2352807,0.16651104,0.5982083
concrete3k::097_6.jpg,0.8299926,0.104350954,0.06565645
concrete3k::103_10.jpg,0.48007303,0.13932556,0.38060144
concrete3k::103_17.jpg,0.5146758,0.13201727,0.3533069
concrete3k::103_19.jpg,0.3588351,0.15234521,0.48881966
concrete3k::103_31.jpg,0.20496316,0.46322832,0.3318085
concrete3k::103_32.jpg,0.68650347,0.16854382,0.14495264
concrete3k::103_33.jpg,0.57506883,0.10277111,0.32216007
concrete3k::103_9.jpg,0.65162706,0.16424073,0.18413219
concrete3k::105_27.jpg,0.4152133,0.35352045,0.23126628
concrete3k::105_28.jpg,0.16216233,0.5402902,0.29754746
concrete3k::105_31.jpg,0.36111444,0.43971547,0.19917002
concrete3k::105_34.jpg,0.28397933,0.19034243,0.5256783
concrete3k::105_38.jpg,0.2935251,0.08595132,0.62052363
concrete3k::105_40.jpg,0.19969162,0.31343368,0.48687473
concrete3k::112_20.jpg,0.63210255,0.22787024,0.14002714
concrete3k::112_24.jpg,0.43720958,0.116795465,0.4459949
concrete3k::112_26.jpg,0.2805058,0.14404292,0.5754512
concrete3k::112_28.jpg,0.46620414,0.089861974,0.44393387
concrete3k::112_29.jpg,0.3470823,0.378134,0.2747837
concrete3k::112_31.jpg,0.50755805,0.12976985,0.3626721
concrete3k::117_16.jpg,0.7146409,0.06596407,0.21939507
concrete3k::117_22.jpg,0.6785465,0.06090839,0.26054507
concrete3k::117_29.jpg,0.24492873,0.42493883,0.33013242
concrete3k::117_37.jpg,0.5019944,0.10005211,0.39795354
concrete3k::117_39.jpg,0.66245747,0.05942339,0.27811915
concrete3k::117_9.jpg,0.3704169,0.22346874,0.40611437
concrete3k::118_16.jpg,0.81145716,0.06498728,0.123555504
concrete3k::118_20.jpg,0.71588826,0.08907094,0.19504079
concrete3k::118_24.jpg,0.55304927,0.11469987,0.33225086
concrete3k::118_28.jpg,0.5849286,0.2087156,0.20635584
concrete3k::118_29.jpg,0.335477,0.3808542,0.28366888
concrete3k::118_33.jpg,0.7581208,0.06244573,0.17943351
concrete3k::127_16.jpg,0.13795057,0.18755966,0.6744898
concrete3k::127_17.jpg,0.5664883,0.17742182,0.25608987
concrete3k::127_18.jpg,0.8355262,0.09063436,0.07383945
concrete3k::127_22.jpg,0.8041534,0.04398945,0.15185723
concrete3k::127_23.jpg,0.7851002,0.059681438,0.15521838
concrete3k::127_27.jpg,0.44683737,0.45500067,0.09816191
concrete3k::127_28.jpg,0.45035067,0.1332138,0.41643548
concrete3k::127_8.jpg,0.55382776,0.10416637,0.34200585
concrete3k::134_1.jpg,0.12823439,0.16794662,0.703819
concrete3k::134_10.jpg,0.53428257,0.18379772,0.28191978
concrete3k::134_19.jpg,0.4839884,0.24095935,0.2750522
concrete3k::134_2.jpg,0.7071024,0.08977617,0.2031214
concrete3k::134_36.jpg,0.41300753,0.18640047,0.400592
concrete3k::134_37.jpg,0.19584082,0.2850195,0.51913965
concrete3k::134_38.jpg,0.24346972,0.30559528,0.45093498
concrete3k::134_9.jpg,0.15231374,0.10035494,0.7473313
concrete3k::143_12.jpg,0.23623939,0.14084162,0.6229191
concrete3k::143_13.jpg,0.13832943,0.038420476,0.82325006
concrete3k::143_15.jpg,0.18495908,0.05081627,0.76422465
concrete3k::143_20.jpg,0.42828903,0.11358734,0.45812365
concrete3k::143_21.jpg,0.07089887,0.020218417,0.9088827
concrete3k::143_23.jpg,0.24013348,0.16677608,0.5930904
concrete3k::143_28.jpg,0.27516937,0.18759769,0.5372329
concrete3k::143_3.jpg,0.47992522,0.2505079,0.26956686
concrete3k::143_36.jpg,0.54728585,0.17198813,0.28072605
concrete3k::169_25.jpg,0.6362178,0.12309159,0.24069059
concrete3k::169_26.jpg,0.79933983,0.106929265,0.09373084
concrete3k::169_28.jpg,0.728237,0.09379808,0.17796497
concrete3k::169_29.jpg,0.7934007,0.10354653,0.103052855
concrete3k::169_31.jpg,0.7286584,0.03529852,0.23604314
concrete3k::169_37.jpg,0.51868695,0.12284694,0.3584661
concrete3k::169_38.jpg,0.68014723,0.07794746,0.24190539
concrete3k::175_20.jpg,0.38026914,0.21227105,0.40745986
concrete3k::175_22.jpg,0.37926844,0.18152378,0.43920785
concrete3k::175_23.jpg,0.71832365,0.09087384,0.19080247
concrete3k::175_25.jpg,0.44879597,0.33132517,0.21987893
concrete3k::177_21.jpg,0.21282288,0.4244302,0.36274695
concrete3k::177_22.jpg,0.09933703,0.37913266,0.52153033
concrete3k::177_25.jpg,0.4182232,0.2369751,0.3448017
concrete3k::177_26.jpg,0.09977741,0.44794458,0.45227805
concrete3k::181_20.jpg,0.22110538,0.1015371,0.6773575
concrete3k::181_24.jpg,0.6441155,0.12916005,0.22672443
concrete3k::181_25.jpg,0.58562434,0.23987325,0.17450243
concrete3k::181_27.jpg,0.5277774,0.16774629,0.30447626
concrete3k::181_28.jpg,0.52565837,0.16960052,0.30474108
concrete3k::181_29.jpg,0.5627383,0.14041334,0.2968483
concrete3k::181_30.jpg,0.5755426,0.14770067,0.27675673
concrete3k::186_0.jpg,0.5522503,0.08954626,0.35820344
concrete3k::186_1.jpg,0.39806315,0.23201898,0.36991778
concrete3k::186_10.jpg,0.35772908,0.3914791,0.25079185
concrete3k::186_18.jpg,0.2759843,0.5526166,0.17139906
concrete3k::186_19.jpg,0.15888213,0.31504157,0.5260763
concrete3k::186_20.jpg,0.23152843,0.3670355,0.40143603
concrete3k::186_30.jpg,0.20662482,0.31602988,0.47734538
concrete3k::186_9.jpg,0.3037117,0.42295006,0.2733382
concrete3k::187_16.jpg,0.4496401,0.20302945,0.34733042
concrete3k::187_18.jpg,0.15385361,0.27706,0.56908643
concrete3k::187_20.jpg,0.4206232,0.11078795,0.46858883
concrete3k::187_30.jpg,0.4935741,0.17057197,0.33585396
concrete3k::188_14.jpg,0.3591931,0.112149574,0.5286574
concrete3k::188_15.jpg,0.51829684,0.104834,0.37686914
concrete3k::188_17.jpg,0.41640267,0.15523933,0.42835808
concrete3k::188_18.jpg,0.4877818,0.14973497,0.3624833
concrete3k::188_20.jpg,0.18699414,0.19476336,0.61824256
concrete3k::188_21.jpg,0.21744572,0.19036709,0.59218717
concrete3k::188_22.jpg,0.3396612,0.2117451,0.4485937
concrete3k::188_26.jpg,0.48845106,0.101729125,0.4098197
concrete3k::188_32.jpg,0.3151484,0.07188927,0.61296237
concrete3k::197_19.jpg,0.39739847,0.27137646,0.3312251
concrete3k::197_20.jpg,0.52583784,0.11644701,0.35771516
concrete3k::197_24.jpg,0.6325024,0.16521771,0.20227991
concrete3k::197_28.jpg,0.16435571,0.083188534,0.7524557
concrete3k::197_29.jpg,0.18027957,0.18039374,0.6393267
concrete3k::197_31.jpg,0.66648,0.18085152,0.15266848
concrete3k::197_39.jpg,0.16354026,0.019339662,0.8171201
concrete3k::205_17.jpg,0.67716354,0.027037194,0.29579926
concrete3k::205_22.jpg,0.39493582,0.033556204,0.57150793
concrete3k::205_25.jpg,0.17346224,0.13530394,0.6912339
concrete3k::205_26.jpg,0.6244597,0.2331624,0.14237791
concrete3k::205_29.jpg,0.50908816,0.26264948,0.22826242
concrete3k::205_30.jpg,0.54041845,0.09914596,0.3604356
concrete3k::207_0.jpg,0.79048127,0.056612946,0.1529058
concrete3k::207_1.jpg,0.45669752,0.35169047,0.19161204
concrete3k::207_10.jpg,0.43833712,0.31375822,0.2479047
concrete3k::207_12.jpg,0.4203677,0.16750696,0.41212535
concrete3k::207_29.jpg,0.8055148,0.082405694,0.11207949
concrete3k::207_30.jpg,0.19091676,0.21522333,0.5938599
concrete3k::207_38.jpg,0.5394887,0.15670343,0.30380782
concrete3k::207_8.jpg,0.038406976,0.8860517,0.07554129
concrete3k::207_9.jpg,0.26791993,0.5330396,0.19904047
concrete3k::235_18.jpg,0.2956443,0.3058114,0.39854428
concrete3k::235_19.jpg,0.43687704,0.27534825,0.2877747
concrete3k::235_24.jpg,0.4851598,0.18974045,0.32509983
concrete3k::235_25.jpg,0.095453024,0.49655873,0.40798825
concrete3k::235_29.jpg,0.114076786,0.23458073,0.6513425
concrete3k::235_31.jpg,0.589027,0.26237738,0.14859568
concrete3k::235_38.jpg,0.27422395,0.19580635,0.5299697
concrete3k::235_46.jpg,0.38160184,0.2699553,0.34844294
concrete3k::235_47.jpg,0.23000975,0.56592053,0.20406966
concrete3k::240_29.jpg,0.37142769,0.22597185,0.4026004
concrete3k::240_37.jpg,0.17127973,0.50349635,0.32522386
concrete3k::242_17.jpg,0.75374687,0.12925996,0.116993174
concrete3k::242_19.jpg,0.46953505,0.22264408,0.30782086
concrete3k::242_20.jpg,0.20797072,0.32182625,0.470203
concrete3k::242_46.jpg,0.5682434,0.17407864,0.25767797
concrete3k::258_25.jpg,0.80684155,0.08786958,0.105288945
concrete3k::258_30.jpg,0.60809404,0.16464198,0.22726399
concrete3k::258_32.jpg,0.37327325,0.24910131,0.37762538
concrete3k::275_24.jpg,0.8120801,0.06914075,0.1187791
concrete3k::275_25.jpg,0.5332078,0.17743103,0.28936124
concrete3k::275_29.jpg,0.22650263,0.2758912,0.4976061
concrete3k::275_36.jpg,0.19930482,0.5190695,0.28162575
concrete3k::275_39.jpg,0.39356887,0.16822231,0.4382088
concrete3k::280_27.jpg,0.16089477,0.49883613,0.34026915
concrete3k::280_30.jpg,0.14595917,0.3332919,0.520749
concrete3k::280_32.jpg,0.2197432,0.0543787,0.725878
concrete3k::280_33.jpg,0.46839768,0.33819672,0.19340564
concrete3k::280_36.jpg,0.26652375,0.28237116,0.45110512
concrete3k::280_37.jpg,0.36063236,0.19047646,0.44889113
concrete3k::287_20.jpg,0.12055677,0.022908386,0.8565349
concrete3k::287_23.jpg,0.7408037,0.062031135,0.19716522
concrete3k::287_24.jpg,0.09799966,0.079128854,0.8228715
concrete3k::287_27.jpg,0.27657333,0.43839502,0.2850317
concrete3k::287_29.jpg,0.6717515,0.14990716,0.17834136
concrete3k::287_30.jpg,0.19834141,0.47628102,0.32537758
concrete3k::287_9.jpg,0.14665398,0.18057606,0.67276996
concrete3k::288_19.jpg,0.37424484,0.30493683,0.32081836
concrete3k::288_20.jpg,0.268709,0.13895364,0.59233737
concrete3k::288_21.jpg,0.4287028,0.21573868,0.35555843
concrete3k::288_22.jpg,0.33241257,0.23056856,0.43701893
concrete3k::288_23.jpg,0.1698808,0.1398161,0.690303
concrete3k::288_29.jpg,0.62941915,0.15100577,0.21957505
concrete3k::288_30.jpg,0.17514089,0.030668931,0.7941902
concrete3k::288_31.jpg,0.49963728,0.1994678,0.30089495
concrete3k::289_26.jpg,0.23335399,0.2660419,0.5006041
concrete3k::289_29.jpg,0.26350868,0.3079683,0.42852297
concrete3k::289_31.jpg,0.48419625,0.117576405,0.39822733
concrete3k::297_10.jpg,0.060788363,0.014691367,0.9245203
concrete3k::297_21.jpg,0.5924949,0.04178219,0.36572292
concrete3k::297_9.jpg,0.105162494,0.05292155,0.84191597
concrete3k::321_10.jpg,0.6217347,0.020647073,0.3576182
concrete3k::321_15.jpg,0.46124512,0.042741574,0.49601325
concrete3k::321_19.jpg,0.79901814,0.024090463,0.1768914
concrete3k::321_5.jpg,0.3262583,0.01788216,0.6558596
concrete3k::322_10.jpg,0.6101754,0.10254946,0.28727517
concrete3k::322_11.jpg,0.36520532,0.045526013,0.5892687
concrete3k::322_19.jpg,0.82538605,0.054057233,0.12055673
concrete3k::322_9.jpg,0.6224097,0.05995945,0.31763092
concrete3k::358_16.jpg,0.528697,0.2435339,0.22776908
concrete3k::358_17.jpg,0.8874853,0.040782683,0.07173202
concrete3k::358_21.jpg,0.23843598,0.056804575,0.7047595
concrete3k::358_22.jpg,0.8807616,0.045410916,0.07382742
concrete3k::358_25.jpg,0.6680589,0.061561167,0.27038
concrete3k::358_30.jpg,0.72439855,0.107422255,0.16817915
concrete3k::364_15.jpg,0.6622062,0.20343298,0.13436078
concrete3k::364_2.jpg,0.71424675,0.0678673,0.21788599
concrete3k::364_20.jpg,0.36307585,0.4194533,0.21747087
concrete3k::364_26.jpg,0.39056593,0.44766116,0.16177286
concrete3k::364_28.jpg,0.34161484,0.24215135,0.4162338
concrete3k::364_29.jpg,0.42599052,0.2207563,0.35325316
concrete3k::364_33.jpg,0.42444298,0.35328045,0.22227648
concrete3k::364_38.jpg,0.5007751,0.35693938,0.14228556
concrete3k::364_44.jpg,0.8107875,0.0894235,0.099788904
concrete3k::364_8.jpg,0.40999022,0.16476311,0.42524663
concrete3k::374_20.jpg,0.27254438,0.46609184,0.26136377
concrete3k::374_3.jpg,0.54023653,0.30951405,0.15024947
concrete3k::374_38.jpg,0.24153289,0.3981266,0.3603405
concrete3k::374_43.jpg,0.6049574,0.25481546,0.14022718
concrete3k::374_8.jpg,0.20063996,0.43805912,0.36130092
concrete3k::376_10.jpg,0.37708753,0.13398182,0.48893067
concrete3k::376_37.jpg,0.4977,0.16691858,0.33538142
concrete3k::376_8.jpg,0.41622728,0.32076907,0.26300362
concrete3k::380_24.jpg,0.5420057,0.33176643,0.12622784
concrete3k::380_27.jpg,0.28916574,0.44173884,0.26909545
concrete3k::380_28.jpg,0.17031293,0.4818912,0.3477958
concrete3k::402_12.jpg,0.39125592,0.37302744,0.23571661
concrete3k::402_20.jpg,0.36448944,0.24338426,0.3921263
concrete3k::402_21.jpg,0.2877553,0.09882511,0.6134196
concrete3k::402_26.jpg,0.23861419,0.4814103,0.27997553
concrete3k::402_27.jpg,0.2850257,0.5138404,0.20113397
concrete3k::402_35.jpg,0.5197257,0.30405807,0.17621623
concrete3k::402_41.jpg,0.30993006,0.38178322,0.30828673
concrete3k::406_20.jpg,0.30010453,0.44642857,0.25346687
concrete3k::406_26.jpg,0.19406144,0.47778878,0.3281497
concrete3k::406_4.jpg,0.45964915,0.107943475,0.43240735
concrete3k::406_43.jpg,0.5565212,0.19437496,0.24910396
concrete3k::406_5.jpg,0.19070494,0.02416436,0.7851307
concrete3k::406_8.jpg,0.16467527,0.21699381,0.6183309
concrete3k::406_9.jpg,0.39135882,0.45278445,0.15585674
concrete3k::420_22.jpg,0.46355325,0.30085573,0.23559102
concrete3k::420_25.jpg,0.44762838,0.2156733,0.3366983
concrete3k::420_26.jpg,0.27099732,0.21999508,0.50900763
concrete3k::420_37.jpg,0.5267563,0.21217597,0.26106772
concrete3k::420_42.jpg,0.28894714,0.30123043,0.4098224
concrete3k::429_10.jpg,0.3508722,0.4117595,0.23736833
concrete3k::429_14.jpg,0.28014696,0.4960142,0.22383891
concrete3k::429_25.jpg,0.1369823,0.08500833,0.77800936
concrete3k::429_26.jpg,0.32737234,0.40586725,0.26676038
concrete3k::429_5.jpg,0.46766552,0.22551498,0.3068196
concrete3k::429_9.jpg,0.3528121,0.39691997,0.2502679
concrete3k::433_10.jpg,0.39677495,0.23074344,0.3724816
concrete3k::433_16.jpg,0.49476898,0.32268313,0.18254794
concrete3k::433_26.jpg,0.24417958,0.40021092,0.35560954
concrete3k::433_37.jpg,0.23339593,0.44241062,0.32419345
concrete3k::433_38.jpg,0.20253766,0.21592484,0.5815375
concrete3k::433_4.jpg,0.5286554,0.29576626,0.17557825
concrete3k::449_0.jpg,0.55236596,0.172995,0.274639
concrete3k::449_13.jpg,0.42085677,0.14658982,0.4325534
concrete3k::449_19.jpg,0.30515724,0.16982426,0.52501845
concrete3k::449_20.jpg,0.7340415,0.10924617,0.15671238
concrete3k::449_26.jpg,0.28713363,0.10931062,0.6035558
concrete3k::449_33.jpg,0.1987571,0.1199101,0.6813328
concrete3k::449_34.jpg,0.66997385,0.202983,0.12704308
concrete3k::449_41.jpg,0.32508332,0.2036961,0.47122055
concrete3k::449_46.jpg,0.5189918,0.20313212,0.2778761
concrete3k::449_7.jpg,0.613053,0.057669427,0.32927758
concrete3k::451_36.jpg,0.31156406,0.08756481,0.60087115
concrete3k::451_39.jpg,0.45598686,0.123637624,0.42037544
concrete3k::451_40.jpg,0.60566413,0.20796847,0.18636742
concrete3k::451_41.jpg,0.3290832,0.112064205,0.55885255
concrete3k::451_47.jpg,0.6168829,0.20505942,0.17805766
concrete3k::451_7.jpg,0.57170486,0.25528482,0.17301035
concrete3k::456_2.jpg,0.7103723,0.06714637,0.22248128
concrete3k::456_20.jpg,0.43077675,0.14175512,0.42746812
concrete3k::456_33.jpg,0.26923907,0.4001376,0.33062336
concrete3k::456_41.jpg,0.12688963,0.12963054,0.7434798
concrete3k::456_45.jpg,0.6684306,0.16315478,0.16841453
concrete3k::456_46.jpg,0.06510176,0.11378796,0.8211103
concrete3k::456_47.jpg,0.13002983,0.018291496,0.85167867
concrete3k::456_8.jpg,0.70608693,0.16141303,0.13250002
concrete3k::464_10.jpg,0.45983854,0.1864694,0.3536921
concrete3k::464_16.jpg,0.49037278,0.20860066,0.30102655
concrete3k::464_22.jpg,0.3203369,0.22980016,0.4498629
concrete3k::464_28.jpg,0.37868133,0.08150551,0.53981316
concrete3k::464_4.jpg,0.5355434,0.2564766,0.20798002
concrete3k::464_45.jpg,0.116281986,0.6645518,0.2191663
concrete3k::466_15.jpg,0.23184794,0.4641591,0.30399293
concrete3k::466_3.jpg,0.390102,0.30994087,0.29995722
concrete3k::466_32.jpg,0.31485543,0.24167007,0.44347447
concrete3k::466_38.jpg,0.26087922,0.37303805,0.36608273
concrete3k::466_44.jpg,0.19127205,0.30938837,0.4993395
concrete3k::466_9.jpg,0.41055977,0.27861634,0.31082395
concrete3k::475_20.jpg,0.21520004,0.42648023,0.35831976
concrete3k::475_31.jpg,0.32109964,0.22701813,0.45188218
concrete3k::475_4.jpg,0.5053715,0.22207263,0.27255586
concrete3k::479_18.jpg,0.15927294,0.104390375,0.73633665
concrete3k::479_19.jpg,0.41423482,0.20841545,0.37734973
concrete3k::479_21.jpg,0.55059993,0.19684719,0.2525529
concrete3k::479_24.jpg,0.4998085,0.10741578,0.39277577
concrete3k::479_31.jpg,0.3364008,0.19916472,0.46443447
concrete3k::479_36.jpg,0.54600257,0.16787174,0.28612566
concrete3k::479_4.jpg,0.7674532,0.12516777,0.107379
concrete3k::479_5.jpg,0.3023427,0.18552327,0.51213396
concrete3k::479_9.jpg,0.39704868,0.311998,0.29095328
concrete3k::480_33.jpg,0.47777995,0.27311623,0.24910383
concrete3k::480_36.jpg,0.55260086,0.082978226,0.36442098
concrete3k::480_37.jpg,0.35707384,0.2662397,0.37668645
concrete3k::480_38.jpg,0.6255193,0.16573285,0.20874792
concrete3k::480_9.jpg,0.6660106,0.22201295,0.11197646
concrete3k::490_15.jpg,0.34668717,0.25059357,0.40271932
concrete3k::490_26.jpg,0.15432368,0.4171083,0.42856798
concrete3k::490_32.jpg,0.30188325,0.29240158,0.4057152
concrete3k::490_44.jpg,0.3816368,0.22222969,0.3961335
concrete3k::490_5.jpg,0.28086522,0.49180865,0.2273261
concrete3k::501_13.jpg,0.16705912,0.61109656,0.22184436
concrete3k::501_19.jpg,0.21839555,0.56412745,0.217477
concrete3k::501_20.jpg,0.27043417,0.45412752,0.2754383
concrete3k::501_25.jpg,0.31885463,0.19692749,0.48421788
concrete3k::501_26.jpg,0.2795625,0.40057746,0.31986007
concrete3k::501_32.jpg,0.652302,0.1876746,0.16002339
concrete3k::501_6.jpg,0.4757225,0.34383798,0.18043958
concrete3k::501_7.jpg,0.44851142,0.28792372,0.26356488
concrete3k::503_1.jpg,0.4167193,0.085159,0.49812168
concrete3k::503_12.jpg,0.60948235,0.18261252,0.20790513
concrete3k::503_20.jpg,0.40635067,0.19844303,0.3952063
concrete3k::503_8.jpg,0.8258201,0.044644516,0.12953533
concrete3k::504_11.jpg,0.3558019,0.35448003,0.28971812
concrete3k::504_2.jpg,0.19275868,0.4682625,0.3389789
concrete3k::504_20.jpg,0.4358231,0.42191473,0.14226219
concrete3k::504_21.jpg,0.49487305,0.2761667,0.22896022
concrete3k::504_29.jpg,0.41035372,0.42049766,0.16914864
concrete3k::504_39.jpg,0.6591447,0.25684768,0.08400767
concrete3k::504_9.jpg,0.5416648,0.14742275,0.3109125
concrete3k::513_16.jpg,0.4582602,0.3552128,0.18652701
concrete3k::513_17.jpg,0.63237303,0.13088031,0.23674671
concrete3k::513_19.jpg,0.3128028,0.35976666,0.32743058
concrete3k::513_22.jpg,0.34476647,0.4410976,0.21413587
concrete3k::513_23.jpg,0.5018863,0.24649212,0.25162157
concrete3k::513_26.jpg,0.16072161,0.22846246,0.61081594
concrete3k::513_27.jpg,0.16813701,0.3433029,0.48856008
concrete3k::516_10.jpg,0.21245271,0.2586167,0.5289306
concrete3k::516_14.jpg,0.21877317,0.33157754,0.4496493
concrete3k::516_22.jpg,0.2693227,0.37222853,0.3584487
concrete3k::516_24.jpg,0.2188063,0.044499073,0.7366946
concrete3k::516_29.jpg,0.25546357,0.3652516,0.37928486
concrete3k::516_33.jpg,0.23629382,0.48781696,0.2758891
concrete3k::516_34.jpg,0.43356317,0.24955787,0.316879
concrete3k::516_35.jpg,0.1997994,0.55950767,0.240693
concrete3k::516_36.jpg,0.14786021,0.404765,0.44737482
concrete3k::516_40.jpg,0.5864746,0.21741027,0.19611517
concrete3k::522_16.jpg,0.17131752,0.2689922,0.55969024
concrete3k::522_18.jpg,0.36884528,0.24668343,0.38447127
concrete3k::522_24.jpg,0.4112018,0.37181425,0.21698394
concrete3k::522_25.jpg,0.21521066,0.11717603,0.6676133
concrete3k::522_28.jpg,0.39841554,0.28310943,0.31847507
concrete3k::522_30.jpg,0.5788423,0.31707254,0.10408507
concrete3k::534_15.jpg,0.35285327,0.30829397,0.33885276
concrete3k::534_21.jpg,0.50505465,0.28145602,0.21348934
concrete3k::534_26.jpg,0.36808646,0.14724058,0.48467302
concrete3k::534_27.jpg,0.48248956,0.20183328,0.3156771
concrete3k::534_33.jpg,0.39144427,0.19007397,0.41848174
concrete3k::534_38.jpg,0.07949491,0.68585616,0.23464887
concrete3k::534_39.jpg,0.6798908,0.15494713,0.16516206
concrete3k::534_44.jpg,0.373239,0.09047182,0.53628916
concrete3k::534_45.jpg,0.5466965,0.27362248,0.17968105
concrete3k::534_5.jpg,0.64872175,0.24505307,0.10622521
concrete3k::535_18.jpg,0.43820298,0.12650645,0.43529063
concrete3k::535_19.jpg,0.7056226,0.10242279,0.19195464
concrete3k::535_21.jpg,0.6579444,0.12155471,0.22050087
concrete3k::535_23.jpg,0.6905111,0.13860221,0.17088664
concrete3k::535_45.jpg,0.12286868,0.45847276,0.41865864
concrete3k::535_46.jpg,0.48269442,0.05955896,0.45774665
concrete3k::535_47.jpg,0.54646385,0.14561649,0.30791968
concrete3k::547_11.jpg,0.41537952,0.2714729,0.31314757
concrete3k::547_16.jpg,0.30099893,0.4941973,0.20480382
concrete3k::547_20.jpg,0.2390654,0.47657347,0.2843611
concrete3k::547_21.jpg,0.15005374,0.22611746,0.62382877
concrete3k::547_25.jpg,0.18266493,0.2891171,0.528218
concrete3k::547_30.jpg,0.2119844,0.16307493,0.6249407
concrete3k::547_31.jpg,0.20948568,0.41923052,0.3712838
concrete3k::553_12.jpg,0.48444986,0.20638283,0.3091672
concrete3k::553_20.jpg,0.4613985,0.1368675,0.40173396
concrete3k::553_27.jpg,0.16976678,0.24582292,0.5844103
concrete3k::553_47.jpg,0.52285117,0.046399686,0.4307492
concrete3k::554_0.jpg,0.7902852,0.13825227,0.07146248
concrete3k::554_18.jpg,0.25942355,0.08545351,0.65512294
concrete3k::554_32.jpg,0.28832275,0.272675,0.43900228
concrete3k::554_33.jpg,0.29234955,0.408942,0.29870844
concrete3k::554_40.jpg,0.26912913,0.13549829,0.59537256
concrete3k::554_6.jpg,0.28866467,0.20319922,0.50813615
concrete3k::554_7.jpg,0.6831676,0.15016764,0.1666648
concrete3k::567_14.jpg,0.457185,0.22558266,0.31723228
concrete3k::567_2.jpg,0.52508855,0.2815813,0.19333017
concrete3k::567_31.jpg,0.47064435,0.282332,0.24702358
concrete3k::567_32.jpg,0.38380307,0.27321655,0.34298038
concrete3k::567_37.jpg,0.3551639,0.33762854,0.30720758
concrete3k::567_38.jpg,0.26043078,0.1263887,0.6131805
concrete3k::572_13.jpg,0.43379742,0.35064036,0.21556222
concrete3k::572_19.jpg,0.40296432,0.23762712,0.35940865
concrete3k::572_21.jpg,0.3818958,0.24243249,0.3756717
concrete3k::572_27.jpg,0.2199385,0.20642021,0.5736413
concrete3k::572_28.jpg,0.3008419,0.3752091,0.32394898
concrete3k::574_21.jpg,0.3530723,0.31988233,0.32704532
concrete3k::574_29.jpg,0.56848496,0.2955718,0.13594323
concrete3k::587_1.jpg,0.6093862,0.21629499,0.17431886
concrete3k::587_13.jpg,0.31623542,0.14654312,0.5372215
concrete3k::587_14.jpg,0.25868955,0.31207353,0.42923692
concrete3k::587_20.jpg,0.094903395,0.33250916,0.5725875
concrete3k::587_32.jpg,0.18161601,0.2198989,0.5984851
concrete3k::587_33.jpg,0.38186526,0.17092459,0.4472101
concrete3k::587_38.jpg,0.31620365,0.16957408,0.51422226
concrete3k::587_44.jpg,0.30259508,0.2672757,0.43012917
concrete3k::596_2.jpg,0.66879386,0.23708913,0.094116986
concrete3k::596_20.jpg,0.3346895,0.29830673,0.36700377
concrete3k::596_27.jpg,0.26964444,0.34939325,0.38096228
concrete3k::596_32.jpg,0.29219642,0.30905163,0.3987519
concrete3k::596_39.jpg,0.4609569,0.30810392,0.23093912
concrete3k::596_45.jpg,0.185806,0.42131105,0.3928829
concrete3k::607_2.jpg,0.4279813,0.31284204,0.25917658
concrete3k::607_21.jpg,0.29516414,0.17097655,0.5338593
concrete3k::607_26.jpg,0.30478102,0.317716,0.37750295
concrete3k::607_3.jpg,0.6351941,0.29305515,0.071750775
concrete3k::607_32.jpg,0.29450026,0.4941893,0.2113104
concrete3k::607_33.jpg,0.36831135,0.23983079,0.39185786
concrete3k::607_38.jpg,0.24019024,0.49479195,0.26501775
concrete3k::607_44.jpg,0.44343862,0.18306041,0.37350106
concrete3k::607_6.jpg,0.6132381,0.040185686,0.34657627
concrete3k::607_7.jpg,0.6456311,0.17504205,0.17932689
concrete3k::607_8.jpg,0.71872056,0.16617729,0.11510218
concrete3k::610_10.jpg,0.1153502,0.108230196,0.7764196
concrete3k::610_2.jpg,0.4380937,0.10029315,0.46161318
concrete3k::610_26.jpg,0.41561803,0.38364303,0.20073897
concrete3k::610_27.jpg,0.4502735,0.12317892,0.4265476
concrete3k::610_32.jpg,0.3105974,0.43861204,0.25079063
concrete3k::610_43.jpg,0.3478287,0.14111368,0.51105756
concrete3k::610_8.jpg,0.62605,0.21817748,0.15577257
