image_id,p_degraded,p_neutral,p_improved
khanhha_original::CFD_019.jpg,0.4941716,0.15934795,0.34648052
khanhha_original::CFD_084.jpg,0.3103603,0.28594688,0.40369275
khanhha_original::CFD_109.jpg,0.25606123,0.44795033,0.29598853
khanhha_original::CFD_111.jpg,0.3152542,0.26619548,0.41855034
khanhha_original::CRACK500_20160222_080933_361_1.jpg,0.35306415,0.23789933,0.40903655
khanhha_original::CRACK500_20160222_081839_1_721.jpg,0.16308966,0.4456108,0.39129958
khanhha_original::CRACK500_20160222_115219_1281_721.jpg,0.4304623,0.25880396,0.31073377
khanhha_original::CRACK500_20160222_115324_1281_721.jpg,0.26475054,0.47747725,0.2577722
khanhha_original::CRACK500_20160222_115324_641_1081.jpg,0.17944539,0.64543,0.17512462
khanhha_original::CRACK500_20160222_164822_1281_1.jpg,0.36313546,0.33131817,0.3055464
khanhha_original::CRACK500_20160222_164822_641_1.jpg,0.41889647,0.40289956,0.17820401
khanhha_original::CRACK500_20160222_164822_641_361.jpg,0.44690087,0.3972139,0.15588528
khanhha_original::CRACK500_20160222_165951_1921_1.jpg,0.2647008,0.34162933,0.39366987
khanhha_original::CRACK500_20160303_091830_361_1281.jpg,0.19751336,0.29555255,0.5069341
khanhha_original::CRACK500_20160303_093527_1281_361.jpg,0.15871082,0.24651209,0.59477705
khanhha_original::CRACK500_20160303_093537_1921_1081.jpg,0.29944175,0.2072088,0.49334943
khanhha_original::CRACK500_20160306_103657_1921_721.jpg,0.31707633,0.10358027,0.5793434
khanhha_original::CRACK500_20160306_103657_641_721.jpg,0.20581542,0.6544092,0.13977538
khanhha_original::CRACK500_20160307_144924_1281_361.jpg,0.17206347,0.61574054,0.21219599
khanhha_original::CRACK500_20160307_144924_641_361.jpg,0.19343416,0.5640874,0.24247837
khanhha_original::CRACK500_20160307_164301_641_361.jpg,0.15349877,0.7448822,0.101619035
khanhha_original::CRACK500_20160307_164517_1921_361.jpg,0.37938902,0.41522142,0.20538956
khanhha_original::CRACK500_20160308_073532_1_361.jpg,0.15200052,0.41249737,0.43550208
khanhha_original::CRACK500_20160308_074321_1921_361.jpg,0.11072295,0.5147874,0.37448964
khanhha_original::CRACK500_20160308_160128_641_361.jpg,0.217607,0.5741576,0.20823543
khanhha_original::CRACK500_20160308_160128_641_721.jpg,0.31280324,0.47311926,0.2140775
khanhha_original::CRACK500_20160316_142449_1_361.jpg,0.19714728,0.47399426,0.32885846
khanhha_original::CRACK500_20160316_143527_641_1.jpg,0.23193635,0.3603565,0.40770715
khanhha_original::CRACK500_20160316_143547_1281_1081.jpg,0.15773417,0.45398983,0.38827595
khanhha_original::CRACK500_20160316_143629_1281_721.jpg,0.14343451,0.5714707,0.2850948
khanhha_original::CRACK500_20160316_143629_1921_721.jpg,0.22941014,0.43128726,0.3393026
khanhha_original::CRACK500_20160318_084343_1281_361.jpg,0.1895444,0.09324623,0.71720934
khanhha_original::CRACK500_20160318_181632_1_1.jpg,0.12428922,0.68849593,0.18721493
khanhha_original::CRACK500_20160318_181632_1_361.jpg,0.16976024,0.44767472,0.38256508
khanhha_original::CRACK500_20160318_181632_641_1.jpg,0.1512096,0.5011321,0.3476583
khanhha_original::CRACK500_20160321_185557_1_361.jpg,0.119630344,0.3705331,0.50983655
khanhha_original::CRACK500_20160321_185557_641_721.jpg,0.10274743,0.67105997,0.22619256
khanhha_original::CRACK500_20160326_141812_1281_721.jpg,0.26066712,0.32793733,0.41139552
khanhha_original::CRACK500_20160326_141812_1921_721.jpg,0.16800584,0.5609533,0.27104086
khanhha_original::CRACK500_20160326_142403_1921_361.jpg,0.3397621,0.27302554,0.3872124
khanhha_original::CRACK500_20160326_162529_641_361.jpg,0.2295824,0.50496155,0.265456
khanhha_original::CRACK500_20160328_150821_1281_361.jpg,0.22302648,0.6375336,0.13943985
khanhha_original::CRACK500_20160328_150821_1_721.jpg,0.27618968,0.3397407,0.38406962
khanhha_original::CRACK500_20160328_150821_641_361.jpg,0.17722,0.6126993,0.21008074
khanhha_original::CRACK500_20160328_151027_1921_1.jpg,0.2574422,0.5384531,0.20410472
khanhha_original::CRACK500_20160328_151027_641_361.jpg,0.25524765,0.5922969,0.1524555
khanhha_original::CRACK500_20160328_151243_1_361.jpg,0.2400066,0.62204653,0.13794683
khanhha_original::CRACK500_20160328_151247_641_1.jpg,0.20301108,0.60231245,0.19467646
khanhha_original::CRACK500_20160328_151423_641_1081.jpg,0.2899637,0.46764308,0.24239324
khanhha_original::CRACK500_20160328_151657_1281_1.jpg,0.16163236,0.7088954,0.12947226
khanhha_original::CRACK500_20160328_151657_1921_721.jpg,0.32866314,0.54152185,0.12981498
khanhha_original::CRACK500_20160328_151657_1_361.jpg,0.23620997,0.55659276,0.20719725
khanhha_original::CRACK500_20160328_151657_641_361.jpg,0.17436436,0.7377461,0.087889485
khanhha_original::CRACK500_20160328_151657_641_721.jpg,0.2675856,0.6150258,0.117388524
khanhha_original::CRACK500_20160328_152308_1_361.jpg,0.23989773,0.6027047,0.15739755
khanhha_original::CRACK500_20160328_153327_1_721.jpg,0.10453705,0.71954226,0.17592067
khanhha_original::CRACK500_20160328_153421_641_1.jpg,0.09564364,0.80034995,0.10400639
khanhha_original::CRACK500_20160328_153533_1281_1.jpg,0.20858006,0.55424565,0.23717426
khanhha_original::CRACK500_20160328_153533_1281_721.jpg,0.3489487,0.2933415,0.3577098
khanhha_original::CRACK500_20160328_153533_1_1081.jpg,0.1813928,0.5509037,0.2677035
khanhha_original::CRACK500_20160328_153612_1281_1081.jpg,0.22393723,0.5239203,0.25214246
khanhha_original::CRACK500_20160328_153616_1281_361.jpg,0.11795812,0.7810068,0.10103512
khanhha_original::CRACK500_20160328_153714_1_1.jpg,0.2792118,0.49926925,0.2215189
khanhha_original::CRACK500_20160328_153714_1_1081.jpg,0.21390103,0.46081784,0.32528108
khanhha_original::CRACK500_20160328_153714_641_721.jpg,0.2538794,0.47915715,0.26696348
khanhha_original::CRACK500_20160328_153718_1281_1.jpg,0.25066566,0.4743373,0.27499706
khanhha_original::CRACK500_20160328_153718_1921_1.jpg,0.24227402,0.46891746,0.28880852
khanhha_original::CRACK500_20160328_153813_1281_1081.jpg,0.20076865,0.71632075,0.08291058
khanhha_original::CRACK500_20160328_153813_1921_1081.jpg,0.0919462,0.88051707,0.027536765
khanhha_original::CRACK500_20160328_154011_1921_1.jpg,0.21905541,0.4055085,0.3754361
khanhha_original::CRACK500_20160328_154202_1281_1.jpg,0.17998293,0.56757283,0.2524443
khanhha_original::CRACK500_20160328_154202_1281_1081.jpg,0.13428739,0.6701701,0.19554251
khanhha_original::CRACK500_20160328_154202_1921_361.jpg,0.17353266,0.52916414,0.2973032
khanhha_original::CRACK500_20160328_154202_641_1081.jpg,0.16573747,0.6811347,0.15312786
khanhha_original::CRACK500_20160328_154321_1281_1.jpg,0.13426909,0.57057905,0.2951519
khanhha_original::CRACK500_20160329_094452_1_721.jpg,0.22798419,0.5196744,0.25234145
khanhha_original::CRACK500_20160329_101347_1921_721.jpg,0.18300155,0.6336757,0.18332273
khanhha_original::CRACK500_20160329_104031_1281_721.jpg,0.119015306,0.6010131,0.2799715
khanhha_original::CRACK500_20160329_104031_1921_721.jpg,0.09493726,0.46717712,0.43788567
khanhha_original::CRACK500_20160329_104031_641_1081.jpg,0.0990805,0.68272376,0.21819578
khanhha_original::CRACK500_20160329_104107_1921_721.jpg,0.22226831,0.53884125,0.23889045
khanhha_original::CRACK500_20160329_104107_1_721.jpg,0.36373234,0.3581796,0.2780881
khanhha_original::CRACK500_20160329_104152_1_721.jpg,0.23592149,0.5114262,0.2526523
khanhha_original::CRACK500_20160329_104152_641_721.jpg,0.15241727,0.6282078,0.21937492
khanhha_original::CRACK500_20160330_160957_1921_1081.jpg,0.29255193,0.32266515,0.38478288
khanhha_original::CRACK500_20160330_160957_1_721.jpg,0.24025024,0.41050258,0.3492472
khanhha_original::CRACK500_20160330_163946_641_361.jpg,0.0983514,0.37021914,0.53142947
khanhha_original::CRACK500_20160330_170014_641_361.jpg,0.30520463,0.27026474,0.42453063
khanhha_original::CRACK500_20160330_170014_641_721.jpg,0.19977951,0.35875303,0.4414675
khanhha_original::CRACK500_20160330_172305_1_1081.jpg,0.19118546,0.44242874,0.36638582
khanhha_original::CRACK500_20160330_172305_1_721.jpg,0.30941173,0.2572899,0.43329838
khanhha_original::CRACK500_20160330_172309_1_721.jpg,0.21348976,0.44176283,0.34474742
khanhha_original::CRACK500_20160402_150110_1281_361.jpg,0.15270746,0.59651494,0.25077763
khanhha_original::CRACK500_20160402_150110_1921_361.jpg,0.24701402,0.4965797,0.25640628
khanhha_original::CRACK500_20160402_150110_641_721.jpg,0.20806241,0.4234667,0.36847088
khanhha_original::CRACK500_20160405_171348_1921_721.jpg,0.13241817,0.3662155,0.5013663
khanhha_original::CRACK500_20160405_172849_1921_1.jpg,0.1536968,0.20269167,0.6436115
khanhha_original::CRACK500_20160405_172908_1281_1.jpg,0.138387,0.3449569,0.5166561
khanhha_original::CRACK500_20160407_163515_1281_721.jpg,0.15742639,0.6898539,0.1527197
khanhha_original::CRACK500_20160407_163515_1_361.jpg,0.19767551,0.7158739,0.08645065
khanhha_original::CRACK500_20160407_165009_1281_721.jpg,0.17824258,0.7242175,0.09753993
khanhha_original::CRACK500_20160407_165009_1_721.jpg,0.23448774,0.5320904,0.23342182
khanhha_original::CRACK500_20160415_191330_1921_361.jpg,0.28075078,0.27772045,0.44152883
khanhha_original::CRACK500_20160415_191330_641_721.jpg,0.21590127,0.6146456,0.16945316
khanhha_original::CRACK500_IMG_2935_649_969.jpg,0.37988266,0.35656923,0.2635481
khanhha_original::DeepCrack_11165-2.jpg,0.44881058,0.40634298,0.14484642
khanhha_original::DeepCrack_11165.jpg,0.51445204,0.37941444,0.10613347
khanhha_original::DeepCrack_11197-2.jpg,0.12427904,0.5238649,0.3518561
khanhha_original::DeepCrack_11197-4.jpg,0.3898779,0.15847711,0.45164502
khanhha_original::DeepCrack_11236-1.jpg,0.19317372,0.66440076,0.14242555
khanhha_original::DeepCrack_11236-4.jpg,0.105972484,0.6171957,0.27683175
khanhha_original::DeepCrack_11249-4.jpg,0.09956029,0.7132612,0.18717846
khanhha_original::DeepCrack_11249-7.jpg,0.29395077,0.4267111,0.27933812
khanhha_original::DeepCrack_11270-2.jpg,0.1874302,0.2757635,0.5368062
khanhha_original::DeepCrack_11294.jpg,0.3639953,0.16077334,0.4752314
khanhha_original::DeepCrack_11296-18.jpg,0.22667618,0.492087,0.2812368
khanhha_original::DeepCrack_11296-19.jpg,0.27922443,0.4236803,0.29709527
khanhha_original::DeepCrack_11296-4.jpg,0.33584607,0.37143221,0.29272172
khanhha_original::DeepCrack_11296-7.jpg,0.406751,0.3893532,0.20389585
khanhha_original::DeepCrack_IMG33-12.jpg,0.21775964,0.38738477,0.3948556
khanhha_original::DeepCrack_IMG33-16.jpg,0.15334922,0.64654744,0.20010339
khanhha_original::DeepCrack_IMG33-9.jpg,0.24243425,0.32141718,0.43614855
khanhha_original::Eugen_Muller_9360_329_209_632_479.jpg,0.1946813,0.10286851,0.70245016
khanhha_original::Eugen_Muller_9360_7_26_751_632.jpg,0.2660396,0.11360497,0.62035537
khanhha_original::Eugen_Muller_9360_99_556_518_594.jpg,0.18023692,0.25924852,0.56051457
khanhha_original::GAPS384_test_0005_541_641.jpg,0.36315006,0.3801041,0.25674587
khanhha_original::GAPS384_test_0040_541_1.jpg,0.4257739,0.2814568,0.29276934
khanhha_original::GAPS384_test_0274_541_1.jpg,0.31929925,0.38095522,0.29974556
khanhha_original::GAPS384_train_0597_1_1.jpg,0.20783179,0.38040927,0.41175896
khanhha_original::GAPS384_train_0649_1_641.jpg,0.4177254,0.36721843,0.21505612
khanhha_original::GAPS384_train_0680_541_641.jpg,0.19244623,0.09248243,0.7150714
khanhha_original::GAPS384_train_0695_541_1.jpg,0.31519213,0.18740885,0.49739897
khanhha_original::GAPS384_train_1010_541_641.jpg,0.14741255,0.32107168,0.5315158
khanhha_original::GAPS384_train_1120_541_641.jpg,0.24311964,0.12477868,0.6321016
khanhha_original::GAPS384_train_1124_1_641.jpg,0.18950249,0.19392627,0.6165712
khanhha_original::GAPS384_train_1183_541_1.jpg,0.44523033,0.19871636,0.35605335
khanhha_original::Rissbilder_for_Florian_9S6A2798_499_1239_3234_3324.jpg,0.23354112,0.36864594,0.39781296
khanhha_original::Rissbilder_for_Florian_9S6A2798_614_1857_2201_2501.jpg,0.18749455,0.5913078,0.22119759
khanhha_original::Rissbilder_for_Florian_9S6A2798_697_1777_2994_3062.jpg,0.19993755,0.4533692,0.34669328
khanhha_original::Rissbilder_for_Florian_9S6A2800_191_3241_2390_2435.jpg,0.113463014,0.7683179,0.1182191
khanhha_original::Rissbilder_for_Florian_9S6A2800_195_2531_3219_2684.jpg,0.13667299,0.4116001,0.45172688
khanhha_original::Rissbilder_for_Florian_9S6A2800_382_814_2795_2670.jpg,0.11706071,0.48854613,0.39439315
khanhha_original::Rissbilder_for_Florian_9S6A2800_48_573_3788_4425.jpg,0.07872785,0.5120956,0.4091766
khanhha_original::Rissbilder_for_Florian_9S6A2800_552_1819_3171_3588.jpg,0.13219762,0.3784548,0.4893475
khanhha_original::Rissbilder_for_Florian_9S6A2800_817_399_2611_2043.jpg,0.07900246,0.85639566,0.064601794
khanhha_original::Rissbilder_for_Florian_9S6A2811_119_80_3414_3691.jpg,0.17106631,0.6442544,0.18467927
khanhha_original::Rissbilder_for_Florian_9S6A2811_1873_211_2406_2890.jpg,0.13836545,0.74372536,0.1179092
khanhha_original::Rissbilder_for_Florian_9S6A2812_1545_131_2276_2406.jpg,0.047389116,0.92773116,0.024879668
khanhha_original::Rissbilder_for_Florian_9S6A2812_372_1081_3294_3264.jpg,0.07465566,0.84695864,0.07838564
khanhha_original::Rissbilder_for_Florian_9S6A2812_6_41_3627_3234.jpg,0.102666,0.80996495,0.08736912
khanhha_original::Rissbilder_for_Florian_9S6A2815_1237_159_3590_2891.jpg,0.13990992,0.69141215,0.16867796
khanhha_original::Rissbilder_for_Florian_9S6A2821_1009_504_3415_2649.jpg,0.12745516,0.74666697,0.12587786
khanhha_original::Rissbilder_for_Florian_9S6A2821_1089_894_2343_2903.jpg,0.1199341,0.65386695,0.22619897
khanhha_original::Rissbilder_for_Florian_9S6A2821_2779_46_2936_3794.jpg,0.075389355,0.8125892,0.11202147
khanhha_original::Rissbilder_for_Florian_9S6A2825_325_1707_3330_2732.jpg,0.13109224,0.6724001,0.19650769
khanhha_original::Rissbilder_for_Florian_9S6A2825_340_882_2590_2354.jpg,0.2142141,0.638817,0.14696895
khanhha_original::Rissbilder_for_Florian_9S6A2825_565_2563_2166_2123.jpg,0.24414006,0.5468832,0.20897673
khanhha_original::Rissbilder_for_Florian_9S6A2825_65_315_3693_4161.jpg,0.16253844,0.66315955,0.17430203
khanhha_original::Rissbilder_for_Florian_9S6A2825_711_1408_2863_2522.jpg,0.11831908,0.6899395,0.1917414
khanhha_original::Rissbilder_for_Florian_9S6A2825_71_1920_3644_3801.jpg,0.13342132,0.6858321,0.1807466
khanhha_original::Rissbilder_for_Florian_9S6A2826_0_0_3840_5760.jpg,0.13454503,0.6045318,0.2609232
khanhha_original::Rissbilder_for_Florian_9S6A2826_418_1200_2774_3626.jpg,0.320577,0.42407212,0.25535086
khanhha_original::Rissbilder_for_Florian_9S6A2826_65_1595_3304_2654.jpg,0.30698776,0.48175102,0.21126123
khanhha_original::Rissbilder_for_Florian_9S6A2826_985_495_2477_3280.jpg,0.3799444,0.39824092,0.22181468
khanhha_original::Rissbilder_for_Florian_9S6A2834_1012_1643_2453_3015.jpg,0.20388618,0.6709416,0.12517223
khanhha_original::Rissbilder_for_Florian_9S6A2834_18_332_3392_3333.jpg,0.19180103,0.69116795,0.11703103
khanhha_original::Rissbilder_for_Florian_9S6A2834_196_114_2762_3611.jpg,0.25080553,0.61839944,0.13079503
khanhha_original::Rissbilder_for_Florian_9S6A2834_40_1275_3784_4195.jpg,0.2891473,0.59396356,0.11688918
khanhha_original::Rissbilder_for_Florian_9S6A2838_1264_697_1978_2438.jpg,0.16604586,0.45721233,0.37674183
khanhha_original::Rissbilder_for_Florian_9S6A2838_419_638_3373_4346.jpg,0.17793785,0.55851394,0.26354817
khanhha_original::Rissbilder_for_Florian_9S6A2838_565_1405_2810_2334.jpg,0.18127918,0.5043034,0.31441745
khanhha_original::Rissbilder_for_Florian_9S6A2842_321_767_3019_3008.jpg,0.22176436,0.53433114,0.24390453
khanhha_original::Rissbilder_for_Florian_9S6A2842_635_1731_1931_2541.jpg,0.18105598,0.2769238,0.5420202
khanhha_original::Rissbilder_for_Florian_9S6A2842_70_2154_3631_3282.jpg,0.17221692,0.57971066,0.24807242
khanhha_original::Rissbilder_for_Florian_9S6A2846_230_168_2768_2605.jpg,0.1524885,0.75503445,0.092477046
khanhha_original::Rissbilder_for_Florian_9S6A2846_268_1498_2452_2689.jpg,0.09991362,0.7437215,0.15636492
khanhha_original::Rissbilder_for_Florian_9S6A2846_330_640_3250_2553.jpg,0.1350548,0.74928135,0.11566389
khanhha_original::Rissbilder_for_Florian_9S6A2846_392_1024_2627_3077.jpg,0.10023926,0.75104547,0.14871529
khanhha_original::Rissbilder_for_Florian_9S6A2846_64_1600_3177_3483.jpg,0.09846843,0.7811183,0.12041333
khanhha_original::Rissbilder_for_Florian_9S6A2857_1203_1130_2423_3169.jpg,0.06789068,0.846022,0.08608732
khanhha_original::Rissbilder_for_Florian_9S6A2857_148_211_2303_2832.jpg,0.06918232,0.8457651,0.08505248
khanhha_original::Rissbilder_for_Florian_9S6A2857_159_2331_3518_2794.jpg,0.07895498,0.82521296,0.09583205
khanhha_original::Rissbilder_for_Florian_9S6A2857_585_241_3220_4175.jpg,0.06975483,0.83829504,0.091950096
khanhha_original::Rissbilder_for_Florian_9S6A2857_807_939_2369_1886.jpg,0.09550001,0.8298391,0.074660875
khanhha_original::Rissbilder_for_Florian_9S6A2857_89_2266_3467_3213.jpg,0.08179111,0.80648136,0.11172751
khanhha_original::Rissbilder_for_Florian_9S6A2860_109_355_3609_3381.jpg,0.14561364,0.7348453,0.11954104
khanhha_original::Rissbilder_for_Florian_9S6A2860_2652_869_3027_2537.jpg,0.112185255,0.7837007,0.10411404
khanhha_original::Rissbilder_for_Florian_9S6A2860_476_406_3989_3027.jpg,0.08295728,0.83786523,0.07917753
khanhha_original::Rissbilder_for_Florian_9S6A2860_707_1403_2200_2149.jpg,0.14782172,0.6900107,0.16216753
khanhha_original::Rissbilder_for_Florian_9S6A2869_107_1230_3580_4395.jpg,0.18911694,0.6467005,0.16418256
khanhha_original::Rissbilder_for_Florian_9S6A2869_1234_372_2013_2272.jpg,0.04929031,0.84443736,0.10627227
khanhha_original::Rissbilder_for_Florian_9S6A2869_171_1902_3454_3763.jpg,0.13143788,0.6156895,0.25287265
khanhha_original::Rissbilder_for_Florian_9S6A2869_37_1430_3692_3865.jpg,0.15282007,0.6518391,0.19534078
khanhha_original::Rissbilder_for_Florian_9S6A2869_6_538_3621_3662.jpg,0.10761687,0.7801949,0.1121882
khanhha_original::Rissbilder_for_Florian_9S6A2869_855_1425_2447_2662.jpg,0.11357239,0.79248565,0.093941964
khanhha_original::Rissbilder_for_Florian_9S6A2869_878_3059_2683_2082.jpg,0.05745804,0.80009234,0.1424496
khanhha_original::Rissbilder_for_Florian_9S6A2870_121_518_3261_3345.jpg,0.18142281,0.64451265,0.1740645
khanhha_original::Rissbilder_for_Florian_9S6A2870_504_1261_2761_3438.jpg,0.10447076,0.80826545,0.08726381
khanhha_original::Rissbilder_for_Florian_9S6A2880_1244_1022_2375_2527.jpg,0.10917341,0.70068264,0.19014397
khanhha_original::Rissbilder_for_Florian_9S6A2880_131_2019_3358_3435.jpg,0.047629364,0.82339853,0.12897205
khanhha_original::Rissbilder_for_Florian_9S6A2880_1_709_3836_3003.jpg,0.08351852,0.7078243,0.20865718
khanhha_original::Rissbilder_for_Florian_9S6A2880_277_388_3305_4321.jpg,0.056558836,0.82476115,0.11868003
khanhha_original::Rissbilder_for_Florian_9S6A2881_0_0_3840_5760.jpg,0.14964199,0.36869565,0.48166245
khanhha_original::Rissbilder_for_Florian_9S6A2881_1046_39_2575_3270.jpg,0.13217525,0.4613737,0.40645102
khanhha_original::Rissbilder_for_Florian_9S6A2881_277_1792_3424_2971.jpg,0.10825984,0.57615936,0.31558082
khanhha_original::Rissbilder_for_Florian_9S6A2881_77_297_3144_3819.jpg,0.13450532,0.3754974,0.48999733
khanhha_original::Rissbilder_for_Florian_9S6A2888_133_918_3617_3712.jpg,0.32466754,0.48858303,0.18674941
khanhha_original::Rissbilder_for_Florian_9S6A2896_0_0_3840_5760.jpg,0.23088175,0.32092118,0.44819713
khanhha_original::Rissbilder_for_Florian_9S6A2896_1287_1184_2528_1916.jpg,0.42177758,0.13900533,0.4392171
khanhha_original::Rissbilder_for_Florian_9S6A2896_1446_730_2288_2912.jpg,0.528325,0.20177774,0.26989722
khanhha_original::Rissbilder_for_Florian_9S6A2896_28_1443_3701_3540.jpg,0.3047673,0.266471,0.42876172
khanhha_original::Rissbilder_for_Florian_9S6A2896_616_2037_3008_3401.jpg,0.19346826,0.50095934,0.30557242
khanhha_original::Rissbilder_for_Florian_9S6A2896_788_3134_2243_2150.jpg,0.20736177,0.42101628,0.3716219
khanhha_original::Rissbilder_for_Florian_9S6A2917_0_74_3825_4343.jpg,0.27067247,0.2723958,0.4569317
khanhha_original::Rissbilder_for_Florian_9S6A2917_313_1519_3434_4037.jpg,0.27457073,0.32683086,0.39859837
khanhha_original::Rissbilder_for_Florian_9S6A2917_486_1027_3148_3681.jpg,0.2926014,0.35137823,0.35602036
khanhha_original::Rissbilder_for_Florian_9S6A2917_599_2662_2081_2529.jpg,0.18858321,0.5096342,0.3017827
khanhha_original::Rissbilder_for_Florian_9S6A3085_46_1568_3730_4175.jpg,0.12524451,0.6320398,0.24271572
khanhha_original::Rissbilder_for_Florian_9S6A3085_497_692_2640_2077.jpg,0.15961048,0.6256913,0.21469826
khanhha_original::Rissbilder_for_Florian_9S6A3085_67_497_3262_3700.jpg,0.095366485,0.6882019,0.2164316
khanhha_original::Rissbilder_for_Florian_9S6A3091_375_333_2309_2364.jpg,0.33482578,0.37411913,0.29105505
khanhha_original::Rissbilder_for_Florian_9S6A3091_481_1320_3311_3035.jpg,0.1333332,0.7091718,0.157495
khanhha_original::Rissbilder_for_Florian_9S6A3092_272_70_2808_2402.jpg,0.3039622,0.4049211,0.29111674
khanhha_original::Rissbilder_for_Florian_9S6A3092_3399_925_2286_2829.jpg,0.54868853,0.217056,0.23425543
khanhha_original::Rissbilder_for_Florian_9S6A3092_623_215_3689_2974.jpg,0.28395364,0.49023464,0.22581169
khanhha_original::Rissbilder_for_Florian_9S6A3095_418_2347_2757_3271.jpg,0.182761,0.5040677,0.31317127
khanhha_original::Rissbilder_for_Florian_9S6A3095_514_444_3123_3906.jpg,0.13025038,0.61904347,0.2507062
khanhha_original::Rissbilder_for_Florian_9S6A3095_592_717_2568_2704.jpg,0.1620445,0.6531224,0.18483306
khanhha_original::Rissbilder_for_Florian_9S6A3095_89_2165_3402_3441.jpg,0.15041293,0.5891054,0.26048163
khanhha_original::Rissbilder_for_Florian_9S6A3096_347_506_3372_3116.jpg,0.14296557,0.6441291,0.21290533
khanhha_original::Rissbilder_for_Florian_9S6A3096_515_1896_2914_2761.jpg,0.07586584,0.8254065,0.098727606
khanhha_original::Rissbilder_for_Florian_9S6A3096_899_155_2326_2742.jpg,0.11806925,0.68439144,0.19753934
khanhha_original::Rissbilder_for_Florian_9S6A3109_163_622_3006_3321.jpg,0.1449193,0.6472567,0.20782404
khanhha_original::Rissbilder_for_Florian_9S6A3109_440_362_3337_4316.jpg,0.112152405,0.60557204,0.2822755
khanhha_original::Rissbilder_for_Florian_9S6A3109_793_2237_2466_2142.jpg,0.15960391,0.5525617,0.28783435
khanhha_original::Rissbilder_for_Florian_9S6A3113_104_526_3717_3372.jpg,0.14723541,0.53539175,0.31737283
khanhha_original::Rissbilder_for_Florian_9S6A3114_1215_3118_2077_2478.jpg,0.11929958,0.4846039,0.39609653
khanhha_original::Rissbilder_for_Florian_9S6A3114_358_1983_3344_3063.jpg,0.14628142,0.598459,0.2552596
khanhha_original::Rissbilder_for_Florian_9S6A3114_871_3543_2822_2137.jpg,0.14230175,0.5123715,0.34532675
khanhha_original::Rissbilder_for_Florian_9S6A3128_304_338_2449_2867.jpg,0.108669005,0.7113636,0.17996739
khanhha_original::Rissbilder_for_Florian_9S6A3128_580_813_2343_2413.jpg,0.12866296,0.6538052,0.21753186
khanhha_original::Rissbilder_for_Florian_9S6A3128_7_578_2768_3056.jpg,0.103048705,0.74018383,0.15676741
khanhha_original::Rissbilder_for_Florian_9S6A3131_308_1998_2814_2860.jpg,0.093624555,0.67460245,0.23177297
khanhha_original::Rissbilder_for_Florian_9S6A3131_389_1670_3375_3959.jpg,0.085303955,0.65656376,0.25813225
khanhha_original::Rissbilder_for_Florian_9S6A3131_542_1698_3243_3761.jpg,0.08493389,0.69726396,0.21780215
khanhha_original::Rissbilder_for_Florian_9S6A3135_339_1311_2661_3168.jpg,0.16589636,0.6237294,0.21037424
khanhha_original::Rissbilder_for_Florian_9S6A3136_0_0_5760_3840.jpg,0.21487725,0.56203467,0.22308812
khanhha_original::Rissbilder_for_Florian_9S6A3136_1628_12_2911_3801.jpg,0.113910176,0.6070507,0.27903908
khanhha_original::Sylvie_Chambon_094.jpg,0.5464233,0.13648328,0.3170933
khanhha_original::Sylvie_Chambon_107.jpg,0.32691085,0.21370332,0.45938584
khanhha_original::Sylvie_Chambon_323.jpg,0.58646256,0.07949956,0.33403784
khanhha_original::Sylvie_Chambon_Im_noGT_ESAR_21a.jpg,0.35473305,0.039889414,0.60537755
khanhha_original::Volker_DSC01623_0_0_1824_2736.jpg,0.13149065,0.22950599,0.6390034
khanhha_original::Volker_DSC01623_134_615_1595_1694.jpg,0.14880969,0.36545753,0.48573273
khanhha_original::Volker_DSC01623_22_364_1793_1961.jpg,0.15384427,0.3420787,0.5040771
khanhha_original::Volker_DSC01623_32_1414_1144_1043.jpg,0.13807407,0.27995232,0.5819736
khanhha_original::Volker_DSC01633_217_183_1290_1578.jpg,0.35005373,0.2858788,0.3640675
khanhha_original::Volker_DSC01635_0_0_2736_1824.jpg,0.47309542,0.14448671,0.38241792
khanhha_original::Volker_DSC01635_130_334_986_1295.jpg,0.56789774,0.26426348,0.16783886
khanhha_original::Volker_DSC01635_548_45_1336_1686.jpg,0.3985531,0.2222457,0.37920123
khanhha_original::Volker_DSC01637_274_432_1128_1113.jpg,0.15124534,0.26005265,0.588702
khanhha_original::Volker_DSC01637_616_1353_1168_1288.jpg,0.3824355,0.2884092,0.32915527
khanhha_original::Volker_DSC01640_376_6_2132_1787.jpg,0.56321406,0.27310622,0.1636797
khanhha_original::Volker_DSC01640_747_235_1398_1374.jpg,0.4954678,0.3645042,0.14002804
khanhha_original::Volker_DSC01644_612_414_1320_1175.jpg,0.23009314,0.50365174,0.26625508
khanhha_original::Volker_DSC01649_0_0_1824_2736.jpg,0.2133081,0.25215998,0.5345319
khanhha_original::Volker_DSC01649_128_1341_1226_1195.jpg,0.16944109,0.41521612,0.4153428
khanhha_original::Volker_DSC01652_217_429_1194_1007.jpg,0.1101486,0.1153075,0.77454394
khanhha_original::Volker_DSC01652_699_100_1925_1592.jpg,0.1081797,0.24669181,0.6451285
khanhha_original::Volker_DSC01653_120_360_1526_1294.jpg,0.15550485,0.08446743,0.7600277
khanhha_original::Volker_DSC01653_441_257_1154_966.jpg,0.2747643,0.043130316,0.68210536
khanhha_original::Volker_DSC01653_635_9_1390_1253.jpg,0.15856074,0.083482265,0.757957
khanhha_original::Volker_DSC01653_791_41_1849_1670.jpg,0.14380415,0.17235455,0.6838413
khanhha_original::Volker_DSC01666_185_540_876_1155.jpg,0.16799454,0.28549674,0.5465087
khanhha_original::Volker_DSC01672_140_255_1259_1633.jpg,0.13705744,0.47680166,0.38614085
khanhha_original::Volker_DSC01672_236_664_1240_1592.jpg,0.13229299,0.54385215,0.32385486
khanhha_original::Volker_DSC01672_39_1294_1098_1354.jpg,0.19353536,0.36011106,0.44635364
khanhha_original::Volker_DSC01676_146_1254_955_1190.jpg,0.19428651,0.6431821,0.16253142
khanhha_original::Volker_DSC01676_35_128_1239_1463.jpg,0.1937282,0.45740518,0.3488666
khanhha_original::Volker_DSC01679_0_0_1824_2736.jpg,0.3605644,0.21944673,0.4199888
khanhha_original::Volker_DSC01679_0_789_1823_1945.jpg,0.3375515,0.2521309,0.41031763
khanhha_original::Volker_DSC01679_67_383_1713_2223.jpg,0.3323807,0.27108455,0.3965347
khanhha_original::Volker_DSC01680_0_0_1824_2736.jpg,0.4074884,0.17444547,0.41806617
khanhha_original::Volker_DSC01680_146_194_1555_1973.jpg,0.42028388,0.1782284,0.40148777
khanhha_original::Volker_DSC01680_168_539_1554_1946.jpg,0.4163505,0.16069317,0.42295635
khanhha_original::Volker_DSC01680_63_445_1729_1300.jpg,0.4307693,0.20141995,0.3678107
khanhha_original::Volker_DSC01683_67_1024_1660_1636.jpg,0.20512764,0.34106255,0.4538098
khanhha_original::Volker_DSC01692_28_197_1636_1369.jpg,0.08475463,0.77783823,0.1374071
khanhha_original::Volker_DSC01700_158_517_1605_1442.jpg,0.273605,0.2625491,0.4638459
khanhha_original::Volker_DSC01703_23_907_1787_1745.jpg,0.18305647,0.45339993,0.3635436
khanhha_original::Volker_DSC01703_413_202_1272_965.jpg,0.27347395,0.39309904,0.333427
khanhha_original::Volker_DSC01703_599_1250_1072_1001.jpg,0.33674747,0.4261941,0.23705846
khanhha_original::Volker_DSC01707_33_309_1713_1946.jpg,0.15967311,0.605084,0.23524292
khanhha_original::Volker_DSC01707_44_131_1757_2144.jpg,0.12184192,0.6040657,0.2740924
khanhha_original::Volker_DSC01707_540_967_1161_1226.jpg,0.19935352,0.6040377,0.19660881
khanhha_original::cracktree200_6234.jpg,0.147278,0.23969367,0.6130284
khanhha_original::cracktree200_6261.jpg,0.22285035,0.43424767,0.342902
khanhha_original::cracktree200_6301.jpg,0.24909551,0.46848404,0.28242052
khanhha_original::cracktree200_6645.jpg,0.38251194,0.08604828,0.5314398
khanhha_original::cracktree200_6647.jpg,0.34638193,0.115016565,0.53860146
khanhha_original::forest_006.jpg,0.46074894,0.1695096,0.3697415
khanhha_original::forest_038.jpg,0.27645162,0.24591838,0.47763
khanhha_original::forest_087.jpg,0.41406825,0.16259076,0.42334098
khanhha_original::forest_094.jpg,0.5464233,0.13648328,0.3170933
khanhha_original::noncrack_noncrack_concrete_wall_101_2.jpg.jpg,0.4431548,0.3501493,0.20669588
khanhha_original::noncrack_noncrack_concrete_wall_101_8.jpg.jpg,0.4431548,0.3501493,0.20669588
khanhha_original::noncrack_noncrack_concrete_wall_101_9.jpg.jpg,0.4713076,0.3725563,0.15613607
khanhha_original::noncrack_noncrack_concrete_wall_103_0.jpg.jpg,0.01652224,0.96168035,0.02179742
khanhha_original::noncrack_noncrack_concrete_wall_103_1.jpg.jpg,0.019541519,0.95803237,0.022426149
khanhha_original::noncrack_noncrack_concrete_wall_13_2.jpg.jpg,0.052794065,0.9120459,0.035160054
khanhha_original::noncrack_noncrack_concrete_wall_13_4.jpg.jpg,0.07649542,0.8361937,0.08731088
khanhha_original::noncrack_noncrack_concrete_wall_13_6.jpg.jpg,0.056923702,0.84928674,0.093789615
khanhha_original::noncrack_noncrack_concrete_wall_23_1.jpg.jpg,0.006827985,0.9885025,0.0046695974
khanhha_original::noncrack_noncrack_concrete_wall_23_4.jpg.jpg,0.007372135,0.98827374,0.0043541244
khanhha_original::noncrack_noncrack_concrete_wall_23_5.jpg.jpg,0.01080661,0.9833635,0.0058299205
khanhha_original::noncrack_noncrack_concrete_wall_23_7.jpg.jpg,0.014410095,0.9701352,0.015454682
khanhha_original::noncrack_noncrack_concrete_wall_28_0.jpg.jpg,0.20402145,0.71722025,0.07875828
khanhha_original::noncrack_noncrack_concrete_wall_30_2.jpg.jpg,0.017507061,0.9678753,0.014617644
khanhha_original::noncrack_noncrack_concrete_wall_41_11.jpg.jpg,0.045300372,0.92546725,0.02923246
khanhha_original::noncrack_noncrack_concrete_wall_41_12.jpg.jpg,0.083429806,0.8695185,0.04705163
khanhha_original::noncrack_noncrack_concrete_wall_41_2.jpg.jpg,0.06555897,0.9018717,0.032569293
khanhha_original::noncrack_noncrack_concrete_wall_41_35.jpg.jpg,0.07647064,0.89502877,0.02850056
khanhha_original::noncrack_noncrack_concrete_wall_41_37.jpg.jpg,0.046476416,0.9157891,0.037734512
khanhha_original::noncrack_noncrack_concrete_wall_41_38.jpg.jpg,0.06565044,0.9127949,0.021554708
khanhha_original::noncrack_noncrack_concrete_wall_41_4.jpg.jpg,0.06727106,0.89422554,0.03850341
khanhha_original::noncrack_noncrack_concrete_wall_41_43.jpg.jpg,0.056970123,0.92012495,0.022904921
khanhha_original::noncrack_noncrack_concrete_wall_41_48.jpg.jpg,0.070734486,0.9023839,0.026881622
khanhha_original::noncrack_noncrack_concrete_wall_41_58.jpg.jpg,0.07981319,0.8978269,0.022359924
khanhha_original::noncrack_noncrack_concrete_wall_41_63.jpg.jpg,0.096608385,0.86277664,0.04061503
khanhha_original::noncrack_noncrack_concrete_wall_41_65.jpg.jpg,0.0773277,0.8921165,0.030555703
khanhha_original::noncrack_noncrack_concrete_wall_42_6.jpg.jpg,0.04844537,0.9214479,0.03010684
khanhha_original::noncrack_noncrack_concrete_wall_53_3.jpg.jpg,0.009852874,0.93884635,0.05130079
khanhha_original::noncrack_noncrack_concrete_wall_58_0.jpg.jpg,0.08005383,0.783731,0.13621528
khanhha_original::noncrack_noncrack_concrete_wall_58_11.jpg.jpg,0.063423425,0.7976912,0.13888533
khanhha_original::noncrack_noncrack_concrete_wall_58_12.jpg.jpg,0.07894238,0.7520927,0.16896494
khanhha_original::noncrack_noncrack_concrete_wall_58_13.jpg.jpg,0.0824191,0.71638715,0.20119369
khanhha_original::noncrack_noncrack_concrete_wall_58_6.jpg.jpg,0.08622653,0.70640504,0.20736837
khanhha_original::noncrack_noncrack_concrete_wall_58_8.jpg.jpg,0.051222455,0.853258,0.09551954
khanhha_original::noncrack_noncrack_concrete_wall_60_13.jpg.jpg,0.020421777,0.9722353,0.007342947
khanhha_original::noncrack_noncrack_concrete_wall_60_6.jpg.jpg,0.021541718,0.9669371,0.011521169
khanhha_original::noncrack_noncrack_concrete_wall_60_8.jpg.jpg,0.013283171,0.98133343,0.005383333
khanhha_original::noncrack_noncrack_concrete_wall_69_6.jpg.jpg,0.27764744,0.44562614,0.27672642
khanhha_original::noncrack_noncrack_concrete_wall_72_0.jpg.jpg,0.015576913,0.96762764,0.016795455
khanhha_original::noncrack_noncrack_concrete_wall_77_1.jpg.jpg,0.4101876,0.3699547,0.21985772
khanhha_original::noncrack_noncrack_concrete_wall_77_5.jpg.jpg,0.1813867,0.66670054,0.15191278
khanhha_original::noncrack_noncrack_concrete_wall_7_0.jpg.jpg,0.04583993,0.92266893,0.031491153
khanhha_original::noncrack_noncrack_concrete_wall_7_1.jpg.jpg,0.10261066,0.86273146,0.034657862
khanhha_original::noncrack_noncrack_concrete_wall_81_4.jpg.jpg,0.053074364,0.74195564,0.20497003
khanhha_original::noncrack_noncrack_concrete_wall_83_10.jpg.jpg,0.017733619,0.96073425,0.021532157
khanhha_original::noncrack_noncrack_concrete_wall_83_4.jpg.jpg,0.034429267,0.9324538,0.033116974
khanhha_original::noncrack_noncrack_concrete_wall_83_9.jpg.jpg,0.022896335,0.954361,0.022742698
khanhha_original::noncrack_noncrack_concrete_wall_88_3.jpg.jpg,0.024671916,0.9475421,0.027785977
khanhha_original::noncrack_noncrack_concrete_wall_94_4.jpg.jpg,0.0015438664,0.9895866,0.008869539
khanhha_noisy1::CFD_019.jpg,0.27576035,0.46088335,0.2633563
khanhha_noisy1::CFD_084.jpg,0.15438971,0.47559616,0.37001407
khanhha_noisy1::CFD_109.jpg,0.14469437,0.4794216,0.3758841
khanhha_noisy1::CFD_111.jpg,0.31211123,0.41729787,0.27059093
khanhha_noisy1::CRACK500_20160222_080933_361_1.jpg,0.35545054,0.3020832,0.34246626
khanhha_noisy1::CRACK500_20160222_081839_1_721.jpg,0.2974122,0.35475624,0.34783158
khanhha_noisy1::CRACK500_20160222_115219_1281_721.jpg,0.7033402,0.091053665,0.2056062
khanhha_noisy1::CRACK500_20160222_115324_1281_721.jpg,0.46001947,0.35946128,0.18051921
khanhha_noisy1::CRACK500_20160222_115324_641_1081.jpg,0.6117198,0.219829,0.16845122
khanhha_noisy1::CRACK500_20160222_164822_1281_1.jpg,0.3596085,0.19427711,0.44611436
khanhha_noisy1::CRACK500_20160222_164822_641_1.jpg,0.38945267,0.2915842,0.3189631
khanhha_noisy1::CRACK500_20160222_164822_641_361.jpg,0.4342635,0.24598594,0.3197506
khanhha_noisy1::CRACK500_20160222_165951_1921_1.jpg,0.33388123,0.23394366,0.4321751
khanhha_noisy1::CRACK500_20160303_091830_361_1281.jpg,0.24474923,0.19707283,0.55817795
khanhha_noisy1::CRACK500_20160303_093527_1281_361.jpg,0.37230805,0.14813879,0.4795532
khanhha_noisy1::CRACK500_20160303_093537_1921_1081.jpg,0.36061576,0.21792085,0.4214634
khanhha_noisy1::CRACK500_20160306_103657_1921_721.jpg,0.21436751,0.07960668,0.7060258
khanhha_noisy1::CRACK500_20160306_103657_641_721.jpg,0.22008796,0.35837036,0.42154172
khanhha_noisy1::CRACK500_20160307_144924_1281_361.jpg,0.15960155,0.27361786,0.5667805
khanhha_noisy1::CRACK500_20160307_144924_641_361.jpg,0.1954561,0.1744023,0.63014156
khanhha_noisy1::CRACK500_20160307_164301_641_361.jpg,0.2265067,0.1818113,0.59168196
khanhha_noisy1::CRACK500_20160307_164517_1921_361.jpg,0.51371914,0.24442354,0.24185735
khanhha_noisy1::CRACK500_20160308_073532_1_361.jpg,0.12696064,0.08930542,0.7837339
khanhha_noisy1::CRACK500_20160308_074321_1921_361.jpg,0.14602701,0.14674713,0.70722586
khanhha_noisy1::CRACK500_20160308_160128_641_361.jpg,0.2751916,0.27978525,0.44502315
khanhha_noisy1::CRACK500_20160308_160128_641_721.jpg,0.29407775,0.31041852,0.3955037
khanhha_noisy1::CRACK500_20160316_142449_1_361.jpg,0.265227,0.16537048,0.5694026
khanhha_noisy1::CRACK500_20160316_143527_641_1.jpg,0.28623053,0.2283615,0.48540798
khanhha_noisy1::CRACK500_20160316_143547_1281_1081.jpg,0.23500308,0.27245578,0.49254113
khanhha_noisy1::CRACK500_20160316_143629_1281_721.jpg,0.1352312,0.33957678,0.52519196
khanhha_noisy1::CRACK500_20160316_143629_1921_721.jpg,0.17685948,0.28999656,0.53314394
khanhha_noisy1::CRACK500_20160318_084343_1281_361.jpg,0.32872722,0.090998165,0.58027464
khanhha_noisy1::CRACK500_20160318_181632_1_1.jpg,0.2151707,0.3137284,0.47110093
khanhha_noisy1::CRACK500_20160318_181632_1_361.jpg,0.16779923,0.21699981,0.615201
khanhha_noisy1::CRACK500_20160318_181632_641_1.jpg,0.12201612,0.16447741,0.71350646
khanhha_noisy1::CRACK500_20160321_185557_1_361.jpg,0.20994073,0.2844888,0.5055705
khanhha_noisy1::CRACK500_20160321_185557_641_721.jpg,0.2906531,0.3431818,0.3661651
khanhha_noisy1::CRACK500_20160326_141812_1281_721.jpg,0.37096387,0.13857612,0.49046004
khanhha_noisy1::CRACK500_20160326_141812_1921_721.jpg,0.29797736,0.22245906,0.4795636
khanhha_noisy1::CRACK500_20160326_142403_1921_361.jpg,0.22568166,0.25725192,0.5170664
khanhha_noisy1::CRACK500_20160326_162529_641_361.jpg,0.26948345,0.24457647,0.48594004
khanhha_noisy1::CRACK500_20160328_150821_1281_361.jpg,0.24511006,0.26778287,0.48710713
khanhha_noisy1::CRACK500_20160328_150821_1_721.jpg,0.28275156,0.23279124,0.48445714
khanhha_noisy1::CRACK500_20160328_150821_641_361.jpg,0.24821325,0.237949,0.51383775
khanhha_noisy1::CRACK500_20160328_151027_1921_1.jpg,0.21436484,0.2699837,0.5156514
khanhha_noisy1::CRACK500_20160328_151027_641_361.jpg,0.30370668,0.22932538,0.4669679
khanhha_noisy1::CRACK500_20160328_151243_1_361.jpg,0.24147089,0.253001,0.50552815
khanhha_noisy1::CRACK500_20160328_151247_641_1.jpg,0.2995082,0.2479804,0.45251137
khanhha_noisy1::CRACK500_20160328_151423_641_1081.jpg,0.2757372,0.31113374,0.41312903
khanhha_noisy1::CRACK500_20160328_151657_1281_1.jpg,0.39704043,0.25076035,0.35219917
khanhha_noisy1::CRACK500_20160328_151657_1921_721.jpg,0.6148128,0.1763347,0.2088525
khanhha_noisy1::CRACK500_20160328_151657_1_361.jpg,0.38162088,0.31406355,0.30431554
khanhha_noisy1::CRACK500_20160328_151657_641_361.jpg,0.350944,0.28171134,0.36734462
khanhha_noisy1::CRACK500_20160328_151657_641_721.jpg,0.31529945,0.32549044,0.35921004
khanhha_noisy1::CRACK500_20160328_152308_1_361.jpg,0.3135634,0.3584569,0.32797968
khanhha_noisy1::CRACK500_20160328_153327_1_721.jpg,0.19277236,0.42543775,0.38178992
khanhha_noisy1::CRACK500_20160328_153421_641_1.jpg,0.12345251,0.41856498,0.45798254
khanhha_noisy1::CRACK500_20160328_153533_1281_1.jpg,0.22600543,0.41169417,0.3623004
khanhha_noisy1::CRACK500_20160328_153533_1281_721.jpg,0.2853235,0.29119524,0.4234812
khanhha_noisy1::CRACK500_20160328_153533_1_1081.jpg,0.17463453,0.2618675,0.563498
khanhha_noisy1::CRACK500_20160328_153612_1281_1081.jpg,0.21666604,0.34042257,0.44291136
khanhha_noisy1::CRACK500_20160328_153616_1281_361.jpg,0.17031902,0.57179487,0.2578861
khanhha_noisy1::CRACK500_20160328_153714_1_1.jpg,0.19672902,0.33935067,0.46392035
khanhha_noisy1::CRACK500_20160328_153714_1_1081.jpg,0.21906397,0.27315742,0.5077786
khanhha_noisy1::CRACK500_20160328_153714_641_721.jpg,0.26961437,0.26139152,0.46899408
khanhha_noisy1::CRACK500_20160328_153718_1281_1.jpg,0.16728601,0.29869968,0.53401434
khanhha_noisy1::CRACK500_20160328_153718_1921_1.jpg,0.27553526,0.31086338,0.41360134
khanhha_noisy1::CRACK500_20160328_153813_1281_1081.jpg,0.15997523,0.4531203,0.3869045
khanhha_noisy1::CRACK500_20160328_153813_1921_1081.jpg,0.3002811,0.34204715,0.35767174
khanhha_noisy1::CRACK500_20160328_154011_1921_1.jpg,0.17571029,0.25858656,0.56570315
khanhha_noisy1::CRACK500_20160328_154202_1281_1.jpg,0.17775919,0.26966947,0.55257136
khanhha_noisy1::CRACK500_20160328_154202_1281_1081.jpg,0.33792448,0.16185069,0.5002248
khanhha_noisy1::CRACK500_20160328_154202_1921_361.jpg,0.265979,0.22725964,0.50676143
khanhha_noisy1::CRACK500_20160328_154202_641_1081.jpg,0.3462685,0.3718223,0.28190917
khanhha_noisy1::CRACK500_20160328_154321_1281_1.jpg,0.24562605,0.24692902,0.507445
khanhha_noisy1::CRACK500_20160329_094452_1_721.jpg,0.26696342,0.29427838,0.43875822
khanhha_noisy1::CRACK500_20160329_101347_1921_721.jpg,0.34571525,0.39984226,0.25444245
khanhha_noisy1::CRACK500_20160329_104031_1281_721.jpg,0.24095431,0.21649596,0.5425497
khanhha_noisy1::CRACK500_20160329_104031_1921_721.jpg,0.16696846,0.27961847,0.55341303
khanhha_noisy1::CRACK500_20160329_104031_641_1081.jpg,0.34130153,0.24841484,0.41028365
khanhha_noisy1::CRACK500_20160329_104107_1921_721.jpg,0.3707141,0.30658734,0.32269856
khanhha_noisy1::CRACK500_20160329_104107_1_721.jpg,0.43838745,0.297315,0.26429754
khanhha_noisy1::CRACK500_20160329_104152_1_721.jpg,0.30728683,0.25619578,0.4365174
khanhha_noisy1::CRACK500_20160329_104152_641_721.jpg,0.3332329,0.23836617,0.42840084
khanhha_noisy1::CRACK500_20160330_160957_1921_1081.jpg,0.34078076,0.16231446,0.4969047
khanhha_noisy1::CRACK500_20160330_160957_1_721.jpg,0.3981048,0.31106868,0.2908265
khanhha_noisy1::CRACK500_20160330_163946_641_361.jpg,0.17280324,0.45712063,0.3700761
khanhha_noisy1::CRACK500_20160330_170014_641_361.jpg,0.16344644,0.08161444,0.75493914
khanhha_noisy1::CRACK500_20160330_170014_641_721.jpg,0.24207345,0.10579526,0.6521313
khanhha_noisy1::CRACK500_20160330_172305_1_1081.jpg,0.15714724,0.32981738,0.51303536
khanhha_noisy1::CRACK500_20160330_172305_1_721.jpg,0.3248612,0.26909116,0.40604767
khanhha_noisy1::CRACK500_20160330_172309_1_721.jpg,0.18251206,0.33602604,0.48146197
khanhha_noisy1::CRACK500_20160402_150110_1281_361.jpg,0.22474185,0.2670796,0.5081786
khanhha_noisy1::CRACK500_20160402_150110_1921_361.jpg,0.27607402,0.224549,0.499377
khanhha_noisy1::CRACK500_20160402_150110_641_721.jpg,0.1390605,0.23056705,0.63037246
khanhha_noisy1::CRACK500_20160405_171348_1921_721.jpg,0.22128147,0.14601937,0.6326992
khanhha_noisy1::CRACK500_20160405_172849_1921_1.jpg,0.19539677,0.20817515,0.5964281
khanhha_noisy1::CRACK500_20160405_172908_1281_1.jpg,0.12546158,0.37959296,0.49494553
khanhha_noisy1::CRACK500_20160407_163515_1281_721.jpg,0.24621601,0.34183115,0.4119528
khanhha_noisy1::CRACK500_20160407_163515_1_361.jpg,0.3256496,0.32317165,0.35117877
khanhha_noisy1::CRACK500_20160407_165009_1281_721.jpg,0.32396215,0.30826235,0.36777544
khanhha_noisy1::CRACK500_20160407_165009_1_721.jpg,0.3919606,0.20168209,0.40635732
khanhha_noisy1::CRACK500_20160415_191330_1921_361.jpg,0.3061471,0.2285808,0.46527213
khanhha_noisy1::CRACK500_20160415_191330_641_721.jpg,0.3630475,0.2363042,0.40064824
khanhha_noisy1::CRACK500_IMG_2935_649_969.jpg,0.22701086,0.32621312,0.446776
khanhha_noisy1::DeepCrack_11165-2.jpg,0.27773082,0.36765268,0.35461646
khanhha_noisy1::DeepCrack_11165.jpg,0.369804,0.35189965,0.27829632
khanhha_noisy1::DeepCrack_11197-2.jpg,0.13587978,0.41784886,0.4462713
khanhha_noisy1::DeepCrack_11197-4.jpg,0.09633111,0.22125442,0.6824145
khanhha_noisy1::DeepCrack_11236-1.jpg,0.1817715,0.54229206,0.27593645
khanhha_noisy1::DeepCrack_11236-4.jpg,0.18442088,0.5004357,0.3151434
khanhha_noisy1::DeepCrack_11249-4.jpg,0.0972618,0.54086965,0.3618686
khanhha_noisy1::DeepCrack_11249-7.jpg,0.060104426,0.32586426,0.6140313
khanhha_noisy1::DeepCrack_11270-2.jpg,0.043568898,0.13164258,0.8247885
khanhha_noisy1::DeepCrack_11294.jpg,0.28338555,0.17038707,0.5462274
khanhha_noisy1::DeepCrack_11296-18.jpg,0.27546212,0.2042315,0.52030635
khanhha_noisy1::DeepCrack_11296-19.jpg,0.26008007,0.27137658,0.4685433
khanhha_noisy1::DeepCrack_11296-4.jpg,0.3014585,0.34879208,0.34974936
khanhha_noisy1::DeepCrack_11296-7.jpg,0.35720983,0.2864331,0.3563571
khanhha_noisy1::DeepCrack_IMG33-12.jpg,0.16377136,0.19731487,0.63891375
khanhha_noisy1::DeepCrack_IMG33-16.jpg,0.23627162,0.3854944,0.378234
khanhha_noisy1::DeepCrack_IMG33-9.jpg,0.24397787,0.23555449,0.52046764
khanhha_noisy1::Eugen_Muller_9360_329_209_632_479.jpg,0.2601925,0.2610242,0.47878334
khanhha_noisy1::Eugen_Muller_9360_7_26_751_632.jpg,0.3398291,0.2302702,0.42990068
khanhha_noisy1::Eugen_Muller_9360_99_556_518_594.jpg,0.185707,0.43078792,0.38350505
khanhha_noisy1::GAPS384_test_0005_541_641.jpg,0.4242099,0.27826178,0.2975283
khanhha_noisy1::GAPS384_test_0040_541_1.jpg,0.68005776,0.20871146,0.11123077
khanhha_noisy1::GAPS384_test_0274_541_1.jpg,0.4939445,0.11179256,0.39426303
khanhha_noisy1::GAPS384_train_0597_1_1.jpg,0.1399902,0.38578722,0.47422266
khanhha_noisy1::GAPS384_train_0649_1_641.jpg,0.56473523,0.087866776,0.347398
khanhha_noisy1::GAPS384_train_0680_541_641.jpg,0.4360114,0.15264328,0.41134533
khanhha_noisy1::GAPS384_train_0695_541_1.jpg,0.56371963,0.20040943,0.2358709
khanhha_noisy1::GAPS384_train_1010_541_641.jpg,0.25962818,0.12886119,0.61151063
khanhha_noisy1::GAPS384_train_1120_541_641.jpg,0.2754038,0.10630324,0.6182929
khanhha_noisy1::GAPS384_train_1124_1_641.jpg,0.09971833,0.12982021,0.77046144
khanhha_noisy1::GAPS384_train_1183_541_1.jpg,0.5699094,0.20926474,0.22082582
khanhha_noisy1::Rissbilder_for_Florian_9S6A2798_499_1239_3234_3324.jpg,0.35027567,0.27068517,0.3790392
khanhha_noisy1::Rissbilder_for_Florian_9S6A2798_614_1857_2201_2501.jpg,0.2847491,0.32687506,0.3883758
khanhha_noisy1::Rissbilder_for_Florian_9S6A2798_697_1777_2994_3062.jpg,0.44542524,0.21464705,0.33992773
khanhha_noisy1::Rissbilder_for_Florian_9S6A2800_191_3241_2390_2435.jpg,0.15219077,0.31346807,0.53434116
khanhha_noisy1::Rissbilder_for_Florian_9S6A2800_195_2531_3219_2684.jpg,0.19369699,0.21746221,0.5888408
khanhha_noisy1::Rissbilder_for_Florian_9S6A2800_382_814_2795_2670.jpg,0.24435486,0.30025464,0.45539054
khanhha_noisy1::Rissbilder_for_Florian_9S6A2800_48_573_3788_4425.jpg,0.0976746,0.29258618,0.60973924
khanhha_noisy1::Rissbilder_for_Florian_9S6A2800_552_1819_3171_3588.jpg,0.1561629,0.29375088,0.5500862
khanhha_noisy1::Rissbilder_for_Florian_9S6A2800_817_399_2611_2043.jpg,0.14497489,0.66286653,0.19215858
khanhha_noisy1::Rissbilder_for_Florian_9S6A2811_119_80_3414_3691.jpg,0.3375405,0.5821591,0.08030036
khanhha_noisy1::Rissbilder_for_Florian_9S6A2811_1873_211_2406_2890.jpg,0.24667561,0.6401351,0.11318927
khanhha_noisy1::Rissbilder_for_Florian_9S6A2812_1545_131_2276_2406.jpg,0.0956711,0.8734646,0.03086436
khanhha_noisy1::Rissbilder_for_Florian_9S6A2812_372_1081_3294_3264.jpg,0.129154,0.8237247,0.047121324
khanhha_noisy1::Rissbilder_for_Florian_9S6A2812_6_41_3627_3234.jpg,0.17610641,0.7475613,0.07633235
khanhha_noisy1::Rissbilder_for_Florian_9S6A2815_1237_159_3590_2891.jpg,0.35992968,0.51330113,0.1267692
khanhha_noisy1::Rissbilder_for_Florian_9S6A2821_1009_504_3415_2649.jpg,0.5058264,0.35592833,0.13824521
khanhha_noisy1::Rissbilder_for_Florian_9S6A2821_1089_894_2343_2903.jpg,0.58761257,0.2796525,0.13273488
khanhha_noisy1::Rissbilder_for_Florian_9S6A2821_2779_46_2936_3794.jpg,0.55055994,0.30934212,0.14009796
khanhha_noisy1::Rissbilder_for_Florian_9S6A2825_325_1707_3330_2732.jpg,0.450217,0.19737105,0.35241193
khanhha_noisy1::Rissbilder_for_Florian_9S6A2825_340_882_2590_2354.jpg,0.6149021,0.24264672,0.14245115
khanhha_noisy1::Rissbilder_for_Florian_9S6A2825_565_2563_2166_2123.jpg,0.63069206,0.22947659,0.13983132
khanhha_noisy1::Rissbilder_for_Florian_9S6A2825_65_315_3693_4161.jpg,0.47522375,0.26373816,0.26103806
khanhha_noisy1::Rissbilder_for_Florian_9S6A2825_711_1408_2863_2522.jpg,0.39706805,0.30682877,0.29610318
khanhha_noisy1::Rissbilder_for_Florian_9S6A2825_71_1920_3644_3801.jpg,0.449862,0.2109104,0.33922762
khanhha_noisy1::Rissbilder_for_Florian_9S6A2826_0_0_3840_5760.jpg,0.18345155,0.42519534,0.3913531
khanhha_noisy1::Rissbilder_for_Florian_9S6A2826_418_1200_2774_3626.jpg,0.3471591,0.324286,0.3285549
khanhha_noisy1::Rissbilder_for_Florian_9S6A2826_65_1595_3304_2654.jpg,0.28491,0.38011578,0.33497423
khanhha_noisy1::Rissbilder_for_Florian_9S6A2826_985_495_2477_3280.jpg,0.45744783,0.25812513,0.28442705
khanhha_noisy1::Rissbilder_for_Florian_9S6A2834_1012_1643_2453_3015.jpg,0.3915968,0.45433456,0.1540686
khanhha_noisy1::Rissbilder_for_Florian_9S6A2834_18_332_3392_3333.jpg,0.37039262,0.42302155,0.20658584
khanhha_noisy1::Rissbilder_for_Florian_9S6A2834_196_114_2762_3611.jpg,0.35405654,0.3690246,0.27691895
khanhha_noisy1::Rissbilder_for_Florian_9S6A2834_40_1275_3784_4195.jpg,0.44441128,0.38508543,0.17050332
khanhha_noisy1::Rissbilder_for_Florian_9S6A2838_1264_697_1978_2438.jpg,0.38617805,0.18231648,0.43150547
khanhha_noisy1::Rissbilder_for_Florian_9S6A2838_419_638_3373_4346.jpg,0.23516682,0.26138046,0.5034527
khanhha_noisy1::Rissbilder_for_Florian_9S6A2838_565_1405_2810_2334.jpg,0.2813145,0.19613717,0.5225483
khanhha_noisy1::Rissbilder_for_Florian_9S6A2842_321_767_3019_3008.jpg,0.40370318,0.23715186,0.3591449
khanhha_noisy1::Rissbilder_for_Florian_9S6A2842_635_1731_1931_2541.jpg,0.4086263,0.22105671,0.370317
khanhha_noisy1::Rissbilder_for_Florian_9S6A2842_70_2154_3631_3282.jpg,0.4415597,0.2914764,0.26696387
khanhha_noisy1::Rissbilder_for_Florian_9S6A2846_230_168_2768_2605.jpg,0.3867334,0.29609823,0.31716835
khanhha_noisy1::Rissbilder_for_Florian_9S6A2846_268_1498_2452_2689.jpg,0.42029688,0.1406795,0.43902367
khanhha_noisy1::Rissbilder_for_Florian_9S6A2846_330_640_3250_2553.jpg,0.37504455,0.2424424,0.38251305
khanhha_noisy1::Rissbilder_for_Florian_9S6A2846_392_1024_2627_3077.jpg,0.4021642,0.16735929,0.43047652
khanhha_noisy1::Rissbilder_for_Florian_9S6A2846_64_1600_3177_3483.jpg,0.40039268,0.19304718,0.40656018
khanhha_noisy1::Rissbilder_for_Florian_9S6A2857_1203_1130_2423_3169.jpg,0.4786389,0.29440808,0.226953
khanhha_noisy1::Rissbilder_for_Florian_9S6A2857_148_211_2303_2832.jpg,0.46632317,0.38964626,0.14403056
khanhha_noisy1::Rissbilder_for_Florian_9S6A2857_159_2331_3518_2794.jpg,0.4110027,0.26832005,0.3206772
khanhha_noisy1::Rissbilder_for_Florian_9S6A2857_585_241_3220_4175.jpg,0.48869893,0.2693419,0.24195911
khanhha_noisy1::Rissbilder_for_Florian_9S6A2857_807_939_2369_1886.jpg,0.458443,0.370841,0.17071602
khanhha_noisy1::Rissbilder_for_Florian_9S6A2857_89_2266_3467_3213.jpg,0.5256043,0.15342836,0.3209673
khanhha_noisy1::Rissbilder_for_Florian_9S6A2860_109_355_3609_3381.jpg,0.41864756,0.38619727,0.19515519
khanhha_noisy1::Rissbilder_for_Florian_9S6A2860_2652_869_3027_2537.jpg,0.37989467,0.320612,0.2994933
khanhha_noisy1::Rissbilder_for_Florian_9S6A2860_476_406_3989_3027.jpg,0.43724668,0.37084997,0.19190341
khanhha_noisy1::Rissbilder_for_Florian_9S6A2860_707_1403_2200_2149.jpg,0.44441167,0.35415435,0.201434
khanhha_noisy1::Rissbilder_for_Florian_9S6A2869_107_1230_3580_4395.jpg,0.36477688,0.47260204,0.16262105
khanhha_noisy1::Rissbilder_for_Florian_9S6A2869_1234_372_2013_2272.jpg,0.24481255,0.56738263,0.18780488
khanhha_noisy1::Rissbilder_for_Florian_9S6A2869_171_1902_3454_3763.jpg,0.32352132,0.44684905,0.22962965
khanhha_noisy1::Rissbilder_for_Florian_9S6A2869_37_1430_3692_3865.jpg,0.3505061,0.45640495,0.19308892
khanhha_noisy1::Rissbilder_for_Florian_9S6A2869_6_538_3621_3662.jpg,0.34299734,0.4088364,0.24816622
khanhha_noisy1::Rissbilder_for_Florian_9S6A2869_855_1425_2447_2662.jpg,0.30819017,0.49456415,0.1972457
khanhha_noisy1::Rissbilder_for_Florian_9S6A2869_878_3059_2683_2082.jpg,0.2802165,0.5176991,0.2020844
khanhha_noisy1::Rissbilder_for_Florian_9S6A2870_121_518_3261_3345.jpg,0.5103956,0.32897848,0.1606259
khanhha_noisy1::Rissbilder_for_Florian_9S6A2870_504_1261_2761_3438.jpg,0.34654906,0.5424275,0.111023456
khanhha_noisy1::Rissbilder_for_Florian_9S6A2880_1244_1022_2375_2527.jpg,0.38445005,0.31709725,0.2984527
khanhha_noisy1::Rissbilder_for_Florian_9S6A2880_131_2019_3358_3435.jpg,0.4206935,0.30237752,0.2769289
khanhha_noisy1::Rissbilder_for_Florian_9S6A2880_1_709_3836_3003.jpg,0.3073366,0.37234274,0.32032064
khanhha_noisy1::Rissbilder_for_Florian_9S6A2880_277_388_3305_4321.jpg,0.34860915,0.16095978,0.4904311
khanhha_noisy1::Rissbilder_for_Florian_9S6A2881_0_0_3840_5760.jpg,0.20384313,0.12035834,0.67579854
khanhha_noisy1::Rissbilder_for_Florian_9S6A2881_1046_39_2575_3270.jpg,0.319235,0.31217384,0.36859113
khanhha_noisy1::Rissbilder_for_Florian_9S6A2881_277_1792_3424_2971.jpg,0.18842195,0.3353767,0.4762013
khanhha_noisy1::Rissbilder_for_Florian_9S6A2881_77_297_3144_3819.jpg,0.23927516,0.30756968,0.45315516
khanhha_noisy1::Rissbilder_for_Florian_9S6A2888_133_918_3617_3712.jpg,0.3685659,0.2457407,0.3856934
khanhha_noisy1::Rissbilder_for_Florian_9S6A2896_0_0_3840_5760.jpg,0.17848113,0.22984262,0.5916763
khanhha_noisy1::Rissbilder_for_Florian_9S6A2896_1287_1184_2528_1916.jpg,0.278443,0.4026117,0.31894523
khanhha_noisy1::Rissbilder_for_Florian_9S6A2896_1446_730_2288_2912.jpg,0.21871994,0.47026724,0.31101274
khanhha_noisy1::Rissbilder_for_Florian_9S6A2896_28_1443_3701_3540.jpg,0.14289118,0.2525151,0.6045937
khanhha_noisy1::Rissbilder_for_Florian_9S6A2896_616_2037_3008_3401.jpg,0.17032997,0.24136142,0.5883086
khanhha_noisy1::Rissbilder_for_Florian_9S6A2896_788_3134_2243_2150.jpg,0.19564539,0.1596652,0.6446894
khanhha_noisy1::Rissbilder_for_Florian_9S6A2917_0_74_3825_4343.jpg,0.3263282,0.21771395,0.45595792
khanhha_noisy1::Rissbilder_for_Florian_9S6A2917_313_1519_3434_4037.jpg,0.36514267,0.22642858,0.40842876
khanhha_noisy1::Rissbilder_for_Florian_9S6A2917_486_1027_3148_3681.jpg,0.355649,0.1809614,0.46338964
khanhha_noisy1::Rissbilder_for_Florian_9S6A2917_599_2662_2081_2529.jpg,0.2123738,0.1152147,0.6724115
khanhha_noisy1::Rissbilder_for_Florian_9S6A3085_46_1568_3730_4175.jpg,0.12702364,0.10092059,0.77205575
khanhha_noisy1::Rissbilder_for_Florian_9S6A3085_497_692_2640_2077.jpg,0.089651816,0.03451517,0.87583303
khanhha_noisy1::Rissbilder_for_Florian_9S6A3085_67_497_3262_3700.jpg,0.08492367,0.021770652,0.89330566
khanhha_noisy1::Rissbilder_for_Florian_9S6A3091_375_333_2309_2364.jpg,0.3730742,0.31193107,0.31499475
khanhha_noisy1::Rissbilder_for_Florian_9S6A3091_481_1320_3311_3035.jpg,0.196739,0.3723134,0.4309476
khanhha_noisy1::Rissbilder_for_Florian_9S6A3092_272_70_2808_2402.jpg,0.31256726,0.32684025,0.3605925
khanhha_noisy1::Rissbilder_for_Florian_9S6A3092_3399_925_2286_2829.jpg,0.45202127,0.30470955,0.24326918
khanhha_noisy1::Rissbilder_for_Florian_9S6A3092_623_215_3689_2974.jpg,0.31572494,0.3028156,0.38145944
khanhha_noisy1::Rissbilder_for_Florian_9S6A3095_418_2347_2757_3271.jpg,0.30151784,0.4322753,0.26620686
khanhha_noisy1::Rissbilder_for_Florian_9S6A3095_514_444_3123_3906.jpg,0.41388038,0.23565908,0.3504605
khanhha_noisy1::Rissbilder_for_Florian_9S6A3095_592_717_2568_2704.jpg,0.42370272,0.2856544,0.29064292
khanhha_noisy1::Rissbilder_for_Florian_9S6A3095_89_2165_3402_3441.jpg,0.3101362,0.42658696,0.26327688
khanhha_noisy1::Rissbilder_for_Florian_9S6A3096_347_506_3372_3116.jpg,0.12421408,0.063623175,0.81216276
khanhha_noisy1::Rissbilder_for_Florian_9S6A3096_515_1896_2914_2761.jpg,0.16962764,0.17042941,0.659943
khanhha_noisy1::Rissbilder_for_Florian_9S6A3096_899_155_2326_2742.jpg,0.14875181,0.12123593,0.73001224
khanhha_noisy1::Rissbilder_for_Florian_9S6A3109_163_622_3006_3321.jpg,0.21780789,0.086249374,0.6959427
khanhha_noisy1::Rissbilder_for_Florian_9S6A3109_440_362_3337_4316.jpg,0.11947022,0.07706757,0.8034622
khanhha_noisy1::Rissbilder_for_Florian_9S6A3109_793_2237_2466_2142.jpg,0.13383903,0.09948864,0.7666723
khanhha_noisy1::Rissbilder_for_Florian_9S6A3113_104_526_3717_3372.jpg,0.075768664,0.089681104,0.8345502
khanhha_noisy1::Rissbilder_for_Florian_9S6A3114_1215_3118_2077_2478.jpg,0.1795824,0.062736824,0.7576808
khanhha_noisy1::Rissbilder_for_Florian_9S6A3114_358_1983_3344_3063.jpg,0.24336648,0.21837845,0.53825504
khanhha_noisy1::Rissbilder_for_Florian_9S6A3114_871_3543_2822_2137.jpg,0.11174034,0.065538146,0.8227215
khanhha_noisy1::Rissbilder_for_Florian_9S6A3128_304_338_2449_2867.jpg,0.27937952,0.07912723,0.6414932
khanhha_noisy1::Rissbilder_for_Florian_9S6A3128_580_813_2343_2413.jpg,0.21918623,0.06068358,0.7201302
khanhha_noisy1::Rissbilder_for_Florian_9S6A3128_7_578_2768_3056.jpg,0.23283821,0.077405654,0.68975616
khanhha_noisy1::Rissbilder_for_Florian_9S6A3131_308_1998_2814_2860.jpg,0.1383608,0.060080346,0.8015588
khanhha_noisy1::Rissbilder_for_Florian_9S6A3131_389_1670_3375_3959.jpg,0.13193995,0.065801755,0.8022583
khanhha_noisy1::Rissbilder_for_Florian_9S6A3131_542_1698_3243_3761.jpg,0.14882849,0.062927864,0.78824365
khanhha_noisy1::Rissbilder_for_Florian_9S6A3135_339_1311_2661_3168.jpg,0.10698519,0.0744314,0.8185834
khanhha_noisy1::Rissbilder_for_Florian_9S6A3136_0_0_5760_3840.jpg,0.06280611,0.04543449,0.89175946
khanhha_noisy1::Rissbilder_for_Florian_9S6A3136_1628_12_2911_3801.jpg,0.06979045,0.051282752,0.8789269
khanhha_noisy1::Sylvie_Chambon_094.jpg,0.2667517,0.37799793,0.3552504
khanhha_noisy1::Sylvie_Chambon_107.jpg,0.19421159,0.27885675,0.52693164
khanhha_noisy1::Sylvie_Chambon_323.jpg,0.42861784,0.30745992,0.26392233
khanhha_noisy1::Sylvie_Chambon_Im_noGT_ESAR_21a.jpg,0.36494136,0.37455282,0.26050588
khanhha_noisy1::Volker_DSC01623_0_0_1824_2736.jpg,0.1724555,0.23873326,0.5888113
khanhha_noisy1::Volker_DSC01623_134_615_1595_1694.jpg,0.15591843,0.27712756,0.56695396
khanhha_noisy1::Volker_DSC01623_22_364_1793_1961.jpg,0.16910504,0.35217282,0.47872216
khanhha_noisy1::Volker_DSC01623_32_1414_1144_1043.jpg,0.27269042,0.17711273,0.5501969
khanhha_noisy1::Volker_DSC01633_217_183_1290_1578.jpg,0.33112708,0.30665,0.36222288
khanhha_noisy1::Volker_DSC01635_0_0_2736_1824.jpg,0.38010684,0.2032781,0.416615
khanhha_noisy1::Volker_DSC01635_130_334_986_1295.jpg,0.6466541,0.21779178,0.13555413
khanhha_noisy1::Volker_DSC01635_548_45_1336_1686.jpg,0.37090307,0.2948048,0.33429208
khanhha_noisy1::Volker_DSC01637_274_432_1128_1113.jpg,0.10328399,0.15972549,0.7369905
khanhha_noisy1::Volker_DSC01637_616_1353_1168_1288.jpg,0.2902176,0.1317806,0.5780018
khanhha_noisy1::Volker_DSC01640_376_6_2132_1787.jpg,0.17603286,0.46855408,0.3554131
khanhha_noisy1::Volker_DSC01640_747_235_1398_1374.jpg,0.24598965,0.45520782,0.29880252
khanhha_noisy1::Volker_DSC01644_612_414_1320_1175.jpg,0.22851768,0.4588325,0.31264982
khanhha_noisy1::Volker_DSC01649_0_0_1824_2736.jpg,0.24224518,0.37096125,0.38679358
khanhha_noisy1::Volker_DSC01649_128_1341_1226_1195.jpg,0.21669284,0.49579856,0.28750867
khanhha_noisy1::Volker_DSC01652_217_429_1194_1007.jpg,0.15113743,0.193365,0.65549755
khanhha_noisy1::Volker_DSC01652_699_100_1925_1592.jpg,0.14177844,0.32045805,0.53776354
khanhha_noisy1::Volker_DSC01653_120_360_1526_1294.jpg,0.20721461,0.17058001,0.6222054
khanhha_noisy1::Volker_DSC01653_441_257_1154_966.jpg,0.271584,0.22300112,0.50541484
khanhha_noisy1::Volker_DSC01653_635_9_1390_1253.jpg,0.21171968,0.33983007,0.4484503
khanhha_noisy1::Volker_DSC01653_791_41_1849_1670.jpg,0.17677422,0.24844466,0.5747811
khanhha_noisy1::Volker_DSC01666_185_540_876_1155.jpg,0.124488175,0.29405412,0.5814577
khanhha_noisy1::Volker_DSC01672_140_255_1259_1633.jpg,0.19186895,0.1335878,0.67454326
khanhha_noisy1::Volker_DSC01672_236_664_1240_1592.jpg,0.1515315,0.2723171,0.57615143
khanhha_noisy1::Volker_DSC01672_39_1294_1098_1354.jpg,0.23820718,0.22058244,0.5412104
khanhha_noisy1::Volker_DSC01676_146_1254_955_1190.jpg,0.2928027,0.32655635,0.38064092
khanhha_noisy1::Volker_DSC01676_35_128_1239_1463.jpg,0.23282838,0.13108462,0.636087
khanhha_noisy1::Volker_DSC01679_0_0_1824_2736.jpg,0.23914534,0.22735792,0.53349674
khanhha_noisy1::Volker_DSC01679_0_789_1823_1945.jpg,0.38384083,0.16254884,0.4536103
khanhha_noisy1::Volker_DSC01679_67_383_1713_2223.jpg,0.24726276,0.2435208,0.5092164
khanhha_noisy1::Volker_DSC01680_0_0_1824_2736.jpg,0.20616584,0.26086575,0.5329684
khanhha_noisy1::Volker_DSC01680_146_194_1555_1973.jpg,0.25043243,0.19899423,0.55057335
khanhha_noisy1::Volker_DSC01680_168_539_1554_1946.jpg,0.23017097,0.22933611,0.54049295
khanhha_noisy1::Volker_DSC01680_63_445_1729_1300.jpg,0.28500238,0.22951315,0.48548445
khanhha_noisy1::Volker_DSC01683_67_1024_1660_1636.jpg,0.38423532,0.18721671,0.428548
khanhha_noisy1::Volker_DSC01692_28_197_1636_1369.jpg,0.2543497,0.33620107,0.4094492
khanhha_noisy1::Volker_DSC01700_158_517_1605_1442.jpg,0.35475782,0.335272,0.30997014
khanhha_noisy1::Volker_DSC01703_23_907_1787_1745.jpg,0.33587053,0.26897293,0.3951565
khanhha_noisy1::Volker_DSC01703_413_202_1272_965.jpg,0.48185906,0.18423001,0.33391097
khanhha_noisy1::Volker_DSC01703_599_1250_1072_1001.jpg,0.24068238,0.31880504,0.4405126
khanhha_noisy1::Volker_DSC01707_33_309_1713_1946.jpg,0.2631435,0.39888588,0.33797064
khanhha_noisy1::Volker_DSC01707_44_131_1757_2144.jpg,0.23344396,0.3306444,0.43591166
khanhha_noisy1::Volker_DSC01707_540_967_1161_1226.jpg,0.17853189,0.44522998,0.37623814
khanhha_noisy1::cracktree200_6234.jpg,0.3727114,0.415414,0.21187459
khanhha_noisy1::cracktree200_6261.jpg,0.30376372,0.44396323,0.25227308
khanhha_noisy1::cracktree200_6301.jpg,0.24120028,0.45970622,0.2990935
khanhha_noisy1::cracktree200_6645.jpg,0.40334314,0.2718041,0.32485276
khanhha_noisy1::cracktree200_6647.jpg,0.43962437,0.17691737,0.3834583
khanhha_noisy1::forest_006.jpg,0.4398539,0.24060617,0.31953993
khanhha_noisy1::forest_038.jpg,0.25106746,0.27988023,0.4690524
khanhha_noisy1::forest_087.jpg,0.35729608,0.22852467,0.41417924
khanhha_noisy1::forest_094.jpg,0.2667517,0.37799793,0.3552504
khanhha_noisy1::noncrack_noncrack_concrete_wall_101_2.jpg.jpg,0.5975468,0.10893742,0.29351577
khanhha_noisy1::noncrack_noncrack_concrete_wall_101_8.jpg.jpg,0.5975468,0.10893742,0.29351577
khanhha_noisy1::noncrack_noncrack_concrete_wall_101_9.jpg.jpg,0.62873,0.14423402,0.22703595
khanhha_noisy1::noncrack_noncrack_concrete_wall_103_0.jpg.jpg,0.006426553,0.89366364,0.0999098
khanhha_noisy1::noncrack_noncrack_concrete_wall_103_1.jpg.jpg,0.010585724,0.8697828,0.11963148
khanhha_noisy1::noncrack_noncrack_concrete_wall_13_2.jpg.jpg,0.08276157,0.8163524,0.100886025
khanhha_noisy1::noncrack_noncrack_concrete_wall_13_4.jpg.jpg,0.08493717,0.7162567,0.1988061
khanhha_noisy1::noncrack_noncrack_concrete_wall_13_6.jpg.jpg,0.088974066,0.629505,0.28152087
khanhha_noisy1::noncrack_noncrack_concrete_wall_23_1.jpg.jpg,0.033656463,0.9509384,0.015405128
khanhha_noisy1::noncrack_noncrack_concrete_wall_23_4.jpg.jpg,0.025798468,0.9665936,0.0076079057
khanhha_noisy1::noncrack_noncrack_concrete_wall_23_5.jpg.jpg,0.038162943,0.9491835,0.012653511
khanhha_noisy1::noncrack_noncrack_concrete_wall_23_7.jpg.jpg,0.050843205,0.9308441,0.018312695
khanhha_noisy1::noncrack_noncrack_concrete_wall_28_0.jpg.jpg,0.3470659,0.36769608,0.28523797
khanhha_noisy1::noncrack_noncrack_concrete_wall_30_2.jpg.jpg,0.10453132,0.8273057,0.068163075
khanhha_noisy1::noncrack_noncrack_concrete_wall_41_11.jpg.jpg,0.108582966,0.84338063,0.048036385
khanhha_noisy1::noncrack_noncrack_concrete_wall_41_12.jpg.jpg,0.17559789,0.76184565,0.062556446
khanhha_noisy1::noncrack_noncrack_concrete_wall_41_2.jpg.jpg,0.19771065,0.71964043,0.08264893
khanhha_noisy1::noncrack_noncrack_concrete_wall_41_35.jpg.jpg,0.13320622,0.80609125,0.06070248
khanhha_noisy1::noncrack_noncrack_concrete_wall_41_37.jpg.jpg,0.08810322,0.8738684,0.03802838
khanhha_noisy1::noncrack_noncrack_concrete_wall_41_38.jpg.jpg,0.14648412,0.80927384,0.044242006
khanhha_noisy1::noncrack_noncrack_concrete_wall_41_4.jpg.jpg,0.14367549,0.79542893,0.060895562
khanhha_noisy1::noncrack_noncrack_concrete_wall_41_43.jpg.jpg,0.10557647,0.8398788,0.05454467
khanhha_noisy1::noncrack_noncrack_concrete_wall_41_48.jpg.jpg,0.13328284,0.8270549,0.039662212
khanhha_noisy1::noncrack_noncrack_concrete_wall_41_58.jpg.jpg,0.12882473,0.8272261,0.043949213
khanhha_noisy1::noncrack_noncrack_concrete_wall_41_63.jpg.jpg,0.21204647,0.7113726,0.076581016
khanhha_noisy1::noncrack_noncrack_concrete_wall_41_65.jpg.jpg,0.21289343,0.7068408,0.080265805
khanhha_noisy1::noncrack_noncrack_concrete_wall_42_6.jpg.jpg,0.046297252,0.9159827,0.03772004
khanhha_noisy1::noncrack_noncrack_concrete_wall_53_3.jpg.jpg,0.03197309,0.94264156,0.025385318
khanhha_noisy1::noncrack_noncrack_concrete_wall_58_0.jpg.jpg,0.2600101,0.6340187,0.10597115
khanhha_noisy1::noncrack_noncrack_concrete_wall_58_11.jpg.jpg,0.3053599,0.5835456,0.11109449
khanhha_noisy1::noncrack_noncrack_concrete_wall_58_12.jpg.jpg,0.3054418,0.54467064,0.1498875
khanhha_noisy1::noncrack_noncrack_concrete_wall_58_13.jpg.jpg,0.2602072,0.56843406,0.1713587
khanhha_noisy1::noncrack_noncrack_concrete_wall_58_6.jpg.jpg,0.30101824,0.59115845,0.107823364
khanhha_noisy1::noncrack_noncrack_concrete_wall_58_8.jpg.jpg,0.26761785,0.6061217,0.12626041
khanhha_noisy1::noncrack_noncrack_concrete_wall_60_13.jpg.jpg,0.1582716,0.80419064,0.037537765
khanhha_noisy1::noncrack_noncrack_concrete_wall_60_6.jpg.jpg,0.09527019,0.86961687,0.035112903
khanhha_noisy1::noncrack_noncrack_concrete_wall_60_8.jpg.jpg,0.058813594,0.9261451,0.015041421
khanhha_noisy1::noncrack_noncrack_concrete_wall_69_6.jpg.jpg,0.17890191,0.6976329,0.12346515
khanhha_noisy1::noncrack_noncrack_concrete_wall_72_0.jpg.jpg,0.0062082848,0.9814446,0.012347244
khanhha_noisy1::noncrack_noncrack_concrete_wall_77_1.jpg.jpg,0.19621213,0.69301856,0.110769294
khanhha_noisy1::noncrack_noncrack_concrete_wall_77_5.jpg.jpg,0.12413955,0.81606627,0.0597942
khanhha_noisy1::noncrack_noncrack_concrete_wall_7_0.jpg.jpg,0.047160823,0.92355484,0.029284282
khanhha_noisy1::noncrack_noncrack_concrete_wall_7_1.jpg.jpg,0.09057437,0.88175,0.027675623
khanhha_noisy1::noncrack_noncrack_concrete_wall_81_4.jpg.jpg,0.32107404,0.44564632,0.2332797
khanhha_noisy1::noncrack_noncrack_concrete_wall_83_10.jpg.jpg,0.101082444,0.77271855,0.126199
khanhha_noisy1::noncrack_noncrack_concrete_wall_83_4.jpg.jpg,0.10297898,0.81872785,0.07829316
khanhha_noisy1::noncrack_noncrack_concrete_wall_83_9.jpg.jpg,0.09412298,0.78202677,0.123850234
khanhha_noisy1::noncrack_noncrack_concrete_wall_88_3.jpg.jpg,0.075057425,0.8509729,0.073969774
khanhha_noisy1::noncrack_noncrack_concrete_wall_94_4.jpg.jpg,0.029222814,0.93742305,0.033354063
khanhha_noisy2::CFD_019.jpg,0.45948106,0.29325148,0.24726741
khanhha_noisy2::CFD_084.jpg,0.32076672,0.27256408,0.40666917
khanhha_noisy2::CFD_109.jpg,0.269768,0.3875304,0.34270158
khanhha_noisy2::CFD_111.jpg,0.43895274,0.3250908,0.23595645
khanhha_noisy2::CRACK500_20160222_080933_361_1.jpg,0.36551243,0.3272908,0.30719674
khanhha_noisy2::CRACK500_20160222_081839_1_721.jpg,0.34412363,0.31583104,0.3400453
khanhha_noisy2::CRACK500_20160222_115219_1281_721.jpg,0.5248754,0.13896677,0.33615783
khanhha_noisy2::CRACK500_20160222_115324_1281_721.jpg,0.33447847,0.43110242,0.23441918
khanhha_noisy2::CRACK500_20160222_115324_641_1081.jpg,0.3772165,0.38123807,0.24154545
khanhha_noisy2::CRACK500_20160222_164822_1281_1.jpg,0.32709524,0.29453397,0.37837073
khanhha_noisy2::CRACK500_20160222_164822_641_1.jpg,0.39176217,0.2872036,0.3210342
khanhha_noisy2::CRACK500_20160222_164822_641_361.jpg,0.2919931,0.31382218,0.3941847
khanhha_noisy2::CRACK500_20160222_165951_1921_1.jpg,0.36264518,0.4816056,0.15574923
khanhha_noisy2::CRACK500_20160303_091830_361_1281.jpg,0.26241308,0.36718827,0.3703986
khanhha_noisy2::CRACK500_20160303_093527_1281_361.jpg,0.34348267,0.1905369,0.46598044
khanhha_noisy2::CRACK500_20160303_093537_1921_1081.jpg,0.36734113,0.27714822,0.35551062
khanhha_noisy2::CRACK500_20160306_103657_1921_721.jpg,0.37142688,0.16209555,0.46647754
khanhha_noisy2::CRACK500_20160306_103657_641_721.jpg,0.23320104,0.41816467,0.34863433
khanhha_noisy2::CRACK500_20160307_144924_1281_361.jpg,0.16001701,0.4963942,0.34358883
khanhha_noisy2::CRACK500_20160307_144924_641_361.jpg,0.16259381,0.41640595,0.4210002
khanhha_noisy2::CRACK500_20160307_164301_641_361.jpg,0.31604767,0.2336843,0.4502681
khanhha_noisy2::CRACK500_20160307_164517_1921_361.jpg,0.43964005,0.30553272,0.2548272
khanhha_noisy2::CRACK500_20160308_073532_1_361.jpg,0.08150259,0.2908119,0.6276855
khanhha_noisy2::CRACK500_20160308_074321_1921_361.jpg,0.11943699,0.37389174,0.5066713
khanhha_noisy2::CRACK500_20160308_160128_641_361.jpg,0.3125574,0.35803828,0.32940426
khanhha_noisy2::CRACK500_20160308_160128_641_721.jpg,0.22499602,0.53872246,0.23628154
khanhha_noisy2::CRACK500_20160316_142449_1_361.jpg,0.36640796,0.21326749,0.4203245
khanhha_noisy2::CRACK500_20160316_143527_641_1.jpg,0.18176557,0.39810213,0.42013237
khanhha_noisy2::CRACK500_20160316_143547_1281_1081.jpg,0.18050116,0.5478577,0.2716411
khanhha_noisy2::CRACK500_20160316_143629_1281_721.jpg,0.10803497,0.52426827,0.3676968
khanhha_noisy2::CRACK500_20160316_143629_1921_721.jpg,0.25412533,0.3259717,0.419903
khanhha_noisy2::CRACK500_20160318_084343_1281_361.jpg,0.3026642,0.25731224,0.44002354
khanhha_noisy2::CRACK500_20160318_181632_1_1.jpg,0.14821997,0.40943676,0.4423433
khanhha_noisy2::CRACK500_20160318_181632_1_361.jpg,0.14574124,0.38666952,0.4675893
khanhha_noisy2::CRACK500_20160318_181632_641_1.jpg,0.14826545,0.37733492,0.47439966
khanhha_noisy2::CRACK500_20160321_185557_1_361.jpg,0.18177691,0.5172625,0.3009605
khanhha_noisy2::CRACK500_20160321_185557_641_721.jpg,0.26502252,0.46330962,0.2716679
khanhha_noisy2::CRACK500_20160326_141812_1281_721.jpg,0.11238224,0.20973681,0.677881
khanhha_noisy2::CRACK500_20160326_141812_1921_721.jpg,0.12320482,0.29575393,0.5810412
khanhha_noisy2::CRACK500_20160326_142403_1921_361.jpg,0.33230373,0.39544657,0.27224967
khanhha_noisy2::CRACK500_20160326_162529_641_361.jpg,0.17708556,0.3443288,0.4785857
khanhha_noisy2::CRACK500_20160328_150821_1281_361.jpg,0.27702904,0.54343367,0.1795373
khanhha_noisy2::CRACK500_20160328_150821_1_721.jpg,0.39475647,0.33878633,0.26645717
khanhha_noisy2::CRACK500_20160328_150821_641_361.jpg,0.25742564,0.5145845,0.22798994
khanhha_noisy2::CRACK500_20160328_151027_1921_1.jpg,0.33013076,0.3496858,0.3201835
khanhha_noisy2::CRACK500_20160328_151027_641_361.jpg,0.23635377,0.43076292,0.33288336
khanhha_noisy2::CRACK500_20160328_151243_1_361.jpg,0.4927997,0.21283482,0.29436553
khanhha_noisy2::CRACK500_20160328_151247_641_1.jpg,0.2272079,0.6002048,0.1725873
khanhha_noisy2::CRACK500_20160328_151423_641_1081.jpg,0.4512459,0.2961982,0.25255585
khanhha_noisy2::CRACK500_20160328_151657_1281_1.jpg,0.33336216,0.4884421,0.1781958
khanhha_noisy2::CRACK500_20160328_151657_1921_721.jpg,0.50156903,0.32801354,0.17041743
khanhha_noisy2::CRACK500_20160328_151657_1_361.jpg,0.31763846,0.4982326,0.18412888
khanhha_noisy2::CRACK500_20160328_151657_641_361.jpg,0.29479584,0.47729486,0.22790931
khanhha_noisy2::CRACK500_20160328_151657_641_721.jpg,0.41340217,0.23606162,0.35053617
khanhha_noisy2::CRACK500_20160328_152308_1_361.jpg,0.3749192,0.38736054,0.23772027
khanhha_noisy2::CRACK500_20160328_153327_1_721.jpg,0.18494962,0.5406043,0.27444604
khanhha_noisy2::CRACK500_20160328_153421_641_1.jpg,0.13193795,0.58890784,0.2791542
khanhha_noisy2::CRACK500_20160328_153533_1281_1.jpg,0.28739324,0.48292387,0.2296828
khanhha_noisy2::CRACK500_20160328_153533_1281_721.jpg,0.2511632,0.31795016,0.43088657
khanhha_noisy2::CRACK500_20160328_153533_1_1081.jpg,0.20654483,0.38569847,0.4077567
khanhha_noisy2::CRACK500_20160328_153612_1281_1081.jpg,0.3334827,0.36621395,0.30030337
khanhha_noisy2::CRACK500_20160328_153616_1281_361.jpg,0.16239357,0.67808944,0.15951699
khanhha_noisy2::CRACK500_20160328_153714_1_1.jpg,0.29910445,0.43562856,0.26526707
khanhha_noisy2::CRACK500_20160328_153714_1_1081.jpg,0.18292244,0.56941617,0.24766135
khanhha_noisy2::CRACK500_20160328_153714_641_721.jpg,0.28330097,0.30243355,0.4142655
khanhha_noisy2::CRACK500_20160328_153718_1281_1.jpg,0.23170806,0.4173198,0.35097218
khanhha_noisy2::CRACK500_20160328_153718_1921_1.jpg,0.24076739,0.47734803,0.28188452
khanhha_noisy2::CRACK500_20160328_153813_1281_1081.jpg,0.20415018,0.5480112,0.24783857
khanhha_noisy2::CRACK500_20160328_153813_1921_1081.jpg,0.3589915,0.3467989,0.2942096
khanhha_noisy2::CRACK500_20160328_154011_1921_1.jpg,0.2923631,0.1981394,0.5094975
khanhha_noisy2::CRACK500_20160328_154202_1281_1.jpg,0.17393589,0.4189478,0.40711635
khanhha_noisy2::CRACK500_20160328_154202_1281_1081.jpg,0.3403,0.1881786,0.47152135
khanhha_noisy2::CRACK500_20160328_154202_1921_361.jpg,0.26293764,0.34074605,0.39631632
khanhha_noisy2::CRACK500_20160328_154202_641_1081.jpg,0.3143104,0.42680377,0.25888586
khanhha_noisy2::CRACK500_20160328_154321_1281_1.jpg,0.23557626,0.4756026,0.28882113
khanhha_noisy2::CRACK500_20160329_094452_1_721.jpg,0.30903396,0.42028922,0.27067676
khanhha_noisy2::CRACK500_20160329_101347_1921_721.jpg,0.27276087,0.513901,0.21333812
khanhha_noisy2::CRACK500_20160329_104031_1281_721.jpg,0.30546117,0.25246152,0.4420773
khanhha_noisy2::CRACK500_20160329_104031_1921_721.jpg,0.17236468,0.3721445,0.45549083
khanhha_noisy2::CRACK500_20160329_104031_641_1081.jpg,0.2903895,0.32586646,0.38374403
khanhha_noisy2::CRACK500_20160329_104107_1921_721.jpg,0.32539767,0.40988576,0.2647166
khanhha_noisy2::CRACK500_20160329_104107_1_721.jpg,0.40861484,0.3678291,0.22355601
khanhha_noisy2::CRACK500_20160329_104152_1_721.jpg,0.34522963,0.31724128,0.33752912
khanhha_noisy2::CRACK500_20160329_104152_641_721.jpg,0.33763894,0.27888277,0.38347825
khanhha_noisy2::CRACK500_20160330_160957_1921_1081.jpg,0.3902578,0.31192073,0.29782143
khanhha_noisy2::CRACK500_20160330_160957_1_721.jpg,0.47160336,0.31276327,0.21563338
khanhha_noisy2::CRACK500_20160330_163946_641_361.jpg,0.27522412,0.3976668,0.32710904
khanhha_noisy2::CRACK500_20160330_170014_641_361.jpg,0.39558756,0.12812047,0.47629195
khanhha_noisy2::CRACK500_20160330_170014_641_721.jpg,0.23624311,0.4152689,0.348488
khanhha_noisy2::CRACK500_20160330_172305_1_1081.jpg,0.39232066,0.18327898,0.4244004
khanhha_noisy2::CRACK500_20160330_172305_1_721.jpg,0.32853523,0.37453708,0.29692772
khanhha_noisy2::CRACK500_20160330_172309_1_721.jpg,0.24813987,0.25914297,0.49271715
khanhha_noisy2::CRACK500_20160402_150110_1281_361.jpg,0.25046036,0.4344297,0.31510994
khanhha_noisy2::CRACK500_20160402_150110_1921_361.jpg,0.20195863,0.48290688,0.31513447
khanhha_noisy2::CRACK500_20160402_150110_641_721.jpg,0.1875711,0.4143049,0.39812395
khanhha_noisy2::CRACK500_20160405_171348_1921_721.jpg,0.20621958,0.15720245,0.63657796
khanhha_noisy2::CRACK500_20160405_172849_1921_1.jpg,0.27107725,0.28315768,0.44576505
khanhha_noisy2::CRACK500_20160405_172908_1281_1.jpg,0.13424386,0.5482843,0.31747186
khanhha_noisy2::CRACK500_20160407_163515_1281_721.jpg,0.2802273,0.34489837,0.37487432
khanhha_noisy2::CRACK500_20160407_163515_1_361.jpg,0.19539487,0.6251113,0.17949389
khanhha_noisy2::CRACK500_20160407_165009_1281_721.jpg,0.27730745,0.5629758,0.15971668
khanhha_noisy2::CRACK500_20160407_165009_1_721.jpg,0.42157352,0.24985622,0.32857025
khanhha_noisy2::CRACK500_20160415_191330_1921_361.jpg,0.35486948,0.4442891,0.20084146
khanhha_noisy2::CRACK500_20160415_191330_641_721.jpg,0.4496898,0.36636028,0.18394992
khanhha_noisy2::CRACK500_IMG_2935_649_969.jpg,0.22124511,0.35081837,0.42793652
khanhha_noisy2::DeepCrack_11165-2.jpg,0.35339063,0.25466776,0.39194164
khanhha_noisy2::DeepCrack_11165.jpg,0.48318636,0.30292335,0.2138903
khanhha_noisy2::DeepCrack_11197-2.jpg,0.19282359,0.50573415,0.30144227
khanhha_noisy2::DeepCrack_11197-4.jpg,0.4453104,0.30540767,0.24928187
khanhha_noisy2::DeepCrack_11236-1.jpg,0.22659487,0.45320663,0.32019854
khanhha_noisy2::DeepCrack_11236-4.jpg,0.22887212,0.3795634,0.39156452
khanhha_noisy2::DeepCrack_11249-4.jpg,0.14901501,0.3773943,0.4735907
khanhha_noisy2::DeepCrack_11249-7.jpg,0.21630272,0.3723093,0.41138792
khanhha_noisy2::DeepCrack_11270-2.jpg,0.13573994,0.14767608,0.716584
khanhha_noisy2::DeepCrack_11294.jpg,0.28641737,0.091187745,0.6223949
khanhha_noisy2::DeepCrack_11296-18.jpg,0.25399247,0.38090602,0.36510143
khanhha_noisy2::DeepCrack_11296-19.jpg,0.26762596,0.39613006,0.336244
khanhha_noisy2::DeepCrack_11296-4.jpg,0.24177518,0.544636,0.21358882
khanhha_noisy2::DeepCrack_11296-7.jpg,0.16674764,0.51928514,0.31396723
khanhha_noisy2::DeepCrack_IMG33-12.jpg,0.43810782,0.23783529,0.32405686
khanhha_noisy2::DeepCrack_IMG33-16.jpg,0.29692733,0.4708672,0.23220539
khanhha_noisy2::DeepCrack_IMG33-9.jpg,0.44323266,0.23356922,0.3231981
khanhha_noisy2::Eugen_Muller_9360_329_209_632_479.jpg,0.38602614,0.33112338,0.28285053
khanhha_noisy2::Eugen_Muller_9360_7_26_751_632.jpg,0.7288362,0.10047841,0.17068535
khanhha_noisy2::Eugen_Muller_9360_99_556_518_594.jpg,0.41268215,0.2288425,0.35847533
khanhha_noisy2::GAPS384_test_0005_541_641.jpg,0.33081988,0.43098694,0.23819321
khanhha_noisy2::GAPS384_test_0040_541_1.jpg,0.44186336,0.46555343,0.09258323
khanhha_noisy2::GAPS384_test_0274_541_1.jpg,0.6191714,0.23042543,0.15040314
khanhha_noisy2::GAPS384_train_0597_1_1.jpg,0.19221953,0.45821103,0.3495694
khanhha_noisy2::GAPS384_train_0649_1_641.jpg,0.5817629,0.21992257,0.19831455
khanhha_noisy2::GAPS384_train_0680_541_641.jpg,0.58127946,0.29344198,0.12527855
khanhha_noisy2::GAPS384_train_0695_541_1.jpg,0.5797123,0.34655014,0.073737636
khanhha_noisy2::GAPS384_train_1010_541_641.jpg,0.3280937,0.31153768,0.3603686
khanhha_noisy2::GAPS384_train_1120_541_641.jpg,0.28862807,0.236687,0.47468495
khanhha_noisy2::GAPS384_train_1124_1_641.jpg,0.30105585,0.13948351,0.55946064
khanhha_noisy2::GAPS384_train_1183_541_1.jpg,0.63420165,0.2691185,0.09667989
khanhha_noisy2::Rissbilder_for_Florian_9S6A2798_499_1239_3234_3324.jpg,0.44030917,0.2511134,0.30857745
khanhha_noisy2::Rissbilder_for_Florian_9S6A2798_614_1857_2201_2501.jpg,0.39985505,0.24576584,0.35437906
khanhha_noisy2::Rissbilder_for_Florian_9S6A2798_697_1777_2994_3062.jpg,0.49642995,0.21059537,0.29297462
khanhha_noisy2::Rissbilder_for_Florian_9S6A2800_191_3241_2390_2435.jpg,0.078264914,0.551768,0.36996707
khanhha_noisy2::Rissbilder_for_Florian_9S6A2800_195_2531_3219_2684.jpg,0.07547593,0.31043658,0.61408746
khanhha_noisy2::Rissbilder_for_Florian_9S6A2800_382_814_2795_2670.jpg,0.09058256,0.26320997,0.64620745
khanhha_noisy2::Rissbilder_for_Florian_9S6A2800_48_573_3788_4425.jpg,0.034443885,0.26188526,0.70367086
khanhha_noisy2::Rissbilder_for_Florian_9S6A2800_552_1819_3171_3588.jpg,0.04637908,0.23180756,0.72181344
khanhha_noisy2::Rissbilder_for_Florian_9S6A2800_817_399_2611_2043.jpg,0.10364173,0.63469106,0.26166713
khanhha_noisy2::Rissbilder_for_Florian_9S6A2811_119_80_3414_3691.jpg,0.08507971,0.88654244,0.028377919
khanhha_noisy2::Rissbilder_for_Florian_9S6A2811_1873_211_2406_2890.jpg,0.07841861,0.8692672,0.05231408
khanhha_noisy2::Rissbilder_for_Florian_9S6A2812_1545_131_2276_2406.jpg,0.036341928,0.94867504,0.014982944
khanhha_noisy2::Rissbilder_for_Florian_9S6A2812_372_1081_3294_3264.jpg,0.045040052,0.9293531,0.025606846
khanhha_noisy2::Rissbilder_for_Florian_9S6A2812_6_41_3627_3234.jpg,0.06064096,0.9045031,0.034855876
khanhha_noisy2::Rissbilder_for_Florian_9S6A2815_1237_159_3590_2891.jpg,0.13043033,0.80440813,0.06516156
khanhha_noisy2::Rissbilder_for_Florian_9S6A2821_1009_504_3415_2649.jpg,0.70258516,0.23497711,0.06243776
khanhha_noisy2::Rissbilder_for_Florian_9S6A2821_1089_894_2343_2903.jpg,0.6718878,0.26187295,0.066239305
khanhha_noisy2::Rissbilder_for_Florian_9S6A2821_2779_46_2936_3794.jpg,0.6686895,0.28062698,0.05068354
khanhha_noisy2::Rissbilder_for_Florian_9S6A2825_325_1707_3330_2732.jpg,0.43368167,0.5003529,0.065965414
khanhha_noisy2::Rissbilder_for_Florian_9S6A2825_340_882_2590_2354.jpg,0.38133004,0.56997365,0.04869632
khanhha_noisy2::Rissbilder_for_Florian_9S6A2825_565_2563_2166_2123.jpg,0.5251172,0.4244845,0.050398283
khanhha_noisy2::Rissbilder_for_Florian_9S6A2825_65_315_3693_4161.jpg,0.18754993,0.7728159,0.039634164
khanhha_noisy2::Rissbilder_for_Florian_9S6A2825_711_1408_2863_2522.jpg,0.47266564,0.44457048,0.08276395
khanhha_noisy2::Rissbilder_for_Florian_9S6A2825_71_1920_3644_3801.jpg,0.22656637,0.7348251,0.03860852
khanhha_noisy2::Rissbilder_for_Florian_9S6A2826_0_0_3840_5760.jpg,0.18896466,0.6658803,0.14515498
khanhha_noisy2::Rissbilder_for_Florian_9S6A2826_418_1200_2774_3626.jpg,0.27214986,0.56534594,0.16250414
khanhha_noisy2::Rissbilder_for_Florian_9S6A2826_65_1595_3304_2654.jpg,0.26866695,0.6127046,0.11862849
khanhha_noisy2::Rissbilder_for_Florian_9S6A2826_985_495_2477_3280.jpg,0.39192018,0.4188414,0.18923838
khanhha_noisy2::Rissbilder_for_Florian_9S6A2834_1012_1643_2453_3015.jpg,0.5438119,0.37221566,0.08397248
khanhha_noisy2::Rissbilder_for_Florian_9S6A2834_18_332_3392_3333.jpg,0.64878696,0.24256036,0.108652614
khanhha_noisy2::Rissbilder_for_Florian_9S6A2834_196_114_2762_3611.jpg,0.6178473,0.23761009,0.14454257
khanhha_noisy2::Rissbilder_for_Florian_9S6A2834_40_1275_3784_4195.jpg,0.70236206,0.24147514,0.0561628
khanhha_noisy2::Rissbilder_for_Florian_9S6A2838_1264_697_1978_2438.jpg,0.5208132,0.25323072,0.22595602
khanhha_noisy2::Rissbilder_for_Florian_9S6A2838_419_638_3373_4346.jpg,0.38030568,0.32883906,0.29085523
khanhha_noisy2::Rissbilder_for_Florian_9S6A2838_565_1405_2810_2334.jpg,0.42760676,0.34410268,0.22829056
khanhha_noisy2::Rissbilder_for_Florian_9S6A2842_321_767_3019_3008.jpg,0.6505074,0.20878457,0.14070809
khanhha_noisy2::Rissbilder_for_Florian_9S6A2842_635_1731_1931_2541.jpg,0.6548925,0.26003283,0.08507464
khanhha_noisy2::Rissbilder_for_Florian_9S6A2842_70_2154_3631_3282.jpg,0.652048,0.23225622,0.11569575
khanhha_noisy2::Rissbilder_for_Florian_9S6A2846_230_168_2768_2605.jpg,0.33664256,0.51212835,0.15122905
khanhha_noisy2::Rissbilder_for_Florian_9S6A2846_268_1498_2452_2689.jpg,0.46964824,0.1710592,0.3592925
khanhha_noisy2::Rissbilder_for_Florian_9S6A2846_330_640_3250_2553.jpg,0.3675407,0.29923648,0.33322287
khanhha_noisy2::Rissbilder_for_Florian_9S6A2846_392_1024_2627_3077.jpg,0.4580565,0.3042307,0.23771282
khanhha_noisy2::Rissbilder_for_Florian_9S6A2846_64_1600_3177_3483.jpg,0.37615126,0.35137153,0.27247718
khanhha_noisy2::Rissbilder_for_Florian_9S6A2857_1203_1130_2423_3169.jpg,0.6823978,0.24672826,0.07087394
khanhha_noisy2::Rissbilder_for_Florian_9S6A2857_148_211_2303_2832.jpg,0.62899643,0.2795605,0.0914431
khanhha_noisy2::Rissbilder_for_Florian_9S6A2857_159_2331_3518_2794.jpg,0.62852037,0.18231708,0.18916263
khanhha_noisy2::Rissbilder_for_Florian_9S6A2857_585_241_3220_4175.jpg,0.61332196,0.30308673,0.08359127
khanhha_noisy2::Rissbilder_for_Florian_9S6A2857_807_939_2369_1886.jpg,0.3681864,0.56102985,0.07078373
khanhha_noisy2::Rissbilder_for_Florian_9S6A2857_89_2266_3467_3213.jpg,0.71093684,0.148032,0.14103125
khanhha_noisy2::Rissbilder_for_Florian_9S6A2860_109_355_3609_3381.jpg,0.48205492,0.42602062,0.091924496
khanhha_noisy2::Rissbilder_for_Florian_9S6A2860_2652_869_3027_2537.jpg,0.6609072,0.20780393,0.13128893
khanhha_noisy2::Rissbilder_for_Florian_9S6A2860_476_406_3989_3027.jpg,0.53539413,0.35831416,0.10629168
khanhha_noisy2::Rissbilder_for_Florian_9S6A2860_707_1403_2200_2149.jpg,0.48558313,0.43488732,0.07952959
khanhha_noisy2::Rissbilder_for_Florian_9S6A2869_107_1230_3580_4395.jpg,0.27560115,0.6814738,0.042925064
khanhha_noisy2::Rissbilder_for_Florian_9S6A2869_1234_372_2013_2272.jpg,0.10709304,0.84657717,0.046329785
khanhha_noisy2::Rissbilder_for_Florian_9S6A2869_171_1902_3454_3763.jpg,0.202957,0.74145526,0.05558783
khanhha_noisy2::Rissbilder_for_Florian_9S6A2869_37_1430_3692_3865.jpg,0.37943688,0.5514396,0.06912354
khanhha_noisy2::Rissbilder_for_Florian_9S6A2869_6_538_3621_3662.jpg,0.29963955,0.6405988,0.059761662
khanhha_noisy2::Rissbilder_for_Florian_9S6A2869_855_1425_2447_2662.jpg,0.15302442,0.78403044,0.062945224
khanhha_noisy2::Rissbilder_for_Florian_9S6A2869_878_3059_2683_2082.jpg,0.07079632,0.8797726,0.04943103
khanhha_noisy2::Rissbilder_for_Florian_9S6A2870_121_518_3261_3345.jpg,0.25486192,0.6935782,0.05155995
khanhha_noisy2::Rissbilder_for_Florian_9S6A2870_504_1261_2761_3438.jpg,0.21570814,0.7098399,0.07445197
khanhha_noisy2::Rissbilder_for_Florian_9S6A2880_1244_1022_2375_2527.jpg,0.44041318,0.2948875,0.2646993
khanhha_noisy2::Rissbilder_for_Florian_9S6A2880_131_2019_3358_3435.jpg,0.5024354,0.25695217,0.24061248
khanhha_noisy2::Rissbilder_for_Florian_9S6A2880_1_709_3836_3003.jpg,0.36255592,0.31925118,0.31819293
khanhha_noisy2::Rissbilder_for_Florian_9S6A2880_277_388_3305_4321.jpg,0.4122181,0.17537805,0.4124038
khanhha_noisy2::Rissbilder_for_Florian_9S6A2881_0_0_3840_5760.jpg,0.2153713,0.22042188,0.56420684
khanhha_noisy2::Rissbilder_for_Florian_9S6A2881_1046_39_2575_3270.jpg,0.22623418,0.4118732,0.3618927
khanhha_noisy2::Rissbilder_for_Florian_9S6A2881_277_1792_3424_2971.jpg,0.14898989,0.27479643,0.5762137
khanhha_noisy2::Rissbilder_for_Florian_9S6A2881_77_297_3144_3819.jpg,0.18561138,0.30236426,0.51202434
khanhha_noisy2::Rissbilder_for_Florian_9S6A2888_133_918_3617_3712.jpg,0.18372056,0.33303738,0.4832421
khanhha_noisy2::Rissbilder_for_Florian_9S6A2896_0_0_3840_5760.jpg,0.11961216,0.4256866,0.45470124
khanhha_noisy2::Rissbilder_for_Florian_9S6A2896_1287_1184_2528_1916.jpg,0.12578142,0.678534,0.1956846
khanhha_noisy2::Rissbilder_for_Florian_9S6A2896_1446_730_2288_2912.jpg,0.17565951,0.5627723,0.26156828
khanhha_noisy2::Rissbilder_for_Florian_9S6A2896_28_1443_3701_3540.jpg,0.034296826,0.6029767,0.36272654
khanhha_noisy2::Rissbilder_for_Florian_9S6A2896_616_2037_3008_3401.jpg,0.065340996,0.53073883,0.40392017
khanhha_noisy2::Rissbilder_for_Florian_9S6A2896_788_3134_2243_2150.jpg,0.07031073,0.41395226,0.515737
khanhha_noisy2::Rissbilder_for_Florian_9S6A2917_0_74_3825_4343.jpg,0.40655327,0.43545812,0.15798858
khanhha_noisy2::Rissbilder_for_Florian_9S6A2917_313_1519_3434_4037.jpg,0.36779594,0.4428038,0.1894003
khanhha_noisy2::Rissbilder_for_Florian_9S6A2917_486_1027_3148_3681.jpg,0.4159861,0.43036237,0.1536515
khanhha_noisy2::Rissbilder_for_Florian_9S6A2917_599_2662_2081_2529.jpg,0.42589834,0.26316142,0.31094018
khanhha_noisy2::Rissbilder_for_Florian_9S6A3085_46_1568_3730_4175.jpg,0.1492255,0.43531865,0.41545582
khanhha_noisy2::Rissbilder_for_Florian_9S6A3085_497_692_2640_2077.jpg,0.19619517,0.15821713,0.64558774
khanhha_noisy2::Rissbilder_for_Florian_9S6A3085_67_497_3262_3700.jpg,0.21166283,0.2824107,0.5059265
khanhha_noisy2::Rissbilder_for_Florian_9S6A3091_375_333_2309_2364.jpg,0.40499812,0.39348525,0.20151664
khanhha_noisy2::Rissbilder_for_Florian_9S6A3091_481_1320_3311_3035.jpg,0.254581,0.45503938,0.29037958
khanhha_noisy2::Rissbilder_for_Florian_9S6A3092_272_70_2808_2402.jpg,0.39754426,0.39626357,0.20619212
khanhha_noisy2::Rissbilder_for_Florian_9S6A3092_3399_925_2286_2829.jpg,0.5374502,0.24634339,0.2162064
khanhha_noisy2::Rissbilder_for_Florian_9S6A3092_623_215_3689_2974.jpg,0.33696625,0.38596693,0.27706683
khanhha_noisy2::Rissbilder_for_Florian_9S6A3095_418_2347_2757_3271.jpg,0.51875323,0.26611245,0.21513437
khanhha_noisy2::Rissbilder_for_Florian_9S6A3095_514_444_3123_3906.jpg,0.4823484,0.285036,0.23261562
khanhha_noisy2::Rissbilder_for_Florian_9S6A3095_592_717_2568_2704.jpg,0.3668698,0.42786613,0.20526402
khanhha_noisy2::Rissbilder_for_Florian_9S6A3095_89_2165_3402_3441.jpg,0.5432376,0.27148482,0.18527757
khanhha_noisy2::Rissbilder_for_Florian_9S6A3096_347_506_3372_3116.jpg,0.14044659,0.08886369,0.7706897
khanhha_noisy2::Rissbilder_for_Florian_9S6A3096_515_1896_2914_2761.jpg,0.19311519,0.21431287,0.592572
khanhha_noisy2::Rissbilder_for_Florian_9S6A3096_899_155_2326_2742.jpg,0.21927118,0.14588253,0.6348463
khanhha_noisy2::Rissbilder_for_Florian_9S6A3109_163_622_3006_3321.jpg,0.26229098,0.1982579,0.5394511
khanhha_noisy2::Rissbilder_for_Florian_9S6A3109_440_362_3337_4316.jpg,0.24190974,0.11820074,0.6398896
khanhha_noisy2::Rissbilder_for_Florian_9S6A3109_793_2237_2466_2142.jpg,0.20337208,0.18928538,0.60734254
khanhha_noisy2::Rissbilder_for_Florian_9S6A3113_104_526_3717_3372.jpg,0.178996,0.071063034,0.749941
khanhha_noisy2::Rissbilder_for_Florian_9S6A3114_1215_3118_2077_2478.jpg,0.31994352,0.15352793,0.52652854
khanhha_noisy2::Rissbilder_for_Florian_9S6A3114_358_1983_3344_3063.jpg,0.23873161,0.23290804,0.52836037
khanhha_noisy2::Rissbilder_for_Florian_9S6A3114_871_3543_2822_2137.jpg,0.20236172,0.15646555,0.64117277
khanhha_noisy2::Rissbilder_for_Florian_9S6A3128_304_338_2449_2867.jpg,0.4363761,0.08626922,0.47735468
khanhha_noisy2::Rissbilder_for_Florian_9S6A3128_580_813_2343_2413.jpg,0.4097036,0.07894531,0.51135105
khanhha_noisy2::Rissbilder_for_Florian_9S6A3128_7_578_2768_3056.jpg,0.49859977,0.090475194,0.4109251
khanhha_noisy2::Rissbilder_for_Florian_9S6A3131_308_1998_2814_2860.jpg,0.29958397,0.1034861,0.59692997
khanhha_noisy2::Rissbilder_for_Florian_9S6A3131_389_1670_3375_3959.jpg,0.3050317,0.1231453,0.571823
khanhha_noisy2::Rissbilder_for_Florian_9S6A3131_542_1698_3243_3761.jpg,0.36737654,0.14106348,0.49155998
khanhha_noisy2::Rissbilder_for_Florian_9S6A3135_339_1311_2661_3168.jpg,0.30746356,0.11500062,0.5775358
khanhha_noisy2::Rissbilder_for_Florian_9S6A3136_0_0_5760_3840.jpg,0.2897331,0.19597766,0.5142892
khanhha_noisy2::Rissbilder_for_Florian_9S6A3136_1628_12_2911_3801.jpg,0.34921017,0.1872037,0.46358615
khanhha_noisy2::Sylvie_Chambon_094.jpg,0.5012267,0.23566622,0.263107
khanhha_noisy2::Sylvie_Chambon_107.jpg,0.37695315,0.20618351,0.41686335
khanhha_noisy2::Sylvie_Chambon_323.jpg,0.18788639,0.5192355,0.29287812
khanhha_noisy2::Sylvie_Chambon_Im_noGT_ESAR_21a.jpg,0.70990133,0.15442285,0.13567588
khanhha_noisy2::Volker_DSC01623_0_0_1824_2736.jpg,0.39839712,0.20691176,0.39469117
khanhha_noisy2::Volker_DSC01623_134_615_1595_1694.jpg,0.34791043,0.2629468,0.38914278
khanhha_noisy2::Volker_DSC01623_22_364_1793_1961.jpg,0.34571084,0.2999336,0.35435554
khanhha_noisy2::Volker_DSC01623_32_1414_1144_1043.jpg,0.29891863,0.31248862,0.3885927
khanhha_noisy2::Volker_DSC01633_217_183_1290_1578.jpg,0.33604386,0.31404623,0.3499099
khanhha_noisy2::Volker_DSC01635_0_0_2736_1824.jpg,0.35217905,0.3313579,0.31646296
khanhha_noisy2::Volker_DSC01635_130_334_986_1295.jpg,0.4732573,0.37428638,0.15245639
khanhha_noisy2::Volker_DSC01635_548_45_1336_1686.jpg,0.28716323,0.3298949,0.38294193
khanhha_noisy2::Volker_DSC01637_274_432_1128_1113.jpg,0.19269899,0.34778967,0.45951137
khanhha_noisy2::Volker_DSC01637_616_1353_1168_1288.jpg,0.40388286,0.21469204,0.38142517
khanhha_noisy2::Volker_DSC01640_376_6_2132_1787.jpg,0.421373,0.21179366,0.36683333
khanhha_noisy2::Volker_DSC01640_747_235_1398_1374.jpg,0.4569295,0.3053154,0.23775506
khanhha_noisy2::Volker_DSC01644_612_414_1320_1175.jpg,0.5479234,0.23654835,0.2155283
khanhha_noisy2::Volker_DSC01649_0_0_1824_2736.jpg,0.21177043,0.41933468,0.36889485
khanhha_noisy2::Volker_DSC01649_128_1341_1226_1195.jpg,0.43056574,0.31218907,0.25724518
khanhha_noisy2::Volker_DSC01652_217_429_1194_1007.jpg,0.216221,0.176572,0.607207
khanhha_noisy2::Volker_DSC01652_699_100_1925_1592.jpg,0.21170782,0.32080564,0.46748653
khanhha_noisy2::Volker_DSC01653_120_360_1526_1294.jpg,0.15154132,0.19961812,0.64884055
khanhha_noisy2::Volker_DSC01653_441_257_1154_966.jpg,0.20769924,0.28319076,0.50911
khanhha_noisy2::Volker_DSC01653_635_9_1390_1253.jpg,0.20233785,0.38769722,0.4099649
khanhha_noisy2::Volker_DSC01653_791_41_1849_1670.jpg,0.1429059,0.39869398,0.4584001
khanhha_noisy2::Volker_DSC01666_185_540_876_1155.jpg,0.33057886,0.41022655,0.2591946
khanhha_noisy2::Volker_DSC01672_140_255_1259_1633.jpg,0.4699595,0.08382517,0.44621533
khanhha_noisy2::Volker_DSC01672_236_664_1240_1592.jpg,0.3825207,0.15525982,0.46221948
khanhha_noisy2::Volker_DSC01672_39_1294_1098_1354.jpg,0.43833604,0.2547833,0.3068806
khanhha_noisy2::Volker_DSC01676_146_1254_955_1190.jpg,0.40350273,0.333947,0.2625502
khanhha_noisy2::Volker_DSC01676_35_128_1239_1463.jpg,0.5361039,0.078982525,0.38491347
khanhha_noisy2::Volker_DSC01679_0_0_1824_2736.jpg,0.26274964,0.3339743,0.4032761
khanhha_noisy2::Volker_DSC01679_0_789_1823_1945.jpg,0.34337097,0.2972045,0.35942447
khanhha_noisy2::Volker_DSC01679_67_383_1713_2223.jpg,0.21015629,0.4682283,0.3216154
khanhha_noisy2::Volker_DSC01680_0_0_1824_2736.jpg,0.2529076,0.27720085,0.46989158
khanhha_noisy2::Volker_DSC01680_146_194_1555_1973.jpg,0.285298,0.34021583,0.37448615
khanhha_noisy2::Volker_DSC01680_168_539_1554_1946.jpg,0.19077794,0.35116926,0.45805287
khanhha_noisy2::Volker_DSC01680_63_445_1729_1300.jpg,0.2558896,0.3946594,0.349451
khanhha_noisy2::Volker_DSC01683_67_1024_1660_1636.jpg,0.5248717,0.17424978,0.3008785
khanhha_noisy2::Volker_DSC01692_28_197_1636_1369.jpg,0.61449033,0.13584946,0.24966021
khanhha_noisy2::Volker_DSC01700_158_517_1605_1442.jpg,0.2017888,0.68036056,0.11785063
khanhha_noisy2::Volker_DSC01703_23_907_1787_1745.jpg,0.45888546,0.3144462,0.22666822
khanhha_noisy2::Volker_DSC01703_413_202_1272_965.jpg,0.5120833,0.27113795,0.21677871
khanhha_noisy2::Volker_DSC01703_599_1250_1072_1001.jpg,0.45711076,0.3371901,0.20569906
khanhha_noisy2::Volker_DSC01707_33_309_1713_1946.jpg,0.6436985,0.1897813,0.16652024
khanhha_noisy2::Volker_DSC01707_44_131_1757_2144.jpg,0.5752409,0.18917401,0.23558505
khanhha_noisy2::Volker_DSC01707_540_967_1161_1226.jpg,0.56210035,0.19566308,0.24223655
khanhha_noisy2::cracktree200_6234.jpg,0.56745136,0.34564146,0.086907186
khanhha_noisy2::cracktree200_6261.jpg,0.2908347,0.6305871,0.078578144
khanhha_noisy2::cracktree200_6301.jpg,0.3239606,0.45640385,0.21963556
khanhha_noisy2::cracktree200_6645.jpg,0.69975615,0.17831364,0.12193025
khanhha_noisy2::cracktree200_6647.jpg,0.63664824,0.18347982,0.17987187
khanhha_noisy2::forest_006.jpg,0.50996655,0.20220183,0.2878316
khanhha_noisy2::forest_038.jpg,0.44770655,0.14926891,0.4030245
khanhha_noisy2::forest_087.jpg,0.4400759,0.12810731,0.4318168
khanhha_noisy2::forest_094.jpg,0.5012267,0.23566622,0.263107
khanhha_noisy2::noncrack_noncrack_concrete_wall_101_2.jpg.jpg,0.4080594,0.4520862,0.13985434
khanhha_noisy2::noncrack_noncrack_concrete_wall_101_8.jpg.jpg,0.4080594,0.4520862,0.13985434
khanhha_noisy2::noncrack_noncrack_concrete_wall_101_9.jpg.jpg,0.4854646,0.4086747,0.10586072
khanhha_noisy2::noncrack_noncrack_concrete_wall_103_0.jpg.jpg,0.007515982,0.968581,0.023903029
khanhha_noisy2::noncrack_noncrack_concrete_wall_103_1.jpg.jpg,0.0074571096,0.96634877,0.026194135
khanhha_noisy2::noncrack_noncrack_concrete_wall_13_2.jpg.jpg,0.046381086,0.8222421,0.1313769
khanhha_noisy2::noncrack_noncrack_concrete_wall_13_4.jpg.jpg,0.04502599,0.7249919,0.22998206
khanhha_noisy2::noncrack_noncrack_concrete_wall_13_6.jpg.jpg,0.052654374,0.62203544,0.32531023
khanhha_noisy2::noncrack_noncrack_concrete_wall_23_1.jpg.jpg,0.013250218,0.9803489,0.006400916
khanhha_noisy2::noncrack_noncrack_concrete_wall_23_4.jpg.jpg,0.011280394,0.9850869,0.0036327
khanhha_noisy2::noncrack_noncrack_concrete_wall_23_5.jpg.jpg,0.012119529,0.98251975,0.0053606573
khanhha_noisy2::noncrack_noncrack_concrete_wall_23_7.jpg.jpg,0.019162845,0.97251344,0.008323717
khanhha_noisy2::noncrack_noncrack_concrete_wall_28_0.jpg.jpg,0.19610392,0.67586803,0.12802811
khanhha_noisy2::noncrack_noncrack_concrete_wall_30_2.jpg.jpg,0.06267393,0.8394612,0.097864896
khanhha_noisy2::noncrack_noncrack_concrete_wall_41_11.jpg.jpg,0.04291126,0.942023,0.015065799
khanhha_noisy2::noncrack_noncrack_concrete_wall_41_12.jpg.jpg,0.08587928,0.88558817,0.02853262
khanhha_noisy2::noncrack_noncrack_concrete_wall_41_2.jpg.jpg,0.10020018,0.8667015,0.03309827
khanhha_noisy2::noncrack_noncrack_concrete_wall_41_35.jpg.jpg,0.1302834,0.83144706,0.038269553
khanhha_noisy2::noncrack_noncrack_concrete_wall_41_37.jpg.jpg,0.03167387,0.9567916,0.011534496
khanhha_noisy2::noncrack_noncrack_concrete_wall_41_38.jpg.jpg,0.0816875,0.8952847,0.023027802
khanhha_noisy2::noncrack_noncrack_concrete_wall_41_4.jpg.jpg,0.08982499,0.87984246,0.030332584
khanhha_noisy2::noncrack_noncrack_concrete_wall_41_43.jpg.jpg,0.06946657,0.9062262,0.024307257
khanhha_noisy2::noncrack_noncrack_concrete_wall_41_48.jpg.jpg,0.11517534,0.85398006,0.0308446
khanhha_noisy2::noncrack_noncrack_concrete_wall_41_58.jpg.jpg,0.070319556,0.90525734,0.02442312
khanhha_noisy2::noncrack_noncrack_concrete_wall_41_63.jpg.jpg,0.12334578,0.8467566,0.029897684
khanhha_noisy2::noncrack_noncrack_concrete_wall_41_65.jpg.jpg,0.13936089,0.81681585,0.043823227
khanhha_noisy2::noncrack_noncrack_concrete_wall_42_6.jpg.jpg,0.039086286,0.92011255,0.04080123
khanhha_noisy2::noncrack_noncrack_concrete_wall_53_3.jpg.jpg,0.007430968,0.98781246,0.0047565605
khanhha_noisy2::noncrack_noncrack_concrete_wall_58_0.jpg.jpg,0.15340315,0.77647954,0.07011725
khanhha_noisy2::noncrack_noncrack_concrete_wall_58_11.jpg.jpg,0.1360857,0.8073016,0.056612696
khanhha_noisy2::noncrack_noncrack_concrete_wall_58_12.jpg.jpg,0.1540859,0.7611655,0.08474858
khanhha_noisy2::noncrack_noncrack_concrete_wall_58_13.jpg.jpg,0.17750277,0.7167785,0.1057187
khanhha_noisy2::noncrack_noncrack_concrete_wall_58_6.jpg.jpg,0.13012467,0.8208869,0.048988447
khanhha_noisy2::noncrack_noncrack_concrete_wall_58_8.jpg.jpg,0.114750415,0.8141213,0.07112834
khanhha_noisy2::noncrack_noncrack_concrete_wall_60_13.jpg.jpg,0.023952333,0.9650396,0.011007973
khanhha_noisy2::noncrack_noncrack_concrete_wall_60_6.jpg.jpg,0.010647653,0.9796752,0.009677114
khanhha_noisy2::noncrack_noncrack_concrete_wall_60_8.jpg.jpg,0.009321821,0.9865078,0.0041703978
khanhha_noisy2::noncrack_noncrack_concrete_wall_69_6.jpg.jpg,0.11015405,0.77959627,0.11024966
khanhha_noisy2::noncrack_noncrack_concrete_wall_72_0.jpg.jpg,0.0029746713,0.97726226,0.019763073
khanhha_noisy2::noncrack_noncrack_concrete_wall_77_1.jpg.jpg,0.10858656,0.84889275,0.04252068
khanhha_noisy2::noncrack_noncrack_concrete_wall_77_5.jpg.jpg,0.05424426,0.9240839,0.021671874
khanhha_noisy2::noncrack_noncrack_concrete_wall_7_0.jpg.jpg,0.022851055,0.96199113,0.015157802
khanhha_noisy2::noncrack_noncrack_concrete_wall_7_1.jpg.jpg,0.039988454,0.94999707,0.010014486
khanhha_noisy2::noncrack_noncrack_concrete_wall_81_4.jpg.jpg,0.19442065,0.67058074,0.13499859
khanhha_noisy2::noncrack_noncrack_concrete_wall_83_10.jpg.jpg,0.034948546,0.88941216,0.07563924
khanhha_noisy2::noncrack_noncrack_concrete_wall_83_4.jpg.jpg,0.05271015,0.8531971,0.094092794
khanhha_noisy2::noncrack_noncrack_concrete_wall_83_9.jpg.jpg,0.040487736,0.87871015,0.080802135
khanhha_noisy2::noncrack_noncrack_concrete_wall_88_3.jpg.jpg,0.029090354,0.9390085,0.031901192
khanhha_noisy2::noncrack_noncrack_concrete_wall_94_4.jpg.jpg,0.0053084823,0.98946035,0.005231198
road420::2023_10_30_15_47_IMG_5894.jpg,0.33726084,0.19555528,0.4671839
road420::2023_10_30_15_48_IMG_5895.jpg,0.46299458,0.07822262,0.4587828
road420::2023_10_30_15_49_IMG_5898.jpg,0.5974081,0.048669588,0.35392225
road420::2023_10_30_15_49_IMG_5901.jpg,0.14457656,0.04232014,0.8131033
road420::2023_10_30_15_52_IMG_5910.jpg,0.5157438,0.11021279,0.37404346
road420::2023_10_30_15_57_IMG_5921.jpg,0.8746884,0.060577843,0.06473375
road420::2023_10_30_15_59_IMG_5926.jpg,0.29480243,0.058031153,0.64716643
road420::2023_10_30_16_00_IMG_5928.jpg,0.40350062,0.097950764,0.49854863
road420::2023_10_30_16_16_IMG_5938.jpg,0.20040458,0.3091687,0.49042672
road420::2023_10_30_16_17_IMG_5943.jpg,0.6267891,0.04423605,0.32897484
road420::2023_10_30_16_18_IMG_5945.jpg,0.45535114,0.18718646,0.35746244
road420::2023_10_30_16_18_IMG_5946.jpg,0.73178864,0.053851422,0.21435995
road420::2023_10_30_16_18_IMG_5948.jpg,0.49326205,0.07539904,0.43133882
road420::2023_10_30_16_20_IMG_5956.jpg,0.42911905,0.4326619,0.1382191
road420::2023_10_30_16_22_IMG_5962.jpg,0.35655177,0.12254076,0.52090746
road420::2023_10_30_16_23_IMG_5968.jpg,0.08967652,0.07691933,0.8334042
road420::2023_10_30_16_25_IMG_5972.jpg,0.43502983,0.34162053,0.22334965
road420::2023_10_30_16_25_IMG_5974.jpg,0.50855434,0.0624955,0.42895016
road420::2023_10_30_16_25_IMG_5976.jpg,0.43500578,0.15489249,0.41010174
road420::2023_10_30_16_27_IMG_5980.jpg,0.1209219,0.03189804,0.84718
road420::2023_10_30_16_29_IMG_5984.jpg,0.27509385,0.08140583,0.64350027
road420::2023_10_30_16_33_IMG_6001.jpg,0.20217223,0.058431875,0.7393959
road420::2023_10_30_16_34_IMG_6005.jpg,0.5255372,0.02462846,0.4498343
road420::2023_10_30_16_40_IMG_6018.jpg,0.16977006,0.19702919,0.63320076
road420::2023_10_30_16_41_IMG_6021.jpg,0.1345448,0.3042808,0.5611744
road420::2023_10_30_16_41_IMG_6023.jpg,0.3335172,0.060555,0.60592777
road420::2023_10_30_16_41_IMG_6026.jpg,0.33644077,0.07029171,0.5932675
road420::2023_10_30_16_41_IMG_6027.jpg,0.33165374,0.07655565,0.5917906
road420::2023_10_30_16_42_IMG_6030.jpg,0.51540047,0.06730591,0.41729364
road420::2023_10_30_16_45_IMG_6037.jpg,0.379304,0.07874031,0.5419557
road420::2023_10_30_16_46_IMG_6042.jpg,0.54896694,0.21955127,0.23148185
road420::2023_10_30_16_53_IMG_6064.jpg,0.18830395,0.047134362,0.7645617
road420::2023_10_30_16_55_IMG_6069.jpg,0.40041238,0.06719053,0.5323971
road420::2023_10_30_16_55_IMG_6073.jpg,0.21825664,0.19271366,0.58902967
road420::2023_10_30_16_56_IMG_6075.jpg,0.4549278,0.03566109,0.5094111
road420::2023_10_30_16_57_IMG_6080.jpg,0.55469245,0.09781463,0.34749293
road420::2023_10_30_16_57_IMG_6082.jpg,0.5422523,0.11304507,0.3447027
road420::2023_10_30_16_58_IMG_6086.jpg,0.39984,0.101176515,0.49898353
road420::2023_10_30_16_59_IMG_6093.jpg,0.6203717,0.044548452,0.3350798
road420::2023_10_30_16_59_IMG_6095.jpg,0.46070862,0.06683656,0.47245476
road420::2023_10_30_16_59_IMG_6096.jpg,0.42111477,0.12437355,0.45451164
road420::2023_10_30_16_59_IMG_6097.jpg,0.31265476,0.1306186,0.5567266
road420::2023_10_30_17_01_IMG_6103.jpg,0.32076758,0.07951712,0.5997153
road420::2023_10_30_17_02_IMG_6111.jpg,0.20592053,0.12628284,0.6677966
road420::2023_10_30_17_02_IMG_6112.jpg,0.3546014,0.11034902,0.53504956
road420::2023_10_30_17_03_IMG_6122.jpg,0.2844215,0.11000013,0.60557836
road420::2023_10_30_17_03_IMG_6123.jpg,0.2243648,0.084248826,0.6913864
road420::2023_10_30_17_05_IMG_6130.jpg,0.20714858,0.097661845,0.6951896
road420::2023_10_30_17_05_IMG_6131.jpg,0.43503782,0.11003866,0.45492348
road420::2023_10_30_17_05_IMG_6132.jpg,0.37343928,0.08296373,0.543597
road420::2023_10_30_17_05_IMG_6133.jpg,0.47861704,0.08957636,0.43180656
road420::2023_10_30_17_06_IMG_6137.jpg,0.7168636,0.07146199,0.21167447
road420::2023_10_30_17_08_IMG_6142.jpg,0.5222245,0.09725,0.38052553
road420::2023_10_30_17_21_IMG_6146.jpg,0.5239967,0.14811654,0.3278867
road420::2023_10_30_17_30_IMG_6164.jpg,0.08324229,0.16034402,0.7564137
road420::2023_10_30_17_30_IMG_6166.jpg,0.031294607,0.07391378,0.8947916
road420::2023_10_30_17_30_IMG_6167.jpg,0.041501693,0.05878556,0.8997127
road420::2023_10_30_17_32_IMG_6174.jpg,0.1548748,0.026898297,0.81822693
road420::2023_10_30_17_32_IMG_6175.jpg,0.136578,0.07584634,0.78757566
road420::2023_10_30_17_33_IMG_6177.jpg,0.27419403,0.11878573,0.6070202
road420::2023_10_30_17_34_IMG_6181.jpg,0.121640705,0.06328363,0.8150757
road420::2023_10_30_17_34_IMG_6183.jpg,0.35681424,0.16047679,0.48270902
road420::2023_10_30_17_34_IMG_6184.jpg,0.29060376,0.06511002,0.6442862
road420::2023_10_31_13_37_IMG_6210.jpg,0.6701403,0.20461921,0.12524047
road420::2023_10_31_13_38_IMG_6211.jpg,0.4476111,0.14169304,0.41069585
road420::2023_10_31_13_39_IMG_6214.jpg,0.40939406,0.32532898,0.26527697
road420::2023_10_31_13_49_IMG_6222.jpg,0.14698198,0.621961,0.23105703
road420::2023_10_31_13_54_IMG_6226.jpg,0.45558032,0.062162746,0.482257
road420::2023_10_31_14_09_IMG_6233.jpg,0.045815002,0.31021705,0.6439679
road420::2023_10_31_14_22_IMG_6246.jpg,0.25037897,0.13456507,0.615056
road420::2023_10_31_14_27_IMG_6253.jpg,0.5279659,0.31780285,0.1542313
road420::2023_10_31_14_35_IMG_6272.jpg,0.42519858,0.041821226,0.53298014
road420::2023_10_31_14_38_IMG_6281.jpg,0.71823114,0.058700513,0.22306828
road420::2023_10_31_14_47_IMG_6296.jpg,0.6614226,0.056397486,0.2821799
road420::2023_11_01_20_22_IMG_6341.jpg,0.040585924,0.08758685,0.8718272
road420::2023_11_01_20_32_IMG_6352.jpg,0.889107,0.040381838,0.070511185
road420::2023_11_01_20_41_IMG_6365.jpg,0.60798407,0.17709021,0.21492568
road420::2023_11_01_20_46_IMG_6374.jpg,0.6405414,0.14695375,0.21250485
road420::2023_11_05_21_04_IMG_6449.jpg,0.22714184,0.1189237,0.6539345
road420::2023_11_05_21_05_IMG_6450.jpg,0.33034667,0.15751612,0.51213723
road420::2023_11_05_21_08_IMG_6458.jpg,0.3521254,0.051588446,0.5962861
road420::2023_11_05_21_15_IMG_6465.jpg,0.09756825,0.09115566,0.81127614
road420::2023_11_05_21_22_IMG_6473.jpg,0.2659414,0.01745955,0.71659905
road420::2023_11_05_21_23_IMG_6477.jpg,0.18868291,0.12544902,0.685868
road420::2023_11_05_21_23_IMG_6480.jpg,0.24079332,0.14615242,0.6130542
road420::2023_11_05_21_24_IMG_6483.jpg,0.098734446,0.030366627,0.8708989
road420::2023_11_05_21_28_IMG_6493.jpg,0.32189578,0.102095746,0.57600844
road420::2023_11_05_21_29_IMG_6497.jpg,0.15924363,0.010504993,0.83025134
road420::2023_11_05_21_32_IMG_6505.jpg,0.36180297,0.031152954,0.60704404
road420::2023_11_05_21_38_IMG_6515.jpg,0.18912332,0.55815864,0.2527181
road420::2023_11_05_21_40_IMG_6524.jpg,0.78023636,0.12984273,0.08992092
road420::2023_11_05_21_41_IMG_6526.jpg,0.25310373,0.46823904,0.27865726
facade390::DJ_Wall_106.JPG,0.53894365,0.08305572,0.37800065
facade390::DJ_Wall_109.JPG,0.4477339,0.06366815,0.48859787
facade390::DJ_Wall_113.JPG,0.47793272,0.08793439,0.43413287
facade390::DJ_Wall_114.JPG,0.46667874,0.11559338,0.41772786
facade390::DJ_Wall_122.JPG,0.4554696,0.15469295,0.3898375
facade390::DJ_Wall_123.JPG,0.46359932,0.09417919,0.44222143
facade390::DJ_Wall_127.JPG,0.8645924,0.05637183,0.0790358
facade390::DJ_Wall_13.JPG,0.18590663,0.547229,0.2668644
facade390::DJ_Wall_131.JPG,0.77500856,0.12798756,0.097003855
facade390::DJ_Wall_135.JPG,0.823471,0.09606404,0.080464914
facade390::DJ_Wall_14.JPG,0.17305323,0.5705031,0.25644362
facade390::DJ_Wall_141.JPG,0.7087938,0.18360257,0.10760364
facade390::DJ_Wall_143.JPG,0.74087536,0.12291865,0.13620602
facade390::DJ_Wall_144.JPG,0.70362103,0.1183121,0.17806683
facade390::DJ_Wall_157.JPG,0.71471834,0.13395575,0.15132587
facade390::DJ_Wall_158.JPG,0.84029377,0.07611108,0.08359512
facade390::DJ_Wall_162.JPG,0.7186619,0.17927577,0.102062315
facade390::DJ_Wall_164.JPG,0.80966526,0.109658785,0.080675915
facade390::DJ_Wall_17.JPG,0.09135083,0.30656996,0.6020792
facade390::DJ_Wall_184.JPG,0.7378563,0.07418875,0.1879549
facade390::DJ_Wall_187.JPG,0.8266152,0.07579829,0.097586416
facade390::DJ_Wall_193.JPG,0.3419057,0.11710101,0.5409933
facade390::DJ_Wall_196.JPG,0.54907537,0.16918539,0.2817392
facade390::DJ_Wall_20.JPG,0.25841102,0.077610925,0.66397804
facade390::DJ_Wall_204.JPG,0.51474625,0.1388757,0.346378
facade390::DJ_Wall_205.JPG,0.3935992,0.05718901,0.5492118
facade390::DJ_Wall_208.JPG,0.5178194,0.057476502,0.42470413
facade390::DJ_Wall_211.JPG,0.5503959,0.08694649,0.3626576
facade390::DJ_Wall_221.JPG,0.18896009,0.017121008,0.79391897
facade390::DJ_Wall_228.JPG,0.4891943,0.028878348,0.48192734
facade390::DJ_Wall_23.JPG,0.18188389,0.36802706,0.45008913
facade390::DJ_Wall_239.JPG,0.5260334,0.020791173,0.45317546
facade390::DJ_Wall_261.JPG,0.086631574,0.027637543,0.88573086
facade390::DJ_Wall_271.JPG,0.5381627,0.0521274,0.40970987
facade390::DJ_Wall_272.JPG,0.5402811,0.07920181,0.3805171
facade390::DJ_Wall_277.JPG,0.5513556,0.056898955,0.39174545
facade390::DJ_Wall_278.JPG,0.5653,0.11080227,0.32389772
facade390::DJ_Wall_286.JPG,0.20601666,0.032082286,0.761901
facade390::DJ_Wall_287.JPG,0.36032578,0.0546752,0.584999
facade390::DJ_Wall_293.JPG,0.5136146,0.09966893,0.38671649
facade390::DJ_Wall_294.JPG,0.4570793,0.10860318,0.43431753
facade390::DJ_Wall_295.JPG,0.35038146,0.10231466,0.54730386
facade390::DJ_Wall_297.JPG,0.6096771,0.15607925,0.23424365
facade390::DJ_Wall_3.JPG,0.26382124,0.5531071,0.18307161
facade390::DJ_Wall_303.JPG,0.4847427,0.25722456,0.25803277
facade390::DJ_Wall_309.JPG,0.52755016,0.23395805,0.23849177
facade390::DJ_Wall_31.JPG,0.26404127,0.23201092,0.5039478
facade390::DJ_Wall_319.JPG,0.5493586,0.2687209,0.18192051
facade390::DJ_Wall_326.JPG,0.37962368,0.23006266,0.39031366
facade390::DJ_Wall_327.JPG,0.32345167,0.22652863,0.45001972
facade390::DJ_Wall_334.JPG,0.33121148,0.35708326,0.31170523
facade390::DJ_Wall_344.JPG,0.19228825,0.2953513,0.51236045
facade390::DJ_Wall_358.JPG,0.20331073,0.49238503,0.3043043
facade390::DJ_Wall_360.JPG,0.19785714,0.15985669,0.6422862
facade390::DJ_Wall_365.JPG,0.33385122,0.24823286,0.41791597
facade390::DJ_Wall_368.JPG,0.22935207,0.41907537,0.3515725
facade390::DJ_Wall_369.JPG,0.3827113,0.37024227,0.24704643
facade390::DJ_Wall_373.JPG,0.29426765,0.1693315,0.53640085
facade390::DJ_Wall_375.JPG,0.42771786,0.22209276,0.35018942
facade390::DJ_Wall_377.JPG,0.41398692,0.27993995,0.30607313
facade390::DJ_Wall_381.JPG,0.31822577,0.31343892,0.3683353
facade390::DJ_Wall_385.JPG,0.4023378,0.37716106,0.22050107
facade390::DJ_Wall_387.JPG,0.21599504,0.5398543,0.24415067
facade390::DJ_Wall_39.JPG,0.18115002,0.20439643,0.61445355
facade390::DJ_Wall_390.JPG,0.31731263,0.47772497,0.20496236
facade390::DJ_Wall_46.JPG,0.3676981,0.20183179,0.4304701
facade390::DJ_Wall_47.JPG,0.36623544,0.15237351,0.48139113
facade390::DJ_Wall_48.JPG,0.28866774,0.4482627,0.26306957
facade390::DJ_Wall_49.JPG,0.21247832,0.22149923,0.56602246
facade390::DJ_Wall_57.JPG,0.33607236,0.17056847,0.49335918
facade390::DJ_Wall_61.JPG,0.19078012,0.1645145,0.6447054
facade390::DJ_Wall_75.JPG,0.48380244,0.12926218,0.38693535
facade390::DJ_Wall_78.JPG,0.18555604,0.26317713,0.5512668
facade390::DJ_Wall_8.JPG,0.17854543,0.58780974,0.23364486
facade390::DJ_Wall_84.JPG,0.46100068,0.3478153,0.19118397
facade390::DJ_Wall_86.JPG,0.2473219,0.047590747,0.7050873
facade390::DJ_Wall_89.JPG,0.26385182,0.1019734,0.63417476
facade390::DJ_Wall_92.JPG,0.40445447,0.103892885,0.49165264
facade390::DJ_Wall_99.JPG,0.40614328,0.14859724,0.44525954
concrete3k::001_14.jpg,0.5147016,0.062017936,0.4232805
concrete3k::001_2.jpg,0.41808426,0.041967195,0.5399486
concrete3k::001_6.jpg,0.61981946,0.043496422,0.33668414
concrete3k::020_10.jpg,0.5708056,0.1855305,0.24366397
concrete3k::020_19.jpg,0.44249338,0.27684316,0.2806635
concrete3k::020_28.jpg,0.54609543,0.23194292,0.22196166
concrete3k::020_33.jpg,0.33829838,0.113753825,0.54794776
concrete3k::020_34.jpg,0.24517214,0.11542803,0.63939977
concrete3k::020_40.jpg,0.36250782,0.24220711,0.39528504
concrete3k::020_41.jpg,0.4320518,0.17071968,0.39722848
concrete3k::020_46.jpg,0.45330948,0.23660621,0.31008434
concrete3k::020_9.jpg,0.30494994,0.36363888,0.33141115
concrete3k::028_17.jpg,0.5721017,0.06583988,0.3620585
concrete3k::028_18.jpg,0.63946193,0.09685601,0.2636821
concrete3k::028_19.jpg,0.6020695,0.07112937,0.32680118
concrete3k::028_28.jpg,0.21463697,0.090166,0.695197
concrete3k::041_0.jpg,0.69437706,0.12653522,0.17908774
concrete3k::041_1.jpg,0.4797694,0.3347892,0.18544137
concrete3k::041_10.jpg,0.5657509,0.14200427,0.2922449
concrete3k::041_11.jpg,0.42321226,0.22624429,0.3505434
concrete3k::041_19.jpg,0.53415036,0.28328976,0.18255985
concrete3k::041_21.jpg,0.38156193,0.3704503,0.24798778
concrete3k::041_22.jpg,0.32679307,0.3108506,0.3623563
concrete3k::041_28.jpg,0.37957,0.23700102,0.383429
concrete3k::041_30.jpg,0.43210125,0.1995509,0.3683479
concrete3k::041_31.jpg,0.51327777,0.18138853,0.3053337
concrete3k::041_8.jpg,0.5885159,0.16763976,0.24384436
concrete3k::048_12.jpg,0.3067493,0.07071037,0.62254035
concrete3k::048_18.jpg,0.36581138,0.20250969,0.43167895
concrete3k::048_20.jpg,0.38633907,0.3728293,0.24083166
concrete3k::048_21.jpg,0.44265336,0.2899891,0.26735747
concrete3k::048_25.jpg,0.43257043,0.40119037,0.16623923
concrete3k::048_26.jpg,0.379685,0.3854486,0.23486635
concrete3k::048_27.jpg,0.19305173,0.4210035,0.38594475
concrete3k::048_29.jpg,0.27420413,0.49514183,0.23065396
concrete3k::048_5.jpg,0.33254182,0.288401,0.3790571
concrete3k::048_6.jpg,0.34725428,0.2573388,0.3954069
concrete3k::050_11.jpg,0.48690185,0.11289277,0.4002053
concrete3k::050_20.jpg,0.43866128,0.15918948,0.40214926
concrete3k::050_27.jpg,0.3772885,0.22677062,0.39594084
concrete3k::050_28.jpg,0.32411703,0.3232133,0.3526697
concrete3k::050_35.jpg,0.37361464,0.25624457,0.3701408
concrete3k::050_38.jpg,0.41710487,0.328818,0.25407708
concrete3k::050_43.jpg,0.38037813,0.44514138,0.17448053
concrete3k::050_45.jpg,0.29576132,0.32634953,0.37788916
concrete3k::050_47.jpg,0.31455076,0.57845455,0.10699471
concrete3k::059_0.jpg,0.65670943,0.113231175,0.23005937
concrete3k::059_1.jpg,0.57124734,0.08657226,0.34218034
concrete3k::059_12.jpg,0.28619075,0.15153176,0.5622775
concrete3k::059_20.jpg,0.24457966,0.26500192,0.49041846
concrete3k::059_27.jpg,0.45903903,0.18898433,0.35197657
concrete3k::059_36.jpg,0.37417158,0.36806396,0.25776452
concrete3k::059_37.jpg,0.36241016,0.3157708,0.32181898
concrete3k::059_44.jpg,0.28092858,0.32086653,0.39820495
concrete3k::059_46.jpg,0.51814634,0.23059894,0.25125468
concrete3k::059_47.jpg,0.50481635,0.12854311,0.36664054
concrete3k::064_12.jpg,0.42941222,0.36802354,0.20256428
concrete3k::064_21.jpg,0.3090788,0.25370172,0.4372195
concrete3k::064_28.jpg,0.40419734,0.2261576,0.36964503
concrete3k::064_29.jpg,0.48473385,0.16592017,0.34934592
concrete3k::064_36.jpg,0.4280322,0.28905368,0.28291413
concrete3k::064_4.jpg,0.4036425,0.09594168,0.5004158
concrete3k::064_46.jpg,0.4572219,0.084511384,0.4582667
concrete3k::064_5.jpg,0.48270342,0.33457315,0.1827235
concrete3k::070_21.jpg,0.53192663,0.27379054,0.19428281
concrete3k::070_26.jpg,0.3295855,0.200573,0.46984154
concrete3k::070_27.jpg,0.5359072,0.23022774,0.23386511
concrete3k::070_28.jpg,0.35048783,0.41324157,0.23627067
concrete3k::070_33.jpg,0.44308642,0.24922162,0.30769193
concrete3k::070_35.jpg,0.3920637,0.15179373,0.45614257
concrete3k::070_40.jpg,0.5156812,0.30253372,0.1817851
concrete3k::070_41.jpg,0.5048053,0.32327572,0.17191891
concrete3k::070_42.jpg,0.31673154,0.28712377,0.3961447
concrete3k::071_16.jpg,0.6113933,0.13126175,0.25734496
concrete3k::071_24.jpg,0.36687788,0.3721246,0.2609975
concrete3k::071_26.jpg,0.49972668,0.35823655,0.14203674
concrete3k::071_27.jpg,0.4091461,0.3968708,0.1939831
concrete3k::071_30.jpg,0.43726403,0.33760267,0.22513323
concrete3k::071_37.jpg,0.35363916,0.16302209,0.48333874
concrete3k::075_16.jpg,0.6431822,0.16421033,0.19260748
concrete3k::075_17.jpg,0.7381888,0.17203586,0.089775346
concrete3k::075_27.jpg,0.50495267,0.3067019,0.18834545
concrete3k::075_28.jpg,0.26290613,0.31944266,0.41765124
concrete3k::075_37.jpg,0.54699045,0.27723533,0.17577423
concrete3k::075_39.jpg,0.5260428,0.19887307,0.2750841
concrete3k::075_46.jpg,0.41778007,0.2652684,0.31695148
concrete3k::075_47.jpg,0.63368475,0.20060937,0.16570583
concrete3k::079_21.jpg,0.32820556,0.17955376,0.49224067
concrete3k::079_22.jpg,0.34114128,0.1899341,0.46892464
concrete3k::079_23.jpg,0.30548078,0.37075076,0.32376844
concrete3k::079_24.jpg,0.4973156,0.317686,0.18499838
concrete3k::079_28.jpg,0.5131329,0.30245024,0.18441686
concrete3k::079_30.jpg,0.30161786,0.4332341,0.26514804
concrete3k::079_31.jpg,0.44849926,0.32664695,0.22485381
concrete3k::083_26.jpg,0.43496692,0.120980605,0.4440525
concrete3k::083_27.jpg,0.41669628,0.38078862,0.20251513
concrete3k::083_42.jpg,0.5912706,0.17960507,0.22912428
concrete3k::083_6.jpg,0.37917408,0.26636446,0.35446143
concrete3k::083_7.jpg,0.4097736,0.36298323,0.22724314
concrete3k::092_36.jpg,0.33791524,0.29125628,0.37082845
concrete3k::102_14.jpg,0.5105925,0.31796882,0.1714386
concrete3k::102_15.jpg,0.4558887,0.35015225,0.19395906
concrete3k::102_26.jpg,0.47306356,0.27103728,0.25589916
concrete3k::102_32.jpg,0.55368596,0.31528646,0.13102756
concrete3k::102_33.jpg,0.4679065,0.3878351,0.14425842
concrete3k::102_40.jpg,0.4396791,0.3629916,0.19732931
concrete3k::102_41.jpg,0.40108278,0.3164838,0.2824334
concrete3k::106_17.jpg,0.42764154,0.3661245,0.206234
concrete3k::106_18.jpg,0.51562035,0.3214168,0.1629628
concrete3k::106_26.jpg,0.4217676,0.21738228,0.36085013
concrete3k::106_32.jpg,0.540413,0.073531516,0.38605547
concrete3k::106_33.jpg,0.48989853,0.17244847,0.33765298
concrete3k::106_34.jpg,0.38648817,0.17282853,0.44068334
concrete3k::106_37.jpg,0.29736435,0.32148525,0.3811504
concrete3k::106_38.jpg,0.3247008,0.28691846,0.38838077
concrete3k::108_22.jpg,0.44907525,0.28023204,0.27069274
concrete3k::108_25.jpg,0.45361784,0.22608474,0.32029745
concrete3k::108_27.jpg,0.493909,0.3091612,0.19692975
concrete3k::108_28.jpg,0.48959458,0.25439394,0.25601146
concrete3k::108_29.jpg,0.31244355,0.41502893,0.27252752
concrete3k::111_16.jpg,0.7170491,0.11791067,0.16504022
concrete3k::111_25.jpg,0.48830992,0.2896826,0.22200744
concrete3k::111_26.jpg,0.7161261,0.114326276,0.1695476
concrete3k::111_29.jpg,0.7446421,0.10630629,0.14905165
concrete3k::111_36.jpg,0.49486962,0.18936704,0.31576335
concrete3k::119_17.jpg,0.62936413,0.18183146,0.18880433
concrete3k::119_28.jpg,0.7072822,0.083677545,0.20904025
concrete3k::119_36.jpg,0.6688811,0.088819675,0.24229921
concrete3k::119_38.jpg,0.77344114,0.068933785,0.15762508
concrete3k::119_39.jpg,0.7126426,0.07693021,0.21042724
concrete3k::119_46.jpg,0.7360361,0.07397764,0.18998617
concrete3k::119_47.jpg,0.3994479,0.08543016,0.51512194
concrete3k::122_19.jpg,0.5549056,0.22176377,0.22333065
concrete3k::122_20.jpg,0.21516128,0.3422267,0.44261193
concrete3k::122_26.jpg,0.5475264,0.1848789,0.26759464
concrete3k::122_4.jpg,0.56250954,0.13506874,0.3024217
concrete3k::122_41.jpg,0.54997617,0.1296372,0.3203867
concrete3k::125_10.jpg,0.6236242,0.21901971,0.15735608
concrete3k::125_19.jpg,0.62688494,0.18834148,0.1847736
concrete3k::125_27.jpg,0.35612366,0.4600097,0.18386662
concrete3k::125_28.jpg,0.6550685,0.17692178,0.16800977
concrete3k::125_37.jpg,0.40751633,0.29453808,0.2979456
concrete3k::130_18.jpg,0.5554165,0.17206621,0.27251723
concrete3k::130_19.jpg,0.26404005,0.5494975,0.18646248
concrete3k::130_20.jpg,0.5063313,0.12929577,0.36437294
concrete3k::130_21.jpg,0.27347556,0.57039404,0.1561304
concrete3k::130_22.jpg,0.3829633,0.3966269,0.2204098
concrete3k::130_26.jpg,0.49401075,0.23098846,0.27500078
concrete3k::130_28.jpg,0.48193595,0.33389097,0.18417308
concrete3k::130_29.jpg,0.402159,0.43087384,0.16696712
concrete3k::131_19.jpg,0.4624986,0.26575163,0.2717498
concrete3k::131_21.jpg,0.63946855,0.21064642,0.14988507
concrete3k::131_22.jpg,0.6453493,0.09845889,0.25619176
concrete3k::131_27.jpg,0.4719191,0.28049666,0.24758431
concrete3k::131_32.jpg,0.6857296,0.14988421,0.1643862
concrete3k::131_33.jpg,0.6840083,0.10858663,0.20740514
concrete3k::131_34.jpg,0.30313483,0.053224165,0.643641
concrete3k::131_42.jpg,0.35364667,0.17618832,0.470165
concrete3k::131_43.jpg,0.41699395,0.07858514,0.50442094
concrete3k::136_0.jpg,0.43696976,0.31875747,0.24427271
concrete3k::136_20.jpg,0.25032938,0.44803852,0.3016321
concrete3k::136_21.jpg,0.22579965,0.38530305,0.3888973
concrete3k::136_45.jpg,0.21521811,0.48682657,0.29795536
concrete3k::136_47.jpg,0.370138,0.4034525,0.22640952
concrete3k::137_16.jpg,0.18248217,0.5784823,0.23903556
concrete3k::137_18.jpg,0.30871925,0.28530544,0.40597525
concrete3k::137_25.jpg,0.3572772,0.40357637,0.2391464
concrete3k::137_29.jpg,0.45821315,0.37935302,0.16243385
concrete3k::137_39.jpg,0.36891526,0.48809332,0.14299141
concrete3k::140_14.jpg,0.69845337,0.09024341,0.21130319
concrete3k::140_18.jpg,0.709815,0.11293716,0.17724784
concrete3k::140_19.jpg,0.20492032,0.45188388,0.3431958
concrete3k::140_22.jpg,0.5249649,0.17704722,0.29798785
concrete3k::140_23.jpg,0.25762373,0.48714933,0.25522697
concrete3k::140_3.jpg,0.5164961,0.09739241,0.38611147
concrete3k::140_6.jpg,0.65077096,0.026620023,0.32260907
concrete3k::167_13.jpg,0.41872695,0.28540468,0.29586834
concrete3k::167_14.jpg,0.34980714,0.1665069,0.48368594
concrete3k::167_19.jpg,0.22875959,0.030004581,0.7412358
concrete3k::167_21.jpg,0.40922475,0.3138994,0.27687585
concrete3k::167_27.jpg,0.4036571,0.20589624,0.3904467
concrete3k::167_34.jpg,0.30458456,0.2531488,0.44226667
concrete3k::167_43.jpg,0.30680102,0.24724935,0.4459497
concrete3k::167_5.jpg,0.3316253,0.18034881,0.48802596
concrete3k::168_12.jpg,0.47747353,0.22994567,0.29258084
concrete3k::174_18.jpg,0.39943853,0.3132107,0.2873507
concrete3k::174_19.jpg,0.33500388,0.23838547,0.42661065
concrete3k::174_29.jpg,0.42727956,0.2575194,0.31520098
concrete3k::174_30.jpg,0.50880635,0.2590265,0.23216715
concrete3k::174_38.jpg,0.49995112,0.17520446,0.32484442
concrete3k::174_39.jpg,0.5165478,0.14570992,0.33774227
concrete3k::180_16.jpg,0.61344063,0.1915739,0.19498546
concrete3k::180_17.jpg,0.52480465,0.29495454,0.1802408
concrete3k::180_25.jpg,0.2735792,0.56998473,0.15643606
concrete3k::180_26.jpg,0.57865375,0.2985659,0.12278032
concrete3k::180_28.jpg,0.519717,0.086336814,0.39394617
concrete3k::180_29.jpg,0.6162364,0.19582732,0.1879363
concrete3k::180_30.jpg,0.6327888,0.22649091,0.14072038
concrete3k::180_35.jpg,0.43294728,0.15492158,0.41213122
concrete3k::180_36.jpg,0.5132217,0.13413133,0.35264704
concrete3k::183_25.jpg,0.6032509,0.18896018,0.20778891
concrete3k::183_27.jpg,0.52009505,0.29164863,0.18825628
concrete3k::183_28.jpg,0.45145768,0.34611547,0.20242684
concrete3k::183_30.jpg,0.47200814,0.15953654,0.36845538
concrete3k::183_33.jpg,0.23933333,0.42417142,0.33649522
concrete3k::183_38.jpg,0.31298235,0.24932645,0.43769124
concrete3k::191_10.jpg,0.3800418,0.2784923,0.34146586
concrete3k::191_18.jpg,0.3278112,0.3736661,0.29852268
concrete3k::191_2.jpg,0.23906009,0.5207438,0.24019617
concrete3k::191_20.jpg,0.37320766,0.22110297,0.40568933
concrete3k::191_28.jpg,0.43316394,0.31700346,0.24983262
concrete3k::191_29.jpg,0.39971918,0.34808412,0.2521967
concrete3k::191_46.jpg,0.4628697,0.22479765,0.31233263
concrete3k::191_47.jpg,0.30549112,0.34320638,0.35130247
concrete3k::193_20.jpg,0.3820137,0.22086582,0.39712042
concrete3k::193_24.jpg,0.5100091,0.2440936,0.24589731
concrete3k::193_25.jpg,0.4617243,0.33427218,0.20400347
concrete3k::193_26.jpg,0.38726664,0.23808387,0.37464955
concrete3k::193_27.jpg,0.48339236,0.2648135,0.2517941
concrete3k::193_29.jpg,0.26869902,0.18654369,0.54475725
concrete3k::193_31.jpg,0.42711174,0.3164683,0.25642
concrete3k::198_14.jpg,0.39694422,0.40722755,0.19582827
concrete3k::198_15.jpg,0.45296448,0.33309865,0.21393688
concrete3k::198_20.jpg,0.28554192,0.4321312,0.28232688
concrete3k::198_22.jpg,0.3204823,0.51621646,0.16330121
concrete3k::198_24.jpg,0.641059,0.15828235,0.20065868
concrete3k::198_25.jpg,0.56879294,0.24025656,0.1909505
concrete3k::198_26.jpg,0.17960322,0.5783971,0.24199972
concrete3k::198_27.jpg,0.27206063,0.43023524,0.29770407
concrete3k::198_28.jpg,0.286006,0.4112062,0.3027878
concrete3k::198_32.jpg,0.42785683,0.35409164,0.2180515
concrete3k::216_17.jpg,0.41089866,0.42654896,0.1625524
concrete3k::216_18.jpg,0.48434308,0.3106669,0.20499004
concrete3k::216_19.jpg,0.41979244,0.30302572,0.27718186
concrete3k::216_20.jpg,0.46520075,0.22968122,0.30511796
concrete3k::216_21.jpg,0.487586,0.32792988,0.1844841
concrete3k::216_24.jpg,0.3930967,0.32974058,0.2771627
concrete3k::216_28.jpg,0.3967504,0.29517943,0.30807018
concrete3k::217_16.jpg,0.67026323,0.15685879,0.17287801
concrete3k::217_17.jpg,0.56106806,0.19270164,0.24623029
concrete3k::217_20.jpg,0.38700685,0.35608613,0.25690702
concrete3k::217_22.jpg,0.50652254,0.2904871,0.20299037
concrete3k::217_23.jpg,0.60809094,0.17854615,0.21336299
concrete3k::217_25.jpg,0.46146446,0.2800869,0.25844863
concrete3k::217_26.jpg,0.6149962,0.21327011,0.17173372
concrete3k::217_29.jpg,0.46136457,0.24692245,0.2917129
concrete3k::225_10.jpg,0.68408775,0.09525098,0.22066122
concrete3k::225_20.jpg,0.47830856,0.21383263,0.30785877
concrete3k::225_22.jpg,0.36372486,0.17247231,0.46380287
concrete3k::225_31.jpg,0.65775394,0.09242284,0.2498232
concrete3k::225_9.jpg,0.55740726,0.19805504,0.24453773
concrete3k::226_21.jpg,0.5675241,0.2651929,0.16728307
concrete3k::226_24.jpg,0.74702984,0.07945643,0.17351368
concrete3k::226_26.jpg,0.47934946,0.2038996,0.31675088
concrete3k::226_31.jpg,0.3890546,0.17192023,0.43902513
concrete3k::226_39.jpg,0.66679054,0.17131716,0.16189228
concrete3k::232_0.jpg,0.41234758,0.22224116,0.36541125
concrete3k::232_13.jpg,0.3495689,0.13942568,0.5110054
concrete3k::232_18.jpg,0.24276127,0.5347678,0.22247094
concrete3k::232_30.jpg,0.42673153,0.2744183,0.29885015
concrete3k::232_36.jpg,0.16448061,0.35148376,0.4840356
concrete3k::232_38.jpg,0.394308,0.21810974,0.38758218
concrete3k::232_39.jpg,0.46379238,0.3238783,0.21232928
concrete3k::232_44.jpg,0.36519995,0.12263006,0.51217
concrete3k::232_45.jpg,0.21057382,0.22229767,0.5671285
concrete3k::237_16.jpg,0.5105637,0.20645948,0.2829769
concrete3k::237_18.jpg,0.437615,0.37606508,0.18631989
concrete3k::237_24.jpg,0.31107664,0.27751017,0.41141322
concrete3k::237_8.jpg,0.44427153,0.18202427,0.3737042
concrete3k::243_16.jpg,0.44566277,0.17346764,0.38086957
concrete3k::243_18.jpg,0.5938473,0.16382264,0.24233013
concrete3k::243_19.jpg,0.5994128,0.18727355,0.21331364
concrete3k::243_29.jpg,0.6622984,0.16560294,0.17209864
concrete3k::243_37.jpg,0.44224977,0.18306679,0.37468335
concrete3k::243_47.jpg,0.5487363,0.17377453,0.27748916
concrete3k::244_10.jpg,0.40171453,0.3084842,0.2898013
concrete3k::244_18.jpg,0.30168796,0.10485455,0.5934575
concrete3k::244_19.jpg,0.44040897,0.28400657,0.27558446
concrete3k::244_29.jpg,0.42066455,0.21034029,0.36899513
concrete3k::244_38.jpg,0.5409961,0.13547702,0.32352686
concrete3k::244_8.jpg,0.40111992,0.344743,0.2541371
concrete3k::244_9.jpg,0.46500498,0.15605779,0.37893718
concrete3k::248_0.jpg,0.51741856,0.3633151,0.11926628
concrete3k::248_1.jpg,0.6407091,0.115817554,0.24347335
concrete3k::248_19.jpg,0.49869534,0.26561606,0.23568858
concrete3k::248_37.jpg,0.56537914,0.1420242,0.29259667
concrete3k::248_45.jpg,0.60666215,0.10964956,0.28368825
concrete3k::248_47.jpg,0.6997295,0.19416738,0.10610309
concrete3k::248_9.jpg,0.5177132,0.3643082,0.117978565
concrete3k::250_21.jpg,0.49498454,0.0712822,0.43373317
concrete3k::250_26.jpg,0.4031767,0.2639958,0.33282754
concrete3k::250_29.jpg,0.64162445,0.1886683,0.16970734
concrete3k::252_17.jpg,0.40205908,0.3410305,0.25691044
concrete3k::252_25.jpg,0.3375462,0.45504773,0.20740609
concrete3k::252_36.jpg,0.4312657,0.22608058,0.34265366
concrete3k::252_37.jpg,0.5475056,0.25169355,0.20080082
concrete3k::252_38.jpg,0.4768717,0.27118614,0.25194213
concrete3k::255_17.jpg,0.33533353,0.3550596,0.3096069
concrete3k::255_18.jpg,0.44565922,0.2099176,0.34442312
concrete3k::255_19.jpg,0.39729947,0.24218573,0.36051476
concrete3k::255_21.jpg,0.36507255,0.29004332,0.3448842
concrete3k::255_22.jpg,0.435543,0.37551054,0.18894649
concrete3k::255_23.jpg,0.37325945,0.38749042,0.2392501
concrete3k::255_28.jpg,0.413577,0.26457158,0.32185143
concrete3k::256_27.jpg,0.57400495,0.13936536,0.2866297
concrete3k::256_35.jpg,0.5732912,0.19463915,0.23206967
concrete3k::256_36.jpg,0.28518978,0.15797926,0.55683094
concrete3k::256_4.jpg,0.5032639,0.19698304,0.29975307
concrete3k::256_41.jpg,0.20749894,0.30575207,0.48674905
concrete3k::256_43.jpg,0.518147,0.17934197,0.302511
concrete3k::262_14.jpg,0.4171953,0.03849694,0.54430777
concrete3k::262_15.jpg,0.36427855,0.3428457,0.2928757
concrete3k::262_22.jpg,0.46156728,0.0849563,0.45347646
concrete3k::262_23.jpg,0.51049376,0.06192436,0.42758194
concrete3k::262_29.jpg,0.5487836,0.093762524,0.35745394
concrete3k::262_33.jpg,0.5047757,0.060958553,0.43426573
concrete3k::262_40.jpg,0.66452473,0.08707794,0.2483973
concrete3k::268_1.jpg,0.61230874,0.102509804,0.28518143
concrete3k::268_18.jpg,0.58608145,0.25166786,0.1622508
concrete3k::268_27.jpg,0.45148784,0.32225204,0.2262601
concrete3k::268_29.jpg,0.3356541,0.14783993,0.516506
concrete3k::268_37.jpg,0.49356216,0.2985641,0.20787376
concrete3k::268_39.jpg,0.59154546,0.22198248,0.18647207
concrete3k::268_47.jpg,0.62127054,0.18932047,0.18940896
concrete3k::268_8.jpg,0.52239543,0.284768,0.19283666
concrete3k::268_9.jpg,0.7055454,0.15651652,0.13793804
concrete3k::271_0.jpg,0.6062235,0.21621056,0.17756595
concrete3k::271_11.jpg,0.38772833,0.2300267,0.38224503
concrete3k::271_19.jpg,0.33866614,0.34919494,0.31213894
concrete3k::271_20.jpg,0.41796947,0.27250102,0.3095295
concrete3k::271_38.jpg,0.5874458,0.18219095,0.23036323
concrete3k::271_39.jpg,0.51520765,0.23994984,0.24484245
concrete3k::271_46.jpg,0.6127945,0.10034545,0.28686002
concrete3k::271_8.jpg,0.5699457,0.21750943,0.21254481
concrete3k::271_9.jpg,0.5461082,0.25745597,0.1964359
concrete3k::272_16.jpg,0.55842376,0.26861122,0.172965
concrete3k::272_17.jpg,0.56582224,0.17834628,0.25583154
concrete3k::272_28.jpg,0.20575008,0.23731826,0.5569316
concrete3k::272_29.jpg,0.22256902,0.31045428,0.4669767
concrete3k::272_30.jpg,0.2775216,0.3444347,0.3780437
concrete3k::272_38.jpg,0.30516407,0.2440589,0.45077702
concrete3k::272_8.jpg,0.44150874,0.2803213,0.27816993
concrete3k::272_9.jpg,0.6521835,0.21683033,0.1309862
concrete3k::278_19.jpg,0.32798922,0.19948195,0.47252885
concrete3k::278_20.jpg,0.4974125,0.21821831,0.28436926
concrete3k::278_22.jpg,0.5013693,0.13990833,0.35872233
concrete3k::278_25.jpg,0.48037258,0.083041884,0.4365856
concrete3k::278_27.jpg,0.54260707,0.06331408,0.39407882
concrete3k::284_0.jpg,0.14429982,0.800778,0.054922257
concrete3k::284_10.jpg,0.660369,0.10330485,0.23632622
concrete3k::284_36.jpg,0.4634799,0.21201374,0.3245063
concrete3k::284_37.jpg,0.63585806,0.169107,0.19503492
concrete3k::284_38.jpg,0.34025627,0.086347885,0.57339585
concrete3k::284_39.jpg,0.21012625,0.098101735,0.691772
concrete3k::284_42.jpg,0.55485195,0.15918726,0.28596076
concrete3k::284_47.jpg,0.25808087,0.10552146,0.63639766
concrete3k::284_8.jpg,0.5075356,0.33701617,0.15544826
concrete3k::284_9.jpg,0.6337587,0.119377725,0.24686359
concrete3k::306_12.jpg,0.51750374,0.031183397,0.4513129
concrete3k::306_13.jpg,0.60281837,0.15644425,0.24073735
concrete3k::306_14.jpg,0.7442037,0.09892617,0.15687019
concrete3k::306_15.jpg,0.55355984,0.18948157,0.25695863
concrete3k::357_18.jpg,0.4171438,0.4197735,0.16308276
concrete3k::357_22.jpg,0.52808553,0.22462991,0.24728453
concrete3k::357_23.jpg,0.46387044,0.3392976,0.19683188
concrete3k::357_42.jpg,0.37148038,0.40325448,0.22526515
concrete3k::368_21.jpg,0.28542203,0.45388213,0.26069576
concrete3k::368_23.jpg,0.38519004,0.17930369,0.43550628
concrete3k::368_26.jpg,0.36929882,0.40886766,0.22183353
concrete3k::368_27.jpg,0.3036037,0.4766104,0.21978584
concrete3k::368_29.jpg,0.3090824,0.3324383,0.35847932
concrete3k::368_37.jpg,0.37533483,0.23500933,0.3896558
concrete3k::368_43.jpg,0.31396046,0.38968918,0.29635036
concrete3k::372_10.jpg,0.46652254,0.15490068,0.3785768
concrete3k::372_11.jpg,0.38448212,0.3227333,0.29278457
concrete3k::372_15.jpg,0.24079102,0.36069626,0.39851272
concrete3k::372_38.jpg,0.24402145,0.4064824,0.34949613
concrete3k::372_43.jpg,0.32313284,0.5249809,0.15188624
concrete3k::372_8.jpg,0.34957653,0.3479548,0.30246866
concrete3k::372_9.jpg,0.35738537,0.28992566,0.352689
concrete3k::377_20.jpg,0.4983231,0.3665184,0.13515852
concrete3k::377_21.jpg,0.58030695,0.18880746,0.23088557
concrete3k::377_22.jpg,0.5282828,0.258185,0.21353221
concrete3k::377_29.jpg,0.48874676,0.08502068,0.42623252
concrete3k::377_34.jpg,0.3612177,0.12980632,0.508976
concrete3k::383_0.jpg,0.22668935,0.3298071,0.4435036
concrete3k::383_12.jpg,0.41322124,0.26607177,0.320707
concrete3k::383_13.jpg,0.5596177,0.16673595,0.27364632
concrete3k::383_14.jpg,0.39037803,0.3279206,0.2817014
concrete3k::383_19.jpg,0.4176343,0.3142678,0.26809782
concrete3k::383_33.jpg,0.34838295,0.35155964,0.30005747
concrete3k::383_39.jpg,0.4592349,0.2547173,0.2860478
concrete3k::383_46.jpg,0.58035797,0.28364795,0.13599412
concrete3k::383_6.jpg,0.4444483,0.055669136,0.49988255
concrete3k::407_15.jpg,0.57633406,0.1812637,0.24240224
concrete3k::407_20.jpg,0.37920588,0.23372768,0.38706642
concrete3k::407_21.jpg,0.3613628,0.18839943,0.45023784
concrete3k::407_26.jpg,0.4277026,0.2067202,0.36557728
concrete3k::407_32.jpg,0.47329047,0.19082376,0.33588567
concrete3k::407_38.jpg,0.42071843,0.2592122,0.3200694
concrete3k::407_44.jpg,0.5377295,0.20926581,0.2530047
concrete3k::413_14.jpg,0.2962892,0.47141984,0.23229101
concrete3k::413_20.jpg,0.22679128,0.42775992,0.3454488
concrete3k::413_3.jpg,0.5951046,0.22154057,0.1833549
concrete3k::413_8.jpg,0.6107816,0.25631717,0.13290122
concrete3k::415_14.jpg,0.52639896,0.3108794,0.16272159
concrete3k::415_19.jpg,0.4073112,0.09925115,0.49343765
concrete3k::415_3.jpg,0.60780007,0.1517062,0.24049374
concrete3k::415_32.jpg,0.64757454,0.15428719,0.1981383
concrete3k::415_44.jpg,0.6758326,0.2253434,0.09882399
concrete3k::415_8.jpg,0.34228843,0.12972586,0.5279857
concrete3k::418_20.jpg,0.44369012,0.31287828,0.24343155
concrete3k::418_32.jpg,0.2526358,0.2518906,0.49547362
concrete3k::418_44.jpg,0.4469732,0.19033588,0.3626909
concrete3k::418_8.jpg,0.5240483,0.2512198,0.22473186
concrete3k::423_16.jpg,0.19180432,0.6052344,0.20296128
concrete3k::423_32.jpg,0.28417966,0.2620107,0.45380962
concrete3k::423_38.jpg,0.34235534,0.49252865,0.165116
concrete3k::423_39.jpg,0.19940908,0.28096408,0.51962686
concrete3k::423_4.jpg,0.34069294,0.2536799,0.40562716
concrete3k::423_44.jpg,0.3530164,0.4550607,0.19192284
concrete3k::424_15.jpg,0.194125,0.5136634,0.2922116
concrete3k::424_26.jpg,0.29623297,0.47200194,0.23176509
concrete3k::424_27.jpg,0.30452615,0.20778549,0.48768833
concrete3k::424_3.jpg,0.28824311,0.17142473,0.54033214
concrete3k::424_37.jpg,0.2635696,0.40673584,0.3296945
concrete3k::424_9.jpg,0.3100561,0.4031448,0.28679913
concrete3k::425_0.jpg,0.47339946,0.058615137,0.46798548
concrete3k::425_14.jpg,0.45646793,0.25573477,0.28779736
concrete3k::425_26.jpg,0.37551528,0.25569808,0.36878666
concrete3k::425_27.jpg,0.29324433,0.20421836,0.5025373
concrete3k::425_46.jpg,0.5102205,0.23273455,0.25704488
concrete3k::425_8.jpg,0.4689518,0.23201676,0.2990314
concrete3k::425_9.jpg,0.43543407,0.12119906,0.4433668
concrete3k::430_14.jpg,0.40860713,0.28795752,0.3034354
concrete3k::430_2.jpg,0.43526462,0.3186084,0.24612698
concrete3k::430_20.jpg,0.37892774,0.2697032,0.35136905
concrete3k::430_33.jpg,0.44029507,0.21385087,0.34585413
concrete3k::430_38.jpg,0.3654032,0.30743992,0.32715687
concrete3k::430_44.jpg,0.4802652,0.28284281,0.23689191
concrete3k::430_8.jpg,0.41807374,0.32485247,0.2570738
concrete3k::441_14.jpg,0.3857129,0.2707402,0.34354684
concrete3k::441_19.jpg,0.4744839,0.24469656,0.2808195
concrete3k::441_20.jpg,0.4534792,0.30219847,0.2443223
concrete3k::441_24.jpg,0.5830082,0.2016233,0.21536846
concrete3k::441_33.jpg,0.3533782,0.263384,0.38323775
concrete3k::441_46.jpg,0.63482463,0.14632404,0.21885131
concrete3k::445_10.jpg,0.25476593,0.62426823,0.12096582
concrete3k::445_16.jpg,0.5703537,0.23344238,0.1962039
concrete3k::445_22.jpg,0.47692022,0.33820456,0.1848752
concrete3k::445_33.jpg,0.4798552,0.2765064,0.24363832
concrete3k::445_38.jpg,0.43417832,0.26649708,0.29932457
concrete3k::445_43.jpg,0.65962636,0.15779419,0.18257944
concrete3k::445_5.jpg,0.74433225,0.094326146,0.16134155
concrete3k::447_18.jpg,0.4304073,0.11234287,0.45724982
concrete3k::447_28.jpg,0.5804425,0.090848714,0.32870877
concrete3k::447_35.jpg,0.58561295,0.27365977,0.14072727
concrete3k::463_2.jpg,0.6809922,0.11794332,0.2010645
concrete3k::463_21.jpg,0.46938738,0.30739987,0.22321273
concrete3k::463_33.jpg,0.44883657,0.38328713,0.16787626
concrete3k::463_38.jpg,0.54646313,0.32982576,0.123711094
concrete3k::463_43.jpg,0.49255815,0.30905858,0.19838329
concrete3k::463_44.jpg,0.28693688,0.54596204,0.1671011
concrete3k::463_8.jpg,0.5229593,0.13451892,0.3425218
concrete3k::470_15.jpg,0.40325665,0.32424137,0.2725019
concrete3k::470_19.jpg,0.45713776,0.16836734,0.37449488
concrete3k::470_20.jpg,0.3699524,0.39639568,0.23365192
concrete3k::470_24.jpg,0.51266515,0.11409472,0.37324014
concrete3k::470_25.jpg,0.31566778,0.15076855,0.5335637
concrete3k::470_27.jpg,0.34508353,0.35681415,0.29810235
concrete3k::470_28.jpg,0.34816343,0.1611487,0.4906879
concrete3k::470_32.jpg,0.35460076,0.25974834,0.38565084
concrete3k::470_33.jpg,0.40885186,0.3471779,0.24397029
concrete3k::470_38.jpg,0.37568486,0.23478307,0.38953203
concrete3k::470_4.jpg,0.4808665,0.24953124,0.26960236
concrete3k::470_44.jpg,0.44083774,0.28143793,0.27772436
concrete3k::470_45.jpg,0.4288141,0.123871624,0.44731426
concrete3k::470_5.jpg,0.57791877,0.14443098,0.2776502
concrete3k::470_9.jpg,0.39160496,0.2507728,0.3576223
concrete3k::471_21.jpg,0.40647137,0.27741787,0.31611076
concrete3k::471_26.jpg,0.52316165,0.18456456,0.29227376
concrete3k::471_27.jpg,0.30458868,0.41159138,0.2838199
concrete3k::471_28.jpg,0.27002072,0.21771419,0.5122651
concrete3k::471_31.jpg,0.44332314,0.23648694,0.3201899
concrete3k::471_32.jpg,0.3966246,0.3419835,0.2613919
concrete3k::471_37.jpg,0.47213674,0.24551453,0.28234875
concrete3k::472_2.jpg,0.47619078,0.14440371,0.37940553
concrete3k::472_20.jpg,0.29838184,0.287061,0.41455713
concrete3k::472_26.jpg,0.31916595,0.31365398,0.3671801
concrete3k::472_32.jpg,0.4517231,0.17872347,0.36955348
concrete3k::472_42.jpg,0.22412859,0.45864907,0.3172224
concrete3k::472_9.jpg,0.57750845,0.22063819,0.20185338
concrete3k::476_26.jpg,0.33177954,0.2884363,0.37978414
concrete3k::476_27.jpg,0.34022096,0.22441484,0.43536416
concrete3k::476_3.jpg,0.5702191,0.24520394,0.18457699
concrete3k::476_33.jpg,0.25028694,0.34430817,0.40540487
concrete3k::476_39.jpg,0.38332218,0.29850698,0.31817085
concrete3k::476_45.jpg,0.39160442,0.321038,0.2873575
concrete3k::476_7.jpg,0.42852,0.21695286,0.35452718
concrete3k::476_9.jpg,0.3176954,0.3321374,0.35016716
concrete3k::483_15.jpg,0.3363131,0.25441614,0.40927073
concrete3k::483_32.jpg,0.2682817,0.39129823,0.34042007
concrete3k::483_37.jpg,0.3976473,0.29229367,0.31005904
concrete3k::483_5.jpg,0.36179012,0.24121363,0.39699626
concrete3k::488_20.jpg,0.60495526,0.2126562,0.18238851
concrete3k::488_21.jpg,0.5978599,0.19508472,0.20705533
concrete3k::488_23.jpg,0.5509649,0.15165557,0.29737958
concrete3k::488_27.jpg,0.5300708,0.2385224,0.23140676
concrete3k::488_29.jpg,0.5692459,0.11852351,0.31223065
concrete3k::488_38.jpg,0.4411889,0.20971611,0.34909496
concrete3k::488_43.jpg,0.542156,0.26058,0.19726403
concrete3k::488_44.jpg,0.622251,0.12658589,0.25116313
concrete3k::488_9.jpg,0.49708608,0.22349325,0.2794207
concrete3k::497_11.jpg,0.38972202,0.34127963,0.26899832
concrete3k::497_12.jpg,0.5283837,0.14159459,0.33002174
concrete3k::497_18.jpg,0.46575046,0.2993195,0.23493011
concrete3k::497_22.jpg,0.35012546,0.3834347,0.26643986
concrete3k::497_25.jpg,0.4564588,0.35510385,0.1884373
concrete3k::497_31.jpg,0.39789647,0.28655854,0.31554493
concrete3k::497_39.jpg,0.4717365,0.21299212,0.31527135
concrete3k::500_16.jpg,0.54974145,0.26560482,0.18465371
concrete3k::500_17.jpg,0.48598295,0.33163825,0.18237884
concrete3k::500_19.jpg,0.38283512,0.470254,0.14691083
concrete3k::500_20.jpg,0.32945406,0.46255425,0.2079917
concrete3k::500_28.jpg,0.4536997,0.36490515,0.1813951
concrete3k::500_37.jpg,0.49568588,0.3788043,0.12550986
concrete3k::500_38.jpg,0.51555836,0.22694552,0.25749618
concrete3k::508_11.jpg,0.32484794,0.39154512,0.28360698
concrete3k::508_20.jpg,0.32811463,0.44822213,0.22366323
concrete3k::508_46.jpg,0.6229663,0.13434237,0.24269135
concrete3k::508_47.jpg,0.5561237,0.29462323,0.14925306
concrete3k::508_8.jpg,0.42612997,0.3526788,0.22119123
concrete3k::508_9.jpg,0.34420583,0.48788518,0.167909
concrete3k::509_17.jpg,0.36520657,0.29399836,0.340795
concrete3k::509_19.jpg,0.41335064,0.33693725,0.24971211
concrete3k::509_21.jpg,0.40539843,0.19793576,0.39666584
concrete3k::509_27.jpg,0.47205886,0.255387,0.27255413
concrete3k::509_28.jpg,0.4179925,0.34488815,0.2371193
concrete3k::509_29.jpg,0.5284696,0.15583155,0.3156988
concrete3k::509_9.jpg,0.33596945,0.36399853,0.300032
concrete3k::514_16.jpg,0.4268672,0.37619168,0.1969411
concrete3k::514_18.jpg,0.2854536,0.35260725,0.3619392
concrete3k::514_19.jpg,0.22913942,0.4820938,0.28876674
concrete3k::514_21.jpg,0.34366664,0.45583865,0.20049468
concrete3k::514_23.jpg,0.5344811,0.22059879,0.24492006
concrete3k::515_13.jpg,0.2333223,0.5595768,0.20710093
concrete3k::515_14.jpg,0.28361723,0.5770015,0.1393813
concrete3k::515_15.jpg,0.26416793,0.39228314,0.34354895
concrete3k::515_20.jpg,0.2511659,0.5366983,0.21213582
concrete3k::515_33.jpg,0.32911918,0.40471625,0.26616457
concrete3k::515_40.jpg,0.4268211,0.3815798,0.1915991
concrete3k::515_41.jpg,0.4652272,0.40805814,0.12671469
concrete3k::515_6.jpg,0.2514132,0.44448504,0.3041017
concrete3k::521_16.jpg,0.56313807,0.22748496,0.20937695
concrete3k::521_17.jpg,0.54067254,0.17889163,0.2804358
concrete3k::521_27.jpg,0.4423974,0.26032495,0.29727766
concrete3k::521_37.jpg,0.46278355,0.29440987,0.2428066
concrete3k::521_38.jpg,0.4352753,0.31946796,0.24525677
concrete3k::521_44.jpg,0.415185,0.07665768,0.5081573
concrete3k::521_45.jpg,0.47849053,0.21840337,0.30310613
concrete3k::528_20.jpg,0.21197368,0.62457436,0.16345198
concrete3k::528_21.jpg,0.38047373,0.4245973,0.194929
concrete3k::528_27.jpg,0.44773704,0.17999928,0.3722636
concrete3k::528_33.jpg,0.37606263,0.3031934,0.320744
concrete3k::528_34.jpg,0.33448446,0.14798537,0.51753014
concrete3k::528_39.jpg,0.5326513,0.17567496,0.29167378
concrete3k::528_45.jpg,0.489594,0.36674216,0.14366384
concrete3k::528_8.jpg,0.4123883,0.3238587,0.26375306
concrete3k::529_15.jpg,0.2924788,0.42881107,0.2787102
concrete3k::529_2.jpg,0.5064724,0.12449824,0.36902934
concrete3k::529_27.jpg,0.3955326,0.28511345,0.31935394
concrete3k::529_3.jpg,0.41075855,0.24470328,0.34453818
concrete3k::529_38.jpg,0.4116061,0.21315902,0.37523493
concrete3k::529_39.jpg,0.34951943,0.43037677,0.22010376
concrete3k::529_44.jpg,0.42219344,0.14110053,0.43670598
concrete3k::529_8.jpg,0.44007912,0.19083583,0.36908504
concrete3k::529_9.jpg,0.38305983,0.2661484,0.35079178
concrete3k::536_14.jpg,0.32894075,0.4120532,0.25900602
concrete3k::536_15.jpg,0.36094525,0.30735293,0.33170182
concrete3k::536_27.jpg,0.40790176,0.32327637,0.26882192
concrete3k::536_3.jpg,0.55758935,0.28859884,0.15381183
concrete3k::536_9.jpg,0.2869672,0.38623127,0.32680154
concrete3k::543_15.jpg,0.5493933,0.19712164,0.25348505
concrete3k::543_21.jpg,0.47195238,0.24773034,0.28031722
concrete3k::543_3.jpg,0.6095936,0.25019282,0.1402136
concrete3k::543_31.jpg,0.295636,0.45867953,0.2456845
concrete3k::543_37.jpg,0.5278423,0.26527235,0.20688534
concrete3k::543_43.jpg,0.2720688,0.43017858,0.29775268
concrete3k::552_12.jpg,0.42801479,0.15951009,0.4124751
concrete3k::552_24.jpg,0.3753995,0.31524444,0.30935612
concrete3k::552_25.jpg,0.3158022,0.32871425,0.35548356
concrete3k::552_27.jpg,0.29591677,0.3754538,0.3286295
concrete3k::552_29.jpg,0.30222073,0.17619713,0.5215821
concrete3k::552_30.jpg,0.3989072,0.16909307,0.43199974
concrete3k::552_32.jpg,0.49102095,0.2897292,0.21924973
concrete3k::552_33.jpg,0.30742446,0.32881597,0.36375958
concrete3k::552_34.jpg,0.36754623,0.28432873,0.34812507
concrete3k::552_35.jpg,0.33133817,0.48796237,0.18069948
concrete3k::552_36.jpg,0.28870833,0.11925838,0.5920333
concrete3k::552_37.jpg,0.45967484,0.27294302,0.26738214
concrete3k::552_38.jpg,0.20720369,0.14734316,0.64545316
concrete3k::556_1.jpg,0.5068796,0.3181569,0.17496353
concrete3k::556_20.jpg,0.29041392,0.35706457,0.35252145
concrete3k::556_21.jpg,0.49366236,0.254205,0.25213268
concrete3k::556_38.jpg,0.304965,0.2894527,0.4055823
concrete3k::556_39.jpg,0.38408375,0.44270986,0.17320634
concrete3k::556_8.jpg,0.5521698,0.27103913,0.17679109
concrete3k::556_9.jpg,0.3429022,0.38853738,0.26856038
concrete3k::560_12.jpg,0.3010701,0.08654009,0.61238986
concrete3k::560_13.jpg,0.41933706,0.10457957,0.47608337
concrete3k::560_14.jpg,0.26977625,0.5599043,0.17031954
concrete3k::560_2.jpg,0.5000698,0.32190317,0.17802706
concrete3k::560_20.jpg,0.33328167,0.28779832,0.37892
concrete3k::560_43.jpg,0.47489,0.26667058,0.25843945
concrete3k::560_8.jpg,0.37883082,0.47001463,0.15115455
concrete3k::568_28.jpg,0.5790024,0.26873738,0.15226026
concrete3k::568_29.jpg,0.6004746,0.22799051,0.17153487
concrete3k::568_30.jpg,0.36674967,0.30308232,0.33016807
concrete3k::568_32.jpg,0.4284536,0.4337959,0.13775052
concrete3k::568_36.jpg,0.5318411,0.33932933,0.1288296
concrete3k::568_37.jpg,0.5729529,0.26120088,0.16584623
concrete3k::568_40.jpg,0.32872584,0.2609324,0.41034177
concrete3k::568_42.jpg,0.40102017,0.31046972,0.28851014
concrete3k::568_46.jpg,0.22139916,0.3469213,0.43167958
concrete3k::575_19.jpg,0.34430704,0.39419764,0.26149532
concrete3k::575_21.jpg,0.38550115,0.3157991,0.2986998
concrete3k::575_23.jpg,0.39987016,0.3159527,0.28417712
concrete3k::575_29.jpg,0.47294503,0.34472415,0.18233088
concrete3k::578_25.jpg,0.3272677,0.3777657,0.29496658
concrete3k::578_26.jpg,0.34583956,0.43941122,0.21474926
concrete3k::578_27.jpg,0.35045195,0.3471027,0.30244538
concrete3k::578_29.jpg,0.47395676,0.36224806,0.16379523
concrete3k::578_32.jpg,0.35999513,0.31690305,0.3231018
concrete3k::578_33.jpg,0.18708839,0.46300766,0.3499039
concrete3k::582_18.jpg,0.24340789,0.4667733,0.28981885
concrete3k::582_20.jpg,0.18163647,0.46873346,0.3496301
concrete3k::582_25.jpg,0.3136224,0.23737797,0.44899967
concrete3k::582_26.jpg,0.33424598,0.29568347,0.37007055
concrete3k::582_34.jpg,0.20232292,0.28860533,0.50907177
concrete3k::588_0.jpg,0.5947614,0.21472494,0.19051373
concrete3k::588_1.jpg,0.3313038,0.34467754,0.3240187
concrete3k::588_13.jpg,0.3827203,0.3230521,0.29422763
concrete3k::588_14.jpg,0.45941055,0.426267,0.1143225
concrete3k::588_39.jpg,0.21282655,0.4329674,0.35420612
concrete3k::588_45.jpg,0.25225803,0.3976611,0.3500809
concrete3k::588_6.jpg,0.40865332,0.2062704,0.38507625
concrete3k::588_8.jpg,0.32885867,0.3520002,0.31914112
concrete3k::602_14.jpg,0.25158072,0.29003745,0.45838174
concrete3k::602_20.jpg,0.2131487,0.32738426,0.45946708
concrete3k::602_3.jpg,0.29366386,0.40252593,0.30381015
concrete3k::602_32.jpg,0.37333655,0.33178008,0.2948834
concrete3k::602_44.jpg,0.41489846,0.41533732,0.16976425
concrete3k::608_10.jpg,0.7537019,0.13426174,0.11203637
concrete3k::608_26.jpg,0.47840217,0.16806565,0.3535322
concrete3k::608_31.jpg,0.6107555,0.21207987,0.17716464
concrete3k::608_43.jpg,0.7385967,0.07669698,0.18470632
concrete3k::608_9.jpg,0.4804588,0.17284134,0.3466998
