sample_id,iou,dice,precision,recall,cldice,crack_fraction_true,crack_fraction_pred,components_pred,components_true,skeleton_covered,iou_dilate_both_tol0,precision_tol0,recall_tol0,f1_tol0,iou_buffered_tol0,iou_dilate_both_tol1,precision_tol1,recall_tol1,f1_tol1,iou_buffered_tol1,iou_dilate_both_tol2,precision_tol2,recall_tol2,f1_tol2,iou_buffered_tol2,iou_dilate_both_tol3,precision_tol3,recall_tol3,f1_tol3,iou_buffered_tol3,iou_dilate_both_tol5,precision_tol5,recall_tol5,f1_tol5,iou_buffered_tol5,iou_dilate_both_tol8,precision_tol8,recall_tol8,f1_tol8,iou_buffered_tol8,baseline_iou,baseline_dice,baseline_precision,baseline_recall,baseline_cldice,baseline_crack_fraction_true,baseline_crack_fraction_pred,baseline_components_pred,baseline_components_true,baseline_skeleton_covered,baseline_iou_dilate_both_tol0,baseline_precision_tol0,baseline_recall_tol0,baseline_f1_tol0,baseline_iou_buffered_tol0,baseline_iou_dilate_both_tol1,baseline_precision_tol1,baseline_recall_tol1,baseline_f1_tol1,baseline_iou_buffered_tol1,baseline_iou_dilate_both_tol2,baseline_precision_tol2,baseline_recall_tol2,baseline_f1_tol2,baseline_iou_buffered_tol2,baseline_iou_dilate_both_tol3,baseline_precision_tol3,baseline_recall_tol3,baseline_f1_tol3,baseline_iou_buffered_tol3,baseline_iou_dilate_both_tol5,baseline_precision_tol5,baseline_recall_tol5,baseline_f1_tol5,baseline_iou_buffered_tol5,baseline_iou_dilate_both_tol8,baseline_precision_tol8,baseline_recall_tol8,baseline_f1_tol8,baseline_iou_buffered_tol8,fraction_reinforce,fraction_suppress,fraction_abstain,residual_abs_mean,residual_abs_max,residual_abs_p50,residual_abs_p90,residual_abs_p99,residual_nonzero_fraction,active_probability_mean,evidence_source_id,improves_baseline,recovered_false_negatives,removed_false_positives,introduced_false_positives,lost_true_positives
LAB00202,0.6587132509586707,0.794246082712561,0.8331237650440093,0.7588350785340314,0.8965190055396883,0.03979166666666667,0.03624348958333334,5.0,7.0,0.8695987654320988,0.6587132509586706,0.8331237650440093,0.7588350785340314,0.794246082712561,0.6587132509586707,0.6999462590314683,0.9216813364469193,0.8336878272251309,0.8754791034029393,0.778535202015585,0.7312561359995866,0.9588647386384049,0.8790903141361257,0.9172462656594628,0.8471420938743024,0.7607674761840869,0.9743129153942878,0.9104221204188482,0.9412845981313667,0.8890818027866589,0.8016910615319028,0.9820370037722292,0.9402814136125655,0.9607057122024781,0.9243827503742092,0.8363408869734464,0.9885934973953655,0.959178664921466,0.9736639729503288,0.9486795233616084,0.6124109135411417,0.7596213947673899,0.8361509730686062,0.6959260471204188,0.8930174647302778,0.03979166666666667,0.033118489583333334,7.0,7.0,0.845679012345679,0.6124109135411417,0.8361509730686062,0.6959260471204188,0.7596213947673899,0.6124109135411417,0.6549282991468506,0.9249066247297032,0.7702879581151832,0.8405459085583206,0.7249497110430441,0.6874771241830065,0.9609789659917437,0.8186354712041884,0.884114505028992,0.792298590682875,0.7167110669616652,0.975230980931787,0.8538121727748691,0.9104914568027513,0.8356900572168461,0.7602862254025045,0.9815215254570474,0.8952061518324608,0.9363789092876317,0.8803688808582056,0.799116874406126,0.9880086494987222,0.9253108638743456,0.9556324812380987,0.9150346636316323,0.016927083333333332,0.0,0.9830729166666666,0.06060676688283759,10.221758842468262,0.0,0.03732758611440669,1.6050744509697084,0.40608072916666665,0.026511935517191887,LAB00202,1.0,0.20688727468388485,0.0,0.0006511903828385763,0.0
LAB00234,0.7517394054395952,0.8582776674489979,0.9297868179151183,0.7969823973176865,0.9436274692300246,0.019417317708333333,0.016643880208333333,1.0,1.0,0.9007633587786259,0.7517394054395952,0.9297868179151183,0.7969823973176865,0.8582776674489979,0.7517394054395952,0.7788589709410824,0.9911989047525914,0.871081307627829,0.9272662968023673,0.864395603529886,0.7993055555555556,0.9990221005280657,0.9066219614417435,0.9505818997154937,0.9058180904806032,0.8169453959298811,1.0,0.9299245599329422,0.9636900625434329,0.929924559932942,0.8413185747757939,1.0,0.9616093880972338,0.9804290231604136,0.9616093880972337,0.8641543064485326,1.0,0.9850796311818943,0.9924837429271176,0.9850796311818943,0.7440570522979398,0.8532485233984552,0.9315476190476191,0.7870913663034367,0.9359350240750807,0.019417317708333333,0.01640625,2.0,1.0,0.8854961832061069,0.7440570522979397,0.9315476190476191,0.7870913663034367,0.8532485233984552,0.7440570522979398,0.7709974629456536,0.9924603174603175,0.8625314333612741,0.9229455816114445,0.8569163877460506,0.7913577386468953,0.9996031746031746,0.901089689857502,0.9477934404087244,0.900767469817799,0.8096966031650036,1.0,0.9274098910310142,0.962338001217709,0.9274098910310142,0.8362284883251192,1.0,0.9609388097233864,0.9800803624861075,0.9609388097233863,0.8598255776943153,1.0,0.9844090528080469,0.9921432795471825,0.9844090528080468,0.0006608072916666666,0.0,0.9993391927083334,0.03515947624152713,11.051813125610352,0.0,0.07833495959639565,0.5460522311925889,0.373408203125,0.007431053090840578,LAB00234,1.0,0.046456692913385826,0.0,4.652863172587989e-05,0.0
LAB00259,0.7487488829311884,0.8563252165470014,0.9560132359653126,0.7754639270674256,0.811186483566148,0.14068359375,0.11411458333333334,20.0,5.0,0.7053309900410076,0.7487488829311886,0.9560132359653126,0.7754639270674256,0.8563252165470014,0.7487488829311884,0.7458059349182262,0.9762665449566408,0.7967976306168726,0.8774491984988163,0.7816565605096948,0.7423327602063258,0.9847101780009129,0.8144523115368596,0.8915253461878919,0.8042812193511912,0.7382900890028662,0.9891316750342309,0.8304410199453931,0.9028663920293883,0.8229320344123239,0.7315934252530055,0.9925832952989503,0.8516127539451155,0.9167101230652165,0.8462279049990646,0.7245365517654457,0.9948653582838887,0.8643157943449489,0.9250070561392738,0.8604773281740868,0.7394170403587444,0.8501894867101498,0.959778812572759,0.763061687259938,0.8035674621224481,0.14068359375,0.11184895833333333,1.0,5.0,0.6842413591095489,0.7394170403587444,0.959778812572759,0.763061687259938,0.8501894867101498,0.7394170403587444,0.7336169672339344,0.9789289871944121,0.7815956314498589,0.869202977098939,0.7686640126350863,0.7270900321543409,0.9867287543655413,0.7965662455458374,0.8815084652580087,0.7881226078848699,0.7193661637726539,0.9906868451688009,0.8089916238604286,0.8906672757413051,0.8028856052511101,0.7054243668720055,0.9940337601862631,0.8254893794252395,0.9019553463871851,0.82141955103515,0.689897466827503,0.9961583236321304,0.8381230043037623,0.9103327763841689,0.8354227388462886,0.01033203125,0.0,0.98966796875,0.07934438987502829,5.735569477081299,0.0,0.13746105581521995,1.631137318611145,0.3502018229166667,0.023690974339842796,LAB00259,1.0,0.05234375,0.0,0.0006092916984006092,0.0
LAB00264,0.8579169006176306,0.9235255896885719,0.9185151788397956,0.9285909629584612,0.9548672626794696,0.10712565104166667,0.10830078125,8.0,1.0,0.976711362032463,0.8579169006176306,0.9185151788397956,0.9285909629584612,0.9235255896885719,0.8579169006176306,0.8645723057378785,0.9477908025247971,0.9543286031176882,0.9510484672393792,0.9066657872517893,0.87007163969741,0.9662158100390742,0.9721960557902094,0.969196708007419,0.9402343934446754,0.8753091945628872,0.9782085963330328,0.9849889088091404,0.9815870439586946,0.9638399022084739,0.8853265479219677,0.9873760144274121,0.9957762314260536,0.9915583321479937,0.983257994743539,0.8988097473059737,0.9920949804628795,0.999787292230089,0.9959262831442807,0.9918856219671276,0.8585691935713272,0.9239033946554839,0.9307410034228623,0.917165517031815,0.986046511627907,0.10712565104166667,0.10556315104166666,1.0,1.0,0.9724770642201835,0.858569193571327,0.9307410034228623,0.917165517031815,0.9239033946554839,0.8585691935713272,0.8674163953832494,0.9586481235930803,0.9436628277978668,0.9510964529868291,0.9067530143216175,0.8754279290787389,0.9762558204076598,0.9636877449937707,0.9699310710732159,0.9416176372621732,0.8829784668804707,0.9876345246538591,0.9790027044273603,0.983299671463737,0.9671479824142353,0.8946921720963635,0.9960837521971075,0.9931629645385761,0.9946212140886846,0.989299981287272,0.9054771337359129,0.9995682876437756,0.9993011030417212,0.9994346774857508,0.9988699937894536,0.010784505208333333,0.0,0.9892154947916667,0.07679301116963379,6.021528720855713,0.0,0.054768049716949534,2.2017840838432416,0.3502018229166667,0.0220761988312006,LAB00264,0.0,0.13793103448275862,0.0,0.0017092760388906247,0.0
LAB00268,0.9114127669353116,0.9536535307301908,0.9525982603921838,0.9547111416781293,0.9439134131353435,0.18932291666666667,0.18974283854166665,7.0,1.0,0.9460556844547564,0.9114127669353118,0.9525982603921838,0.9547111416781293,0.9536535307301908,0.9114127669353116,0.9157666006263181,0.9662200415172674,0.9683975240715268,0.9673075573764234,0.9366850355939067,0.919866054045635,0.9762733963526566,0.9788342503438789,0.9775521462096265,0.9560899781692418,0.9237453637120582,0.9843023555044691,0.9867778541953233,0.9855385503485273,0.9714894052278851,0.9286227097811728,0.9917994818919522,0.9950137551581844,0.9934040184939136,0.9868944807504249,0.9340682950410227,0.996997718265882,0.9989683631361761,0.9979820678785846,0.9959722634561176,0.9073817076394395,0.9514421827631009,0.9586664339326235,0.9443259972489684,0.9668891814767947,0.18932291666666667,0.18649088541666667,1.0,1.0,0.9396751740139211,0.9073817076394396,0.9586664339326235,0.9443259972489684,0.9514421827631009,0.9073817076394395,0.9120928659979713,0.9716529935416303,0.9583734525447043,0.9649675381227749,0.9323065446397939,0.9164008861097582,0.9810089020771513,0.9691368638239339,0.9750367458333203,0.9512894651292149,0.920550960818186,0.9882352941176471,0.9782152682255846,0.983199752709116,0.9669546750492127,0.9260539849492984,0.9946762087624367,0.9897352132049518,0.9921995596793758,0.9845198711797694,0.9312984364377974,0.9985337755280154,0.996595598349381,0.9975637455133387,0.9951393328488325,0.008450520833333334,0.0,0.9915494791666667,0.07000632436041183,4.917322635650635,0.0,0.09136119410395684,1.564014338254929,0.33530598958333335,0.022182418033480644,LAB00268,1.0,0.1865348980852378,0.0,0.001601316728286956,0.0
LAB00271,0.8741389637616052,0.9328432743398186,0.938806690254101,0.92695514092894,0.911319926455151,0.08199869791666667,0.08096354166666667,8.0,1.0,0.9774011299435028,0.8741389637616053,0.938806690254101,0.92695514092894,0.9328432743398186,0.8741389637616052,0.8724597798475868,0.9581859118687681,0.9528384279475982,0.9555046881656193,0.9148003608436759,0.8699422929383902,0.9699260212286909,0.9680825724493847,0.9690034200876619,0.9398706445467091,0.8686200378071833,0.9770022515278225,0.9783247320365225,0.9776630445539823,0.9563021656861214,0.8754154727793696,0.9834351881633966,0.9903533148074632,0.9868821274720943,0.9741039559490262,0.8888376265538895,0.9906320360244452,0.9960698689956332,0.9933435105210452,0.9867750527642252,0.8463495489939094,0.9167814940081005,0.9668839175620927,0.8716157205240175,0.9594356261022927,0.08199869791666667,0.07391927083333333,2.0,1.0,0.9220338983050848,0.8463495489939095,0.9668839175620927,0.8716157205240175,0.9167814940081005,0.8463495489939094,0.8528538436159683,0.9832658094063766,0.9010321556173084,0.9403545811111556,0.8874238158809967,0.8590604026845637,0.9921613528271974,0.9215958713775307,0.9555776406130748,0.914934108815899,0.8644298872742993,0.9965650871939404,0.9364430329495832,0.9655690765688749,0.9334302123975172,0.8749241044323012,0.9995155892196582,0.9560539896784438,0.9773018328068881,0.9556112097953415,0.887073249783924,1.0,0.9712187375942835,0.9853992548585239,0.9712187375942835,0.03843424479166667,0.0,0.9615657552083333,0.1313630033840294,9.20879077911377,0.0,0.04214252792298796,4.205151853561416,0.3558430989583333,0.041702210903167725,LAB00271,1.0,0.43104514533085964,0.0,0.0027376999054249123,0.0
LAB00272,0.9116409041066819,0.9537784027829177,0.9482688840649031,0.9593523171412619,0.9348906901128964,0.087451171875,0.08847330729166666,9.0,1.0,0.9887063655030801,0.9116409041066817,0.9482688840649031,0.9593523171412619,0.9537784027829177,0.9116409041066819,0.9097875188221516,0.9696088892159388,0.9784477945281965,0.9740082895173875,0.9493334883370814,0.9081120569177995,0.9800949262298098,0.9883491531732738,0.9842047335806448,0.9689006890629979,0.9072769953051644,0.9860186173148386,0.993820956635027,0.9899044128760239,0.9800106301766528,0.910851968719989,0.9897715147724346,0.998176065512749,0.99395602396157,0.9879846683000283,0.918863798314372,0.993965929577983,0.9998511073887958,0.9968998328023007,0.9938188282704407,0.906570507012648,0.9509960462287104,0.9717204676999572,0.9311371673180718,0.9859448204060385,0.087451171875,0.083798828125,1.0,1.0,0.9722792607802875,0.9065705070126482,0.9717204676999572,0.9311371673180718,0.9509960462287104,0.906570507012648,0.908771203971866,0.9879578914656412,0.9555555555555556,0.971486616973893,0.9445541817993374,0.9113224309828568,0.9956493027230704,0.9707426018983808,0.9830382157617414,0.9666422386737697,0.9137612379788866,0.9989511711921687,0.9810161920714685,0.9899024521423765,0.9800067867127487,0.9181318366645668,0.9999223089771977,0.9921459147589801,0.9960189335960005,0.9920694392808447,0.9231378763866878,1.0,0.9980643960543458,0.9990312604791535,0.9980643960543457,0.02753255208333333,0.0,0.9724674479166666,0.10843751490185567,10.903276443481445,0.0,0.06421211287379276,2.92988811016083,0.35595703125,0.0352727510035038,LAB00272,1.0,0.4097297297297297,0.0,0.002424831996337717,0.0
LAB00284,0.6921982711456395,0.8181053992887164,0.9253272873546405,0.7331517645013618,0.9090428081608704,0.05617513020833333,0.04450846354166667,25.0,1.0,0.8716119828815977,0.6921982711456396,0.9253272873546405,0.7331517645013618,0.8181053992887164,0.6921982711456395,0.7181190770498558,0.9455130549257661,0.786463464101524,0.8586853971297006,0.7523652067275641,0.7388593970681342,0.9610912016382652,0.8290548762820884,0.8902037181185459,0.8021325468935347,0.7575979830391932,0.9731587800775251,0.8676479109926407,0.9173795235474045,0.8473694554100498,0.7860407659048796,0.9876398742046368,0.9188735006084487,0.9520165140618281,0.9084270189711696,0.8117659812813934,0.9953192423023477,0.9560757953294315,0.9753029169796092,0.9517963241437288,0.6094207300237451,0.7573168639560817,0.9283310901749664,0.6395086052036855,0.8437440497415641,0.05617513020833333,0.038697916666666665,1.0,1.0,0.746077032810271,0.6094207300237451,0.9283310901749664,0.6395086052036855,0.7573168639560817,0.6094207300237451,0.6275010421008753,0.9496971736204576,0.6797241699020687,0.7923452403071853,0.6561024447986529,0.6437598736176935,0.9658479138627187,0.714782407139132,0.8215621105652334,0.6971619954949791,0.6587434750186428,0.9782133243606999,0.7481601668887987,0.8478585285468544,0.7358979340249661,0.6861384473042308,0.9927658142664872,0.8051805064611463,0.889187482310263,0.8004838513699785,0.7167968027236058,0.9984017496635262,0.8724575534565684,0.9311904389875778,0.8712407457372615,0.01734375,0.0,0.98265625,0.09226539645994955,7.778430938720703,0.0,0.09696744605898919,2.352191617488877,0.44037109375,0.027845580130815506,LAB00284,1.0,0.25976531104324063,0.0,0.0005845910111349021,0.0
LAB00295,0.6790001207583626,0.808814856370201,0.8556211577089293,0.7668639698862552,0.6923193095363414,0.11933919270833333,0.10695963541666667,35.0,1.0,0.7495636998254799,0.6790001207583625,0.8556211577089293,0.7668639698862552,0.808814856370201,0.6790001207583626,0.6768952655545639,0.8736380790066346,0.7861214915032323,0.8275724772495071,0.7058623763011274,0.6780793501757757,0.8879724876742345,0.8018330105561768,0.8427072273448177,0.7281711657210047,0.6820522442512561,0.9005417249984783,0.8159624669267068,0.85616831110217,0.7485089977942071,0.6938574843834349,0.9198064398320044,0.8368566051116991,0.8763730720166176,0.7799502220808102,0.7124082698278296,0.941505873759815,0.8576143585826901,0.8976042195635116,0.8142304565136392,0.6664494774427272,0.7998436033781671,0.9373877341544778,0.697498704345217,0.8482412060301506,0.11933919270833333,0.088798828125,2.0,1.0,0.7364746945898778,0.6664494774427272,0.9373877341544778,0.697498704345217,0.7998436033781671,0.6664494774427272,0.6728286532375546,0.9535906741449467,0.7151468863369793,0.8173333154409165,0.6910935482600755,0.6787471818864997,0.9660178159023425,0.7289762963367066,0.8309221660971156,0.7107500818171705,0.6848746355685131,0.9764287547197478,0.7416055208532227,0.8429691601798852,0.7285623953730938,0.6955322430008036,0.9910187323582242,0.7603993344425957,0.8605255350389602,0.7551951022161631,0.7073103010590616,0.9997067341178195,0.778593055290363,0.8754032645645009,0.7784152638727888,0.04524088541666667,0.0,0.9547591145833333,0.19525547253302716,9.33884334564209,0.0,0.29128557741641997,4.244193921089175,0.3465169270833333,0.05628456920385361,LAB00295,1.0,0.22930568079350766,0.0,0.01129334042576935,0.0
LAB00298,0.5254814012837367,0.6889384568589677,0.9168803130481716,0.5517661388550548,0.7934621099554235,0.040087890625,0.024124348958333333,1.0,2.0,0.6576354679802956,0.5254814012837368,0.9168803130481716,0.5517661388550548,0.6889384568589677,0.5254814012837367,0.5490471837423528,0.9642423424639051,0.5928542427933414,0.7342578093397766,0.5801006040233047,0.568765320603793,0.9901497773579814,0.6259845716605765,0.7670383153920999,0.6221104231929391,0.5857799787760877,0.9983807853191202,0.6561104344295574,0.7918422811350483,0.6554130050826259,0.6153651372429859,1.0,0.7107592367032075,0.8309284222517562,0.7107592367032075,0.6505664877757901,1.0,0.7766138855054812,0.8742629919100507,0.7766138855054813,0.517094678217822,0.6816907153418652,0.9160043847629488,0.5428339423467317,0.7880597014925372,0.040087890625,0.023756510416666668,1.0,2.0,0.6502463054187192,0.5170946782178217,0.9160043847629488,0.5428339423467317,0.6816907153418652,0.517094678217822,0.5405823603882403,0.9639627295149356,0.5833536337799432,0.7268470423120631,0.5709031565476839,0.5602942125298407,0.989997259523157,0.6160779537149818,0.7595104896747221,0.6122667570768618,0.5773584905660377,0.9983557138942176,0.646285018270402,0.7846362165009317,0.6455978260615443,0.6074756888168558,1.0,0.7019894437677628,0.8249045801526718,0.701989443767763,0.6427567406397751,1.0,0.76743808363784,0.8684186345676743,0.7674380836378399,0.008883463541666666,0.0,0.9911165364583333,0.03528368194133162,4.21195650100708,0.0,0.023672665283084003,1.0221893906593347,0.3595963541666667,0.014831595122814178,LAB00298,1.0,0.019538188277087035,0.0,1.0194649847759896e-05,0.0
LAB00303,0.7185798548094374,0.8362484324467032,0.740185387131952,0.9609647570410073,0.7424247213599783,0.06437825520833333,0.08358072916666667,18.0,1.0,0.9816272965879265,0.7185798548094374,0.740185387131952,0.9609647570410073,0.8362484324467032,0.7185798548094374,0.7247227423304047,0.7704081632653061,0.9727461192294079,0.8598338753658257,0.7541303471384101,0.7306459948320413,0.7949446954354261,0.9799261768721241,0.8777958198277639,0.7822068704939591,0.7394029358403431,0.8181180869294282,0.9856398847145674,0.8940997956051455,0.8084814452985787,0.7570001838122664,0.8501713662564262,0.9928705061435,0.9159966329192148,0.8450127192741002,0.7772724736342838,0.8864309082411591,0.9982808312686454,0.939036952326047,0.8850797908417115,0.7518450184501845,0.8583464981569248,0.8149629562292623,0.906608686858472,0.9500104799832321,0.06437825520833333,0.07161783854166667,1.0,1.0,0.9711286089238845,0.7518450184501845,0.8149629562292623,0.906608686858472,0.8583464981569248,0.7518450184501845,0.7652855993563958,0.8427798736421072,0.9263791272690499,0.8826043147307843,0.7898762509702525,0.7765747650902904,0.8645516112903959,0.941801082065025,0.9015245428088117,0.8207052209559766,0.7880676758682101,0.885141584473433,0.9543409010466704,0.9184396415075534,0.849180199973063,0.804862971357923,0.9123221671742193,0.9712797694291349,0.9408782683415366,0.8883570605885208,0.8242751934371213,0.940184537066497,0.9867522880113263,0.9629057175403425,0.9284649754857741,0.027457682291666667,0.0,0.9725423177083333,0.10003461718398111,6.342518329620361,0.0,0.04212818518281007,2.3722170424461444,0.37805338541666667,0.03435107693076134,LAB00303,0.0,0.5820249052517596,0.0,0.00917586606058895,0.0
LAB00307,0.5946504081030585,0.7458066107548101,0.8795636363636363,0.6473610962423724,0.8883563011783503,0.030406901041666667,0.022379557291666668,4.0,2.0,0.8247422680412371,0.5946504081030584,0.8795636363636363,0.6473610962423724,0.7458066107548101,0.5946504081030585,0.6383932419618998,0.9415272727272728,0.7210148806337652,0.8166471722674797,0.6901130019119462,0.6729883292383292,0.9730909090909091,0.7775398779573921,0.8643935572179761,0.7611735233734436,0.7027656078860898,0.9857454545454546,0.8237876030403597,0.8975187071645082,0.8140897382994712,0.7472850678733032,0.9914181818181819,0.8917674767155551,0.938956269514395,0.8849364475153775,0.7926338877718881,0.9957818181818182,0.9567498126538915,0.9758756815446126,0.9528879101479156,0.5613566696331452,0.7190626979100695,0.8802915180648162,0.607750776148164,0.8579320370706887,0.030406901041666667,0.020992838541666666,1.0,2.0,0.7628865979381443,0.5613566696331455,0.8802915180648162,0.607750776148164,0.7190626979100695,0.5613566696331452,0.6033689328818269,0.9440223290432626,0.6769082539342682,0.7884563511088916,0.6507865827455275,0.6374409418325458,0.9773608311366103,0.7317203725511188,0.8368880658602333,0.7195249582570853,0.6661596958174905,0.9908512947743836,0.7761481640081361,0.8704557428377524,0.7706256194198154,0.709209323583181,0.9967436811908823,0.8427363237340756,0.9132929994813848,0.8404224865078893,0.7554726024240749,1.0,0.9141419548228241,0.955145413870246,0.9141419548228239,0.019251302083333335,0.0,0.9807486979166666,0.11439874911432303,8.842300415039062,0.0,0.12411384209990511,2.605003571510315,0.39769856770833334,0.033700644969940186,LAB00307,1.0,0.1009825327510917,0.0,0.00018849697226738294,0.0
LAB00310,0.5568649134326293,0.715367028478835,0.8875302930160829,0.5991448224577058,0.7164377614107192,0.087548828125,0.0591015625,31.0,1.0,0.6393917451122375,0.5568649134326296,0.8875302930160829,0.5991448224577058,0.715367028478835,0.5568649134326293,0.5814306475052479,0.9101674377616215,0.649934932143521,0.7583471742778126,0.6107562102447858,0.6023884043878575,0.9271866049790702,0.6938092582264361,0.7936980781257692,0.657959722796927,0.6249357179589737,0.9410663141661159,0.7360475924893103,0.8260257006587114,0.7036148075151138,0.6666752930824772,0.9580854813835646,0.8040527979178286,0.8743369586821683,0.7767306259416389,0.7073994402424074,0.9728464419475655,0.8720951849786206,0.9197198278403842,0.8513715715079253,0.5041554236373448,0.6703501722158438,0.9396499698249849,0.5210262130507529,0.7173489278752437,0.087548828125,0.048544921875,2.0,1.0,0.5662563359884142,0.5041554236373449,0.9396499698249849,0.5210262130507529,0.6703501722158438,0.5041554236373448,0.52205458552297,0.9575538121102394,0.5598810187767242,0.7066085382321806,0.5463222536403493,0.5386219285301854,0.9715684302286596,0.5968767428890128,0.7394668427917895,0.5866302195727541,0.5534212596043318,0.9831019915509958,0.6346160996467745,0.7713239467713867,0.627768356634416,0.5814239623776454,0.9951719975859988,0.7052983825989961,0.8255282873305417,0.7028932910220523,0.6175550869027707,0.9995306108764166,0.7914482245770589,0.8834015363316815,0.7911541750017065,0.032275390625,0.0,0.967724609375,0.21149671941657747,9.403972625732422,0.0,0.28883997797966016,4.485021409988404,0.38573567708333334,0.04540587589144707,LAB00310,1.0,0.16309579257879211,0.0,0.004087256849376353,0.0
LAB00315,0.6568453616025954,0.7928867434764788,0.9314680077038305,0.6902005866962657,0.8307548371461261,0.08211588541666667,0.060846354166666665,21.0,1.0,0.7523939808481532,0.6568453616025955,0.9314680077038305,0.6902005866962657,0.7928867434764788,0.6568453616025954,0.6872755439757764,0.9541515086668093,0.7497026877031634,0.8396609898282743,0.7236341986847514,0.7111867993783274,0.9690241814680077,0.7978672797906922,0.8751558368712723,0.7780240726298003,0.7332733924474484,0.9791354590199015,0.8428605407119638,0.9059017061960871,0.8279893235611289,0.7665499416374854,0.9886582495185106,0.9089431538888448,0.9471263520589533,0.899563165923197,0.7980974330056145,0.9946501176974106,0.9638071830650916,0.9789857840659215,0.9588365850227588,0.5247287749507742,0.688291299503697,0.952684704892752,0.5387695235074923,0.7849092334928127,0.08211588541666667,0.046438802083333335,2.0,1.0,0.6504787961696307,0.5247287749507741,0.952684704892752,0.5387695235074923,0.688291299503697,0.5247287749507742,0.5361212603552437,0.9723818870040656,0.5720288591136129,0.7203142076600068,0.5628836484484702,0.5468074238038482,0.985630169634095,0.6015618805993815,0.7471276564589083,0.5963318292646183,0.5561097256857855,0.9939716809196691,0.6307777689685246,0.7717808297784596,0.6283738672139838,0.5751570252674448,0.9992990326650778,0.6834615079679696,0.8117404791525148,0.6831339996952592,0.6010952404986625,1.0,0.7456195988266074,0.8542750085159532,0.7456195988266074,0.032373046875,0.0,0.967626953125,0.19413181388743178,8.914769172668457,0.0,0.36156985163688676,3.7585754084587117,0.36515950520833335,0.047628749161958694,LAB00315,1.0,0.3283197249677697,0.0,0.0021542913412418816,0.0
LAB00316,0.607297605473204,0.7556753688989784,0.9307934288710241,0.6360162407451636,0.7682940449766454,0.10903645833333334,0.07450520833333334,11.0,3.0,0.6456422018348624,0.6072976054732041,0.9307934288710241,0.6360162407451636,0.7556753688989784,0.607297605473204,0.6221714592851384,0.950672841663754,0.6750059708621925,0.7894669469948815,0.6521647178778385,0.6316365487401374,0.9659210066410346,0.7069202292811082,0.8163704777467587,0.6897179078405021,0.6371760071104279,0.9775865082139112,0.7357893479818486,0.8396263281912189,0.7235827118366243,0.6470780138758999,0.989557846906676,0.7833174110341533,0.8744415459977491,0.7768957204207544,0.6601626644514421,0.9951066060817896,0.8385180320038214,0.9101261137468919,0.8350747047218706,0.46000704721634955,0.6301435984071437,0.9654874892148404,0.46769763553857174,0.7148120854826824,0.10903645833333334,0.052819010416666666,3.0,3.0,0.5561926605504587,0.46000704721634955,0.9654874892148404,0.46769763553857174,0.6301435984071437,0.46000704721634955,0.4711807188909488,0.9785529397263651,0.5003283974205875,0.662119146177104,0.49490142884184884,0.48171434559362886,0.9882903981264637,0.5314664437544782,0.6912200278551096,0.5281407437205091,0.49069842132569114,0.994823123382226,0.5638882254597564,0.7197856692415795,0.5622384095756577,0.5069186033556897,0.9997534820658203,0.6245820396465249,0.7688412407728726,0.6244858634279795,0.5281472286260369,1.0,0.7036959636971579,0.8260816233550039,0.703695963697158,0.04983723958333333,0.0,0.9501627604166667,0.21184340325159312,11.730491638183594,0.0,0.16922127306461376,4.903194971084597,0.36224934895833333,0.05697600170969963,LAB00316,1.0,0.3162086371284352,0.0,0.003748938288961134,0.0
LAB00320,0.5792053663570691,0.7335402711975167,0.8708301008533748,0.6336438046852949,0.7800194872004524,0.034599609375,0.02517578125,6.0,3.0,0.6546762589928058,0.5792053663570691,0.8708301008533748,0.6336438046852949,0.7335402711975167,0.5792053663570691,0.5984774983207702,0.939487975174554,0.678897356289397,0.7882126588909836,0.6504546071339702,0.6127735301871869,0.9746573571243858,0.7096622448019569,0.8213138731848375,0.6968045644212737,0.6223230912476723,0.9884923713472976,0.7370401731112993,0.8444449116149282,0.7307699304886184,0.6344565733270052,0.9915955521075769,0.7716624329664127,0.8679127419075863,0.7666482735350577,0.6500209659589067,0.9917248513059219,0.8003575124658951,0.8858236106640044,0.7950479108536125,0.5455020920502092,0.7059221658206429,0.8812843261512463,0.5887665819926616,0.7727027651544326,0.034599609375,0.023115234375,1.0,3.0,0.6330935251798561,0.5455020920502092,0.8812843261512463,0.5887665819926616,0.7059221658206429,0.5455020920502092,0.5663454973067293,0.9476130122517955,0.6339260513688965,0.7596607493302348,0.6124620735174098,0.582834867934673,0.9839459231094212,0.6663844199830652,0.7946121041891647,0.6592169267260216,0.5962225929456625,0.9973243205182368,0.6957380750776179,0.8196703261385108,0.6944418532298108,0.6167278063096111,1.0,0.7413679555931885,0.8514776595169917,0.7413679555931885,0.6388517499016909,1.0,0.786339260513689,0.8803918470532469,0.786339260513689,0.023489583333333335,0.0,0.9765104166666667,0.18086319194710399,11.842581748962402,0.0,0.14680656790733382,4.38965166091919,0.3886588541666667,0.03448081016540527,LAB00320,1.0,0.1091283459162663,0.0,0.0005275117675701996,0.0
LAB00322,0.5039762170196954,0.6701917374975292,0.7121403066582651,0.6329102109389584,0.7248488151509753,0.03487630208333333,0.03099609375,14.0,2.0,0.7063197026022305,0.5039762170196953,0.7121403066582651,0.6329102109389584,0.6701917374975292,0.5039762170196954,0.534548020786553,0.7894349926486033,0.6895650550681351,0.7361281495816495,0.5824389152571015,0.56309246750298,0.8415248897290485,0.7324061974985999,0.7831830117448285,0.6436325423660109,0.5882323206793711,0.8762864944339425,0.764607056188165,0.8166463164323641,0.6901117795740462,0.6313688858695652,0.9120982986767486,0.8104349449318649,0.8582665527104282,0.751722352312545,0.674697087791398,0.9353077084646083,0.8620496546574575,0.8971857279176102,0.813541999437039,0.4380461013564118,0.6092240032405533,0.8015836759555353,0.49131976852716075,0.6694916079760757,0.03487630208333333,0.021376953125,3.0,2.0,0.5278810408921933,0.43804610135641175,0.8015836759555353,0.49131976852716075,0.6092240032405533,0.4380461013564118,0.45463042853034225,0.8763514542409014,0.5315475079335449,0.6617270757217466,0.49446347132713897,0.4709243270695785,0.9209684787574235,0.5648683964905731,0.7002464355008539,0.5387532334028955,0.48505488319729806,0.946246383432313,0.5939891730446145,0.7298365557500183,0.574600504410658,0.5144004107734678,0.9677173747525506,0.6371103229419451,0.7683600302149041,0.6238511651655575,0.5514618310346152,0.9835541343079032,0.6788314355049468,0.803264269148131,0.6712127401563799,0.037298177083333335,0.0,0.9627018229166666,0.231953693675855,11.900471687316895,0.0,0.14978660792112375,5.476765766143799,0.368134765625,0.04552193731069565,LAB00322,1.0,0.278348623853211,0.0,0.004871554256173289,0.0
LAB00327,0.6735888655694245,0.8049633687545377,0.77395608579769,0.8385588558855885,0.9333289194915254,0.023671875,0.025647786458333332,1.0,2.0,0.8819444444444444,0.6735888655694245,0.77395608579769,0.8385588558855885,0.8049633687545377,0.6735888655694245,0.7065725460269007,0.8862799847696409,0.8646864686468647,0.8753500774015842,0.7783311587121763,0.7319838736771376,0.9576088336083259,0.8802255225522553,0.9172880386505243,0.8472133599662374,0.7580020842638082,0.9911156238101282,0.8928767876787679,0.9394349244819569,0.8857871583439432,0.7947908445146015,0.9997461606802894,0.9088283828382838,0.9521217701927381,0.9086187145694051,0.8254703328509406,1.0,0.9254675467546755,0.9612912441079845,0.9254675467546755,0.6680690876882197,0.8010088941988583,0.7741852707210675,0.8297579757975797,0.9310080591887965,0.023671875,0.02537109375,1.0,2.0,0.8777777777777778,0.6680690876882197,0.7741852707210675,0.8297579757975797,0.8010088941988583,0.6680690876882197,0.7015866947046454,0.8869643315370798,0.8564356435643564,0.871432693526786,0.7721583715286094,0.7273033235170383,0.9585578650243777,0.8729372937293729,0.9137462412368741,0.8411904068137088,0.75290784372204,0.991660251475494,0.886963696369637,0.9363945809382997,0.8803965870767898,0.7900881726968684,0.9997433923530922,0.9051155115511551,0.9500790322421093,0.9049052847006246,0.820943824566488,1.0,0.9234048404840484,0.9601773074998213,0.9234048404840486,0.014459635416666667,0.0,0.9855403645833334,0.08473409082570114,8.713603973388672,0.0,0.07785945385694541,2.0938883042335563,0.36511393229166667,0.025934863835573196,LAB00327,1.0,0.051696284329563816,0.0,7.043009310187545e-05,0.0
LAB00332,0.6035723632556922,0.7527846913378758,0.8019647048596018,0.7092880209134246,0.8589030182505946,0.04233723958333333,0.037444661458333334,7.0,2.0,0.8282138794084186,0.6035723632556922,0.8019647048596018,0.7092880209134246,0.7527846913378758,0.6035723632556922,0.6355211899421556,0.8647309397548466,0.7595725049976934,0.8087477105100453,0.6789054826130222,0.6603529918209212,0.909501869077632,0.7964016607719514,0.8492025326572682,0.737925270741283,0.685518590998043,0.9384508389115883,0.8303090881131785,0.8810740772564072,0.7874284251954984,0.722090557565174,0.9600104320612014,0.8803629094264186,0.9184631813520515,0.8492204477146154,0.7584203610208174,0.9711379640093889,0.9305705059203444,0.9504215401849282,0.9055269106345664,0.5224575128135959,0.6863344407530454,0.8095934789424182,0.5956481623865908,0.8094491597914928,0.04233723958333333,0.031149088541666668,2.0,2.0,0.7064846416382252,0.5224575128135959,0.8095934789424182,0.5956481623865908,0.6863344407530454,0.5224575128135959,0.5461295034079844,0.8796112446441634,0.6294018145471321,0.7337629188865954,0.5794830445507063,0.5667573419197246,0.9292507054028634,0.6569275718898969,0.7697122301021229,0.625635927573282,0.5903602283635628,0.9607064479046923,0.6849915423650623,0.799752804464964,0.666323410244218,0.6245115300382188,0.9816072734873027,0.7311240965708135,0.838049379560779,0.7212435406626778,0.6590026022172316,0.988191033545825,0.7770259880055359,0.8699781441086846,0.7698772723492867,0.016761067708333334,0.0,0.9832389322916667,0.16314258992899525,10.987021446228027,0.0,0.19919673949480077,3.525793035030371,0.3610384114583333,0.031946733593940735,LAB00332,1.0,0.28104202319832666,0.0,0.0015596568754873928,0.0
LAB00339,0.4521212453409342,0.6227045390204776,0.7200471389288988,0.5485469176032454,0.7410389187062363,0.09789713541666667,0.074580078125,38.0,17.0,0.612791503117063,0.452121245340934,0.7200471389288988,0.5485469176032454,0.6227045390204776,0.4521212453409342,0.5030155994921096,0.8699314739644712,0.6000199507880561,0.7101952233353835,0.5506222617440757,0.5381419279681584,0.9560909606739121,0.6366296468710514,0.7643221890732692,0.6185448846896786,0.5657179297845204,0.9886953864955698,0.6661235618806943,0.7959702094463704,0.6610884678196977,0.602321973142154,0.9983414080572651,0.7078539602314291,0.8283692858282142,0.7070225078674046,0.6359483468022704,0.9987342324647549,0.7541065372082197,0.8593501779124183,0.7533865006349296,0.3016262224852738,0.4634605807331702,0.6643491216090385,0.35585555629447363,0.6514193681038299,0.09789713541666667,0.052438151041666665,5.0,17.0,0.4906488108981759,0.3016262224852738,0.6643491216090385,0.35585555629447363,0.4634605807331702,0.3016262224852738,0.34724870924229034,0.8500217269849153,0.37354525503757396,0.5190097272308107,0.3504477624018114,0.3797103752408574,0.9546216400769756,0.3829553767373811,0.5466264524909576,0.37610871164390497,0.4079145814766573,0.991309206033894,0.3914012103478087,0.5612160268321614,0.390062745553459,0.4472497377134059,0.9998758458004842,0.4062312961361974,0.577738137728765,0.4062108062197244,0.48403844503561316,1.0,0.430804016758662,0.6021845224262142,0.43080401675866187,0.03766927083333333,0.0,0.9623307291666666,0.178065249758945,10.347261428833008,0.0,0.0688379190862179,5.194323635101329,0.4386751302083333,0.04459109157323837,LAB00339,1.0,0.29914309312409665,0.0,0.0037060345430389484,0.0
LAB00359,0.7383015597920279,0.8494516450648056,0.7633165010588043,0.9574989783408255,0.9659788548852403,0.031861979166666665,0.03996744791666667,2.0,3.0,0.9974193548387097,0.7383015597920277,0.7633165010588043,0.9574989783408255,0.8494516450648056,0.7383015597920279,0.771908592582046,0.8446815442254438,0.9830404577033102,0.9086241025414837,0.8325491745395825,0.7979055548328347,0.9051962860400716,0.9942787086228034,0.9476485838065146,0.9005058283993225,0.8237856932587577,0.955122984199381,0.9986718430731508,0.9764120752878542,0.9539112876526378,0.8549315340345307,0.9909594396481511,1.0,0.9954591941092248,0.9909594396481511,0.882321618743344,0.9968235869034044,1.0,0.9984092670391972,0.9968235869034041,0.7416898056326854,0.8516898970574838,0.7684530659214204,0.9551491622394769,0.9805283593389613,0.031861979166666665,0.039602864583333335,1.0,3.0,0.9961290322580645,0.7416898056326855,0.7684530659214204,0.9551491622394769,0.8516898970574838,0.7416898056326854,0.7761665470208183,0.8491698175242479,0.9809971393543114,0.9103357031842486,0.835427668727385,0.8030730842471601,0.9095018905145488,0.9931548835308541,0.9494894260140622,0.9038361436110323,0.8306043465317059,0.9594772316291303,0.9985696771557009,0.9786332136657018,0.9581604050177039,0.8648553459119497,0.9950682229163241,1.0,0.9975280158206987,0.9950682229163241,0.8946645008121954,0.9998356074305441,1.0,0.9999177969584875,0.9998356074305443,0.007985026041666666,0.0,0.9920149739583334,0.09828648813671222,5.998625755310059,0.0,0.15158847123384495,2.0326621055603082,0.3441471354166667,0.022061113268136978,LAB00359,0.0,0.05239179954441914,0.0,0.00030210967599585874,0.0
LAB00360,0.6857399640503294,0.8135773947041052,0.9051008303677343,0.7388637830858619,0.9187575744764804,0.03025390625,0.024697265625,2.0,2.0,0.8573008849557522,0.6857399640503296,0.9051008303677343,0.7388637830858619,0.8135773947041052,0.6857399640503294,0.7167141254638019,0.9720574667193884,0.80611146976544,0.8813410887074308,0.7878550644977864,0.7417092322939697,0.996309476736523,0.8529158596944265,0.9190531160604897,0.8502296733684092,0.7626707949114895,0.999736391195466,0.890466967936303,0.9419433403317202,0.8902579381968418,0.7939150085432398,1.0,0.9357650096836669,0.9668167417041854,0.9357650096836667,0.8224311440677966,1.0,0.9712717882504842,0.9854265596856067,0.9712717882504841,0.6828634273145372,0.8115494296577948,0.9060758821968692,0.7348827200344308,0.9180758811931973,0.03025390625,0.024537760416666665,1.0,2.0,0.8561946902654868,0.6828634273145371,0.9060758821968692,0.7348827200344308,0.8115494296577948,0.6828634273145372,0.7131997235659986,0.9721411514990713,0.8018076178179471,0.8787967210195899,0.7837978513751247,0.73752098916196,0.9962854868665428,0.8475360447600603,0.9159106198806662,0.8448663336041952,0.7583209809998652,0.9997346776333245,0.8847643641058748,0.938742442144741,0.8845566612895421,0.7887914391306746,1.0,0.9297396169571767,0.9635907443546139,0.9297396169571767,0.8180412598842602,1.0,0.96621476221218,0.9828171172157163,0.9662147622121798,0.005973307291666666,0.0,0.9940266927083333,0.06369790872383678,5.416889190673828,0.0,0.08671511188149457,1.5149755895137795,0.410947265625,0.018116706982254982,LAB00360,1.0,0.015016233766233766,0.0,4.037712232249208e-05,0.0
LAB00361,0.5775044303137705,0.7321747175047909,0.8742307085371627,0.629831741700773,0.8059826197667825,0.0286328125,0.020628255208333335,3.0,1.0,0.6901260504201681,0.5775044303137704,0.8742307085371627,0.629831741700773,0.7321747175047909,0.5775044303137705,0.6013791868171234,0.9442954079217295,0.6847430650295588,0.7938421868480908,0.6581578116827327,0.6200756381972896,0.9801167744989743,0.7256707594361074,0.8339163816562477,0.7151428667188563,0.6367610324729392,0.9949502919362474,0.7634151887221464,0.8639388946639909,0.7604686848322886,0.6633157266996081,0.9996843932460154,0.8180991359708959,0.8998221462711512,0.8178878925997017,0.6931447724872584,1.0,0.8669849931787176,0.9287541103397882,0.8669849931787177,0.5615907901622188,0.7192547416393004,0.8760816326530613,0.610050022737608,0.7898701064405557,0.0286328125,0.019938151041666668,2.0,1.0,0.6649159663865546,0.5615907901622187,0.8760816326530613,0.610050022737608,0.7192547416393004,0.5615907901622188,0.5813640039536346,0.9459591836734694,0.6617780809458845,0.7787529305950107,0.6376702553517131,0.5976139685549499,0.9815510204081632,0.7016825829922693,0.8183501730803441,0.692548802900122,0.612088752869166,0.9960816326530613,0.7382901318781264,0.848027228039648,0.7361521458502277,0.6354634951345814,1.0,0.7932014552069122,0.8846763456539656,0.7932014552069122,0.6631414382931764,1.0,0.8422010004547522,0.914342137743767,0.8422010004547523,0.0033138020833333335,0.0,0.9966861979166667,0.06610167964243409,6.748632431030273,0.0,0.1327021390199662,1.3410445475578319,0.37724934895833334,0.015334066934883595,LAB00361,1.0,0.05072886297376093,0.0,0.00012766886727477364,0.0
LAB00365,0.6750854256425493,0.806031042128603,0.9059011164274322,0.7259945678223358,0.9244464877177218,0.020374348958333333,0.016328125,4.0,3.0,0.8964497041420119,0.6750854256425494,0.9059011164274322,0.7259945678223358,0.806031042128603,0.6750854256425493,0.7210977275549485,0.969896331738437,0.823134686052085,0.8905092043665451,0.8026287445297067,0.7541439418244038,0.9840510366826156,0.8795334718006071,0.9288613645183018,0.8671719362457564,0.7889530090684254,0.9896331738437002,0.9271449113276882,0.9573704627661318,0.9182268759679189,0.8301941049604601,0.995414673046252,0.9733184214730788,0.9842425476339811,0.968973986202484,0.8593001225899922,1.0,0.9918517335037546,0.9959092002887623,0.9918517335037544,0.5957256015543266,0.746651681183853,0.9022181982797646,0.6368429461575331,0.8799608128783132,0.020374348958333333,0.014381510416666667,2.0,3.0,0.8136094674556213,0.5957256015543267,0.9022181982797646,0.6368429461575331,0.746651681183853,0.5957256015543266,0.6328876671248281,0.9735174287007696,0.7090589551046493,0.8205050985079795,0.695641072691428,0.660316435259929,0.988909008601177,0.7478830484102892,0.8516716563359576,0.74166213960937,0.6891530734494516,0.9938886373924853,0.7804761143952708,0.8743482320330546,0.7767484198174596,0.7264846120502817,0.9988682661837935,0.8208979070139,0.9011804716119431,0.8201351071125886,0.7572706935123042,1.0,0.8531714331362837,0.9207690318130872,0.8531714331362835,0.003238932291666667,0.0,0.9967610677083333,0.05806679672036727,11.358078956604004,0.0,0.0907762907445435,0.9186207044124608,0.37164388020833333,0.011310865171253681,LAB00365,1.0,0.2454905411350638,0.0,0.00013310749428469695,0.0
LAB00372,0.825487012987013,0.9044019564250778,0.9159067882472138,0.8931825666922824,0.9695039628964882,0.029651692708333333,0.028916015625,2.0,1.0,0.9432918395573997,0.825487012987013,0.9159067882472138,0.8931825666922824,0.9044019564250778,0.825487012987013,0.8488588935263298,0.9772599347067432,0.9415962235152048,0.9590966576309158,0.9214079911089752,0.8657919696490674,0.9953844421929529,0.9643210012075969,0.9796065272098987,0.9600282178710168,0.8814298782633172,0.9992119779353822,0.9796904160720167,0.9893549084301095,0.9789340656602706,0.903130605867716,0.9995497016773612,0.9953891755406741,0.9974651001358114,0.9949430192115365,0.918536064279411,0.9995497016773612,1.0,0.99977480013512,0.9995497016773612,0.8189585028478439,0.9004696935808545,0.9176068376068376,0.8839609177736305,0.9671428571428572,0.029651692708333333,0.028564453125,1.0,1.0,0.9363762102351314,0.8189585028478438,0.9176068376068376,0.8839609177736305,0.9004696935808545,0.8189585028478439,0.842508462497773,0.9778917378917379,0.9332528268745197,0.9550509632706088,0.9139689398248968,0.8600222186954452,0.996011396011396,0.958173235261829,0.9767259924177114,0.9545107030769234,0.8774225491582968,0.9997720797720798,0.9761774069601493,0.9878338722080106,0.9759602155062637,0.9013526119402985,1.0,0.994730486332199,0.9973582828838745,0.994730486332199,0.9179191834059091,1.0,1.0,1.0,1.0,0.01265625,0.0,0.98734375,0.06825162168651336,5.733376979827881,0.0,0.04748671576380748,1.8063935065269519,0.37826171875,0.02237508073449135,LAB00372,1.0,0.07947019867549669,0.0,8.070807887869576e-05,0.0
LAB00373,0.635685071574642,0.7772707382634244,0.8632324354346015,0.706878908470722,0.9041376853709293,0.028629557291666666,0.023444010416666668,6.0,2.0,0.8469135802469135,0.6356850715746422,0.8632324354346015,0.706878908470722,0.7772707382634244,0.635685071574642,0.6730413325107958,0.9427936684254373,0.7763501989766913,0.8515146009066893,0.7414239672345251,0.7006976744186046,0.979033601777284,0.8208072768618533,0.8929654995264541,0.8066284286031543,0.7262222222222222,0.9886142738128297,0.8570778851620239,0.9181589973390946,0.8487004976524116,0.7672963004359002,0.9923632324354346,0.9049459920409324,0.9466407670990762,0.8986874919129462,0.8108229381674594,0.9980560955290197,0.949175667993178,0.9730023707654265,0.9474241644458421,0.5985981797259128,0.7489038675479354,0.8822078322540857,0.6505969300739056,0.8870373555155279,0.028629557291666666,0.02111328125,2.0,2.0,0.8012345679012346,0.5985981797259128,0.8822078322540857,0.6505969300739056,0.7489038675479354,0.5985981797259128,0.6287953869717993,0.9555966697502313,0.7105173393973849,0.8150318640862948,0.6878090974639078,0.6513783269961977,0.9892075238976257,0.7476975554292211,0.8516620237153052,0.7416475299987484,0.6700167504187605,0.9976873265494912,0.7745309835133599,0.8720593189715856,0.7731428909687648,0.7007614501647914,1.0,0.8144400227401933,0.8977315453064294,0.8144400227401933,0.7418153748353994,1.0,0.8591245025582718,0.9242248180539416,0.8591245025582717,0.01419921875,0.0,0.98580078125,0.14825979321613075,10.981266021728516,0.0,0.22768943905830455,2.987601189613347,0.36556640625,0.033337224274873734,LAB00373,1.0,0.16108037748128864,0.0,0.0007425052328140277,0.0
LAB00374,0.7833176754798015,0.8784948259642522,0.9114546732255797,0.8478355607205114,0.8845396914501094,0.04481770833333333,0.041689453125,24.0,1.0,0.9460122699386503,0.7833176754798014,0.9114546732255797,0.8478355607205114,0.8784948259642522,0.7833176754798015,0.7825226413962694,0.9407355352541579,0.8973707147007554,0.9185415909837947,0.849354522860833,0.781600476783876,0.9503396579995315,0.9276583381754794,0.9388620324810435,0.8847690509804244,0.7772005631888139,0.9542437729366753,0.9483585124927367,0.9512920403682098,0.9071086298441141,0.7755392176774036,0.9590067931599906,0.9750871586287042,0.9669801285332438,0.936071178534306,0.7981413147464808,0.9636917310845631,0.9913567693201627,0.9773285122602048,0.9556622277797118,0.7980458315759875,0.8876813010672817,0.9612225891118449,0.8245932597327136,0.9571337172104927,0.04481770833333333,0.038447265625,1.0,1.0,0.9177914110429448,0.7980458315759876,0.9612225891118449,0.8245932597327136,0.8876813010672817,0.7980458315759875,0.8109144354271839,0.9900093133519601,0.8748547356188263,0.9288766508965746,0.8671985833135678,0.8225768598920441,0.9978833290999916,0.9070307960488089,0.9502905127407768,0.9052890578534943,0.8328422180551835,0.9997459994919989,0.9299099360836722,0.9635642513753767,0.9296902896817784,0.848899710571048,1.0,0.9598343986054619,0.9795056146462588,0.9598343986054622,0.8659631619339985,1.0,0.9816240557815223,0.9907268262287872,0.9816240557815223,0.036041666666666666,0.0,0.9639583333333334,0.2492747841892799,10.324987411499023,0.0,0.12327291741967213,6.27182551383973,0.3559440104166667,0.042080435901880264,LAB00374,0.0,0.13250517598343686,0.0,0.002307371985227358,0.0
LAB00377,0.7658357520915144,0.867391829828378,0.9146615008156607,0.8247678587845914,0.94184307404042,0.03540690104166667,0.031927083333333335,3.0,1.0,0.8911729141475212,0.7658357520915144,0.9146615008156607,0.8247678587845914,0.867391829828378,0.7658357520915144,0.7929304446978335,0.9686990212071778,0.8811253102877632,0.9228392243568685,0.8567330385808715,0.8147639956092206,0.9914355628058727,0.9201066470534155,0.9544402909418129,0.9128510621373769,0.8367926859402026,0.9993882544861338,0.9527443228831479,0.9755090375069785,0.9521890121247638,0.8652710125401596,0.9998980424143556,0.9876804265882136,0.9937516837482445,0.9875809655512662,0.8858304395697467,1.0,0.9992645030798933,0.9996321162512646,0.9992645030798935,0.7479911095913829,0.8558294209702659,0.9142200397032703,0.8044497563666452,0.9349645846748229,0.03540690104166667,0.031155598958333332,1.0,1.0,0.8778718258766627,0.7479911095913832,0.9142200397032703,0.8044497563666452,0.8558294209702659,0.7479911095913829,0.775087559007157,0.9687597952147111,0.862462075940057,0.9125257809871683,0.8391240592494459,0.7968653330583626,0.991536934489604,0.9026385952008826,0.9450016554524184,0.8957375718515148,0.8183620369223145,0.999477588548741,0.9358278937206951,0.966606063054999,0.9353703640961496,0.8495115360631885,1.0,0.9778431552817872,0.9887974712964254,0.9778431552817871,0.8740875912408759,1.0,0.9985290061597867,0.9992639617260097,0.9985290061597867,0.012819010416666667,0.0,0.9871809895833333,0.08671725350607752,6.562243938446045,0.0,0.09886487796902685,2.203397202491762,0.38360677083333333,0.023725444450974464,LAB00377,1.0,0.10390220968500236,0.0,5.414514960981652e-05,0.0
LAB00380,0.7193720950627028,0.8367846577578293,0.8519057015266382,0.8221910393905983,0.9511465487531545,0.03247721354166667,0.031344401041666664,4.0,1.0,0.9144676979071884,0.7193720950627028,0.8519057015266382,0.8221910393905983,0.8367846577578293,0.7193720950627028,0.7559289272173073,0.9446463807248936,0.8800240553272527,0.9111908894784935,0.836869273661809,0.7813429939190063,0.9845259113095857,0.9106945975744212,0.9461721466170016,0.8978431757896694,0.8065548010550536,0.9972998234499948,0.9309411646787612,0.9629786576391005,0.9286006163062834,0.8386995656262595,1.0,0.9473789716347599,0.9729785372381492,0.94737897163476,0.8657784357266223,1.0,0.9659216197253684,0.982665443050882,0.9659216197253684,0.6809511134770652,0.8101974031457828,0.8557252759504962,0.7692693194346998,0.9293716512420849,0.03247721354166667,0.029195963541666668,2.0,1.0,0.8680618744313012,0.680951113477065,0.8557252759504962,0.7692693194346998,0.8101974031457828,0.6809511134770652,0.7121621621621622,0.9479317649682238,0.8233938057532324,0.8812847919692823,0.7877650948543143,0.7345248189941948,0.9874010480544096,0.8527613511075474,0.9151555886669095,0.8435823414920282,0.7561140920643886,0.9986620582004683,0.8721058434399118,0.9311032285882991,0.8710880727599012,0.7851035103510351,1.0,0.8896461862283251,0.941600806237734,0.8896461862283251,0.8111405835543767,1.0,0.9077879121980555,0.9516654407901649,0.9077879121980555,0.004026692708333333,0.0,0.9959733072916667,0.06682036441963395,11.469560623168945,0.0,0.08402967527508741,1.3416738903522498,0.3797298177083333,0.0144359664991498,LAB00380,1.0,0.22936576889661164,0.0,0.00044605293837373153,0.0
LAB00382,0.7215210893390902,0.8382367126458957,0.813061377245509,0.8650209038423253,0.9746192893401016,0.016350911458333332,0.017395833333333333,1.0,1.0,0.9696969696969697,0.72152108933909,0.813061377245509,0.8650209038423253,0.8382367126458957,0.7215210893390902,0.762168298566766,0.9287050898203593,0.9072267569181763,0.9178402872283956,0.8481560313104272,0.7915426587301587,0.9824101796407185,0.9329086203464065,0.9570197142209943,0.9175817867987723,0.8203709729905629,0.9979416167664671,0.954210631096954,0.9755863058066846,0.9523362595957092,0.8563959567793656,1.0,0.9769062313358551,0.9883182275931521,0.9769062313358552,0.8842918689735348,1.0,0.9918375472825005,0.9959020489755123,0.9918375472825004,0.7215021601861084,0.8382239382239383,0.8135656735994005,0.8644236512044595,0.9736081557468161,0.016350911458333332,0.017373046875,1.0,1.0,0.9696969696969697,0.7215021601861084,0.8135656735994005,0.8644236512044595,0.8382239382239383,0.7215021601861084,0.7621752094278007,0.9289863219036912,0.9068285884929325,0.9177737366117806,0.8480423804708148,0.7915632754342432,0.9825744800449691,0.9325104519211627,0.9568880806683091,0.9173398011609105,0.8202930005425936,0.9981262881768784,0.9540115468843321,0.9755704613344405,0.9523060635338925,0.8564330543933054,1.0,0.9767071471232331,0.9882163359854971,0.9767071471232334,0.8842602093166427,1.0,0.9918375472825005,0.9959020489755123,0.9918375472825004,3.90625e-05,0.0,0.9999609375,0.022736813933116013,2.035890817642212,0.0,0.04756517596542838,0.45931792259216403,0.37109700520833333,0.0054639969021081924,LAB00382,1.0,0.004405286343612335,0.0,1.3281006169027366e-05,0.0
LAB00384,0.7028185264545906,0.8254767205498017,0.8168582375478928,0.8342790060653492,0.9532278671422934,0.016637369791666665,0.0169921875,1.0,2.0,0.9244935543278084,0.7028185264545904,0.8168582375478928,0.8342790060653492,0.8254767205498017,0.7028185264545906,0.7464351263588874,0.9329501915708812,0.8798669536294267,0.9056313761361283,0.827537775104177,0.7781624829974032,0.9842911877394636,0.9074545098806496,0.9443124183907338,0.8944998831484265,0.8081894210926469,0.9969348659003832,0.9279984347485815,0.9612322616996024,0.9253582165271549,0.8475481611208406,1.0,0.9616513402465271,0.9804508278475962,0.9616513402465269,0.8799007786122787,1.0,0.9888475836431226,0.994392523364486,0.9888475836431226,0.70262246412667,0.8253414705027609,0.8173445894090561,0.8334963803560947,0.952217143395693,0.016637369791666665,0.016966145833333335,1.0,2.0,0.9226519337016574,0.70262246412667,0.8173445894090561,0.8334963803560947,0.8253414705027609,0.70262246412667,0.7461505862409945,0.9330391404451266,0.8796712972021131,0.9055696199123817,0.8274346512931077,0.7778052703204256,0.9842670759785112,0.9072588534533359,0.9441953768113083,0.8942898677216373,0.8079765268419908,0.9969301611665388,0.9278027783212679,0.9611251040040131,0.925159619996945,0.8474546569701218,1.0,0.9616513402465271,0.9804508278475962,0.9616513402465269,0.8797655980696312,1.0,0.9888475836431226,0.994392523364486,0.9888475836431226,1.953125e-05,0.0,0.99998046875,0.023539301525631585,3.4276862144470215,0.0,0.04687299393117451,0.46818991839885804,0.356181640625,0.005473139695823193,LAB00384,1.0,0.004700352526439483,0.0,1.3282990798208124e-05,0.0
LAB00385,0.7893342751191949,0.8822658640086846,0.8720249707374171,0.8927501497902935,0.97322681419594,0.016298828125,0.016686197916666666,1.0,2.0,0.95703125,0.7893342751191947,0.8720249707374171,0.8927501497902935,0.8822658640086846,0.7893342751191949,0.8199222255459169,0.9683964104564963,0.9378869582584382,0.9528975373726324,0.910032753606215,0.8430965060397454,0.9959032383925088,0.957259836229279,0.9761992567552782,0.953505126067226,0.8646164321379937,0.999219664455716,0.969442780107849,0.9841060280531033,0.9687093882121638,0.8896758376464179,1.0,0.9862192929898143,0.9930618401206636,0.9862192929898141,0.9133914028751505,1.0,0.9976033553025764,0.9988002399520095,0.9976033553025762,0.788060755916637,0.881469774792572,0.8719953097518077,0.8911523866586778,0.9721271493861824,0.016298828125,0.01665690104166667,1.0,2.0,0.955078125,0.7880607559166373,0.8719953097518077,0.8911523866586778,0.881469774792572,0.788060755916637,0.818399401645475,0.9683408247019738,0.9358897543439185,0.9518387810005615,0.9081034136229299,0.8413873733437256,0.9958960328317373,0.9546634711404034,0.9748439477616497,0.9509224918812624,0.862687244666364,0.99921829196795,0.9668464150189734,0.9827658468994834,0.9661156616733974,0.8876781984926905,1.0,0.9846215298581985,0.9922511824494314,0.9846215298581987,0.9113377239572268,1.0,0.9964050329538646,0.9981992797118847,0.9964050329538646,8.7890625e-05,0.0,0.999912109375,0.01996346149629726,2.6196019649505615,0.0,0.041214903071522785,0.42100329935550707,0.3686165364583333,0.005043750628829002,LAB00385,1.0,0.014678899082568808,0.0,3.31633160663001e-06,0.0
LAB00394,0.7350549293765161,0.8472987418797797,0.8447286440400066,0.8498845265588915,0.9613370208001951,0.019733072916666667,0.019853515625,1.0,3.0,0.9504643962848297,0.735054929376516,0.8447286440400066,0.8498845265588915,0.8472987418797797,0.7350549293765161,0.774827209894507,0.9434333497294638,0.905971626525899,0.9243230740124934,0.8592943212609441,0.8029998943699166,0.9837678307919331,0.9416034312108215,0.9622239443056418,0.927198058796832,0.8286288480862337,0.9960649286768323,0.9683272847245133,0.9820002759274757,0.9646370747518161,0.8607797497817864,0.999344154779472,0.9935664797096668,0.9964469421753028,0.9929190433988637,0.8880763297720391,1.0,1.0,1.0,1.0,0.7341247139588103,0.8466804123711341,0.8466105888174171,0.8467502474430881,0.9594679261651162,0.019733072916666667,0.019736328125,1.0,3.0,0.9473684210526315,0.7341247139588101,0.8466105888174171,0.8467502474430881,0.8466804123711341,0.7341247139588103,0.7730806608357629,0.9449117598548573,0.9033322335862751,0.9236542941307417,0.8581390617290541,0.8008039775732572,0.9844961240310077,0.9384691520950181,0.9609318007255171,0.9248014725082302,0.8270374096771244,0.9962064984331189,0.965852853843616,0.9807948861615003,0.9623135449817948,0.8595047341587764,0.9993402605970642,0.9927416694160344,0.9960300363883738,0.9920914693556273,0.8868237447100538,1.0,0.999670075882547,0.9998350107243029,0.9996700758825469,0.0009147135416666666,0.0,0.9990852864583334,0.02425883433035607,3.7353551387786865,0.0,0.033085189014673284,0.5582905936241154,0.37993815104166667,0.00799322035163641,LAB00394,1.0,0.02045209903121636,0.0,5.6627404999200556e-05,0.0
LAB00423,0.6849224678323985,0.813001762287057,0.765580823601721,0.8666852212635681,0.9180928516380139,0.023391927083333333,0.026481119791666667,5.0,4.0,0.9257294429708223,0.6849224678323985,0.765580823601721,0.8666852212635681,0.813001762287057,0.6849224678323985,0.7262548628902172,0.872280270436386,0.9069023100473143,0.8892544260998645,0.8005923651601381,0.7575757575757576,0.9380454824830977,0.9304202616198163,0.9342173127634696,0.8765551588999848,0.7853723208367092,0.9743085433312846,0.9475368772613415,0.9607362431391523,0.924439283864866,0.8232332314331955,0.994960049170252,0.9713331477873643,0.9830046485219502,0.9665773271168848,0.859419110962247,0.9996312231100184,0.9908154745338158,0.9952038262134868,0.9904534393907192,0.6595720720720721,0.7948700549636969,0.7756588531320355,0.8150570553854718,0.8968253584116628,0.023391927083333333,0.024580078125,2.0,4.0,0.8607427055702918,0.659572072072072,0.7756588531320355,0.8150570553854718,0.7948700549636969,0.6595720720720721,0.6988150738150738,0.8830618461130976,0.8533259114945728,0.8679392623439565,0.7666896602571376,0.7301804498417857,0.9482187789696729,0.8765655441135541,0.9109853689688148,0.8365226168781635,0.7586467301011932,0.982651304462985,0.895073754522683,0.936820210459799,0.8811493781921406,0.7944751381215469,0.9986756720964111,0.922349011967715,0.9589960265222393,0.9212222536658037,0.8289775780372234,1.0,0.945866963540217,0.9721805048988057,0.945866963540217,0.011611328125,0.0,0.988388671875,0.10925426312157537,9.809158325195312,0.0,0.12284451276063982,2.542682578563698,0.40763671875,0.026008687913417816,LAB00423,1.0,0.27915726109857036,0.0,0.0007139983909895414,0.0
LAB00424,0.5700294860994102,0.7261385740156951,0.7816606498194946,0.6779809619238477,0.794959707892162,0.025989583333333333,0.022542317708333332,8.0,5.0,0.7422934648581998,0.5700294860994103,0.7816606498194946,0.6779809619238477,0.7261385740156951,0.5700294860994102,0.6018526845939383,0.8739350180505415,0.7330911823647295,0.7973411454362803,0.6629819773168562,0.6274324430788624,0.9289530685920577,0.7742985971943888,0.8446045552970413,0.7310090750047755,0.650823301508233,0.9576895306859206,0.810871743486974,0.8781865698486366,0.7828276487384762,0.6879595846197025,0.9698194945848375,0.8626002004008017,0.913073017792511,0.8400500058781409,0.7354286226685797,0.9803610108303249,0.9086923847695391,0.94316718303624,0.8924469110884757,0.5534729878721059,0.7125621007806956,0.8221421552571241,0.6287575150300602,0.8020502758627512,0.025989583333333333,0.019876302083333332,2.0,5.0,0.6954377311960542,0.5534729878721059,0.8221421552571241,0.6287575150300602,0.7125621007806956,0.5534729878721059,0.58004158004158,0.9128725843432689,0.6791082164328658,0.7788275741536338,0.6377703571335116,0.600795426298782,0.9646249590566656,0.7179358717434869,0.82319622352855,0.6995186793135868,0.6178867704846456,0.9885358663609565,0.749749498997996,0.8527417710758097,0.7432866895846499,0.6453837990802971,0.996560759908287,0.7974699398797596,0.8859683943920037,0.7952812020162351,0.6729565623540402,0.9981984932852932,0.8379258517034068,0.9110671888186137,0.8366606088673132,0.024817708333333334,0.0,0.9751822916666667,0.13307864058794852,9.680591583251953,0.0,0.13854093253612698,3.1720900869369517,0.37041666666666667,0.03643336519598961,LAB00424,1.0,0.1325910931174089,0.0,0.0014289068527152584,0.0
LAB00442,0.373470466279117,0.5438347244420766,0.9335433390915557,0.3836709125078304,0.6835155473519807,0.07794596354166666,0.032034505208333335,10.0,4.0,0.5286624203821656,0.37347046627911706,0.9335433390915557,0.3836709125078304,0.5438347244420766,0.373470466279117,0.4133523259736852,0.9711411441926634,0.4313635414491543,0.5973810818524662,0.42590405285666544,0.4480297967140072,0.9832334112386952,0.4712048444351639,0.6370904296264269,0.4674487900556753,0.48028500499725957,0.9888222741591302,0.5091250783044476,0.672165436165007,0.506211733353053,0.5356327669287345,0.9943095213901026,0.5799958237627897,0.7326347099175105,0.578076988261076,0.5949142377353964,0.9970531450055888,0.6686155773647943,0.8004536019174388,0.6672969075618413,0.3585476550680787,0.5278396436525613,0.9448335308695184,0.36621424096888705,0.669864418997976,0.07794596354166666,0.030211588541666667,3.0,4.0,0.5095541401273885,0.3585476550680787,0.9448335308695184,0.36621424096888705,0.5278396436525613,0.3585476550680787,0.3963851784770961,0.9813597672664583,0.4110670286072249,0.579426717038698,0.4078823134212656,0.4290724180256006,0.9922422152785261,0.4470244309876801,0.6163646087923005,0.44546750734260243,0.4590286587944439,0.9964443486693244,0.47959908122781375,0.647533513495275,0.4787797109625553,0.5088603988603989,0.9994612649498976,0.5384005011484653,0.6998164045559423,0.5382442964271755,0.5622573757763976,1.0,0.6125704740029234,0.7597441276254112,0.6125704740029234,0.022692057291666668,0.0,0.9773079427083333,0.13442438786861272,10.18352222442627,0.0,0.12940260469913487,2.8499058485031132,0.32172526041666666,0.034991391003131866,LAB00442,1.0,0.02754348972061149,0.0,0.0005022228667022703,0.0
LAB00485,0.7068046409532768,0.8282197317655704,0.8828828828828829,0.7799307958477508,0.8953314619034349,0.018815104166666666,0.01662109375,2.0,3.0,0.881326352530541,0.7068046409532769,0.8828828828828829,0.7799307958477508,0.8282197317655704,0.7068046409532768,0.7295430393198725,0.936545240893067,0.856401384083045,0.8946821164493924,0.8094342177613277,0.7464772464772464,0.9565217391304348,0.9019031141868512,0.9284098130406098,0.8663851389633839,0.7604439959636731,0.963376419898159,0.9290657439446367,0.9459100493025734,0.8973712809582548,0.7857782116996176,0.9661182922052487,0.9576124567474048,0.96184657006805,0.9264975121558845,0.8162884874975895,0.9741480611045829,0.977681660899654,0.9759116623810065,0.9529565238971495,0.7268458549222797,0.8418190342240974,0.918935516888434,0.7766435986159169,0.9321147725426727,0.018815104166666666,0.015901692708333335,2.0,3.0,0.8778359511343804,0.7268458549222798,0.918935516888434,0.7766435986159169,0.8418190342240974,0.7268458549222797,0.7542770419426048,0.9740020470829068,0.8531141868512111,0.9095589530167908,0.8341202447699095,0.7745664739884393,0.9938587512794268,0.898961937716263,0.9440315123990632,0.8939959132150013,0.7899947340705634,0.9997952917093142,0.9266435986159169,0.9618305689752357,0.926467819444293,0.8140677966101695,1.0,0.9558823529411765,0.9774436090225563,0.9558823529411765,0.8404049823486311,1.0,0.9759515570934256,0.9878294370020139,0.9759515570934255,0.0016959635416666666,0.0,0.9983040364583333,0.057277646679090806,7.304804801940918,0.0,0.10659262835979467,1.2300431859493264,0.34517252604166665,0.010980759747326374,LAB00485,0.0,0.01471727343144849,0.0,0.0006710428404379718,0.0
LAB00486,0.6706939737733902,0.8028926713114031,0.882341539057957,0.7365695792880259,0.9005178976268225,0.0201171875,0.016793619791666665,2.0,2.0,0.8934010152284264,0.6706939737733904,0.882341539057957,0.7365695792880259,0.8028926713114031,0.6706939737733902,0.703182452136427,0.9389416553595658,0.815210355987055,0.8727122349324106,0.7741698809975861,0.7284709036077293,0.9565807327001357,0.8647249190938512,0.9083364957178821,0.8320663759069309,0.7483979098885931,0.9608451250242295,0.898705501618123,0.9287370697956356,0.8669552951099138,0.7790809768637532,0.9651095173483233,0.946925566343042,0.955931074793644,0.9155823449153112,0.8129288783428461,0.9749951540996317,0.9889967637540453,0.9819460490796714,0.9645324279641414,0.6846200793408604,0.8127886966760257,0.9230610985393952,0.726051779935275,0.9363311201897295,0.0201171875,0.015823567708333333,3.0,2.0,0.8900169204737732,0.6846200793408606,0.9230610985393952,0.726051779935275,0.8127886966760257,0.6846200793408604,0.7204216073781291,0.980456696153055,0.8053398058252427,0.8843121872231734,0.7926161575810493,0.7465181058495822,0.997531372145649,0.856957928802589,0.9219167974195827,0.8551443851577998,0.7652227217000409,0.9995885620242748,0.8923948220064725,0.9429550644223436,0.892067151248433,0.791604693439101,0.9995885620242748,0.9420711974110032,0.9699779675286008,0.9417060382691711,0.8221829834543195,0.9995885620242748,0.9862459546925566,0.9928724345906471,0.9858457544919729,0.0019303385416666666,0.0,0.9980696614583333,0.05749301671929637,10.274039268493652,0.0,0.13417079150676894,0.9071392351388934,0.38013671875,0.010797861963510513,LAB00486,0.0,0.0383933845245127,0.0,0.000774997837988864,0.0
LAB00551,0.8120739808101421,0.896292303084756,0.9733435674606788,0.8305451639043993,0.9467635754785189,0.29323893229166664,0.25021809895833336,13.0,1.0,0.9195742164399764,0.8120739808101419,0.9733435674606788,0.8305451639043993,0.896292303084756,0.8120739808101421,0.8189601279972875,0.9837251356238698,0.8466081280596783,0.9100306617601505,0.8349140015532224,0.8250409606570297,0.989566393901154,0.8600401851625723,0.9202679902579269,0.8523114828074432,0.8306924377575506,0.9935993339144236,0.8725952732480046,0.9291743518586106,0.8677176844534495,0.8409491354773753,0.9973200463137627,0.8931651921006183,0.9423734527530635,0.8910266626779711,0.8532162033824013,0.9992844783847424,0.9138350188159808,0.9546514490531359,0.9132374538506073,0.8117383356545961,0.8960878286668349,0.9761720947882182,0.8281473751984281,0.9525565137100365,0.29323893229166664,0.24877278645833334,11.0,1.0,0.9183914843287996,0.8117383356545961,0.9761720947882182,0.8281473751984281,0.8960878286668349,0.8117383356545961,0.818416550668891,0.9862999358831765,0.8440216245018483,0.9096308453636663,0.8342411755650331,0.8242820142088894,0.9919526844012928,0.8573426728683547,0.9197485544539113,0.8514208041526482,0.8297204502051928,0.9957866087434412,0.8700642740583684,0.9286898120737287,0.8668729398265015,0.8397264000621818,0.9988615992567682,0.8914223549393337,0.9420886815352659,0.890517631385632,0.8517676397242189,0.99984297920783,0.9133465803758756,0.9546395038565909,0.9132155915385074,5.859375e-05,0.0,0.99994140625,0.07085977213946854,3.0891458988189697,0.0,0.18998804688453694,1.1150323307514207,0.3442154947916667,0.01388992927968502,LAB00551,1.0,0.013952587042180737,0.0,0.0010590071343638526,0.0
LAB00619,0.6880588568194682,0.8152071878771625,0.7911244143675169,0.8408022130013831,0.9057493707451222,0.02353515625,0.025013020833333333,7.0,4.0,0.9797101449275363,0.688058856819468,0.7911244143675169,0.8408022130013831,0.8152071878771625,0.6880588568194682,0.7149038461538462,0.8608797501301405,0.9177040110650069,0.888384136835024,0.7991826729654884,0.7359912890526845,0.8893805309734514,0.9579529737206086,0.9223940585176906,0.8559660104034729,0.7531877473252235,0.9023945861530452,0.9791147994467496,0.9391905254423281,0.885352693360836,0.781887150308203,0.9121551275377408,0.9932226832641771,0.9509643265394331,0.9065128580445552,0.8138060577600376,0.9276418532014575,1.0,0.9624628679449095,0.9276418532014576,0.7260584677419355,0.8412906993721712,0.8908472479901052,0.796957123098202,0.9590025807515997,0.02353515625,0.0210546875,5.0,4.0,0.9420289855072463,0.7260584677419355,0.8908472479901052,0.796957123098202,0.8412906993721712,0.7260584677419355,0.7591397849462366,0.9628942486085343,0.8784232365145228,0.9187211755906404,0.8496616736136351,0.7864323968805788,0.9902597402597403,0.9283540802213002,0.9583081916073369,0.9199536598891109,0.8093667546174143,0.9978354978354979,0.9591977869986169,0.9781352302279333,0.9572061383876775,0.8395679135827165,1.0,0.9814661134163208,0.9906463772162502,0.9814661134163208,0.8667470764067334,1.0,0.9929460580912863,0.9964605454924006,0.9929460580912862,0.016793619791666665,0.0,0.9832063802083333,0.12976074216635045,10.852232933044434,0.0,0.16779339313507086,2.8753269362449694,0.3542578125,0.03144298493862152,LAB00619,0.0,0.2159400544959128,0.0,0.0030040365697177073,0.0
LAB00722,0.659236396890718,0.794626248708233,0.8111111111111111,0.7787981093855503,0.937563785634908,0.024104817708333334,0.02314453125,2.0,1.0,0.9154929577464789,0.6592363968907179,0.8111111111111111,0.7787981093855503,0.794626248708233,0.659236396890718,0.7037989711119905,0.9036568213783404,0.8442943956785955,0.8729676005387224,0.7745718765103838,0.737117903930131,0.9596343178621659,0.8927751519243754,0.9249981582311431,0.8604619287992187,0.7652335292298175,0.9873417721518988,0.9269412559081701,0.9561886187922267,0.9160549846523421,0.8074209399017261,0.9981715893108298,0.9698852126941256,0.9838251245774053,0.9681651735074278,0.8468988358089121,0.9998593530239099,0.9940580688723836,0.9969502715570674,0.9939190882436771,0.6272716749623799,0.7709489258785033,0.8145197655193146,0.7318028359216745,0.9200966111401608,0.024104817708333334,0.021656901041666666,1.0,1.0,0.8732394366197183,0.6272716749623799,0.8145197655193146,0.7318028359216745,0.7709489258785033,0.6272716749623799,0.6705705705705706,0.9063580339696378,0.798919648885888,0.8492543467189378,0.7380035234523826,0.704525366802192,0.9636254321358786,0.8503713706954761,0.9034629810630267,0.823923830623502,0.7337769080234834,0.9911318202314745,0.8898041863605672,0.9377387000794591,0.8827759235412265,0.7756806733405598,0.9998496918683301,0.9393652937204592,0.9686642341958129,0.9392326595407987,0.8159683473673531,1.0,0.9662390276839973,0.9828296703296704,0.9662390276839974,0.009488932291666667,0.0,0.9905110677083333,0.060352537518538835,11.384570121765137,0.0,0.07229067534208311,1.3242167198658048,0.4050651041666667,0.020983709022402763,LAB00722,1.0,0.17522658610271905,0.0,0.00036508452209096297,0.0
LAB00774,0.591313269493844,0.7431764453041049,0.6114942528735632,0.9471377704738427,0.9769911504424779,0.011884765625,0.018408203125,2.0,1.0,0.9963898916967509,0.591313269493844,0.6114942528735632,0.9471377704738427,0.7431764453041049,0.591313269493844,0.65665852607384,0.7660477453580902,0.9819227608874281,0.8606549302817037,0.7553944394515185,0.7025151777970512,0.8864721485411141,0.9934264585045193,0.9369067925126816,0.8813025856191053,0.7438998287671232,0.9745358090185676,0.9983566146261298,0.9863024050001945,0.9729749876740941,0.7973281474592036,0.994341290893015,1.0,0.9971626174853698,0.9943412908930152,0.8426922067698767,0.994341290893015,1.0,0.9971626174853698,0.9943412908930152,0.5956566701137538,0.7465975372650681,0.6163723916532905,0.9465899753492194,0.9816979331377638,0.011884765625,0.018251953125,1.0,1.0,0.9963898916967509,0.5956566701137539,0.6163723916532905,0.9465899753492194,0.7465975372650681,0.5956566701137538,0.6625562164514726,0.7711788835384341,0.9813749657628047,0.863671779022686,0.7600548530598613,0.7099523690147906,0.8920991617620831,0.9934264585045193,0.9400401685115772,0.8868639552043673,0.7523015271309433,0.9807383627608347,0.9983566146261298,0.9894690683037749,0.979157626222191,0.8056766692314269,1.0,1.0,1.0,1.0,0.8502549837737599,1.0,1.0,1.0,1.0,0.0005501302083333334,0.0,0.9994498697916666,0.026132129999211124,5.479166507720947,0.0,0.048214479163289074,0.5139656448364259,0.39779296875,0.00661717914044857,LAB00774,0.0,0.010256410256410256,0.0,0.00015262211428078488,0.0
LAB00780,0.5872794800371404,0.7399824510090671,0.609051516610496,0.9426229508196722,0.9727246830935764,0.01310546875,0.020283203125,1.0,1.0,0.9886363636363636,0.5872794800371403,0.609051516610496,0.9426229508196722,0.7399824510090671,0.5872794800371404,0.6490261920752183,0.7416145081046381,0.9724292101341282,0.8414809991908789,0.7263419923222496,0.6929012345679012,0.8438452896806291,0.9878291107799304,0.9101780774262643,0.835162202717282,0.7350706900189914,0.9274594768095009,0.9957774465971188,0.9604050529601907,0.9238262033640048,0.790521327014218,0.9943829240892312,0.9995032290114257,0.9969365020720277,0.9938917168568081,0.8378859450948175,1.0,1.0,1.0,1.0,0.5898911353032659,0.7420522351560207,0.612070356624173,0.9421261798310978,0.9736011477761836,0.01310546875,0.020172526041666666,1.0,1.0,0.9886363636363636,0.589891135303266,0.612070356624173,0.9421261798310978,0.7420522351560207,0.5898911353032659,0.6517339090541088,0.7450379215749556,0.9719324391455539,0.8434933309721293,0.7293458425805255,0.6955537012754798,0.8467000161368404,0.9875807252856433,0.9117302462515373,0.8377796434304561,0.737583395107487,0.9294820074229466,0.9957774465971188,0.9614883002672321,0.9258329015596496,0.7934256055363322,0.9954816846861384,0.9995032290114257,0.9974884034800952,0.9949893915868435,0.8405110241087986,1.0,1.0,1.0,1.0,0.000634765625,0.0,0.999365234375,0.018248946329487647,3.5642125606536865,0.0,0.02926855050027375,0.39883544921875014,0.3854036458333333,0.006462656427174807,LAB00780,0.0,0.008583690987124463,0.0,0.00010639358978621539,0.0
LAB00791,0.8090164999350395,0.8944268888250503,0.8431956668923494,0.952286282306163,0.986810817779433,0.021285807291666667,0.024039713541666667,1.0,1.0,0.9888682745825603,0.8090164999350397,0.8431956668923494,0.952286282306163,0.8944268888250503,0.8090164999350395,0.8347326049453709,0.9335138794854435,0.9785899984707142,0.9555206246163962,0.9148295764724547,0.8513625103220479,0.9775220040622884,0.9922006423000459,0.9848066295873983,0.9700680267318398,0.868891979601298,0.9960731211916046,0.9980119284294234,0.997041582279626,0.9941006173972833,0.8921704353176434,0.9997291807718348,0.9996941428352959,0.9997116614965627,0.9994234892233799,0.9135771699171288,1.0,1.0,1.0,1.0,0.810205675605311,0.895153171292967,0.8448486493823809,0.9518274965591069,0.9887089207762304,0.021285807291666667,0.02398111979166667,1.0,1.0,0.9888682745825603,0.8102056756053111,0.8448486493823809,0.9518274965591069,0.895153171292967,0.810205675605311,0.8361184741270025,0.9349803176326863,0.9785899984707142,0.9562882324235197,0.9162378562081754,0.8529898613697496,0.9790959685082123,0.9922006423000459,0.9856047471505794,0.9716180595108574,0.8709557456303458,0.9967422288584227,0.9980119284294234,0.9973766745497656,0.9947670767602452,0.8941239975323874,1.0,0.9996941428352959,0.9998470480269195,0.9996941428352958,0.9154331397164449,1.0,1.0,1.0,1.0,9.765625e-06,0.0,0.999990234375,0.02107257802314532,3.2044639587402344,0.0,0.04110921211540703,0.41256808668375083,0.4124479166666667,0.0052985213696956635,LAB00791,0.0,0.009523809523809525,0.0,5.008046260992662e-05,0.0
LAB00831,0.7169063692398003,0.835114112317292,0.7272591930921543,0.9805299076676034,0.9775967413441955,0.016217447916666666,0.021865234375,2.0,1.0,1.0,0.7169063692398004,0.7272591930921543,0.9805299076676034,0.835114112317292,0.7169063692398003,0.7556265984654732,0.8468066100937919,0.9949819349658772,0.9149337818535727,0.8432054805065401,0.7836827195467422,0.928688402560667,0.9991971095945403,0.9626533958598303,0.9279959003266312,0.8111782477341389,0.9742444543695102,1.0,0.9869542266797376,0.9742444543695102,0.8464456539666831,0.9889831770135478,1.0,0.9944610778443114,0.9889831770135475,0.8778706323616503,0.994193836534167,1.0,0.9970884658454647,0.9941938365341669,0.7218033998521803,0.8384271978021978,0.7325232523252325,0.9801284624648735,0.984646878198567,0.016217447916666666,0.02169921875,1.0,1.0,1.0,0.7218033998521803,0.7325232523252325,0.9801284624648735,0.8384271978021978,0.7218033998521803,0.7614075792730085,0.8526852685268527,0.9947812123645122,0.9182686603128475,0.8488879138681698,0.7906232132647227,0.9344434443444345,0.9991971095945403,0.9657360430991383,0.9337423359438483,0.8194953194953195,0.9795979597959796,1.0,0.989693846620188,0.9795979597959799,0.856677796327212,0.9941494149414941,1.0,0.9970661250282102,0.994149414941494,0.8885558220090595,0.9987998799879988,1.0,0.999399579705794,0.9987998799879986,0.00036458333333333335,0.0,0.9996354166666667,0.020729354857567574,4.794655799865723,0.0,0.031991784274578175,0.423513227701188,0.4236881510416667,0.005837376695126295,LAB00831,0.0,0.020202020202020204,0.0,0.00016309684291111222,0.0
LAB00846,0.6291569992266047,0.772371231901258,0.6441013460015835,0.96443390634262,0.972516957687314,0.010983072916666666,0.0164453125,1.0,1.0,0.9979919678714859,0.6291569992266048,0.6441013460015835,0.96443390634262,0.772371231901258,0.6291569992266047,0.6915963659961064,0.7984956452889944,0.9925903971547125,0.8850262811521205,0.7937642530862813,0.7341719077568134,0.9093428345209817,0.9991108476585655,0.9521156302550766,0.9086075312745061,0.773718182925344,0.9720902612826603,1.0,0.9858476362541403,0.9720902612826602,0.8224869262056944,0.9926761678543151,1.0,0.9963246250124167,0.9926761678543149,0.8629479682111261,0.9986144101346002,1.0,0.9993067247697336,0.9986144101346002,0.6339372686538087,0.7759627995707643,0.649112307999202,0.96443390634262,0.9745537783721475,0.010983072916666666,0.016318359375,1.0,1.0,0.9979919678714859,0.6339372686538087,0.649112307999202,0.96443390634262,0.7759627995707643,0.6339372686538087,0.6966824644549763,0.8047077598244564,0.9925903971547125,0.8888288143132991,0.7999026844491159,0.7395466704209489,0.9158188709355676,0.9991108476585655,0.9556534211750666,0.9150730615217205,0.7795092024539877,0.9784560143626571,1.0,0.9891107078039927,0.978456014362657,0.8289088424751122,0.9972072611210852,1.0,0.9986016779864163,0.997207261121085,0.8694010121610394,1.0,1.0,1.0,1.0,0.0015006510416666666,0.0,0.9984993489583334,0.010453650026623422,4.788863182067871,0.0,0.0058081614784896395,0.28580990791320815,0.35246419270833335,0.007288514170795679,LAB00846,0.0,0.0,0.0,0.00012911042914320333,0.0
LAB00862,0.609640756636465,0.7574867300333293,0.6096892138939671,0.9998696473962068,0.8412811387900356,0.04994466145833333,0.08190755208333333,5.0,1.0,1.0,0.6096407566364648,0.6096892138939671,0.9998696473962068,0.7574867300333293,0.609640756636465,0.6226975186481961,0.648676575788888,1.0,0.7869057950053032,0.648676575788888,0.6334527377732291,0.6822987043955171,1.0,0.8111504842901016,0.6822987043955171,0.6450063122457568,0.7153246959701136,1.0,0.8340399898056116,0.7153246959701136,0.6650529599064267,0.7702885303235038,1.0,0.8702406609195403,0.7702885303235039,0.691356567415233,0.8359430887846753,1.0,0.9106416139925535,0.8359430887846754,0.6600569014570222,0.7952220202544794,0.6609401303578366,0.9979795346412045,0.9124343257443082,0.04994466145833333,0.07541341145833333,1.0,1.0,1.0,0.6600569014570221,0.6609401303578366,0.9979795346412045,0.7952220202544794,0.6600569014570222,0.6757416525301005,0.7023783830448482,0.9993482369810337,0.8249510709055988,0.7020567828961646,0.6883380416185891,0.7372987439029655,0.9998696473962068,0.8487405582375283,0.7372278805706775,0.7020153734368427,0.7703630163594768,1.0,0.8702881942751255,0.7703630163594767,0.7251650926649151,0.8241464151594942,1.0,0.9035967818267866,0.8241464151594943,0.7518893712815565,0.8861311348038158,1.0,0.9396283412669352,0.8861311348038157,0.008076171875,0.0,0.991923828125,0.05769387798907233,6.26764440536499,0.0,0.02075228691101075,1.5376223397254947,0.415166015625,0.02019224874675274,LAB00862,0.0,0.9354838709677419,0.0,0.006922486461362948,0.0
LAB00973,0.5651300236406619,0.7221508949475115,0.6034330430392528,0.8990221887927793,0.8652588274649642,0.017311197916666667,0.025791015625,4.0,1.0,0.9757914338919925,0.5651300236406619,0.6034330430392528,0.8990221887927793,0.7221508949475115,0.5651300236406619,0.6122596650816622,0.7032689637763473,0.9439638962015795,0.8060311656639293,0.6750855989571439,0.6480678778935719,0.7829105136943078,0.9731101918014291,0.8677098143092171,0.7663316570918154,0.6871694735985681,0.8620472043417897,0.9911620910116585,0.9221068680677044,0.8554715126671977,0.735532253782851,0.9405528209011738,1.0,0.9693658536585366,0.9405528209011738,0.7817977768277041,0.9709705919474947,1.0,0.9852715163934427,0.9709705919474948,0.5751585229392019,0.7302865261662326,0.6293021357638416,0.8698758931929297,0.9208070844523427,0.017311197916666667,0.023929036458333334,1.0,1.0,0.9478584729981379,0.5751585229392018,0.6293021357638416,0.8698758931929297,0.7302865261662326,0.5751585229392019,0.6305732484076433,0.7321452863555978,0.9180142910868747,0.8146119262817325,0.6872111710441775,0.6716300167636328,0.812678547136444,0.9499811959383226,0.87598226618074,0.7793313573481364,0.712778940027894,0.8918514487824786,0.970477623166604,0.9295047661219952,0.8682941658271063,0.7654250781916406,0.9706162426880697,0.9887175629936066,0.9795832882479971,0.95998358020431,0.8130104517676623,0.9979594612977826,0.9941707408800301,0.9960614983117414,0.9921538985074573,0.00447265625,0.0,0.99552734375,0.06931303110797041,9.1865873336792,0.0,0.09144503846764576,1.5124950647354136,0.394755859375,0.014686481095850468,LAB00973,0.0,0.2239884393063584,0.0,0.0013939169065072855,0.0
LAB01009,0.6326460481099655,0.7749947379499053,0.6478972373746261,0.964126734747316,0.9895340594187021,0.012431640625,0.01849934895833333,2.0,1.0,0.9979591836734694,0.6326460481099656,0.6478972373746261,0.964126734747316,0.7749947379499053,0.6326460481099655,0.688558386099249,0.7881400668660918,0.9879549620319455,0.8768076900926292,0.7806389719361051,0.7278815196394076,0.8919584726376913,0.99528672427337,0.9407939443931012,0.8882067274946324,0.7687307560725283,0.9637515396797466,0.9979052107881644,0.9805310568448173,0.9618057160330403,0.8191656646008695,0.9987682562027098,1.0,0.9993837485694164,0.9987682562027099,0.8548923254805608,0.9991201830019356,1.0,0.9995598978963119,0.9991201830019357,0.6341210971191996,0.776100496146944,0.6501591793420587,0.9625556428384394,0.9926623179317434,0.012431640625,0.018404947916666668,1.0,1.0,0.9979591836734694,0.6341210971191996,0.6501591793420587,0.9625556428384394,0.776100496146944,0.6341210971191996,0.6909306110371357,0.7911213300318358,0.9866457187745483,0.8781313320338714,0.7827398670700587,0.7313471502590674,0.8947647683056243,0.99528672427337,0.9423526276810212,0.8909894283714199,0.7740489598896678,0.9656880084895649,0.9979052107881644,0.9815323114854186,0.9637343654141524,0.8288068926765312,0.9998231340643792,1.0,0.9999115592111081,0.9998231340643791,0.8712054229295608,1.0,1.0,1.0,1.0,0.00533203125,0.0,0.99466796875,0.013082752136705912,2.5139811038970947,0.0,0.009391163289547049,0.3710326221585295,0.36924153645833335,0.01082536019384861,LAB01009,0.0,0.04195804195804196,0.0,7.630979120977561e-05,0.0
LAB01360,0.6860780384298008,0.8138152835069566,0.8314285714285714,0.7969327673558811,0.9384931837147389,0.023772786458333334,0.022786458333333332,2.0,1.0,0.9036295369211514,0.6860780384298008,0.8314285714285714,0.7969327673558811,0.8138152835069566,0.6860780384298008,0.7299787384833452,0.9171428571428571,0.8660824318773107,0.8908816188106528,0.8032340225534164,0.7629241428317641,0.9622857142857143,0.9115432014240723,0.9362274147129268,0.8801010927164225,0.7916078431372549,0.9871428571428571,0.9393399972613994,0.9626483481078549,0.9279865187007412,0.8261617900172117,0.9975714285714286,0.9708339038751198,0.9840210737394749,0.9685447683066849,0.855023634717892,0.9998571428571429,0.9930165685334794,0.9964251154990282,0.9928756995493179,0.6680871212121212,0.8010218563724099,0.8313448225069966,0.7728330822949473,0.9293522533716232,0.023772786458333334,0.022099609375,1.0,1.0,0.8848560700876095,0.6680871212121212,0.8313448225069966,0.7728330822949473,0.8010218563724099,0.6680871212121212,0.713849908480781,0.9173663278833407,0.844310557305217,0.8793236513009277,0.7846365744415711,0.7485494956708024,0.9627338341434674,0.8910036971107764,0.9254809713811782,0.8612978893177761,0.779250493096647,0.9876270437472382,0.9219498836094756,0.9536590278064718,0.9114228087687709,0.8185032788993185,0.9976432464280454,0.9605641517184719,0.9787526486008258,0.9583894119870882,0.8548723957006775,1.0,0.9902779679583733,0.9951152390780874,0.9902779679583732,0.00630859375,0.0,0.99369140625,0.11577320206768377,8.85142993927002,0.0,0.18633724004030244,2.4904641699791004,0.3776139322916667,0.023666013032197952,LAB01360,1.0,0.10608800482218204,0.0,0.00011715402742073693,0.0
LAB01373,0.5760060235924037,0.7309693173372971,0.8300180831826401,0.6530399317082425,0.7993085880640466,0.03431966145833333,0.027001953125,14.0,2.0,0.7290076335877863,0.5760060235924036,0.8300180831826401,0.6530399317082425,0.7309693173372971,0.5760060235924037,0.6067407407407407,0.8972875226039783,0.7053969458408422,0.7898546350800103,0.6526940134437755,0.6330599453223978,0.9410488245931284,0.7450441050934269,0.8316538988139253,0.7118215210113268,0.6581650937761319,0.9682941531042797,0.7805178791615289,0.8643249072414759,0.7610670628886068,0.6971240263630917,0.9883062085593731,0.8360049321824907,0.9057981902431663,0.82781638831731,0.7381466835174691,0.9985533453887884,0.8917765341933036,0.9421492525471886,0.8906258797054128,0.5437044745057231,0.7044152342433434,0.8637553382008542,0.5947073887887698,0.8200240714676312,0.03431966145833333,0.023629557291666665,3.0,2.0,0.7010178117048346,0.5437044745057232,0.8637553382008542,0.5947073887887698,0.7044152342433434,0.5437044745057231,0.5742879137798307,0.9261606281857006,0.6500047424831642,0.763890403665476,0.6179795108222322,0.6004580470539246,0.9643201542912246,0.6937304372569477,0.8069455126426427,0.6763693705473967,0.6260831618976374,0.9866372778619644,0.733472446172816,0.8414245295715459,0.7262578494436601,0.666144036793143,0.9980713596914176,0.7918049890922887,0.8830530473357163,0.7905953324187385,0.7049878604591728,1.0,0.8473868917765341,0.9173897417466755,0.8473868917765343,0.0244140625,0.0,0.9755859375,0.08426008415586854,7.919735908508301,0.0,0.09454160332679792,1.946571067571642,0.3708138020833333,0.03518300876021385,LAB01373,1.0,0.1439269833840393,0.0,0.0014238943680073596,0.0
LAB01374,0.6168769601050252,0.7630474987595292,0.8481748896911352,0.6934492088218415,0.8929452460216718,0.039703776041666666,0.0324609375,14.0,2.0,0.8486612339930152,0.6168769601050251,0.8481748896911352,0.6934492088218415,0.7630474987595292,0.6168769601050252,0.6483150470219435,0.9097472924187726,0.7488726736082644,0.8215081225790819,0.6970842466703455,0.6737172650788008,0.9509626955475331,0.7929818807903583,0.8648166886820199,0.7618299882139239,0.6974704529653992,0.9796430004011232,0.8333196687710093,0.900576492268184,0.8191351976147331,0.7327380147025662,0.9958884877657441,0.8906288431581536,0.9403221451869165,0.8873660432894295,0.7710942158616577,0.9983955074207782,0.9431007624825777,0.9699607245236546,0.9416735338320887,0.5838886420849991,0.7372849663425579,0.8576400217509516,0.6465524309256374,0.8738411507848047,0.039703776041666666,0.029931640625,1.0,2.0,0.7916181606519208,0.5838886420849992,0.8576400217509516,0.6465524309256374,0.7372849663425579,0.5838886420849991,0.612049474664184,0.9156063077759652,0.6964827416577847,0.7911523147470801,0.6544681554165794,0.6363966581910643,0.9549755301794454,0.7367385422644913,0.8317803717105161,0.7120068449187207,0.6601360992207223,0.9830342577487765,0.773058948921866,0.8654932746881062,0.7628806911216578,0.6936324706758518,0.998694942903752,0.8247929818807903,0.9034516420438365,0.8239049700715102,0.7272762271414822,1.0,0.8722636713946053,0.9317743913119636,0.8722636713946053,0.014811197916666666,0.0,0.9851888020833334,0.06460967300695156,9.278971672058105,0.0,0.0714987620711327,1.507224380970002,0.40022135416666665,0.024884674698114395,LAB01374,1.0,0.13268383205752726,0.0,0.0006980054069882258,0.0
LAB01433,0.6447394689558794,0.7840019421011106,0.7930992141453831,0.7751110044401776,0.8506577887454791,0.027125651041666667,0.026510416666666668,16.0,3.0,0.8684895833333334,0.6447394689558794,0.7930992141453831,0.7751110044401776,0.7840019421011106,0.6447394689558794,0.6770277251592905,0.8676326129666012,0.8413536541461658,0.8542910887272427,0.7456440988821661,0.7029507699309717,0.9160117878192534,0.8828753150126005,0.8991383555455643,0.8167587271978748,0.7262086852430671,0.9484282907662083,0.9168366734669386,0.9323649516845113,0.8732993106170446,0.755616467806084,0.9766699410609038,0.953918156726269,0.9651599851616585,0.9326658916571097,0.7882051282051282,0.9930009823182712,0.9755190207608304,0.9841823749522115,0.9688573526236182,0.5966236762084511,0.7473566690746699,0.8253553814911517,0.6828273130925236,0.8763425417697879,0.027125651041666667,0.02244140625,3.0,3.0,0.7981770833333334,0.5966236762084512,0.8253553814911517,0.6828273130925236,0.7473566690746699,0.5966236762084511,0.6267676306906305,0.9009283434870903,0.7367094683787352,0.8105851442468877,0.6814990920334876,0.6511928831378893,0.9469103568320278,0.7719908796351854,0.8505505072633858,0.7399633586669314,0.6776198299878563,0.9746156077748767,0.8036721468858754,0.8809276404631644,0.7871945303231017,0.7136098130841122,0.9924572091673919,0.8390735629425177,0.9093427413231562,0.8337566491111483,0.7501399253731343,0.9998549463301422,0.8630745229809192,0.9264433732675144,0.8629664706996124,0.029046223958333332,0.0,0.9709537760416667,0.1086857027545355,10.873003959655762,0.0,0.07263671457767497,2.7021875882148825,0.3738248697916667,0.037130989134311676,LAB01433,1.0,0.29095724555429436,0.0,0.0016159213607334468,0.0
LAB01435,0.6875866414618778,0.8148756627585693,0.7831204248600545,0.8493150684931506,0.8974079268609423,0.020911458333333334,0.022679036458333333,5.0,5.0,0.9333333333333333,0.6875866414618778,0.7831204248600545,0.8493150684931506,0.8148756627585693,0.6875866414618778,0.7229031226686561,0.8709631118128319,0.9165628891656289,0.8931813754685353,0.8069807967377077,0.7490518915918971,0.9173245299267978,0.9576587795765878,0.9370578237712873,0.881569896018183,0.7770133549170376,0.9460312903688819,0.9799190535491905,0.9626770384954733,0.9280398431547418,0.8118754055807917,0.9667001578871824,0.9951743462017435,0.9807306181852422,0.9621898152567879,0.8433301221923643,0.9827759437347495,0.9992216687422167,0.9909305766227363,0.9820241835355408,0.6634565330557001,0.797684243467376,0.8018244731047499,0.7935865504358655,0.9047500974106478,0.020911458333333334,0.02069661458333333,4.0,5.0,0.8958333333333334,0.6634565330557002,0.8018244731047499,0.7935865504358655,0.797684243467376,0.6634565330557001,0.7025657967184231,0.8921044353570305,0.8609900373599004,0.876271122955055,0.7797887380623106,0.7322623828647925,0.9389745202893992,0.9045765877957659,0.9214546468123335,0.8543494662407587,0.7642085879300242,0.9666561811890532,0.9335305105853051,0.9498046084547735,0.904407518925844,0.8107871523803111,0.9844290657439446,0.9685554171855542,0.9764277318076687,0.9539411746002835,0.8541325587536308,0.9955960994023277,0.9919053549190535,0.993747300346886,0.9875723073234596,0.007972005208333334,0.0,0.9920279947916667,0.08591669963433794,9.24728775024414,0.0,0.10867987424135228,1.9744566965103156,0.402958984375,0.020830320194363594,LAB01435,1.0,0.26998491704374056,0.0,0.0008380186701211288,0.0
LAB01437,0.7800404755881608,0.8764300433454132,0.8389334784383077,0.9174352871169295,0.9829556009660041,0.021881510416666666,0.023929036458333334,1.0,4.0,0.9947984395318595,0.7800404755881609,0.8389334784383077,0.9174352871169295,0.8764300433454132,0.7800404755881608,0.8172395557905869,0.9330703305672697,0.9727759595358524,0.9525095395630236,0.9093252640846676,0.8450691411935953,0.970072099034145,0.9898839631062184,0.9798778987341583,0.9605496219700118,0.8731167608286252,0.988845055094545,0.995983338292175,0.9924013605491424,0.984917328878096,0.902623581219376,0.9986396408651884,0.999702469503124,0.9991707725486887,0.9983429191942705,0.9280326687484987,1.0,1.0,1.0,1.0,0.7791333079171433,0.8758571428571429,0.8424017587249244,0.9120797381731628,0.9828210314325645,0.021881510416666666,0.02369140625,1.0,4.0,0.9947984395318595,0.7791333079171432,0.8424017587249244,0.9120797381731628,0.8758571428571429,0.7791333079171433,0.8165303303941358,0.9355592195658148,0.970395715560845,0.9526591018373504,0.9095979193676103,0.8445865692096848,0.9721077219016213,0.9891401368640286,0.9805499705616195,0.9618421131458584,0.8721845959993699,0.9901071723000825,0.995983338292175,0.9930365625083171,0.9861694333033012,0.9022097727980081,0.9990381973069524,0.999702469503124,0.9993702230211455,0.9987412387811285,0.9276074802390591,1.0,1.0,1.0,1.0,0.007340494791666667,0.0,0.9926595052083333,0.068786620793081,11.522088050842285,0.0,0.06854826807975818,1.691233127117162,0.37665364583333333,0.01745818555355072,LAB01437,1.0,0.06091370558375635,0.0,0.00012360898136177007,0.0
LAB01661,0.5892608089260809,0.741553312856516,0.6741124850418827,0.8239882983910287,0.9323090852304031,0.026705729166666668,0.03264322916666667,8.0,1.0,0.9334916864608076,0.5892608089260809,0.6741124850418827,0.8239882983910287,0.741553312856516,0.5892608089260809,0.6397712342530335,0.7793179098524132,0.8623842028278889,0.8187495761217263,0.6931210855642388,0.6777669632925473,0.8588950937375349,0.8924914675767918,0.8753710455892239,0.7783643148756157,0.7163395424428054,0.9249102512963702,0.9180887372013652,0.9214868699732064,0.8544048693689189,0.7683601084915502,0.9785600319106502,0.9538030229156509,0.9660229367454063,0.9342788840060998,0.8155030189641976,0.9931192660550459,0.9791565090199903,0.9860884627596843,0.9725586765129819,0.5522785822155104,0.7115714776238984,0.6706580366774542,0.7578010726474891,0.913712534593763,0.026705729166666668,0.03017578125,1.0,1.0,0.8741092636579573,0.5522785822155103,0.6706580366774542,0.7578010726474891,0.7115714776238984,0.5522785822155104,0.6021768278255383,0.7782092772384035,0.7918088737201365,0.7849501751970175,0.646023034754394,0.6407360045467463,0.8576051779935275,0.8194783032666991,0.838108351775987,0.7213309029779682,0.6785645871911117,0.9245954692556634,0.8437347635299853,0.8823163514932516,0.7894151020926602,0.7300894378194208,0.9803667745415319,0.8816431009263774,0.9283877755318417,0.8663467570954606,0.7769360633738799,0.9939590075512406,0.9174792784007801,0.9541891043098615,0.912391626671842,0.006516927083333333,0.0,0.9934830729166667,0.11665507914591756,11.826695442199707,0.0,0.18099440783262288,2.3185912013053898,0.38248372395833335,0.02328164502978325,LAB01661,1.0,0.2732762959235028,0.0,0.0007264912500042238,0.0
LAB02036,0.7344122657580919,0.8468716236126117,0.774941578285098,0.933521004763967,0.9212620845300816,0.015032552083333333,0.018108723958333333,1.0,5.0,0.9920159680638723,0.734412265758092,0.774941578285098,0.933521004763967,0.8468716236126117,0.7344122657580919,0.7666140376058562,0.8730900593205105,0.9757470766565612,0.9215685432342556,0.8545453097205394,0.7929920477137177,0.9129965845766672,0.9915547856214811,0.9506555158959837,0.9059517920920905,0.8144307625837114,0.9286356282581341,0.9978345604157643,0.9619922793066651,0.9267679422115517,0.8469940655371119,0.9458925040445803,1.0,0.9721939953810623,0.9458925040445803,0.8789906967405127,0.9620708250943736,1.0,0.980668804397618,0.9620708250943736,0.7441416420760284,0.8533041401273885,0.7895027624309392,0.9283239497618017,0.9397268924145552,0.015032552083333333,0.01767578125,1.0,5.0,0.9860279441117764,0.7441416420760285,0.7895027624309392,0.9283239497618017,0.8533041401273885,0.7441416420760284,0.7778103473545361,0.8893186003683241,0.9692507579038545,0.9275658436834741,0.864916357074425,0.8051568652356154,0.9302025782688766,0.9852750108271979,0.9569470930827848,0.9174482777782389,0.8272546419098143,0.9462246777163904,0.992637505413599,0.9688755723038543,0.939630122495134,0.861297144871343,0.9639042357274401,0.9974014724989173,0.9803668036350156,0.9614896877916936,0.8947007138934652,0.9802946593001841,1.0,0.9900492885706315,0.9802946593001841,0.0020768229166666665,0.0,0.9979231770833333,0.04916918186873955,5.860921859741211,0.0,0.08247665315866477,1.0558027470111868,0.35132161458333333,0.010679620318114758,LAB02036,0.0,0.07250755287009064,0.0,0.0003615988641151278,0.0
LAB02071,0.9163005519882845,0.9563223796367057,0.9744429358677422,0.9388634527336386,0.9558908668385958,0.08460611979166667,0.08151692708333333,7.0,1.0,0.9590163934426229,0.9163005519882843,0.9744429358677422,0.9388634527336386,0.9563223796367057,0.9163005519882845,0.9260247305238113,0.9864627425924447,0.968258243238044,0.9772757228127216,0.9555612833406569,0.9304836973506024,0.9922130820222027,0.9838405601939133,0.9880090839575405,0.9763023247494121,0.9323769808173478,0.9958869099912148,0.9921896040937247,0.9940348190281874,0.9881403828191151,0.9363049416439037,0.9990016771823337,0.9981147320226232,0.998558007650585,0.9971201679968862,0.94067437325118,0.9999600670872933,1.0,0.9999800331449794,0.9999600670872936,0.853943265647578,0.9212183365808636,0.9865137937093656,0.8640298564887846,0.9364881693648817,0.08460611979166667,0.0741015625,1.0,1.0,0.8805620608899297,0.8539432656475777,0.9865137937093656,0.8640298564887846,0.9212183365808636,0.853943265647578,0.8579940054097521,0.9947724477244773,0.889307837328306,0.9390883617200592,0.8851711375724051,0.8616635573233834,0.997803549464066,0.9113154553499289,0.9526004337463655,0.9094909568787115,0.8630725029575799,0.9995167808820945,0.9305528836905083,0.9638027474545591,0.9301344363604098,0.8676701652944504,1.0,0.9594475010580585,0.9793041156142004,0.9594475010580584,0.8745428571428572,1.0,0.9828402139202032,0.9913458553244333,0.982840213920203,0.018850911458333335,0.0,0.9811490885416667,0.12171657103158509,10.40121841430664,0.0,0.21370893418788953,2.5913710069656455,0.346162109375,0.03130852058529854,LAB02071,1.0,0.5503678551216752,0.0,0.0011854668176089881,0.0
LAB02072,0.8731577389760283,0.932284260751414,0.9715809925247801,0.8960427612597565,0.9451453049086644,0.10718424479166666,0.09885091145833333,4.0,1.0,0.9769585253456221,0.8731577389760284,0.9715809925247801,0.8960427612597565,0.932284260751414,0.8731577389760283,0.875928972598854,0.9805051536207067,0.9239529869104383,0.9513894226273382,0.9072857390119836,0.8786738644418998,0.9855764481180228,0.943632884866523,0.9641487122139699,0.9307790834287485,0.8809635907093534,0.9892317318141404,0.9590002125914903,0.9738814147218301,0.9490924623081661,0.887991436356559,0.993874930022722,0.978528259483099,0.9861418908602416,0.9726626260325189,0.8975607596617823,0.9979253795238252,0.9904030127251192,0.994149966583096,0.9883679808668271,0.8210345967717697,0.9017232272547208,0.987634233647901,0.8295623652321803,0.9788235294117648,0.10718424479166666,0.090029296875,2.0,1.0,0.9585253456221198,0.8210345967717695,0.987634233647901,0.8295623652321803,0.9017232272547208,0.8210345967717697,0.8266697480933672,0.9942510033626206,0.8583836972697179,0.9213352767161656,0.8541442552337275,0.8319428221814339,0.9972882091333116,0.8813739484313785,0.9357550989873689,0.8792666970703792,0.8357261034317126,0.9990237552879921,0.9011753272390439,0.9475802486905216,0.9003824258443366,0.8437236731255265,1.0,0.9311810975794941,0.9643643454739889,0.9311810975794941,0.8553181920395773,1.0,0.9587572508883287,0.9789444306623667,0.9587572508883287,0.03708658854166667,0.0,0.9629134114583333,0.11391600428086539,11.361894607543945,0.0,0.0848556585609922,3.093531587123878,0.356845703125,0.0463220551609993,LAB02072,1.0,0.39005702066999287,0.0,0.0019019388094082086,0.0
LAB02075,0.929140127388535,0.963268675196038,0.9524893681000043,0.9742947534932771,0.980111563142222,0.07408203125,0.07577799479166666,1.0,1.0,0.9891304347826086,0.929140127388535,0.9524893681000043,0.9742947534932771,0.963268675196038,0.929140127388535,0.932537769206043,0.9735383822329138,0.9885315054046928,0.9809776589728708,0.9626655073961272,0.9355548691018611,0.9850938614201641,0.9947271289216979,0.989887058748343,0.9799766128347475,0.938127523989478,0.9921388375789338,0.9975393268301257,0.9948317530583708,0.9897166529934579,0.9439448029658108,0.99768031272821,0.9997363564460849,0.9987072763913701,0.9974178907363456,0.9499704611175026,0.9993126852528029,1.0,0.999656224485411,0.9993126852528029,0.9169445156877832,0.9566729847251645,0.9712047810929506,0.9425696458388259,0.9855272226051,0.07408203125,0.07189778645833333,1.0,1.0,0.9714673913043478,0.9169445156877832,0.9712047810929506,0.9425696458388259,0.9566729847251645,0.9169445156877832,0.9198656233356549,0.9864173495721466,0.9634853677827577,0.9748165120043059,0.9508702816801513,0.9229739835478411,0.9940236338117444,0.9766236048861938,0.9852468016921443,0.9709225882067535,0.9247640619101548,0.9979173269343958,0.9841813867650936,0.9910017618306292,0.9821640160924434,0.9285539601020159,0.9998188979942952,0.990464891466737,0.9951199135842642,0.9902872263433095,0.9332343745065218,1.0,0.9943316635908253,0.9971577764558134,0.9943316635908254,0.015716145833333334,0.0,0.9842838541666666,0.07952212076727472,6.024875164031982,0.0,0.08365279734134727,1.8108456432819409,0.3413541666666667,0.027874933555722237,LAB02075,1.0,0.5524100994644223,0.0,0.0016560608302854767,0.0
LAB02080,0.8837910467326473,0.9383111234821335,0.9249236889940666,0.9520917917034422,0.87048289954829,0.09220377604166667,0.094912109375,16.0,1.0,0.9920634920634921,0.8837910467326473,0.9249236889940666,0.9520917917034422,0.9383111234821335,0.8837910467326473,0.8798112739011671,0.9453990465411394,0.9696381288614299,0.9573651877779629,0.9182171711086935,0.8773141996633892,0.9578831841410296,0.9809002647837599,0.969255096000457,0.9403443007474589,0.8766275767035069,0.9673834756662208,0.9887731685789938,0.9779613787877653,0.9568732125091421,0.8830077060792403,0.9783585416881023,0.995657546337158,0.9869322453492699,0.9742016176297401,0.8940461097807203,0.9915286209143602,0.9995763459841129,0.9955362196460029,0.9911121128679743,0.8659991770676176,0.9281881661153988,0.9678482467905729,0.8916504854368932,0.9586776859504132,0.09220377604166667,0.08494466145833333,1.0,1.0,0.9206349206349206,0.8659991770676176,0.9678482467905729,0.8916504854368932,0.9281881661153988,0.8659991770676176,0.8705762734100824,0.9824870664878329,0.9150573698146514,0.9475741529290392,0.9003714186289347,0.875062893081761,0.9903429775819123,0.9309443954104148,0.9597255022584539,0.922569479826752,0.8791136000963479,0.9957463115539376,0.943477493380406,0.9689074893544856,0.9396901629591917,0.886500597072954,0.9995018202720828,0.9579170344218888,0.9782676990960139,0.9574598926063933,0.8959812056383085,1.0,0.9706972639011474,0.9851307774991043,0.9706972639011474,0.05224609375,0.0,0.94775390625,0.20459198466274744,11.789484024047852,0.0,0.3318018674850489,3.9716428732872133,0.327890625,0.059734046459198,LAB02080,1.0,0.5578364288041707,0.0,0.004855486339898431,0.0
LAB02087,0.8999597513528015,0.9473461221607625,0.9568276911373146,0.9380506222905888,0.9796364285294573,0.069833984375,0.06846354166666667,4.0,1.0,0.9916201117318436,0.8999597513528017,0.9568276911373146,0.9380506222905888,0.9473461221607625,0.8999597513528015,0.9034683068511874,0.9786991251426398,0.956975714352305,0.967715522575815,0.9374504254781723,0.9057529541644519,0.9895397489539749,0.9690952314361628,0.9792107887676154,0.9592683562803606,0.9079039949964819,0.9951027006466338,0.9781848692490561,0.9865712630753204,0.9734984090436786,0.9136091688892093,0.9973849372384938,0.9893721157880017,0.9933623681944689,0.9868122716739178,0.9212115309700039,0.9980030429821225,0.9970633477835268,0.9975329740801477,0.995078090638266,0.8685659234792182,0.929660455181557,0.982103952692188,0.8825339113410712,0.9894142554693014,0.069833984375,0.06275390625,1.0,1.0,0.979050279329609,0.8685659234792182,0.982103952692188,0.8825339113410712,0.929660455181557,0.8685659234792182,0.8731585408628552,0.9917003838572466,0.9104554141611896,0.9493428294876285,0.9035705043774315,0.8774096006047625,0.9966282809420064,0.9311052067309933,0.9627531891668539,0.928181392424377,0.8801204819277109,0.998755057578587,0.9474665547942013,0.9724350068578026,0.9463489057603915,0.8854798166494159,1.0,0.9706800913625134,0.9851219339120563,0.9706800913625135,0.893504682207611,1.0,0.988626299352072,0.9942806244432986,0.9886262993520722,0.027591145833333334,0.0,0.9724088541666667,0.0955499960465735,8.522382736206055,0.0,0.05811262205243128,2.5346928596496596,0.34741861979166666,0.03373768925666809,LAB02087,1.0,0.4726190476190476,0.0,0.001972656113131653,0.0
LAB02102,0.9377014797840525,0.967849268390459,0.965179499480291,0.9705338478855121,0.9899770498261559,0.0809765625,0.08142578125,5.0,1.0,0.9868938401048493,0.9377014797840525,0.965179499480291,0.9705338478855121,0.967849268390459,0.9377014797840525,0.9397572362278245,0.9830894698968577,0.9842016401350699,0.983645240643924,0.9678168292999626,0.9417140390012233,0.9920844327176781,0.9916787264833574,0.9918815381143282,0.9838938335272894,0.9438575832092266,0.9971216118973375,0.9950956745457469,0.9961076131074625,0.9922454100790902,0.9471494905197988,0.9996402014871671,0.998191027496382,0.9989150888955116,0.99783252930405,0.951873071837814,0.9999600223874631,0.9995980061103071,0.9997789814776968,0.9995580606321798,0.9194667928695376,0.9580439695911238,0.979826847104312,0.9372085544299726,0.985372340425532,0.0809765625,0.07745442708333333,1.0,1.0,0.9711664482306684,0.9194667928695378,0.979826847104312,0.9372085544299726,0.9580439695911238,0.9194667928695376,0.9216942853892534,0.9913003278137346,0.9579514391381251,0.9743406077627681,0.94996508113427,0.9238383985973115,0.9966798352525846,0.9729860106126387,0.9846904121287495,0.9698425228045972,0.9252566446350724,0.9992014793645457,0.9831162566328991,0.9910936074237832,0.9823444620001373,0.9280102141033196,1.0,0.9932465026531597,0.9966118102613747,0.9932465026531596,0.9325109502100652,1.0,0.9964222543817334,0.9982079213901698,0.9964222543817335,0.006959635416666667,0.0,0.9930403645833333,0.09440584400884745,10.019000053405762,0.0,0.1311687588691716,2.0630769634246873,0.3240234375,0.02323945239186287,LAB02102,1.0,0.530729833546735,0.0,0.0013872922609670598,0.0
LAB02105,0.8874695270599706,0.9403802438520354,0.9569255572690313,0.9243973456121344,0.9600697410674527,0.09614583333333333,0.09287760416666667,8.0,1.0,0.9726962457337884,0.8874695270599707,0.9569255572690313,0.9243973456121344,0.9403802438520354,0.8874695270599706,0.8937651519860758,0.9746600308425627,0.9475555254604551,0.9609166824625786,0.9247734673865285,0.8980413200965924,0.9836324127295668,0.9619447453954496,0.9726677010720284,0.9467897603209924,0.9017199017199017,0.9889247161082294,0.9724742686890574,0.9806305066332819,0.9619971099924806,0.9082508250825082,0.9924646011495865,0.9846627843986999,0.9885482996474636,0.9773559125986045,0.9137647870897103,0.9944273096873686,0.9926530335861322,0.9935393795057995,0.9871617023803113,0.7971469141102265,0.8871249287984858,0.9699843291678386,0.8173076923076923,0.9479353680430879,0.09614583333333333,0.08101236979166666,1.0,1.0,0.9010238907849829,0.7971469141102269,0.9699843291678386,0.8173076923076923,0.8871249287984858,0.7971469141102265,0.8022457694132532,0.9868606099570056,0.8373848862405201,0.9059988486490619,0.828151640910323,0.8070500364342968,0.9948165709004702,0.8525866738894908,0.9182265471343938,0.8488159371095876,0.8104175760221155,0.9986740065094226,0.8644027627302275,0.9266999455378516,0.8634118126475259,0.8183310459890746,1.0,0.8826516793066089,0.9376685969140022,0.882651679306609,0.8283466096755392,1.0,0.9003927410617552,0.9475859611615892,0.9003927410617552,0.04795572916666667,0.0,0.9520442708333333,0.16827106333408706,10.616761207580566,0.0,0.14778758883476334,3.6838048219680894,0.3479296875,0.052958738058805466,LAB02105,1.0,0.5861749444032617,0.0,0.001740593751918445,0.0
LAB02108,0.9044613983862357,0.949834319721723,0.9654479037501257,0.9347177157689812,0.9778409667919163,0.10032552083333333,0.09713216145833334,9.0,1.0,0.9939098660170523,0.904461398386236,0.9654479037501257,0.9347177157689812,0.949834319721723,0.9044613983862357,0.9072949242242001,0.9822715238446329,0.9515249837767683,0.9666538253709916,0.9354598188918049,0.908270112787377,0.989711451456148,0.9598961713173264,0.9745758293765695,0.9504123827937987,0.9086663350467031,0.9930627702000737,0.9656067488643738,0.9791423245399372,0.9591369571656244,0.9095200428669847,0.9956097724454573,0.9740428293316029,0.9847082259968319,0.9698770848051401,0.9120185999401487,0.9971178658802239,0.9828033744321869,0.9899088744955084,0.9800193759757039,0.861056627649478,0.9253416740327735,0.9717937732076549,0.8831278390655418,0.9769470404984424,0.10032552083333333,0.091171875,1.0,1.0,0.9549330085261876,0.861056627649478,0.9717937732076549,0.8831278390655418,0.9253416740327735,0.861056627649478,0.8669198055893074,0.9868966009711511,0.9013951979234264,0.9422101578613196,0.8907347379667805,0.8720196353436185,0.9934304484433019,0.9123621025308242,0.9511720383171711,0.9068904272832597,0.8771141203573636,0.9961082547843473,0.9201817001946788,0.9566408101068893,0.9168854018575276,0.8862295766560526,0.9985361325335619,0.9316677482154445,0.9639436739172883,0.9303969771237451,0.89690014197823,0.9999285918309054,0.9438027255029202,0.9710553324549064,0.9437391174509876,0.034436848958333335,0.0,0.9655631510416667,0.0894198626540758,6.85257625579834,0.0,0.04714648202061669,2.378364832401286,0.3278125,0.040776576846838,LAB02108,1.0,0.4414214325374792,0.0,0.0008744874632606409,0.0
LAB02123,0.9408582468985155,0.9695280409087099,0.9683104487608841,0.9707486990095686,1.0,0.07756510416666666,0.07776041666666667,1.0,1.0,1.0,0.9408582468985154,0.9683104487608841,0.9707486990095686,0.9695280409087099,0.9408582468985155,0.9436773966441115,0.9842598794373744,0.986780258519389,0.9855184575675853,0.9714503579874062,0.9464204973624717,0.992967180174146,0.995593419506463,0.9942785656379293,0.9886222284489745,0.9488667271078876,0.9972371064969859,0.9990767164680208,0.998156063879084,0.9963189154429469,0.9536061588330632,0.9995813797722706,1.0,0.9997906460662396,0.9995813797722706,0.9584292775782137,1.0,1.0,1.0,1.0,0.9292621702810583,0.9633342576200328,0.9794838429841682,0.9477085781433607,0.9977989728539985,0.07756510416666666,0.075048828125,1.0,1.0,0.9956076134699854,0.9292621702810584,0.9794838429841682,0.9477085781433607,0.9633342576200328,0.9292621702810583,0.9318703044681692,0.9922793320320972,0.9683985227463489,0.9801934947647987,0.9611563465549119,0.9343026796589525,0.9976144003469963,0.9820379385596777,0.9897648894606222,0.9797371712137125,0.9357270963727535,0.9993493819128172,0.9909770018465671,0.9951455825196028,0.9903380680903621,0.9389060957761819,1.0,0.9987409770018466,0.9993700919665729,0.9987409770018466,0.942992213570634,1.0,1.0,1.0,1.0,0.019280598958333332,0.0,0.9807194010416667,0.053674896285662556,6.003374099731445,0.0,0.025468901544809346,1.3569657206535384,0.33758138020833334,0.028457393869757652,LAB02123,1.0,0.4406099518459069,0.0,0.0010038918483274949,0.0
LAB02153,0.6899119837508463,0.8165064102564102,0.7292896761495795,0.9274175199089875,0.960968907831979,0.014306640625,0.018193359375,2.0,2.0,0.969811320754717,0.6899119837508463,0.7292896761495795,0.9274175199089875,0.8165064102564102,0.6899119837508463,0.7397833935018051,0.8697441402755413,0.9513083048919226,0.9086996104597312,0.8326759700347384,0.7762643460713835,0.9518697441402756,0.9654152445961319,0.958594645304638,0.9204817710823578,0.8103601600711428,0.9844337090713903,0.9758816837315131,0.9801390419702101,0.9610516357677655,0.8522238163558106,0.9978529253891573,0.9902161547212742,0.9940198724898839,0.9881108436507241,0.8885833157041111,1.0,0.9988623435722411,0.9994308480364257,0.9988623435722412,0.6933809766887868,0.8189308681672026,0.7333093395717114,0.9271899886234357,0.9666397440770302,0.014306640625,0.018089192708333333,1.0,2.0,0.969811320754717,0.6933809766887868,0.7333093395717114,0.9271899886234357,0.8189308681672026,0.6933809766887868,0.7439360929557008,0.8738527982724492,0.9510807736063709,0.9108327099746515,0.8362652076647046,0.7806672586578713,0.9560914162317797,0.9651877133105802,0.9606180315594584,0.924220412444466,0.8145954403218596,0.9883030412092856,0.9758816837315131,0.9820530866019864,0.9647389993293366,0.8558818230949379,0.9998200467878352,0.9902161547212742,0.994994926617633,0.9900397052414426,0.8915782024062279,1.0,0.9988623435722411,0.9994308480364257,0.9988623435722412,0.0017447916666666666,0.0,0.9982552083333334,0.02634213395405177,2.9112133979797363,0.0,0.04720051996409894,0.5821586012840279,0.3423079427083333,0.00897885113954544,LAB02153,0.0,0.003125,0.0,0.00010287963414674618,0.0
LAB02177,0.6716316088686752,0.8035641409332063,0.7325148809523809,0.8898764688159084,0.9143650986850713,0.021608072916666665,0.02625,7.0,3.0,0.9474969474969475,0.6716316088686753,0.7325148809523809,0.8898764688159084,0.8035641409332063,0.6716316088686752,0.707086911390016,0.8541666666666666,0.9261825851159988,0.8887180879382013,0.7997233449875313,0.730579979027184,0.910218253968254,0.9403434769508888,0.925035661788548,0.8605268369438577,0.7510519417810582,0.9289434523809523,0.95073817414884,0.9397144594477829,0.8862843295574525,0.7775510204081633,0.9363839285714286,0.9639951792708648,0.9499889673218621,0.9047418910436003,0.8049425572361352,0.9387400793650794,0.9749924676107261,0.956522903758525,0.9166688058644005,0.6767149299786377,0.8071913929784825,0.7612817089452604,0.85899367279301,0.9273947528981086,0.021608072916666665,0.024381510416666665,5.0,3.0,0.927960927960928,0.6767149299786376,0.7612817089452604,0.85899367279301,0.8071913929784825,0.6767149299786377,0.7122627593667027,0.8862483311081442,0.8954504368785778,0.8908256205064766,0.8031429836246756,0.736705032344787,0.9412550066755674,0.914281410063272,0.9275721532266483,0.8649273291601525,0.7599079335395238,0.9579439252336449,0.9284423018981621,0.9429624222666059,0.8920803215800523,0.7876532154250854,0.962082777036048,0.9451642060861706,0.9535484519764308,0.9112208336615256,0.8104082855430969,0.9636849132176235,0.9576679722808075,0.9606670213726141,0.9243111121532355,0.007893880208333334,0.0,0.9921061197916666,0.06258181042209361,8.290904998779297,0.0,0.10867279469966892,1.3200918698310926,0.37998372395833335,0.019188283011317253,LAB02177,0.0,0.21901709401709402,0.0,0.0012350472263316086,0.0
LAB02179,0.7757172293548898,0.8736945461037222,0.8265495693295052,0.9265429761453995,0.9390321301071004,0.017194010416666666,0.019274088541666668,9.0,3.0,0.9983552631578947,0.7757172293548898,0.8265495693295052,0.9265429761453995,0.8736945461037222,0.7757172293548898,0.7965858743810268,0.9142036818105049,0.9769026883756153,0.9445138026748557,0.8948613492705833,0.8094343791427309,0.9391994595507516,0.9929950776221128,0.9653483873356048,0.9330178153878064,0.816683928067037,0.9484884310082756,0.9990533888678531,0.9731144888699141,0.947636789420666,0.824600870827286,0.9576085120756629,1.0,0.978345267880252,0.957608512075663,0.8339371980676329,0.9650396892416822,1.0,0.9822088525999141,0.9650396892416823,0.7948343079922028,0.8856910127613359,0.8484480665857465,0.9263536539189701,0.9685721065853466,0.017194010416666666,0.018772786458333333,1.0,3.0,0.9983552631578947,0.7948343079922028,0.8484480665857465,0.9263536539189701,0.8856910127613359,0.7948343079922028,0.8247200107947645,0.938442864574302,0.9769026883756153,0.957286643005583,0.9180726770058134,0.8464471403812825,0.9641061210334663,0.9929950776221128,0.9783373830124161,0.9575934038744474,0.8643611720151485,0.9729495404889891,0.9990533888678531,0.985828693408652,0.9720534262816445,0.8916967509025271,0.9819663603259927,1.0,0.9909011373578303,0.9819663603259927,0.9182131415100042,0.9887289752037455,1.0,0.9943325486092947,0.9887289752037455,0.0015885416666666667,0.0,0.9984114583333333,0.036363941018044396,9.503684997558594,0.0,0.042178072407841785,0.7650402683019648,0.36275390625,0.007019570097327232,LAB02179,0.0,0.002570694087403599,0.0,0.0005082313548850002,0.0
LAB02190,0.7141168745896256,0.8332184172220944,0.8742765273311897,0.7958436996926679,0.9457771454277255,0.022242838541666667,0.020247395833333334,1.0,1.0,0.9238095238095239,0.7141168745896257,0.8742765273311897,0.7958436996926679,0.8332184172220944,0.7141168745896256,0.745427182218106,0.9471061093247588,0.8507244255817357,0.8963317567216245,0.8121387583456497,0.7706022597698766,0.9805466237942122,0.8925801258597981,0.9344978165938864,0.8770491803278688,0.7925932818460966,0.9954983922829582,0.9269720474169472,0.960013911099575,0.9231026466080864,0.8226105784101454,1.0,0.9708766281282014,0.9852231380411376,0.9708766281282014,0.8531617095726068,1.0,0.9947314503146495,0.9973587674247983,0.9947314503146497,0.7135156455429924,0.8328090232486764,0.8753225806451613,0.7942338650665887,0.9458079737756946,0.022242838541666667,0.020182291666666668,1.0,1.0,0.9238095238095239,0.7135156455429924,0.8753225806451613,0.7942338650665887,0.8328090232486764,0.7135156455429924,0.7450457758720593,0.9474193548387096,0.8492609395580272,0.8956587924463673,0.811034475866798,0.7702842913467525,0.9808064516129033,0.8911166398360896,0.9338128831076115,0.8758433377336169,0.7921013412816692,0.9958064516129033,0.925215864188497,0.9592141841508549,0.9216249583188848,0.8223047751722002,1.0,0.9701448851163471,0.984846233843411,0.9701448851163469,0.8527388694347173,1.0,0.9944387531099078,0.9972116231288524,0.9944387531099078,0.0,0.0,1.0,0.02960167329081256,2.8643736839294434,0.0,0.07177069932222369,0.5371684271097185,0.3868131510416667,0.005775930359959602,LAB02190,1.0,0.007823613086770981,0.0,3.0040655019793455e-05,0.0
LAB02195,0.7727674624226349,0.8718204488778055,0.9444819667702283,0.8095403496584462,0.9703524193920965,0.028115234375,0.024098307291666666,2.0,1.0,0.9587912087912088,0.7727674624226348,0.9444819667702283,0.8095403496584462,0.8718204488778055,0.7727674624226349,0.7993307839388145,0.9878427664460354,0.8846821813129558,0.9334208278075073,0.8751538114969366,0.8207379886852993,0.9977036336620289,0.9241634826907491,0.9595265530408983,0.9222018647810959,0.8373273609555805,0.9986491962717817,0.9520666898228551,0.9748017549518267,0.9508422001893122,0.8627007878824895,0.9986491962717817,0.9813592682644436,0.9899287422851523,0.9800583223452323,0.8880699013960753,0.9989193570174254,0.9962950098413801,0.9976054575000454,0.9952223552734383,0.7603012848914487,0.8638308582934809,0.9461061337008959,0.7947203890239667,0.9746425463003355,0.028115234375,0.023616536458333334,1.0,1.0,0.9546703296703297,0.7603012848914489,0.9461061337008959,0.7947203890239667,0.8638308582934809,0.7603012848914487,0.7887364482394704,0.988973121984838,0.8711358110455019,0.9263219883783135,0.8627558526407689,0.811980315628712,0.9990351481736733,0.9128169503299757,0.9539819716620275,0.9120129345933148,0.830477908025248,1.0,0.9438462429084172,0.9711120376436954,0.9438462429084176,0.8597009414805242,1.0,0.9803172397823319,0.9900608044901777,0.9803172397823319,0.8846134969325153,1.0,0.9962950098413801,0.9981440668135947,0.99629500984138,0.0025553385416666667,0.0,0.9974446614583333,0.0898989366716278,6.526259899139404,0.0,0.19918007850647015,1.691921867132189,0.3712467447916667,0.01914510503411293,LAB02195,1.0,0.07219402143260012,0.0,6.707537931127e-05,0.0
LAB02205,0.8320512820512821,0.9083275017494752,0.8976486860304288,0.9192634560906515,0.9835732571337616,0.016087239583333333,0.016474609375,1.0,1.0,0.9847619047619047,0.8320512820512821,0.8976486860304288,0.9192634560906515,0.9083275017494752,0.8320512820512821,0.8578890766630819,0.9737206085753803,0.9710643464184541,0.9723906634843632,0.9462649169590984,0.8766070245195494,0.9950602647698084,0.9868474301902064,0.9909368308823112,0.982036468290457,0.8904756420591962,0.9990120529539617,0.9929178470254958,0.9959556275366899,0.9919438371963827,0.9108892755746864,0.9996048211815847,0.9957507082152974,0.9976740425079497,0.9953588800635869,0.9283424745352233,1.0,0.9989882638607851,0.9994938758983704,0.9989882638607853,0.8323561744228654,0.9085091490850914,0.8980035580154181,0.9192634560906515,0.9835732571337616,0.016087239583333333,0.016468098958333333,1.0,1.0,0.9847619047619047,0.8323561744228655,0.8980035580154181,0.9192634560906515,0.9085091490850914,0.8323561744228654,0.8581527585676963,0.9737102194109508,0.9710643464184541,0.9723854830547045,0.9462551054117396,0.8768394537982235,0.9950583119193517,0.9868474301902064,0.9909358625317858,0.9820345662249845,0.8906807971431863,0.9990116623838703,0.9929178470254958,0.995955433444707,0.9919434521334664,0.9110561509572227,0.9996046649535482,0.9957507082152974,0.9976739646953948,0.9953587251599262,0.9284747453159508,1.0,0.9989882638607851,0.9994938758983704,0.9989882638607853,0.000322265625,0.0,0.999677734375,0.030267107038785858,2.4749507904052734,0.0,0.07406423389911655,0.5268134355545045,0.37716471354166664,0.006452452391386032,LAB02205,0.0,0.0,0.0,6.6281790403722385e-06,0.0
LAB02251,0.8815930696105491,0.937070914906187,0.9464609053497942,0.9278654133214992,0.9259069542070718,0.08068684895833333,0.0791015625,6.0,1.0,0.9869918699186991,0.881593069610549,0.9464609053497942,0.9278654133214992,0.937070914906187,0.8815930696105491,0.8829806807727691,0.9589711934156379,0.951587525719127,0.9552650918696387,0.9143612264082991,0.8846004036684253,0.9686831275720165,0.9685722354459999,0.9686276783351716,0.9391639255663027,0.8856209150326797,0.9759670781893004,0.9801105418162747,0.9780344215545347,0.9570130757654721,0.8890999461803907,0.9848148148148148,0.9935046597006495,0.9891406520176806,0.9785146212398497,0.896057451042598,0.9944032921810699,1.0,0.9971937933311323,0.9944032921810698,0.8663516440244142,0.9283905814836695,0.9731080543146534,0.8876023722112397,0.9909762100082035,0.08068684895833333,0.07359700520833333,1.0,1.0,0.9821138211382113,0.8663516440244142,0.9731080543146534,0.8876023722112397,0.9283905814836695,0.8663516440244142,0.8709921928295308,0.9837232960325534,0.9145923266228265,0.9478990399004066,0.9009582500625007,0.875598435844023,0.9907116634968376,0.9370234397062976,0.9631199319288768,0.9288633869879859,0.8787217568804111,0.9951346808792959,0.9535240246903619,0.9738850865047654,0.9490994368139919,0.8849609759296911,0.998717324959087,0.9784564489450115,0.9884830763759946,0.9772284113987076,0.8940417139783661,0.9999557698261754,0.9970952515431476,0.9985234620227195,0.9970512779455368,0.016715494791666667,0.0,0.9832845052083333,0.06548422428128763,7.887247562408447,0.0,0.07297102585434952,1.4565593397617387,0.30115885416666666,0.026577001437544823,LAB02251,1.0,0.3582196697774587,0.0,0.002459147282695481,0.0
LAB02277,0.8594013814274749,0.9243850090804028,0.9612842304060434,0.8902138484776214,0.9517503578748957,0.08189453125,0.07583984375,11.0,1.0,0.9195544554455446,0.859401381427475,0.9612842304060434,0.8902138484776214,0.9243850090804028,0.8594013814274749,0.8655533436555335,0.9739462614816723,0.9172430240877654,0.9447445805631624,0.8952757438264075,0.8710032293551936,0.9818439351017255,0.9375546545830352,0.9591883169820743,0.9215772004026922,0.8751192585525419,0.988239333848399,0.9544478893393752,0.9710497244183353,0.9437285235862363,0.8810388953837404,0.9944201218988754,0.9766674616424199,0.9854638468334432,0.9713442382093792,0.8885477345117507,0.9987552579620568,0.9900628030845059,0.9943900346248434,0.9888426615321704,0.8346746111583998,0.9098884413420781,0.9690939310902476,0.857500596231815,0.9472312703583062,0.08189453125,0.07246419270833333,1.0,1.0,0.8997524752475248,0.8346746111583998,0.9690939310902476,0.857500596231815,0.9098884413420781,0.8346746111583998,0.8387996430165104,0.9799200395310184,0.8834168057874234,0.9291694450464589,0.867709126106111,0.8430213817556678,0.9865684380755582,0.9055966293028063,0.9443500120585469,0.8945673498278115,0.8455765920826162,0.9909707560307264,0.9251927816201606,0.9569527571746788,0.9174586901572773,0.8509549249816053,0.9955527604330443,0.9559185944828683,0.9753331947090784,0.9518539974876649,0.8604224860335196,0.9987871164817393,0.9803640988949837,0.9894898619468626,0.9791983520850441,0.013232421875,0.0,0.986767578125,0.14468396450399387,9.056324005126953,0.0,0.12420298978686348,3.6331248164176975,0.32245442708333333,0.029274800792336464,LAB02277,1.0,0.2295676429567643,0.0,0.0007606076330885646,0.0
LAB02359,0.6316374139080204,0.7742374727668845,0.6836599735481543,0.8924815570554073,0.9359735885702655,0.020738932291666668,0.027073567708333333,2.0,6.0,0.9487836107554417,0.6316374139080204,0.6836599735481543,0.8924815570554073,0.7742374727668845,0.6316374139080204,0.6838087968705276,0.8094264758927497,0.9312509810076911,0.8660756727107247,0.7637861291689003,0.7230782113548819,0.8973187447396898,0.9529116308271857,0.924280002872318,0.8592198763063535,0.7607171843872206,0.9570758687026573,0.9708052111128551,0.9638916533750261,0.9303000564707476,0.8100461547683271,0.9888180834435494,0.9879139852456443,0.9883658275908429,0.9769992498741894,0.8559233117130866,0.9980762294096429,0.9989012713859676,0.9984885799666756,0.9969817218194594,0.6296254891000558,0.7727241544899498,0.6863270777479893,0.8840056506043007,0.9384213611895752,0.020738932291666668,0.026712239583333332,1.0,6.0,0.9436619718309859,0.6296254891000559,0.6863270777479893,0.8840056506043007,0.7727241544899498,0.6296254891000558,0.6825823806321453,0.8123324396782842,0.9235598807094647,0.864382706547285,0.7611566955970069,0.7223956136651202,0.8998293931269803,0.9458483754512635,0.9222651799377404,0.8557440687352591,0.7613484149426998,0.9594199366317329,0.964055878198085,0.9617323206656395,0.9262855232883794,0.8110117248881905,0.9903728978796003,0.9824203421754827,0.9863805911956945,0.9731271743891107,0.8549848942598187,0.9990251035827443,0.9954481243132947,0.9972334063891224,0.9944820786242682,0.004358723958333333,0.0,0.9956412760416666,0.07218241285817611,8.20925235748291,0.0,0.12488234862685223,1.5694776368141223,0.37331705729166664,0.01790417544543743,LAB02359,1.0,0.07307171853856563,0.0,0.00019111163266332502,0.0
LAB02360,0.49132573795960643,0.6589113638336661,0.5469876044969731,0.8284217419777341,0.8769414511950633,0.014912109375,0.022584635416666665,8.0,2.0,0.8737151248164464,0.49132573795960643,0.5469876044969731,0.8284217419777341,0.6589113638336661,0.49132573795960643,0.548666739822232,0.6891034880368982,0.8515607945863348,0.7617668825628513,0.6152047395885596,0.5890202058711399,0.8031132891323148,0.8609473913992578,0.8310253338305779,0.7109010638816833,0.6268173132840409,0.8991063707120207,0.8668413010259769,0.882679083442722,0.7899960256382371,0.6747838711806243,0.9753531277025079,0.8751364330932111,0.9225310699043795,0.8562020157950252,0.7148789991796555,0.9913519746324589,0.8810303427199302,0.9329410578941455,0.8743107068227874,0.4928286852589642,0.6602615425673873,0.5572072072072072,0.8100851342501637,0.902565923821362,0.014912109375,0.0216796875,1.0,2.0,0.8546255506607929,0.4928286852589641,0.5572072072072072,0.8100851342501637,0.6602615425673873,0.4928286852589642,0.5521340427940677,0.7031531531531532,0.8288583278760097,0.7608485366855706,0.614007697372592,0.5937407443972752,0.8187687687687688,0.8354071163501419,0.8270042650579487,0.7050360375767304,0.6339857959466482,0.9147147147147147,0.8380266317397949,0.8746929978297228,0.7772927708996585,0.6856884687565163,0.986936936936937,0.8399912682820345,0.9075544479567326,0.8307548566235436,0.7303211758301579,0.9986486486486487,0.8432656625191006,0.9144031394083805,0.8423045170838618,0.012874348958333334,0.0,0.9871256510416667,0.11531907322402607,8.95262622833252,0.0,0.2266991704702378,2.312353508472443,0.34828776041666665,0.02923678793013096,LAB02360,0.0,0.09655172413793103,0.0,0.0006473787833283279,0.0
LAB02364,0.45696116284351573,0.6272798129384255,0.46359447004608295,0.9696385542168675,0.8770120331301766,0.013509114583333334,0.028255208333333334,4.0,2.0,0.9928057553956835,0.4569611628435158,0.46359447004608295,0.9696385542168675,0.6272798129384255,0.45696116284351573,0.523342487249902,0.6025345622119815,0.9812048192771085,0.7465998801741507,0.5956596527834106,0.5711943389713496,0.7230414746543778,0.9881927710843373,0.835074870932324,0.7168485339488377,0.6172041375114086,0.8289170506912442,0.9927710843373494,0.9034750388024537,0.8239438870737086,0.6737217744416415,0.9148617511520737,0.9978313253012048,0.9545469943481062,0.9130462959001174,0.7266796494644596,0.9456221198156682,1.0,0.9720511605873994,0.9456221198156682,0.4497347815104823,0.62043732032407,0.4858780188293082,0.8580722891566265,0.896473593442197,0.013509114583333334,0.023857421875,1.0,2.0,0.9064748201438849,0.44973478151048246,0.4858780188293082,0.8580722891566265,0.62043732032407,0.4497347815104823,0.5201617309583652,0.6365124846500204,0.8713253012048193,0.7356354080142404,0.5818222154251262,0.5713735311115392,0.7670896438804748,0.8816867469879518,0.8204056978337628,0.6954981863909895,0.6204460333673817,0.8806112702960841,0.8898795180722892,0.8852211352562651,0.7940777882075828,0.6835329134076279,0.969709373720835,0.9016867469879518,0.9344617967711686,0.8769857279068264,0.7385431477633162,0.9934506753990995,0.9106024096385542,0.9502241150567285,0.9051685494833761,0.01529296875,0.0,0.98470703125,0.12613215350315907,11.790034294128418,0.0,0.1339940488338475,2.6087538170814546,0.35338216145833334,0.02898225747048855,LAB02364,1.0,0.7860780984719864,0.0,0.0029671012623545684,0.0
LAB02367,0.5250127616130679,0.6885355648535565,0.5600326708412742,0.8935708079930496,0.9186862564091156,0.014986979166666666,0.023912760416666668,1.0,4.0,0.9602194787379973,0.5250127616130679,0.5600326708412742,0.8935708079930496,0.6885355648535565,0.5250127616130679,0.5989520794673071,0.7142662673563844,0.922241529105126,0.8050386512294938,0.673694301541884,0.6518377088305489,0.8359651511026409,0.9398349261511729,0.8848622726343193,0.7935004357933909,0.7018858393668967,0.9202286958889191,0.9546046915725456,0.9371015433053281,0.8816472894498893,0.7639324158604714,0.9726381704328887,0.9758905299739357,0.9742616358880978,0.9498149527941526,0.8181720833110242,0.9922406751973863,0.9947871416159861,0.9935122767004853,0.9871081918848519,0.5147673810768426,0.6796652575273919,0.5637612709317303,0.8555603822762815,0.900170769968637,0.014986979166666666,0.022744140625,1.0,4.0,0.9327846364883402,0.5147673810768426,0.5637612709317303,0.8555603822762815,0.6796652575273919,0.5147673810768426,0.591106653293213,0.7153284671532847,0.8935708079930496,0.7945763246321972,0.6591676776132288,0.6445308701993194,0.833977386575068,0.9161598609904431,0.8731390725117256,0.7748419092477684,0.6947818648417451,0.9174180621153571,0.9331016507384883,0.925193395380766,0.86079987916387,0.7579397956365644,0.9716616573636754,0.9565595134665508,0.9640514441833551,0.930597797323427,0.8137949688936976,0.9919851152139688,0.9811033883579496,0.9865142450277334,0.9733873813102866,0.007919921875,0.0,0.992080078125,0.0624991875863257,8.673662185668945,0.0,0.0548911646008492,1.4401775240898158,0.37853841145833333,0.018892955034971237,LAB02367,1.0,0.2631578947368421,0.0,0.0006142588166170364,0.0
LAB02373,0.5314567797500261,0.6940539057677799,0.5475005410084397,0.947743023038022,0.9514993828627059,0.017379557291666667,0.03008463541666667,2.0,4.0,0.9937759336099585,0.5314567797500263,0.5475005410084397,0.947743023038022,0.6940539057677799,0.5314567797500261,0.613566739606127,0.7222462670417659,0.9782730848473496,0.8309862312281439,0.7108438355701853,0.6697695368215599,0.8577147803505735,0.9923206592994943,0.9201208561598063,0.8520591043991593,0.7194902162718847,0.947846786409868,0.9985015920584379,0.9725150294034463,0.9465004912323028,0.7795018579893542,0.9873404025102792,1.0,0.993629879675505,0.9873404025102791,0.8308096415327565,0.9979441679290197,1.0,0.9989710262659085,0.9979441679290199,0.528482678740655,0.6915128134472307,0.5469107551487414,0.9400636823375164,0.9510748306900787,0.017379557291666667,0.029873046875,2.0,4.0,0.991701244813278,0.5284826787406549,0.5469107551487414,0.9400636823375164,0.6915128134472307,0.528482678740655,0.6113157894736843,0.7226762558570339,0.9711556471249297,0.8286904098135082,0.707490501876252,0.6679954870251974,0.8581235697940504,0.986327027533246,0.9177697370454345,0.848035550715296,0.7182462927143778,0.947695325269696,0.9951301741899232,0.9708336794806517,0.943320491668188,0.7784202322892051,0.9873597036068432,1.0,0.9936396534707753,0.9873597036068431,0.8301303120528982,0.9979296066252588,1.0,0.9989637305699481,0.9979296066252588,0.000849609375,0.0,0.999150390625,0.042823082362675804,10.539623260498047,0.0,0.08761441707611084,0.7307072746753707,0.35737955729166665,0.008124716579914093,LAB02373,1.0,0.128125,0.0,8.061725948344491e-05,0.0
LAB02392,0.7092203344301926,0.8298758447273298,0.9865944229062544,0.7161213765044923,0.9131574712139169,0.09601236979166666,0.06969075520833333,9.0,1.0,0.8610526315789474,0.7092203344301927,0.9865944229062544,0.7161213765044923,0.8298758447273298,0.7092203344301926,0.7196279666452854,0.9944882993133729,0.7500593320901848,0.855150316479884,0.7469542323237742,0.7296350903059344,0.998365173525153,0.7768435328021699,0.8737829255383639,0.7758565780545079,0.7372727272727273,0.9992993600822084,0.7990845906085777,0.8880469821141141,0.7986371436830346,0.7520683429002614,0.9996730347050305,0.8348533649771148,0.9098592389239863,0.8346254643537206,0.77220095925585,0.9998131626885889,0.8743854890659434,0.9329023051143759,0.8742426392499781,0.6883086253369274,0.8153824662236325,0.9910255166391773,0.6926258687913206,0.9149057681324957,0.09601236979166666,0.06710286458333334,2.0,1.0,0.8431578947368421,0.6883086253369273,0.9910255166391773,0.6926258687913206,0.8153824662236325,0.6883086253369274,0.6977163655103553,0.9971863781895799,0.7268350567892863,0.84081323249883,0.725347507469698,0.7066395036577461,0.9996604249539148,0.7557552127479233,0.8607631844111996,0.7555612429592392,0.7130678466076696,1.0,0.7800305136463808,0.876423755285513,0.7800305136463808,0.7261226041157626,1.0,0.8181047635192406,0.8999533799533799,0.8181047635192404,0.7443511785661998,1.0,0.8595016104424479,0.9244429858148269,0.8595016104424477,0.03376302083333333,0.0,0.9662369791666666,0.104375649729675,7.930102348327637,0.0,0.09530771151185058,2.634992980957042,0.31032877604166664,0.04275495558977127,LAB02392,1.0,0.07643944407677035,0.0,0.00036754107812049584,0.0
LAB02394,0.8509373404332918,0.9194663934264714,0.9454552822466264,0.8948680576864069,0.9471388434737059,0.08486979166666667,0.08032877604166666,12.0,1.0,0.9276807980049875,0.8509373404332919,0.9454552822466264,0.8948680576864069,0.9194663934264714,0.8509373404332918,0.8642005354100755,0.9610568545609272,0.9285823872353482,0.9445405752991806,0.8949094140373233,0.8758228605625374,0.9722413583498805,0.953053083768027,0.9625516019491246,0.927806726346617,0.8857688026713308,0.9811160189650282,0.9709266646210494,0.9759947483832685,0.9531149833873777,0.9001960956478473,0.990558009482514,0.9908714329548941,0.9907146964299655,0.9816002402151489,0.9112160566706021,0.9965960205859707,0.9990411169070267,0.9978170708549465,0.9956436513104135,0.7902716593245227,0.8828511083314536,0.9485349195858118,0.8256750536974532,0.9162162162162162,0.08486979166666667,0.073876953125,1.0,1.0,0.8453865336658354,0.7902716593245228,0.9485349195858118,0.8256750536974532,0.8828511083314536,0.7902716593245227,0.7966083879331488,0.9642211940956158,0.8491485118134398,0.903033716022973,0.8232100924278587,0.8026752489188373,0.9757215245648821,0.8656796563362995,0.9174125473862026,0.8474258085766682,0.808408215661104,0.984313725490196,0.8775314513654495,0.9278604503378798,0.8654288060078473,0.8187141420713314,0.9931262392597489,0.8913393679042652,0.9394838632084201,0.8858741801427715,0.8315744816248608,0.9980612469706984,0.9029226756673826,0.9481112605561757,0.9013417721892146,0.022652994791666665,0.0,0.9773470052083333,0.18171590989648895,8.815882682800293,0.0,0.16460038572549845,4.601104063987739,0.3828483072916667,0.033988095819950104,LAB02394,1.0,0.3969196919691969,0.0,0.0006358051150164309,0.0
LAB02397,0.8031576192829938,0.8908346233230134,0.9572374120663963,0.8330468349467716,0.9438635696852039,0.107939453125,0.093935546875,11.0,1.0,0.915057915057915,0.8031576192829937,0.9572374120663963,0.8330468349467716,0.8908346233230134,0.8031576192829938,0.8122480967308554,0.9735939286828152,0.855695286347598,0.910845293073762,0.8362864221964458,0.8192514234827428,0.9833662542883875,0.8710455683223257,0.9238043107703349,0.8583980776131791,0.8267387181419033,0.9904009425789236,0.881932507011671,0.9330248160938904,0.8744578413512507,0.8401258470474346,0.9971584017742662,0.8963478995144606,0.9440695690373316,0.8940641744519517,0.8546437238032208,0.9998267318155041,0.9078983081516331,0.9516476213738952,0.907755484488008,0.7480002335493666,0.8558353931458348,0.9590148594527829,0.7727012274194035,0.9334248455730955,0.107939453125,0.08696940104166667,1.0,1.0,0.8751608751608752,0.7480002335493665,0.9590148594527829,0.7727012274194035,0.8558353931458348,0.7480002335493666,0.7544155698053774,0.9746977579818094,0.7913990168581683,0.8735363298203831,0.7754678228380822,0.7605232447689093,0.9838305198937006,0.804427154015501,0.885129695455583,0.7939306409432837,0.7669283097854527,0.9906052326234233,0.8130522633372539,0.8930895452844452,0.8068308881534092,0.7785590468517298,0.9972676572968522,0.8226122621309448,0.9015590476726935,0.8207624140037094,0.7925919326458338,1.0,0.8316897373262161,0.9081120239722081,0.8316897373262163,0.013701171875,0.0,0.986298828125,0.10716966317936676,8.96200180053711,0.0,0.13379904031753556,2.7446771359443733,0.44569986979166665,0.02567380666732788,LAB02397,1.0,0.2654902481093273,0.0,0.000509258241556938,0.0
LAB02406,0.19101123595505617,0.32075471698113206,0.3030012105021497,0.34071814128138933,0.5202117765868015,0.06935221354166667,0.07798502604166667,29.0,1.0,0.492603550295858,0.19101123595505617,0.3030012105021497,0.34071814128138933,0.32075471698113206,0.19101123595505617,0.22591101070621747,0.32061610385273615,0.4084487209575217,0.35924168353922625,0.21894856782693917,0.25179623426129144,0.3370622365070752,0.4611124149260737,0.3894475515530158,0.2418099155532317,0.2719968815644152,0.35375881788203867,0.5056559493076742,0.4162838659778712,0.2628525763140673,0.298568665377176,0.3757148223901156,0.5670499882656653,0.4519665630696506,0.2919617575999335,0.3218229711931377,0.39466544225069916,0.6241257920675898,0.48355516508000906,0.3188742207727734,0.052227681775520333,0.09927068576525525,0.11253196930946291,0.08880544473128374,0.13626340096805958,0.06935221354166667,0.054729817708333336,3.0,1.0,0.11094674556213018,0.05222768177552035,0.11253196930946291,0.08880544473128374,0.09927068576525525,0.052227681775520333,0.05933650760790808,0.12317849283292691,0.09899084721896269,0.10976801175030226,0.058071185141642,0.06583308959734815,0.1334086718610599,0.10941093639990612,0.12022396227984344,0.06395653517620872,0.07234781813610076,0.14411467316957116,0.12076977235390754,0.13141350174149194,0.07032775943953741,0.08439506676179798,0.1584488193659668,0.14475475240553862,0.15129254238175796,0.08183692977399123,0.0986365006471746,0.16963064295485636,0.17812720018774936,0.17377512594708422,0.09515538224020982,0.0594921875,0.0,0.9405078125,0.234601008126452,10.786548614501953,0.0,0.35353968441486616,4.81620807170868,0.289619140625,0.0657266229391098,LAB02406,1.0,0.2764642250038634,0.0,0.006557824735952527,0.0
LAB02415,0.6623931623931625,0.7969151670951157,0.7985914161467196,0.7952459402212285,0.8306421837428414,0.06915690104166666,0.0688671875,15.0,1.0,0.8192918192918193,0.6623931623931624,0.7985914161467196,0.7952459402212285,0.7969151670951157,0.6623931623931625,0.6770706060942648,0.839194554736245,0.8166156742763003,0.8277511699799339,0.7061224108585928,0.6882542801010384,0.8752127056154283,0.8333254883502,0.8537556349553274,0.7448286429936377,0.6975316833654037,0.9081584420495368,0.8462697105201223,0.8761224912333956,0.7795533627102239,0.7115280534006856,0.9490451881262999,0.8616144975288303,0.9032189752473924,0.8235180540720283,0.7284572342126299,0.9734826999432785,0.875500117674747,0.9218952282667895,0.8551072701261758,0.6465011286681714,0.7853029887578831,0.8346757100466299,0.7414450458931513,0.8538192249720425,0.06915690104166666,0.061432291666666666,1.0,1.0,0.7582417582417582,0.6465011286681716,0.8346757100466299,0.7414450458931513,0.7853029887578831,0.6465011286681714,0.6567187439124167,0.8743641373463332,0.7552835961402683,0.8104731794743439,0.6813408201390473,0.6657641953788525,0.9093895718524798,0.7678041892209931,0.8326207014451585,0.7132392209420728,0.6763636363636364,0.9406528189910979,0.7801835726053189,0.8529362587699789,0.7435822684582089,0.6938184159690921,0.9768440016956338,0.8007060484819958,0.88004824449572,0.7857912094610372,0.7128681727194738,0.993217465027554,0.8208990350670746,0.8988741997665038,0.8163228938745197,0.06259114583333333,0.0,0.9374088541666666,0.1148241813689146,8.742100715637207,0.0,0.08659817874431629,2.744775881767278,0.26574869791666667,0.06413361430168152,LAB02415,1.0,0.2080830147460404,0.0,0.004034154188838015,0.0
LAB02430,0.33454045954045963,0.50135678862169,0.3669360361594302,0.7911990549320732,0.7345657070165436,0.011022135416666667,0.023766276041666666,10.0,9.0,0.8511278195488722,0.3345404595404595,0.3669360361594302,0.7911990549320732,0.50135678862169,0.33454045954045963,0.417786308381318,0.5184221339542529,0.8195510927347903,0.6351000422205819,0.46530885915905396,0.4815988074163794,0.6549787700315025,0.8455404607206143,0.7381592179889184,0.584986020829398,0.5431076872643829,0.7824955485549925,0.874187832250443,0.8258042487326023,0.70329350778288,0.6200118725677726,0.9137104506232023,0.9119905493207324,0.9128496898556093,0.8396720134627644,0.683586704457614,0.9753458430352007,0.9332545776727702,0.9538360810892664,0.9117462988805817,0.3437670114316821,0.5116467490378772,0.38933415536374844,0.746012994683993,0.7857750647428784,0.011022135416666667,0.021119791666666665,2.0,9.0,0.8045112781954887,0.3437670114316821,0.38933415536374844,0.746012994683993,0.5116467490378772,0.3437670114316821,0.41618430192174116,0.5456226880394575,0.7566450088600118,0.6340365880360294,0.46416806078606226,0.47125857200484067,0.6851109741060419,0.7649143532191376,0.7228166401870494,0.5659458641027936,0.5259193619849357,0.813810110974106,0.7728883638511518,0.7928215412516493,0.656755871931046,0.5975322730190429,0.9414303329223181,0.7900177200236267,0.859103620129911,0.7530075783286604,0.6600167177486765,0.9905980271270037,0.8092144122858831,0.8907663740724272,0.8030466740742221,0.011888020833333334,0.0,0.9881119791666667,0.11859776461416027,9.978031158447266,0.0,0.12988166064024018,2.8623324155807564,0.395849609375,0.02582978829741478,LAB02430,0.0,0.17790697674418604,0.0,0.0022010858690287207,0.0
LAB02453,0.7670652932960895,0.8681799096006126,0.9426119603110753,0.8046424320117206,0.9169179388481159,0.07110026041666667,0.060693359375,9.0,1.0,0.890745501285347,0.7670652932960894,0.9426119603110753,0.8046424320117206,0.8681799096006126,0.7670652932960895,0.7754034914361001,0.966532582461786,0.8347220950462412,0.8958045880320669,0.8112736009612055,0.7826764900791331,0.9812282113167069,0.8590788389341636,0.9160997262847974,0.8451882045796999,0.7888938020487877,0.9894877983373559,0.8796813478619174,0.9313592211857843,0.8715362913805689,0.7974956822107081,0.9962456422633413,0.9036718249244574,0.9477033957161499,0.9006048217376107,0.8080681387276493,0.9993027621346205,0.9164911638128377,0.9561071669200599,0.9159054805454749,0.7425620742693912,0.8522647029153636,0.9487366647950589,0.7736013185605713,0.9371584699453552,0.07110026041666667,0.05797526041666667,1.0,1.0,0.8817480719794345,0.7425620742693914,0.9487366647950589,0.7736013185605713,0.8522647029153636,0.7425620742693912,0.7508828783912918,0.970466030320045,0.8040014650673015,0.8794256442607231,0.7847990093263729,0.7586927383111252,0.9835485682201011,0.8292738760186796,0.8998466849443674,0.8179284401818704,0.765990056446488,0.9908478382930938,0.8520739858987272,0.9162360073127629,0.8454202330905258,0.7792088940107785,0.9971364402021337,0.8847175167109239,0.9375691157721009,0.8824753964616352,0.7944201901800132,1.0,0.9070597930592437,0.9512651846161233,0.9070597930592437,0.05730794270833333,0.0,0.9426920572916667,0.17332566655286,8.439556121826172,0.0,0.1221548192203056,4.235949149131776,0.30486653645833334,0.05462058261036873,LAB02453,1.0,0.137108190091001,0.0,0.0005519520469686582,0.0
LAB02454,0.5812643151626202,0.7351893160288536,0.6468039555510245,0.8515535870075834,0.7917649351260189,0.048505859375,0.06386067708333333,14.0,1.0,0.9006802721088435,0.5812643151626202,0.6468039555510245,0.8515535870075834,0.7351893160288536,0.5812643151626202,0.6011389911792412,0.6943623203180752,0.8745721763640024,0.7741176791637494,0.6314779697905062,0.6183882135093792,0.7371291670914466,0.8912153546741829,0.8068818647515223,0.6762799432123977,0.6384892769026381,0.776990518911204,0.9073887658546407,0.8371421738704236,0.7199007093212282,0.6740991916700918,0.8373942297889693,0.9345010401986444,0.8832867179555197,0.790970011871263,0.713683830389118,0.8983076766235091,0.9650359036306289,0.9304769873202494,0.8699924885102627,0.5732704096526224,0.7287627176299595,0.6757857306721725,0.7907522985034562,0.8810352156378345,0.048505859375,0.0567578125,1.0,1.0,0.8258503401360544,0.5732704096526223,0.6757857306721725,0.7907522985034562,0.7287627176299595,0.5732704096526224,0.5910484646011624,0.723847212663455,0.8055164082947454,0.762501211495425,0.6161631983630876,0.6063080578958738,0.7657719660472585,0.8146433125293604,0.789452012416262,0.6521443350560713,0.6236475727758951,0.8048290892406516,0.8229649016844507,0.8137959668020356,0.6860505815412465,0.6516333137139494,0.8612066987841248,0.8372592443460171,0.8490641484643239,0.7377163091508797,0.6803550181689552,0.9209107593484744,0.8522246829071874,0.8852373723613272,0.7941039198959031,0.04761393229166667,0.0,0.9523860677083333,0.22854005015420117,11.937211036682129,0.0,0.23295640498399853,4.6466893720626885,0.31737630208333334,0.053278788924217224,LAB02454,1.0,0.2905708787684413,0.0,0.004451483711616419,0.0
LAB02464,0.6709807886754298,0.8030981483722619,0.7163875266031277,0.9136900078678206,0.8081982622877545,0.08274739583333333,0.105537109375,26.0,1.0,0.9626556016597511,0.6709807886754298,0.7163875266031277,0.9136900078678206,0.8030981483722619,0.6709807886754298,0.677935067774377,0.7459979642824095,0.9345003933910306,0.8296769680346088,0.7089298812151754,0.6853853749805103,0.7744980105487185,0.9504720692368214,0.8535089800485859,0.7444532623419553,0.6947230270163187,0.8027513031676999,0.9641227380015736,0.8760678648402042,0.7794668712053942,0.7114761578827288,0.8534283334875543,0.9788749016522423,0.9118573388821524,0.8379942919850257,0.7282213406066617,0.9105209586379198,0.9859559402045633,0.9467381842591842,0.8988631032762658,0.6521619472815119,0.7894649169890244,0.7454647139012199,0.838985051140834,0.9681923238341815,0.08274739583333333,0.09312825520833333,1.0,1.0,0.9626556016597511,0.6521619472815119,0.7454647139012199,0.838985051140834,0.7894649169890244,0.6521619472815119,0.6648424397563775,0.7761194029850746,0.8524390243902439,0.8124909190482045,0.6841976470588236,0.6765431398678726,0.8049914362613164,0.8640440597954366,0.8334730691241526,0.7144910649412677,0.6902132312739202,0.8345275962109826,0.8750196695515342,0.8542940883736998,0.745648669265441,0.7135827022616589,0.88664406305708,0.8915420928402833,0.8890863321151036,0.8003199148749904,0.7380123473982269,0.9440735432905729,0.9080645161290323,0.9257189882994104,0.8617102771219932,0.030735677083333333,0.0,0.9692643229166666,0.221430831740996,9.61758804321289,0.0,0.45406132638454844,3.9167446279525806,0.32880859375,0.04722221568226814,LAB02464,1.0,0.46396286342536036,0.0,0.006969085384957267,0.0
LAB02476,0.5331294597349643,0.6954787234042553,0.5778093434343434,0.8733301526717557,0.8700309145134644,0.013645833333333333,0.020625,1.0,2.0,0.8944365192582026,0.5331294597349643,0.5778093434343434,0.8733301526717557,0.6954787234042553,0.5331294597349643,0.6046142578125,0.7301136363636364,0.9162690839694656,0.8126671211043494,0.6844475846236303,0.6563848826192231,0.8480113636363636,0.9408396946564885,0.8920169722685256,0.8050818017446298,0.7030791788856305,0.930239898989899,0.9553912213740458,0.9426478208476882,0.8915173576351985,0.7619949035311249,0.9895833333333334,0.9673187022900763,0.9783243600162536,0.9575684510123167,0.8118683304161256,0.9998421717171717,0.9704198473282443,0.9849113247386337,0.9702712174234802,0.49338879809835084,0.6607640270592916,0.5667235494880546,0.7922232824427481,0.8369871152426619,0.013645833333333333,0.019075520833333335,1.0,2.0,0.8359486447931527,0.4933887980983509,0.5667235494880546,0.7922232824427481,0.6607640270592916,0.49338879809835084,0.5626084800396727,0.7230375426621161,0.8327767175572519,0.7740369102464956,0.631370484736311,0.6139976528326043,0.845221843003413,0.860925572519084,0.8530014375932496,0.7436813484782354,0.6597164303586321,0.9315699658703072,0.8828721374045801,0.9065675509021495,0.8291024760149782,0.717978848413631,0.990443686006826,0.90625,0.9464781762767525,0.8983944660318545,0.7665245808468315,0.9998293515358362,0.9153148854961832,0.9557073255589432,0.915171913918167,0.0034407552083333334,0.0,0.9965592447916667,0.131692733735717,10.702392578125,0.0,0.31198187470436217,2.189990675449372,0.3453287760416667,0.021672332659363747,LAB02476,1.0,0.39035591274397247,0.0,0.0004526257284445317,0.0
LAB02481,0.34012774751080216,0.5076049625008762,0.3410407346362138,0.9921907110563091,0.6816350028785262,0.023759765625,0.06912434895833333,13.0,3.0,1.0,0.34012774751080216,0.3410407346362138,0.9921907110563091,0.5076049625008762,0.34012774751080216,0.3897444721672546,0.4221803626089004,0.9980819290313742,0.593370102398778,0.4218381135014079,0.43135152309464236,0.49748057452319283,0.9998629949308124,0.6643931657502472,0.49744666522574005,0.4760393873085339,0.5765952437014363,1.0,0.7314435915051226,0.5765952437014363,0.5369388587382753,0.6920649870496821,1.0,0.8180123013553755,0.692064987049682,0.6009353696559742,0.8050388509536143,1.0,0.8919906078789459,0.8050388509536142,0.3519121434472035,0.5206139247331153,0.35288958191209435,0.9921907110563091,0.7737321196358908,0.023759765625,0.06680338541666667,2.0,3.0,1.0,0.35191214344720345,0.35288958191209435,0.9921907110563091,0.5206139247331153,0.3519121434472035,0.40582306830907056,0.43684826040346947,0.9980819290313742,0.6077095006401954,0.4364818268311311,0.4516008316008316,0.5147159146282039,0.9998629949308124,0.679588752610522,0.514679615123019,0.5012865317408502,0.5964330961894552,1.0,0.7472071302118307,0.5964330961894551,0.570837780149413,0.7155735308449469,1.0,0.8342091061436646,0.7155735308449468,0.6432895779110558,0.8317902738524511,1.0,0.9081719514790381,0.831790273852451,0.0035611979166666665,0.0,0.9964388020833334,0.11288726793415667,5.5431694984436035,0.0,0.21127831935882818,2.2774973988533067,0.3517936197916667,0.02004910260438919,LAB02481,0.0,0.0,0.0,0.002487605583680191,0.0
