sample_id,iou,dice,precision,recall,cldice,crack_fraction_true,crack_fraction_pred,components_pred,components_true,skeleton_covered,iou_dilate_both_tol0,precision_tol0,recall_tol0,f1_tol0,iou_buffered_tol0,iou_dilate_both_tol1,precision_tol1,recall_tol1,f1_tol1,iou_buffered_tol1,iou_dilate_both_tol2,precision_tol2,recall_tol2,f1_tol2,iou_buffered_tol2,iou_dilate_both_tol3,precision_tol3,recall_tol3,f1_tol3,iou_buffered_tol3,iou_dilate_both_tol5,precision_tol5,recall_tol5,f1_tol5,iou_buffered_tol5,iou_dilate_both_tol8,precision_tol8,recall_tol8,f1_tol8,iou_buffered_tol8,baseline_iou,baseline_dice,baseline_precision,baseline_recall,baseline_cldice,baseline_crack_fraction_true,baseline_crack_fraction_pred,baseline_components_pred,baseline_components_true,baseline_skeleton_covered,baseline_iou_dilate_both_tol0,baseline_precision_tol0,baseline_recall_tol0,baseline_f1_tol0,baseline_iou_buffered_tol0,baseline_iou_dilate_both_tol1,baseline_precision_tol1,baseline_recall_tol1,baseline_f1_tol1,baseline_iou_buffered_tol1,baseline_iou_dilate_both_tol2,baseline_precision_tol2,baseline_recall_tol2,baseline_f1_tol2,baseline_iou_buffered_tol2,baseline_iou_dilate_both_tol3,baseline_precision_tol3,baseline_recall_tol3,baseline_f1_tol3,baseline_iou_buffered_tol3,baseline_iou_dilate_both_tol5,baseline_precision_tol5,baseline_recall_tol5,baseline_f1_tol5,baseline_iou_buffered_tol5,baseline_iou_dilate_both_tol8,baseline_precision_tol8,baseline_recall_tol8,baseline_f1_tol8,baseline_iou_buffered_tol8,fraction_reinforce,fraction_suppress,fraction_abstain,residual_abs_mean,residual_abs_max,residual_abs_p50,residual_abs_p90,residual_abs_p99,residual_nonzero_fraction,active_probability_mean,evidence_source_id,improves_baseline,recovered_false_negatives,removed_false_positives,introduced_false_positives,lost_true_positives
LAB00202,0.6817151102865388,0.8107379259622456,0.8098775510204081,0.8116001308900523,0.9032694809659301,0.03979166666666667,0.039876302083333336,9.0,7.0,0.9135802469135802,0.6817151102865389,0.8098775510204081,0.8116001308900523,0.8107379259622456,0.6817151102865388,0.7168570439598477,0.8957551020408163,0.8794175392670157,0.8875111403725233,0.7977708115384738,0.7428912902743887,0.9308571428571428,0.9169666230366492,0.9238596738173122,0.8584936846428296,0.7667770087270539,0.9458775510204082,0.9416721204188482,0.9437701509034317,0.8935272485535914,0.7987477029878173,0.9579591836734694,0.9612238219895288,0.9595887261647342,0.9223167321394015,0.8320205067955462,0.9700408163265306,0.9731675392670157,0.9716016622671546,0.9447717159958642,0.6124109135411417,0.7596213947673899,0.8361509730686062,0.6959260471204188,0.8930174647302778,0.03979166666666667,0.033118489583333334,7.0,7.0,0.845679012345679,0.6124109135411417,0.8361509730686062,0.6959260471204188,0.7596213947673899,0.6124109135411417,0.6549282991468506,0.9249066247297032,0.7702879581151832,0.8405459085583206,0.7249497110430441,0.6874771241830065,0.9609789659917437,0.8186354712041884,0.884114505028992,0.792298590682875,0.7167110669616652,0.975230980931787,0.8538121727748691,0.9104914568027513,0.8356900572168461,0.7602862254025045,0.9815215254570474,0.8952061518324608,0.9363789092876317,0.8803688808582056,0.799116874406126,0.9880086494987222,0.9253108638743456,0.9556324812380987,0.9150346636316323,0.0001953125,0.0,0.9998046875,0.4520993300315604,7.124007225036621,0.19674110412597656,1.2636569619178815,3.060936801433564,1.0,0.0746135413646698,LAB00202,1.0,0.4110842076943772,0.15476904619076184,0.0031366238335680118,0.013400728811566944
LAB00234,0.7370219690805532,0.8486040846917743,0.9617753238479507,0.7592623637887678,0.9401731228934983,0.019417317708333333,0.015328776041666667,1.0,1.0,0.8885496183206106,0.7370219690805533,0.9617753238479507,0.7592623637887678,0.8486040846917743,0.7370219690805532,0.7663028649386084,0.9972393289445742,0.8538139145012573,0.9199700961121389,0.851800577743687,0.7873393846516562,1.0,0.8982397317686505,0.9463922988607261,0.8982397317686507,0.8050847457627118,1.0,0.9264040234702431,0.9617961883212949,0.926404023470243,0.8317711304914825,1.0,0.9599329421626153,0.9795569241296724,0.9599329421626154,0.8561095820264993,1.0,0.9827326068734283,0.991291113553733,0.9827326068734283,0.7440570522979398,0.8532485233984552,0.9315476190476191,0.7870913663034367,0.9359350240750807,0.019417317708333333,0.01640625,2.0,1.0,0.8854961832061069,0.7440570522979397,0.9315476190476191,0.7870913663034367,0.8532485233984552,0.7440570522979398,0.7709974629456536,0.9924603174603175,0.8625314333612741,0.9229455816114445,0.8569163877460506,0.7913577386468953,0.9996031746031746,0.901089689857502,0.9477934404087244,0.900767469817799,0.8096966031650036,1.0,0.9274098910310142,0.962338001217709,0.9274098910310142,0.8362284883251192,1.0,0.9609388097233864,0.9800803624861075,0.9609388097233863,0.8598255776943153,1.0,0.9844090528080469,0.9921432795471825,0.9844090528080468,0.0,0.0,1.0,0.22545847338978395,5.898754119873047,0.09805524721741676,0.5191775977611554,2.099700670242311,0.9999967447916667,0.05531648173928261,LAB00234,0.0,0.030708661417322834,0.48695652173913045,9.970421084117119e-06,0.043663471778487756
LAB00259,0.7702408943702588,0.8702102598802096,0.9490543347545644,0.8034615206626868,0.8440705914214828,0.14068359375,0.1191015625,9.0,5.0,0.7480960749853545,0.7702408943702587,0.9490543347545644,0.8034615206626868,0.8702102598802096,0.7702408943702588,0.7687941182631282,0.972859954083306,0.8224813735017816,0.8913727757112475,0.8040329122199881,0.7661495624502784,0.9830272220400131,0.8365495858207228,0.9038926105184877,0.8246387344820773,0.7630669870832082,0.9884388324040669,0.8484890554861401,0.9131327765681759,0.8401511765944372,0.7557409507048212,0.9923472176669946,0.8614466194641122,0.9222753241178153,0.855761536092579,0.7464929560649475,0.9948343719252214,0.8679254014530983,0.9270567616634663,0.8640315056188375,0.7394170403587444,0.8501894867101498,0.959778812572759,0.763061687259938,0.8035674621224481,0.14068359375,0.11184895833333333,1.0,5.0,0.6842413591095489,0.7394170403587444,0.959778812572759,0.763061687259938,0.8501894867101498,0.7394170403587444,0.7336169672339344,0.9789289871944121,0.7815956314498589,0.869202977098939,0.7686640126350863,0.7270900321543409,0.9867287543655413,0.7965662455458374,0.8815084652580087,0.7881226078848699,0.7193661637726539,0.9906868451688009,0.8089916238604286,0.8906672757413051,0.8028856052511101,0.7054243668720055,0.9940337601862631,0.8254893794252395,0.9019553463871851,0.82141955103515,0.689897466827503,0.9961583236321304,0.8381230043037623,0.9103327763841689,0.8354227388462886,0.0,0.0,1.0,0.4323956099818558,5.025676727294922,0.11566570401191711,1.5360384821891857,2.80289447307587,1.0,0.07138396799564362,LAB00259,1.0,0.17294921875,0.03400868306801737,0.0020144706778370144,0.0007580811450057614
LAB00264,0.8614984041659667,0.925596715246131,0.9163490172721859,0.9350329697043362,0.955452347036804,0.10712565104166667,0.10930989583333334,2.0,1.0,0.9823570924488356,0.8614984041659668,0.9163490172721859,0.9350329697043362,0.925596715246131,0.8614984041659667,0.8691284925061458,0.945473496128648,0.9594032027712783,0.9523874178785754,0.9091026913307805,0.8761470190041618,0.9634901727218582,0.9752347382175088,0.9693268818774984,0.9404794447760964,0.8834586466165414,0.9750148898153663,0.9869336655626121,0.9809380745951508,0.9625892697398614,0.894735719920684,0.9846634901727218,0.9962320337901486,0.9904139815018972,0.9810100014808777,0.9067639957748604,0.9911256700416915,0.999604971284451,0.9953472623311019,0.9907376200861328,0.8585691935713272,0.9239033946554839,0.9307410034228623,0.917165517031815,0.986046511627907,0.10712565104166667,0.10556315104166666,1.0,1.0,0.9724770642201835,0.858569193571327,0.9307410034228623,0.917165517031815,0.9239033946554839,0.8585691935713272,0.8674163953832494,0.9586481235930803,0.9436628277978668,0.9510964529868291,0.9067530143216175,0.8754279290787389,0.9762558204076598,0.9636877449937707,0.9699310710732159,0.9416176372621732,0.8829784668804707,0.9876345246538591,0.9790027044273603,0.983299671463737,0.9671479824142353,0.8946921720963635,0.9960837521971075,0.9931629645385761,0.9946212140886846,0.989299981287272,0.9054771337359129,0.9995682876437756,0.9993011030417212,0.9994346774857508,0.9988699937894536,0.0,0.0,1.0,0.3708623224004744,3.966339111328125,0.10266498103737831,1.2855528712272652,2.2617666363716133,1.0,0.06692618131637573,LAB00264,1.0,0.2351430667644901,0.07479964381121995,0.002687055450385047,0.0017559553390981677
LAB00268,0.912117912800429,0.9540393996566553,0.9432494202265318,0.9650790921595598,0.9419611273174845,0.18932291666666667,0.19370442708333332,4.0,1.0,0.9657772621809745,0.912117912800429,0.9432494202265318,0.9650790921595598,0.9540393996566553,0.912117912800429,0.9154372815963822,0.9574328639128827,0.9765130674002751,0.9668788435409537,0.9358813702498032,0.9184846243914464,0.9677847612005512,0.984353507565337,0.9759988208809517,0.953122751011485,0.9212349780750984,0.9762544953450072,0.9902854195323246,0.9832199033227894,0.9669936562840931,0.923924292904232,0.9852787954155884,0.9958734525447043,0.9905477953244867,0.9812726058118784,0.9280109042306827,0.9911437502100628,0.9987276478679504,0.9949212469734761,0.9898938207354784,0.9073817076394395,0.9514421827631009,0.9586664339326235,0.9443259972489684,0.9668891814767947,0.18932291666666667,0.18649088541666667,1.0,1.0,0.9396751740139211,0.9073817076394396,0.9586664339326235,0.9443259972489684,0.9514421827631009,0.9073817076394395,0.9120928659979713,0.9716529935416303,0.9583734525447043,0.9649675381227749,0.9323065446397939,0.9164008861097582,0.9810089020771513,0.9691368638239339,0.9750367458333203,0.9512894651292149,0.920550960818186,0.9882352941176471,0.9782152682255846,0.983199752709116,0.9669546750492127,0.9260539849492984,0.9946762087624367,0.9897352132049518,0.9921995596793758,0.9845198711797694,0.9312984364377974,0.9985337755280154,0.996595598349381,0.9975637455133387,0.9951393328488325,0.0,0.0,1.0,0.43419479984159504,3.3586249351501465,0.0949651412665844,1.661429023742676,1.8586762320995331,1.0,0.06907259672880173,LAB00268,1.0,0.37492279184681904,0.014358108108108109,0.004228286955957709,0.0001274534794799898
LAB00271,0.9008998703576601,0.9478667281808516,0.9579937558285692,0.9379515680825724,0.9887092475724614,0.08199869791666667,0.080283203125,3.0,1.0,0.984180790960452,0.9008998703576603,0.9579937558285692,0.9379515680825724,0.9478667281808516,0.9008998703576601,0.9066444218772668,0.9777804808822933,0.9633187772925764,0.9704957573264117,0.9426826205262316,0.9109989281145189,0.9887686007379475,0.9769749900754268,0.9828364171271624,0.9662520696536118,0.9149132035770647,0.9949316790333699,0.985391028185788,0.9901383714920019,0.9804693470281312,0.9212671581849787,0.9984592304261444,0.9942437475188567,0.9963470301303303,0.9927206515013969,0.9285580998587156,0.9997972671613348,0.9965859468042875,0.9981890241674569,0.9963845957446451,0.8463495489939094,0.9167814940081005,0.9668839175620927,0.8716157205240175,0.9594356261022927,0.08199869791666667,0.07391927083333333,2.0,1.0,0.9220338983050848,0.8463495489939095,0.9668839175620927,0.8716157205240175,0.9167814940081005,0.8463495489939094,0.8528538436159683,0.9832658094063766,0.9010321556173084,0.9403545811111556,0.8874238158809967,0.8590604026845637,0.9921613528271974,0.9215958713775307,0.9555776406130748,0.914934108815899,0.8644298872742993,0.9965650871939404,0.9364430329495832,0.9655690765688749,0.9334302123975172,0.8749241044323012,0.9995155892196582,0.9560539896784438,0.9773018328068881,0.9556112097953415,0.887073249783924,1.0,0.9712187375942835,0.9853992548585239,0.9712187375942835,0.00028645833333333333,0.0,0.9997135416666667,0.45690234143902975,7.821568489074707,0.1845957487821579,1.2712216138839771,3.2153449511528063,1.0,0.0741727352142334,LAB00271,1.0,0.5216450216450217,0.061170212765957445,0.0011732999594678195,0.0007287301876480233
LAB00272,0.9224440151677757,0.9596576107182732,0.9594790697674419,0.9598362181276754,0.9765722161856867,0.087451171875,0.08748372395833333,2.0,1.0,0.9928131416837782,0.9224440151677756,0.9594790697674419,0.9598362181276754,0.9596576107182732,0.9224440151677757,0.9233983286908078,0.9789767441860465,0.9801600595570444,0.9795680445112875,0.9599543009628172,0.9243738269367678,0.9876837209302326,0.9898008561325145,0.9887411552073727,0.9777330109880304,0.9253396446794123,0.9915906976744187,0.9947887586078541,0.9931871537101278,0.9864665090141078,0.9275833099971996,0.9932279069767442,0.998324958123953,0.9957699100194,0.9915754566153624,0.9307350666200909,0.9939348837209302,0.9999627768471989,0.9969397186089118,0.9938981107160497,0.906570507012648,0.9509960462287104,0.9717204676999572,0.9311371673180718,0.9859448204060385,0.087451171875,0.083798828125,1.0,1.0,0.9722792607802875,0.9065705070126482,0.9717204676999572,0.9311371673180718,0.9509960462287104,0.906570507012648,0.908771203971866,0.9879578914656412,0.9555555555555556,0.971486616973893,0.9445541817993374,0.9113224309828568,0.9956493027230704,0.9707426018983808,0.9830382157617414,0.9666422386737697,0.9137612379788866,0.9989511711921687,0.9810161920714685,0.9899024521423765,0.9800067867127487,0.9181318366645668,0.9999223089771977,0.9921459147589801,0.9960189335960005,0.9920694392808447,0.9231378763866878,1.0,0.9980643960543458,0.9990312604791535,0.9980643960543457,0.0,0.0,1.0,0.43497239039505076,5.6968560218811035,0.16296671330928802,1.2275620937347425,2.886515188217164,1.0,0.07245562225580215,LAB00272,1.0,0.4335135135135135,0.0782967032967033,0.0014949554195710407,0.0012392564461323205
LAB00284,0.6956142264891995,0.8204864238836702,0.9222535618717003,0.7389465144579012,0.8944647219329521,0.05617513020833333,0.045009765625,4.0,1.0,0.8430813124108416,0.6956142264891992,0.9222535618717003,0.7389465144579012,0.8204864238836702,0.6956142264891995,0.7166014820913956,0.9431546973313083,0.7846670916149968,0.8566421120887704,0.7492335699487299,0.7337820700419472,0.9582700513488103,0.822217071333372,0.8850454295671313,0.793795059491547,0.7497581425346662,0.9712157373255226,0.8558845685808657,0.9099101561667533,0.8347111582721471,0.7757258131603028,0.9876328921674984,0.912731065654517,0.9487058712443976,0.9024171687968651,0.8019718516346577,0.9967454979388154,0.9607695427942284,0.9784269304804588,0.9577649995615344,0.6094207300237451,0.7573168639560817,0.9283310901749664,0.6395086052036855,0.8437440497415641,0.05617513020833333,0.038697916666666665,1.0,1.0,0.746077032810271,0.6094207300237451,0.9283310901749664,0.6395086052036855,0.7573168639560817,0.6094207300237451,0.6275010421008753,0.9496971736204576,0.6797241699020687,0.7923452403071853,0.6561024447986529,0.6437598736176935,0.9658479138627187,0.714782407139132,0.8215621105652334,0.6971619954949791,0.6587434750186428,0.9782133243606999,0.7481601668887987,0.8478585285468544,0.7358979340249661,0.6861384473042308,0.9927658142664872,0.8051805064611463,0.889187482310263,0.8004838513699785,0.7167968027236058,0.9984017496635262,0.8724575534565684,0.9311904389875778,0.8712407457372615,0.0,0.0,1.0,0.41698493020834576,4.133058547973633,0.21054593473672867,0.973805683851243,3.048941032886506,1.0,0.07209891080856323,LAB00284,1.0,0.28210898569361836,0.014084507042253521,0.0008128928261343314,0.0035338890902500905
LAB00295,0.7832590346450634,0.8784579462971422,0.8213226395842725,0.944136821145086,0.8211203594954808,0.11933919270833333,0.13718424479166666,13.0,1.0,0.9354275741710296,0.7832590346450635,0.8213226395842725,0.944136821145086,0.8784579462971422,0.7832590346450634,0.7869139107158276,0.8432717177229908,0.963476173590464,0.8993752939134864,0.8171498322179148,0.7905570511493063,0.8611631824976864,0.9755325823081749,0.9147870423706148,0.8429562473792603,0.7967159669211196,0.8780817692143417,0.9838793268050516,0.9279748130305693,0.8656278082923727,0.8121796186180029,0.9043732055145576,0.992607948501132,0.9464385350427926,0.898323037167304,0.8293304848213363,0.9339392069857391,0.9974086904339762,0.9646310565062914,0.9316785698161644,0.6664494774427272,0.7998436033781671,0.9373877341544778,0.697498704345217,0.8482412060301506,0.11933919270833333,0.088798828125,2.0,1.0,0.7364746945898778,0.6664494774427272,0.9373877341544778,0.697498704345217,0.7998436033781671,0.6664494774427272,0.6728286532375546,0.9535906741449467,0.7151468863369793,0.8173333154409165,0.6910935482600755,0.6787471818864997,0.9660178159023425,0.7289762963367066,0.8309221660971156,0.7107500818171705,0.6848746355685131,0.9764287547197478,0.7416055208532227,0.8429691601798852,0.7285623953730938,0.6955322430008036,0.9910187323582242,0.7603993344425957,0.8605255350389602,0.7551951022161631,0.7073103010590616,0.9997067341178195,0.778593055290363,0.8754032645645009,0.7784152638727888,0.00033203125,0.0,0.99966796875,0.6773496023185483,6.4632110595703125,0.20028454810380936,2.1678370237350473,4.800474519729617,1.0,0.09071693569421768,LAB00295,1.0,0.8200180342651037,0.016978922716627636,0.02176460304057196,0.0020335536349771225
LAB00298,0.5287617554858934,0.6917516788845031,0.9381256952169077,0.5478684531059683,0.7934621099554235,0.040087890625,0.023411458333333333,3.0,2.0,0.6576354679802956,0.5287617554858934,0.9381256952169077,0.5478684531059683,0.6917516788845031,0.5287617554858934,0.5541885933722088,0.978448275862069,0.5947218838814454,0.7397859644071993,0.5870319989407247,0.5760437699472416,0.9956896551724138,0.6328867235079172,0.7738768310067564,0.6311574975311642,0.5958863393175603,0.9995828698553949,0.6692651238327243,0.8017338375994278,0.6690782588680108,0.6291768541157294,1.0,0.7320341047503045,0.8452883263009845,0.7320341047503045,0.6653555089999572,1.0,0.8010556232237109,0.8895401262398558,0.8010556232237109,0.517094678217822,0.6816907153418652,0.9160043847629488,0.5428339423467317,0.7880597014925372,0.040087890625,0.023756510416666668,1.0,2.0,0.6502463054187192,0.5170946782178217,0.9160043847629488,0.5428339423467317,0.6816907153418652,0.517094678217822,0.5405823603882403,0.9639627295149356,0.5833536337799432,0.7268470423120631,0.5709031565476839,0.5602942125298407,0.989997259523157,0.6160779537149818,0.7595104896747221,0.6122667570768618,0.5773584905660377,0.9983557138942176,0.646285018270402,0.7846362165009317,0.6455978260615443,0.6074756888168558,1.0,0.7019894437677628,0.8249045801526718,0.701989443767763,0.6427567406397751,1.0,0.76743808363784,0.8684186345676743,0.7674380836378399,0.0,0.0,1.0,0.3042075608609836,4.422518730163574,0.09733690693974495,0.9425676047801973,2.276243536472321,0.9999967447916667,0.06223447248339653,LAB00298,1.0,0.032149200710479574,0.2822185970636215,1.6991083079599827e-05,0.01780104712041885
LAB00303,0.719216488595893,0.8366793750137735,0.7415234375,0.9598523537442484,0.8829315636230097,0.06437825520833333,0.08333333333333333,3.0,1.0,0.9816272965879265,0.719216488595893,0.7415234375,0.9598523537442484,0.8366793750137735,0.719216488595893,0.7327306528633398,0.7725390625,0.9706730039945392,0.8603460553229818,0.7549186832910114,0.743947433149443,0.7975,0.9781564443545533,0.8786381699600829,0.7835456374761802,0.7558371346511235,0.82125,0.9839207159832128,0.8952559232727193,0.8103740423979878,0.7742756583495695,0.8543359375,0.9917581028467412,0.9179322071909723,0.8483130292678221,0.7957605270696075,0.8882421875,0.9982808312686454,0.9400522977812896,0.8868855471015668,0.7518450184501845,0.8583464981569248,0.8149629562292623,0.906608686858472,0.9500104799832321,0.06437825520833333,0.07161783854166667,1.0,1.0,0.9711286089238845,0.7518450184501845,0.8149629562292623,0.906608686858472,0.8583464981569248,0.7518450184501845,0.7652855993563958,0.8427798736421072,0.9263791272690499,0.8826043147307843,0.7898762509702525,0.7765747650902904,0.8645516112903959,0.941801082065025,0.9015245428088117,0.8207052209559766,0.7880676758682101,0.885141584473433,0.9543409010466704,0.9184396415075534,0.849180199973063,0.804862971357923,0.9123221671742193,0.9712797694291349,0.9408782683415366,0.8883570605885208,0.8242751934371213,0.940184537066497,0.9867522880113263,0.9629057175403425,0.9284649754857741,0.0,0.0,1.0,0.44740404397940436,4.233990669250488,0.1439608410000801,1.5758112668991093,2.892739901542664,1.0,0.07327602058649063,LAB00303,0.0,0.5701136978884678,0.0019651191353475803,0.009013523814901607,0.0
LAB00307,0.6598098195226083,0.7950426750847657,0.875724404378622,0.727973450380045,0.8963918975590615,0.030406901041666667,0.025276692708333333,7.0,2.0,0.8737113402061856,0.6598098195226082,0.875724404378622,0.727973450380045,0.7950426750847657,0.6598098195226083,0.7038445289395859,0.9299420476497102,0.8106198479820148,0.8661909503934009,0.7639654584640558,0.7386261598323856,0.9536381197681906,0.8709988223958891,0.9104470704454596,0.8356152746224935,0.7667727393264386,0.9622665808113329,0.9194947007815009,0.9403945446748786,0.8874950010391697,0.7980810928013877,0.9676754668383774,0.9690611283588481,0.9683678019045017,0.9386754346095543,0.8287196477614542,0.9719253058596266,0.9930414302537202,0.9823699079402164,0.9653506864678135,0.5613566696331452,0.7190626979100695,0.8802915180648162,0.607750776148164,0.8579320370706887,0.030406901041666667,0.020992838541666666,1.0,2.0,0.7628865979381443,0.5613566696331455,0.8802915180648162,0.607750776148164,0.7190626979100695,0.5613566696331452,0.6033689328818269,0.9440223290432626,0.6769082539342682,0.7884563511088916,0.6507865827455275,0.6374409418325458,0.9773608311366103,0.7317203725511188,0.8368880658602333,0.7195249582570853,0.6661596958174905,0.9908512947743836,0.7761481640081361,0.8704557428377524,0.7706256194198154,0.709209323583181,0.9967436811908823,0.8427363237340756,0.9132929994813848,0.8404224865078893,0.7554726024240749,1.0,0.9141419548228241,0.955145413870246,0.9141419548228239,0.0012955729166666667,0.0,0.9987044270833333,0.4570735896248516,8.849485397338867,0.2826404869556427,0.8339386343956003,3.725749878883363,1.0,0.07490748912096024,LAB00307,1.0,0.3403384279475983,0.25647668393782386,0.001316112788509763,0.02184252245904527
LAB00310,0.7393156747473413,0.8501224768813018,0.8687131325675256,0.8323108384458078,0.8222408616267338,0.087548828125,0.08388020833333333,13.0,1.0,0.8254887762490949,0.7393156747473413,0.8687131325675256,0.8323108384458078,0.8501224768813018,0.7393156747473413,0.7657777502784309,0.8964219186588016,0.8851831195389478,0.8907670705558621,0.8030478062008545,0.7895367178828065,0.9166407947842286,0.9258598252463283,0.9212272461091561,0.8539585772689722,0.810541428531986,0.9329788885439304,0.9543781372002231,0.9435571982938578,0.8931455605263479,0.837956314715441,0.9524992238435268,0.9804796430563302,0.9662869211843443,0.9347728504039412,0.8598887431595134,0.9713986339646072,0.9937534857780257,0.9824489095620403,0.9655032742770575,0.5041554236373448,0.6703501722158438,0.9396499698249849,0.5210262130507529,0.7173489278752437,0.087548828125,0.048544921875,2.0,1.0,0.5662563359884142,0.5041554236373449,0.9396499698249849,0.5210262130507529,0.6703501722158438,0.5041554236373448,0.52205458552297,0.9575538121102394,0.5598810187767242,0.7066085382321806,0.5463222536403493,0.5386219285301854,0.9715684302286596,0.5968767428890128,0.7394668427917895,0.5866302195727541,0.5534212596043318,0.9831019915509958,0.6346160996467745,0.7713239467713867,0.627768356634416,0.5814239623776454,0.9951719975859988,0.7052983825989961,0.8255282873305417,0.7028932910220523,0.6175550869027707,0.9995306108764166,0.7914482245770589,0.8834015363316815,0.7911541750017065,0.005348307291666667,0.0,0.9946516927083333,0.6925321790011852,7.986783981323242,0.2855452448129654,1.9773832440376307,5.185926899909975,1.0,0.09386467933654785,LAB00310,1.0,0.6532370749883558,0.051111111111111114,0.009051377033338703,0.003068579176478984
LAB00315,0.7729227354695519,0.8719192551443549,0.8606069966792802,0.8835328629192103,0.8838232096787171,0.08211588541666667,0.08430338541666667,11.0,1.0,0.8939808481532148,0.7729227354695519,0.8606069966792802,0.8835328629192103,0.8719192551443549,0.7729227354695519,0.7861326218520206,0.8936597420650243,0.9150479663838896,0.9042273948365258,0.8251962045552577,0.7986482334869431,0.9179087188199861,0.9381194006184096,0.9279040205300069,0.8655046174025671,0.811113042470595,0.936829098772106,0.9557599302307144,0.9461998356318241,0.8978930423674156,0.8311532021766429,0.9575256776585065,0.9783556647902957,0.9678286064107173,0.9376626909269214,0.8535819750273211,0.9737431461888949,0.9927059383176088,0.9831331115907063,0.9668257692298764,0.5247287749507742,0.688291299503697,0.952684704892752,0.5387695235074923,0.7849092334928127,0.08211588541666667,0.046438802083333335,2.0,1.0,0.6504787961696307,0.5247287749507741,0.952684704892752,0.5387695235074923,0.688291299503697,0.5247287749507742,0.5361212603552437,0.9723818870040656,0.5720288591136129,0.7203142076600068,0.5628836484484702,0.5468074238038482,0.985630169634095,0.6015618805993815,0.7471276564589083,0.5963318292646183,0.5561097256857855,0.9939716809196691,0.6307777689685246,0.7717808297784596,0.6283738672139838,0.5751570252674448,0.9992990326650778,0.6834615079679696,0.8117404791525148,0.6831339996952592,0.6010952404986625,1.0,0.7456195988266074,0.8542750085159532,0.7456195988266074,0.006845703125,0.0,0.993154296875,0.6887201892708981,7.787487030029297,0.2710716426372528,1.9615661621093752,5.53088137626648,1.0,0.09318775683641434,LAB00315,1.0,0.7519553072625699,0.09185185185185185,0.010654143811389304,0.0038260613641380326
LAB00316,0.7507523088097956,0.8576339497392129,0.8513767945398918,0.8639837592548364,0.8362037697771211,0.10903645833333334,0.11065104166666667,17.0,3.0,0.8514908256880734,0.7507523088097956,0.8513767945398918,0.8639837592548364,0.8576339497392129,0.7507523088097956,0.7704049235578567,0.8819133913862085,0.9030630523047528,0.8923629237894334,0.8056455882123174,0.7862590111494866,0.9063014827018122,0.9305588727012181,0.9182700073957397,0.8488902162960358,0.7997842645181173,0.9271299129206872,0.9501134463816575,0.9384809832391344,0.8840924829616607,0.8183505113051897,0.9572252294657566,0.9685932648674469,0.9628756946201716,0.9284091498246543,0.8415955351280368,0.9829077429983526,0.9812514927155481,0.9820789195518055,0.9647888607625577,0.46000704721634955,0.6301435984071437,0.9654874892148404,0.46769763553857174,0.7148120854826824,0.10903645833333334,0.052819010416666666,3.0,3.0,0.5561926605504587,0.46000704721634955,0.9654874892148404,0.46769763553857174,0.6301435984071437,0.46000704721634955,0.4711807188909488,0.9785529397263651,0.5003283974205875,0.662119146177104,0.49490142884184884,0.48171434559362886,0.9882903981264637,0.5314664437544782,0.6912200278551096,0.5281407437205091,0.49069842132569114,0.994823123382226,0.5638882254597564,0.7197856692415795,0.5622384095756577,0.5069186033556897,0.9997534820658203,0.6245820396465249,0.7688412407728726,0.6244858634279795,0.5281472286260369,1.0,0.7036959636971579,0.8260816233550039,0.703695963697158,0.006175130208333333,0.0,0.9938248697916666,0.7730714595269577,7.671230316162109,0.2761342078447342,2.5818922996521003,5.518028497695928,1.0,0.09988028556108475,LAB00316,1.0,0.7451486259113853,0.0375,0.01652242040828281,0.0007659900421294523
LAB00320,0.5899223438051534,0.742076927346395,0.9048456957227937,0.6289396932919371,0.7927730157787143,0.034599609375,0.024049479166666665,1.0,3.0,0.6628982528263104,0.5899223438051535,0.9048456957227937,0.6289396932919371,0.742076927346395,0.5899223438051534,0.6107495597580583,0.9638603140227395,0.6793677674287327,0.7969869028435584,0.6624922910044737,0.6267334099979707,0.989306984298863,0.7127669583215731,0.828571911463939,0.7073177769703382,0.6402417135335646,0.9975636166756903,0.7402389688587826,0.8498496539547271,0.7389030980835568,0.6591076064064261,0.9994585814834868,0.7771192021827077,0.8743759632683146,0.7767921923621282,0.6765561144294248,1.0,0.8053438705428545,0.8921778102037626,0.8053438705428545,0.5455020920502092,0.7059221658206429,0.8812843261512463,0.5887665819926616,0.7727027651544326,0.034599609375,0.023115234375,1.0,3.0,0.6330935251798561,0.5455020920502092,0.8812843261512463,0.5887665819926616,0.7059221658206429,0.5455020920502092,0.5663454973067293,0.9476130122517955,0.6339260513688965,0.7596607493302348,0.6124620735174098,0.582834867934673,0.9839459231094212,0.6663844199830652,0.7946121041891647,0.6592169267260216,0.5962225929456625,0.9973243205182368,0.6957380750776179,0.8196703261385108,0.6944418532298108,0.6167278063096111,1.0,0.7413679555931885,0.8514776595169917,0.7413679555931885,0.6388517499016909,1.0,0.786339260513689,0.8803918470532469,0.786339260513689,0.00047200520833333334,0.0,0.9995279947916667,0.4585854102422309,7.629755973815918,0.22380194813013077,1.0697939276695263,3.502572286128999,1.0,0.07506558299064636,LAB00320,1.0,0.12079615648592999,0.29655990510083036,0.0003719634258507818,0.016139341642697348
LAB00322,0.5435537381374893,0.7042887133859842,0.758179078777443,0.6575508680231473,0.7832512315270936,0.03487630208333333,0.030247395833333333,9.0,2.0,0.7388475836431226,0.5435537381374894,0.758179078777443,0.6575508680231473,0.7042887133859842,0.5435537381374893,0.571466827341501,0.8298536375376668,0.7093522493933172,0.7648860356534813,0.6192837727797627,0.5957900978357545,0.8722557038312527,0.7489266380436812,0.8059001321581881,0.6749017849024246,0.6193616460036929,0.9014205768402928,0.7815941758446892,0.8372417077401652,0.7200479354251482,0.6611610288935871,0.9327378390012915,0.8272353929438119,0.8768244184112257,0.7806654923631126,0.6992790562190504,0.949634093844167,0.8765167071121897,0.9116116242556139,0.8375793462808087,0.4380461013564118,0.6092240032405533,0.8015836759555353,0.49131976852716075,0.6694916079760757,0.03487630208333333,0.021376953125,3.0,2.0,0.5278810408921933,0.43804610135641175,0.8015836759555353,0.49131976852716075,0.6092240032405533,0.4380461013564118,0.45463042853034225,0.8763514542409014,0.5315475079335449,0.6617270757217466,0.49446347132713897,0.4709243270695785,0.9209684787574235,0.5648683964905731,0.7002464355008539,0.5387532334028955,0.48505488319729806,0.946246383432313,0.5939891730446145,0.7298365557500183,0.574600504410658,0.5144004107734678,0.9677173747525506,0.6371103229419451,0.7683600302149041,0.6238511651655575,0.5514618310346152,0.9835541343079032,0.6788314355049468,0.803264269148131,0.6712127401563799,0.003955078125,0.0,0.996044921875,0.512232478004759,8.838497161865234,0.22325313091278076,1.0564499616622938,4.924873461723339,1.0,0.07959693670272827,LAB00322,1.0,0.3385321100917431,0.10897927858787414,0.003679073659390954,0.0121580547112462
LAB00327,0.6880459770114941,0.8151981478959552,0.8073914216347451,0.8231573157315731,0.9286935294947553,0.023671875,0.024134114583333335,1.0,2.0,0.8736111111111111,0.6880459770114943,0.8073914216347451,0.8231573157315731,0.8151981478959552,0.6880459770114941,0.7213292574696776,0.9157000269759914,0.8562981298129813,0.885003426854713,0.7937274859582862,0.7462196491834442,0.9753169678985703,0.8755500550055005,0.9227446535316549,0.8565700384377433,0.7704967997561719,0.9951443215538172,0.8906765676567657,0.9400168740475745,0.8868224889928716,0.8027265437048917,0.9997302400863232,0.9071782178217822,0.9512082174085764,0.9069562073210267,0.8309027947129688,1.0,0.9247799779977998,0.9609201971851111,0.9247799779977999,0.6680690876882197,0.8010088941988583,0.7741852707210675,0.8297579757975797,0.9310080591887965,0.023671875,0.02537109375,1.0,2.0,0.8777777777777778,0.6680690876882197,0.7741852707210675,0.8297579757975797,0.8010088941988583,0.6680690876882197,0.7015866947046454,0.8869643315370798,0.8564356435643564,0.871432693526786,0.7721583715286094,0.7273033235170383,0.9585578650243777,0.8729372937293729,0.9137462412368741,0.8411904068137088,0.75290784372204,0.991660251475494,0.886963696369637,0.9363945809382997,0.8803965870767898,0.7900881726968684,0.9997433923530922,0.9051155115511551,0.9500790322421093,0.9049052847006246,0.820943824566488,1.0,0.9234048404840484,0.9601773074998213,0.9234048404840486,7.8125e-05,0.0,0.999921875,0.3699481220402837,8.239964485168457,0.14399708807468414,0.8961229383945473,3.3791989016532904,1.0,0.06760987639427185,LAB00327,1.0,0.04119547657512116,0.21477272727272728,0.00015427544203267955,0.016407026847862115
LAB00332,0.640799841091174,0.7810822807796296,0.8219108280254777,0.7441180993387667,0.9052022650425714,0.04233723958333333,0.038330078125,4.0,2.0,0.875995449374289,0.6407998410911739,0.8219108280254777,0.7441180993387667,0.7810822807796296,0.640799841091174,0.6677820267686424,0.8816985138004246,0.7890973396893741,0.8328317911428644,0.7135490710103853,0.6906890536415177,0.9221231422505308,0.8226972166692296,0.8695773621365488,0.7692497770392218,0.714229072706547,0.9454777070063695,0.8556051053359988,0.8982991204540447,0.8153747874144035,0.749251591685289,0.960339702760085,0.9026603106258649,0.9306071155890917,0.8702200371397938,0.7817659223947562,0.9708704883227176,0.9497155159157312,0.9601764926641538,0.923403333248584,0.5224575128135959,0.6863344407530454,0.8095934789424182,0.5956481623865908,0.8094491597914928,0.04233723958333333,0.031149088541666668,2.0,2.0,0.7064846416382252,0.5224575128135959,0.8095934789424182,0.5956481623865908,0.6863344407530454,0.5224575128135959,0.5461295034079844,0.8796112446441634,0.6294018145471321,0.7337629188865954,0.5794830445507063,0.5667573419197246,0.9292507054028634,0.6569275718898969,0.7697122301021229,0.625635927573282,0.5903602283635628,0.9607064479046923,0.6849915423650623,0.799752804464964,0.666323410244218,0.6245115300382188,0.9816072734873027,0.7311240965708135,0.838049379560779,0.7212435406626778,0.6590026022172316,0.988191033545825,0.7770259880055359,0.8699781441086846,0.7698772723492867,0.00251953125,0.0,0.99748046875,0.4888691651760746,7.382904052734375,0.2424323484301567,1.0506686449050906,3.827141976356509,1.0,0.0778631940484047,LAB00332,1.0,0.37706788362806615,0.11964873765093303,0.0016862079816124663,0.006712275719633407
LAB00339,0.4931106471816284,0.6605145413870246,0.6961904060128214,0.6283168185143313,0.7936619186003769,0.09789713541666667,0.08835286458333333,5.0,17.0,0.6954513969060263,0.4931106471816284,0.6961904060128214,0.6283168185143313,0.6605145413870246,0.4931106471816284,0.540280969518276,0.8472478078255102,0.6673871117909157,0.7466383616443328,0.5957086436951079,0.5724040411557855,0.9330189374401296,0.6954179690097759,0.7968845853988681,0.662350906428257,0.5986065415134507,0.9622356495468278,0.7170313227372481,0.82173128152583,0.6974056670111317,0.6315972894482091,0.9723675484488984,0.7438983839861675,0.8429260690450653,0.7284980211674091,0.660259101848533,0.9772308599218923,0.7697679058322804,0.8611808632068656,0.7562051210624312,0.3016262224852738,0.4634605807331702,0.6643491216090385,0.35585555629447363,0.6514193681038299,0.09789713541666667,0.052438151041666665,5.0,17.0,0.4906488108981759,0.3016262224852738,0.6643491216090385,0.35585555629447363,0.4634605807331702,0.3016262224852738,0.34724870924229034,0.8500217269849153,0.37354525503757396,0.5190097272308107,0.3504477624018114,0.3797103752408574,0.9546216400769756,0.3829553767373811,0.5466264524909576,0.37610871164390497,0.4079145814766573,0.991309206033894,0.3914012103478087,0.5612160268321614,0.390062745553459,0.4472497377134059,0.9998758458004842,0.4062312961361974,0.577738137728765,0.4062108062197244,0.48403844503561316,1.0,0.430804016758662,0.6021845224262142,0.43080401675866187,2.604166666666667e-05,0.0,0.9999739583333334,0.4927178264688094,5.894375801086426,0.11982784420251846,1.4733330845832828,4.103378338813787,1.0,0.07789849489927292,LAB00339,1.0,0.4249948379103861,0.09820602922137969,0.012402518778591118,0.00364417865819473
LAB00359,0.7423058523361507,0.8520959179937764,0.7717175066312998,0.9511646914589293,0.9446713519546732,0.031861979166666665,0.03927083333333333,3.0,3.0,0.9974193548387097,0.7423058523361505,0.7717175066312998,0.9511646914589293,0.8520959179937764,0.7423058523361507,0.7694833000285469,0.8492208222811671,0.9810993052717614,0.9104090002837754,0.8355511384738715,0.7903424169849181,0.9022712201591512,0.9940743767879036,0.9459506772577081,0.8974444144574312,0.811259242009664,0.9410643236074271,0.9985696771557009,0.9689645545888497,0.9397975199605787,0.8361221908745987,0.9709880636604774,1.0,0.9852805113970897,0.9709880636604774,0.8570290403537426,0.9786969496021221,1.0,0.989233798332705,0.978696949602122,0.7416898056326854,0.8516898970574838,0.7684530659214204,0.9551491622394769,0.9805283593389613,0.031861979166666665,0.039602864583333335,1.0,3.0,0.9961290322580645,0.7416898056326855,0.7684530659214204,0.9551491622394769,0.8516898970574838,0.7416898056326854,0.7761665470208183,0.8491698175242479,0.9809971393543114,0.9103357031842486,0.835427668727385,0.8030730842471601,0.9095018905145488,0.9931548835308541,0.9494894260140622,0.9038361436110323,0.8306043465317059,0.9594772316291303,0.9985696771557009,0.9786332136657018,0.9581604050177039,0.8648553459119497,0.9950682229163241,1.0,0.9975280158206987,0.9950682229163241,0.8946645008121954,0.9998356074305441,1.0,0.9999177969584875,0.9998356074305443,8.138020833333333e-05,0.0,0.9999186197916666,0.34612775904195586,7.599721908569336,0.11655417457222939,0.8952865183353446,3.0827385473251367,1.0,0.06627574563026428,LAB00359,1.0,0.13895216400911162,0.16400425985090522,0.0013544018058690745,0.010696331158412665
LAB00360,0.708862044462491,0.8296305096827848,0.9261273209549071,0.7513449537335916,0.927674533263494,0.03025390625,0.024544270833333333,3.0,2.0,0.8727876106194691,0.7088620444624911,0.9261273209549071,0.7513449537335916,0.8296305096827848,0.708862044462491,0.7377192217084024,0.9805039787798409,0.8308586184635248,0.8994998377981347,0.8173554795288971,0.7614587332053743,0.9962864721485412,0.8837959974176889,0.9366759284441617,0.8808941257895468,0.7813934647583041,0.9988063660477453,0.9262965353991822,0.9611858937091525,0.9252722771941637,0.8120110192837465,0.9988063660477453,0.9640628362384334,0.9811271143115153,0.9629534047797695,0.8393919365499009,0.9996021220159151,0.9855820959758984,0.9925426019707196,0.9851956061985987,0.6828634273145372,0.8115494296577948,0.9060758821968692,0.7348827200344308,0.9180758811931973,0.03025390625,0.024537760416666665,1.0,2.0,0.8561946902654868,0.6828634273145371,0.9060758821968692,0.7348827200344308,0.8115494296577948,0.6828634273145372,0.7131997235659986,0.9721411514990713,0.8018076178179471,0.8787967210195899,0.7837978513751247,0.73752098916196,0.9962854868665428,0.8475360447600603,0.9159106198806662,0.8448663336041952,0.7583209809998652,0.9997346776333245,0.8847643641058748,0.938742442144741,0.8845566612895421,0.7887914391306746,1.0,0.9297396169571767,0.9635907443546139,0.9297396169571767,0.8180412598842602,1.0,0.96621476221218,0.9828171172157163,0.9662147622121798,1.6276041666666666e-05,0.0,0.9999837239583333,0.40169503202795265,6.001703262329102,0.2328905463218689,0.832515585422516,3.1318771028518695,1.0,0.07033761590719223,LAB00360,1.0,0.14407467532467533,0.2867231638418079,0.00017496753006413234,0.02957540263543192
LAB00361,0.5853530031612222,0.7384513127284811,0.8889422307569211,0.6315370623010459,0.8216862663653545,0.0286328125,0.020341796875,3.0,1.0,0.7090336134453782,0.5853530031612223,0.8889422307569211,0.6315370623010459,0.7384513127284811,0.5853530031612222,0.608723078309453,0.9574331893102896,0.6934970441109596,0.8043672267657783,0.6727544148776897,0.6281220360417326,0.9867178748599776,0.7391996361982719,0.8452101441158747,0.7319168416739931,0.6467074187274243,0.9961593855016803,0.7803547066848567,0.8751494497043449,0.7780139765894422,0.6760467491206172,0.9998399743959033,0.8400409276944065,0.9130009433580824,0.8399279997340842,0.7079954180985109,1.0,0.8876762164620282,0.9404962659600097,0.8876762164620282,0.5615907901622188,0.7192547416393004,0.8760816326530613,0.610050022737608,0.7898701064405557,0.0286328125,0.019938151041666668,2.0,1.0,0.6649159663865546,0.5615907901622187,0.8760816326530613,0.610050022737608,0.7192547416393004,0.5615907901622188,0.5813640039536346,0.9459591836734694,0.6617780809458845,0.7787529305950107,0.6376702553517131,0.5976139685549499,0.9815510204081632,0.7016825829922693,0.8183501730803441,0.692548802900122,0.612088752869166,0.9960816326530613,0.7382901318781264,0.848027228039648,0.7361521458502277,0.6354634951345814,1.0,0.7932014552069122,0.8846763456539656,0.7932014552069122,0.6631414382931764,1.0,0.8422010004547522,0.914342137743767,0.8422010004547523,2.2786458333333334e-05,0.0,0.9999772135416667,0.3597451269289256,5.986139297485352,0.16334597766399384,0.8525439083576224,2.8384267044067384,1.0,0.06673169136047363,LAB00361,1.0,0.10058309037900874,0.24242424242424243,0.0003998051369920543,0.029071934401789044
LAB00365,0.6284578939324469,0.7718442045987799,0.935395814376706,0.6569739575011982,0.9035027482231924,0.020374348958333333,0.014309895833333334,4.0,3.0,0.849112426035503,0.6284578939324469,0.935395814376706,0.6569739575011982,0.7718442045987799,0.6284578939324469,0.6735264227642277,0.978161965423112,0.7601853331203068,0.8555072742412754,0.7474990928178502,0.7070619006102877,0.986351228389445,0.8216967566703947,0.896526654162492,0.8124588215423102,0.7425355780857594,0.991810737033667,0.8764978431059275,0.9305957067481393,0.870200084870026,0.7906131938390003,0.9977252047315741,0.9394471960377057,0.9677095808602304,0.937439273791424,0.8262186570931733,1.0,0.9761942802364595,0.9879537553561323,0.9761942802364596,0.5957256015543266,0.746651681183853,0.9022181982797646,0.6368429461575331,0.8799608128783132,0.020374348958333333,0.014381510416666667,2.0,3.0,0.8136094674556213,0.5957256015543267,0.9022181982797646,0.6368429461575331,0.746651681183853,0.5957256015543266,0.6328876671248281,0.9735174287007696,0.7090589551046493,0.8205050985079795,0.695641072691428,0.660316435259929,0.988909008601177,0.7478830484102892,0.8516716563359576,0.74166213960937,0.6891530734494516,0.9938886373924853,0.7804761143952708,0.8743482320330546,0.7767484198174596,0.7264846120502817,0.9988682661837935,0.8208979070139,0.9011804716119431,0.8201351071125886,0.7572706935123042,1.0,0.8531714331362837,0.9207690318130872,0.8531714331362835,2.604166666666667e-05,0.0,0.9999739583333334,0.24683679133543288,6.714959144592285,0.07060879468917847,0.7223076403141044,2.2965112590789794,1.0,0.05650138854980469,LAB00365,1.0,0.13770347558293006,0.3912037037037037,6.988143449946591e-05,0.046914199698946314
LAB00372,0.8195590847351374,0.9008326155612977,0.9443775583915242,0.8611263585464924,0.9657537317224553,0.029651692708333333,0.027037760416666667,1.0,1.0,0.9349930843706777,0.8195590847351374,0.9443775583915242,0.8611263585464924,0.9008326155612977,0.8195590847351374,0.8440032783899463,0.9880809053696124,0.9254583379075639,0.9557449272223862,0.9152408756609632,0.8626293661060802,0.9980736816758969,0.9559776045669118,0.9765722057627123,0.9542170060863994,0.8778877887788779,0.9998796051047436,0.9747502470084531,0.9871550265600786,0.974635854890416,0.901860355586954,1.0,0.9938522340542321,0.996916639136659,0.993852234054232,0.9188654353562006,1.0,1.0,1.0,1.0,0.8189585028478439,0.9004696935808545,0.9176068376068376,0.8839609177736305,0.9671428571428572,0.029651692708333333,0.028564453125,1.0,1.0,0.9363762102351314,0.8189585028478438,0.9176068376068376,0.8839609177736305,0.9004696935808545,0.8189585028478439,0.842508462497773,0.9778917378917379,0.9332528268745197,0.9550509632706088,0.9139689398248968,0.8600222186954452,0.996011396011396,0.958173235261829,0.9767259924177114,0.9545107030769234,0.8774225491582968,0.9997720797720798,0.9761774069601493,0.9878338722080106,0.9759602155062637,0.9013526119402985,1.0,0.994730486332199,0.9973582828838745,0.994730486332199,0.9179191834059091,1.0,1.0,1.0,1.0,0.0,0.0,1.0,0.4158559248539071,4.693264961242676,0.08082824572920799,1.2765393972396852,3.9178145790100105,1.0,0.07074133306741714,LAB00372,1.0,0.03595080416272469,0.3748271092669433,3.3628366199456566e-05,0.030551415797317436
LAB00373,0.6936078672403196,0.8190890945381963,0.8750323080899457,0.769869243888573,0.9359579584929189,0.028629557291666666,0.025188802083333333,6.0,2.0,0.9135802469135802,0.6936078672403196,0.8750323080899457,0.769869243888573,0.8190890945381963,0.6936078672403196,0.7258503999296827,0.9464978030498837,0.8440022740193291,0.8923164074206528,0.8055697614359428,0.7498072474942175,0.9775135693977772,0.8908470722001137,0.9321702480192896,0.8729577409603106,0.7736169634361832,0.985913672783665,0.9213189312109152,0.9525224446906063,0.9093487873439536,0.8110152990264256,0.9914706642543293,0.9565662308129619,0.973705743119025,0.9487588346038568,0.846945625419557,0.9966399586456449,0.9819215463331439,0.9892260077517515,0.9786816987162797,0.5985981797259128,0.7489038675479354,0.8822078322540857,0.6505969300739056,0.8870373555155279,0.028629557291666666,0.02111328125,2.0,2.0,0.8012345679012346,0.5985981797259128,0.8822078322540857,0.6505969300739056,0.7489038675479354,0.5985981797259128,0.6287953869717993,0.9555966697502313,0.7105173393973849,0.8150318640862948,0.6878090974639078,0.6513783269961977,0.9892075238976257,0.7476975554292211,0.8516620237153052,0.7416475299987484,0.6700167504187605,0.9976873265494912,0.7745309835133599,0.8720593189715856,0.7731428909687648,0.7007614501647914,1.0,0.8144400227401933,0.8977315453064294,0.8144400227401933,0.7418153748353994,1.0,0.8591245025582718,0.9242248180539416,0.8591245025582717,0.000830078125,0.0,0.999169921875,0.47215125558384896,8.1502685546875,0.27896590530872345,1.0063184499740654,3.6117031860351565,1.0,0.07612339407205582,LAB00373,1.0,0.3826879271070615,0.20680628272251309,0.0012128705386690677,0.022195036700454387
LAB00374,0.7961322081575247,0.88649622176109,0.9616070670177524,0.8222690296339338,0.9463132933215284,0.04481770833333333,0.03832356770833333,1.0,1.0,0.9202453987730062,0.7961322081575246,0.9616070670177524,0.8222690296339338,0.88649622176109,0.7961322081575247,0.8085459183673469,0.9833517370253971,0.8780505520046484,0.9277226536127278,0.8651890825992177,0.8204048204048204,0.9883632039412215,0.9133497966298664,0.9493770416935351,0.903632491739823,0.8302289587447297,0.9902318865200034,0.9357205113306217,0.9622047650029701,0.9271624426043197,0.8490479677773709,0.9942240720292194,0.962521789657176,0.9781161180584423,0.9571695330002099,0.8695901953274607,0.9981313174212181,0.982931435212086,0.9904730650847478,0.9811259420907833,0.7980458315759875,0.8876813010672817,0.9612225891118449,0.8245932597327136,0.9571337172104927,0.04481770833333333,0.038447265625,1.0,1.0,0.9177914110429448,0.7980458315759876,0.9612225891118449,0.8245932597327136,0.8876813010672817,0.7980458315759875,0.8109144354271839,0.9900093133519601,0.8748547356188263,0.9288766508965746,0.8671985833135678,0.8225768598920441,0.9978833290999916,0.9070307960488089,0.9502905127407768,0.9052890578534943,0.8328422180551835,0.9997459994919989,0.9299099360836722,0.9635642513753767,0.9296902896817784,0.848899710571048,1.0,0.9598343986054619,0.9795056146462588,0.9598343986054622,0.8659631619339985,1.0,0.9816240557815223,0.9907268262287872,0.9816240557815223,6.510416666666667e-06,0.0,0.9999934895833333,0.39951135555536893,6.440999507904053,0.2213703617453575,0.8776297152042416,3.0431404113769536,1.0,0.07016249001026154,LAB00374,0.0,0.07743271221532091,0.37336244541484714,0.0005631899076368552,0.019290055491940458
LAB00377,0.7753384241582785,0.8734542255242193,0.932477562095596,0.8214581226441114,0.9356499356499356,0.03540690104166667,0.03119140625,2.0,1.0,0.879081015719468,0.7753384241582784,0.932477562095596,0.8214581226441114,0.8734542255242193,0.7753384241582785,0.8018038852913969,0.9806929659778751,0.8801140020226166,0.9276852740611505,0.8651240644381987,0.8235253248106719,0.9961385931955751,0.9205663326284821,0.9568626231118922,0.917293008871381,0.8449568803899512,0.9998956376539344,0.9507217063528547,0.9746888488671365,0.9506273756900093,0.870760386725895,1.0,0.9859336214029604,0.9929169945835841,0.9859336214029604,0.8889882854100106,1.0,0.99834513192976,0.9991718807508281,0.9983451319297599,0.7479911095913829,0.8558294209702659,0.9142200397032703,0.8044497563666452,0.9349645846748229,0.03540690104166667,0.031155598958333332,1.0,1.0,0.8778718258766627,0.7479911095913832,0.9142200397032703,0.8044497563666452,0.8558294209702659,0.7479911095913829,0.775087559007157,0.9687597952147111,0.862462075940057,0.9125257809871683,0.8391240592494459,0.7968653330583626,0.991536934489604,0.9026385952008826,0.9450016554524184,0.8957375718515148,0.8183620369223145,0.999477588548741,0.9358278937206951,0.966606063054999,0.9353703640961496,0.8495115360631885,1.0,0.9778431552817872,0.9887974712964254,0.9778431552817871,0.8740875912408759,1.0,0.9985290061597867,0.9992639617260097,0.9985290061597867,0.00010416666666666667,0.0,0.9998958333333333,0.4324818093156985,7.77742338180542,0.23690669238567352,0.9263446331024174,3.331781497001649,1.0,0.0728171318769455,LAB00377,1.0,0.15655853314527504,0.2740560292326431,0.00017258766438129014,0.016914285714285715
LAB00380,0.743924392439244,0.8531612903225807,0.8794424345605448,0.8284053322642077,0.960536013400335,0.03247721354166667,0.030592447916666668,5.0,1.0,0.9317561419472248,0.7439243924392439,0.8794424345605448,0.8284053322642077,0.8531612903225807,0.743924392439244,0.7788803878494054,0.9620131942966589,0.8966623233436904,0.9281888933259616,0.8660004431249512,0.8035538653203068,0.988401787614386,0.9327453142227122,0.959767354707068,0.9226468319851615,0.8271646859083192,0.9967014258352841,0.9568006414753935,0.9763435417414126,0.9537804737756824,0.8561748339615868,0.9986167269631837,0.9766462864588553,0.9875093203862936,0.9753268254904393,0.8798833614390107,0.9986167269631837,0.9860679562994888,0.9923026699276903,0.9847229324865684,0.6809511134770652,0.8101974031457828,0.8557252759504962,0.7692693194346998,0.9293716512420849,0.03247721354166667,0.029195963541666668,2.0,1.0,0.8680618744313012,0.680951113477065,0.8557252759504962,0.7692693194346998,0.8101974031457828,0.6809511134770652,0.7121621621621622,0.9479317649682238,0.8233938057532324,0.8812847919692823,0.7877650948543143,0.7345248189941948,0.9874010480544096,0.8527613511075474,0.9151555886669095,0.8435823414920282,0.7561140920643886,0.9986620582004683,0.8721058434399118,0.9311032285882991,0.8710880727599012,0.7851035103510351,1.0,0.8896461862283251,0.941600806237734,0.8896461862283251,0.8111405835543767,1.0,0.9077879121980555,0.9516654407901649,0.9077879121980555,3.255208333333333e-05,0.0,0.9999674479166667,0.36228329451715885,6.227472305297852,0.16624855995178223,0.93942913413048,2.802758393287659,1.0,0.0668897032737732,LAB00380,1.0,0.341876629018245,0.2604327666151468,0.0005947372511649753,0.025667752442996742
LAB00382,0.7280777912832089,0.8426446945337621,0.8506796510448367,0.8347601035237906,0.975906675906676,0.016350911458333332,0.016044921875,1.0,1.0,0.9640151515151515,0.7280777912832089,0.8506796510448367,0.8347601035237906,0.8426446945337621,0.7280777912832089,0.7682460270747499,0.9541489145871374,0.8938881146725065,0.9230360224100082,0.8570723270387924,0.7973923047424262,0.9912761209170217,0.9263388413298825,0.9577079772180285,0.9188480351809845,0.8254921588254922,0.9989855954554676,0.9516225363328688,0.9747290505097624,0.9507038612518922,0.8598296664300923,1.0,0.9779016523989648,0.9888273779567187,0.9779016523989649,0.8860426474660759,1.0,0.9924347999203663,0.9962030375699441,0.9924347999203663,0.7215021601861084,0.8382239382239383,0.8135656735994005,0.8644236512044595,0.9736081557468161,0.016350911458333332,0.017373046875,1.0,1.0,0.9696969696969697,0.7215021601861084,0.8135656735994005,0.8644236512044595,0.8382239382239383,0.7215021601861084,0.7621752094278007,0.9289863219036912,0.9068285884929325,0.9177737366117806,0.8480423804708148,0.7915632754342432,0.9825744800449691,0.9325104519211627,0.9568880806683091,0.9173398011609105,0.8202930005425936,0.9981262881768784,0.9540115468843321,0.9755704613344405,0.9523060635338925,0.8564330543933054,1.0,0.9767071471232331,0.9882163359854971,0.9767071471232334,0.8842602093166427,1.0,0.9918375472825005,0.9959020489755123,0.9918375472825004,0.0,0.0,1.0,0.2265632756588093,5.323787212371826,0.10360035672783852,0.5098420441150674,2.027572555541992,1.0,0.05552353709936142,LAB00382,1.0,0.01908957415565345,0.26532663316582916,1.6601257711284207e-05,0.037309995393827726
LAB00384,0.7074422583404618,0.8286573146292585,0.849250359416718,0.8090393269418901,0.9465975327945184,0.016637369791666665,0.015849609375,1.0,2.0,0.9134438305709024,0.7074422583404619,0.849250359416718,0.8090393269418901,0.8286573146292585,0.7074422583404618,0.7498544819557625,0.9546108030396385,0.8651927215809039,0.9077049335912402,0.831007079960167,0.7813015349486236,0.989114807968782,0.897476032087654,0.9410698009202771,0.8886986146377979,0.8102205963862099,0.9967139042924625,0.9211504597926042,0.9574435902913104,0.9183614252190333,0.8468772178850248,0.9997946190182789,0.9571512424183134,0.9780083145008318,0.9569630833377537,0.8783539552342555,1.0,0.9870866757972999,0.9935013784954706,0.9870866757972999,0.70262246412667,0.8253414705027609,0.8173445894090561,0.8334963803560947,0.952217143395693,0.016637369791666665,0.016966145833333335,1.0,2.0,0.9226519337016574,0.70262246412667,0.8173445894090561,0.8334963803560947,0.8253414705027609,0.70262246412667,0.7461505862409945,0.9330391404451266,0.8796712972021131,0.9055696199123817,0.8274346512931077,0.7778052703204256,0.9842670759785112,0.9072588534533359,0.9441953768113083,0.8942898677216373,0.8079765268419908,0.9969301611665388,0.9278027783212679,0.9611251040040131,0.925159619996945,0.8474546569701218,1.0,0.9616513402465271,0.9804508278475962,0.9616513402465269,0.8797655980696312,1.0,0.9888475836431226,0.994392523364486,0.9888475836431226,0.0,0.0,1.0,0.22752565119644713,4.731879711151123,0.10011546313762665,0.5954596281051657,1.9560318541526798,1.0,0.05555053800344467,LAB00384,1.0,0.004700352526439483,0.24054621848739496,3.652822469507234e-05,0.03028169014084507
LAB00385,0.8009941089837996,0.8895021976898702,0.9110134003350083,0.8689834232075095,0.973050629148915,0.016298828125,0.015546875,1.0,2.0,0.953125,0.8009941089837997,0.9110134003350083,0.8689834232075095,0.8895021976898702,0.8009941089837996,0.8294117647058824,0.9845058626465661,0.9277012182943879,0.9552598118669856,0.9143515514360242,0.8509898341359016,0.9976968174204355,0.9528659876173358,0.9747662170309731,0.9507745776851966,0.8701208178438662,0.9995812395309883,0.9656480926702616,0.982321708317784,0.9652576028658449,0.8927482678983834,1.0,0.9842220890752946,0.9920483140412683,0.9842220890752945,0.9133299906883461,1.0,0.9960055921709606,0.9979987992795678,0.9960055921709607,0.788060755916637,0.881469774792572,0.8719953097518077,0.8911523866586778,0.9721271493861824,0.016298828125,0.01665690104166667,1.0,2.0,0.955078125,0.7880607559166373,0.8719953097518077,0.8911523866586778,0.881469774792572,0.788060755916637,0.818399401645475,0.9683408247019738,0.9358897543439185,0.9518387810005615,0.9081034136229299,0.8413873733437256,0.9958960328317373,0.9546634711404034,0.9748439477616497,0.9509224918812624,0.862687244666364,0.99921829196795,0.9668464150189734,0.9827658468994834,0.9661156616733974,0.8876781984926905,1.0,0.9846215298581985,0.9922511824494314,0.9846215298581987,0.9113377239572268,1.0,0.9964050329538646,0.9981992797118847,0.9964050329538646,0.0,0.0,1.0,0.20922740951990515,4.166279315948486,0.07768713310360909,0.5379216969013237,1.9648270344734196,1.0,0.0539543516933918,LAB00385,1.0,0.001834862385321101,0.3526717557251908,3.31633160663001e-06,0.02510085163603765
LAB00394,0.729472902746845,0.8435782967032968,0.8795202291442893,0.8104585945232596,0.9518015793299779,0.019733072916666667,0.01818359375,1.0,3.0,0.9365325077399381,0.7294729027468448,0.8795202291442893,0.8104585945232596,0.8435782967032968,0.729472902746845,0.7676452217364147,0.9588256355173649,0.8850214450676345,0.9204464496526913,0.8526176856688301,0.7956093868281605,0.9862155388471178,0.9262619597492576,0.9552990175498974,0.9144233934857287,0.8207538389948813,0.9955245255997136,0.9579346750247443,0.9763679349992813,0.9538270325662335,0.853081964798586,0.9992839240959541,0.988947542065325,0.9940888647820281,0.9882472019425632,0.8814349879074053,1.0,0.9998350379412735,0.9999175121669553,0.9998350379412736,0.7341247139588103,0.8466804123711341,0.8466105888174171,0.8467502474430881,0.9594679261651162,0.019733072916666667,0.019736328125,1.0,3.0,0.9473684210526315,0.7341247139588101,0.8466105888174171,0.8467502474430881,0.8466804123711341,0.7341247139588103,0.7730806608357629,0.9449117598548573,0.9033322335862751,0.9236542941307417,0.8581390617290541,0.8008039775732572,0.9844961240310077,0.9384691520950181,0.9609318007255171,0.9248014725082302,0.8270374096771244,0.9962064984331189,0.965852853843616,0.9807948861615003,0.9623135449817948,0.8595047341587764,0.9993402605970642,0.9927416694160344,0.9960300363883738,0.9920914693556273,0.8868237447100538,1.0,0.999670075882547,0.9998350107243029,0.9996700758825469,0.0,0.0,1.0,0.24880066583135582,4.627071380615234,0.10747213661670685,0.613876658678055,2.093699998855592,1.0,0.05737287551164627,LAB00394,0.0,0.022604951560818085,0.3032258064516129,8.327559558705964e-05,0.046951100720826026
LAB00423,0.6915439170758321,0.8176481971231375,0.7620536251052062,0.8819927637072085,0.9301192004170864,0.023391927083333333,0.027073567708333333,2.0,4.0,0.9336870026525199,0.691543917075832,0.7620536251052062,0.8819927637072085,0.8176481971231375,0.6915439170758321,0.731084518986149,0.8662979439701816,0.9217923740606735,0.8931840079482768,0.8069850945075042,0.7624387407591993,0.9302633160995551,0.9422488171444475,0.9362177084632618,0.880083938143775,0.7912966903940706,0.9689791992304918,0.9569997216810465,0.9629522046268503,0.928551421567182,0.8281277993430874,0.9936275099194422,0.9773170052880601,0.9854047690064625,0.9712294508239602,0.8650377016321467,0.9997595286762053,0.9924853882549401,0.9961091786929859,0.992248517021107,0.6595720720720721,0.7948700549636969,0.7756588531320355,0.8150570553854718,0.8968253584116628,0.023391927083333333,0.024580078125,2.0,4.0,0.8607427055702918,0.659572072072072,0.7756588531320355,0.8150570553854718,0.7948700549636969,0.6595720720720721,0.6988150738150738,0.8830618461130976,0.8533259114945728,0.8679392623439565,0.7666896602571376,0.7301804498417857,0.9482187789696729,0.8765655441135541,0.9109853689688148,0.8365226168781635,0.7586467301011932,0.982651304462985,0.895073754522683,0.936820210459799,0.8811493781921406,0.7944751381215469,0.9986756720964111,0.922349011967715,0.9589960265222393,0.9212222536658037,0.8289775780372234,1.0,0.945866963540217,0.9721805048988057,0.945866963540217,0.0013411458333333333,0.0,0.9986588541666667,0.45219745733736394,8.22057056427002,0.23948197066783905,0.9011264979839338,3.2960995602607746,1.0,0.07468052208423615,LAB00423,1.0,0.4221218961625282,0.13754427390791027,0.0017363904532046125,0.013658869728529964
LAB00424,0.6166684271680574,0.7628879451159751,0.7974320448026226,0.7312124248496994,0.8428000749343539,0.025989583333333333,0.023831380208333332,4.0,5.0,0.812577065351418,0.6166684271680575,0.7974320448026226,0.7312124248496994,0.7628879451159751,0.6166684271680574,0.6470055268641841,0.8796612484633247,0.7866983967935872,0.8305867174079928,0.7102593495149939,0.6714945089925195,0.9267859582024314,0.8227705410821643,0.8716862640439113,0.7725566358591553,0.6962380685008422,0.950416609752766,0.8508266533066132,0.8978684888453138,0.8146654730020657,0.7335090836151069,0.968037153394345,0.8884018036072144,0.9265114263960227,0.8630845722795962,0.7732313049853372,0.9879797841824888,0.9188376753507014,0.9521551668757673,0.9086795456507056,0.5534729878721059,0.7125621007806956,0.8221421552571241,0.6287575150300602,0.8020502758627512,0.025989583333333333,0.019876302083333332,2.0,5.0,0.6954377311960542,0.5534729878721059,0.8221421552571241,0.6287575150300602,0.7125621007806956,0.5534729878721059,0.58004158004158,0.9128725843432689,0.6791082164328658,0.7788275741536338,0.6377703571335116,0.600795426298782,0.9646249590566656,0.7179358717434869,0.82319622352855,0.6995186793135868,0.6178867704846456,0.9885358663609565,0.749749498997996,0.8527417710758097,0.7432866895846499,0.6453837990802971,0.996560759908287,0.7974699398797596,0.8859683943920037,0.7952812020162351,0.6729565623540402,0.9981984932852932,0.8379258517034068,0.9110671888186137,0.8366606088673132,0.0021158854166666665,0.0,0.9978841145833334,0.47323909713588364,8.86953353881836,0.270184651017189,0.8584888815879864,4.070710926055911,1.0,0.07635436952114105,LAB00424,1.0,0.3053306342780027,0.1998158379373849,0.0020595042431154195,0.017330677290836653
LAB00442,0.39939361658540573,0.5708095447225882,0.9547502448579823,0.407099603257465,0.7012963558242766,0.07794596354166666,0.03323567708333333,3.0,4.0,0.5485668789808917,0.39939361658540584,0.9547502448579823,0.407099603257465,0.5708095447225882,0.39939361658540573,0.4423367593712213,0.9813907933398629,0.4609730632699937,0.6272962514939303,0.45697861040783533,0.4793400035106196,0.9900097943192948,0.5037377323031949,0.6677236679694805,0.5011900698947374,0.513029898819013,0.9943192948090108,0.5437043224055126,0.7030005162312867,0.5420206600148877,0.5692574778723283,0.9990205680705191,0.6148674044685738,0.761224067781893,0.614496978819142,0.6273892293902469,1.0,0.7030277719774484,0.8256210304323305,0.7030277719774484,0.3585476550680787,0.5278396436525613,0.9448335308695184,0.36621424096888705,0.669864418997976,0.07794596354166666,0.030211588541666667,3.0,4.0,0.5095541401273885,0.3585476550680787,0.9448335308695184,0.36621424096888705,0.5278396436525613,0.3585476550680787,0.3963851784770961,0.9813597672664583,0.4110670286072249,0.579426717038698,0.4078823134212656,0.4290724180256006,0.9922422152785261,0.4470244309876801,0.6163646087923005,0.44546750734260243,0.4590286587944439,0.9964443486693244,0.47959908122781375,0.647533513495275,0.4787797109625553,0.5088603988603989,0.9994612649498976,0.5384005011484653,0.6998164045559423,0.5382442964271755,0.5622573757763976,1.0,0.6125704740029234,0.7597441276254112,0.6125704740029234,0.0005436197916666666,0.0,0.9994563802083334,0.36755601785890274,7.684012413024902,0.1230274848639965,1.0472429037094133,3.218030600547792,1.0,0.06764768064022064,LAB00442,1.0,0.07861096468107538,0.298828125,0.00036428841739671717,0.02440415098642947
LAB00485,0.7077963917525774,0.8289002075080174,0.9112401493156367,0.7602076124567474,0.910337301702471,0.018815104166666666,0.015696614583333334,2.0,3.0,0.8848167539267016,0.7077963917525774,0.9112401493156367,0.7602076124567474,0.8289002075080174,0.7077963917525774,0.731926480599047,0.9514724180837827,0.8503460207612457,0.8980713784905525,0.8149995934041113,0.749497814013943,0.9657818332642057,0.8968858131487889,0.9300596663280857,0.869263114080601,0.7617677286742035,0.9684778100373289,0.9262975778546713,0.9469181997784191,0.8991876980298931,0.785737812911726,0.9701368726669432,0.9562283737024222,0.963132412991208,0.9288866052508219,0.8151124360054436,0.9757362090418913,0.976643598615917,0.9761896929693582,0.9534868776625254,0.7268458549222797,0.8418190342240974,0.918935516888434,0.7766435986159169,0.9321147725426727,0.018815104166666666,0.015901692708333335,2.0,3.0,0.8778359511343804,0.7268458549222798,0.918935516888434,0.7766435986159169,0.8418190342240974,0.7268458549222797,0.7542770419426048,0.9740020470829068,0.8531141868512111,0.9095589530167908,0.8341202447699095,0.7745664739884393,0.9938587512794268,0.898961937716263,0.9440315123990632,0.8939959132150013,0.7899947340705634,0.9997952917093142,0.9266435986159169,0.9618305689752357,0.926467819444293,0.8140677966101695,1.0,0.9558823529411765,0.9774436090225563,0.9558823529411765,0.8404049823486311,1.0,0.9759515570934256,0.9878294370020139,0.9759515570934255,0.0,0.0,1.0,0.23526208035430804,5.502407550811768,0.11076217889785767,0.5261366367340095,2.0727388334274295,1.0,0.05638328567147255,LAB00485,0.0,0.031758326878388844,0.3434343434343434,0.0005580950356117785,0.030296279795054577
LAB00486,0.6733645565795437,0.8048031780426147,0.9103349673202614,0.7211974110032362,0.8972850662785001,0.0201171875,0.0159375,1.0,2.0,0.8900169204737732,0.6733645565795437,0.9103349673202614,0.7211974110032362,0.8048031780426147,0.6733645565795437,0.70286673553719,0.9536356209150327,0.8084142394822007,0.8750406359685698,0.7778419949612706,0.7260382482743012,0.9648692810457516,0.8590614886731391,0.9088963843489459,0.8330064819798197,0.7443549189296728,0.9695669934640523,0.8944983818770227,0.9305211268314835,0.8700696668038457,0.7771853288091776,0.9752859477124183,0.9446601941747573,0.9597288097220652,0.9225755924910785,0.8116753556027547,0.9816176470588235,0.9878640776699029,0.9847309567392211,0.9699211881576951,0.6846200793408604,0.8127886966760257,0.9230610985393952,0.726051779935275,0.9363311201897295,0.0201171875,0.015823567708333333,3.0,2.0,0.8900169204737732,0.6846200793408606,0.9230610985393952,0.726051779935275,0.8127886966760257,0.6846200793408604,0.7204216073781291,0.980456696153055,0.8053398058252427,0.8843121872231734,0.7926161575810493,0.7465181058495822,0.997531372145649,0.856957928802589,0.9219167974195827,0.8551443851577998,0.7652227217000409,0.9995885620242748,0.8923948220064725,0.9429550644223436,0.892067151248433,0.791604693439101,0.9995885620242748,0.9420711974110032,0.9699779675286008,0.9417060382691711,0.8221829834543195,0.9995885620242748,0.9862459546925566,0.9928724345906471,0.9858457544919729,0.0,0.0,1.0,0.2445679477825979,5.472589492797852,0.1363772451877594,0.46631999015808223,2.0850698447227485,1.0,0.057111382484436035,LAB00486,0.0,0.06792675723567632,0.3663101604278075,0.0006718865376555816,0.03231557833741921
LAB00551,0.8477715650616144,0.9176151220114108,0.9747584450602951,0.8668006172085743,0.9616121601255395,0.29323893229166664,0.26076171875,61.0,1.0,0.9408633944411591,0.8477715650616144,0.9747584450602951,0.8668006172085743,0.9176151220114108,0.8477715650616144,0.863961155990925,0.9850198487004719,0.8927100562814293,0.9365959632838663,0.8807526875449339,0.8784630709527466,0.9904501535465509,0.9156333603454592,0.9515734182021623,0.9076204616735377,0.8926479826534541,0.9942950590467631,0.9382014364530489,0.9654341467921519,0.9331780512556629,0.9117818040887511,0.9975532419544104,0.970049842922638,0.9836093194835707,0.9677472829481254,0.9227865226055321,0.9991136743814446,0.9891766482022135,0.9941203297850402,0.9883093964634889,0.8117383356545961,0.8960878286668349,0.9761720947882182,0.8281473751984281,0.9525565137100365,0.29323893229166664,0.24877278645833334,11.0,1.0,0.9183914843287996,0.8117383356545961,0.9761720947882182,0.8281473751984281,0.8960878286668349,0.8117383356545961,0.818416550668891,0.9862999358831765,0.8440216245018483,0.9096308453636663,0.8342411755650331,0.8242820142088894,0.9919526844012928,0.8573426728683547,0.9197485544539113,0.8514208041526482,0.8297204502051928,0.9957866087434412,0.8700642740583684,0.9286898120737287,0.8668729398265015,0.8397264000621818,0.9988615992567682,0.8914223549393337,0.9420886815352659,0.890517631385632,0.8517676397242189,0.99984297920783,0.9133465803758756,0.9546395038565909,0.9132155915385074,0.0,0.0,1.0,0.3844188179898386,2.2395384311676025,0.09969697147607803,1.3797107458114626,1.5178361320495606,1.0,0.06442791223526001,LAB00551,1.0,0.22957173309217752,0.04173531026908292,0.0012866007728894173,0.0009651215785099595
LAB00619,0.6973422315888068,0.8216872456370282,0.8195954314022292,0.823789764868603,0.9199598430227252,0.02353515625,0.023655598958333333,5.0,4.0,0.9782608695652174,0.6973422315888069,0.8195954314022292,0.823789764868603,0.8216872456370282,0.6973422315888068,0.7255583126550869,0.878904637401954,0.908298755186722,0.8933599739017083,0.8072724217751728,0.7471740443524031,0.8983074170909592,0.9557399723374828,0.9261341547755568,0.8624300315482986,0.7665334439333383,0.9071143525526352,0.9780082987551867,0.9412282687292903,0.8889812987353309,0.7968788100463302,0.9146828127150131,0.9926694329183956,0.9520817888533081,0.9085458948284579,0.8276761141422433,0.9258290904086969,0.9997233748271093,0.9613583628459048,0.9255919736474763,0.7260584677419355,0.8412906993721712,0.8908472479901052,0.796957123098202,0.9590025807515997,0.02353515625,0.0210546875,5.0,4.0,0.9420289855072463,0.7260584677419355,0.8908472479901052,0.796957123098202,0.8412906993721712,0.7260584677419355,0.7591397849462366,0.9628942486085343,0.8784232365145228,0.9187211755906404,0.8496616736136351,0.7864323968805788,0.9902597402597403,0.9283540802213002,0.9583081916073369,0.9199536598891109,0.8093667546174143,0.9978354978354979,0.9591977869986169,0.9781352302279333,0.9572061383876775,0.8395679135827165,1.0,0.9814661134163208,0.9906463772162502,0.9814661134163208,0.8667470764067334,1.0,0.9929460580912863,0.9964605454924006,0.9929460580912862,0.0007584635416666666,9.765625e-06,0.9992317708333334,0.4376723570574783,8.035457611083984,0.24341055750846863,0.9417879939079291,3.8098404335975684,1.0,0.07312516123056412,LAB00619,0.0,0.2595367847411444,0.3059490084985836,0.002743397134302823,0.03245400902464422
LAB00722,0.6477325312355392,0.7862107702029068,0.8188066686165546,0.7561107359891965,0.9319836618717813,0.024104817708333334,0.022259114583333333,1.0,1.0,0.9014084507042254,0.6477325312355391,0.8188066686165546,0.7561107359891965,0.7862107702029068,0.6477325312355392,0.6954958553879956,0.9091839719216145,0.8318703578663066,0.868810562828182,0.7680504558108044,0.7320532017968819,0.9640245685873062,0.886563133018231,0.9236726701380489,0.8581707855142157,0.7628095312256657,0.9894706054401872,0.925860904794058,0.9566094904457928,0.9168278623259741,0.8052128803694566,0.9980988593155894,0.9719108710330857,0.9848308023969514,0.9701149372166431,0.8445952740070387,0.9995612752266745,0.9948683322079676,0.9972092824108546,0.994434097683204,0.6272716749623799,0.7709489258785033,0.8145197655193146,0.7318028359216745,0.9200966111401608,0.024104817708333334,0.021656901041666666,1.0,1.0,0.8732394366197183,0.6272716749623799,0.8145197655193146,0.7318028359216745,0.7709489258785033,0.6272716749623799,0.6705705705705706,0.9063580339696378,0.798919648885888,0.8492543467189378,0.7380035234523826,0.704525366802192,0.9636254321358786,0.8503713706954761,0.9034629810630267,0.823923830623502,0.7337769080234834,0.9911318202314745,0.8898041863605672,0.9377387000794591,0.8827759235412265,0.7756806733405598,0.9998496918683301,0.9393652937204592,0.9686642341958129,0.9392326595407987,0.8159683473673531,1.0,0.9662390276839973,0.9828296703296704,0.9662390276839974,0.0006282552083333333,0.0,0.9993717447916667,0.43647731678093504,8.471961975097656,0.24548647552728653,0.9021078050136567,3.31418357372284,1.0,0.07317826896905899,LAB00722,1.0,0.21299093655589124,0.15964343598055106,0.0006765786556181149,0.04484222181214246
LAB00774,0.6117904727139987,0.7591439248103271,0.6471042471042471,0.9181046288688031,0.9767114548599466,0.011884765625,0.016861979166666666,2.0,1.0,0.9783393501805054,0.6117904727139989,0.6471042471042471,0.9181046288688031,0.7591439248103271,0.6117904727139987,0.6782687651331719,0.8032818532818533,0.9679539852095317,0.877963119572967,0.782472603965411,0.723696130451663,0.9204633204633205,0.9904135853190906,0.9541581402926844,0.9123350069002886,0.7623323356612349,0.9855212355212355,0.9978088195015065,0.9916269640736466,0.9833929793280094,0.8114924596983879,0.9944015444015444,1.0,0.9971929145290872,0.9944015444015444,0.8535576024562809,0.9944015444015444,1.0,0.9971929145290872,0.9944015444015444,0.5956566701137538,0.7465975372650681,0.6163723916532905,0.9465899753492194,0.9816979331377638,0.011884765625,0.018251953125,1.0,1.0,0.9963898916967509,0.5956566701137539,0.6163723916532905,0.9465899753492194,0.7465975372650681,0.5956566701137538,0.6625562164514726,0.7711788835384341,0.9813749657628047,0.863671779022686,0.7600548530598613,0.7099523690147906,0.8920991617620831,0.9934264585045193,0.9400401685115772,0.8868639552043673,0.7523015271309433,0.9807383627608347,0.9983566146261298,0.9894690683037749,0.979157626222191,0.8056766692314269,1.0,1.0,1.0,1.0,0.8502549837737599,1.0,1.0,1.0,1.0,0.0,0.0,1.0,0.21576711865287507,5.630209445953369,0.09157830476760864,0.5159872829914098,2.0134790110588097,1.0,0.054578159004449844,LAB00774,1.0,0.020512820512820513,0.1682938168293817,0.00012939700993370892,0.03125
LAB00780,0.6082949308755758,0.7564469914040114,0.6432300730943264,0.9180327868852459,0.9741555112955572,0.01310546875,0.018704427083333332,1.0,1.0,0.9810606060606061,0.6082949308755761,0.6432300730943264,0.9180327868852459,0.7564469914040114,0.6082949308755758,0.670111850488461,0.7737556561085973,0.9572776949826131,0.8557882844862289,0.7479282661443165,0.7137527978114897,0.8713887922032718,0.9811227024341779,0.9230056916269189,0.8570200273585671,0.752714113389626,0.9484859032370344,0.9935419771485345,0.9704912778209356,0.9426741677008699,0.8038485412787089,0.9966933518969718,0.9992548435171386,0.9979724540673717,0.9959531133832429,0.8479127333752885,1.0,1.0,1.0,1.0,0.5898911353032659,0.7420522351560207,0.612070356624173,0.9421261798310978,0.9736011477761836,0.01310546875,0.020172526041666666,1.0,1.0,0.9886363636363636,0.589891135303266,0.612070356624173,0.9421261798310978,0.7420522351560207,0.5898911353032659,0.6517339090541088,0.7450379215749556,0.9719324391455539,0.8434933309721293,0.7293458425805255,0.6955537012754798,0.8467000161368404,0.9875807252856433,0.9117302462515373,0.8377796434304561,0.737583395107487,0.9294820074229466,0.9957774465971188,0.9614883002672321,0.9258329015596496,0.7934256055363322,0.9954816846861384,0.9995032290114257,0.9974884034800952,0.9949893915868435,0.8405110241087986,1.0,1.0,1.0,1.0,0.0,0.0,1.0,0.2265005209449737,3.2799692153930664,0.08567848429083824,0.6538473784923559,1.923862574100495,1.0,0.055650245398283005,LAB00780,1.0,0.0,0.15016638935108154,2.3273597765734615e-05,0.025573424729765357
LAB00791,0.8183886509635975,0.9001251195996173,0.8676220204313281,0.9351582810827344,0.9905923545355851,0.021285807291666667,0.022942708333333332,1.0,1.0,0.9888682745825603,0.8183886509635975,0.8676220204313281,0.9351582810827344,0.9001251195996173,0.8183886509635975,0.8430932703659977,0.950766174801362,0.9683437834531274,0.9594744802677121,0.922105668791834,0.8590299059494875,0.987088535754824,0.9860834990059643,0.9865857614222595,0.9735266427742983,0.8754253308128545,0.998439273552781,0.9966355711882551,0.9975366070271167,0.9950853208403393,0.89711966278979,1.0,0.9996941428352959,0.9998470480269195,0.9996941428352958,0.9173751495686127,1.0,1.0,1.0,1.0,0.810205675605311,0.895153171292967,0.8448486493823809,0.9518274965591069,0.9887089207762304,0.021285807291666667,0.02398111979166667,1.0,1.0,0.9888682745825603,0.8102056756053111,0.8448486493823809,0.9518274965591069,0.895153171292967,0.810205675605311,0.8361184741270025,0.9349803176326863,0.9785899984707142,0.9562882324235197,0.9162378562081754,0.8529898613697496,0.9790959685082123,0.9922006423000459,0.9856047471505794,0.9716180595108574,0.8709557456303458,0.9967422288584227,0.9980119284294234,0.9973766745497656,0.9947670767602452,0.8941239975323874,1.0,0.9996941428352959,0.9998470480269195,0.9996941428352958,0.9154331397164449,1.0,1.0,1.0,1.0,0.0,0.0,1.0,0.23843695808830187,4.432381629943848,0.10989711061120033,0.5998070120811464,2.0087017703056342,1.0,0.05665449798107147,LAB00791,1.0,0.006349206349206349,0.1942257217847769,4.006437008794129e-05,0.017834190231362467
LAB00831,0.7372920164860326,0.8487830594851067,0.7548054383497421,0.9694901645925331,0.9747729566094853,0.016217447916666666,0.020830078125,2.0,1.0,1.0,0.7372920164860327,0.7548054383497421,0.9694901645925331,0.8487830594851067,0.7372920164860326,0.7719599050382485,0.8681043913111424,0.9911682055399438,0.9255635491153584,0.8614409426944627,0.7965156794425087,0.9363963119237381,0.9983942191890807,0.9664019434258035,0.9349881583842072,0.8206337811506512,0.9731208001250196,1.0,0.9863773166481863,0.9731208001250197,0.8499500665778962,0.9829660884513205,1.0,0.991409882575459,0.9829660884513204,0.8767231712947695,0.9885919674949211,1.0,0.9942632612966601,0.988591967494921,0.7218033998521803,0.8384271978021978,0.7325232523252325,0.9801284624648735,0.984646878198567,0.016217447916666666,0.02169921875,1.0,1.0,1.0,0.7218033998521803,0.7325232523252325,0.9801284624648735,0.8384271978021978,0.7218033998521803,0.7614075792730085,0.8526852685268527,0.9947812123645122,0.9182686603128475,0.8488879138681698,0.7906232132647227,0.9344434443444345,0.9991971095945403,0.9657360430991383,0.9337423359438483,0.8194953194953195,0.9795979597959796,1.0,0.989693846620188,0.9795979597959799,0.856677796327212,0.9941494149414941,1.0,0.9970661250282102,0.994149414941494,0.8885558220090595,0.9987998799879988,1.0,0.999399579705794,0.9987998799879986,0.0,0.0,1.0,0.23554753404613923,4.781388282775879,0.11470266804099083,0.5328756213188174,2.0423471927642827,1.0,0.056459758430719376,LAB00831,1.0,0.020202020202020204,0.1693774537296691,0.0002929086158403648,0.011263567479008805
LAB00846,0.6523692810457516,0.7896168108776267,0.6772688719253604,0.94665085951393,0.9706536519333524,0.010983072916666666,0.0153515625,1.0,1.0,0.9979919678714859,0.6523692810457516,0.6772688719253604,0.94665085951393,0.7896168108776267,0.6523692810457516,0.7124448965751102,0.8320610687022901,0.9848844101956136,0.9020457514142445,0.8215695258487724,0.7530094271211022,0.931509754028838,0.997628927089508,0.963436258451335,0.9294520151861815,0.7916771435755595,0.9775233248515691,1.0,0.9886339266566588,0.9775233248515692,0.8359583952451709,0.9917302798982188,1.0,0.9958479718939636,0.9917302798982187,0.8733704353129527,0.9976675148430874,1.0,0.9988323957117079,0.9976675148430875,0.6339372686538087,0.7759627995707643,0.649112307999202,0.96443390634262,0.9745537783721475,0.010983072916666666,0.016318359375,1.0,1.0,0.9979919678714859,0.6339372686538087,0.649112307999202,0.96443390634262,0.7759627995707643,0.6339372686538087,0.6966824644549763,0.8047077598244564,0.9925903971547125,0.8888288143132991,0.7999026844491159,0.7395466704209489,0.9158188709355676,0.9991108476585655,0.9556534211750666,0.9150730615217205,0.7795092024539877,0.9784560143626571,1.0,0.9891107078039927,0.978456014362657,0.8289088424751122,0.9972072611210852,1.0,0.9986016779864163,0.997207261121085,0.8694010121610394,1.0,1.0,1.0,1.0,0.0,0.0,1.0,0.19298262357836696,4.588658809661865,0.07284849509596825,0.48201134800911044,1.821181365251545,1.0,0.052230969071388245,LAB00846,1.0,0.0,0.15690733371233656,0.00012911042914320333,0.01843884449907806
LAB00862,0.5658282932585927,0.722720742363221,0.5658282932585927,1.0,0.8940448569218871,0.04994466145833333,0.08826822916666667,1.0,1.0,1.0,0.5658282932585927,0.5658282932585927,1.0,0.722720742363221,0.5658282932585927,0.5813763456140975,0.6034075822392684,1.0,0.7526565159390957,0.6034075822392684,0.5942332087633284,0.637151497270984,1.0,0.7783659585970761,0.637151497270984,0.6077304261645193,0.670637262133058,1.0,0.802852034171431,0.670637262133058,0.6311700323724372,0.7283153857501107,1.0,0.842803798143604,0.7283153857501107,0.660381612694118,0.800671190441068,1.0,0.8893030495422615,0.8006711904410679,0.6600569014570222,0.7952220202544794,0.6609401303578366,0.9979795346412045,0.9124343257443082,0.04994466145833333,0.07541341145833333,1.0,1.0,1.0,0.6600569014570221,0.6609401303578366,0.9979795346412045,0.7952220202544794,0.6600569014570222,0.6757416525301005,0.7023783830448482,0.9993482369810337,0.8249510709055988,0.7020567828961646,0.6883380416185891,0.7372987439029655,0.9998696473962068,0.8487405582375283,0.7372278805706775,0.7020153734368427,0.7703630163594768,1.0,0.8702881942751255,0.7703630163594767,0.7251650926649151,0.8241464151594942,1.0,0.9035967818267866,0.8241464151594943,0.7518893712815565,0.8861311348038158,1.0,0.9396283412669352,0.8861311348038157,0.0,0.0,1.0,0.4157833605629033,4.623334884643555,0.17776264250278473,1.3654074907302924,2.7418804264068615,1.0,0.07048440724611282,LAB00862,0.0,1.0,0.0002546148949713558,0.013802719699157048,0.0
LAB00973,0.5814391560969484,0.7353291511156992,0.6364261168384879,0.8706280556600225,0.9106160799768441,0.017311197916666667,0.023681640625,1.0,1.0,0.9702048417132216,0.5814391560969484,0.6364261168384879,0.8706280556600225,0.7353291511156992,0.5814391560969484,0.6370949966938506,0.7380068728522337,0.9268522000752163,0.8217191531664627,0.6973881951613797,0.6797553275453828,0.8181443298969072,0.963708160962768,0.8849805150668411,0.7936906278547161,0.7221401893511682,0.8929209621993127,0.9862730349755547,0.9372782892086463,0.881960234453763,0.7750935932754115,0.9656357388316151,0.9996239187664535,0.9823359245378807,0.9652850564581478,0.8224209156244695,0.9938144329896907,1.0,0.9968976215098242,0.9938144329896907,0.5751585229392019,0.7302865261662326,0.6293021357638416,0.8698758931929297,0.9208070844523427,0.017311197916666667,0.023929036458333334,1.0,1.0,0.9478584729981379,0.5751585229392018,0.6293021357638416,0.8698758931929297,0.7302865261662326,0.5751585229392019,0.6305732484076433,0.7321452863555978,0.9180142910868747,0.8146119262817325,0.6872111710441775,0.6716300167636328,0.812678547136444,0.9499811959383226,0.87598226618074,0.7793313573481364,0.712778940027894,0.8918514487824786,0.970477623166604,0.9295047661219952,0.8682941658271063,0.7654250781916406,0.9706162426880697,0.9887175629936066,0.9795832882479971,0.95998358020431,0.8130104517676623,0.9979594612977826,0.9941707408800301,0.9960614983117414,0.9921538985074573,0.0,0.0,1.0,0.3743441503088252,5.546720027923584,0.15089919418096542,0.9399505496025089,2.98215310573578,1.0,0.06794930249452591,LAB00973,1.0,0.24277456647398843,0.12697247706422018,0.0008891652209375011,0.03545179420665802
LAB01009,0.6202575107296138,0.7656283110828566,0.6429969745506318,0.9460591777952344,0.9357375046271668,0.012431640625,0.018291015625,5.0,1.0,0.9979591836734694,0.6202575107296138,0.6429969745506318,0.9460591777952344,0.7656283110828566,0.6202575107296138,0.6624478642312671,0.7764726819718811,0.9798376538360828,0.8663812487570842,0.7642615718972288,0.6903289636408607,0.8656344545292757,0.992930086410055,0.9249229443502354,0.8603317683040145,0.7172532558389839,0.9234739277451504,0.9965959675307672,0.9586425939753226,0.920570198501671,0.7486133629149245,0.9439402028830752,1.0,0.9711617687448503,0.9439402028830753,0.774297771330608,0.9439402028830752,1.0,0.9711617687448503,0.9439402028830753,0.6341210971191996,0.776100496146944,0.6501591793420587,0.9625556428384394,0.9926623179317434,0.012431640625,0.018404947916666668,1.0,1.0,0.9979591836734694,0.6341210971191996,0.6501591793420587,0.9625556428384394,0.776100496146944,0.6341210971191996,0.6909306110371357,0.7911213300318358,0.9866457187745483,0.8781313320338714,0.7827398670700587,0.7313471502590674,0.8947647683056243,0.99528672427337,0.9423526276810212,0.8909894283714199,0.7740489598896678,0.9656880084895649,0.9979052107881644,0.9815323114854186,0.9637343654141524,0.8288068926765312,0.9998231340643792,1.0,0.9999115592111081,0.9998231340643791,0.8712054229295608,1.0,1.0,1.0,1.0,0.0,0.0,1.0,0.2172903659533525,3.731546401977539,0.07458693534135818,0.5726387619972233,2.0233182621002213,0.9999967447916667,0.05486923083662987,LAB01009,0.0,0.03496503496503497,0.14914054600606674,0.0010716548939459793,0.018498367791077257
LAB01360,0.7019551740581783,0.824880919024937,0.8443998279076438,0.806244009311242,0.939031598723871,0.023772786458333334,0.022698567708333332,3.0,1.0,0.9098873591989988,0.7019551740581783,0.8443998279076438,0.806244009311242,0.824880919024937,0.7019551740581783,0.7420505503465145,0.9248530044457192,0.881418595097905,0.902613578220006,0.8225120707762534,0.7715609408410549,0.9647210669726086,0.9253731343283582,0.9446375285237844,0.8950834941121681,0.7971195992485911,0.9858023806109278,0.9490620293030262,0.9670833811822175,0.936264712527412,0.8258260155410955,0.9946938190162053,0.976311105025332,0.985416738192901,0.9712527057047552,0.8485463820514091,0.9981356661408289,0.995070518964809,0.996600735765227,0.9932245032342825,0.6680871212121212,0.8010218563724099,0.8313448225069966,0.7728330822949473,0.9293522533716232,0.023772786458333334,0.022099609375,1.0,1.0,0.8848560700876095,0.6680871212121212,0.8313448225069966,0.7728330822949473,0.8010218563724099,0.6680871212121212,0.713849908480781,0.9173663278833407,0.844310557305217,0.8793236513009277,0.7846365744415711,0.7485494956708024,0.9627338341434674,0.8910036971107764,0.9254809713811782,0.8612978893177761,0.779250493096647,0.9876270437472382,0.9219498836094756,0.9536590278064718,0.9114228087687709,0.8185032788993185,0.9976432464280454,0.9605641517184719,0.9787526486008258,0.9583894119870882,0.8548723957006775,1.0,0.9902779679583733,0.9951152390780874,0.9902779679583732,0.00022135416666666666,0.0,0.9997786458333333,0.5138741694477358,8.606941223144531,0.16896964609622955,1.5933462023735048,3.7172393488883997,1.0,0.07956021279096603,LAB01360,1.0,0.21277878239903555,0.18427947598253275,0.0005054359468723222,0.019312544294826366
LAB01373,0.6812699975387644,0.8104230712926365,0.834572864321608,0.7876316039078062,0.9015205360883802,0.03431966145833333,0.032389322916666664,3.0,2.0,0.8867684478371501,0.6812699975387645,0.834572864321608,0.7876316039078062,0.8104230712926365,0.6812699975387644,0.7054071756058511,0.8977889447236181,0.8362894811723418,0.8659486671108905,0.7635885977972438,0.726288862652499,0.9365829145728644,0.8714787062505928,0.9028586827882964,0.8229192252852522,0.7461438831979277,0.9621105527638191,0.9004078535521199,0.9302371399458427,0.869573224760064,0.7800267234126788,0.9813065326633166,0.9419520060703784,0.9612266249141744,0.9253477687900463,0.8177197690493616,0.9933668341708543,0.9737266432704164,0.9834486912452536,0.9674363534585944,0.5437044745057231,0.7044152342433434,0.8637553382008542,0.5947073887887698,0.8200240714676312,0.03431966145833333,0.023629557291666665,3.0,2.0,0.7010178117048346,0.5437044745057232,0.8637553382008542,0.5947073887887698,0.7044152342433434,0.5437044745057231,0.5742879137798307,0.9261606281857006,0.6500047424831642,0.763890403665476,0.6179795108222322,0.6004580470539246,0.9643201542912246,0.6937304372569477,0.8069455126426427,0.6763693705473967,0.6260831618976374,0.9866372778619644,0.733472446172816,0.8414245295715459,0.7262578494436601,0.666144036793143,0.9980713596914176,0.7918049890922887,0.8830530473357163,0.7905953324187385,0.7049878604591728,1.0,0.8473868917765341,0.9173897417466755,0.8473868917765343,0.001962890625,0.0,0.998037109375,0.6008476985229936,7.97231388092041,0.2146701067686081,2.014076447486878,4.244847741127015,1.0,0.0866112932562828,LAB01373,1.0,0.4956704891177159,0.18806875631951467,0.0028511709079102237,0.013397129186602871
LAB01374,0.6350655939697036,0.7768074826011792,0.845589654506852,0.7183733705009429,0.9145146475199484,0.039703776041666666,0.03373046875,3.0,2.0,0.8789289871944121,0.6350655939697035,0.845589654506852,0.7183733705009429,0.7768074826011792,0.6350655939697036,0.6646083847903802,0.9046516116579811,0.7728949741739772,0.8335991261692232,0.7146763560211143,0.6896123847790121,0.9450878208839992,0.8146265475116832,0.8750211312123094,0.7778111709380435,0.7143391988019469,0.9727851766068326,0.8516028531606132,0.9081693350249936,0.8317858841652729,0.7511324515310744,0.9921829762594094,0.9016971386406494,0.9447784404751343,0.8953365593672473,0.7874095459487833,0.9980698706813357,0.9441665983438551,0.9703702404307659,0.9424457980281566,0.5838886420849991,0.7372849663425579,0.8576400217509516,0.6465524309256374,0.8738411507848047,0.039703776041666666,0.029931640625,1.0,2.0,0.7916181606519208,0.5838886420849992,0.8576400217509516,0.6465524309256374,0.7372849663425579,0.5838886420849991,0.612049474664184,0.9156063077759652,0.6964827416577847,0.7911523147470801,0.6544681554165794,0.6363966581910643,0.9549755301794454,0.7367385422644913,0.8317803717105161,0.7120068449187207,0.6601360992207223,0.9830342577487765,0.773058948921866,0.8654932746881062,0.7628806911216578,0.6936324706758518,0.998694942903752,0.8247929818807903,0.9034516420438365,0.8239049700715102,0.7272762271414822,1.0,0.8722636713946053,0.9317743913119636,0.8722636713946053,0.0011328125,0.0,0.9988671875,0.5591592766308168,8.170442581176758,0.20567183196544647,1.7159827351570138,3.9014691567420963,1.0,0.08361133933067322,LAB01374,1.0,0.22384597541173742,0.12681436210847977,0.0015560413219200936,0.011285822977428354
LAB01433,0.7079237121510027,0.8289875093535947,0.796570796460177,0.8641545661826473,0.9219167229085361,0.027125651041666667,0.029427083333333333,3.0,3.0,0.9583333333333334,0.7079237121510028,0.796570796460177,0.8641545661826473,0.8289875093535947,0.7079237121510027,0.7372468597795437,0.8617256637168141,0.9260770430817232,0.8927431998708008,0.8062657188166573,0.7606818181818182,0.9008849557522124,0.9600384015360615,0.9295215189824296,0.868323404407765,0.7832541964823112,0.9290929203539823,0.9821192847713909,0.9548704973494645,0.9136384485633917,0.8151941720983732,0.9580752212389381,0.9948397935917437,0.9761114519623334,0.9533376008874204,0.8469141225565561,0.9801991150442478,0.999519980799232,0.9897652679164841,0.9797379128662351,0.5966236762084511,0.7473566690746699,0.8253553814911517,0.6828273130925236,0.8763425417697879,0.027125651041666667,0.02244140625,3.0,3.0,0.7981770833333334,0.5966236762084512,0.8253553814911517,0.6828273130925236,0.7473566690746699,0.5966236762084511,0.6267676306906305,0.9009283434870903,0.7367094683787352,0.8105851442468877,0.6814990920334876,0.6511928831378893,0.9469103568320278,0.7719908796351854,0.8505505072633858,0.7399633586669314,0.6776198299878563,0.9746156077748767,0.8036721468858754,0.8809276404631644,0.7871945303231017,0.7136098130841122,0.9924572091673919,0.8390735629425177,0.9093427413231562,0.8337566491111483,0.7501399253731343,0.9998549463301422,0.8630745229809192,0.9264433732675144,0.8629664706996124,0.001787109375,0.0,0.998212890625,0.5462151087662278,7.653984546661377,0.17898207902908325,1.7988335967063909,4.062092518806458,1.0,0.08212210237979889,LAB01433,1.0,0.6114264093832765,0.19352159468438537,0.0029160493578308357,0.01845342706502636
LAB01435,0.7085917909462847,0.8294453885369998,0.8232137381171419,0.835772104607721,0.9263511351332395,0.020911458333333334,0.02123046875,1.0,5.0,0.9347222222222222,0.7085917909462848,0.8232137381171419,0.835772104607721,0.8294453885369998,0.7085917909462847,0.7451045838896306,0.8998773382398038,0.9165628891656289,0.9081434782028254,0.8317425046910365,0.772367913613575,0.9352959214964734,0.9585927770859277,0.9468010611769724,0.8989764671003588,0.8003196231810917,0.9559950935295921,0.9811643835616438,0.9684162277019809,0.9387664421520295,0.8395736355663496,0.9725544311560871,0.9950186799501868,0.9836583157253423,0.9678421449646232,0.8771753504363925,0.9901870591842993,0.99906600249066,0.994606715451555,0.9892712938681159,0.6634565330557001,0.797684243467376,0.8018244731047499,0.7935865504358655,0.9047500974106478,0.020911458333333334,0.02069661458333333,4.0,5.0,0.8958333333333334,0.6634565330557002,0.8018244731047499,0.7935865504358655,0.797684243467376,0.6634565330557001,0.7025657967184231,0.8921044353570305,0.8609900373599004,0.876271122955055,0.7797887380623106,0.7322623828647925,0.9389745202893992,0.9045765877957659,0.9214546468123335,0.8543494662407587,0.7642085879300242,0.9666561811890532,0.9335305105853051,0.9498046084547735,0.904407518925844,0.8107871523803111,0.9844290657439446,0.9685554171855542,0.9764277318076687,0.9539411746002835,0.8541325587536308,0.9955960994023277,0.9919053549190535,0.993747300346886,0.9875723073234596,4.557291666666667e-05,0.0,0.9999544270833334,0.5012010031758231,6.1520280838012695,0.10754163935780525,1.7413835048675552,3.631485404968262,1.0,0.07816554605960846,LAB01435,1.0,0.30844645550527905,0.23174603174603176,0.0006176631632366886,0.02706943899568458
LAB01437,0.7812211525781353,0.8771747982527578,0.87310243183493,0.881285331746504,0.9769727990918899,0.021881510416666666,0.022086588541666667,1.0,4.0,0.9934980494148244,0.7812211525781353,0.87310243183493,0.881285331746504,0.8771747982527578,0.7812211525781353,0.8185797133165554,0.9479734708916728,0.9599821481701875,0.9539400182090203,0.9119362510893123,0.8464563243142028,0.9743551952837141,0.9857185361499554,0.9800039267733726,0.9607918623385042,0.8702828299014502,0.9883566691230656,0.9952395120499852,0.991786149263184,0.9837061339103539,0.9027804047664082,0.997789240972734,0.999851234751562,0.9988191736520473,0.997641132716734,0.9254187909686817,1.0,1.0,1.0,1.0,0.7791333079171433,0.8758571428571429,0.8424017587249244,0.9120797381731628,0.9828210314325645,0.021881510416666666,0.02369140625,1.0,4.0,0.9947984395318595,0.7791333079171432,0.8424017587249244,0.9120797381731628,0.8758571428571429,0.7791333079171433,0.8165303303941358,0.9355592195658148,0.970395715560845,0.9526591018373504,0.9095979193676103,0.8445865692096848,0.9721077219016213,0.9891401368640286,0.9805499705616195,0.9618421131458584,0.8721845959993699,0.9901071723000825,0.995983338292175,0.9930365625083171,0.9861694333033012,0.9022097727980081,0.9990381973069524,0.999702469503124,0.9993702230211455,0.9987412387811285,0.9276074802390591,1.0,1.0,1.0,1.0,0.0,0.0,1.0,0.34160622378697253,5.543676376342773,0.11664966121315956,1.0609168767929082,2.569280927181248,1.0,0.06490093469619751,LAB01437,1.0,0.04230118443316413,0.2763731473408893,0.00010356428168148304,0.03784048279236666
LAB01661,0.5964338013610129,0.7472076835914314,0.6703456288120825,0.8439785470502194,0.9206043775100067,0.026705729166666668,0.033623046875,2.0,1.0,0.9489311163895487,0.596433801361013,0.6703456288120825,0.8439785470502194,0.7472076835914314,0.5964338013610129,0.6448926579570632,0.7759705683028367,0.8781082398829839,0.823885955809737,0.7005153623320348,0.6816868464501926,0.8529383289766677,0.9041930765480254,0.8778181635799199,0.7822423559984581,0.7191636768526537,0.9150934262755349,0.9262554851292053,0.9206406241028614,0.8529509676400839,0.7689922480620155,0.9674702294510601,0.9583130180399805,0.9628698522089425,0.928398286617857,0.8131423757371525,0.9877045212508472,0.9796440760604583,0.9836577863871213,0.9678411200597765,0.5522785822155104,0.7115714776238984,0.6706580366774542,0.7578010726474891,0.913712534593763,0.026705729166666668,0.03017578125,1.0,1.0,0.8741092636579573,0.5522785822155103,0.6706580366774542,0.7578010726474891,0.7115714776238984,0.5522785822155104,0.6021768278255383,0.7782092772384035,0.7918088737201365,0.7849501751970175,0.646023034754394,0.6407360045467463,0.8576051779935275,0.8194783032666991,0.838108351775987,0.7213309029779682,0.6785645871911117,0.9245954692556634,0.8437347635299853,0.8823163514932516,0.7894151020926602,0.7300894378194208,0.9803667745415319,0.8816431009263774,0.9283877755318417,0.8663467570954606,0.7769360633738799,0.9939590075512406,0.9174792784007801,0.9541891043098615,0.912391626671842,0.000634765625,0.0,0.999365234375,0.5401778696640153,7.387823581695557,0.2097480222582817,1.6130966901779185,3.893819882869722,1.0,0.08216793835163116,LAB01661,1.0,0.36789129340714644,0.08679986898132984,0.002084860936058633,0.0038603828212964452
LAB02036,0.7435302516509013,0.8529020370559934,0.8087749951465735,0.9021221307925509,0.9229021060660304,0.015032552083333333,0.016767578125,1.0,5.0,0.9780439121756487,0.7435302516509013,0.8087749951465735,0.9021221307925509,0.8529020370559934,0.7435302516509013,0.772172619047619,0.8907008347893612,0.9623213512343005,0.9251270031680803,0.8606849422162426,0.7957044234211199,0.9176858862356824,0.983759203118233,0.9495745538071964,0.9039904328754271,0.8148639681486397,0.9303047951854009,0.9930705933304461,0.960663571395505,0.9243047245879534,0.8459518599562363,0.9470005824111823,0.9991338241663058,0.9723689280599849,0.9462237515106432,0.8766612422023325,0.9646670549407882,1.0,0.9820158102766798,0.9646670549407882,0.7441416420760284,0.8533041401273885,0.7895027624309392,0.9283239497618017,0.9397268924145552,0.015032552083333333,0.01767578125,1.0,5.0,0.9860279441117764,0.7441416420760285,0.7895027624309392,0.9283239497618017,0.8533041401273885,0.7441416420760284,0.7778103473545361,0.8893186003683241,0.9692507579038545,0.9275658436834741,0.864916357074425,0.8051568652356154,0.9302025782688766,0.9852750108271979,0.9569470930827848,0.9174482777782389,0.8272546419098143,0.9462246777163904,0.992637505413599,0.9688755723038543,0.939630122495134,0.861297144871343,0.9639042357274401,0.9974014724989173,0.9803668036350156,0.9614896877916936,0.8947007138934652,0.9802946593001841,1.0,0.9900492885706315,0.9802946593001841,0.0,0.0,1.0,0.21247693322015646,4.6973395347595215,0.07497980073094368,0.5584754407405855,2.1180023670196535,1.0,0.05429910123348236,LAB02036,0.0,0.02416918429003021,0.21347331583552057,0.0002852981863660641,0.030090972708187544
LAB02071,0.92791977682274,0.9626124364489637,0.9787267883414847,0.9470201223500443,0.9859398362162385,0.08460611979166667,0.081865234375,1.0,1.0,0.9754098360655737,0.92791977682274,0.9787267883414847,0.9470201223500443,0.9626124364489637,0.92791977682274,0.9304694580387892,0.9904568770130026,0.968527567234812,0.9793694813260516,0.9595729927794977,0.9327047319713637,0.9949898604318264,0.982301565926667,0.9886050027368446,0.9774667715502048,0.9339483394833948,0.9978527973279255,0.9914585818167827,0.9946454131539835,0.989347864094767,0.9379271603782418,0.999761421925325,0.9984994805894348,0.9991300527869065,0.9982616178744983,0.9418162199000454,1.0,0.9999615251433188,0.9999807622015736,0.9999615251433189,0.853943265647578,0.9212183365808636,0.9865137937093656,0.8640298564887846,0.9364881693648817,0.08460611979166667,0.0741015625,1.0,1.0,0.8805620608899297,0.8539432656475777,0.9865137937093656,0.8640298564887846,0.9212183365808636,0.853943265647578,0.8579940054097521,0.9947724477244773,0.889307837328306,0.9390883617200592,0.8851711375724051,0.8616635573233834,0.997803549464066,0.9113154553499289,0.9526004337463655,0.9094909568787115,0.8630725029575799,0.9995167808820945,0.9305528836905083,0.9638027474545591,0.9301344363604098,0.8676701652944504,1.0,0.9594475010580585,0.9793041156142004,0.9594475010580584,0.8745428571428572,1.0,0.9828402139202032,0.9913458553244333,0.982840213920203,0.0,0.0,1.0,0.38300813548366325,5.07108211517334,0.15940408408641815,1.183228576183321,2.620190329551697,1.0,0.06784636527299881,LAB02071,1.0,0.6126202603282399,0.03908794788273615,0.0008543904991776491,0.0003562363628267355
LAB02072,0.9026898499034032,0.9488565358660335,0.9769050146354016,0.9223737358398882,0.9713076254805803,0.10718424479166666,0.101201171875,6.0,1.0,0.9953917050691244,0.9026898499034032,0.9769050146354016,0.9223737358398882,0.9488565358660335,0.9026898499034032,0.9073213827695289,0.9856540898710154,0.951225438090321,0.9681337738438723,0.9382357415169318,0.911526240823929,0.9898677988999325,0.9702979317885019,0.9799851747018488,0.9607558149121981,0.9144545096494683,0.9929235420888417,0.9822334254563124,0.98754955478225,0.9754053242278494,0.9189636700107139,0.996011450995529,0.9926200382664683,0.9943128527728637,0.9886900270271589,0.9252540874944764,0.9973945768599827,0.9989066723357731,0.9981500519306191,0.9963069358381547,0.8210345967717697,0.9017232272547208,0.987634233647901,0.8295623652321803,0.9788235294117648,0.10718424479166666,0.090029296875,2.0,1.0,0.9585253456221198,0.8210345967717695,0.987634233647901,0.8295623652321803,0.9017232272547208,0.8210345967717697,0.8266697480933672,0.9942510033626206,0.8583836972697179,0.9213352767161656,0.8541442552337275,0.8319428221814339,0.9972882091333116,0.8813739484313785,0.9357550989873689,0.8792666970703792,0.8357261034317126,0.9990237552879921,0.9011753272390439,0.9475802486905216,0.9003824258443366,0.8437236731255265,1.0,0.9311810975794941,0.9643643454739889,0.9311810975794941,0.8553181920395773,1.0,0.9587572508883287,0.9789444306623667,0.9587572508883287,0.00013997395833333334,0.0,0.9998600260416667,0.48912443055608795,6.995059013366699,0.16740236431360245,1.7268847942352297,3.2078681635856654,1.0,0.07601936906576157,LAB02072,1.0,0.5498930862437633,0.10818713450292397,0.001507678941047198,0.001098297638660077
LAB02075,0.9248888704249928,0.9609789787197307,0.9443077706141839,0.9782494068020037,0.968205478440638,0.07408203125,0.07674479166666667,4.0,1.0,0.9864130434782609,0.9248888704249927,0.9443077706141839,0.9782494068020037,0.9609789787197307,0.9248888704249928,0.9274196759167098,0.9696725483542585,0.9873451094120749,0.9784290341472575,0.9577690310829527,0.9299594522224772,0.9835850016966406,0.9910361191668864,0.9872965022534708,0.9749117134979842,0.9317731641112171,0.9917712928401764,0.993101327005888,0.9924358643047935,0.9849853018240127,0.9357717232721474,0.9974126230064473,0.995957465506635,0.9966845131250264,0.9933909385066897,0.9401142435968307,0.9985154394299287,0.9986378416381053,0.9985766367831029,0.9971573197327358,0.9169445156877832,0.9566729847251645,0.9712047810929506,0.9425696458388259,0.9855272226051,0.07408203125,0.07189778645833333,1.0,1.0,0.9714673913043478,0.9169445156877832,0.9712047810929506,0.9425696458388259,0.9566729847251645,0.9169445156877832,0.9198656233356549,0.9864173495721466,0.9634853677827577,0.9748165120043059,0.9508702816801513,0.9229739835478411,0.9940236338117444,0.9766236048861938,0.9852468016921443,0.9709225882067535,0.9247640619101548,0.9979173269343958,0.9841813867650936,0.9910017618306292,0.9821640160924434,0.9285539601020159,0.9998188979942952,0.990464891466737,0.9951199135842642,0.9902872263433095,0.9332343745065218,1.0,0.9943316635908253,0.9971577764558134,0.9943316635908254,0.0,0.0,1.0,0.3612142402332635,4.819762706756592,0.12591058760881424,1.2130576372146615,2.5079460883140587,1.0,0.06640283018350601,LAB02075,1.0,0.6212700841622035,0.006289308176100629,0.002399526437073212,0.0
LAB02080,0.8973735894277819,0.9459113317777504,0.9401548441096463,0.951738746690203,0.9382827303485148,0.09220377604166667,0.09333984375,5.0,1.0,0.9965986394557823,0.897373589427782,0.9401548441096463,0.951738746690203,0.9459113317777504,0.8973735894277819,0.8982647590648098,0.9582548650345261,0.9698852603706972,0.9640349858703074,0.9305671260338718,0.8982090366374739,0.9686475552765572,0.9806178287731686,0.9745959378074135,0.9504506308698135,0.8981326241544777,0.9760758875636465,0.9863018534863195,0.9811622267303496,0.9630210544526704,0.9022768379614853,0.9835739694496757,0.9929037952338923,0.9882168619450157,0.9767081746832909,0.9110172542055627,0.9890144381669805,0.9984466019417476,0.9937081383040609,0.9874949566116232,0.8659991770676176,0.9281881661153988,0.9678482467905729,0.8916504854368932,0.9586776859504132,0.09220377604166667,0.08494466145833333,1.0,1.0,0.9206349206349206,0.8659991770676176,0.9678482467905729,0.8916504854368932,0.9281881661153988,0.8659991770676176,0.8705762734100824,0.9824870664878329,0.9150573698146514,0.9475741529290392,0.9003714186289347,0.875062893081761,0.9903429775819123,0.9309443954104148,0.9597255022584539,0.922569479826752,0.8791136000963479,0.9957463115539376,0.943477493380406,0.9689074893544856,0.9396901629591917,0.886500597072954,0.9995018202720828,0.9579170344218888,0.9782676990960139,0.9574598926063933,0.8959812056383085,1.0,0.9706972639011474,0.9851307774991043,0.9706972639011474,0.00015299479166666668,0.0,0.9998470052083334,0.47688140034054716,7.063016891479492,0.15145018696784973,1.777283406257634,3.4372697019577028,1.0,0.07549131661653519,LAB02080,1.0,0.555229716520039,0.01907032181168057,0.00321181429742911,7.918910357934748e-05
LAB02087,0.9216100742073309,0.9592061225922719,0.9632415154648867,0.955204400316972,0.9916522740356937,0.069833984375,0.06925130208333333,1.0,1.0,0.9986033519553073,0.9216100742073308,0.9632415154648867,0.955204400316972,0.9592061225922719,0.9216100742073309,0.9253345956879115,0.9850991821002162,0.9718920430708992,0.9784510471017945,0.9578112182738389,0.9286834502682625,0.9935132086114506,0.9820071784831959,0.9877266862420641,0.9757509882140963,0.9321477968780874,0.9974616903262198,0.9884398452430896,0.9929302749033999,0.9859598100897692,0.9379624567158739,0.9998589827959011,0.9952454202209481,0.9975468672112318,0.9951057406904525,0.9443696872230792,1.0,0.9983685265464037,0.9991835973035385,0.9983685265464037,0.8685659234792182,0.929660455181557,0.982103952692188,0.8825339113410712,0.9894142554693014,0.069833984375,0.06275390625,1.0,1.0,0.979050279329609,0.8685659234792182,0.982103952692188,0.8825339113410712,0.929660455181557,0.8685659234792182,0.8731585408628552,0.9917003838572466,0.9104554141611896,0.9493428294876285,0.9035705043774315,0.8774096006047625,0.9966282809420064,0.9311052067309933,0.9627531891668539,0.928181392424377,0.8801204819277109,0.998755057578587,0.9474665547942013,0.9724350068578026,0.9463489057603915,0.8854798166494159,1.0,0.9706800913625134,0.9851219339120563,0.9706800913625135,0.893504682207611,1.0,0.988626299352072,0.9942806244432986,0.9886262993520722,0.0,0.0,1.0,0.345986653219079,4.9409589767456055,0.16075590252876282,0.8777612686157232,2.524544620513917,1.0,0.06560079008340836,LAB02087,1.0,0.6194444444444445,0.008695652173913044,0.0015416850617725173,0.00010563566259969366
LAB02102,0.9322293774915668,0.9649262021901285,0.9525301582328058,0.9776491397330761,0.9810804869170768,0.0809765625,0.08311197916666667,1.0,1.0,0.9855832241153342,0.932229377491567,0.9525301582328058,0.9776491397330761,0.9649262021901285,0.9322293774915668,0.9352897748246586,0.9749725834247219,0.9876587875864287,0.9812746844856155,0.963237753633462,0.9380363947152879,0.9874667084443052,0.9924425148737739,0.9899483591881353,0.9800967784106853,0.9413542095865952,0.9940075199749334,0.994412284933269,0.9942098612568976,0.9884863879251428,0.9465636620079497,0.9986291712360958,0.9963418556037948,0.9974842021696235,0.9949810310504411,0.9521468083238213,0.999921666927777,0.9977890336066891,0.9988542119330185,0.9977110465216182,0.9194667928695376,0.9580439695911238,0.979826847104312,0.9372085544299726,0.985372340425532,0.0809765625,0.07745442708333333,1.0,1.0,0.9711664482306684,0.9194667928695378,0.979826847104312,0.9372085544299726,0.9580439695911238,0.9194667928695376,0.9216942853892534,0.9913003278137346,0.9579514391381251,0.9743406077627681,0.94996508113427,0.9238383985973115,0.9966798352525846,0.9729860106126387,0.9846904121287495,0.9698425228045972,0.9252566446350724,0.9992014793645457,0.9831162566328991,0.9910936074237832,0.9823444620001373,0.9280102141033196,1.0,0.9932465026531597,0.9966118102613747,0.9932465026531596,0.9325109502100652,1.0,0.9964222543817334,0.9982079213901698,0.9964222543817335,0.0,0.0,1.0,0.3602226505645619,3.598595142364502,0.1489703208208084,1.0686526417732298,2.2308743786811833,1.0,0.06598705053329468,LAB02102,1.0,0.645326504481434,0.004166666666666667,0.0026042775436056825,8.578536501672814e-05
LAB02105,0.9214365146856809,0.9591121097606646,0.9644642245806231,0.953819068255688,0.9800743266521437,0.09614583333333333,0.09508463541666666,2.0,1.0,0.9920364050056882,0.9214365146856807,0.9644642245806231,0.953819068255688,0.9591121097606646,0.9214365146856809,0.9253254882323485,0.981239301609038,0.9728128385698809,0.9770079013625635,0.9550493133464854,0.9275766852752266,0.9886340294419719,0.9830715059588299,0.9858449212783705,0.9720849818363632,0.9290127891938497,0.9922971585073604,0.9905200433369448,0.9914078045455815,0.9829620028924627,0.9325013276686139,0.9940773707634372,0.9979347237269772,0.9960023125359836,0.9920364608127453,0.9364725617062065,0.9944881889763779,0.9997291440953413,0.997101779721142,0.9942203102563048,0.7971469141102265,0.8871249287984858,0.9699843291678386,0.8173076923076923,0.9479353680430879,0.09614583333333333,0.08101236979166666,1.0,1.0,0.9010238907849829,0.7971469141102269,0.9699843291678386,0.8173076923076923,0.8871249287984858,0.7971469141102265,0.8022457694132532,0.9868606099570056,0.8373848862405201,0.9059988486490619,0.828151640910323,0.8070500364342968,0.9948165709004702,0.8525866738894908,0.9182265471343938,0.8488159371095876,0.8104175760221155,0.9986740065094226,0.8644027627302275,0.9266999455378516,0.8634118126475259,0.8183310459890746,1.0,0.8826516793066089,0.9376685969140022,0.882651679306609,0.8283466096755392,1.0,0.9003927410617552,0.9475859611615892,0.9003927410617552,0.00021809895833333333,0.0,0.9997819010416666,0.48322956578920034,6.433011531829834,0.1394299566745758,1.7528393268585214,3.671272745132451,1.0,0.07591806352138519,LAB02105,1.0,0.7490733876945885,0.08299866131191433,0.0012747501959070769,0.00041425020712510354
LAB02108,0.9378773186524447,0.967942923553719,0.963092637800334,0.9728423101881895,0.9808991296042746,0.10032552083333333,0.10134114583333333,2.0,1.0,0.9963459196102314,0.9378773186524445,0.963092637800334,0.9728423101881895,0.967942923553719,0.9378773186524447,0.9394084828124063,0.9797314660156752,0.9863075924724205,0.9830085311311191,0.9665848349981161,0.9400340028239633,0.9871836052935886,0.9918234912394549,0.9894981090385301,0.9792145050783079,0.9406964843858048,0.9901387639727611,0.9946138870863076,0.9923712803852766,0.9848580742763261,0.9414355586284602,0.9924514968521135,0.9971122647631409,0.994776421631616,0.9896071312277361,0.9420759212565639,0.9939290761916999,0.9991239454899415,0.9965197406579073,0.9930636217111545,0.861056627649478,0.9253416740327735,0.9717937732076549,0.8831278390655418,0.9769470404984424,0.10032552083333333,0.091171875,1.0,1.0,0.9549330085261876,0.861056627649478,0.9717937732076549,0.8831278390655418,0.9253416740327735,0.861056627649478,0.8669198055893074,0.9868966009711511,0.9013951979234264,0.9422101578613196,0.8907347379667805,0.8720196353436185,0.9934304484433019,0.9123621025308242,0.9511720383171711,0.9068904272832597,0.8771141203573636,0.9961082547843473,0.9201817001946788,0.9566408101068893,0.9168854018575276,0.8862295766560526,0.9985361325335619,0.9316677482154445,0.9639436739172883,0.9303969771237451,0.89690014197823,0.9999285918309054,0.9438027255029202,0.9710553324549064,0.9437391174509876,0.00020182291666666667,0.0,0.9997981770833333,0.4592284065652105,6.357386589050293,0.14341512322425842,1.7058985948562653,3.2962358164787346,1.0,0.07381917536258698,LAB02108,1.0,0.7706829539144919,0.05063291139240506,0.0014478028956057911,0.0004041443162612977
LAB02123,0.9424353352910415,0.9703646944312133,0.9578478269757553,0.9832130266912875,1.0,0.07756510416666666,0.079619140625,1.0,1.0,1.0,0.9424353352910415,0.9578478269757553,0.9832130266912875,0.9703646944312133,0.9424353352910415,0.9454249883882954,0.9792714338280387,0.993662917575961,0.9864146866761184,0.9731935474097769,0.9479671764267065,0.9905147389508974,0.9983213026691288,0.994402699678504,0.9888677101266949,0.950933908045977,0.9968109898196983,1.0,0.9984029484029485,0.9968109898196986,0.9569089630696086,1.0,1.0,1.0,1.0,0.9618197330733135,1.0,1.0,1.0,1.0,0.9292621702810583,0.9633342576200328,0.9794838429841682,0.9477085781433607,0.9977989728539985,0.07756510416666666,0.075048828125,1.0,1.0,0.9956076134699854,0.9292621702810584,0.9794838429841682,0.9477085781433607,0.9633342576200328,0.9292621702810583,0.9318703044681692,0.9922793320320972,0.9683985227463489,0.9801934947647987,0.9611563465549119,0.9343026796589525,0.9976144003469963,0.9820379385596777,0.9897648894606222,0.9797371712137125,0.9357270963727535,0.9993493819128172,0.9909770018465671,0.9951455825196028,0.9903380680903621,0.9389060957761819,1.0,0.9987409770018466,0.9993700919665729,0.9987409770018466,0.942992213570634,1.0,1.0,1.0,1.0,0.0,0.0,1.0,0.3520608697443337,3.4679489135742188,0.12028991058468819,1.1917295217514046,2.3941526770591746,1.0,0.06551063805818558,LAB02123,1.0,0.6797752808988764,0.008456659619450317,0.0019865747139438455,4.428305730227615e-05
LAB02153,0.727634914885911,0.8423480083857443,0.780952380952381,0.9142207053469852,0.9620173240464869,0.014306640625,0.016748046875,2.0,2.0,0.9622641509433962,0.7276349148859109,0.780952380952381,0.9142207053469852,0.8423480083857443,0.727634914885911,0.7722485116776064,0.9080660835762877,0.9469852104664391,0.9271173837990051,0.8641368308136683,0.8039889050323603,0.9712342079689018,0.9622298065984073,0.9667110399309058,0.9355669878310356,0.8326987423560632,0.9926141885325559,0.9722411831626848,0.9823220650080969,0.965258291677428,0.8676795580110497,0.9990281827016521,0.9872582480091012,0.9931083434052578,0.9863110265149094,0.899166307316372,1.0,0.9974971558589306,0.9987470099100125,0.9974971558589307,0.6933809766887868,0.8189308681672026,0.7333093395717114,0.9271899886234357,0.9666397440770302,0.014306640625,0.018089192708333333,1.0,2.0,0.969811320754717,0.6933809766887868,0.7333093395717114,0.9271899886234357,0.8189308681672026,0.6933809766887868,0.7439360929557008,0.8738527982724492,0.9510807736063709,0.9108327099746515,0.8362652076647046,0.7806672586578713,0.9560914162317797,0.9651877133105802,0.9606180315594584,0.924220412444466,0.8145954403218596,0.9883030412092856,0.9758816837315131,0.9820530866019864,0.9647389993293366,0.8558818230949379,0.9998200467878352,0.9902161547212742,0.994994926617633,0.9900397052414426,0.8915782024062279,1.0,0.9988623435722411,0.9994308480364257,0.9988623435722412,0.0,0.0,1.0,0.25017847489235767,4.75579833984375,0.1328512579202652,0.532853370904923,2.0651730775833137,1.0,0.057532355189323425,LAB02153,1.0,0.028125,0.25101214574898784,5.6417863886925325e-05,0.016196319018404907
LAB02177,0.6865638274088979,0.8141569459172853,0.7268639053254438,0.9252786984031335,0.9121283799452715,0.021608072916666665,0.027506510416666668,4.0,3.0,0.9841269841269841,0.6865638274088979,0.7268639053254438,0.9252786984031335,0.8141569459172853,0.6865638274088979,0.7189807976366323,0.8320710059171598,0.9667068394094607,0.8943502771998747,0.8088911512905536,0.7420957186785461,0.8740828402366864,0.978758662247665,0.9234639339161976,0.8578104933126421,0.7620715199676746,0.8897041420118343,0.9870442904489304,0.9358498756384651,0.8794340706391901,0.7884161376632915,0.9015384615384615,0.9938234407954203,0.9454342780155046,0.8965152747771605,0.8172601184199854,0.9087573964497041,0.9981922265742693,0.9513775907089732,0.9072642185400169,0.6767149299786377,0.8071913929784825,0.7612817089452604,0.85899367279301,0.9273947528981086,0.021608072916666665,0.024381510416666665,5.0,3.0,0.927960927960928,0.6767149299786376,0.7612817089452604,0.85899367279301,0.8071913929784825,0.6767149299786377,0.7122627593667027,0.8862483311081442,0.8954504368785778,0.8908256205064766,0.8031429836246756,0.736705032344787,0.9412550066755674,0.914281410063272,0.9275721532266483,0.8649273291601525,0.7599079335395238,0.9579439252336449,0.9284423018981621,0.9429624222666059,0.8920803215800523,0.7876532154250854,0.962082777036048,0.9451642060861706,0.9535484519764308,0.9112208336615256,0.8104082855430969,0.9636849132176235,0.9576679722808075,0.9606670213726141,0.9243111121532355,4.8828125e-05,0.0,0.999951171875,0.40937843351828634,6.338133811950684,0.1801140308380127,1.1079055070877086,3.188694081306459,1.0,0.07097180187702179,LAB02177,1.0,0.5544871794871795,0.1929530201342282,0.0028951649072543125,0.013854787793756576
LAB02179,0.7958193979933108,0.8863022627805195,0.8720908924317391,0.9009844755774328,0.9684703422531895,0.017194010416666666,0.017763671875,2.0,3.0,0.9983552631578947,0.795819397993311,0.8720908924317391,0.9009844755774328,0.8863022627805195,0.7958193979933108,0.8238456237077877,0.944841487997068,0.9695191215448694,0.9570212475916462,0.9175846059967931,0.8445279473931423,0.9637163276525563,0.9918591442635365,0.9775852333857413,0.9561532807502664,0.8611335215812828,0.9704966098588969,0.9990533888678531,0.984567975010631,0.9696050063232337,0.8846790074832611,0.979475902510537,1.0,0.9896315497130161,0.979475902510537,0.9054890879576745,0.9875389408099688,1.0,0.9937304075235109,0.9875389408099687,0.7948343079922028,0.8856910127613359,0.8484480665857465,0.9263536539189701,0.9685721065853466,0.017194010416666666,0.018772786458333333,1.0,3.0,0.9983552631578947,0.7948343079922028,0.8484480665857465,0.9263536539189701,0.8856910127613359,0.7948343079922028,0.8247200107947645,0.938442864574302,0.9769026883756153,0.957286643005583,0.9180726770058134,0.8464471403812825,0.9641061210334663,0.9929950776221128,0.9783373830124161,0.9575934038744474,0.8643611720151485,0.9729495404889891,0.9990533888678531,0.985828693408652,0.9720534262816445,0.8916967509025271,0.9819663603259927,1.0,0.9909011373578303,0.9819663603259927,0.9182131415100042,0.9887289752037455,1.0,0.9943325486092947,0.9887289752037455,0.0,0.0,1.0,0.17170186440990315,4.123093605041504,0.04203594848513603,0.5103314518928531,1.9529818487167367,1.0,0.048691295087337494,LAB02179,1.0,0.0,0.2128146453089245,3.3217735613398703e-05,0.02738606172082567
LAB02190,0.7130411472992898,0.8324857209920977,0.8944182918628111,0.778574564612908,0.9486652115513768,0.022242838541666667,0.019361979166666668,1.0,1.0,0.9238095238095239,0.7130411472992897,0.8944182918628111,0.778574564612908,0.8324857209920977,0.7130411472992898,0.7442873969375736,0.9604909213180901,0.8393092345968096,0.8958204580206603,0.8112996337668263,0.7693359991581605,0.9868863483523873,0.8842382555246597,0.932746714206061,0.8739694003492177,0.7913133597135859,0.9956287827841291,0.9219961949363383,0.9573988240258281,0.9182790563527481,0.8218771943512523,0.9998318762609281,0.9682423532855261,0.9837835933493824,0.9680847375726479,0.8517540550735572,1.0,0.9941460559051661,0.9970644356377514,0.9941460559051661,0.7135156455429924,0.8328090232486764,0.8753225806451613,0.7942338650665887,0.9458079737756946,0.022242838541666667,0.020182291666666668,1.0,1.0,0.9238095238095239,0.7135156455429924,0.8753225806451613,0.7942338650665887,0.8328090232486764,0.7135156455429924,0.7450457758720593,0.9474193548387096,0.8492609395580272,0.8956587924463673,0.811034475866798,0.7702842913467525,0.9808064516129033,0.8911166398360896,0.9338128831076115,0.8758433377336169,0.7921013412816692,0.9958064516129033,0.925215864188497,0.9592141841508549,0.9216249583188848,0.8223047751722002,1.0,0.9701448851163471,0.984846233843411,0.9701448851163469,0.8527388694347173,1.0,0.9944387531099078,0.9972116231288524,0.9944387531099078,0.0,0.0,1.0,0.25782293194692707,3.240478277206421,0.1370946392416954,0.5971171140670777,1.9543584561347969,1.0,0.05841134861111641,LAB02190,0.0,0.029160739687055477,0.20827943078913325,5.340560892407725e-05,0.027271052146674038
LAB02195,0.782731059326804,0.8781257893407426,0.9658285873037922,0.8050248929026282,0.9725983156534916,0.028115234375,0.023434244791666666,2.0,1.0,0.9560439560439561,0.782731059326804,0.9658285873037922,0.8050248929026282,0.8781257893407426,0.782731059326804,0.8084651975536356,0.9938880400055563,0.8887345142989463,0.9383746120349528,0.8839037033898135,0.8290137712770507,0.9988887345464648,0.9329628343174713,0.9648008987546592,0.9319954949671104,0.8445701357466063,0.9993054590915404,0.9600555748523792,0.979287390491924,0.9594153940783424,0.868980343980344,0.9993054590915404,0.9851800393655205,0.9921924773866372,0.9845059251133251,0.8930931518919184,0.9993054590915404,0.996410790783837,0.9978560256651563,0.995721224914281,0.7603012848914487,0.8638308582934809,0.9461061337008959,0.7947203890239667,0.9746425463003355,0.028115234375,0.023616536458333334,1.0,1.0,0.9546703296703297,0.7603012848914489,0.9461061337008959,0.7947203890239667,0.8638308582934809,0.7603012848914487,0.7887364482394704,0.988973121984838,0.8711358110455019,0.9263219883783135,0.8627558526407689,0.811980315628712,0.9990351481736733,0.9128169503299757,0.9539819716620275,0.9120129345933148,0.830477908025248,1.0,0.9438462429084172,0.9711120376436954,0.9438462429084176,0.8597009414805242,1.0,0.9803172397823319,0.9900608044901777,0.9803172397823319,0.8846134969325153,1.0,0.9962950098413801,0.9981440668135947,0.99629500984138,0.0001171875,0.0,0.9998828125,0.42816296217606575,8.34090805053711,0.2196284830570221,0.9966472685337072,3.4676873087883027,1.0,0.07250264286994934,LAB02195,1.0,0.18104906937394247,0.46547314578005117,0.0001240894517258495,0.0337995337995338
LAB02205,0.8194262141383837,0.9007523446356797,0.9178743961352657,0.8842573856738163,0.977053912888201,0.016087239583333333,0.015498046875,1.0,1.0,0.9847619047619047,0.8194262141383837,0.9178743961352657,0.8842573856738163,0.9007523446356797,0.8194262141383837,0.8432870731326992,0.9781558496114262,0.9569000404694455,0.967411201791676,0.936879427193342,0.8619997322982198,0.9911783238815375,0.981788749494132,0.9864611936623564,0.9732840888716138,0.8757670487437768,0.9932787229573619,0.9917037636584379,0.992490618492112,0.9850931779977091,0.8968363136176066,0.9949590422180214,0.9955483609874545,0.9952536143645264,0.9905520722376688,0.9194377051519909,0.9974795211090107,0.9987859166329421,0.9981322914054619,0.9962715464756157,0.8323561744228654,0.9085091490850914,0.8980035580154181,0.9192634560906515,0.9835732571337616,0.016087239583333333,0.016468098958333333,1.0,1.0,0.9847619047619047,0.8323561744228655,0.8980035580154181,0.9192634560906515,0.9085091490850914,0.8323561744228654,0.8581527585676963,0.9737102194109508,0.9710643464184541,0.9723854830547045,0.9462551054117396,0.8768394537982235,0.9950583119193517,0.9868474301902064,0.9909358625317858,0.9820345662249845,0.8906807971431863,0.9990116623838703,0.9929178470254958,0.995955433444707,0.9919434521334664,0.9110561509572227,0.9996046649535482,0.9957507082152974,0.9976739646953948,0.9953587251599262,0.9284747453159508,1.0,0.9989882638607851,0.9994938758983704,0.9989882638607853,0.0,0.0,1.0,0.22021678694220706,5.02392578125,0.10340404137969017,0.5055818259716054,1.9491514599323276,1.0,0.054928552359342575,LAB02205,0.0,0.022556390977443608,0.31007751937984496,0.00011599313320651418,0.040061633281972264
LAB02251,0.900060592289631,0.9474019891176528,0.9362246907744426,0.9588493968612579,0.9660405654879555,0.08068684895833333,0.08263671875,2.0,1.0,0.9951219512195122,0.9000605922896311,0.9362246907744426,0.9588493968612579,0.9474019891176528,0.900060592289631,0.9034470180558088,0.9516662727487591,0.976358575059507,0.9638543061822328,0.9302304800696797,0.9068948517501233,0.9627353659497361,0.9871303505870013,0.9747802540991672,0.9508012872329671,0.9099178602946167,0.9721106121484283,0.9937063783434865,0.9827898735431724,0.9661621015968954,0.9156053982132675,0.984637201607185,0.99907209424295,0.9918021286053662,0.98373757448368,0.9230323738923959,0.9952729851099031,1.0,0.9976308931532812,0.995272985109903,0.8663516440244142,0.9283905814836695,0.9731080543146534,0.8876023722112397,0.9909762100082035,0.08068684895833333,0.07359700520833333,1.0,1.0,0.9821138211382113,0.8663516440244142,0.9731080543146534,0.8876023722112397,0.9283905814836695,0.8663516440244142,0.8709921928295308,0.9837232960325534,0.9145923266228265,0.9478990399004066,0.9009582500625007,0.875598435844023,0.9907116634968376,0.9370234397062976,0.9631199319288768,0.9288633869879859,0.8787217568804111,0.9951346808792959,0.9535240246903619,0.9738850865047654,0.9490994368139919,0.8849609759296911,0.998717324959087,0.9784564489450115,0.9884830763759946,0.9772284113987076,0.8940417139783661,0.9999557698261754,0.9970952515431476,0.9985234620227195,0.9970512779455368,0.0,0.0,1.0,0.4079085869412665,3.758007049560547,0.14777670800685883,1.40602080821991,2.5624120521545417,1.0,0.0698687881231308,LAB02251,1.0,0.6349605168700646,0.001644736842105263,0.003591135714412448,0.00013635743829825916
LAB02277,0.8812960571298338,0.9369031033577645,0.952070253190529,0.9222116225455124,0.9684953145138626,0.08189453125,0.079326171875,2.0,1.0,0.9405940594059405,0.8812960571298336,0.952070253190529,0.9222116225455124,0.9369031033577645,0.8812960571298338,0.8849146907310658,0.967499692231934,0.9426822481914302,0.9549297537548437,0.9137469535524725,0.8881886991726808,0.9786203783495424,0.9568328165990937,0.9676039652535366,0.9372410709531266,0.8907804778988696,0.9866223480651648,0.9688766992606725,0.9776690050730674,0.9563135715580479,0.8951075336435669,0.9934342812589766,0.9829477700930122,0.9881632054181756,0.9766033521508448,0.9026979086201471,0.9976609626985105,0.9919707448922808,0.9948077169682233,0.9896690750229077,0.8346746111583998,0.9098884413420781,0.9690939310902476,0.857500596231815,0.9472312703583062,0.08189453125,0.07246419270833333,1.0,1.0,0.8997524752475248,0.8346746111583998,0.9690939310902476,0.857500596231815,0.9098884413420781,0.8346746111583998,0.8387996430165104,0.9799200395310184,0.8834168057874234,0.9291694450464589,0.867709126106111,0.8430213817556678,0.9865684380755582,0.9055966293028063,0.9443500120585469,0.8945673498278115,0.8455765920826162,0.9909707560307264,0.9251927816201606,0.9569527571746788,0.9174586901572773,0.8509549249816053,0.9955527604330443,0.9559185944828683,0.9753331947090784,0.9518539974876649,0.8604224860335196,0.9987871164817393,0.9803640988949837,0.9894898619468626,0.9791983520850441,0.0,0.0,1.0,0.40275704395452827,4.309417724609375,0.14425545930862427,1.367428457736969,2.7199200105667116,1.0,0.06965020298957825,LAB02277,1.0,0.45550906555090653,0.007267441860465116,0.0017238070189156721,0.00023177119547582625
LAB02359,0.6264221804926545,0.7703069817984244,0.6789177541003233,0.8901271385967666,0.8964678574566171,0.020738932291666668,0.027190755208333334,7.0,6.0,0.9475032010243278,0.6264221804926544,0.6789177541003233,0.8901271385967666,0.7703069817984244,0.6264221804926545,0.6675378010080268,0.7995929606129535,0.9299952911630828,0.8598782831157735,0.7541986705293938,0.6959683283509736,0.8795642284209266,0.9518129022131534,0.9142634435391657,0.84206747769402,0.7227840988902936,0.9275709325990662,0.970177366190551,0.9483958699031229,0.9018563571215279,0.7501388734585046,0.9507961211540764,0.9883848689373724,0.9692261881638151,0.9402898841960964,0.7709156502319189,0.9595354962288998,0.9992151938471198,0.9789734362062603,0.9588128956887995,0.6296254891000558,0.7727241544899498,0.6863270777479893,0.8840056506043007,0.9384213611895752,0.020738932291666668,0.026712239583333332,1.0,6.0,0.9436619718309859,0.6296254891000559,0.6863270777479893,0.8840056506043007,0.7727241544899498,0.6296254891000558,0.6825823806321453,0.8123324396782842,0.9235598807094647,0.864382706547285,0.7611566955970069,0.7223956136651202,0.8998293931269803,0.9458483754512635,0.9222651799377404,0.8557440687352591,0.7613484149426998,0.9594199366317329,0.964055878198085,0.9617323206656395,0.9262855232883794,0.8110117248881905,0.9903728978796003,0.9824203421754827,0.9863805911956945,0.9731271743891107,0.8549848942598187,0.9990251035827443,0.9954481243132947,0.9972334063891224,0.9944820786242682,5.208333333333334e-05,0.0,0.9999479166666667,0.4736353917181744,5.9653401374816895,0.14047569036483765,1.3673458456993162,4.528903417587282,1.0,0.07626596093177795,LAB02359,0.0,0.10419485791610285,0.1282051282051282,0.0014685420194129185,0.006747159090909091
LAB02360,0.5149632259700736,0.6798359420775091,0.5513168612544121,0.8864876664483737,0.9101178813272659,0.014912109375,0.023977864583333335,5.0,2.0,0.9104258443465492,0.5149632259700736,0.5513168612544121,0.8864876664483737,0.6798359420775091,0.5149632259700736,0.572106568870672,0.7020092316046701,0.8950010914647457,0.786844041555012,0.648592652970671,0.6122851507466892,0.8175400488732012,0.8982754857018118,0.8560083175423095,0.7482644591465097,0.649885208265005,0.907683953298941,0.9004584151931893,0.9040567472189185,0.8249120060959095,0.6983752620545073,0.9698615259299485,0.9039511023793931,0.9357471310359903,0.8792526271945946,0.7428483385547737,0.9918544664675536,0.9089718402095612,0.9486061682102237,0.9022367637400173,0.4928286852589642,0.6602615425673873,0.5572072072072072,0.8100851342501637,0.902565923821362,0.014912109375,0.0216796875,1.0,2.0,0.8546255506607929,0.4928286852589641,0.5572072072072072,0.8100851342501637,0.6602615425673873,0.4928286852589642,0.5521340427940677,0.7031531531531532,0.8288583278760097,0.7608485366855706,0.614007697372592,0.5937407443972752,0.8187687687687688,0.8354071163501419,0.8270042650579487,0.7050360375767304,0.6339857959466482,0.9147147147147147,0.8380266317397949,0.8746929978297228,0.7772927708996585,0.6856884687565163,0.986936936936937,0.8399912682820345,0.9075544479567326,0.8307548566235436,0.7303211758301579,0.9986486486486487,0.8432656625191006,0.9144031394083805,0.8423045170838618,0.000517578125,0.0,0.999482421875,0.5425824972981111,7.429126739501953,0.18366390466690063,1.6540346503257752,3.9835417604446435,1.0,0.08187922090291977,LAB02360,1.0,0.4114942528735632,0.12546625974906747,0.002422664931424567,0.002155753166262463
LAB02364,0.48148148148148145,0.65,0.48691476590636257,0.9773493975903614,0.8757316127015667,0.013509114583333334,0.027115885416666666,5.0,2.0,0.9971223021582734,0.48148148148148145,0.48691476590636257,0.9773493975903614,0.65,0.48148148148148145,0.5432273739623406,0.6309723889555823,0.9879518072289156,0.7701043859241603,0.626154266354407,0.5865902073224526,0.7519807923169267,0.9927710843373494,0.8557604053372946,0.7478856782521603,0.6282674068933611,0.8499399759903962,0.9954216867469879,0.9169462025986143,0.8466303380300035,0.676934450468211,0.9195678271308524,0.9990361445783132,0.9576562023653762,0.9187527229869568,0.7241429331270248,0.9456182472989195,1.0,0.9720491145801197,0.9456182472989196,0.4497347815104823,0.62043732032407,0.4858780188293082,0.8580722891566265,0.896473593442197,0.013509114583333334,0.023857421875,1.0,2.0,0.9064748201438849,0.44973478151048246,0.4858780188293082,0.8580722891566265,0.62043732032407,0.4497347815104823,0.5201617309583652,0.6365124846500204,0.8713253012048193,0.7356354080142404,0.5818222154251262,0.5713735311115392,0.7670896438804748,0.8816867469879518,0.8204056978337628,0.6954981863909895,0.6204460333673817,0.8806112702960841,0.8898795180722892,0.8852211352562651,0.7940777882075828,0.6835329134076279,0.969709373720835,0.9016867469879518,0.9344617967711686,0.8769857279068264,0.7385431477633162,0.9934506753990995,0.9106024096385542,0.9502241150567285,0.9051685494833761,0.00043619791666666666,0.0,0.9995638020833333,0.5500233668695242,6.781776428222656,0.10725978389382362,1.9838951826095645,4.066981196403505,1.0,0.08234641700983047,LAB02364,1.0,0.8471986417657046,0.10270700636942676,0.002983807913606565,0.0011232799775344005
LAB02367,0.5557650862068964,0.7144588744588743,0.594010941549093,0.8961772371850565,0.9218482651664691,0.014986979166666666,0.022610677083333332,1.0,4.0,0.9492455418381345,0.5557650862068966,0.594010941549093,0.8961772371850565,0.7144588744588743,0.5557650862068964,0.6265389876880985,0.7523754678951915,0.9246307558644656,0.8296564290789573,0.7088998903339386,0.6759350880664952,0.8672617333717247,0.9411381407471764,0.902690944594672,0.822640567985865,0.7225929456625357,0.9362222862078894,0.9550390964378801,0.9455370838632073,0.8967001773067051,0.7789817323053414,0.9712064497552548,0.9739357080799305,0.9725691641858151,0.946603051304281,0.8288566932551956,0.991073999424129,0.9904430929626412,0.9907584457544424,0.9816861400391583,0.5147673810768426,0.6796652575273919,0.5637612709317303,0.8555603822762815,0.900170769968637,0.014986979166666666,0.022744140625,1.0,4.0,0.9327846364883402,0.5147673810768426,0.5637612709317303,0.8555603822762815,0.6796652575273919,0.5147673810768426,0.591106653293213,0.7153284671532847,0.8935708079930496,0.7945763246321972,0.6591676776132288,0.6445308701993194,0.833977386575068,0.9161598609904431,0.8731390725117256,0.7748419092477684,0.6947818648417451,0.9174180621153571,0.9331016507384883,0.925193395380766,0.86079987916387,0.7579397956365644,0.9716616573636754,0.9565595134665508,0.9640514441833551,0.930597797323427,0.8137949688936976,0.9919851152139688,0.9811033883579496,0.9865142450277334,0.9733873813102866,0.00023763020833333335,0.0,0.9997623697916667,0.4879721057381539,7.5714240074157715,0.09692412614822388,1.8103812932968144,3.8095992350578314,0.9999967447916667,0.0769389346241951,LAB02367,1.0,0.3007518796992481,0.1466535433070866,0.0007311015262996248,0.0033003300330033004
LAB02373,0.5513228674936874,0.7107777227372443,0.5712010919017289,0.9406255853156021,0.9374390963557301,0.017379557291666667,0.02861979166666667,2.0,4.0,0.9927385892116183,0.5513228674936875,0.5712010919017289,0.9406255853156021,0.7107777227372443,0.5513228674936874,0.6303463242607831,0.7478389444949954,0.9754635699569207,0.8466182117559466,0.7340311945144081,0.6839067190025399,0.8754549590536852,0.9908222513579322,0.9295727865644617,0.8684128868332823,0.7307591451422578,0.9476797088262057,0.9981269900730474,0.9722493974957563,0.9459973996869946,0.7862506341958396,0.9790718835304822,1.0,0.9894252873563217,0.9790718835304819,0.8350170966739198,0.9883985441310282,1.0,0.9941654272966479,0.9883985441310282,0.528482678740655,0.6915128134472307,0.5469107551487414,0.9400636823375164,0.9510748306900787,0.017379557291666667,0.029873046875,2.0,4.0,0.991701244813278,0.5284826787406549,0.5469107551487414,0.9400636823375164,0.6915128134472307,0.528482678740655,0.6113157894736843,0.7226762558570339,0.9711556471249297,0.8286904098135082,0.707490501876252,0.6679954870251974,0.8581235697940504,0.986327027533246,0.9177697370454345,0.848035550715296,0.7182462927143778,0.947695325269696,0.9951301741899232,0.9708336794806517,0.943320491668188,0.7784202322892051,0.9873597036068432,1.0,0.9936396534707753,0.9873597036068431,0.8301303120528982,0.9979296066252588,1.0,0.9989637305699481,0.9979296066252588,0.0,0.0,1.0,0.29197129862960236,4.396673679351807,0.05875334143638611,1.005756211280823,2.260462245941164,0.9999967447916667,0.060518912971019745,LAB02373,1.0,0.159375,0.12554112554112554,0.00045011303211590074,0.009563658099222952
LAB02392,0.7951803235216124,0.8859057924183393,0.9727110534425432,0.8133242922529242,0.9422216383535998,0.09601236979166666,0.08027994791666666,7.0,1.0,0.9221052631578948,0.7951803235216123,0.9727110534425432,0.8133242922529242,0.8859057924183393,0.7951803235216124,0.8049066160177272,0.9829697510339794,0.8468214951686727,0.9098304694632722,0.8345770487782129,0.8139337555683506,0.987957181088314,0.8735039837260553,0.9272119663237408,0.8643011827288432,0.8222936018751628,0.989944043467683,0.8971351076453636,0.941257345220983,0.8890331762608019,0.8380873822574637,0.9909982969751034,0.930835734870317,0.9599753284983448,0.9230313037788517,0.8561021782368023,0.9924580326007623,0.9619257501271402,0.9769533966830989,0.9549451545175363,0.6883086253369274,0.8153824662236325,0.9910255166391773,0.6926258687913206,0.9149057681324957,0.09601236979166666,0.06710286458333334,2.0,1.0,0.8431578947368421,0.6883086253369273,0.9910255166391773,0.6926258687913206,0.8153824662236325,0.6883086253369274,0.6977163655103553,0.9971863781895799,0.7268350567892863,0.84081323249883,0.725347507469698,0.7066395036577461,0.9996604249539148,0.7557552127479233,0.8607631844111996,0.7555612429592392,0.7130678466076696,1.0,0.7800305136463808,0.876423755285513,0.7800305136463808,0.7261226041157626,1.0,0.8181047635192406,0.8999533799533799,0.8181047635192404,0.7443511785661998,1.0,0.8595016104424479,0.9244429858148269,0.8595016104424477,0.00109375,0.0,0.99890625,0.5482747116917259,7.720137119293213,0.1831440031528473,1.7787869095802329,4.166824045181278,1.0,0.08172768354415894,LAB02392,1.0,0.39786013677476284,0.016216216216216217,0.0017692418564427788,0.002300651035292966
LAB02394,0.882969084121634,0.9378476700094317,0.9413082956609096,0.934412396440626,0.9886506935687264,0.08486979166666667,0.084248046875,1.0,1.0,0.9775561097256857,0.8829690841216339,0.9413082956609096,0.934412396440626,0.9378476700094317,0.882969084121634,0.8901696088611977,0.9587342065607974,0.959880331389997,0.9593069266444865,0.921796206014312,0.8965471535555702,0.9702870831884394,0.9754909481436024,0.9728820569559226,0.9471960484621507,0.9029616227025997,0.9791352729801786,0.9863838600797791,0.9827462005916735,0.9660776899169865,0.9134992679355783,0.9896062748734593,0.9961644676281067,0.9928745417297093,0.9858499093399378,0.9229070837166513,0.9962520768131061,0.9996548020865296,0.997950538878802,0.9959094611579256,0.7902716593245227,0.8828511083314536,0.9485349195858118,0.8256750536974532,0.9162162162162162,0.08486979166666667,0.073876953125,1.0,1.0,0.8453865336658354,0.7902716593245228,0.9485349195858118,0.8256750536974532,0.8828511083314536,0.7902716593245227,0.7966083879331488,0.9642211940956158,0.8491485118134398,0.903033716022973,0.8232100924278587,0.8026752489188373,0.9757215245648821,0.8656796563362995,0.9174125473862026,0.8474258085766682,0.808408215661104,0.984313725490196,0.8775314513654495,0.9278604503378798,0.8654288060078473,0.8187141420713314,0.9931262392597489,0.8913393679042652,0.9394838632084201,0.8858741801427715,0.8315744816248608,0.9980612469706984,0.9029226756673826,0.9481112605561757,0.9013417721892146,0.00044596354166666667,0.0,0.9995540364583333,0.4701061734652467,6.6049675941467285,0.11786665767431259,1.5734254837036137,4.07891850948334,1.0,0.07520686835050583,LAB02394,1.0,0.6253025302530253,0.004280821917808219,0.0012716102300328617,0.0003251730385097784
LAB02397,0.8464413015982521,0.9168353208581125,0.9475784392598552,0.8880243674417202,0.9626168224299065,0.107939453125,0.10115559895833333,4.0,1.0,0.9279279279279279,0.8464413015982523,0.9475784392598552,0.8880243674417202,0.9168353208581125,0.8464413015982521,0.8557258042171179,0.9649557522123894,0.9078681504267319,0.9355418763827112,0.8788902593965007,0.8633871010887302,0.9768302493966211,0.9197502940378178,0.9474313255166371,0.9001135493431526,0.8705390550409,0.9860981496379726,0.927410356162731,0.955854268109965,0.9154414359188622,0.8822267743101578,0.995076427996782,0.9368195663319159,0.9650696212214921,0.9324971428131524,0.8953449983492902,0.9995494770716009,0.9457764106275822,0.9719197412085645,0.9453734111684133,0.7480002335493666,0.8558353931458348,0.9590148594527829,0.7727012274194035,0.9334248455730955,0.107939453125,0.08696940104166667,1.0,1.0,0.8751608751608752,0.7480002335493665,0.9590148594527829,0.7727012274194035,0.8558353931458348,0.7480002335493666,0.7544155698053774,0.9746977579818094,0.7913990168581683,0.8735363298203831,0.7754678228380822,0.7605232447689093,0.9838305198937006,0.804427154015501,0.885129695455583,0.7939306409432837,0.7669283097854527,0.9906052326234233,0.8130522633372539,0.8930895452844452,0.8068308881534092,0.7785590468517298,0.9972676572968522,0.8226122621309448,0.9015590476726935,0.8207624140037094,0.7925919326458338,1.0,0.8316897373262161,0.9081120239722081,0.8316897373262163,9.114583333333334e-05,0.0,0.9999088541666666,0.4975303524261593,6.213044166564941,0.14328809082508087,1.76651133298874,4.302013168334962,1.0,0.07688143104314804,LAB02397,1.0,0.5077617089027464,0.005479452054794521,0.001978413312523356,0.00011708687846382016
LAB02406,0.2578052329048108,0.4099287014563107,0.34389615347904934,0.5073456934991786,0.5689618125758842,0.06935221354166667,0.102314453125,9.0,1.0,0.6331360946745562,0.2578052329048107,0.34389615347904934,0.5073456934991786,0.4099287014563107,0.2578052329048108,0.27568804252742074,0.3638127962839235,0.5454588124853321,0.43649200945931216,0.2791747865058021,0.28813379684585383,0.38166141707231716,0.5733865289838066,0.45827964153179107,0.29725211774923904,0.29851492074913555,0.39951003786071076,0.5982633184698427,0.4790911673399679,0.31500321192957326,0.31498630729316807,0.42652158696827974,0.6347805679417977,0.5102177809826487,0.342478098120398,0.33091082196128213,0.452133244249308,0.666510208871157,0.5387801130406259,0.3687193952456831,0.052227681775520333,0.09927068576525525,0.11253196930946291,0.08880544473128374,0.13626340096805958,0.06935221354166667,0.054729817708333336,3.0,1.0,0.11094674556213018,0.05222768177552035,0.11253196930946291,0.08880544473128374,0.09927068576525525,0.052227681775520333,0.05933650760790808,0.12317849283292691,0.09899084721896269,0.10976801175030226,0.058071185141642,0.06583308959734815,0.1334086718610599,0.10941093639990612,0.12022396227984344,0.06395653517620872,0.07234781813610076,0.14411467316957116,0.12076977235390754,0.13141350174149194,0.07032775943953741,0.08439506676179798,0.1584488193659668,0.14475475240553862,0.15129254238175796,0.08183692977399123,0.0986365006471746,0.16963064295485636,0.17812720018774936,0.17377512594708422,0.09515538224020982,0.0010514322916666667,0.0,0.9989485677083333,0.6896733415304577,6.3702239990234375,0.15768758207559586,2.2566801309585576,5.070808677673341,1.0,0.09382437914609909,LAB02406,1.0,0.4593828877556277,0.007707258226660412,0.02146331382346646,0.0005285412262156448
LAB02415,0.6255899318300996,0.7696774193548387,0.7085725598891308,0.8423158390209461,0.7670538542766632,0.06915690104166666,0.08221028645833334,10.0,1.0,0.8888888888888888,0.6255899318300996,0.7085725598891308,0.8423158390209461,0.7696774193548387,0.6255899318300996,0.6325255647256107,0.7442090675113839,0.8591197928924453,0.7975465991275473,0.6632661178793947,0.6388655658177069,0.7758463670560285,0.8725817839491645,0.8213756925024692,0.6968935625012045,0.644576898232427,0.8057414373391407,0.883172511179101,0.842681995965742,0.7281334888321652,0.6549892433135907,0.845495941397743,0.8966345022358202,0.8703146602230311,0.7704044919223747,0.6714973564954683,0.8709562462878638,0.9085902565309485,0.8893753076847739,0.8007883435679499,0.6465011286681714,0.7853029887578831,0.8346757100466299,0.7414450458931513,0.8538192249720425,0.06915690104166666,0.061432291666666666,1.0,1.0,0.7582417582417582,0.6465011286681716,0.8346757100466299,0.7414450458931513,0.7853029887578831,0.6465011286681714,0.6567187439124167,0.8743641373463332,0.7552835961402683,0.8104731794743439,0.6813408201390473,0.6657641953788525,0.9093895718524798,0.7678041892209931,0.8326207014451585,0.7132392209420728,0.6763636363636364,0.9406528189910979,0.7801835726053189,0.8529362587699789,0.7435822684582089,0.6938184159690921,0.9768440016956338,0.8007060484819958,0.88004824449572,0.7857912094610372,0.7128681727194738,0.993217465027554,0.8208990350670746,0.8988741997665038,0.8163228938745197,0.002447916666666667,0.0,0.9975520833333333,0.6371819991054266,6.618653297424316,0.16636864840984344,2.042400121688843,5.01070453643799,1.0,0.08923883736133575,LAB02415,0.0,0.3914072455852904,0.010256410256410256,0.01510421270351972,0.00044438801422041644
LAB02430,0.4191109372963107,0.5906669116296159,0.42866666666666664,0.9494979326639102,0.8559363447074321,0.011022135416666667,0.0244140625,1.0,9.0,0.9654135338345865,0.41911093729631077,0.42866666666666664,0.9494979326639102,0.5906669116296159,0.4191109372963107,0.5041276215975011,0.5848,0.9654459539279385,0.7283912496936636,0.5728108189867291,0.5675121951219512,0.7186666666666667,0.9760779681039575,0.8278234789502498,0.7062276577668414,0.627275850223291,0.8333333333333334,0.9855286473715298,0.9030634336436458,0.8232594858637193,0.703832028272469,0.9376,0.9985233313644418,0.9671031388558523,0.9363017501908031,0.7705738373674191,0.9870666666666666,1.0,0.9934912433738173,0.9870666666666665,0.3437670114316821,0.5116467490378772,0.38933415536374844,0.746012994683993,0.7857750647428784,0.011022135416666667,0.021119791666666665,2.0,9.0,0.8045112781954887,0.3437670114316821,0.38933415536374844,0.746012994683993,0.5116467490378772,0.3437670114316821,0.41618430192174116,0.5456226880394575,0.7566450088600118,0.6340365880360294,0.46416806078606226,0.47125857200484067,0.6851109741060419,0.7649143532191376,0.7228166401870494,0.5659458641027936,0.5259193619849357,0.813810110974106,0.7728883638511518,0.7928215412516493,0.656755871931046,0.5975322730190429,0.9414303329223181,0.7900177200236267,0.859103620129911,0.7530075783286604,0.6600167177486765,0.9905980271270037,0.8092144122858831,0.8907663740724272,0.8030466740742221,0.00023763020833333335,0.0,0.9997623697916667,0.5959293755831944,6.913748741149902,0.09433262050151825,1.9865212559700043,3.819178137779236,1.0,0.08564470708370209,LAB02430,1.0,0.8046511627906977,0.09288238263503282,0.002304470205301282,0.0011876484560570072
LAB02453,0.8413020923396161,0.913812128753551,0.9378343212375307,0.8909898360955957,0.9609901038725045,0.07110026041666667,0.067548828125,7.0,1.0,0.9562982005141388,0.8413020923396162,0.9378343212375307,0.8909898360955957,0.913812128753551,0.8413020923396161,0.8505325009181051,0.9629897354344369,0.9202453987730062,0.941132476770752,0.8888104093518352,0.8578660586621324,0.9786034407980339,0.9424045417086347,0.9601629306468149,0.9233782473672243,0.864223270785325,0.9871331502096284,0.9583371486127644,0.9725220364923128,0.946513765776775,0.8753970354685019,0.9937352416751,0.9766962732350517,0.9851420866770497,0.9707192245773578,0.8888597335199276,0.9968194303888969,0.9872264444647926,0.9919997460833111,0.9841264843225919,0.7425620742693912,0.8522647029153636,0.9487366647950589,0.7736013185605713,0.9371584699453552,0.07110026041666667,0.05797526041666667,1.0,1.0,0.8817480719794345,0.7425620742693914,0.9487366647950589,0.7736013185605713,0.8522647029153636,0.7425620742693912,0.7508828783912918,0.970466030320045,0.8040014650673015,0.8794256442607231,0.7847990093263729,0.7586927383111252,0.9835485682201011,0.8292738760186796,0.8998466849443674,0.8179284401818704,0.765990056446488,0.9908478382930938,0.8520739858987272,0.9162360073127629,0.8454202330905258,0.7792088940107785,0.9971364402021337,0.8847175167109239,0.9375691157721009,0.8824753964616352,0.7944201901800132,1.0,0.9070597930592437,0.9512651846161233,0.9070597930592437,0.0009342447916666667,0.0,0.9990657552083333,0.5361746265198599,7.73159122467041,0.17437347769737244,1.5682463884353672,4.335176968574527,1.0,0.08090443909168243,LAB02453,1.0,0.5259858442871588,0.05366922234392114,0.0014976533248958499,0.0021897378232822395
LAB02454,0.5767400089806914,0.731560061513926,0.635432642358878,0.8619555734514462,0.8790452440637839,0.048505859375,0.06579752604166667,3.0,1.0,0.8965986394557823,0.5767400089806916,0.635432642358878,0.8619555734514462,0.731560061513926,0.5767400089806914,0.6010259453959641,0.6833226141592045,0.8820213408496074,0.7700609523485431,0.626096840993022,0.6223293172690763,0.7262652748231336,0.8979263136702235,0.803024354501877,0.6708777722605186,0.645885666438304,0.7672784841438678,0.9145023823904436,0.834446408172619,0.7159228147239075,0.6823424105759631,0.8261514866669964,0.9410777800147642,0.8798776951994424,0.7855193057298402,0.7198427102238355,0.885420274081037,0.9673176296892826,0.9245588801955877,0.8597019987144763,0.5732704096526224,0.7287627176299595,0.6757857306721725,0.7907522985034562,0.8810352156378345,0.048505859375,0.0567578125,1.0,1.0,0.8258503401360544,0.5732704096526223,0.6757857306721725,0.7907522985034562,0.7287627176299595,0.5732704096526224,0.5910484646011624,0.723847212663455,0.8055164082947454,0.762501211495425,0.6161631983630876,0.6063080578958738,0.7657719660472585,0.8146433125293604,0.789452012416262,0.6521443350560713,0.6236475727758951,0.8048290892406516,0.8229649016844507,0.8137959668020356,0.6860505815412465,0.6516333137139494,0.8612066987841248,0.8372592443460171,0.8490641484643239,0.7377163091508797,0.6803550181689552,0.9209107593484744,0.8522246829071874,0.8852373723613272,0.7941039198959031,0.001640625,0.0,0.998359375,0.565357956425214,8.158557891845703,0.13942718505859375,1.9236966848373442,4.587404584884644,1.0,0.08340775966644287,LAB02454,1.0,0.3425272610647851,0.0037148416769856715,0.006059739190499781,0.0005940762114911313
LAB02464,0.5608156314008883,0.7186186761821908,0.5747305360975494,0.9586152635719906,0.729974417500268,0.08274739583333333,0.138017578125,8.0,1.0,0.9986168741355463,0.5608156314008883,0.5747305360975494,0.9586152635719906,0.7186186761821908,0.5608156314008883,0.5696355563370994,0.6026793084742564,0.9712037765538946,0.7437965704175773,0.5920988216572728,0.579111852524442,0.6299441024552466,0.9806451612903225,0.7671125716055951,0.6222081221191536,0.5890327432369261,0.6576806056746621,0.9878048780487805,0.7896272764600047,0.6523835683859184,0.6072327283818819,0.7070685629378052,0.9931943351691581,0.8260563611285089,0.7036593016702186,0.6322725187877077,0.7675652727658672,0.9964988198269079,0.8671769825858288,0.7655008498726332,0.6521619472815119,0.7894649169890244,0.7454647139012199,0.838985051140834,0.9681923238341815,0.08274739583333333,0.09312825520833333,1.0,1.0,0.9626556016597511,0.6521619472815119,0.7454647139012199,0.838985051140834,0.7894649169890244,0.6521619472815119,0.6648424397563775,0.7761194029850746,0.8524390243902439,0.8124909190482045,0.6841976470588236,0.6765431398678726,0.8049914362613164,0.8640440597954366,0.8334730691241526,0.7144910649412677,0.6902132312739202,0.8345275962109826,0.8750196695515342,0.8542940883736998,0.745648669265441,0.7135827022616589,0.88664406305708,0.8915420928402833,0.8890863321151036,0.8003199148749904,0.7380123473982269,0.9440735432905729,0.9080645161290323,0.9257189882994104,0.8617102771219932,0.00016276041666666666,0.0,0.9998372395833334,0.6433244441283023,6.779581069946289,0.17010660469532013,2.3114202499389656,4.3407243347168,1.0,0.08787627518177032,LAB02464,0.0,0.7454190080625458,0.0010985992859104642,0.039187899365387,0.0004688892014816899
LAB02476,0.5702553382111392,0.7263217953594522,0.6038899430740038,0.9110209923664122,0.8928012318747593,0.013645833333333333,0.0205859375,3.0,2.0,0.9543509272467903,0.5702553382111393,0.6038899430740038,0.9110209923664122,0.7263217953594522,0.5702553382111392,0.6395392047565961,0.7520556609740671,0.9580152671755725,0.8426326570659378,0.7280598180088311,0.6879898326625715,0.860056925996205,0.9818702290076335,0.9169356004046048,0.8466122612350181,0.7299716817392893,0.9320050600885516,0.9921278625954199,0.9611271417818179,0.9251633962507122,0.7812857961053837,0.9799177735610373,0.9978530534351145,0.988804091066839,0.9778561031858347,0.8236778582400702,0.9919354838709677,1.0,0.9959514170040485,0.9919354838709675,0.49338879809835084,0.6607640270592916,0.5667235494880546,0.7922232824427481,0.8369871152426619,0.013645833333333333,0.019075520833333335,1.0,2.0,0.8359486447931527,0.4933887980983509,0.5667235494880546,0.7922232824427481,0.6607640270592916,0.49338879809835084,0.5626084800396727,0.7230375426621161,0.8327767175572519,0.7740369102464956,0.631370484736311,0.6139976528326043,0.845221843003413,0.860925572519084,0.8530014375932496,0.7436813484782354,0.6597164303586321,0.9315699658703072,0.8828721374045801,0.9065675509021495,0.8291024760149782,0.717978848413631,0.990443686006826,0.90625,0.9464781762767525,0.8983944660318545,0.7665245808468315,0.9998293515358362,0.9153148854961832,0.9557073255589432,0.915171913918167,0.0008951822916666666,0.0,0.9991048177083334,0.4653240593939942,8.338335037231445,0.12950988113880157,1.501137506961826,3.5850645232200673,1.0,0.07528775185346603,LAB02476,1.0,0.6280137772675086,0.15045293422607325,0.0011581893639610076,0.014754591990364349
LAB02481,0.27174076299188954,0.4273524461897311,0.27237485886337975,0.9915056857103712,0.5547445255474452,0.023759765625,0.08649088541666666,12.0,3.0,1.0,0.2717407629918895,0.27237485886337975,0.9915056857103712,0.4273524461897311,0.27174076299188954,0.31090128755364804,0.33767406849830633,0.9973969036854363,0.5045350807443402,0.33737674100403725,0.34379254662318337,0.398118178396688,0.9998629949308124,0.5694835406697696,0.39809646156493894,0.3790849673202614,0.4624764772299586,1.0,0.6324566369859489,0.4624764772299586,0.4285141970053583,0.5544599171998494,1.0,0.7133794973609026,0.5544599171998493,0.48308717426364484,0.6506962739932255,1.0,0.788390068173009,0.6506962739932256,0.3519121434472035,0.5206139247331153,0.35288958191209435,0.9921907110563091,0.7737321196358908,0.023759765625,0.06680338541666667,2.0,3.0,1.0,0.35191214344720345,0.35288958191209435,0.9921907110563091,0.5206139247331153,0.3519121434472035,0.40582306830907056,0.43684826040346947,0.9980819290313742,0.6077095006401954,0.4364818268311311,0.4516008316008316,0.5147159146282039,0.9998629949308124,0.679588752610522,0.514679615123019,0.5012865317408502,0.5964330961894552,1.0,0.7472071302118307,0.5964330961894551,0.570837780149413,0.7155735308449469,1.0,0.8342091061436646,0.7155735308449468,0.6432895779110558,0.8317902738524511,1.0,0.9081719514790381,0.831790273852451,1.3020833333333334e-05,0.0,0.9999869791666667,0.5602876098778992,5.928187370300293,0.17683978378772736,1.7877152919769304,4.1827710008621235,1.0,0.08318547159433365,LAB02481,0.0,0.12280701754385964,0.017545180722891567,0.021931400699878933,0.0016570008285004142
