image_id,degraded,neutral,improved
khanhha_original::CFD_007.jpg,0.47404869534788846,0.1975702395178325,0.32838106513427895
khanhha_original::CFD_013.jpg,0.41328054533291103,0.3883533381108112,0.1983661165562779
khanhha_original::CFD_014.jpg,0.4087530308206562,0.2885830365942665,0.30266393258507734
khanhha_original::CFD_047.jpg,0.5549190871408384,0.18475414092730794,0.2603267719318536
khanhha_original::CFD_082.jpg,0.4542844605930517,0.23800554309640715,0.3077099963105412
khanhha_original::CRACK500_20160222_081111_641_361.jpg,0.421846735425662,0.43036601641761874,0.14778724815671931
khanhha_original::CRACK500_20160222_081113_1921_721.jpg,0.44494700430570827,0.44151810893548615,0.11353488675880553
khanhha_original::CRACK500_20160222_115305_1281_1081.jpg,0.10468332156525567,0.627694664013104,0.2676220144216404
khanhha_original::CRACK500_20160222_115305_1921_361.jpg,0.11255992787964376,0.4688766657860346,0.41856340633432154
khanhha_original::CRACK500_20160222_115305_641_1.jpg,0.12143581848986178,0.4942383092319895,0.3843258722781487
khanhha_original::CRACK500_20160222_115305_641_721.jpg,0.08477215676517244,0.5220760864294071,0.39315175680542047
khanhha_original::CRACK500_20160222_115828_641_1.jpg,0.25295163694720646,0.3791056859722836,0.3679426770805099
khanhha_original::CRACK500_20160222_164825_641_721.jpg,0.18917415431588994,0.6423723752469191,0.16845347043719086
khanhha_original::CRACK500_20160222_164851_641_1081.jpg,0.4174721566976993,0.3589118790375467,0.2236159642647541
khanhha_original::CRACK500_20160222_165218_641_1.jpg,0.36585675563073394,0.2991117125333458,0.33503153183592027
khanhha_original::CRACK500_20160222_165909_1281_1081.jpg,0.4079825573785729,0.2984731558033115,0.29354428681811545
khanhha_original::CRACK500_20160222_165926_1281_721.jpg,0.2897743387447333,0.5903577035108768,0.11986795774438981
khanhha_original::CRACK500_20160222_165947_1921_721.jpg,0.23517288623164237,0.6939113418391908,0.0709157719291669
khanhha_original::CRACK500_20160302_155848_1281_361.jpg,0.39620321363225974,0.2512137916294581,0.3525829947382822
khanhha_original::CRACK500_20160302_155848_1921_361.jpg,0.2264923556108184,0.5897627688929158,0.18374487549626586
khanhha_original::CRACK500_20160302_155848_641_721.jpg,0.16526708279117364,0.6533270623187335,0.1814058548900929
khanhha_original::CRACK500_20160302_160033_641_361.jpg,0.29427634740833686,0.3563266469918123,0.34939700559985093
khanhha_original::CRACK500_20160303_092627_641_721.jpg,0.22919866413334966,0.29317877441424756,0.47762256145240284
khanhha_original::CRACK500_20160303_093400_641_1.jpg,0.11131985021793046,0.7044397667681109,0.18424038301395854
khanhha_original::CRACK500_20160303_093400_641_721.jpg,0.23201994152029387,0.6239304660649568,0.14404959241474924
khanhha_original::CRACK500_20160307_145259_1921_721.jpg,0.30685830579522666,0.48454978442480157,0.20859190977997183
khanhha_original::CRACK500_20160307_145259_1_361.jpg,0.08077343703839826,0.806965868812511,0.11226069414909069
khanhha_original::CRACK500_20160307_164214_1281_1081.jpg,0.10723125943227338,0.8132587338500099,0.07951000671771657
khanhha_original::CRACK500_20160307_164214_1_721.jpg,0.245997098426987,0.6756205986799037,0.07838230289310945
khanhha_original::CRACK500_20160307_164226_1921_721.jpg,0.25660003335779674,0.6400308487683679,0.10336911787383528
khanhha_original::CRACK500_20160307_164226_1_721.jpg,0.1811224366560385,0.6851951948422664,0.13368236850169507
khanhha_original::CRACK500_20160307_164226_641_721.jpg,0.12253296524096874,0.8090295248875121,0.06843750987151909
khanhha_original::CRACK500_20160308_073245_1_361.jpg,0.27050514030844636,0.623250377295737,0.10624448239581669
khanhha_original::CRACK500_20160308_073245_641_1.jpg,0.30227928585470104,0.6018700872736408,0.09585062687165816
khanhha_original::CRACK500_20160308_074702_1281_361.jpg,0.21457528623274535,0.28378102772966757,0.501643686037587
khanhha_original::CRACK500_20160308_074702_1921_361.jpg,0.19376055867205907,0.44322055209885564,0.3630188892290852
khanhha_original::CRACK500_20160308_074702_641_721.jpg,0.15617327220637778,0.3929426507645469,0.45088407702907535
khanhha_original::CRACK500_20160308_155720_1281_361.jpg,0.14305672533311042,0.46913786691197235,0.3878054077549173
khanhha_original::CRACK500_20160308_155720_1_1.jpg,0.1350089216283798,0.6302308708649851,0.23476020750663518
khanhha_original::CRACK500_20160308_155720_641_721.jpg,0.08912358422771872,0.7864788741226523,0.12439754164962905
khanhha_original::CRACK500_20160308_155731_1281_1.jpg,0.039925950898456526,0.7127909388601334,0.2472831102414101
khanhha_original::CRACK500_20160308_155731_641_1081.jpg,0.13043885470700928,0.37658266498942083,0.49297848030356994
khanhha_original::CRACK500_20160310_114441_641_1.jpg,0.10845032731976467,0.7636267975235248,0.12792287515671044
khanhha_original::CRACK500_20160310_114441_641_1081.jpg,0.08876037136549185,0.6385951418512412,0.2726444867832669
khanhha_original::CRACK500_20160316_141721_1_721.jpg,0.08385837759771216,0.8763534011963496,0.03978822120593826
khanhha_original::CRACK500_20160316_141721_641_721.jpg,0.16132554741351518,0.7779944708028825,0.0606799817836021
khanhha_original::CRACK500_20160316_142539_1_721.jpg,0.2605924642664911,0.37607671306856766,0.36333082266494127
khanhha_original::CRACK500_20160316_143603_1921_361.jpg,0.24692984331928805,0.4555241823488196,0.2975459743318922
khanhha_original::CRACK500_20160316_143624_1_641.jpg,0.21413651305214895,0.5315526517827993,0.2543108351650517
khanhha_original::CRACK500_20160316_144212_1921_721.jpg,0.14108436163841578,0.6728884483379345,0.18602719002364979
khanhha_original::CRACK500_20160316_144212_641_721.jpg,0.09433532485344069,0.773761699328578,0.13190297581798127
khanhha_original::CRACK500_20160316_144241_641_361.jpg,0.21176912411047202,0.460320757662124,0.327910118227404
khanhha_original::CRACK500_20160321_185518_1921_721.jpg,0.12235909467108695,0.5441920656326942,0.3334488396962188
khanhha_original::CRACK500_20160321_185518_1_721.jpg,0.23308733858892255,0.3476364009201074,0.41927626049097005
khanhha_original::CRACK500_20160325_185829_641_361.jpg,0.6107668075015377,0.18346617257453077,0.20576701992393162
khanhha_original::CRACK500_20160326_174634_1921_361.jpg,0.2682036722403648,0.10977080278654333,0.6220255249730919
khanhha_original::CRACK500_20160326_174634_641_721.jpg,0.2663790509186613,0.16851927499621105,0.5651016740851277
khanhha_original::CRACK500_20160328_150927_1281_721.jpg,0.3209195065650091,0.575512103447684,0.10356838998730679
khanhha_original::CRACK500_20160328_150933_1921_361.jpg,0.3390510861113463,0.40775609176556343,0.2531928221230902
khanhha_original::CRACK500_20160328_151020_641_721.jpg,0.36604021461082015,0.41689501248319705,0.21706477290598278
khanhha_original::CRACK500_20160328_151201_1281_721.jpg,0.0763068314941384,0.8721095573250081,0.05158361118085352
khanhha_original::CRACK500_20160328_151201_1_1.jpg,0.04675405746188369,0.9149323683957484,0.03831357414236789
khanhha_original::CRACK500_20160328_151409_1921_1081.jpg,0.35444694553994177,0.5582385964008234,0.08731445805923474
khanhha_original::CRACK500_20160328_152322_1281_721.jpg,0.17172060247155174,0.6278498944747057,0.20042950305374257
khanhha_original::CRACK500_20160328_152322_1_721.jpg,0.2968081250262657,0.5600698413806251,0.14312203359310915
khanhha_original::CRACK500_20160328_152511_1921_721.jpg,0.13676291895375503,0.62281304223179,0.24042403881445498
khanhha_original::CRACK500_20160328_153524_641_361.jpg,0.05778751564808857,0.8682163636475417,0.07399612070436966
khanhha_original::CRACK500_20160328_153604_1_361.jpg,0.3006059314353182,0.509299861337964,0.19009420722671772
khanhha_original::CRACK500_20160328_153604_641_1.jpg,0.11177552275847256,0.7880830155856714,0.10014146165585612
khanhha_original::CRACK500_20160328_153604_641_721.jpg,0.20663182951728779,0.6979662716505098,0.0954018988322024
khanhha_original::CRACK500_20160328_153706_1281_1.jpg,0.28839355115078574,0.39451671239352426,0.3170897364556901
khanhha_original::CRACK500_20160328_153706_1281_1081.jpg,0.09844530925453986,0.8040607455124283,0.09749394523303193
khanhha_original::CRACK500_20160328_153706_1921_1.jpg,0.46428902832484853,0.4387194486920389,0.09699152298311257
khanhha_original::CRACK500_20160328_153915_1921_721.jpg,0.06066870446419463,0.877918529017297,0.06141276651850833
khanhha_original::CRACK500_20160328_154159_1921_1081.jpg,0.10228297350903756,0.7317503799522889,0.16596664653867355
khanhha_original::CRACK500_20160328_154159_1_361.jpg,0.06526316771617457,0.8847397503492334,0.04999708193459215
khanhha_original::CRACK500_20160328_154429_641_721.jpg,0.16270630631807964,0.5560447972093241,0.28124889647259627
khanhha_original::CRACK500_20160328_154454_1_721.jpg,0.2789070398693588,0.26926999353246744,0.45182296659817384
khanhha_original::CRACK500_20160328_154454_721_1.jpg,0.12920944712351354,0.6025023623010375,0.26828819057544906
khanhha_original::CRACK500_20160329_094055_1_721.jpg,0.17152054956767895,0.36782928775496043,0.4606501626773606
khanhha_original::CRACK500_20160329_103609_1281_721.jpg,0.1785439828451806,0.5390866117763385,0.28236940537848076
khanhha_original::CRACK500_20160329_103609_1921_721.jpg,0.31293916243562964,0.3896581016054334,0.29740273595893696
khanhha_original::CRACK500_20160329_103609_1_721.jpg,0.2792217609013786,0.5062803978901461,0.21449784120847534
khanhha_original::CRACK500_20160329_103609_641_361.jpg,0.40076949774953075,0.2294624817786554,0.36976802047181384
khanhha_original::CRACK500_20160329_104205_1921_361.jpg,0.23159723033129156,0.4185992291324958,0.34980354053621265
khanhha_original::CRACK500_20160329_115529_1_721.jpg,0.10994093516085308,0.7527560046189573,0.13730306022018965
khanhha_original::CRACK500_20160330_165325_1921_361.jpg,0.43911723000584935,0.3508188524072019,0.21006391758694873
khanhha_original::CRACK500_20160330_165325_1921_721.jpg,0.4463812619476234,0.4078843028350277,0.1457344352173488
khanhha_original::CRACK500_20160330_165325_1_721.jpg,0.35167399114099546,0.28530626721654445,0.36301974164246004
khanhha_original::CRACK500_20160330_165333_1921_1081.jpg,0.3553525768778377,0.29275809064891534,0.351889332473247
khanhha_original::CRACK500_20160330_165333_1_721.jpg,0.33674468362480303,0.24346520605188943,0.4197901103233076
khanhha_original::CRACK500_20160330_170308_1281_361.jpg,0.1703276448855917,0.4256289581038307,0.40404339701057757
khanhha_original::CRACK500_20160330_170308_1921_1081.jpg,0.23842897875566146,0.3208668734554244,0.44070414778891404
khanhha_original::CRACK500_20160330_170308_1921_361.jpg,0.300207583343935,0.25776480644100264,0.4420276102150623
khanhha_original::CRACK500_20160330_170308_1921_721.jpg,0.18055075975714133,0.2684798595588848,0.5509693806839739
khanhha_original::CRACK500_20160402_150300_1281_721.jpg,0.29180017726050245,0.5519213851577925,0.156278437581705
khanhha_original::CRACK500_20160405_171219_1281_721.jpg,0.14895779136872167,0.41944458834533,0.4315976202859483
khanhha_original::CRACK500_20160405_171219_641_721.jpg,0.3610130402717114,0.4457252173807218,0.19326174234756688
khanhha_original::CRACK500_20160405_171456_1_361.jpg,0.0920560557460433,0.41010806299998004,0.49783588125397654
khanhha_original::CRACK500_20160405_172854_1921_1.jpg,0.11943958760877085,0.2837921285696299,0.5967682838215993
khanhha_original::CRACK500_IMG_2937_1297_969.jpg,0.4952207801223657,0.2562373973752089,0.24854182250242532
khanhha_original::CRACK500_IMG_2938_1297_969.jpg,0.32583119290104473,0.23597044064894238,0.43819836645001287
khanhha_original::DeepCrack_11114.jpg,0.21612752302642518,0.06697556864525717,0.7168969083283177
khanhha_original::DeepCrack_11118.jpg,0.592353545238225,0.10009725103280989,0.30754920372896505
khanhha_original::DeepCrack_11134-3.jpg,0.3555254541471127,0.20818230393536266,0.4362922419175245
khanhha_original::DeepCrack_11134-4.jpg,0.4098376639337544,0.3460360849081622,0.24412625115808334
khanhha_original::DeepCrack_11134.jpg,0.41599501194232547,0.29695071328323475,0.28705427477443973
khanhha_original::DeepCrack_11153.jpg,0.44575819605606426,0.22995875339352495,0.3242830505504108
khanhha_original::DeepCrack_11164-2.jpg,0.18873797081973803,0.6539408594762163,0.15732116970404572
khanhha_original::DeepCrack_11164-4.jpg,0.0558487784046133,0.7947007009407652,0.1494505206546215
khanhha_original::DeepCrack_11178-3.jpg,0.3811507379660186,0.4233673174637721,0.19548194457020923
khanhha_original::DeepCrack_11204.jpg,0.3787304591713521,0.30482788199595523,0.31644165883269276
khanhha_original::DeepCrack_7Q3A9060-3.jpg,0.654142922108199,0.2462012997955235,0.09965577809627747
khanhha_original::DeepCrack_7Q3A9060-9.jpg,0.39627573819306544,0.528652669619597,0.07507159218733749
khanhha_original::DeepCrack_IMG109-1.jpg,0.37491503189885744,0.14295267790320848,0.48213229019793397
khanhha_original::DeepCrack_IMG14-1.jpg,0.27958033950081407,0.30631558303927814,0.41410407745990774
khanhha_original::DeepCrack_IMG14-3.jpg,0.21595782146990303,0.6165838660485855,0.1674583124815115
khanhha_original::Eugen_Muller_8980_79_365_456_521.jpg,0.06822789818414457,0.025255625167796766,0.9065164766480587
khanhha_original::Eugen_Muller_8980a_123_420_527_438.jpg,0.04522013151402529,0.03545615386129183,0.9193237146246829
khanhha_original::Eugen_Muller_8980a_25_22_747_752.jpg,0.31643187518171423,0.2939425740387954,0.3896255507794904
khanhha_original::GAPS384_train_0503_541_1.jpg,0.38741707034018413,0.26912147657104163,0.34346145308877424
khanhha_original::GAPS384_train_0533_541_1.jpg,0.316770091895467,0.29534506728390136,0.38788484082063157
khanhha_original::GAPS384_train_0559_541_641.jpg,0.5376165357048566,0.2274315430697703,0.2349519212253732
khanhha_original::GAPS384_train_0599_1_1.jpg,0.12140210121618566,0.6909191896887191,0.1876787090950953
khanhha_original::GAPS384_train_0608_1_1.jpg,0.3253965771113908,0.49476063814868215,0.1798427847399272
khanhha_original::GAPS384_train_0641_1_1.jpg,0.3633038474621377,0.40156543338932454,0.2351307191485378
khanhha_original::GAPS384_train_0641_541_641.jpg,0.24893658962666618,0.43044278789824303,0.3206206224750908
khanhha_original::GAPS384_train_0690_541_1.jpg,0.3869981783679808,0.2754616408198746,0.3375401808121446
khanhha_original::GAPS384_train_0961_1_1.jpg,0.4183169605577109,0.38074017483380557,0.20094286460848346
khanhha_original::GAPS384_train_1048_1_1.jpg,0.386087968590564,0.3417304198837792,0.2721816115256568
khanhha_original::GAPS384_train_1048_541_1.jpg,0.35062221321152165,0.22566585876361456,0.4237119280248639
khanhha_original::GAPS384_train_1085_541_1.jpg,0.42755759904418433,0.24600296308459557,0.32643943787122015
khanhha_original::GAPS384_train_1172_541_641.jpg,0.2686358854655375,0.2558389394998397,0.4755251750346227
khanhha_original::GAPS384_train_1173_541_1.jpg,0.44319699583922695,0.21889976139263947,0.33790324276813366
khanhha_original::GAPS384_train_1173_541_641.jpg,0.35849765106196296,0.28231580260078143,0.35918654633725566
khanhha_original::GAPS384_train_1187_1_1.jpg,0.34698402362982655,0.36251798615750386,0.2904979902126697
khanhha_original::GAPS384_train_1361_541_641.jpg,0.3537000431595801,0.1050915113151639,0.541208445525256
khanhha_original::GAPS384_train_1370_541_641.jpg,0.5887739277459779,0.11165055190595172,0.29957552034807033
khanhha_original::Rissbilder_for_Florian_9S6A2783_485_963_3019_3865.jpg,0.37562938738153395,0.48955056678213427,0.13482004583633175
khanhha_original::Rissbilder_for_Florian_9S6A2783_510_849_2889_2880.jpg,0.35992488513921184,0.4975695301430387,0.1425055847177493
khanhha_original::Rissbilder_for_Florian_9S6A2783_555_1445_2892_3793.jpg,0.3893930255590269,0.472672283345238,0.13793469109573508
khanhha_original::Rissbilder_for_Florian_9S6A2783_96_1214_3516_4173.jpg,0.3732366603404237,0.5252707071021652,0.10149263255741116
khanhha_original::Rissbilder_for_Florian_9S6A2787_1034_2113_2702_3383.jpg,0.21176481438527048,0.6382911251348856,0.1499440604798439
khanhha_original::Rissbilder_for_Florian_9S6A2787_114_2564_2503_2920.jpg,0.2005843935921216,0.598748249588694,0.20066735681918435
khanhha_original::Rissbilder_for_Florian_9S6A2787_1217_749_2520_2686.jpg,0.1933138817324673,0.665492626492032,0.14119349177550072
khanhha_original::Rissbilder_for_Florian_9S6A2787_1287_2060_2196_2885.jpg,0.20378942409195935,0.6197433415503302,0.17646723435771036
khanhha_original::Rissbilder_for_Florian_9S6A2787_38_553_3789_4026.jpg,0.17149451389021064,0.7037171959697188,0.12478829014007065
khanhha_original::Rissbilder_for_Florian_9S6A2787_469_792_2677_2506.jpg,0.27263322687956476,0.5451405904478605,0.18222618267257468
khanhha_original::Rissbilder_for_Florian_9S6A2789_29_2188_3523_3363.jpg,0.2577320804515331,0.6541710426224323,0.08809687692603445
khanhha_original::Rissbilder_for_Florian_9S6A2789_79_2844_3130_2630.jpg,0.18895744870427494,0.6962735449469384,0.11476900634878662
khanhha_original::Rissbilder_for_Florian_9S6A2795_244_2755_3348_2948.jpg,0.1596705689157568,0.7684830192673994,0.0718464118168438
khanhha_original::Rissbilder_for_Florian_9S6A2795_345_1636_2968_2382.jpg,0.19095217931933098,0.7493950540781571,0.0596527666025121
khanhha_original::Rissbilder_for_Florian_9S6A2795_726_782_2478_3159.jpg,0.24263005747518054,0.6739620961476506,0.08340784637716885
khanhha_original::Rissbilder_for_Florian_9S6A2799_133_2058_3555_3079.jpg,0.45161909684328166,0.33257350993277424,0.21580739322394418
khanhha_original::Rissbilder_for_Florian_9S6A2799_275_471_3176_4152.jpg,0.29787974571980974,0.3533234222961764,0.34879683198401384
khanhha_original::Rissbilder_for_Florian_9S6A2799_288_786_3196_3304.jpg,0.3656093117898298,0.37390570918470434,0.26048497902546586
khanhha_original::Rissbilder_for_Florian_9S6A2804_118_1818_2606_2570.jpg,0.4359754542738771,0.48576726086709715,0.07825728485902565
khanhha_original::Rissbilder_for_Florian_9S6A2805_1632_240_3224_2475.jpg,0.18451840499015817,0.722704635897867,0.09277695911197481
khanhha_original::Rissbilder_for_Florian_9S6A2805_3150_203_1998_2621.jpg,0.47957427216681714,0.38169831464453585,0.13872741318864698
khanhha_original::Rissbilder_for_Florian_9S6A2805_565_1400_2938_2247.jpg,0.15425100552794824,0.7585986177902893,0.0871503766817625
khanhha_original::Rissbilder_for_Florian_9S6A2806_1082_397_4233_3223.jpg,0.3322817963661446,0.5451361710440179,0.12258203258983755
khanhha_original::Rissbilder_for_Florian_9S6A2806_3363_1303_2009_2459.jpg,0.5142558559902641,0.3461496621216153,0.1395944818881205
khanhha_original::Rissbilder_for_Florian_9S6A2806_368_348_2093_2759.jpg,0.5733219974757902,0.2490919083522479,0.17758609417196186
khanhha_original::Rissbilder_for_Florian_9S6A2817_266_1535_2877_3827.jpg,0.14248289872329875,0.7398715774045854,0.11764552387211569
khanhha_original::Rissbilder_for_Florian_9S6A2817_362_2779_2835_2376.jpg,0.09647716578973678,0.8524865094293272,0.05103632478093584
khanhha_original::Rissbilder_for_Florian_9S6A2817_378_2811_2792_2576.jpg,0.14810225810876088,0.7887239982812976,0.06317374360994164
khanhha_original::Rissbilder_for_Florian_9S6A2817_515_925_2769_3395.jpg,0.0944455803024194,0.792219018474706,0.1133354012228746
khanhha_original::Rissbilder_for_Florian_9S6A2817_67_221_2558_2411.jpg,0.05711669280742732,0.8638282328831808,0.07905507430939207
khanhha_original::Rissbilder_for_Florian_9S6A2820_304_486_3141_3670.jpg,0.12319477407394838,0.4895090996813855,0.38729612624466603
khanhha_original::Rissbilder_for_Florian_9S6A2820_366_660_2637_3456.jpg,0.15013348684693636,0.46700153033990793,0.3828649828131558
khanhha_original::Rissbilder_for_Florian_9S6A2831_130_3142_3148_2567.jpg,0.246458315453882,0.7063594308494325,0.04718225369668546
khanhha_original::Rissbilder_for_Florian_9S6A2831_1392_523_2363_2146.jpg,0.304674990824921,0.5836942131739629,0.11163079600111607
khanhha_original::Rissbilder_for_Florian_9S6A2831_14_1354_3612_3768.jpg,0.2593607055784322,0.6830434027260945,0.05759589169547318
khanhha_original::Rissbilder_for_Florian_9S6A2831_183_1551_2640_2168.jpg,0.2656770968415617,0.655557932423257,0.0787649707351813
khanhha_original::Rissbilder_for_Florian_9S6A2831_237_201_3399_4522.jpg,0.2249208327519363,0.7382133004866663,0.036865866761397456
khanhha_original::Rissbilder_for_Florian_9S6A2831_277_1810_3479_3118.jpg,0.2387855897284955,0.7159995304661065,0.045214879805397956
khanhha_original::Rissbilder_for_Florian_9S6A2831_343_1804_2873_2254.jpg,0.18390100724948577,0.7454945491587665,0.07060444359174778
khanhha_original::Rissbilder_for_Florian_9S6A2832_1234_336_2375_2845.jpg,0.40109191695374413,0.5092481759163761,0.0896599071298799
khanhha_original::Rissbilder_for_Florian_9S6A2832_185_2346_3101_2742.jpg,0.5143029141437971,0.4052666186474548,0.08043046720874807
khanhha_original::Rissbilder_for_Florian_9S6A2832_375_1408_3366_3866.jpg,0.4411509240102468,0.5002710265380539,0.058578049451699234
khanhha_original::Rissbilder_for_Florian_9S6A2841_19_570_3460_3784.jpg,0.1681457414557058,0.6412235710307606,0.19063068751353357
khanhha_original::Rissbilder_for_Florian_9S6A2841_217_2299_3214_2878.jpg,0.17532143434927958,0.5777529980848588,0.24692556756586165
khanhha_original::Rissbilder_for_Florian_9S6A2841_247_162_2749_3393.jpg,0.2729615919475217,0.5456663050819343,0.181372102970544
khanhha_original::Rissbilder_for_Florian_9S6A2841_319_1106_2769_3450.jpg,0.20717646836926815,0.5409068725955565,0.2519166590351753
khanhha_original::Rissbilder_for_Florian_9S6A2841_341_1075_3324_3954.jpg,0.1532681492816535,0.6581564048189138,0.18857544589943276
khanhha_original::Rissbilder_for_Florian_9S6A2841_542_955_3068_2456.jpg,0.2617546697409152,0.5426097915897058,0.19563553866937897
khanhha_original::Rissbilder_for_Florian_9S6A2845_0_0_5760_3840.jpg,0.14417440156489564,0.6958435133022752,0.15998208513282922
khanhha_original::Rissbilder_for_Florian_9S6A2845_1333_32_4399_3805.jpg,0.16012649004398924,0.6862662433205471,0.1536072666354637
khanhha_original::Rissbilder_for_Florian_9S6A2845_1480_64_3182_3685.jpg,0.1904504094149147,0.6312615473976324,0.1782880431874528
khanhha_original::Rissbilder_for_Florian_9S6A2845_1641_474_2958_3084.jpg,0.15160797494116413,0.5979033848680678,0.25048864019076816
khanhha_original::Rissbilder_for_Florian_9S6A2845_2026_3_2804_3214.jpg,0.13790613735645163,0.6624459444041768,0.1996479182393715
khanhha_original::Rissbilder_for_Florian_9S6A2845_2181_159_3010_3511.jpg,0.19960300259122613,0.6059447380448653,0.19445225936390859
khanhha_original::Rissbilder_for_Florian_9S6A2845_628_184_3360_3293.jpg,0.13992531200855524,0.7054857168658443,0.15458897112560058
khanhha_original::Rissbilder_for_Florian_9S6A2851_1713_30_3619_3365.jpg,0.12436288925671879,0.7593616127816504,0.1162754979616308
khanhha_original::Rissbilder_for_Florian_9S6A2851_1976_734_2746_2491.jpg,0.21520555087325718,0.6417134644546646,0.14308098467207814
khanhha_original::Rissbilder_for_Florian_9S6A2851_2413_175_2645_3485.jpg,0.17683795376606454,0.6943999522409097,0.12876209399302585
khanhha_original::Rissbilder_for_Florian_9S6A2851_512_50_2972_2678.jpg,0.2184070512860345,0.6597981943762835,0.12179475433768201
khanhha_original::Rissbilder_for_Florian_9S6A2864_0_0_3840_5760.jpg,0.13948341699466757,0.7941563139484539,0.06636026905687854
khanhha_original::Rissbilder_for_Florian_9S6A2864_474_1863_3308_2536.jpg,0.17597189949645503,0.7476414669202577,0.07638663358328737
khanhha_original::Rissbilder_for_Florian_9S6A2864_95_886_3690_4688.jpg,0.10559991095709331,0.8503588498531564,0.04404123918975025
khanhha_original::Rissbilder_for_Florian_9S6A2879_0_0_5760_3840.jpg,0.1570009333566988,0.6185884654954402,0.22441060114786093
khanhha_original::Rissbilder_for_Florian_9S6A2879_1312_923_2418_2909.jpg,0.2933303406930229,0.4251321694162974,0.2815374898906796
khanhha_original::Rissbilder_for_Florian_9S6A2879_1320_542_3826_3214.jpg,0.1679182546260729,0.5356146073938701,0.29646713798005697
khanhha_original::Rissbilder_for_Florian_9S6A2882_346_490_2497_1975.jpg,0.06308286771364861,0.8197773793845151,0.11713975290183617
khanhha_original::Rissbilder_for_Florian_9S6A2882_458_1944_3282_2844.jpg,0.07084146514280895,0.7821481448364936,0.14701039002069746
khanhha_original::Rissbilder_for_Florian_9S6A2883_0_0_3840_5760.jpg,0.09508501799717999,0.7158720897245601,0.18904289227826002
khanhha_original::Rissbilder_for_Florian_9S6A2883_290_1780_2688_2984.jpg,0.16621223293304926,0.5586315728261669,0.27515619424078375
khanhha_original::Rissbilder_for_Florian_9S6A2885_167_1375_2073_2363.jpg,0.1497458811898584,0.6662871484000755,0.18396697041006616
khanhha_original::Rissbilder_for_Florian_9S6A2885_67_973_3621_3313.jpg,0.11482844696700988,0.6544921630188408,0.23067939001414928
khanhha_original::Rissbilder_for_Florian_9S6A2885_82_1409_2816_3479.jpg,0.09740689202088446,0.6816857166324222,0.22090739134669343
khanhha_original::Rissbilder_for_Florian_9S6A2886_106_479_3642_4594.jpg,0.031621104684312215,0.8847234567873375,0.08365543852835021
khanhha_original::Rissbilder_for_Florian_9S6A2886_110_1312_3454_3075.jpg,0.04645295477776543,0.8701369078929533,0.08341013732928126
khanhha_original::Rissbilder_for_Florian_9S6A2886_12_1171_3583_2973.jpg,0.05757551798872778,0.8424815719153553,0.09994291009591696
khanhha_original::Rissbilder_for_Florian_9S6A2886_273_2665_2929_2302.jpg,0.12008159367925923,0.7287869463240338,0.15113145999670685
khanhha_original::Rissbilder_for_Florian_9S6A2886_695_71_2627_3457.jpg,0.07238167229546999,0.824447906726064,0.10317042097846608
khanhha_original::Rissbilder_for_Florian_9S6A2886_984_32_2437_2598.jpg,0.05346450261399206,0.8898649678548992,0.05667052953110863
khanhha_original::Rissbilder_for_Florian_9S6A2887_452_483_3013_2564.jpg,0.3069160139678036,0.46550738747184434,0.227576598560352
khanhha_original::Rissbilder_for_Florian_9S6A2887_749_2501_3000_2991.jpg,0.5480886662336754,0.240477259238607,0.21143407452771754
khanhha_original::Rissbilder_for_Florian_9S6A2892_103_890_2526_2526.jpg,0.17691439560364214,0.6678445965219306,0.1552410078744273
khanhha_original::Rissbilder_for_Florian_9S6A2892_1086_390_3050_2813.jpg,0.17581245884889196,0.7247418252432526,0.09944571590785553
khanhha_original::Rissbilder_for_Florian_9S6A2892_1754_604_2639_2889.jpg,0.1777797866532075,0.7079910580929176,0.11422915525387492
khanhha_original::Rissbilder_for_Florian_9S6A2906_0_0_3840_5760.jpg,0.06331842508986833,0.8804820799293834,0.056199494980748325
khanhha_original::Rissbilder_for_Florian_9S6A2906_358_658_3398_3904.jpg,0.060406632027470174,0.8970585743910275,0.04253479358150237
khanhha_original::Rissbilder_for_Florian_9S6A2906_52_256_3772_3845.jpg,0.09521751277287654,0.8432583577187099,0.06152412950841343
khanhha_original::Rissbilder_for_Florian_9S6A2906_54_350_3631_4518.jpg,0.06689196104349401,0.8874633955331732,0.04564464342333275
khanhha_original::Rissbilder_for_Florian_9S6A2906_67_759_3263_3857.jpg,0.07841910783490327,0.8509719091755933,0.0706089829895033
khanhha_original::Rissbilder_for_Florian_9S6A2909_191_2009_3191_3109.jpg,0.6284123675604363,0.282834232263613,0.08875340017595068
khanhha_original::Rissbilder_for_Florian_9S6A2909_36_61_3613_3826.jpg,0.6477422706343366,0.17953099565642447,0.1727267337092389
khanhha_original::Rissbilder_for_Florian_9S6A2909_485_850_3106_4081.jpg,0.7671284917888569,0.1158371947692775,0.11703431344186555
khanhha_original::Rissbilder_for_Florian_9S6A2914_10_816_3799_4560.jpg,0.2702873875102308,0.5259469192608819,0.20376569322888738
khanhha_original::Rissbilder_for_Florian_9S6A2914_165_203_2511_2307.jpg,0.23009195924703751,0.4865164911588002,0.2833915495941622
khanhha_original::Rissbilder_for_Florian_9S6A2914_601_1274_2657_3363.jpg,0.25816808956143505,0.49199806694480525,0.2498338434937597
khanhha_original::Rissbilder_for_Florian_9S6A2914_61_827_3521_3770.jpg,0.2766381691062545,0.4850730445812864,0.23828878631245903
khanhha_original::Rissbilder_for_Florian_9S6A2914_864_1519_2861_3089.jpg,0.28428882036744935,0.4291875015148557,0.286523678117695
khanhha_original::Rissbilder_for_Florian_9S6A2916_1381_1379_2811_2259.jpg,0.25285197368265827,0.5508841427358401,0.1962638835815017
khanhha_original::Rissbilder_for_Florian_9S6A2916_1475_441_4120_3342.jpg,0.1528823584944934,0.729449145806351,0.11766849569915558
khanhha_original::Rissbilder_for_Florian_9S6A2916_2449_405_2485_3276.jpg,0.2733531783822545,0.5900603719475879,0.13658644967015762
khanhha_original::Rissbilder_for_Florian_9S6A2916_26_880_2781_2363.jpg,0.14517244480606875,0.5114711334474643,0.34335642174646697
khanhha_original::Rissbilder_for_Florian_9S6A2916_361_66_3733_3710.jpg,0.2775546473723252,0.5117242047143523,0.21072114791332253
khanhha_original::Rissbilder_for_Florian_9S6A3089_0_0_3840_5760.jpg,0.18516080832774334,0.6841868075773442,0.13065238409491234
khanhha_original::Rissbilder_for_Florian_9S6A3089_369_1679_3470_3717.jpg,0.1439157264208481,0.7712418693635905,0.08484240421556143
khanhha_original::Rissbilder_for_Florian_9S6A3094_17_1195_3751_3661.jpg,0.299463816223623,0.5855790784652621,0.11495710531111493
khanhha_original::Rissbilder_for_Florian_9S6A3094_504_2131_3084_3443.jpg,0.20165806254366506,0.686873746586811,0.111468190869524
khanhha_original::Rissbilder_for_Florian_9S6A3094_596_1754_2681_3046.jpg,0.22878793626796842,0.6594061161904164,0.11180594754161513
khanhha_original::Rissbilder_for_Florian_9S6A3099_120_26_3496_4484.jpg,0.05701712763060325,0.9000203766897368,0.04296249567966005
khanhha_original::Rissbilder_for_Florian_9S6A3099_12_492_3822_3921.jpg,0.05921211593166121,0.9078908300432577,0.032897054025081106
khanhha_original::Rissbilder_for_Florian_9S6A3099_441_1535_3289_4016.jpg,0.09762150560578081,0.825646698212021,0.07673179618219822
khanhha_original::Rissbilder_for_Florian_9S6A3099_86_2659_2827_2257.jpg,0.18782065923347485,0.7152133750146612,0.09696596575186388
khanhha_original::Rissbilder_for_Florian_9S6A3100_374_2397_2891_2543.jpg,0.12155917369588365,0.7978238478305963,0.08061697847351995
khanhha_original::Rissbilder_for_Florian_9S6A3100_62_648_2874_2646.jpg,0.07831395303503473,0.8715933269548777,0.050092720010087674
khanhha_original::Rissbilder_for_Florian_9S6A3100_765_387_2677_2632.jpg,0.06907610197718575,0.8951371150490864,0.035786782973727796
khanhha_original::Rissbilder_for_Florian_9S6A3102_100_448_3704_4115.jpg,0.0944908365792601,0.695115934785451,0.2103932286352889
khanhha_original::Rissbilder_for_Florian_9S6A3105_186_619_3616_4246.jpg,0.1357374239666404,0.5752715267175483,0.2889910493158113
khanhha_original::Rissbilder_for_Florian_9S6A3105_871_2904_2401_2180.jpg,0.19161160876540595,0.49861334933957124,0.3097750418950227
khanhha_original::Rissbilder_for_Florian_9S6A3105_95_40_3736_3924.jpg,0.0925870569288601,0.6520704400758057,0.2553425029953342
khanhha_original::Rissbilder_for_Florian_9S6A3115_1009_154_4329_3598.jpg,0.1629012957750565,0.6880798785200309,0.14901882570491257
khanhha_original::Rissbilder_for_Florian_9S6A3115_1837_674_2470_3120.jpg,0.2235095718770959,0.6067427666645665,0.16974766145833758
khanhha_original::Rissbilder_for_Florian_9S6A3115_1867_748_3166_2919.jpg,0.19148991839273125,0.6898636422794883,0.11864643932778049
khanhha_original::Rissbilder_for_Florian_9S6A3122_155_390_2741_3264.jpg,0.21430101311801814,0.6330393588457772,0.1526596280362046
khanhha_original::Rissbilder_for_Florian_9S6A3122_463_1629_3085_3858.jpg,0.09515586796940052,0.802345264680198,0.1024988673504015
khanhha_original::Rissbilder_for_Florian_9S6A3124_1300_898_2343_2899.jpg,0.08946401329666154,0.6881572674700296,0.22237871923330893
khanhha_original::Rissbilder_for_Florian_9S6A3124_465_2434_3240_3146.jpg,0.13965697740888033,0.7330212368680281,0.1273217857230916
khanhha_original::Rissbilder_for_Florian_9S6A3126_162_642_3629_3769.jpg,0.2375924452513342,0.610544281034054,0.15186327371461183
khanhha_original::Rissbilder_for_Florian_9S6A3126_206_1216_3376_3686.jpg,0.20289588843096473,0.6370514773762073,0.16005263419282806
khanhha_original::Rissbilder_for_Florian_9S6A3126_264_1533_3180_4043.jpg,0.23743592283156167,0.5765226230826747,0.18604145408576378
khanhha_original::Rissbilder_for_Florian_9S6A3126_429_167_3310_4297.jpg,0.16606980620110595,0.6927357285106979,0.14119446528819615
khanhha_original::Rissbilder_for_Florian_9S6A3129_141_412_2185_2751.jpg,0.16146562635280998,0.7583330146803738,0.08020135896681618
khanhha_original::Rissbilder_for_Florian_9S6A3129_78_688_3494_3199.jpg,0.11776903071541385,0.8050752969708296,0.0771556723137566
khanhha_original::Rissbilder_for_Florian_9S6A3129_882_707_2680_2479.jpg,0.15132158252505484,0.7638257842197796,0.08485263325516547
khanhha_original::Rissbilder_for_Florian_9S6A3132_2349_1232_2560_2243.jpg,0.1362482784692672,0.7387619940933313,0.1249897274374015
khanhha_original::Rissbilder_for_Florian_9S6A3132_2998_275_2346_3000.jpg,0.08913579542812049,0.7960512811283919,0.11481292344348767
khanhha_original::Sylvie_Chambon_058.jpg,0.38141215297025155,0.3285966750973964,0.28999117193235213
khanhha_original::Sylvie_Chambon_062.jpg,0.505225277246041,0.3260656147114056,0.16870910804255337
khanhha_original::Sylvie_Chambon_068.jpg,0.3962605402957512,0.3735839483336891,0.23015551137055976
khanhha_original::Sylvie_Chambon_089.jpg,0.3017245156933497,0.5015628007598503,0.1967126835468001
khanhha_original::Sylvie_Chambon_206.jpg,0.48451963655352953,0.26904264111215836,0.24643772233431216
khanhha_original::Sylvie_Chambon_207.jpg,0.27774228190675676,0.5654433116394094,0.15681440645383377
khanhha_original::Sylvie_Chambon_306.jpg,0.2030212860502765,0.6412128284622933,0.15576588548743028
khanhha_original::Volker_DSC01608_969_117_1674_1684.jpg,0.15518203416819173,0.35157887664142023,0.493239089190388
khanhha_original::Volker_DSC01610_123_687_1549_1614.jpg,0.1635679056105842,0.38743560608992766,0.44899648829948813
khanhha_original::Volker_DSC01610_142_1014_1353_1352.jpg,0.15184962272166008,0.2767086196820225,0.5714417575963174
khanhha_original::Volker_DSC01610_303_207_1284_1603.jpg,0.26817702838578045,0.419770122956563,0.3120528486576566
khanhha_original::Volker_DSC01628_0_0_1824_2736.jpg,0.24036333202012655,0.544202248998276,0.21543441898159751
khanhha_original::Volker_DSC01628_628_1158_1128_1084.jpg,0.14350114280793608,0.5608563564222498,0.2956425007698141
khanhha_original::Volker_DSC01636_1084_9_1476_1810.jpg,0.14516993481057075,0.4388751690639252,0.415954896125504
khanhha_original::Volker_DSC01659_516_815_948_1199.jpg,0.25656225628904766,0.3026920956478768,0.4407456480630755
khanhha_original::Volker_DSC01665_11_415_1778_1890.jpg,0.11571654015033134,0.5613381805999832,0.32294527924968547
khanhha_original::Volker_DSC01665_74_990_1563_1266.jpg,0.13049067036809897,0.4494676496769058,0.4200416799549952
khanhha_original::Volker_DSC01673_0_0_1824_2736.jpg,0.10691360310015674,0.40784749212343446,0.48523890477640874
khanhha_original::Volker_DSC01677_185_223_1446_1163.jpg,0.09645978831257809,0.7025123509317077,0.20102786075571408
khanhha_original::Volker_DSC01677_26_956_1697_1698.jpg,0.04815753429141587,0.7580305049421836,0.1938119607664005
khanhha_original::Volker_DSC01677_40_7_1782_1399.jpg,0.05943165008127064,0.7742432327505733,0.1663251171681561
khanhha_original::Volker_DSC01687_13_413_1695_1782.jpg,0.07796427239302382,0.4796433913660198,0.4423923362409565
khanhha_original::Volker_DSC01687_256_1075_1494_1234.jpg,0.0760217795873933,0.4849899797386787,0.438988240673928
khanhha_original::Volker_DSC01688_29_115_1785_2096.jpg,0.08676255086783445,0.3731483583674314,0.5400890907647342
khanhha_original::Volker_DSC01688_89_1104_1613_1250.jpg,0.07986550934490354,0.43524480497245915,0.4848896856826373
khanhha_original::Volker_DSC01696_0_0_2736_1824.jpg,0.0861202080157557,0.6482120308020938,0.2656677611821505
khanhha_original::Volker_DSC01705_103_1212_1149_941.jpg,0.5126975331737265,0.20611917195422236,0.2811832948720511
khanhha_original::Volker_DSC01705_286_514_1483_1229.jpg,0.5154513767496031,0.2300510335446416,0.2544975897057554
khanhha_original::Volker_DSC01705_35_261_1646_1312.jpg,0.38278520382301046,0.25837622603266713,0.35883857014432236
khanhha_original::Volker_DSC01705_493_958_1260_1668.jpg,0.15503375498658092,0.2764901501900449,0.5684760948233741
khanhha_original::Volker_DSC01706_613_680_974_1043.jpg,0.5258668748111776,0.21193413798248067,0.26219898720634166
khanhha_original::Volker_DSC01709_269_118_1281_1314.jpg,0.11171167303388604,0.4052669448430576,0.4830213821230563
khanhha_original::Volker_DSC01709_71_801_1387_1771.jpg,0.24220783929481624,0.3515545936383156,0.4062375670668682
khanhha_original::cracktree200_6281.jpg,0.15716600975807826,0.188808891311208,0.6540250989307137
khanhha_original::cracktree200_6327.jpg,0.14959101107225986,0.2494919336276107,0.6009170553001295
khanhha_original::cracktree200_6329.jpg,0.09581887267899834,0.4318321747067008,0.4723489526143008
khanhha_original::cracktree200_6330.jpg,0.09493169181223347,0.29110733380939835,0.6139609743783682
khanhha_original::cracktree200_6340.jpg,0.3460867527368362,0.31542671847318465,0.3384865287899791
khanhha_original::cracktree200_6623.jpg,0.23829393060221343,0.128263869419282,0.6334421999785045
khanhha_original::cracktree200_6658.jpg,0.2696737621212044,0.1288895970728309,0.6014366408059647
khanhha_original::forest_003.jpg,0.36677263678949784,0.2185562315231964,0.4146711316873057
khanhha_original::forest_069.jpg,0.3413257186786385,0.5107692964661842,0.14790498485517742
khanhha_original::forest_076.jpg,0.4966521504466358,0.29496896732417255,0.20837888222919168
khanhha_original::forest_098.jpg,0.35920752590890825,0.5118375151755906,0.12895495891550116
khanhha_original::forest_109.jpg,0.24443484800419873,0.6017375640754161,0.1538275879203851
khanhha_original::noncrack_noncrack_concrete_wall_12_3.jpg.jpg,0.10384411767113144,0.8672209740989223,0.0289349082299462
khanhha_original::noncrack_noncrack_concrete_wall_12_9.jpg.jpg,0.39745375670445876,0.522037002356765,0.08050924093877627
khanhha_original::noncrack_noncrack_concrete_wall_14_11.jpg.jpg,0.05218823371212904,0.9367349655230676,0.01107680076480334
khanhha_original::noncrack_noncrack_concrete_wall_14_25.jpg.jpg,0.046713483938513274,0.933505000612658,0.019781515448828772
khanhha_original::noncrack_noncrack_concrete_wall_21_0.jpg.jpg,0.05614029340812972,0.7817865078420896,0.16207319874978066
khanhha_original::noncrack_noncrack_concrete_wall_31_0.jpg.jpg,0.011245331381255443,0.9756252588449875,0.01312940977375708
khanhha_original::noncrack_noncrack_concrete_wall_31_4.jpg.jpg,0.025985256668410506,0.9601579815434523,0.013856761788137176
khanhha_original::noncrack_noncrack_concrete_wall_34_0.jpg.jpg,0.059969272648751744,0.9138893528651535,0.026141374486094725
khanhha_original::noncrack_noncrack_concrete_wall_39_9.jpg.jpg,0.04965881512534276,0.9284275763675555,0.021913608507101785
khanhha_original::noncrack_noncrack_concrete_wall_40_0.jpg.jpg,0.02044075274455103,0.8536242022991811,0.12593504495626784
khanhha_original::noncrack_noncrack_concrete_wall_40_5.jpg.jpg,0.020766677474410807,0.8464752778843321,0.13275804464125726
khanhha_original::noncrack_noncrack_concrete_wall_45_13.jpg.jpg,0.026800182833949984,0.9599671921614373,0.013232625004612694
khanhha_original::noncrack_noncrack_concrete_wall_45_4.jpg.jpg,0.026800182833949984,0.9599671921614373,0.013232625004612694
khanhha_original::noncrack_noncrack_concrete_wall_45_5.jpg.jpg,0.026800182833949984,0.9599671921614373,0.013232625004612694
khanhha_original::noncrack_noncrack_concrete_wall_54_24.jpg.jpg,0.10864618223916853,0.8792762068530892,0.012077610907742427
khanhha_original::noncrack_noncrack_concrete_wall_54_27.jpg.jpg,0.08962184294936634,0.8649183248864597,0.04545983216417408
khanhha_original::noncrack_noncrack_concrete_wall_54_28.jpg.jpg,0.15104556676830924,0.8360815886779727,0.012872844553718139
khanhha_original::noncrack_noncrack_concrete_wall_54_31.jpg.jpg,0.11389901442791976,0.8642186818421072,0.021882303729972984
khanhha_original::noncrack_noncrack_concrete_wall_54_33.jpg.jpg,0.11939302667587959,0.8674076604491113,0.013199312875008978
khanhha_original::noncrack_noncrack_concrete_wall_54_36.jpg.jpg,0.11738143822476674,0.8719890235381109,0.010629538237122425
khanhha_original::noncrack_noncrack_concrete_wall_54_4.jpg.jpg,0.07963362158608937,0.9087199756616375,0.01164640275227297
khanhha_original::noncrack_noncrack_concrete_wall_54_40.jpg.jpg,0.22370404897641455,0.7488245070009534,0.02747144402263203
khanhha_original::noncrack_noncrack_concrete_wall_54_44.jpg.jpg,0.09521791826317087,0.8888175243657221,0.01596455737110702
khanhha_original::noncrack_noncrack_concrete_wall_54_48.jpg.jpg,0.1376765500863714,0.8455693317208007,0.016754118192827766
khanhha_original::noncrack_noncrack_concrete_wall_54_53.jpg.jpg,0.1381883139383594,0.8460973846061425,0.015714301455498226
khanhha_original::noncrack_noncrack_concrete_wall_54_54.jpg.jpg,0.1147541024342877,0.8727618256679309,0.012484071897781486
khanhha_original::noncrack_noncrack_concrete_wall_54_57.jpg.jpg,0.1950697438042008,0.7849781678264965,0.019952088369302696
khanhha_original::noncrack_noncrack_concrete_wall_54_72.jpg.jpg,0.10949344176406708,0.8740573690054118,0.01644918923052124
khanhha_original::noncrack_noncrack_concrete_wall_5_10.jpg.jpg,0.007837758960800302,0.979466101412422,0.01269613962677786
khanhha_original::noncrack_noncrack_concrete_wall_63_1.jpg.jpg,0.027651489300152546,0.9259188205355122,0.04642969016433526
khanhha_original::noncrack_noncrack_concrete_wall_67_1.jpg.jpg,0.2493495493575718,0.4874658245908208,0.2631846260516074
khanhha_original::noncrack_noncrack_concrete_wall_67_2.jpg.jpg,0.21471485163842735,0.5491244063818594,0.2361607419797132
khanhha_original::noncrack_noncrack_concrete_wall_6_0.jpg.jpg,0.006132688359895009,0.9772166710309194,0.016650640609185727
khanhha_original::noncrack_noncrack_concrete_wall_70_3.jpg.jpg,0.04853090778083126,0.1851497437627693,0.7663193484563994
khanhha_original::noncrack_noncrack_concrete_wall_73_1.jpg.jpg,0.05736667538465688,0.6556213448923135,0.2870119797230296
khanhha_original::noncrack_noncrack_concrete_wall_73_2.jpg.jpg,0.05736667538465688,0.6556213448923135,0.2870119797230296
khanhha_original::noncrack_noncrack_concrete_wall_73_4.jpg.jpg,0.05729871973965417,0.622894200107818,0.3198070801525278
khanhha_original::noncrack_noncrack_concrete_wall_75_0.jpg.jpg,0.005890873741841035,0.9627986535138725,0.031310472744286645
khanhha_original::noncrack_noncrack_concrete_wall_75_18.jpg.jpg,0.005427949134714673,0.9723643478541436,0.02220770301114171
khanhha_original::noncrack_noncrack_concrete_wall_75_24.jpg.jpg,0.004553744856143553,0.9657746394723871,0.02967161567146937
khanhha_original::noncrack_noncrack_concrete_wall_76_1.jpg.jpg,0.2651108155130117,0.665164363936018,0.06972482055097025
khanhha_original::noncrack_noncrack_concrete_wall_76_22.jpg.jpg,0.20862828316214244,0.7398214354311455,0.051550281406711924
khanhha_original::noncrack_noncrack_concrete_wall_76_30.jpg.jpg,0.24257058642339924,0.687278308413077,0.0701511051635237
khanhha_original::noncrack_noncrack_concrete_wall_76_36.jpg.jpg,0.2290099872029095,0.6962008390233844,0.07478917377370613
khanhha_original::noncrack_noncrack_concrete_wall_76_38.jpg.jpg,0.23657843509755422,0.7053965176101016,0.05802504729234425
khanhha_original::noncrack_noncrack_concrete_wall_76_49.jpg.jpg,0.3273126268639647,0.5990954246803096,0.07359194845572567
khanhha_original::noncrack_noncrack_concrete_wall_76_5.jpg.jpg,0.2559246236406348,0.6730503957069915,0.07102498065237371
khanhha_original::noncrack_noncrack_concrete_wall_76_62.jpg.jpg,0.23482856445804312,0.7071672256993987,0.058004209842558066
khanhha_original::noncrack_noncrack_concrete_wall_89_0.jpg.jpg,0.006049112544039929,0.9876073140263725,0.006343573429587539
khanhha_original::noncrack_noncrack_concrete_wall_89_1.jpg.jpg,0.010107588424683648,0.9807830540483701,0.009109357526946178
khanhha_original::noncrack_noncrack_concrete_wall_91_1.jpg.jpg,0.055960237568234,0.8580232878218026,0.08601647460996335
khanhha_noisy1::CFD_007.jpg,0.24361201029628088,0.45140764944049827,0.30498034026322085
khanhha_noisy1::CFD_013.jpg,0.36430886657151157,0.4376993803439456,0.1979917530845428
khanhha_noisy1::CFD_014.jpg,0.31342484164658174,0.4231023643389055,0.26347279401451285
khanhha_noisy1::CFD_047.jpg,0.6346239806791909,0.17330266683130985,0.19207335248949933
khanhha_noisy1::CFD_082.jpg,0.4485908500838681,0.2397574444500365,0.3116517054660952
khanhha_noisy1::CRACK500_20160222_081111_641_361.jpg,0.48362218743217744,0.3104887947638438,0.20588901780397872
khanhha_noisy1::CRACK500_20160222_081113_1921_721.jpg,0.5337625012586438,0.2570252291411168,0.20921226960023948
khanhha_noisy1::CRACK500_20160222_115305_1281_1081.jpg,0.27634757697381407,0.2917271670859857,0.43192525594020037
khanhha_noisy1::CRACK500_20160222_115305_1921_361.jpg,0.28903540040542375,0.25919244611522063,0.4517721534793557
khanhha_noisy1::CRACK500_20160222_115305_641_1.jpg,0.3067924748954893,0.2701351972447791,0.42307232785973153
khanhha_noisy1::CRACK500_20160222_115305_641_721.jpg,0.3964148730520211,0.20554124142084612,0.39804388552713277
khanhha_noisy1::CRACK500_20160222_115828_641_1.jpg,0.4562661756730738,0.28856824091166683,0.25516558341525936
khanhha_noisy1::CRACK500_20160222_164825_641_721.jpg,0.3119561058373838,0.3419634002741585,0.3460804938884577
khanhha_noisy1::CRACK500_20160222_164851_641_1081.jpg,0.47454097335194784,0.2015502635256975,0.3239087631223547
khanhha_noisy1::CRACK500_20160222_165218_641_1.jpg,0.39414930589581376,0.34682863531850805,0.2590220587856782
khanhha_noisy1::CRACK500_20160222_165909_1281_1081.jpg,0.526319114841955,0.2734078136689257,0.20027307148911921
khanhha_noisy1::CRACK500_20160222_165926_1281_721.jpg,0.398534481000459,0.3212821979767704,0.2801833210227705
khanhha_noisy1::CRACK500_20160222_165947_1921_721.jpg,0.31680438825466384,0.5471919182008489,0.13600369354448727
khanhha_noisy1::CRACK500_20160302_155848_1281_361.jpg,0.2859785256055227,0.31940397298645745,0.3946175014080199
khanhha_noisy1::CRACK500_20160302_155848_1921_361.jpg,0.32722069865858566,0.35223477969685224,0.320544521644562
khanhha_noisy1::CRACK500_20160302_155848_641_721.jpg,0.2533384909876513,0.46748941005180755,0.27917209896054124
khanhha_noisy1::CRACK500_20160302_160033_641_361.jpg,0.35620502842304214,0.28131178534554574,0.36248318623141207
khanhha_noisy1::CRACK500_20160303_092627_641_721.jpg,0.3233734799986722,0.29938383385956574,0.37724268614176204
khanhha_noisy1::CRACK500_20160303_093400_641_1.jpg,0.260513153666585,0.40931126816274677,0.3301755781706682
khanhha_noisy1::CRACK500_20160303_093400_641_721.jpg,0.4320884298786184,0.31329567830679406,0.2546158918145875
khanhha_noisy1::CRACK500_20160307_145259_1921_721.jpg,0.3493456269573067,0.20236522852753025,0.4482891445151632
khanhha_noisy1::CRACK500_20160307_145259_1_361.jpg,0.12392729885912487,0.3453323518347511,0.530740349306124
khanhha_noisy1::CRACK500_20160307_164214_1281_1081.jpg,0.1848352079486403,0.4768739273480136,0.3382908647033462
khanhha_noisy1::CRACK500_20160307_164214_1_721.jpg,0.2452231040151228,0.48043461481559985,0.2743422811692772
khanhha_noisy1::CRACK500_20160307_164226_1921_721.jpg,0.3031360753255983,0.42838658825760784,0.2684773364167937
khanhha_noisy1::CRACK500_20160307_164226_1_721.jpg,0.3915026906032884,0.3313401965534719,0.2771571128432397
khanhha_noisy1::CRACK500_20160307_164226_641_721.jpg,0.3627682372732747,0.3576294903167229,0.27960227241000246
khanhha_noisy1::CRACK500_20160308_073245_1_361.jpg,0.3072842531406134,0.3126008233107167,0.38011492354866994
khanhha_noisy1::CRACK500_20160308_073245_641_1.jpg,0.2942642496866384,0.2731911511931289,0.4325445991202327
khanhha_noisy1::CRACK500_20160308_074702_1281_361.jpg,0.3362653488177618,0.1860432167029074,0.47769143447933066
khanhha_noisy1::CRACK500_20160308_074702_1921_361.jpg,0.5010835075407867,0.1455287449170656,0.3533877475421477
khanhha_noisy1::CRACK500_20160308_074702_641_721.jpg,0.3278738377063372,0.14725702736390048,0.5248691349297623
khanhha_noisy1::CRACK500_20160308_155720_1281_361.jpg,0.3141686763186925,0.36942120995920324,0.31641011372210426
khanhha_noisy1::CRACK500_20160308_155720_1_1.jpg,0.20668971546775886,0.29972870755478453,0.49358157697745647
khanhha_noisy1::CRACK500_20160308_155720_641_721.jpg,0.18590746529986482,0.5281862277901032,0.2859063069100321
khanhha_noisy1::CRACK500_20160308_155731_1281_1.jpg,0.1014079258704464,0.46145590864754804,0.43713616548200557
khanhha_noisy1::CRACK500_20160308_155731_641_1081.jpg,0.19399931904527212,0.24849116704868374,0.5575095139060442
khanhha_noisy1::CRACK500_20160310_114441_641_1.jpg,0.3286649419673226,0.21359398140073976,0.45774107663193764
khanhha_noisy1::CRACK500_20160310_114441_641_1081.jpg,0.35708063520120137,0.24095729004671063,0.40196207475208806
khanhha_noisy1::CRACK500_20160316_141721_1_721.jpg,0.2460724422328674,0.5050077427712529,0.2489198149958796
khanhha_noisy1::CRACK500_20160316_141721_641_721.jpg,0.2168112920547421,0.5676072957331,0.215581412212158
khanhha_noisy1::CRACK500_20160316_142539_1_721.jpg,0.31588201426396584,0.31595246183887304,0.3681655238971612
khanhha_noisy1::CRACK500_20160316_143603_1921_361.jpg,0.4893452573532875,0.1656311927357576,0.34502354991095496
khanhha_noisy1::CRACK500_20160316_143624_1_641.jpg,0.3884894020567191,0.21876954923639996,0.39274104870688087
khanhha_noisy1::CRACK500_20160316_144212_1921_721.jpg,0.23545220199733255,0.4231238556314894,0.34142394237117807
khanhha_noisy1::CRACK500_20160316_144212_641_721.jpg,0.4090201375080898,0.3763999292934123,0.21457993319849794
khanhha_noisy1::CRACK500_20160316_144241_641_361.jpg,0.2683388603009744,0.30681547231775247,0.42484566738127316
khanhha_noisy1::CRACK500_20160321_185518_1921_721.jpg,0.27354557814598246,0.333625499680712,0.39282892217330556
khanhha_noisy1::CRACK500_20160321_185518_1_721.jpg,0.36199211344696114,0.2215844866543387,0.41642339989870014
khanhha_noisy1::CRACK500_20160325_185829_641_361.jpg,0.6034297377226071,0.16691619406439503,0.22965406821299786
khanhha_noisy1::CRACK500_20160326_174634_1921_361.jpg,0.39150196898430667,0.3339074258627902,0.2745906051529032
khanhha_noisy1::CRACK500_20160326_174634_641_721.jpg,0.37961203773324376,0.31564500096551273,0.3047429613012434
khanhha_noisy1::CRACK500_20160328_150927_1281_721.jpg,0.5158457967654707,0.22802465522558082,0.2561295480089483
khanhha_noisy1::CRACK500_20160328_150933_1921_361.jpg,0.4692907417502702,0.17847928416671935,0.3522299740830104
khanhha_noisy1::CRACK500_20160328_151020_641_721.jpg,0.4892663569292957,0.2685569756820293,0.2421766673886751
khanhha_noisy1::CRACK500_20160328_151201_1281_721.jpg,0.33484584465195366,0.37894800838523784,0.2862061469628085
khanhha_noisy1::CRACK500_20160328_151201_1_1.jpg,0.17588561784561965,0.45358965028059356,0.37052473187378693
khanhha_noisy1::CRACK500_20160328_151409_1921_1081.jpg,0.3536754561242202,0.37457044606644985,0.27175409780933
khanhha_noisy1::CRACK500_20160328_152322_1281_721.jpg,0.32107321264552297,0.4023025206519879,0.27662426670248924
khanhha_noisy1::CRACK500_20160328_152322_1_721.jpg,0.32288380505190967,0.34919583944565197,0.3279203555024384
khanhha_noisy1::CRACK500_20160328_152511_1921_721.jpg,0.16144163975735407,0.47185325185301885,0.36670510838962717
khanhha_noisy1::CRACK500_20160328_153524_641_361.jpg,0.1231585385106578,0.5205437837713224,0.3562976777180199
khanhha_noisy1::CRACK500_20160328_153604_1_361.jpg,0.23687921427542757,0.39650786571608243,0.36661292000849005
khanhha_noisy1::CRACK500_20160328_153604_641_1.jpg,0.15277862944272358,0.3723295402675058,0.47489183028977056
khanhha_noisy1::CRACK500_20160328_153604_641_721.jpg,0.19313392664485884,0.38915894486789454,0.4177071284872466
khanhha_noisy1::CRACK500_20160328_153706_1281_1.jpg,0.15104346775293967,0.442356776140253,0.4065997561068073
khanhha_noisy1::CRACK500_20160328_153706_1281_1081.jpg,0.18068439323112367,0.5478832470415601,0.27143235972731616
khanhha_noisy1::CRACK500_20160328_153706_1921_1.jpg,0.2952789510751763,0.3053453128462997,0.399375736078524
khanhha_noisy1::CRACK500_20160328_153915_1921_721.jpg,0.17716649090292494,0.4276752743236806,0.3951582347733944
khanhha_noisy1::CRACK500_20160328_154159_1921_1081.jpg,0.30724704671666137,0.19239773049642325,0.5003552227869154
khanhha_noisy1::CRACK500_20160328_154159_1_361.jpg,0.22797063510736496,0.5183584886977604,0.2536708761948746
khanhha_noisy1::CRACK500_20160328_154429_641_721.jpg,0.41094401283124254,0.2504067115878617,0.33864927558089586
khanhha_noisy1::CRACK500_20160328_154454_1_721.jpg,0.2208081029041514,0.2955577639106833,0.4836341331851653
khanhha_noisy1::CRACK500_20160328_154454_721_1.jpg,0.29511924908219633,0.2649408910274102,0.43993985989039336
khanhha_noisy1::CRACK500_20160329_094055_1_721.jpg,0.29723375565081844,0.3518190740779674,0.35094717027121414
khanhha_noisy1::CRACK500_20160329_103609_1281_721.jpg,0.18815218807225434,0.5331498505955536,0.27869796133219205
khanhha_noisy1::CRACK500_20160329_103609_1921_721.jpg,0.3834496473893047,0.16553824711447984,0.4510121054962155
khanhha_noisy1::CRACK500_20160329_103609_1_721.jpg,0.30625933685285567,0.2798080189372658,0.4139326442098785
khanhha_noisy1::CRACK500_20160329_103609_641_361.jpg,0.28910635641655297,0.23699177174661473,0.47390187183683236
khanhha_noisy1::CRACK500_20160329_104205_1921_361.jpg,0.18639447912531582,0.34470612035922815,0.46889940051545603
khanhha_noisy1::CRACK500_20160329_115529_1_721.jpg,0.2349158583291356,0.43371927477843036,0.33136486689243394
khanhha_noisy1::CRACK500_20160330_165325_1921_361.jpg,0.3296551793321915,0.1841443979494454,0.486200422718363
khanhha_noisy1::CRACK500_20160330_165325_1921_721.jpg,0.3330227111592107,0.31827601130622957,0.3487012775345597
khanhha_noisy1::CRACK500_20160330_165325_1_721.jpg,0.27956577622646755,0.20313344774355355,0.5173007760299789
khanhha_noisy1::CRACK500_20160330_165333_1921_1081.jpg,0.29096097427192985,0.3450515535316195,0.3639874721964507
khanhha_noisy1::CRACK500_20160330_165333_1_721.jpg,0.43652530053740984,0.13871835894460022,0.4247563405179898
khanhha_noisy1::CRACK500_20160330_170308_1281_361.jpg,0.37815472108989256,0.35058306625032737,0.2712622126597802
khanhha_noisy1::CRACK500_20160330_170308_1921_1081.jpg,0.31206773751378786,0.3435119786646439,0.34442028382156825
khanhha_noisy1::CRACK500_20160330_170308_1921_361.jpg,0.3564393151195371,0.15006069163499267,0.49349999324547017
khanhha_noisy1::CRACK500_20160330_170308_1921_721.jpg,0.3164250333334934,0.282617256394708,0.40095771027179855
khanhha_noisy1::CRACK500_20160402_150300_1281_721.jpg,0.3008224480758859,0.31908513191880206,0.3800924200053121
khanhha_noisy1::CRACK500_20160405_171219_1281_721.jpg,0.3549901117863614,0.2764246384885566,0.36858524972508205
khanhha_noisy1::CRACK500_20160405_171219_641_721.jpg,0.3127132451186104,0.4691694945985405,0.21811726028284906
khanhha_noisy1::CRACK500_20160405_171456_1_361.jpg,0.22269545568534546,0.340368604133309,0.4369359401813455
khanhha_noisy1::CRACK500_20160405_172854_1921_1.jpg,0.20746206916962023,0.37310852202276945,0.4194294088076102
khanhha_noisy1::CRACK500_IMG_2937_1297_969.jpg,0.27677645061620826,0.4666387346857838,0.25658481469800787
khanhha_noisy1::CRACK500_IMG_2938_1297_969.jpg,0.20242619225463404,0.37983289955336436,0.4177409081920015
khanhha_noisy1::DeepCrack_11114.jpg,0.3665116317061936,0.19700448040001706,0.4364838878937892
khanhha_noisy1::DeepCrack_11118.jpg,0.4044005453870974,0.14671510515604935,0.44888434945685324
khanhha_noisy1::DeepCrack_11134-3.jpg,0.22954818127242577,0.23381400898491556,0.5366378097426587
khanhha_noisy1::DeepCrack_11134-4.jpg,0.3683407807581333,0.30641200086126963,0.3252472183805971
khanhha_noisy1::DeepCrack_11134.jpg,0.23252818202997544,0.5347788679164964,0.2326929500535281
khanhha_noisy1::DeepCrack_11153.jpg,0.4006925405118707,0.2409623309409001,0.35834512854722905
khanhha_noisy1::DeepCrack_11164-2.jpg,0.3621404468670763,0.2724507481277706,0.365408805005153
khanhha_noisy1::DeepCrack_11164-4.jpg,0.3436636046474977,0.34971272460797015,0.3066236707445322
khanhha_noisy1::DeepCrack_11178-3.jpg,0.3740799459907141,0.39366207235726924,0.23225798165201664
khanhha_noisy1::DeepCrack_11204.jpg,0.29407961039534825,0.25557377259601943,0.4503466170086324
khanhha_noisy1::DeepCrack_7Q3A9060-3.jpg,0.5818772395981586,0.1440730086428248,0.27404975175901647
khanhha_noisy1::DeepCrack_7Q3A9060-9.jpg,0.5659631520286376,0.2356206022508754,0.1984162457204871
khanhha_noisy1::DeepCrack_IMG109-1.jpg,0.4321521452023863,0.13424575529687494,0.43360209950073875
khanhha_noisy1::DeepCrack_IMG14-1.jpg,0.23287955204566957,0.46953954392647834,0.29758090402785203
khanhha_noisy1::DeepCrack_IMG14-3.jpg,0.47429405672038133,0.3376718307365767,0.18803411254304192
khanhha_noisy1::Eugen_Muller_8980_79_365_456_521.jpg,0.4441137538517226,0.11557626327560373,0.4403099828726737
khanhha_noisy1::Eugen_Muller_8980a_123_420_527_438.jpg,0.17948111871194075,0.22093419187363078,0.5995846894144286
khanhha_noisy1::Eugen_Muller_8980a_25_22_747_752.jpg,0.522776824701943,0.3136172108470152,0.16360596445104175
khanhha_noisy1::GAPS384_train_0503_541_1.jpg,0.6144907159429869,0.19939920002094147,0.18611008403607168
khanhha_noisy1::GAPS384_train_0533_541_1.jpg,0.488257006946851,0.32412386182640984,0.18761913122673912
khanhha_noisy1::GAPS384_train_0559_541_641.jpg,0.531053299629358,0.2004083645072447,0.2685383358633973
khanhha_noisy1::GAPS384_train_0599_1_1.jpg,0.037437817626998375,0.8238301142890708,0.1387320680839309
khanhha_noisy1::GAPS384_train_0608_1_1.jpg,0.5807156449149329,0.09397917847078806,0.325305176614279
khanhha_noisy1::GAPS384_train_0641_1_1.jpg,0.2662071679821416,0.2926889748301875,0.44110385718767087
khanhha_noisy1::GAPS384_train_0641_541_641.jpg,0.42613192987388143,0.243922524888671,0.3299455452374475
khanhha_noisy1::GAPS384_train_0690_541_1.jpg,0.565372883957335,0.22156996174667767,0.21305715429598737
khanhha_noisy1::GAPS384_train_0961_1_1.jpg,0.535067733656856,0.2604416344670157,0.20449063187612831
khanhha_noisy1::GAPS384_train_1048_1_1.jpg,0.6243104760659152,0.20153708491367037,0.17415243902041452
khanhha_noisy1::GAPS384_train_1048_541_1.jpg,0.6446616282286188,0.11100120564555283,0.24433716612582831
khanhha_noisy1::GAPS384_train_1085_541_1.jpg,0.6742439648962542,0.10912778812064759,0.21662824698309824
khanhha_noisy1::GAPS384_train_1172_541_641.jpg,0.6407688710631574,0.13269644971047712,0.22653467922636542
khanhha_noisy1::GAPS384_train_1173_541_1.jpg,0.6412956245211257,0.1212433236856606,0.23746105179321386
khanhha_noisy1::GAPS384_train_1173_541_641.jpg,0.6761887901189844,0.13269151419983125,0.19111969568118442
khanhha_noisy1::GAPS384_train_1187_1_1.jpg,0.36647423039903043,0.44662182261240946,0.18690394698856008
khanhha_noisy1::GAPS384_train_1361_541_641.jpg,0.5094558692019534,0.08030616450966249,0.41023796628838416
khanhha_noisy1::GAPS384_train_1370_541_641.jpg,0.6878287879278037,0.11453343011425692,0.1976377819579395
khanhha_noisy1::Rissbilder_for_Florian_9S6A2783_485_963_3019_3865.jpg,0.5758457659116623,0.24123842649896696,0.18291580758937073
khanhha_noisy1::Rissbilder_for_Florian_9S6A2783_510_849_2889_2880.jpg,0.50376295659662,0.34492212643080583,0.1513149169725743
khanhha_noisy1::Rissbilder_for_Florian_9S6A2783_555_1445_2892_3793.jpg,0.5723609655090797,0.25206851945680375,0.17557051503411664
khanhha_noisy1::Rissbilder_for_Florian_9S6A2783_96_1214_3516_4173.jpg,0.6140655194889294,0.2406764850421309,0.1452579954689397
khanhha_noisy1::Rissbilder_for_Florian_9S6A2787_1034_2113_2702_3383.jpg,0.39009640793162365,0.46750291564746277,0.14240067642091353
khanhha_noisy1::Rissbilder_for_Florian_9S6A2787_114_2564_2503_2920.jpg,0.5136674274320313,0.35953005336806504,0.12680251919990365
khanhha_noisy1::Rissbilder_for_Florian_9S6A2787_1217_749_2520_2686.jpg,0.4842758798665885,0.4048048490356213,0.11091927109779025
khanhha_noisy1::Rissbilder_for_Florian_9S6A2787_1287_2060_2196_2885.jpg,0.40681491162229994,0.4715740283910915,0.12161105998660841
khanhha_noisy1::Rissbilder_for_Florian_9S6A2787_38_553_3789_4026.jpg,0.42918652763806264,0.44835125409297216,0.12246221826896521
khanhha_noisy1::Rissbilder_for_Florian_9S6A2787_469_792_2677_2506.jpg,0.5739345207948192,0.299607353836759,0.12645812536842174
khanhha_noisy1::Rissbilder_for_Florian_9S6A2789_29_2188_3523_3363.jpg,0.46907678010966614,0.36185804348692413,0.16906517640340984
khanhha_noisy1::Rissbilder_for_Florian_9S6A2789_79_2844_3130_2630.jpg,0.449226399299994,0.40673123007708883,0.14404237062291722
khanhha_noisy1::Rissbilder_for_Florian_9S6A2795_244_2755_3348_2948.jpg,0.4167997111609807,0.43031686734910374,0.15288342148991554
khanhha_noisy1::Rissbilder_for_Florian_9S6A2795_345_1636_2968_2382.jpg,0.5119841849064596,0.3075203706589247,0.18049544443461588
khanhha_noisy1::Rissbilder_for_Florian_9S6A2795_726_782_2478_3159.jpg,0.48897798872240394,0.26865541012838196,0.24236660114921416
khanhha_noisy1::Rissbilder_for_Florian_9S6A2799_133_2058_3555_3079.jpg,0.32051608245847796,0.3714659944207627,0.3080179231207593
khanhha_noisy1::Rissbilder_for_Florian_9S6A2799_275_471_3176_4152.jpg,0.2842179285930937,0.49933221684814305,0.21644985455876314
khanhha_noisy1::Rissbilder_for_Florian_9S6A2799_288_786_3196_3304.jpg,0.2517303926202843,0.5979567958547121,0.15031281152500364
khanhha_noisy1::Rissbilder_for_Florian_9S6A2804_118_1818_2606_2570.jpg,0.5306272503212398,0.2953332409926898,0.17403950868607032
khanhha_noisy1::Rissbilder_for_Florian_9S6A2805_1632_240_3224_2475.jpg,0.5730524887494606,0.29215071102889323,0.13479680022164622
khanhha_noisy1::Rissbilder_for_Florian_9S6A2805_3150_203_1998_2621.jpg,0.5620426069693757,0.28826321173822617,0.14969418129239825
khanhha_noisy1::Rissbilder_for_Florian_9S6A2805_565_1400_2938_2247.jpg,0.4240206619414147,0.4176400315612432,0.15833930649734215
khanhha_noisy1::Rissbilder_for_Florian_9S6A2806_1082_397_4233_3223.jpg,0.643734249308569,0.16665878966954936,0.18960696102188165
khanhha_noisy1::Rissbilder_for_Florian_9S6A2806_3363_1303_2009_2459.jpg,0.6567413938352643,0.14343258393484276,0.1998260222298929
khanhha_noisy1::Rissbilder_for_Florian_9S6A2806_368_348_2093_2759.jpg,0.6495591675466512,0.21459580983556248,0.13584502261778633
khanhha_noisy1::Rissbilder_for_Florian_9S6A2817_266_1535_2877_3827.jpg,0.43798576524888155,0.4967431787507413,0.065271056000377
khanhha_noisy1::Rissbilder_for_Florian_9S6A2817_362_2779_2835_2376.jpg,0.41274587769995386,0.4763029962795272,0.1109511260205188
khanhha_noisy1::Rissbilder_for_Florian_9S6A2817_378_2811_2792_2576.jpg,0.4192757176149132,0.4405990558127028,0.14012522657238397
khanhha_noisy1::Rissbilder_for_Florian_9S6A2817_515_925_2769_3395.jpg,0.4486910874079368,0.47781488044244697,0.07349403214961636
khanhha_noisy1::Rissbilder_for_Florian_9S6A2817_67_221_2558_2411.jpg,0.08297406043668319,0.8861050310997493,0.030920908463567525
khanhha_noisy1::Rissbilder_for_Florian_9S6A2820_304_486_3141_3670.jpg,0.32641368823669414,0.41614056189287596,0.2574457498704299
khanhha_noisy1::Rissbilder_for_Florian_9S6A2820_366_660_2637_3456.jpg,0.24981758269437135,0.42158606359025885,0.3285963537153697
khanhha_noisy1::Rissbilder_for_Florian_9S6A2831_130_3142_3148_2567.jpg,0.22633851710113878,0.6486912047740988,0.12497027812476236
khanhha_noisy1::Rissbilder_for_Florian_9S6A2831_1392_523_2363_2146.jpg,0.38015114091364727,0.4248177378303969,0.19503112125595576
khanhha_noisy1::Rissbilder_for_Florian_9S6A2831_14_1354_3612_3768.jpg,0.36155370707047174,0.48882806205157936,0.1496182308779489
khanhha_noisy1::Rissbilder_for_Florian_9S6A2831_183_1551_2640_2168.jpg,0.3685613039035422,0.39185158601932185,0.2395871100771359
khanhha_noisy1::Rissbilder_for_Florian_9S6A2831_237_201_3399_4522.jpg,0.40561856145988273,0.4564500796903672,0.13793135884975
khanhha_noisy1::Rissbilder_for_Florian_9S6A2831_277_1810_3479_3118.jpg,0.234853236556768,0.6069340204876567,0.15821274295557533
khanhha_noisy1::Rissbilder_for_Florian_9S6A2831_343_1804_2873_2254.jpg,0.293008764512258,0.49855629536519713,0.20843494012254485
khanhha_noisy1::Rissbilder_for_Florian_9S6A2832_1234_336_2375_2845.jpg,0.3511504529861163,0.3619520673344265,0.2868974796794573
khanhha_noisy1::Rissbilder_for_Florian_9S6A2832_185_2346_3101_2742.jpg,0.4554287175929325,0.3301791201979701,0.2143921622090974
khanhha_noisy1::Rissbilder_for_Florian_9S6A2832_375_1408_3366_3866.jpg,0.35106489526393136,0.48175482030653544,0.16718028442953317
khanhha_noisy1::Rissbilder_for_Florian_9S6A2841_19_570_3460_3784.jpg,0.4330454134713559,0.3328231218214482,0.23413146470719587
khanhha_noisy1::Rissbilder_for_Florian_9S6A2841_217_2299_3214_2878.jpg,0.4304655798019054,0.34541117396183574,0.2241232462362588
khanhha_noisy1::Rissbilder_for_Florian_9S6A2841_247_162_2749_3393.jpg,0.37040811753657976,0.40124058208078656,0.22835130038263368
khanhha_noisy1::Rissbilder_for_Florian_9S6A2841_319_1106_2769_3450.jpg,0.3908792964571903,0.36520921963530983,0.2439114839074999
khanhha_noisy1::Rissbilder_for_Florian_9S6A2841_341_1075_3324_3954.jpg,0.3094915998268673,0.4538935746815592,0.2366148254915735
khanhha_noisy1::Rissbilder_for_Florian_9S6A2841_542_955_3068_2456.jpg,0.3230740774549508,0.42758627110912933,0.24933965143591985
khanhha_noisy1::Rissbilder_for_Florian_9S6A2845_0_0_5760_3840.jpg,0.6485311014418216,0.1033097044702701,0.2481591940879083
khanhha_noisy1::Rissbilder_for_Florian_9S6A2845_1333_32_4399_3805.jpg,0.6893699262096207,0.09213950751280395,0.21849056627757535
khanhha_noisy1::Rissbilder_for_Florian_9S6A2845_1480_64_3182_3685.jpg,0.6850971442344295,0.17049929130792044,0.14440356445765007
khanhha_noisy1::Rissbilder_for_Florian_9S6A2845_1641_474_2958_3084.jpg,0.6724480801478302,0.12975354174171375,0.19779837811045606
khanhha_noisy1::Rissbilder_for_Florian_9S6A2845_2026_3_2804_3214.jpg,0.6335266515205363,0.17240425816230728,0.1940690903171565
khanhha_noisy1::Rissbilder_for_Florian_9S6A2845_2181_159_3010_3511.jpg,0.6910606743331318,0.10091470509113648,0.20802462057573182
khanhha_noisy1::Rissbilder_for_Florian_9S6A2845_628_184_3360_3293.jpg,0.5488361979786192,0.25675802080758614,0.19440578121379473
khanhha_noisy1::Rissbilder_for_Florian_9S6A2851_1713_30_3619_3365.jpg,0.5713834498949817,0.2349008370946454,0.19371571301037302
khanhha_noisy1::Rissbilder_for_Florian_9S6A2851_1976_734_2746_2491.jpg,0.5876296109955245,0.2069493752561289,0.20542101374834676
khanhha_noisy1::Rissbilder_for_Florian_9S6A2851_2413_175_2645_3485.jpg,0.7083700694506326,0.15609717685229144,0.1355327536970758
khanhha_noisy1::Rissbilder_for_Florian_9S6A2851_512_50_2972_2678.jpg,0.5633629318203244,0.27045332359104274,0.1661837445886328
khanhha_noisy1::Rissbilder_for_Florian_9S6A2864_0_0_3840_5760.jpg,0.38551023194650436,0.5291099696000551,0.08537979845344063
khanhha_noisy1::Rissbilder_for_Florian_9S6A2864_474_1863_3308_2536.jpg,0.25963978550665534,0.6277208197777348,0.11263939471560985
khanhha_noisy1::Rissbilder_for_Florian_9S6A2864_95_886_3690_4688.jpg,0.4142953230226582,0.47946797654120565,0.10623670043613623
khanhha_noisy1::Rissbilder_for_Florian_9S6A2879_0_0_5760_3840.jpg,0.4895106501707826,0.21077800083291914,0.29971134899629837
khanhha_noisy1::Rissbilder_for_Florian_9S6A2879_1312_923_2418_2909.jpg,0.4693056048217732,0.30030512862915176,0.230389266549075
khanhha_noisy1::Rissbilder_for_Florian_9S6A2879_1320_542_3826_3214.jpg,0.46547718607322314,0.28257041613495865,0.25195239779181816
khanhha_noisy1::Rissbilder_for_Florian_9S6A2882_346_490_2497_1975.jpg,0.27637367907797705,0.3445038397640365,0.37912248115798647
khanhha_noisy1::Rissbilder_for_Florian_9S6A2882_458_1944_3282_2844.jpg,0.16080556947327088,0.30896877111326343,0.5302256594134657
khanhha_noisy1::Rissbilder_for_Florian_9S6A2883_0_0_3840_5760.jpg,0.4618956269067861,0.20400438956554603,0.3340999835276679
khanhha_noisy1::Rissbilder_for_Florian_9S6A2883_290_1780_2688_2984.jpg,0.3557807183904475,0.317210604233301,0.32700867737625144
khanhha_noisy1::Rissbilder_for_Florian_9S6A2885_167_1375_2073_2363.jpg,0.18633829942947197,0.4363513480228711,0.37731035254765677
khanhha_noisy1::Rissbilder_for_Florian_9S6A2885_67_973_3621_3313.jpg,0.10389539135225498,0.3061524880223228,0.5899521206254221
khanhha_noisy1::Rissbilder_for_Florian_9S6A2885_82_1409_2816_3479.jpg,0.12838684270805042,0.3509531603272939,0.5206599969646557
khanhha_noisy1::Rissbilder_for_Florian_9S6A2886_106_479_3642_4594.jpg,0.17610467160855617,0.31488771937538584,0.5090076090160579
khanhha_noisy1::Rissbilder_for_Florian_9S6A2886_110_1312_3454_3075.jpg,0.26325778426137,0.28395272616248807,0.45278948957614196
khanhha_noisy1::Rissbilder_for_Florian_9S6A2886_12_1171_3583_2973.jpg,0.33493870006083903,0.2421022968319347,0.4229590031072262
khanhha_noisy1::Rissbilder_for_Florian_9S6A2886_273_2665_2929_2302.jpg,0.3305908016210014,0.1520502270527671,0.5173589713262315
khanhha_noisy1::Rissbilder_for_Florian_9S6A2886_695_71_2627_3457.jpg,0.3093321470923971,0.3650134232672168,0.32565442964038605
khanhha_noisy1::Rissbilder_for_Florian_9S6A2886_984_32_2437_2598.jpg,0.30360553559164455,0.39232529894268986,0.3040691654656655
khanhha_noisy1::Rissbilder_for_Florian_9S6A2887_452_483_3013_2564.jpg,0.2971101352891873,0.49388784288356885,0.20900202182724398
khanhha_noisy1::Rissbilder_for_Florian_9S6A2887_749_2501_3000_2991.jpg,0.39028685940752306,0.3417924150690541,0.2679207255234229
khanhha_noisy1::Rissbilder_for_Florian_9S6A2892_103_890_2526_2526.jpg,0.2432945911914473,0.3928023491076887,0.363903059700864
khanhha_noisy1::Rissbilder_for_Florian_9S6A2892_1086_390_3050_2813.jpg,0.5419153470100391,0.21102281919409727,0.24706183379586355
khanhha_noisy1::Rissbilder_for_Florian_9S6A2892_1754_604_2639_2889.jpg,0.42929335515720046,0.30535480859594877,0.2653518362468508
khanhha_noisy1::Rissbilder_for_Florian_9S6A2906_0_0_3840_5760.jpg,0.3876981063148285,0.4698584874821656,0.142443406203006
khanhha_noisy1::Rissbilder_for_Florian_9S6A2906_358_658_3398_3904.jpg,0.2455977775904703,0.6479286834813364,0.10647353892819332
khanhha_noisy1::Rissbilder_for_Florian_9S6A2906_52_256_3772_3845.jpg,0.4026463726032981,0.4968329328266142,0.10052069457008783
khanhha_noisy1::Rissbilder_for_Florian_9S6A2906_54_350_3631_4518.jpg,0.27244221875816027,0.6252683438292439,0.10228943741259576
khanhha_noisy1::Rissbilder_for_Florian_9S6A2906_67_759_3263_3857.jpg,0.26996250321015164,0.612325389107582,0.11771210768226624
khanhha_noisy1::Rissbilder_for_Florian_9S6A2909_191_2009_3191_3109.jpg,0.5079868173404674,0.14754874371177568,0.344464438947757
khanhha_noisy1::Rissbilder_for_Florian_9S6A2909_36_61_3613_3826.jpg,0.3233287553383262,0.1802404818537119,0.49643076280796206
khanhha_noisy1::Rissbilder_for_Florian_9S6A2909_485_850_3106_4081.jpg,0.21642930134175592,0.14706111750025225,0.6365095811579917
khanhha_noisy1::Rissbilder_for_Florian_9S6A2914_10_816_3799_4560.jpg,0.41725896698067616,0.4509619121095101,0.13177912090981367
khanhha_noisy1::Rissbilder_for_Florian_9S6A2914_165_203_2511_2307.jpg,0.4470789289179318,0.40554144244887624,0.14737962863319207
khanhha_noisy1::Rissbilder_for_Florian_9S6A2914_601_1274_2657_3363.jpg,0.5119235064826813,0.31555750663981874,0.17251898687750003
khanhha_noisy1::Rissbilder_for_Florian_9S6A2914_61_827_3521_3770.jpg,0.5593629082969618,0.29678942864826524,0.14384766305477287
khanhha_noisy1::Rissbilder_for_Florian_9S6A2914_864_1519_2861_3089.jpg,0.43779833792888084,0.40251006068550027,0.15969160138561894
khanhha_noisy1::Rissbilder_for_Florian_9S6A2916_1381_1379_2811_2259.jpg,0.5780987668295745,0.23287659816637507,0.18902463500405053
khanhha_noisy1::Rissbilder_for_Florian_9S6A2916_1475_441_4120_3342.jpg,0.47342524182615053,0.3030226376341053,0.22355212053974408
khanhha_noisy1::Rissbilder_for_Florian_9S6A2916_2449_405_2485_3276.jpg,0.517098112660098,0.3238102974180606,0.15909158992184141
khanhha_noisy1::Rissbilder_for_Florian_9S6A2916_26_880_2781_2363.jpg,0.6586053030411414,0.17276895908382556,0.16862573787503302
khanhha_noisy1::Rissbilder_for_Florian_9S6A2916_361_66_3733_3710.jpg,0.6165424260314748,0.18917512517328688,0.19428244879523826
khanhha_noisy1::Rissbilder_for_Florian_9S6A3089_0_0_3840_5760.jpg,0.5089642511621263,0.3452807575073179,0.14575499133055578
khanhha_noisy1::Rissbilder_for_Florian_9S6A3089_369_1679_3470_3717.jpg,0.34163321488021137,0.5067238412430073,0.15164294387678137
khanhha_noisy1::Rissbilder_for_Florian_9S6A3094_17_1195_3751_3661.jpg,0.46811790761815397,0.3178203601284048,0.21406173225344124
khanhha_noisy1::Rissbilder_for_Florian_9S6A3094_504_2131_3084_3443.jpg,0.5104695931425639,0.23495517702667476,0.2545752298307614
khanhha_noisy1::Rissbilder_for_Florian_9S6A3094_596_1754_2681_3046.jpg,0.5467860462664855,0.20932028171826006,0.24389367201525444
khanhha_noisy1::Rissbilder_for_Florian_9S6A3099_120_26_3496_4484.jpg,0.442970994309755,0.4024384327157211,0.15459057297452383
khanhha_noisy1::Rissbilder_for_Florian_9S6A3099_12_492_3822_3921.jpg,0.2920568887442184,0.564262608109391,0.1436805031463906
khanhha_noisy1::Rissbilder_for_Florian_9S6A3099_441_1535_3289_4016.jpg,0.4977410562196652,0.3620896457365605,0.14016929804377426
khanhha_noisy1::Rissbilder_for_Florian_9S6A3099_86_2659_2827_2257.jpg,0.3734122605319108,0.4335956518295357,0.19299208763855358
khanhha_noisy1::Rissbilder_for_Florian_9S6A3100_374_2397_2891_2543.jpg,0.42135056871423193,0.2611311542754887,0.3175182770102794
khanhha_noisy1::Rissbilder_for_Florian_9S6A3100_62_648_2874_2646.jpg,0.4150483182105171,0.313583730352708,0.27136795143677506
khanhha_noisy1::Rissbilder_for_Florian_9S6A3100_765_387_2677_2632.jpg,0.4551030022838834,0.3413271489360962,0.20356984878002032
khanhha_noisy1::Rissbilder_for_Florian_9S6A3102_100_448_3704_4115.jpg,0.3202704328638987,0.3291929923712668,0.35053657476483435
khanhha_noisy1::Rissbilder_for_Florian_9S6A3105_186_619_3616_4246.jpg,0.5088786851127877,0.14465364208218906,0.34646767280502333
khanhha_noisy1::Rissbilder_for_Florian_9S6A3105_871_2904_2401_2180.jpg,0.4821566294602161,0.2364901231858369,0.28135324735394707
khanhha_noisy1::Rissbilder_for_Florian_9S6A3105_95_40_3736_3924.jpg,0.45788267881147277,0.2695335445824188,0.27258377660610844
khanhha_noisy1::Rissbilder_for_Florian_9S6A3115_1009_154_4329_3598.jpg,0.0642227679028057,0.13474893443070535,0.801028297666489
khanhha_noisy1::Rissbilder_for_Florian_9S6A3115_1837_674_2470_3120.jpg,0.15565413564416386,0.07924088093441506,0.765104983421421
khanhha_noisy1::Rissbilder_for_Florian_9S6A3115_1867_748_3166_2919.jpg,0.09011696749313781,0.10028652968837981,0.8095965028184824
khanhha_noisy1::Rissbilder_for_Florian_9S6A3122_155_390_2741_3264.jpg,0.16435705927197936,0.10855771665595637,0.7270852240720642
khanhha_noisy1::Rissbilder_for_Florian_9S6A3122_463_1629_3085_3858.jpg,0.1756105106261658,0.014228595468685141,0.810160893905149
khanhha_noisy1::Rissbilder_for_Florian_9S6A3124_1300_898_2343_2899.jpg,0.33485057942764607,0.1181182087587279,0.547031211813626
khanhha_noisy1::Rissbilder_for_Florian_9S6A3124_465_2434_3240_3146.jpg,0.24134883993870146,0.06523561946598715,0.6934155405953113
khanhha_noisy1::Rissbilder_for_Florian_9S6A3126_162_642_3629_3769.jpg,0.29193755312373876,0.03138465165450208,0.6766777952217591
khanhha_noisy1::Rissbilder_for_Florian_9S6A3126_206_1216_3376_3686.jpg,0.3977570142690367,0.040282959552044306,0.5619600261789189
khanhha_noisy1::Rissbilder_for_Florian_9S6A3126_264_1533_3180_4043.jpg,0.4616674865037114,0.06778429999191678,0.47054821350437187
khanhha_noisy1::Rissbilder_for_Florian_9S6A3126_429_167_3310_4297.jpg,0.29977368113841224,0.043749080703835035,0.6564772381577527
khanhha_noisy1::Rissbilder_for_Florian_9S6A3129_141_412_2185_2751.jpg,0.3818631452587941,0.16873262037942233,0.4494042343617836
khanhha_noisy1::Rissbilder_for_Florian_9S6A3129_78_688_3494_3199.jpg,0.41670445248274335,0.1392188808068512,0.4440766667104055
khanhha_noisy1::Rissbilder_for_Florian_9S6A3129_882_707_2680_2479.jpg,0.4159699186965914,0.09701397270314835,0.4870161086002603
khanhha_noisy1::Rissbilder_for_Florian_9S6A3132_2349_1232_2560_2243.jpg,0.3276893475617267,0.059607517683002945,0.6127031347552704
khanhha_noisy1::Rissbilder_for_Florian_9S6A3132_2998_275_2346_3000.jpg,0.2877058294345978,0.0457137977673613,0.6665803727980408
khanhha_noisy1::Sylvie_Chambon_058.jpg,0.49197486374881116,0.22402424818337122,0.2840008880678176
khanhha_noisy1::Sylvie_Chambon_062.jpg,0.34035346454602156,0.4574361254576856,0.2022104099962928
khanhha_noisy1::Sylvie_Chambon_068.jpg,0.6353154267580924,0.25717139569584707,0.10751317754606056
khanhha_noisy1::Sylvie_Chambon_089.jpg,0.2814034034108396,0.3537167477652938,0.3648798488238666
khanhha_noisy1::Sylvie_Chambon_206.jpg,0.3662067045112996,0.29124633538912126,0.34254696009957913
khanhha_noisy1::Sylvie_Chambon_207.jpg,0.2975788596773713,0.4560309124798629,0.24639022784276596
khanhha_noisy1::Sylvie_Chambon_306.jpg,0.3077907029493662,0.4025897220618696,0.2896195749887643
khanhha_noisy1::Volker_DSC01608_969_117_1674_1684.jpg,0.2692303949926999,0.26394255426204294,0.4668270507452571
khanhha_noisy1::Volker_DSC01610_123_687_1549_1614.jpg,0.2295363188384861,0.36052610468926466,0.40993757647224927
khanhha_noisy1::Volker_DSC01610_142_1014_1353_1352.jpg,0.19955013215120018,0.3978838987066198,0.4025659691421801
khanhha_noisy1::Volker_DSC01610_303_207_1284_1603.jpg,0.2699350193358574,0.45969188922127896,0.2703730914428637
khanhha_noisy1::Volker_DSC01628_0_0_1824_2736.jpg,0.3866171910429124,0.41040533120639305,0.2029774777506945
khanhha_noisy1::Volker_DSC01628_628_1158_1128_1084.jpg,0.5154743434367034,0.3174116502165547,0.167114006346742
khanhha_noisy1::Volker_DSC01636_1084_9_1476_1810.jpg,0.30473898489642925,0.2530942254971759,0.4421667896063949
khanhha_noisy1::Volker_DSC01659_516_815_948_1199.jpg,0.31309241218396516,0.41306618129171746,0.2738414065243174
khanhha_noisy1::Volker_DSC01665_11_415_1778_1890.jpg,0.27675012647933905,0.41805985459569955,0.3051900189249614
khanhha_noisy1::Volker_DSC01665_74_990_1563_1266.jpg,0.31362166131343916,0.3704689385493582,0.3159094001372026
khanhha_noisy1::Volker_DSC01673_0_0_1824_2736.jpg,0.3969659685169804,0.21601697297161696,0.3870170585114026
khanhha_noisy1::Volker_DSC01677_185_223_1446_1163.jpg,0.48504208933580506,0.3294207605307899,0.18553715013340502
khanhha_noisy1::Volker_DSC01677_26_956_1697_1698.jpg,0.4483799782465776,0.3737614001074909,0.17785862164593133
khanhha_noisy1::Volker_DSC01677_40_7_1782_1399.jpg,0.5479173253846492,0.29547849650747693,0.1566041781078739
khanhha_noisy1::Volker_DSC01687_13_413_1695_1782.jpg,0.37591720394426537,0.35043658562552427,0.2736462104302104
khanhha_noisy1::Volker_DSC01687_256_1075_1494_1234.jpg,0.3447134059395903,0.4045107658943713,0.25077582816603844
khanhha_noisy1::Volker_DSC01688_29_115_1785_2096.jpg,0.49052586809397325,0.21439612848466272,0.2950780034213641
khanhha_noisy1::Volker_DSC01688_89_1104_1613_1250.jpg,0.42817455447655656,0.26825868676544573,0.30356675875799766
khanhha_noisy1::Volker_DSC01696_0_0_2736_1824.jpg,0.269221440143623,0.5001455807629986,0.23063297909337838
khanhha_noisy1::Volker_DSC01705_103_1212_1149_941.jpg,0.3486811571786559,0.29985652406891067,0.35146231875243344
khanhha_noisy1::Volker_DSC01705_286_514_1483_1229.jpg,0.4489283000818713,0.20893607567965117,0.34213562423847765
khanhha_noisy1::Volker_DSC01705_35_261_1646_1312.jpg,0.46207357610197775,0.1601573042245947,0.3777691196734276
khanhha_noisy1::Volker_DSC01705_493_958_1260_1668.jpg,0.4692428232831281,0.202113251890619,0.3286439248262529
khanhha_noisy1::Volker_DSC01706_613_680_974_1043.jpg,0.3196946903226905,0.34747764512684476,0.3328276645504647
khanhha_noisy1::Volker_DSC01709_269_118_1281_1314.jpg,0.4352929414769406,0.33783573628879165,0.2268713222342677
khanhha_noisy1::Volker_DSC01709_71_801_1387_1771.jpg,0.26938829343230103,0.43469932556172824,0.2959123810059707
khanhha_noisy1::cracktree200_6281.jpg,0.3941536369378308,0.44585393938105844,0.15999242368111083
khanhha_noisy1::cracktree200_6327.jpg,0.3150593606450403,0.4687733521441919,0.21616728721076786
khanhha_noisy1::cracktree200_6329.jpg,0.4080337357091592,0.45480293280260636,0.13716333148823448
khanhha_noisy1::cracktree200_6330.jpg,0.2617457581862677,0.600937590492806,0.13731665132092635
khanhha_noisy1::cracktree200_6340.jpg,0.7005922994416364,0.1772235897669784,0.12218411079138518
khanhha_noisy1::cracktree200_6623.jpg,0.47760362568753734,0.27046149283949605,0.2519348814729667
khanhha_noisy1::cracktree200_6658.jpg,0.3469266929378981,0.31161354871438596,0.341459758347716
khanhha_noisy1::forest_003.jpg,0.5643384928853171,0.23843113621821288,0.19723037089647
khanhha_noisy1::forest_069.jpg,0.24397009463209046,0.5798878185535167,0.17614208681439292
khanhha_noisy1::forest_076.jpg,0.3090559452713019,0.4994878508978774,0.19145620383082082
khanhha_noisy1::forest_098.jpg,0.29854686971723704,0.39668429570730795,0.30476883457545506
khanhha_noisy1::forest_109.jpg,0.1315042413862244,0.572243341157303,0.29625241745647257
khanhha_noisy1::noncrack_noncrack_concrete_wall_12_3.jpg.jpg,0.16398913442325794,0.620146596396669,0.21586426918007304
khanhha_noisy1::noncrack_noncrack_concrete_wall_12_9.jpg.jpg,0.1661821231153801,0.5970683101383417,0.23674956674627812
khanhha_noisy1::noncrack_noncrack_concrete_wall_14_11.jpg.jpg,0.05842607915751037,0.9118062847716701,0.029767636070819524
khanhha_noisy1::noncrack_noncrack_concrete_wall_14_25.jpg.jpg,0.05206541438773706,0.9060118536748194,0.04192273193744361
khanhha_noisy1::noncrack_noncrack_concrete_wall_21_0.jpg.jpg,0.014129246526559393,0.9430486226152435,0.04282213085819721
khanhha_noisy1::noncrack_noncrack_concrete_wall_31_0.jpg.jpg,0.014852774423774678,0.9415768503686197,0.043570375207605566
khanhha_noisy1::noncrack_noncrack_concrete_wall_31_4.jpg.jpg,0.03213570321445825,0.9312520178729212,0.03661227891262054
khanhha_noisy1::noncrack_noncrack_concrete_wall_34_0.jpg.jpg,0.03964165227454752,0.9449278293958694,0.015430518329583002
khanhha_noisy1::noncrack_noncrack_concrete_wall_39_9.jpg.jpg,0.03887140931641551,0.9451831600002956,0.015945430683288978
khanhha_noisy1::noncrack_noncrack_concrete_wall_40_0.jpg.jpg,0.026295664025018307,0.820443928306698,0.15326040766828375
khanhha_noisy1::noncrack_noncrack_concrete_wall_40_5.jpg.jpg,0.02007653710495013,0.8597342434574867,0.12018921943756308
khanhha_noisy1::noncrack_noncrack_concrete_wall_45_13.jpg.jpg,0.07434671368704862,0.8940055051219976,0.03164778119095373
khanhha_noisy1::noncrack_noncrack_concrete_wall_45_4.jpg.jpg,0.07434671368704862,0.8940055051219976,0.03164778119095373
khanhha_noisy1::noncrack_noncrack_concrete_wall_45_5.jpg.jpg,0.07434671368704862,0.8940055051219976,0.03164778119095373
khanhha_noisy1::noncrack_noncrack_concrete_wall_54_24.jpg.jpg,0.0883809032142861,0.8797105238736532,0.03190857291206068
khanhha_noisy1::noncrack_noncrack_concrete_wall_54_27.jpg.jpg,0.13340923092192628,0.8227035541002765,0.043887214977797226
khanhha_noisy1::noncrack_noncrack_concrete_wall_54_28.jpg.jpg,0.1034116252310021,0.8568499189376774,0.039738455831320414
khanhha_noisy1::noncrack_noncrack_concrete_wall_54_31.jpg.jpg,0.13441020138586093,0.8292767672749967,0.036313031339142474
khanhha_noisy1::noncrack_noncrack_concrete_wall_54_33.jpg.jpg,0.13945530587261337,0.8216512939204075,0.03889340020697914
khanhha_noisy1::noncrack_noncrack_concrete_wall_54_36.jpg.jpg,0.08800291589520379,0.8805125342451083,0.03148454985968799
khanhha_noisy1::noncrack_noncrack_concrete_wall_54_4.jpg.jpg,0.11971391940545865,0.8496845740329941,0.03060150656154722
khanhha_noisy1::noncrack_noncrack_concrete_wall_54_40.jpg.jpg,0.11834790645211936,0.8333126694845983,0.04833942406328235
khanhha_noisy1::noncrack_noncrack_concrete_wall_54_44.jpg.jpg,0.14710595518498448,0.8186559037990906,0.03423814101592492
khanhha_noisy1::noncrack_noncrack_concrete_wall_54_48.jpg.jpg,0.15097992549153702,0.8136672327991392,0.03535284170932396
khanhha_noisy1::noncrack_noncrack_concrete_wall_54_53.jpg.jpg,0.16066239094598728,0.7877903973530298,0.05154721170098293
khanhha_noisy1::noncrack_noncrack_concrete_wall_54_54.jpg.jpg,0.11783514662469356,0.8489992501222081,0.03316560325309834
khanhha_noisy1::noncrack_noncrack_concrete_wall_54_57.jpg.jpg,0.11975042520915614,0.8372682546552608,0.04298132013558301
khanhha_noisy1::noncrack_noncrack_concrete_wall_54_72.jpg.jpg,0.11649986202019891,0.8548102656120673,0.02868987236773375
khanhha_noisy1::noncrack_noncrack_concrete_wall_5_10.jpg.jpg,0.014443756246668825,0.9733085338372849,0.01224770991604623
khanhha_noisy1::noncrack_noncrack_concrete_wall_63_1.jpg.jpg,0.08870325867149281,0.8663980788630259,0.044898662465481305
khanhha_noisy1::noncrack_noncrack_concrete_wall_67_1.jpg.jpg,0.31609608445780546,0.4709558893823945,0.2129480261598001
khanhha_noisy1::noncrack_noncrack_concrete_wall_67_2.jpg.jpg,0.2250577330777109,0.6196924703695829,0.15524979655270632
khanhha_noisy1::noncrack_noncrack_concrete_wall_6_0.jpg.jpg,0.020407714156237832,0.9334368809314046,0.04615540491235749
khanhha_noisy1::noncrack_noncrack_concrete_wall_70_3.jpg.jpg,0.03022200396567994,0.7708902253618976,0.19888777067242244
khanhha_noisy1::noncrack_noncrack_concrete_wall_73_1.jpg.jpg,0.017004304798802758,0.9486817381722771,0.03431395702892027
khanhha_noisy1::noncrack_noncrack_concrete_wall_73_2.jpg.jpg,0.017004304798802758,0.9486817381722771,0.03431395702892027
khanhha_noisy1::noncrack_noncrack_concrete_wall_73_4.jpg.jpg,0.0189197727642409,0.9373771846290022,0.043703042606756996
khanhha_noisy1::noncrack_noncrack_concrete_wall_75_0.jpg.jpg,0.025453894888305618,0.8460104266099877,0.1285356785017067
khanhha_noisy1::noncrack_noncrack_concrete_wall_75_18.jpg.jpg,0.019524244668386894,0.8872186822539279,0.09325707307768517
khanhha_noisy1::noncrack_noncrack_concrete_wall_75_24.jpg.jpg,0.02389474331606166,0.8507790284947225,0.12532622818921577
khanhha_noisy1::noncrack_noncrack_concrete_wall_76_1.jpg.jpg,0.17916537071942648,0.7527752215225891,0.06805940775798439
khanhha_noisy1::noncrack_noncrack_concrete_wall_76_22.jpg.jpg,0.20026090733765875,0.726309191824185,0.0734299008381563
khanhha_noisy1::noncrack_noncrack_concrete_wall_76_30.jpg.jpg,0.11367908340576763,0.8179147988719438,0.06840611772228844
khanhha_noisy1::noncrack_noncrack_concrete_wall_76_36.jpg.jpg,0.17506732834737262,0.7577268898328815,0.06720578181974592
khanhha_noisy1::noncrack_noncrack_concrete_wall_76_38.jpg.jpg,0.14961987266572815,0.7911724343384199,0.059207692995851983
khanhha_noisy1::noncrack_noncrack_concrete_wall_76_49.jpg.jpg,0.20752049887807963,0.7069359069476755,0.08554359417424486
khanhha_noisy1::noncrack_noncrack_concrete_wall_76_5.jpg.jpg,0.11302630522380051,0.8362161759589207,0.05075751881727876
khanhha_noisy1::noncrack_noncrack_concrete_wall_76_62.jpg.jpg,0.1557896654107333,0.7487302737751051,0.0954800608141614
khanhha_noisy1::noncrack_noncrack_concrete_wall_89_0.jpg.jpg,0.01694308978306593,0.9773668006470544,0.005690109569879659
khanhha_noisy1::noncrack_noncrack_concrete_wall_89_1.jpg.jpg,0.023559586173319786,0.9695548687839007,0.006885545042779632
khanhha_noisy1::noncrack_noncrack_concrete_wall_91_1.jpg.jpg,0.02368014471742634,0.9541762012019295,0.022143654080644143
khanhha_noisy2::CFD_007.jpg,0.30029023002270566,0.447482023439962,0.25222774653733226
khanhha_noisy2::CFD_013.jpg,0.44897608776213715,0.476456496763597,0.07456741547426583
khanhha_noisy2::CFD_014.jpg,0.34347159217690487,0.34983341072461327,0.30669499709848197
khanhha_noisy2::CFD_047.jpg,0.652395920394063,0.13871958244682212,0.20888449715911478
khanhha_noisy2::CFD_082.jpg,0.6170243650846067,0.1113587636001869,0.27161687131520645
khanhha_noisy2::CRACK500_20160222_081111_641_361.jpg,0.4643308261500917,0.37701484011093694,0.15865433373897145
khanhha_noisy2::CRACK500_20160222_081113_1921_721.jpg,0.4435664377675755,0.4428024136109581,0.11363114862146642
khanhha_noisy2::CRACK500_20160222_115305_1281_1081.jpg,0.1560692624001815,0.3476784072780401,0.49625233032177823
khanhha_noisy2::CRACK500_20160222_115305_1921_361.jpg,0.32540183900943404,0.2918493729836036,0.3827487880069624
khanhha_noisy2::CRACK500_20160222_115305_641_1.jpg,0.3127455931866644,0.39132149092428004,0.2959329158890556
khanhha_noisy2::CRACK500_20160222_115305_641_721.jpg,0.3219275183308729,0.33185177083133416,0.34622071083779293
khanhha_noisy2::CRACK500_20160222_115828_641_1.jpg,0.3551540422489938,0.565432822153987,0.07941313559701908
khanhha_noisy2::CRACK500_20160222_164825_641_721.jpg,0.3127503603749591,0.4524816823233709,0.23476795730166988
khanhha_noisy2::CRACK500_20160222_164851_641_1081.jpg,0.5245953420367961,0.1797251295692509,0.2956795283939529
khanhha_noisy2::CRACK500_20160222_165218_641_1.jpg,0.21799453940248062,0.6666183449788483,0.11538711561867122
khanhha_noisy2::CRACK500_20160222_165909_1281_1081.jpg,0.3860189393860443,0.4613855789841395,0.15259548162981615
khanhha_noisy2::CRACK500_20160222_165926_1281_721.jpg,0.4016319611734124,0.4615225896677408,0.13684544915884692
khanhha_noisy2::CRACK500_20160222_165947_1921_721.jpg,0.34703245796340804,0.5457324091372877,0.10723513289930431
khanhha_noisy2::CRACK500_20160302_155848_1281_361.jpg,0.27918306483863303,0.37482146860221854,0.3459954665591484
khanhha_noisy2::CRACK500_20160302_155848_1921_361.jpg,0.39276049230634125,0.23671575590506289,0.37052375178859576
khanhha_noisy2::CRACK500_20160302_155848_641_721.jpg,0.27420605737199366,0.4274793276340937,0.2983146149939127
khanhha_noisy2::CRACK500_20160302_160033_641_361.jpg,0.34565943823924195,0.3459373558818633,0.30840320587889475
khanhha_noisy2::CRACK500_20160303_092627_641_721.jpg,0.31945972841076387,0.1948948378671477,0.48564543372208835
khanhha_noisy2::CRACK500_20160303_093400_641_1.jpg,0.18588251510991072,0.62949957497441,0.18461790991567922
khanhha_noisy2::CRACK500_20160303_093400_641_721.jpg,0.5022601782302161,0.3479204541492313,0.14981936762055267
khanhha_noisy2::CRACK500_20160307_145259_1921_721.jpg,0.3478536971078861,0.29592734239865026,0.35621896049346363
khanhha_noisy2::CRACK500_20160307_145259_1_361.jpg,0.21170181143131095,0.5233004738311656,0.26499771473752337
khanhha_noisy2::CRACK500_20160307_164214_1281_1081.jpg,0.21798760465122188,0.6513482283664428,0.1306641669823354
khanhha_noisy2::CRACK500_20160307_164214_1_721.jpg,0.4220296965782419,0.4190406112616877,0.15892969216007055
khanhha_noisy2::CRACK500_20160307_164226_1921_721.jpg,0.4100008273083693,0.4633503195416982,0.12664885314993243
khanhha_noisy2::CRACK500_20160307_164226_1_721.jpg,0.5676394587804712,0.2870642837732647,0.14529625744626415
khanhha_noisy2::CRACK500_20160307_164226_641_721.jpg,0.5156833214612917,0.41662966896418757,0.06768700957452056
khanhha_noisy2::CRACK500_20160308_073245_1_361.jpg,0.5301448373145188,0.27907840332799466,0.1907767593574866
khanhha_noisy2::CRACK500_20160308_073245_641_1.jpg,0.18092841259952183,0.6481897687980723,0.1708818186024058
khanhha_noisy2::CRACK500_20160308_074702_1281_361.jpg,0.18486031300761652,0.45322692321742136,0.36191276377496223
khanhha_noisy2::CRACK500_20160308_074702_1921_361.jpg,0.5048651149513078,0.15201905386106973,0.3431158311876225
khanhha_noisy2::CRACK500_20160308_074702_641_721.jpg,0.2838907062047811,0.1333985161953488,0.5827107775998701
khanhha_noisy2::CRACK500_20160308_155720_1281_361.jpg,0.39291841504028874,0.2941744221723979,0.3129071627873133
khanhha_noisy2::CRACK500_20160308_155720_1_1.jpg,0.22956840071421936,0.5170018665814721,0.25342973270430846
khanhha_noisy2::CRACK500_20160308_155720_641_721.jpg,0.17173249373500304,0.6529262631097091,0.17534124315528785
khanhha_noisy2::CRACK500_20160308_155731_1281_1.jpg,0.17661841335297654,0.5460435589423824,0.27733802770464094
khanhha_noisy2::CRACK500_20160308_155731_641_1081.jpg,0.25189919919786447,0.365149350804788,0.38295144999734754
khanhha_noisy2::CRACK500_20160310_114441_641_1.jpg,0.42258758875078606,0.33957301028900483,0.23783940096020917
khanhha_noisy2::CRACK500_20160310_114441_641_1081.jpg,0.348433416374312,0.2733907197520122,0.37817586387367585
khanhha_noisy2::CRACK500_20160316_141721_1_721.jpg,0.1736670099293256,0.7097242191177097,0.11660877095296471
khanhha_noisy2::CRACK500_20160316_141721_641_721.jpg,0.20025595082793116,0.6842688599182801,0.11547518925378877
khanhha_noisy2::CRACK500_20160316_142539_1_721.jpg,0.44542104035793534,0.258286898553377,0.2962920610886877
khanhha_noisy2::CRACK500_20160316_143603_1921_361.jpg,0.3720101293429503,0.25386651424849166,0.3741233564085581
khanhha_noisy2::CRACK500_20160316_143624_1_641.jpg,0.32723615861074207,0.23818964383978128,0.4345741975494767
khanhha_noisy2::CRACK500_20160316_144212_1921_721.jpg,0.3073164922934144,0.40053857749697425,0.2921449302096114
khanhha_noisy2::CRACK500_20160316_144212_641_721.jpg,0.2166503735785636,0.6251225067338967,0.15822711968753975
khanhha_noisy2::CRACK500_20160316_144241_641_361.jpg,0.23145419771803258,0.5749603620198629,0.19358544026210467
khanhha_noisy2::CRACK500_20160321_185518_1921_721.jpg,0.44381928583347785,0.22881231470406108,0.3273683994624612
khanhha_noisy2::CRACK500_20160321_185518_1_721.jpg,0.37132805661715007,0.27373272081291367,0.3549392225699363
khanhha_noisy2::CRACK500_20160325_185829_641_361.jpg,0.5748901204019173,0.34463052236111236,0.08047935723697033
khanhha_noisy2::CRACK500_20160326_174634_1921_361.jpg,0.286206684546899,0.4587128013810576,0.2550805140720435
khanhha_noisy2::CRACK500_20160326_174634_641_721.jpg,0.3703606572084839,0.14223518289927214,0.4874041598922441
khanhha_noisy2::CRACK500_20160328_150927_1281_721.jpg,0.5479988938889621,0.328287826943156,0.12371327916788183
khanhha_noisy2::CRACK500_20160328_150933_1921_361.jpg,0.614533439407452,0.17427348800401518,0.211193072588533
khanhha_noisy2::CRACK500_20160328_151020_641_721.jpg,0.5996628458556372,0.17858329509164536,0.2217538590527174
khanhha_noisy2::CRACK500_20160328_151201_1281_721.jpg,0.30164391257409223,0.536118818837599,0.16223726858830884
khanhha_noisy2::CRACK500_20160328_151201_1_1.jpg,0.20621357084942982,0.580907375679224,0.2128790534713463
khanhha_noisy2::CRACK500_20160328_151409_1921_1081.jpg,0.4475772012305139,0.4026333474800824,0.1497894512894038
khanhha_noisy2::CRACK500_20160328_152322_1281_721.jpg,0.3596287094449143,0.36232377820178624,0.2780475123532994
khanhha_noisy2::CRACK500_20160328_152322_1_721.jpg,0.31251647745398053,0.3734218423862295,0.31406168015979
khanhha_noisy2::CRACK500_20160328_152511_1921_721.jpg,0.27956550399257174,0.3962808934952073,0.324153602512221
khanhha_noisy2::CRACK500_20160328_153524_641_361.jpg,0.07460938853180234,0.6841278394107762,0.2412627720574214
khanhha_noisy2::CRACK500_20160328_153604_1_361.jpg,0.2893013028938314,0.5159330714711348,0.19476562563503383
khanhha_noisy2::CRACK500_20160328_153604_641_1.jpg,0.19186729953209117,0.5917457517696807,0.21638694869822808
khanhha_noisy2::CRACK500_20160328_153604_641_721.jpg,0.10694740661204204,0.7646346200581567,0.12841797332980126
khanhha_noisy2::CRACK500_20160328_153706_1281_1.jpg,0.23150910047542947,0.6321413514546895,0.1363495480698811
khanhha_noisy2::CRACK500_20160328_153706_1281_1081.jpg,0.15228503320496622,0.6712533797333193,0.17646158706171444
khanhha_noisy2::CRACK500_20160328_153706_1921_1.jpg,0.4381418557283036,0.39376088315425606,0.1680972611174403
khanhha_noisy2::CRACK500_20160328_153915_1921_721.jpg,0.16814426846022884,0.6084000640840076,0.22345566745576356
khanhha_noisy2::CRACK500_20160328_154159_1921_1081.jpg,0.3526053656013118,0.17302229586227533,0.4743723385364129
khanhha_noisy2::CRACK500_20160328_154159_1_361.jpg,0.20072669970302767,0.6141641801519601,0.18510912014501232
khanhha_noisy2::CRACK500_20160328_154429_641_721.jpg,0.32572547942583924,0.3812327871317607,0.2930417334424001
khanhha_noisy2::CRACK500_20160328_154454_1_721.jpg,0.3478050079225283,0.38081105275396343,0.27138393932350824
khanhha_noisy2::CRACK500_20160328_154454_721_1.jpg,0.3942718527802312,0.3172523571298069,0.2884757900899618
khanhha_noisy2::CRACK500_20160329_094055_1_721.jpg,0.2548323498166176,0.2871977990275056,0.45796985115587674
khanhha_noisy2::CRACK500_20160329_103609_1281_721.jpg,0.18065160714754316,0.5699052865340627,0.2494431063183942
khanhha_noisy2::CRACK500_20160329_103609_1921_721.jpg,0.4105069431122819,0.19137601539020394,0.39811704149751415
khanhha_noisy2::CRACK500_20160329_103609_1_721.jpg,0.2257623184196209,0.3032472446201112,0.4709904369602679
khanhha_noisy2::CRACK500_20160329_103609_641_361.jpg,0.21340594677484856,0.4287156210883604,0.35787843213679105
khanhha_noisy2::CRACK500_20160329_104205_1921_361.jpg,0.24062556834992072,0.37003696517555085,0.3893374664745285
khanhha_noisy2::CRACK500_20160329_115529_1_721.jpg,0.32482119395858955,0.21166552760033305,0.4635132784410773
khanhha_noisy2::CRACK500_20160330_165325_1921_361.jpg,0.7253279306172759,0.14746396838370207,0.12720810099902216
khanhha_noisy2::CRACK500_20160330_165325_1921_721.jpg,0.6008361489343023,0.23359328276033978,0.16557056830535805
khanhha_noisy2::CRACK500_20160330_165325_1_721.jpg,0.6513896921814262,0.08113227922660032,0.26747802859197356
khanhha_noisy2::CRACK500_20160330_165333_1921_1081.jpg,0.4269691998836574,0.3257216066672904,0.24730919344905225
khanhha_noisy2::CRACK500_20160330_165333_1_721.jpg,0.3938765224280883,0.15979106049151562,0.4463324170803961
khanhha_noisy2::CRACK500_20160330_170308_1281_361.jpg,0.2773368160747798,0.5150991636076315,0.2075640203175887
khanhha_noisy2::CRACK500_20160330_170308_1921_1081.jpg,0.36086542254638465,0.256612742552522,0.3825218349010934
khanhha_noisy2::CRACK500_20160330_170308_1921_361.jpg,0.3292389884844918,0.311496016512054,0.35926499500345416
khanhha_noisy2::CRACK500_20160330_170308_1921_721.jpg,0.33329255465992097,0.4140115111422821,0.252695934197797
khanhha_noisy2::CRACK500_20160402_150300_1281_721.jpg,0.1717465411416816,0.6155688768879937,0.21268458197032472
khanhha_noisy2::CRACK500_20160405_171219_1281_721.jpg,0.3323872676180044,0.3102930953656646,0.3573196370163311
khanhha_noisy2::CRACK500_20160405_171219_641_721.jpg,0.21663770399896812,0.4722831493690597,0.3110791466319722
khanhha_noisy2::CRACK500_20160405_171456_1_361.jpg,0.22949261850941216,0.25583574228191713,0.5146716392086707
khanhha_noisy2::CRACK500_20160405_172854_1921_1.jpg,0.24117603924094658,0.32891898581340523,0.42990497494564817
khanhha_noisy2::CRACK500_IMG_2937_1297_969.jpg,0.3401537621298641,0.21229941129726476,0.4475468265728711
khanhha_noisy2::CRACK500_IMG_2938_1297_969.jpg,0.26715372025889567,0.1933893376409175,0.5394569421001868
khanhha_noisy2::DeepCrack_11114.jpg,0.329153054194118,0.1808392385181255,0.4900077072877565
khanhha_noisy2::DeepCrack_11118.jpg,0.17018939550285603,0.40091715702466857,0.4288934474724755
khanhha_noisy2::DeepCrack_11134-3.jpg,0.236907440202655,0.5416689452793237,0.22142361451802123
khanhha_noisy2::DeepCrack_11134-4.jpg,0.2490277712624839,0.5698950159569366,0.18107721278057962
khanhha_noisy2::DeepCrack_11134.jpg,0.3195589400025463,0.5430588974135541,0.1373821625838997
khanhha_noisy2::DeepCrack_11153.jpg,0.49729471483141036,0.33653880324333535,0.16616648192525427
khanhha_noisy2::DeepCrack_11164-2.jpg,0.359803613469387,0.38461913641609013,0.25557725011452287
khanhha_noisy2::DeepCrack_11164-4.jpg,0.39238346152548964,0.3911779657912584,0.21643857268325195
khanhha_noisy2::DeepCrack_11178-3.jpg,0.24026285095196617,0.603439576686705,0.15629757236132877
khanhha_noisy2::DeepCrack_11204.jpg,0.1499316272810385,0.4580216840920088,0.3920466886269528
khanhha_noisy2::DeepCrack_7Q3A9060-3.jpg,0.4534223944785392,0.4413247807349389,0.10525282478652197
khanhha_noisy2::DeepCrack_7Q3A9060-9.jpg,0.3112715800246839,0.5544719955450399,0.13425642443027613
khanhha_noisy2::DeepCrack_IMG109-1.jpg,0.25730897996430724,0.13882818004449923,0.6038628399911936
khanhha_noisy2::DeepCrack_IMG14-1.jpg,0.23451555026070545,0.33203146118906623,0.4334529885502284
khanhha_noisy2::DeepCrack_IMG14-3.jpg,0.18831875858673944,0.6466079859648696,0.16507325544839083
khanhha_noisy2::Eugen_Muller_8980_79_365_456_521.jpg,0.876671838971777,0.03799535352134151,0.08533280750688153
khanhha_noisy2::Eugen_Muller_8980a_123_420_527_438.jpg,0.5716094889372871,0.17266895461853188,0.2557215564441809
khanhha_noisy2::Eugen_Muller_8980a_25_22_747_752.jpg,0.5984980166651879,0.18083111914741626,0.22067086418739604
khanhha_noisy2::GAPS384_train_0503_541_1.jpg,0.6129025457304887,0.2320037813478608,0.1550936729216505
khanhha_noisy2::GAPS384_train_0533_541_1.jpg,0.38669477035786964,0.5351027330980042,0.0782024965441262
khanhha_noisy2::GAPS384_train_0559_541_641.jpg,0.369705983862343,0.4725588546783413,0.15773516145931568
khanhha_noisy2::GAPS384_train_0599_1_1.jpg,0.03874650442375524,0.7714723959788307,0.18978109959741407
khanhha_noisy2::GAPS384_train_0608_1_1.jpg,0.4926594217874714,0.3030666804351992,0.2042738977773294
khanhha_noisy2::GAPS384_train_0641_1_1.jpg,0.12082068932009715,0.6985475508902348,0.18063175978966806
khanhha_noisy2::GAPS384_train_0641_541_641.jpg,0.11743237913369985,0.7847347602156021,0.09783286065069802
khanhha_noisy2::GAPS384_train_0690_541_1.jpg,0.5214883601878721,0.33063074047338037,0.14788089933874743
khanhha_noisy2::GAPS384_train_0961_1_1.jpg,0.2971447809786944,0.5685013979171358,0.13435382110416963
khanhha_noisy2::GAPS384_train_1048_1_1.jpg,0.644272560603594,0.23269178620762593,0.12303565318878011
khanhha_noisy2::GAPS384_train_1048_541_1.jpg,0.6066004001164269,0.1900045998191111,0.203395000064462
khanhha_noisy2::GAPS384_train_1085_541_1.jpg,0.6252004930379039,0.14779909479897313,0.22700041216312294
khanhha_noisy2::GAPS384_train_1172_541_641.jpg,0.5015876388611964,0.28796406236643957,0.2104482987723641
khanhha_noisy2::GAPS384_train_1173_541_1.jpg,0.5298231411461016,0.31147778428404027,0.1586990745698581
khanhha_noisy2::GAPS384_train_1173_541_641.jpg,0.5386815258774135,0.30619628958907064,0.1551221845335158
khanhha_noisy2::GAPS384_train_1187_1_1.jpg,0.324025829541593,0.5567350582175469,0.1192391122408602
khanhha_noisy2::GAPS384_train_1361_541_641.jpg,0.5078471898944118,0.19613069266650712,0.296022117439081
khanhha_noisy2::GAPS384_train_1370_541_641.jpg,0.6617963544789442,0.11194520294313896,0.22625844257791694
khanhha_noisy2::Rissbilder_for_Florian_9S6A2783_485_963_3019_3865.jpg,0.6995352393929554,0.22016962690014344,0.08029513370690122
khanhha_noisy2::Rissbilder_for_Florian_9S6A2783_510_849_2889_2880.jpg,0.5989171915495594,0.3121498561069612,0.08893295234347956
khanhha_noisy2::Rissbilder_for_Florian_9S6A2783_555_1445_2892_3793.jpg,0.6839715765823493,0.22723902128209314,0.08878940213555757
khanhha_noisy2::Rissbilder_for_Florian_9S6A2783_96_1214_3516_4173.jpg,0.7271159632586557,0.19395770704637127,0.07892632969497307
khanhha_noisy2::Rissbilder_for_Florian_9S6A2787_1034_2113_2702_3383.jpg,0.6422699402494321,0.27902693812933044,0.07870312162123749
khanhha_noisy2::Rissbilder_for_Florian_9S6A2787_114_2564_2503_2920.jpg,0.5826381745129654,0.3335017490765757,0.08386007641045887
khanhha_noisy2::Rissbilder_for_Florian_9S6A2787_1217_749_2520_2686.jpg,0.5428508080534806,0.37412121859564357,0.08302797335087578
khanhha_noisy2::Rissbilder_for_Florian_9S6A2787_1287_2060_2196_2885.jpg,0.5837928391720931,0.33748830513424155,0.07871885569366531
khanhha_noisy2::Rissbilder_for_Florian_9S6A2787_38_553_3789_4026.jpg,0.570074609497635,0.31715951965475436,0.11276587084761054
khanhha_noisy2::Rissbilder_for_Florian_9S6A2787_469_792_2677_2506.jpg,0.5937181701762926,0.30758006465212145,0.09870176517158592
khanhha_noisy2::Rissbilder_for_Florian_9S6A2789_29_2188_3523_3363.jpg,0.6214839842466291,0.2730700350092352,0.10544598074413554
khanhha_noisy2::Rissbilder_for_Florian_9S6A2789_79_2844_3130_2630.jpg,0.5403672527021182,0.3708469967743057,0.08878575052357605
khanhha_noisy2::Rissbilder_for_Florian_9S6A2795_244_2755_3348_2948.jpg,0.16229756566180553,0.8091960794263272,0.02850635491186722
khanhha_noisy2::Rissbilder_for_Florian_9S6A2795_345_1636_2968_2382.jpg,0.5226288732745696,0.414088216749909,0.06328290997552134
khanhha_noisy2::Rissbilder_for_Florian_9S6A2795_726_782_2478_3159.jpg,0.1917721115587915,0.737543685940545,0.07068420250066355
khanhha_noisy2::Rissbilder_for_Florian_9S6A2799_133_2058_3555_3079.jpg,0.12074391196739473,0.5901908180444727,0.2890652699881327
khanhha_noisy2::Rissbilder_for_Florian_9S6A2799_275_471_3176_4152.jpg,0.12383165527550571,0.5372140840291618,0.3389542606953324
khanhha_noisy2::Rissbilder_for_Florian_9S6A2799_288_786_3196_3304.jpg,0.11760435396232076,0.5730749311281684,0.3093207149095107
khanhha_noisy2::Rissbilder_for_Florian_9S6A2804_118_1818_2606_2570.jpg,0.25853738782653213,0.621559025287252,0.11990358688621597
khanhha_noisy2::Rissbilder_for_Florian_9S6A2805_1632_240_3224_2475.jpg,0.4510802418533683,0.45015073918124937,0.09876901896538219
khanhha_noisy2::Rissbilder_for_Florian_9S6A2805_3150_203_1998_2621.jpg,0.35145492776005766,0.5474078456361168,0.10113722660382557
khanhha_noisy2::Rissbilder_for_Florian_9S6A2805_565_1400_2938_2247.jpg,0.6047598964968754,0.23365441583918894,0.1615856876639356
khanhha_noisy2::Rissbilder_for_Florian_9S6A2806_1082_397_4233_3223.jpg,0.599870677439677,0.2957336820961665,0.10439564046415639
khanhha_noisy2::Rissbilder_for_Florian_9S6A2806_3363_1303_2009_2459.jpg,0.7122379740191521,0.14615650137996342,0.14160552460088455
khanhha_noisy2::Rissbilder_for_Florian_9S6A2806_368_348_2093_2759.jpg,0.7226430357809209,0.1949133494489998,0.0824436147700792
khanhha_noisy2::Rissbilder_for_Florian_9S6A2817_266_1535_2877_3827.jpg,0.07514226279974638,0.8882214940732808,0.03663624312697295
khanhha_noisy2::Rissbilder_for_Florian_9S6A2817_362_2779_2835_2376.jpg,0.16475002713612175,0.7782792213453846,0.05697075151849371
khanhha_noisy2::Rissbilder_for_Florian_9S6A2817_378_2811_2792_2576.jpg,0.10907550241360285,0.8325602281815191,0.058364269404878134
khanhha_noisy2::Rissbilder_for_Florian_9S6A2817_515_925_2769_3395.jpg,0.042208902891562886,0.9285435257333335,0.0292475713751036
khanhha_noisy2::Rissbilder_for_Florian_9S6A2817_67_221_2558_2411.jpg,0.02852766239039883,0.9599874019857644,0.011484935623836762
khanhha_noisy2::Rissbilder_for_Florian_9S6A2820_304_486_3141_3670.jpg,0.37204201915674445,0.3671180015124697,0.2608399793307858
khanhha_noisy2::Rissbilder_for_Florian_9S6A2820_366_660_2637_3456.jpg,0.24996418073953658,0.41322967116934334,0.33680614809112014
khanhha_noisy2::Rissbilder_for_Florian_9S6A2831_130_3142_3148_2567.jpg,0.5611593464294944,0.39990976805483097,0.03893088551567474
khanhha_noisy2::Rissbilder_for_Florian_9S6A2831_1392_523_2363_2146.jpg,0.7035300241693818,0.15642607559318272,0.14004390023743538
khanhha_noisy2::Rissbilder_for_Florian_9S6A2831_14_1354_3612_3768.jpg,0.5748717541319512,0.3255238135334538,0.09960443233459498
khanhha_noisy2::Rissbilder_for_Florian_9S6A2831_183_1551_2640_2168.jpg,0.7236024988262398,0.19004965695983211,0.08634784421392797
khanhha_noisy2::Rissbilder_for_Florian_9S6A2831_237_201_3399_4522.jpg,0.7068155145604493,0.18054778402830307,0.1126367014112477
khanhha_noisy2::Rissbilder_for_Florian_9S6A2831_277_1810_3479_3118.jpg,0.5547604991979043,0.3705509093769278,0.07468859142516793
khanhha_noisy2::Rissbilder_for_Florian_9S6A2831_343_1804_2873_2254.jpg,0.5225236563689492,0.3708110997489585,0.10666524388209232
khanhha_noisy2::Rissbilder_for_Florian_9S6A2832_1234_336_2375_2845.jpg,0.6608421983285849,0.26892174164502053,0.07023606002639458
khanhha_noisy2::Rissbilder_for_Florian_9S6A2832_185_2346_3101_2742.jpg,0.42257122328054375,0.4624389213602042,0.11498985535925206
khanhha_noisy2::Rissbilder_for_Florian_9S6A2832_375_1408_3366_3866.jpg,0.5290504900379874,0.3961184889828206,0.07483102097919184
khanhha_noisy2::Rissbilder_for_Florian_9S6A2841_19_570_3460_3784.jpg,0.6816739986273908,0.12587079214332292,0.19245520922928636
khanhha_noisy2::Rissbilder_for_Florian_9S6A2841_217_2299_3214_2878.jpg,0.5758195597529373,0.20483881814903743,0.21934162209802519
khanhha_noisy2::Rissbilder_for_Florian_9S6A2841_247_162_2749_3393.jpg,0.7296467075445402,0.1490142485945382,0.12133904386092155
khanhha_noisy2::Rissbilder_for_Florian_9S6A2841_319_1106_2769_3450.jpg,0.6167101850913671,0.20620790607312695,0.17708190883550587
khanhha_noisy2::Rissbilder_for_Florian_9S6A2841_341_1075_3324_3954.jpg,0.5441620325797794,0.24921344981745744,0.2066245176027631
khanhha_noisy2::Rissbilder_for_Florian_9S6A2841_542_955_3068_2456.jpg,0.6169683344059667,0.23282267329913658,0.1502089922948967
khanhha_noisy2::Rissbilder_for_Florian_9S6A2845_0_0_5760_3840.jpg,0.7087222027938427,0.08415177685253014,0.2071260203536272
khanhha_noisy2::Rissbilder_for_Florian_9S6A2845_1333_32_4399_3805.jpg,0.7021361756602593,0.0934858974335398,0.20437792690620107
khanhha_noisy2::Rissbilder_for_Florian_9S6A2845_1480_64_3182_3685.jpg,0.7402787512724431,0.10848514132276421,0.15123610740479268
khanhha_noisy2::Rissbilder_for_Florian_9S6A2845_1641_474_2958_3084.jpg,0.767149818691033,0.07042852169709858,0.16242165961186827
khanhha_noisy2::Rissbilder_for_Florian_9S6A2845_2026_3_2804_3214.jpg,0.6194713499488144,0.18273265186677368,0.19779599818441201
khanhha_noisy2::Rissbilder_for_Florian_9S6A2845_2181_159_3010_3511.jpg,0.787648426191045,0.05699105787972112,0.1553605159292339
khanhha_noisy2::Rissbilder_for_Florian_9S6A2845_628_184_3360_3293.jpg,0.7470560818210247,0.14092109758430627,0.11202282059466896
khanhha_noisy2::Rissbilder_for_Florian_9S6A2851_1713_30_3619_3365.jpg,0.7294113026272155,0.18179343049981195,0.08879526687297255
khanhha_noisy2::Rissbilder_for_Florian_9S6A2851_1976_734_2746_2491.jpg,0.667746603879119,0.21338245751364543,0.1188709386072356
khanhha_noisy2::Rissbilder_for_Florian_9S6A2851_2413_175_2645_3485.jpg,0.7801598787060294,0.15712683476879974,0.06271328652517086
khanhha_noisy2::Rissbilder_for_Florian_9S6A2851_512_50_2972_2678.jpg,0.6781748254454665,0.2119801977105699,0.10984497684396359
khanhha_noisy2::Rissbilder_for_Florian_9S6A2864_0_0_3840_5760.jpg,0.245074747264143,0.7207887033599591,0.034136549375897926
khanhha_noisy2::Rissbilder_for_Florian_9S6A2864_474_1863_3308_2536.jpg,0.6162277653475974,0.30286091071049415,0.08091132394190843
khanhha_noisy2::Rissbilder_for_Florian_9S6A2864_95_886_3690_4688.jpg,0.4784050916274693,0.4620958052713745,0.05949910310115612
khanhha_noisy2::Rissbilder_for_Florian_9S6A2879_0_0_5760_3840.jpg,0.31064142003084066,0.33839940826331877,0.3509591717058406
khanhha_noisy2::Rissbilder_for_Florian_9S6A2879_1312_923_2418_2909.jpg,0.15428564133190031,0.4886850045664841,0.3570293541016155
khanhha_noisy2::Rissbilder_for_Florian_9S6A2879_1320_542_3826_3214.jpg,0.34845727282322725,0.3594905734330823,0.29205215374369037
khanhha_noisy2::Rissbilder_for_Florian_9S6A2882_346_490_2497_1975.jpg,0.20201503642093915,0.5148514217527208,0.2831335418263401
khanhha_noisy2::Rissbilder_for_Florian_9S6A2882_458_1944_3282_2844.jpg,0.1132844233431914,0.47947898815422657,0.40723658850258204
khanhha_noisy2::Rissbilder_for_Florian_9S6A2883_0_0_3840_5760.jpg,0.14824378496906412,0.4533639918985155,0.3983922231324204
khanhha_noisy2::Rissbilder_for_Florian_9S6A2883_290_1780_2688_2984.jpg,0.3019820482648483,0.42798975879366347,0.2700281929414883
khanhha_noisy2::Rissbilder_for_Florian_9S6A2885_167_1375_2073_2363.jpg,0.06071414061972034,0.5503028274950361,0.3889830318852436
khanhha_noisy2::Rissbilder_for_Florian_9S6A2885_67_973_3621_3313.jpg,0.02351448989203624,0.6451063118785844,0.33137919822937933
khanhha_noisy2::Rissbilder_for_Florian_9S6A2885_82_1409_2816_3479.jpg,0.07539001481104506,0.5875880080183368,0.33702197717061816
khanhha_noisy2::Rissbilder_for_Florian_9S6A2886_106_479_3642_4594.jpg,0.0416945169183082,0.5567880080246576,0.4015174750570342
khanhha_noisy2::Rissbilder_for_Florian_9S6A2886_110_1312_3454_3075.jpg,0.07825446967416398,0.5095173546643811,0.41222817566145503
khanhha_noisy2::Rissbilder_for_Florian_9S6A2886_12_1171_3583_2973.jpg,0.06073342290813372,0.5501237889426479,0.3891427881492183
khanhha_noisy2::Rissbilder_for_Florian_9S6A2886_273_2665_2929_2302.jpg,0.17089350534893236,0.5080897243330985,0.3210167703179691
khanhha_noisy2::Rissbilder_for_Florian_9S6A2886_695_71_2627_3457.jpg,0.03108736944658748,0.7272928722263083,0.2416197583271044
khanhha_noisy2::Rissbilder_for_Florian_9S6A2886_984_32_2437_2598.jpg,0.10342002856598628,0.7721272428899454,0.12445272854406836
khanhha_noisy2::Rissbilder_for_Florian_9S6A2887_452_483_3013_2564.jpg,0.24781158535791323,0.5075846157663363,0.2446037988757505
khanhha_noisy2::Rissbilder_for_Florian_9S6A2887_749_2501_3000_2991.jpg,0.20462590678242623,0.4926401068536007,0.30273398636397314
khanhha_noisy2::Rissbilder_for_Florian_9S6A2892_103_890_2526_2526.jpg,0.04484549687166668,0.7901039290083499,0.16505057411998342
khanhha_noisy2::Rissbilder_for_Florian_9S6A2892_1086_390_3050_2813.jpg,0.03849207120263562,0.7700662343385725,0.19144169445879178
khanhha_noisy2::Rissbilder_for_Florian_9S6A2892_1754_604_2639_2889.jpg,0.015017997035515637,0.8782009738118107,0.10678102915267364
khanhha_noisy2::Rissbilder_for_Florian_9S6A2906_0_0_3840_5760.jpg,0.4100111280447098,0.4454569482341827,0.1445319237211075
khanhha_noisy2::Rissbilder_for_Florian_9S6A2906_358_658_3398_3904.jpg,0.2594748754190029,0.5935666153220647,0.14695850925893253
khanhha_noisy2::Rissbilder_for_Florian_9S6A2906_52_256_3772_3845.jpg,0.37362457314792935,0.5028526371406851,0.12352278971138562
khanhha_noisy2::Rissbilder_for_Florian_9S6A2906_54_350_3631_4518.jpg,0.36426818239859066,0.48670136147623055,0.14903045612517868
khanhha_noisy2::Rissbilder_for_Florian_9S6A2906_67_759_3263_3857.jpg,0.36868552225190543,0.5151760545683384,0.11613842317975619
khanhha_noisy2::Rissbilder_for_Florian_9S6A2909_191_2009_3191_3109.jpg,0.32600473026385957,0.32839735174733997,0.34559791798880046
khanhha_noisy2::Rissbilder_for_Florian_9S6A2909_36_61_3613_3826.jpg,0.24259823358327937,0.28068768168704716,0.47671408472967336
khanhha_noisy2::Rissbilder_for_Florian_9S6A2909_485_850_3106_4081.jpg,0.28518496164844465,0.1475920062035381,0.5672230321480173
khanhha_noisy2::Rissbilder_for_Florian_9S6A2914_10_816_3799_4560.jpg,0.11086844076968447,0.8350088598776277,0.054122699352687806
khanhha_noisy2::Rissbilder_for_Florian_9S6A2914_165_203_2511_2307.jpg,0.3643567931565049,0.5216070533792375,0.11403615346425759
khanhha_noisy2::Rissbilder_for_Florian_9S6A2914_601_1274_2657_3363.jpg,0.592328185010529,0.2997198998614883,0.10795191512798265
khanhha_noisy2::Rissbilder_for_Florian_9S6A2914_61_827_3521_3770.jpg,0.3980807761456618,0.5281450937052965,0.07377413014904173
khanhha_noisy2::Rissbilder_for_Florian_9S6A2914_864_1519_2861_3089.jpg,0.5635200301442151,0.3070827640832191,0.12939720577256567
khanhha_noisy2::Rissbilder_for_Florian_9S6A2916_1381_1379_2811_2259.jpg,0.5669922532779673,0.328695131149426,0.1043126155726067
khanhha_noisy2::Rissbilder_for_Florian_9S6A2916_1475_441_4120_3342.jpg,0.5701598821093754,0.29941356492289584,0.1304265529677288
khanhha_noisy2::Rissbilder_for_Florian_9S6A2916_2449_405_2485_3276.jpg,0.6198224899670405,0.3063111521270051,0.07386635790595443
khanhha_noisy2::Rissbilder_for_Florian_9S6A2916_26_880_2781_2363.jpg,0.35454826658542044,0.5732395881833791,0.07221214523120063
khanhha_noisy2::Rissbilder_for_Florian_9S6A2916_361_66_3733_3710.jpg,0.4386466909828875,0.48240616638158496,0.0789471426355274
khanhha_noisy2::Rissbilder_for_Florian_9S6A3089_0_0_3840_5760.jpg,0.6805178340369825,0.2275652739416948,0.09191689202132279
khanhha_noisy2::Rissbilder_for_Florian_9S6A3089_369_1679_3470_3717.jpg,0.6356389538890712,0.2201421679350424,0.14421887817588627
khanhha_noisy2::Rissbilder_for_Florian_9S6A3094_17_1195_3751_3661.jpg,0.5167859419065975,0.29348968859537405,0.18972436949802837
khanhha_noisy2::Rissbilder_for_Florian_9S6A3094_504_2131_3084_3443.jpg,0.45065278430410977,0.2885500297840466,0.26079718591184364
khanhha_noisy2::Rissbilder_for_Florian_9S6A3094_596_1754_2681_3046.jpg,0.5577581999572663,0.2311324819473808,0.21110931809535297
khanhha_noisy2::Rissbilder_for_Florian_9S6A3099_120_26_3496_4484.jpg,0.73243491661101,0.15505579818173118,0.11250928520725886
khanhha_noisy2::Rissbilder_for_Florian_9S6A3099_12_492_3822_3921.jpg,0.6834658302362894,0.20369515995611867,0.11283900980759197
khanhha_noisy2::Rissbilder_for_Florian_9S6A3099_441_1535_3289_4016.jpg,0.8412620577686634,0.07099673873644058,0.08774120349489599
khanhha_noisy2::Rissbilder_for_Florian_9S6A3099_86_2659_2827_2257.jpg,0.6531801961083148,0.26211664066135826,0.08470316323032698
khanhha_noisy2::Rissbilder_for_Florian_9S6A3100_374_2397_2891_2543.jpg,0.4099137584359971,0.32991941173757194,0.2601668298264309
khanhha_noisy2::Rissbilder_for_Florian_9S6A3100_62_648_2874_2646.jpg,0.43536959678616305,0.3804912868633556,0.1841391163504812
khanhha_noisy2::Rissbilder_for_Florian_9S6A3100_765_387_2677_2632.jpg,0.44487712484953873,0.39475823880599975,0.1603646363444615
khanhha_noisy2::Rissbilder_for_Florian_9S6A3102_100_448_3704_4115.jpg,0.4671713212436169,0.3980082808768146,0.13482039787956854
khanhha_noisy2::Rissbilder_for_Florian_9S6A3105_186_619_3616_4246.jpg,0.6333900534896784,0.11771141316707395,0.24889853334324769
khanhha_noisy2::Rissbilder_for_Florian_9S6A3105_871_2904_2401_2180.jpg,0.5712917112258245,0.2193488006364122,0.2093594881377635
khanhha_noisy2::Rissbilder_for_Florian_9S6A3105_95_40_3736_3924.jpg,0.6838910463502815,0.08828033231883735,0.22782862133088114
khanhha_noisy2::Rissbilder_for_Florian_9S6A3115_1009_154_4329_3598.jpg,0.2051675081526499,0.10066012319544608,0.694172368651904
khanhha_noisy2::Rissbilder_for_Florian_9S6A3115_1837_674_2470_3120.jpg,0.3185835736084221,0.08488343350700046,0.5965329928845774
khanhha_noisy2::Rissbilder_for_Florian_9S6A3115_1867_748_3166_2919.jpg,0.23732686755479168,0.06402955354145681,0.6986435789037515
khanhha_noisy2::Rissbilder_for_Florian_9S6A3122_155_390_2741_3264.jpg,0.331475772492157,0.14360701273425913,0.5249172147735838
khanhha_noisy2::Rissbilder_for_Florian_9S6A3122_463_1629_3085_3858.jpg,0.5337494563984982,0.06252262739921839,0.4037279162022834
khanhha_noisy2::Rissbilder_for_Florian_9S6A3124_1300_898_2343_2899.jpg,0.12447496600706924,0.09545332673661332,0.7800717072563175
khanhha_noisy2::Rissbilder_for_Florian_9S6A3124_465_2434_3240_3146.jpg,0.26774587086979035,0.09063682112914541,0.6416173080010643
khanhha_noisy2::Rissbilder_for_Florian_9S6A3126_162_642_3629_3769.jpg,0.4357241896197483,0.0850091030663745,0.47926670731387705
khanhha_noisy2::Rissbilder_for_Florian_9S6A3126_206_1216_3376_3686.jpg,0.4618552575813934,0.11448548247722895,0.4236592599413776
khanhha_noisy2::Rissbilder_for_Florian_9S6A3126_264_1533_3180_4043.jpg,0.61192359578835,0.09044528336938928,0.2976311208422608
khanhha_noisy2::Rissbilder_for_Florian_9S6A3126_429_167_3310_4297.jpg,0.3989974869566081,0.13125249531914887,0.4697500177242431
khanhha_noisy2::Rissbilder_for_Florian_9S6A3129_141_412_2185_2751.jpg,0.3907649290143955,0.3154365771621238,0.29379849382348067
khanhha_noisy2::Rissbilder_for_Florian_9S6A3129_78_688_3494_3199.jpg,0.39595718986977696,0.2621376424272651,0.34190516770295787
khanhha_noisy2::Rissbilder_for_Florian_9S6A3129_882_707_2680_2479.jpg,0.4706209337651383,0.1621689900882366,0.36721007614662526
khanhha_noisy2::Rissbilder_for_Florian_9S6A3132_2349_1232_2560_2243.jpg,0.3902311635414783,0.09196664413170087,0.5178021923268209
khanhha_noisy2::Rissbilder_for_Florian_9S6A3132_2998_275_2346_3000.jpg,0.3495296586420372,0.21153156583418892,0.4389387755237738
khanhha_noisy2::Sylvie_Chambon_058.jpg,0.6823563220934137,0.1393897406657218,0.1782539372408644
khanhha_noisy2::Sylvie_Chambon_062.jpg,0.4649829526359701,0.3752866588142685,0.1597303885497613
khanhha_noisy2::Sylvie_Chambon_068.jpg,0.753344282434046,0.1586707195665369,0.08798499799941713
khanhha_noisy2::Sylvie_Chambon_089.jpg,0.4540213116302728,0.2331033683633583,0.3128753200063689
khanhha_noisy2::Sylvie_Chambon_206.jpg,0.4527036588826303,0.36743008338216393,0.17986625773520584
khanhha_noisy2::Sylvie_Chambon_207.jpg,0.535172878192757,0.13355600869645964,0.3312711131107834
khanhha_noisy2::Sylvie_Chambon_306.jpg,0.31757663539662057,0.4330608370310133,0.24936252757236607
khanhha_noisy2::Volker_DSC01608_969_117_1674_1684.jpg,0.2512979961121311,0.48374022854025656,0.2649617753476124
khanhha_noisy2::Volker_DSC01610_123_687_1549_1614.jpg,0.3489959577378315,0.3784588783988428,0.2725451638633257
khanhha_noisy2::Volker_DSC01610_142_1014_1353_1352.jpg,0.28878294880623856,0.43984968522479034,0.27136736596897115
khanhha_noisy2::Volker_DSC01610_303_207_1284_1603.jpg,0.2406878968842632,0.5562611370820234,0.20305096603371336
khanhha_noisy2::Volker_DSC01628_0_0_1824_2736.jpg,0.4738831742109447,0.38632117705990815,0.13979564872914707
khanhha_noisy2::Volker_DSC01628_628_1158_1128_1084.jpg,0.5524768894502197,0.2870727924970996,0.1604503180526808
khanhha_noisy2::Volker_DSC01636_1084_9_1476_1810.jpg,0.3628750793700331,0.2153263749487242,0.4217985456812428
khanhha_noisy2::Volker_DSC01659_516_815_948_1199.jpg,0.4605022873501115,0.3454550303012052,0.19404268234868324
khanhha_noisy2::Volker_DSC01665_11_415_1778_1890.jpg,0.37385226251799075,0.33380156312487375,0.29234617435713556
khanhha_noisy2::Volker_DSC01665_74_990_1563_1266.jpg,0.37303246730000955,0.3425985381779354,0.28436899452205505
khanhha_noisy2::Volker_DSC01673_0_0_1824_2736.jpg,0.5398871808075872,0.061283074629349434,0.3988297445630633
khanhha_noisy2::Volker_DSC01677_185_223_1446_1163.jpg,0.6095154114875544,0.2612561472816042,0.12922844123084148
khanhha_noisy2::Volker_DSC01677_26_956_1697_1698.jpg,0.5566317241325537,0.3083616398520744,0.13500663601537202
khanhha_noisy2::Volker_DSC01677_40_7_1782_1399.jpg,0.7243741485596094,0.14324970112231467,0.13237615031807584
khanhha_noisy2::Volker_DSC01687_13_413_1695_1782.jpg,0.5505996960959816,0.28518507492832473,0.1642152289756938
khanhha_noisy2::Volker_DSC01687_256_1075_1494_1234.jpg,0.5533893462341357,0.2708351749977865,0.1757754787680778
khanhha_noisy2::Volker_DSC01688_29_115_1785_2096.jpg,0.5364350085236728,0.27209640880172037,0.19146858267460684
khanhha_noisy2::Volker_DSC01688_89_1104_1613_1250.jpg,0.44577423492129753,0.3529659251469104,0.2012598399317921
khanhha_noisy2::Volker_DSC01696_0_0_2736_1824.jpg,0.6308227685447605,0.23259529609840324,0.13658193535683627
khanhha_noisy2::Volker_DSC01705_103_1212_1149_941.jpg,0.11962744516144853,0.7381695768473799,0.14220297799117163
khanhha_noisy2::Volker_DSC01705_286_514_1483_1229.jpg,0.3602169073421327,0.5157504774260002,0.12403261523186714
khanhha_noisy2::Volker_DSC01705_35_261_1646_1312.jpg,0.49283401811730365,0.29669230380352063,0.21047367807917575
khanhha_noisy2::Volker_DSC01705_493_958_1260_1668.jpg,0.6303094032632848,0.23993118331575083,0.12975941342096428
khanhha_noisy2::Volker_DSC01706_613_680_974_1043.jpg,0.4614921847254268,0.3164252683467914,0.2220825469277818
khanhha_noisy2::Volker_DSC01709_269_118_1281_1314.jpg,0.6135628611784549,0.21660830814943113,0.1698288306721138
khanhha_noisy2::Volker_DSC01709_71_801_1387_1771.jpg,0.5446978941903892,0.2888458389513127,0.16645626685829817
khanhha_noisy2::cracktree200_6281.jpg,0.6735946417244102,0.22938558916827065,0.09701976910731912
khanhha_noisy2::cracktree200_6327.jpg,0.360933322671134,0.4378038785197169,0.20126279880914916
khanhha_noisy2::cracktree200_6329.jpg,0.6961552355801042,0.19829054451299657,0.10555421990689932
khanhha_noisy2::cracktree200_6330.jpg,0.45557421135105575,0.38005495492006053,0.16437083372888367
khanhha_noisy2::cracktree200_6340.jpg,0.4398634574771261,0.4435776539169031,0.11655888860597081
khanhha_noisy2::cracktree200_6623.jpg,0.7335777927270287,0.16793011814934844,0.09849208912362292
khanhha_noisy2::cracktree200_6658.jpg,0.477974697897328,0.23005886102890966,0.29196644107376235
khanhha_noisy2::forest_003.jpg,0.835608203062987,0.04630772600845301,0.11808407092856006
khanhha_noisy2::forest_069.jpg,0.3452898607045771,0.5380203063503269,0.1166898329450958
khanhha_noisy2::forest_076.jpg,0.49056257408751086,0.36516625386454765,0.14427117204794135
khanhha_noisy2::forest_098.jpg,0.35995868375775897,0.4013664197105813,0.2386748965316597
khanhha_noisy2::forest_109.jpg,0.19372623236591527,0.5350588037015085,0.2712149639325762
khanhha_noisy2::noncrack_noncrack_concrete_wall_12_3.jpg.jpg,0.11082884580944265,0.5368590410915567,0.3523121130990007
khanhha_noisy2::noncrack_noncrack_concrete_wall_12_9.jpg.jpg,0.08110313282137124,0.6454952912234483,0.2734015759551805
khanhha_noisy2::noncrack_noncrack_concrete_wall_14_11.jpg.jpg,0.03155919755190472,0.9285548583908022,0.0398859440572931
khanhha_noisy2::noncrack_noncrack_concrete_wall_14_25.jpg.jpg,0.050049604565873214,0.9063831740822823,0.04356722135184447
khanhha_noisy2::noncrack_noncrack_concrete_wall_21_0.jpg.jpg,0.010179327695974303,0.9659479277712025,0.023872744532823044
khanhha_noisy2::noncrack_noncrack_concrete_wall_31_0.jpg.jpg,0.010428748248614738,0.929136259397473,0.06043499235391228
khanhha_noisy2::noncrack_noncrack_concrete_wall_31_4.jpg.jpg,0.019237934784204887,0.9268490880221446,0.05391297719365051
khanhha_noisy2::noncrack_noncrack_concrete_wall_34_0.jpg.jpg,0.0433010475475276,0.9369425081639294,0.019756444288543167
khanhha_noisy2::noncrack_noncrack_concrete_wall_39_9.jpg.jpg,0.01337295303661538,0.9538736236821836,0.03275342328120103
khanhha_noisy2::noncrack_noncrack_concrete_wall_40_0.jpg.jpg,0.012272871197199806,0.8703741466997512,0.11735298210304897
khanhha_noisy2::noncrack_noncrack_concrete_wall_40_5.jpg.jpg,0.010369889436137477,0.920345517088424,0.06928459347543851
khanhha_noisy2::noncrack_noncrack_concrete_wall_45_13.jpg.jpg,0.08346378107630635,0.9074063107669661,0.009129908156727515
khanhha_noisy2::noncrack_noncrack_concrete_wall_45_4.jpg.jpg,0.08346378107630635,0.9074063107669661,0.009129908156727515
khanhha_noisy2::noncrack_noncrack_concrete_wall_45_5.jpg.jpg,0.08346378107630635,0.9074063107669661,0.009129908156727515
khanhha_noisy2::noncrack_noncrack_concrete_wall_54_24.jpg.jpg,0.04225827530025079,0.9431805905822909,0.014561134117458279
khanhha_noisy2::noncrack_noncrack_concrete_wall_54_27.jpg.jpg,0.09964590705292746,0.8665625185022923,0.03379157444478041
khanhha_noisy2::noncrack_noncrack_concrete_wall_54_28.jpg.jpg,0.0569238604918963,0.9254774152822416,0.01759872422586221
khanhha_noisy2::noncrack_noncrack_concrete_wall_54_31.jpg.jpg,0.05834989059155776,0.9202406563184509,0.021409453089991325
khanhha_noisy2::noncrack_noncrack_concrete_wall_54_33.jpg.jpg,0.08335732582715108,0.8956292481732088,0.021013425999640168
khanhha_noisy2::noncrack_noncrack_concrete_wall_54_36.jpg.jpg,0.07225577728353516,0.908951642203666,0.01879258051279883
khanhha_noisy2::noncrack_noncrack_concrete_wall_54_4.jpg.jpg,0.058975284592712146,0.9196022627689501,0.021422452638337752
khanhha_noisy2::noncrack_noncrack_concrete_wall_54_40.jpg.jpg,0.11087808147443991,0.8611038842546008,0.028018034270959186
khanhha_noisy2::noncrack_noncrack_concrete_wall_54_44.jpg.jpg,0.09285590595125866,0.8787614026150505,0.028382691433690946
khanhha_noisy2::noncrack_noncrack_concrete_wall_54_48.jpg.jpg,0.07742833751040874,0.8944964722741361,0.028075190215455178
khanhha_noisy2::noncrack_noncrack_concrete_wall_54_53.jpg.jpg,0.09090044782711389,0.8878811459361862,0.02121840623669983
khanhha_noisy2::noncrack_noncrack_concrete_wall_54_54.jpg.jpg,0.07198775865597695,0.9090061423759207,0.019006098968102524
khanhha_noisy2::noncrack_noncrack_concrete_wall_54_57.jpg.jpg,0.08103400375684638,0.8968375677012584,0.022128428541895177
khanhha_noisy2::noncrack_noncrack_concrete_wall_54_72.jpg.jpg,0.06111311377743966,0.9120355339823825,0.026851352240177925
khanhha_noisy2::noncrack_noncrack_concrete_wall_5_10.jpg.jpg,0.006690784801935957,0.9889521703879449,0.004357044810119027
khanhha_noisy2::noncrack_noncrack_concrete_wall_63_1.jpg.jpg,0.06477254269231562,0.8940683500383588,0.04115910726932556
khanhha_noisy2::noncrack_noncrack_concrete_wall_67_1.jpg.jpg,0.11324435149544308,0.830836554616702,0.055919093887854814
khanhha_noisy2::noncrack_noncrack_concrete_wall_67_2.jpg.jpg,0.11744413142418193,0.79856892383689,0.08398694473892798
khanhha_noisy2::noncrack_noncrack_concrete_wall_6_0.jpg.jpg,0.04076152921690001,0.9001714057232623,0.05906706505983786
khanhha_noisy2::noncrack_noncrack_concrete_wall_70_3.jpg.jpg,0.042345855967559146,0.6011067776157402,0.3565473664167007
khanhha_noisy2::noncrack_noncrack_concrete_wall_73_1.jpg.jpg,0.024741451600650673,0.9038679798898317,0.0713905685095177
khanhha_noisy2::noncrack_noncrack_concrete_wall_73_2.jpg.jpg,0.024741451600650673,0.9038679798898317,0.0713905685095177
khanhha_noisy2::noncrack_noncrack_concrete_wall_73_4.jpg.jpg,0.028190765724407124,0.8771377550565009,0.09467147921909187
khanhha_noisy2::noncrack_noncrack_concrete_wall_75_0.jpg.jpg,0.019514976917820812,0.9198062701779867,0.060678752904192446
khanhha_noisy2::noncrack_noncrack_concrete_wall_75_18.jpg.jpg,0.013437209673954478,0.9284933744056731,0.05806941592037237
khanhha_noisy2::noncrack_noncrack_concrete_wall_75_24.jpg.jpg,0.01845405291643493,0.9113535170983634,0.07019242998520167
khanhha_noisy2::noncrack_noncrack_concrete_wall_76_1.jpg.jpg,0.17557321223403383,0.7401305145428827,0.08429627322308332
khanhha_noisy2::noncrack_noncrack_concrete_wall_76_22.jpg.jpg,0.18432485969215262,0.7407900871268939,0.07488505318095344
khanhha_noisy2::noncrack_noncrack_concrete_wall_76_30.jpg.jpg,0.16237898302801823,0.7479498708817736,0.08967114609020826
khanhha_noisy2::noncrack_noncrack_concrete_wall_76_36.jpg.jpg,0.14728576270326213,0.7839990441266476,0.06871519317009044
khanhha_noisy2::noncrack_noncrack_concrete_wall_76_38.jpg.jpg,0.15704112900769202,0.7273745037456055,0.11558436724670244
khanhha_noisy2::noncrack_noncrack_concrete_wall_76_49.jpg.jpg,0.1970080587078493,0.7036934500100849,0.09929849128206582
khanhha_noisy2::noncrack_noncrack_concrete_wall_76_5.jpg.jpg,0.16395411071330765,0.715248939783612,0.12079694950308023
khanhha_noisy2::noncrack_noncrack_concrete_wall_76_62.jpg.jpg,0.3153882552747613,0.5784123491454686,0.10619939557977015
khanhha_noisy2::noncrack_noncrack_concrete_wall_89_0.jpg.jpg,0.017550107324488334,0.9710885627208926,0.011361329954619104
khanhha_noisy2::noncrack_noncrack_concrete_wall_89_1.jpg.jpg,0.022463296962460442,0.9629429042876929,0.014593798749846827
khanhha_noisy2::noncrack_noncrack_concrete_wall_91_1.jpg.jpg,0.020702233334009775,0.9320159026242413,0.04728186404174892
road420::2023_10_30_15_44_IMG_5888.jpg,0.2704398102218316,0.3452233407071166,0.3843368490710519
road420::2023_10_30_15_45_IMG_5891.jpg,0.25845298950122,0.3431037749427053,0.39844323555607475
road420::2023_10_30_15_47_IMG_5893.jpg,0.4030084819640385,0.29241384113429314,0.30457767690166826
road420::2023_10_30_15_48_IMG_5897.jpg,0.4837115823153916,0.1214228379957846,0.39486557968882385
road420::2023_10_30_15_49_IMG_5899.jpg,0.7681825678018881,0.08924933891611037,0.14256809328200157
road420::2023_10_30_15_50_IMG_5905.jpg,0.38432790297201025,0.2439016242408991,0.37177047278709074
road420::2023_10_30_15_52_IMG_5909.jpg,0.5759738745798176,0.080845376713543,0.3431807487066393
road420::2023_10_30_15_54_IMG_5916.jpg,0.4653652021395769,0.13453775561587006,0.40009704224455306
road420::2023_10_30_15_55_IMG_5918.jpg,0.6605531747361327,0.0778899228322759,0.2615569024315913
road420::2023_10_30_16_01_IMG_5930.jpg,0.5825848094112042,0.07213510416504171,0.3452800864237541
road420::2023_10_30_16_16_IMG_5939.jpg,0.42506688095407424,0.18385433837897294,0.39107878066695284
road420::2023_10_30_16_18_IMG_5951.jpg,0.45204328739593647,0.1731783830208812,0.37477832958318225
road420::2023_10_30_16_21_IMG_5958.jpg,0.24859167703100793,0.09220110922665804,0.659207213742334
road420::2023_10_30_16_23_IMG_5969.jpg,0.19054875343730157,0.20303481641990748,0.6064164301427909
road420::2023_10_30_16_24_IMG_5971.jpg,0.4271735829306639,0.11274344732474048,0.46008296974459567
road420::2023_10_30_16_25_IMG_5975.jpg,0.7890692390963824,0.09471758499432702,0.11621317590929064
road420::2023_10_30_16_26_IMG_5977.jpg,0.6018930963597426,0.21456967778943248,0.18353722585082485
road420::2023_10_30_16_28_IMG_5982.jpg,0.2119770842285156,0.3950118797124137,0.3930110360590708
road420::2023_10_30_16_30_IMG_5986.jpg,0.4083250479912525,0.31091286602181534,0.28076208598693203
road420::2023_10_30_16_32_IMG_5993.jpg,0.854661823465544,0.03197336898580381,0.11336480754865214
road420::2023_10_30_16_32_IMG_5994.jpg,0.4363662755851088,0.13639793799235006,0.42723578642254106
road420::2023_10_30_16_33_IMG_5999.jpg,0.2978683963778077,0.12584651993290574,0.5762850836892864
road420::2023_10_30_16_39_IMG_6012.jpg,0.3107357748396358,0.10504790190001131,0.5842163232603529
road420::2023_10_30_16_41_IMG_6028.jpg,0.582010563744678,0.10289363156157799,0.31509580469374404
road420::2023_10_30_16_44_IMG_6033.jpg,0.22183734512933453,0.14985991366007398,0.6283027412105915
road420::2023_10_30_16_44_IMG_6036.jpg,0.4582502137374737,0.09302694274696362,0.44872284351556263
road420::2023_10_30_16_47_IMG_6047.jpg,0.7279648159216864,0.0669788956153002,0.20505628846301346
road420::2023_10_30_16_53_IMG_6062.jpg,0.5858747150664941,0.044066652001348655,0.3700586329321573
road420::2023_10_30_16_55_IMG_6068.jpg,0.5150086146397527,0.08037993350926613,0.40461145185098124
road420::2023_10_30_16_57_IMG_6078.jpg,0.25650360390129895,0.24471875241369329,0.4987776436850079
road420::2023_10_30_16_58_IMG_6084.jpg,0.5626540957821001,0.10325350500403035,0.3340923992138695
road420::2023_10_30_16_58_IMG_6085.jpg,0.32430920144301223,0.14160279577971716,0.5340880027772706
road420::2023_10_30_16_58_IMG_6088.jpg,0.5900540624965859,0.11475775391849742,0.29518818358491666
road420::2023_10_30_16_59_IMG_6090.jpg,0.3954063383084508,0.13753231235415717,0.467061349337392
road420::2023_10_30_17_00_IMG_6100.jpg,0.6073324976655976,0.13757752421795072,0.2550899781164516
road420::2023_10_30_17_01_IMG_6105.jpg,0.45815129656188386,0.10140840326606639,0.44044030017204966
road420::2023_10_30_17_01_IMG_6107.jpg,0.6067711265644279,0.15415829974491538,0.23907057369065676
road420::2023_10_30_17_02_IMG_6109.jpg,0.3624123407035269,0.1300451003968109,0.5075425588996622
road420::2023_10_30_17_03_IMG_6120.jpg,0.48602704962534365,0.0800736344937175,0.43389931588093894
road420::2023_10_30_17_04_IMG_6127.jpg,0.43927124690810254,0.11864660196652638,0.442082151125371
road420::2023_10_30_17_04_IMG_6128.jpg,0.45273859990353327,0.12035751713058224,0.4269038829658845
road420::2023_10_30_17_06_IMG_6138.jpg,0.44493512426669035,0.09307251473404854,0.4619923609992611
road420::2023_10_30_17_21_IMG_6148.jpg,0.3276323711313374,0.19910425842534496,0.47326337044331757
road420::2023_10_30_17_24_IMG_6152.jpg,0.3008031556295786,0.3052895522427126,0.3939072921277088
road420::2023_10_30_17_30_IMG_6163.jpg,0.15620158391041994,0.29727816387845096,0.5465202522111292
road420::2023_10_30_17_31_IMG_6168.jpg,0.32141917671885745,0.1381097080663984,0.5404711152147441
road420::2023_10_30_17_31_IMG_6172.jpg,0.37722270194965474,0.07304790604687421,0.549729392003471
road420::2023_10_30_17_33_IMG_6178.jpg,0.14664526476035278,0.13100429381622983,0.7223504414234174
road420::2023_10_30_17_35_IMG_6188.jpg,0.08809372509481095,0.0636203381592277,0.8482859367459614
road420::2023_10_30_17_36_IMG_6195.jpg,0.30468569333027984,0.162894941274215,0.5324193653955052
road420::2023_10_30_17_37_IMG_6198.jpg,0.26291050210613653,0.2909654461383512,0.44612405175551223
road420::2023_10_30_17_38_IMG_6200.jpg,0.26148876277429484,0.170922898836188,0.5675883383895172
road420::2023_10_31_13_41_IMG_6216.jpg,0.4748803515203807,0.20263564024185093,0.3224840082377684
road420::2023_10_31_13_47_IMG_6221.jpg,0.31453995635360416,0.5021363465220907,0.1833236971243051
road420::2023_10_31_13_51_IMG_6223.jpg,0.5321694247395077,0.3392731573366001,0.1285574179238923
road420::2023_10_31_14_10_IMG_6234.jpg,0.20864419372086906,0.3956431365032224,0.39571266977590847
road420::2023_10_31_14_21_IMG_6245.jpg,0.6121075801734266,0.10664491560614321,0.28124750422043004
road420::2023_10_31_14_23_IMG_6247.jpg,0.4635940975892212,0.20393011627794969,0.3324757861328291
road420::2023_10_31_14_26_IMG_6248.jpg,0.5317177089078219,0.15403730256230602,0.31424498852987204
road420::2023_10_31_14_26_IMG_6250.jpg,0.4431468069138064,0.03266290722623605,0.5241902858599575
road420::2023_10_31_14_28_IMG_6260.jpg,0.7507314265320923,0.013216199421784936,0.2360523740461227
road420::2023_10_31_14_30_IMG_6265.jpg,0.6665079915154516,0.13067966111490428,0.20281234736964412
road420::2023_10_31_14_30_IMG_6266.jpg,0.5607112782616288,0.24547584146337034,0.19381288027500082
road420::2023_10_31_14_40_IMG_6284.jpg,0.7651215050273115,0.042975072493960854,0.19190342247872763
road420::2023_10_31_14_42_IMG_6285.jpg,0.7425936363302272,0.16625560503702239,0.09115075863275053
road420::2023_10_31_14_43_IMG_6287.jpg,0.7642845250468581,0.15857468383351558,0.0771407911196264
road420::2023_10_31_14_46_IMG_6294.jpg,0.8900595419390941,0.040182632568962116,0.06975782549194393
road420::2023_10_31_14_47_IMG_6297.jpg,0.6906636416629564,0.15149523780131974,0.15784112053572386
road420::2023_11_01_20_21_IMG_6339.jpg,0.22892032249995103,0.46378440037720253,0.3072952771228465
road420::2023_11_01_20_32_IMG_6351.jpg,0.8772326088358148,0.03735137663025546,0.08541601453392972
road420::2023_11_01_20_37_IMG_6358.jpg,0.5380014722177289,0.09154695141035482,0.3704515763719164
road420::2023_11_01_20_41_IMG_6367.jpg,0.2527362116192451,0.44451461647831764,0.30274917190243733
road420::2023_11_01_20_44_IMG_6372.jpg,0.6421307520534066,0.11981072760627003,0.23805852034032324
road420::2023_11_05_21_00_IMG_6437.jpg,0.490824825400334,0.3842035052813617,0.12497166931830435
road420::2023_11_05_21_06_IMG_6453.jpg,0.44212057125344,0.08343190110299405,0.47444752764356607
road420::2023_11_05_21_07_IMG_6454.jpg,0.28168645492773386,0.20872757396764682,0.5095859711046193
road420::2023_11_05_21_13_IMG_6462.jpg,0.19531432655592687,0.24874853749334008,0.5559371359507331
road420::2023_11_05_21_15_IMG_6466.jpg,0.5628563328898254,0.12475337445140484,0.31239029265876966
road420::2023_11_05_21_16_IMG_6468.jpg,0.3391035453454353,0.23793648841108905,0.4229599662434757
road420::2023_11_05_21_19_IMG_6471.jpg,0.40468006187726313,0.10505643874898128,0.4902634993737555
road420::2023_11_05_21_22_IMG_6474.jpg,0.5296467490252422,0.05799534431284632,0.4123579066619115
road420::2023_11_05_21_25_IMG_6486.jpg,0.4594333316220238,0.12907290491030413,0.4114937634676721
road420::2023_11_05_21_27_IMG_6490.jpg,0.4291740862752298,0.06119651698001652,0.5096293967447537
road420::2023_11_05_21_27_IMG_6491.jpg,0.5644077981301121,0.1273956713118854,0.3081965305580025
road420::2023_11_05_21_29_IMG_6496.jpg,0.48750975336851443,0.08786534437230102,0.42462490225918464
road420::2023_11_05_21_33_IMG_6507.jpg,0.7913989463970525,0.11447854578520963,0.09412250781773779
road420::2023_11_05_21_38_IMG_6516.jpg,0.39370598942913687,0.5121879503603622,0.09410606021050083
road420::2023_11_05_21_39_IMG_6520.jpg,0.16745633605264462,0.5077975246548171,0.3247461392925384
road420::2023_11_05_21_40_IMG_6523.jpg,0.24713316076174557,0.22745998096139686,0.5254068582768576
facade390::DJ_Wall_1.JPG,0.4808624800022943,0.24764181897231327,0.2714957010253924
facade390::DJ_Wall_100.JPG,0.3447195146602799,0.20244139033729486,0.4528390950024252
facade390::DJ_Wall_104.JPG,0.578670081306754,0.1321464071564053,0.2891835115368407
facade390::DJ_Wall_11.JPG,0.29631508434956494,0.2535974107547505,0.45008750489568455
facade390::DJ_Wall_110.JPG,0.5684616905303264,0.2650149494315276,0.1665233600381461
facade390::DJ_Wall_115.JPG,0.35048451798021557,0.2774126193104786,0.37210286270930587
facade390::DJ_Wall_126.JPG,0.4784054598487212,0.20724646825009557,0.31434807190118313
facade390::DJ_Wall_129.JPG,0.7118784657711846,0.14000624083226557,0.14811529339654977
facade390::DJ_Wall_130.JPG,0.7801035713133714,0.1271897118219258,0.09270671686470287
facade390::DJ_Wall_138.JPG,0.7592844446045893,0.0892446386721058,0.15147091672330493
facade390::DJ_Wall_159.JPG,0.8498043218417469,0.055543965535048354,0.09465171262320457
facade390::DJ_Wall_161.JPG,0.8108267619112559,0.08012948350889532,0.10904375457984868
facade390::DJ_Wall_169.JPG,0.6980770381928441,0.11996944708276512,0.18195351472439097
facade390::DJ_Wall_172.JPG,0.7325704289794437,0.10207143076053013,0.16535814026002632
facade390::DJ_Wall_189.JPG,0.7732244221312133,0.10852920322775451,0.11824637464103221
facade390::DJ_Wall_190.JPG,0.6474723913133915,0.19755132773660772,0.1549762809500007
facade390::DJ_Wall_195.JPG,0.4266919927087522,0.33128287171992604,0.2420251355713218
facade390::DJ_Wall_202.JPG,0.38013789223729894,0.274585792081109,0.345276315681592
facade390::DJ_Wall_206.JPG,0.5206742411427837,0.08622272855384559,0.39310303030337074
facade390::DJ_Wall_210.JPG,0.6062617896842011,0.05579866941779426,0.33793954089800465
facade390::DJ_Wall_216.JPG,0.3437078584049747,0.3236300683334765,0.3326620732615489
facade390::DJ_Wall_219.JPG,0.4202521472565275,0.35660928935568603,0.22313856338778656
facade390::DJ_Wall_224.JPG,0.2592775586483668,0.017018239885170188,0.7237042014664631
facade390::DJ_Wall_225.JPG,0.5703692226662157,0.021535776821223665,0.4080950005125607
facade390::DJ_Wall_229.JPG,0.44475410321973896,0.24469465255078152,0.31055124422947955
facade390::DJ_Wall_240.JPG,0.2765260805966437,0.07525630610458514,0.6482176132987711
facade390::DJ_Wall_242.JPG,0.43401227585482766,0.09299978796410273,0.4729879361810697
facade390::DJ_Wall_244.JPG,0.5049870929807093,0.06452649526269147,0.4304864117565992
facade390::DJ_Wall_253.JPG,0.20143986659625937,0.061168122607165566,0.737392010796575
facade390::DJ_Wall_256.JPG,0.20344899903077537,0.058960388426198884,0.7375906125430257
facade390::DJ_Wall_259.JPG,0.31376284382979985,0.07951363406428869,0.6067235221059115
facade390::DJ_Wall_260.JPG,0.39261728501090865,0.06634377314884893,0.5410389418402424
facade390::DJ_Wall_265.JPG,0.300876479092943,0.10372021745874675,0.5954033034483102
facade390::DJ_Wall_274.JPG,0.5579360317181989,0.17185834192632046,0.2702056263554806
facade390::DJ_Wall_283.JPG,0.36805456089728433,0.31751437922455444,0.31443105987816117
facade390::DJ_Wall_296.JPG,0.4489744027789593,0.17869652872676098,0.3723290684942798
facade390::DJ_Wall_301.JPG,0.5065594648934839,0.1566606174689002,0.33677991763761583
facade390::DJ_Wall_302.JPG,0.44377384287641747,0.3577208813709468,0.19850527575263568
facade390::DJ_Wall_305.JPG,0.45657535856986464,0.1499939401546933,0.3934307012754421
facade390::DJ_Wall_308.JPG,0.3367717088272716,0.3244536920970902,0.3387745990756382
facade390::DJ_Wall_315.JPG,0.11269640032304952,0.1569963323523917,0.7303072673245589
facade390::DJ_Wall_320.JPG,0.3875682900806472,0.30092949441570976,0.31150221550364304
facade390::DJ_Wall_33.JPG,0.12419262828939347,0.42476779073458076,0.45103958097602564
facade390::DJ_Wall_335.JPG,0.5701494691248817,0.1904825180231588,0.23936801285195963
facade390::DJ_Wall_336.JPG,0.6625351525519617,0.12048895028760136,0.21697589716043694
facade390::DJ_Wall_347.JPG,0.3300793528894876,0.3946052048753746,0.2753154422351378
facade390::DJ_Wall_35.JPG,0.72258701576232,0.02943370162443967,0.24797928261324037
facade390::DJ_Wall_350.JPG,0.1697344464534652,0.28149079678777916,0.5487747567587556
facade390::DJ_Wall_367.JPG,0.5445497077090473,0.18216734853049033,0.27328294376046247
facade390::DJ_Wall_370.JPG,0.46947611695457503,0.3107452588375329,0.21977862420789207
facade390::DJ_Wall_374.JPG,0.41343356451032937,0.2351022031298034,0.35146423235986735
facade390::DJ_Wall_378.JPG,0.2885719074481624,0.4337004026292396,0.277727689922598
facade390::DJ_Wall_384.JPG,0.5153520429813141,0.343635054374723,0.1410129026439628
facade390::DJ_Wall_40.JPG,0.4044536575863519,0.19903404325219132,0.3965122991614569
facade390::DJ_Wall_45.JPG,0.3682532953601463,0.23874306128531197,0.3930036433545417
facade390::DJ_Wall_58.JPG,0.37117760538850664,0.18213894649274412,0.4466834481187492
facade390::DJ_Wall_60.JPG,0.5045491419620308,0.07768050715376697,0.41777035088420217
facade390::DJ_Wall_65.JPG,0.7124072909152322,0.05084293353342584,0.23674977555134197
facade390::DJ_Wall_68.JPG,0.42002297115745973,0.26906263589597423,0.310914392946566
facade390::DJ_Wall_71.JPG,0.5199221833685037,0.09845229914230233,0.38162551748919393
facade390::DJ_Wall_80.JPG,0.17866451174815406,0.5652985137220822,0.2560369745297637
facade390::DJ_Wall_91.JPG,0.29879158720463445,0.39199361929322263,0.309214793502143
concrete3k::018_11.jpg,0.3384089616344201,0.40127171802375183,0.2603193203418282
concrete3k::018_15.jpg,0.441690836362522,0.17746472319872564,0.3808444404387523
concrete3k::018_27.jpg,0.643097827556863,0.16983265277083603,0.187069519672301
concrete3k::018_3.jpg,0.5304502775444639,0.24064086724313283,0.22890885521240328
concrete3k::018_43.jpg,0.22545118109407417,0.2604065873760001,0.5141422315299258
concrete3k::018_7.jpg,0.5192116957801532,0.1723748105516634,0.3084134936681834
concrete3k::019_11.jpg,0.4298722957789264,0.38480332556046415,0.18532437866060952
concrete3k::019_2.jpg,0.5042519541533802,0.2504578545351316,0.2452901913114882
concrete3k::019_3.jpg,0.5142711804821575,0.195345176018128,0.29038364349971446
concrete3k::019_36.jpg,0.2797776798867553,0.30563060487674765,0.4145917152364971
concrete3k::019_44.jpg,0.47935974335043763,0.21614970340110584,0.30449055324845664
concrete3k::019_8.jpg,0.4325710072098748,0.3086207387233575,0.2588082540667678
concrete3k::023_10.jpg,0.49102865940185436,0.3373775588649364,0.17159378173320922
concrete3k::023_11.jpg,0.49864677666596413,0.38055739378938647,0.1207958295446495
concrete3k::023_18.jpg,0.5539775995167083,0.22603913733152028,0.21998326315177133
concrete3k::023_20.jpg,0.4847685200690052,0.3636266236393464,0.15160485629164835
concrete3k::023_21.jpg,0.32635290398147543,0.48490297331223947,0.1887441227062851
concrete3k::023_22.jpg,0.3553988709255463,0.27236560516077735,0.3722355239136763
concrete3k::023_31.jpg,0.5490750675315127,0.24871379239512229,0.20221114007336505
concrete3k::023_39.jpg,0.23535680005152887,0.5098851553324992,0.25475804461597185
concrete3k::023_8.jpg,0.5548592751261952,0.21292028641065702,0.23222043846314783
concrete3k::026_17.jpg,0.736813646233432,0.15749315268945682,0.10569320107711119
concrete3k::026_18.jpg,0.46701006201140394,0.33909825406377453,0.19389168392482165
concrete3k::026_19.jpg,0.44106161045853653,0.37050449410760944,0.18843389543385405
concrete3k::026_27.jpg,0.37548571112490264,0.42433037071753865,0.20018391815755868
concrete3k::026_28.jpg,0.3533542639194786,0.26233940786681204,0.38430632821370936
concrete3k::026_29.jpg,0.4080543620346913,0.36059184267110217,0.23135379529420655
concrete3k::026_31.jpg,0.4659237437961252,0.2451309576633091,0.2889452985405656
concrete3k::026_8.jpg,0.28636985021284445,0.40454632187668066,0.30908382791047495
concrete3k::032_10.jpg,0.40890029531981925,0.34503925432407956,0.24606045035610113
concrete3k::032_11.jpg,0.4802267022491171,0.17290392034651722,0.3468693774043657
concrete3k::032_19.jpg,0.5130894240090231,0.16654928653311993,0.320361289457857
concrete3k::032_2.jpg,0.5558919519203516,0.16204811884870451,0.28205992923094386
concrete3k::032_20.jpg,0.601262685467894,0.11901478676394245,0.2797225277681636
concrete3k::032_28.jpg,0.4914577812662758,0.1607951195807486,0.3477470991529757
concrete3k::032_37.jpg,0.4228858016359869,0.16208858951840105,0.4150256088456122
concrete3k::032_45.jpg,0.6079738279361647,0.17246167622127165,0.21956449584256366
concrete3k::035_10.jpg,0.39382527312850163,0.325174995762277,0.2809997311092214
concrete3k::035_19.jpg,0.44250742930701975,0.37280640499604367,0.18468616569693655
concrete3k::035_37.jpg,0.5140252155469759,0.2779918275427237,0.20798295691030044
concrete3k::035_46.jpg,0.3777652016470852,0.4105745740129445,0.2116602243399702
concrete3k::035_9.jpg,0.44599992207230527,0.27591991664519394,0.27808016128250085
concrete3k::036_11.jpg,0.5435474616327923,0.317382644265561,0.13906989410164658
concrete3k::036_21.jpg,0.5120313495658423,0.2296160054443584,0.2583526449897993
concrete3k::036_29.jpg,0.5148398383351099,0.21027787974222198,0.27488228192266806
concrete3k::036_30.jpg,0.5571075286380014,0.13887356922412625,0.30401890213787236
concrete3k::036_39.jpg,0.5146513481680176,0.27445399651267877,0.21089465531930368
concrete3k::036_8.jpg,0.5448748128526243,0.26797092955280555,0.18715425759457013
concrete3k::036_9.jpg,0.46221823435403175,0.34781291205056253,0.18996885359540563
concrete3k::040_21.jpg,0.42316311856603345,0.46794798912307345,0.108888892310893
concrete3k::040_23.jpg,0.4124740488387457,0.40284741107129696,0.18467854008995743
concrete3k::040_26.jpg,0.7112535532824263,0.17362921389308086,0.11511723282449281
concrete3k::040_28.jpg,0.36005606725746087,0.5439514526855542,0.09599248005698485
concrete3k::040_33.jpg,0.4402745236726957,0.3845804559087763,0.17514502041852786
concrete3k::040_34.jpg,0.6351120362519035,0.21192152864482613,0.15296643510327046
concrete3k::054_10.jpg,0.6194866171851086,0.1738961662457469,0.2066172165691445
concrete3k::054_11.jpg,0.4731413550467492,0.34238891167644164,0.18446973327680907
concrete3k::054_20.jpg,0.4500477434889486,0.16955798001666114,0.3803942764943903
concrete3k::054_28.jpg,0.6705295121140453,0.16529591862707332,0.16417456925888133
concrete3k::054_37.jpg,0.5467044893034235,0.33548971265722427,0.11780579803935225
concrete3k::054_46.jpg,0.6712621032692683,0.24857574722019787,0.08016214951053392
concrete3k::057_0.jpg,0.6670746721135681,0.16066318979569144,0.17226213809074048
concrete3k::057_1.jpg,0.5231894410335981,0.38090543826172485,0.09590512070467709
concrete3k::057_10.jpg,0.47290590712059316,0.36648733576349396,0.1606067571159129
concrete3k::057_19.jpg,0.6562747244260823,0.2130469634347185,0.1306783121391992
concrete3k::057_29.jpg,0.3338421202363721,0.4937977697672719,0.1723601099963559
concrete3k::057_30.jpg,0.32433582164766067,0.4318876129912265,0.24377656536111283
concrete3k::057_39.jpg,0.4983980344422974,0.2665604447294016,0.23504152082830096
concrete3k::060_0.jpg,0.6391288878196393,0.15131231264038011,0.20955879953998055
concrete3k::060_10.jpg,0.5283732831009572,0.3089370336097038,0.16268968328933892
concrete3k::060_11.jpg,0.45923994701044857,0.3563080717612857,0.18445198122826567
concrete3k::060_19.jpg,0.22354241907735564,0.6554296835217372,0.12102789740090712
concrete3k::060_27.jpg,0.2906558197363208,0.5431911170864678,0.16615306317721135
concrete3k::060_28.jpg,0.3134027803584078,0.5304450078292461,0.15615221181234612
concrete3k::060_39.jpg,0.325085705685158,0.3651144590098018,0.3097998353050403
concrete3k::060_45.jpg,0.6148423868383865,0.2218287315113346,0.16332888165027895
concrete3k::060_47.jpg,0.3917883651794915,0.14990593003412467,0.45830570478638377
concrete3k::061_19.jpg,0.5505362143322814,0.18862923790965483,0.26083454775806375
concrete3k::061_28.jpg,0.581305356311655,0.10085523497102757,0.31783940871731753
concrete3k::061_45.jpg,0.5445446985522238,0.297866391922903,0.15758890952487306
concrete3k::061_46.jpg,0.22642052504706417,0.6841475182013085,0.08943195675162735
concrete3k::061_47.jpg,0.6091094985025847,0.15020421844192308,0.2406862830554923
concrete3k::061_9.jpg,0.5035539079457717,0.23798714078512653,0.25845895126910173
concrete3k::063_0.jpg,0.7119965514063566,0.12865982791848055,0.1593436206751629
concrete3k::063_1.jpg,0.5469787159755805,0.20391893897999236,0.24910234504442713
concrete3k::063_11.jpg,0.22729641329941241,0.41634437703934873,0.35635920966123885
concrete3k::063_29.jpg,0.30523122994368285,0.4588554143519996,0.23591335570431748
concrete3k::063_3.jpg,0.37783862372048166,0.29408916317734274,0.32807221310217566
concrete3k::063_37.jpg,0.2543563054275472,0.5241965161473094,0.22144717842514328
concrete3k::063_38.jpg,0.23184609190088323,0.6554145873348678,0.112739320764249
concrete3k::063_39.jpg,0.2684901979496027,0.2518956494435245,0.4796141526068729
concrete3k::063_46.jpg,0.547382585328368,0.10598499997668201,0.34663241469494993
concrete3k::063_47.jpg,0.4774015280583322,0.43460910337654185,0.08798936856512601
concrete3k::067_14.jpg,0.6887329711769583,0.1069964103134644,0.20427061850957734
concrete3k::067_28.jpg,0.3437779709768231,0.4155505671446413,0.2406714618785356
concrete3k::067_32.jpg,0.8291706443008641,0.07237189817519657,0.09845745752393927
concrete3k::067_34.jpg,0.49305353424936726,0.3958898972770979,0.1110565684735348
concrete3k::067_36.jpg,0.5891875069316466,0.1972190980099679,0.21359339505838548
concrete3k::067_41.jpg,0.8426169684498166,0.07438225917944367,0.08300077237073981
concrete3k::067_43.jpg,0.589289207876334,0.08186601997755652,0.32884477214610947
concrete3k::076_16.jpg,0.3899070752485685,0.3533506559022816,0.2567422688491499
concrete3k::076_17.jpg,0.5386391443090909,0.2389999303136304,0.2223609253772787
concrete3k::076_18.jpg,0.3998568009883716,0.33790845367351285,0.2622347453381155
concrete3k::076_20.jpg,0.26371580401628925,0.6288079415560527,0.10747625442765803
concrete3k::076_21.jpg,0.40741130365913875,0.3236665196460769,0.2689221766947843
concrete3k::076_30.jpg,0.4375893306242703,0.21674128314839314,0.3456693862273366
concrete3k::076_33.jpg,0.21021663281603692,0.3109649104354069,0.4788184567485561
concrete3k::076_34.jpg,0.401645041336155,0.15501319108468686,0.44334176757915816
concrete3k::076_39.jpg,0.49284655740679084,0.24112576151342857,0.26602768107978053
concrete3k::080_18.jpg,0.26839971968208565,0.5616550266177185,0.16994525370019573
concrete3k::080_19.jpg,0.22365650830358857,0.2292203315518947,0.5471231601445168
concrete3k::080_24.jpg,0.5331572117852367,0.40165526245698163,0.0651875257577817
concrete3k::080_25.jpg,0.5262026128241005,0.2296926075181523,0.2441047796577471
concrete3k::080_26.jpg,0.2932704520168805,0.4003020303160491,0.3064275176670704
concrete3k::080_28.jpg,0.21206634606737687,0.603070871123734,0.18486278280888913
concrete3k::080_39.jpg,0.41443711336734207,0.3606491245217531,0.22491376211090475
concrete3k::080_47.jpg,0.3190147143661904,0.44364666304361855,0.23733862259019112
concrete3k::086_11.jpg,0.5112242933659826,0.31847029890939044,0.170305407724627
concrete3k::086_19.jpg,0.39823314986303715,0.44996418187271536,0.15180266826424754
concrete3k::086_3.jpg,0.4943304549377101,0.1007205700259779,0.40494897503631194
concrete3k::086_35.jpg,0.6630215692601107,0.19002593417902025,0.14695249656086914
concrete3k::086_4.jpg,0.5534761303607916,0.24393265593814134,0.2025912137010671
concrete3k::086_43.jpg,0.5071417047258887,0.1640052240431179,0.32885307123099344
concrete3k::090_11.jpg,0.5323796634929062,0.2478362414665692,0.21978409504052465
concrete3k::090_2.jpg,0.7233477641235435,0.1618565060818723,0.11479572979458419
concrete3k::090_27.jpg,0.7466578500512963,0.1530519549196877,0.1002901950290162
concrete3k::090_3.jpg,0.6748186162767481,0.16560890260154634,0.15957248112170552
concrete3k::095_12.jpg,0.49664132407206735,0.2975853798040381,0.20577329612389456
concrete3k::095_13.jpg,0.5769017857113747,0.2276457415990134,0.1954524726896118
concrete3k::095_20.jpg,0.3405935495725085,0.5227468674567828,0.1366595829707088
concrete3k::095_43.jpg,0.6818626858838626,0.1527196046514015,0.1654177094647361
concrete3k::095_44.jpg,0.2741020857371819,0.44589502645430656,0.2800028878085114
concrete3k::095_5.jpg,0.45616835493885666,0.3042796758214537,0.23955196923968963
concrete3k::098_13.jpg,0.3020904381603197,0.5216674599171391,0.17624210192254103
concrete3k::098_28.jpg,0.15791457578150972,0.6502724569954297,0.19181296722306063
concrete3k::098_29.jpg,0.3672253327378574,0.40160943257356996,0.2311652346885727
concrete3k::098_34.jpg,0.38196223493132553,0.49614517206086306,0.12189259300781147
concrete3k::098_36.jpg,0.352795555014242,0.3223960639440375,0.3248083810417204
concrete3k::098_37.jpg,0.33280214260595975,0.49225471367155343,0.17494314372248684
concrete3k::098_40.jpg,0.34959197115834406,0.47866870324438376,0.17173932559727204
concrete3k::098_42.jpg,0.3935349968727548,0.4295255551251936,0.17693944800205166
concrete3k::098_43.jpg,0.36794861214097974,0.35958261336017167,0.2724687744988486
concrete3k::098_6.jpg,0.5376517772412979,0.2922551259327776,0.17009309682592458
concrete3k::100_15.jpg,0.2940613487063195,0.4782035778535971,0.22773507344008348
concrete3k::100_21.jpg,0.23885921441166044,0.5549334107305152,0.2062073748578244
concrete3k::100_22.jpg,0.19291812749110096,0.6751309471856948,0.13195092532320432
concrete3k::100_26.jpg,0.17271658757475142,0.4937723812414453,0.3335110311838033
concrete3k::100_28.jpg,0.17359274703962954,0.5342985134168804,0.29210873954349004
concrete3k::100_30.jpg,0.29198238646093955,0.38827323527986557,0.319744378259195
concrete3k::100_31.jpg,0.40509077429745904,0.318437419664412,0.27647180603812904
concrete3k::100_32.jpg,0.2675174732690195,0.5544324118421027,0.17805011488887784
concrete3k::100_7.jpg,0.3569800737767863,0.4378746130643894,0.2051453131588242
concrete3k::104_0.jpg,0.4875321359984945,0.38885459489534324,0.12361326910616226
concrete3k::104_1.jpg,0.32122459956990557,0.5595751539936202,0.11920024643647414
concrete3k::104_11.jpg,0.14159875504503153,0.724046124224275,0.13435512073069353
concrete3k::104_12.jpg,0.31769230133654996,0.3881969214682692,0.29411077719518075
concrete3k::104_13.jpg,0.3187758027851342,0.550736343156649,0.13048785405821672
concrete3k::104_14.jpg,0.3647310892015899,0.41992852833027683,0.2153403824681332
concrete3k::104_2.jpg,0.4675222865598615,0.40006023212010483,0.1324174813200337
concrete3k::104_22.jpg,0.37857253191105666,0.39187207399276475,0.22955539409617856
concrete3k::104_23.jpg,0.4372962277742034,0.32443057563303773,0.23827319659275878
concrete3k::104_34.jpg,0.46059510986056695,0.24834451139706232,0.29106037874237084
concrete3k::104_35.jpg,0.41099759075933995,0.39713702180296984,0.19186538743769022
concrete3k::104_40.jpg,0.7406283474802171,0.09802913254372009,0.1613425199760627
concrete3k::104_42.jpg,0.1968645781739717,0.6005928915168437,0.20254253030918457
concrete3k::107_20.jpg,0.5342520535507709,0.27882839712113605,0.18691954932809302
concrete3k::107_24.jpg,0.6496792975717686,0.25056129914057795,0.09975940328765348
concrete3k::107_26.jpg,0.5407208044623344,0.3432479885885892,0.11603120694907651
concrete3k::107_27.jpg,0.4769919975333225,0.2887539140895918,0.2342540883770857
concrete3k::109_1.jpg,0.6934884036106925,0.07111552885087337,0.23539606753843406
concrete3k::109_14.jpg,0.7810481516692457,0.037003995051491226,0.18194785327926313
concrete3k::109_15.jpg,0.682944038132406,0.05341524934493358,0.26364071252266047
concrete3k::109_2.jpg,0.508713067677312,0.05329014475535517,0.4379967875673329
concrete3k::115_13.jpg,0.19149667917763713,0.659473286109034,0.14903003471332893
concrete3k::115_16.jpg,0.626650272014541,0.27250298891291164,0.10084673907254733
concrete3k::115_17.jpg,0.5470619535361412,0.3131919779144,0.13974606854945876
concrete3k::115_18.jpg,0.47055830181262837,0.3668666072283714,0.16257509095900022
concrete3k::115_20.jpg,0.23170553071466732,0.547726884960209,0.22056758432512363
concrete3k::115_22.jpg,0.47346764475627046,0.34403103827174625,0.18250131697198327
concrete3k::123_19.jpg,0.6451753719049279,0.14292979230349345,0.21189483579157858
concrete3k::123_27.jpg,0.6273055877360294,0.17397440893366006,0.19872000333031065
concrete3k::123_39.jpg,0.35806745877148816,0.32704176922295924,0.31489077200555254
concrete3k::123_43.jpg,0.45094232348882207,0.40382337684139585,0.145234299669782
concrete3k::124_2.jpg,0.6678369204134156,0.11703218432665953,0.21513089525992488
concrete3k::124_36.jpg,0.7189862975539341,0.10978447677277425,0.1712292256732917
concrete3k::124_37.jpg,0.43653863728893266,0.16020149137210202,0.4032598713389654
concrete3k::124_44.jpg,0.3568984640797202,0.3041671432536631,0.33893439266661674
concrete3k::124_45.jpg,0.534606989563423,0.14892700290843727,0.3164660075281398
concrete3k::128_18.jpg,0.6357043838519781,0.2164932382153848,0.14780237793263712
concrete3k::128_20.jpg,0.3318090745074987,0.3640845715765062,0.3041063539159951
concrete3k::128_21.jpg,0.4717008424405571,0.28778932073163715,0.2405098368278057
concrete3k::128_23.jpg,0.24568200996899744,0.6392788933964882,0.11503909663451428
concrete3k::128_25.jpg,0.41575558919114114,0.41455823635187095,0.16968617445698786
concrete3k::128_31.jpg,0.6244045944678824,0.22194225332738826,0.15365315220472933
concrete3k::138_17.jpg,0.5280926785815215,0.225370693712502,0.24653662770597645
concrete3k::138_36.jpg,0.4572338230669744,0.354438072022483,0.18832810491054267
concrete3k::138_37.jpg,0.2654908025959571,0.6133067940568155,0.12120240334722725
concrete3k::138_39.jpg,0.5582133655219789,0.34477042076135056,0.09701621371667053
concrete3k::138_8.jpg,0.7569900198790487,0.13405872366662297,0.10895125645432827
concrete3k::138_9.jpg,0.6087763266073577,0.2197798886919128,0.17144378470072943
concrete3k::146_20.jpg,0.4935377701082895,0.28627131103666376,0.22019091885504688
concrete3k::146_36.jpg,0.575122821222482,0.2976252273631464,0.12725195141437162
concrete3k::146_43.jpg,0.6664908608087804,0.15400390980720013,0.17950522938401955
concrete3k::146_44.jpg,0.6174885637996518,0.2026016196509633,0.1799098165493849
concrete3k::146_5.jpg,0.5935338571261051,0.25236246000278145,0.15410368287111362
concrete3k::149_21.jpg,0.5239446318294405,0.2722889800353465,0.20376638813521286
concrete3k::149_22.jpg,0.6585713141875074,0.17316668598624263,0.16826199982625006
concrete3k::149_26.jpg,0.5210529685079022,0.3466977758562846,0.1322492556358133
concrete3k::149_27.jpg,0.6525476965072039,0.22174622075432007,0.12570608273847617
concrete3k::149_28.jpg,0.6345861973880657,0.1630734120303464,0.20234039058158804
concrete3k::170_10.jpg,0.40216596839002033,0.09146737182630732,0.5063666597836723
concrete3k::170_19.jpg,0.47775928035087556,0.343486960825718,0.17875375882340647
concrete3k::170_20.jpg,0.5181803540014801,0.149919925270892,0.33189972072762797
concrete3k::170_25.jpg,0.6067597193935221,0.2203122862343628,0.17292799437211503
concrete3k::170_27.jpg,0.2562166165997342,0.5099862174204267,0.23379716597983913
concrete3k::170_29.jpg,0.2488652317071539,0.5814874886238098,0.1696472796690363
concrete3k::170_31.jpg,0.6520763604858647,0.13894637185562458,0.20897726765851063
concrete3k::170_38.jpg,0.49586266448698413,0.3342886468147552,0.16984868869826075
concrete3k::170_39.jpg,0.6225832710283665,0.1478480379520888,0.2295686910195446
concrete3k::170_9.jpg,0.34380432582647935,0.12466390535972949,0.5315317688137912
concrete3k::176_21.jpg,0.29994229698674,0.495852866971563,0.20420483604169706
concrete3k::176_24.jpg,0.7067507541772787,0.18419644226572854,0.10905280355699283
concrete3k::176_26.jpg,0.6260649010459404,0.27757607362477754,0.09635902532928213
concrete3k::176_28.jpg,0.5043013964662696,0.3512153136521608,0.14448328988156964
concrete3k::176_29.jpg,0.5893965585686907,0.1859794401019396,0.22462400132936977
concrete3k::176_35.jpg,0.5028955413664261,0.11240390087714526,0.3847005577564286
concrete3k::179_16.jpg,0.7145576600821817,0.15962643683167935,0.1258159030861389
concrete3k::179_24.jpg,0.6465498821125448,0.15633691140075098,0.19711320648670422
concrete3k::179_30.jpg,0.6041421165374933,0.2977488040203059,0.09810907944220079
concrete3k::179_31.jpg,0.5332860977235595,0.3628570119635272,0.10385689031291326
concrete3k::179_33.jpg,0.5182845819994704,0.20833122365786874,0.27338419434266104
concrete3k::179_36.jpg,0.24328307351765296,0.626584195797545,0.130132730684802
concrete3k::179_37.jpg,0.38549269623515836,0.4683436001970263,0.14616370356781544
concrete3k::190_14.jpg,0.514528672709922,0.2834828708150007,0.20198845647507738
concrete3k::190_20.jpg,0.2267028710868662,0.5290395013448178,0.24425762756831607
concrete3k::190_27.jpg,0.37574010350528864,0.4258489651926034,0.19841093130210796
concrete3k::190_28.jpg,0.3248166972277352,0.3973558076774286,0.2778274950948361
concrete3k::190_33.jpg,0.2000297609504582,0.6484588148040527,0.15151142424548916
concrete3k::190_7.jpg,0.4796364573823139,0.26861258404236626,0.25175095857531987
concrete3k::199_12.jpg,0.3619712996615932,0.21153703013817707,0.42649167020022966
concrete3k::199_14.jpg,0.20412600728120156,0.6425105686120515,0.1533634241067469
concrete3k::199_15.jpg,0.2226896084000029,0.6061670929922853,0.17114329860771174
concrete3k::199_19.jpg,0.17733007612405544,0.5883471165198736,0.23432280735607097
concrete3k::199_20.jpg,0.2529997859703977,0.5305857431911204,0.216414470838482
concrete3k::199_21.jpg,0.2279965749060172,0.5488221659933786,0.22318125910060413
concrete3k::199_26.jpg,0.10566143700274727,0.7600512626023228,0.13428730039493
concrete3k::199_27.jpg,0.21781339432590754,0.5950232996147783,0.18716330605931417
concrete3k::199_40.jpg,0.5906649445348947,0.256894577434712,0.1524404780303933
concrete3k::203_13.jpg,0.5137649213948356,0.37983453589087607,0.10640054271428825
concrete3k::203_17.jpg,0.7281970045281927,0.17406855858512152,0.09773443688668587
concrete3k::203_18.jpg,0.6080861635964564,0.19756799712049128,0.19434583928305224
concrete3k::203_21.jpg,0.707314287908974,0.16115460480039318,0.13153110729063278
concrete3k::203_24.jpg,0.6184586077600978,0.18636762740815788,0.1951737648317444
concrete3k::203_25.jpg,0.5221327392685081,0.2711421364547896,0.20672512427670234
concrete3k::203_29.jpg,0.6622515848015471,0.15498659971983927,0.1827618154786136
concrete3k::203_32.jpg,0.43826774140604685,0.13253772573765288,0.4291945328563001
concrete3k::203_37.jpg,0.5057889035168566,0.2960026394668715,0.19820845701627193
concrete3k::203_40.jpg,0.5612496361131899,0.19467167996183227,0.24407868392497784
concrete3k::203_45.jpg,0.5942875123348461,0.28354278322950344,0.12216970443565058
concrete3k::203_5.jpg,0.6606248850487569,0.24107213720360973,0.09830297774763332
concrete3k::203_6.jpg,0.5002447532869675,0.31621202870540915,0.18354321800762338
concrete3k::206_0.jpg,0.8052445711763323,0.0792369365451891,0.11551849227847859
concrete3k::206_1.jpg,0.5756205762798998,0.31823461771890243,0.10614480600119777
concrete3k::206_10.jpg,0.5526354273987837,0.3031715075415449,0.1441930650596714
concrete3k::206_11.jpg,0.5182285757181069,0.31937715319123716,0.16239427109065607
concrete3k::206_19.jpg,0.6695334639336314,0.11585312911066967,0.21461340695569892
concrete3k::206_2.jpg,0.17563061550673711,0.6165202164757155,0.20784916801754733
concrete3k::206_28.jpg,0.5695035022367617,0.27373604043482525,0.156760457328413
concrete3k::206_37.jpg,0.6344775523535795,0.17077670074304213,0.19474574690337837
concrete3k::206_38.jpg,0.5688224542801715,0.2968186363894105,0.13435890933041808
concrete3k::206_39.jpg,0.7203079729335522,0.14902363524898996,0.13066839181745774
concrete3k::206_9.jpg,0.4026677406806537,0.4926554171238097,0.10467684219553668
concrete3k::210_13.jpg,0.7233257847922314,0.17031705743069667,0.10635715777707182
concrete3k::210_14.jpg,0.23740243529618918,0.2621499134244972,0.5004476512793137
concrete3k::210_15.jpg,0.42310125067674526,0.26789559184067535,0.30900315748257934
concrete3k::210_22.jpg,0.4758230905715036,0.22331783543071423,0.3008590739977822
concrete3k::210_28.jpg,0.4594913633564932,0.3507395911583803,0.18976904548512646
concrete3k::210_29.jpg,0.41503740519953597,0.363508825804448,0.22145376899601613
concrete3k::210_36.jpg,0.4901452324732651,0.32453495512796565,0.1853198123987693
concrete3k::215_20.jpg,0.41739412095327344,0.28324901004138503,0.2993568690053415
concrete3k::215_22.jpg,0.26125696971429374,0.13439389404431043,0.6043491362413957
concrete3k::215_32.jpg,0.5053850551010556,0.09377922547449713,0.40083571942444735
concrete3k::215_35.jpg,0.37270580440300194,0.3342363858622501,0.29305780973474793
concrete3k::215_6.jpg,0.2676813931592934,0.30907524680064447,0.4232433600400622
concrete3k::215_7.jpg,0.5259842827648629,0.2919755165557449,0.18204020067939233
concrete3k::218_29.jpg,0.7193966636917758,0.09253189978080197,0.18807143652742228
concrete3k::221_17.jpg,0.6867196747959087,0.19050371448533773,0.12277661071875351
concrete3k::221_18.jpg,0.603835330007875,0.19153066320842105,0.20463400678370391
concrete3k::221_25.jpg,0.5916969334774843,0.2301007861502021,0.17820228037231367
concrete3k::221_26.jpg,0.583143620112459,0.26955140905388564,0.14730497083365532
concrete3k::221_29.jpg,0.295626637318567,0.5371207015579523,0.16725266112348058
concrete3k::221_30.jpg,0.4723323142875406,0.2911741017020849,0.23649358401037454
concrete3k::221_31.jpg,0.46240027553229185,0.3124837135969723,0.2251160108707358
concrete3k::221_39.jpg,0.30519453652985246,0.4569605841870544,0.23784487928309314
concrete3k::224_16.jpg,0.6622304879367004,0.17787351239478996,0.15989599966850973
concrete3k::224_17.jpg,0.6781241367498644,0.21188434586032892,0.1099915173898068
concrete3k::224_18.jpg,0.7972765894248014,0.08386058085142838,0.11886282972377019
concrete3k::224_19.jpg,0.5702204440243585,0.12383925889281439,0.3059402970828273
concrete3k::224_29.jpg,0.33567838574072006,0.4736333935488967,0.19068822071038327
concrete3k::224_30.jpg,0.5382751777314159,0.3207604001107804,0.14096442215780378
concrete3k::224_31.jpg,0.4811624575677263,0.36103590789166046,0.15780163454061333
concrete3k::224_37.jpg,0.43995327323951156,0.10490078456902835,0.45514594219146015
concrete3k::224_38.jpg,0.44655560147943113,0.3292918507731573,0.22415254774741164
concrete3k::230_10.jpg,0.3953526534816071,0.3145323470656465,0.2901149994527463
concrete3k::230_11.jpg,0.320983359829303,0.33219084978534885,0.34682579038534816
concrete3k::230_19.jpg,0.33330517804332366,0.37495882969080213,0.2917359922658741
concrete3k::230_2.jpg,0.48955493791964505,0.12628008692825998,0.38416497515209497
concrete3k::230_25.jpg,0.21948993514842785,0.53044045817817,0.2500696066734021
concrete3k::230_26.jpg,0.16791929646220216,0.6648550155065193,0.16722568803127855
concrete3k::230_27.jpg,0.24412308756959267,0.5758650758648042,0.18001183656560318
concrete3k::230_28.jpg,0.2503043165525414,0.646046763830206,0.10364891961725269
concrete3k::230_3.jpg,0.11055578497996907,0.7528030679759774,0.13664114704405353
concrete3k::230_30.jpg,0.07762313893401264,0.797887999133603,0.12448886193238445
concrete3k::230_31.jpg,0.10938333045118381,0.7886371864255306,0.10197948312328577
concrete3k::230_33.jpg,0.4921229266161583,0.25084289464796655,0.25703417873587514
concrete3k::230_34.jpg,0.3599707384281375,0.26561980310900535,0.37440945846285717
concrete3k::230_42.jpg,0.3143689842431092,0.4962799448285939,0.1893510709282968
concrete3k::233_21.jpg,0.3340833002348238,0.5642366346831562,0.10168006508202006
concrete3k::233_22.jpg,0.543379560895183,0.35454564709173086,0.10207479201308604
concrete3k::233_23.jpg,0.47347995724183145,0.1487122530243199,0.37780778973384854
concrete3k::233_27.jpg,0.3744221275330332,0.4826661834499859,0.14291168901698068
concrete3k::233_28.jpg,0.4821294042983017,0.27581177943713864,0.24205881626455947
concrete3k::233_30.jpg,0.7186353754162419,0.127352590590397,0.15401203399336114
concrete3k::233_44.jpg,0.4784330629181756,0.1843868356931356,0.33718010138868876
concrete3k::233_9.jpg,0.5072822780977293,0.3465329725117524,0.14618474939051823
concrete3k::236_17.jpg,0.49089361816670285,0.13078955761978547,0.3783168242135118
concrete3k::236_19.jpg,0.37310177148131246,0.3291618973913362,0.29773633112735126
concrete3k::236_25.jpg,0.5623865833577425,0.1294069158177555,0.3082065008245021
concrete3k::236_28.jpg,0.469512204873271,0.24446584218274484,0.28602195294398425
concrete3k::236_37.jpg,0.5601499074228379,0.07131407910366083,0.36853601347350134
concrete3k::236_39.jpg,0.6583561889577231,0.11521491355959233,0.22642889748268447
concrete3k::236_45.jpg,0.15586168442101114,0.6792826192999616,0.16485569627902721
concrete3k::236_47.jpg,0.4836059313925003,0.20331106377202243,0.31308300483547735
concrete3k::236_9.jpg,0.5242551481407814,0.09243066553622067,0.38331418632299785
concrete3k::253_10.jpg,0.21692556915347813,0.5836522094480684,0.19942222139845353
concrete3k::253_11.jpg,0.47636548358440556,0.2169320845853131,0.3067024318302815
concrete3k::253_12.jpg,0.17961799622674965,0.5975475079036486,0.22283449586960183
concrete3k::253_17.jpg,0.5612121320387121,0.305068434248784,0.13371943371250372
concrete3k::253_20.jpg,0.22818156614243407,0.35969599571398475,0.41212243814358124
concrete3k::253_22.jpg,0.23742496823014447,0.5153454588134342,0.24722957295642128
concrete3k::253_23.jpg,0.5867901792920708,0.16259841864254176,0.2506114020653875
concrete3k::253_24.jpg,0.43374804221295943,0.32509802739095917,0.24115393039608143
concrete3k::253_3.jpg,0.3175313357634629,0.3467981334552826,0.3356705307812544
concrete3k::253_31.jpg,0.3478451152664253,0.5285393947255854,0.12361549000798917
concrete3k::259_0.jpg,0.6615413292746212,0.22207358032458555,0.11638509040079328
concrete3k::259_10.jpg,0.7586926418273582,0.14507596831649222,0.09623138985614965
concrete3k::259_11.jpg,0.49314933740825223,0.09463682210626688,0.4122138404854809
concrete3k::259_18.jpg,0.5592687448724216,0.2627777378935048,0.17795351723407354
concrete3k::259_29.jpg,0.6577158752215192,0.21590013209299497,0.12638399268548584
concrete3k::264_16.jpg,0.6175815718842229,0.26005518530175864,0.12236324281401853
concrete3k::264_25.jpg,0.45903317274131067,0.39502209191791343,0.14594473534077584
concrete3k::264_26.jpg,0.5206421296128669,0.3044371313365695,0.17492073905056352
concrete3k::264_38.jpg,0.6567417565479613,0.1819220348797005,0.16133620857233824
concrete3k::264_39.jpg,0.671604650188141,0.20698248974906677,0.12141286006279234
concrete3k::264_45.jpg,0.6555477168877057,0.12982046990756685,0.21463181320472746
concrete3k::265_18.jpg,0.4242846912352884,0.4261839434011937,0.14953136536351785
concrete3k::265_26.jpg,0.5325258486433531,0.299471972188571,0.16800217916807592
concrete3k::265_28.jpg,0.4773478151438473,0.24741159476207888,0.27524059009407376
concrete3k::265_36.jpg,0.4865811569394393,0.25926946803877315,0.2541493750217875
concrete3k::265_39.jpg,0.6143028155833061,0.139748967133887,0.24594821728280697
concrete3k::265_46.jpg,0.41932129755081904,0.35715122348593636,0.22352747896324454
concrete3k::265_9.jpg,0.6441167426143167,0.26788625756449147,0.08799699982119179
concrete3k::281_17.jpg,0.6503406377910114,0.1754739462267707,0.17418541598221796
concrete3k::281_27.jpg,0.6312170058693811,0.19637094308711667,0.17241205104350218
concrete3k::281_28.jpg,0.30849929746362614,0.3235446522536949,0.36795605028267897
concrete3k::281_31.jpg,0.5148281112313549,0.3181779582947759,0.16699393047386912
concrete3k::281_35.jpg,0.6405150365894158,0.17038841484270664,0.1890965485678775
concrete3k::281_36.jpg,0.37189492049373635,0.3730459101064,0.25505916939986367
concrete3k::281_37.jpg,0.620174601657612,0.16400563772451665,0.2158197606178713
concrete3k::281_44.jpg,0.18944014803773443,0.04015312204421253,0.770406729918053
concrete3k::281_45.jpg,0.6646417790405449,0.08088453872269648,0.25447368223675865
concrete3k::282_16.jpg,0.33056278637737674,0.18957160715543828,0.4798656064671849
concrete3k::282_18.jpg,0.47445408252357757,0.19134976349841043,0.33419615397801206
concrete3k::282_25.jpg,0.4198426901177671,0.20205418918206272,0.3781031207001702
concrete3k::282_27.jpg,0.43373545564060473,0.35885633083695834,0.20740821352243693
concrete3k::282_28.jpg,0.5312454890317685,0.21011846534702538,0.25863604562120607
concrete3k::282_31.jpg,0.6347275532744221,0.2814993522562971,0.08377309446928075
concrete3k::283_16.jpg,0.5693505171578671,0.07336811178061334,0.3572813710615194
concrete3k::283_19.jpg,0.5353148711012264,0.2598677863264329,0.2048173425723406
concrete3k::283_20.jpg,0.5867201182431714,0.12727675034560182,0.28600313141122685
concrete3k::283_21.jpg,0.5466833697567433,0.28311244866308805,0.1702041815801686
concrete3k::283_26.jpg,0.6207377868261948,0.18298938648735194,0.19627282668645324
concrete3k::283_27.jpg,0.4308532240800851,0.1315854672250596,0.43756130869485516
concrete3k::286_17.jpg,0.42797800275424697,0.36537375807542977,0.20664823917032335
concrete3k::286_27.jpg,0.16714406566576812,0.783760553764515,0.049095380569716913
concrete3k::286_29.jpg,0.5022772983951788,0.38730503611985934,0.11041766548496183
concrete3k::286_39.jpg,0.6652079400206131,0.19696729644487804,0.1378247635345088
concrete3k::295_13.jpg,0.5784183689349007,0.12809674167591653,0.29348488938918266
concrete3k::295_16.jpg,0.6011287848686728,0.0786091862102531,0.320262028921074
concrete3k::295_18.jpg,0.508576792050687,0.16039932258148748,0.3310238853678256
concrete3k::301_0.jpg,0.571927935735597,0.0322213247474183,0.39585073951698474
concrete3k::301_10.jpg,0.8040458755710279,0.051561398645051604,0.1443927257839205
concrete3k::301_11.jpg,0.6751149385626469,0.08878315621350213,0.23610190522385086
concrete3k::301_15.jpg,0.722356485362097,0.07460532961511317,0.20303818502278986
concrete3k::301_19.jpg,0.6527053410111133,0.1143607855955265,0.23293387339336025
concrete3k::301_20.jpg,0.8570644989688407,0.050677698587105864,0.09225780244405339
concrete3k::323_15.jpg,0.6845960180633652,0.1652963562597185,0.15010762567691624
concrete3k::323_19.jpg,0.6229034432534906,0.18312982174908665,0.19396673499742279
concrete3k::323_23.jpg,0.4309437344993005,0.2857733874672334,0.283282878033466
concrete3k::359_10.jpg,0.4640771069732562,0.3820406094379087,0.1538822835888351
concrete3k::359_11.jpg,0.3498896441002513,0.5547636617520869,0.09534669414766171
concrete3k::359_16.jpg,0.4117970388462515,0.46707918701418955,0.12112377413955881
concrete3k::359_21.jpg,0.48790736014113717,0.32044352114147673,0.19164911871738613
concrete3k::359_32.jpg,0.4564166871811261,0.35663907177572524,0.18694424104314858
concrete3k::359_42.jpg,0.7083293833559238,0.18721241667546315,0.1044581999686131
concrete3k::359_43.jpg,0.7431470237417805,0.15786467664059584,0.0989882996176236
concrete3k::360_12.jpg,0.2186176109158865,0.5595633396049916,0.22181904947912193
concrete3k::360_13.jpg,0.242157066930493,0.29900381498116396,0.45883911808834305
concrete3k::360_14.jpg,0.5253231091931715,0.22139063372174428,0.2532862570850843
concrete3k::360_20.jpg,0.35983436282469355,0.3054751735937526,0.3346904635815539
concrete3k::360_22.jpg,0.5248316648429515,0.34856333966348385,0.12660499549356477
concrete3k::360_27.jpg,0.4062413066302902,0.2507664709410565,0.34299222242865335
concrete3k::360_32.jpg,0.46486169840121055,0.4169060578108982,0.11823224378789132
concrete3k::360_5.jpg,0.6434329204794491,0.24209752692323752,0.11446955259731348
concrete3k::360_6.jpg,0.5013752944223758,0.28960281661190707,0.20902188896571702
concrete3k::373_14.jpg,0.48493173514121524,0.20855296530164943,0.3065152995571354
concrete3k::373_21.jpg,0.45098633174527986,0.33359553545200515,0.2154181328027151
concrete3k::373_26.jpg,0.4087496239564946,0.3611593827280252,0.23009099331548022
concrete3k::373_37.jpg,0.4753894549247161,0.39651946665681714,0.12809107841846679
concrete3k::373_9.jpg,0.5174750458971611,0.31694691593186647,0.16557803817097239
concrete3k::375_21.jpg,0.2730476963668338,0.4209716199530423,0.305980683680124
concrete3k::375_26.jpg,0.2182756091562345,0.5774237335892978,0.2043006572544678
concrete3k::375_3.jpg,0.47417794208722047,0.3891728595377793,0.1366491983750003
concrete3k::375_31.jpg,0.4581676614869698,0.3268910909635583,0.21494124754947191
concrete3k::375_38.jpg,0.20019110755737776,0.5629459883441928,0.23686290409842936
concrete3k::375_44.jpg,0.7500981150397485,0.08198376585710133,0.16791811910315027
concrete3k::375_9.jpg,0.3862450900098343,0.5206172733961604,0.09313763659400517
concrete3k::379_22.jpg,0.6367393194900023,0.26580064032925893,0.09746004018073878
concrete3k::379_23.jpg,0.6825023415817415,0.2000552802809742,0.11744237813728423
concrete3k::379_25.jpg,0.24950777868175592,0.5134707475632032,0.23702147375504087
concrete3k::379_26.jpg,0.6182403916447413,0.18288383600353242,0.19887577235172627
concrete3k::379_27.jpg,0.34764829489963583,0.4882216979874567,0.16413000711290743
concrete3k::379_28.jpg,0.312898070933841,0.31710902865266394,0.3699929004134951
concrete3k::379_29.jpg,0.5267349606157162,0.3965658843871974,0.07669915499708634
concrete3k::381_25.jpg,0.5162098313715011,0.32651578829456285,0.15727438033393604
concrete3k::381_26.jpg,0.4356560395213635,0.4152399478280669,0.14910401265056972
concrete3k::381_34.jpg,0.4123461746907128,0.47971612626172583,0.10793769904756134
concrete3k::382_0.jpg,0.4681674413062829,0.3471310564870522,0.18470150220666476
concrete3k::382_11.jpg,0.45814402652240294,0.405083728997345,0.13677224448025205
concrete3k::382_17.jpg,0.512029439910914,0.2410508661627558,0.24691969392633023
concrete3k::382_26.jpg,0.38183727076396046,0.4621350358556636,0.15602769338037586
concrete3k::382_39.jpg,0.34756434526383395,0.35754674934033503,0.29488890539583096
concrete3k::382_40.jpg,0.5955947874847198,0.18468875255541622,0.21971645995986397
concrete3k::382_6.jpg,0.5375834021240526,0.3512382815429443,0.11117831633300307
concrete3k::384_14.jpg,0.7163781017168884,0.19400950748336585,0.08961239079974555
concrete3k::384_2.jpg,0.7067826908699519,0.1844387662531521,0.10877854287689599
concrete3k::384_32.jpg,0.687606594700704,0.13289722500458326,0.17949618029471298
concrete3k::384_33.jpg,0.5400963557284105,0.30998682833298274,0.14991681593860665
concrete3k::384_39.jpg,0.6752077281458932,0.25187723251946464,0.07291503933464213
concrete3k::384_45.jpg,0.6898933377488666,0.1569173734877418,0.15318928876339166
concrete3k::384_46.jpg,0.5581407616526946,0.3236548588117156,0.1182043795355898
concrete3k::384_8.jpg,0.7040808371981343,0.17020936946584717,0.1257097933360184
concrete3k::405_15.jpg,0.5669456786215066,0.11650294476491292,0.3165513766135805
concrete3k::405_21.jpg,0.43100321895554106,0.28140814071707004,0.28758864032738896
concrete3k::405_32.jpg,0.1765145715586573,0.6066094030168496,0.216876025424493
concrete3k::405_37.jpg,0.38238388982968796,0.3614219519656933,0.2561941582046187
concrete3k::405_38.jpg,0.4142358278502436,0.2712736297587306,0.3144905423910258
concrete3k::412_21.jpg,0.2474910583888307,0.4770227787044392,0.27548616290673006
concrete3k::412_39.jpg,0.27540968176321995,0.5633511176789961,0.16123920055778393
concrete3k::412_45.jpg,0.5805705828234019,0.2796162808075836,0.13981313636901443
concrete3k::412_8.jpg,0.4667154474665157,0.39809002238305324,0.13519453015043092
concrete3k::416_14.jpg,0.4067310119318584,0.4649935034455118,0.1282754846226299
concrete3k::416_2.jpg,0.5466124506478007,0.28269837689827476,0.17068917245392437
concrete3k::416_21.jpg,0.29318181627128764,0.41908698978060405,0.2877311939481083
concrete3k::416_27.jpg,0.5194955246487243,0.23975383102596853,0.24075064432530727
concrete3k::416_32.jpg,0.560397491429351,0.223806371902283,0.2157961366683659
concrete3k::416_44.jpg,0.6755985117051481,0.14379639788185025,0.1806050904130016
concrete3k::421_10.jpg,0.2846861999944861,0.43893397707512816,0.2763798229303857
concrete3k::421_15.jpg,0.34318305153878637,0.30115770940832054,0.35565923905289315
concrete3k::421_21.jpg,0.24192711369458927,0.5045970288114745,0.2534758574939363
concrete3k::421_26.jpg,0.19557715210791424,0.5239631062220794,0.28045974167000637
concrete3k::421_27.jpg,0.184677026099424,0.5143178058341099,0.30100516806646604
concrete3k::421_37.jpg,0.3771658198017026,0.31591354044592024,0.30692063975237716
concrete3k::427_1.jpg,0.5839401369879481,0.3486450788571092,0.06741478415494255
concrete3k::427_19.jpg,0.3185066176371679,0.3269604721064392,0.3545329102563929
concrete3k::427_40.jpg,0.3915451574809539,0.43525336045837193,0.17320148206067404
concrete3k::427_47.jpg,0.3083023125519288,0.5779558741786286,0.1137418132694425
concrete3k::427_7.jpg,0.2965137393090323,0.571307140303312,0.13217912038765584
concrete3k::431_26.jpg,0.4117415754450637,0.3130647667384462,0.27519365781649
concrete3k::431_27.jpg,0.19891244686693127,0.5769505898223702,0.22413696331069843
concrete3k::431_38.jpg,0.347403944338458,0.4997766605490768,0.15281939511246523
concrete3k::431_8.jpg,0.40070602284487916,0.2860567894359486,0.31323718771917225
concrete3k::436_14.jpg,0.14096862704364296,0.6510138017731926,0.2080175711831644
concrete3k::436_20.jpg,0.2778915098759369,0.44764044762485117,0.27446804249921186
concrete3k::436_26.jpg,0.35568095896303886,0.42109795958724966,0.2232210814497114
concrete3k::436_27.jpg,0.26439468855834225,0.5336529737489039,0.20195233769275386
concrete3k::436_39.jpg,0.3642634179300255,0.3854835986071269,0.25025298346284763
concrete3k::436_45.jpg,0.4292263094278077,0.46790807794010864,0.10286561263208369
concrete3k::436_8.jpg,0.41524480865588675,0.4143946630674546,0.1703605282766585
concrete3k::442_14.jpg,0.5470738017853676,0.14100392101208017,0.31192227720255233
concrete3k::442_2.jpg,0.7905787250944544,0.12243325440388639,0.08698802050165921
concrete3k::442_21.jpg,0.27990787235993014,0.5276862252270246,0.19240590241304534
concrete3k::442_3.jpg,0.5874887778695892,0.06366653132754363,0.3488446908028671
concrete3k::442_32.jpg,0.642303526030523,0.20980217244951127,0.1478943015199658
concrete3k::442_38.jpg,0.674213852911516,0.10297881769134365,0.2228073293971403
concrete3k::442_39.jpg,0.705234531292833,0.13854292898456824,0.15622253972259884
concrete3k::442_9.jpg,0.753437283903379,0.0936717656842205,0.1528909504124005
concrete3k::444_11.jpg,0.6343805089833056,0.23617161863933342,0.129447872377361
concrete3k::444_16.jpg,0.5702152689227721,0.2935156104220465,0.13626912065518137
concrete3k::444_22.jpg,0.6031580172275927,0.21865675233025297,0.17818523044215434
concrete3k::444_26.jpg,0.4760050111212569,0.3280399796866857,0.1959550091920575
concrete3k::444_5.jpg,0.7847676261381279,0.1448156942159595,0.07041667964591256
concrete3k::452_2.jpg,0.6018404050515503,0.22985316402557432,0.16830643092287534
concrete3k::452_21.jpg,0.33453915852314603,0.5213274396827798,0.1441334017940742
concrete3k::452_25.jpg,0.2519003008982427,0.6277511883416563,0.12034851076010085
concrete3k::452_27.jpg,0.3611545797582142,0.4695091807899859,0.1693362394517999
concrete3k::452_3.jpg,0.5063408269878816,0.32906776828771683,0.16459140472440154
concrete3k::452_39.jpg,0.4231756612668759,0.4456205823963902,0.13120375633673398
concrete3k::452_45.jpg,0.40117292132361493,0.4850955556155031,0.11373152306088204
concrete3k::452_9.jpg,0.30898343446905857,0.5941677508003232,0.09684881473061811
concrete3k::459_14.jpg,0.5056895534994356,0.25677709913236263,0.23753334736820186
concrete3k::459_15.jpg,0.7645798692483564,0.12044650112758937,0.11497362962405418
concrete3k::459_26.jpg,0.628404953316816,0.2684081201845686,0.10318692649861527
concrete3k::459_31.jpg,0.3617183534236403,0.32759156192090877,0.310690084655451
concrete3k::459_32.jpg,0.5041339370410479,0.37198654938709275,0.1238795135718593
concrete3k::459_38.jpg,0.6439616361338996,0.18940130427468935,0.16663705959141106
concrete3k::459_44.jpg,0.4111678274555808,0.3943891660252372,0.19444300651918203
concrete3k::465_2.jpg,0.12681852525841436,0.2611534405854009,0.6120280341561848
concrete3k::465_20.jpg,0.22784492540377332,0.5486836638424878,0.22347141075373886
concrete3k::465_26.jpg,0.17467336895705302,0.37522813624574625,0.45009849479720065
concrete3k::465_33.jpg,0.17405183555456705,0.4602921344533076,0.3656560299921254
concrete3k::465_38.jpg,0.25816407064226843,0.45476578276677804,0.28707014659095365
concrete3k::477_14.jpg,0.44947818669657047,0.2903198356014382,0.2602019777019914
concrete3k::477_26.jpg,0.30286193108789444,0.449229527760523,0.24790854115158267
concrete3k::477_38.jpg,0.22849508448413722,0.47997760805485895,0.29152730746100386
concrete3k::477_44.jpg,0.30594354878704866,0.4003335376521164,0.293722913560835
concrete3k::482_20.jpg,0.458687840250584,0.2994553220581003,0.24185683769131555
concrete3k::482_26.jpg,0.4207911049992439,0.37147089249918064,0.20773800250157537
concrete3k::482_31.jpg,0.3979047138791399,0.3081329745306495,0.2939623115902105
concrete3k::482_32.jpg,0.40727510917046333,0.30393345030726954,0.28879144052226724
concrete3k::482_37.jpg,0.3557097407995423,0.3774397016449791,0.26685055755547854
concrete3k::482_4.jpg,0.5899030689358078,0.26481988328948897,0.14527704777470318
concrete3k::482_42.jpg,0.5474507310135267,0.19259003605665265,0.25995923292982065
concrete3k::482_43.jpg,0.5758979572468014,0.10188971550566264,0.32221232724753596
concrete3k::482_5.jpg,0.625375172407092,0.1861817547210217,0.18844307287188633
concrete3k::499_16.jpg,0.7683620063897092,0.13794538140352158,0.09369261220676935
concrete3k::499_19.jpg,0.6544190302339088,0.2473449435970249,0.09823602616906632
concrete3k::499_28.jpg,0.5475262323163045,0.3095022790002977,0.14297148868339782
concrete3k::499_38.jpg,0.5278660728875242,0.3588015185474865,0.11333240856498934
concrete3k::499_47.jpg,0.2540364740015442,0.576508865338317,0.1694546606601387
concrete3k::510_1.jpg,0.29394036487739733,0.4983463562760105,0.2077132788465922
concrete3k::510_11.jpg,0.4315913402533228,0.3248457813442953,0.24356287840238183
concrete3k::510_12.jpg,0.6576945649093713,0.20377303788239273,0.13853239720823612
concrete3k::510_13.jpg,0.5302866662010612,0.25347783345229036,0.2162355003466485
concrete3k::510_21.jpg,0.5101135086520369,0.3227944264849971,0.1670920648629661
concrete3k::510_31.jpg,0.5155249166608111,0.27397922115547213,0.21049586218371677
concrete3k::510_9.jpg,0.5701987751312375,0.2453619600369945,0.184439264831768
concrete3k::511_1.jpg,0.5435331495030334,0.14117424438679646,0.31529260611017007
concrete3k::511_17.jpg,0.5081951366968214,0.299254024593371,0.1925508387098076
concrete3k::511_19.jpg,0.25427169013720813,0.5445018116107673,0.20122649825202465
concrete3k::511_27.jpg,0.45345035827887553,0.2866955069428017,0.2598541347783228
concrete3k::511_37.jpg,0.3311433486446881,0.4490242233188522,0.21983242803645955
concrete3k::511_38.jpg,0.24656134342507838,0.5948546179120496,0.15858403866287205
concrete3k::511_39.jpg,0.5424793837406531,0.3350246633345328,0.12249595292481415
concrete3k::511_8.jpg,0.5436337707393446,0.21880192242404017,0.23756430683661514
concrete3k::523_18.jpg,0.5882892152172325,0.14264709796015568,0.26906368682261184
concrete3k::523_20.jpg,0.6132597836543355,0.181841772216908,0.20489844412875635
concrete3k::523_21.jpg,0.4707365664610972,0.382421090845094,0.1468423426938086
concrete3k::523_22.jpg,0.5364036467587774,0.31779699630956,0.14579935693166268
concrete3k::523_25.jpg,0.685882169706197,0.1856912074563676,0.1284266228374355
concrete3k::523_26.jpg,0.6429677911280233,0.21113966401196255,0.14589254486001432
concrete3k::523_27.jpg,0.4427610166911017,0.21230508367374487,0.34493389963515353
concrete3k::523_28.jpg,0.5591310257610445,0.13542098270160893,0.30544799153734664
concrete3k::525_26.jpg,0.356087726167176,0.4527379843987884,0.19117428943403572
concrete3k::525_32.jpg,0.43279098502741153,0.39956634571485344,0.167642669257735
concrete3k::525_37.jpg,0.5509448636329785,0.2440981680434919,0.2049569683235296
concrete3k::533_10.jpg,0.23296774254810662,0.5966958140150582,0.1703364434368352
concrete3k::533_15.jpg,0.4045515341693342,0.28069443111675996,0.3147540347139059
concrete3k::533_18.jpg,0.42656296296063545,0.29849335374383457,0.27494368329552993
concrete3k::533_25.jpg,0.39223879850866744,0.31383469696234917,0.29392650452898333
concrete3k::533_26.jpg,0.43434185324481556,0.4084657119605164,0.15719243479466802
concrete3k::533_43.jpg,0.394071378586838,0.3940198507152236,0.2119087706979383
concrete3k::533_9.jpg,0.48749764148959696,0.1646838173623805,0.3478185411480225
concrete3k::542_11.jpg,0.3245212284642351,0.42720677055542416,0.24827200098034072
concrete3k::542_16.jpg,0.5554343151265883,0.17429647584224595,0.2702692090311658
concrete3k::542_20.jpg,0.4989539012660128,0.34193128949946505,0.15911480923452206
concrete3k::542_27.jpg,0.35019428438247113,0.3714511442331361,0.2783545713843928
concrete3k::542_30.jpg,0.49720206343348106,0.2880376108330663,0.21476032573345266
concrete3k::542_31.jpg,0.31908925903261154,0.5513105396505791,0.1296002013168094
concrete3k::542_36.jpg,0.48273096170034796,0.4131007635317995,0.1041682747678526
concrete3k::546_17.jpg,0.4470070421909618,0.4224434244453998,0.1305495333636385
concrete3k::546_19.jpg,0.4542812608283143,0.3366410540735031,0.2090776850981826
concrete3k::546_20.jpg,0.49308559886191494,0.3654116897045761,0.14150271143350887
concrete3k::546_21.jpg,0.44797941795914337,0.45863324190046745,0.09338734014038912
concrete3k::546_23.jpg,0.5291206724445003,0.3502980704063611,0.12058125714913866
concrete3k::546_25.jpg,0.3910152855991691,0.34008709999286446,0.2688976144079663
concrete3k::546_30.jpg,0.5362169145925725,0.32917574619287837,0.1346073392145493
concrete3k::548_10.jpg,0.5666635174058714,0.30358026914236863,0.12975621345175997
concrete3k::548_11.jpg,0.5538039997545843,0.1701397738984283,0.2760562263469875
concrete3k::548_16.jpg,0.43762355668422837,0.38241011897714283,0.1799663243386288
concrete3k::548_20.jpg,0.3976111818839765,0.41246199389965876,0.18992682421636484
concrete3k::548_21.jpg,0.09462506634399977,0.7664405451422245,0.13893438851377565
concrete3k::548_22.jpg,0.355551692150222,0.3808239435375573,0.2636243643122207
concrete3k::548_26.jpg,0.2713077240545021,0.5857404051345294,0.14295187081096847
concrete3k::548_37.jpg,0.3721296166834031,0.38050799393372714,0.2473623893828698
concrete3k::548_42.jpg,0.4646860792022151,0.11791017006324778,0.41740375073453706
concrete3k::561_13.jpg,0.4092166836178743,0.4038017263530666,0.18698159002905906
concrete3k::561_36.jpg,0.4275481998543069,0.17123043053777673,0.4012213696079164
concrete3k::561_37.jpg,0.3771924376077513,0.40548562403592636,0.21732193835632233
concrete3k::561_42.jpg,0.6825669440126532,0.09136160523898325,0.22607145074836377
concrete3k::561_43.jpg,0.4335513396272704,0.40285489948422926,0.16359376088850022
concrete3k::561_8.jpg,0.6122412344199936,0.23166000971179648,0.1560987558682099
concrete3k::561_9.jpg,0.39425938948156664,0.2561653395708383,0.3495752709475951
concrete3k::563_15.jpg,0.45471001930059457,0.2558411704938541,0.28944881020555135
concrete3k::563_19.jpg,0.3929527164857716,0.30045241807820416,0.3065948654360242
concrete3k::563_20.jpg,0.34477610274277437,0.5141559016016312,0.14106799565559452
concrete3k::563_31.jpg,0.32649602525495053,0.5209593760576017,0.15254459868744777
concrete3k::563_37.jpg,0.259805160724805,0.5058695400447776,0.23432529923041742
concrete3k::563_9.jpg,0.2931425419853811,0.6274473761527075,0.07941008186191133
concrete3k::566_15.jpg,0.2424579988034178,0.5317601793027962,0.22578182189378598
concrete3k::566_2.jpg,0.47819092214211334,0.3258637243735863,0.1959453534843003
concrete3k::566_20.jpg,0.2274687244188923,0.6643196366274334,0.10821163895367424
concrete3k::566_38.jpg,0.3730574250329707,0.45168444887633,0.17525812609069918
concrete3k::566_8.jpg,0.485479901617593,0.38525725120509663,0.1292628471773104
concrete3k::577_14.jpg,0.3632645773242929,0.31756956946931764,0.31916585320638946
concrete3k::577_16.jpg,0.6476815809055783,0.17788044712300927,0.17443797197141245
concrete3k::577_18.jpg,0.7078002468387126,0.1403079632523179,0.15189178990896954
concrete3k::577_19.jpg,0.7276498562124921,0.1762810925661334,0.09606905122137449
concrete3k::577_20.jpg,0.5209095081707611,0.2750491902147487,0.2040413016144903
concrete3k::577_21.jpg,0.4971133892144676,0.37032496801662135,0.13256164276891094
concrete3k::583_19.jpg,0.3309650792132968,0.2499037146330761,0.41913120615362714
concrete3k::583_24.jpg,0.3154010166684717,0.27916704571613943,0.4054319376153888
concrete3k::583_27.jpg,0.3231962525536872,0.49841176998732956,0.1783919774589832
concrete3k::584_40.jpg,0.4949555258026008,0.2334397593760478,0.2716047148213513
concrete3k::589_1.jpg,0.21283381556726816,0.5439868997960883,0.24317928463664354
concrete3k::589_13.jpg,0.47432372440708226,0.2894838702027794,0.23619240539013833
concrete3k::589_32.jpg,0.20449104718022879,0.3802164084037455,0.41529254441602564
concrete3k::589_40.jpg,0.2723912949853486,0.5463245481497556,0.18128415686489577
concrete3k::603_13.jpg,0.1830406629136202,0.6553086766196629,0.16165066046671694
concrete3k::603_2.jpg,0.4471202165667915,0.2922079974835039,0.2606717859497047
concrete3k::603_39.jpg,0.40672823963404925,0.41421685491938764,0.1790549054465631
concrete3k::603_44.jpg,0.4061696490775115,0.32943598033209365,0.26439437059039483
concrete3k::603_45.jpg,0.21390701707155127,0.6669368607515839,0.1191561221768647
concrete3k::606_15.jpg,0.3767730776808424,0.452603256263539,0.17062366605561852
concrete3k::606_21.jpg,0.3700870243980434,0.3422641147907777,0.287648860811179
concrete3k::606_3.jpg,0.6059046282613157,0.18660175490836725,0.20749361683031708
concrete3k::606_31.jpg,0.251050231816505,0.5554008462332831,0.19354892195021184
concrete3k::606_37.jpg,0.19084980795543985,0.6467043684398469,0.1624458236047132
concrete3k::606_43.jpg,0.6283224177184252,0.14189442149775505,0.2297831607838197
concrete3k::606_9.jpg,0.511976850374805,0.34666713032856467,0.14135601929663036
