{
  "blas_threads_per_worker": 1,
  "cost_entries": {
    "max": 5439271838.0,
    "min": 0.0,
    "p50": 26293680.0,
    "p90": 218087113.80000043,
    "p95": 370008939.29999954,
    "p99": 1025222985.5999923
  },
  "empty_prediction": 1075,
  "empty_target": 688,
  "estimated_gib": {
    "max": 243.15439930558205,
    "min": 0.0,
    "p50": 1.1754190921783447,
    "p90": 9.749253711104412,
    "p95": 16.54068854302166,
    "p99": 45.83103890418972
  },
  "matrix_bytes_per_entry_estimate": 48,
  "prediction_points": {
    "max": 67463.0,
    "min": 0.0,
    "p50": 5196.0,
    "p90": 13878.600000000002,
    "p95": 18193.799999999974,
    "p99": 30597.639999999978
  },
  "target_points": {
    "max": 141658.0,
    "min": 0.0,
    "p50": 5472.0,
    "p90": 16328.800000000005,
    "p95": 21264.0,
    "p99": 36854.0
  },
  "tasks": 8895
}
